condition,family,schedule,feedback,half_life,seed,target_frames,checkpoint_frames,checkpoint,run_dir,label_suffix,unit,spatial_information_bits,active_fraction,connected_components_half_peak,field_eligible,mono_field,mono_score,field_components_30pct,field_components_50pct,field_components_70pct,dominant_component_mass_30pct,dominant_component_mass_50pct,dominant_component_mass_70pct,field_spread,reliable_out_degree,reliable_in_degree,reliable_outgoing_confidence,reliable_incoming_confidence,outgoing_attempt_coverage_fraction,recruitment_row_counts
CR5C_D51_W_SOURCE_DG,CR5_D51,poster,na,na,42,75000000,75038720,/work/classic/fr_xl1014-corridor-geometry/IntrMotiv/SF_hipposlam/train_dir/analysis/poster_missing_analyses_20260926/inputs/CR5C_D51_W_SOURCE_DG_S42_75038720/00_CR5C_D51_W_SOURCE_DG_S42/checkpoint_p0/checkpoint_000009160_75038720.pth,/work/classic/fr_xl1014-corridor-geometry/IntrMotiv/SF_hipposlam/train_dir/analysis/poster_missing_analyses_20260926/inputs/CR5C_D51_W_SOURCE_DG_S42_75038720/00_CR5C_D51_W_SOURCE_DG_S42,CR5C_D51_W_SOURCE_DG_S42_75038720,0,0.00032247825419231364,9.999000099990002e-05,1,False,False,0.0,0,0,0,0.0,0.0,0.0,1.0,0,0,0.0,0.0,0.0,0.0
CR5C_D51_W_SOURCE_DG,CR5_D51,poster,na,na,42,75000000,75038720,/work/classic/fr_xl1014-corridor-geometry/IntrMotiv/SF_hipposlam/train_dir/analysis/poster_missing_analyses_20260926/inputs/CR5C_D51_W_SOURCE_DG_S42_75038720/00_CR5C_D51_W_SOURCE_DG_S42/checkpoint_p0/checkpoint_000009160_75038720.pth,/work/classic/fr_xl1014-corridor-geometry/IntrMotiv/SF_hipposlam/train_dir/analysis/poster_missing_analyses_20260926/inputs/CR5C_D51_W_SOURCE_DG_S42_75038720/00_CR5C_D51_W_SOURCE_DG_S42,CR5C_D51_W_SOURCE_DG_S42_75038720,1,0.0036177414092803143,0.0006999300069993001,2,False,False,0.0,0,0,0,0.0,0.0,0.0,1.0,1,0,1.0750973224639893,0.0,0.20634920634920634,0.0
CR5C_D51_W_SOURCE_DG,CR5_D51,poster,na,na,42,75000000,75038720,/work/classic/fr_xl1014-corridor-geometry/IntrMotiv/SF_hipposlam/train_dir/analysis/poster_missing_analyses_20260926/inputs/CR5C_D51_W_SOURCE_DG_S42_75038720/00_CR5C_D51_W_SOURCE_DG_S42/checkpoint_p0/checkpoint_000009160_75038720.pth,/work/classic/fr_xl1014-corridor-geometry/IntrMotiv/SF_hipposlam/train_dir/analysis/poster_missing_analyses_20260926/inputs/CR5C_D51_W_SOURCE_DG_S42_75038720/00_CR5C_D51_W_SOURCE_DG_S42,CR5C_D51_W_SOURCE_DG_S42_75038720,2,0.0,0.0,0,False,False,0.0,0,0,0,0.0,0.0,0.0,1.0,0,0,0.0,0.0,0.0,0.0
CR5C_D51_W_SOURCE_DG,CR5_D51,poster,na,na,42,75000000,75038720,/work/classic/fr_xl1014-corridor-geometry/IntrMotiv/SF_hipposlam/train_dir/analysis/poster_missing_analyses_20260926/inputs/CR5C_D51_W_SOURCE_DG_S42_75038720/00_CR5C_D51_W_SOURCE_DG_S42/checkpoint_p0/checkpoint_000009160_75038720.pth,/work/classic/fr_xl1014-corridor-geometry/IntrMotiv/SF_hipposlam/train_dir/analysis/poster_missing_analyses_20260926/inputs/CR5C_D51_W_SOURCE_DG_S42_75038720/00_CR5C_D51_W_SOURCE_DG_S42,CR5C_D51_W_SOURCE_DG_S42_75038720,3,0.005483247806366614,0.0012998700129987,3,False,False,0.0,0,0,0,0.0,0.0,0.0,1.0,0,0,0.0,0.0,0.0,0.0
CR5C_D51_W_SOURCE_DG,CR5_D51,poster,na,na,42,75000000,75038720,/work/classic/fr_xl1014-corridor-geometry/IntrMotiv/SF_hipposlam/train_dir/analysis/poster_missing_analyses_20260926/inputs/CR5C_D51_W_SOURCE_DG_S42_75038720/00_CR5C_D51_W_SOURCE_DG_S42/checkpoint_p0/checkpoint_000009160_75038720.pth,/work/classic/fr_xl1014-corridor-geometry/IntrMotiv/SF_hipposlam/train_dir/analysis/poster_missing_analyses_20260926/inputs/CR5C_D51_W_SOURCE_DG_S42_75038720/00_CR5C_D51_W_SOURCE_DG_S42,CR5C_D51_W_SOURCE_DG_S42_75038720,4,0.002104466724305706,0.00039996000399960006,3,False,False,0.0,0,0,0,0.0,0.0,0.0,1.0,1,0,0.5091212391853333,0.0,0.09523809523809523,0.0
CR5C_D51_W_SOURCE_DG,CR5_D51,poster,na,na,42,75000000,75038720,/work/classic/fr_xl1014-corridor-geometry/IntrMotiv/SF_hipposlam/train_dir/analysis/poster_missing_analyses_20260926/inputs/CR5C_D51_W_SOURCE_DG_S42_75038720/00_CR5C_D51_W_SOURCE_DG_S42/checkpoint_p0/checkpoint_000009160_75038720.pth,/work/classic/fr_xl1014-corridor-geometry/IntrMotiv/SF_hipposlam/train_dir/analysis/poster_missing_analyses_20260926/inputs/CR5C_D51_W_SOURCE_DG_S42_75038720/00_CR5C_D51_W_SOURCE_DG_S42,CR5C_D51_W_SOURCE_DG_S42_75038720,5,1.568712811899036e-05,9.999000099990002e-05,1,False,False,0.0,0,0,0,0.0,0.0,0.0,1.0,0,0,0.0,0.0,0.0,0.0
CR5C_D51_W_SOURCE_DG,CR5_D51,poster,na,na,42,75000000,75038720,/work/classic/fr_xl1014-corridor-geometry/IntrMotiv/SF_hipposlam/train_dir/analysis/poster_missing_analyses_20260926/inputs/CR5C_D51_W_SOURCE_DG_S42_75038720/00_CR5C_D51_W_SOURCE_DG_S42/checkpoint_p0/checkpoint_000009160_75038720.pth,/work/classic/fr_xl1014-corridor-geometry/IntrMotiv/SF_hipposlam/train_dir/analysis/poster_missing_analyses_20260926/inputs/CR5C_D51_W_SOURCE_DG_S42_75038720/00_CR5C_D51_W_SOURCE_DG_S42,CR5C_D51_W_SOURCE_DG_S42_75038720,6,0.0014233965623955663,0.00039996000399960006,2,False,False,0.0,0,0,0,0.0,0.0,0.0,1.0,0,0,0.0,0.0,0.015873015873015872,0.0
CR5C_D51_W_SOURCE_DG,CR5_D51,poster,na,na,42,75000000,75038720,/work/classic/fr_xl1014-corridor-geometry/IntrMotiv/SF_hipposlam/train_dir/analysis/poster_missing_analyses_20260926/inputs/CR5C_D51_W_SOURCE_DG_S42_75038720/00_CR5C_D51_W_SOURCE_DG_S42/checkpoint_p0/checkpoint_000009160_75038720.pth,/work/classic/fr_xl1014-corridor-geometry/IntrMotiv/SF_hipposlam/train_dir/analysis/poster_missing_analyses_20260926/inputs/CR5C_D51_W_SOURCE_DG_S42_75038720/00_CR5C_D51_W_SOURCE_DG_S42,CR5C_D51_W_SOURCE_DG_S42_75038720,7,0.04135873178146043,0.0183981601839816,1,True,True,0.8780202865600586,2,1,1,0.8780202865600586,1.0,1.0,0.1219797134399414,1,3,16.353242874145508,3.3189141750335693,1.0,0.0
CR5C_D51_W_SOURCE_DG,CR5_D51,poster,na,na,42,75000000,75038720,/work/classic/fr_xl1014-corridor-geometry/IntrMotiv/SF_hipposlam/train_dir/analysis/poster_missing_analyses_20260926/inputs/CR5C_D51_W_SOURCE_DG_S42_75038720/00_CR5C_D51_W_SOURCE_DG_S42/checkpoint_p0/checkpoint_000009160_75038720.pth,/work/classic/fr_xl1014-corridor-geometry/IntrMotiv/SF_hipposlam/train_dir/analysis/poster_missing_analyses_20260926/inputs/CR5C_D51_W_SOURCE_DG_S42_75038720/00_CR5C_D51_W_SOURCE_DG_S42,CR5C_D51_W_SOURCE_DG_S42_75038720,8,0.0,0.0,0,False,False,0.0,0,0,0,0.0,0.0,0.0,1.0,0,0,0.0,0.0,0.0,0.0
CR5C_D51_W_SOURCE_DG,CR5_D51,poster,na,na,42,75000000,75038720,/work/classic/fr_xl1014-corridor-geometry/IntrMotiv/SF_hipposlam/train_dir/analysis/poster_missing_analyses_20260926/inputs/CR5C_D51_W_SOURCE_DG_S42_75038720/00_CR5C_D51_W_SOURCE_DG_S42/checkpoint_p0/checkpoint_000009160_75038720.pth,/work/classic/fr_xl1014-corridor-geometry/IntrMotiv/SF_hipposlam/train_dir/analysis/poster_missing_analyses_20260926/inputs/CR5C_D51_W_SOURCE_DG_S42_75038720/00_CR5C_D51_W_SOURCE_DG_S42,CR5C_D51_W_SOURCE_DG_S42_75038720,9,0.0,0.0,0,False,False,0.0,0,0,0,0.0,0.0,0.0,1.0,0,0,0.0,0.0,0.0,0.0
CR5C_D51_W_SOURCE_DG,CR5_D51,poster,na,na,42,75000000,75038720,/work/classic/fr_xl1014-corridor-geometry/IntrMotiv/SF_hipposlam/train_dir/analysis/poster_missing_analyses_20260926/inputs/CR5C_D51_W_SOURCE_DG_S42_75038720/00_CR5C_D51_W_SOURCE_DG_S42/checkpoint_p0/checkpoint_000009160_75038720.pth,/work/classic/fr_xl1014-corridor-geometry/IntrMotiv/SF_hipposlam/train_dir/analysis/poster_missing_analyses_20260926/inputs/CR5C_D51_W_SOURCE_DG_S42_75038720/00_CR5C_D51_W_SOURCE_DG_S42,CR5C_D51_W_SOURCE_DG_S42_75038720,10,0.010753164770022885,0.0033996600339966003,2,True,False,0.4912108778953552,3,3,1,0.4912108778953552,0.5081115961074829,1.0,0.5087891221046448,0,0,0.0,0.0,0.031746031746031744,0.0
CR5C_D51_W_SOURCE_DG,CR5_D51,poster,na,na,42,75000000,75038720,/work/classic/fr_xl1014-corridor-geometry/IntrMotiv/SF_hipposlam/train_dir/analysis/poster_missing_analyses_20260926/inputs/CR5C_D51_W_SOURCE_DG_S42_75038720/00_CR5C_D51_W_SOURCE_DG_S42/checkpoint_p0/checkpoint_000009160_75038720.pth,/work/classic/fr_xl1014-corridor-geometry/IntrMotiv/SF_hipposlam/train_dir/analysis/poster_missing_analyses_20260926/inputs/CR5C_D51_W_SOURCE_DG_S42_75038720/00_CR5C_D51_W_SOURCE_DG_S42,CR5C_D51_W_SOURCE_DG_S42_75038720,11,0.0073040216973582345,0.0010998900109989002,1,False,False,0.0,0,0,0,0.0,0.0,0.0,1.0,4,0,6.448354244232178,0.0,0.746031746031746,0.0
CR5C_D51_W_SOURCE_DG,CR5_D51,poster,na,na,42,75000000,75038720,/work/classic/fr_xl1014-corridor-geometry/IntrMotiv/SF_hipposlam/train_dir/analysis/poster_missing_analyses_20260926/inputs/CR5C_D51_W_SOURCE_DG_S42_75038720/00_CR5C_D51_W_SOURCE_DG_S42/checkpoint_p0/checkpoint_000009160_75038720.pth,/work/classic/fr_xl1014-corridor-geometry/IntrMotiv/SF_hipposlam/train_dir/analysis/poster_missing_analyses_20260926/inputs/CR5C_D51_W_SOURCE_DG_S42_75038720/00_CR5C_D51_W_SOURCE_DG_S42,CR5C_D51_W_SOURCE_DG_S42_75038720,12,0.012528590387026094,0.000999900009999,1,False,False,0.0,0,0,0,0.0,0.0,0.0,1.0,0,0,0.0,0.0,0.0,0.0
CR5C_D51_W_SOURCE_DG,CR5_D51,poster,na,na,42,75000000,75038720,/work/classic/fr_xl1014-corridor-geometry/IntrMotiv/SF_hipposlam/train_dir/analysis/poster_missing_analyses_20260926/inputs/CR5C_D51_W_SOURCE_DG_S42_75038720/00_CR5C_D51_W_SOURCE_DG_S42/checkpoint_p0/checkpoint_000009160_75038720.pth,/work/classic/fr_xl1014-corridor-geometry/IntrMotiv/SF_hipposlam/train_dir/analysis/poster_missing_analyses_20260926/inputs/CR5C_D51_W_SOURCE_DG_S42_75038720/00_CR5C_D51_W_SOURCE_DG_S42,CR5C_D51_W_SOURCE_DG_S42_75038720,13,0.012887427453771813,0.006199380061993801,3,True,False,0.4760303497314453,3,3,2,0.4760303497314453,0.5181055665016174,0.7873274683952332,0.5239696502685547,0,1,0.0,0.9447476267814636,0.09523809523809523,0.0
CR5C_D51_W_SOURCE_DG,CR5_D51,poster,na,na,42,75000000,75038720,/work/classic/fr_xl1014-corridor-geometry/IntrMotiv/SF_hipposlam/train_dir/analysis/poster_missing_analyses_20260926/inputs/CR5C_D51_W_SOURCE_DG_S42_75038720/00_CR5C_D51_W_SOURCE_DG_S42/checkpoint_p0/checkpoint_000009160_75038720.pth,/work/classic/fr_xl1014-corridor-geometry/IntrMotiv/SF_hipposlam/train_dir/analysis/poster_missing_analyses_20260926/inputs/CR5C_D51_W_SOURCE_DG_S42_75038720/00_CR5C_D51_W_SOURCE_DG_S42,CR5C_D51_W_SOURCE_DG_S42_75038720,14,0.0055173600535116975,0.0007999200079992001,3,False,False,0.0,0,0,0,0.0,0.0,0.0,1.0,1,1,0.9447476267814636,0.873694121837616,0.047619047619047616,0.0
CR5C_D51_W_SOURCE_DG,CR5_D51,poster,na,na,42,75000000,75038720,/work/classic/fr_xl1014-corridor-geometry/IntrMotiv/SF_hipposlam/train_dir/analysis/poster_missing_analyses_20260926/inputs/CR5C_D51_W_SOURCE_DG_S42_75038720/00_CR5C_D51_W_SOURCE_DG_S42/checkpoint_p0/checkpoint_000009160_75038720.pth,/work/classic/fr_xl1014-corridor-geometry/IntrMotiv/SF_hipposlam/train_dir/analysis/poster_missing_analyses_20260926/inputs/CR5C_D51_W_SOURCE_DG_S42_75038720/00_CR5C_D51_W_SOURCE_DG_S42,CR5C_D51_W_SOURCE_DG_S42_75038720,15,0.023561205633197486,0.003999600039996,1,True,True,1.0,1,1,1,1.0,1.0,1.0,0.0,1,0,2.455597400665283,0.0,0.6190476190476191,0.0
CR5C_D51_W_SOURCE_DG,CR5_D51,poster,na,na,42,75000000,75038720,/work/classic/fr_xl1014-corridor-geometry/IntrMotiv/SF_hipposlam/train_dir/analysis/poster_missing_analyses_20260926/inputs/CR5C_D51_W_SOURCE_DG_S42_75038720/00_CR5C_D51_W_SOURCE_DG_S42/checkpoint_p0/checkpoint_000009160_75038720.pth,/work/classic/fr_xl1014-corridor-geometry/IntrMotiv/SF_hipposlam/train_dir/analysis/poster_missing_analyses_20260926/inputs/CR5C_D51_W_SOURCE_DG_S42_75038720/00_CR5C_D51_W_SOURCE_DG_S42,CR5C_D51_W_SOURCE_DG_S42_75038720,16,0.0271872602469619,0.0011998800119988001,1,False,False,0.0,0,0,0,0.0,0.0,0.0,1.0,0,0,0.0,0.0,0.09523809523809523,0.0
CR5C_D51_W_SOURCE_DG,CR5_D51,poster,na,na,42,75000000,75038720,/work/classic/fr_xl1014-corridor-geometry/IntrMotiv/SF_hipposlam/train_dir/analysis/poster_missing_analyses_20260926/inputs/CR5C_D51_W_SOURCE_DG_S42_75038720/00_CR5C_D51_W_SOURCE_DG_S42/checkpoint_p0/checkpoint_000009160_75038720.pth,/work/classic/fr_xl1014-corridor-geometry/IntrMotiv/SF_hipposlam/train_dir/analysis/poster_missing_analyses_20260926/inputs/CR5C_D51_W_SOURCE_DG_S42_75038720/00_CR5C_D51_W_SOURCE_DG_S42,CR5C_D51_W_SOURCE_DG_S42_75038720,17,0.043699558104011105,0.007399260073992601,3,True,False,0.39390259981155396,4,3,3,0.4355780780315399,0.4292263984680176,0.39390259981155396,0.606097400188446,1,1,7.756725311279297,1.6943386793136597,1.0,0.0
CR5C_D51_W_SOURCE_DG,CR5_D51,poster,na,na,42,75000000,75038720,/work/classic/fr_xl1014-corridor-geometry/IntrMotiv/SF_hipposlam/train_dir/analysis/poster_missing_analyses_20260926/inputs/CR5C_D51_W_SOURCE_DG_S42_75038720/00_CR5C_D51_W_SOURCE_DG_S42/checkpoint_p0/checkpoint_000009160_75038720.pth,/work/classic/fr_xl1014-corridor-geometry/IntrMotiv/SF_hipposlam/train_dir/analysis/poster_missing_analyses_20260926/inputs/CR5C_D51_W_SOURCE_DG_S42_75038720/00_CR5C_D51_W_SOURCE_DG_S42,CR5C_D51_W_SOURCE_DG_S42_75038720,18,1.7203128877944732e-06,9.999000099990002e-05,1,False,False,0.0,0,0,0,0.0,0.0,0.0,1.0,0,0,0.0,0.0,0.0,0.0
CR5C_D51_W_SOURCE_DG,CR5_D51,poster,na,na,42,75000000,75038720,/work/classic/fr_xl1014-corridor-geometry/IntrMotiv/SF_hipposlam/train_dir/analysis/poster_missing_analyses_20260926/inputs/CR5C_D51_W_SOURCE_DG_S42_75038720/00_CR5C_D51_W_SOURCE_DG_S42/checkpoint_p0/checkpoint_000009160_75038720.pth,/work/classic/fr_xl1014-corridor-geometry/IntrMotiv/SF_hipposlam/train_dir/analysis/poster_missing_analyses_20260926/inputs/CR5C_D51_W_SOURCE_DG_S42_75038720/00_CR5C_D51_W_SOURCE_DG_S42,CR5C_D51_W_SOURCE_DG_S42_75038720,19,0.0016394132994027387,0.00019998000199980003,1,False,False,0.0,0,0,0,0.0,0.0,0.0,1.0,0,0,0.0,0.0,0.07936507936507936,0.0
CR5C_D51_W_SOURCE_DG,CR5_D51,poster,na,na,42,75000000,75038720,/work/classic/fr_xl1014-corridor-geometry/IntrMotiv/SF_hipposlam/train_dir/analysis/poster_missing_analyses_20260926/inputs/CR5C_D51_W_SOURCE_DG_S42_75038720/00_CR5C_D51_W_SOURCE_DG_S42/checkpoint_p0/checkpoint_000009160_75038720.pth,/work/classic/fr_xl1014-corridor-geometry/IntrMotiv/SF_hipposlam/train_dir/analysis/poster_missing_analyses_20260926/inputs/CR5C_D51_W_SOURCE_DG_S42_75038720/00_CR5C_D51_W_SOURCE_DG_S42,CR5C_D51_W_SOURCE_DG_S42_75038720,20,0.1632985822543362,0.133986601339866,6,True,False,0.2311442643404007,5,6,5,0.4812924563884735,0.2311442643404007,0.40195852518081665,0.7688557356595993,1,4,13.144649505615234,5.470891952514648,1.0,0.0
CR5C_D51_W_SOURCE_DG,CR5_D51,poster,na,na,42,75000000,75038720,/work/classic/fr_xl1014-corridor-geometry/IntrMotiv/SF_hipposlam/train_dir/analysis/poster_missing_analyses_20260926/inputs/CR5C_D51_W_SOURCE_DG_S42_75038720/00_CR5C_D51_W_SOURCE_DG_S42/checkpoint_p0/checkpoint_000009160_75038720.pth,/work/classic/fr_xl1014-corridor-geometry/IntrMotiv/SF_hipposlam/train_dir/analysis/poster_missing_analyses_20260926/inputs/CR5C_D51_W_SOURCE_DG_S42_75038720/00_CR5C_D51_W_SOURCE_DG_S42,CR5C_D51_W_SOURCE_DG_S42_75038720,21,0.004309702550247646,9.999000099990002e-05,1,False,False,0.0,0,0,0,0.0,0.0,0.0,1.0,0,0,0.0,0.0,0.0,0.0
CR5C_D51_W_SOURCE_DG,CR5_D51,poster,na,na,42,75000000,75038720,/work/classic/fr_xl1014-corridor-geometry/IntrMotiv/SF_hipposlam/train_dir/analysis/poster_missing_analyses_20260926/inputs/CR5C_D51_W_SOURCE_DG_S42_75038720/00_CR5C_D51_W_SOURCE_DG_S42/checkpoint_p0/checkpoint_000009160_75038720.pth,/work/classic/fr_xl1014-corridor-geometry/IntrMotiv/SF_hipposlam/train_dir/analysis/poster_missing_analyses_20260926/inputs/CR5C_D51_W_SOURCE_DG_S42_75038720/00_CR5C_D51_W_SOURCE_DG_S42,CR5C_D51_W_SOURCE_DG_S42_75038720,22,6.298055079136516e-05,9.999000099990002e-05,1,False,False,0.0,0,0,0,0.0,0.0,0.0,1.0,0,0,0.0,0.0,0.0,0.0
CR5C_D51_W_SOURCE_DG,CR5_D51,poster,na,na,42,75000000,75038720,/work/classic/fr_xl1014-corridor-geometry/IntrMotiv/SF_hipposlam/train_dir/analysis/poster_missing_analyses_20260926/inputs/CR5C_D51_W_SOURCE_DG_S42_75038720/00_CR5C_D51_W_SOURCE_DG_S42/checkpoint_p0/checkpoint_000009160_75038720.pth,/work/classic/fr_xl1014-corridor-geometry/IntrMotiv/SF_hipposlam/train_dir/analysis/poster_missing_analyses_20260926/inputs/CR5C_D51_W_SOURCE_DG_S42_75038720/00_CR5C_D51_W_SOURCE_DG_S42,CR5C_D51_W_SOURCE_DG_S42_75038720,23,0.0011155942188037496,9.999000099990002e-05,1,False,False,0.0,0,0,0,0.0,0.0,0.0,1.0,0,0,0.0,0.0,0.0,0.0
CR5C_D51_W_SOURCE_DG,CR5_D51,poster,na,na,42,75000000,75038720,/work/classic/fr_xl1014-corridor-geometry/IntrMotiv/SF_hipposlam/train_dir/analysis/poster_missing_analyses_20260926/inputs/CR5C_D51_W_SOURCE_DG_S42_75038720/00_CR5C_D51_W_SOURCE_DG_S42/checkpoint_p0/checkpoint_000009160_75038720.pth,/work/classic/fr_xl1014-corridor-geometry/IntrMotiv/SF_hipposlam/train_dir/analysis/poster_missing_analyses_20260926/inputs/CR5C_D51_W_SOURCE_DG_S42_75038720/00_CR5C_D51_W_SOURCE_DG_S42,CR5C_D51_W_SOURCE_DG_S42_75038720,24,0.0,0.0,0,False,False,0.0,0,0,0,0.0,0.0,0.0,1.0,0,0,0.0,0.0,0.0,0.0
CR5C_D51_W_SOURCE_DG,CR5_D51,poster,na,na,42,75000000,75038720,/work/classic/fr_xl1014-corridor-geometry/IntrMotiv/SF_hipposlam/train_dir/analysis/poster_missing_analyses_20260926/inputs/CR5C_D51_W_SOURCE_DG_S42_75038720/00_CR5C_D51_W_SOURCE_DG_S42/checkpoint_p0/checkpoint_000009160_75038720.pth,/work/classic/fr_xl1014-corridor-geometry/IntrMotiv/SF_hipposlam/train_dir/analysis/poster_missing_analyses_20260926/inputs/CR5C_D51_W_SOURCE_DG_S42_75038720/00_CR5C_D51_W_SOURCE_DG_S42,CR5C_D51_W_SOURCE_DG_S42_75038720,25,0.000990505221106333,0.00019998000199980003,2,False,False,0.0,0,0,0,0.0,0.0,0.0,1.0,0,0,0.0,0.0,0.031746031746031744,0.0
CR5C_D51_W_SOURCE_DG,CR5_D51,poster,na,na,42,75000000,75038720,/work/classic/fr_xl1014-corridor-geometry/IntrMotiv/SF_hipposlam/train_dir/analysis/poster_missing_analyses_20260926/inputs/CR5C_D51_W_SOURCE_DG_S42_75038720/00_CR5C_D51_W_SOURCE_DG_S42/checkpoint_p0/checkpoint_000009160_75038720.pth,/work/classic/fr_xl1014-corridor-geometry/IntrMotiv/SF_hipposlam/train_dir/analysis/poster_missing_analyses_20260926/inputs/CR5C_D51_W_SOURCE_DG_S42_75038720/00_CR5C_D51_W_SOURCE_DG_S42,CR5C_D51_W_SOURCE_DG_S42_75038720,26,0.010920686312748399,0.0008999100089991,2,False,False,0.0,0,0,0,0.0,0.0,0.0,1.0,1,0,0.5417028665542603,0.0,0.015873015873015872,0.0
CR5C_D51_W_SOURCE_DG,CR5_D51,poster,na,na,42,75000000,75038720,/work/classic/fr_xl1014-corridor-geometry/IntrMotiv/SF_hipposlam/train_dir/analysis/poster_missing_analyses_20260926/inputs/CR5C_D51_W_SOURCE_DG_S42_75038720/00_CR5C_D51_W_SOURCE_DG_S42/checkpoint_p0/checkpoint_000009160_75038720.pth,/work/classic/fr_xl1014-corridor-geometry/IntrMotiv/SF_hipposlam/train_dir/analysis/poster_missing_analyses_20260926/inputs/CR5C_D51_W_SOURCE_DG_S42_75038720/00_CR5C_D51_W_SOURCE_DG_S42,CR5C_D51_W_SOURCE_DG_S42_75038720,27,0.0,0.0,0,False,False,0.0,0,0,0,0.0,0.0,0.0,1.0,0,0,0.0,0.0,0.0,0.0
CR5C_D51_W_SOURCE_DG,CR5_D51,poster,na,na,42,75000000,75038720,/work/classic/fr_xl1014-corridor-geometry/IntrMotiv/SF_hipposlam/train_dir/analysis/poster_missing_analyses_20260926/inputs/CR5C_D51_W_SOURCE_DG_S42_75038720/00_CR5C_D51_W_SOURCE_DG_S42/checkpoint_p0/checkpoint_000009160_75038720.pth,/work/classic/fr_xl1014-corridor-geometry/IntrMotiv/SF_hipposlam/train_dir/analysis/poster_missing_analyses_20260926/inputs/CR5C_D51_W_SOURCE_DG_S42_75038720/00_CR5C_D51_W_SOURCE_DG_S42,CR5C_D51_W_SOURCE_DG_S42_75038720,28,0.1673834392060492,0.702029797020298,11,True,False,0.6274388432502747,1,7,6,1.0,0.7716429233551025,0.6274388432502747,0.37256115674972534,0,16,0.0,68.59907531738281,1.0,0.0
CR5C_D51_W_SOURCE_DG,CR5_D51,poster,na,na,42,75000000,75038720,/work/classic/fr_xl1014-corridor-geometry/IntrMotiv/SF_hipposlam/train_dir/analysis/poster_missing_analyses_20260926/inputs/CR5C_D51_W_SOURCE_DG_S42_75038720/00_CR5C_D51_W_SOURCE_DG_S42/checkpoint_p0/checkpoint_000009160_75038720.pth,/work/classic/fr_xl1014-corridor-geometry/IntrMotiv/SF_hipposlam/train_dir/analysis/poster_missing_analyses_20260926/inputs/CR5C_D51_W_SOURCE_DG_S42_75038720/00_CR5C_D51_W_SOURCE_DG_S42,CR5C_D51_W_SOURCE_DG_S42_75038720,29,0.03898897580547192,0.006099390060993901,1,True,True,0.8286535739898682,2,1,1,0.8286535739898682,1.0,1.0,0.17134642601013184,1,0,3.3106353282928467,0.0,1.0,0.0
CR5C_D51_W_SOURCE_DG,CR5_D51,poster,na,na,42,75000000,75038720,/work/classic/fr_xl1014-corridor-geometry/IntrMotiv/SF_hipposlam/train_dir/analysis/poster_missing_analyses_20260926/inputs/CR5C_D51_W_SOURCE_DG_S42_75038720/00_CR5C_D51_W_SOURCE_DG_S42/checkpoint_p0/checkpoint_000009160_75038720.pth,/work/classic/fr_xl1014-corridor-geometry/IntrMotiv/SF_hipposlam/train_dir/analysis/poster_missing_analyses_20260926/inputs/CR5C_D51_W_SOURCE_DG_S42_75038720/00_CR5C_D51_W_SOURCE_DG_S42,CR5C_D51_W_SOURCE_DG_S42_75038720,30,0.003264908539245006,0.00029997000299970003,1,False,False,0.0,0,0,0,0.0,0.0,0.0,1.0,1,0,0.7481368780136108,0.0,0.09523809523809523,0.0
CR5C_D51_W_SOURCE_DG,CR5_D51,poster,na,na,42,75000000,75038720,/work/classic/fr_xl1014-corridor-geometry/IntrMotiv/SF_hipposlam/train_dir/analysis/poster_missing_analyses_20260926/inputs/CR5C_D51_W_SOURCE_DG_S42_75038720/00_CR5C_D51_W_SOURCE_DG_S42/checkpoint_p0/checkpoint_000009160_75038720.pth,/work/classic/fr_xl1014-corridor-geometry/IntrMotiv/SF_hipposlam/train_dir/analysis/poster_missing_analyses_20260926/inputs/CR5C_D51_W_SOURCE_DG_S42_75038720/00_CR5C_D51_W_SOURCE_DG_S42,CR5C_D51_W_SOURCE_DG_S42_75038720,31,0.0,0.0,0,False,False,0.0,0,0,0,0.0,0.0,0.0,1.0,0,0,0.0,0.0,0.0,0.0
CR5C_D51_W_SOURCE_DG,CR5_D51,poster,na,na,42,75000000,75038720,/work/classic/fr_xl1014-corridor-geometry/IntrMotiv/SF_hipposlam/train_dir/analysis/poster_missing_analyses_20260926/inputs/CR5C_D51_W_SOURCE_DG_S42_75038720/00_CR5C_D51_W_SOURCE_DG_S42/checkpoint_p0/checkpoint_000009160_75038720.pth,/work/classic/fr_xl1014-corridor-geometry/IntrMotiv/SF_hipposlam/train_dir/analysis/poster_missing_analyses_20260926/inputs/CR5C_D51_W_SOURCE_DG_S42_75038720/00_CR5C_D51_W_SOURCE_DG_S42,CR5C_D51_W_SOURCE_DG_S42_75038720,32,0.020786138684906995,0.0028997100289971,2,True,False,0.4699677526950836,4,4,2,0.5126773118972778,0.4699677526950836,0.5870885252952576,0.5300322473049164,1,0,1.7557272911071777,0.0,0.8095238095238095,0.0
CR5C_D51_W_SOURCE_DG,CR5_D51,poster,na,na,42,75000000,75038720,/work/classic/fr_xl1014-corridor-geometry/IntrMotiv/SF_hipposlam/train_dir/analysis/poster_missing_analyses_20260926/inputs/CR5C_D51_W_SOURCE_DG_S42_75038720/00_CR5C_D51_W_SOURCE_DG_S42/checkpoint_p0/checkpoint_000009160_75038720.pth,/work/classic/fr_xl1014-corridor-geometry/IntrMotiv/SF_hipposlam/train_dir/analysis/poster_missing_analyses_20260926/inputs/CR5C_D51_W_SOURCE_DG_S42_75038720/00_CR5C_D51_W_SOURCE_DG_S42,CR5C_D51_W_SOURCE_DG_S42_75038720,33,1.4687646629033948e-05,9.999000099990002e-05,1,False,False,0.0,0,0,0,0.0,0.0,0.0,1.0,0,0,0.0,0.0,0.0,0.0
CR5C_D51_W_SOURCE_DG,CR5_D51,poster,na,na,42,75000000,75038720,/work/classic/fr_xl1014-corridor-geometry/IntrMotiv/SF_hipposlam/train_dir/analysis/poster_missing_analyses_20260926/inputs/CR5C_D51_W_SOURCE_DG_S42_75038720/00_CR5C_D51_W_SOURCE_DG_S42/checkpoint_p0/checkpoint_000009160_75038720.pth,/work/classic/fr_xl1014-corridor-geometry/IntrMotiv/SF_hipposlam/train_dir/analysis/poster_missing_analyses_20260926/inputs/CR5C_D51_W_SOURCE_DG_S42_75038720/00_CR5C_D51_W_SOURCE_DG_S42,CR5C_D51_W_SOURCE_DG_S42_75038720,34,0.0009428356427795145,9.999000099990002e-05,1,False,False,0.0,0,0,0,0.0,0.0,0.0,1.0,0,0,0.0,0.0,0.015873015873015872,0.0
CR5C_D51_W_SOURCE_DG,CR5_D51,poster,na,na,42,75000000,75038720,/work/classic/fr_xl1014-corridor-geometry/IntrMotiv/SF_hipposlam/train_dir/analysis/poster_missing_analyses_20260926/inputs/CR5C_D51_W_SOURCE_DG_S42_75038720/00_CR5C_D51_W_SOURCE_DG_S42/checkpoint_p0/checkpoint_000009160_75038720.pth,/work/classic/fr_xl1014-corridor-geometry/IntrMotiv/SF_hipposlam/train_dir/analysis/poster_missing_analyses_20260926/inputs/CR5C_D51_W_SOURCE_DG_S42_75038720/00_CR5C_D51_W_SOURCE_DG_S42,CR5C_D51_W_SOURCE_DG_S42_75038720,35,0.029450945457299767,0.0030996900309969004,2,True,True,0.838985800743103,3,1,1,0.838985800743103,1.0,1.0,0.16101419925689697,2,0,2.159878730773926,0.0,0.12698412698412698,0.0
CR5C_D51_W_SOURCE_DG,CR5_D51,poster,na,na,42,75000000,75038720,/work/classic/fr_xl1014-corridor-geometry/IntrMotiv/SF_hipposlam/train_dir/analysis/poster_missing_analyses_20260926/inputs/CR5C_D51_W_SOURCE_DG_S42_75038720/00_CR5C_D51_W_SOURCE_DG_S42/checkpoint_p0/checkpoint_000009160_75038720.pth,/work/classic/fr_xl1014-corridor-geometry/IntrMotiv/SF_hipposlam/train_dir/analysis/poster_missing_analyses_20260926/inputs/CR5C_D51_W_SOURCE_DG_S42_75038720/00_CR5C_D51_W_SOURCE_DG_S42,CR5C_D51_W_SOURCE_DG_S42_75038720,36,0.0,0.0,0,False,False,0.0,0,0,0,0.0,0.0,0.0,1.0,0,0,0.0,0.0,0.0,0.0
CR5C_D51_W_SOURCE_DG,CR5_D51,poster,na,na,42,75000000,75038720,/work/classic/fr_xl1014-corridor-geometry/IntrMotiv/SF_hipposlam/train_dir/analysis/poster_missing_analyses_20260926/inputs/CR5C_D51_W_SOURCE_DG_S42_75038720/00_CR5C_D51_W_SOURCE_DG_S42/checkpoint_p0/checkpoint_000009160_75038720.pth,/work/classic/fr_xl1014-corridor-geometry/IntrMotiv/SF_hipposlam/train_dir/analysis/poster_missing_analyses_20260926/inputs/CR5C_D51_W_SOURCE_DG_S42_75038720/00_CR5C_D51_W_SOURCE_DG_S42,CR5C_D51_W_SOURCE_DG_S42_75038720,37,0.006210890899753836,0.00029997000299970003,1,False,False,0.0,0,0,0,0.0,0.0,0.0,1.0,0,0,0.0,0.0,0.0,0.0
CR5C_D51_W_SOURCE_DG,CR5_D51,poster,na,na,42,75000000,75038720,/work/classic/fr_xl1014-corridor-geometry/IntrMotiv/SF_hipposlam/train_dir/analysis/poster_missing_analyses_20260926/inputs/CR5C_D51_W_SOURCE_DG_S42_75038720/00_CR5C_D51_W_SOURCE_DG_S42/checkpoint_p0/checkpoint_000009160_75038720.pth,/work/classic/fr_xl1014-corridor-geometry/IntrMotiv/SF_hipposlam/train_dir/analysis/poster_missing_analyses_20260926/inputs/CR5C_D51_W_SOURCE_DG_S42_75038720/00_CR5C_D51_W_SOURCE_DG_S42,CR5C_D51_W_SOURCE_DG_S42_75038720,38,0.001109953651380121,0.00029997000299970003,1,False,False,0.0,0,0,0,0.0,0.0,0.0,1.0,0,0,0.0,0.0,0.0,0.0
CR5C_D51_W_SOURCE_DG,CR5_D51,poster,na,na,42,75000000,75038720,/work/classic/fr_xl1014-corridor-geometry/IntrMotiv/SF_hipposlam/train_dir/analysis/poster_missing_analyses_20260926/inputs/CR5C_D51_W_SOURCE_DG_S42_75038720/00_CR5C_D51_W_SOURCE_DG_S42/checkpoint_p0/checkpoint_000009160_75038720.pth,/work/classic/fr_xl1014-corridor-geometry/IntrMotiv/SF_hipposlam/train_dir/analysis/poster_missing_analyses_20260926/inputs/CR5C_D51_W_SOURCE_DG_S42_75038720/00_CR5C_D51_W_SOURCE_DG_S42,CR5C_D51_W_SOURCE_DG_S42_75038720,39,5.971092242326438e-05,0.00019998000199980003,1,False,False,0.0,0,0,0,0.0,0.0,0.0,1.0,0,0,0.0,0.0,0.0,0.0
CR5C_D51_W_SOURCE_DG,CR5_D51,poster,na,na,42,75000000,75038720,/work/classic/fr_xl1014-corridor-geometry/IntrMotiv/SF_hipposlam/train_dir/analysis/poster_missing_analyses_20260926/inputs/CR5C_D51_W_SOURCE_DG_S42_75038720/00_CR5C_D51_W_SOURCE_DG_S42/checkpoint_p0/checkpoint_000009160_75038720.pth,/work/classic/fr_xl1014-corridor-geometry/IntrMotiv/SF_hipposlam/train_dir/analysis/poster_missing_analyses_20260926/inputs/CR5C_D51_W_SOURCE_DG_S42_75038720/00_CR5C_D51_W_SOURCE_DG_S42,CR5C_D51_W_SOURCE_DG_S42_75038720,40,0.0,0.0,0,False,False,0.0,0,0,0,0.0,0.0,0.0,1.0,0,0,0.0,0.0,0.0,0.0
CR5C_D51_W_SOURCE_DG,CR5_D51,poster,na,na,42,75000000,75038720,/work/classic/fr_xl1014-corridor-geometry/IntrMotiv/SF_hipposlam/train_dir/analysis/poster_missing_analyses_20260926/inputs/CR5C_D51_W_SOURCE_DG_S42_75038720/00_CR5C_D51_W_SOURCE_DG_S42/checkpoint_p0/checkpoint_000009160_75038720.pth,/work/classic/fr_xl1014-corridor-geometry/IntrMotiv/SF_hipposlam/train_dir/analysis/poster_missing_analyses_20260926/inputs/CR5C_D51_W_SOURCE_DG_S42_75038720/00_CR5C_D51_W_SOURCE_DG_S42,CR5C_D51_W_SOURCE_DG_S42_75038720,41,0.00031853719905623344,9.999000099990002e-05,1,False,False,0.0,0,0,0,0.0,0.0,0.0,1.0,0,0,0.0,0.0,0.0,0.0
CR5C_D51_W_SOURCE_DG,CR5_D51,poster,na,na,42,75000000,75038720,/work/classic/fr_xl1014-corridor-geometry/IntrMotiv/SF_hipposlam/train_dir/analysis/poster_missing_analyses_20260926/inputs/CR5C_D51_W_SOURCE_DG_S42_75038720/00_CR5C_D51_W_SOURCE_DG_S42/checkpoint_p0/checkpoint_000009160_75038720.pth,/work/classic/fr_xl1014-corridor-geometry/IntrMotiv/SF_hipposlam/train_dir/analysis/poster_missing_analyses_20260926/inputs/CR5C_D51_W_SOURCE_DG_S42_75038720/00_CR5C_D51_W_SOURCE_DG_S42,CR5C_D51_W_SOURCE_DG_S42_75038720,42,0.0006113558043337414,0.00029997000299970003,1,False,False,0.0,0,0,0,0.0,0.0,0.0,1.0,0,0,0.0,0.0,0.0,0.0
CR5C_D51_W_SOURCE_DG,CR5_D51,poster,na,na,42,75000000,75038720,/work/classic/fr_xl1014-corridor-geometry/IntrMotiv/SF_hipposlam/train_dir/analysis/poster_missing_analyses_20260926/inputs/CR5C_D51_W_SOURCE_DG_S42_75038720/00_CR5C_D51_W_SOURCE_DG_S42/checkpoint_p0/checkpoint_000009160_75038720.pth,/work/classic/fr_xl1014-corridor-geometry/IntrMotiv/SF_hipposlam/train_dir/analysis/poster_missing_analyses_20260926/inputs/CR5C_D51_W_SOURCE_DG_S42_75038720/00_CR5C_D51_W_SOURCE_DG_S42,CR5C_D51_W_SOURCE_DG_S42_75038720,43,2.75152024649321e-05,0.00019998000199980003,1,False,False,0.0,0,0,0,0.0,0.0,0.0,1.0,0,0,0.0,0.0,0.0,0.0
CR5C_D51_W_SOURCE_DG,CR5_D51,poster,na,na,42,75000000,75038720,/work/classic/fr_xl1014-corridor-geometry/IntrMotiv/SF_hipposlam/train_dir/analysis/poster_missing_analyses_20260926/inputs/CR5C_D51_W_SOURCE_DG_S42_75038720/00_CR5C_D51_W_SOURCE_DG_S42/checkpoint_p0/checkpoint_000009160_75038720.pth,/work/classic/fr_xl1014-corridor-geometry/IntrMotiv/SF_hipposlam/train_dir/analysis/poster_missing_analyses_20260926/inputs/CR5C_D51_W_SOURCE_DG_S42_75038720/00_CR5C_D51_W_SOURCE_DG_S42,CR5C_D51_W_SOURCE_DG_S42_75038720,44,0.010825295212464706,0.0021997800219978004,1,True,True,0.8954406976699829,2,1,1,0.8954406976699829,1.0,1.0,0.10455930233001709,0,0,0.0,0.0,0.2857142857142857,0.0
CR5C_D51_W_SOURCE_DG,CR5_D51,poster,na,na,42,75000000,75038720,/work/classic/fr_xl1014-corridor-geometry/IntrMotiv/SF_hipposlam/train_dir/analysis/poster_missing_analyses_20260926/inputs/CR5C_D51_W_SOURCE_DG_S42_75038720/00_CR5C_D51_W_SOURCE_DG_S42/checkpoint_p0/checkpoint_000009160_75038720.pth,/work/classic/fr_xl1014-corridor-geometry/IntrMotiv/SF_hipposlam/train_dir/analysis/poster_missing_analyses_20260926/inputs/CR5C_D51_W_SOURCE_DG_S42_75038720/00_CR5C_D51_W_SOURCE_DG_S42,CR5C_D51_W_SOURCE_DG_S42_75038720,45,0.00905224989933156,0.0016998300169983002,1,False,False,0.0,0,0,0,0.0,0.0,0.0,1.0,1,1,0.9232255220413208,1.2861846685409546,0.5238095238095238,0.0
CR5C_D51_W_SOURCE_DG,CR5_D51,poster,na,na,42,75000000,75038720,/work/classic/fr_xl1014-corridor-geometry/IntrMotiv/SF_hipposlam/train_dir/analysis/poster_missing_analyses_20260926/inputs/CR5C_D51_W_SOURCE_DG_S42_75038720/00_CR5C_D51_W_SOURCE_DG_S42/checkpoint_p0/checkpoint_000009160_75038720.pth,/work/classic/fr_xl1014-corridor-geometry/IntrMotiv/SF_hipposlam/train_dir/analysis/poster_missing_analyses_20260926/inputs/CR5C_D51_W_SOURCE_DG_S42_75038720/00_CR5C_D51_W_SOURCE_DG_S42,CR5C_D51_W_SOURCE_DG_S42_75038720,46,0.0,0.0,0,False,False,0.0,0,0,0,0.0,0.0,0.0,1.0,0,0,0.0,0.0,0.0,0.0
CR5C_D51_W_SOURCE_DG,CR5_D51,poster,na,na,42,75000000,75038720,/work/classic/fr_xl1014-corridor-geometry/IntrMotiv/SF_hipposlam/train_dir/analysis/poster_missing_analyses_20260926/inputs/CR5C_D51_W_SOURCE_DG_S42_75038720/00_CR5C_D51_W_SOURCE_DG_S42/checkpoint_p0/checkpoint_000009160_75038720.pth,/work/classic/fr_xl1014-corridor-geometry/IntrMotiv/SF_hipposlam/train_dir/analysis/poster_missing_analyses_20260926/inputs/CR5C_D51_W_SOURCE_DG_S42_75038720/00_CR5C_D51_W_SOURCE_DG_S42,CR5C_D51_W_SOURCE_DG_S42_75038720,47,0.1189085833094481,0.0164983501649835,1,True,True,0.8530648946762085,2,1,1,0.8530648946762085,1.0,1.0,0.1469351053237915,3,0,3.1716275215148926,0.0,0.2857142857142857,0.0
CR5C_D51_W_SOURCE_DG,CR5_D51,poster,na,na,42,75000000,75038720,/work/classic/fr_xl1014-corridor-geometry/IntrMotiv/SF_hipposlam/train_dir/analysis/poster_missing_analyses_20260926/inputs/CR5C_D51_W_SOURCE_DG_S42_75038720/00_CR5C_D51_W_SOURCE_DG_S42/checkpoint_p0/checkpoint_000009160_75038720.pth,/work/classic/fr_xl1014-corridor-geometry/IntrMotiv/SF_hipposlam/train_dir/analysis/poster_missing_analyses_20260926/inputs/CR5C_D51_W_SOURCE_DG_S42_75038720/00_CR5C_D51_W_SOURCE_DG_S42,CR5C_D51_W_SOURCE_DG_S42_75038720,48,0.2681781851023253,0.30416958304169583,4,True,False,0.5142064690589905,5,5,3,0.5142064690589905,0.6063524484634399,0.8139691948890686,0.4857935309410095,1,1,7.190700054168701,0.8802235722541809,1.0,0.0
CR5C_D51_W_SOURCE_DG,CR5_D51,poster,na,na,42,75000000,75038720,/work/classic/fr_xl1014-corridor-geometry/IntrMotiv/SF_hipposlam/train_dir/analysis/poster_missing_analyses_20260926/inputs/CR5C_D51_W_SOURCE_DG_S42_75038720/00_CR5C_D51_W_SOURCE_DG_S42/checkpoint_p0/checkpoint_000009160_75038720.pth,/work/classic/fr_xl1014-corridor-geometry/IntrMotiv/SF_hipposlam/train_dir/analysis/poster_missing_analyses_20260926/inputs/CR5C_D51_W_SOURCE_DG_S42_75038720/00_CR5C_D51_W_SOURCE_DG_S42,CR5C_D51_W_SOURCE_DG_S42_75038720,49,1.149108008867041e-05,9.999000099990002e-05,1,False,False,0.0,0,0,0,0.0,0.0,0.0,1.0,0,0,0.0,0.0,0.0,0.0
CR5C_D51_W_SOURCE_DG,CR5_D51,poster,na,na,42,75000000,75038720,/work/classic/fr_xl1014-corridor-geometry/IntrMotiv/SF_hipposlam/train_dir/analysis/poster_missing_analyses_20260926/inputs/CR5C_D51_W_SOURCE_DG_S42_75038720/00_CR5C_D51_W_SOURCE_DG_S42/checkpoint_p0/checkpoint_000009160_75038720.pth,/work/classic/fr_xl1014-corridor-geometry/IntrMotiv/SF_hipposlam/train_dir/analysis/poster_missing_analyses_20260926/inputs/CR5C_D51_W_SOURCE_DG_S42_75038720/00_CR5C_D51_W_SOURCE_DG_S42,CR5C_D51_W_SOURCE_DG_S42_75038720,50,0.20123408872774196,0.0382961703829617,5,True,False,0.24822747707366943,6,5,3,0.24822747707366943,0.3717881143093109,0.3978031575679779,0.7517725229263306,1,2,2.533055305480957,2.1846518516540527,0.9682539682539683,0.0
CR5C_D51_W_SOURCE_DG,CR5_D51,poster,na,na,42,75000000,75038720,/work/classic/fr_xl1014-corridor-geometry/IntrMotiv/SF_hipposlam/train_dir/analysis/poster_missing_analyses_20260926/inputs/CR5C_D51_W_SOURCE_DG_S42_75038720/00_CR5C_D51_W_SOURCE_DG_S42/checkpoint_p0/checkpoint_000009160_75038720.pth,/work/classic/fr_xl1014-corridor-geometry/IntrMotiv/SF_hipposlam/train_dir/analysis/poster_missing_analyses_20260926/inputs/CR5C_D51_W_SOURCE_DG_S42_75038720/00_CR5C_D51_W_SOURCE_DG_S42,CR5C_D51_W_SOURCE_DG_S42_75038720,51,0.0009823309193038993,0.00019998000199980003,1,False,False,0.0,0,0,0,0.0,0.0,0.0,1.0,0,0,0.0,0.0,0.0,0.0
CR5C_D51_W_SOURCE_DG,CR5_D51,poster,na,na,42,75000000,75038720,/work/classic/fr_xl1014-corridor-geometry/IntrMotiv/SF_hipposlam/train_dir/analysis/poster_missing_analyses_20260926/inputs/CR5C_D51_W_SOURCE_DG_S42_75038720/00_CR5C_D51_W_SOURCE_DG_S42/checkpoint_p0/checkpoint_000009160_75038720.pth,/work/classic/fr_xl1014-corridor-geometry/IntrMotiv/SF_hipposlam/train_dir/analysis/poster_missing_analyses_20260926/inputs/CR5C_D51_W_SOURCE_DG_S42_75038720/00_CR5C_D51_W_SOURCE_DG_S42,CR5C_D51_W_SOURCE_DG_S42_75038720,52,0.0,0.0,0,False,False,0.0,0,0,0,0.0,0.0,0.0,1.0,0,0,0.0,0.0,0.0,0.0
CR5C_D51_W_SOURCE_DG,CR5_D51,poster,na,na,42,75000000,75038720,/work/classic/fr_xl1014-corridor-geometry/IntrMotiv/SF_hipposlam/train_dir/analysis/poster_missing_analyses_20260926/inputs/CR5C_D51_W_SOURCE_DG_S42_75038720/00_CR5C_D51_W_SOURCE_DG_S42/checkpoint_p0/checkpoint_000009160_75038720.pth,/work/classic/fr_xl1014-corridor-geometry/IntrMotiv/SF_hipposlam/train_dir/analysis/poster_missing_analyses_20260926/inputs/CR5C_D51_W_SOURCE_DG_S42_75038720/00_CR5C_D51_W_SOURCE_DG_S42,CR5C_D51_W_SOURCE_DG_S42_75038720,53,0.0,0.0,0,False,False,0.0,0,0,0,0.0,0.0,0.0,1.0,0,0,0.0,0.0,0.0,0.0
CR5C_D51_W_SOURCE_DG,CR5_D51,poster,na,na,42,75000000,75038720,/work/classic/fr_xl1014-corridor-geometry/IntrMotiv/SF_hipposlam/train_dir/analysis/poster_missing_analyses_20260926/inputs/CR5C_D51_W_SOURCE_DG_S42_75038720/00_CR5C_D51_W_SOURCE_DG_S42/checkpoint_p0/checkpoint_000009160_75038720.pth,/work/classic/fr_xl1014-corridor-geometry/IntrMotiv/SF_hipposlam/train_dir/analysis/poster_missing_analyses_20260926/inputs/CR5C_D51_W_SOURCE_DG_S42_75038720/00_CR5C_D51_W_SOURCE_DG_S42,CR5C_D51_W_SOURCE_DG_S42_75038720,54,0.0574994723888947,0.0035996400359964,1,True,True,1.0,1,1,1,1.0,1.0,1.0,0.0,2,0,2.931807279586792,0.0,0.9682539682539683,0.0
CR5C_D51_W_SOURCE_DG,CR5_D51,poster,na,na,42,75000000,75038720,/work/classic/fr_xl1014-corridor-geometry/IntrMotiv/SF_hipposlam/train_dir/analysis/poster_missing_analyses_20260926/inputs/CR5C_D51_W_SOURCE_DG_S42_75038720/00_CR5C_D51_W_SOURCE_DG_S42/checkpoint_p0/checkpoint_000009160_75038720.pth,/work/classic/fr_xl1014-corridor-geometry/IntrMotiv/SF_hipposlam/train_dir/analysis/poster_missing_analyses_20260926/inputs/CR5C_D51_W_SOURCE_DG_S42_75038720/00_CR5C_D51_W_SOURCE_DG_S42,CR5C_D51_W_SOURCE_DG_S42_75038720,55,0.0025679337809988365,0.0007999200079992001,3,False,False,0.0,0,0,0,0.0,0.0,0.0,1.0,0,0,0.0,0.0,0.0,0.0
CR5C_D51_W_SOURCE_DG,CR5_D51,poster,na,na,42,75000000,75038720,/work/classic/fr_xl1014-corridor-geometry/IntrMotiv/SF_hipposlam/train_dir/analysis/poster_missing_analyses_20260926/inputs/CR5C_D51_W_SOURCE_DG_S42_75038720/00_CR5C_D51_W_SOURCE_DG_S42/checkpoint_p0/checkpoint_000009160_75038720.pth,/work/classic/fr_xl1014-corridor-geometry/IntrMotiv/SF_hipposlam/train_dir/analysis/poster_missing_analyses_20260926/inputs/CR5C_D51_W_SOURCE_DG_S42_75038720/00_CR5C_D51_W_SOURCE_DG_S42,CR5C_D51_W_SOURCE_DG_S42_75038720,56,9.113254958761737e-05,0.00029997000299970003,1,False,False,0.0,0,0,0,0.0,0.0,0.0,1.0,0,0,0.0,0.0,0.0,0.0
CR5C_D51_W_SOURCE_DG,CR5_D51,poster,na,na,42,75000000,75038720,/work/classic/fr_xl1014-corridor-geometry/IntrMotiv/SF_hipposlam/train_dir/analysis/poster_missing_analyses_20260926/inputs/CR5C_D51_W_SOURCE_DG_S42_75038720/00_CR5C_D51_W_SOURCE_DG_S42/checkpoint_p0/checkpoint_000009160_75038720.pth,/work/classic/fr_xl1014-corridor-geometry/IntrMotiv/SF_hipposlam/train_dir/analysis/poster_missing_analyses_20260926/inputs/CR5C_D51_W_SOURCE_DG_S42_75038720/00_CR5C_D51_W_SOURCE_DG_S42,CR5C_D51_W_SOURCE_DG_S42_75038720,57,0.028532287539035906,0.0053994600539946005,4,True,False,0.37260979413986206,4,3,2,0.37260979413986206,0.5360106229782104,0.5476011633872986,0.6273902058601379,3,0,3.0341882705688477,0.0,0.3333333333333333,0.0
CR5C_D51_W_SOURCE_DG,CR5_D51,poster,na,na,42,75000000,75038720,/work/classic/fr_xl1014-corridor-geometry/IntrMotiv/SF_hipposlam/train_dir/analysis/poster_missing_analyses_20260926/inputs/CR5C_D51_W_SOURCE_DG_S42_75038720/00_CR5C_D51_W_SOURCE_DG_S42/checkpoint_p0/checkpoint_000009160_75038720.pth,/work/classic/fr_xl1014-corridor-geometry/IntrMotiv/SF_hipposlam/train_dir/analysis/poster_missing_analyses_20260926/inputs/CR5C_D51_W_SOURCE_DG_S42_75038720/00_CR5C_D51_W_SOURCE_DG_S42,CR5C_D51_W_SOURCE_DG_S42_75038720,58,0.009152339140324534,0.0014998500149985001,1,False,False,0.0,0,0,0,0.0,0.0,0.0,1.0,2,0,1.9261136054992676,0.0,0.42857142857142855,0.0
CR5C_D51_W_SOURCE_DG,CR5_D51,poster,na,na,42,75000000,75038720,/work/classic/fr_xl1014-corridor-geometry/IntrMotiv/SF_hipposlam/train_dir/analysis/poster_missing_analyses_20260926/inputs/CR5C_D51_W_SOURCE_DG_S42_75038720/00_CR5C_D51_W_SOURCE_DG_S42/checkpoint_p0/checkpoint_000009160_75038720.pth,/work/classic/fr_xl1014-corridor-geometry/IntrMotiv/SF_hipposlam/train_dir/analysis/poster_missing_analyses_20260926/inputs/CR5C_D51_W_SOURCE_DG_S42_75038720/00_CR5C_D51_W_SOURCE_DG_S42,CR5C_D51_W_SOURCE_DG_S42_75038720,59,0.01839739469279983,0.0032996700329967,2,True,False,0.5828647017478943,2,2,2,0.6036306619644165,0.7574989199638367,0.5828647017478943,0.4171352982521057,1,1,7.086525917053223,0.7481368780136108,1.0,0.0
CR5C_D51_W_SOURCE_DG,CR5_D51,poster,na,na,42,75000000,75038720,/work/classic/fr_xl1014-corridor-geometry/IntrMotiv/SF_hipposlam/train_dir/analysis/poster_missing_analyses_20260926/inputs/CR5C_D51_W_SOURCE_DG_S42_75038720/00_CR5C_D51_W_SOURCE_DG_S42/checkpoint_p0/checkpoint_000009160_75038720.pth,/work/classic/fr_xl1014-corridor-geometry/IntrMotiv/SF_hipposlam/train_dir/analysis/poster_missing_analyses_20260926/inputs/CR5C_D51_W_SOURCE_DG_S42_75038720/00_CR5C_D51_W_SOURCE_DG_S42,CR5C_D51_W_SOURCE_DG_S42_75038720,60,0.0032323956725207985,0.0016998300169983002,1,False,False,0.0,0,0,0,0.0,0.0,0.0,1.0,0,0,0.0,0.0,0.1746031746031746,0.0
CR5C_D51_W_SOURCE_DG,CR5_D51,poster,na,na,42,75000000,75038720,/work/classic/fr_xl1014-corridor-geometry/IntrMotiv/SF_hipposlam/train_dir/analysis/poster_missing_analyses_20260926/inputs/CR5C_D51_W_SOURCE_DG_S42_75038720/00_CR5C_D51_W_SOURCE_DG_S42/checkpoint_p0/checkpoint_000009160_75038720.pth,/work/classic/fr_xl1014-corridor-geometry/IntrMotiv/SF_hipposlam/train_dir/analysis/poster_missing_analyses_20260926/inputs/CR5C_D51_W_SOURCE_DG_S42_75038720/00_CR5C_D51_W_SOURCE_DG_S42,CR5C_D51_W_SOURCE_DG_S42_75038720,61,0.00030405139671999855,9.999000099990002e-05,1,False,False,0.0,0,0,0,0.0,0.0,0.0,1.0,0,0,0.0,0.0,0.0,0.0
CR5C_D51_W_SOURCE_DG,CR5_D51,poster,na,na,42,75000000,75038720,/work/classic/fr_xl1014-corridor-geometry/IntrMotiv/SF_hipposlam/train_dir/analysis/poster_missing_analyses_20260926/inputs/CR5C_D51_W_SOURCE_DG_S42_75038720/00_CR5C_D51_W_SOURCE_DG_S42/checkpoint_p0/checkpoint_000009160_75038720.pth,/work/classic/fr_xl1014-corridor-geometry/IntrMotiv/SF_hipposlam/train_dir/analysis/poster_missing_analyses_20260926/inputs/CR5C_D51_W_SOURCE_DG_S42_75038720/00_CR5C_D51_W_SOURCE_DG_S42,CR5C_D51_W_SOURCE_DG_S42_75038720,62,0.0,0.0,0,False,False,0.0,0,0,0,0.0,0.0,0.0,1.0,0,0,0.0,0.0,0.0,0.0
CR5C_D51_W_SOURCE_DG,CR5_D51,poster,na,na,42,75000000,75038720,/work/classic/fr_xl1014-corridor-geometry/IntrMotiv/SF_hipposlam/train_dir/analysis/poster_missing_analyses_20260926/inputs/CR5C_D51_W_SOURCE_DG_S42_75038720/00_CR5C_D51_W_SOURCE_DG_S42/checkpoint_p0/checkpoint_000009160_75038720.pth,/work/classic/fr_xl1014-corridor-geometry/IntrMotiv/SF_hipposlam/train_dir/analysis/poster_missing_analyses_20260926/inputs/CR5C_D51_W_SOURCE_DG_S42_75038720/00_CR5C_D51_W_SOURCE_DG_S42,CR5C_D51_W_SOURCE_DG_S42_75038720,63,2.3777198414856044e-05,9.999000099990002e-05,1,False,False,0.0,0,0,0,0.0,0.0,0.0,1.0,0,0,0.0,0.0,0.0,0.0
CR5C_D51_W_SOURCE_DG,CR5_D51,poster,na,na,1234,75000000,75038720,/work/classic/fr_xl1014-corridor-geometry/IntrMotiv/SF_hipposlam/train_dir/analysis/poster_missing_analyses_20260926/inputs/CR5C_D51_W_SOURCE_DG_S1234_75038720/00_CR5C_D51_W_SOURCE_DG_S1234/checkpoint_p0/checkpoint_000009160_75038720.pth,/work/classic/fr_xl1014-corridor-geometry/IntrMotiv/SF_hipposlam/train_dir/analysis/poster_missing_analyses_20260926/inputs/CR5C_D51_W_SOURCE_DG_S1234_75038720/00_CR5C_D51_W_SOURCE_DG_S1234,CR5C_D51_W_SOURCE_DG_S1234_75038720,0,0.00032247825419231364,9.999000099990002e-05,1,False,False,0.0,0,0,0,0.0,0.0,0.0,1.0,0,0,0.0,0.0,0.015873015873015872,0.0
CR5C_D51_W_SOURCE_DG,CR5_D51,poster,na,na,1234,75000000,75038720,/work/classic/fr_xl1014-corridor-geometry/IntrMotiv/SF_hipposlam/train_dir/analysis/poster_missing_analyses_20260926/inputs/CR5C_D51_W_SOURCE_DG_S1234_75038720/00_CR5C_D51_W_SOURCE_DG_S1234/checkpoint_p0/checkpoint_000009160_75038720.pth,/work/classic/fr_xl1014-corridor-geometry/IntrMotiv/SF_hipposlam/train_dir/analysis/poster_missing_analyses_20260926/inputs/CR5C_D51_W_SOURCE_DG_S1234_75038720/00_CR5C_D51_W_SOURCE_DG_S1234,CR5C_D51_W_SOURCE_DG_S1234_75038720,1,0.0036177414092803143,0.0006999300069993001,2,False,False,0.0,0,0,0,0.0,0.0,0.0,1.0,0,0,0.0,0.0,0.1746031746031746,0.0
CR5C_D51_W_SOURCE_DG,CR5_D51,poster,na,na,1234,75000000,75038720,/work/classic/fr_xl1014-corridor-geometry/IntrMotiv/SF_hipposlam/train_dir/analysis/poster_missing_analyses_20260926/inputs/CR5C_D51_W_SOURCE_DG_S1234_75038720/00_CR5C_D51_W_SOURCE_DG_S1234/checkpoint_p0/checkpoint_000009160_75038720.pth,/work/classic/fr_xl1014-corridor-geometry/IntrMotiv/SF_hipposlam/train_dir/analysis/poster_missing_analyses_20260926/inputs/CR5C_D51_W_SOURCE_DG_S1234_75038720/00_CR5C_D51_W_SOURCE_DG_S1234,CR5C_D51_W_SOURCE_DG_S1234_75038720,2,0.0,0.0,0,False,False,0.0,0,0,0,0.0,0.0,0.0,1.0,0,0,0.0,0.0,0.0,0.0
CR5C_D51_W_SOURCE_DG,CR5_D51,poster,na,na,1234,75000000,75038720,/work/classic/fr_xl1014-corridor-geometry/IntrMotiv/SF_hipposlam/train_dir/analysis/poster_missing_analyses_20260926/inputs/CR5C_D51_W_SOURCE_DG_S1234_75038720/00_CR5C_D51_W_SOURCE_DG_S1234/checkpoint_p0/checkpoint_000009160_75038720.pth,/work/classic/fr_xl1014-corridor-geometry/IntrMotiv/SF_hipposlam/train_dir/analysis/poster_missing_analyses_20260926/inputs/CR5C_D51_W_SOURCE_DG_S1234_75038720/00_CR5C_D51_W_SOURCE_DG_S1234,CR5C_D51_W_SOURCE_DG_S1234_75038720,3,0.005483247806366614,0.0012998700129987,3,False,False,0.0,0,0,0,0.0,0.0,0.0,1.0,1,1,0.5193576216697693,0.5692988038063049,0.12698412698412698,0.0
CR5C_D51_W_SOURCE_DG,CR5_D51,poster,na,na,1234,75000000,75038720,/work/classic/fr_xl1014-corridor-geometry/IntrMotiv/SF_hipposlam/train_dir/analysis/poster_missing_analyses_20260926/inputs/CR5C_D51_W_SOURCE_DG_S1234_75038720/00_CR5C_D51_W_SOURCE_DG_S1234/checkpoint_p0/checkpoint_000009160_75038720.pth,/work/classic/fr_xl1014-corridor-geometry/IntrMotiv/SF_hipposlam/train_dir/analysis/poster_missing_analyses_20260926/inputs/CR5C_D51_W_SOURCE_DG_S1234_75038720/00_CR5C_D51_W_SOURCE_DG_S1234,CR5C_D51_W_SOURCE_DG_S1234_75038720,4,0.002104466724305706,0.00039996000399960006,3,False,False,0.0,0,0,0,0.0,0.0,0.0,1.0,1,0,0.630779504776001,0.0,0.12698412698412698,0.0
CR5C_D51_W_SOURCE_DG,CR5_D51,poster,na,na,1234,75000000,75038720,/work/classic/fr_xl1014-corridor-geometry/IntrMotiv/SF_hipposlam/train_dir/analysis/poster_missing_analyses_20260926/inputs/CR5C_D51_W_SOURCE_DG_S1234_75038720/00_CR5C_D51_W_SOURCE_DG_S1234/checkpoint_p0/checkpoint_000009160_75038720.pth,/work/classic/fr_xl1014-corridor-geometry/IntrMotiv/SF_hipposlam/train_dir/analysis/poster_missing_analyses_20260926/inputs/CR5C_D51_W_SOURCE_DG_S1234_75038720/00_CR5C_D51_W_SOURCE_DG_S1234,CR5C_D51_W_SOURCE_DG_S1234_75038720,5,1.568712811899036e-05,9.999000099990002e-05,1,False,False,0.0,0,0,0,0.0,0.0,0.0,1.0,0,0,0.0,0.0,0.0,0.0
CR5C_D51_W_SOURCE_DG,CR5_D51,poster,na,na,1234,75000000,75038720,/work/classic/fr_xl1014-corridor-geometry/IntrMotiv/SF_hipposlam/train_dir/analysis/poster_missing_analyses_20260926/inputs/CR5C_D51_W_SOURCE_DG_S1234_75038720/00_CR5C_D51_W_SOURCE_DG_S1234/checkpoint_p0/checkpoint_000009160_75038720.pth,/work/classic/fr_xl1014-corridor-geometry/IntrMotiv/SF_hipposlam/train_dir/analysis/poster_missing_analyses_20260926/inputs/CR5C_D51_W_SOURCE_DG_S1234_75038720/00_CR5C_D51_W_SOURCE_DG_S1234,CR5C_D51_W_SOURCE_DG_S1234_75038720,6,0.0014233965623955663,0.00039996000399960006,2,False,False,0.0,0,0,0,0.0,0.0,0.0,1.0,0,0,0.0,0.0,0.06349206349206349,0.0
CR5C_D51_W_SOURCE_DG,CR5_D51,poster,na,na,1234,75000000,75038720,/work/classic/fr_xl1014-corridor-geometry/IntrMotiv/SF_hipposlam/train_dir/analysis/poster_missing_analyses_20260926/inputs/CR5C_D51_W_SOURCE_DG_S1234_75038720/00_CR5C_D51_W_SOURCE_DG_S1234/checkpoint_p0/checkpoint_000009160_75038720.pth,/work/classic/fr_xl1014-corridor-geometry/IntrMotiv/SF_hipposlam/train_dir/analysis/poster_missing_analyses_20260926/inputs/CR5C_D51_W_SOURCE_DG_S1234_75038720/00_CR5C_D51_W_SOURCE_DG_S1234,CR5C_D51_W_SOURCE_DG_S1234_75038720,7,0.04135873178146043,0.0183981601839816,1,True,True,0.8780202865600586,2,1,1,0.8780202865600586,1.0,1.0,0.1219797134399414,0,6,0.0,17.94298553466797,1.0,0.0
CR5C_D51_W_SOURCE_DG,CR5_D51,poster,na,na,1234,75000000,75038720,/work/classic/fr_xl1014-corridor-geometry/IntrMotiv/SF_hipposlam/train_dir/analysis/poster_missing_analyses_20260926/inputs/CR5C_D51_W_SOURCE_DG_S1234_75038720/00_CR5C_D51_W_SOURCE_DG_S1234/checkpoint_p0/checkpoint_000009160_75038720.pth,/work/classic/fr_xl1014-corridor-geometry/IntrMotiv/SF_hipposlam/train_dir/analysis/poster_missing_analyses_20260926/inputs/CR5C_D51_W_SOURCE_DG_S1234_75038720/00_CR5C_D51_W_SOURCE_DG_S1234,CR5C_D51_W_SOURCE_DG_S1234_75038720,8,0.0,0.0,0,False,False,0.0,0,0,0,0.0,0.0,0.0,1.0,0,0,0.0,0.0,0.0,0.0
CR5C_D51_W_SOURCE_DG,CR5_D51,poster,na,na,1234,75000000,75038720,/work/classic/fr_xl1014-corridor-geometry/IntrMotiv/SF_hipposlam/train_dir/analysis/poster_missing_analyses_20260926/inputs/CR5C_D51_W_SOURCE_DG_S1234_75038720/00_CR5C_D51_W_SOURCE_DG_S1234/checkpoint_p0/checkpoint_000009160_75038720.pth,/work/classic/fr_xl1014-corridor-geometry/IntrMotiv/SF_hipposlam/train_dir/analysis/poster_missing_analyses_20260926/inputs/CR5C_D51_W_SOURCE_DG_S1234_75038720/00_CR5C_D51_W_SOURCE_DG_S1234,CR5C_D51_W_SOURCE_DG_S1234_75038720,9,0.0,0.0,0,False,False,0.0,0,0,0,0.0,0.0,0.0,1.0,0,0,0.0,0.0,0.0,0.0
CR5C_D51_W_SOURCE_DG,CR5_D51,poster,na,na,1234,75000000,75038720,/work/classic/fr_xl1014-corridor-geometry/IntrMotiv/SF_hipposlam/train_dir/analysis/poster_missing_analyses_20260926/inputs/CR5C_D51_W_SOURCE_DG_S1234_75038720/00_CR5C_D51_W_SOURCE_DG_S1234/checkpoint_p0/checkpoint_000009160_75038720.pth,/work/classic/fr_xl1014-corridor-geometry/IntrMotiv/SF_hipposlam/train_dir/analysis/poster_missing_analyses_20260926/inputs/CR5C_D51_W_SOURCE_DG_S1234_75038720/00_CR5C_D51_W_SOURCE_DG_S1234,CR5C_D51_W_SOURCE_DG_S1234_75038720,10,0.010753164770022885,0.0033996600339966003,2,True,False,0.4912108778953552,3,3,1,0.4912108778953552,0.5081115961074829,1.0,0.5087891221046448,1,0,0.8297028541564941,0.0,0.015873015873015872,0.0
CR5C_D51_W_SOURCE_DG,CR5_D51,poster,na,na,1234,75000000,75038720,/work/classic/fr_xl1014-corridor-geometry/IntrMotiv/SF_hipposlam/train_dir/analysis/poster_missing_analyses_20260926/inputs/CR5C_D51_W_SOURCE_DG_S1234_75038720/00_CR5C_D51_W_SOURCE_DG_S1234/checkpoint_p0/checkpoint_000009160_75038720.pth,/work/classic/fr_xl1014-corridor-geometry/IntrMotiv/SF_hipposlam/train_dir/analysis/poster_missing_analyses_20260926/inputs/CR5C_D51_W_SOURCE_DG_S1234_75038720/00_CR5C_D51_W_SOURCE_DG_S1234,CR5C_D51_W_SOURCE_DG_S1234_75038720,11,0.0073040216973582345,0.0010998900109989002,1,False,False,0.0,0,0,0,0.0,0.0,0.0,1.0,3,1,3.569507122039795,1.0518207550048828,0.49206349206349204,0.0
CR5C_D51_W_SOURCE_DG,CR5_D51,poster,na,na,1234,75000000,75038720,/work/classic/fr_xl1014-corridor-geometry/IntrMotiv/SF_hipposlam/train_dir/analysis/poster_missing_analyses_20260926/inputs/CR5C_D51_W_SOURCE_DG_S1234_75038720/00_CR5C_D51_W_SOURCE_DG_S1234/checkpoint_p0/checkpoint_000009160_75038720.pth,/work/classic/fr_xl1014-corridor-geometry/IntrMotiv/SF_hipposlam/train_dir/analysis/poster_missing_analyses_20260926/inputs/CR5C_D51_W_SOURCE_DG_S1234_75038720/00_CR5C_D51_W_SOURCE_DG_S1234,CR5C_D51_W_SOURCE_DG_S1234_75038720,12,0.012528590387026094,0.000999900009999,1,False,False,0.0,0,0,0,0.0,0.0,0.0,1.0,1,0,0.5897976160049438,0.0,0.20634920634920634,0.0
CR5C_D51_W_SOURCE_DG,CR5_D51,poster,na,na,1234,75000000,75038720,/work/classic/fr_xl1014-corridor-geometry/IntrMotiv/SF_hipposlam/train_dir/analysis/poster_missing_analyses_20260926/inputs/CR5C_D51_W_SOURCE_DG_S1234_75038720/00_CR5C_D51_W_SOURCE_DG_S1234/checkpoint_p0/checkpoint_000009160_75038720.pth,/work/classic/fr_xl1014-corridor-geometry/IntrMotiv/SF_hipposlam/train_dir/analysis/poster_missing_analyses_20260926/inputs/CR5C_D51_W_SOURCE_DG_S1234_75038720/00_CR5C_D51_W_SOURCE_DG_S1234,CR5C_D51_W_SOURCE_DG_S1234_75038720,13,0.012887427453771813,0.006199380061993801,3,True,False,0.4760303497314453,3,3,2,0.4760303497314453,0.5181055665016174,0.7873274683952332,0.5239696502685547,1,0,0.8213105797767639,0.0,0.2222222222222222,0.0
CR5C_D51_W_SOURCE_DG,CR5_D51,poster,na,na,1234,75000000,75038720,/work/classic/fr_xl1014-corridor-geometry/IntrMotiv/SF_hipposlam/train_dir/analysis/poster_missing_analyses_20260926/inputs/CR5C_D51_W_SOURCE_DG_S1234_75038720/00_CR5C_D51_W_SOURCE_DG_S1234/checkpoint_p0/checkpoint_000009160_75038720.pth,/work/classic/fr_xl1014-corridor-geometry/IntrMotiv/SF_hipposlam/train_dir/analysis/poster_missing_analyses_20260926/inputs/CR5C_D51_W_SOURCE_DG_S1234_75038720/00_CR5C_D51_W_SOURCE_DG_S1234,CR5C_D51_W_SOURCE_DG_S1234_75038720,14,0.0055173600535116975,0.0007999200079992001,3,False,False,0.0,0,0,0,0.0,0.0,0.0,1.0,1,0,0.9641227126121521,0.0,0.15873015873015872,0.0
CR5C_D51_W_SOURCE_DG,CR5_D51,poster,na,na,1234,75000000,75038720,/work/classic/fr_xl1014-corridor-geometry/IntrMotiv/SF_hipposlam/train_dir/analysis/poster_missing_analyses_20260926/inputs/CR5C_D51_W_SOURCE_DG_S1234_75038720/00_CR5C_D51_W_SOURCE_DG_S1234/checkpoint_p0/checkpoint_000009160_75038720.pth,/work/classic/fr_xl1014-corridor-geometry/IntrMotiv/SF_hipposlam/train_dir/analysis/poster_missing_analyses_20260926/inputs/CR5C_D51_W_SOURCE_DG_S1234_75038720/00_CR5C_D51_W_SOURCE_DG_S1234,CR5C_D51_W_SOURCE_DG_S1234_75038720,15,0.023561205633197486,0.003999600039996,1,True,True,1.0,1,1,1,1.0,1.0,1.0,0.0,1,0,0.5692988038063049,0.0,0.6507936507936508,0.0
CR5C_D51_W_SOURCE_DG,CR5_D51,poster,na,na,1234,75000000,75038720,/work/classic/fr_xl1014-corridor-geometry/IntrMotiv/SF_hipposlam/train_dir/analysis/poster_missing_analyses_20260926/inputs/CR5C_D51_W_SOURCE_DG_S1234_75038720/00_CR5C_D51_W_SOURCE_DG_S1234/checkpoint_p0/checkpoint_000009160_75038720.pth,/work/classic/fr_xl1014-corridor-geometry/IntrMotiv/SF_hipposlam/train_dir/analysis/poster_missing_analyses_20260926/inputs/CR5C_D51_W_SOURCE_DG_S1234_75038720/00_CR5C_D51_W_SOURCE_DG_S1234,CR5C_D51_W_SOURCE_DG_S1234_75038720,16,0.0271872602469619,0.0011998800119988001,1,False,False,0.0,0,0,0,0.0,0.0,0.0,1.0,3,1,3.599123001098633,0.8213105797767639,0.3492063492063492,0.0
CR5C_D51_W_SOURCE_DG,CR5_D51,poster,na,na,1234,75000000,75038720,/work/classic/fr_xl1014-corridor-geometry/IntrMotiv/SF_hipposlam/train_dir/analysis/poster_missing_analyses_20260926/inputs/CR5C_D51_W_SOURCE_DG_S1234_75038720/00_CR5C_D51_W_SOURCE_DG_S1234/checkpoint_p0/checkpoint_000009160_75038720.pth,/work/classic/fr_xl1014-corridor-geometry/IntrMotiv/SF_hipposlam/train_dir/analysis/poster_missing_analyses_20260926/inputs/CR5C_D51_W_SOURCE_DG_S1234_75038720/00_CR5C_D51_W_SOURCE_DG_S1234,CR5C_D51_W_SOURCE_DG_S1234_75038720,17,0.043699558104011105,0.007399260073992601,3,True,False,0.39390259981155396,4,3,3,0.4355780780315399,0.4292263984680176,0.39390259981155396,0.606097400188446,1,1,4.9456963539123535,0.6970721483230591,1.0,0.0
CR5C_D51_W_SOURCE_DG,CR5_D51,poster,na,na,1234,75000000,75038720,/work/classic/fr_xl1014-corridor-geometry/IntrMotiv/SF_hipposlam/train_dir/analysis/poster_missing_analyses_20260926/inputs/CR5C_D51_W_SOURCE_DG_S1234_75038720/00_CR5C_D51_W_SOURCE_DG_S1234/checkpoint_p0/checkpoint_000009160_75038720.pth,/work/classic/fr_xl1014-corridor-geometry/IntrMotiv/SF_hipposlam/train_dir/analysis/poster_missing_analyses_20260926/inputs/CR5C_D51_W_SOURCE_DG_S1234_75038720/00_CR5C_D51_W_SOURCE_DG_S1234,CR5C_D51_W_SOURCE_DG_S1234_75038720,18,1.7203128877944732e-06,9.999000099990002e-05,1,False,False,0.0,0,0,0,0.0,0.0,0.0,1.0,0,0,0.0,0.0,0.0,0.0
CR5C_D51_W_SOURCE_DG,CR5_D51,poster,na,na,1234,75000000,75038720,/work/classic/fr_xl1014-corridor-geometry/IntrMotiv/SF_hipposlam/train_dir/analysis/poster_missing_analyses_20260926/inputs/CR5C_D51_W_SOURCE_DG_S1234_75038720/00_CR5C_D51_W_SOURCE_DG_S1234/checkpoint_p0/checkpoint_000009160_75038720.pth,/work/classic/fr_xl1014-corridor-geometry/IntrMotiv/SF_hipposlam/train_dir/analysis/poster_missing_analyses_20260926/inputs/CR5C_D51_W_SOURCE_DG_S1234_75038720/00_CR5C_D51_W_SOURCE_DG_S1234,CR5C_D51_W_SOURCE_DG_S1234_75038720,19,0.0016394132994027387,0.00019998000199980003,1,False,False,0.0,0,0,0,0.0,0.0,0.0,1.0,0,0,0.0,0.0,0.0,0.0
CR5C_D51_W_SOURCE_DG,CR5_D51,poster,na,na,1234,75000000,75038720,/work/classic/fr_xl1014-corridor-geometry/IntrMotiv/SF_hipposlam/train_dir/analysis/poster_missing_analyses_20260926/inputs/CR5C_D51_W_SOURCE_DG_S1234_75038720/00_CR5C_D51_W_SOURCE_DG_S1234/checkpoint_p0/checkpoint_000009160_75038720.pth,/work/classic/fr_xl1014-corridor-geometry/IntrMotiv/SF_hipposlam/train_dir/analysis/poster_missing_analyses_20260926/inputs/CR5C_D51_W_SOURCE_DG_S1234_75038720/00_CR5C_D51_W_SOURCE_DG_S1234,CR5C_D51_W_SOURCE_DG_S1234_75038720,20,0.1632985822543362,0.133986601339866,6,True,False,0.2311442643404007,5,6,5,0.4812924563884735,0.2311442643404007,0.40195852518081665,0.7688557356595993,1,1,12.815558433532715,0.5193576216697693,1.0,0.0
CR5C_D51_W_SOURCE_DG,CR5_D51,poster,na,na,1234,75000000,75038720,/work/classic/fr_xl1014-corridor-geometry/IntrMotiv/SF_hipposlam/train_dir/analysis/poster_missing_analyses_20260926/inputs/CR5C_D51_W_SOURCE_DG_S1234_75038720/00_CR5C_D51_W_SOURCE_DG_S1234/checkpoint_p0/checkpoint_000009160_75038720.pth,/work/classic/fr_xl1014-corridor-geometry/IntrMotiv/SF_hipposlam/train_dir/analysis/poster_missing_analyses_20260926/inputs/CR5C_D51_W_SOURCE_DG_S1234_75038720/00_CR5C_D51_W_SOURCE_DG_S1234,CR5C_D51_W_SOURCE_DG_S1234_75038720,21,0.004309702550247646,9.999000099990002e-05,1,False,False,0.0,0,0,0,0.0,0.0,0.0,1.0,0,0,0.0,0.0,0.0,0.0
CR5C_D51_W_SOURCE_DG,CR5_D51,poster,na,na,1234,75000000,75038720,/work/classic/fr_xl1014-corridor-geometry/IntrMotiv/SF_hipposlam/train_dir/analysis/poster_missing_analyses_20260926/inputs/CR5C_D51_W_SOURCE_DG_S1234_75038720/00_CR5C_D51_W_SOURCE_DG_S1234/checkpoint_p0/checkpoint_000009160_75038720.pth,/work/classic/fr_xl1014-corridor-geometry/IntrMotiv/SF_hipposlam/train_dir/analysis/poster_missing_analyses_20260926/inputs/CR5C_D51_W_SOURCE_DG_S1234_75038720/00_CR5C_D51_W_SOURCE_DG_S1234,CR5C_D51_W_SOURCE_DG_S1234_75038720,22,6.298055079136516e-05,9.999000099990002e-05,1,False,False,0.0,0,0,0,0.0,0.0,0.0,1.0,0,0,0.0,0.0,0.0,0.0
CR5C_D51_W_SOURCE_DG,CR5_D51,poster,na,na,1234,75000000,75038720,/work/classic/fr_xl1014-corridor-geometry/IntrMotiv/SF_hipposlam/train_dir/analysis/poster_missing_analyses_20260926/inputs/CR5C_D51_W_SOURCE_DG_S1234_75038720/00_CR5C_D51_W_SOURCE_DG_S1234/checkpoint_p0/checkpoint_000009160_75038720.pth,/work/classic/fr_xl1014-corridor-geometry/IntrMotiv/SF_hipposlam/train_dir/analysis/poster_missing_analyses_20260926/inputs/CR5C_D51_W_SOURCE_DG_S1234_75038720/00_CR5C_D51_W_SOURCE_DG_S1234,CR5C_D51_W_SOURCE_DG_S1234_75038720,23,0.0011155942188037496,9.999000099990002e-05,1,False,False,0.0,0,0,0,0.0,0.0,0.0,1.0,0,0,0.0,0.0,0.0,0.0
CR5C_D51_W_SOURCE_DG,CR5_D51,poster,na,na,1234,75000000,75038720,/work/classic/fr_xl1014-corridor-geometry/IntrMotiv/SF_hipposlam/train_dir/analysis/poster_missing_analyses_20260926/inputs/CR5C_D51_W_SOURCE_DG_S1234_75038720/00_CR5C_D51_W_SOURCE_DG_S1234/checkpoint_p0/checkpoint_000009160_75038720.pth,/work/classic/fr_xl1014-corridor-geometry/IntrMotiv/SF_hipposlam/train_dir/analysis/poster_missing_analyses_20260926/inputs/CR5C_D51_W_SOURCE_DG_S1234_75038720/00_CR5C_D51_W_SOURCE_DG_S1234,CR5C_D51_W_SOURCE_DG_S1234_75038720,24,0.0,0.0,0,False,False,0.0,0,0,0,0.0,0.0,0.0,1.0,0,0,0.0,0.0,0.0,0.0
CR5C_D51_W_SOURCE_DG,CR5_D51,poster,na,na,1234,75000000,75038720,/work/classic/fr_xl1014-corridor-geometry/IntrMotiv/SF_hipposlam/train_dir/analysis/poster_missing_analyses_20260926/inputs/CR5C_D51_W_SOURCE_DG_S1234_75038720/00_CR5C_D51_W_SOURCE_DG_S1234/checkpoint_p0/checkpoint_000009160_75038720.pth,/work/classic/fr_xl1014-corridor-geometry/IntrMotiv/SF_hipposlam/train_dir/analysis/poster_missing_analyses_20260926/inputs/CR5C_D51_W_SOURCE_DG_S1234_75038720/00_CR5C_D51_W_SOURCE_DG_S1234,CR5C_D51_W_SOURCE_DG_S1234_75038720,25,0.000990505221106333,0.00019998000199980003,2,False,False,0.0,0,0,0,0.0,0.0,0.0,1.0,0,0,0.0,0.0,0.031746031746031744,0.0
CR5C_D51_W_SOURCE_DG,CR5_D51,poster,na,na,1234,75000000,75038720,/work/classic/fr_xl1014-corridor-geometry/IntrMotiv/SF_hipposlam/train_dir/analysis/poster_missing_analyses_20260926/inputs/CR5C_D51_W_SOURCE_DG_S1234_75038720/00_CR5C_D51_W_SOURCE_DG_S1234/checkpoint_p0/checkpoint_000009160_75038720.pth,/work/classic/fr_xl1014-corridor-geometry/IntrMotiv/SF_hipposlam/train_dir/analysis/poster_missing_analyses_20260926/inputs/CR5C_D51_W_SOURCE_DG_S1234_75038720/00_CR5C_D51_W_SOURCE_DG_S1234,CR5C_D51_W_SOURCE_DG_S1234_75038720,26,0.010920686312748399,0.0008999100089991,2,False,False,0.0,0,0,0,0.0,0.0,0.0,1.0,0,1,0.0,0.8940402269363403,0.4444444444444444,0.0
CR5C_D51_W_SOURCE_DG,CR5_D51,poster,na,na,1234,75000000,75038720,/work/classic/fr_xl1014-corridor-geometry/IntrMotiv/SF_hipposlam/train_dir/analysis/poster_missing_analyses_20260926/inputs/CR5C_D51_W_SOURCE_DG_S1234_75038720/00_CR5C_D51_W_SOURCE_DG_S1234/checkpoint_p0/checkpoint_000009160_75038720.pth,/work/classic/fr_xl1014-corridor-geometry/IntrMotiv/SF_hipposlam/train_dir/analysis/poster_missing_analyses_20260926/inputs/CR5C_D51_W_SOURCE_DG_S1234_75038720/00_CR5C_D51_W_SOURCE_DG_S1234,CR5C_D51_W_SOURCE_DG_S1234_75038720,27,0.0,0.0,0,False,False,0.0,0,0,0,0.0,0.0,0.0,1.0,0,0,0.0,0.0,0.0,0.0
CR5C_D51_W_SOURCE_DG,CR5_D51,poster,na,na,1234,75000000,75038720,/work/classic/fr_xl1014-corridor-geometry/IntrMotiv/SF_hipposlam/train_dir/analysis/poster_missing_analyses_20260926/inputs/CR5C_D51_W_SOURCE_DG_S1234_75038720/00_CR5C_D51_W_SOURCE_DG_S1234/checkpoint_p0/checkpoint_000009160_75038720.pth,/work/classic/fr_xl1014-corridor-geometry/IntrMotiv/SF_hipposlam/train_dir/analysis/poster_missing_analyses_20260926/inputs/CR5C_D51_W_SOURCE_DG_S1234_75038720/00_CR5C_D51_W_SOURCE_DG_S1234,CR5C_D51_W_SOURCE_DG_S1234_75038720,28,0.1673834392060492,0.702029797020298,11,True,False,0.6274388432502747,1,7,6,1.0,0.7716429233551025,0.6274388432502747,0.37256115674972534,0,15,0.0,68.74170684814453,1.0,0.0
CR5C_D51_W_SOURCE_DG,CR5_D51,poster,na,na,1234,75000000,75038720,/work/classic/fr_xl1014-corridor-geometry/IntrMotiv/SF_hipposlam/train_dir/analysis/poster_missing_analyses_20260926/inputs/CR5C_D51_W_SOURCE_DG_S1234_75038720/00_CR5C_D51_W_SOURCE_DG_S1234/checkpoint_p0/checkpoint_000009160_75038720.pth,/work/classic/fr_xl1014-corridor-geometry/IntrMotiv/SF_hipposlam/train_dir/analysis/poster_missing_analyses_20260926/inputs/CR5C_D51_W_SOURCE_DG_S1234_75038720/00_CR5C_D51_W_SOURCE_DG_S1234,CR5C_D51_W_SOURCE_DG_S1234_75038720,29,0.03898897580547192,0.006099390060993901,1,True,True,0.8286535739898682,2,1,1,0.8286535739898682,1.0,1.0,0.17134642601013184,1,1,1.7455586194992065,0.5471649765968323,0.6825396825396826,0.0
CR5C_D51_W_SOURCE_DG,CR5_D51,poster,na,na,1234,75000000,75038720,/work/classic/fr_xl1014-corridor-geometry/IntrMotiv/SF_hipposlam/train_dir/analysis/poster_missing_analyses_20260926/inputs/CR5C_D51_W_SOURCE_DG_S1234_75038720/00_CR5C_D51_W_SOURCE_DG_S1234/checkpoint_p0/checkpoint_000009160_75038720.pth,/work/classic/fr_xl1014-corridor-geometry/IntrMotiv/SF_hipposlam/train_dir/analysis/poster_missing_analyses_20260926/inputs/CR5C_D51_W_SOURCE_DG_S1234_75038720/00_CR5C_D51_W_SOURCE_DG_S1234,CR5C_D51_W_SOURCE_DG_S1234_75038720,30,0.003264908539245006,0.00029997000299970003,1,False,False,0.0,0,0,0,0.0,0.0,0.0,1.0,0,0,0.0,0.0,0.015873015873015872,0.0
CR5C_D51_W_SOURCE_DG,CR5_D51,poster,na,na,1234,75000000,75038720,/work/classic/fr_xl1014-corridor-geometry/IntrMotiv/SF_hipposlam/train_dir/analysis/poster_missing_analyses_20260926/inputs/CR5C_D51_W_SOURCE_DG_S1234_75038720/00_CR5C_D51_W_SOURCE_DG_S1234/checkpoint_p0/checkpoint_000009160_75038720.pth,/work/classic/fr_xl1014-corridor-geometry/IntrMotiv/SF_hipposlam/train_dir/analysis/poster_missing_analyses_20260926/inputs/CR5C_D51_W_SOURCE_DG_S1234_75038720/00_CR5C_D51_W_SOURCE_DG_S1234,CR5C_D51_W_SOURCE_DG_S1234_75038720,31,0.0,0.0,0,False,False,0.0,0,0,0,0.0,0.0,0.0,1.0,0,0,0.0,0.0,0.0,0.0
CR5C_D51_W_SOURCE_DG,CR5_D51,poster,na,na,1234,75000000,75038720,/work/classic/fr_xl1014-corridor-geometry/IntrMotiv/SF_hipposlam/train_dir/analysis/poster_missing_analyses_20260926/inputs/CR5C_D51_W_SOURCE_DG_S1234_75038720/00_CR5C_D51_W_SOURCE_DG_S1234/checkpoint_p0/checkpoint_000009160_75038720.pth,/work/classic/fr_xl1014-corridor-geometry/IntrMotiv/SF_hipposlam/train_dir/analysis/poster_missing_analyses_20260926/inputs/CR5C_D51_W_SOURCE_DG_S1234_75038720/00_CR5C_D51_W_SOURCE_DG_S1234,CR5C_D51_W_SOURCE_DG_S1234_75038720,32,0.020786138684906995,0.0028997100289971,2,True,False,0.4699677526950836,4,4,2,0.5126773118972778,0.4699677526950836,0.5870885252952576,0.5300322473049164,2,1,8.001739501953125,0.630779504776001,0.8412698412698413,0.0
CR5C_D51_W_SOURCE_DG,CR5_D51,poster,na,na,1234,75000000,75038720,/work/classic/fr_xl1014-corridor-geometry/IntrMotiv/SF_hipposlam/train_dir/analysis/poster_missing_analyses_20260926/inputs/CR5C_D51_W_SOURCE_DG_S1234_75038720/00_CR5C_D51_W_SOURCE_DG_S1234/checkpoint_p0/checkpoint_000009160_75038720.pth,/work/classic/fr_xl1014-corridor-geometry/IntrMotiv/SF_hipposlam/train_dir/analysis/poster_missing_analyses_20260926/inputs/CR5C_D51_W_SOURCE_DG_S1234_75038720/00_CR5C_D51_W_SOURCE_DG_S1234,CR5C_D51_W_SOURCE_DG_S1234_75038720,33,1.4687646629033948e-05,9.999000099990002e-05,1,False,False,0.0,0,0,0,0.0,0.0,0.0,1.0,0,0,0.0,0.0,0.0,0.0
CR5C_D51_W_SOURCE_DG,CR5_D51,poster,na,na,1234,75000000,75038720,/work/classic/fr_xl1014-corridor-geometry/IntrMotiv/SF_hipposlam/train_dir/analysis/poster_missing_analyses_20260926/inputs/CR5C_D51_W_SOURCE_DG_S1234_75038720/00_CR5C_D51_W_SOURCE_DG_S1234/checkpoint_p0/checkpoint_000009160_75038720.pth,/work/classic/fr_xl1014-corridor-geometry/IntrMotiv/SF_hipposlam/train_dir/analysis/poster_missing_analyses_20260926/inputs/CR5C_D51_W_SOURCE_DG_S1234_75038720/00_CR5C_D51_W_SOURCE_DG_S1234,CR5C_D51_W_SOURCE_DG_S1234_75038720,34,0.0009428356427795145,9.999000099990002e-05,1,False,False,0.0,0,0,0,0.0,0.0,0.0,1.0,0,0,0.0,0.0,0.047619047619047616,0.0
CR5C_D51_W_SOURCE_DG,CR5_D51,poster,na,na,1234,75000000,75038720,/work/classic/fr_xl1014-corridor-geometry/IntrMotiv/SF_hipposlam/train_dir/analysis/poster_missing_analyses_20260926/inputs/CR5C_D51_W_SOURCE_DG_S1234_75038720/00_CR5C_D51_W_SOURCE_DG_S1234/checkpoint_p0/checkpoint_000009160_75038720.pth,/work/classic/fr_xl1014-corridor-geometry/IntrMotiv/SF_hipposlam/train_dir/analysis/poster_missing_analyses_20260926/inputs/CR5C_D51_W_SOURCE_DG_S1234_75038720/00_CR5C_D51_W_SOURCE_DG_S1234,CR5C_D51_W_SOURCE_DG_S1234_75038720,35,0.029450945457299767,0.0030996900309969004,2,True,True,0.838985800743103,3,1,1,0.838985800743103,1.0,1.0,0.16101419925689697,3,0,3.6210289001464844,0.0,0.6349206349206349,0.0
CR5C_D51_W_SOURCE_DG,CR5_D51,poster,na,na,1234,75000000,75038720,/work/classic/fr_xl1014-corridor-geometry/IntrMotiv/SF_hipposlam/train_dir/analysis/poster_missing_analyses_20260926/inputs/CR5C_D51_W_SOURCE_DG_S1234_75038720/00_CR5C_D51_W_SOURCE_DG_S1234/checkpoint_p0/checkpoint_000009160_75038720.pth,/work/classic/fr_xl1014-corridor-geometry/IntrMotiv/SF_hipposlam/train_dir/analysis/poster_missing_analyses_20260926/inputs/CR5C_D51_W_SOURCE_DG_S1234_75038720/00_CR5C_D51_W_SOURCE_DG_S1234,CR5C_D51_W_SOURCE_DG_S1234_75038720,36,0.0,0.0,0,False,False,0.0,0,0,0,0.0,0.0,0.0,1.0,0,0,0.0,0.0,0.0,0.0
CR5C_D51_W_SOURCE_DG,CR5_D51,poster,na,na,1234,75000000,75038720,/work/classic/fr_xl1014-corridor-geometry/IntrMotiv/SF_hipposlam/train_dir/analysis/poster_missing_analyses_20260926/inputs/CR5C_D51_W_SOURCE_DG_S1234_75038720/00_CR5C_D51_W_SOURCE_DG_S1234/checkpoint_p0/checkpoint_000009160_75038720.pth,/work/classic/fr_xl1014-corridor-geometry/IntrMotiv/SF_hipposlam/train_dir/analysis/poster_missing_analyses_20260926/inputs/CR5C_D51_W_SOURCE_DG_S1234_75038720/00_CR5C_D51_W_SOURCE_DG_S1234,CR5C_D51_W_SOURCE_DG_S1234_75038720,37,0.006210890899753836,0.00029997000299970003,1,False,False,0.0,0,0,0,0.0,0.0,0.0,1.0,0,0,0.0,0.0,0.0,0.0
CR5C_D51_W_SOURCE_DG,CR5_D51,poster,na,na,1234,75000000,75038720,/work/classic/fr_xl1014-corridor-geometry/IntrMotiv/SF_hipposlam/train_dir/analysis/poster_missing_analyses_20260926/inputs/CR5C_D51_W_SOURCE_DG_S1234_75038720/00_CR5C_D51_W_SOURCE_DG_S1234/checkpoint_p0/checkpoint_000009160_75038720.pth,/work/classic/fr_xl1014-corridor-geometry/IntrMotiv/SF_hipposlam/train_dir/analysis/poster_missing_analyses_20260926/inputs/CR5C_D51_W_SOURCE_DG_S1234_75038720/00_CR5C_D51_W_SOURCE_DG_S1234,CR5C_D51_W_SOURCE_DG_S1234_75038720,38,0.001109953651380121,0.00029997000299970003,1,False,False,0.0,0,0,0,0.0,0.0,0.0,1.0,0,0,0.0,0.0,0.015873015873015872,0.0
CR5C_D51_W_SOURCE_DG,CR5_D51,poster,na,na,1234,75000000,75038720,/work/classic/fr_xl1014-corridor-geometry/IntrMotiv/SF_hipposlam/train_dir/analysis/poster_missing_analyses_20260926/inputs/CR5C_D51_W_SOURCE_DG_S1234_75038720/00_CR5C_D51_W_SOURCE_DG_S1234/checkpoint_p0/checkpoint_000009160_75038720.pth,/work/classic/fr_xl1014-corridor-geometry/IntrMotiv/SF_hipposlam/train_dir/analysis/poster_missing_analyses_20260926/inputs/CR5C_D51_W_SOURCE_DG_S1234_75038720/00_CR5C_D51_W_SOURCE_DG_S1234,CR5C_D51_W_SOURCE_DG_S1234_75038720,39,5.971092242326438e-05,0.00019998000199980003,1,False,False,0.0,0,0,0,0.0,0.0,0.0,1.0,0,0,0.0,0.0,0.0,0.0
CR5C_D51_W_SOURCE_DG,CR5_D51,poster,na,na,1234,75000000,75038720,/work/classic/fr_xl1014-corridor-geometry/IntrMotiv/SF_hipposlam/train_dir/analysis/poster_missing_analyses_20260926/inputs/CR5C_D51_W_SOURCE_DG_S1234_75038720/00_CR5C_D51_W_SOURCE_DG_S1234/checkpoint_p0/checkpoint_000009160_75038720.pth,/work/classic/fr_xl1014-corridor-geometry/IntrMotiv/SF_hipposlam/train_dir/analysis/poster_missing_analyses_20260926/inputs/CR5C_D51_W_SOURCE_DG_S1234_75038720/00_CR5C_D51_W_SOURCE_DG_S1234,CR5C_D51_W_SOURCE_DG_S1234_75038720,40,0.0,0.0,0,False,False,0.0,0,0,0,0.0,0.0,0.0,1.0,0,0,0.0,0.0,0.015873015873015872,0.0
CR5C_D51_W_SOURCE_DG,CR5_D51,poster,na,na,1234,75000000,75038720,/work/classic/fr_xl1014-corridor-geometry/IntrMotiv/SF_hipposlam/train_dir/analysis/poster_missing_analyses_20260926/inputs/CR5C_D51_W_SOURCE_DG_S1234_75038720/00_CR5C_D51_W_SOURCE_DG_S1234/checkpoint_p0/checkpoint_000009160_75038720.pth,/work/classic/fr_xl1014-corridor-geometry/IntrMotiv/SF_hipposlam/train_dir/analysis/poster_missing_analyses_20260926/inputs/CR5C_D51_W_SOURCE_DG_S1234_75038720/00_CR5C_D51_W_SOURCE_DG_S1234,CR5C_D51_W_SOURCE_DG_S1234_75038720,41,0.00031853719905623344,9.999000099990002e-05,1,False,False,0.0,0,0,0,0.0,0.0,0.0,1.0,0,0,0.0,0.0,0.0,0.0
CR5C_D51_W_SOURCE_DG,CR5_D51,poster,na,na,1234,75000000,75038720,/work/classic/fr_xl1014-corridor-geometry/IntrMotiv/SF_hipposlam/train_dir/analysis/poster_missing_analyses_20260926/inputs/CR5C_D51_W_SOURCE_DG_S1234_75038720/00_CR5C_D51_W_SOURCE_DG_S1234/checkpoint_p0/checkpoint_000009160_75038720.pth,/work/classic/fr_xl1014-corridor-geometry/IntrMotiv/SF_hipposlam/train_dir/analysis/poster_missing_analyses_20260926/inputs/CR5C_D51_W_SOURCE_DG_S1234_75038720/00_CR5C_D51_W_SOURCE_DG_S1234,CR5C_D51_W_SOURCE_DG_S1234_75038720,42,0.0006113558043337414,0.00029997000299970003,1,False,False,0.0,0,0,0,0.0,0.0,0.0,1.0,0,0,0.0,0.0,0.0,0.0
CR5C_D51_W_SOURCE_DG,CR5_D51,poster,na,na,1234,75000000,75038720,/work/classic/fr_xl1014-corridor-geometry/IntrMotiv/SF_hipposlam/train_dir/analysis/poster_missing_analyses_20260926/inputs/CR5C_D51_W_SOURCE_DG_S1234_75038720/00_CR5C_D51_W_SOURCE_DG_S1234/checkpoint_p0/checkpoint_000009160_75038720.pth,/work/classic/fr_xl1014-corridor-geometry/IntrMotiv/SF_hipposlam/train_dir/analysis/poster_missing_analyses_20260926/inputs/CR5C_D51_W_SOURCE_DG_S1234_75038720/00_CR5C_D51_W_SOURCE_DG_S1234,CR5C_D51_W_SOURCE_DG_S1234_75038720,43,2.75152024649321e-05,0.00019998000199980003,1,False,False,0.0,0,0,0,0.0,0.0,0.0,1.0,0,0,0.0,0.0,0.0,0.0
CR5C_D51_W_SOURCE_DG,CR5_D51,poster,na,na,1234,75000000,75038720,/work/classic/fr_xl1014-corridor-geometry/IntrMotiv/SF_hipposlam/train_dir/analysis/poster_missing_analyses_20260926/inputs/CR5C_D51_W_SOURCE_DG_S1234_75038720/00_CR5C_D51_W_SOURCE_DG_S1234/checkpoint_p0/checkpoint_000009160_75038720.pth,/work/classic/fr_xl1014-corridor-geometry/IntrMotiv/SF_hipposlam/train_dir/analysis/poster_missing_analyses_20260926/inputs/CR5C_D51_W_SOURCE_DG_S1234_75038720/00_CR5C_D51_W_SOURCE_DG_S1234,CR5C_D51_W_SOURCE_DG_S1234_75038720,44,0.010825295212464706,0.0021997800219978004,1,True,True,0.8954406976699829,2,1,1,0.8954406976699829,1.0,1.0,0.10455930233001709,1,0,0.5730115175247192,0.0,0.1746031746031746,0.0
CR5C_D51_W_SOURCE_DG,CR5_D51,poster,na,na,1234,75000000,75038720,/work/classic/fr_xl1014-corridor-geometry/IntrMotiv/SF_hipposlam/train_dir/analysis/poster_missing_analyses_20260926/inputs/CR5C_D51_W_SOURCE_DG_S1234_75038720/00_CR5C_D51_W_SOURCE_DG_S1234/checkpoint_p0/checkpoint_000009160_75038720.pth,/work/classic/fr_xl1014-corridor-geometry/IntrMotiv/SF_hipposlam/train_dir/analysis/poster_missing_analyses_20260926/inputs/CR5C_D51_W_SOURCE_DG_S1234_75038720/00_CR5C_D51_W_SOURCE_DG_S1234,CR5C_D51_W_SOURCE_DG_S1234_75038720,45,0.00905224989933156,0.0016998300169983002,1,False,False,0.0,0,0,0,0.0,0.0,0.0,1.0,2,0,4.766524314880371,0.0,0.7936507936507936,0.0
CR5C_D51_W_SOURCE_DG,CR5_D51,poster,na,na,1234,75000000,75038720,/work/classic/fr_xl1014-corridor-geometry/IntrMotiv/SF_hipposlam/train_dir/analysis/poster_missing_analyses_20260926/inputs/CR5C_D51_W_SOURCE_DG_S1234_75038720/00_CR5C_D51_W_SOURCE_DG_S1234/checkpoint_p0/checkpoint_000009160_75038720.pth,/work/classic/fr_xl1014-corridor-geometry/IntrMotiv/SF_hipposlam/train_dir/analysis/poster_missing_analyses_20260926/inputs/CR5C_D51_W_SOURCE_DG_S1234_75038720/00_CR5C_D51_W_SOURCE_DG_S1234,CR5C_D51_W_SOURCE_DG_S1234_75038720,46,0.0,0.0,0,False,False,0.0,0,0,0,0.0,0.0,0.0,1.0,0,0,0.0,0.0,0.0,0.0
CR5C_D51_W_SOURCE_DG,CR5_D51,poster,na,na,1234,75000000,75038720,/work/classic/fr_xl1014-corridor-geometry/IntrMotiv/SF_hipposlam/train_dir/analysis/poster_missing_analyses_20260926/inputs/CR5C_D51_W_SOURCE_DG_S1234_75038720/00_CR5C_D51_W_SOURCE_DG_S1234/checkpoint_p0/checkpoint_000009160_75038720.pth,/work/classic/fr_xl1014-corridor-geometry/IntrMotiv/SF_hipposlam/train_dir/analysis/poster_missing_analyses_20260926/inputs/CR5C_D51_W_SOURCE_DG_S1234_75038720/00_CR5C_D51_W_SOURCE_DG_S1234,CR5C_D51_W_SOURCE_DG_S1234_75038720,47,0.1189085833094481,0.0164983501649835,1,True,True,0.8530648946762085,2,1,1,0.8530648946762085,1.0,1.0,0.1469351053237915,2,1,12.646554946899414,0.5779168605804443,1.0,0.0
CR5C_D51_W_SOURCE_DG,CR5_D51,poster,na,na,1234,75000000,75038720,/work/classic/fr_xl1014-corridor-geometry/IntrMotiv/SF_hipposlam/train_dir/analysis/poster_missing_analyses_20260926/inputs/CR5C_D51_W_SOURCE_DG_S1234_75038720/00_CR5C_D51_W_SOURCE_DG_S1234/checkpoint_p0/checkpoint_000009160_75038720.pth,/work/classic/fr_xl1014-corridor-geometry/IntrMotiv/SF_hipposlam/train_dir/analysis/poster_missing_analyses_20260926/inputs/CR5C_D51_W_SOURCE_DG_S1234_75038720/00_CR5C_D51_W_SOURCE_DG_S1234,CR5C_D51_W_SOURCE_DG_S1234_75038720,48,0.2681781851023253,0.30416958304169583,4,True,False,0.5142064690589905,5,5,3,0.5142064690589905,0.6063524484634399,0.8139691948890686,0.4857935309410095,2,3,22.341739654541016,9.813847541809082,1.0,0.0
CR5C_D51_W_SOURCE_DG,CR5_D51,poster,na,na,1234,75000000,75038720,/work/classic/fr_xl1014-corridor-geometry/IntrMotiv/SF_hipposlam/train_dir/analysis/poster_missing_analyses_20260926/inputs/CR5C_D51_W_SOURCE_DG_S1234_75038720/00_CR5C_D51_W_SOURCE_DG_S1234/checkpoint_p0/checkpoint_000009160_75038720.pth,/work/classic/fr_xl1014-corridor-geometry/IntrMotiv/SF_hipposlam/train_dir/analysis/poster_missing_analyses_20260926/inputs/CR5C_D51_W_SOURCE_DG_S1234_75038720/00_CR5C_D51_W_SOURCE_DG_S1234,CR5C_D51_W_SOURCE_DG_S1234_75038720,49,1.149108008867041e-05,9.999000099990002e-05,1,False,False,0.0,0,0,0,0.0,0.0,0.0,1.0,0,0,0.0,0.0,0.0,0.0
CR5C_D51_W_SOURCE_DG,CR5_D51,poster,na,na,1234,75000000,75038720,/work/classic/fr_xl1014-corridor-geometry/IntrMotiv/SF_hipposlam/train_dir/analysis/poster_missing_analyses_20260926/inputs/CR5C_D51_W_SOURCE_DG_S1234_75038720/00_CR5C_D51_W_SOURCE_DG_S1234/checkpoint_p0/checkpoint_000009160_75038720.pth,/work/classic/fr_xl1014-corridor-geometry/IntrMotiv/SF_hipposlam/train_dir/analysis/poster_missing_analyses_20260926/inputs/CR5C_D51_W_SOURCE_DG_S1234_75038720/00_CR5C_D51_W_SOURCE_DG_S1234,CR5C_D51_W_SOURCE_DG_S1234_75038720,50,0.20123408872774196,0.0382961703829617,5,True,False,0.24822747707366943,6,5,3,0.24822747707366943,0.3717881143093109,0.3978031575679779,0.7517725229263306,0,3,0.0,3.1474132537841797,0.9206349206349206,0.0
CR5C_D51_W_SOURCE_DG,CR5_D51,poster,na,na,1234,75000000,75038720,/work/classic/fr_xl1014-corridor-geometry/IntrMotiv/SF_hipposlam/train_dir/analysis/poster_missing_analyses_20260926/inputs/CR5C_D51_W_SOURCE_DG_S1234_75038720/00_CR5C_D51_W_SOURCE_DG_S1234/checkpoint_p0/checkpoint_000009160_75038720.pth,/work/classic/fr_xl1014-corridor-geometry/IntrMotiv/SF_hipposlam/train_dir/analysis/poster_missing_analyses_20260926/inputs/CR5C_D51_W_SOURCE_DG_S1234_75038720/00_CR5C_D51_W_SOURCE_DG_S1234,CR5C_D51_W_SOURCE_DG_S1234_75038720,51,0.0009823309193038993,0.00019998000199980003,1,False,False,0.0,0,0,0,0.0,0.0,0.0,1.0,1,0,0.7235180735588074,0.0,0.06349206349206349,0.0
CR5C_D51_W_SOURCE_DG,CR5_D51,poster,na,na,1234,75000000,75038720,/work/classic/fr_xl1014-corridor-geometry/IntrMotiv/SF_hipposlam/train_dir/analysis/poster_missing_analyses_20260926/inputs/CR5C_D51_W_SOURCE_DG_S1234_75038720/00_CR5C_D51_W_SOURCE_DG_S1234/checkpoint_p0/checkpoint_000009160_75038720.pth,/work/classic/fr_xl1014-corridor-geometry/IntrMotiv/SF_hipposlam/train_dir/analysis/poster_missing_analyses_20260926/inputs/CR5C_D51_W_SOURCE_DG_S1234_75038720/00_CR5C_D51_W_SOURCE_DG_S1234,CR5C_D51_W_SOURCE_DG_S1234_75038720,52,0.0,0.0,0,False,False,0.0,0,0,0,0.0,0.0,0.0,1.0,0,0,0.0,0.0,0.0,0.0
CR5C_D51_W_SOURCE_DG,CR5_D51,poster,na,na,1234,75000000,75038720,/work/classic/fr_xl1014-corridor-geometry/IntrMotiv/SF_hipposlam/train_dir/analysis/poster_missing_analyses_20260926/inputs/CR5C_D51_W_SOURCE_DG_S1234_75038720/00_CR5C_D51_W_SOURCE_DG_S1234/checkpoint_p0/checkpoint_000009160_75038720.pth,/work/classic/fr_xl1014-corridor-geometry/IntrMotiv/SF_hipposlam/train_dir/analysis/poster_missing_analyses_20260926/inputs/CR5C_D51_W_SOURCE_DG_S1234_75038720/00_CR5C_D51_W_SOURCE_DG_S1234,CR5C_D51_W_SOURCE_DG_S1234_75038720,53,0.0,0.0,0,False,False,0.0,0,0,0,0.0,0.0,0.0,1.0,0,0,0.0,0.0,0.0,0.0
CR5C_D51_W_SOURCE_DG,CR5_D51,poster,na,na,1234,75000000,75038720,/work/classic/fr_xl1014-corridor-geometry/IntrMotiv/SF_hipposlam/train_dir/analysis/poster_missing_analyses_20260926/inputs/CR5C_D51_W_SOURCE_DG_S1234_75038720/00_CR5C_D51_W_SOURCE_DG_S1234/checkpoint_p0/checkpoint_000009160_75038720.pth,/work/classic/fr_xl1014-corridor-geometry/IntrMotiv/SF_hipposlam/train_dir/analysis/poster_missing_analyses_20260926/inputs/CR5C_D51_W_SOURCE_DG_S1234_75038720/00_CR5C_D51_W_SOURCE_DG_S1234,CR5C_D51_W_SOURCE_DG_S1234_75038720,54,0.0574994723888947,0.0035996400359964,1,True,True,1.0,1,1,1,1.0,1.0,1.0,0.0,1,1,2.730969190597534,0.5897976160049438,0.9047619047619048,0.0
CR5C_D51_W_SOURCE_DG,CR5_D51,poster,na,na,1234,75000000,75038720,/work/classic/fr_xl1014-corridor-geometry/IntrMotiv/SF_hipposlam/train_dir/analysis/poster_missing_analyses_20260926/inputs/CR5C_D51_W_SOURCE_DG_S1234_75038720/00_CR5C_D51_W_SOURCE_DG_S1234/checkpoint_p0/checkpoint_000009160_75038720.pth,/work/classic/fr_xl1014-corridor-geometry/IntrMotiv/SF_hipposlam/train_dir/analysis/poster_missing_analyses_20260926/inputs/CR5C_D51_W_SOURCE_DG_S1234_75038720/00_CR5C_D51_W_SOURCE_DG_S1234,CR5C_D51_W_SOURCE_DG_S1234_75038720,55,0.0025679337809988365,0.0007999200079992001,3,False,False,0.0,0,0,0,0.0,0.0,0.0,1.0,0,0,0.0,0.0,0.0,0.0
CR5C_D51_W_SOURCE_DG,CR5_D51,poster,na,na,1234,75000000,75038720,/work/classic/fr_xl1014-corridor-geometry/IntrMotiv/SF_hipposlam/train_dir/analysis/poster_missing_analyses_20260926/inputs/CR5C_D51_W_SOURCE_DG_S1234_75038720/00_CR5C_D51_W_SOURCE_DG_S1234/checkpoint_p0/checkpoint_000009160_75038720.pth,/work/classic/fr_xl1014-corridor-geometry/IntrMotiv/SF_hipposlam/train_dir/analysis/poster_missing_analyses_20260926/inputs/CR5C_D51_W_SOURCE_DG_S1234_75038720/00_CR5C_D51_W_SOURCE_DG_S1234,CR5C_D51_W_SOURCE_DG_S1234_75038720,56,9.113254958761737e-05,0.00029997000299970003,1,False,False,0.0,0,0,0,0.0,0.0,0.0,1.0,0,0,0.0,0.0,0.0,0.0
CR5C_D51_W_SOURCE_DG,CR5_D51,poster,na,na,1234,75000000,75038720,/work/classic/fr_xl1014-corridor-geometry/IntrMotiv/SF_hipposlam/train_dir/analysis/poster_missing_analyses_20260926/inputs/CR5C_D51_W_SOURCE_DG_S1234_75038720/00_CR5C_D51_W_SOURCE_DG_S1234/checkpoint_p0/checkpoint_000009160_75038720.pth,/work/classic/fr_xl1014-corridor-geometry/IntrMotiv/SF_hipposlam/train_dir/analysis/poster_missing_analyses_20260926/inputs/CR5C_D51_W_SOURCE_DG_S1234_75038720/00_CR5C_D51_W_SOURCE_DG_S1234,CR5C_D51_W_SOURCE_DG_S1234_75038720,57,0.028532287539035906,0.0053994600539946005,4,True,False,0.37260979413986206,4,3,2,0.37260979413986206,0.5360106229782104,0.5476011633872986,0.6273902058601379,3,0,4.494744300842285,0.0,0.3968253968253968,0.0
CR5C_D51_W_SOURCE_DG,CR5_D51,poster,na,na,1234,75000000,75038720,/work/classic/fr_xl1014-corridor-geometry/IntrMotiv/SF_hipposlam/train_dir/analysis/poster_missing_analyses_20260926/inputs/CR5C_D51_W_SOURCE_DG_S1234_75038720/00_CR5C_D51_W_SOURCE_DG_S1234/checkpoint_p0/checkpoint_000009160_75038720.pth,/work/classic/fr_xl1014-corridor-geometry/IntrMotiv/SF_hipposlam/train_dir/analysis/poster_missing_analyses_20260926/inputs/CR5C_D51_W_SOURCE_DG_S1234_75038720/00_CR5C_D51_W_SOURCE_DG_S1234,CR5C_D51_W_SOURCE_DG_S1234_75038720,58,0.009152339140324534,0.0014998500149985001,1,False,False,0.0,0,0,0,0.0,0.0,0.0,1.0,3,0,2.7366061210632324,0.0,0.38095238095238093,0.0
CR5C_D51_W_SOURCE_DG,CR5_D51,poster,na,na,1234,75000000,75038720,/work/classic/fr_xl1014-corridor-geometry/IntrMotiv/SF_hipposlam/train_dir/analysis/poster_missing_analyses_20260926/inputs/CR5C_D51_W_SOURCE_DG_S1234_75038720/00_CR5C_D51_W_SOURCE_DG_S1234/checkpoint_p0/checkpoint_000009160_75038720.pth,/work/classic/fr_xl1014-corridor-geometry/IntrMotiv/SF_hipposlam/train_dir/analysis/poster_missing_analyses_20260926/inputs/CR5C_D51_W_SOURCE_DG_S1234_75038720/00_CR5C_D51_W_SOURCE_DG_S1234,CR5C_D51_W_SOURCE_DG_S1234_75038720,59,0.01839739469279983,0.0032996700329967,2,True,False,0.5828647017478943,2,2,2,0.6036306619644165,0.7574989199638367,0.5828647017478943,0.4171352982521057,1,2,10.587569236755371,1.745741605758667,1.0,0.0
CR5C_D51_W_SOURCE_DG,CR5_D51,poster,na,na,1234,75000000,75038720,/work/classic/fr_xl1014-corridor-geometry/IntrMotiv/SF_hipposlam/train_dir/analysis/poster_missing_analyses_20260926/inputs/CR5C_D51_W_SOURCE_DG_S1234_75038720/00_CR5C_D51_W_SOURCE_DG_S1234/checkpoint_p0/checkpoint_000009160_75038720.pth,/work/classic/fr_xl1014-corridor-geometry/IntrMotiv/SF_hipposlam/train_dir/analysis/poster_missing_analyses_20260926/inputs/CR5C_D51_W_SOURCE_DG_S1234_75038720/00_CR5C_D51_W_SOURCE_DG_S1234,CR5C_D51_W_SOURCE_DG_S1234_75038720,60,0.0032323956725207985,0.0016998300169983002,1,False,False,0.0,0,0,0,0.0,0.0,0.0,1.0,1,0,2.9192686080932617,0.0,0.30158730158730157,0.0
CR5C_D51_W_SOURCE_DG,CR5_D51,poster,na,na,1234,75000000,75038720,/work/classic/fr_xl1014-corridor-geometry/IntrMotiv/SF_hipposlam/train_dir/analysis/poster_missing_analyses_20260926/inputs/CR5C_D51_W_SOURCE_DG_S1234_75038720/00_CR5C_D51_W_SOURCE_DG_S1234/checkpoint_p0/checkpoint_000009160_75038720.pth,/work/classic/fr_xl1014-corridor-geometry/IntrMotiv/SF_hipposlam/train_dir/analysis/poster_missing_analyses_20260926/inputs/CR5C_D51_W_SOURCE_DG_S1234_75038720/00_CR5C_D51_W_SOURCE_DG_S1234,CR5C_D51_W_SOURCE_DG_S1234_75038720,61,0.00030405139671999855,9.999000099990002e-05,1,False,False,0.0,0,0,0,0.0,0.0,0.0,1.0,1,0,0.5471649765968323,0.0,0.015873015873015872,0.0
CR5C_D51_W_SOURCE_DG,CR5_D51,poster,na,na,1234,75000000,75038720,/work/classic/fr_xl1014-corridor-geometry/IntrMotiv/SF_hipposlam/train_dir/analysis/poster_missing_analyses_20260926/inputs/CR5C_D51_W_SOURCE_DG_S1234_75038720/00_CR5C_D51_W_SOURCE_DG_S1234/checkpoint_p0/checkpoint_000009160_75038720.pth,/work/classic/fr_xl1014-corridor-geometry/IntrMotiv/SF_hipposlam/train_dir/analysis/poster_missing_analyses_20260926/inputs/CR5C_D51_W_SOURCE_DG_S1234_75038720/00_CR5C_D51_W_SOURCE_DG_S1234,CR5C_D51_W_SOURCE_DG_S1234_75038720,62,0.0,0.0,0,False,False,0.0,0,0,0,0.0,0.0,0.0,1.0,0,0,0.0,0.0,0.031746031746031744,0.0
CR5C_D51_W_SOURCE_DG,CR5_D51,poster,na,na,1234,75000000,75038720,/work/classic/fr_xl1014-corridor-geometry/IntrMotiv/SF_hipposlam/train_dir/analysis/poster_missing_analyses_20260926/inputs/CR5C_D51_W_SOURCE_DG_S1234_75038720/00_CR5C_D51_W_SOURCE_DG_S1234/checkpoint_p0/checkpoint_000009160_75038720.pth,/work/classic/fr_xl1014-corridor-geometry/IntrMotiv/SF_hipposlam/train_dir/analysis/poster_missing_analyses_20260926/inputs/CR5C_D51_W_SOURCE_DG_S1234_75038720/00_CR5C_D51_W_SOURCE_DG_S1234,CR5C_D51_W_SOURCE_DG_S1234_75038720,63,2.3777198414856044e-05,9.999000099990002e-05,1,False,False,0.0,0,0,0,0.0,0.0,0.0,1.0,0,0,0.0,0.0,0.0,0.0
CR5C_D51_W_SOURCE_DG,CR5_D51,poster,na,na,9999,75000000,75038720,/work/classic/fr_xl1014-corridor-geometry/IntrMotiv/SF_hipposlam/train_dir/analysis/poster_missing_analyses_20260926/inputs/CR5C_D51_W_SOURCE_DG_S9999_75038720/00_CR5C_D51_W_SOURCE_DG_S9999/checkpoint_p0/checkpoint_000009160_75038720.pth,/work/classic/fr_xl1014-corridor-geometry/IntrMotiv/SF_hipposlam/train_dir/analysis/poster_missing_analyses_20260926/inputs/CR5C_D51_W_SOURCE_DG_S9999_75038720/00_CR5C_D51_W_SOURCE_DG_S9999,CR5C_D51_W_SOURCE_DG_S9999_75038720,0,0.00032247825419231364,9.999000099990002e-05,1,False,False,0.0,0,0,0,0.0,0.0,0.0,1.0,0,0,0.0,0.0,0.0,0.0
CR5C_D51_W_SOURCE_DG,CR5_D51,poster,na,na,9999,75000000,75038720,/work/classic/fr_xl1014-corridor-geometry/IntrMotiv/SF_hipposlam/train_dir/analysis/poster_missing_analyses_20260926/inputs/CR5C_D51_W_SOURCE_DG_S9999_75038720/00_CR5C_D51_W_SOURCE_DG_S9999/checkpoint_p0/checkpoint_000009160_75038720.pth,/work/classic/fr_xl1014-corridor-geometry/IntrMotiv/SF_hipposlam/train_dir/analysis/poster_missing_analyses_20260926/inputs/CR5C_D51_W_SOURCE_DG_S9999_75038720/00_CR5C_D51_W_SOURCE_DG_S9999,CR5C_D51_W_SOURCE_DG_S9999_75038720,1,0.0036177414092803143,0.0006999300069993001,2,False,False,0.0,0,0,0,0.0,0.0,0.0,1.0,0,0,0.0,0.0,0.36507936507936506,0.0
CR5C_D51_W_SOURCE_DG,CR5_D51,poster,na,na,9999,75000000,75038720,/work/classic/fr_xl1014-corridor-geometry/IntrMotiv/SF_hipposlam/train_dir/analysis/poster_missing_analyses_20260926/inputs/CR5C_D51_W_SOURCE_DG_S9999_75038720/00_CR5C_D51_W_SOURCE_DG_S9999/checkpoint_p0/checkpoint_000009160_75038720.pth,/work/classic/fr_xl1014-corridor-geometry/IntrMotiv/SF_hipposlam/train_dir/analysis/poster_missing_analyses_20260926/inputs/CR5C_D51_W_SOURCE_DG_S9999_75038720/00_CR5C_D51_W_SOURCE_DG_S9999,CR5C_D51_W_SOURCE_DG_S9999_75038720,2,0.0,0.0,0,False,False,0.0,0,0,0,0.0,0.0,0.0,1.0,0,0,0.0,0.0,0.0,0.0
CR5C_D51_W_SOURCE_DG,CR5_D51,poster,na,na,9999,75000000,75038720,/work/classic/fr_xl1014-corridor-geometry/IntrMotiv/SF_hipposlam/train_dir/analysis/poster_missing_analyses_20260926/inputs/CR5C_D51_W_SOURCE_DG_S9999_75038720/00_CR5C_D51_W_SOURCE_DG_S9999/checkpoint_p0/checkpoint_000009160_75038720.pth,/work/classic/fr_xl1014-corridor-geometry/IntrMotiv/SF_hipposlam/train_dir/analysis/poster_missing_analyses_20260926/inputs/CR5C_D51_W_SOURCE_DG_S9999_75038720/00_CR5C_D51_W_SOURCE_DG_S9999,CR5C_D51_W_SOURCE_DG_S9999_75038720,3,0.005483247806366614,0.0012998700129987,3,False,False,0.0,0,0,0,0.0,0.0,0.0,1.0,0,0,0.0,0.0,0.1111111111111111,0.0
CR5C_D51_W_SOURCE_DG,CR5_D51,poster,na,na,9999,75000000,75038720,/work/classic/fr_xl1014-corridor-geometry/IntrMotiv/SF_hipposlam/train_dir/analysis/poster_missing_analyses_20260926/inputs/CR5C_D51_W_SOURCE_DG_S9999_75038720/00_CR5C_D51_W_SOURCE_DG_S9999/checkpoint_p0/checkpoint_000009160_75038720.pth,/work/classic/fr_xl1014-corridor-geometry/IntrMotiv/SF_hipposlam/train_dir/analysis/poster_missing_analyses_20260926/inputs/CR5C_D51_W_SOURCE_DG_S9999_75038720/00_CR5C_D51_W_SOURCE_DG_S9999,CR5C_D51_W_SOURCE_DG_S9999_75038720,4,0.002104466724305706,0.00039996000399960006,3,False,False,0.0,0,0,0,0.0,0.0,0.0,1.0,0,0,0.0,0.0,0.031746031746031744,0.0
CR5C_D51_W_SOURCE_DG,CR5_D51,poster,na,na,9999,75000000,75038720,/work/classic/fr_xl1014-corridor-geometry/IntrMotiv/SF_hipposlam/train_dir/analysis/poster_missing_analyses_20260926/inputs/CR5C_D51_W_SOURCE_DG_S9999_75038720/00_CR5C_D51_W_SOURCE_DG_S9999/checkpoint_p0/checkpoint_000009160_75038720.pth,/work/classic/fr_xl1014-corridor-geometry/IntrMotiv/SF_hipposlam/train_dir/analysis/poster_missing_analyses_20260926/inputs/CR5C_D51_W_SOURCE_DG_S9999_75038720/00_CR5C_D51_W_SOURCE_DG_S9999,CR5C_D51_W_SOURCE_DG_S9999_75038720,5,1.568712811899036e-05,9.999000099990002e-05,1,False,False,0.0,0,0,0,0.0,0.0,0.0,1.0,0,0,0.0,0.0,0.0,0.0
CR5C_D51_W_SOURCE_DG,CR5_D51,poster,na,na,9999,75000000,75038720,/work/classic/fr_xl1014-corridor-geometry/IntrMotiv/SF_hipposlam/train_dir/analysis/poster_missing_analyses_20260926/inputs/CR5C_D51_W_SOURCE_DG_S9999_75038720/00_CR5C_D51_W_SOURCE_DG_S9999/checkpoint_p0/checkpoint_000009160_75038720.pth,/work/classic/fr_xl1014-corridor-geometry/IntrMotiv/SF_hipposlam/train_dir/analysis/poster_missing_analyses_20260926/inputs/CR5C_D51_W_SOURCE_DG_S9999_75038720/00_CR5C_D51_W_SOURCE_DG_S9999,CR5C_D51_W_SOURCE_DG_S9999_75038720,6,0.0014233965623955663,0.00039996000399960006,2,False,False,0.0,0,0,0,0.0,0.0,0.0,1.0,0,0,0.0,0.0,0.015873015873015872,0.0
CR5C_D51_W_SOURCE_DG,CR5_D51,poster,na,na,9999,75000000,75038720,/work/classic/fr_xl1014-corridor-geometry/IntrMotiv/SF_hipposlam/train_dir/analysis/poster_missing_analyses_20260926/inputs/CR5C_D51_W_SOURCE_DG_S9999_75038720/00_CR5C_D51_W_SOURCE_DG_S9999/checkpoint_p0/checkpoint_000009160_75038720.pth,/work/classic/fr_xl1014-corridor-geometry/IntrMotiv/SF_hipposlam/train_dir/analysis/poster_missing_analyses_20260926/inputs/CR5C_D51_W_SOURCE_DG_S9999_75038720/00_CR5C_D51_W_SOURCE_DG_S9999,CR5C_D51_W_SOURCE_DG_S9999_75038720,7,0.04135873178146043,0.0183981601839816,1,True,True,0.8780202865600586,2,1,1,0.8780202865600586,1.0,1.0,0.1219797134399414,1,7,25.667749404907227,58.858131408691406,1.0,0.0
CR5C_D51_W_SOURCE_DG,CR5_D51,poster,na,na,9999,75000000,75038720,/work/classic/fr_xl1014-corridor-geometry/IntrMotiv/SF_hipposlam/train_dir/analysis/poster_missing_analyses_20260926/inputs/CR5C_D51_W_SOURCE_DG_S9999_75038720/00_CR5C_D51_W_SOURCE_DG_S9999/checkpoint_p0/checkpoint_000009160_75038720.pth,/work/classic/fr_xl1014-corridor-geometry/IntrMotiv/SF_hipposlam/train_dir/analysis/poster_missing_analyses_20260926/inputs/CR5C_D51_W_SOURCE_DG_S9999_75038720/00_CR5C_D51_W_SOURCE_DG_S9999,CR5C_D51_W_SOURCE_DG_S9999_75038720,8,0.0,0.0,0,False,False,0.0,0,0,0,0.0,0.0,0.0,1.0,0,0,0.0,0.0,0.0,0.0
CR5C_D51_W_SOURCE_DG,CR5_D51,poster,na,na,9999,75000000,75038720,/work/classic/fr_xl1014-corridor-geometry/IntrMotiv/SF_hipposlam/train_dir/analysis/poster_missing_analyses_20260926/inputs/CR5C_D51_W_SOURCE_DG_S9999_75038720/00_CR5C_D51_W_SOURCE_DG_S9999/checkpoint_p0/checkpoint_000009160_75038720.pth,/work/classic/fr_xl1014-corridor-geometry/IntrMotiv/SF_hipposlam/train_dir/analysis/poster_missing_analyses_20260926/inputs/CR5C_D51_W_SOURCE_DG_S9999_75038720/00_CR5C_D51_W_SOURCE_DG_S9999,CR5C_D51_W_SOURCE_DG_S9999_75038720,9,0.0,0.0,0,False,False,0.0,0,0,0,0.0,0.0,0.0,1.0,0,0,0.0,0.0,0.0,0.0
CR5C_D51_W_SOURCE_DG,CR5_D51,poster,na,na,9999,75000000,75038720,/work/classic/fr_xl1014-corridor-geometry/IntrMotiv/SF_hipposlam/train_dir/analysis/poster_missing_analyses_20260926/inputs/CR5C_D51_W_SOURCE_DG_S9999_75038720/00_CR5C_D51_W_SOURCE_DG_S9999/checkpoint_p0/checkpoint_000009160_75038720.pth,/work/classic/fr_xl1014-corridor-geometry/IntrMotiv/SF_hipposlam/train_dir/analysis/poster_missing_analyses_20260926/inputs/CR5C_D51_W_SOURCE_DG_S9999_75038720/00_CR5C_D51_W_SOURCE_DG_S9999,CR5C_D51_W_SOURCE_DG_S9999_75038720,10,0.010753164770022885,0.0033996600339966003,2,True,False,0.4912108778953552,3,3,1,0.4912108778953552,0.5081115961074829,1.0,0.5087891221046448,0,0,0.0,0.0,0.2698412698412698,0.0
CR5C_D51_W_SOURCE_DG,CR5_D51,poster,na,na,9999,75000000,75038720,/work/classic/fr_xl1014-corridor-geometry/IntrMotiv/SF_hipposlam/train_dir/analysis/poster_missing_analyses_20260926/inputs/CR5C_D51_W_SOURCE_DG_S9999_75038720/00_CR5C_D51_W_SOURCE_DG_S9999/checkpoint_p0/checkpoint_000009160_75038720.pth,/work/classic/fr_xl1014-corridor-geometry/IntrMotiv/SF_hipposlam/train_dir/analysis/poster_missing_analyses_20260926/inputs/CR5C_D51_W_SOURCE_DG_S9999_75038720/00_CR5C_D51_W_SOURCE_DG_S9999,CR5C_D51_W_SOURCE_DG_S9999_75038720,11,0.0073040216973582345,0.0010998900109989002,1,False,False,0.0,0,0,0,0.0,0.0,0.0,1.0,0,2,0.0,2.342350482940674,0.20634920634920634,0.0
CR5C_D51_W_SOURCE_DG,CR5_D51,poster,na,na,9999,75000000,75038720,/work/classic/fr_xl1014-corridor-geometry/IntrMotiv/SF_hipposlam/train_dir/analysis/poster_missing_analyses_20260926/inputs/CR5C_D51_W_SOURCE_DG_S9999_75038720/00_CR5C_D51_W_SOURCE_DG_S9999/checkpoint_p0/checkpoint_000009160_75038720.pth,/work/classic/fr_xl1014-corridor-geometry/IntrMotiv/SF_hipposlam/train_dir/analysis/poster_missing_analyses_20260926/inputs/CR5C_D51_W_SOURCE_DG_S9999_75038720/00_CR5C_D51_W_SOURCE_DG_S9999,CR5C_D51_W_SOURCE_DG_S9999_75038720,12,0.012528590387026094,0.000999900009999,1,False,False,0.0,0,0,0,0.0,0.0,0.0,1.0,1,0,1.1599944829940796,0.0,0.5396825396825397,0.0
CR5C_D51_W_SOURCE_DG,CR5_D51,poster,na,na,9999,75000000,75038720,/work/classic/fr_xl1014-corridor-geometry/IntrMotiv/SF_hipposlam/train_dir/analysis/poster_missing_analyses_20260926/inputs/CR5C_D51_W_SOURCE_DG_S9999_75038720/00_CR5C_D51_W_SOURCE_DG_S9999/checkpoint_p0/checkpoint_000009160_75038720.pth,/work/classic/fr_xl1014-corridor-geometry/IntrMotiv/SF_hipposlam/train_dir/analysis/poster_missing_analyses_20260926/inputs/CR5C_D51_W_SOURCE_DG_S9999_75038720/00_CR5C_D51_W_SOURCE_DG_S9999,CR5C_D51_W_SOURCE_DG_S9999_75038720,13,0.012887427453771813,0.006199380061993801,3,True,False,0.4760303497314453,3,3,2,0.4760303497314453,0.5181055665016174,0.7873274683952332,0.5239696502685547,2,0,1.359205961227417,0.0,0.1746031746031746,0.0
CR5C_D51_W_SOURCE_DG,CR5_D51,poster,na,na,9999,75000000,75038720,/work/classic/fr_xl1014-corridor-geometry/IntrMotiv/SF_hipposlam/train_dir/analysis/poster_missing_analyses_20260926/inputs/CR5C_D51_W_SOURCE_DG_S9999_75038720/00_CR5C_D51_W_SOURCE_DG_S9999/checkpoint_p0/checkpoint_000009160_75038720.pth,/work/classic/fr_xl1014-corridor-geometry/IntrMotiv/SF_hipposlam/train_dir/analysis/poster_missing_analyses_20260926/inputs/CR5C_D51_W_SOURCE_DG_S9999_75038720/00_CR5C_D51_W_SOURCE_DG_S9999,CR5C_D51_W_SOURCE_DG_S9999_75038720,14,0.0055173600535116975,0.0007999200079992001,3,False,False,0.0,0,0,0,0.0,0.0,0.0,1.0,1,0,0.5990962386131287,0.0,0.30158730158730157,0.0
CR5C_D51_W_SOURCE_DG,CR5_D51,poster,na,na,9999,75000000,75038720,/work/classic/fr_xl1014-corridor-geometry/IntrMotiv/SF_hipposlam/train_dir/analysis/poster_missing_analyses_20260926/inputs/CR5C_D51_W_SOURCE_DG_S9999_75038720/00_CR5C_D51_W_SOURCE_DG_S9999/checkpoint_p0/checkpoint_000009160_75038720.pth,/work/classic/fr_xl1014-corridor-geometry/IntrMotiv/SF_hipposlam/train_dir/analysis/poster_missing_analyses_20260926/inputs/CR5C_D51_W_SOURCE_DG_S9999_75038720/00_CR5C_D51_W_SOURCE_DG_S9999,CR5C_D51_W_SOURCE_DG_S9999_75038720,15,0.023561205633197486,0.003999600039996,1,True,True,1.0,1,1,1,1.0,1.0,1.0,0.0,2,2,3.3187923431396484,2.6113250255584717,0.746031746031746,0.0
CR5C_D51_W_SOURCE_DG,CR5_D51,poster,na,na,9999,75000000,75038720,/work/classic/fr_xl1014-corridor-geometry/IntrMotiv/SF_hipposlam/train_dir/analysis/poster_missing_analyses_20260926/inputs/CR5C_D51_W_SOURCE_DG_S9999_75038720/00_CR5C_D51_W_SOURCE_DG_S9999/checkpoint_p0/checkpoint_000009160_75038720.pth,/work/classic/fr_xl1014-corridor-geometry/IntrMotiv/SF_hipposlam/train_dir/analysis/poster_missing_analyses_20260926/inputs/CR5C_D51_W_SOURCE_DG_S9999_75038720/00_CR5C_D51_W_SOURCE_DG_S9999,CR5C_D51_W_SOURCE_DG_S9999_75038720,16,0.0271872602469619,0.0011998800119988001,1,False,False,0.0,0,0,0,0.0,0.0,0.0,1.0,0,0,0.0,0.0,0.9523809523809523,0.0
CR5C_D51_W_SOURCE_DG,CR5_D51,poster,na,na,9999,75000000,75038720,/work/classic/fr_xl1014-corridor-geometry/IntrMotiv/SF_hipposlam/train_dir/analysis/poster_missing_analyses_20260926/inputs/CR5C_D51_W_SOURCE_DG_S9999_75038720/00_CR5C_D51_W_SOURCE_DG_S9999/checkpoint_p0/checkpoint_000009160_75038720.pth,/work/classic/fr_xl1014-corridor-geometry/IntrMotiv/SF_hipposlam/train_dir/analysis/poster_missing_analyses_20260926/inputs/CR5C_D51_W_SOURCE_DG_S9999_75038720/00_CR5C_D51_W_SOURCE_DG_S9999,CR5C_D51_W_SOURCE_DG_S9999_75038720,17,0.043699558104011105,0.007399260073992601,3,True,False,0.39390259981155396,4,3,3,0.4355780780315399,0.4292263984680176,0.39390259981155396,0.606097400188446,2,3,6.182428359985352,2.6411473751068115,0.9841269841269841,0.0
CR5C_D51_W_SOURCE_DG,CR5_D51,poster,na,na,9999,75000000,75038720,/work/classic/fr_xl1014-corridor-geometry/IntrMotiv/SF_hipposlam/train_dir/analysis/poster_missing_analyses_20260926/inputs/CR5C_D51_W_SOURCE_DG_S9999_75038720/00_CR5C_D51_W_SOURCE_DG_S9999/checkpoint_p0/checkpoint_000009160_75038720.pth,/work/classic/fr_xl1014-corridor-geometry/IntrMotiv/SF_hipposlam/train_dir/analysis/poster_missing_analyses_20260926/inputs/CR5C_D51_W_SOURCE_DG_S9999_75038720/00_CR5C_D51_W_SOURCE_DG_S9999,CR5C_D51_W_SOURCE_DG_S9999_75038720,18,1.7203128877944732e-06,9.999000099990002e-05,1,False,False,0.0,0,0,0,0.0,0.0,0.0,1.0,0,0,0.0,0.0,0.031746031746031744,0.0
CR5C_D51_W_SOURCE_DG,CR5_D51,poster,na,na,9999,75000000,75038720,/work/classic/fr_xl1014-corridor-geometry/IntrMotiv/SF_hipposlam/train_dir/analysis/poster_missing_analyses_20260926/inputs/CR5C_D51_W_SOURCE_DG_S9999_75038720/00_CR5C_D51_W_SOURCE_DG_S9999/checkpoint_p0/checkpoint_000009160_75038720.pth,/work/classic/fr_xl1014-corridor-geometry/IntrMotiv/SF_hipposlam/train_dir/analysis/poster_missing_analyses_20260926/inputs/CR5C_D51_W_SOURCE_DG_S9999_75038720/00_CR5C_D51_W_SOURCE_DG_S9999,CR5C_D51_W_SOURCE_DG_S9999_75038720,19,0.0016394132994027387,0.00019998000199980003,1,False,False,0.0,0,0,0,0.0,0.0,0.0,1.0,0,0,0.0,0.0,0.0,0.0
CR5C_D51_W_SOURCE_DG,CR5_D51,poster,na,na,9999,75000000,75038720,/work/classic/fr_xl1014-corridor-geometry/IntrMotiv/SF_hipposlam/train_dir/analysis/poster_missing_analyses_20260926/inputs/CR5C_D51_W_SOURCE_DG_S9999_75038720/00_CR5C_D51_W_SOURCE_DG_S9999/checkpoint_p0/checkpoint_000009160_75038720.pth,/work/classic/fr_xl1014-corridor-geometry/IntrMotiv/SF_hipposlam/train_dir/analysis/poster_missing_analyses_20260926/inputs/CR5C_D51_W_SOURCE_DG_S9999_75038720/00_CR5C_D51_W_SOURCE_DG_S9999,CR5C_D51_W_SOURCE_DG_S9999_75038720,20,0.1632985822543362,0.133986601339866,6,True,False,0.2311442643404007,5,6,5,0.4812924563884735,0.2311442643404007,0.40195852518081665,0.7688557356595993,0,1,0.0,0.9195501804351807,1.0,0.0
CR5C_D51_W_SOURCE_DG,CR5_D51,poster,na,na,9999,75000000,75038720,/work/classic/fr_xl1014-corridor-geometry/IntrMotiv/SF_hipposlam/train_dir/analysis/poster_missing_analyses_20260926/inputs/CR5C_D51_W_SOURCE_DG_S9999_75038720/00_CR5C_D51_W_SOURCE_DG_S9999/checkpoint_p0/checkpoint_000009160_75038720.pth,/work/classic/fr_xl1014-corridor-geometry/IntrMotiv/SF_hipposlam/train_dir/analysis/poster_missing_analyses_20260926/inputs/CR5C_D51_W_SOURCE_DG_S9999_75038720/00_CR5C_D51_W_SOURCE_DG_S9999,CR5C_D51_W_SOURCE_DG_S9999_75038720,21,0.004309702550247646,9.999000099990002e-05,1,False,False,0.0,0,0,0,0.0,0.0,0.0,1.0,0,0,0.0,0.0,0.031746031746031744,0.0
CR5C_D51_W_SOURCE_DG,CR5_D51,poster,na,na,9999,75000000,75038720,/work/classic/fr_xl1014-corridor-geometry/IntrMotiv/SF_hipposlam/train_dir/analysis/poster_missing_analyses_20260926/inputs/CR5C_D51_W_SOURCE_DG_S9999_75038720/00_CR5C_D51_W_SOURCE_DG_S9999/checkpoint_p0/checkpoint_000009160_75038720.pth,/work/classic/fr_xl1014-corridor-geometry/IntrMotiv/SF_hipposlam/train_dir/analysis/poster_missing_analyses_20260926/inputs/CR5C_D51_W_SOURCE_DG_S9999_75038720/00_CR5C_D51_W_SOURCE_DG_S9999,CR5C_D51_W_SOURCE_DG_S9999_75038720,22,6.298055079136516e-05,9.999000099990002e-05,1,False,False,0.0,0,0,0,0.0,0.0,0.0,1.0,0,0,0.0,0.0,0.0,0.0
CR5C_D51_W_SOURCE_DG,CR5_D51,poster,na,na,9999,75000000,75038720,/work/classic/fr_xl1014-corridor-geometry/IntrMotiv/SF_hipposlam/train_dir/analysis/poster_missing_analyses_20260926/inputs/CR5C_D51_W_SOURCE_DG_S9999_75038720/00_CR5C_D51_W_SOURCE_DG_S9999/checkpoint_p0/checkpoint_000009160_75038720.pth,/work/classic/fr_xl1014-corridor-geometry/IntrMotiv/SF_hipposlam/train_dir/analysis/poster_missing_analyses_20260926/inputs/CR5C_D51_W_SOURCE_DG_S9999_75038720/00_CR5C_D51_W_SOURCE_DG_S9999,CR5C_D51_W_SOURCE_DG_S9999_75038720,23,0.0011155942188037496,9.999000099990002e-05,1,False,False,0.0,0,0,0,0.0,0.0,0.0,1.0,1,0,0.6865327954292297,0.0,0.031746031746031744,0.0
CR5C_D51_W_SOURCE_DG,CR5_D51,poster,na,na,9999,75000000,75038720,/work/classic/fr_xl1014-corridor-geometry/IntrMotiv/SF_hipposlam/train_dir/analysis/poster_missing_analyses_20260926/inputs/CR5C_D51_W_SOURCE_DG_S9999_75038720/00_CR5C_D51_W_SOURCE_DG_S9999/checkpoint_p0/checkpoint_000009160_75038720.pth,/work/classic/fr_xl1014-corridor-geometry/IntrMotiv/SF_hipposlam/train_dir/analysis/poster_missing_analyses_20260926/inputs/CR5C_D51_W_SOURCE_DG_S9999_75038720/00_CR5C_D51_W_SOURCE_DG_S9999,CR5C_D51_W_SOURCE_DG_S9999_75038720,24,0.0,0.0,0,False,False,0.0,0,0,0,0.0,0.0,0.0,1.0,0,0,0.0,0.0,0.015873015873015872,0.0
CR5C_D51_W_SOURCE_DG,CR5_D51,poster,na,na,9999,75000000,75038720,/work/classic/fr_xl1014-corridor-geometry/IntrMotiv/SF_hipposlam/train_dir/analysis/poster_missing_analyses_20260926/inputs/CR5C_D51_W_SOURCE_DG_S9999_75038720/00_CR5C_D51_W_SOURCE_DG_S9999/checkpoint_p0/checkpoint_000009160_75038720.pth,/work/classic/fr_xl1014-corridor-geometry/IntrMotiv/SF_hipposlam/train_dir/analysis/poster_missing_analyses_20260926/inputs/CR5C_D51_W_SOURCE_DG_S9999_75038720/00_CR5C_D51_W_SOURCE_DG_S9999,CR5C_D51_W_SOURCE_DG_S9999_75038720,25,0.000990505221106333,0.00019998000199980003,2,False,False,0.0,0,0,0,0.0,0.0,0.0,1.0,0,0,0.0,0.0,0.047619047619047616,0.0
CR5C_D51_W_SOURCE_DG,CR5_D51,poster,na,na,9999,75000000,75038720,/work/classic/fr_xl1014-corridor-geometry/IntrMotiv/SF_hipposlam/train_dir/analysis/poster_missing_analyses_20260926/inputs/CR5C_D51_W_SOURCE_DG_S9999_75038720/00_CR5C_D51_W_SOURCE_DG_S9999/checkpoint_p0/checkpoint_000009160_75038720.pth,/work/classic/fr_xl1014-corridor-geometry/IntrMotiv/SF_hipposlam/train_dir/analysis/poster_missing_analyses_20260926/inputs/CR5C_D51_W_SOURCE_DG_S9999_75038720/00_CR5C_D51_W_SOURCE_DG_S9999,CR5C_D51_W_SOURCE_DG_S9999_75038720,26,0.010920686312748399,0.0008999100089991,2,False,False,0.0,0,0,0,0.0,0.0,0.0,1.0,1,0,2.5021071434020996,0.0,0.873015873015873,0.0
CR5C_D51_W_SOURCE_DG,CR5_D51,poster,na,na,9999,75000000,75038720,/work/classic/fr_xl1014-corridor-geometry/IntrMotiv/SF_hipposlam/train_dir/analysis/poster_missing_analyses_20260926/inputs/CR5C_D51_W_SOURCE_DG_S9999_75038720/00_CR5C_D51_W_SOURCE_DG_S9999/checkpoint_p0/checkpoint_000009160_75038720.pth,/work/classic/fr_xl1014-corridor-geometry/IntrMotiv/SF_hipposlam/train_dir/analysis/poster_missing_analyses_20260926/inputs/CR5C_D51_W_SOURCE_DG_S9999_75038720/00_CR5C_D51_W_SOURCE_DG_S9999,CR5C_D51_W_SOURCE_DG_S9999_75038720,27,0.0,0.0,0,False,False,0.0,0,0,0,0.0,0.0,0.0,1.0,0,0,0.0,0.0,0.0,0.0
CR5C_D51_W_SOURCE_DG,CR5_D51,poster,na,na,9999,75000000,75038720,/work/classic/fr_xl1014-corridor-geometry/IntrMotiv/SF_hipposlam/train_dir/analysis/poster_missing_analyses_20260926/inputs/CR5C_D51_W_SOURCE_DG_S9999_75038720/00_CR5C_D51_W_SOURCE_DG_S9999/checkpoint_p0/checkpoint_000009160_75038720.pth,/work/classic/fr_xl1014-corridor-geometry/IntrMotiv/SF_hipposlam/train_dir/analysis/poster_missing_analyses_20260926/inputs/CR5C_D51_W_SOURCE_DG_S9999_75038720/00_CR5C_D51_W_SOURCE_DG_S9999,CR5C_D51_W_SOURCE_DG_S9999_75038720,28,0.1673834392060492,0.702029797020298,11,True,False,0.6274388432502747,1,7,6,1.0,0.7716429233551025,0.6274388432502747,0.37256115674972534,2,6,40.12230682373047,25.46440887451172,1.0,0.0
CR5C_D51_W_SOURCE_DG,CR5_D51,poster,na,na,9999,75000000,75038720,/work/classic/fr_xl1014-corridor-geometry/IntrMotiv/SF_hipposlam/train_dir/analysis/poster_missing_analyses_20260926/inputs/CR5C_D51_W_SOURCE_DG_S9999_75038720/00_CR5C_D51_W_SOURCE_DG_S9999/checkpoint_p0/checkpoint_000009160_75038720.pth,/work/classic/fr_xl1014-corridor-geometry/IntrMotiv/SF_hipposlam/train_dir/analysis/poster_missing_analyses_20260926/inputs/CR5C_D51_W_SOURCE_DG_S9999_75038720/00_CR5C_D51_W_SOURCE_DG_S9999,CR5C_D51_W_SOURCE_DG_S9999_75038720,29,0.03898897580547192,0.006099390060993901,1,True,True,0.8286535739898682,2,1,1,0.8286535739898682,1.0,1.0,0.17134642601013184,2,0,2.9808576107025146,0.0,0.6984126984126984,0.0
CR5C_D51_W_SOURCE_DG,CR5_D51,poster,na,na,9999,75000000,75038720,/work/classic/fr_xl1014-corridor-geometry/IntrMotiv/SF_hipposlam/train_dir/analysis/poster_missing_analyses_20260926/inputs/CR5C_D51_W_SOURCE_DG_S9999_75038720/00_CR5C_D51_W_SOURCE_DG_S9999/checkpoint_p0/checkpoint_000009160_75038720.pth,/work/classic/fr_xl1014-corridor-geometry/IntrMotiv/SF_hipposlam/train_dir/analysis/poster_missing_analyses_20260926/inputs/CR5C_D51_W_SOURCE_DG_S9999_75038720/00_CR5C_D51_W_SOURCE_DG_S9999,CR5C_D51_W_SOURCE_DG_S9999_75038720,30,0.003264908539245006,0.00029997000299970003,1,False,False,0.0,0,0,0,0.0,0.0,0.0,1.0,0,0,0.0,0.0,0.031746031746031744,0.0
CR5C_D51_W_SOURCE_DG,CR5_D51,poster,na,na,9999,75000000,75038720,/work/classic/fr_xl1014-corridor-geometry/IntrMotiv/SF_hipposlam/train_dir/analysis/poster_missing_analyses_20260926/inputs/CR5C_D51_W_SOURCE_DG_S9999_75038720/00_CR5C_D51_W_SOURCE_DG_S9999/checkpoint_p0/checkpoint_000009160_75038720.pth,/work/classic/fr_xl1014-corridor-geometry/IntrMotiv/SF_hipposlam/train_dir/analysis/poster_missing_analyses_20260926/inputs/CR5C_D51_W_SOURCE_DG_S9999_75038720/00_CR5C_D51_W_SOURCE_DG_S9999,CR5C_D51_W_SOURCE_DG_S9999_75038720,31,0.0,0.0,0,False,False,0.0,0,0,0,0.0,0.0,0.0,1.0,0,0,0.0,0.0,0.0,0.0
CR5C_D51_W_SOURCE_DG,CR5_D51,poster,na,na,9999,75000000,75038720,/work/classic/fr_xl1014-corridor-geometry/IntrMotiv/SF_hipposlam/train_dir/analysis/poster_missing_analyses_20260926/inputs/CR5C_D51_W_SOURCE_DG_S9999_75038720/00_CR5C_D51_W_SOURCE_DG_S9999/checkpoint_p0/checkpoint_000009160_75038720.pth,/work/classic/fr_xl1014-corridor-geometry/IntrMotiv/SF_hipposlam/train_dir/analysis/poster_missing_analyses_20260926/inputs/CR5C_D51_W_SOURCE_DG_S9999_75038720/00_CR5C_D51_W_SOURCE_DG_S9999,CR5C_D51_W_SOURCE_DG_S9999_75038720,32,0.020786138684906995,0.0028997100289971,2,True,False,0.4699677526950836,4,4,2,0.5126773118972778,0.4699677526950836,0.5870885252952576,0.5300322473049164,2,0,3.2672476768493652,0.0,0.9682539682539683,0.0
CR5C_D51_W_SOURCE_DG,CR5_D51,poster,na,na,9999,75000000,75038720,/work/classic/fr_xl1014-corridor-geometry/IntrMotiv/SF_hipposlam/train_dir/analysis/poster_missing_analyses_20260926/inputs/CR5C_D51_W_SOURCE_DG_S9999_75038720/00_CR5C_D51_W_SOURCE_DG_S9999/checkpoint_p0/checkpoint_000009160_75038720.pth,/work/classic/fr_xl1014-corridor-geometry/IntrMotiv/SF_hipposlam/train_dir/analysis/poster_missing_analyses_20260926/inputs/CR5C_D51_W_SOURCE_DG_S9999_75038720/00_CR5C_D51_W_SOURCE_DG_S9999,CR5C_D51_W_SOURCE_DG_S9999_75038720,33,1.4687646629033948e-05,9.999000099990002e-05,1,False,False,0.0,0,0,0,0.0,0.0,0.0,1.0,0,0,0.0,0.0,0.0,0.0
CR5C_D51_W_SOURCE_DG,CR5_D51,poster,na,na,9999,75000000,75038720,/work/classic/fr_xl1014-corridor-geometry/IntrMotiv/SF_hipposlam/train_dir/analysis/poster_missing_analyses_20260926/inputs/CR5C_D51_W_SOURCE_DG_S9999_75038720/00_CR5C_D51_W_SOURCE_DG_S9999/checkpoint_p0/checkpoint_000009160_75038720.pth,/work/classic/fr_xl1014-corridor-geometry/IntrMotiv/SF_hipposlam/train_dir/analysis/poster_missing_analyses_20260926/inputs/CR5C_D51_W_SOURCE_DG_S9999_75038720/00_CR5C_D51_W_SOURCE_DG_S9999,CR5C_D51_W_SOURCE_DG_S9999_75038720,34,0.0009428356427795145,9.999000099990002e-05,1,False,False,0.0,0,0,0,0.0,0.0,0.0,1.0,0,0,0.0,0.0,0.047619047619047616,0.0
CR5C_D51_W_SOURCE_DG,CR5_D51,poster,na,na,9999,75000000,75038720,/work/classic/fr_xl1014-corridor-geometry/IntrMotiv/SF_hipposlam/train_dir/analysis/poster_missing_analyses_20260926/inputs/CR5C_D51_W_SOURCE_DG_S9999_75038720/00_CR5C_D51_W_SOURCE_DG_S9999/checkpoint_p0/checkpoint_000009160_75038720.pth,/work/classic/fr_xl1014-corridor-geometry/IntrMotiv/SF_hipposlam/train_dir/analysis/poster_missing_analyses_20260926/inputs/CR5C_D51_W_SOURCE_DG_S9999_75038720/00_CR5C_D51_W_SOURCE_DG_S9999,CR5C_D51_W_SOURCE_DG_S9999_75038720,35,0.029450945457299767,0.0030996900309969004,2,True,True,0.838985800743103,3,1,1,0.838985800743103,1.0,1.0,0.16101419925689697,4,0,3.6623172760009766,0.0,0.6825396825396826,0.0
CR5C_D51_W_SOURCE_DG,CR5_D51,poster,na,na,9999,75000000,75038720,/work/classic/fr_xl1014-corridor-geometry/IntrMotiv/SF_hipposlam/train_dir/analysis/poster_missing_analyses_20260926/inputs/CR5C_D51_W_SOURCE_DG_S9999_75038720/00_CR5C_D51_W_SOURCE_DG_S9999/checkpoint_p0/checkpoint_000009160_75038720.pth,/work/classic/fr_xl1014-corridor-geometry/IntrMotiv/SF_hipposlam/train_dir/analysis/poster_missing_analyses_20260926/inputs/CR5C_D51_W_SOURCE_DG_S9999_75038720/00_CR5C_D51_W_SOURCE_DG_S9999,CR5C_D51_W_SOURCE_DG_S9999_75038720,36,0.0,0.0,0,False,False,0.0,0,0,0,0.0,0.0,0.0,1.0,0,0,0.0,0.0,0.0,0.0
CR5C_D51_W_SOURCE_DG,CR5_D51,poster,na,na,9999,75000000,75038720,/work/classic/fr_xl1014-corridor-geometry/IntrMotiv/SF_hipposlam/train_dir/analysis/poster_missing_analyses_20260926/inputs/CR5C_D51_W_SOURCE_DG_S9999_75038720/00_CR5C_D51_W_SOURCE_DG_S9999/checkpoint_p0/checkpoint_000009160_75038720.pth,/work/classic/fr_xl1014-corridor-geometry/IntrMotiv/SF_hipposlam/train_dir/analysis/poster_missing_analyses_20260926/inputs/CR5C_D51_W_SOURCE_DG_S9999_75038720/00_CR5C_D51_W_SOURCE_DG_S9999,CR5C_D51_W_SOURCE_DG_S9999_75038720,37,0.006210890899753836,0.00029997000299970003,1,False,False,0.0,0,0,0,0.0,0.0,0.0,1.0,1,0,0.6190811991691589,0.0,0.1111111111111111,0.0
CR5C_D51_W_SOURCE_DG,CR5_D51,poster,na,na,9999,75000000,75038720,/work/classic/fr_xl1014-corridor-geometry/IntrMotiv/SF_hipposlam/train_dir/analysis/poster_missing_analyses_20260926/inputs/CR5C_D51_W_SOURCE_DG_S9999_75038720/00_CR5C_D51_W_SOURCE_DG_S9999/checkpoint_p0/checkpoint_000009160_75038720.pth,/work/classic/fr_xl1014-corridor-geometry/IntrMotiv/SF_hipposlam/train_dir/analysis/poster_missing_analyses_20260926/inputs/CR5C_D51_W_SOURCE_DG_S9999_75038720/00_CR5C_D51_W_SOURCE_DG_S9999,CR5C_D51_W_SOURCE_DG_S9999_75038720,38,0.001109953651380121,0.00029997000299970003,1,False,False,0.0,0,0,0,0.0,0.0,0.0,1.0,1,0,0.6936705112457275,0.0,0.25396825396825395,0.0
CR5C_D51_W_SOURCE_DG,CR5_D51,poster,na,na,9999,75000000,75038720,/work/classic/fr_xl1014-corridor-geometry/IntrMotiv/SF_hipposlam/train_dir/analysis/poster_missing_analyses_20260926/inputs/CR5C_D51_W_SOURCE_DG_S9999_75038720/00_CR5C_D51_W_SOURCE_DG_S9999/checkpoint_p0/checkpoint_000009160_75038720.pth,/work/classic/fr_xl1014-corridor-geometry/IntrMotiv/SF_hipposlam/train_dir/analysis/poster_missing_analyses_20260926/inputs/CR5C_D51_W_SOURCE_DG_S9999_75038720/00_CR5C_D51_W_SOURCE_DG_S9999,CR5C_D51_W_SOURCE_DG_S9999_75038720,39,5.971092242326438e-05,0.00019998000199980003,1,False,False,0.0,0,0,0,0.0,0.0,0.0,1.0,0,0,0.0,0.0,0.0,0.0
CR5C_D51_W_SOURCE_DG,CR5_D51,poster,na,na,9999,75000000,75038720,/work/classic/fr_xl1014-corridor-geometry/IntrMotiv/SF_hipposlam/train_dir/analysis/poster_missing_analyses_20260926/inputs/CR5C_D51_W_SOURCE_DG_S9999_75038720/00_CR5C_D51_W_SOURCE_DG_S9999/checkpoint_p0/checkpoint_000009160_75038720.pth,/work/classic/fr_xl1014-corridor-geometry/IntrMotiv/SF_hipposlam/train_dir/analysis/poster_missing_analyses_20260926/inputs/CR5C_D51_W_SOURCE_DG_S9999_75038720/00_CR5C_D51_W_SOURCE_DG_S9999,CR5C_D51_W_SOURCE_DG_S9999_75038720,40,0.0,0.0,0,False,False,0.0,0,0,0,0.0,0.0,0.0,1.0,1,0,0.9195501804351807,0.0,0.015873015873015872,0.0
CR5C_D51_W_SOURCE_DG,CR5_D51,poster,na,na,9999,75000000,75038720,/work/classic/fr_xl1014-corridor-geometry/IntrMotiv/SF_hipposlam/train_dir/analysis/poster_missing_analyses_20260926/inputs/CR5C_D51_W_SOURCE_DG_S9999_75038720/00_CR5C_D51_W_SOURCE_DG_S9999/checkpoint_p0/checkpoint_000009160_75038720.pth,/work/classic/fr_xl1014-corridor-geometry/IntrMotiv/SF_hipposlam/train_dir/analysis/poster_missing_analyses_20260926/inputs/CR5C_D51_W_SOURCE_DG_S9999_75038720/00_CR5C_D51_W_SOURCE_DG_S9999,CR5C_D51_W_SOURCE_DG_S9999_75038720,41,0.00031853719905623344,9.999000099990002e-05,1,False,False,0.0,0,0,0,0.0,0.0,0.0,1.0,0,0,0.0,0.0,0.0,0.0
CR5C_D51_W_SOURCE_DG,CR5_D51,poster,na,na,9999,75000000,75038720,/work/classic/fr_xl1014-corridor-geometry/IntrMotiv/SF_hipposlam/train_dir/analysis/poster_missing_analyses_20260926/inputs/CR5C_D51_W_SOURCE_DG_S9999_75038720/00_CR5C_D51_W_SOURCE_DG_S9999/checkpoint_p0/checkpoint_000009160_75038720.pth,/work/classic/fr_xl1014-corridor-geometry/IntrMotiv/SF_hipposlam/train_dir/analysis/poster_missing_analyses_20260926/inputs/CR5C_D51_W_SOURCE_DG_S9999_75038720/00_CR5C_D51_W_SOURCE_DG_S9999,CR5C_D51_W_SOURCE_DG_S9999_75038720,42,0.0006113558043337414,0.00029997000299970003,1,False,False,0.0,0,0,0,0.0,0.0,0.0,1.0,0,0,0.0,0.0,0.0,0.0
CR5C_D51_W_SOURCE_DG,CR5_D51,poster,na,na,9999,75000000,75038720,/work/classic/fr_xl1014-corridor-geometry/IntrMotiv/SF_hipposlam/train_dir/analysis/poster_missing_analyses_20260926/inputs/CR5C_D51_W_SOURCE_DG_S9999_75038720/00_CR5C_D51_W_SOURCE_DG_S9999/checkpoint_p0/checkpoint_000009160_75038720.pth,/work/classic/fr_xl1014-corridor-geometry/IntrMotiv/SF_hipposlam/train_dir/analysis/poster_missing_analyses_20260926/inputs/CR5C_D51_W_SOURCE_DG_S9999_75038720/00_CR5C_D51_W_SOURCE_DG_S9999,CR5C_D51_W_SOURCE_DG_S9999_75038720,43,2.75152024649321e-05,0.00019998000199980003,1,False,False,0.0,0,0,0,0.0,0.0,0.0,1.0,0,0,0.0,0.0,0.0,0.0
CR5C_D51_W_SOURCE_DG,CR5_D51,poster,na,na,9999,75000000,75038720,/work/classic/fr_xl1014-corridor-geometry/IntrMotiv/SF_hipposlam/train_dir/analysis/poster_missing_analyses_20260926/inputs/CR5C_D51_W_SOURCE_DG_S9999_75038720/00_CR5C_D51_W_SOURCE_DG_S9999/checkpoint_p0/checkpoint_000009160_75038720.pth,/work/classic/fr_xl1014-corridor-geometry/IntrMotiv/SF_hipposlam/train_dir/analysis/poster_missing_analyses_20260926/inputs/CR5C_D51_W_SOURCE_DG_S9999_75038720/00_CR5C_D51_W_SOURCE_DG_S9999,CR5C_D51_W_SOURCE_DG_S9999_75038720,44,0.010825295212464706,0.0021997800219978004,1,True,True,0.8954406976699829,2,1,1,0.8954406976699829,1.0,1.0,0.10455930233001709,4,1,4.266824245452881,0.6190811991691589,0.5714285714285714,0.0
CR5C_D51_W_SOURCE_DG,CR5_D51,poster,na,na,9999,75000000,75038720,/work/classic/fr_xl1014-corridor-geometry/IntrMotiv/SF_hipposlam/train_dir/analysis/poster_missing_analyses_20260926/inputs/CR5C_D51_W_SOURCE_DG_S9999_75038720/00_CR5C_D51_W_SOURCE_DG_S9999/checkpoint_p0/checkpoint_000009160_75038720.pth,/work/classic/fr_xl1014-corridor-geometry/IntrMotiv/SF_hipposlam/train_dir/analysis/poster_missing_analyses_20260926/inputs/CR5C_D51_W_SOURCE_DG_S9999_75038720/00_CR5C_D51_W_SOURCE_DG_S9999,CR5C_D51_W_SOURCE_DG_S9999_75038720,45,0.00905224989933156,0.0016998300169983002,1,False,False,0.0,0,0,0,0.0,0.0,0.0,1.0,1,0,2.6920206546783447,0.0,0.30158730158730157,0.0
CR5C_D51_W_SOURCE_DG,CR5_D51,poster,na,na,9999,75000000,75038720,/work/classic/fr_xl1014-corridor-geometry/IntrMotiv/SF_hipposlam/train_dir/analysis/poster_missing_analyses_20260926/inputs/CR5C_D51_W_SOURCE_DG_S9999_75038720/00_CR5C_D51_W_SOURCE_DG_S9999/checkpoint_p0/checkpoint_000009160_75038720.pth,/work/classic/fr_xl1014-corridor-geometry/IntrMotiv/SF_hipposlam/train_dir/analysis/poster_missing_analyses_20260926/inputs/CR5C_D51_W_SOURCE_DG_S9999_75038720/00_CR5C_D51_W_SOURCE_DG_S9999,CR5C_D51_W_SOURCE_DG_S9999_75038720,46,0.0,0.0,0,False,False,0.0,0,0,0,0.0,0.0,0.0,1.0,0,0,0.0,0.0,0.0,0.0
CR5C_D51_W_SOURCE_DG,CR5_D51,poster,na,na,9999,75000000,75038720,/work/classic/fr_xl1014-corridor-geometry/IntrMotiv/SF_hipposlam/train_dir/analysis/poster_missing_analyses_20260926/inputs/CR5C_D51_W_SOURCE_DG_S9999_75038720/00_CR5C_D51_W_SOURCE_DG_S9999/checkpoint_p0/checkpoint_000009160_75038720.pth,/work/classic/fr_xl1014-corridor-geometry/IntrMotiv/SF_hipposlam/train_dir/analysis/poster_missing_analyses_20260926/inputs/CR5C_D51_W_SOURCE_DG_S9999_75038720/00_CR5C_D51_W_SOURCE_DG_S9999,CR5C_D51_W_SOURCE_DG_S9999_75038720,47,0.1189085833094481,0.0164983501649835,1,True,True,0.8530648946762085,2,1,1,0.8530648946762085,1.0,1.0,0.1469351053237915,2,1,20.325916290283203,0.7003163695335388,1.0,0.0
CR5C_D51_W_SOURCE_DG,CR5_D51,poster,na,na,9999,75000000,75038720,/work/classic/fr_xl1014-corridor-geometry/IntrMotiv/SF_hipposlam/train_dir/analysis/poster_missing_analyses_20260926/inputs/CR5C_D51_W_SOURCE_DG_S9999_75038720/00_CR5C_D51_W_SOURCE_DG_S9999/checkpoint_p0/checkpoint_000009160_75038720.pth,/work/classic/fr_xl1014-corridor-geometry/IntrMotiv/SF_hipposlam/train_dir/analysis/poster_missing_analyses_20260926/inputs/CR5C_D51_W_SOURCE_DG_S9999_75038720/00_CR5C_D51_W_SOURCE_DG_S9999,CR5C_D51_W_SOURCE_DG_S9999_75038720,48,0.2681781851023253,0.30416958304169583,4,True,False,0.5142064690589905,5,5,3,0.5142064690589905,0.6063524484634399,0.8139691948890686,0.4857935309410095,2,6,37.67082214355469,61.21527862548828,1.0,0.0
CR5C_D51_W_SOURCE_DG,CR5_D51,poster,na,na,9999,75000000,75038720,/work/classic/fr_xl1014-corridor-geometry/IntrMotiv/SF_hipposlam/train_dir/analysis/poster_missing_analyses_20260926/inputs/CR5C_D51_W_SOURCE_DG_S9999_75038720/00_CR5C_D51_W_SOURCE_DG_S9999/checkpoint_p0/checkpoint_000009160_75038720.pth,/work/classic/fr_xl1014-corridor-geometry/IntrMotiv/SF_hipposlam/train_dir/analysis/poster_missing_analyses_20260926/inputs/CR5C_D51_W_SOURCE_DG_S9999_75038720/00_CR5C_D51_W_SOURCE_DG_S9999,CR5C_D51_W_SOURCE_DG_S9999_75038720,49,1.149108008867041e-05,9.999000099990002e-05,1,False,False,0.0,0,0,0,0.0,0.0,0.0,1.0,0,0,0.0,0.0,0.0,0.0
CR5C_D51_W_SOURCE_DG,CR5_D51,poster,na,na,9999,75000000,75038720,/work/classic/fr_xl1014-corridor-geometry/IntrMotiv/SF_hipposlam/train_dir/analysis/poster_missing_analyses_20260926/inputs/CR5C_D51_W_SOURCE_DG_S9999_75038720/00_CR5C_D51_W_SOURCE_DG_S9999/checkpoint_p0/checkpoint_000009160_75038720.pth,/work/classic/fr_xl1014-corridor-geometry/IntrMotiv/SF_hipposlam/train_dir/analysis/poster_missing_analyses_20260926/inputs/CR5C_D51_W_SOURCE_DG_S9999_75038720/00_CR5C_D51_W_SOURCE_DG_S9999,CR5C_D51_W_SOURCE_DG_S9999_75038720,50,0.20123408872774196,0.0382961703829617,5,True,False,0.24822747707366943,6,5,3,0.24822747707366943,0.3717881143093109,0.3978031575679779,0.7517725229263306,0,1,0.0,0.9151853322982788,1.0,0.0
CR5C_D51_W_SOURCE_DG,CR5_D51,poster,na,na,9999,75000000,75038720,/work/classic/fr_xl1014-corridor-geometry/IntrMotiv/SF_hipposlam/train_dir/analysis/poster_missing_analyses_20260926/inputs/CR5C_D51_W_SOURCE_DG_S9999_75038720/00_CR5C_D51_W_SOURCE_DG_S9999/checkpoint_p0/checkpoint_000009160_75038720.pth,/work/classic/fr_xl1014-corridor-geometry/IntrMotiv/SF_hipposlam/train_dir/analysis/poster_missing_analyses_20260926/inputs/CR5C_D51_W_SOURCE_DG_S9999_75038720/00_CR5C_D51_W_SOURCE_DG_S9999,CR5C_D51_W_SOURCE_DG_S9999_75038720,51,0.0009823309193038993,0.00019998000199980003,1,False,False,0.0,0,0,0,0.0,0.0,0.0,1.0,0,0,0.0,0.0,0.1111111111111111,0.0
CR5C_D51_W_SOURCE_DG,CR5_D51,poster,na,na,9999,75000000,75038720,/work/classic/fr_xl1014-corridor-geometry/IntrMotiv/SF_hipposlam/train_dir/analysis/poster_missing_analyses_20260926/inputs/CR5C_D51_W_SOURCE_DG_S9999_75038720/00_CR5C_D51_W_SOURCE_DG_S9999/checkpoint_p0/checkpoint_000009160_75038720.pth,/work/classic/fr_xl1014-corridor-geometry/IntrMotiv/SF_hipposlam/train_dir/analysis/poster_missing_analyses_20260926/inputs/CR5C_D51_W_SOURCE_DG_S9999_75038720/00_CR5C_D51_W_SOURCE_DG_S9999,CR5C_D51_W_SOURCE_DG_S9999_75038720,52,0.0,0.0,0,False,False,0.0,0,0,0,0.0,0.0,0.0,1.0,0,0,0.0,0.0,0.0,0.0
CR5C_D51_W_SOURCE_DG,CR5_D51,poster,na,na,9999,75000000,75038720,/work/classic/fr_xl1014-corridor-geometry/IntrMotiv/SF_hipposlam/train_dir/analysis/poster_missing_analyses_20260926/inputs/CR5C_D51_W_SOURCE_DG_S9999_75038720/00_CR5C_D51_W_SOURCE_DG_S9999/checkpoint_p0/checkpoint_000009160_75038720.pth,/work/classic/fr_xl1014-corridor-geometry/IntrMotiv/SF_hipposlam/train_dir/analysis/poster_missing_analyses_20260926/inputs/CR5C_D51_W_SOURCE_DG_S9999_75038720/00_CR5C_D51_W_SOURCE_DG_S9999,CR5C_D51_W_SOURCE_DG_S9999_75038720,53,0.0,0.0,0,False,False,0.0,0,0,0,0.0,0.0,0.0,1.0,0,0,0.0,0.0,0.0,0.0
CR5C_D51_W_SOURCE_DG,CR5_D51,poster,na,na,9999,75000000,75038720,/work/classic/fr_xl1014-corridor-geometry/IntrMotiv/SF_hipposlam/train_dir/analysis/poster_missing_analyses_20260926/inputs/CR5C_D51_W_SOURCE_DG_S9999_75038720/00_CR5C_D51_W_SOURCE_DG_S9999/checkpoint_p0/checkpoint_000009160_75038720.pth,/work/classic/fr_xl1014-corridor-geometry/IntrMotiv/SF_hipposlam/train_dir/analysis/poster_missing_analyses_20260926/inputs/CR5C_D51_W_SOURCE_DG_S9999_75038720/00_CR5C_D51_W_SOURCE_DG_S9999,CR5C_D51_W_SOURCE_DG_S9999_75038720,54,0.0574994723888947,0.0035996400359964,1,True,True,1.0,1,1,1,1.0,1.0,1.0,0.0,1,1,1.2926061153411865,0.8955237865447998,0.9841269841269841,0.0
CR5C_D51_W_SOURCE_DG,CR5_D51,poster,na,na,9999,75000000,75038720,/work/classic/fr_xl1014-corridor-geometry/IntrMotiv/SF_hipposlam/train_dir/analysis/poster_missing_analyses_20260926/inputs/CR5C_D51_W_SOURCE_DG_S9999_75038720/00_CR5C_D51_W_SOURCE_DG_S9999/checkpoint_p0/checkpoint_000009160_75038720.pth,/work/classic/fr_xl1014-corridor-geometry/IntrMotiv/SF_hipposlam/train_dir/analysis/poster_missing_analyses_20260926/inputs/CR5C_D51_W_SOURCE_DG_S9999_75038720/00_CR5C_D51_W_SOURCE_DG_S9999,CR5C_D51_W_SOURCE_DG_S9999_75038720,55,0.0025679337809988365,0.0007999200079992001,3,False,False,0.0,0,0,0,0.0,0.0,0.0,1.0,0,0,0.0,0.0,0.015873015873015872,0.0
CR5C_D51_W_SOURCE_DG,CR5_D51,poster,na,na,9999,75000000,75038720,/work/classic/fr_xl1014-corridor-geometry/IntrMotiv/SF_hipposlam/train_dir/analysis/poster_missing_analyses_20260926/inputs/CR5C_D51_W_SOURCE_DG_S9999_75038720/00_CR5C_D51_W_SOURCE_DG_S9999/checkpoint_p0/checkpoint_000009160_75038720.pth,/work/classic/fr_xl1014-corridor-geometry/IntrMotiv/SF_hipposlam/train_dir/analysis/poster_missing_analyses_20260926/inputs/CR5C_D51_W_SOURCE_DG_S9999_75038720/00_CR5C_D51_W_SOURCE_DG_S9999,CR5C_D51_W_SOURCE_DG_S9999_75038720,56,9.113254958761737e-05,0.00029997000299970003,1,False,False,0.0,0,0,0,0.0,0.0,0.0,1.0,0,0,0.0,0.0,0.0,0.0
CR5C_D51_W_SOURCE_DG,CR5_D51,poster,na,na,9999,75000000,75038720,/work/classic/fr_xl1014-corridor-geometry/IntrMotiv/SF_hipposlam/train_dir/analysis/poster_missing_analyses_20260926/inputs/CR5C_D51_W_SOURCE_DG_S9999_75038720/00_CR5C_D51_W_SOURCE_DG_S9999/checkpoint_p0/checkpoint_000009160_75038720.pth,/work/classic/fr_xl1014-corridor-geometry/IntrMotiv/SF_hipposlam/train_dir/analysis/poster_missing_analyses_20260926/inputs/CR5C_D51_W_SOURCE_DG_S9999_75038720/00_CR5C_D51_W_SOURCE_DG_S9999,CR5C_D51_W_SOURCE_DG_S9999_75038720,57,0.028532287539035906,0.0053994600539946005,4,True,False,0.37260979413986206,4,3,2,0.37260979413986206,0.5360106229782104,0.5476011633872986,0.6273902058601379,0,4,0.0,3.768941879272461,0.5714285714285714,0.0
CR5C_D51_W_SOURCE_DG,CR5_D51,poster,na,na,9999,75000000,75038720,/work/classic/fr_xl1014-corridor-geometry/IntrMotiv/SF_hipposlam/train_dir/analysis/poster_missing_analyses_20260926/inputs/CR5C_D51_W_SOURCE_DG_S9999_75038720/00_CR5C_D51_W_SOURCE_DG_S9999/checkpoint_p0/checkpoint_000009160_75038720.pth,/work/classic/fr_xl1014-corridor-geometry/IntrMotiv/SF_hipposlam/train_dir/analysis/poster_missing_analyses_20260926/inputs/CR5C_D51_W_SOURCE_DG_S9999_75038720/00_CR5C_D51_W_SOURCE_DG_S9999,CR5C_D51_W_SOURCE_DG_S9999_75038720,58,0.009152339140324534,0.0014998500149985001,1,False,False,0.0,0,0,0,0.0,0.0,0.0,1.0,2,0,1.648637294769287,0.0,0.6349206349206349,0.0
CR5C_D51_W_SOURCE_DG,CR5_D51,poster,na,na,9999,75000000,75038720,/work/classic/fr_xl1014-corridor-geometry/IntrMotiv/SF_hipposlam/train_dir/analysis/poster_missing_analyses_20260926/inputs/CR5C_D51_W_SOURCE_DG_S9999_75038720/00_CR5C_D51_W_SOURCE_DG_S9999/checkpoint_p0/checkpoint_000009160_75038720.pth,/work/classic/fr_xl1014-corridor-geometry/IntrMotiv/SF_hipposlam/train_dir/analysis/poster_missing_analyses_20260926/inputs/CR5C_D51_W_SOURCE_DG_S9999_75038720/00_CR5C_D51_W_SOURCE_DG_S9999,CR5C_D51_W_SOURCE_DG_S9999_75038720,59,0.01839739469279983,0.0032996700329967,2,True,False,0.5828647017478943,2,2,2,0.6036306619644165,0.7574989199638367,0.5828647017478943,0.4171352982521057,0,1,0.0,0.6865327954292297,0.9365079365079365,0.0
CR5C_D51_W_SOURCE_DG,CR5_D51,poster,na,na,9999,75000000,75038720,/work/classic/fr_xl1014-corridor-geometry/IntrMotiv/SF_hipposlam/train_dir/analysis/poster_missing_analyses_20260926/inputs/CR5C_D51_W_SOURCE_DG_S9999_75038720/00_CR5C_D51_W_SOURCE_DG_S9999/checkpoint_p0/checkpoint_000009160_75038720.pth,/work/classic/fr_xl1014-corridor-geometry/IntrMotiv/SF_hipposlam/train_dir/analysis/poster_missing_analyses_20260926/inputs/CR5C_D51_W_SOURCE_DG_S9999_75038720/00_CR5C_D51_W_SOURCE_DG_S9999,CR5C_D51_W_SOURCE_DG_S9999_75038720,60,0.0032323956725207985,0.0016998300169983002,1,False,False,0.0,0,0,0,0.0,0.0,0.0,1.0,0,0,0.0,0.0,0.07936507936507936,0.0
CR5C_D51_W_SOURCE_DG,CR5_D51,poster,na,na,9999,75000000,75038720,/work/classic/fr_xl1014-corridor-geometry/IntrMotiv/SF_hipposlam/train_dir/analysis/poster_missing_analyses_20260926/inputs/CR5C_D51_W_SOURCE_DG_S9999_75038720/00_CR5C_D51_W_SOURCE_DG_S9999/checkpoint_p0/checkpoint_000009160_75038720.pth,/work/classic/fr_xl1014-corridor-geometry/IntrMotiv/SF_hipposlam/train_dir/analysis/poster_missing_analyses_20260926/inputs/CR5C_D51_W_SOURCE_DG_S9999_75038720/00_CR5C_D51_W_SOURCE_DG_S9999,CR5C_D51_W_SOURCE_DG_S9999_75038720,61,0.00030405139671999855,9.999000099990002e-05,1,False,False,0.0,0,0,0,0.0,0.0,0.0,1.0,0,0,0.0,0.0,0.031746031746031744,0.0
CR5C_D51_W_SOURCE_DG,CR5_D51,poster,na,na,9999,75000000,75038720,/work/classic/fr_xl1014-corridor-geometry/IntrMotiv/SF_hipposlam/train_dir/analysis/poster_missing_analyses_20260926/inputs/CR5C_D51_W_SOURCE_DG_S9999_75038720/00_CR5C_D51_W_SOURCE_DG_S9999/checkpoint_p0/checkpoint_000009160_75038720.pth,/work/classic/fr_xl1014-corridor-geometry/IntrMotiv/SF_hipposlam/train_dir/analysis/poster_missing_analyses_20260926/inputs/CR5C_D51_W_SOURCE_DG_S9999_75038720/00_CR5C_D51_W_SOURCE_DG_S9999,CR5C_D51_W_SOURCE_DG_S9999_75038720,62,0.0,0.0,0,False,False,0.0,0,0,0,0.0,0.0,0.0,1.0,0,0,0.0,0.0,0.1111111111111111,0.0
CR5C_D51_W_SOURCE_DG,CR5_D51,poster,na,na,9999,75000000,75038720,/work/classic/fr_xl1014-corridor-geometry/IntrMotiv/SF_hipposlam/train_dir/analysis/poster_missing_analyses_20260926/inputs/CR5C_D51_W_SOURCE_DG_S9999_75038720/00_CR5C_D51_W_SOURCE_DG_S9999/checkpoint_p0/checkpoint_000009160_75038720.pth,/work/classic/fr_xl1014-corridor-geometry/IntrMotiv/SF_hipposlam/train_dir/analysis/poster_missing_analyses_20260926/inputs/CR5C_D51_W_SOURCE_DG_S9999_75038720/00_CR5C_D51_W_SOURCE_DG_S9999,CR5C_D51_W_SOURCE_DG_S9999_75038720,63,2.3777198414856044e-05,9.999000099990002e-05,1,False,False,0.0,0,0,0,0.0,0.0,0.0,1.0,0,0,0.0,0.0,0.0,0.0
CR5C_D51_W_RAND_DG,CR5_D51,poster,na,na,42,75000000,75038720,/work/classic/fr_xl1014-corridor-geometry/IntrMotiv/SF_hipposlam/train_dir/analysis/poster_missing_analyses_20260926/inputs/CR5C_D51_W_RAND_DG_S42_75038720/00_CR5C_D51_W_RAND_DG_S42/checkpoint_p0/checkpoint_000009160_75038720.pth,/work/classic/fr_xl1014-corridor-geometry/IntrMotiv/SF_hipposlam/train_dir/analysis/poster_missing_analyses_20260926/inputs/CR5C_D51_W_RAND_DG_S42_75038720/00_CR5C_D51_W_RAND_DG_S42,CR5C_D51_W_RAND_DG_S42_75038720,0,0.007093837618089173,0.005699430056994301,2,True,False,0.5499854683876038,2,2,2,0.5499854683876038,0.5567924380302429,0.5567924380302429,0.45001453161239624,1,2,0.9305030703544617,2.765913248062134,0.9365079365079365,0.0
CR5C_D51_W_RAND_DG,CR5_D51,poster,na,na,42,75000000,75038720,/work/classic/fr_xl1014-corridor-geometry/IntrMotiv/SF_hipposlam/train_dir/analysis/poster_missing_analyses_20260926/inputs/CR5C_D51_W_RAND_DG_S42_75038720/00_CR5C_D51_W_RAND_DG_S42/checkpoint_p0/checkpoint_000009160_75038720.pth,/work/classic/fr_xl1014-corridor-geometry/IntrMotiv/SF_hipposlam/train_dir/analysis/poster_missing_analyses_20260926/inputs/CR5C_D51_W_RAND_DG_S42_75038720/00_CR5C_D51_W_RAND_DG_S42,CR5C_D51_W_RAND_DG_S42_75038720,1,0.001300959614783757,0.0012998700129987,1,False,False,0.0,0,0,0,0.0,0.0,0.0,1.0,1,2,1.0695253610610962,1.3083628416061401,0.8095238095238095,0.0
CR5C_D51_W_RAND_DG,CR5_D51,poster,na,na,42,75000000,75038720,/work/classic/fr_xl1014-corridor-geometry/IntrMotiv/SF_hipposlam/train_dir/analysis/poster_missing_analyses_20260926/inputs/CR5C_D51_W_RAND_DG_S42_75038720/00_CR5C_D51_W_RAND_DG_S42/checkpoint_p0/checkpoint_000009160_75038720.pth,/work/classic/fr_xl1014-corridor-geometry/IntrMotiv/SF_hipposlam/train_dir/analysis/poster_missing_analyses_20260926/inputs/CR5C_D51_W_RAND_DG_S42_75038720/00_CR5C_D51_W_RAND_DG_S42,CR5C_D51_W_RAND_DG_S42_75038720,2,0.0004729623013901033,0.0012998700129987,1,False,False,0.0,0,0,0,0.0,0.0,0.0,1.0,3,1,2.5277957916259766,1.4630405902862549,0.8571428571428571,0.0
CR5C_D51_W_RAND_DG,CR5_D51,poster,na,na,42,75000000,75038720,/work/classic/fr_xl1014-corridor-geometry/IntrMotiv/SF_hipposlam/train_dir/analysis/poster_missing_analyses_20260926/inputs/CR5C_D51_W_RAND_DG_S42_75038720/00_CR5C_D51_W_RAND_DG_S42/checkpoint_p0/checkpoint_000009160_75038720.pth,/work/classic/fr_xl1014-corridor-geometry/IntrMotiv/SF_hipposlam/train_dir/analysis/poster_missing_analyses_20260926/inputs/CR5C_D51_W_RAND_DG_S42_75038720/00_CR5C_D51_W_RAND_DG_S42,CR5C_D51_W_RAND_DG_S42_75038720,3,0.004315521837605728,0.007599240075992401,1,True,False,0.6649206876754761,4,1,1,0.6649206876754761,1.0,1.0,0.3350793123245239,1,2,3.829633951187134,1.77254056930542,1.0,0.0
CR5C_D51_W_RAND_DG,CR5_D51,poster,na,na,42,75000000,75038720,/work/classic/fr_xl1014-corridor-geometry/IntrMotiv/SF_hipposlam/train_dir/analysis/poster_missing_analyses_20260926/inputs/CR5C_D51_W_RAND_DG_S42_75038720/00_CR5C_D51_W_RAND_DG_S42/checkpoint_p0/checkpoint_000009160_75038720.pth,/work/classic/fr_xl1014-corridor-geometry/IntrMotiv/SF_hipposlam/train_dir/analysis/poster_missing_analyses_20260926/inputs/CR5C_D51_W_RAND_DG_S42_75038720/00_CR5C_D51_W_RAND_DG_S42,CR5C_D51_W_RAND_DG_S42_75038720,4,0.007749118657283084,0.005499450054994501,3,True,False,0.582348644733429,3,2,1,0.5942134857177734,0.582348644733429,1.0,0.41765135526657104,2,2,3.1434073448181152,3.032632350921631,0.9841269841269841,0.0
CR5C_D51_W_RAND_DG,CR5_D51,poster,na,na,42,75000000,75038720,/work/classic/fr_xl1014-corridor-geometry/IntrMotiv/SF_hipposlam/train_dir/analysis/poster_missing_analyses_20260926/inputs/CR5C_D51_W_RAND_DG_S42_75038720/00_CR5C_D51_W_RAND_DG_S42/checkpoint_p0/checkpoint_000009160_75038720.pth,/work/classic/fr_xl1014-corridor-geometry/IntrMotiv/SF_hipposlam/train_dir/analysis/poster_missing_analyses_20260926/inputs/CR5C_D51_W_RAND_DG_S42_75038720/00_CR5C_D51_W_RAND_DG_S42,CR5C_D51_W_RAND_DG_S42_75038720,5,0.004959455357911643,0.005699430056994301,2,True,True,0.9028312563896179,2,1,1,0.9028312563896179,1.0,1.0,0.09716874361038208,1,0,1.2117010354995728,0.0,0.9047619047619048,0.0
CR5C_D51_W_RAND_DG,CR5_D51,poster,na,na,42,75000000,75038720,/work/classic/fr_xl1014-corridor-geometry/IntrMotiv/SF_hipposlam/train_dir/analysis/poster_missing_analyses_20260926/inputs/CR5C_D51_W_RAND_DG_S42_75038720/00_CR5C_D51_W_RAND_DG_S42/checkpoint_p0/checkpoint_000009160_75038720.pth,/work/classic/fr_xl1014-corridor-geometry/IntrMotiv/SF_hipposlam/train_dir/analysis/poster_missing_analyses_20260926/inputs/CR5C_D51_W_RAND_DG_S42_75038720/00_CR5C_D51_W_RAND_DG_S42,CR5C_D51_W_RAND_DG_S42_75038720,6,0.004976634254326033,0.0044995500449955,4,True,False,0.47206079959869385,4,3,2,0.47206079959869385,0.49581119418144226,0.506863534450531,0.5279392004013062,4,3,6.555637359619141,2.550035238265991,1.0,0.0
CR5C_D51_W_RAND_DG,CR5_D51,poster,na,na,42,75000000,75038720,/work/classic/fr_xl1014-corridor-geometry/IntrMotiv/SF_hipposlam/train_dir/analysis/poster_missing_analyses_20260926/inputs/CR5C_D51_W_RAND_DG_S42_75038720/00_CR5C_D51_W_RAND_DG_S42/checkpoint_p0/checkpoint_000009160_75038720.pth,/work/classic/fr_xl1014-corridor-geometry/IntrMotiv/SF_hipposlam/train_dir/analysis/poster_missing_analyses_20260926/inputs/CR5C_D51_W_RAND_DG_S42_75038720/00_CR5C_D51_W_RAND_DG_S42,CR5C_D51_W_RAND_DG_S42_75038720,7,0.0032451813664279784,0.0025997400259974,1,True,False,0.472523957490921,3,2,2,0.472523957490921,0.6880174279212952,0.5725897550582886,0.527476042509079,3,0,3.007936716079712,0.0,0.9047619047619048,0.0
CR5C_D51_W_RAND_DG,CR5_D51,poster,na,na,42,75000000,75038720,/work/classic/fr_xl1014-corridor-geometry/IntrMotiv/SF_hipposlam/train_dir/analysis/poster_missing_analyses_20260926/inputs/CR5C_D51_W_RAND_DG_S42_75038720/00_CR5C_D51_W_RAND_DG_S42/checkpoint_p0/checkpoint_000009160_75038720.pth,/work/classic/fr_xl1014-corridor-geometry/IntrMotiv/SF_hipposlam/train_dir/analysis/poster_missing_analyses_20260926/inputs/CR5C_D51_W_RAND_DG_S42_75038720/00_CR5C_D51_W_RAND_DG_S42,CR5C_D51_W_RAND_DG_S42_75038720,8,0.0015057895304931325,0.0024997500249975004,1,True,False,0.6237818598747253,3,3,1,0.6237818598747253,0.7734466195106506,1.0,0.37621814012527466,2,1,1.4465398788452148,0.8725473284721375,0.7619047619047619,0.0
CR5C_D51_W_RAND_DG,CR5_D51,poster,na,na,42,75000000,75038720,/work/classic/fr_xl1014-corridor-geometry/IntrMotiv/SF_hipposlam/train_dir/analysis/poster_missing_analyses_20260926/inputs/CR5C_D51_W_RAND_DG_S42_75038720/00_CR5C_D51_W_RAND_DG_S42/checkpoint_p0/checkpoint_000009160_75038720.pth,/work/classic/fr_xl1014-corridor-geometry/IntrMotiv/SF_hipposlam/train_dir/analysis/poster_missing_analyses_20260926/inputs/CR5C_D51_W_RAND_DG_S42_75038720/00_CR5C_D51_W_RAND_DG_S42,CR5C_D51_W_RAND_DG_S42_75038720,9,0.00932356862264599,0.007699230076992301,1,True,True,1.0,1,1,1,1.0,1.0,1.0,0.0,0,1,0.0,0.9582080841064453,0.8888888888888888,0.0
CR5C_D51_W_RAND_DG,CR5_D51,poster,na,na,42,75000000,75038720,/work/classic/fr_xl1014-corridor-geometry/IntrMotiv/SF_hipposlam/train_dir/analysis/poster_missing_analyses_20260926/inputs/CR5C_D51_W_RAND_DG_S42_75038720/00_CR5C_D51_W_RAND_DG_S42/checkpoint_p0/checkpoint_000009160_75038720.pth,/work/classic/fr_xl1014-corridor-geometry/IntrMotiv/SF_hipposlam/train_dir/analysis/poster_missing_analyses_20260926/inputs/CR5C_D51_W_RAND_DG_S42_75038720/00_CR5C_D51_W_RAND_DG_S42,CR5C_D51_W_RAND_DG_S42_75038720,10,0.003006030376385781,0.0016998300169983002,1,False,False,0.0,0,0,0,0.0,0.0,0.0,1.0,2,0,1.318962574005127,0.0,0.38095238095238093,0.0
CR5C_D51_W_RAND_DG,CR5_D51,poster,na,na,42,75000000,75038720,/work/classic/fr_xl1014-corridor-geometry/IntrMotiv/SF_hipposlam/train_dir/analysis/poster_missing_analyses_20260926/inputs/CR5C_D51_W_RAND_DG_S42_75038720/00_CR5C_D51_W_RAND_DG_S42/checkpoint_p0/checkpoint_000009160_75038720.pth,/work/classic/fr_xl1014-corridor-geometry/IntrMotiv/SF_hipposlam/train_dir/analysis/poster_missing_analyses_20260926/inputs/CR5C_D51_W_RAND_DG_S42_75038720/00_CR5C_D51_W_RAND_DG_S42,CR5C_D51_W_RAND_DG_S42_75038720,11,0.009331467825241045,0.013898610138986101,2,True,False,0.3158918023109436,8,4,3,0.3158918023109436,0.5361388921737671,0.7001832127571106,0.6841081976890564,1,5,3.4847540855407715,6.426455974578857,1.0,0.0
CR5C_D51_W_RAND_DG,CR5_D51,poster,na,na,42,75000000,75038720,/work/classic/fr_xl1014-corridor-geometry/IntrMotiv/SF_hipposlam/train_dir/analysis/poster_missing_analyses_20260926/inputs/CR5C_D51_W_RAND_DG_S42_75038720/00_CR5C_D51_W_RAND_DG_S42/checkpoint_p0/checkpoint_000009160_75038720.pth,/work/classic/fr_xl1014-corridor-geometry/IntrMotiv/SF_hipposlam/train_dir/analysis/poster_missing_analyses_20260926/inputs/CR5C_D51_W_RAND_DG_S42_75038720/00_CR5C_D51_W_RAND_DG_S42,CR5C_D51_W_RAND_DG_S42_75038720,12,0.0033439137858269903,0.0028997100289971,3,True,False,0.7393619418144226,3,2,1,0.7393619418144226,0.8815248012542725,1.0,0.2606380581855774,2,3,1.5926730632781982,2.673358201980591,0.6825396825396826,0.0
CR5C_D51_W_RAND_DG,CR5_D51,poster,na,na,42,75000000,75038720,/work/classic/fr_xl1014-corridor-geometry/IntrMotiv/SF_hipposlam/train_dir/analysis/poster_missing_analyses_20260926/inputs/CR5C_D51_W_RAND_DG_S42_75038720/00_CR5C_D51_W_RAND_DG_S42/checkpoint_p0/checkpoint_000009160_75038720.pth,/work/classic/fr_xl1014-corridor-geometry/IntrMotiv/SF_hipposlam/train_dir/analysis/poster_missing_analyses_20260926/inputs/CR5C_D51_W_RAND_DG_S42_75038720/00_CR5C_D51_W_RAND_DG_S42,CR5C_D51_W_RAND_DG_S42_75038720,13,0.003438272557232661,0.0014998500149985001,1,False,False,0.0,0,0,0,0.0,0.0,0.0,1.0,2,1,1.5595901012420654,1.035643219947815,0.6666666666666666,0.0
CR5C_D51_W_RAND_DG,CR5_D51,poster,na,na,42,75000000,75038720,/work/classic/fr_xl1014-corridor-geometry/IntrMotiv/SF_hipposlam/train_dir/analysis/poster_missing_analyses_20260926/inputs/CR5C_D51_W_RAND_DG_S42_75038720/00_CR5C_D51_W_RAND_DG_S42/checkpoint_p0/checkpoint_000009160_75038720.pth,/work/classic/fr_xl1014-corridor-geometry/IntrMotiv/SF_hipposlam/train_dir/analysis/poster_missing_analyses_20260926/inputs/CR5C_D51_W_RAND_DG_S42_75038720/00_CR5C_D51_W_RAND_DG_S42,CR5C_D51_W_RAND_DG_S42_75038720,14,0.010434301797541798,0.007599240075992401,1,True,True,1.0,1,1,1,1.0,1.0,1.0,0.0,1,1,2.0982658863067627,2.295753240585327,0.9841269841269841,0.0
CR5C_D51_W_RAND_DG,CR5_D51,poster,na,na,42,75000000,75038720,/work/classic/fr_xl1014-corridor-geometry/IntrMotiv/SF_hipposlam/train_dir/analysis/poster_missing_analyses_20260926/inputs/CR5C_D51_W_RAND_DG_S42_75038720/00_CR5C_D51_W_RAND_DG_S42/checkpoint_p0/checkpoint_000009160_75038720.pth,/work/classic/fr_xl1014-corridor-geometry/IntrMotiv/SF_hipposlam/train_dir/analysis/poster_missing_analyses_20260926/inputs/CR5C_D51_W_RAND_DG_S42_75038720/00_CR5C_D51_W_RAND_DG_S42,CR5C_D51_W_RAND_DG_S42_75038720,15,0.0013402424957945282,0.0010998900109989002,2,False,False,0.0,0,0,0,0.0,0.0,0.0,1.0,2,1,1.7753770351409912,0.6229428052902222,0.6984126984126984,0.0
CR5C_D51_W_RAND_DG,CR5_D51,poster,na,na,42,75000000,75038720,/work/classic/fr_xl1014-corridor-geometry/IntrMotiv/SF_hipposlam/train_dir/analysis/poster_missing_analyses_20260926/inputs/CR5C_D51_W_RAND_DG_S42_75038720/00_CR5C_D51_W_RAND_DG_S42/checkpoint_p0/checkpoint_000009160_75038720.pth,/work/classic/fr_xl1014-corridor-geometry/IntrMotiv/SF_hipposlam/train_dir/analysis/poster_missing_analyses_20260926/inputs/CR5C_D51_W_RAND_DG_S42_75038720/00_CR5C_D51_W_RAND_DG_S42,CR5C_D51_W_RAND_DG_S42_75038720,16,0.0006299651242580483,0.0006999300069993001,1,False,False,0.0,0,0,0,0.0,0.0,0.0,1.0,0,2,0.0,2.60249662399292,1.0,0.0
CR5C_D51_W_RAND_DG,CR5_D51,poster,na,na,42,75000000,75038720,/work/classic/fr_xl1014-corridor-geometry/IntrMotiv/SF_hipposlam/train_dir/analysis/poster_missing_analyses_20260926/inputs/CR5C_D51_W_RAND_DG_S42_75038720/00_CR5C_D51_W_RAND_DG_S42/checkpoint_p0/checkpoint_000009160_75038720.pth,/work/classic/fr_xl1014-corridor-geometry/IntrMotiv/SF_hipposlam/train_dir/analysis/poster_missing_analyses_20260926/inputs/CR5C_D51_W_RAND_DG_S42_75038720/00_CR5C_D51_W_RAND_DG_S42,CR5C_D51_W_RAND_DG_S42_75038720,17,0.0016067281974282072,0.0035996400359964,2,True,False,0.626298725605011,3,1,2,0.8703199028968811,1.0,0.626298725605011,0.373701274394989,1,1,2.295753240585327,0.862144947052002,0.8095238095238095,0.0
CR5C_D51_W_RAND_DG,CR5_D51,poster,na,na,42,75000000,75038720,/work/classic/fr_xl1014-corridor-geometry/IntrMotiv/SF_hipposlam/train_dir/analysis/poster_missing_analyses_20260926/inputs/CR5C_D51_W_RAND_DG_S42_75038720/00_CR5C_D51_W_RAND_DG_S42/checkpoint_p0/checkpoint_000009160_75038720.pth,/work/classic/fr_xl1014-corridor-geometry/IntrMotiv/SF_hipposlam/train_dir/analysis/poster_missing_analyses_20260926/inputs/CR5C_D51_W_RAND_DG_S42_75038720/00_CR5C_D51_W_RAND_DG_S42,CR5C_D51_W_RAND_DG_S42_75038720,18,0.002026525585504943,0.0021997800219978004,3,True,False,0.662442684173584,4,2,1,0.662442684173584,0.836633563041687,1.0,0.337557315826416,1,0,0.7538764476776123,0.0,0.5238095238095238,0.0
CR5C_D51_W_RAND_DG,CR5_D51,poster,na,na,42,75000000,75038720,/work/classic/fr_xl1014-corridor-geometry/IntrMotiv/SF_hipposlam/train_dir/analysis/poster_missing_analyses_20260926/inputs/CR5C_D51_W_RAND_DG_S42_75038720/00_CR5C_D51_W_RAND_DG_S42/checkpoint_p0/checkpoint_000009160_75038720.pth,/work/classic/fr_xl1014-corridor-geometry/IntrMotiv/SF_hipposlam/train_dir/analysis/poster_missing_analyses_20260926/inputs/CR5C_D51_W_RAND_DG_S42_75038720/00_CR5C_D51_W_RAND_DG_S42,CR5C_D51_W_RAND_DG_S42_75038720,19,0.006484230180721844,0.006999300069993001,1,True,False,0.5788315534591675,2,3,2,0.8778465986251831,0.5788315534591675,0.6739003658294678,0.4211684465408325,2,0,3.375396251678467,0.0,0.8888888888888888,0.0
CR5C_D51_W_RAND_DG,CR5_D51,poster,na,na,42,75000000,75038720,/work/classic/fr_xl1014-corridor-geometry/IntrMotiv/SF_hipposlam/train_dir/analysis/poster_missing_analyses_20260926/inputs/CR5C_D51_W_RAND_DG_S42_75038720/00_CR5C_D51_W_RAND_DG_S42/checkpoint_p0/checkpoint_000009160_75038720.pth,/work/classic/fr_xl1014-corridor-geometry/IntrMotiv/SF_hipposlam/train_dir/analysis/poster_missing_analyses_20260926/inputs/CR5C_D51_W_RAND_DG_S42_75038720/00_CR5C_D51_W_RAND_DG_S42,CR5C_D51_W_RAND_DG_S42_75038720,20,0.0015788771454420764,0.0021997800219978004,2,True,False,0.5265321731567383,5,2,2,0.5265321731567383,0.6712856888771057,0.5513675808906555,0.4734678268432617,1,0,0.8546468019485474,0.0,0.5396825396825397,0.0
CR5C_D51_W_RAND_DG,CR5_D51,poster,na,na,42,75000000,75038720,/work/classic/fr_xl1014-corridor-geometry/IntrMotiv/SF_hipposlam/train_dir/analysis/poster_missing_analyses_20260926/inputs/CR5C_D51_W_RAND_DG_S42_75038720/00_CR5C_D51_W_RAND_DG_S42/checkpoint_p0/checkpoint_000009160_75038720.pth,/work/classic/fr_xl1014-corridor-geometry/IntrMotiv/SF_hipposlam/train_dir/analysis/poster_missing_analyses_20260926/inputs/CR5C_D51_W_RAND_DG_S42_75038720/00_CR5C_D51_W_RAND_DG_S42,CR5C_D51_W_RAND_DG_S42_75038720,21,0.006861061808263052,0.0051994800519948,1,True,True,0.8467437624931335,3,1,1,0.8467437624931335,1.0,1.0,0.15325623750686646,1,3,1.8610323667526245,2.2364256381988525,0.8888888888888888,0.0
CR5C_D51_W_RAND_DG,CR5_D51,poster,na,na,42,75000000,75038720,/work/classic/fr_xl1014-corridor-geometry/IntrMotiv/SF_hipposlam/train_dir/analysis/poster_missing_analyses_20260926/inputs/CR5C_D51_W_RAND_DG_S42_75038720/00_CR5C_D51_W_RAND_DG_S42/checkpoint_p0/checkpoint_000009160_75038720.pth,/work/classic/fr_xl1014-corridor-geometry/IntrMotiv/SF_hipposlam/train_dir/analysis/poster_missing_analyses_20260926/inputs/CR5C_D51_W_RAND_DG_S42_75038720/00_CR5C_D51_W_RAND_DG_S42,CR5C_D51_W_RAND_DG_S42_75038720,22,0.0016041048094184588,0.0023997600239976003,1,True,False,0.5560327172279358,2,2,2,0.5931842923164368,0.5560327172279358,0.5801068544387817,0.4439672827720642,4,0,3.23954701423645,0.0,0.36507936507936506,0.0
CR5C_D51_W_RAND_DG,CR5_D51,poster,na,na,42,75000000,75038720,/work/classic/fr_xl1014-corridor-geometry/IntrMotiv/SF_hipposlam/train_dir/analysis/poster_missing_analyses_20260926/inputs/CR5C_D51_W_RAND_DG_S42_75038720/00_CR5C_D51_W_RAND_DG_S42/checkpoint_p0/checkpoint_000009160_75038720.pth,/work/classic/fr_xl1014-corridor-geometry/IntrMotiv/SF_hipposlam/train_dir/analysis/poster_missing_analyses_20260926/inputs/CR5C_D51_W_RAND_DG_S42_75038720/00_CR5C_D51_W_RAND_DG_S42,CR5C_D51_W_RAND_DG_S42_75038720,23,0.0007374853872880692,0.0005999400059994001,2,False,False,0.0,0,0,0,0.0,0.0,0.0,1.0,0,3,0.0,2.757817268371582,0.9206349206349206,0.0
CR5C_D51_W_RAND_DG,CR5_D51,poster,na,na,42,75000000,75038720,/work/classic/fr_xl1014-corridor-geometry/IntrMotiv/SF_hipposlam/train_dir/analysis/poster_missing_analyses_20260926/inputs/CR5C_D51_W_RAND_DG_S42_75038720/00_CR5C_D51_W_RAND_DG_S42/checkpoint_p0/checkpoint_000009160_75038720.pth,/work/classic/fr_xl1014-corridor-geometry/IntrMotiv/SF_hipposlam/train_dir/analysis/poster_missing_analyses_20260926/inputs/CR5C_D51_W_RAND_DG_S42_75038720/00_CR5C_D51_W_RAND_DG_S42,CR5C_D51_W_RAND_DG_S42_75038720,24,0.003624608972194343,0.0038996100389961006,2,True,True,0.8602571487426758,3,1,1,0.8602571487426758,1.0,1.0,0.13974285125732422,3,1,4.086808681488037,0.8829280138015747,0.8253968253968254,0.0
CR5C_D51_W_RAND_DG,CR5_D51,poster,na,na,42,75000000,75038720,/work/classic/fr_xl1014-corridor-geometry/IntrMotiv/SF_hipposlam/train_dir/analysis/poster_missing_analyses_20260926/inputs/CR5C_D51_W_RAND_DG_S42_75038720/00_CR5C_D51_W_RAND_DG_S42/checkpoint_p0/checkpoint_000009160_75038720.pth,/work/classic/fr_xl1014-corridor-geometry/IntrMotiv/SF_hipposlam/train_dir/analysis/poster_missing_analyses_20260926/inputs/CR5C_D51_W_RAND_DG_S42_75038720/00_CR5C_D51_W_RAND_DG_S42,CR5C_D51_W_RAND_DG_S42_75038720,25,0.0018192813979316185,0.0018998100189981002,4,False,False,0.0,0,0,0,0.0,0.0,0.0,1.0,1,0,1.587342619895935,0.0,0.4126984126984127,0.0
CR5C_D51_W_RAND_DG,CR5_D51,poster,na,na,42,75000000,75038720,/work/classic/fr_xl1014-corridor-geometry/IntrMotiv/SF_hipposlam/train_dir/analysis/poster_missing_analyses_20260926/inputs/CR5C_D51_W_RAND_DG_S42_75038720/00_CR5C_D51_W_RAND_DG_S42/checkpoint_p0/checkpoint_000009160_75038720.pth,/work/classic/fr_xl1014-corridor-geometry/IntrMotiv/SF_hipposlam/train_dir/analysis/poster_missing_analyses_20260926/inputs/CR5C_D51_W_RAND_DG_S42_75038720/00_CR5C_D51_W_RAND_DG_S42,CR5C_D51_W_RAND_DG_S42_75038720,26,0.005287418499962042,0.004899510048995101,4,True,False,0.6108567714691162,5,1,1,0.6108567714691162,1.0,1.0,0.3891432285308838,2,0,2.6003546714782715,0.0,0.9206349206349206,0.0
CR5C_D51_W_RAND_DG,CR5_D51,poster,na,na,42,75000000,75038720,/work/classic/fr_xl1014-corridor-geometry/IntrMotiv/SF_hipposlam/train_dir/analysis/poster_missing_analyses_20260926/inputs/CR5C_D51_W_RAND_DG_S42_75038720/00_CR5C_D51_W_RAND_DG_S42/checkpoint_p0/checkpoint_000009160_75038720.pth,/work/classic/fr_xl1014-corridor-geometry/IntrMotiv/SF_hipposlam/train_dir/analysis/poster_missing_analyses_20260926/inputs/CR5C_D51_W_RAND_DG_S42_75038720/00_CR5C_D51_W_RAND_DG_S42,CR5C_D51_W_RAND_DG_S42_75038720,27,0.003679039682769316,0.0051994800519948,3,True,False,0.4666224718093872,8,5,3,0.4666224718093872,0.5283529758453369,0.5452220439910889,0.5333775281906128,1,1,0.9886742830276489,1.3288604021072388,0.8253968253968254,0.0
CR5C_D51_W_RAND_DG,CR5_D51,poster,na,na,42,75000000,75038720,/work/classic/fr_xl1014-corridor-geometry/IntrMotiv/SF_hipposlam/train_dir/analysis/poster_missing_analyses_20260926/inputs/CR5C_D51_W_RAND_DG_S42_75038720/00_CR5C_D51_W_RAND_DG_S42/checkpoint_p0/checkpoint_000009160_75038720.pth,/work/classic/fr_xl1014-corridor-geometry/IntrMotiv/SF_hipposlam/train_dir/analysis/poster_missing_analyses_20260926/inputs/CR5C_D51_W_RAND_DG_S42_75038720/00_CR5C_D51_W_RAND_DG_S42,CR5C_D51_W_RAND_DG_S42_75038720,28,0.001321006029794344,0.0018998100189981002,2,False,False,0.0,0,0,0,0.0,0.0,0.0,1.0,1,1,1.3323817253112793,1.682081937789917,0.4444444444444444,0.0
CR5C_D51_W_RAND_DG,CR5_D51,poster,na,na,42,75000000,75038720,/work/classic/fr_xl1014-corridor-geometry/IntrMotiv/SF_hipposlam/train_dir/analysis/poster_missing_analyses_20260926/inputs/CR5C_D51_W_RAND_DG_S42_75038720/00_CR5C_D51_W_RAND_DG_S42/checkpoint_p0/checkpoint_000009160_75038720.pth,/work/classic/fr_xl1014-corridor-geometry/IntrMotiv/SF_hipposlam/train_dir/analysis/poster_missing_analyses_20260926/inputs/CR5C_D51_W_RAND_DG_S42_75038720/00_CR5C_D51_W_RAND_DG_S42,CR5C_D51_W_RAND_DG_S42_75038720,29,0.003422156785503357,0.0029997000299970002,2,True,False,0.4747299551963806,3,2,2,0.4747299551963806,0.5835219621658325,0.7119374871253967,0.5252700448036194,6,0,4.759332656860352,0.0,0.5873015873015873,0.0
CR5C_D51_W_RAND_DG,CR5_D51,poster,na,na,42,75000000,75038720,/work/classic/fr_xl1014-corridor-geometry/IntrMotiv/SF_hipposlam/train_dir/analysis/poster_missing_analyses_20260926/inputs/CR5C_D51_W_RAND_DG_S42_75038720/00_CR5C_D51_W_RAND_DG_S42/checkpoint_p0/checkpoint_000009160_75038720.pth,/work/classic/fr_xl1014-corridor-geometry/IntrMotiv/SF_hipposlam/train_dir/analysis/poster_missing_analyses_20260926/inputs/CR5C_D51_W_RAND_DG_S42_75038720/00_CR5C_D51_W_RAND_DG_S42,CR5C_D51_W_RAND_DG_S42_75038720,30,0.006560522292087076,0.0058994100589941,3,True,False,0.469411164522171,4,2,2,0.469411164522171,0.5671725273132324,0.606185257434845,0.530588835477829,2,0,2.58486270904541,0.0,0.7936507936507936,0.0
CR5C_D51_W_RAND_DG,CR5_D51,poster,na,na,42,75000000,75038720,/work/classic/fr_xl1014-corridor-geometry/IntrMotiv/SF_hipposlam/train_dir/analysis/poster_missing_analyses_20260926/inputs/CR5C_D51_W_RAND_DG_S42_75038720/00_CR5C_D51_W_RAND_DG_S42/checkpoint_p0/checkpoint_000009160_75038720.pth,/work/classic/fr_xl1014-corridor-geometry/IntrMotiv/SF_hipposlam/train_dir/analysis/poster_missing_analyses_20260926/inputs/CR5C_D51_W_RAND_DG_S42_75038720/00_CR5C_D51_W_RAND_DG_S42,CR5C_D51_W_RAND_DG_S42_75038720,31,0.0028878884914379853,0.0046995300469953,5,True,False,0.4374692738056183,4,2,1,0.4374692738056183,0.7188964486122131,1.0,0.5625307261943817,2,2,2.7995057106018066,2.1637825965881348,0.9047619047619048,0.0
CR5C_D51_W_RAND_DG,CR5_D51,poster,na,na,42,75000000,75038720,/work/classic/fr_xl1014-corridor-geometry/IntrMotiv/SF_hipposlam/train_dir/analysis/poster_missing_analyses_20260926/inputs/CR5C_D51_W_RAND_DG_S42_75038720/00_CR5C_D51_W_RAND_DG_S42/checkpoint_p0/checkpoint_000009160_75038720.pth,/work/classic/fr_xl1014-corridor-geometry/IntrMotiv/SF_hipposlam/train_dir/analysis/poster_missing_analyses_20260926/inputs/CR5C_D51_W_RAND_DG_S42_75038720/00_CR5C_D51_W_RAND_DG_S42,CR5C_D51_W_RAND_DG_S42_75038720,32,0.004404421489723686,0.0035996400359964,1,True,True,1.0,1,1,1,1.0,1.0,1.0,0.0,1,6,1.3502521514892578,5.1694159507751465,1.0,0.0
CR5C_D51_W_RAND_DG,CR5_D51,poster,na,na,42,75000000,75038720,/work/classic/fr_xl1014-corridor-geometry/IntrMotiv/SF_hipposlam/train_dir/analysis/poster_missing_analyses_20260926/inputs/CR5C_D51_W_RAND_DG_S42_75038720/00_CR5C_D51_W_RAND_DG_S42/checkpoint_p0/checkpoint_000009160_75038720.pth,/work/classic/fr_xl1014-corridor-geometry/IntrMotiv/SF_hipposlam/train_dir/analysis/poster_missing_analyses_20260926/inputs/CR5C_D51_W_RAND_DG_S42_75038720/00_CR5C_D51_W_RAND_DG_S42,CR5C_D51_W_RAND_DG_S42_75038720,33,0.003685768186429474,0.003999600039996,5,True,False,0.7420499920845032,4,2,1,0.7420499920845032,0.8803153038024902,1.0,0.2579500079154968,4,0,4.220669746398926,0.0,0.6507936507936508,0.0
CR5C_D51_W_RAND_DG,CR5_D51,poster,na,na,42,75000000,75038720,/work/classic/fr_xl1014-corridor-geometry/IntrMotiv/SF_hipposlam/train_dir/analysis/poster_missing_analyses_20260926/inputs/CR5C_D51_W_RAND_DG_S42_75038720/00_CR5C_D51_W_RAND_DG_S42/checkpoint_p0/checkpoint_000009160_75038720.pth,/work/classic/fr_xl1014-corridor-geometry/IntrMotiv/SF_hipposlam/train_dir/analysis/poster_missing_analyses_20260926/inputs/CR5C_D51_W_RAND_DG_S42_75038720/00_CR5C_D51_W_RAND_DG_S42,CR5C_D51_W_RAND_DG_S42_75038720,34,0.003561647978315639,0.0038996100389961006,1,True,True,0.9098579287528992,2,1,1,0.9098579287528992,1.0,1.0,0.09014207124710083,2,0,1.401897668838501,0.0,0.6984126984126984,0.0
CR5C_D51_W_RAND_DG,CR5_D51,poster,na,na,42,75000000,75038720,/work/classic/fr_xl1014-corridor-geometry/IntrMotiv/SF_hipposlam/train_dir/analysis/poster_missing_analyses_20260926/inputs/CR5C_D51_W_RAND_DG_S42_75038720/00_CR5C_D51_W_RAND_DG_S42/checkpoint_p0/checkpoint_000009160_75038720.pth,/work/classic/fr_xl1014-corridor-geometry/IntrMotiv/SF_hipposlam/train_dir/analysis/poster_missing_analyses_20260926/inputs/CR5C_D51_W_RAND_DG_S42_75038720/00_CR5C_D51_W_RAND_DG_S42,CR5C_D51_W_RAND_DG_S42_75038720,35,0.0015631928928593387,0.0022997700229977,2,True,False,0.4282655715942383,5,2,2,0.4282655715942383,0.6425299048423767,0.5936886072158813,0.5717344284057617,5,0,3.3890581130981445,0.0,0.746031746031746,0.0
CR5C_D51_W_RAND_DG,CR5_D51,poster,na,na,42,75000000,75038720,/work/classic/fr_xl1014-corridor-geometry/IntrMotiv/SF_hipposlam/train_dir/analysis/poster_missing_analyses_20260926/inputs/CR5C_D51_W_RAND_DG_S42_75038720/00_CR5C_D51_W_RAND_DG_S42/checkpoint_p0/checkpoint_000009160_75038720.pth,/work/classic/fr_xl1014-corridor-geometry/IntrMotiv/SF_hipposlam/train_dir/analysis/poster_missing_analyses_20260926/inputs/CR5C_D51_W_RAND_DG_S42_75038720/00_CR5C_D51_W_RAND_DG_S42,CR5C_D51_W_RAND_DG_S42_75038720,36,0.01103771506594277,0.014598540145985401,3,True,False,0.4441636800765991,3,3,1,0.4441636800765991,0.47233352065086365,1.0,0.5558363199234009,3,1,4.301156997680664,0.5018801093101501,1.0,0.0
CR5C_D51_W_RAND_DG,CR5_D51,poster,na,na,42,75000000,75038720,/work/classic/fr_xl1014-corridor-geometry/IntrMotiv/SF_hipposlam/train_dir/analysis/poster_missing_analyses_20260926/inputs/CR5C_D51_W_RAND_DG_S42_75038720/00_CR5C_D51_W_RAND_DG_S42/checkpoint_p0/checkpoint_000009160_75038720.pth,/work/classic/fr_xl1014-corridor-geometry/IntrMotiv/SF_hipposlam/train_dir/analysis/poster_missing_analyses_20260926/inputs/CR5C_D51_W_RAND_DG_S42_75038720/00_CR5C_D51_W_RAND_DG_S42,CR5C_D51_W_RAND_DG_S42_75038720,37,0.0098706574852862,0.0082991700829917,3,True,False,0.5973453521728516,3,2,1,0.5973453521728516,0.8320416808128357,1.0,0.40265464782714844,0,0,0.0,0.0,0.8253968253968254,0.0
CR5C_D51_W_RAND_DG,CR5_D51,poster,na,na,42,75000000,75038720,/work/classic/fr_xl1014-corridor-geometry/IntrMotiv/SF_hipposlam/train_dir/analysis/poster_missing_analyses_20260926/inputs/CR5C_D51_W_RAND_DG_S42_75038720/00_CR5C_D51_W_RAND_DG_S42/checkpoint_p0/checkpoint_000009160_75038720.pth,/work/classic/fr_xl1014-corridor-geometry/IntrMotiv/SF_hipposlam/train_dir/analysis/poster_missing_analyses_20260926/inputs/CR5C_D51_W_RAND_DG_S42_75038720/00_CR5C_D51_W_RAND_DG_S42,CR5C_D51_W_RAND_DG_S42_75038720,38,0.004488835266710597,0.0059994000599940004,1,True,True,1.0,1,1,1,1.0,1.0,1.0,0.0,2,0,2.4236364364624023,0.0,0.8095238095238095,0.0
CR5C_D51_W_RAND_DG,CR5_D51,poster,na,na,42,75000000,75038720,/work/classic/fr_xl1014-corridor-geometry/IntrMotiv/SF_hipposlam/train_dir/analysis/poster_missing_analyses_20260926/inputs/CR5C_D51_W_RAND_DG_S42_75038720/00_CR5C_D51_W_RAND_DG_S42/checkpoint_p0/checkpoint_000009160_75038720.pth,/work/classic/fr_xl1014-corridor-geometry/IntrMotiv/SF_hipposlam/train_dir/analysis/poster_missing_analyses_20260926/inputs/CR5C_D51_W_RAND_DG_S42_75038720/00_CR5C_D51_W_RAND_DG_S42,CR5C_D51_W_RAND_DG_S42_75038720,39,0.004951178810299666,0.006299370062993701,1,True,True,1.0,1,1,1,1.0,1.0,1.0,0.0,0,3,0.0,2.7342543601989746,0.9841269841269841,0.0
CR5C_D51_W_RAND_DG,CR5_D51,poster,na,na,42,75000000,75038720,/work/classic/fr_xl1014-corridor-geometry/IntrMotiv/SF_hipposlam/train_dir/analysis/poster_missing_analyses_20260926/inputs/CR5C_D51_W_RAND_DG_S42_75038720/00_CR5C_D51_W_RAND_DG_S42/checkpoint_p0/checkpoint_000009160_75038720.pth,/work/classic/fr_xl1014-corridor-geometry/IntrMotiv/SF_hipposlam/train_dir/analysis/poster_missing_analyses_20260926/inputs/CR5C_D51_W_RAND_DG_S42_75038720/00_CR5C_D51_W_RAND_DG_S42,CR5C_D51_W_RAND_DG_S42_75038720,40,0.0034478753608644247,0.0030996900309969004,2,True,False,0.43023380637168884,4,2,2,0.43023380637168884,0.5751556754112244,0.6943002343177795,0.5697661936283112,1,2,0.9299395680427551,1.9455575942993164,0.8571428571428571,0.0
CR5C_D51_W_RAND_DG,CR5_D51,poster,na,na,42,75000000,75038720,/work/classic/fr_xl1014-corridor-geometry/IntrMotiv/SF_hipposlam/train_dir/analysis/poster_missing_analyses_20260926/inputs/CR5C_D51_W_RAND_DG_S42_75038720/00_CR5C_D51_W_RAND_DG_S42/checkpoint_p0/checkpoint_000009160_75038720.pth,/work/classic/fr_xl1014-corridor-geometry/IntrMotiv/SF_hipposlam/train_dir/analysis/poster_missing_analyses_20260926/inputs/CR5C_D51_W_RAND_DG_S42_75038720/00_CR5C_D51_W_RAND_DG_S42,CR5C_D51_W_RAND_DG_S42_75038720,41,0.012150133555394817,0.023797620237976203,4,True,False,0.5375702977180481,4,2,2,0.5431339740753174,0.7006139159202576,0.5375702977180481,0.4624297022819519,0,0,0.0,0.0,0.5079365079365079,0.0
CR5C_D51_W_RAND_DG,CR5_D51,poster,na,na,42,75000000,75038720,/work/classic/fr_xl1014-corridor-geometry/IntrMotiv/SF_hipposlam/train_dir/analysis/poster_missing_analyses_20260926/inputs/CR5C_D51_W_RAND_DG_S42_75038720/00_CR5C_D51_W_RAND_DG_S42/checkpoint_p0/checkpoint_000009160_75038720.pth,/work/classic/fr_xl1014-corridor-geometry/IntrMotiv/SF_hipposlam/train_dir/analysis/poster_missing_analyses_20260926/inputs/CR5C_D51_W_RAND_DG_S42_75038720/00_CR5C_D51_W_RAND_DG_S42,CR5C_D51_W_RAND_DG_S42_75038720,42,0.02122425477854987,0.015498450154984501,3,True,False,0.7788215279579163,2,1,1,0.7788215279579163,1.0,1.0,0.22117847204208374,1,1,0.9663333892822266,0.6960198283195496,0.7619047619047619,0.0
CR5C_D51_W_RAND_DG,CR5_D51,poster,na,na,42,75000000,75038720,/work/classic/fr_xl1014-corridor-geometry/IntrMotiv/SF_hipposlam/train_dir/analysis/poster_missing_analyses_20260926/inputs/CR5C_D51_W_RAND_DG_S42_75038720/00_CR5C_D51_W_RAND_DG_S42/checkpoint_p0/checkpoint_000009160_75038720.pth,/work/classic/fr_xl1014-corridor-geometry/IntrMotiv/SF_hipposlam/train_dir/analysis/poster_missing_analyses_20260926/inputs/CR5C_D51_W_RAND_DG_S42_75038720/00_CR5C_D51_W_RAND_DG_S42,CR5C_D51_W_RAND_DG_S42_75038720,43,0.015944934544379327,0.0212978702129787,3,True,False,0.5575620532035828,2,2,2,0.9305921792984009,0.619012176990509,0.5575620532035828,0.44243794679641724,1,8,3.1191694736480713,17.35704803466797,1.0,0.0
CR5C_D51_W_RAND_DG,CR5_D51,poster,na,na,42,75000000,75038720,/work/classic/fr_xl1014-corridor-geometry/IntrMotiv/SF_hipposlam/train_dir/analysis/poster_missing_analyses_20260926/inputs/CR5C_D51_W_RAND_DG_S42_75038720/00_CR5C_D51_W_RAND_DG_S42/checkpoint_p0/checkpoint_000009160_75038720.pth,/work/classic/fr_xl1014-corridor-geometry/IntrMotiv/SF_hipposlam/train_dir/analysis/poster_missing_analyses_20260926/inputs/CR5C_D51_W_RAND_DG_S42_75038720/00_CR5C_D51_W_RAND_DG_S42,CR5C_D51_W_RAND_DG_S42_75038720,44,0.008915918177166898,0.008099190080991902,1,True,False,0.3700852394104004,3,3,2,0.3700852394104004,0.43599721789360046,0.5578930377960205,0.6299147605895996,0,2,0.0,4.482521057128906,1.0,0.0
CR5C_D51_W_RAND_DG,CR5_D51,poster,na,na,42,75000000,75038720,/work/classic/fr_xl1014-corridor-geometry/IntrMotiv/SF_hipposlam/train_dir/analysis/poster_missing_analyses_20260926/inputs/CR5C_D51_W_RAND_DG_S42_75038720/00_CR5C_D51_W_RAND_DG_S42/checkpoint_p0/checkpoint_000009160_75038720.pth,/work/classic/fr_xl1014-corridor-geometry/IntrMotiv/SF_hipposlam/train_dir/analysis/poster_missing_analyses_20260926/inputs/CR5C_D51_W_RAND_DG_S42_75038720/00_CR5C_D51_W_RAND_DG_S42,CR5C_D51_W_RAND_DG_S42_75038720,45,0.006411377967249106,0.0064993500649935,3,True,False,0.6102479696273804,2,2,1,0.6126713156700134,0.6102479696273804,1.0,0.38975203037261963,2,0,2.1171627044677734,0.0,0.9206349206349206,0.0
CR5C_D51_W_RAND_DG,CR5_D51,poster,na,na,42,75000000,75038720,/work/classic/fr_xl1014-corridor-geometry/IntrMotiv/SF_hipposlam/train_dir/analysis/poster_missing_analyses_20260926/inputs/CR5C_D51_W_RAND_DG_S42_75038720/00_CR5C_D51_W_RAND_DG_S42/checkpoint_p0/checkpoint_000009160_75038720.pth,/work/classic/fr_xl1014-corridor-geometry/IntrMotiv/SF_hipposlam/train_dir/analysis/poster_missing_analyses_20260926/inputs/CR5C_D51_W_RAND_DG_S42_75038720/00_CR5C_D51_W_RAND_DG_S42,CR5C_D51_W_RAND_DG_S42_75038720,46,0.0015267247377144361,0.001999800019998,1,True,True,1.0,1,1,1,1.0,1.0,1.0,0.0,2,4,2.3411107063293457,4.433675289154053,0.9206349206349206,0.0
CR5C_D51_W_RAND_DG,CR5_D51,poster,na,na,42,75000000,75038720,/work/classic/fr_xl1014-corridor-geometry/IntrMotiv/SF_hipposlam/train_dir/analysis/poster_missing_analyses_20260926/inputs/CR5C_D51_W_RAND_DG_S42_75038720/00_CR5C_D51_W_RAND_DG_S42/checkpoint_p0/checkpoint_000009160_75038720.pth,/work/classic/fr_xl1014-corridor-geometry/IntrMotiv/SF_hipposlam/train_dir/analysis/poster_missing_analyses_20260926/inputs/CR5C_D51_W_RAND_DG_S42_75038720/00_CR5C_D51_W_RAND_DG_S42,CR5C_D51_W_RAND_DG_S42_75038720,47,0.004083116373640613,0.0044995500449955,3,True,False,0.49051183462142944,3,2,2,0.49051183462142944,0.5274253487586975,0.6351783871650696,0.5094881653785706,0,3,0.0,4.535970211029053,1.0,0.0
CR5C_D51_W_RAND_DG,CR5_D51,poster,na,na,42,75000000,75038720,/work/classic/fr_xl1014-corridor-geometry/IntrMotiv/SF_hipposlam/train_dir/analysis/poster_missing_analyses_20260926/inputs/CR5C_D51_W_RAND_DG_S42_75038720/00_CR5C_D51_W_RAND_DG_S42/checkpoint_p0/checkpoint_000009160_75038720.pth,/work/classic/fr_xl1014-corridor-geometry/IntrMotiv/SF_hipposlam/train_dir/analysis/poster_missing_analyses_20260926/inputs/CR5C_D51_W_RAND_DG_S42_75038720/00_CR5C_D51_W_RAND_DG_S42,CR5C_D51_W_RAND_DG_S42_75038720,48,0.0009523238325439035,0.0015998400159984002,1,False,False,0.0,0,0,0,0.0,0.0,0.0,1.0,2,1,2.2282297611236572,0.9299395680427551,0.6349206349206349,0.0
CR5C_D51_W_RAND_DG,CR5_D51,poster,na,na,42,75000000,75038720,/work/classic/fr_xl1014-corridor-geometry/IntrMotiv/SF_hipposlam/train_dir/analysis/poster_missing_analyses_20260926/inputs/CR5C_D51_W_RAND_DG_S42_75038720/00_CR5C_D51_W_RAND_DG_S42/checkpoint_p0/checkpoint_000009160_75038720.pth,/work/classic/fr_xl1014-corridor-geometry/IntrMotiv/SF_hipposlam/train_dir/analysis/poster_missing_analyses_20260926/inputs/CR5C_D51_W_RAND_DG_S42_75038720/00_CR5C_D51_W_RAND_DG_S42,CR5C_D51_W_RAND_DG_S42_75038720,49,0.009892905287652912,0.0098990100989901,2,True,False,0.6813726425170898,4,1,1,0.6813726425170898,1.0,1.0,0.31862735748291016,2,0,2.631791353225708,0.0,0.8888888888888888,0.0
CR5C_D51_W_RAND_DG,CR5_D51,poster,na,na,42,75000000,75038720,/work/classic/fr_xl1014-corridor-geometry/IntrMotiv/SF_hipposlam/train_dir/analysis/poster_missing_analyses_20260926/inputs/CR5C_D51_W_RAND_DG_S42_75038720/00_CR5C_D51_W_RAND_DG_S42/checkpoint_p0/checkpoint_000009160_75038720.pth,/work/classic/fr_xl1014-corridor-geometry/IntrMotiv/SF_hipposlam/train_dir/analysis/poster_missing_analyses_20260926/inputs/CR5C_D51_W_RAND_DG_S42_75038720/00_CR5C_D51_W_RAND_DG_S42,CR5C_D51_W_RAND_DG_S42_75038720,50,0.00369621076892753,0.0047995200479952005,7,True,False,0.4105290472507477,5,2,1,0.4105290472507477,0.6482818126678467,1.0,0.5894709527492523,1,3,0.9993292689323425,2.498993158340454,0.9365079365079365,0.0
CR5C_D51_W_RAND_DG,CR5_D51,poster,na,na,42,75000000,75038720,/work/classic/fr_xl1014-corridor-geometry/IntrMotiv/SF_hipposlam/train_dir/analysis/poster_missing_analyses_20260926/inputs/CR5C_D51_W_RAND_DG_S42_75038720/00_CR5C_D51_W_RAND_DG_S42/checkpoint_p0/checkpoint_000009160_75038720.pth,/work/classic/fr_xl1014-corridor-geometry/IntrMotiv/SF_hipposlam/train_dir/analysis/poster_missing_analyses_20260926/inputs/CR5C_D51_W_RAND_DG_S42_75038720/00_CR5C_D51_W_RAND_DG_S42,CR5C_D51_W_RAND_DG_S42_75038720,51,0.002487736510708596,0.0030996900309969004,2,True,False,0.5014531016349792,2,2,2,0.5082137584686279,0.5014531016349792,0.5124449133872986,0.49854689836502075,0,2,0.0,2.431880235671997,0.9841269841269841,0.0
CR5C_D51_W_RAND_DG,CR5_D51,poster,na,na,42,75000000,75038720,/work/classic/fr_xl1014-corridor-geometry/IntrMotiv/SF_hipposlam/train_dir/analysis/poster_missing_analyses_20260926/inputs/CR5C_D51_W_RAND_DG_S42_75038720/00_CR5C_D51_W_RAND_DG_S42/checkpoint_p0/checkpoint_000009160_75038720.pth,/work/classic/fr_xl1014-corridor-geometry/IntrMotiv/SF_hipposlam/train_dir/analysis/poster_missing_analyses_20260926/inputs/CR5C_D51_W_RAND_DG_S42_75038720/00_CR5C_D51_W_RAND_DG_S42,CR5C_D51_W_RAND_DG_S42_75038720,52,0.002544740319078716,0.0036996300369963003,4,True,True,1.0,1,1,1,1.0,1.0,1.0,0.0,1,5,1.1805025339126587,6.426083564758301,1.0,0.0
CR5C_D51_W_RAND_DG,CR5_D51,poster,na,na,42,75000000,75038720,/work/classic/fr_xl1014-corridor-geometry/IntrMotiv/SF_hipposlam/train_dir/analysis/poster_missing_analyses_20260926/inputs/CR5C_D51_W_RAND_DG_S42_75038720/00_CR5C_D51_W_RAND_DG_S42/checkpoint_p0/checkpoint_000009160_75038720.pth,/work/classic/fr_xl1014-corridor-geometry/IntrMotiv/SF_hipposlam/train_dir/analysis/poster_missing_analyses_20260926/inputs/CR5C_D51_W_RAND_DG_S42_75038720/00_CR5C_D51_W_RAND_DG_S42,CR5C_D51_W_RAND_DG_S42_75038720,53,0.012255495151581516,0.0131986801319868,2,True,False,0.37234193086624146,5,4,2,0.4173209071159363,0.37234193086624146,0.7031184434890747,0.6276580691337585,2,6,6.6148505210876465,10.17940902709961,1.0,0.0
CR5C_D51_W_RAND_DG,CR5_D51,poster,na,na,42,75000000,75038720,/work/classic/fr_xl1014-corridor-geometry/IntrMotiv/SF_hipposlam/train_dir/analysis/poster_missing_analyses_20260926/inputs/CR5C_D51_W_RAND_DG_S42_75038720/00_CR5C_D51_W_RAND_DG_S42/checkpoint_p0/checkpoint_000009160_75038720.pth,/work/classic/fr_xl1014-corridor-geometry/IntrMotiv/SF_hipposlam/train_dir/analysis/poster_missing_analyses_20260926/inputs/CR5C_D51_W_RAND_DG_S42_75038720/00_CR5C_D51_W_RAND_DG_S42,CR5C_D51_W_RAND_DG_S42_75038720,54,0.004613514157169129,0.017698230176982303,3,True,False,0.5938226580619812,4,4,2,0.5938226580619812,0.6838333010673523,0.8261653184890747,0.4061773419380188,1,2,4.893448829650879,2.624814987182617,1.0,0.0
CR5C_D51_W_RAND_DG,CR5_D51,poster,na,na,42,75000000,75038720,/work/classic/fr_xl1014-corridor-geometry/IntrMotiv/SF_hipposlam/train_dir/analysis/poster_missing_analyses_20260926/inputs/CR5C_D51_W_RAND_DG_S42_75038720/00_CR5C_D51_W_RAND_DG_S42/checkpoint_p0/checkpoint_000009160_75038720.pth,/work/classic/fr_xl1014-corridor-geometry/IntrMotiv/SF_hipposlam/train_dir/analysis/poster_missing_analyses_20260926/inputs/CR5C_D51_W_RAND_DG_S42_75038720/00_CR5C_D51_W_RAND_DG_S42,CR5C_D51_W_RAND_DG_S42_75038720,55,0.00335696893451648,0.0026997300269973002,2,True,False,0.691733717918396,3,1,1,0.691733717918396,1.0,1.0,0.308266282081604,4,0,3.157866954803467,0.0,0.7777777777777778,0.0
CR5C_D51_W_RAND_DG,CR5_D51,poster,na,na,42,75000000,75038720,/work/classic/fr_xl1014-corridor-geometry/IntrMotiv/SF_hipposlam/train_dir/analysis/poster_missing_analyses_20260926/inputs/CR5C_D51_W_RAND_DG_S42_75038720/00_CR5C_D51_W_RAND_DG_S42/checkpoint_p0/checkpoint_000009160_75038720.pth,/work/classic/fr_xl1014-corridor-geometry/IntrMotiv/SF_hipposlam/train_dir/analysis/poster_missing_analyses_20260926/inputs/CR5C_D51_W_RAND_DG_S42_75038720/00_CR5C_D51_W_RAND_DG_S42,CR5C_D51_W_RAND_DG_S42_75038720,56,0.012068244942654096,0.020497950204979503,2,True,False,0.3389396369457245,5,5,2,0.3389396369457245,0.47057315707206726,0.7314690947532654,0.6610603630542755,1,3,2.2537825107574463,5.721847057342529,0.9841269841269841,0.0
CR5C_D51_W_RAND_DG,CR5_D51,poster,na,na,42,75000000,75038720,/work/classic/fr_xl1014-corridor-geometry/IntrMotiv/SF_hipposlam/train_dir/analysis/poster_missing_analyses_20260926/inputs/CR5C_D51_W_RAND_DG_S42_75038720/00_CR5C_D51_W_RAND_DG_S42/checkpoint_p0/checkpoint_000009160_75038720.pth,/work/classic/fr_xl1014-corridor-geometry/IntrMotiv/SF_hipposlam/train_dir/analysis/poster_missing_analyses_20260926/inputs/CR5C_D51_W_RAND_DG_S42_75038720/00_CR5C_D51_W_RAND_DG_S42,CR5C_D51_W_RAND_DG_S42_75038720,57,0.0013382389457209367,0.0018998100189981002,4,False,False,0.0,0,0,0,0.0,0.0,0.0,1.0,2,0,1.8311851024627686,0.0,0.6031746031746031,0.0
CR5C_D51_W_RAND_DG,CR5_D51,poster,na,na,42,75000000,75038720,/work/classic/fr_xl1014-corridor-geometry/IntrMotiv/SF_hipposlam/train_dir/analysis/poster_missing_analyses_20260926/inputs/CR5C_D51_W_RAND_DG_S42_75038720/00_CR5C_D51_W_RAND_DG_S42/checkpoint_p0/checkpoint_000009160_75038720.pth,/work/classic/fr_xl1014-corridor-geometry/IntrMotiv/SF_hipposlam/train_dir/analysis/poster_missing_analyses_20260926/inputs/CR5C_D51_W_RAND_DG_S42_75038720/00_CR5C_D51_W_RAND_DG_S42,CR5C_D51_W_RAND_DG_S42_75038720,58,0.005360003861781923,0.0064993500649935,4,True,False,0.5527619123458862,2,2,2,0.5588560700416565,0.5527619123458862,0.5601403713226318,0.44723808765411377,3,0,4.475133895874023,0.0,0.8571428571428571,0.0
CR5C_D51_W_RAND_DG,CR5_D51,poster,na,na,42,75000000,75038720,/work/classic/fr_xl1014-corridor-geometry/IntrMotiv/SF_hipposlam/train_dir/analysis/poster_missing_analyses_20260926/inputs/CR5C_D51_W_RAND_DG_S42_75038720/00_CR5C_D51_W_RAND_DG_S42/checkpoint_p0/checkpoint_000009160_75038720.pth,/work/classic/fr_xl1014-corridor-geometry/IntrMotiv/SF_hipposlam/train_dir/analysis/poster_missing_analyses_20260926/inputs/CR5C_D51_W_RAND_DG_S42_75038720/00_CR5C_D51_W_RAND_DG_S42,CR5C_D51_W_RAND_DG_S42_75038720,59,0.015518162677493754,0.0164983501649835,2,True,False,0.26818740367889404,6,4,2,0.26818740367889404,0.39568984508514404,0.6192579865455627,0.731812596321106,0,7,0.0,11.327804565429688,1.0,0.0
CR5C_D51_W_RAND_DG,CR5_D51,poster,na,na,42,75000000,75038720,/work/classic/fr_xl1014-corridor-geometry/IntrMotiv/SF_hipposlam/train_dir/analysis/poster_missing_analyses_20260926/inputs/CR5C_D51_W_RAND_DG_S42_75038720/00_CR5C_D51_W_RAND_DG_S42/checkpoint_p0/checkpoint_000009160_75038720.pth,/work/classic/fr_xl1014-corridor-geometry/IntrMotiv/SF_hipposlam/train_dir/analysis/poster_missing_analyses_20260926/inputs/CR5C_D51_W_RAND_DG_S42_75038720/00_CR5C_D51_W_RAND_DG_S42,CR5C_D51_W_RAND_DG_S42_75038720,60,0.002503503769557293,0.0018998100189981002,2,False,False,0.0,0,0,0,0.0,0.0,0.0,1.0,0,1,0.0,0.5849562287330627,0.8888888888888888,0.0
CR5C_D51_W_RAND_DG,CR5_D51,poster,na,na,42,75000000,75038720,/work/classic/fr_xl1014-corridor-geometry/IntrMotiv/SF_hipposlam/train_dir/analysis/poster_missing_analyses_20260926/inputs/CR5C_D51_W_RAND_DG_S42_75038720/00_CR5C_D51_W_RAND_DG_S42/checkpoint_p0/checkpoint_000009160_75038720.pth,/work/classic/fr_xl1014-corridor-geometry/IntrMotiv/SF_hipposlam/train_dir/analysis/poster_missing_analyses_20260926/inputs/CR5C_D51_W_RAND_DG_S42_75038720/00_CR5C_D51_W_RAND_DG_S42,CR5C_D51_W_RAND_DG_S42_75038720,61,0.0021193886235337293,0.0028997100289971,1,True,False,0.683382511138916,2,2,1,0.683382511138916,0.8205522894859314,1.0,0.316617488861084,1,1,0.8725473284721375,1.1687507629394531,0.8571428571428571,0.0
CR5C_D51_W_RAND_DG,CR5_D51,poster,na,na,42,75000000,75038720,/work/classic/fr_xl1014-corridor-geometry/IntrMotiv/SF_hipposlam/train_dir/analysis/poster_missing_analyses_20260926/inputs/CR5C_D51_W_RAND_DG_S42_75038720/00_CR5C_D51_W_RAND_DG_S42/checkpoint_p0/checkpoint_000009160_75038720.pth,/work/classic/fr_xl1014-corridor-geometry/IntrMotiv/SF_hipposlam/train_dir/analysis/poster_missing_analyses_20260926/inputs/CR5C_D51_W_RAND_DG_S42_75038720/00_CR5C_D51_W_RAND_DG_S42,CR5C_D51_W_RAND_DG_S42_75038720,62,0.020289762386806826,0.017198280171982803,2,True,False,0.2875479459762573,7,4,2,0.2875479459762573,0.37878045439720154,0.6262825727462769,0.7124520540237427,3,3,4.444643020629883,2.443539619445801,0.9523809523809523,0.0
CR5C_D51_W_RAND_DG,CR5_D51,poster,na,na,42,75000000,75038720,/work/classic/fr_xl1014-corridor-geometry/IntrMotiv/SF_hipposlam/train_dir/analysis/poster_missing_analyses_20260926/inputs/CR5C_D51_W_RAND_DG_S42_75038720/00_CR5C_D51_W_RAND_DG_S42/checkpoint_p0/checkpoint_000009160_75038720.pth,/work/classic/fr_xl1014-corridor-geometry/IntrMotiv/SF_hipposlam/train_dir/analysis/poster_missing_analyses_20260926/inputs/CR5C_D51_W_RAND_DG_S42_75038720/00_CR5C_D51_W_RAND_DG_S42,CR5C_D51_W_RAND_DG_S42_75038720,63,0.0020227453438109925,0.004999500049995001,2,True,False,0.6502389907836914,4,3,1,0.6502389907836914,0.7572741508483887,1.0,0.3497610092163086,1,1,0.5544279217720032,0.8816132545471191,0.9523809523809523,0.0
CR5C_D51_W_RAND_DG,CR5_D51,poster,na,na,1234,75000000,75038720,/work/classic/fr_xl1014-corridor-geometry/IntrMotiv/SF_hipposlam/train_dir/analysis/poster_missing_analyses_20260926/inputs/CR5C_D51_W_RAND_DG_S1234_75038720/00_CR5C_D51_W_RAND_DG_S1234/checkpoint_p0/checkpoint_000009160_75038720.pth,/work/classic/fr_xl1014-corridor-geometry/IntrMotiv/SF_hipposlam/train_dir/analysis/poster_missing_analyses_20260926/inputs/CR5C_D51_W_RAND_DG_S1234_75038720/00_CR5C_D51_W_RAND_DG_S1234,CR5C_D51_W_RAND_DG_S1234_75038720,0,0.003710271656106523,0.0020997900209979003,3,True,False,0.34571078419685364,6,3,2,0.34571078419685364,0.4897923171520233,0.6988063454627991,0.6542892158031464,0,1,0.0,1.5497013330459595,0.9206349206349206,0.0
CR5C_D51_W_RAND_DG,CR5_D51,poster,na,na,1234,75000000,75038720,/work/classic/fr_xl1014-corridor-geometry/IntrMotiv/SF_hipposlam/train_dir/analysis/poster_missing_analyses_20260926/inputs/CR5C_D51_W_RAND_DG_S1234_75038720/00_CR5C_D51_W_RAND_DG_S1234/checkpoint_p0/checkpoint_000009160_75038720.pth,/work/classic/fr_xl1014-corridor-geometry/IntrMotiv/SF_hipposlam/train_dir/analysis/poster_missing_analyses_20260926/inputs/CR5C_D51_W_RAND_DG_S1234_75038720/00_CR5C_D51_W_RAND_DG_S1234,CR5C_D51_W_RAND_DG_S1234_75038720,1,0.0008386634199592496,0.0016998300169983002,1,False,False,0.0,0,0,0,0.0,0.0,0.0,1.0,0,4,0.0,4.946878433227539,1.0,0.0
CR5C_D51_W_RAND_DG,CR5_D51,poster,na,na,1234,75000000,75038720,/work/classic/fr_xl1014-corridor-geometry/IntrMotiv/SF_hipposlam/train_dir/analysis/poster_missing_analyses_20260926/inputs/CR5C_D51_W_RAND_DG_S1234_75038720/00_CR5C_D51_W_RAND_DG_S1234/checkpoint_p0/checkpoint_000009160_75038720.pth,/work/classic/fr_xl1014-corridor-geometry/IntrMotiv/SF_hipposlam/train_dir/analysis/poster_missing_analyses_20260926/inputs/CR5C_D51_W_RAND_DG_S1234_75038720/00_CR5C_D51_W_RAND_DG_S1234,CR5C_D51_W_RAND_DG_S1234_75038720,2,0.004383145931866188,0.0028997100289971,4,True,False,0.5282557606697083,5,2,1,0.5282557606697083,0.7600042223930359,1.0,0.47174423933029175,4,2,3.737624168395996,2.159377098083496,0.7936507936507936,0.0
CR5C_D51_W_RAND_DG,CR5_D51,poster,na,na,1234,75000000,75038720,/work/classic/fr_xl1014-corridor-geometry/IntrMotiv/SF_hipposlam/train_dir/analysis/poster_missing_analyses_20260926/inputs/CR5C_D51_W_RAND_DG_S1234_75038720/00_CR5C_D51_W_RAND_DG_S1234/checkpoint_p0/checkpoint_000009160_75038720.pth,/work/classic/fr_xl1014-corridor-geometry/IntrMotiv/SF_hipposlam/train_dir/analysis/poster_missing_analyses_20260926/inputs/CR5C_D51_W_RAND_DG_S1234_75038720/00_CR5C_D51_W_RAND_DG_S1234,CR5C_D51_W_RAND_DG_S1234_75038720,3,0.005256806207629175,0.007799220077992201,3,True,False,0.3496984541416168,5,3,1,0.3496984541416168,0.6132199168205261,1.0,0.6503015458583832,0,3,0.0,3.811863899230957,0.9841269841269841,0.0
CR5C_D51_W_RAND_DG,CR5_D51,poster,na,na,1234,75000000,75038720,/work/classic/fr_xl1014-corridor-geometry/IntrMotiv/SF_hipposlam/train_dir/analysis/poster_missing_analyses_20260926/inputs/CR5C_D51_W_RAND_DG_S1234_75038720/00_CR5C_D51_W_RAND_DG_S1234/checkpoint_p0/checkpoint_000009160_75038720.pth,/work/classic/fr_xl1014-corridor-geometry/IntrMotiv/SF_hipposlam/train_dir/analysis/poster_missing_analyses_20260926/inputs/CR5C_D51_W_RAND_DG_S1234_75038720/00_CR5C_D51_W_RAND_DG_S1234,CR5C_D51_W_RAND_DG_S1234_75038720,4,0.012413391392568496,0.0093990600939906,3,True,False,0.7281430959701538,3,1,1,0.7281430959701538,1.0,1.0,0.2718569040298462,1,1,1.4390517473220825,0.9852754473686218,1.0,0.0
CR5C_D51_W_RAND_DG,CR5_D51,poster,na,na,1234,75000000,75038720,/work/classic/fr_xl1014-corridor-geometry/IntrMotiv/SF_hipposlam/train_dir/analysis/poster_missing_analyses_20260926/inputs/CR5C_D51_W_RAND_DG_S1234_75038720/00_CR5C_D51_W_RAND_DG_S1234/checkpoint_p0/checkpoint_000009160_75038720.pth,/work/classic/fr_xl1014-corridor-geometry/IntrMotiv/SF_hipposlam/train_dir/analysis/poster_missing_analyses_20260926/inputs/CR5C_D51_W_RAND_DG_S1234_75038720/00_CR5C_D51_W_RAND_DG_S1234,CR5C_D51_W_RAND_DG_S1234_75038720,5,0.0012889505282661106,0.0010998900109989002,2,False,False,0.0,0,0,0,0.0,0.0,0.0,1.0,1,0,1.5073738098144531,0.0,0.5555555555555556,0.0
CR5C_D51_W_RAND_DG,CR5_D51,poster,na,na,1234,75000000,75038720,/work/classic/fr_xl1014-corridor-geometry/IntrMotiv/SF_hipposlam/train_dir/analysis/poster_missing_analyses_20260926/inputs/CR5C_D51_W_RAND_DG_S1234_75038720/00_CR5C_D51_W_RAND_DG_S1234/checkpoint_p0/checkpoint_000009160_75038720.pth,/work/classic/fr_xl1014-corridor-geometry/IntrMotiv/SF_hipposlam/train_dir/analysis/poster_missing_analyses_20260926/inputs/CR5C_D51_W_RAND_DG_S1234_75038720/00_CR5C_D51_W_RAND_DG_S1234,CR5C_D51_W_RAND_DG_S1234_75038720,6,0.014633746285917657,0.014498550144985502,2,True,False,0.32673418521881104,7,3,2,0.32673418521881104,0.5584920048713684,0.6878947615623474,0.673265814781189,4,1,5.377077102661133,0.935175359249115,0.9206349206349206,0.0
CR5C_D51_W_RAND_DG,CR5_D51,poster,na,na,1234,75000000,75038720,/work/classic/fr_xl1014-corridor-geometry/IntrMotiv/SF_hipposlam/train_dir/analysis/poster_missing_analyses_20260926/inputs/CR5C_D51_W_RAND_DG_S1234_75038720/00_CR5C_D51_W_RAND_DG_S1234/checkpoint_p0/checkpoint_000009160_75038720.pth,/work/classic/fr_xl1014-corridor-geometry/IntrMotiv/SF_hipposlam/train_dir/analysis/poster_missing_analyses_20260926/inputs/CR5C_D51_W_RAND_DG_S1234_75038720/00_CR5C_D51_W_RAND_DG_S1234,CR5C_D51_W_RAND_DG_S1234_75038720,7,0.007322282063190172,0.008399160083991601,2,True,False,0.6410471200942993,4,1,1,0.6410471200942993,1.0,1.0,0.3589528799057007,1,2,0.9012016654014587,2.621769428253174,0.9523809523809523,0.0
CR5C_D51_W_RAND_DG,CR5_D51,poster,na,na,1234,75000000,75038720,/work/classic/fr_xl1014-corridor-geometry/IntrMotiv/SF_hipposlam/train_dir/analysis/poster_missing_analyses_20260926/inputs/CR5C_D51_W_RAND_DG_S1234_75038720/00_CR5C_D51_W_RAND_DG_S1234/checkpoint_p0/checkpoint_000009160_75038720.pth,/work/classic/fr_xl1014-corridor-geometry/IntrMotiv/SF_hipposlam/train_dir/analysis/poster_missing_analyses_20260926/inputs/CR5C_D51_W_RAND_DG_S1234_75038720/00_CR5C_D51_W_RAND_DG_S1234,CR5C_D51_W_RAND_DG_S1234_75038720,8,0.0007809193883099876,0.0010998900109989002,1,False,False,0.0,0,0,0,0.0,0.0,0.0,1.0,1,1,0.9846346974372864,0.937037467956543,0.6507936507936508,0.0
CR5C_D51_W_RAND_DG,CR5_D51,poster,na,na,1234,75000000,75038720,/work/classic/fr_xl1014-corridor-geometry/IntrMotiv/SF_hipposlam/train_dir/analysis/poster_missing_analyses_20260926/inputs/CR5C_D51_W_RAND_DG_S1234_75038720/00_CR5C_D51_W_RAND_DG_S1234/checkpoint_p0/checkpoint_000009160_75038720.pth,/work/classic/fr_xl1014-corridor-geometry/IntrMotiv/SF_hipposlam/train_dir/analysis/poster_missing_analyses_20260926/inputs/CR5C_D51_W_RAND_DG_S1234_75038720/00_CR5C_D51_W_RAND_DG_S1234,CR5C_D51_W_RAND_DG_S1234_75038720,9,0.0005805231085723946,0.000999900009999,2,False,False,0.0,0,0,0,0.0,0.0,0.0,1.0,4,0,3.88627290725708,0.0,0.9047619047619048,0.0
CR5C_D51_W_RAND_DG,CR5_D51,poster,na,na,1234,75000000,75038720,/work/classic/fr_xl1014-corridor-geometry/IntrMotiv/SF_hipposlam/train_dir/analysis/poster_missing_analyses_20260926/inputs/CR5C_D51_W_RAND_DG_S1234_75038720/00_CR5C_D51_W_RAND_DG_S1234/checkpoint_p0/checkpoint_000009160_75038720.pth,/work/classic/fr_xl1014-corridor-geometry/IntrMotiv/SF_hipposlam/train_dir/analysis/poster_missing_analyses_20260926/inputs/CR5C_D51_W_RAND_DG_S1234_75038720/00_CR5C_D51_W_RAND_DG_S1234,CR5C_D51_W_RAND_DG_S1234_75038720,10,0.0011563003198168122,0.0008999100089991,1,False,False,0.0,0,0,0,0.0,0.0,0.0,1.0,1,1,0.6696048974990845,1.808077096939087,0.25396825396825395,0.0
CR5C_D51_W_RAND_DG,CR5_D51,poster,na,na,1234,75000000,75038720,/work/classic/fr_xl1014-corridor-geometry/IntrMotiv/SF_hipposlam/train_dir/analysis/poster_missing_analyses_20260926/inputs/CR5C_D51_W_RAND_DG_S1234_75038720/00_CR5C_D51_W_RAND_DG_S1234/checkpoint_p0/checkpoint_000009160_75038720.pth,/work/classic/fr_xl1014-corridor-geometry/IntrMotiv/SF_hipposlam/train_dir/analysis/poster_missing_analyses_20260926/inputs/CR5C_D51_W_RAND_DG_S1234_75038720/00_CR5C_D51_W_RAND_DG_S1234,CR5C_D51_W_RAND_DG_S1234_75038720,11,0.007871256233288083,0.0165983401659834,1,True,False,0.6283102035522461,2,2,2,0.731982946395874,0.6945062279701233,0.6283102035522461,0.3716897964477539,2,4,4.2547454833984375,7.060392379760742,1.0,0.0
CR5C_D51_W_RAND_DG,CR5_D51,poster,na,na,1234,75000000,75038720,/work/classic/fr_xl1014-corridor-geometry/IntrMotiv/SF_hipposlam/train_dir/analysis/poster_missing_analyses_20260926/inputs/CR5C_D51_W_RAND_DG_S1234_75038720/00_CR5C_D51_W_RAND_DG_S1234/checkpoint_p0/checkpoint_000009160_75038720.pth,/work/classic/fr_xl1014-corridor-geometry/IntrMotiv/SF_hipposlam/train_dir/analysis/poster_missing_analyses_20260926/inputs/CR5C_D51_W_RAND_DG_S1234_75038720/00_CR5C_D51_W_RAND_DG_S1234,CR5C_D51_W_RAND_DG_S1234_75038720,12,0.033602099108689845,0.017798220177982202,3,True,False,0.6364514827728271,3,1,1,0.6364514827728271,1.0,1.0,0.36354851722717285,1,2,1.9005478620529175,1.3788732290267944,1.0,0.0
CR5C_D51_W_RAND_DG,CR5_D51,poster,na,na,1234,75000000,75038720,/work/classic/fr_xl1014-corridor-geometry/IntrMotiv/SF_hipposlam/train_dir/analysis/poster_missing_analyses_20260926/inputs/CR5C_D51_W_RAND_DG_S1234_75038720/00_CR5C_D51_W_RAND_DG_S1234/checkpoint_p0/checkpoint_000009160_75038720.pth,/work/classic/fr_xl1014-corridor-geometry/IntrMotiv/SF_hipposlam/train_dir/analysis/poster_missing_analyses_20260926/inputs/CR5C_D51_W_RAND_DG_S1234_75038720/00_CR5C_D51_W_RAND_DG_S1234,CR5C_D51_W_RAND_DG_S1234_75038720,13,0.007813189659137259,0.0065993400659934,1,True,False,0.5420272946357727,3,2,1,0.5420272946357727,0.6098707914352417,1.0,0.4579727053642273,2,0,1.489881157875061,0.0,0.8571428571428571,0.0
CR5C_D51_W_RAND_DG,CR5_D51,poster,na,na,1234,75000000,75038720,/work/classic/fr_xl1014-corridor-geometry/IntrMotiv/SF_hipposlam/train_dir/analysis/poster_missing_analyses_20260926/inputs/CR5C_D51_W_RAND_DG_S1234_75038720/00_CR5C_D51_W_RAND_DG_S1234/checkpoint_p0/checkpoint_000009160_75038720.pth,/work/classic/fr_xl1014-corridor-geometry/IntrMotiv/SF_hipposlam/train_dir/analysis/poster_missing_analyses_20260926/inputs/CR5C_D51_W_RAND_DG_S1234_75038720/00_CR5C_D51_W_RAND_DG_S1234,CR5C_D51_W_RAND_DG_S1234_75038720,14,0.0015973263965003484,0.0011998800119988001,1,False,False,0.0,0,0,0,0.0,0.0,0.0,1.0,1,1,0.8037413954734802,0.9957126379013062,0.4444444444444444,0.0
CR5C_D51_W_RAND_DG,CR5_D51,poster,na,na,1234,75000000,75038720,/work/classic/fr_xl1014-corridor-geometry/IntrMotiv/SF_hipposlam/train_dir/analysis/poster_missing_analyses_20260926/inputs/CR5C_D51_W_RAND_DG_S1234_75038720/00_CR5C_D51_W_RAND_DG_S1234/checkpoint_p0/checkpoint_000009160_75038720.pth,/work/classic/fr_xl1014-corridor-geometry/IntrMotiv/SF_hipposlam/train_dir/analysis/poster_missing_analyses_20260926/inputs/CR5C_D51_W_RAND_DG_S1234_75038720/00_CR5C_D51_W_RAND_DG_S1234,CR5C_D51_W_RAND_DG_S1234_75038720,15,0.0014404004269292173,0.0014998500149985001,2,False,False,0.0,0,0,0,0.0,0.0,0.0,1.0,2,0,1.907608985900879,0.0,0.6190476190476191,0.0
CR5C_D51_W_RAND_DG,CR5_D51,poster,na,na,1234,75000000,75038720,/work/classic/fr_xl1014-corridor-geometry/IntrMotiv/SF_hipposlam/train_dir/analysis/poster_missing_analyses_20260926/inputs/CR5C_D51_W_RAND_DG_S1234_75038720/00_CR5C_D51_W_RAND_DG_S1234/checkpoint_p0/checkpoint_000009160_75038720.pth,/work/classic/fr_xl1014-corridor-geometry/IntrMotiv/SF_hipposlam/train_dir/analysis/poster_missing_analyses_20260926/inputs/CR5C_D51_W_RAND_DG_S1234_75038720/00_CR5C_D51_W_RAND_DG_S1234,CR5C_D51_W_RAND_DG_S1234_75038720,16,0.009518176609344687,0.006299370062993701,5,True,False,0.47767773270606995,3,2,1,0.47767773270606995,0.7409526109695435,1.0,0.52232226729393,2,0,2.1556859016418457,0.0,0.5873015873015873,0.0
CR5C_D51_W_RAND_DG,CR5_D51,poster,na,na,1234,75000000,75038720,/work/classic/fr_xl1014-corridor-geometry/IntrMotiv/SF_hipposlam/train_dir/analysis/poster_missing_analyses_20260926/inputs/CR5C_D51_W_RAND_DG_S1234_75038720/00_CR5C_D51_W_RAND_DG_S1234/checkpoint_p0/checkpoint_000009160_75038720.pth,/work/classic/fr_xl1014-corridor-geometry/IntrMotiv/SF_hipposlam/train_dir/analysis/poster_missing_analyses_20260926/inputs/CR5C_D51_W_RAND_DG_S1234_75038720/00_CR5C_D51_W_RAND_DG_S1234,CR5C_D51_W_RAND_DG_S1234_75038720,17,0.011732839507392323,0.0163983601639836,3,True,False,0.5144485235214233,6,2,1,0.5144485235214233,0.8738406300544739,1.0,0.48555147647857666,2,2,4.624768257141113,4.701178550720215,1.0,0.0
CR5C_D51_W_RAND_DG,CR5_D51,poster,na,na,1234,75000000,75038720,/work/classic/fr_xl1014-corridor-geometry/IntrMotiv/SF_hipposlam/train_dir/analysis/poster_missing_analyses_20260926/inputs/CR5C_D51_W_RAND_DG_S1234_75038720/00_CR5C_D51_W_RAND_DG_S1234/checkpoint_p0/checkpoint_000009160_75038720.pth,/work/classic/fr_xl1014-corridor-geometry/IntrMotiv/SF_hipposlam/train_dir/analysis/poster_missing_analyses_20260926/inputs/CR5C_D51_W_RAND_DG_S1234_75038720/00_CR5C_D51_W_RAND_DG_S1234,CR5C_D51_W_RAND_DG_S1234_75038720,18,0.0042381198687591135,0.0037996200379962005,3,True,False,0.5938531160354614,2,2,1,0.5938531160354614,0.7637417912483215,1.0,0.4061468839645386,4,2,6.330466270446777,2.4521265029907227,0.9523809523809523,0.0
CR5C_D51_W_RAND_DG,CR5_D51,poster,na,na,1234,75000000,75038720,/work/classic/fr_xl1014-corridor-geometry/IntrMotiv/SF_hipposlam/train_dir/analysis/poster_missing_analyses_20260926/inputs/CR5C_D51_W_RAND_DG_S1234_75038720/00_CR5C_D51_W_RAND_DG_S1234/checkpoint_p0/checkpoint_000009160_75038720.pth,/work/classic/fr_xl1014-corridor-geometry/IntrMotiv/SF_hipposlam/train_dir/analysis/poster_missing_analyses_20260926/inputs/CR5C_D51_W_RAND_DG_S1234_75038720/00_CR5C_D51_W_RAND_DG_S1234,CR5C_D51_W_RAND_DG_S1234_75038720,19,0.005330621958658374,0.007399260073992601,2,True,False,0.3988276422023773,4,2,1,0.3988276422023773,0.7144580483436584,1.0,0.6011723577976227,1,0,1.8565270900726318,0.0,0.8095238095238095,0.0
CR5C_D51_W_RAND_DG,CR5_D51,poster,na,na,1234,75000000,75038720,/work/classic/fr_xl1014-corridor-geometry/IntrMotiv/SF_hipposlam/train_dir/analysis/poster_missing_analyses_20260926/inputs/CR5C_D51_W_RAND_DG_S1234_75038720/00_CR5C_D51_W_RAND_DG_S1234/checkpoint_p0/checkpoint_000009160_75038720.pth,/work/classic/fr_xl1014-corridor-geometry/IntrMotiv/SF_hipposlam/train_dir/analysis/poster_missing_analyses_20260926/inputs/CR5C_D51_W_RAND_DG_S1234_75038720/00_CR5C_D51_W_RAND_DG_S1234,CR5C_D51_W_RAND_DG_S1234_75038720,20,0.0011231152694389248,0.0011998800119988001,2,False,False,0.0,0,0,0,0.0,0.0,0.0,1.0,1,0,0.5405175685882568,0.0,0.23809523809523808,0.0
CR5C_D51_W_RAND_DG,CR5_D51,poster,na,na,1234,75000000,75038720,/work/classic/fr_xl1014-corridor-geometry/IntrMotiv/SF_hipposlam/train_dir/analysis/poster_missing_analyses_20260926/inputs/CR5C_D51_W_RAND_DG_S1234_75038720/00_CR5C_D51_W_RAND_DG_S1234/checkpoint_p0/checkpoint_000009160_75038720.pth,/work/classic/fr_xl1014-corridor-geometry/IntrMotiv/SF_hipposlam/train_dir/analysis/poster_missing_analyses_20260926/inputs/CR5C_D51_W_RAND_DG_S1234_75038720/00_CR5C_D51_W_RAND_DG_S1234,CR5C_D51_W_RAND_DG_S1234_75038720,21,0.003612220480347177,0.0044995500449955,2,True,False,0.4444836676120758,3,2,1,0.4444836676120758,0.6973062753677368,1.0,0.5555163323879242,2,3,2.2121686935424805,3.118058204650879,0.9523809523809523,0.0
CR5C_D51_W_RAND_DG,CR5_D51,poster,na,na,1234,75000000,75038720,/work/classic/fr_xl1014-corridor-geometry/IntrMotiv/SF_hipposlam/train_dir/analysis/poster_missing_analyses_20260926/inputs/CR5C_D51_W_RAND_DG_S1234_75038720/00_CR5C_D51_W_RAND_DG_S1234/checkpoint_p0/checkpoint_000009160_75038720.pth,/work/classic/fr_xl1014-corridor-geometry/IntrMotiv/SF_hipposlam/train_dir/analysis/poster_missing_analyses_20260926/inputs/CR5C_D51_W_RAND_DG_S1234_75038720/00_CR5C_D51_W_RAND_DG_S1234,CR5C_D51_W_RAND_DG_S1234_75038720,22,0.003575296685196534,0.0023997600239976003,1,True,True,1.0,1,1,1,1.0,1.0,1.0,0.0,0,2,0.0,1.896083116531372,0.9682539682539683,0.0
CR5C_D51_W_RAND_DG,CR5_D51,poster,na,na,1234,75000000,75038720,/work/classic/fr_xl1014-corridor-geometry/IntrMotiv/SF_hipposlam/train_dir/analysis/poster_missing_analyses_20260926/inputs/CR5C_D51_W_RAND_DG_S1234_75038720/00_CR5C_D51_W_RAND_DG_S1234/checkpoint_p0/checkpoint_000009160_75038720.pth,/work/classic/fr_xl1014-corridor-geometry/IntrMotiv/SF_hipposlam/train_dir/analysis/poster_missing_analyses_20260926/inputs/CR5C_D51_W_RAND_DG_S1234_75038720/00_CR5C_D51_W_RAND_DG_S1234,CR5C_D51_W_RAND_DG_S1234_75038720,23,0.0016576197827054791,0.0012998700129987,1,False,False,0.0,0,0,0,0.0,0.0,0.0,1.0,1,0,0.8982232213020325,0.0,0.49206349206349204,0.0
CR5C_D51_W_RAND_DG,CR5_D51,poster,na,na,1234,75000000,75038720,/work/classic/fr_xl1014-corridor-geometry/IntrMotiv/SF_hipposlam/train_dir/analysis/poster_missing_analyses_20260926/inputs/CR5C_D51_W_RAND_DG_S1234_75038720/00_CR5C_D51_W_RAND_DG_S1234/checkpoint_p0/checkpoint_000009160_75038720.pth,/work/classic/fr_xl1014-corridor-geometry/IntrMotiv/SF_hipposlam/train_dir/analysis/poster_missing_analyses_20260926/inputs/CR5C_D51_W_RAND_DG_S1234_75038720/00_CR5C_D51_W_RAND_DG_S1234,CR5C_D51_W_RAND_DG_S1234_75038720,24,0.006106353088798203,0.0110988901109889,1,True,False,0.6745649576187134,4,2,1,0.6745649576187134,0.744149923324585,1.0,0.3254350423812866,1,2,0.9872118234634399,2.8368430137634277,0.9682539682539683,0.0
CR5C_D51_W_RAND_DG,CR5_D51,poster,na,na,1234,75000000,75038720,/work/classic/fr_xl1014-corridor-geometry/IntrMotiv/SF_hipposlam/train_dir/analysis/poster_missing_analyses_20260926/inputs/CR5C_D51_W_RAND_DG_S1234_75038720/00_CR5C_D51_W_RAND_DG_S1234/checkpoint_p0/checkpoint_000009160_75038720.pth,/work/classic/fr_xl1014-corridor-geometry/IntrMotiv/SF_hipposlam/train_dir/analysis/poster_missing_analyses_20260926/inputs/CR5C_D51_W_RAND_DG_S1234_75038720/00_CR5C_D51_W_RAND_DG_S1234,CR5C_D51_W_RAND_DG_S1234_75038720,25,0.000602409839476671,0.0008999100089991,3,False,False,0.0,0,0,0,0.0,0.0,0.0,1.0,4,1,4.157585620880127,0.8498661518096924,0.7936507936507936,0.0
CR5C_D51_W_RAND_DG,CR5_D51,poster,na,na,1234,75000000,75038720,/work/classic/fr_xl1014-corridor-geometry/IntrMotiv/SF_hipposlam/train_dir/analysis/poster_missing_analyses_20260926/inputs/CR5C_D51_W_RAND_DG_S1234_75038720/00_CR5C_D51_W_RAND_DG_S1234/checkpoint_p0/checkpoint_000009160_75038720.pth,/work/classic/fr_xl1014-corridor-geometry/IntrMotiv/SF_hipposlam/train_dir/analysis/poster_missing_analyses_20260926/inputs/CR5C_D51_W_RAND_DG_S1234_75038720/00_CR5C_D51_W_RAND_DG_S1234,CR5C_D51_W_RAND_DG_S1234_75038720,26,0.0025610827631057445,0.0018998100189981002,1,False,False,0.0,0,0,0,0.0,0.0,0.0,1.0,1,0,0.7780227661132812,0.0,0.19047619047619047,0.0
CR5C_D51_W_RAND_DG,CR5_D51,poster,na,na,1234,75000000,75038720,/work/classic/fr_xl1014-corridor-geometry/IntrMotiv/SF_hipposlam/train_dir/analysis/poster_missing_analyses_20260926/inputs/CR5C_D51_W_RAND_DG_S1234_75038720/00_CR5C_D51_W_RAND_DG_S1234/checkpoint_p0/checkpoint_000009160_75038720.pth,/work/classic/fr_xl1014-corridor-geometry/IntrMotiv/SF_hipposlam/train_dir/analysis/poster_missing_analyses_20260926/inputs/CR5C_D51_W_RAND_DG_S1234_75038720/00_CR5C_D51_W_RAND_DG_S1234,CR5C_D51_W_RAND_DG_S1234_75038720,27,0.004076399121396815,0.0038996100389961006,1,True,False,0.3719586730003357,4,3,1,0.3719586730003357,0.4604324996471405,1.0,0.6280413269996643,2,1,2.653627872467041,1.2780057191848755,0.6984126984126984,0.0
CR5C_D51_W_RAND_DG,CR5_D51,poster,na,na,1234,75000000,75038720,/work/classic/fr_xl1014-corridor-geometry/IntrMotiv/SF_hipposlam/train_dir/analysis/poster_missing_analyses_20260926/inputs/CR5C_D51_W_RAND_DG_S1234_75038720/00_CR5C_D51_W_RAND_DG_S1234/checkpoint_p0/checkpoint_000009160_75038720.pth,/work/classic/fr_xl1014-corridor-geometry/IntrMotiv/SF_hipposlam/train_dir/analysis/poster_missing_analyses_20260926/inputs/CR5C_D51_W_RAND_DG_S1234_75038720/00_CR5C_D51_W_RAND_DG_S1234,CR5C_D51_W_RAND_DG_S1234_75038720,28,0.0015782677585809684,0.0015998400159984002,4,False,False,0.0,0,0,0,0.0,0.0,0.0,1.0,0,1,0.0,0.9115496873855591,0.6031746031746031,0.0
CR5C_D51_W_RAND_DG,CR5_D51,poster,na,na,1234,75000000,75038720,/work/classic/fr_xl1014-corridor-geometry/IntrMotiv/SF_hipposlam/train_dir/analysis/poster_missing_analyses_20260926/inputs/CR5C_D51_W_RAND_DG_S1234_75038720/00_CR5C_D51_W_RAND_DG_S1234/checkpoint_p0/checkpoint_000009160_75038720.pth,/work/classic/fr_xl1014-corridor-geometry/IntrMotiv/SF_hipposlam/train_dir/analysis/poster_missing_analyses_20260926/inputs/CR5C_D51_W_RAND_DG_S1234_75038720/00_CR5C_D51_W_RAND_DG_S1234,CR5C_D51_W_RAND_DG_S1234_75038720,29,0.0074229215930106335,0.008799120087991202,2,True,True,1.0,1,1,1,1.0,1.0,1.0,0.0,1,1,2.622061014175415,0.725074291229248,0.9523809523809523,0.0
CR5C_D51_W_RAND_DG,CR5_D51,poster,na,na,1234,75000000,75038720,/work/classic/fr_xl1014-corridor-geometry/IntrMotiv/SF_hipposlam/train_dir/analysis/poster_missing_analyses_20260926/inputs/CR5C_D51_W_RAND_DG_S1234_75038720/00_CR5C_D51_W_RAND_DG_S1234/checkpoint_p0/checkpoint_000009160_75038720.pth,/work/classic/fr_xl1014-corridor-geometry/IntrMotiv/SF_hipposlam/train_dir/analysis/poster_missing_analyses_20260926/inputs/CR5C_D51_W_RAND_DG_S1234_75038720/00_CR5C_D51_W_RAND_DG_S1234,CR5C_D51_W_RAND_DG_S1234_75038720,30,0.007426963906071774,0.006099390060993901,1,True,False,0.7843673825263977,3,1,1,0.7843673825263977,1.0,1.0,0.2156326174736023,2,2,1.6752326488494873,1.9287831783294678,0.9523809523809523,0.0
CR5C_D51_W_RAND_DG,CR5_D51,poster,na,na,1234,75000000,75038720,/work/classic/fr_xl1014-corridor-geometry/IntrMotiv/SF_hipposlam/train_dir/analysis/poster_missing_analyses_20260926/inputs/CR5C_D51_W_RAND_DG_S1234_75038720/00_CR5C_D51_W_RAND_DG_S1234/checkpoint_p0/checkpoint_000009160_75038720.pth,/work/classic/fr_xl1014-corridor-geometry/IntrMotiv/SF_hipposlam/train_dir/analysis/poster_missing_analyses_20260926/inputs/CR5C_D51_W_RAND_DG_S1234_75038720/00_CR5C_D51_W_RAND_DG_S1234,CR5C_D51_W_RAND_DG_S1234_75038720,31,0.01136607193307558,0.009799020097990201,4,True,False,0.48979079723358154,4,2,1,0.48979079723358154,0.7624322772026062,1.0,0.5102092027664185,1,2,2.2428996562957764,2.634530544281006,0.9841269841269841,0.0
CR5C_D51_W_RAND_DG,CR5_D51,poster,na,na,1234,75000000,75038720,/work/classic/fr_xl1014-corridor-geometry/IntrMotiv/SF_hipposlam/train_dir/analysis/poster_missing_analyses_20260926/inputs/CR5C_D51_W_RAND_DG_S1234_75038720/00_CR5C_D51_W_RAND_DG_S1234/checkpoint_p0/checkpoint_000009160_75038720.pth,/work/classic/fr_xl1014-corridor-geometry/IntrMotiv/SF_hipposlam/train_dir/analysis/poster_missing_analyses_20260926/inputs/CR5C_D51_W_RAND_DG_S1234_75038720/00_CR5C_D51_W_RAND_DG_S1234,CR5C_D51_W_RAND_DG_S1234_75038720,32,0.0018351260053463406,0.001999800019998,1,True,True,1.0,1,1,1,1.0,1.0,1.0,0.0,4,1,3.770576000213623,0.5168439745903015,0.4603174603174603,0.0
CR5C_D51_W_RAND_DG,CR5_D51,poster,na,na,1234,75000000,75038720,/work/classic/fr_xl1014-corridor-geometry/IntrMotiv/SF_hipposlam/train_dir/analysis/poster_missing_analyses_20260926/inputs/CR5C_D51_W_RAND_DG_S1234_75038720/00_CR5C_D51_W_RAND_DG_S1234/checkpoint_p0/checkpoint_000009160_75038720.pth,/work/classic/fr_xl1014-corridor-geometry/IntrMotiv/SF_hipposlam/train_dir/analysis/poster_missing_analyses_20260926/inputs/CR5C_D51_W_RAND_DG_S1234_75038720/00_CR5C_D51_W_RAND_DG_S1234,CR5C_D51_W_RAND_DG_S1234_75038720,33,0.0,0.0,0,False,False,0.0,0,0,0,0.0,0.0,0.0,1.0,1,0,0.6206908226013184,0.0,0.6984126984126984,0.0
CR5C_D51_W_RAND_DG,CR5_D51,poster,na,na,1234,75000000,75038720,/work/classic/fr_xl1014-corridor-geometry/IntrMotiv/SF_hipposlam/train_dir/analysis/poster_missing_analyses_20260926/inputs/CR5C_D51_W_RAND_DG_S1234_75038720/00_CR5C_D51_W_RAND_DG_S1234/checkpoint_p0/checkpoint_000009160_75038720.pth,/work/classic/fr_xl1014-corridor-geometry/IntrMotiv/SF_hipposlam/train_dir/analysis/poster_missing_analyses_20260926/inputs/CR5C_D51_W_RAND_DG_S1234_75038720/00_CR5C_D51_W_RAND_DG_S1234,CR5C_D51_W_RAND_DG_S1234_75038720,34,0.004695518252396426,0.007099290070992901,3,True,False,0.3667606711387634,5,2,1,0.3667606711387634,0.76289302110672,1.0,0.6332393288612366,0,7,0.0,11.888525009155273,1.0,0.0
CR5C_D51_W_RAND_DG,CR5_D51,poster,na,na,1234,75000000,75038720,/work/classic/fr_xl1014-corridor-geometry/IntrMotiv/SF_hipposlam/train_dir/analysis/poster_missing_analyses_20260926/inputs/CR5C_D51_W_RAND_DG_S1234_75038720/00_CR5C_D51_W_RAND_DG_S1234/checkpoint_p0/checkpoint_000009160_75038720.pth,/work/classic/fr_xl1014-corridor-geometry/IntrMotiv/SF_hipposlam/train_dir/analysis/poster_missing_analyses_20260926/inputs/CR5C_D51_W_RAND_DG_S1234_75038720/00_CR5C_D51_W_RAND_DG_S1234,CR5C_D51_W_RAND_DG_S1234_75038720,35,0.012401209755579142,0.0093990600939906,1,True,False,0.43423229455947876,5,3,2,0.43423229455947876,0.526131272315979,0.785841703414917,0.5657677054405212,1,1,2.406245470046997,2.3226161003112793,0.9841269841269841,0.0
CR5C_D51_W_RAND_DG,CR5_D51,poster,na,na,1234,75000000,75038720,/work/classic/fr_xl1014-corridor-geometry/IntrMotiv/SF_hipposlam/train_dir/analysis/poster_missing_analyses_20260926/inputs/CR5C_D51_W_RAND_DG_S1234_75038720/00_CR5C_D51_W_RAND_DG_S1234/checkpoint_p0/checkpoint_000009160_75038720.pth,/work/classic/fr_xl1014-corridor-geometry/IntrMotiv/SF_hipposlam/train_dir/analysis/poster_missing_analyses_20260926/inputs/CR5C_D51_W_RAND_DG_S1234_75038720/00_CR5C_D51_W_RAND_DG_S1234,CR5C_D51_W_RAND_DG_S1234_75038720,36,0.00026569832631737707,0.00019998000199980003,1,False,False,0.0,0,0,0,0.0,0.0,0.0,1.0,3,1,2.421643018722534,0.8942818641662598,0.19047619047619047,0.0
CR5C_D51_W_RAND_DG,CR5_D51,poster,na,na,1234,75000000,75038720,/work/classic/fr_xl1014-corridor-geometry/IntrMotiv/SF_hipposlam/train_dir/analysis/poster_missing_analyses_20260926/inputs/CR5C_D51_W_RAND_DG_S1234_75038720/00_CR5C_D51_W_RAND_DG_S1234/checkpoint_p0/checkpoint_000009160_75038720.pth,/work/classic/fr_xl1014-corridor-geometry/IntrMotiv/SF_hipposlam/train_dir/analysis/poster_missing_analyses_20260926/inputs/CR5C_D51_W_RAND_DG_S1234_75038720/00_CR5C_D51_W_RAND_DG_S1234,CR5C_D51_W_RAND_DG_S1234_75038720,37,0.007556925406268512,0.012898710128987101,1,True,True,1.0,1,1,1,1.0,1.0,1.0,0.0,1,6,4.020169258117676,8.204968452453613,1.0,0.0
CR5C_D51_W_RAND_DG,CR5_D51,poster,na,na,1234,75000000,75038720,/work/classic/fr_xl1014-corridor-geometry/IntrMotiv/SF_hipposlam/train_dir/analysis/poster_missing_analyses_20260926/inputs/CR5C_D51_W_RAND_DG_S1234_75038720/00_CR5C_D51_W_RAND_DG_S1234/checkpoint_p0/checkpoint_000009160_75038720.pth,/work/classic/fr_xl1014-corridor-geometry/IntrMotiv/SF_hipposlam/train_dir/analysis/poster_missing_analyses_20260926/inputs/CR5C_D51_W_RAND_DG_S1234_75038720/00_CR5C_D51_W_RAND_DG_S1234,CR5C_D51_W_RAND_DG_S1234_75038720,38,0.00234123251009276,0.0021997800219978004,2,True,False,0.44786444306373596,3,3,2,0.4781860113143921,0.44786444306373596,0.5080484747886658,0.552135556936264,1,0,1.5021274089813232,0.0,0.7777777777777778,0.0
CR5C_D51_W_RAND_DG,CR5_D51,poster,na,na,1234,75000000,75038720,/work/classic/fr_xl1014-corridor-geometry/IntrMotiv/SF_hipposlam/train_dir/analysis/poster_missing_analyses_20260926/inputs/CR5C_D51_W_RAND_DG_S1234_75038720/00_CR5C_D51_W_RAND_DG_S1234/checkpoint_p0/checkpoint_000009160_75038720.pth,/work/classic/fr_xl1014-corridor-geometry/IntrMotiv/SF_hipposlam/train_dir/analysis/poster_missing_analyses_20260926/inputs/CR5C_D51_W_RAND_DG_S1234_75038720/00_CR5C_D51_W_RAND_DG_S1234,CR5C_D51_W_RAND_DG_S1234_75038720,39,0.0036322127549987013,0.005699430056994301,1,True,True,1.0,1,1,1,1.0,1.0,1.0,0.0,0,3,0.0,5.040949821472168,0.8888888888888888,0.0
CR5C_D51_W_RAND_DG,CR5_D51,poster,na,na,1234,75000000,75038720,/work/classic/fr_xl1014-corridor-geometry/IntrMotiv/SF_hipposlam/train_dir/analysis/poster_missing_analyses_20260926/inputs/CR5C_D51_W_RAND_DG_S1234_75038720/00_CR5C_D51_W_RAND_DG_S1234/checkpoint_p0/checkpoint_000009160_75038720.pth,/work/classic/fr_xl1014-corridor-geometry/IntrMotiv/SF_hipposlam/train_dir/analysis/poster_missing_analyses_20260926/inputs/CR5C_D51_W_RAND_DG_S1234_75038720/00_CR5C_D51_W_RAND_DG_S1234,CR5C_D51_W_RAND_DG_S1234_75038720,40,0.0009921689586732676,0.0005999400059994001,2,False,False,0.0,0,0,0,0.0,0.0,0.0,1.0,1,1,0.725074291229248,0.8947771191596985,0.5555555555555556,0.0
CR5C_D51_W_RAND_DG,CR5_D51,poster,na,na,1234,75000000,75038720,/work/classic/fr_xl1014-corridor-geometry/IntrMotiv/SF_hipposlam/train_dir/analysis/poster_missing_analyses_20260926/inputs/CR5C_D51_W_RAND_DG_S1234_75038720/00_CR5C_D51_W_RAND_DG_S1234/checkpoint_p0/checkpoint_000009160_75038720.pth,/work/classic/fr_xl1014-corridor-geometry/IntrMotiv/SF_hipposlam/train_dir/analysis/poster_missing_analyses_20260926/inputs/CR5C_D51_W_RAND_DG_S1234_75038720/00_CR5C_D51_W_RAND_DG_S1234,CR5C_D51_W_RAND_DG_S1234_75038720,41,0.007876812754139973,0.009599040095990401,2,True,True,0.8524226546287537,2,1,1,0.8524226546287537,1.0,1.0,0.14757734537124634,3,1,2.8764286041259766,1.417578935623169,0.9523809523809523,0.0
CR5C_D51_W_RAND_DG,CR5_D51,poster,na,na,1234,75000000,75038720,/work/classic/fr_xl1014-corridor-geometry/IntrMotiv/SF_hipposlam/train_dir/analysis/poster_missing_analyses_20260926/inputs/CR5C_D51_W_RAND_DG_S1234_75038720/00_CR5C_D51_W_RAND_DG_S1234/checkpoint_p0/checkpoint_000009160_75038720.pth,/work/classic/fr_xl1014-corridor-geometry/IntrMotiv/SF_hipposlam/train_dir/analysis/poster_missing_analyses_20260926/inputs/CR5C_D51_W_RAND_DG_S1234_75038720/00_CR5C_D51_W_RAND_DG_S1234,CR5C_D51_W_RAND_DG_S1234_75038720,42,0.004320368409802026,0.004899510048995101,2,True,False,0.5631847381591797,3,2,2,0.5631847381591797,0.7739481329917908,0.7739481329917908,0.4368152618408203,3,0,4.385159969329834,0.0,0.6349206349206349,0.0
CR5C_D51_W_RAND_DG,CR5_D51,poster,na,na,1234,75000000,75038720,/work/classic/fr_xl1014-corridor-geometry/IntrMotiv/SF_hipposlam/train_dir/analysis/poster_missing_analyses_20260926/inputs/CR5C_D51_W_RAND_DG_S1234_75038720/00_CR5C_D51_W_RAND_DG_S1234/checkpoint_p0/checkpoint_000009160_75038720.pth,/work/classic/fr_xl1014-corridor-geometry/IntrMotiv/SF_hipposlam/train_dir/analysis/poster_missing_analyses_20260926/inputs/CR5C_D51_W_RAND_DG_S1234_75038720/00_CR5C_D51_W_RAND_DG_S1234,CR5C_D51_W_RAND_DG_S1234_75038720,43,0.002988026818552861,0.003999600039996,2,True,False,0.6125518083572388,5,1,1,0.6125518083572388,1.0,1.0,0.38744819164276123,3,0,4.142106533050537,0.0,0.873015873015873,0.0
CR5C_D51_W_RAND_DG,CR5_D51,poster,na,na,1234,75000000,75038720,/work/classic/fr_xl1014-corridor-geometry/IntrMotiv/SF_hipposlam/train_dir/analysis/poster_missing_analyses_20260926/inputs/CR5C_D51_W_RAND_DG_S1234_75038720/00_CR5C_D51_W_RAND_DG_S1234/checkpoint_p0/checkpoint_000009160_75038720.pth,/work/classic/fr_xl1014-corridor-geometry/IntrMotiv/SF_hipposlam/train_dir/analysis/poster_missing_analyses_20260926/inputs/CR5C_D51_W_RAND_DG_S1234_75038720/00_CR5C_D51_W_RAND_DG_S1234,CR5C_D51_W_RAND_DG_S1234_75038720,44,0.006138156955308588,0.0046995300469953,4,True,False,0.40787357091903687,3,2,1,0.40787357091903687,0.680968165397644,1.0,0.5921264290809631,2,1,3.99021053314209,0.9104028344154358,0.9841269841269841,0.0
CR5C_D51_W_RAND_DG,CR5_D51,poster,na,na,1234,75000000,75038720,/work/classic/fr_xl1014-corridor-geometry/IntrMotiv/SF_hipposlam/train_dir/analysis/poster_missing_analyses_20260926/inputs/CR5C_D51_W_RAND_DG_S1234_75038720/00_CR5C_D51_W_RAND_DG_S1234/checkpoint_p0/checkpoint_000009160_75038720.pth,/work/classic/fr_xl1014-corridor-geometry/IntrMotiv/SF_hipposlam/train_dir/analysis/poster_missing_analyses_20260926/inputs/CR5C_D51_W_RAND_DG_S1234_75038720/00_CR5C_D51_W_RAND_DG_S1234,CR5C_D51_W_RAND_DG_S1234_75038720,45,0.0,0.0,0,False,False,0.0,0,0,0,0.0,0.0,0.0,1.0,1,0,0.5168439745903015,0.0,0.06349206349206349,0.0
CR5C_D51_W_RAND_DG,CR5_D51,poster,na,na,1234,75000000,75038720,/work/classic/fr_xl1014-corridor-geometry/IntrMotiv/SF_hipposlam/train_dir/analysis/poster_missing_analyses_20260926/inputs/CR5C_D51_W_RAND_DG_S1234_75038720/00_CR5C_D51_W_RAND_DG_S1234/checkpoint_p0/checkpoint_000009160_75038720.pth,/work/classic/fr_xl1014-corridor-geometry/IntrMotiv/SF_hipposlam/train_dir/analysis/poster_missing_analyses_20260926/inputs/CR5C_D51_W_RAND_DG_S1234_75038720/00_CR5C_D51_W_RAND_DG_S1234,CR5C_D51_W_RAND_DG_S1234_75038720,46,0.011254478674180285,0.0131986801319868,1,True,True,0.807235062122345,3,1,1,0.807235062122345,1.0,1.0,0.19276493787765503,1,2,2.3226161003112793,4.0391130447387695,1.0,0.0
CR5C_D51_W_RAND_DG,CR5_D51,poster,na,na,1234,75000000,75038720,/work/classic/fr_xl1014-corridor-geometry/IntrMotiv/SF_hipposlam/train_dir/analysis/poster_missing_analyses_20260926/inputs/CR5C_D51_W_RAND_DG_S1234_75038720/00_CR5C_D51_W_RAND_DG_S1234/checkpoint_p0/checkpoint_000009160_75038720.pth,/work/classic/fr_xl1014-corridor-geometry/IntrMotiv/SF_hipposlam/train_dir/analysis/poster_missing_analyses_20260926/inputs/CR5C_D51_W_RAND_DG_S1234_75038720/00_CR5C_D51_W_RAND_DG_S1234,CR5C_D51_W_RAND_DG_S1234_75038720,47,0.010593498283437818,0.013098690130986902,2,True,False,0.352108359336853,6,4,4,0.352108359336853,0.3668983578681946,0.42052698135375977,0.647891640663147,0,1,0.0,1.1528444290161133,0.9523809523809523,0.0
CR5C_D51_W_RAND_DG,CR5_D51,poster,na,na,1234,75000000,75038720,/work/classic/fr_xl1014-corridor-geometry/IntrMotiv/SF_hipposlam/train_dir/analysis/poster_missing_analyses_20260926/inputs/CR5C_D51_W_RAND_DG_S1234_75038720/00_CR5C_D51_W_RAND_DG_S1234/checkpoint_p0/checkpoint_000009160_75038720.pth,/work/classic/fr_xl1014-corridor-geometry/IntrMotiv/SF_hipposlam/train_dir/analysis/poster_missing_analyses_20260926/inputs/CR5C_D51_W_RAND_DG_S1234_75038720/00_CR5C_D51_W_RAND_DG_S1234,CR5C_D51_W_RAND_DG_S1234_75038720,48,0.004364184270306025,0.006199380061993801,2,True,False,0.43139711022377014,4,2,1,0.43139711022377014,0.7631815671920776,1.0,0.5686028897762299,1,2,1.1059417724609375,3.432551383972168,0.9523809523809523,0.0
CR5C_D51_W_RAND_DG,CR5_D51,poster,na,na,1234,75000000,75038720,/work/classic/fr_xl1014-corridor-geometry/IntrMotiv/SF_hipposlam/train_dir/analysis/poster_missing_analyses_20260926/inputs/CR5C_D51_W_RAND_DG_S1234_75038720/00_CR5C_D51_W_RAND_DG_S1234/checkpoint_p0/checkpoint_000009160_75038720.pth,/work/classic/fr_xl1014-corridor-geometry/IntrMotiv/SF_hipposlam/train_dir/analysis/poster_missing_analyses_20260926/inputs/CR5C_D51_W_RAND_DG_S1234_75038720/00_CR5C_D51_W_RAND_DG_S1234,CR5C_D51_W_RAND_DG_S1234_75038720,49,0.002485577631896969,0.0038996100389961006,1,True,True,0.8304464817047119,2,1,1,0.8304464817047119,1.0,1.0,0.16955351829528809,2,4,2.6631813049316406,4.104160785675049,0.9523809523809523,0.0
CR5C_D51_W_RAND_DG,CR5_D51,poster,na,na,1234,75000000,75038720,/work/classic/fr_xl1014-corridor-geometry/IntrMotiv/SF_hipposlam/train_dir/analysis/poster_missing_analyses_20260926/inputs/CR5C_D51_W_RAND_DG_S1234_75038720/00_CR5C_D51_W_RAND_DG_S1234/checkpoint_p0/checkpoint_000009160_75038720.pth,/work/classic/fr_xl1014-corridor-geometry/IntrMotiv/SF_hipposlam/train_dir/analysis/poster_missing_analyses_20260926/inputs/CR5C_D51_W_RAND_DG_S1234_75038720/00_CR5C_D51_W_RAND_DG_S1234,CR5C_D51_W_RAND_DG_S1234_75038720,50,0.009233707496891147,0.0226977302269773,4,True,False,0.2980723977088928,6,4,1,0.2980723977088928,0.5536820888519287,1.0,0.7019276022911072,1,3,1.5285886526107788,2.7976694107055664,0.9523809523809523,0.0
CR5C_D51_W_RAND_DG,CR5_D51,poster,na,na,1234,75000000,75038720,/work/classic/fr_xl1014-corridor-geometry/IntrMotiv/SF_hipposlam/train_dir/analysis/poster_missing_analyses_20260926/inputs/CR5C_D51_W_RAND_DG_S1234_75038720/00_CR5C_D51_W_RAND_DG_S1234/checkpoint_p0/checkpoint_000009160_75038720.pth,/work/classic/fr_xl1014-corridor-geometry/IntrMotiv/SF_hipposlam/train_dir/analysis/poster_missing_analyses_20260926/inputs/CR5C_D51_W_RAND_DG_S1234_75038720/00_CR5C_D51_W_RAND_DG_S1234,CR5C_D51_W_RAND_DG_S1234_75038720,51,0.0,0.0,0,False,False,0.0,0,0,0,0.0,0.0,0.0,1.0,0,0,0.0,0.0,0.19047619047619047,0.0
CR5C_D51_W_RAND_DG,CR5_D51,poster,na,na,1234,75000000,75038720,/work/classic/fr_xl1014-corridor-geometry/IntrMotiv/SF_hipposlam/train_dir/analysis/poster_missing_analyses_20260926/inputs/CR5C_D51_W_RAND_DG_S1234_75038720/00_CR5C_D51_W_RAND_DG_S1234/checkpoint_p0/checkpoint_000009160_75038720.pth,/work/classic/fr_xl1014-corridor-geometry/IntrMotiv/SF_hipposlam/train_dir/analysis/poster_missing_analyses_20260926/inputs/CR5C_D51_W_RAND_DG_S1234_75038720/00_CR5C_D51_W_RAND_DG_S1234,CR5C_D51_W_RAND_DG_S1234_75038720,52,0.0038461917207385466,0.0036996300369963003,1,True,True,1.0,1,1,1,1.0,1.0,1.0,0.0,1,1,1.834578275680542,0.9455413818359375,0.9365079365079365,0.0
CR5C_D51_W_RAND_DG,CR5_D51,poster,na,na,1234,75000000,75038720,/work/classic/fr_xl1014-corridor-geometry/IntrMotiv/SF_hipposlam/train_dir/analysis/poster_missing_analyses_20260926/inputs/CR5C_D51_W_RAND_DG_S1234_75038720/00_CR5C_D51_W_RAND_DG_S1234/checkpoint_p0/checkpoint_000009160_75038720.pth,/work/classic/fr_xl1014-corridor-geometry/IntrMotiv/SF_hipposlam/train_dir/analysis/poster_missing_analyses_20260926/inputs/CR5C_D51_W_RAND_DG_S1234_75038720/00_CR5C_D51_W_RAND_DG_S1234,CR5C_D51_W_RAND_DG_S1234_75038720,53,0.0033012040964177105,0.0036996300369963003,3,True,False,0.2821078896522522,5,4,4,0.3946894109249115,0.2821078896522522,0.33057934045791626,0.7178921103477478,2,0,1.6235672235488892,0.0,0.8253968253968254,0.0
CR5C_D51_W_RAND_DG,CR5_D51,poster,na,na,1234,75000000,75038720,/work/classic/fr_xl1014-corridor-geometry/IntrMotiv/SF_hipposlam/train_dir/analysis/poster_missing_analyses_20260926/inputs/CR5C_D51_W_RAND_DG_S1234_75038720/00_CR5C_D51_W_RAND_DG_S1234/checkpoint_p0/checkpoint_000009160_75038720.pth,/work/classic/fr_xl1014-corridor-geometry/IntrMotiv/SF_hipposlam/train_dir/analysis/poster_missing_analyses_20260926/inputs/CR5C_D51_W_RAND_DG_S1234_75038720/00_CR5C_D51_W_RAND_DG_S1234,CR5C_D51_W_RAND_DG_S1234_75038720,54,0.01183633389787141,0.009099090090990901,1,True,True,1.0,1,1,1,1.0,1.0,1.0,0.0,2,1,2.3123559951782227,1.7729474306106567,0.9047619047619048,0.0
CR5C_D51_W_RAND_DG,CR5_D51,poster,na,na,1234,75000000,75038720,/work/classic/fr_xl1014-corridor-geometry/IntrMotiv/SF_hipposlam/train_dir/analysis/poster_missing_analyses_20260926/inputs/CR5C_D51_W_RAND_DG_S1234_75038720/00_CR5C_D51_W_RAND_DG_S1234/checkpoint_p0/checkpoint_000009160_75038720.pth,/work/classic/fr_xl1014-corridor-geometry/IntrMotiv/SF_hipposlam/train_dir/analysis/poster_missing_analyses_20260926/inputs/CR5C_D51_W_RAND_DG_S1234_75038720/00_CR5C_D51_W_RAND_DG_S1234,CR5C_D51_W_RAND_DG_S1234_75038720,55,0.0006208595728120026,0.0006999300069993001,2,False,False,0.0,0,0,0,0.0,0.0,0.0,1.0,0,0,0.0,0.0,0.20634920634920634,0.0
CR5C_D51_W_RAND_DG,CR5_D51,poster,na,na,1234,75000000,75038720,/work/classic/fr_xl1014-corridor-geometry/IntrMotiv/SF_hipposlam/train_dir/analysis/poster_missing_analyses_20260926/inputs/CR5C_D51_W_RAND_DG_S1234_75038720/00_CR5C_D51_W_RAND_DG_S1234/checkpoint_p0/checkpoint_000009160_75038720.pth,/work/classic/fr_xl1014-corridor-geometry/IntrMotiv/SF_hipposlam/train_dir/analysis/poster_missing_analyses_20260926/inputs/CR5C_D51_W_RAND_DG_S1234_75038720/00_CR5C_D51_W_RAND_DG_S1234,CR5C_D51_W_RAND_DG_S1234_75038720,56,0.0017557132373460377,0.0016998300169983002,2,False,False,0.0,0,0,0,0.0,0.0,0.0,1.0,1,0,1.7729474306106567,0.0,0.9047619047619048,0.0
CR5C_D51_W_RAND_DG,CR5_D51,poster,na,na,1234,75000000,75038720,/work/classic/fr_xl1014-corridor-geometry/IntrMotiv/SF_hipposlam/train_dir/analysis/poster_missing_analyses_20260926/inputs/CR5C_D51_W_RAND_DG_S1234_75038720/00_CR5C_D51_W_RAND_DG_S1234/checkpoint_p0/checkpoint_000009160_75038720.pth,/work/classic/fr_xl1014-corridor-geometry/IntrMotiv/SF_hipposlam/train_dir/analysis/poster_missing_analyses_20260926/inputs/CR5C_D51_W_RAND_DG_S1234_75038720/00_CR5C_D51_W_RAND_DG_S1234,CR5C_D51_W_RAND_DG_S1234_75038720,57,0.008932198752104985,0.008899110088991101,3,True,False,0.3831077218055725,7,5,1,0.3831077218055725,0.5248938798904419,1.0,0.6168922781944275,0,3,0.0,2.946075439453125,1.0,0.0
CR5C_D51_W_RAND_DG,CR5_D51,poster,na,na,1234,75000000,75038720,/work/classic/fr_xl1014-corridor-geometry/IntrMotiv/SF_hipposlam/train_dir/analysis/poster_missing_analyses_20260926/inputs/CR5C_D51_W_RAND_DG_S1234_75038720/00_CR5C_D51_W_RAND_DG_S1234/checkpoint_p0/checkpoint_000009160_75038720.pth,/work/classic/fr_xl1014-corridor-geometry/IntrMotiv/SF_hipposlam/train_dir/analysis/poster_missing_analyses_20260926/inputs/CR5C_D51_W_RAND_DG_S1234_75038720/00_CR5C_D51_W_RAND_DG_S1234,CR5C_D51_W_RAND_DG_S1234_75038720,58,0.002257426287485185,0.0016998300169983002,1,False,False,0.0,0,0,0,0.0,0.0,0.0,1.0,3,1,4.708377838134766,1.6620795726776123,0.873015873015873,0.0
CR5C_D51_W_RAND_DG,CR5_D51,poster,na,na,1234,75000000,75038720,/work/classic/fr_xl1014-corridor-geometry/IntrMotiv/SF_hipposlam/train_dir/analysis/poster_missing_analyses_20260926/inputs/CR5C_D51_W_RAND_DG_S1234_75038720/00_CR5C_D51_W_RAND_DG_S1234/checkpoint_p0/checkpoint_000009160_75038720.pth,/work/classic/fr_xl1014-corridor-geometry/IntrMotiv/SF_hipposlam/train_dir/analysis/poster_missing_analyses_20260926/inputs/CR5C_D51_W_RAND_DG_S1234_75038720/00_CR5C_D51_W_RAND_DG_S1234,CR5C_D51_W_RAND_DG_S1234_75038720,59,0.0025499535744364795,0.005699430056994301,6,True,False,0.6558341383934021,4,1,1,0.6558341383934021,1.0,1.0,0.3441658616065979,0,0,0.0,0.0,0.5873015873015873,0.0
CR5C_D51_W_RAND_DG,CR5_D51,poster,na,na,1234,75000000,75038720,/work/classic/fr_xl1014-corridor-geometry/IntrMotiv/SF_hipposlam/train_dir/analysis/poster_missing_analyses_20260926/inputs/CR5C_D51_W_RAND_DG_S1234_75038720/00_CR5C_D51_W_RAND_DG_S1234/checkpoint_p0/checkpoint_000009160_75038720.pth,/work/classic/fr_xl1014-corridor-geometry/IntrMotiv/SF_hipposlam/train_dir/analysis/poster_missing_analyses_20260926/inputs/CR5C_D51_W_RAND_DG_S1234_75038720/00_CR5C_D51_W_RAND_DG_S1234,CR5C_D51_W_RAND_DG_S1234_75038720,60,0.004015763332013703,0.0031996800319968005,1,True,True,1.0,1,1,1,1.0,1.0,1.0,0.0,2,1,4.777082443237305,0.6240099668502808,1.0,0.0
CR5C_D51_W_RAND_DG,CR5_D51,poster,na,na,1234,75000000,75038720,/work/classic/fr_xl1014-corridor-geometry/IntrMotiv/SF_hipposlam/train_dir/analysis/poster_missing_analyses_20260926/inputs/CR5C_D51_W_RAND_DG_S1234_75038720/00_CR5C_D51_W_RAND_DG_S1234/checkpoint_p0/checkpoint_000009160_75038720.pth,/work/classic/fr_xl1014-corridor-geometry/IntrMotiv/SF_hipposlam/train_dir/analysis/poster_missing_analyses_20260926/inputs/CR5C_D51_W_RAND_DG_S1234_75038720/00_CR5C_D51_W_RAND_DG_S1234,CR5C_D51_W_RAND_DG_S1234_75038720,61,0.010763898279398167,0.0165983401659834,2,True,False,0.5301576256752014,5,3,2,0.5301576256752014,0.5869778394699097,0.5870020985603333,0.4698423743247986,0,10,0.0,13.422239303588867,1.0,0.0
CR5C_D51_W_RAND_DG,CR5_D51,poster,na,na,1234,75000000,75038720,/work/classic/fr_xl1014-corridor-geometry/IntrMotiv/SF_hipposlam/train_dir/analysis/poster_missing_analyses_20260926/inputs/CR5C_D51_W_RAND_DG_S1234_75038720/00_CR5C_D51_W_RAND_DG_S1234/checkpoint_p0/checkpoint_000009160_75038720.pth,/work/classic/fr_xl1014-corridor-geometry/IntrMotiv/SF_hipposlam/train_dir/analysis/poster_missing_analyses_20260926/inputs/CR5C_D51_W_RAND_DG_S1234_75038720/00_CR5C_D51_W_RAND_DG_S1234,CR5C_D51_W_RAND_DG_S1234_75038720,62,0.013410317285315542,0.0184981501849815,2,True,False,0.6182920336723328,3,1,1,0.6182920336723328,1.0,1.0,0.38170796632766724,3,1,2.8374876976013184,0.605984628200531,0.9523809523809523,0.0
CR5C_D51_W_RAND_DG,CR5_D51,poster,na,na,1234,75000000,75038720,/work/classic/fr_xl1014-corridor-geometry/IntrMotiv/SF_hipposlam/train_dir/analysis/poster_missing_analyses_20260926/inputs/CR5C_D51_W_RAND_DG_S1234_75038720/00_CR5C_D51_W_RAND_DG_S1234/checkpoint_p0/checkpoint_000009160_75038720.pth,/work/classic/fr_xl1014-corridor-geometry/IntrMotiv/SF_hipposlam/train_dir/analysis/poster_missing_analyses_20260926/inputs/CR5C_D51_W_RAND_DG_S1234_75038720/00_CR5C_D51_W_RAND_DG_S1234,CR5C_D51_W_RAND_DG_S1234_75038720,63,0.002442104556635623,0.0027997200279972004,2,True,False,0.4324921667575836,4,2,2,0.4324921667575836,0.5502893924713135,0.5416747331619263,0.5675078332424164,1,0,0.6600285172462463,0.0,0.36507936507936506,0.0
CR5C_D51_W_RAND_DG,CR5_D51,poster,na,na,9999,75000000,75038720,/work/classic/fr_xl1014-corridor-geometry/IntrMotiv/SF_hipposlam/train_dir/analysis/poster_missing_analyses_20260926/inputs/CR5C_D51_W_RAND_DG_S9999_75038720/00_CR5C_D51_W_RAND_DG_S9999/checkpoint_p0/checkpoint_000009160_75038720.pth,/work/classic/fr_xl1014-corridor-geometry/IntrMotiv/SF_hipposlam/train_dir/analysis/poster_missing_analyses_20260926/inputs/CR5C_D51_W_RAND_DG_S9999_75038720/00_CR5C_D51_W_RAND_DG_S9999,CR5C_D51_W_RAND_DG_S9999_75038720,0,0.008865214679470672,0.0059994000599940004,1,True,True,1.0,1,1,1,1.0,1.0,1.0,0.0,0,0,0.0,0.0,0.6349206349206349,0.0
CR5C_D51_W_RAND_DG,CR5_D51,poster,na,na,9999,75000000,75038720,/work/classic/fr_xl1014-corridor-geometry/IntrMotiv/SF_hipposlam/train_dir/analysis/poster_missing_analyses_20260926/inputs/CR5C_D51_W_RAND_DG_S9999_75038720/00_CR5C_D51_W_RAND_DG_S9999/checkpoint_p0/checkpoint_000009160_75038720.pth,/work/classic/fr_xl1014-corridor-geometry/IntrMotiv/SF_hipposlam/train_dir/analysis/poster_missing_analyses_20260926/inputs/CR5C_D51_W_RAND_DG_S9999_75038720/00_CR5C_D51_W_RAND_DG_S9999,CR5C_D51_W_RAND_DG_S9999_75038720,1,0.008460063301895604,0.010298970102989701,7,True,False,0.3229859471321106,7,4,2,0.3229859471321106,0.408767431974411,0.5877314805984497,0.6770140528678894,3,2,3.235172748565674,2.6045827865600586,0.8571428571428571,0.0
CR5C_D51_W_RAND_DG,CR5_D51,poster,na,na,9999,75000000,75038720,/work/classic/fr_xl1014-corridor-geometry/IntrMotiv/SF_hipposlam/train_dir/analysis/poster_missing_analyses_20260926/inputs/CR5C_D51_W_RAND_DG_S9999_75038720/00_CR5C_D51_W_RAND_DG_S9999/checkpoint_p0/checkpoint_000009160_75038720.pth,/work/classic/fr_xl1014-corridor-geometry/IntrMotiv/SF_hipposlam/train_dir/analysis/poster_missing_analyses_20260926/inputs/CR5C_D51_W_RAND_DG_S9999_75038720/00_CR5C_D51_W_RAND_DG_S9999,CR5C_D51_W_RAND_DG_S9999_75038720,2,0.0022258999251610475,0.0022997700229977,1,True,True,1.0,1,1,1,1.0,1.0,1.0,0.0,2,2,2.9697012901306152,1.4231703281402588,0.5238095238095238,0.0
CR5C_D51_W_RAND_DG,CR5_D51,poster,na,na,9999,75000000,75038720,/work/classic/fr_xl1014-corridor-geometry/IntrMotiv/SF_hipposlam/train_dir/analysis/poster_missing_analyses_20260926/inputs/CR5C_D51_W_RAND_DG_S9999_75038720/00_CR5C_D51_W_RAND_DG_S9999/checkpoint_p0/checkpoint_000009160_75038720.pth,/work/classic/fr_xl1014-corridor-geometry/IntrMotiv/SF_hipposlam/train_dir/analysis/poster_missing_analyses_20260926/inputs/CR5C_D51_W_RAND_DG_S9999_75038720/00_CR5C_D51_W_RAND_DG_S9999,CR5C_D51_W_RAND_DG_S9999_75038720,3,0.016842458284076545,0.0160983901609839,3,True,False,0.34228894114494324,5,3,3,0.34228894114494324,0.3929770588874817,0.45899081230163574,0.6577110588550568,0,3,0.0,2.6552722454071045,1.0,0.0
CR5C_D51_W_RAND_DG,CR5_D51,poster,na,na,9999,75000000,75038720,/work/classic/fr_xl1014-corridor-geometry/IntrMotiv/SF_hipposlam/train_dir/analysis/poster_missing_analyses_20260926/inputs/CR5C_D51_W_RAND_DG_S9999_75038720/00_CR5C_D51_W_RAND_DG_S9999/checkpoint_p0/checkpoint_000009160_75038720.pth,/work/classic/fr_xl1014-corridor-geometry/IntrMotiv/SF_hipposlam/train_dir/analysis/poster_missing_analyses_20260926/inputs/CR5C_D51_W_RAND_DG_S9999_75038720/00_CR5C_D51_W_RAND_DG_S9999,CR5C_D51_W_RAND_DG_S9999_75038720,4,0.0017097687152656544,0.00039996000399960006,3,False,False,0.0,0,0,0,0.0,0.0,0.0,1.0,1,0,1.1942992210388184,0.0,0.7142857142857143,0.0
CR5C_D51_W_RAND_DG,CR5_D51,poster,na,na,9999,75000000,75038720,/work/classic/fr_xl1014-corridor-geometry/IntrMotiv/SF_hipposlam/train_dir/analysis/poster_missing_analyses_20260926/inputs/CR5C_D51_W_RAND_DG_S9999_75038720/00_CR5C_D51_W_RAND_DG_S9999/checkpoint_p0/checkpoint_000009160_75038720.pth,/work/classic/fr_xl1014-corridor-geometry/IntrMotiv/SF_hipposlam/train_dir/analysis/poster_missing_analyses_20260926/inputs/CR5C_D51_W_RAND_DG_S9999_75038720/00_CR5C_D51_W_RAND_DG_S9999,CR5C_D51_W_RAND_DG_S9999_75038720,5,0.004143925195795248,0.0037996200379962005,4,True,False,0.33226650953292847,6,5,4,0.33226650953292847,0.4228239953517914,0.4401516020298004,0.6677334904670715,1,1,1.8284302949905396,0.5872681736946106,1.0,0.0
CR5C_D51_W_RAND_DG,CR5_D51,poster,na,na,9999,75000000,75038720,/work/classic/fr_xl1014-corridor-geometry/IntrMotiv/SF_hipposlam/train_dir/analysis/poster_missing_analyses_20260926/inputs/CR5C_D51_W_RAND_DG_S9999_75038720/00_CR5C_D51_W_RAND_DG_S9999/checkpoint_p0/checkpoint_000009160_75038720.pth,/work/classic/fr_xl1014-corridor-geometry/IntrMotiv/SF_hipposlam/train_dir/analysis/poster_missing_analyses_20260926/inputs/CR5C_D51_W_RAND_DG_S9999_75038720/00_CR5C_D51_W_RAND_DG_S9999,CR5C_D51_W_RAND_DG_S9999_75038720,6,0.0016850519023365218,0.0015998400159984002,2,False,False,0.0,0,0,0,0.0,0.0,0.0,1.0,0,1,0.0,0.9817460775375366,0.6984126984126984,0.0
CR5C_D51_W_RAND_DG,CR5_D51,poster,na,na,9999,75000000,75038720,/work/classic/fr_xl1014-corridor-geometry/IntrMotiv/SF_hipposlam/train_dir/analysis/poster_missing_analyses_20260926/inputs/CR5C_D51_W_RAND_DG_S9999_75038720/00_CR5C_D51_W_RAND_DG_S9999/checkpoint_p0/checkpoint_000009160_75038720.pth,/work/classic/fr_xl1014-corridor-geometry/IntrMotiv/SF_hipposlam/train_dir/analysis/poster_missing_analyses_20260926/inputs/CR5C_D51_W_RAND_DG_S9999_75038720/00_CR5C_D51_W_RAND_DG_S9999,CR5C_D51_W_RAND_DG_S9999_75038720,7,0.002309711340828484,0.0051994800519948,4,True,False,0.3894055485725403,6,3,1,0.3894055485725403,0.6989873647689819,1.0,0.6105944514274597,3,1,4.524378776550293,0.7820864319801331,0.9047619047619048,0.0
CR5C_D51_W_RAND_DG,CR5_D51,poster,na,na,9999,75000000,75038720,/work/classic/fr_xl1014-corridor-geometry/IntrMotiv/SF_hipposlam/train_dir/analysis/poster_missing_analyses_20260926/inputs/CR5C_D51_W_RAND_DG_S9999_75038720/00_CR5C_D51_W_RAND_DG_S9999/checkpoint_p0/checkpoint_000009160_75038720.pth,/work/classic/fr_xl1014-corridor-geometry/IntrMotiv/SF_hipposlam/train_dir/analysis/poster_missing_analyses_20260926/inputs/CR5C_D51_W_RAND_DG_S9999_75038720/00_CR5C_D51_W_RAND_DG_S9999,CR5C_D51_W_RAND_DG_S9999_75038720,8,0.008235286586244301,0.0036996300369963003,1,True,True,1.0,1,1,1,1.0,1.0,1.0,0.0,3,2,2.954554796218872,1.9768571853637695,0.9523809523809523,0.0
CR5C_D51_W_RAND_DG,CR5_D51,poster,na,na,9999,75000000,75038720,/work/classic/fr_xl1014-corridor-geometry/IntrMotiv/SF_hipposlam/train_dir/analysis/poster_missing_analyses_20260926/inputs/CR5C_D51_W_RAND_DG_S9999_75038720/00_CR5C_D51_W_RAND_DG_S9999/checkpoint_p0/checkpoint_000009160_75038720.pth,/work/classic/fr_xl1014-corridor-geometry/IntrMotiv/SF_hipposlam/train_dir/analysis/poster_missing_analyses_20260926/inputs/CR5C_D51_W_RAND_DG_S9999_75038720/00_CR5C_D51_W_RAND_DG_S9999,CR5C_D51_W_RAND_DG_S9999_75038720,9,0.008574205055309942,0.018198180181981802,1,True,False,0.35061684250831604,7,3,2,0.35061684250831604,0.5629172325134277,0.7305605411529541,0.649383157491684,2,1,2.1560139656066895,1.4653629064559937,0.9523809523809523,0.0
CR5C_D51_W_RAND_DG,CR5_D51,poster,na,na,9999,75000000,75038720,/work/classic/fr_xl1014-corridor-geometry/IntrMotiv/SF_hipposlam/train_dir/analysis/poster_missing_analyses_20260926/inputs/CR5C_D51_W_RAND_DG_S9999_75038720/00_CR5C_D51_W_RAND_DG_S9999/checkpoint_p0/checkpoint_000009160_75038720.pth,/work/classic/fr_xl1014-corridor-geometry/IntrMotiv/SF_hipposlam/train_dir/analysis/poster_missing_analyses_20260926/inputs/CR5C_D51_W_RAND_DG_S9999_75038720/00_CR5C_D51_W_RAND_DG_S9999,CR5C_D51_W_RAND_DG_S9999_75038720,10,0.0035436157065326422,0.007599240075992401,1,True,True,1.0,1,1,1,1.0,1.0,1.0,0.0,0,0,0.0,0.0,0.9365079365079365,0.0
CR5C_D51_W_RAND_DG,CR5_D51,poster,na,na,9999,75000000,75038720,/work/classic/fr_xl1014-corridor-geometry/IntrMotiv/SF_hipposlam/train_dir/analysis/poster_missing_analyses_20260926/inputs/CR5C_D51_W_RAND_DG_S9999_75038720/00_CR5C_D51_W_RAND_DG_S9999/checkpoint_p0/checkpoint_000009160_75038720.pth,/work/classic/fr_xl1014-corridor-geometry/IntrMotiv/SF_hipposlam/train_dir/analysis/poster_missing_analyses_20260926/inputs/CR5C_D51_W_RAND_DG_S9999_75038720/00_CR5C_D51_W_RAND_DG_S9999,CR5C_D51_W_RAND_DG_S9999_75038720,11,0.0038834967772847797,0.0051994800519948,7,True,False,0.337333083152771,6,6,3,0.337333083152771,0.3623802661895752,0.35926446318626404,0.662666916847229,2,0,3.1377758979797363,0.0,0.9523809523809523,0.0
CR5C_D51_W_RAND_DG,CR5_D51,poster,na,na,9999,75000000,75038720,/work/classic/fr_xl1014-corridor-geometry/IntrMotiv/SF_hipposlam/train_dir/analysis/poster_missing_analyses_20260926/inputs/CR5C_D51_W_RAND_DG_S9999_75038720/00_CR5C_D51_W_RAND_DG_S9999/checkpoint_p0/checkpoint_000009160_75038720.pth,/work/classic/fr_xl1014-corridor-geometry/IntrMotiv/SF_hipposlam/train_dir/analysis/poster_missing_analyses_20260926/inputs/CR5C_D51_W_RAND_DG_S9999_75038720/00_CR5C_D51_W_RAND_DG_S9999,CR5C_D51_W_RAND_DG_S9999_75038720,12,0.0012870224324700674,0.0016998300169983002,5,False,False,0.0,0,0,0,0.0,0.0,0.0,1.0,3,1,2.87316632270813,0.9639245271682739,0.5396825396825397,0.0
CR5C_D51_W_RAND_DG,CR5_D51,poster,na,na,9999,75000000,75038720,/work/classic/fr_xl1014-corridor-geometry/IntrMotiv/SF_hipposlam/train_dir/analysis/poster_missing_analyses_20260926/inputs/CR5C_D51_W_RAND_DG_S9999_75038720/00_CR5C_D51_W_RAND_DG_S9999/checkpoint_p0/checkpoint_000009160_75038720.pth,/work/classic/fr_xl1014-corridor-geometry/IntrMotiv/SF_hipposlam/train_dir/analysis/poster_missing_analyses_20260926/inputs/CR5C_D51_W_RAND_DG_S9999_75038720/00_CR5C_D51_W_RAND_DG_S9999,CR5C_D51_W_RAND_DG_S9999_75038720,13,0.009991049919746649,0.012798720127987202,5,True,False,0.44098174571990967,5,2,1,0.44098174571990967,0.7728323936462402,1.0,0.5590182542800903,2,1,2.2752480506896973,0.7025153040885925,0.7619047619047619,0.0
CR5C_D51_W_RAND_DG,CR5_D51,poster,na,na,9999,75000000,75038720,/work/classic/fr_xl1014-corridor-geometry/IntrMotiv/SF_hipposlam/train_dir/analysis/poster_missing_analyses_20260926/inputs/CR5C_D51_W_RAND_DG_S9999_75038720/00_CR5C_D51_W_RAND_DG_S9999/checkpoint_p0/checkpoint_000009160_75038720.pth,/work/classic/fr_xl1014-corridor-geometry/IntrMotiv/SF_hipposlam/train_dir/analysis/poster_missing_analyses_20260926/inputs/CR5C_D51_W_RAND_DG_S9999_75038720/00_CR5C_D51_W_RAND_DG_S9999,CR5C_D51_W_RAND_DG_S9999_75038720,14,0.003888403439020507,0.0046995300469953,1,True,False,0.4759107232093811,3,2,2,0.4759107232093811,0.608781635761261,0.5125071406364441,0.5240892767906189,1,2,3.1727380752563477,2.040222644805908,1.0,0.0
CR5C_D51_W_RAND_DG,CR5_D51,poster,na,na,9999,75000000,75038720,/work/classic/fr_xl1014-corridor-geometry/IntrMotiv/SF_hipposlam/train_dir/analysis/poster_missing_analyses_20260926/inputs/CR5C_D51_W_RAND_DG_S9999_75038720/00_CR5C_D51_W_RAND_DG_S9999/checkpoint_p0/checkpoint_000009160_75038720.pth,/work/classic/fr_xl1014-corridor-geometry/IntrMotiv/SF_hipposlam/train_dir/analysis/poster_missing_analyses_20260926/inputs/CR5C_D51_W_RAND_DG_S9999_75038720/00_CR5C_D51_W_RAND_DG_S9999,CR5C_D51_W_RAND_DG_S9999_75038720,15,7.75331398233648e-05,9.999000099990002e-05,1,False,False,0.0,0,0,0,0.0,0.0,0.0,1.0,0,0,0.0,0.0,0.06349206349206349,0.0
CR5C_D51_W_RAND_DG,CR5_D51,poster,na,na,9999,75000000,75038720,/work/classic/fr_xl1014-corridor-geometry/IntrMotiv/SF_hipposlam/train_dir/analysis/poster_missing_analyses_20260926/inputs/CR5C_D51_W_RAND_DG_S9999_75038720/00_CR5C_D51_W_RAND_DG_S9999/checkpoint_p0/checkpoint_000009160_75038720.pth,/work/classic/fr_xl1014-corridor-geometry/IntrMotiv/SF_hipposlam/train_dir/analysis/poster_missing_analyses_20260926/inputs/CR5C_D51_W_RAND_DG_S9999_75038720/00_CR5C_D51_W_RAND_DG_S9999,CR5C_D51_W_RAND_DG_S9999_75038720,16,0.0019363565340939468,0.0020997900209979003,4,True,False,0.6217688322067261,3,1,1,0.6217688322067261,1.0,1.0,0.3782311677932739,5,1,4.570635795593262,1.3587627410888672,0.7936507936507936,0.0
CR5C_D51_W_RAND_DG,CR5_D51,poster,na,na,9999,75000000,75038720,/work/classic/fr_xl1014-corridor-geometry/IntrMotiv/SF_hipposlam/train_dir/analysis/poster_missing_analyses_20260926/inputs/CR5C_D51_W_RAND_DG_S9999_75038720/00_CR5C_D51_W_RAND_DG_S9999/checkpoint_p0/checkpoint_000009160_75038720.pth,/work/classic/fr_xl1014-corridor-geometry/IntrMotiv/SF_hipposlam/train_dir/analysis/poster_missing_analyses_20260926/inputs/CR5C_D51_W_RAND_DG_S9999_75038720/00_CR5C_D51_W_RAND_DG_S9999,CR5C_D51_W_RAND_DG_S9999_75038720,17,0.0022919804723248766,0.0026997300269973002,1,True,False,0.562235414981842,3,3,2,0.562235414981842,0.564708948135376,0.7596914768218994,0.43776458501815796,1,0,0.7025153040885925,0.0,0.6507936507936508,0.0
CR5C_D51_W_RAND_DG,CR5_D51,poster,na,na,9999,75000000,75038720,/work/classic/fr_xl1014-corridor-geometry/IntrMotiv/SF_hipposlam/train_dir/analysis/poster_missing_analyses_20260926/inputs/CR5C_D51_W_RAND_DG_S9999_75038720/00_CR5C_D51_W_RAND_DG_S9999/checkpoint_p0/checkpoint_000009160_75038720.pth,/work/classic/fr_xl1014-corridor-geometry/IntrMotiv/SF_hipposlam/train_dir/analysis/poster_missing_analyses_20260926/inputs/CR5C_D51_W_RAND_DG_S9999_75038720/00_CR5C_D51_W_RAND_DG_S9999,CR5C_D51_W_RAND_DG_S9999_75038720,18,0.0032624964298845153,0.0021997800219978004,1,True,True,1.0,1,1,1,1.0,1.0,1.0,0.0,1,1,0.9707694053649902,0.9163867235183716,0.7936507936507936,0.0
CR5C_D51_W_RAND_DG,CR5_D51,poster,na,na,9999,75000000,75038720,/work/classic/fr_xl1014-corridor-geometry/IntrMotiv/SF_hipposlam/train_dir/analysis/poster_missing_analyses_20260926/inputs/CR5C_D51_W_RAND_DG_S9999_75038720/00_CR5C_D51_W_RAND_DG_S9999/checkpoint_p0/checkpoint_000009160_75038720.pth,/work/classic/fr_xl1014-corridor-geometry/IntrMotiv/SF_hipposlam/train_dir/analysis/poster_missing_analyses_20260926/inputs/CR5C_D51_W_RAND_DG_S9999_75038720/00_CR5C_D51_W_RAND_DG_S9999,CR5C_D51_W_RAND_DG_S9999_75038720,19,0.002348189510850602,0.0020997900209979003,3,True,False,0.41754844784736633,4,3,2,0.41754844784736633,0.5353543162345886,0.7132563591003418,0.5824515521526337,0,6,0.0,9.233077049255371,1.0,0.0
CR5C_D51_W_RAND_DG,CR5_D51,poster,na,na,9999,75000000,75038720,/work/classic/fr_xl1014-corridor-geometry/IntrMotiv/SF_hipposlam/train_dir/analysis/poster_missing_analyses_20260926/inputs/CR5C_D51_W_RAND_DG_S9999_75038720/00_CR5C_D51_W_RAND_DG_S9999/checkpoint_p0/checkpoint_000009160_75038720.pth,/work/classic/fr_xl1014-corridor-geometry/IntrMotiv/SF_hipposlam/train_dir/analysis/poster_missing_analyses_20260926/inputs/CR5C_D51_W_RAND_DG_S9999_75038720/00_CR5C_D51_W_RAND_DG_S9999,CR5C_D51_W_RAND_DG_S9999_75038720,20,0.011693691041008182,0.008399160083991601,1,True,False,0.6587516665458679,3,1,1,0.6587516665458679,1.0,1.0,0.3412483334541321,1,4,4.780495643615723,6.786744117736816,1.0,0.0
CR5C_D51_W_RAND_DG,CR5_D51,poster,na,na,9999,75000000,75038720,/work/classic/fr_xl1014-corridor-geometry/IntrMotiv/SF_hipposlam/train_dir/analysis/poster_missing_analyses_20260926/inputs/CR5C_D51_W_RAND_DG_S9999_75038720/00_CR5C_D51_W_RAND_DG_S9999/checkpoint_p0/checkpoint_000009160_75038720.pth,/work/classic/fr_xl1014-corridor-geometry/IntrMotiv/SF_hipposlam/train_dir/analysis/poster_missing_analyses_20260926/inputs/CR5C_D51_W_RAND_DG_S9999_75038720/00_CR5C_D51_W_RAND_DG_S9999,CR5C_D51_W_RAND_DG_S9999_75038720,21,0.002918063443735977,0.0040995900409959,4,True,False,0.35907813906669617,5,4,3,0.35907813906669617,0.5408532619476318,0.4338088035583496,0.6409218609333038,0,1,0.0,1.5236986875534058,0.9047619047619048,0.0
CR5C_D51_W_RAND_DG,CR5_D51,poster,na,na,9999,75000000,75038720,/work/classic/fr_xl1014-corridor-geometry/IntrMotiv/SF_hipposlam/train_dir/analysis/poster_missing_analyses_20260926/inputs/CR5C_D51_W_RAND_DG_S9999_75038720/00_CR5C_D51_W_RAND_DG_S9999/checkpoint_p0/checkpoint_000009160_75038720.pth,/work/classic/fr_xl1014-corridor-geometry/IntrMotiv/SF_hipposlam/train_dir/analysis/poster_missing_analyses_20260926/inputs/CR5C_D51_W_RAND_DG_S9999_75038720/00_CR5C_D51_W_RAND_DG_S9999,CR5C_D51_W_RAND_DG_S9999_75038720,22,0.014505154824223062,0.015298470152984701,2,True,False,0.4215899705886841,4,2,2,0.4215899705886841,0.5576561689376831,0.5576561689376831,0.5784100294113159,1,4,4.4564738273620605,4.671083927154541,1.0,0.0
CR5C_D51_W_RAND_DG,CR5_D51,poster,na,na,9999,75000000,75038720,/work/classic/fr_xl1014-corridor-geometry/IntrMotiv/SF_hipposlam/train_dir/analysis/poster_missing_analyses_20260926/inputs/CR5C_D51_W_RAND_DG_S9999_75038720/00_CR5C_D51_W_RAND_DG_S9999/checkpoint_p0/checkpoint_000009160_75038720.pth,/work/classic/fr_xl1014-corridor-geometry/IntrMotiv/SF_hipposlam/train_dir/analysis/poster_missing_analyses_20260926/inputs/CR5C_D51_W_RAND_DG_S9999_75038720/00_CR5C_D51_W_RAND_DG_S9999,CR5C_D51_W_RAND_DG_S9999_75038720,23,0.0005984014588837804,0.000999900009999,3,False,False,0.0,0,0,0,0.0,0.0,0.0,1.0,3,0,2.1815872192382812,0.0,0.5079365079365079,0.0
CR5C_D51_W_RAND_DG,CR5_D51,poster,na,na,9999,75000000,75038720,/work/classic/fr_xl1014-corridor-geometry/IntrMotiv/SF_hipposlam/train_dir/analysis/poster_missing_analyses_20260926/inputs/CR5C_D51_W_RAND_DG_S9999_75038720/00_CR5C_D51_W_RAND_DG_S9999/checkpoint_p0/checkpoint_000009160_75038720.pth,/work/classic/fr_xl1014-corridor-geometry/IntrMotiv/SF_hipposlam/train_dir/analysis/poster_missing_analyses_20260926/inputs/CR5C_D51_W_RAND_DG_S9999_75038720/00_CR5C_D51_W_RAND_DG_S9999,CR5C_D51_W_RAND_DG_S9999_75038720,24,0.008331799195194512,0.005099490050994901,5,True,False,0.43649858236312866,5,3,3,0.479941725730896,0.5715837478637695,0.43649858236312866,0.5635014176368713,2,0,1.9321699142456055,0.0,0.7142857142857143,0.0
CR5C_D51_W_RAND_DG,CR5_D51,poster,na,na,9999,75000000,75038720,/work/classic/fr_xl1014-corridor-geometry/IntrMotiv/SF_hipposlam/train_dir/analysis/poster_missing_analyses_20260926/inputs/CR5C_D51_W_RAND_DG_S9999_75038720/00_CR5C_D51_W_RAND_DG_S9999/checkpoint_p0/checkpoint_000009160_75038720.pth,/work/classic/fr_xl1014-corridor-geometry/IntrMotiv/SF_hipposlam/train_dir/analysis/poster_missing_analyses_20260926/inputs/CR5C_D51_W_RAND_DG_S9999_75038720/00_CR5C_D51_W_RAND_DG_S9999,CR5C_D51_W_RAND_DG_S9999_75038720,25,0.008368799478474341,0.017798220177982202,1,True,True,1.0,1,1,1,1.0,1.0,1.0,0.0,2,0,1.9677468538284302,0.0,0.9841269841269841,0.0
CR5C_D51_W_RAND_DG,CR5_D51,poster,na,na,9999,75000000,75038720,/work/classic/fr_xl1014-corridor-geometry/IntrMotiv/SF_hipposlam/train_dir/analysis/poster_missing_analyses_20260926/inputs/CR5C_D51_W_RAND_DG_S9999_75038720/00_CR5C_D51_W_RAND_DG_S9999/checkpoint_p0/checkpoint_000009160_75038720.pth,/work/classic/fr_xl1014-corridor-geometry/IntrMotiv/SF_hipposlam/train_dir/analysis/poster_missing_analyses_20260926/inputs/CR5C_D51_W_RAND_DG_S9999_75038720/00_CR5C_D51_W_RAND_DG_S9999,CR5C_D51_W_RAND_DG_S9999_75038720,26,0.0017259262497818133,0.0023997600239976003,3,True,False,0.3912981152534485,4,3,1,0.3912981152534485,0.495010107755661,1.0,0.6087018847465515,1,0,2.287045478820801,0.0,0.9841269841269841,0.0
CR5C_D51_W_RAND_DG,CR5_D51,poster,na,na,9999,75000000,75038720,/work/classic/fr_xl1014-corridor-geometry/IntrMotiv/SF_hipposlam/train_dir/analysis/poster_missing_analyses_20260926/inputs/CR5C_D51_W_RAND_DG_S9999_75038720/00_CR5C_D51_W_RAND_DG_S9999/checkpoint_p0/checkpoint_000009160_75038720.pth,/work/classic/fr_xl1014-corridor-geometry/IntrMotiv/SF_hipposlam/train_dir/analysis/poster_missing_analyses_20260926/inputs/CR5C_D51_W_RAND_DG_S9999_75038720/00_CR5C_D51_W_RAND_DG_S9999,CR5C_D51_W_RAND_DG_S9999_75038720,27,0.0024253563662191596,0.0035996400359964,1,True,True,1.0,1,1,1,1.0,1.0,1.0,0.0,0,0,0.0,0.0,0.6190476190476191,0.0
CR5C_D51_W_RAND_DG,CR5_D51,poster,na,na,9999,75000000,75038720,/work/classic/fr_xl1014-corridor-geometry/IntrMotiv/SF_hipposlam/train_dir/analysis/poster_missing_analyses_20260926/inputs/CR5C_D51_W_RAND_DG_S9999_75038720/00_CR5C_D51_W_RAND_DG_S9999/checkpoint_p0/checkpoint_000009160_75038720.pth,/work/classic/fr_xl1014-corridor-geometry/IntrMotiv/SF_hipposlam/train_dir/analysis/poster_missing_analyses_20260926/inputs/CR5C_D51_W_RAND_DG_S9999_75038720/00_CR5C_D51_W_RAND_DG_S9999,CR5C_D51_W_RAND_DG_S9999_75038720,28,0.0024804857735612478,0.0031996800319968005,2,True,False,0.41822686791419983,5,3,1,0.41822686791419983,0.6218275427818298,1.0,0.5817731320858002,2,0,1.7534847259521484,0.0,0.49206349206349204,0.0
CR5C_D51_W_RAND_DG,CR5_D51,poster,na,na,9999,75000000,75038720,/work/classic/fr_xl1014-corridor-geometry/IntrMotiv/SF_hipposlam/train_dir/analysis/poster_missing_analyses_20260926/inputs/CR5C_D51_W_RAND_DG_S9999_75038720/00_CR5C_D51_W_RAND_DG_S9999/checkpoint_p0/checkpoint_000009160_75038720.pth,/work/classic/fr_xl1014-corridor-geometry/IntrMotiv/SF_hipposlam/train_dir/analysis/poster_missing_analyses_20260926/inputs/CR5C_D51_W_RAND_DG_S9999_75038720/00_CR5C_D51_W_RAND_DG_S9999,CR5C_D51_W_RAND_DG_S9999_75038720,29,0.00485691122580734,0.0040995900409959,5,True,False,0.351711630821228,4,3,3,0.351711630821228,0.41039833426475525,0.550912082195282,0.648288369178772,1,0,0.8617826104164124,0.0,0.7777777777777778,0.0
CR5C_D51_W_RAND_DG,CR5_D51,poster,na,na,9999,75000000,75038720,/work/classic/fr_xl1014-corridor-geometry/IntrMotiv/SF_hipposlam/train_dir/analysis/poster_missing_analyses_20260926/inputs/CR5C_D51_W_RAND_DG_S9999_75038720/00_CR5C_D51_W_RAND_DG_S9999/checkpoint_p0/checkpoint_000009160_75038720.pth,/work/classic/fr_xl1014-corridor-geometry/IntrMotiv/SF_hipposlam/train_dir/analysis/poster_missing_analyses_20260926/inputs/CR5C_D51_W_RAND_DG_S9999_75038720/00_CR5C_D51_W_RAND_DG_S9999,CR5C_D51_W_RAND_DG_S9999_75038720,30,0.007182283274274588,0.006999300069993001,2,True,False,0.3834792375564575,5,3,1,0.3834792375564575,0.6348043084144592,1.0,0.6165207624435425,0,11,0.0,14.661203384399414,1.0,0.0
CR5C_D51_W_RAND_DG,CR5_D51,poster,na,na,9999,75000000,75038720,/work/classic/fr_xl1014-corridor-geometry/IntrMotiv/SF_hipposlam/train_dir/analysis/poster_missing_analyses_20260926/inputs/CR5C_D51_W_RAND_DG_S9999_75038720/00_CR5C_D51_W_RAND_DG_S9999/checkpoint_p0/checkpoint_000009160_75038720.pth,/work/classic/fr_xl1014-corridor-geometry/IntrMotiv/SF_hipposlam/train_dir/analysis/poster_missing_analyses_20260926/inputs/CR5C_D51_W_RAND_DG_S9999_75038720/00_CR5C_D51_W_RAND_DG_S9999,CR5C_D51_W_RAND_DG_S9999_75038720,31,0.005703219025434026,0.0059994000599940004,2,True,False,0.730640709400177,2,1,1,0.730640709400177,1.0,1.0,0.269359290599823,1,1,1.5957108736038208,0.7912025451660156,0.7619047619047619,0.0
CR5C_D51_W_RAND_DG,CR5_D51,poster,na,na,9999,75000000,75038720,/work/classic/fr_xl1014-corridor-geometry/IntrMotiv/SF_hipposlam/train_dir/analysis/poster_missing_analyses_20260926/inputs/CR5C_D51_W_RAND_DG_S9999_75038720/00_CR5C_D51_W_RAND_DG_S9999/checkpoint_p0/checkpoint_000009160_75038720.pth,/work/classic/fr_xl1014-corridor-geometry/IntrMotiv/SF_hipposlam/train_dir/analysis/poster_missing_analyses_20260926/inputs/CR5C_D51_W_RAND_DG_S9999_75038720/00_CR5C_D51_W_RAND_DG_S9999,CR5C_D51_W_RAND_DG_S9999_75038720,32,0.002678856963098885,0.004399560043995601,1,True,False,0.7038290500640869,2,2,1,0.7578085660934448,0.7038290500640869,1.0,0.2961709499359131,0,4,0.0,4.754151344299316,0.9365079365079365,0.0
CR5C_D51_W_RAND_DG,CR5_D51,poster,na,na,9999,75000000,75038720,/work/classic/fr_xl1014-corridor-geometry/IntrMotiv/SF_hipposlam/train_dir/analysis/poster_missing_analyses_20260926/inputs/CR5C_D51_W_RAND_DG_S9999_75038720/00_CR5C_D51_W_RAND_DG_S9999/checkpoint_p0/checkpoint_000009160_75038720.pth,/work/classic/fr_xl1014-corridor-geometry/IntrMotiv/SF_hipposlam/train_dir/analysis/poster_missing_analyses_20260926/inputs/CR5C_D51_W_RAND_DG_S9999_75038720/00_CR5C_D51_W_RAND_DG_S9999,CR5C_D51_W_RAND_DG_S9999_75038720,33,0.004977911580127238,0.0058994100589941,2,True,False,0.27876827120780945,5,4,3,0.27876827120780945,0.3718780279159546,0.37802183628082275,0.7212317287921906,2,1,2.117851734161377,0.8778001070022583,0.873015873015873,0.0
CR5C_D51_W_RAND_DG,CR5_D51,poster,na,na,9999,75000000,75038720,/work/classic/fr_xl1014-corridor-geometry/IntrMotiv/SF_hipposlam/train_dir/analysis/poster_missing_analyses_20260926/inputs/CR5C_D51_W_RAND_DG_S9999_75038720/00_CR5C_D51_W_RAND_DG_S9999/checkpoint_p0/checkpoint_000009160_75038720.pth,/work/classic/fr_xl1014-corridor-geometry/IntrMotiv/SF_hipposlam/train_dir/analysis/poster_missing_analyses_20260926/inputs/CR5C_D51_W_RAND_DG_S9999_75038720/00_CR5C_D51_W_RAND_DG_S9999,CR5C_D51_W_RAND_DG_S9999_75038720,34,0.0015319907786638812,0.0033996600339966003,2,True,True,1.0,1,1,1,1.0,1.0,1.0,0.0,1,2,0.8661122918128967,2.14282488822937,0.9365079365079365,0.0
CR5C_D51_W_RAND_DG,CR5_D51,poster,na,na,9999,75000000,75038720,/work/classic/fr_xl1014-corridor-geometry/IntrMotiv/SF_hipposlam/train_dir/analysis/poster_missing_analyses_20260926/inputs/CR5C_D51_W_RAND_DG_S9999_75038720/00_CR5C_D51_W_RAND_DG_S9999/checkpoint_p0/checkpoint_000009160_75038720.pth,/work/classic/fr_xl1014-corridor-geometry/IntrMotiv/SF_hipposlam/train_dir/analysis/poster_missing_analyses_20260926/inputs/CR5C_D51_W_RAND_DG_S9999_75038720/00_CR5C_D51_W_RAND_DG_S9999,CR5C_D51_W_RAND_DG_S9999_75038720,35,0.011322134231993054,0.007799220077992201,3,True,False,0.7464436888694763,3,2,2,0.7464436888694763,0.8191207051277161,0.8063868880271912,0.2535563111305237,2,2,4.306425094604492,1.7238805294036865,0.9523809523809523,0.0
CR5C_D51_W_RAND_DG,CR5_D51,poster,na,na,9999,75000000,75038720,/work/classic/fr_xl1014-corridor-geometry/IntrMotiv/SF_hipposlam/train_dir/analysis/poster_missing_analyses_20260926/inputs/CR5C_D51_W_RAND_DG_S9999_75038720/00_CR5C_D51_W_RAND_DG_S9999/checkpoint_p0/checkpoint_000009160_75038720.pth,/work/classic/fr_xl1014-corridor-geometry/IntrMotiv/SF_hipposlam/train_dir/analysis/poster_missing_analyses_20260926/inputs/CR5C_D51_W_RAND_DG_S9999_75038720/00_CR5C_D51_W_RAND_DG_S9999,CR5C_D51_W_RAND_DG_S9999_75038720,36,0.0035868011024507017,0.0034996500349965005,2,True,False,0.5249875783920288,2,2,1,0.6009184718132019,0.5249875783920288,1.0,0.4750124216079712,1,0,0.5770541429519653,0.0,0.6825396825396826,0.0
CR5C_D51_W_RAND_DG,CR5_D51,poster,na,na,9999,75000000,75038720,/work/classic/fr_xl1014-corridor-geometry/IntrMotiv/SF_hipposlam/train_dir/analysis/poster_missing_analyses_20260926/inputs/CR5C_D51_W_RAND_DG_S9999_75038720/00_CR5C_D51_W_RAND_DG_S9999/checkpoint_p0/checkpoint_000009160_75038720.pth,/work/classic/fr_xl1014-corridor-geometry/IntrMotiv/SF_hipposlam/train_dir/analysis/poster_missing_analyses_20260926/inputs/CR5C_D51_W_RAND_DG_S9999_75038720/00_CR5C_D51_W_RAND_DG_S9999,CR5C_D51_W_RAND_DG_S9999_75038720,37,0.012368457070994859,0.012798720127987202,3,True,False,0.4524930715560913,5,1,1,0.4524930715560913,1.0,1.0,0.5475069284439087,0,3,0.0,2.729658603668213,0.8412698412698413,0.0
CR5C_D51_W_RAND_DG,CR5_D51,poster,na,na,9999,75000000,75038720,/work/classic/fr_xl1014-corridor-geometry/IntrMotiv/SF_hipposlam/train_dir/analysis/poster_missing_analyses_20260926/inputs/CR5C_D51_W_RAND_DG_S9999_75038720/00_CR5C_D51_W_RAND_DG_S9999/checkpoint_p0/checkpoint_000009160_75038720.pth,/work/classic/fr_xl1014-corridor-geometry/IntrMotiv/SF_hipposlam/train_dir/analysis/poster_missing_analyses_20260926/inputs/CR5C_D51_W_RAND_DG_S9999_75038720/00_CR5C_D51_W_RAND_DG_S9999,CR5C_D51_W_RAND_DG_S9999_75038720,38,0.0008204199272319915,0.0005999400059994001,2,False,False,0.0,0,0,0,0.0,0.0,0.0,1.0,2,0,2.3405089378356934,0.0,0.7777777777777778,0.0
CR5C_D51_W_RAND_DG,CR5_D51,poster,na,na,9999,75000000,75038720,/work/classic/fr_xl1014-corridor-geometry/IntrMotiv/SF_hipposlam/train_dir/analysis/poster_missing_analyses_20260926/inputs/CR5C_D51_W_RAND_DG_S9999_75038720/00_CR5C_D51_W_RAND_DG_S9999/checkpoint_p0/checkpoint_000009160_75038720.pth,/work/classic/fr_xl1014-corridor-geometry/IntrMotiv/SF_hipposlam/train_dir/analysis/poster_missing_analyses_20260926/inputs/CR5C_D51_W_RAND_DG_S9999_75038720/00_CR5C_D51_W_RAND_DG_S9999,CR5C_D51_W_RAND_DG_S9999_75038720,39,0.00512746560831922,0.0066993300669933005,1,True,True,1.0,1,1,1,1.0,1.0,1.0,0.0,3,0,2.5770037174224854,0.0,0.8253968253968254,0.0
CR5C_D51_W_RAND_DG,CR5_D51,poster,na,na,9999,75000000,75038720,/work/classic/fr_xl1014-corridor-geometry/IntrMotiv/SF_hipposlam/train_dir/analysis/poster_missing_analyses_20260926/inputs/CR5C_D51_W_RAND_DG_S9999_75038720/00_CR5C_D51_W_RAND_DG_S9999/checkpoint_p0/checkpoint_000009160_75038720.pth,/work/classic/fr_xl1014-corridor-geometry/IntrMotiv/SF_hipposlam/train_dir/analysis/poster_missing_analyses_20260926/inputs/CR5C_D51_W_RAND_DG_S9999_75038720/00_CR5C_D51_W_RAND_DG_S9999,CR5C_D51_W_RAND_DG_S9999_75038720,40,0.0020585587941115164,0.0021997800219978004,2,True,False,0.677656888961792,2,2,1,0.677656888961792,0.7758191227912903,1.0,0.322343111038208,0,2,0.0,4.372394561767578,0.9841269841269841,0.0
CR5C_D51_W_RAND_DG,CR5_D51,poster,na,na,9999,75000000,75038720,/work/classic/fr_xl1014-corridor-geometry/IntrMotiv/SF_hipposlam/train_dir/analysis/poster_missing_analyses_20260926/inputs/CR5C_D51_W_RAND_DG_S9999_75038720/00_CR5C_D51_W_RAND_DG_S9999/checkpoint_p0/checkpoint_000009160_75038720.pth,/work/classic/fr_xl1014-corridor-geometry/IntrMotiv/SF_hipposlam/train_dir/analysis/poster_missing_analyses_20260926/inputs/CR5C_D51_W_RAND_DG_S9999_75038720/00_CR5C_D51_W_RAND_DG_S9999,CR5C_D51_W_RAND_DG_S9999_75038720,41,0.005656400277414762,0.007399260073992601,2,True,False,0.5173671245574951,3,2,2,0.6448639035224915,0.5173671245574951,0.5430722832679749,0.4826328754425049,0,1,0.0,0.9212369322776794,1.0,0.0
CR5C_D51_W_RAND_DG,CR5_D51,poster,na,na,9999,75000000,75038720,/work/classic/fr_xl1014-corridor-geometry/IntrMotiv/SF_hipposlam/train_dir/analysis/poster_missing_analyses_20260926/inputs/CR5C_D51_W_RAND_DG_S9999_75038720/00_CR5C_D51_W_RAND_DG_S9999/checkpoint_p0/checkpoint_000009160_75038720.pth,/work/classic/fr_xl1014-corridor-geometry/IntrMotiv/SF_hipposlam/train_dir/analysis/poster_missing_analyses_20260926/inputs/CR5C_D51_W_RAND_DG_S9999_75038720/00_CR5C_D51_W_RAND_DG_S9999,CR5C_D51_W_RAND_DG_S9999_75038720,42,0.00549303765388966,0.007399260073992601,1,True,False,0.5505380034446716,2,2,1,0.5505380034446716,0.6385775804519653,1.0,0.44946199655532837,0,2,0.0,2.5788707733154297,1.0,0.0
CR5C_D51_W_RAND_DG,CR5_D51,poster,na,na,9999,75000000,75038720,/work/classic/fr_xl1014-corridor-geometry/IntrMotiv/SF_hipposlam/train_dir/analysis/poster_missing_analyses_20260926/inputs/CR5C_D51_W_RAND_DG_S9999_75038720/00_CR5C_D51_W_RAND_DG_S9999/checkpoint_p0/checkpoint_000009160_75038720.pth,/work/classic/fr_xl1014-corridor-geometry/IntrMotiv/SF_hipposlam/train_dir/analysis/poster_missing_analyses_20260926/inputs/CR5C_D51_W_RAND_DG_S9999_75038720/00_CR5C_D51_W_RAND_DG_S9999,CR5C_D51_W_RAND_DG_S9999_75038720,43,0.00042328252281538634,0.000999900009999,1,False,False,0.0,0,0,0,0.0,0.0,0.0,1.0,2,0,1.958263635635376,0.0,1.0,0.0
CR5C_D51_W_RAND_DG,CR5_D51,poster,na,na,9999,75000000,75038720,/work/classic/fr_xl1014-corridor-geometry/IntrMotiv/SF_hipposlam/train_dir/analysis/poster_missing_analyses_20260926/inputs/CR5C_D51_W_RAND_DG_S9999_75038720/00_CR5C_D51_W_RAND_DG_S9999/checkpoint_p0/checkpoint_000009160_75038720.pth,/work/classic/fr_xl1014-corridor-geometry/IntrMotiv/SF_hipposlam/train_dir/analysis/poster_missing_analyses_20260926/inputs/CR5C_D51_W_RAND_DG_S9999_75038720/00_CR5C_D51_W_RAND_DG_S9999,CR5C_D51_W_RAND_DG_S9999_75038720,44,0.004312438237057423,0.0028997100289971,1,True,True,1.0,1,1,1,1.0,1.0,1.0,0.0,1,1,1.005458950996399,1.0525166988372803,0.7777777777777778,0.0
CR5C_D51_W_RAND_DG,CR5_D51,poster,na,na,9999,75000000,75038720,/work/classic/fr_xl1014-corridor-geometry/IntrMotiv/SF_hipposlam/train_dir/analysis/poster_missing_analyses_20260926/inputs/CR5C_D51_W_RAND_DG_S9999_75038720/00_CR5C_D51_W_RAND_DG_S9999/checkpoint_p0/checkpoint_000009160_75038720.pth,/work/classic/fr_xl1014-corridor-geometry/IntrMotiv/SF_hipposlam/train_dir/analysis/poster_missing_analyses_20260926/inputs/CR5C_D51_W_RAND_DG_S9999_75038720/00_CR5C_D51_W_RAND_DG_S9999,CR5C_D51_W_RAND_DG_S9999_75038720,45,0.0032754027034856722,0.0038996100389961006,1,True,True,0.8708420395851135,2,1,1,0.8708420395851135,1.0,1.0,0.12915796041488647,3,0,3.831573486328125,0.0,0.9047619047619048,0.0
CR5C_D51_W_RAND_DG,CR5_D51,poster,na,na,9999,75000000,75038720,/work/classic/fr_xl1014-corridor-geometry/IntrMotiv/SF_hipposlam/train_dir/analysis/poster_missing_analyses_20260926/inputs/CR5C_D51_W_RAND_DG_S9999_75038720/00_CR5C_D51_W_RAND_DG_S9999/checkpoint_p0/checkpoint_000009160_75038720.pth,/work/classic/fr_xl1014-corridor-geometry/IntrMotiv/SF_hipposlam/train_dir/analysis/poster_missing_analyses_20260926/inputs/CR5C_D51_W_RAND_DG_S9999_75038720/00_CR5C_D51_W_RAND_DG_S9999,CR5C_D51_W_RAND_DG_S9999_75038720,46,0.004999368667139621,0.0044995500449955,6,True,False,0.2380225956439972,6,7,3,0.2380225956439972,0.26867154240608215,0.5107341408729553,0.7619774043560028,1,0,3.7245888710021973,0.0,0.9523809523809523,0.0
CR5C_D51_W_RAND_DG,CR5_D51,poster,na,na,9999,75000000,75038720,/work/classic/fr_xl1014-corridor-geometry/IntrMotiv/SF_hipposlam/train_dir/analysis/poster_missing_analyses_20260926/inputs/CR5C_D51_W_RAND_DG_S9999_75038720/00_CR5C_D51_W_RAND_DG_S9999/checkpoint_p0/checkpoint_000009160_75038720.pth,/work/classic/fr_xl1014-corridor-geometry/IntrMotiv/SF_hipposlam/train_dir/analysis/poster_missing_analyses_20260926/inputs/CR5C_D51_W_RAND_DG_S9999_75038720/00_CR5C_D51_W_RAND_DG_S9999,CR5C_D51_W_RAND_DG_S9999_75038720,47,0.007918832376835286,0.005699430056994301,1,True,False,0.5790661573410034,4,3,1,0.5790661573410034,0.5928502082824707,1.0,0.4209338426589966,2,2,1.485994815826416,2.2741992473602295,0.7619047619047619,0.0
CR5C_D51_W_RAND_DG,CR5_D51,poster,na,na,9999,75000000,75038720,/work/classic/fr_xl1014-corridor-geometry/IntrMotiv/SF_hipposlam/train_dir/analysis/poster_missing_analyses_20260926/inputs/CR5C_D51_W_RAND_DG_S9999_75038720/00_CR5C_D51_W_RAND_DG_S9999/checkpoint_p0/checkpoint_000009160_75038720.pth,/work/classic/fr_xl1014-corridor-geometry/IntrMotiv/SF_hipposlam/train_dir/analysis/poster_missing_analyses_20260926/inputs/CR5C_D51_W_RAND_DG_S9999_75038720/00_CR5C_D51_W_RAND_DG_S9999,CR5C_D51_W_RAND_DG_S9999_75038720,48,0.00919877118049067,0.008099190080991902,2,True,True,1.0,1,1,1,1.0,1.0,1.0,0.0,2,3,4.251466274261475,6.182170867919922,0.9841269841269841,0.0
CR5C_D51_W_RAND_DG,CR5_D51,poster,na,na,9999,75000000,75038720,/work/classic/fr_xl1014-corridor-geometry/IntrMotiv/SF_hipposlam/train_dir/analysis/poster_missing_analyses_20260926/inputs/CR5C_D51_W_RAND_DG_S9999_75038720/00_CR5C_D51_W_RAND_DG_S9999/checkpoint_p0/checkpoint_000009160_75038720.pth,/work/classic/fr_xl1014-corridor-geometry/IntrMotiv/SF_hipposlam/train_dir/analysis/poster_missing_analyses_20260926/inputs/CR5C_D51_W_RAND_DG_S9999_75038720/00_CR5C_D51_W_RAND_DG_S9999,CR5C_D51_W_RAND_DG_S9999_75038720,49,0.004048703002765444,0.005699430056994301,1,True,False,0.48556727170944214,3,2,1,0.48556727170944214,0.5373243093490601,1.0,0.5144327282905579,4,2,6.563273906707764,2.873966693878174,0.9841269841269841,0.0
CR5C_D51_W_RAND_DG,CR5_D51,poster,na,na,9999,75000000,75038720,/work/classic/fr_xl1014-corridor-geometry/IntrMotiv/SF_hipposlam/train_dir/analysis/poster_missing_analyses_20260926/inputs/CR5C_D51_W_RAND_DG_S9999_75038720/00_CR5C_D51_W_RAND_DG_S9999/checkpoint_p0/checkpoint_000009160_75038720.pth,/work/classic/fr_xl1014-corridor-geometry/IntrMotiv/SF_hipposlam/train_dir/analysis/poster_missing_analyses_20260926/inputs/CR5C_D51_W_RAND_DG_S9999_75038720/00_CR5C_D51_W_RAND_DG_S9999,CR5C_D51_W_RAND_DG_S9999_75038720,50,0.003892618310823157,0.007099290070992901,1,True,False,0.3759083151817322,5,4,2,0.3759083151817322,0.47763440012931824,0.7343897223472595,0.6240916848182678,6,0,7.250567436218262,0.0,1.0,0.0
CR5C_D51_W_RAND_DG,CR5_D51,poster,na,na,9999,75000000,75038720,/work/classic/fr_xl1014-corridor-geometry/IntrMotiv/SF_hipposlam/train_dir/analysis/poster_missing_analyses_20260926/inputs/CR5C_D51_W_RAND_DG_S9999_75038720/00_CR5C_D51_W_RAND_DG_S9999/checkpoint_p0/checkpoint_000009160_75038720.pth,/work/classic/fr_xl1014-corridor-geometry/IntrMotiv/SF_hipposlam/train_dir/analysis/poster_missing_analyses_20260926/inputs/CR5C_D51_W_RAND_DG_S9999_75038720/00_CR5C_D51_W_RAND_DG_S9999,CR5C_D51_W_RAND_DG_S9999_75038720,51,0.008377442024973099,0.0122987701229877,4,True,False,0.38150307536125183,7,3,2,0.38150307536125183,0.4639492928981781,0.6361139416694641,0.6184969246387482,1,0,1.3329734802246094,0.0,1.0,0.0
CR5C_D51_W_RAND_DG,CR5_D51,poster,na,na,9999,75000000,75038720,/work/classic/fr_xl1014-corridor-geometry/IntrMotiv/SF_hipposlam/train_dir/analysis/poster_missing_analyses_20260926/inputs/CR5C_D51_W_RAND_DG_S9999_75038720/00_CR5C_D51_W_RAND_DG_S9999/checkpoint_p0/checkpoint_000009160_75038720.pth,/work/classic/fr_xl1014-corridor-geometry/IntrMotiv/SF_hipposlam/train_dir/analysis/poster_missing_analyses_20260926/inputs/CR5C_D51_W_RAND_DG_S9999_75038720/00_CR5C_D51_W_RAND_DG_S9999,CR5C_D51_W_RAND_DG_S9999_75038720,52,0.010350135125846658,0.0082991700829917,1,True,False,0.5065863132476807,3,2,1,0.5065863132476807,0.5448052883148193,1.0,0.49341368675231934,1,3,2.6216742992401123,7.240604400634766,1.0,0.0
CR5C_D51_W_RAND_DG,CR5_D51,poster,na,na,9999,75000000,75038720,/work/classic/fr_xl1014-corridor-geometry/IntrMotiv/SF_hipposlam/train_dir/analysis/poster_missing_analyses_20260926/inputs/CR5C_D51_W_RAND_DG_S9999_75038720/00_CR5C_D51_W_RAND_DG_S9999/checkpoint_p0/checkpoint_000009160_75038720.pth,/work/classic/fr_xl1014-corridor-geometry/IntrMotiv/SF_hipposlam/train_dir/analysis/poster_missing_analyses_20260926/inputs/CR5C_D51_W_RAND_DG_S9999_75038720/00_CR5C_D51_W_RAND_DG_S9999,CR5C_D51_W_RAND_DG_S9999_75038720,53,0.0007486276515202845,0.0012998700129987,2,False,False,0.0,0,0,0,0.0,0.0,0.0,1.0,1,2,1.5236986875534058,1.595438838005066,0.5714285714285714,0.0
CR5C_D51_W_RAND_DG,CR5_D51,poster,na,na,9999,75000000,75038720,/work/classic/fr_xl1014-corridor-geometry/IntrMotiv/SF_hipposlam/train_dir/analysis/poster_missing_analyses_20260926/inputs/CR5C_D51_W_RAND_DG_S9999_75038720/00_CR5C_D51_W_RAND_DG_S9999/checkpoint_p0/checkpoint_000009160_75038720.pth,/work/classic/fr_xl1014-corridor-geometry/IntrMotiv/SF_hipposlam/train_dir/analysis/poster_missing_analyses_20260926/inputs/CR5C_D51_W_RAND_DG_S9999_75038720/00_CR5C_D51_W_RAND_DG_S9999,CR5C_D51_W_RAND_DG_S9999_75038720,54,0.005401282518329403,0.006099390060993901,3,True,False,0.43571463227272034,6,3,1,0.43571463227272034,0.44206708669662476,1.0,0.5642853677272797,2,3,3.4134020805358887,2.973743438720703,0.9682539682539683,0.0
CR5C_D51_W_RAND_DG,CR5_D51,poster,na,na,9999,75000000,75038720,/work/classic/fr_xl1014-corridor-geometry/IntrMotiv/SF_hipposlam/train_dir/analysis/poster_missing_analyses_20260926/inputs/CR5C_D51_W_RAND_DG_S9999_75038720/00_CR5C_D51_W_RAND_DG_S9999/checkpoint_p0/checkpoint_000009160_75038720.pth,/work/classic/fr_xl1014-corridor-geometry/IntrMotiv/SF_hipposlam/train_dir/analysis/poster_missing_analyses_20260926/inputs/CR5C_D51_W_RAND_DG_S9999_75038720/00_CR5C_D51_W_RAND_DG_S9999,CR5C_D51_W_RAND_DG_S9999_75038720,55,0.01033974707511373,0.0082991700829917,4,True,False,0.43047037720680237,4,2,2,0.43047037720680237,0.5341546535491943,0.6884676218032837,0.5695296227931976,0,13,0.0,22.01664924621582,1.0,0.0
CR5C_D51_W_RAND_DG,CR5_D51,poster,na,na,9999,75000000,75038720,/work/classic/fr_xl1014-corridor-geometry/IntrMotiv/SF_hipposlam/train_dir/analysis/poster_missing_analyses_20260926/inputs/CR5C_D51_W_RAND_DG_S9999_75038720/00_CR5C_D51_W_RAND_DG_S9999/checkpoint_p0/checkpoint_000009160_75038720.pth,/work/classic/fr_xl1014-corridor-geometry/IntrMotiv/SF_hipposlam/train_dir/analysis/poster_missing_analyses_20260926/inputs/CR5C_D51_W_RAND_DG_S9999_75038720/00_CR5C_D51_W_RAND_DG_S9999,CR5C_D51_W_RAND_DG_S9999_75038720,56,0.17238174553993568,0.027497250274972504,1,True,True,1.0,1,1,1,1.0,1.0,1.0,0.0,2,0,3.096428394317627,0.0,0.9365079365079365,0.0
CR5C_D51_W_RAND_DG,CR5_D51,poster,na,na,9999,75000000,75038720,/work/classic/fr_xl1014-corridor-geometry/IntrMotiv/SF_hipposlam/train_dir/analysis/poster_missing_analyses_20260926/inputs/CR5C_D51_W_RAND_DG_S9999_75038720/00_CR5C_D51_W_RAND_DG_S9999/checkpoint_p0/checkpoint_000009160_75038720.pth,/work/classic/fr_xl1014-corridor-geometry/IntrMotiv/SF_hipposlam/train_dir/analysis/poster_missing_analyses_20260926/inputs/CR5C_D51_W_RAND_DG_S9999_75038720/00_CR5C_D51_W_RAND_DG_S9999,CR5C_D51_W_RAND_DG_S9999_75038720,57,0.0010381234634306887,0.000999900009999,2,False,False,0.0,0,0,0,0.0,0.0,0.0,1.0,2,1,2.3562545776367188,0.8488609790802002,0.47619047619047616,0.0
CR5C_D51_W_RAND_DG,CR5_D51,poster,na,na,9999,75000000,75038720,/work/classic/fr_xl1014-corridor-geometry/IntrMotiv/SF_hipposlam/train_dir/analysis/poster_missing_analyses_20260926/inputs/CR5C_D51_W_RAND_DG_S9999_75038720/00_CR5C_D51_W_RAND_DG_S9999/checkpoint_p0/checkpoint_000009160_75038720.pth,/work/classic/fr_xl1014-corridor-geometry/IntrMotiv/SF_hipposlam/train_dir/analysis/poster_missing_analyses_20260926/inputs/CR5C_D51_W_RAND_DG_S9999_75038720/00_CR5C_D51_W_RAND_DG_S9999,CR5C_D51_W_RAND_DG_S9999_75038720,58,0.0024983699202943683,0.0026997300269973002,1,True,True,1.0,1,1,1,1.0,1.0,1.0,0.0,1,0,0.9074716567993164,0.0,0.5714285714285714,0.0
CR5C_D51_W_RAND_DG,CR5_D51,poster,na,na,9999,75000000,75038720,/work/classic/fr_xl1014-corridor-geometry/IntrMotiv/SF_hipposlam/train_dir/analysis/poster_missing_analyses_20260926/inputs/CR5C_D51_W_RAND_DG_S9999_75038720/00_CR5C_D51_W_RAND_DG_S9999/checkpoint_p0/checkpoint_000009160_75038720.pth,/work/classic/fr_xl1014-corridor-geometry/IntrMotiv/SF_hipposlam/train_dir/analysis/poster_missing_analyses_20260926/inputs/CR5C_D51_W_RAND_DG_S9999_75038720/00_CR5C_D51_W_RAND_DG_S9999,CR5C_D51_W_RAND_DG_S9999_75038720,59,0.001022709975465047,0.0010998900109989002,3,False,False,0.0,0,0,0,0.0,0.0,0.0,1.0,2,0,1.6511940956115723,0.0,0.30158730158730157,0.0
CR5C_D51_W_RAND_DG,CR5_D51,poster,na,na,9999,75000000,75038720,/work/classic/fr_xl1014-corridor-geometry/IntrMotiv/SF_hipposlam/train_dir/analysis/poster_missing_analyses_20260926/inputs/CR5C_D51_W_RAND_DG_S9999_75038720/00_CR5C_D51_W_RAND_DG_S9999/checkpoint_p0/checkpoint_000009160_75038720.pth,/work/classic/fr_xl1014-corridor-geometry/IntrMotiv/SF_hipposlam/train_dir/analysis/poster_missing_analyses_20260926/inputs/CR5C_D51_W_RAND_DG_S9999_75038720/00_CR5C_D51_W_RAND_DG_S9999,CR5C_D51_W_RAND_DG_S9999_75038720,60,0.0004260116615882682,0.0006999300069993001,3,False,False,0.0,0,0,0,0.0,0.0,0.0,1.0,1,1,0.9513078331947327,1.0276737213134766,0.9206349206349206,0.0
CR5C_D51_W_RAND_DG,CR5_D51,poster,na,na,9999,75000000,75038720,/work/classic/fr_xl1014-corridor-geometry/IntrMotiv/SF_hipposlam/train_dir/analysis/poster_missing_analyses_20260926/inputs/CR5C_D51_W_RAND_DG_S9999_75038720/00_CR5C_D51_W_RAND_DG_S9999/checkpoint_p0/checkpoint_000009160_75038720.pth,/work/classic/fr_xl1014-corridor-geometry/IntrMotiv/SF_hipposlam/train_dir/analysis/poster_missing_analyses_20260926/inputs/CR5C_D51_W_RAND_DG_S9999_75038720/00_CR5C_D51_W_RAND_DG_S9999,CR5C_D51_W_RAND_DG_S9999_75038720,61,0.0035057890429445386,0.0031996800319968005,1,True,False,0.591325044631958,2,2,1,0.621060848236084,0.591325044631958,1.0,0.408674955368042,1,0,0.5218040943145752,0.0,0.2222222222222222,0.0
CR5C_D51_W_RAND_DG,CR5_D51,poster,na,na,9999,75000000,75038720,/work/classic/fr_xl1014-corridor-geometry/IntrMotiv/SF_hipposlam/train_dir/analysis/poster_missing_analyses_20260926/inputs/CR5C_D51_W_RAND_DG_S9999_75038720/00_CR5C_D51_W_RAND_DG_S9999/checkpoint_p0/checkpoint_000009160_75038720.pth,/work/classic/fr_xl1014-corridor-geometry/IntrMotiv/SF_hipposlam/train_dir/analysis/poster_missing_analyses_20260926/inputs/CR5C_D51_W_RAND_DG_S9999_75038720/00_CR5C_D51_W_RAND_DG_S9999,CR5C_D51_W_RAND_DG_S9999_75038720,62,0.013082314367824756,0.017698230176982303,1,True,False,0.5456785559654236,4,3,2,0.5456785559654236,0.6636096239089966,0.7020058631896973,0.4543214440345764,3,1,3.3686108589172363,0.6859443187713623,0.7301587301587301,0.0
CR5C_D51_W_RAND_DG,CR5_D51,poster,na,na,9999,75000000,75038720,/work/classic/fr_xl1014-corridor-geometry/IntrMotiv/SF_hipposlam/train_dir/analysis/poster_missing_analyses_20260926/inputs/CR5C_D51_W_RAND_DG_S9999_75038720/00_CR5C_D51_W_RAND_DG_S9999/checkpoint_p0/checkpoint_000009160_75038720.pth,/work/classic/fr_xl1014-corridor-geometry/IntrMotiv/SF_hipposlam/train_dir/analysis/poster_missing_analyses_20260926/inputs/CR5C_D51_W_RAND_DG_S9999_75038720/00_CR5C_D51_W_RAND_DG_S9999,CR5C_D51_W_RAND_DG_S9999_75038720,63,0.0019381929344462758,0.0017998200179982,1,False,False,0.0,0,0,0,0.0,0.0,0.0,1.0,2,0,2.014890432357788,0.0,0.5714285714285714,0.0
