run_name,policy_id,target_env_steps,actual_env_steps,snapshot_path,unit_id,threshold_fraction,component_id,mass_rank,bin_count,superlevel_mass,superlevel_mass_fraction,peak_x_bin,peak_y_bin
ELM_CTRL_DGP_HIT_JOINT_LEG_S99,0,5000000,5013504,/work/classic/fr_xl1014-easy-landmark-maze/IntrMotiv/SF_hipposlam/train_dir/analysis/online_spatial/easy_landmark_maze_control_20260923/ELM_CTRL_DGP_HIT_JOINT_LEG_S99/policy_00/snapshot_target_000005000000_actual_000005013504.npz,0,0.30000001192092896,1,1,50,2.279313325881958,1.0,0,3
ELM_CTRL_DGP_HIT_JOINT_LEG_S99,0,5000000,5013504,/work/classic/fr_xl1014-easy-landmark-maze/IntrMotiv/SF_hipposlam/train_dir/analysis/online_spatial/easy_landmark_maze_control_20260923/ELM_CTRL_DGP_HIT_JOINT_LEG_S99/policy_00/snapshot_target_000005000000_actual_000005013504.npz,1,0.30000001192092896,3,1,9,0.47691667079925537,0.639398688256546,0,8
ELM_CTRL_DGP_HIT_JOINT_LEG_S99,0,5000000,5013504,/work/classic/fr_xl1014-easy-landmark-maze/IntrMotiv/SF_hipposlam/train_dir/analysis/online_spatial/easy_landmark_maze_control_20260923/ELM_CTRL_DGP_HIT_JOINT_LEG_S99/policy_00/snapshot_target_000005000000_actual_000005013504.npz,1,0.30000001192092896,4,2,5,0.13643282651901245,0.1829144914670189,6,8
ELM_CTRL_DGP_HIT_JOINT_LEG_S99,0,5000000,5013504,/work/classic/fr_xl1014-easy-landmark-maze/IntrMotiv/SF_hipposlam/train_dir/analysis/online_spatial/easy_landmark_maze_control_20260923/ELM_CTRL_DGP_HIT_JOINT_LEG_S99/policy_00/snapshot_target_000005000000_actual_000005013504.npz,1,0.30000001192092896,2,3,3,0.08449042588472366,0.11327569529157583,6,2
ELM_CTRL_DGP_HIT_JOINT_LEG_S99,0,5000000,5013504,/work/classic/fr_xl1014-easy-landmark-maze/IntrMotiv/SF_hipposlam/train_dir/analysis/online_spatial/easy_landmark_maze_control_20260923/ELM_CTRL_DGP_HIT_JOINT_LEG_S99/policy_00/snapshot_target_000005000000_actual_000005013504.npz,1,0.30000001192092896,1,4,2,0.04804316908121109,0.06441112498485926,1,0
ELM_CTRL_DGP_HIT_JOINT_LEG_S99,0,5000000,5013504,/work/classic/fr_xl1014-easy-landmark-maze/IntrMotiv/SF_hipposlam/train_dir/analysis/online_spatial/easy_landmark_maze_control_20260923/ELM_CTRL_DGP_HIT_JOINT_LEG_S99/policy_00/snapshot_target_000005000000_actual_000005013504.npz,2,0.30000001192092896,1,1,10,0.5107393860816956,0.6818018974842279,2,7
ELM_CTRL_DGP_HIT_JOINT_LEG_S99,0,5000000,5013504,/work/classic/fr_xl1014-easy-landmark-maze/IntrMotiv/SF_hipposlam/train_dir/analysis/online_spatial/easy_landmark_maze_control_20260923/ELM_CTRL_DGP_HIT_JOINT_LEG_S99/policy_00/snapshot_target_000005000000_actual_000005013504.npz,2,0.30000001192092896,2,2,6,0.23836293816566467,0.3181981025157721,8,8
ELM_CTRL_DGP_HIT_JOINT_LEG_S99,0,5000000,5013504,/work/classic/fr_xl1014-easy-landmark-maze/IntrMotiv/SF_hipposlam/train_dir/analysis/online_spatial/easy_landmark_maze_control_20260923/ELM_CTRL_DGP_HIT_JOINT_LEG_S99/policy_00/snapshot_target_000005000000_actual_000005013504.npz,3,0.30000001192092896,3,1,11,0.6332302093505859,0.5675163997011186,0,8
ELM_CTRL_DGP_HIT_JOINT_LEG_S99,0,5000000,5013504,/work/classic/fr_xl1014-easy-landmark-maze/IntrMotiv/SF_hipposlam/train_dir/analysis/online_spatial/easy_landmark_maze_control_20260923/ELM_CTRL_DGP_HIT_JOINT_LEG_S99/policy_00/snapshot_target_000005000000_actual_000005013504.npz,3,0.30000001192092896,4,2,6,0.29495084285736084,0.2643421585948771,8,8
ELM_CTRL_DGP_HIT_JOINT_LEG_S99,0,5000000,5013504,/work/classic/fr_xl1014-easy-landmark-maze/IntrMotiv/SF_hipposlam/train_dir/analysis/online_spatial/easy_landmark_maze_control_20260923/ELM_CTRL_DGP_HIT_JOINT_LEG_S99/policy_00/snapshot_target_000005000000_actual_000005013504.npz,3,0.30000001192092896,1,3,4,0.1534487009048462,0.13752447844464405,1,0
ELM_CTRL_DGP_HIT_JOINT_LEG_S99,0,5000000,5013504,/work/classic/fr_xl1014-easy-landmark-maze/IntrMotiv/SF_hipposlam/train_dir/analysis/online_spatial/easy_landmark_maze_control_20260923/ELM_CTRL_DGP_HIT_JOINT_LEG_S99/policy_00/snapshot_target_000005000000_actual_000005013504.npz,3,0.30000001192092896,2,4,1,0.03416216000914574,0.0306169632593603,8,4
ELM_CTRL_DGP_HIT_JOINT_LEG_S99,0,5000000,5013504,/work/classic/fr_xl1014-easy-landmark-maze/IntrMotiv/SF_hipposlam/train_dir/analysis/online_spatial/easy_landmark_maze_control_20260923/ELM_CTRL_DGP_HIT_JOINT_LEG_S99/policy_00/snapshot_target_000005000000_actual_000005013504.npz,4,0.30000001192092896,4,1,7,0.30771058797836304,0.35138828061551164,8,8
ELM_CTRL_DGP_HIT_JOINT_LEG_S99,0,5000000,5013504,/work/classic/fr_xl1014-easy-landmark-maze/IntrMotiv/SF_hipposlam/train_dir/analysis/online_spatial/easy_landmark_maze_control_20260923/ELM_CTRL_DGP_HIT_JOINT_LEG_S99/policy_00/snapshot_target_000005000000_actual_000005013504.npz,4,0.30000001192092896,3,2,6,0.2595405578613281,0.29638080046597415,0,8
ELM_CTRL_DGP_HIT_JOINT_LEG_S99,0,5000000,5013504,/work/classic/fr_xl1014-easy-landmark-maze/IntrMotiv/SF_hipposlam/train_dir/analysis/online_spatial/easy_landmark_maze_control_20260923/ELM_CTRL_DGP_HIT_JOINT_LEG_S99/policy_00/snapshot_target_000005000000_actual_000005013504.npz,4,0.30000001192092896,2,3,6,0.18498678505420685,0.21124456185875432,8,0
ELM_CTRL_DGP_HIT_JOINT_LEG_S99,0,5000000,5013504,/work/classic/fr_xl1014-easy-landmark-maze/IntrMotiv/SF_hipposlam/train_dir/analysis/online_spatial/easy_landmark_maze_control_20260923/ELM_CTRL_DGP_HIT_JOINT_LEG_S99/policy_00/snapshot_target_000005000000_actual_000005013504.npz,4,0.30000001192092896,1,4,4,0.12346170097589493,0.1409863570597599,0,0
ELM_CTRL_DGP_HIT_JOINT_LEG_S99,0,5000000,5013504,/work/classic/fr_xl1014-easy-landmark-maze/IntrMotiv/SF_hipposlam/train_dir/analysis/online_spatial/easy_landmark_maze_control_20260923/ELM_CTRL_DGP_HIT_JOINT_LEG_S99/policy_00/snapshot_target_000005000000_actual_000005013504.npz,5,0.30000001192092896,1,1,27,1.6577885150909424,1.0,4,8
ELM_CTRL_DGP_HIT_JOINT_LEG_S99,0,5000000,5013504,/work/classic/fr_xl1014-easy-landmark-maze/IntrMotiv/SF_hipposlam/train_dir/analysis/online_spatial/easy_landmark_maze_control_20260923/ELM_CTRL_DGP_HIT_JOINT_LEG_S99/policy_00/snapshot_target_000005000000_actual_000005013504.npz,6,0.30000001192092896,3,1,31,1.1032068729400635,0.8765957514953187,2,7
ELM_CTRL_DGP_HIT_JOINT_LEG_S99,0,5000000,5013504,/work/classic/fr_xl1014-easy-landmark-maze/IntrMotiv/SF_hipposlam/train_dir/analysis/online_spatial/easy_landmark_maze_control_20260923/ELM_CTRL_DGP_HIT_JOINT_LEG_S99/policy_00/snapshot_target_000005000000_actual_000005013504.npz,6,0.30000001192092896,2,2,5,0.13494209945201874,0.10722347184282362,8,2
ELM_CTRL_DGP_HIT_JOINT_LEG_S99,0,5000000,5013504,/work/classic/fr_xl1014-easy-landmark-maze/IntrMotiv/SF_hipposlam/train_dir/analysis/online_spatial/easy_landmark_maze_control_20260923/ELM_CTRL_DGP_HIT_JOINT_LEG_S99/policy_00/snapshot_target_000005000000_actual_000005013504.npz,6,0.30000001192092896,1,3,1,0.020363712683320045,0.016180776661857785,4,0
ELM_CTRL_DGP_HIT_JOINT_LEG_S99,0,5000000,5013504,/work/classic/fr_xl1014-easy-landmark-maze/IntrMotiv/SF_hipposlam/train_dir/analysis/online_spatial/easy_landmark_maze_control_20260923/ELM_CTRL_DGP_HIT_JOINT_LEG_S99/policy_00/snapshot_target_000005000000_actual_000005013504.npz,7,0.30000001192092896,1,1,53,2.735090494155884,1.0,4,2
ELM_CTRL_DGP_HIT_JOINT_LEG_S99,0,5000000,5013504,/work/classic/fr_xl1014-easy-landmark-maze/IntrMotiv/SF_hipposlam/train_dir/analysis/online_spatial/easy_landmark_maze_control_20260923/ELM_CTRL_DGP_HIT_JOINT_LEG_S99/policy_00/snapshot_target_000005000000_actual_000005013504.npz,8,0.30000001192092896,3,1,28,1.1554031372070312,0.7751635872681204,2,8
ELM_CTRL_DGP_HIT_JOINT_LEG_S99,0,5000000,5013504,/work/classic/fr_xl1014-easy-landmark-maze/IntrMotiv/SF_hipposlam/train_dir/analysis/online_spatial/easy_landmark_maze_control_20260923/ELM_CTRL_DGP_HIT_JOINT_LEG_S99/policy_00/snapshot_target_000005000000_actual_000005013504.npz,8,0.30000001192092896,1,2,6,0.18343180418014526,0.12306497253509405,4,0
ELM_CTRL_DGP_HIT_JOINT_LEG_S99,0,5000000,5013504,/work/classic/fr_xl1014-easy-landmark-maze/IntrMotiv/SF_hipposlam/train_dir/analysis/online_spatial/easy_landmark_maze_control_20260923/ELM_CTRL_DGP_HIT_JOINT_LEG_S99/policy_00/snapshot_target_000005000000_actual_000005013504.npz,8,0.30000001192092896,2,3,5,0.151693195104599,0.10177144019678559,8,2
ELM_CTRL_DGP_HIT_JOINT_LEG_S99,0,5000000,5013504,/work/classic/fr_xl1014-easy-landmark-maze/IntrMotiv/SF_hipposlam/train_dir/analysis/online_spatial/easy_landmark_maze_control_20260923/ELM_CTRL_DGP_HIT_JOINT_LEG_S99/policy_00/snapshot_target_000005000000_actual_000005013504.npz,9,0.30000001192092896,1,1,23,4.584975719451904,1.0,5,3
ELM_CTRL_DGP_HIT_JOINT_LEG_S99,0,5000000,5013504,/work/classic/fr_xl1014-easy-landmark-maze/IntrMotiv/SF_hipposlam/train_dir/analysis/online_spatial/easy_landmark_maze_control_20260923/ELM_CTRL_DGP_HIT_JOINT_LEG_S99/policy_00/snapshot_target_000005000000_actual_000005013504.npz,10,0.30000001192092896,1,1,44,1.9683849811553955,1.0,4,8
ELM_CTRL_DGP_HIT_JOINT_LEG_S99,0,5000000,5013504,/work/classic/fr_xl1014-easy-landmark-maze/IntrMotiv/SF_hipposlam/train_dir/analysis/online_spatial/easy_landmark_maze_control_20260923/ELM_CTRL_DGP_HIT_JOINT_LEG_S99/policy_00/snapshot_target_000005000000_actual_000005013504.npz,11,0.30000001192092896,1,1,20,0.6740759611129761,0.49509613034468075,0,7
ELM_CTRL_DGP_HIT_JOINT_LEG_S99,0,5000000,5013504,/work/classic/fr_xl1014-easy-landmark-maze/IntrMotiv/SF_hipposlam/train_dir/analysis/online_spatial/easy_landmark_maze_control_20260923/ELM_CTRL_DGP_HIT_JOINT_LEG_S99/policy_00/snapshot_target_000005000000_actual_000005013504.npz,11,0.30000001192092896,3,2,10,0.46004316210746765,0.33789306026411475,6,8
ELM_CTRL_DGP_HIT_JOINT_LEG_S99,0,5000000,5013504,/work/classic/fr_xl1014-easy-landmark-maze/IntrMotiv/SF_hipposlam/train_dir/analysis/online_spatial/easy_landmark_maze_control_20260923/ELM_CTRL_DGP_HIT_JOINT_LEG_S99/policy_00/snapshot_target_000005000000_actual_000005013504.npz,11,0.30000001192092896,2,3,8,0.22738608717918396,0.16701080939120447,8,1
ELM_CTRL_DGP_HIT_JOINT_LEG_S99,0,5000000,5013504,/work/classic/fr_xl1014-easy-landmark-maze/IntrMotiv/SF_hipposlam/train_dir/analysis/online_spatial/easy_landmark_maze_control_20260923/ELM_CTRL_DGP_HIT_JOINT_LEG_S99/policy_00/snapshot_target_000005000000_actual_000005013504.npz,12,0.30000001192092896,3,1,34,1.6567070484161377,0.7881824519942507,2,7
ELM_CTRL_DGP_HIT_JOINT_LEG_S99,0,5000000,5013504,/work/classic/fr_xl1014-easy-landmark-maze/IntrMotiv/SF_hipposlam/train_dir/analysis/online_spatial/easy_landmark_maze_control_20260923/ELM_CTRL_DGP_HIT_JOINT_LEG_S99/policy_00/snapshot_target_000005000000_actual_000005013504.npz,12,0.30000001192092896,1,2,6,0.22933001816272736,0.1091043200451104,4,0
ELM_CTRL_DGP_HIT_JOINT_LEG_S99,0,5000000,5013504,/work/classic/fr_xl1014-easy-landmark-maze/IntrMotiv/SF_hipposlam/train_dir/analysis/online_spatial/easy_landmark_maze_control_20260923/ELM_CTRL_DGP_HIT_JOINT_LEG_S99/policy_00/snapshot_target_000005000000_actual_000005013504.npz,12,0.30000001192092896,2,3,5,0.2158963680267334,0.10271322796063885,8,2
ELM_CTRL_DGP_HIT_JOINT_LEG_S99,0,5000000,5013504,/work/classic/fr_xl1014-easy-landmark-maze/IntrMotiv/SF_hipposlam/train_dir/analysis/online_spatial/easy_landmark_maze_control_20260923/ELM_CTRL_DGP_HIT_JOINT_LEG_S99/policy_00/snapshot_target_000005000000_actual_000005013504.npz,13,0.30000001192092896,1,1,26,1.8276188373565674,0.8546430967187933,8,5
ELM_CTRL_DGP_HIT_JOINT_LEG_S99,0,5000000,5013504,/work/classic/fr_xl1014-easy-landmark-maze/IntrMotiv/SF_hipposlam/train_dir/analysis/online_spatial/easy_landmark_maze_control_20260923/ELM_CTRL_DGP_HIT_JOINT_LEG_S99/policy_00/snapshot_target_000005000000_actual_000005013504.npz,13,0.30000001192092896,3,2,5,0.2192104607820511,0.1025086321100194,4,6
ELM_CTRL_DGP_HIT_JOINT_LEG_S99,0,5000000,5013504,/work/classic/fr_xl1014-easy-landmark-maze/IntrMotiv/SF_hipposlam/train_dir/analysis/online_spatial/easy_landmark_maze_control_20260923/ELM_CTRL_DGP_HIT_JOINT_LEG_S99/policy_00/snapshot_target_000005000000_actual_000005013504.npz,13,0.30000001192092896,2,3,2,0.09162925183773041,0.04284827117118722,0,5
ELM_CTRL_DGP_HIT_JOINT_LEG_S99,0,5000000,5013504,/work/classic/fr_xl1014-easy-landmark-maze/IntrMotiv/SF_hipposlam/train_dir/analysis/online_spatial/easy_landmark_maze_control_20260923/ELM_CTRL_DGP_HIT_JOINT_LEG_S99/policy_00/snapshot_target_000005000000_actual_000005013504.npz,14,0.30000001192092896,1,1,10,0.5604792833328247,0.6280725447119236,0,8
ELM_CTRL_DGP_HIT_JOINT_LEG_S99,0,5000000,5013504,/work/classic/fr_xl1014-easy-landmark-maze/IntrMotiv/SF_hipposlam/train_dir/analysis/online_spatial/easy_landmark_maze_control_20260923/ELM_CTRL_DGP_HIT_JOINT_LEG_S99/policy_00/snapshot_target_000005000000_actual_000005013504.npz,14,0.30000001192092896,2,2,7,0.33190056681632996,0.3719274552880763,8,8
ELM_CTRL_DGP_HIT_JOINT_LEG_S99,0,5000000,5013504,/work/classic/fr_xl1014-easy-landmark-maze/IntrMotiv/SF_hipposlam/train_dir/analysis/online_spatial/easy_landmark_maze_control_20260923/ELM_CTRL_DGP_HIT_JOINT_LEG_S99/policy_00/snapshot_target_000005000000_actual_000005013504.npz,15,0.30000001192092896,1,1,48,2.748929500579834,1.0,8,6
ELM_CTRL_DGP_HIT_JOINT_LEG_S99,0,5000000,5013504,/work/classic/fr_xl1014-easy-landmark-maze/IntrMotiv/SF_hipposlam/train_dir/analysis/online_spatial/easy_landmark_maze_control_20260923/ELM_CTRL_DGP_HIT_JOINT_LEG_S99/policy_00/snapshot_target_000005000000_actual_000005013504.npz,0,0.5,2,1,36,1.8446333408355713,0.9800663004328278,0,3
ELM_CTRL_DGP_HIT_JOINT_LEG_S99,0,5000000,5013504,/work/classic/fr_xl1014-easy-landmark-maze/IntrMotiv/SF_hipposlam/train_dir/analysis/online_spatial/easy_landmark_maze_control_20260923/ELM_CTRL_DGP_HIT_JOINT_LEG_S99/policy_00/snapshot_target_000005000000_actual_000005013504.npz,0,0.5,1,2,1,0.03751824423670769,0.019933699567172163,4,0
ELM_CTRL_DGP_HIT_JOINT_LEG_S99,0,5000000,5013504,/work/classic/fr_xl1014-easy-landmark-maze/IntrMotiv/SF_hipposlam/train_dir/analysis/online_spatial/easy_landmark_maze_control_20260923/ELM_CTRL_DGP_HIT_JOINT_LEG_S99/policy_00/snapshot_target_000005000000_actual_000005013504.npz,1,0.5,1,1,9,0.47691667079925537,0.9349639287516764,0,8
ELM_CTRL_DGP_HIT_JOINT_LEG_S99,0,5000000,5013504,/work/classic/fr_xl1014-easy-landmark-maze/IntrMotiv/SF_hipposlam/train_dir/analysis/online_spatial/easy_landmark_maze_control_20260923/ELM_CTRL_DGP_HIT_JOINT_LEG_S99/policy_00/snapshot_target_000005000000_actual_000005013504.npz,1,0.5,2,2,1,0.033174313604831696,0.06503607124832353,6,8
ELM_CTRL_DGP_HIT_JOINT_LEG_S99,0,5000000,5013504,/work/classic/fr_xl1014-easy-landmark-maze/IntrMotiv/SF_hipposlam/train_dir/analysis/online_spatial/easy_landmark_maze_control_20260923/ELM_CTRL_DGP_HIT_JOINT_LEG_S99/policy_00/snapshot_target_000005000000_actual_000005013504.npz,2,0.5,1,1,9,0.4752925932407379,0.7560432016072238,2,7
ELM_CTRL_DGP_HIT_JOINT_LEG_S99,0,5000000,5013504,/work/classic/fr_xl1014-easy-landmark-maze/IntrMotiv/SF_hipposlam/train_dir/analysis/online_spatial/easy_landmark_maze_control_20260923/ELM_CTRL_DGP_HIT_JOINT_LEG_S99/policy_00/snapshot_target_000005000000_actual_000005013504.npz,2,0.5,2,2,3,0.1533653885126114,0.24395679839277615,8,8
ELM_CTRL_DGP_HIT_JOINT_LEG_S99,0,5000000,5013504,/work/classic/fr_xl1014-easy-landmark-maze/IntrMotiv/SF_hipposlam/train_dir/analysis/online_spatial/easy_landmark_maze_control_20260923/ELM_CTRL_DGP_HIT_JOINT_LEG_S99/policy_00/snapshot_target_000005000000_actual_000005013504.npz,3,0.5,1,1,6,0.44433826208114624,0.8493939519230045,0,8
ELM_CTRL_DGP_HIT_JOINT_LEG_S99,0,5000000,5013504,/work/classic/fr_xl1014-easy-landmark-maze/IntrMotiv/SF_hipposlam/train_dir/analysis/online_spatial/easy_landmark_maze_control_20260923/ELM_CTRL_DGP_HIT_JOINT_LEG_S99/policy_00/snapshot_target_000005000000_actual_000005013504.npz,3,0.5,2,2,1,0.07878562062978745,0.1506060480769955,8,8
ELM_CTRL_DGP_HIT_JOINT_LEG_S99,0,5000000,5013504,/work/classic/fr_xl1014-easy-landmark-maze/IntrMotiv/SF_hipposlam/train_dir/analysis/online_spatial/easy_landmark_maze_control_20260923/ELM_CTRL_DGP_HIT_JOINT_LEG_S99/policy_00/snapshot_target_000005000000_actual_000005013504.npz,4,0.5,4,1,5,0.24616312980651855,0.44845757846538575,8,8
ELM_CTRL_DGP_HIT_JOINT_LEG_S99,0,5000000,5013504,/work/classic/fr_xl1014-easy-landmark-maze/IntrMotiv/SF_hipposlam/train_dir/analysis/online_spatial/easy_landmark_maze_control_20260923/ELM_CTRL_DGP_HIT_JOINT_LEG_S99/policy_00/snapshot_target_000005000000_actual_000005013504.npz,4,0.5,3,2,3,0.17894011735916138,0.3259913529059966,0,8
ELM_CTRL_DGP_HIT_JOINT_LEG_S99,0,5000000,5013504,/work/classic/fr_xl1014-easy-landmark-maze/IntrMotiv/SF_hipposlam/train_dir/analysis/online_spatial/easy_landmark_maze_control_20260923/ELM_CTRL_DGP_HIT_JOINT_LEG_S99/policy_00/snapshot_target_000005000000_actual_000005013504.npz,4,0.5,2,3,2,0.08471746742725372,0.1543374522659337,8,0
ELM_CTRL_DGP_HIT_JOINT_LEG_S99,0,5000000,5013504,/work/classic/fr_xl1014-easy-landmark-maze/IntrMotiv/SF_hipposlam/train_dir/analysis/online_spatial/easy_landmark_maze_control_20260923/ELM_CTRL_DGP_HIT_JOINT_LEG_S99/policy_00/snapshot_target_000005000000_actual_000005013504.npz,4,0.5,1,4,1,0.03908991068601608,0.07121361636268393,0,0
ELM_CTRL_DGP_HIT_JOINT_LEG_S99,0,5000000,5013504,/work/classic/fr_xl1014-easy-landmark-maze/IntrMotiv/SF_hipposlam/train_dir/analysis/online_spatial/easy_landmark_maze_control_20260923/ELM_CTRL_DGP_HIT_JOINT_LEG_S99/policy_00/snapshot_target_000005000000_actual_000005013504.npz,5,0.5,1,1,11,0.744996964931488,0.5292156499445082,0,3
ELM_CTRL_DGP_HIT_JOINT_LEG_S99,0,5000000,5013504,/work/classic/fr_xl1014-easy-landmark-maze/IntrMotiv/SF_hipposlam/train_dir/analysis/online_spatial/easy_landmark_maze_control_20260923/ELM_CTRL_DGP_HIT_JOINT_LEG_S99/policy_00/snapshot_target_000005000000_actual_000005013504.npz,5,0.5,2,2,9,0.6627410054206848,0.47078435005549174,4,8
ELM_CTRL_DGP_HIT_JOINT_LEG_S99,0,5000000,5013504,/work/classic/fr_xl1014-easy-landmark-maze/IntrMotiv/SF_hipposlam/train_dir/analysis/online_spatial/easy_landmark_maze_control_20260923/ELM_CTRL_DGP_HIT_JOINT_LEG_S99/policy_00/snapshot_target_000005000000_actual_000005013504.npz,6,0.5,2,1,11,0.5388593077659607,0.6502272202232328,2,7
ELM_CTRL_DGP_HIT_JOINT_LEG_S99,0,5000000,5013504,/work/classic/fr_xl1014-easy-landmark-maze/IntrMotiv/SF_hipposlam/train_dir/analysis/online_spatial/easy_landmark_maze_control_20260923/ELM_CTRL_DGP_HIT_JOINT_LEG_S99/policy_00/snapshot_target_000005000000_actual_000005013504.npz,6,0.5,3,2,6,0.22698938846588135,0.27390206860163474,8,7
ELM_CTRL_DGP_HIT_JOINT_LEG_S99,0,5000000,5013504,/work/classic/fr_xl1014-easy-landmark-maze/IntrMotiv/SF_hipposlam/train_dir/analysis/online_spatial/easy_landmark_maze_control_20260923/ELM_CTRL_DGP_HIT_JOINT_LEG_S99/policy_00/snapshot_target_000005000000_actual_000005013504.npz,6,0.5,1,3,2,0.06287592649459839,0.07587071117513247,8,2
ELM_CTRL_DGP_HIT_JOINT_LEG_S99,0,5000000,5013504,/work/classic/fr_xl1014-easy-landmark-maze/IntrMotiv/SF_hipposlam/train_dir/analysis/online_spatial/easy_landmark_maze_control_20260923/ELM_CTRL_DGP_HIT_JOINT_LEG_S99/policy_00/snapshot_target_000005000000_actual_000005013504.npz,7,0.5,1,1,21,1.3820703029632568,0.7734810199690073,4,2
ELM_CTRL_DGP_HIT_JOINT_LEG_S99,0,5000000,5013504,/work/classic/fr_xl1014-easy-landmark-maze/IntrMotiv/SF_hipposlam/train_dir/analysis/online_spatial/easy_landmark_maze_control_20260923/ELM_CTRL_DGP_HIT_JOINT_LEG_S99/policy_00/snapshot_target_000005000000_actual_000005013504.npz,7,0.5,3,2,5,0.30571994185447693,0.17109735441349186,0,4
ELM_CTRL_DGP_HIT_JOINT_LEG_S99,0,5000000,5013504,/work/classic/fr_xl1014-easy-landmark-maze/IntrMotiv/SF_hipposlam/train_dir/analysis/online_spatial/easy_landmark_maze_control_20260923/ELM_CTRL_DGP_HIT_JOINT_LEG_S99/policy_00/snapshot_target_000005000000_actual_000005013504.npz,7,0.5,2,3,2,0.09902839362621307,0.05542162561750087,8,2
ELM_CTRL_DGP_HIT_JOINT_LEG_S99,0,5000000,5013504,/work/classic/fr_xl1014-easy-landmark-maze/IntrMotiv/SF_hipposlam/train_dir/analysis/online_spatial/easy_landmark_maze_control_20260923/ELM_CTRL_DGP_HIT_JOINT_LEG_S99/policy_00/snapshot_target_000005000000_actual_000005013504.npz,8,0.5,2,1,18,0.8381062150001526,0.7595161546493066,2,8
ELM_CTRL_DGP_HIT_JOINT_LEG_S99,0,5000000,5013504,/work/classic/fr_xl1014-easy-landmark-maze/IntrMotiv/SF_hipposlam/train_dir/analysis/online_spatial/easy_landmark_maze_control_20260923/ELM_CTRL_DGP_HIT_JOINT_LEG_S99/policy_00/snapshot_target_000005000000_actual_000005013504.npz,8,0.5,4,2,3,0.12116310745477676,0.10980152134941037,8,8
ELM_CTRL_DGP_HIT_JOINT_LEG_S99,0,5000000,5013504,/work/classic/fr_xl1014-easy-landmark-maze/IntrMotiv/SF_hipposlam/train_dir/analysis/online_spatial/easy_landmark_maze_control_20260923/ELM_CTRL_DGP_HIT_JOINT_LEG_S99/policy_00/snapshot_target_000005000000_actual_000005013504.npz,8,0.5,1,3,2,0.07287226617336273,0.06603896068777287,4,0
ELM_CTRL_DGP_HIT_JOINT_LEG_S99,0,5000000,5013504,/work/classic/fr_xl1014-easy-landmark-maze/IntrMotiv/SF_hipposlam/train_dir/analysis/online_spatial/easy_landmark_maze_control_20260923/ELM_CTRL_DGP_HIT_JOINT_LEG_S99/policy_00/snapshot_target_000005000000_actual_000005013504.npz,8,0.5,3,4,2,0.07133226096630096,0.06464336331351017,8,2
ELM_CTRL_DGP_HIT_JOINT_LEG_S99,0,5000000,5013504,/work/classic/fr_xl1014-easy-landmark-maze/IntrMotiv/SF_hipposlam/train_dir/analysis/online_spatial/easy_landmark_maze_control_20260923/ELM_CTRL_DGP_HIT_JOINT_LEG_S99/policy_00/snapshot_target_000005000000_actual_000005013504.npz,9,0.5,1,1,15,3.5571045875549316,1.0,5,3
ELM_CTRL_DGP_HIT_JOINT_LEG_S99,0,5000000,5013504,/work/classic/fr_xl1014-easy-landmark-maze/IntrMotiv/SF_hipposlam/train_dir/analysis/online_spatial/easy_landmark_maze_control_20260923/ELM_CTRL_DGP_HIT_JOINT_LEG_S99/policy_00/snapshot_target_000005000000_actual_000005013504.npz,10,0.5,2,1,7,0.40365225076675415,0.32292825640065653,0,4
ELM_CTRL_DGP_HIT_JOINT_LEG_S99,0,5000000,5013504,/work/classic/fr_xl1014-easy-landmark-maze/IntrMotiv/SF_hipposlam/train_dir/analysis/online_spatial/easy_landmark_maze_control_20260923/ELM_CTRL_DGP_HIT_JOINT_LEG_S99/policy_00/snapshot_target_000005000000_actual_000005013504.npz,10,0.5,5,2,6,0.36843129992485046,0.29475093242303935,4,8
ELM_CTRL_DGP_HIT_JOINT_LEG_S99,0,5000000,5013504,/work/classic/fr_xl1014-easy-landmark-maze/IntrMotiv/SF_hipposlam/train_dir/analysis/online_spatial/easy_landmark_maze_control_20260923/ELM_CTRL_DGP_HIT_JOINT_LEG_S99/policy_00/snapshot_target_000005000000_actual_000005013504.npz,10,0.5,1,3,5,0.24736939370632172,0.19789947125212298,3,0
ELM_CTRL_DGP_HIT_JOINT_LEG_S99,0,5000000,5013504,/work/classic/fr_xl1014-easy-landmark-maze/IntrMotiv/SF_hipposlam/train_dir/analysis/online_spatial/easy_landmark_maze_control_20260923/ELM_CTRL_DGP_HIT_JOINT_LEG_S99/policy_00/snapshot_target_000005000000_actual_000005013504.npz,10,0.5,3,4,3,0.14313603937625885,0.11451112073838089,8,6
ELM_CTRL_DGP_HIT_JOINT_LEG_S99,0,5000000,5013504,/work/classic/fr_xl1014-easy-landmark-maze/IntrMotiv/SF_hipposlam/train_dir/analysis/online_spatial/easy_landmark_maze_control_20260923/ELM_CTRL_DGP_HIT_JOINT_LEG_S99/policy_00/snapshot_target_000005000000_actual_000005013504.npz,10,0.5,4,5,2,0.08738602697849274,0.06991021918580025,0,7
ELM_CTRL_DGP_HIT_JOINT_LEG_S99,0,5000000,5013504,/work/classic/fr_xl1014-easy-landmark-maze/IntrMotiv/SF_hipposlam/train_dir/analysis/online_spatial/easy_landmark_maze_control_20260923/ELM_CTRL_DGP_HIT_JOINT_LEG_S99/policy_00/snapshot_target_000005000000_actual_000005013504.npz,11,0.5,2,1,7,0.371136337518692,0.524815021766942,6,8
ELM_CTRL_DGP_HIT_JOINT_LEG_S99,0,5000000,5013504,/work/classic/fr_xl1014-easy-landmark-maze/IntrMotiv/SF_hipposlam/train_dir/analysis/online_spatial/easy_landmark_maze_control_20260923/ELM_CTRL_DGP_HIT_JOINT_LEG_S99/policy_00/snapshot_target_000005000000_actual_000005013504.npz,11,0.5,1,2,8,0.3360391855239868,0.4751849782330581,0,7
ELM_CTRL_DGP_HIT_JOINT_LEG_S99,0,5000000,5013504,/work/classic/fr_xl1014-easy-landmark-maze/IntrMotiv/SF_hipposlam/train_dir/analysis/online_spatial/easy_landmark_maze_control_20260923/ELM_CTRL_DGP_HIT_JOINT_LEG_S99/policy_00/snapshot_target_000005000000_actual_000005013504.npz,12,0.5,4,1,9,0.6115044355392456,0.5238995827285183,2,7
ELM_CTRL_DGP_HIT_JOINT_LEG_S99,0,5000000,5013504,/work/classic/fr_xl1014-easy-landmark-maze/IntrMotiv/SF_hipposlam/train_dir/analysis/online_spatial/easy_landmark_maze_control_20260923/ELM_CTRL_DGP_HIT_JOINT_LEG_S99/policy_00/snapshot_target_000005000000_actual_000005013504.npz,12,0.5,2,2,5,0.2512706220149994,0.21527329382248594,0,2
ELM_CTRL_DGP_HIT_JOINT_LEG_S99,0,5000000,5013504,/work/classic/fr_xl1014-easy-landmark-maze/IntrMotiv/SF_hipposlam/train_dir/analysis/online_spatial/easy_landmark_maze_control_20260923/ELM_CTRL_DGP_HIT_JOINT_LEG_S99/policy_00/snapshot_target_000005000000_actual_000005013504.npz,12,0.5,5,3,3,0.15719561278820038,0.1346755823183338,8,7
ELM_CTRL_DGP_HIT_JOINT_LEG_S99,0,5000000,5013504,/work/classic/fr_xl1014-easy-landmark-maze/IntrMotiv/SF_hipposlam/train_dir/analysis/online_spatial/easy_landmark_maze_control_20260923/ELM_CTRL_DGP_HIT_JOINT_LEG_S99/policy_00/snapshot_target_000005000000_actual_000005013504.npz,12,0.5,3,4,2,0.09793932735919952,0.08390842282435636,8,2
ELM_CTRL_DGP_HIT_JOINT_LEG_S99,0,5000000,5013504,/work/classic/fr_xl1014-easy-landmark-maze/IntrMotiv/SF_hipposlam/train_dir/analysis/online_spatial/easy_landmark_maze_control_20260923/ELM_CTRL_DGP_HIT_JOINT_LEG_S99/policy_00/snapshot_target_000005000000_actual_000005013504.npz,12,0.5,1,5,1,0.04930688068270683,0.042243118306305553,4,0
ELM_CTRL_DGP_HIT_JOINT_LEG_S99,0,5000000,5013504,/work/classic/fr_xl1014-easy-landmark-maze/IntrMotiv/SF_hipposlam/train_dir/analysis/online_spatial/easy_landmark_maze_control_20260923/ELM_CTRL_DGP_HIT_JOINT_LEG_S99/policy_00/snapshot_target_000005000000_actual_000005013504.npz,13,0.5,1,1,15,1.137797474861145,0.7339458098715925,0,0
ELM_CTRL_DGP_HIT_JOINT_LEG_S99,0,5000000,5013504,/work/classic/fr_xl1014-easy-landmark-maze/IntrMotiv/SF_hipposlam/train_dir/analysis/online_spatial/easy_landmark_maze_control_20260923/ELM_CTRL_DGP_HIT_JOINT_LEG_S99/policy_00/snapshot_target_000005000000_actual_000005013504.npz,13,0.5,2,2,5,0.41244977712631226,0.26605419012840753,8,5
ELM_CTRL_DGP_HIT_JOINT_LEG_S99,0,5000000,5013504,/work/classic/fr_xl1014-easy-landmark-maze/IntrMotiv/SF_hipposlam/train_dir/analysis/online_spatial/easy_landmark_maze_control_20260923/ELM_CTRL_DGP_HIT_JOINT_LEG_S99/policy_00/snapshot_target_000005000000_actual_000005013504.npz,14,0.5,1,1,8,0.4865996241569519,0.6579241227033102,0,8
ELM_CTRL_DGP_HIT_JOINT_LEG_S99,0,5000000,5013504,/work/classic/fr_xl1014-easy-landmark-maze/IntrMotiv/SF_hipposlam/train_dir/analysis/online_spatial/easy_landmark_maze_control_20260923/ELM_CTRL_DGP_HIT_JOINT_LEG_S99/policy_00/snapshot_target_000005000000_actual_000005013504.npz,14,0.5,2,2,5,0.2529987692832947,0.34207587729668976,8,8
ELM_CTRL_DGP_HIT_JOINT_LEG_S99,0,5000000,5013504,/work/classic/fr_xl1014-easy-landmark-maze/IntrMotiv/SF_hipposlam/train_dir/analysis/online_spatial/easy_landmark_maze_control_20260923/ELM_CTRL_DGP_HIT_JOINT_LEG_S99/policy_00/snapshot_target_000005000000_actual_000005013504.npz,15,0.5,1,1,18,1.2683136463165283,0.6095648391189498,4,0
ELM_CTRL_DGP_HIT_JOINT_LEG_S99,0,5000000,5013504,/work/classic/fr_xl1014-easy-landmark-maze/IntrMotiv/SF_hipposlam/train_dir/analysis/online_spatial/easy_landmark_maze_control_20260923/ELM_CTRL_DGP_HIT_JOINT_LEG_S99/policy_00/snapshot_target_000005000000_actual_000005013504.npz,15,0.5,4,2,5,0.367043673992157,0.17640503887696896,4,8
ELM_CTRL_DGP_HIT_JOINT_LEG_S99,0,5000000,5013504,/work/classic/fr_xl1014-easy-landmark-maze/IntrMotiv/SF_hipposlam/train_dir/analysis/online_spatial/easy_landmark_maze_control_20260923/ELM_CTRL_DGP_HIT_JOINT_LEG_S99/policy_00/snapshot_target_000005000000_actual_000005013504.npz,15,0.5,3,3,5,0.3440183699131012,0.16533883627213491,8,6
ELM_CTRL_DGP_HIT_JOINT_LEG_S99,0,5000000,5013504,/work/classic/fr_xl1014-easy-landmark-maze/IntrMotiv/SF_hipposlam/train_dir/analysis/online_spatial/easy_landmark_maze_control_20260923/ELM_CTRL_DGP_HIT_JOINT_LEG_S99/policy_00/snapshot_target_000005000000_actual_000005013504.npz,15,0.5,2,4,2,0.1013113260269165,0.04869128573194635,8,3
ELM_CTRL_DGP_HIT_JOINT_LEG_S99,0,5000000,5013504,/work/classic/fr_xl1014-easy-landmark-maze/IntrMotiv/SF_hipposlam/train_dir/analysis/online_spatial/easy_landmark_maze_control_20260923/ELM_CTRL_DGP_HIT_JOINT_LEG_S99/policy_00/snapshot_target_000005000000_actual_000005013504.npz,0,0.699999988079071,1,1,5,0.3411591053009033,0.349564478857409,0,3
ELM_CTRL_DGP_HIT_JOINT_LEG_S99,0,5000000,5013504,/work/classic/fr_xl1014-easy-landmark-maze/IntrMotiv/SF_hipposlam/train_dir/analysis/online_spatial/easy_landmark_maze_control_20260923/ELM_CTRL_DGP_HIT_JOINT_LEG_S99/policy_00/snapshot_target_000005000000_actual_000005013504.npz,0,0.699999988079071,4,2,5,0.29405903816223145,0.3013039746889593,4,8
ELM_CTRL_DGP_HIT_JOINT_LEG_S99,0,5000000,5013504,/work/classic/fr_xl1014-easy-landmark-maze/IntrMotiv/SF_hipposlam/train_dir/analysis/online_spatial/easy_landmark_maze_control_20260923/ELM_CTRL_DGP_HIT_JOINT_LEG_S99/policy_00/snapshot_target_000005000000_actual_000005013504.npz,0,0.699999988079071,3,3,4,0.22951485216617584,0.2351695688049751,8,6
ELM_CTRL_DGP_HIT_JOINT_LEG_S99,0,5000000,5013504,/work/classic/fr_xl1014-easy-landmark-maze/IntrMotiv/SF_hipposlam/train_dir/analysis/online_spatial/easy_landmark_maze_control_20260923/ELM_CTRL_DGP_HIT_JOINT_LEG_S99/policy_00/snapshot_target_000005000000_actual_000005013504.npz,0,0.699999988079071,2,4,2,0.11122173070907593,0.11396197764865655,8,2
ELM_CTRL_DGP_HIT_JOINT_LEG_S99,0,5000000,5013504,/work/classic/fr_xl1014-easy-landmark-maze/IntrMotiv/SF_hipposlam/train_dir/analysis/online_spatial/easy_landmark_maze_control_20260923/ELM_CTRL_DGP_HIT_JOINT_LEG_S99/policy_00/snapshot_target_000005000000_actual_000005013504.npz,1,0.699999988079071,1,1,7,0.39829233288764954,1.0,0,8
ELM_CTRL_DGP_HIT_JOINT_LEG_S99,0,5000000,5013504,/work/classic/fr_xl1014-easy-landmark-maze/IntrMotiv/SF_hipposlam/train_dir/analysis/online_spatial/easy_landmark_maze_control_20260923/ELM_CTRL_DGP_HIT_JOINT_LEG_S99/policy_00/snapshot_target_000005000000_actual_000005013504.npz,2,0.699999988079071,1,1,4,0.26809850335121155,0.8298503564877421,2,7
ELM_CTRL_DGP_HIT_JOINT_LEG_S99,0,5000000,5013504,/work/classic/fr_xl1014-easy-landmark-maze/IntrMotiv/SF_hipposlam/train_dir/analysis/online_spatial/easy_landmark_maze_control_20260923/ELM_CTRL_DGP_HIT_JOINT_LEG_S99/policy_00/snapshot_target_000005000000_actual_000005013504.npz,2,0.699999988079071,2,2,1,0.05496998876333237,0.17014964351225795,8,8
ELM_CTRL_DGP_HIT_JOINT_LEG_S99,0,5000000,5013504,/work/classic/fr_xl1014-easy-landmark-maze/IntrMotiv/SF_hipposlam/train_dir/analysis/online_spatial/easy_landmark_maze_control_20260923/ELM_CTRL_DGP_HIT_JOINT_LEG_S99/policy_00/snapshot_target_000005000000_actual_000005013504.npz,3,0.699999988079071,1,1,2,0.19536654651165009,0.7126208358982578,0,8
ELM_CTRL_DGP_HIT_JOINT_LEG_S99,0,5000000,5013504,/work/classic/fr_xl1014-easy-landmark-maze/IntrMotiv/SF_hipposlam/train_dir/analysis/online_spatial/easy_landmark_maze_control_20260923/ELM_CTRL_DGP_HIT_JOINT_LEG_S99/policy_00/snapshot_target_000005000000_actual_000005013504.npz,3,0.699999988079071,2,2,1,0.07878562062978745,0.28737916410174225,8,8
ELM_CTRL_DGP_HIT_JOINT_LEG_S99,0,5000000,5013504,/work/classic/fr_xl1014-easy-landmark-maze/IntrMotiv/SF_hipposlam/train_dir/analysis/online_spatial/easy_landmark_maze_control_20260923/ELM_CTRL_DGP_HIT_JOINT_LEG_S99/policy_00/snapshot_target_000005000000_actual_000005013504.npz,4,0.699999988079071,1,1,3,0.17894011735916138,0.6095180183518276,0,8
ELM_CTRL_DGP_HIT_JOINT_LEG_S99,0,5000000,5013504,/work/classic/fr_xl1014-easy-landmark-maze/IntrMotiv/SF_hipposlam/train_dir/analysis/online_spatial/easy_landmark_maze_control_20260923/ELM_CTRL_DGP_HIT_JOINT_LEG_S99/policy_00/snapshot_target_000005000000_actual_000005013504.npz,4,0.699999988079071,2,2,2,0.11463630199432373,0.3904819816481724,8,8
ELM_CTRL_DGP_HIT_JOINT_LEG_S99,0,5000000,5013504,/work/classic/fr_xl1014-easy-landmark-maze/IntrMotiv/SF_hipposlam/train_dir/analysis/online_spatial/easy_landmark_maze_control_20260923/ELM_CTRL_DGP_HIT_JOINT_LEG_S99/policy_00/snapshot_target_000005000000_actual_000005013504.npz,5,0.699999988079071,2,1,8,0.6142385005950928,0.5388303600844773,4,8
ELM_CTRL_DGP_HIT_JOINT_LEG_S99,0,5000000,5013504,/work/classic/fr_xl1014-easy-landmark-maze/IntrMotiv/SF_hipposlam/train_dir/analysis/online_spatial/easy_landmark_maze_control_20260923/ELM_CTRL_DGP_HIT_JOINT_LEG_S99/policy_00/snapshot_target_000005000000_actual_000005013504.npz,5,0.699999988079071,1,2,7,0.525709331035614,0.46116963991552273,0,3
ELM_CTRL_DGP_HIT_JOINT_LEG_S99,0,5000000,5013504,/work/classic/fr_xl1014-easy-landmark-maze/IntrMotiv/SF_hipposlam/train_dir/analysis/online_spatial/easy_landmark_maze_control_20260923/ELM_CTRL_DGP_HIT_JOINT_LEG_S99/policy_00/snapshot_target_000005000000_actual_000005013504.npz,6,0.699999988079071,1,1,9,0.4752595126628876,0.8452165481213225,2,7
ELM_CTRL_DGP_HIT_JOINT_LEG_S99,0,5000000,5013504,/work/classic/fr_xl1014-easy-landmark-maze/IntrMotiv/SF_hipposlam/train_dir/analysis/online_spatial/easy_landmark_maze_control_20260923/ELM_CTRL_DGP_HIT_JOINT_LEG_S99/policy_00/snapshot_target_000005000000_actual_000005013504.npz,6,0.699999988079071,2,2,2,0.08703368157148361,0.15478345187867742,8,7
ELM_CTRL_DGP_HIT_JOINT_LEG_S99,0,5000000,5013504,/work/classic/fr_xl1014-easy-landmark-maze/IntrMotiv/SF_hipposlam/train_dir/analysis/online_spatial/easy_landmark_maze_control_20260923/ELM_CTRL_DGP_HIT_JOINT_LEG_S99/policy_00/snapshot_target_000005000000_actual_000005013504.npz,7,0.699999988079071,1,1,6,0.46709340810775757,0.5192616312564674,4,2
ELM_CTRL_DGP_HIT_JOINT_LEG_S99,0,5000000,5013504,/work/classic/fr_xl1014-easy-landmark-maze/IntrMotiv/SF_hipposlam/train_dir/analysis/online_spatial/easy_landmark_maze_control_20260923/ELM_CTRL_DGP_HIT_JOINT_LEG_S99/policy_00/snapshot_target_000005000000_actual_000005013504.npz,7,0.699999988079071,3,2,4,0.2950668931007385,0.32802200498175366,4,6
ELM_CTRL_DGP_HIT_JOINT_LEG_S99,0,5000000,5013504,/work/classic/fr_xl1014-easy-landmark-maze/IntrMotiv/SF_hipposlam/train_dir/analysis/online_spatial/easy_landmark_maze_control_20260923/ELM_CTRL_DGP_HIT_JOINT_LEG_S99/policy_00/snapshot_target_000005000000_actual_000005013504.npz,7,0.699999988079071,2,3,2,0.13737353682518005,0.15271636376177897,0,4
ELM_CTRL_DGP_HIT_JOINT_LEG_S99,0,5000000,5013504,/work/classic/fr_xl1014-easy-landmark-maze/IntrMotiv/SF_hipposlam/train_dir/analysis/online_spatial/easy_landmark_maze_control_20260923/ELM_CTRL_DGP_HIT_JOINT_LEG_S99/policy_00/snapshot_target_000005000000_actual_000005013504.npz,8,0.699999988079071,2,1,4,0.23898166418075562,0.5375422484699384,2,8
ELM_CTRL_DGP_HIT_JOINT_LEG_S99,0,5000000,5013504,/work/classic/fr_xl1014-easy-landmark-maze/IntrMotiv/SF_hipposlam/train_dir/analysis/online_spatial/easy_landmark_maze_control_20260923/ELM_CTRL_DGP_HIT_JOINT_LEG_S99/policy_00/snapshot_target_000005000000_actual_000005013504.npz,8,0.699999988079071,1,2,4,0.20560044050216675,0.4624577515300616,0,4
ELM_CTRL_DGP_HIT_JOINT_LEG_S99,0,5000000,5013504,/work/classic/fr_xl1014-easy-landmark-maze/IntrMotiv/SF_hipposlam/train_dir/analysis/online_spatial/easy_landmark_maze_control_20260923/ELM_CTRL_DGP_HIT_JOINT_LEG_S99/policy_00/snapshot_target_000005000000_actual_000005013504.npz,9,0.699999988079071,1,1,6,1.6419150829315186,0.753903069846145,5,3
ELM_CTRL_DGP_HIT_JOINT_LEG_S99,0,5000000,5013504,/work/classic/fr_xl1014-easy-landmark-maze/IntrMotiv/SF_hipposlam/train_dir/analysis/online_spatial/easy_landmark_maze_control_20260923/ELM_CTRL_DGP_HIT_JOINT_LEG_S99/policy_00/snapshot_target_000005000000_actual_000005013504.npz,9,0.699999988079071,2,2,2,0.5359711050987244,0.24609693015385506,3,4
ELM_CTRL_DGP_HIT_JOINT_LEG_S99,0,5000000,5013504,/work/classic/fr_xl1014-easy-landmark-maze/IntrMotiv/SF_hipposlam/train_dir/analysis/online_spatial/easy_landmark_maze_control_20260923/ELM_CTRL_DGP_HIT_JOINT_LEG_S99/policy_00/snapshot_target_000005000000_actual_000005013504.npz,10,0.699999988079071,2,1,3,0.22704917192459106,0.5316676821742857,4,8
ELM_CTRL_DGP_HIT_JOINT_LEG_S99,0,5000000,5013504,/work/classic/fr_xl1014-easy-landmark-maze/IntrMotiv/SF_hipposlam/train_dir/analysis/online_spatial/easy_landmark_maze_control_20260923/ELM_CTRL_DGP_HIT_JOINT_LEG_S99/policy_00/snapshot_target_000005000000_actual_000005013504.npz,10,0.699999988079071,1,2,3,0.20000174641609192,0.46833231782571433,0,4
ELM_CTRL_DGP_HIT_JOINT_LEG_S99,0,5000000,5013504,/work/classic/fr_xl1014-easy-landmark-maze/IntrMotiv/SF_hipposlam/train_dir/analysis/online_spatial/easy_landmark_maze_control_20260923/ELM_CTRL_DGP_HIT_JOINT_LEG_S99/policy_00/snapshot_target_000005000000_actual_000005013504.npz,11,0.699999988079071,2,1,4,0.24393610656261444,0.8308486959092073,6,8
ELM_CTRL_DGP_HIT_JOINT_LEG_S99,0,5000000,5013504,/work/classic/fr_xl1014-easy-landmark-maze/IntrMotiv/SF_hipposlam/train_dir/analysis/online_spatial/easy_landmark_maze_control_20260923/ELM_CTRL_DGP_HIT_JOINT_LEG_S99/policy_00/snapshot_target_000005000000_actual_000005013504.npz,11,0.699999988079071,1,2,1,0.04966260492801666,0.16915130409079274,0,7
ELM_CTRL_DGP_HIT_JOINT_LEG_S99,0,5000000,5013504,/work/classic/fr_xl1014-easy-landmark-maze/IntrMotiv/SF_hipposlam/train_dir/analysis/online_spatial/easy_landmark_maze_control_20260923/ELM_CTRL_DGP_HIT_JOINT_LEG_S99/policy_00/snapshot_target_000005000000_actual_000005013504.npz,12,0.699999988079071,1,1,5,0.3995426893234253,1.0,2,7
ELM_CTRL_DGP_HIT_JOINT_LEG_S99,0,5000000,5013504,/work/classic/fr_xl1014-easy-landmark-maze/IntrMotiv/SF_hipposlam/train_dir/analysis/online_spatial/easy_landmark_maze_control_20260923/ELM_CTRL_DGP_HIT_JOINT_LEG_S99/policy_00/snapshot_target_000005000000_actual_000005013504.npz,13,0.699999988079071,1,1,3,0.2947256565093994,0.4448171637809193,0,0
ELM_CTRL_DGP_HIT_JOINT_LEG_S99,0,5000000,5013504,/work/classic/fr_xl1014-easy-landmark-maze/IntrMotiv/SF_hipposlam/train_dir/analysis/online_spatial/easy_landmark_maze_control_20260923/ELM_CTRL_DGP_HIT_JOINT_LEG_S99/policy_00/snapshot_target_000005000000_actual_000005013504.npz,13,0.699999988079071,3,2,2,0.19714516401290894,0.29754298878472285,8,5
ELM_CTRL_DGP_HIT_JOINT_LEG_S99,0,5000000,5013504,/work/classic/fr_xl1014-easy-landmark-maze/IntrMotiv/SF_hipposlam/train_dir/analysis/online_spatial/easy_landmark_maze_control_20260923/ELM_CTRL_DGP_HIT_JOINT_LEG_S99/policy_00/snapshot_target_000005000000_actual_000005013504.npz,13,0.699999988079071,2,3,2,0.17070625722408295,0.2576398474343579,8,0
ELM_CTRL_DGP_HIT_JOINT_LEG_S99,0,5000000,5013504,/work/classic/fr_xl1014-easy-landmark-maze/IntrMotiv/SF_hipposlam/train_dir/analysis/online_spatial/easy_landmark_maze_control_20260923/ELM_CTRL_DGP_HIT_JOINT_LEG_S99/policy_00/snapshot_target_000005000000_actual_000005013504.npz,14,0.699999988079071,1,1,3,0.22858111560344696,0.7857900134797362,0,8
ELM_CTRL_DGP_HIT_JOINT_LEG_S99,0,5000000,5013504,/work/classic/fr_xl1014-easy-landmark-maze/IntrMotiv/SF_hipposlam/train_dir/analysis/online_spatial/easy_landmark_maze_control_20260923/ELM_CTRL_DGP_HIT_JOINT_LEG_S99/policy_00/snapshot_target_000005000000_actual_000005013504.npz,14,0.699999988079071,2,2,1,0.06231226772069931,0.21420998652026382,8,8
ELM_CTRL_DGP_HIT_JOINT_LEG_S99,0,5000000,5013504,/work/classic/fr_xl1014-easy-landmark-maze/IntrMotiv/SF_hipposlam/train_dir/analysis/online_spatial/easy_landmark_maze_control_20260923/ELM_CTRL_DGP_HIT_JOINT_LEG_S99/policy_00/snapshot_target_000005000000_actual_000005013504.npz,15,0.699999988079071,1,1,5,0.39918869733810425,0.28624825517866564,4,0
ELM_CTRL_DGP_HIT_JOINT_LEG_S99,0,5000000,5013504,/work/classic/fr_xl1014-easy-landmark-maze/IntrMotiv/SF_hipposlam/train_dir/analysis/online_spatial/easy_landmark_maze_control_20260923/ELM_CTRL_DGP_HIT_JOINT_LEG_S99/policy_00/snapshot_target_000005000000_actual_000005013504.npz,15,0.699999988079071,3,2,5,0.37808531522750854,0.27111554639254926,0,4
ELM_CTRL_DGP_HIT_JOINT_LEG_S99,0,5000000,5013504,/work/classic/fr_xl1014-easy-landmark-maze/IntrMotiv/SF_hipposlam/train_dir/analysis/online_spatial/easy_landmark_maze_control_20260923/ELM_CTRL_DGP_HIT_JOINT_LEG_S99/policy_00/snapshot_target_000005000000_actual_000005013504.npz,15,0.699999988079071,5,3,4,0.3064742386341095,0.21976503005023798,4,8
ELM_CTRL_DGP_HIT_JOINT_LEG_S99,0,5000000,5013504,/work/classic/fr_xl1014-easy-landmark-maze/IntrMotiv/SF_hipposlam/train_dir/analysis/online_spatial/easy_landmark_maze_control_20260923/ELM_CTRL_DGP_HIT_JOINT_LEG_S99/policy_00/snapshot_target_000005000000_actual_000005013504.npz,15,0.699999988079071,4,4,3,0.24209511280059814,0.17360036516203872,8,6
ELM_CTRL_DGP_HIT_JOINT_LEG_S99,0,5000000,5013504,/work/classic/fr_xl1014-easy-landmark-maze/IntrMotiv/SF_hipposlam/train_dir/analysis/online_spatial/easy_landmark_maze_control_20260923/ELM_CTRL_DGP_HIT_JOINT_LEG_S99/policy_00/snapshot_target_000005000000_actual_000005013504.npz,15,0.699999988079071,2,5,1,0.0687108039855957,0.049270803216508424,7,0
ELM_CTRL_DGP_HIT_JOINT_LEG_S99,0,25000000,25001984,/work/classic/fr_xl1014-easy-landmark-maze/IntrMotiv/SF_hipposlam/train_dir/analysis/online_spatial/easy_landmark_maze_control_20260923/ELM_CTRL_DGP_HIT_JOINT_LEG_S99/policy_00/snapshot_target_000025000000_actual_000025001984.npz,0,0.30000001192092896,2,1,6,0.5229172706604004,0.7091478751541569,8,8
ELM_CTRL_DGP_HIT_JOINT_LEG_S99,0,25000000,25001984,/work/classic/fr_xl1014-easy-landmark-maze/IntrMotiv/SF_hipposlam/train_dir/analysis/online_spatial/easy_landmark_maze_control_20260923/ELM_CTRL_DGP_HIT_JOINT_LEG_S99/policy_00/snapshot_target_000025000000_actual_000025001984.npz,0,0.30000001192092896,1,2,3,0.21447092294692993,0.29085212484584305,0,8
ELM_CTRL_DGP_HIT_JOINT_LEG_S99,0,25000000,25001984,/work/classic/fr_xl1014-easy-landmark-maze/IntrMotiv/SF_hipposlam/train_dir/analysis/online_spatial/easy_landmark_maze_control_20260923/ELM_CTRL_DGP_HIT_JOINT_LEG_S99/policy_00/snapshot_target_000025000000_actual_000025001984.npz,1,0.30000001192092896,1,1,47,4.160940647125244,1.0,2,3
ELM_CTRL_DGP_HIT_JOINT_LEG_S99,0,25000000,25001984,/work/classic/fr_xl1014-easy-landmark-maze/IntrMotiv/SF_hipposlam/train_dir/analysis/online_spatial/easy_landmark_maze_control_20260923/ELM_CTRL_DGP_HIT_JOINT_LEG_S99/policy_00/snapshot_target_000025000000_actual_000025001984.npz,2,0.30000001192092896,1,1,50,2.758897304534912,1.0,0,2
ELM_CTRL_DGP_HIT_JOINT_LEG_S99,0,25000000,25001984,/work/classic/fr_xl1014-easy-landmark-maze/IntrMotiv/SF_hipposlam/train_dir/analysis/online_spatial/easy_landmark_maze_control_20260923/ELM_CTRL_DGP_HIT_JOINT_LEG_S99/policy_00/snapshot_target_000025000000_actual_000025001984.npz,3,0.30000001192092896,1,1,45,4.821347713470459,1.0,6,5
ELM_CTRL_DGP_HIT_JOINT_LEG_S99,0,25000000,25001984,/work/classic/fr_xl1014-easy-landmark-maze/IntrMotiv/SF_hipposlam/train_dir/analysis/online_spatial/easy_landmark_maze_control_20260923/ELM_CTRL_DGP_HIT_JOINT_LEG_S99/policy_00/snapshot_target_000025000000_actual_000025001984.npz,4,0.30000001192092896,1,1,20,0.3708336055278778,1.0,2,3
ELM_CTRL_DGP_HIT_JOINT_LEG_S99,0,25000000,25001984,/work/classic/fr_xl1014-easy-landmark-maze/IntrMotiv/SF_hipposlam/train_dir/analysis/online_spatial/easy_landmark_maze_control_20260923/ELM_CTRL_DGP_HIT_JOINT_LEG_S99/policy_00/snapshot_target_000025000000_actual_000025001984.npz,5,0.30000001192092896,3,1,25,1.764320969581604,0.9310379537681172,4,6
ELM_CTRL_DGP_HIT_JOINT_LEG_S99,0,25000000,25001984,/work/classic/fr_xl1014-easy-landmark-maze/IntrMotiv/SF_hipposlam/train_dir/analysis/online_spatial/easy_landmark_maze_control_20260923/ELM_CTRL_DGP_HIT_JOINT_LEG_S99/policy_00/snapshot_target_000025000000_actual_000025001984.npz,5,0.30000001192092896,2,2,2,0.08763610571622849,0.04624585999314674,3,2
ELM_CTRL_DGP_HIT_JOINT_LEG_S99,0,25000000,25001984,/work/classic/fr_xl1014-easy-landmark-maze/IntrMotiv/SF_hipposlam/train_dir/analysis/online_spatial/easy_landmark_maze_control_20260923/ELM_CTRL_DGP_HIT_JOINT_LEG_S99/policy_00/snapshot_target_000025000000_actual_000025001984.npz,5,0.30000001192092896,1,3,1,0.04304727166891098,0.022716186238736075,4,0
ELM_CTRL_DGP_HIT_JOINT_LEG_S99,0,25000000,25001984,/work/classic/fr_xl1014-easy-landmark-maze/IntrMotiv/SF_hipposlam/train_dir/analysis/online_spatial/easy_landmark_maze_control_20260923/ELM_CTRL_DGP_HIT_JOINT_LEG_S99/policy_00/snapshot_target_000025000000_actual_000025001984.npz,6,0.30000001192092896,2,1,36,2.027290105819702,0.9202579733858892,4,8
ELM_CTRL_DGP_HIT_JOINT_LEG_S99,0,25000000,25001984,/work/classic/fr_xl1014-easy-landmark-maze/IntrMotiv/SF_hipposlam/train_dir/analysis/online_spatial/easy_landmark_maze_control_20260923/ELM_CTRL_DGP_HIT_JOINT_LEG_S99/policy_00/snapshot_target_000025000000_actual_000025001984.npz,6,0.30000001192092896,1,2,4,0.1756683737039566,0.07974202661411077,3,0
ELM_CTRL_DGP_HIT_JOINT_LEG_S99,0,25000000,25001984,/work/classic/fr_xl1014-easy-landmark-maze/IntrMotiv/SF_hipposlam/train_dir/analysis/online_spatial/easy_landmark_maze_control_20260923/ELM_CTRL_DGP_HIT_JOINT_LEG_S99/policy_00/snapshot_target_000025000000_actual_000025001984.npz,7,0.30000001192092896,1,1,50,2.8036656379699707,1.0,2,6
ELM_CTRL_DGP_HIT_JOINT_LEG_S99,0,25000000,25001984,/work/classic/fr_xl1014-easy-landmark-maze/IntrMotiv/SF_hipposlam/train_dir/analysis/online_spatial/easy_landmark_maze_control_20260923/ELM_CTRL_DGP_HIT_JOINT_LEG_S99/policy_00/snapshot_target_000025000000_actual_000025001984.npz,8,0.30000001192092896,1,1,33,1.3443728685379028,0.9378250863300229,0,4
ELM_CTRL_DGP_HIT_JOINT_LEG_S99,0,25000000,25001984,/work/classic/fr_xl1014-easy-landmark-maze/IntrMotiv/SF_hipposlam/train_dir/analysis/online_spatial/easy_landmark_maze_control_20260923/ELM_CTRL_DGP_HIT_JOINT_LEG_S99/policy_00/snapshot_target_000025000000_actual_000025001984.npz,8,0.30000001192092896,2,2,2,0.08912777900695801,0.062174913669977114,8,2
ELM_CTRL_DGP_HIT_JOINT_LEG_S99,0,25000000,25001984,/work/classic/fr_xl1014-easy-landmark-maze/IntrMotiv/SF_hipposlam/train_dir/analysis/online_spatial/easy_landmark_maze_control_20260923/ELM_CTRL_DGP_HIT_JOINT_LEG_S99/policy_00/snapshot_target_000025000000_actual_000025001984.npz,9,0.30000001192092896,1,1,53,3.8374359607696533,1.0,8,0
ELM_CTRL_DGP_HIT_JOINT_LEG_S99,0,25000000,25001984,/work/classic/fr_xl1014-easy-landmark-maze/IntrMotiv/SF_hipposlam/train_dir/analysis/online_spatial/easy_landmark_maze_control_20260923/ELM_CTRL_DGP_HIT_JOINT_LEG_S99/policy_00/snapshot_target_000025000000_actual_000025001984.npz,10,0.30000001192092896,2,1,17,1.0771162509918213,0.7206107949028434,0,6
ELM_CTRL_DGP_HIT_JOINT_LEG_S99,0,25000000,25001984,/work/classic/fr_xl1014-easy-landmark-maze/IntrMotiv/SF_hipposlam/train_dir/analysis/online_spatial/easy_landmark_maze_control_20260923/ELM_CTRL_DGP_HIT_JOINT_LEG_S99/policy_00/snapshot_target_000025000000_actual_000025001984.npz,10,0.30000001192092896,1,2,5,0.4176105260848999,0.2793892050971566,0,2
ELM_CTRL_DGP_HIT_JOINT_LEG_S99,0,25000000,25001984,/work/classic/fr_xl1014-easy-landmark-maze/IntrMotiv/SF_hipposlam/train_dir/analysis/online_spatial/easy_landmark_maze_control_20260923/ELM_CTRL_DGP_HIT_JOINT_LEG_S99/policy_00/snapshot_target_000025000000_actual_000025001984.npz,11,0.30000001192092896,1,1,16,1.1926157474517822,0.5378114172302721,0,4
ELM_CTRL_DGP_HIT_JOINT_LEG_S99,0,25000000,25001984,/work/classic/fr_xl1014-easy-landmark-maze/IntrMotiv/SF_hipposlam/train_dir/analysis/online_spatial/easy_landmark_maze_control_20260923/ELM_CTRL_DGP_HIT_JOINT_LEG_S99/policy_00/snapshot_target_000025000000_actual_000025001984.npz,11,0.30000001192092896,2,2,11,0.6807032227516174,0.3069638865019784,8,4
ELM_CTRL_DGP_HIT_JOINT_LEG_S99,0,25000000,25001984,/work/classic/fr_xl1014-easy-landmark-maze/IntrMotiv/SF_hipposlam/train_dir/analysis/online_spatial/easy_landmark_maze_control_20260923/ELM_CTRL_DGP_HIT_JOINT_LEG_S99/policy_00/snapshot_target_000025000000_actual_000025001984.npz,11,0.30000001192092896,3,3,6,0.3442162275314331,0.15522469626774943,5,8
ELM_CTRL_DGP_HIT_JOINT_LEG_S99,0,25000000,25001984,/work/classic/fr_xl1014-easy-landmark-maze/IntrMotiv/SF_hipposlam/train_dir/analysis/online_spatial/easy_landmark_maze_control_20260923/ELM_CTRL_DGP_HIT_JOINT_LEG_S99/policy_00/snapshot_target_000025000000_actual_000025001984.npz,12,0.30000001192092896,3,1,23,1.48093581199646,0.7038830815434588,0,6
ELM_CTRL_DGP_HIT_JOINT_LEG_S99,0,25000000,25001984,/work/classic/fr_xl1014-easy-landmark-maze/IntrMotiv/SF_hipposlam/train_dir/analysis/online_spatial/easy_landmark_maze_control_20260923/ELM_CTRL_DGP_HIT_JOINT_LEG_S99/policy_00/snapshot_target_000025000000_actual_000025001984.npz,12,0.30000001192092896,2,2,5,0.31956592202186584,0.15188845061811854,0,2
ELM_CTRL_DGP_HIT_JOINT_LEG_S99,0,25000000,25001984,/work/classic/fr_xl1014-easy-landmark-maze/IntrMotiv/SF_hipposlam/train_dir/analysis/online_spatial/easy_landmark_maze_control_20260923/ELM_CTRL_DGP_HIT_JOINT_LEG_S99/policy_00/snapshot_target_000025000000_actual_000025001984.npz,12,0.30000001192092896,1,3,9,0.30344969034194946,0.14422846783842264,5,0
ELM_CTRL_DGP_HIT_JOINT_LEG_S99,0,25000000,25001984,/work/classic/fr_xl1014-easy-landmark-maze/IntrMotiv/SF_hipposlam/train_dir/analysis/online_spatial/easy_landmark_maze_control_20260923/ELM_CTRL_DGP_HIT_JOINT_LEG_S99/policy_00/snapshot_target_000025000000_actual_000025001984.npz,13,0.30000001192092896,1,1,50,2.6036391258239746,1.0,2,6
ELM_CTRL_DGP_HIT_JOINT_LEG_S99,0,25000000,25001984,/work/classic/fr_xl1014-easy-landmark-maze/IntrMotiv/SF_hipposlam/train_dir/analysis/online_spatial/easy_landmark_maze_control_20260923/ELM_CTRL_DGP_HIT_JOINT_LEG_S99/policy_00/snapshot_target_000025000000_actual_000025001984.npz,14,0.30000001192092896,4,1,23,1.3152157068252563,0.6801354383141448,0,6
ELM_CTRL_DGP_HIT_JOINT_LEG_S99,0,25000000,25001984,/work/classic/fr_xl1014-easy-landmark-maze/IntrMotiv/SF_hipposlam/train_dir/analysis/online_spatial/easy_landmark_maze_control_20260923/ELM_CTRL_DGP_HIT_JOINT_LEG_S99/policy_00/snapshot_target_000025000000_actual_000025001984.npz,14,0.30000001192092896,2,2,5,0.31846779584884644,0.1646887524187491,0,2
ELM_CTRL_DGP_HIT_JOINT_LEG_S99,0,25000000,25001984,/work/classic/fr_xl1014-easy-landmark-maze/IntrMotiv/SF_hipposlam/train_dir/analysis/online_spatial/easy_landmark_maze_control_20260923/ELM_CTRL_DGP_HIT_JOINT_LEG_S99/policy_00/snapshot_target_000025000000_actual_000025001984.npz,14,0.30000001192092896,1,3,5,0.1821369230747223,0.09418818173000629,5,0
ELM_CTRL_DGP_HIT_JOINT_LEG_S99,0,25000000,25001984,/work/classic/fr_xl1014-easy-landmark-maze/IntrMotiv/SF_hipposlam/train_dir/analysis/online_spatial/easy_landmark_maze_control_20260923/ELM_CTRL_DGP_HIT_JOINT_LEG_S99/policy_00/snapshot_target_000025000000_actual_000025001984.npz,14,0.30000001192092896,3,4,3,0.1179351657629013,0.06098762753709982,8,2
ELM_CTRL_DGP_HIT_JOINT_LEG_S99,0,25000000,25001984,/work/classic/fr_xl1014-easy-landmark-maze/IntrMotiv/SF_hipposlam/train_dir/analysis/online_spatial/easy_landmark_maze_control_20260923/ELM_CTRL_DGP_HIT_JOINT_LEG_S99/policy_00/snapshot_target_000025000000_actual_000025001984.npz,15,0.30000001192092896,4,1,17,0.7209334969520569,0.5849644644661347,2,8
ELM_CTRL_DGP_HIT_JOINT_LEG_S99,0,25000000,25001984,/work/classic/fr_xl1014-easy-landmark-maze/IntrMotiv/SF_hipposlam/train_dir/analysis/online_spatial/easy_landmark_maze_control_20260923/ELM_CTRL_DGP_HIT_JOINT_LEG_S99/policy_00/snapshot_target_000025000000_actual_000025001984.npz,15,0.30000001192092896,3,2,5,0.18469193577766418,0.1498587869202307,8,3
ELM_CTRL_DGP_HIT_JOINT_LEG_S99,0,25000000,25001984,/work/classic/fr_xl1014-easy-landmark-maze/IntrMotiv/SF_hipposlam/train_dir/analysis/online_spatial/easy_landmark_maze_control_20260923/ELM_CTRL_DGP_HIT_JOINT_LEG_S99/policy_00/snapshot_target_000025000000_actual_000025001984.npz,15,0.30000001192092896,1,3,5,0.16772112250328064,0.13608869198002468,5,0
ELM_CTRL_DGP_HIT_JOINT_LEG_S99,0,25000000,25001984,/work/classic/fr_xl1014-easy-landmark-maze/IntrMotiv/SF_hipposlam/train_dir/analysis/online_spatial/easy_landmark_maze_control_20260923/ELM_CTRL_DGP_HIT_JOINT_LEG_S99/policy_00/snapshot_target_000025000000_actual_000025001984.npz,15,0.30000001192092896,2,4,4,0.15909326076507568,0.12908805663360998,0,2
ELM_CTRL_DGP_HIT_JOINT_LEG_S99,0,25000000,25001984,/work/classic/fr_xl1014-easy-landmark-maze/IntrMotiv/SF_hipposlam/train_dir/analysis/online_spatial/easy_landmark_maze_control_20260923/ELM_CTRL_DGP_HIT_JOINT_LEG_S99/policy_00/snapshot_target_000025000000_actual_000025001984.npz,0,0.5,1,1,3,0.37328100204467773,0.7913271143860953,8,8
ELM_CTRL_DGP_HIT_JOINT_LEG_S99,0,25000000,25001984,/work/classic/fr_xl1014-easy-landmark-maze/IntrMotiv/SF_hipposlam/train_dir/analysis/online_spatial/easy_landmark_maze_control_20260923/ELM_CTRL_DGP_HIT_JOINT_LEG_S99/policy_00/snapshot_target_000025000000_actual_000025001984.npz,0,0.5,2,2,1,0.09843416512012482,0.2086728856139048,0,8
ELM_CTRL_DGP_HIT_JOINT_LEG_S99,0,25000000,25001984,/work/classic/fr_xl1014-easy-landmark-maze/IntrMotiv/SF_hipposlam/train_dir/analysis/online_spatial/easy_landmark_maze_control_20260923/ELM_CTRL_DGP_HIT_JOINT_LEG_S99/policy_00/snapshot_target_000025000000_actual_000025001984.npz,1,0.5,1,1,31,3.240401268005371,1.0,2,3
ELM_CTRL_DGP_HIT_JOINT_LEG_S99,0,25000000,25001984,/work/classic/fr_xl1014-easy-landmark-maze/IntrMotiv/SF_hipposlam/train_dir/analysis/online_spatial/easy_landmark_maze_control_20260923/ELM_CTRL_DGP_HIT_JOINT_LEG_S99/policy_00/snapshot_target_000025000000_actual_000025001984.npz,2,0.5,1,1,45,2.604748487472534,1.0,0,2
ELM_CTRL_DGP_HIT_JOINT_LEG_S99,0,25000000,25001984,/work/classic/fr_xl1014-easy-landmark-maze/IntrMotiv/SF_hipposlam/train_dir/analysis/online_spatial/easy_landmark_maze_control_20260923/ELM_CTRL_DGP_HIT_JOINT_LEG_S99/policy_00/snapshot_target_000025000000_actual_000025001984.npz,3,0.5,1,1,25,3.2734999656677246,1.0,6,5
ELM_CTRL_DGP_HIT_JOINT_LEG_S99,0,25000000,25001984,/work/classic/fr_xl1014-easy-landmark-maze/IntrMotiv/SF_hipposlam/train_dir/analysis/online_spatial/easy_landmark_maze_control_20260923/ELM_CTRL_DGP_HIT_JOINT_LEG_S99/policy_00/snapshot_target_000025000000_actual_000025001984.npz,4,0.5,1,1,9,0.2201387584209442,1.0,2,3
ELM_CTRL_DGP_HIT_JOINT_LEG_S99,0,25000000,25001984,/work/classic/fr_xl1014-easy-landmark-maze/IntrMotiv/SF_hipposlam/train_dir/analysis/online_spatial/easy_landmark_maze_control_20260923/ELM_CTRL_DGP_HIT_JOINT_LEG_S99/policy_00/snapshot_target_000025000000_actual_000025001984.npz,5,0.5,1,1,7,0.7866998314857483,1.0,4,6
ELM_CTRL_DGP_HIT_JOINT_LEG_S99,0,25000000,25001984,/work/classic/fr_xl1014-easy-landmark-maze/IntrMotiv/SF_hipposlam/train_dir/analysis/online_spatial/easy_landmark_maze_control_20260923/ELM_CTRL_DGP_HIT_JOINT_LEG_S99/policy_00/snapshot_target_000025000000_actual_000025001984.npz,6,0.5,4,1,16,1.0810256004333496,0.7364249246446002,4,8
ELM_CTRL_DGP_HIT_JOINT_LEG_S99,0,25000000,25001984,/work/classic/fr_xl1014-easy-landmark-maze/IntrMotiv/SF_hipposlam/train_dir/analysis/online_spatial/easy_landmark_maze_control_20260923/ELM_CTRL_DGP_HIT_JOINT_LEG_S99/policy_00/snapshot_target_000025000000_actual_000025001984.npz,6,0.5,3,2,3,0.20283503830432892,0.13817691064732518,0,4
ELM_CTRL_DGP_HIT_JOINT_LEG_S99,0,25000000,25001984,/work/classic/fr_xl1014-easy-landmark-maze/IntrMotiv/SF_hipposlam/train_dir/analysis/online_spatial/easy_landmark_maze_control_20260923/ELM_CTRL_DGP_HIT_JOINT_LEG_S99/policy_00/snapshot_target_000025000000_actual_000025001984.npz,6,0.5,2,3,2,0.12913744151592255,0.08797204302935756,8,2
ELM_CTRL_DGP_HIT_JOINT_LEG_S99,0,25000000,25001984,/work/classic/fr_xl1014-easy-landmark-maze/IntrMotiv/SF_hipposlam/train_dir/analysis/online_spatial/easy_landmark_maze_control_20260923/ELM_CTRL_DGP_HIT_JOINT_LEG_S99/policy_00/snapshot_target_000025000000_actual_000025001984.npz,6,0.5,1,4,1,0.05493919923901558,0.03742612167871707,3,0
ELM_CTRL_DGP_HIT_JOINT_LEG_S99,0,25000000,25001984,/work/classic/fr_xl1014-easy-landmark-maze/IntrMotiv/SF_hipposlam/train_dir/analysis/online_spatial/easy_landmark_maze_control_20260923/ELM_CTRL_DGP_HIT_JOINT_LEG_S99/policy_00/snapshot_target_000025000000_actual_000025001984.npz,7,0.5,3,1,26,1.7573254108428955,0.8586733775040294,2,6
ELM_CTRL_DGP_HIT_JOINT_LEG_S99,0,25000000,25001984,/work/classic/fr_xl1014-easy-landmark-maze/IntrMotiv/SF_hipposlam/train_dir/analysis/online_spatial/easy_landmark_maze_control_20260923/ELM_CTRL_DGP_HIT_JOINT_LEG_S99/policy_00/snapshot_target_000025000000_actual_000025001984.npz,7,0.5,2,2,4,0.23666054010391235,0.11563828989161616,6,0
ELM_CTRL_DGP_HIT_JOINT_LEG_S99,0,25000000,25001984,/work/classic/fr_xl1014-easy-landmark-maze/IntrMotiv/SF_hipposlam/train_dir/analysis/online_spatial/easy_landmark_maze_control_20260923/ELM_CTRL_DGP_HIT_JOINT_LEG_S99/policy_00/snapshot_target_000025000000_actual_000025001984.npz,7,0.5,1,3,1,0.05257267877459526,0.02568833260435444,0,0
ELM_CTRL_DGP_HIT_JOINT_LEG_S99,0,25000000,25001984,/work/classic/fr_xl1014-easy-landmark-maze/IntrMotiv/SF_hipposlam/train_dir/analysis/online_spatial/easy_landmark_maze_control_20260923/ELM_CTRL_DGP_HIT_JOINT_LEG_S99/policy_00/snapshot_target_000025000000_actual_000025001984.npz,8,0.5,3,1,10,0.5614379644393921,0.791180324263605,0,4
ELM_CTRL_DGP_HIT_JOINT_LEG_S99,0,25000000,25001984,/work/classic/fr_xl1014-easy-landmark-maze/IntrMotiv/SF_hipposlam/train_dir/analysis/online_spatial/easy_landmark_maze_control_20260923/ELM_CTRL_DGP_HIT_JOINT_LEG_S99/policy_00/snapshot_target_000025000000_actual_000025001984.npz,8,0.5,4,2,1,0.05771360173821449,0.08133020748473156,8,6
ELM_CTRL_DGP_HIT_JOINT_LEG_S99,0,25000000,25001984,/work/classic/fr_xl1014-easy-landmark-maze/IntrMotiv/SF_hipposlam/train_dir/analysis/online_spatial/easy_landmark_maze_control_20260923/ELM_CTRL_DGP_HIT_JOINT_LEG_S99/policy_00/snapshot_target_000025000000_actual_000025001984.npz,8,0.5,2,3,1,0.0492473803460598,0.06939957897260231,8,2
ELM_CTRL_DGP_HIT_JOINT_LEG_S99,0,25000000,25001984,/work/classic/fr_xl1014-easy-landmark-maze/IntrMotiv/SF_hipposlam/train_dir/analysis/online_spatial/easy_landmark_maze_control_20260923/ELM_CTRL_DGP_HIT_JOINT_LEG_S99/policy_00/snapshot_target_000025000000_actual_000025001984.npz,8,0.5,1,4,1,0.04122179001569748,0.05808988927906116,3,0
ELM_CTRL_DGP_HIT_JOINT_LEG_S99,0,25000000,25001984,/work/classic/fr_xl1014-easy-landmark-maze/IntrMotiv/SF_hipposlam/train_dir/analysis/online_spatial/easy_landmark_maze_control_20260923/ELM_CTRL_DGP_HIT_JOINT_LEG_S99/policy_00/snapshot_target_000025000000_actual_000025001984.npz,9,0.5,1,1,32,2.7050609588623047,0.9550236322799998,8,0
ELM_CTRL_DGP_HIT_JOINT_LEG_S99,0,25000000,25001984,/work/classic/fr_xl1014-easy-landmark-maze/IntrMotiv/SF_hipposlam/train_dir/analysis/online_spatial/easy_landmark_maze_control_20260923/ELM_CTRL_DGP_HIT_JOINT_LEG_S99/policy_00/snapshot_target_000025000000_actual_000025001984.npz,9,0.5,2,2,2,0.12739351391792297,0.04497636772000026,5,8
ELM_CTRL_DGP_HIT_JOINT_LEG_S99,0,25000000,25001984,/work/classic/fr_xl1014-easy-landmark-maze/IntrMotiv/SF_hipposlam/train_dir/analysis/online_spatial/easy_landmark_maze_control_20260923/ELM_CTRL_DGP_HIT_JOINT_LEG_S99/policy_00/snapshot_target_000025000000_actual_000025001984.npz,10,0.5,2,1,5,0.44549307227134705,0.460711663833321,0,6
ELM_CTRL_DGP_HIT_JOINT_LEG_S99,0,25000000,25001984,/work/classic/fr_xl1014-easy-landmark-maze/IntrMotiv/SF_hipposlam/train_dir/analysis/online_spatial/easy_landmark_maze_control_20260923/ELM_CTRL_DGP_HIT_JOINT_LEG_S99/policy_00/snapshot_target_000025000000_actual_000025001984.npz,10,0.5,1,2,3,0.32503795623779297,0.3361416528068583,0,2
ELM_CTRL_DGP_HIT_JOINT_LEG_S99,0,25000000,25001984,/work/classic/fr_xl1014-easy-landmark-maze/IntrMotiv/SF_hipposlam/train_dir/analysis/online_spatial/easy_landmark_maze_control_20260923/ELM_CTRL_DGP_HIT_JOINT_LEG_S99/policy_00/snapshot_target_000025000000_actual_000025001984.npz,10,0.5,3,3,3,0.19643618166446686,0.20314668335982064,4,8
ELM_CTRL_DGP_HIT_JOINT_LEG_S99,0,25000000,25001984,/work/classic/fr_xl1014-easy-landmark-maze/IntrMotiv/SF_hipposlam/train_dir/analysis/online_spatial/easy_landmark_maze_control_20260923/ELM_CTRL_DGP_HIT_JOINT_LEG_S99/policy_00/snapshot_target_000025000000_actual_000025001984.npz,11,0.5,3,1,5,0.511852502822876,0.5654771885028058,0,4
ELM_CTRL_DGP_HIT_JOINT_LEG_S99,0,25000000,25001984,/work/classic/fr_xl1014-easy-landmark-maze/IntrMotiv/SF_hipposlam/train_dir/analysis/online_spatial/easy_landmark_maze_control_20260923/ELM_CTRL_DGP_HIT_JOINT_LEG_S99/policy_00/snapshot_target_000025000000_actual_000025001984.npz,11,0.5,2,2,3,0.2410196214914322,0.2662702579030826,8,4
ELM_CTRL_DGP_HIT_JOINT_LEG_S99,0,25000000,25001984,/work/classic/fr_xl1014-easy-landmark-maze/IntrMotiv/SF_hipposlam/train_dir/analysis/online_spatial/easy_landmark_maze_control_20260923/ELM_CTRL_DGP_HIT_JOINT_LEG_S99/policy_00/snapshot_target_000025000000_actual_000025001984.npz,11,0.5,1,3,2,0.1522970199584961,0.16825255359411156,2,0
ELM_CTRL_DGP_HIT_JOINT_LEG_S99,0,25000000,25001984,/work/classic/fr_xl1014-easy-landmark-maze/IntrMotiv/SF_hipposlam/train_dir/analysis/online_spatial/easy_landmark_maze_control_20260923/ELM_CTRL_DGP_HIT_JOINT_LEG_S99/policy_00/snapshot_target_000025000000_actual_000025001984.npz,12,0.5,2,1,20,1.3690872192382812,0.8462388148935855,0,6
ELM_CTRL_DGP_HIT_JOINT_LEG_S99,0,25000000,25001984,/work/classic/fr_xl1014-easy-landmark-maze/IntrMotiv/SF_hipposlam/train_dir/analysis/online_spatial/easy_landmark_maze_control_20260923/ELM_CTRL_DGP_HIT_JOINT_LEG_S99/policy_00/snapshot_target_000025000000_actual_000025001984.npz,12,0.5,1,2,3,0.24876248836517334,0.15376118510641448,0,2
ELM_CTRL_DGP_HIT_JOINT_LEG_S99,0,25000000,25001984,/work/classic/fr_xl1014-easy-landmark-maze/IntrMotiv/SF_hipposlam/train_dir/analysis/online_spatial/easy_landmark_maze_control_20260923/ELM_CTRL_DGP_HIT_JOINT_LEG_S99/policy_00/snapshot_target_000025000000_actual_000025001984.npz,13,0.5,2,1,12,0.8832812309265137,0.7461753916501871,2,6
ELM_CTRL_DGP_HIT_JOINT_LEG_S99,0,25000000,25001984,/work/classic/fr_xl1014-easy-landmark-maze/IntrMotiv/SF_hipposlam/train_dir/analysis/online_spatial/easy_landmark_maze_control_20260923/ELM_CTRL_DGP_HIT_JOINT_LEG_S99/policy_00/snapshot_target_000025000000_actual_000025001984.npz,13,0.5,1,2,5,0.30046355724334717,0.2538246083498129,8,2
ELM_CTRL_DGP_HIT_JOINT_LEG_S99,0,25000000,25001984,/work/classic/fr_xl1014-easy-landmark-maze/IntrMotiv/SF_hipposlam/train_dir/analysis/online_spatial/easy_landmark_maze_control_20260923/ELM_CTRL_DGP_HIT_JOINT_LEG_S99/policy_00/snapshot_target_000025000000_actual_000025001984.npz,14,0.5,2,1,12,0.8396627306938171,0.7329898231257942,0,6
ELM_CTRL_DGP_HIT_JOINT_LEG_S99,0,25000000,25001984,/work/classic/fr_xl1014-easy-landmark-maze/IntrMotiv/SF_hipposlam/train_dir/analysis/online_spatial/easy_landmark_maze_control_20260923/ELM_CTRL_DGP_HIT_JOINT_LEG_S99/policy_00/snapshot_target_000025000000_actual_000025001984.npz,14,0.5,1,2,3,0.24777528643608093,0.2162972783484807,0,2
ELM_CTRL_DGP_HIT_JOINT_LEG_S99,0,25000000,25001984,/work/classic/fr_xl1014-easy-landmark-maze/IntrMotiv/SF_hipposlam/train_dir/analysis/online_spatial/easy_landmark_maze_control_20260923/ELM_CTRL_DGP_HIT_JOINT_LEG_S99/policy_00/snapshot_target_000025000000_actual_000025001984.npz,14,0.5,3,3,1,0.05809320881962776,0.05071289852572509,6,8
ELM_CTRL_DGP_HIT_JOINT_LEG_S99,0,25000000,25001984,/work/classic/fr_xl1014-easy-landmark-maze/IntrMotiv/SF_hipposlam/train_dir/analysis/online_spatial/easy_landmark_maze_control_20260923/ELM_CTRL_DGP_HIT_JOINT_LEG_S99/policy_00/snapshot_target_000025000000_actual_000025001984.npz,15,0.5,4,1,7,0.37669292092323303,0.43979420858434537,2,8
ELM_CTRL_DGP_HIT_JOINT_LEG_S99,0,25000000,25001984,/work/classic/fr_xl1014-easy-landmark-maze/IntrMotiv/SF_hipposlam/train_dir/analysis/online_spatial/easy_landmark_maze_control_20260923/ELM_CTRL_DGP_HIT_JOINT_LEG_S99/policy_00/snapshot_target_000025000000_actual_000025001984.npz,15,0.5,2,2,3,0.13747338950634003,0.16050208852124812,0,2
ELM_CTRL_DGP_HIT_JOINT_LEG_S99,0,25000000,25001984,/work/classic/fr_xl1014-easy-landmark-maze/IntrMotiv/SF_hipposlam/train_dir/analysis/online_spatial/easy_landmark_maze_control_20260923/ELM_CTRL_DGP_HIT_JOINT_LEG_S99/policy_00/snapshot_target_000025000000_actual_000025001984.npz,15,0.5,3,3,3,0.13258299231529236,0.15479248198808412,8,3
ELM_CTRL_DGP_HIT_JOINT_LEG_S99,0,25000000,25001984,/work/classic/fr_xl1014-easy-landmark-maze/IntrMotiv/SF_hipposlam/train_dir/analysis/online_spatial/easy_landmark_maze_control_20260923/ELM_CTRL_DGP_HIT_JOINT_LEG_S99/policy_00/snapshot_target_000025000000_actual_000025001984.npz,15,0.5,5,4,3,0.1323065459728241,0.15446972704991357,8,8
ELM_CTRL_DGP_HIT_JOINT_LEG_S99,0,25000000,25001984,/work/classic/fr_xl1014-easy-landmark-maze/IntrMotiv/SF_hipposlam/train_dir/analysis/online_spatial/easy_landmark_maze_control_20260923/ELM_CTRL_DGP_HIT_JOINT_LEG_S99/policy_00/snapshot_target_000025000000_actual_000025001984.npz,15,0.5,1,5,2,0.07746502757072449,0.09044149385640882,5,0
ELM_CTRL_DGP_HIT_JOINT_LEG_S99,0,25000000,25001984,/work/classic/fr_xl1014-easy-landmark-maze/IntrMotiv/SF_hipposlam/train_dir/analysis/online_spatial/easy_landmark_maze_control_20260923/ELM_CTRL_DGP_HIT_JOINT_LEG_S99/policy_00/snapshot_target_000025000000_actual_000025001984.npz,0,0.699999988079071,1,1,3,0.37328100204467773,1.0,8,8
ELM_CTRL_DGP_HIT_JOINT_LEG_S99,0,25000000,25001984,/work/classic/fr_xl1014-easy-landmark-maze/IntrMotiv/SF_hipposlam/train_dir/analysis/online_spatial/easy_landmark_maze_control_20260923/ELM_CTRL_DGP_HIT_JOINT_LEG_S99/policy_00/snapshot_target_000025000000_actual_000025001984.npz,1,0.699999988079071,1,1,17,2.0961270332336426,1.0,2,3
ELM_CTRL_DGP_HIT_JOINT_LEG_S99,0,25000000,25001984,/work/classic/fr_xl1014-easy-landmark-maze/IntrMotiv/SF_hipposlam/train_dir/analysis/online_spatial/easy_landmark_maze_control_20260923/ELM_CTRL_DGP_HIT_JOINT_LEG_S99/policy_00/snapshot_target_000025000000_actual_000025001984.npz,2,0.699999988079071,1,1,17,1.104636311531067,0.5776658495957868,0,2
ELM_CTRL_DGP_HIT_JOINT_LEG_S99,0,25000000,25001984,/work/classic/fr_xl1014-easy-landmark-maze/IntrMotiv/SF_hipposlam/train_dir/analysis/online_spatial/easy_landmark_maze_control_20260923/ELM_CTRL_DGP_HIT_JOINT_LEG_S99/policy_00/snapshot_target_000025000000_actual_000025001984.npz,2,0.699999988079071,4,2,6,0.40480923652648926,0.21169363083690335,6,8
ELM_CTRL_DGP_HIT_JOINT_LEG_S99,0,25000000,25001984,/work/classic/fr_xl1014-easy-landmark-maze/IntrMotiv/SF_hipposlam/train_dir/analysis/online_spatial/easy_landmark_maze_control_20260923/ELM_CTRL_DGP_HIT_JOINT_LEG_S99/policy_00/snapshot_target_000025000000_actual_000025001984.npz,2,0.699999988079071,3,3,4,0.2365894317626953,0.12372364884072354,8,0
ELM_CTRL_DGP_HIT_JOINT_LEG_S99,0,25000000,25001984,/work/classic/fr_xl1014-easy-landmark-maze/IntrMotiv/SF_hipposlam/train_dir/analysis/online_spatial/easy_landmark_maze_control_20260923/ELM_CTRL_DGP_HIT_JOINT_LEG_S99/policy_00/snapshot_target_000025000000_actual_000025001984.npz,2,0.699999988079071,2,4,3,0.1662060022354126,0.08691687072658631,5,0
ELM_CTRL_DGP_HIT_JOINT_LEG_S99,0,25000000,25001984,/work/classic/fr_xl1014-easy-landmark-maze/IntrMotiv/SF_hipposlam/train_dir/analysis/online_spatial/easy_landmark_maze_control_20260923/ELM_CTRL_DGP_HIT_JOINT_LEG_S99/policy_00/snapshot_target_000025000000_actual_000025001984.npz,3,0.699999988079071,3,1,3,0.5150002241134644,0.4088408890194447,6,5
ELM_CTRL_DGP_HIT_JOINT_LEG_S99,0,25000000,25001984,/work/classic/fr_xl1014-easy-landmark-maze/IntrMotiv/SF_hipposlam/train_dir/analysis/online_spatial/easy_landmark_maze_control_20260923/ELM_CTRL_DGP_HIT_JOINT_LEG_S99/policy_00/snapshot_target_000025000000_actual_000025001984.npz,3,0.699999988079071,1,2,3,0.443719744682312,0.35225377853705403,5,2
ELM_CTRL_DGP_HIT_JOINT_LEG_S99,0,25000000,25001984,/work/classic/fr_xl1014-easy-landmark-maze/IntrMotiv/SF_hipposlam/train_dir/analysis/online_spatial/easy_landmark_maze_control_20260923/ELM_CTRL_DGP_HIT_JOINT_LEG_S99/policy_00/snapshot_target_000025000000_actual_000025001984.npz,3,0.699999988079071,2,3,2,0.30093932151794434,0.2389053324435013,2,4
ELM_CTRL_DGP_HIT_JOINT_LEG_S99,0,25000000,25001984,/work/classic/fr_xl1014-easy-landmark-maze/IntrMotiv/SF_hipposlam/train_dir/analysis/online_spatial/easy_landmark_maze_control_20260923/ELM_CTRL_DGP_HIT_JOINT_LEG_S99/policy_00/snapshot_target_000025000000_actual_000025001984.npz,4,0.699999988079071,1,1,1,0.03639699146151543,1.0,2,3
ELM_CTRL_DGP_HIT_JOINT_LEG_S99,0,25000000,25001984,/work/classic/fr_xl1014-easy-landmark-maze/IntrMotiv/SF_hipposlam/train_dir/analysis/online_spatial/easy_landmark_maze_control_20260923/ELM_CTRL_DGP_HIT_JOINT_LEG_S99/policy_00/snapshot_target_000025000000_actual_000025001984.npz,5,0.699999988079071,1,1,6,0.7024517059326172,1.0,4,6
ELM_CTRL_DGP_HIT_JOINT_LEG_S99,0,25000000,25001984,/work/classic/fr_xl1014-easy-landmark-maze/IntrMotiv/SF_hipposlam/train_dir/analysis/online_spatial/easy_landmark_maze_control_20260923/ELM_CTRL_DGP_HIT_JOINT_LEG_S99/policy_00/snapshot_target_000025000000_actual_000025001984.npz,6,0.699999988079071,2,1,4,0.34852510690689087,0.8039801913035785,4,8
ELM_CTRL_DGP_HIT_JOINT_LEG_S99,0,25000000,25001984,/work/classic/fr_xl1014-easy-landmark-maze/IntrMotiv/SF_hipposlam/train_dir/analysis/online_spatial/easy_landmark_maze_control_20260923/ELM_CTRL_DGP_HIT_JOINT_LEG_S99/policy_00/snapshot_target_000025000000_actual_000025001984.npz,6,0.699999988079071,1,2,1,0.0849745124578476,0.19601980869642155,0,4
ELM_CTRL_DGP_HIT_JOINT_LEG_S99,0,25000000,25001984,/work/classic/fr_xl1014-easy-landmark-maze/IntrMotiv/SF_hipposlam/train_dir/analysis/online_spatial/easy_landmark_maze_control_20260923/ELM_CTRL_DGP_HIT_JOINT_LEG_S99/policy_00/snapshot_target_000025000000_actual_000025001984.npz,7,0.699999988079071,1,1,8,0.6790329217910767,1.0,2,6
ELM_CTRL_DGP_HIT_JOINT_LEG_S99,0,25000000,25001984,/work/classic/fr_xl1014-easy-landmark-maze/IntrMotiv/SF_hipposlam/train_dir/analysis/online_spatial/easy_landmark_maze_control_20260923/ELM_CTRL_DGP_HIT_JOINT_LEG_S99/policy_00/snapshot_target_000025000000_actual_000025001984.npz,8,0.699999988079071,1,1,4,0.2677525579929352,0.8226740322683973,0,4
ELM_CTRL_DGP_HIT_JOINT_LEG_S99,0,25000000,25001984,/work/classic/fr_xl1014-easy-landmark-maze/IntrMotiv/SF_hipposlam/train_dir/analysis/online_spatial/easy_landmark_maze_control_20260923/ELM_CTRL_DGP_HIT_JOINT_LEG_S99/policy_00/snapshot_target_000025000000_actual_000025001984.npz,8,0.699999988079071,2,2,1,0.05771360173821449,0.1773259677316027,8,6
ELM_CTRL_DGP_HIT_JOINT_LEG_S99,0,25000000,25001984,/work/classic/fr_xl1014-easy-landmark-maze/IntrMotiv/SF_hipposlam/train_dir/analysis/online_spatial/easy_landmark_maze_control_20260923/ELM_CTRL_DGP_HIT_JOINT_LEG_S99/policy_00/snapshot_target_000025000000_actual_000025001984.npz,9,0.699999988079071,1,1,11,1.1249241828918457,0.8630386804945127,8,0
ELM_CTRL_DGP_HIT_JOINT_LEG_S99,0,25000000,25001984,/work/classic/fr_xl1014-easy-landmark-maze/IntrMotiv/SF_hipposlam/train_dir/analysis/online_spatial/easy_landmark_maze_control_20260923/ELM_CTRL_DGP_HIT_JOINT_LEG_S99/policy_00/snapshot_target_000025000000_actual_000025001984.npz,9,0.699999988079071,2,2,2,0.17852166295051575,0.13696131950548726,8,5
ELM_CTRL_DGP_HIT_JOINT_LEG_S99,0,25000000,25001984,/work/classic/fr_xl1014-easy-landmark-maze/IntrMotiv/SF_hipposlam/train_dir/analysis/online_spatial/easy_landmark_maze_control_20260923/ELM_CTRL_DGP_HIT_JOINT_LEG_S99/policy_00/snapshot_target_000025000000_actual_000025001984.npz,10,0.699999988079071,2,1,4,0.3800601363182068,0.5390173939351878,0,6
ELM_CTRL_DGP_HIT_JOINT_LEG_S99,0,25000000,25001984,/work/classic/fr_xl1014-easy-landmark-maze/IntrMotiv/SF_hipposlam/train_dir/analysis/online_spatial/easy_landmark_maze_control_20260923/ELM_CTRL_DGP_HIT_JOINT_LEG_S99/policy_00/snapshot_target_000025000000_actual_000025001984.npz,10,0.699999988079071,1,2,3,0.32503795623779297,0.4609826060648123,0,2
ELM_CTRL_DGP_HIT_JOINT_LEG_S99,0,25000000,25001984,/work/classic/fr_xl1014-easy-landmark-maze/IntrMotiv/SF_hipposlam/train_dir/analysis/online_spatial/easy_landmark_maze_control_20260923/ELM_CTRL_DGP_HIT_JOINT_LEG_S99/policy_00/snapshot_target_000025000000_actual_000025001984.npz,11,0.699999988079071,1,1,2,0.25412052869796753,1.0,0,4
ELM_CTRL_DGP_HIT_JOINT_LEG_S99,0,25000000,25001984,/work/classic/fr_xl1014-easy-landmark-maze/IntrMotiv/SF_hipposlam/train_dir/analysis/online_spatial/easy_landmark_maze_control_20260923/ELM_CTRL_DGP_HIT_JOINT_LEG_S99/policy_00/snapshot_target_000025000000_actual_000025001984.npz,12,0.699999988079071,2,1,6,0.5172612071037292,0.6147903403132596,0,6
ELM_CTRL_DGP_HIT_JOINT_LEG_S99,0,25000000,25001984,/work/classic/fr_xl1014-easy-landmark-maze/IntrMotiv/SF_hipposlam/train_dir/analysis/online_spatial/easy_landmark_maze_control_20260923/ELM_CTRL_DGP_HIT_JOINT_LEG_S99/policy_00/snapshot_target_000025000000_actual_000025001984.npz,12,0.699999988079071,1,2,3,0.24876248836517334,0.29566643076817656,0,2
ELM_CTRL_DGP_HIT_JOINT_LEG_S99,0,25000000,25001984,/work/classic/fr_xl1014-easy-landmark-maze/IntrMotiv/SF_hipposlam/train_dir/analysis/online_spatial/easy_landmark_maze_control_20260923/ELM_CTRL_DGP_HIT_JOINT_LEG_S99/policy_00/snapshot_target_000025000000_actual_000025001984.npz,12,0.699999988079071,3,3,1,0.07533826678991318,0.0895432289185638,6,8
ELM_CTRL_DGP_HIT_JOINT_LEG_S99,0,25000000,25001984,/work/classic/fr_xl1014-easy-landmark-maze/IntrMotiv/SF_hipposlam/train_dir/analysis/online_spatial/easy_landmark_maze_control_20260923/ELM_CTRL_DGP_HIT_JOINT_LEG_S99/policy_00/snapshot_target_000025000000_actual_000025001984.npz,13,0.699999988079071,1,1,3,0.28060388565063477,1.0,2,6
ELM_CTRL_DGP_HIT_JOINT_LEG_S99,0,25000000,25001984,/work/classic/fr_xl1014-easy-landmark-maze/IntrMotiv/SF_hipposlam/train_dir/analysis/online_spatial/easy_landmark_maze_control_20260923/ELM_CTRL_DGP_HIT_JOINT_LEG_S99/policy_00/snapshot_target_000025000000_actual_000025001984.npz,14,0.699999988079071,2,1,7,0.5639044642448425,0.6947376274593267,0,6
ELM_CTRL_DGP_HIT_JOINT_LEG_S99,0,25000000,25001984,/work/classic/fr_xl1014-easy-landmark-maze/IntrMotiv/SF_hipposlam/train_dir/analysis/online_spatial/easy_landmark_maze_control_20260923/ELM_CTRL_DGP_HIT_JOINT_LEG_S99/policy_00/snapshot_target_000025000000_actual_000025001984.npz,14,0.699999988079071,1,2,3,0.24777528643608093,0.30526237254067334,0,2
ELM_CTRL_DGP_HIT_JOINT_LEG_S99,0,25000000,25001984,/work/classic/fr_xl1014-easy-landmark-maze/IntrMotiv/SF_hipposlam/train_dir/analysis/online_spatial/easy_landmark_maze_control_20260923/ELM_CTRL_DGP_HIT_JOINT_LEG_S99/policy_00/snapshot_target_000025000000_actual_000025001984.npz,15,0.699999988079071,3,1,5,0.2944420278072357,0.6690407740267398,2,8
ELM_CTRL_DGP_HIT_JOINT_LEG_S99,0,25000000,25001984,/work/classic/fr_xl1014-easy-landmark-maze/IntrMotiv/SF_hipposlam/train_dir/analysis/online_spatial/easy_landmark_maze_control_20260923/ELM_CTRL_DGP_HIT_JOINT_LEG_S99/policy_00/snapshot_target_000025000000_actual_000025001984.npz,15,0.699999988079071,2,2,1,0.05006219074130058,0.11375294176740805,8,3
ELM_CTRL_DGP_HIT_JOINT_LEG_S99,0,25000000,25001984,/work/classic/fr_xl1014-easy-landmark-maze/IntrMotiv/SF_hipposlam/train_dir/analysis/online_spatial/easy_landmark_maze_control_20260923/ELM_CTRL_DGP_HIT_JOINT_LEG_S99/policy_00/snapshot_target_000025000000_actual_000025001984.npz,15,0.699999988079071,1,3,1,0.047833651304244995,0.10868918181092216,0,2
ELM_CTRL_DGP_HIT_JOINT_LEG_S99,0,25000000,25001984,/work/classic/fr_xl1014-easy-landmark-maze/IntrMotiv/SF_hipposlam/train_dir/analysis/online_spatial/easy_landmark_maze_control_20260923/ELM_CTRL_DGP_HIT_JOINT_LEG_S99/policy_00/snapshot_target_000025000000_actual_000025001984.npz,15,0.699999988079071,4,4,1,0.04775791987776756,0.10851710239493002,8,8
ELM_CTRL_DGP_HIT_JOINT_LEG_S99,0,50000000,50003968,/work/classic/fr_xl1014-easy-landmark-maze/IntrMotiv/SF_hipposlam/train_dir/analysis/online_spatial/easy_landmark_maze_control_20260923/ELM_CTRL_DGP_HIT_JOINT_LEG_S99/policy_00/snapshot_target_000050000000_actual_000050003968.npz,0,0.30000001192092896,1,1,49,4.137223720550537,1.0,0,5
ELM_CTRL_DGP_HIT_JOINT_LEG_S99,0,50000000,50003968,/work/classic/fr_xl1014-easy-landmark-maze/IntrMotiv/SF_hipposlam/train_dir/analysis/online_spatial/easy_landmark_maze_control_20260923/ELM_CTRL_DGP_HIT_JOINT_LEG_S99/policy_00/snapshot_target_000050000000_actual_000050003968.npz,1,0.30000001192092896,1,1,54,3.0167248249053955,1.0,8,4
ELM_CTRL_DGP_HIT_JOINT_LEG_S99,0,50000000,50003968,/work/classic/fr_xl1014-easy-landmark-maze/IntrMotiv/SF_hipposlam/train_dir/analysis/online_spatial/easy_landmark_maze_control_20260923/ELM_CTRL_DGP_HIT_JOINT_LEG_S99/policy_00/snapshot_target_000050000000_actual_000050003968.npz,2,0.30000001192092896,4,1,7,0.40499401092529297,0.33073269120513826,6,8
ELM_CTRL_DGP_HIT_JOINT_LEG_S99,0,50000000,50003968,/work/classic/fr_xl1014-easy-landmark-maze/IntrMotiv/SF_hipposlam/train_dir/analysis/online_spatial/easy_landmark_maze_control_20260923/ELM_CTRL_DGP_HIT_JOINT_LEG_S99/policy_00/snapshot_target_000050000000_actual_000050003968.npz,2,0.30000001192092896,1,2,6,0.369009792804718,0.3013466830695123,0,0
ELM_CTRL_DGP_HIT_JOINT_LEG_S99,0,50000000,50003968,/work/classic/fr_xl1014-easy-landmark-maze/IntrMotiv/SF_hipposlam/train_dir/analysis/online_spatial/easy_landmark_maze_control_20260923/ELM_CTRL_DGP_HIT_JOINT_LEG_S99/policy_00/snapshot_target_000050000000_actual_000050003968.npz,2,0.30000001192092896,3,3,7,0.3495931625366211,0.2854903636932551,0,8
ELM_CTRL_DGP_HIT_JOINT_LEG_S99,0,50000000,50003968,/work/classic/fr_xl1014-easy-landmark-maze/IntrMotiv/SF_hipposlam/train_dir/analysis/online_spatial/easy_landmark_maze_control_20260923/ELM_CTRL_DGP_HIT_JOINT_LEG_S99/policy_00/snapshot_target_000050000000_actual_000050003968.npz,2,0.30000001192092896,2,4,2,0.10093880444765091,0.08243026203209432,8,0
ELM_CTRL_DGP_HIT_JOINT_LEG_S99,0,50000000,50003968,/work/classic/fr_xl1014-easy-landmark-maze/IntrMotiv/SF_hipposlam/train_dir/analysis/online_spatial/easy_landmark_maze_control_20260923/ELM_CTRL_DGP_HIT_JOINT_LEG_S99/policy_00/snapshot_target_000050000000_actual_000050003968.npz,3,0.30000001192092896,1,1,39,2.891148328781128,0.9472823158765358,2,8
ELM_CTRL_DGP_HIT_JOINT_LEG_S99,0,50000000,50003968,/work/classic/fr_xl1014-easy-landmark-maze/IntrMotiv/SF_hipposlam/train_dir/analysis/online_spatial/easy_landmark_maze_control_20260923/ELM_CTRL_DGP_HIT_JOINT_LEG_S99/policy_00/snapshot_target_000050000000_actual_000050003968.npz,3,0.30000001192092896,2,2,3,0.16089674830436707,0.0527176841234642,1,5
ELM_CTRL_DGP_HIT_JOINT_LEG_S99,0,50000000,50003968,/work/classic/fr_xl1014-easy-landmark-maze/IntrMotiv/SF_hipposlam/train_dir/analysis/online_spatial/easy_landmark_maze_control_20260923/ELM_CTRL_DGP_HIT_JOINT_LEG_S99/policy_00/snapshot_target_000050000000_actual_000050003968.npz,4,0.30000001192092896,1,1,50,4.2301859855651855,1.0,0,6
ELM_CTRL_DGP_HIT_JOINT_LEG_S99,0,50000000,50003968,/work/classic/fr_xl1014-easy-landmark-maze/IntrMotiv/SF_hipposlam/train_dir/analysis/online_spatial/easy_landmark_maze_control_20260923/ELM_CTRL_DGP_HIT_JOINT_LEG_S99/policy_00/snapshot_target_000050000000_actual_000050003968.npz,5,0.30000001192092896,1,1,48,4.4756011962890625,0.9895453684751807,3,6
ELM_CTRL_DGP_HIT_JOINT_LEG_S99,0,50000000,50003968,/work/classic/fr_xl1014-easy-landmark-maze/IntrMotiv/SF_hipposlam/train_dir/analysis/online_spatial/easy_landmark_maze_control_20260923/ELM_CTRL_DGP_HIT_JOINT_LEG_S99/policy_00/snapshot_target_000050000000_actual_000050003968.npz,5,0.30000001192092896,2,2,1,0.047285109758377075,0.0104546315248193,8,7
ELM_CTRL_DGP_HIT_JOINT_LEG_S99,0,50000000,50003968,/work/classic/fr_xl1014-easy-landmark-maze/IntrMotiv/SF_hipposlam/train_dir/analysis/online_spatial/easy_landmark_maze_control_20260923/ELM_CTRL_DGP_HIT_JOINT_LEG_S99/policy_00/snapshot_target_000050000000_actual_000050003968.npz,6,0.30000001192092896,1,1,43,3.1541965007781982,1.0,6,5
ELM_CTRL_DGP_HIT_JOINT_LEG_S99,0,50000000,50003968,/work/classic/fr_xl1014-easy-landmark-maze/IntrMotiv/SF_hipposlam/train_dir/analysis/online_spatial/easy_landmark_maze_control_20260923/ELM_CTRL_DGP_HIT_JOINT_LEG_S99/policy_00/snapshot_target_000050000000_actual_000050003968.npz,7,0.30000001192092896,1,1,50,3.8355298042297363,1.0,0,3
ELM_CTRL_DGP_HIT_JOINT_LEG_S99,0,50000000,50003968,/work/classic/fr_xl1014-easy-landmark-maze/IntrMotiv/SF_hipposlam/train_dir/analysis/online_spatial/easy_landmark_maze_control_20260923/ELM_CTRL_DGP_HIT_JOINT_LEG_S99/policy_00/snapshot_target_000050000000_actual_000050003968.npz,8,0.30000001192092896,2,1,28,1.7186633348464966,0.9021837269091311,2,8
ELM_CTRL_DGP_HIT_JOINT_LEG_S99,0,50000000,50003968,/work/classic/fr_xl1014-easy-landmark-maze/IntrMotiv/SF_hipposlam/train_dir/analysis/online_spatial/easy_landmark_maze_control_20260923/ELM_CTRL_DGP_HIT_JOINT_LEG_S99/policy_00/snapshot_target_000050000000_actual_000050003968.npz,8,0.30000001192092896,1,2,4,0.1863403618335724,0.09781627309086889,8,2
ELM_CTRL_DGP_HIT_JOINT_LEG_S99,0,50000000,50003968,/work/classic/fr_xl1014-easy-landmark-maze/IntrMotiv/SF_hipposlam/train_dir/analysis/online_spatial/easy_landmark_maze_control_20260923/ELM_CTRL_DGP_HIT_JOINT_LEG_S99/policy_00/snapshot_target_000050000000_actual_000050003968.npz,9,0.30000001192092896,1,1,68,4.8016228675842285,1.0,6,2
ELM_CTRL_DGP_HIT_JOINT_LEG_S99,0,50000000,50003968,/work/classic/fr_xl1014-easy-landmark-maze/IntrMotiv/SF_hipposlam/train_dir/analysis/online_spatial/easy_landmark_maze_control_20260923/ELM_CTRL_DGP_HIT_JOINT_LEG_S99/policy_00/snapshot_target_000050000000_actual_000050003968.npz,10,0.30000001192092896,1,1,50,3.189495086669922,1.0,4,8
ELM_CTRL_DGP_HIT_JOINT_LEG_S99,0,50000000,50003968,/work/classic/fr_xl1014-easy-landmark-maze/IntrMotiv/SF_hipposlam/train_dir/analysis/online_spatial/easy_landmark_maze_control_20260923/ELM_CTRL_DGP_HIT_JOINT_LEG_S99/policy_00/snapshot_target_000050000000_actual_000050003968.npz,11,0.30000001192092896,1,1,19,1.355143666267395,0.7526968239064494,2,8
ELM_CTRL_DGP_HIT_JOINT_LEG_S99,0,50000000,50003968,/work/classic/fr_xl1014-easy-landmark-maze/IntrMotiv/SF_hipposlam/train_dir/analysis/online_spatial/easy_landmark_maze_control_20260923/ELM_CTRL_DGP_HIT_JOINT_LEG_S99/policy_00/snapshot_target_000050000000_actual_000050003968.npz,11,0.30000001192092896,3,2,6,0.4027998447418213,0.2237299050677595,6,8
ELM_CTRL_DGP_HIT_JOINT_LEG_S99,0,50000000,50003968,/work/classic/fr_xl1014-easy-landmark-maze/IntrMotiv/SF_hipposlam/train_dir/analysis/online_spatial/easy_landmark_maze_control_20260923/ELM_CTRL_DGP_HIT_JOINT_LEG_S99/policy_00/snapshot_target_000050000000_actual_000050003968.npz,11,0.30000001192092896,2,3,1,0.042440950870513916,0.023573271025791084,8,6
ELM_CTRL_DGP_HIT_JOINT_LEG_S99,0,50000000,50003968,/work/classic/fr_xl1014-easy-landmark-maze/IntrMotiv/SF_hipposlam/train_dir/analysis/online_spatial/easy_landmark_maze_control_20260923/ELM_CTRL_DGP_HIT_JOINT_LEG_S99/policy_00/snapshot_target_000050000000_actual_000050003968.npz,12,0.30000001192092896,1,1,48,2.8278021812438965,1.0,2,8
ELM_CTRL_DGP_HIT_JOINT_LEG_S99,0,50000000,50003968,/work/classic/fr_xl1014-easy-landmark-maze/IntrMotiv/SF_hipposlam/train_dir/analysis/online_spatial/easy_landmark_maze_control_20260923/ELM_CTRL_DGP_HIT_JOINT_LEG_S99/policy_00/snapshot_target_000050000000_actual_000050003968.npz,13,0.30000001192092896,1,1,44,3.013845682144165,1.0,2,8
ELM_CTRL_DGP_HIT_JOINT_LEG_S99,0,50000000,50003968,/work/classic/fr_xl1014-easy-landmark-maze/IntrMotiv/SF_hipposlam/train_dir/analysis/online_spatial/easy_landmark_maze_control_20260923/ELM_CTRL_DGP_HIT_JOINT_LEG_S99/policy_00/snapshot_target_000050000000_actual_000050003968.npz,14,0.30000001192092896,1,1,51,3.1064963340759277,1.0,0,4
ELM_CTRL_DGP_HIT_JOINT_LEG_S99,0,50000000,50003968,/work/classic/fr_xl1014-easy-landmark-maze/IntrMotiv/SF_hipposlam/train_dir/analysis/online_spatial/easy_landmark_maze_control_20260923/ELM_CTRL_DGP_HIT_JOINT_LEG_S99/policy_00/snapshot_target_000050000000_actual_000050003968.npz,15,0.30000001192092896,1,1,30,1.9198671579360962,0.9129031054892273,2,8
ELM_CTRL_DGP_HIT_JOINT_LEG_S99,0,50000000,50003968,/work/classic/fr_xl1014-easy-landmark-maze/IntrMotiv/SF_hipposlam/train_dir/analysis/online_spatial/easy_landmark_maze_control_20260923/ELM_CTRL_DGP_HIT_JOINT_LEG_S99/policy_00/snapshot_target_000050000000_actual_000050003968.npz,15,0.30000001192092896,2,2,4,0.18316781520843506,0.08709689451077275,8,2
ELM_CTRL_DGP_HIT_JOINT_LEG_S99,0,50000000,50003968,/work/classic/fr_xl1014-easy-landmark-maze/IntrMotiv/SF_hipposlam/train_dir/analysis/online_spatial/easy_landmark_maze_control_20260923/ELM_CTRL_DGP_HIT_JOINT_LEG_S99/policy_00/snapshot_target_000050000000_actual_000050003968.npz,0,0.5,1,1,38,3.5623512268066406,1.0,0,5
ELM_CTRL_DGP_HIT_JOINT_LEG_S99,0,50000000,50003968,/work/classic/fr_xl1014-easy-landmark-maze/IntrMotiv/SF_hipposlam/train_dir/analysis/online_spatial/easy_landmark_maze_control_20260923/ELM_CTRL_DGP_HIT_JOINT_LEG_S99/policy_00/snapshot_target_000050000000_actual_000050003968.npz,1,0.5,1,1,38,2.4227921962738037,1.0,8,4
ELM_CTRL_DGP_HIT_JOINT_LEG_S99,0,50000000,50003968,/work/classic/fr_xl1014-easy-landmark-maze/IntrMotiv/SF_hipposlam/train_dir/analysis/online_spatial/easy_landmark_maze_control_20260923/ELM_CTRL_DGP_HIT_JOINT_LEG_S99/policy_00/snapshot_target_000050000000_actual_000050003968.npz,2,0.5,4,1,5,0.3255990445613861,0.3513836532734311,6,8
ELM_CTRL_DGP_HIT_JOINT_LEG_S99,0,50000000,50003968,/work/classic/fr_xl1014-easy-landmark-maze/IntrMotiv/SF_hipposlam/train_dir/analysis/online_spatial/easy_landmark_maze_control_20260923/ELM_CTRL_DGP_HIT_JOINT_LEG_S99/policy_00/snapshot_target_000050000000_actual_000050003968.npz,2,0.5,1,2,4,0.29131701588630676,0.3143867864868554,0,0
ELM_CTRL_DGP_HIT_JOINT_LEG_S99,0,50000000,50003968,/work/classic/fr_xl1014-easy-landmark-maze/IntrMotiv/SF_hipposlam/train_dir/analysis/online_spatial/easy_landmark_maze_control_20260923/ELM_CTRL_DGP_HIT_JOINT_LEG_S99/policy_00/snapshot_target_000050000000_actual_000050003968.npz,2,0.5,3,3,4,0.23943203687667847,0.25839296900198494,0,8
ELM_CTRL_DGP_HIT_JOINT_LEG_S99,0,50000000,50003968,/work/classic/fr_xl1014-easy-landmark-maze/IntrMotiv/SF_hipposlam/train_dir/analysis/online_spatial/easy_landmark_maze_control_20260923/ELM_CTRL_DGP_HIT_JOINT_LEG_S99/policy_00/snapshot_target_000050000000_actual_000050003968.npz,2,0.5,2,4,1,0.07027168571949005,0.07583659123772857,8,0
ELM_CTRL_DGP_HIT_JOINT_LEG_S99,0,50000000,50003968,/work/classic/fr_xl1014-easy-landmark-maze/IntrMotiv/SF_hipposlam/train_dir/analysis/online_spatial/easy_landmark_maze_control_20260923/ELM_CTRL_DGP_HIT_JOINT_LEG_S99/policy_00/snapshot_target_000050000000_actual_000050003968.npz,3,0.5,3,1,9,1.009885549545288,0.7565529753130316,2,8
ELM_CTRL_DGP_HIT_JOINT_LEG_S99,0,50000000,50003968,/work/classic/fr_xl1014-easy-landmark-maze/IntrMotiv/SF_hipposlam/train_dir/analysis/online_spatial/easy_landmark_maze_control_20260923/ELM_CTRL_DGP_HIT_JOINT_LEG_S99/policy_00/snapshot_target_000050000000_actual_000050003968.npz,3,0.5,2,2,2,0.1620078682899475,0.12136774789387658,6,2
ELM_CTRL_DGP_HIT_JOINT_LEG_S99,0,50000000,50003968,/work/classic/fr_xl1014-easy-landmark-maze/IntrMotiv/SF_hipposlam/train_dir/analysis/online_spatial/easy_landmark_maze_control_20260923/ELM_CTRL_DGP_HIT_JOINT_LEG_S99/policy_00/snapshot_target_000050000000_actual_000050003968.npz,3,0.5,1,3,1,0.08303709328174591,0.06220700950908435,2,2
ELM_CTRL_DGP_HIT_JOINT_LEG_S99,0,50000000,50003968,/work/classic/fr_xl1014-easy-landmark-maze/IntrMotiv/SF_hipposlam/train_dir/analysis/online_spatial/easy_landmark_maze_control_20260923/ELM_CTRL_DGP_HIT_JOINT_LEG_S99/policy_00/snapshot_target_000050000000_actual_000050003968.npz,3,0.5,4,4,1,0.07992056012153625,0.059872267284007484,8,8
ELM_CTRL_DGP_HIT_JOINT_LEG_S99,0,50000000,50003968,/work/classic/fr_xl1014-easy-landmark-maze/IntrMotiv/SF_hipposlam/train_dir/analysis/online_spatial/easy_landmark_maze_control_20260923/ELM_CTRL_DGP_HIT_JOINT_LEG_S99/policy_00/snapshot_target_000050000000_actual_000050003968.npz,4,0.5,1,1,50,4.2301859855651855,1.0,0,6
ELM_CTRL_DGP_HIT_JOINT_LEG_S99,0,50000000,50003968,/work/classic/fr_xl1014-easy-landmark-maze/IntrMotiv/SF_hipposlam/train_dir/analysis/online_spatial/easy_landmark_maze_control_20260923/ELM_CTRL_DGP_HIT_JOINT_LEG_S99/policy_00/snapshot_target_000050000000_actual_000050003968.npz,5,0.5,1,1,35,3.6622958183288574,1.0,3,6
ELM_CTRL_DGP_HIT_JOINT_LEG_S99,0,50000000,50003968,/work/classic/fr_xl1014-easy-landmark-maze/IntrMotiv/SF_hipposlam/train_dir/analysis/online_spatial/easy_landmark_maze_control_20260923/ELM_CTRL_DGP_HIT_JOINT_LEG_S99/policy_00/snapshot_target_000050000000_actual_000050003968.npz,6,0.5,1,1,25,2.2417349815368652,1.0,6,5
ELM_CTRL_DGP_HIT_JOINT_LEG_S99,0,50000000,50003968,/work/classic/fr_xl1014-easy-landmark-maze/IntrMotiv/SF_hipposlam/train_dir/analysis/online_spatial/easy_landmark_maze_control_20260923/ELM_CTRL_DGP_HIT_JOINT_LEG_S99/policy_00/snapshot_target_000050000000_actual_000050003968.npz,7,0.5,1,1,50,3.8355298042297363,1.0,0,3
ELM_CTRL_DGP_HIT_JOINT_LEG_S99,0,50000000,50003968,/work/classic/fr_xl1014-easy-landmark-maze/IntrMotiv/SF_hipposlam/train_dir/analysis/online_spatial/easy_landmark_maze_control_20260923/ELM_CTRL_DGP_HIT_JOINT_LEG_S99/policy_00/snapshot_target_000050000000_actual_000050003968.npz,8,0.5,2,1,6,0.5427164435386658,0.6550143260111508,2,8
ELM_CTRL_DGP_HIT_JOINT_LEG_S99,0,50000000,50003968,/work/classic/fr_xl1014-easy-landmark-maze/IntrMotiv/SF_hipposlam/train_dir/analysis/online_spatial/easy_landmark_maze_control_20260923/ELM_CTRL_DGP_HIT_JOINT_LEG_S99/policy_00/snapshot_target_000050000000_actual_000050003968.npz,8,0.5,3,2,3,0.2247166782617569,0.2712146376021913,6,8
ELM_CTRL_DGP_HIT_JOINT_LEG_S99,0,50000000,50003968,/work/classic/fr_xl1014-easy-landmark-maze/IntrMotiv/SF_hipposlam/train_dir/analysis/online_spatial/easy_landmark_maze_control_20260923/ELM_CTRL_DGP_HIT_JOINT_LEG_S99/policy_00/snapshot_target_000050000000_actual_000050003968.npz,8,0.5,1,3,1,0.061123479157686234,0.07377103638665788,0,2
ELM_CTRL_DGP_HIT_JOINT_LEG_S99,0,50000000,50003968,/work/classic/fr_xl1014-easy-landmark-maze/IntrMotiv/SF_hipposlam/train_dir/analysis/online_spatial/easy_landmark_maze_control_20260923/ELM_CTRL_DGP_HIT_JOINT_LEG_S99/policy_00/snapshot_target_000050000000_actual_000050003968.npz,9,0.5,1,1,20,1.780920386314392,0.5802786924367335,6,2
ELM_CTRL_DGP_HIT_JOINT_LEG_S99,0,50000000,50003968,/work/classic/fr_xl1014-easy-landmark-maze/IntrMotiv/SF_hipposlam/train_dir/analysis/online_spatial/easy_landmark_maze_control_20260923/ELM_CTRL_DGP_HIT_JOINT_LEG_S99/policy_00/snapshot_target_000050000000_actual_000050003968.npz,9,0.5,2,2,14,1.2115859985351562,0.39477202035943304,3,6
ELM_CTRL_DGP_HIT_JOINT_LEG_S99,0,50000000,50003968,/work/classic/fr_xl1014-easy-landmark-maze/IntrMotiv/SF_hipposlam/train_dir/analysis/online_spatial/easy_landmark_maze_control_20260923/ELM_CTRL_DGP_HIT_JOINT_LEG_S99/policy_00/snapshot_target_000050000000_actual_000050003968.npz,9,0.5,3,3,1,0.07657130062580109,0.024949287203833506,6,6
ELM_CTRL_DGP_HIT_JOINT_LEG_S99,0,50000000,50003968,/work/classic/fr_xl1014-easy-landmark-maze/IntrMotiv/SF_hipposlam/train_dir/analysis/online_spatial/easy_landmark_maze_control_20260923/ELM_CTRL_DGP_HIT_JOINT_LEG_S99/policy_00/snapshot_target_000050000000_actual_000050003968.npz,10,0.5,1,1,38,2.709185838699341,1.0,4,8
ELM_CTRL_DGP_HIT_JOINT_LEG_S99,0,50000000,50003968,/work/classic/fr_xl1014-easy-landmark-maze/IntrMotiv/SF_hipposlam/train_dir/analysis/online_spatial/easy_landmark_maze_control_20260923/ELM_CTRL_DGP_HIT_JOINT_LEG_S99/policy_00/snapshot_target_000050000000_actual_000050003968.npz,11,0.5,3,1,4,0.41973263025283813,0.38100750666262795,2,8
ELM_CTRL_DGP_HIT_JOINT_LEG_S99,0,50000000,50003968,/work/classic/fr_xl1014-easy-landmark-maze/IntrMotiv/SF_hipposlam/train_dir/analysis/online_spatial/easy_landmark_maze_control_20260923/ELM_CTRL_DGP_HIT_JOINT_LEG_S99/policy_00/snapshot_target_000050000000_actual_000050003968.npz,11,0.5,4,2,4,0.30876997113227844,0.28028241874484466,6,8
ELM_CTRL_DGP_HIT_JOINT_LEG_S99,0,50000000,50003968,/work/classic/fr_xl1014-easy-landmark-maze/IntrMotiv/SF_hipposlam/train_dir/analysis/online_spatial/easy_landmark_maze_control_20260923/ELM_CTRL_DGP_HIT_JOINT_LEG_S99/policy_00/snapshot_target_000050000000_actual_000050003968.npz,11,0.5,2,3,4,0.3038572072982788,0.27582291342097454,0,5
ELM_CTRL_DGP_HIT_JOINT_LEG_S99,0,50000000,50003968,/work/classic/fr_xl1014-easy-landmark-maze/IntrMotiv/SF_hipposlam/train_dir/analysis/online_spatial/easy_landmark_maze_control_20260923/ELM_CTRL_DGP_HIT_JOINT_LEG_S99/policy_00/snapshot_target_000050000000_actual_000050003968.npz,11,0.5,1,4,1,0.06927893310785294,0.06288716117155285,0,2
ELM_CTRL_DGP_HIT_JOINT_LEG_S99,0,50000000,50003968,/work/classic/fr_xl1014-easy-landmark-maze/IntrMotiv/SF_hipposlam/train_dir/analysis/online_spatial/easy_landmark_maze_control_20260923/ELM_CTRL_DGP_HIT_JOINT_LEG_S99/policy_00/snapshot_target_000050000000_actual_000050003968.npz,12,0.5,3,1,19,1.4909113645553589,0.7858122320857296,2,8
ELM_CTRL_DGP_HIT_JOINT_LEG_S99,0,50000000,50003968,/work/classic/fr_xl1014-easy-landmark-maze/IntrMotiv/SF_hipposlam/train_dir/analysis/online_spatial/easy_landmark_maze_control_20260923/ELM_CTRL_DGP_HIT_JOINT_LEG_S99/policy_00/snapshot_target_000050000000_actual_000050003968.npz,12,0.5,2,2,4,0.2690039277076721,0.1417834633884066,8,0
ELM_CTRL_DGP_HIT_JOINT_LEG_S99,0,50000000,50003968,/work/classic/fr_xl1014-easy-landmark-maze/IntrMotiv/SF_hipposlam/train_dir/analysis/online_spatial/easy_landmark_maze_control_20260923/ELM_CTRL_DGP_HIT_JOINT_LEG_S99/policy_00/snapshot_target_000050000000_actual_000050003968.npz,12,0.5,1,3,2,0.1373717486858368,0.07240430452586377,0,0
ELM_CTRL_DGP_HIT_JOINT_LEG_S99,0,50000000,50003968,/work/classic/fr_xl1014-easy-landmark-maze/IntrMotiv/SF_hipposlam/train_dir/analysis/online_spatial/easy_landmark_maze_control_20260923/ELM_CTRL_DGP_HIT_JOINT_LEG_S99/policy_00/snapshot_target_000050000000_actual_000050003968.npz,13,0.5,2,1,16,1.3145568370819092,0.6342933225732093,2,8
ELM_CTRL_DGP_HIT_JOINT_LEG_S99,0,50000000,50003968,/work/classic/fr_xl1014-easy-landmark-maze/IntrMotiv/SF_hipposlam/train_dir/analysis/online_spatial/easy_landmark_maze_control_20260923/ELM_CTRL_DGP_HIT_JOINT_LEG_S99/policy_00/snapshot_target_000050000000_actual_000050003968.npz,13,0.5,1,2,10,0.7579178214073181,0.36570667742679075,3,0
ELM_CTRL_DGP_HIT_JOINT_LEG_S99,0,50000000,50003968,/work/classic/fr_xl1014-easy-landmark-maze/IntrMotiv/SF_hipposlam/train_dir/analysis/online_spatial/easy_landmark_maze_control_20260923/ELM_CTRL_DGP_HIT_JOINT_LEG_S99/policy_00/snapshot_target_000050000000_actual_000050003968.npz,14,0.5,1,1,14,1.2613914012908936,0.8228546392732454,0,4
ELM_CTRL_DGP_HIT_JOINT_LEG_S99,0,50000000,50003968,/work/classic/fr_xl1014-easy-landmark-maze/IntrMotiv/SF_hipposlam/train_dir/analysis/online_spatial/easy_landmark_maze_control_20260923/ELM_CTRL_DGP_HIT_JOINT_LEG_S99/policy_00/snapshot_target_000050000000_actual_000050003968.npz,14,0.5,3,2,3,0.20504964888095856,0.1337618559079874,4,7
ELM_CTRL_DGP_HIT_JOINT_LEG_S99,0,50000000,50003968,/work/classic/fr_xl1014-easy-landmark-maze/IntrMotiv/SF_hipposlam/train_dir/analysis/online_spatial/easy_landmark_maze_control_20260923/ELM_CTRL_DGP_HIT_JOINT_LEG_S99/policy_00/snapshot_target_000050000000_actual_000050003968.npz,14,0.5,2,3,1,0.06650455296039581,0.04338350481876716,8,2
ELM_CTRL_DGP_HIT_JOINT_LEG_S99,0,50000000,50003968,/work/classic/fr_xl1014-easy-landmark-maze/IntrMotiv/SF_hipposlam/train_dir/analysis/online_spatial/easy_landmark_maze_control_20260923/ELM_CTRL_DGP_HIT_JOINT_LEG_S99/policy_00/snapshot_target_000050000000_actual_000050003968.npz,15,0.5,1,1,26,1.7604656219482422,0.9672632669375042,2,8
ELM_CTRL_DGP_HIT_JOINT_LEG_S99,0,50000000,50003968,/work/classic/fr_xl1014-easy-landmark-maze/IntrMotiv/SF_hipposlam/train_dir/analysis/online_spatial/easy_landmark_maze_control_20260923/ELM_CTRL_DGP_HIT_JOINT_LEG_S99/policy_00/snapshot_target_000050000000_actual_000050003968.npz,15,0.5,2,2,1,0.0595824271440506,0.032736733062495776,8,2
ELM_CTRL_DGP_HIT_JOINT_LEG_S99,0,50000000,50003968,/work/classic/fr_xl1014-easy-landmark-maze/IntrMotiv/SF_hipposlam/train_dir/analysis/online_spatial/easy_landmark_maze_control_20260923/ELM_CTRL_DGP_HIT_JOINT_LEG_S99/policy_00/snapshot_target_000050000000_actual_000050003968.npz,0,0.699999988079071,1,1,26,2.659475564956665,1.0,0,5
ELM_CTRL_DGP_HIT_JOINT_LEG_S99,0,50000000,50003968,/work/classic/fr_xl1014-easy-landmark-maze/IntrMotiv/SF_hipposlam/train_dir/analysis/online_spatial/easy_landmark_maze_control_20260923/ELM_CTRL_DGP_HIT_JOINT_LEG_S99/policy_00/snapshot_target_000050000000_actual_000050003968.npz,1,0.699999988079071,1,1,8,0.591028094291687,0.5083330103643315,3,2
ELM_CTRL_DGP_HIT_JOINT_LEG_S99,0,50000000,50003968,/work/classic/fr_xl1014-easy-landmark-maze/IntrMotiv/SF_hipposlam/train_dir/analysis/online_spatial/easy_landmark_maze_control_20260923/ELM_CTRL_DGP_HIT_JOINT_LEG_S99/policy_00/snapshot_target_000050000000_actual_000050003968.npz,1,0.699999988079071,2,2,7,0.5716508626937866,0.4916669896356684,8,4
ELM_CTRL_DGP_HIT_JOINT_LEG_S99,0,50000000,50003968,/work/classic/fr_xl1014-easy-landmark-maze/IntrMotiv/SF_hipposlam/train_dir/analysis/online_spatial/easy_landmark_maze_control_20260923/ELM_CTRL_DGP_HIT_JOINT_LEG_S99/policy_00/snapshot_target_000050000000_actual_000050003968.npz,2,0.699999988079071,1,1,2,0.18416531383991241,0.5544454397155584,0,0
ELM_CTRL_DGP_HIT_JOINT_LEG_S99,0,50000000,50003968,/work/classic/fr_xl1014-easy-landmark-maze/IntrMotiv/SF_hipposlam/train_dir/analysis/online_spatial/easy_landmark_maze_control_20260923/ELM_CTRL_DGP_HIT_JOINT_LEG_S99/policy_00/snapshot_target_000050000000_actual_000050003968.npz,2,0.699999988079071,3,2,1,0.07772429287433624,0.23399563599012999,6,8
ELM_CTRL_DGP_HIT_JOINT_LEG_S99,0,50000000,50003968,/work/classic/fr_xl1014-easy-landmark-maze/IntrMotiv/SF_hipposlam/train_dir/analysis/online_spatial/easy_landmark_maze_control_20260923/ELM_CTRL_DGP_HIT_JOINT_LEG_S99/policy_00/snapshot_target_000050000000_actual_000050003968.npz,2,0.699999988079071,2,3,1,0.07027168571949005,0.2115589242943117,8,0
ELM_CTRL_DGP_HIT_JOINT_LEG_S99,0,50000000,50003968,/work/classic/fr_xl1014-easy-landmark-maze/IntrMotiv/SF_hipposlam/train_dir/analysis/online_spatial/easy_landmark_maze_control_20260923/ELM_CTRL_DGP_HIT_JOINT_LEG_S99/policy_00/snapshot_target_000050000000_actual_000050003968.npz,3,0.699999988079071,2,1,3,0.39860981702804565,0.5319125430278396,2,8
ELM_CTRL_DGP_HIT_JOINT_LEG_S99,0,50000000,50003968,/work/classic/fr_xl1014-easy-landmark-maze/IntrMotiv/SF_hipposlam/train_dir/analysis/online_spatial/easy_landmark_maze_control_20260923/ELM_CTRL_DGP_HIT_JOINT_LEG_S99/policy_00/snapshot_target_000050000000_actual_000050003968.npz,3,0.699999988079071,1,2,3,0.3507799506187439,0.4680874569721604,6,6
ELM_CTRL_DGP_HIT_JOINT_LEG_S99,0,50000000,50003968,/work/classic/fr_xl1014-easy-landmark-maze/IntrMotiv/SF_hipposlam/train_dir/analysis/online_spatial/easy_landmark_maze_control_20260923/ELM_CTRL_DGP_HIT_JOINT_LEG_S99/policy_00/snapshot_target_000050000000_actual_000050003968.npz,4,0.699999988079071,1,1,44,3.8408045768737793,1.0,0,6
ELM_CTRL_DGP_HIT_JOINT_LEG_S99,0,50000000,50003968,/work/classic/fr_xl1014-easy-landmark-maze/IntrMotiv/SF_hipposlam/train_dir/analysis/online_spatial/easy_landmark_maze_control_20260923/ELM_CTRL_DGP_HIT_JOINT_LEG_S99/policy_00/snapshot_target_000050000000_actual_000050003968.npz,5,0.699999988079071,3,1,9,1.1304723024368286,0.6913308585541718,3,6
ELM_CTRL_DGP_HIT_JOINT_LEG_S99,0,50000000,50003968,/work/classic/fr_xl1014-easy-landmark-maze/IntrMotiv/SF_hipposlam/train_dir/analysis/online_spatial/easy_landmark_maze_control_20260923/ELM_CTRL_DGP_HIT_JOINT_LEG_S99/policy_00/snapshot_target_000050000000_actual_000050003968.npz,5,0.699999988079071,1,2,3,0.3931127190589905,0.2404047874413124,6,2
ELM_CTRL_DGP_HIT_JOINT_LEG_S99,0,50000000,50003968,/work/classic/fr_xl1014-easy-landmark-maze/IntrMotiv/SF_hipposlam/train_dir/analysis/online_spatial/easy_landmark_maze_control_20260923/ELM_CTRL_DGP_HIT_JOINT_LEG_S99/policy_00/snapshot_target_000050000000_actual_000050003968.npz,5,0.699999988079071,2,3,1,0.11162666976451874,0.06826435400451583,0,3
ELM_CTRL_DGP_HIT_JOINT_LEG_S99,0,50000000,50003968,/work/classic/fr_xl1014-easy-landmark-maze/IntrMotiv/SF_hipposlam/train_dir/analysis/online_spatial/easy_landmark_maze_control_20260923/ELM_CTRL_DGP_HIT_JOINT_LEG_S99/policy_00/snapshot_target_000050000000_actual_000050003968.npz,6,0.699999988079071,3,1,7,0.8160303831100464,0.7996511332529231,6,5
ELM_CTRL_DGP_HIT_JOINT_LEG_S99,0,50000000,50003968,/work/classic/fr_xl1014-easy-landmark-maze/IntrMotiv/SF_hipposlam/train_dir/analysis/online_spatial/easy_landmark_maze_control_20260923/ELM_CTRL_DGP_HIT_JOINT_LEG_S99/policy_00/snapshot_target_000050000000_actual_000050003968.npz,6,0.699999988079071,2,2,1,0.10756653547286987,0.10540747473537568,2,4
ELM_CTRL_DGP_HIT_JOINT_LEG_S99,0,50000000,50003968,/work/classic/fr_xl1014-easy-landmark-maze/IntrMotiv/SF_hipposlam/train_dir/analysis/online_spatial/easy_landmark_maze_control_20260923/ELM_CTRL_DGP_HIT_JOINT_LEG_S99/policy_00/snapshot_target_000050000000_actual_000050003968.npz,6,0.699999988079071,1,3,1,0.09688607603311539,0.09494139201170117,5,2
ELM_CTRL_DGP_HIT_JOINT_LEG_S99,0,50000000,50003968,/work/classic/fr_xl1014-easy-landmark-maze/IntrMotiv/SF_hipposlam/train_dir/analysis/online_spatial/easy_landmark_maze_control_20260923/ELM_CTRL_DGP_HIT_JOINT_LEG_S99/policy_00/snapshot_target_000050000000_actual_000050003968.npz,7,0.699999988079071,1,1,34,2.8219501972198486,0.9052898778601182,0,3
ELM_CTRL_DGP_HIT_JOINT_LEG_S99,0,50000000,50003968,/work/classic/fr_xl1014-easy-landmark-maze/IntrMotiv/SF_hipposlam/train_dir/analysis/online_spatial/easy_landmark_maze_control_20260923/ELM_CTRL_DGP_HIT_JOINT_LEG_S99/policy_00/snapshot_target_000050000000_actual_000050003968.npz,7,0.699999988079071,2,2,4,0.29522836208343506,0.09471012213988189,7,8
ELM_CTRL_DGP_HIT_JOINT_LEG_S99,0,50000000,50003968,/work/classic/fr_xl1014-easy-landmark-maze/IntrMotiv/SF_hipposlam/train_dir/analysis/online_spatial/easy_landmark_maze_control_20260923/ELM_CTRL_DGP_HIT_JOINT_LEG_S99/policy_00/snapshot_target_000050000000_actual_000050003968.npz,8,0.699999988079071,1,1,3,0.3223685324192047,1.0,2,8
ELM_CTRL_DGP_HIT_JOINT_LEG_S99,0,50000000,50003968,/work/classic/fr_xl1014-easy-landmark-maze/IntrMotiv/SF_hipposlam/train_dir/analysis/online_spatial/easy_landmark_maze_control_20260923/ELM_CTRL_DGP_HIT_JOINT_LEG_S99/policy_00/snapshot_target_000050000000_actual_000050003968.npz,9,0.699999988079071,1,1,3,0.29251131415367126,0.26020891671673807,3,0
ELM_CTRL_DGP_HIT_JOINT_LEG_S99,0,50000000,50003968,/work/classic/fr_xl1014-easy-landmark-maze/IntrMotiv/SF_hipposlam/train_dir/analysis/online_spatial/easy_landmark_maze_control_20260923/ELM_CTRL_DGP_HIT_JOINT_LEG_S99/policy_00/snapshot_target_000050000000_actual_000050003968.npz,9,0.699999988079071,4,2,3,0.2922666072845459,0.2599912331392242,0,6
ELM_CTRL_DGP_HIT_JOINT_LEG_S99,0,50000000,50003968,/work/classic/fr_xl1014-easy-landmark-maze/IntrMotiv/SF_hipposlam/train_dir/analysis/online_spatial/easy_landmark_maze_control_20260923/ELM_CTRL_DGP_HIT_JOINT_LEG_S99/policy_00/snapshot_target_000050000000_actual_000050003968.npz,9,0.699999988079071,2,3,2,0.24306873977184296,0.21622634887382916,6,2
ELM_CTRL_DGP_HIT_JOINT_LEG_S99,0,50000000,50003968,/work/classic/fr_xl1014-easy-landmark-maze/IntrMotiv/SF_hipposlam/train_dir/analysis/online_spatial/easy_landmark_maze_control_20260923/ELM_CTRL_DGP_HIT_JOINT_LEG_S99/policy_00/snapshot_target_000050000000_actual_000050003968.npz,9,0.699999988079071,5,4,2,0.20113220810890198,0.1789209218805393,3,6
ELM_CTRL_DGP_HIT_JOINT_LEG_S99,0,50000000,50003968,/work/classic/fr_xl1014-easy-landmark-maze/IntrMotiv/SF_hipposlam/train_dir/analysis/online_spatial/easy_landmark_maze_control_20260923/ELM_CTRL_DGP_HIT_JOINT_LEG_S99/policy_00/snapshot_target_000050000000_actual_000050003968.npz,9,0.699999988079071,3,5,1,0.09516137093305588,0.0846525793896693,8,2
ELM_CTRL_DGP_HIT_JOINT_LEG_S99,0,50000000,50003968,/work/classic/fr_xl1014-easy-landmark-maze/IntrMotiv/SF_hipposlam/train_dir/analysis/online_spatial/easy_landmark_maze_control_20260923/ELM_CTRL_DGP_HIT_JOINT_LEG_S99/policy_00/snapshot_target_000050000000_actual_000050003968.npz,10,0.699999988079071,3,1,11,0.9124919176101685,0.6106948713866024,4,8
ELM_CTRL_DGP_HIT_JOINT_LEG_S99,0,50000000,50003968,/work/classic/fr_xl1014-easy-landmark-maze/IntrMotiv/SF_hipposlam/train_dir/analysis/online_spatial/easy_landmark_maze_control_20260923/ELM_CTRL_DGP_HIT_JOINT_LEG_S99/policy_00/snapshot_target_000050000000_actual_000050003968.npz,10,0.699999988079071,1,2,5,0.4351848363876343,0.2912520566573228,0,3
ELM_CTRL_DGP_HIT_JOINT_LEG_S99,0,50000000,50003968,/work/classic/fr_xl1014-easy-landmark-maze/IntrMotiv/SF_hipposlam/train_dir/analysis/online_spatial/easy_landmark_maze_control_20260923/ELM_CTRL_DGP_HIT_JOINT_LEG_S99/policy_00/snapshot_target_000050000000_actual_000050003968.npz,10,0.699999988079071,2,3,2,0.1465095579624176,0.09805307195607486,8,5
ELM_CTRL_DGP_HIT_JOINT_LEG_S99,0,50000000,50003968,/work/classic/fr_xl1014-easy-landmark-maze/IntrMotiv/SF_hipposlam/train_dir/analysis/online_spatial/easy_landmark_maze_control_20260923/ELM_CTRL_DGP_HIT_JOINT_LEG_S99/policy_00/snapshot_target_000050000000_actual_000050003968.npz,11,0.699999988079071,1,1,2,0.24606649577617645,1.0,2,8
ELM_CTRL_DGP_HIT_JOINT_LEG_S99,0,50000000,50003968,/work/classic/fr_xl1014-easy-landmark-maze/IntrMotiv/SF_hipposlam/train_dir/analysis/online_spatial/easy_landmark_maze_control_20260923/ELM_CTRL_DGP_HIT_JOINT_LEG_S99/policy_00/snapshot_target_000050000000_actual_000050003968.npz,12,0.699999988079071,4,1,9,0.7942521572113037,0.6544106536318266,2,8
ELM_CTRL_DGP_HIT_JOINT_LEG_S99,0,50000000,50003968,/work/classic/fr_xl1014-easy-landmark-maze/IntrMotiv/SF_hipposlam/train_dir/analysis/online_spatial/easy_landmark_maze_control_20260923/ELM_CTRL_DGP_HIT_JOINT_LEG_S99/policy_00/snapshot_target_000050000000_actual_000050003968.npz,12,0.699999988079071,3,2,3,0.2531576454639435,0.20858496730009976,8,8
ELM_CTRL_DGP_HIT_JOINT_LEG_S99,0,50000000,50003968,/work/classic/fr_xl1014-easy-landmark-maze/IntrMotiv/SF_hipposlam/train_dir/analysis/online_spatial/easy_landmark_maze_control_20260923/ELM_CTRL_DGP_HIT_JOINT_LEG_S99/policy_00/snapshot_target_000050000000_actual_000050003968.npz,12,0.699999988079071,2,3,1,0.09115999191999435,0.07510973606529918,8,0
ELM_CTRL_DGP_HIT_JOINT_LEG_S99,0,50000000,50003968,/work/classic/fr_xl1014-easy-landmark-maze/IntrMotiv/SF_hipposlam/train_dir/analysis/online_spatial/easy_landmark_maze_control_20260923/ELM_CTRL_DGP_HIT_JOINT_LEG_S99/policy_00/snapshot_target_000050000000_actual_000050003968.npz,12,0.699999988079071,1,4,1,0.0751209557056427,0.06189464300277445,0,0
ELM_CTRL_DGP_HIT_JOINT_LEG_S99,0,50000000,50003968,/work/classic/fr_xl1014-easy-landmark-maze/IntrMotiv/SF_hipposlam/train_dir/analysis/online_spatial/easy_landmark_maze_control_20260923/ELM_CTRL_DGP_HIT_JOINT_LEG_S99/policy_00/snapshot_target_000050000000_actual_000050003968.npz,13,0.699999988079071,2,1,5,0.5435354709625244,0.8563330021961171,2,8
ELM_CTRL_DGP_HIT_JOINT_LEG_S99,0,50000000,50003968,/work/classic/fr_xl1014-easy-landmark-maze/IntrMotiv/SF_hipposlam/train_dir/analysis/online_spatial/easy_landmark_maze_control_20260923/ELM_CTRL_DGP_HIT_JOINT_LEG_S99/policy_00/snapshot_target_000050000000_actual_000050003968.npz,13,0.699999988079071,1,2,1,0.0911889523267746,0.14366699780388295,3,0
ELM_CTRL_DGP_HIT_JOINT_LEG_S99,0,50000000,50003968,/work/classic/fr_xl1014-easy-landmark-maze/IntrMotiv/SF_hipposlam/train_dir/analysis/online_spatial/easy_landmark_maze_control_20260923/ELM_CTRL_DGP_HIT_JOINT_LEG_S99/policy_00/snapshot_target_000050000000_actual_000050003968.npz,14,0.699999988079071,2,1,5,0.5352610349655151,0.6703959701842849,0,4
ELM_CTRL_DGP_HIT_JOINT_LEG_S99,0,50000000,50003968,/work/classic/fr_xl1014-easy-landmark-maze/IntrMotiv/SF_hipposlam/train_dir/analysis/online_spatial/easy_landmark_maze_control_20260923/ELM_CTRL_DGP_HIT_JOINT_LEG_S99/policy_00/snapshot_target_000050000000_actual_000050003968.npz,14,0.699999988079071,1,2,3,0.2631641626358032,0.3296040298157152,3,0
ELM_CTRL_DGP_HIT_JOINT_LEG_S99,0,50000000,50003968,/work/classic/fr_xl1014-easy-landmark-maze/IntrMotiv/SF_hipposlam/train_dir/analysis/online_spatial/easy_landmark_maze_control_20260923/ELM_CTRL_DGP_HIT_JOINT_LEG_S99/policy_00/snapshot_target_000050000000_actual_000050003968.npz,15,0.699999988079071,3,1,4,0.3668370544910431,0.5404557970082178,2,8
ELM_CTRL_DGP_HIT_JOINT_LEG_S99,0,50000000,50003968,/work/classic/fr_xl1014-easy-landmark-maze/IntrMotiv/SF_hipposlam/train_dir/analysis/online_spatial/easy_landmark_maze_control_20260923/ELM_CTRL_DGP_HIT_JOINT_LEG_S99/policy_00/snapshot_target_000050000000_actual_000050003968.npz,15,0.699999988079071,1,2,3,0.2387985736131668,0.35181853045241057,0,2
ELM_CTRL_DGP_HIT_JOINT_LEG_S99,0,50000000,50003968,/work/classic/fr_xl1014-easy-landmark-maze/IntrMotiv/SF_hipposlam/train_dir/analysis/online_spatial/easy_landmark_maze_control_20260923/ELM_CTRL_DGP_HIT_JOINT_LEG_S99/policy_00/snapshot_target_000050000000_actual_000050003968.npz,15,0.699999988079071,2,3,1,0.07311933487653732,0.10772567253937168,0,5
ELM_CTRL_DGP_HIT_JOINT_LEG_S99,0,75000000,75005952,/work/classic/fr_xl1014-easy-landmark-maze/IntrMotiv/SF_hipposlam/train_dir/analysis/online_spatial/easy_landmark_maze_control_20260923/ELM_CTRL_DGP_HIT_JOINT_LEG_S99/policy_00/snapshot_target_000075000000_actual_000075005952.npz,0,0.30000001192092896,1,1,24,1.7689824104309082,0.8272937990707948,2,8
ELM_CTRL_DGP_HIT_JOINT_LEG_S99,0,75000000,75005952,/work/classic/fr_xl1014-easy-landmark-maze/IntrMotiv/SF_hipposlam/train_dir/analysis/online_spatial/easy_landmark_maze_control_20260923/ELM_CTRL_DGP_HIT_JOINT_LEG_S99/policy_00/snapshot_target_000075000000_actual_000075005952.npz,0,0.30000001192092896,3,2,4,0.24153348803520203,0.11295711915574588,8,6
ELM_CTRL_DGP_HIT_JOINT_LEG_S99,0,75000000,75005952,/work/classic/fr_xl1014-easy-landmark-maze/IntrMotiv/SF_hipposlam/train_dir/analysis/online_spatial/easy_landmark_maze_control_20260923/ELM_CTRL_DGP_HIT_JOINT_LEG_S99/policy_00/snapshot_target_000075000000_actual_000075005952.npz,0,0.30000001192092896,2,3,3,0.12776002287864685,0.05974908177345927,8,2
ELM_CTRL_DGP_HIT_JOINT_LEG_S99,0,75000000,75005952,/work/classic/fr_xl1014-easy-landmark-maze/IntrMotiv/SF_hipposlam/train_dir/analysis/online_spatial/easy_landmark_maze_control_20260923/ELM_CTRL_DGP_HIT_JOINT_LEG_S99/policy_00/snapshot_target_000075000000_actual_000075005952.npz,1,0.30000001192092896,1,1,44,3.228475332260132,0.9685365850087732,8,4
ELM_CTRL_DGP_HIT_JOINT_LEG_S99,0,75000000,75005952,/work/classic/fr_xl1014-easy-landmark-maze/IntrMotiv/SF_hipposlam/train_dir/analysis/online_spatial/easy_landmark_maze_control_20260923/ELM_CTRL_DGP_HIT_JOINT_LEG_S99/policy_00/snapshot_target_000075000000_actual_000075005952.npz,1,0.30000001192092896,2,2,1,0.10487870126962662,0.031463414991226825,2,0
ELM_CTRL_DGP_HIT_JOINT_LEG_S99,0,75000000,75005952,/work/classic/fr_xl1014-easy-landmark-maze/IntrMotiv/SF_hipposlam/train_dir/analysis/online_spatial/easy_landmark_maze_control_20260923/ELM_CTRL_DGP_HIT_JOINT_LEG_S99/policy_00/snapshot_target_000075000000_actual_000075005952.npz,2,0.30000001192092896,1,1,43,2.892993927001953,1.0,4,6
ELM_CTRL_DGP_HIT_JOINT_LEG_S99,0,75000000,75005952,/work/classic/fr_xl1014-easy-landmark-maze/IntrMotiv/SF_hipposlam/train_dir/analysis/online_spatial/easy_landmark_maze_control_20260923/ELM_CTRL_DGP_HIT_JOINT_LEG_S99/policy_00/snapshot_target_000075000000_actual_000075005952.npz,3,0.30000001192092896,1,1,49,3.711824655532837,0.9733797510877015,0,0
ELM_CTRL_DGP_HIT_JOINT_LEG_S99,0,75000000,75005952,/work/classic/fr_xl1014-easy-landmark-maze/IntrMotiv/SF_hipposlam/train_dir/analysis/online_spatial/easy_landmark_maze_control_20260923/ELM_CTRL_DGP_HIT_JOINT_LEG_S99/policy_00/snapshot_target_000075000000_actual_000075005952.npz,3,0.30000001192092896,2,2,1,0.10151197016239166,0.02662024891229856,2,0
ELM_CTRL_DGP_HIT_JOINT_LEG_S99,0,75000000,75005952,/work/classic/fr_xl1014-easy-landmark-maze/IntrMotiv/SF_hipposlam/train_dir/analysis/online_spatial/easy_landmark_maze_control_20260923/ELM_CTRL_DGP_HIT_JOINT_LEG_S99/policy_00/snapshot_target_000075000000_actual_000075005952.npz,4,0.30000001192092896,1,1,47,3.672722578048706,0.9715666414452672,0,5
ELM_CTRL_DGP_HIT_JOINT_LEG_S99,0,75000000,75005952,/work/classic/fr_xl1014-easy-landmark-maze/IntrMotiv/SF_hipposlam/train_dir/analysis/online_spatial/easy_landmark_maze_control_20260923/ELM_CTRL_DGP_HIT_JOINT_LEG_S99/policy_00/snapshot_target_000075000000_actual_000075005952.npz,4,0.30000001192092896,2,2,1,0.10748396813869476,0.02843335855473288,2,0
ELM_CTRL_DGP_HIT_JOINT_LEG_S99,0,75000000,75005952,/work/classic/fr_xl1014-easy-landmark-maze/IntrMotiv/SF_hipposlam/train_dir/analysis/online_spatial/easy_landmark_maze_control_20260923/ELM_CTRL_DGP_HIT_JOINT_LEG_S99/policy_00/snapshot_target_000075000000_actual_000075005952.npz,5,0.30000001192092896,1,1,29,2.488180160522461,0.8526321154235278,0,2
ELM_CTRL_DGP_HIT_JOINT_LEG_S99,0,75000000,75005952,/work/classic/fr_xl1014-easy-landmark-maze/IntrMotiv/SF_hipposlam/train_dir/analysis/online_spatial/easy_landmark_maze_control_20260923/ELM_CTRL_DGP_HIT_JOINT_LEG_S99/policy_00/snapshot_target_000075000000_actual_000075005952.npz,5,0.30000001192092896,2,2,3,0.2639790177345276,0.0904584771993175,8,2
ELM_CTRL_DGP_HIT_JOINT_LEG_S99,0,75000000,75005952,/work/classic/fr_xl1014-easy-landmark-maze/IntrMotiv/SF_hipposlam/train_dir/analysis/online_spatial/easy_landmark_maze_control_20260923/ELM_CTRL_DGP_HIT_JOINT_LEG_S99/policy_00/snapshot_target_000075000000_actual_000075005952.npz,5,0.30000001192092896,3,3,3,0.1660749763250351,0.056909407377154726,8,6
ELM_CTRL_DGP_HIT_JOINT_LEG_S99,0,75000000,75005952,/work/classic/fr_xl1014-easy-landmark-maze/IntrMotiv/SF_hipposlam/train_dir/analysis/online_spatial/easy_landmark_maze_control_20260923/ELM_CTRL_DGP_HIT_JOINT_LEG_S99/policy_00/snapshot_target_000075000000_actual_000075005952.npz,6,0.30000001192092896,2,1,34,2.249194860458374,0.9791032356574997,3,8
ELM_CTRL_DGP_HIT_JOINT_LEG_S99,0,75000000,75005952,/work/classic/fr_xl1014-easy-landmark-maze/IntrMotiv/SF_hipposlam/train_dir/analysis/online_spatial/easy_landmark_maze_control_20260923/ELM_CTRL_DGP_HIT_JOINT_LEG_S99/policy_00/snapshot_target_000075000000_actual_000075005952.npz,6,0.30000001192092896,1,2,1,0.04800402373075485,0.020896764342500294,2,0
ELM_CTRL_DGP_HIT_JOINT_LEG_S99,0,75000000,75005952,/work/classic/fr_xl1014-easy-landmark-maze/IntrMotiv/SF_hipposlam/train_dir/analysis/online_spatial/easy_landmark_maze_control_20260923/ELM_CTRL_DGP_HIT_JOINT_LEG_S99/policy_00/snapshot_target_000075000000_actual_000075005952.npz,7,0.30000001192092896,1,1,51,4.006505966186523,0.9806597846035087,0,6
ELM_CTRL_DGP_HIT_JOINT_LEG_S99,0,75000000,75005952,/work/classic/fr_xl1014-easy-landmark-maze/IntrMotiv/SF_hipposlam/train_dir/analysis/online_spatial/easy_landmark_maze_control_20260923/ELM_CTRL_DGP_HIT_JOINT_LEG_S99/policy_00/snapshot_target_000075000000_actual_000075005952.npz,7,0.30000001192092896,2,2,1,0.079014852643013,0.01934021539649136,2,0
ELM_CTRL_DGP_HIT_JOINT_LEG_S99,0,75000000,75005952,/work/classic/fr_xl1014-easy-landmark-maze/IntrMotiv/SF_hipposlam/train_dir/analysis/online_spatial/easy_landmark_maze_control_20260923/ELM_CTRL_DGP_HIT_JOINT_LEG_S99/policy_00/snapshot_target_000075000000_actual_000075005952.npz,8,0.30000001192092896,1,1,8,1.98173189163208,0.8693550722670924,3,2
ELM_CTRL_DGP_HIT_JOINT_LEG_S99,0,75000000,75005952,/work/classic/fr_xl1014-easy-landmark-maze/IntrMotiv/SF_hipposlam/train_dir/analysis/online_spatial/easy_landmark_maze_control_20260923/ELM_CTRL_DGP_HIT_JOINT_LEG_S99/policy_00/snapshot_target_000075000000_actual_000075005952.npz,8,0.30000001192092896,2,2,2,0.2978106737136841,0.13064492773290756,2,7
ELM_CTRL_DGP_HIT_JOINT_LEG_S99,0,75000000,75005952,/work/classic/fr_xl1014-easy-landmark-maze/IntrMotiv/SF_hipposlam/train_dir/analysis/online_spatial/easy_landmark_maze_control_20260923/ELM_CTRL_DGP_HIT_JOINT_LEG_S99/policy_00/snapshot_target_000075000000_actual_000075005952.npz,9,0.30000001192092896,1,1,40,3.165235757827759,0.9719894096423892,8,8
ELM_CTRL_DGP_HIT_JOINT_LEG_S99,0,75000000,75005952,/work/classic/fr_xl1014-easy-landmark-maze/IntrMotiv/SF_hipposlam/train_dir/analysis/online_spatial/easy_landmark_maze_control_20260923/ELM_CTRL_DGP_HIT_JOINT_LEG_S99/policy_00/snapshot_target_000075000000_actual_000075005952.npz,9,0.30000001192092896,2,2,1,0.0912151113152504,0.028010590357610773,2,0
ELM_CTRL_DGP_HIT_JOINT_LEG_S99,0,75000000,75005952,/work/classic/fr_xl1014-easy-landmark-maze/IntrMotiv/SF_hipposlam/train_dir/analysis/online_spatial/easy_landmark_maze_control_20260923/ELM_CTRL_DGP_HIT_JOINT_LEG_S99/policy_00/snapshot_target_000075000000_actual_000075005952.npz,10,0.30000001192092896,1,1,13,1.1465824842453003,0.5219350106195426,0,6
ELM_CTRL_DGP_HIT_JOINT_LEG_S99,0,75000000,75005952,/work/classic/fr_xl1014-easy-landmark-maze/IntrMotiv/SF_hipposlam/train_dir/analysis/online_spatial/easy_landmark_maze_control_20260923/ELM_CTRL_DGP_HIT_JOINT_LEG_S99/policy_00/snapshot_target_000075000000_actual_000075005952.npz,10,0.30000001192092896,4,2,9,0.5357464551925659,0.24387676911388362,5,8
ELM_CTRL_DGP_HIT_JOINT_LEG_S99,0,75000000,75005952,/work/classic/fr_xl1014-easy-landmark-maze/IntrMotiv/SF_hipposlam/train_dir/analysis/online_spatial/easy_landmark_maze_control_20260923/ELM_CTRL_DGP_HIT_JOINT_LEG_S99/policy_00/snapshot_target_000075000000_actual_000075005952.npz,10,0.30000001192092896,3,3,7,0.43381771445274353,0.19747785834080211,8,4
ELM_CTRL_DGP_HIT_JOINT_LEG_S99,0,75000000,75005952,/work/classic/fr_xl1014-easy-landmark-maze/IntrMotiv/SF_hipposlam/train_dir/analysis/online_spatial/easy_landmark_maze_control_20260923/ELM_CTRL_DGP_HIT_JOINT_LEG_S99/policy_00/snapshot_target_000075000000_actual_000075005952.npz,10,0.30000001192092896,2,4,1,0.08064501732587814,0.0367103619257717,2,0
ELM_CTRL_DGP_HIT_JOINT_LEG_S99,0,75000000,75005952,/work/classic/fr_xl1014-easy-landmark-maze/IntrMotiv/SF_hipposlam/train_dir/analysis/online_spatial/easy_landmark_maze_control_20260923/ELM_CTRL_DGP_HIT_JOINT_LEG_S99/policy_00/snapshot_target_000075000000_actual_000075005952.npz,11,0.30000001192092896,1,1,36,2.4874203205108643,0.9836945457605063,0,2
ELM_CTRL_DGP_HIT_JOINT_LEG_S99,0,75000000,75005952,/work/classic/fr_xl1014-easy-landmark-maze/IntrMotiv/SF_hipposlam/train_dir/analysis/online_spatial/easy_landmark_maze_control_20260923/ELM_CTRL_DGP_HIT_JOINT_LEG_S99/policy_00/snapshot_target_000075000000_actual_000075005952.npz,11,0.30000001192092896,2,2,1,0.04123080521821976,0.01630545423949368,2,0
ELM_CTRL_DGP_HIT_JOINT_LEG_S99,0,75000000,75005952,/work/classic/fr_xl1014-easy-landmark-maze/IntrMotiv/SF_hipposlam/train_dir/analysis/online_spatial/easy_landmark_maze_control_20260923/ELM_CTRL_DGP_HIT_JOINT_LEG_S99/policy_00/snapshot_target_000075000000_actual_000075005952.npz,12,0.30000001192092896,1,1,50,3.3318936824798584,0.9679372967365918,8,2
ELM_CTRL_DGP_HIT_JOINT_LEG_S99,0,75000000,75005952,/work/classic/fr_xl1014-easy-landmark-maze/IntrMotiv/SF_hipposlam/train_dir/analysis/online_spatial/easy_landmark_maze_control_20260923/ELM_CTRL_DGP_HIT_JOINT_LEG_S99/policy_00/snapshot_target_000075000000_actual_000075005952.npz,12,0.30000001192092896,2,2,1,0.11036822199821472,0.03206270326340817,2,0
ELM_CTRL_DGP_HIT_JOINT_LEG_S99,0,75000000,75005952,/work/classic/fr_xl1014-easy-landmark-maze/IntrMotiv/SF_hipposlam/train_dir/analysis/online_spatial/easy_landmark_maze_control_20260923/ELM_CTRL_DGP_HIT_JOINT_LEG_S99/policy_00/snapshot_target_000075000000_actual_000075005952.npz,13,0.30000001192092896,1,1,21,1.5036290884017944,1.0,5,8
ELM_CTRL_DGP_HIT_JOINT_LEG_S99,0,75000000,75005952,/work/classic/fr_xl1014-easy-landmark-maze/IntrMotiv/SF_hipposlam/train_dir/analysis/online_spatial/easy_landmark_maze_control_20260923/ELM_CTRL_DGP_HIT_JOINT_LEG_S99/policy_00/snapshot_target_000075000000_actual_000075005952.npz,14,0.30000001192092896,1,1,40,2.778092622756958,0.9761114156093154,5,8
ELM_CTRL_DGP_HIT_JOINT_LEG_S99,0,75000000,75005952,/work/classic/fr_xl1014-easy-landmark-maze/IntrMotiv/SF_hipposlam/train_dir/analysis/online_spatial/easy_landmark_maze_control_20260923/ELM_CTRL_DGP_HIT_JOINT_LEG_S99/policy_00/snapshot_target_000075000000_actual_000075005952.npz,14,0.30000001192092896,2,2,1,0.06798885762691498,0.023888584390684694,2,0
ELM_CTRL_DGP_HIT_JOINT_LEG_S99,0,75000000,75005952,/work/classic/fr_xl1014-easy-landmark-maze/IntrMotiv/SF_hipposlam/train_dir/analysis/online_spatial/easy_landmark_maze_control_20260923/ELM_CTRL_DGP_HIT_JOINT_LEG_S99/policy_00/snapshot_target_000075000000_actual_000075005952.npz,15,0.30000001192092896,2,1,42,2.804579496383667,0.986490889456042,8,5
ELM_CTRL_DGP_HIT_JOINT_LEG_S99,0,75000000,75005952,/work/classic/fr_xl1014-easy-landmark-maze/IntrMotiv/SF_hipposlam/train_dir/analysis/online_spatial/easy_landmark_maze_control_20260923/ELM_CTRL_DGP_HIT_JOINT_LEG_S99/policy_00/snapshot_target_000075000000_actual_000075005952.npz,15,0.30000001192092896,1,2,1,0.03840620815753937,0.013509110543957963,2,0
ELM_CTRL_DGP_HIT_JOINT_LEG_S99,0,75000000,75005952,/work/classic/fr_xl1014-easy-landmark-maze/IntrMotiv/SF_hipposlam/train_dir/analysis/online_spatial/easy_landmark_maze_control_20260923/ELM_CTRL_DGP_HIT_JOINT_LEG_S99/policy_00/snapshot_target_000075000000_actual_000075005952.npz,0,0.5,1,1,18,1.5097143650054932,0.9102921427323896,2,8
ELM_CTRL_DGP_HIT_JOINT_LEG_S99,0,75000000,75005952,/work/classic/fr_xl1014-easy-landmark-maze/IntrMotiv/SF_hipposlam/train_dir/analysis/online_spatial/easy_landmark_maze_control_20260923/ELM_CTRL_DGP_HIT_JOINT_LEG_S99/policy_00/snapshot_target_000075000000_actual_000075005952.npz,0,0.5,2,2,2,0.1487799733877182,0.08970785726761044,8,6
ELM_CTRL_DGP_HIT_JOINT_LEG_S99,0,75000000,75005952,/work/classic/fr_xl1014-easy-landmark-maze/IntrMotiv/SF_hipposlam/train_dir/analysis/online_spatial/easy_landmark_maze_control_20260923/ELM_CTRL_DGP_HIT_JOINT_LEG_S99/policy_00/snapshot_target_000075000000_actual_000075005952.npz,1,0.5,1,1,36,2.891665458679199,0.9650001149085626,8,4
ELM_CTRL_DGP_HIT_JOINT_LEG_S99,0,75000000,75005952,/work/classic/fr_xl1014-easy-landmark-maze/IntrMotiv/SF_hipposlam/train_dir/analysis/online_spatial/easy_landmark_maze_control_20260923/ELM_CTRL_DGP_HIT_JOINT_LEG_S99/policy_00/snapshot_target_000075000000_actual_000075005952.npz,1,0.5,2,2,1,0.10487870126962662,0.034999885091437366,2,0
ELM_CTRL_DGP_HIT_JOINT_LEG_S99,0,75000000,75005952,/work/classic/fr_xl1014-easy-landmark-maze/IntrMotiv/SF_hipposlam/train_dir/analysis/online_spatial/easy_landmark_maze_control_20260923/ELM_CTRL_DGP_HIT_JOINT_LEG_S99/policy_00/snapshot_target_000075000000_actual_000075005952.npz,2,0.5,3,1,18,1.4700531959533691,0.7210635056668991,4,6
ELM_CTRL_DGP_HIT_JOINT_LEG_S99,0,75000000,75005952,/work/classic/fr_xl1014-easy-landmark-maze/IntrMotiv/SF_hipposlam/train_dir/analysis/online_spatial/easy_landmark_maze_control_20260923/ELM_CTRL_DGP_HIT_JOINT_LEG_S99/policy_00/snapshot_target_000075000000_actual_000075005952.npz,2,0.5,1,2,6,0.40115994215011597,0.19676961011761143,6,2
ELM_CTRL_DGP_HIT_JOINT_LEG_S99,0,75000000,75005952,/work/classic/fr_xl1014-easy-landmark-maze/IntrMotiv/SF_hipposlam/train_dir/analysis/online_spatial/easy_landmark_maze_control_20260923/ELM_CTRL_DGP_HIT_JOINT_LEG_S99/policy_00/snapshot_target_000075000000_actual_000075005952.npz,2,0.5,2,3,2,0.16751602292060852,0.08216688421548939,0,2
ELM_CTRL_DGP_HIT_JOINT_LEG_S99,0,75000000,75005952,/work/classic/fr_xl1014-easy-landmark-maze/IntrMotiv/SF_hipposlam/train_dir/analysis/online_spatial/easy_landmark_maze_control_20260923/ELM_CTRL_DGP_HIT_JOINT_LEG_S99/policy_00/snapshot_target_000075000000_actual_000075005952.npz,3,0.5,1,1,45,3.534846305847168,0.9720841670546864,0,0
ELM_CTRL_DGP_HIT_JOINT_LEG_S99,0,75000000,75005952,/work/classic/fr_xl1014-easy-landmark-maze/IntrMotiv/SF_hipposlam/train_dir/analysis/online_spatial/easy_landmark_maze_control_20260923/ELM_CTRL_DGP_HIT_JOINT_LEG_S99/policy_00/snapshot_target_000075000000_actual_000075005952.npz,3,0.5,2,2,1,0.10151197016239166,0.027915832945313666,2,0
ELM_CTRL_DGP_HIT_JOINT_LEG_S99,0,75000000,75005952,/work/classic/fr_xl1014-easy-landmark-maze/IntrMotiv/SF_hipposlam/train_dir/analysis/online_spatial/easy_landmark_maze_control_20260923/ELM_CTRL_DGP_HIT_JOINT_LEG_S99/policy_00/snapshot_target_000075000000_actual_000075005952.npz,4,0.5,1,1,37,3.281639575958252,0.9682856152216975,0,5
ELM_CTRL_DGP_HIT_JOINT_LEG_S99,0,75000000,75005952,/work/classic/fr_xl1014-easy-landmark-maze/IntrMotiv/SF_hipposlam/train_dir/analysis/online_spatial/easy_landmark_maze_control_20260923/ELM_CTRL_DGP_HIT_JOINT_LEG_S99/policy_00/snapshot_target_000075000000_actual_000075005952.npz,4,0.5,2,2,1,0.10748396813869476,0.03171438477830248,2,0
ELM_CTRL_DGP_HIT_JOINT_LEG_S99,0,75000000,75005952,/work/classic/fr_xl1014-easy-landmark-maze/IntrMotiv/SF_hipposlam/train_dir/analysis/online_spatial/easy_landmark_maze_control_20260923/ELM_CTRL_DGP_HIT_JOINT_LEG_S99/policy_00/snapshot_target_000075000000_actual_000075005952.npz,5,0.5,1,1,21,1.987488865852356,0.8221871101830092,0,2
ELM_CTRL_DGP_HIT_JOINT_LEG_S99,0,75000000,75005952,/work/classic/fr_xl1014-easy-landmark-maze/IntrMotiv/SF_hipposlam/train_dir/analysis/online_spatial/easy_landmark_maze_control_20260923/ELM_CTRL_DGP_HIT_JOINT_LEG_S99/policy_00/snapshot_target_000075000000_actual_000075005952.npz,5,0.5,2,2,3,0.2639790177345276,0.10920320081743984,8,2
ELM_CTRL_DGP_HIT_JOINT_LEG_S99,0,75000000,75005952,/work/classic/fr_xl1014-easy-landmark-maze/IntrMotiv/SF_hipposlam/train_dir/analysis/online_spatial/easy_landmark_maze_control_20260923/ELM_CTRL_DGP_HIT_JOINT_LEG_S99/policy_00/snapshot_target_000075000000_actual_000075005952.npz,5,0.5,3,3,1,0.09269244968891144,0.0383451392633721,5,3
ELM_CTRL_DGP_HIT_JOINT_LEG_S99,0,75000000,75005952,/work/classic/fr_xl1014-easy-landmark-maze/IntrMotiv/SF_hipposlam/train_dir/analysis/online_spatial/easy_landmark_maze_control_20260923/ELM_CTRL_DGP_HIT_JOINT_LEG_S99/policy_00/snapshot_target_000075000000_actual_000075005952.npz,5,0.5,4,4,1,0.07315908372402191,0.030264549736178887,8,6
ELM_CTRL_DGP_HIT_JOINT_LEG_S99,0,75000000,75005952,/work/classic/fr_xl1014-easy-landmark-maze/IntrMotiv/SF_hipposlam/train_dir/analysis/online_spatial/easy_landmark_maze_control_20260923/ELM_CTRL_DGP_HIT_JOINT_LEG_S99/policy_00/snapshot_target_000075000000_actual_000075005952.npz,6,0.5,2,1,17,1.4208190441131592,0.9592506039515702,3,8
ELM_CTRL_DGP_HIT_JOINT_LEG_S99,0,75000000,75005952,/work/classic/fr_xl1014-easy-landmark-maze/IntrMotiv/SF_hipposlam/train_dir/analysis/online_spatial/easy_landmark_maze_control_20260923/ELM_CTRL_DGP_HIT_JOINT_LEG_S99/policy_00/snapshot_target_000075000000_actual_000075005952.npz,6,0.5,1,2,1,0.06035703048110008,0.04074939604842981,6,0
ELM_CTRL_DGP_HIT_JOINT_LEG_S99,0,75000000,75005952,/work/classic/fr_xl1014-easy-landmark-maze/IntrMotiv/SF_hipposlam/train_dir/analysis/online_spatial/easy_landmark_maze_control_20260923/ELM_CTRL_DGP_HIT_JOINT_LEG_S99/policy_00/snapshot_target_000075000000_actual_000075005952.npz,7,0.5,1,1,49,3.929917812347412,0.9802903018718571,0,6
ELM_CTRL_DGP_HIT_JOINT_LEG_S99,0,75000000,75005952,/work/classic/fr_xl1014-easy-landmark-maze/IntrMotiv/SF_hipposlam/train_dir/analysis/online_spatial/easy_landmark_maze_control_20260923/ELM_CTRL_DGP_HIT_JOINT_LEG_S99/policy_00/snapshot_target_000075000000_actual_000075005952.npz,7,0.5,2,2,1,0.079014852643013,0.019709698128142973,2,0
ELM_CTRL_DGP_HIT_JOINT_LEG_S99,0,75000000,75005952,/work/classic/fr_xl1014-easy-landmark-maze/IntrMotiv/SF_hipposlam/train_dir/analysis/online_spatial/easy_landmark_maze_control_20260923/ELM_CTRL_DGP_HIT_JOINT_LEG_S99/policy_00/snapshot_target_000075000000_actual_000075005952.npz,8,0.5,1,1,6,1.7253155708312988,1.0,3,2
ELM_CTRL_DGP_HIT_JOINT_LEG_S99,0,75000000,75005952,/work/classic/fr_xl1014-easy-landmark-maze/IntrMotiv/SF_hipposlam/train_dir/analysis/online_spatial/easy_landmark_maze_control_20260923/ELM_CTRL_DGP_HIT_JOINT_LEG_S99/policy_00/snapshot_target_000075000000_actual_000075005952.npz,9,0.5,1,1,13,1.101515769958496,0.4066362092932605,0,0
ELM_CTRL_DGP_HIT_JOINT_LEG_S99,0,75000000,75005952,/work/classic/fr_xl1014-easy-landmark-maze/IntrMotiv/SF_hipposlam/train_dir/analysis/online_spatial/easy_landmark_maze_control_20260923/ELM_CTRL_DGP_HIT_JOINT_LEG_S99/policy_00/snapshot_target_000075000000_actual_000075005952.npz,9,0.5,4,2,9,0.8730404376983643,0.3222921213000593,8,8
ELM_CTRL_DGP_HIT_JOINT_LEG_S99,0,75000000,75005952,/work/classic/fr_xl1014-easy-landmark-maze/IntrMotiv/SF_hipposlam/train_dir/analysis/online_spatial/easy_landmark_maze_control_20260923/ELM_CTRL_DGP_HIT_JOINT_LEG_S99/policy_00/snapshot_target_000075000000_actual_000075005952.npz,9,0.5,3,3,8,0.6430768966674805,0.23739864528202897,8,1
ELM_CTRL_DGP_HIT_JOINT_LEG_S99,0,75000000,75005952,/work/classic/fr_xl1014-easy-landmark-maze/IntrMotiv/SF_hipposlam/train_dir/analysis/online_spatial/easy_landmark_maze_control_20260923/ELM_CTRL_DGP_HIT_JOINT_LEG_S99/policy_00/snapshot_target_000075000000_actual_000075005952.npz,9,0.5,2,4,1,0.0912151113152504,0.03367302412465123,2,0
ELM_CTRL_DGP_HIT_JOINT_LEG_S99,0,75000000,75005952,/work/classic/fr_xl1014-easy-landmark-maze/IntrMotiv/SF_hipposlam/train_dir/analysis/online_spatial/easy_landmark_maze_control_20260923/ELM_CTRL_DGP_HIT_JOINT_LEG_S99/policy_00/snapshot_target_000075000000_actual_000075005952.npz,10,0.5,2,1,10,1.0117565393447876,0.5961682202137307,0,6
ELM_CTRL_DGP_HIT_JOINT_LEG_S99,0,75000000,75005952,/work/classic/fr_xl1014-easy-landmark-maze/IntrMotiv/SF_hipposlam/train_dir/analysis/online_spatial/easy_landmark_maze_control_20260923/ELM_CTRL_DGP_HIT_JOINT_LEG_S99/policy_00/snapshot_target_000075000000_actual_000075005952.npz,10,0.5,3,2,5,0.3373771607875824,0.19879638397765978,8,4
ELM_CTRL_DGP_HIT_JOINT_LEG_S99,0,75000000,75005952,/work/classic/fr_xl1014-easy-landmark-maze/IntrMotiv/SF_hipposlam/train_dir/analysis/online_spatial/easy_landmark_maze_control_20260923/ELM_CTRL_DGP_HIT_JOINT_LEG_S99/policy_00/snapshot_target_000075000000_actual_000075005952.npz,10,0.5,4,3,4,0.2673203647136688,0.1575160622746652,5,8
ELM_CTRL_DGP_HIT_JOINT_LEG_S99,0,75000000,75005952,/work/classic/fr_xl1014-easy-landmark-maze/IntrMotiv/SF_hipposlam/train_dir/analysis/online_spatial/easy_landmark_maze_control_20260923/ELM_CTRL_DGP_HIT_JOINT_LEG_S99/policy_00/snapshot_target_000075000000_actual_000075005952.npz,10,0.5,1,4,1,0.08064501732587814,0.047519333533944344,2,0
ELM_CTRL_DGP_HIT_JOINT_LEG_S99,0,75000000,75005952,/work/classic/fr_xl1014-easy-landmark-maze/IntrMotiv/SF_hipposlam/train_dir/analysis/online_spatial/easy_landmark_maze_control_20260923/ELM_CTRL_DGP_HIT_JOINT_LEG_S99/policy_00/snapshot_target_000075000000_actual_000075005952.npz,11,0.5,3,1,8,0.6323451995849609,0.3626672716025586,0,7
ELM_CTRL_DGP_HIT_JOINT_LEG_S99,0,75000000,75005952,/work/classic/fr_xl1014-easy-landmark-maze/IntrMotiv/SF_hipposlam/train_dir/analysis/online_spatial/easy_landmark_maze_control_20260923/ELM_CTRL_DGP_HIT_JOINT_LEG_S99/policy_00/snapshot_target_000075000000_actual_000075005952.npz,11,0.5,2,2,4,0.41009247303009033,0.2351992525541201,0,2
ELM_CTRL_DGP_HIT_JOINT_LEG_S99,0,75000000,75005952,/work/classic/fr_xl1014-easy-landmark-maze/IntrMotiv/SF_hipposlam/train_dir/analysis/online_spatial/easy_landmark_maze_control_20260923/ELM_CTRL_DGP_HIT_JOINT_LEG_S99/policy_00/snapshot_target_000075000000_actual_000075005952.npz,11,0.5,4,3,5,0.4043601155281067,0.2319115887014343,8,6
ELM_CTRL_DGP_HIT_JOINT_LEG_S99,0,75000000,75005952,/work/classic/fr_xl1014-easy-landmark-maze/IntrMotiv/SF_hipposlam/train_dir/analysis/online_spatial/easy_landmark_maze_control_20260923/ELM_CTRL_DGP_HIT_JOINT_LEG_S99/policy_00/snapshot_target_000075000000_actual_000075005952.npz,11,0.5,1,4,3,0.2967981994152069,0.17022188714188696,8,2
ELM_CTRL_DGP_HIT_JOINT_LEG_S99,0,75000000,75005952,/work/classic/fr_xl1014-easy-landmark-maze/IntrMotiv/SF_hipposlam/train_dir/analysis/online_spatial/easy_landmark_maze_control_20260923/ELM_CTRL_DGP_HIT_JOINT_LEG_S99/policy_00/snapshot_target_000075000000_actual_000075005952.npz,12,0.5,2,1,45,3.0769870281219482,0.9653731029843461,8,2
ELM_CTRL_DGP_HIT_JOINT_LEG_S99,0,75000000,75005952,/work/classic/fr_xl1014-easy-landmark-maze/IntrMotiv/SF_hipposlam/train_dir/analysis/online_spatial/easy_landmark_maze_control_20260923/ELM_CTRL_DGP_HIT_JOINT_LEG_S99/policy_00/snapshot_target_000075000000_actual_000075005952.npz,12,0.5,1,2,1,0.11036822199821472,0.03462689701565392,2,0
ELM_CTRL_DGP_HIT_JOINT_LEG_S99,0,75000000,75005952,/work/classic/fr_xl1014-easy-landmark-maze/IntrMotiv/SF_hipposlam/train_dir/analysis/online_spatial/easy_landmark_maze_control_20260923/ELM_CTRL_DGP_HIT_JOINT_LEG_S99/policy_00/snapshot_target_000075000000_actual_000075005952.npz,13,0.5,1,1,8,0.815590500831604,1.0,5,8
ELM_CTRL_DGP_HIT_JOINT_LEG_S99,0,75000000,75005952,/work/classic/fr_xl1014-easy-landmark-maze/IntrMotiv/SF_hipposlam/train_dir/analysis/online_spatial/easy_landmark_maze_control_20260923/ELM_CTRL_DGP_HIT_JOINT_LEG_S99/policy_00/snapshot_target_000075000000_actual_000075005952.npz,14,0.5,1,1,34,2.5255448818206787,0.9737852426622389,5,8
ELM_CTRL_DGP_HIT_JOINT_LEG_S99,0,75000000,75005952,/work/classic/fr_xl1014-easy-landmark-maze/IntrMotiv/SF_hipposlam/train_dir/analysis/online_spatial/easy_landmark_maze_control_20260923/ELM_CTRL_DGP_HIT_JOINT_LEG_S99/policy_00/snapshot_target_000075000000_actual_000075005952.npz,14,0.5,2,2,1,0.06798885762691498,0.02621475733776117,2,0
ELM_CTRL_DGP_HIT_JOINT_LEG_S99,0,75000000,75005952,/work/classic/fr_xl1014-easy-landmark-maze/IntrMotiv/SF_hipposlam/train_dir/analysis/online_spatial/easy_landmark_maze_control_20260923/ELM_CTRL_DGP_HIT_JOINT_LEG_S99/policy_00/snapshot_target_000075000000_actual_000075005952.npz,15,0.5,3,1,14,1.1753216981887817,0.5277039173492785,8,5
ELM_CTRL_DGP_HIT_JOINT_LEG_S99,0,75000000,75005952,/work/classic/fr_xl1014-easy-landmark-maze/IntrMotiv/SF_hipposlam/train_dir/analysis/online_spatial/easy_landmark_maze_control_20260923/ELM_CTRL_DGP_HIT_JOINT_LEG_S99/policy_00/snapshot_target_000075000000_actual_000075005952.npz,15,0.5,2,2,13,0.9020826816558838,0.4050232082129832,2,5
ELM_CTRL_DGP_HIT_JOINT_LEG_S99,0,75000000,75005952,/work/classic/fr_xl1014-easy-landmark-maze/IntrMotiv/SF_hipposlam/train_dir/analysis/online_spatial/easy_landmark_maze_control_20260923/ELM_CTRL_DGP_HIT_JOINT_LEG_S99/policy_00/snapshot_target_000075000000_actual_000075005952.npz,15,0.5,1,3,2,0.14983263611793518,0.0672728744377384,8,0
ELM_CTRL_DGP_HIT_JOINT_LEG_S99,0,75000000,75005952,/work/classic/fr_xl1014-easy-landmark-maze/IntrMotiv/SF_hipposlam/train_dir/analysis/online_spatial/easy_landmark_maze_control_20260923/ELM_CTRL_DGP_HIT_JOINT_LEG_S99/policy_00/snapshot_target_000075000000_actual_000075005952.npz,0,0.699999988079071,4,1,4,0.3784099221229553,0.36488143787999655,2,8
ELM_CTRL_DGP_HIT_JOINT_LEG_S99,0,75000000,75005952,/work/classic/fr_xl1014-easy-landmark-maze/IntrMotiv/SF_hipposlam/train_dir/analysis/online_spatial/easy_landmark_maze_control_20260923/ELM_CTRL_DGP_HIT_JOINT_LEG_S99/policy_00/snapshot_target_000075000000_actual_000075005952.npz,0,0.699999988079071,2,2,4,0.3770568370819092,0.3635767268074618,0,4
ELM_CTRL_DGP_HIT_JOINT_LEG_S99,0,75000000,75005952,/work/classic/fr_xl1014-easy-landmark-maze/IntrMotiv/SF_hipposlam/train_dir/analysis/online_spatial/easy_landmark_maze_control_20260923/ELM_CTRL_DGP_HIT_JOINT_LEG_S99/policy_00/snapshot_target_000075000000_actual_000075005952.npz,0,0.699999988079071,1,3,2,0.18981163203716278,0.1830257009000012,0,0
ELM_CTRL_DGP_HIT_JOINT_LEG_S99,0,75000000,75005952,/work/classic/fr_xl1014-easy-landmark-maze/IntrMotiv/SF_hipposlam/train_dir/analysis/online_spatial/easy_landmark_maze_control_20260923/ELM_CTRL_DGP_HIT_JOINT_LEG_S99/policy_00/snapshot_target_000075000000_actual_000075005952.npz,0,0.699999988079071,3,4,1,0.09179799258708954,0.0885161344125405,8,6
ELM_CTRL_DGP_HIT_JOINT_LEG_S99,0,75000000,75005952,/work/classic/fr_xl1014-easy-landmark-maze/IntrMotiv/SF_hipposlam/train_dir/analysis/online_spatial/easy_landmark_maze_control_20260923/ELM_CTRL_DGP_HIT_JOINT_LEG_S99/policy_00/snapshot_target_000075000000_actual_000075005952.npz,1,0.699999988079071,1,1,10,0.909960925579071,0.4110631927181209,0,4
ELM_CTRL_DGP_HIT_JOINT_LEG_S99,0,75000000,75005952,/work/classic/fr_xl1014-easy-landmark-maze/IntrMotiv/SF_hipposlam/train_dir/analysis/online_spatial/easy_landmark_maze_control_20260923/ELM_CTRL_DGP_HIT_JOINT_LEG_S99/policy_00/snapshot_target_000075000000_actual_000075005952.npz,1,0.699999988079071,3,2,8,0.6971185207366943,0.31491436256408634,8,4
ELM_CTRL_DGP_HIT_JOINT_LEG_S99,0,75000000,75005952,/work/classic/fr_xl1014-easy-landmark-maze/IntrMotiv/SF_hipposlam/train_dir/analysis/online_spatial/easy_landmark_maze_control_20260923/ELM_CTRL_DGP_HIT_JOINT_LEG_S99/policy_00/snapshot_target_000075000000_actual_000075005952.npz,1,0.699999988079071,4,3,6,0.5017183423042297,0.22664483477856623,5,8
ELM_CTRL_DGP_HIT_JOINT_LEG_S99,0,75000000,75005952,/work/classic/fr_xl1014-easy-landmark-maze/IntrMotiv/SF_hipposlam/train_dir/analysis/online_spatial/easy_landmark_maze_control_20260923/ELM_CTRL_DGP_HIT_JOINT_LEG_S99/policy_00/snapshot_target_000075000000_actual_000075005952.npz,1,0.699999988079071,2,4,1,0.10487870126962662,0.04737760993922652,2,0
ELM_CTRL_DGP_HIT_JOINT_LEG_S99,0,75000000,75005952,/work/classic/fr_xl1014-easy-landmark-maze/IntrMotiv/SF_hipposlam/train_dir/analysis/online_spatial/easy_landmark_maze_control_20260923/ELM_CTRL_DGP_HIT_JOINT_LEG_S99/policy_00/snapshot_target_000075000000_actual_000075005952.npz,2,0.699999988079071,2,1,6,0.6229093074798584,0.8735532055888575,4,6
ELM_CTRL_DGP_HIT_JOINT_LEG_S99,0,75000000,75005952,/work/classic/fr_xl1014-easy-landmark-maze/IntrMotiv/SF_hipposlam/train_dir/analysis/online_spatial/easy_landmark_maze_control_20260923/ELM_CTRL_DGP_HIT_JOINT_LEG_S99/policy_00/snapshot_target_000075000000_actual_000075005952.npz,2,0.699999988079071,1,2,1,0.09016609936952591,0.12644679441114254,0,2
ELM_CTRL_DGP_HIT_JOINT_LEG_S99,0,75000000,75005952,/work/classic/fr_xl1014-easy-landmark-maze/IntrMotiv/SF_hipposlam/train_dir/analysis/online_spatial/easy_landmark_maze_control_20260923/ELM_CTRL_DGP_HIT_JOINT_LEG_S99/policy_00/snapshot_target_000075000000_actual_000075005952.npz,3,0.699999988079071,1,1,35,2.962275743484497,0.9668671658580549,0,0
ELM_CTRL_DGP_HIT_JOINT_LEG_S99,0,75000000,75005952,/work/classic/fr_xl1014-easy-landmark-maze/IntrMotiv/SF_hipposlam/train_dir/analysis/online_spatial/easy_landmark_maze_control_20260923/ELM_CTRL_DGP_HIT_JOINT_LEG_S99/policy_00/snapshot_target_000075000000_actual_000075005952.npz,3,0.699999988079071,2,2,1,0.10151197016239166,0.033132834141945136,2,0
ELM_CTRL_DGP_HIT_JOINT_LEG_S99,0,75000000,75005952,/work/classic/fr_xl1014-easy-landmark-maze/IntrMotiv/SF_hipposlam/train_dir/analysis/online_spatial/easy_landmark_maze_control_20260923/ELM_CTRL_DGP_HIT_JOINT_LEG_S99/policy_00/snapshot_target_000075000000_actual_000075005952.npz,4,0.699999988079071,1,1,33,3.0218656063079834,0.9656529366305457,0,5
ELM_CTRL_DGP_HIT_JOINT_LEG_S99,0,75000000,75005952,/work/classic/fr_xl1014-easy-landmark-maze/IntrMotiv/SF_hipposlam/train_dir/analysis/online_spatial/easy_landmark_maze_control_20260923/ELM_CTRL_DGP_HIT_JOINT_LEG_S99/policy_00/snapshot_target_000075000000_actual_000075005952.npz,4,0.699999988079071,2,2,1,0.10748396813869476,0.034347063369454256,2,0
ELM_CTRL_DGP_HIT_JOINT_LEG_S99,0,75000000,75005952,/work/classic/fr_xl1014-easy-landmark-maze/IntrMotiv/SF_hipposlam/train_dir/analysis/online_spatial/easy_landmark_maze_control_20260923/ELM_CTRL_DGP_HIT_JOINT_LEG_S99/policy_00/snapshot_target_000075000000_actual_000075005952.npz,5,0.699999988079071,1,1,4,0.49331629276275635,0.5938138362305047,0,2
ELM_CTRL_DGP_HIT_JOINT_LEG_S99,0,75000000,75005952,/work/classic/fr_xl1014-easy-landmark-maze/IntrMotiv/SF_hipposlam/train_dir/analysis/online_spatial/easy_landmark_maze_control_20260923/ELM_CTRL_DGP_HIT_JOINT_LEG_S99/policy_00/snapshot_target_000075000000_actual_000075005952.npz,5,0.699999988079071,4,2,1,0.12167564779520035,0.14646320069515145,4,6
ELM_CTRL_DGP_HIT_JOINT_LEG_S99,0,75000000,75005952,/work/classic/fr_xl1014-easy-landmark-maze/IntrMotiv/SF_hipposlam/train_dir/analysis/online_spatial/easy_landmark_maze_control_20260923/ELM_CTRL_DGP_HIT_JOINT_LEG_S99/policy_00/snapshot_target_000075000000_actual_000075005952.npz,5,0.699999988079071,3,3,1,0.10837122797966003,0.1304484274444197,3,4
ELM_CTRL_DGP_HIT_JOINT_LEG_S99,0,75000000,75005952,/work/classic/fr_xl1014-easy-landmark-maze/IntrMotiv/SF_hipposlam/train_dir/analysis/online_spatial/easy_landmark_maze_control_20260923/ELM_CTRL_DGP_HIT_JOINT_LEG_S99/policy_00/snapshot_target_000075000000_actual_000075005952.npz,5,0.699999988079071,2,4,1,0.10739600658416748,0.12927453562992414,8,2
ELM_CTRL_DGP_HIT_JOINT_LEG_S99,0,75000000,75005952,/work/classic/fr_xl1014-easy-landmark-maze/IntrMotiv/SF_hipposlam/train_dir/analysis/online_spatial/easy_landmark_maze_control_20260923/ELM_CTRL_DGP_HIT_JOINT_LEG_S99/policy_00/snapshot_target_000075000000_actual_000075005952.npz,6,0.699999988079071,1,1,4,0.3487095832824707,0.5198535990861473,7,8
ELM_CTRL_DGP_HIT_JOINT_LEG_S99,0,75000000,75005952,/work/classic/fr_xl1014-easy-landmark-maze/IntrMotiv/SF_hipposlam/train_dir/analysis/online_spatial/easy_landmark_maze_control_20260923/ELM_CTRL_DGP_HIT_JOINT_LEG_S99/policy_00/snapshot_target_000075000000_actual_000075005952.npz,6,0.699999988079071,2,2,3,0.32207462191581726,0.4801464009138528,3,8
ELM_CTRL_DGP_HIT_JOINT_LEG_S99,0,75000000,75005952,/work/classic/fr_xl1014-easy-landmark-maze/IntrMotiv/SF_hipposlam/train_dir/analysis/online_spatial/easy_landmark_maze_control_20260923/ELM_CTRL_DGP_HIT_JOINT_LEG_S99/policy_00/snapshot_target_000075000000_actual_000075005952.npz,7,0.699999988079071,1,1,36,3.0842576026916504,0.975021167553949,0,6
ELM_CTRL_DGP_HIT_JOINT_LEG_S99,0,75000000,75005952,/work/classic/fr_xl1014-easy-landmark-maze/IntrMotiv/SF_hipposlam/train_dir/analysis/online_spatial/easy_landmark_maze_control_20260923/ELM_CTRL_DGP_HIT_JOINT_LEG_S99/policy_00/snapshot_target_000075000000_actual_000075005952.npz,7,0.699999988079071,2,2,1,0.079014852643013,0.024978832446051032,2,0
ELM_CTRL_DGP_HIT_JOINT_LEG_S99,0,75000000,75005952,/work/classic/fr_xl1014-easy-landmark-maze/IntrMotiv/SF_hipposlam/train_dir/analysis/online_spatial/easy_landmark_maze_control_20260923/ELM_CTRL_DGP_HIT_JOINT_LEG_S99/policy_00/snapshot_target_000075000000_actual_000075005952.npz,8,0.699999988079071,1,1,5,1.5151009559631348,1.0,3,2
ELM_CTRL_DGP_HIT_JOINT_LEG_S99,0,75000000,75005952,/work/classic/fr_xl1014-easy-landmark-maze/IntrMotiv/SF_hipposlam/train_dir/analysis/online_spatial/easy_landmark_maze_control_20260923/ELM_CTRL_DGP_HIT_JOINT_LEG_S99/policy_00/snapshot_target_000075000000_actual_000075005952.npz,9,0.699999988079071,2,1,4,0.4600473940372467,0.8230053792400848,8,8
ELM_CTRL_DGP_HIT_JOINT_LEG_S99,0,75000000,75005952,/work/classic/fr_xl1014-easy-landmark-maze/IntrMotiv/SF_hipposlam/train_dir/analysis/online_spatial/easy_landmark_maze_control_20260923/ELM_CTRL_DGP_HIT_JOINT_LEG_S99/policy_00/snapshot_target_000075000000_actual_000075005952.npz,9,0.699999988079071,1,2,1,0.09893728047609329,0.1769946207599153,0,0
ELM_CTRL_DGP_HIT_JOINT_LEG_S99,0,75000000,75005952,/work/classic/fr_xl1014-easy-landmark-maze/IntrMotiv/SF_hipposlam/train_dir/analysis/online_spatial/easy_landmark_maze_control_20260923/ELM_CTRL_DGP_HIT_JOINT_LEG_S99/policy_00/snapshot_target_000075000000_actual_000075005952.npz,10,0.699999988079071,1,1,9,0.9429344534873962,1.0,0,6
ELM_CTRL_DGP_HIT_JOINT_LEG_S99,0,75000000,75005952,/work/classic/fr_xl1014-easy-landmark-maze/IntrMotiv/SF_hipposlam/train_dir/analysis/online_spatial/easy_landmark_maze_control_20260923/ELM_CTRL_DGP_HIT_JOINT_LEG_S99/policy_00/snapshot_target_000075000000_actual_000075005952.npz,11,0.699999988079071,1,1,3,0.2967981994152069,0.35857691244416506,8,2
ELM_CTRL_DGP_HIT_JOINT_LEG_S99,0,75000000,75005952,/work/classic/fr_xl1014-easy-landmark-maze/IntrMotiv/SF_hipposlam/train_dir/analysis/online_spatial/easy_landmark_maze_control_20260923/ELM_CTRL_DGP_HIT_JOINT_LEG_S99/policy_00/snapshot_target_000075000000_actual_000075005952.npz,11,0.699999988079071,2,2,2,0.24158263206481934,0.29186819352886967,0,2
ELM_CTRL_DGP_HIT_JOINT_LEG_S99,0,75000000,75005952,/work/classic/fr_xl1014-easy-landmark-maze/IntrMotiv/SF_hipposlam/train_dir/analysis/online_spatial/easy_landmark_maze_control_20260923/ELM_CTRL_DGP_HIT_JOINT_LEG_S99/policy_00/snapshot_target_000075000000_actual_000075005952.npz,11,0.699999988079071,3,3,1,0.10922286659479141,0.13195766803514702,8,6
ELM_CTRL_DGP_HIT_JOINT_LEG_S99,0,75000000,75005952,/work/classic/fr_xl1014-easy-landmark-maze/IntrMotiv/SF_hipposlam/train_dir/analysis/online_spatial/easy_landmark_maze_control_20260923/ELM_CTRL_DGP_HIT_JOINT_LEG_S99/policy_00/snapshot_target_000075000000_actual_000075005952.npz,11,0.699999988079071,4,4,1,0.09403640031814575,0.11361013021602767,0,7
ELM_CTRL_DGP_HIT_JOINT_LEG_S99,0,75000000,75005952,/work/classic/fr_xl1014-easy-landmark-maze/IntrMotiv/SF_hipposlam/train_dir/analysis/online_spatial/easy_landmark_maze_control_20260923/ELM_CTRL_DGP_HIT_JOINT_LEG_S99/policy_00/snapshot_target_000075000000_actual_000075005952.npz,11,0.699999988079071,5,5,1,0.08607130497694016,0.10398709577579053,2,8
ELM_CTRL_DGP_HIT_JOINT_LEG_S99,0,75000000,75005952,/work/classic/fr_xl1014-easy-landmark-maze/IntrMotiv/SF_hipposlam/train_dir/analysis/online_spatial/easy_landmark_maze_control_20260923/ELM_CTRL_DGP_HIT_JOINT_LEG_S99/policy_00/snapshot_target_000075000000_actual_000075005952.npz,12,0.699999988079071,3,1,2,0.17214007675647736,0.24908091226751294,8,2
ELM_CTRL_DGP_HIT_JOINT_LEG_S99,0,75000000,75005952,/work/classic/fr_xl1014-easy-landmark-maze/IntrMotiv/SF_hipposlam/train_dir/analysis/online_spatial/easy_landmark_maze_control_20260923/ELM_CTRL_DGP_HIT_JOINT_LEG_S99/policy_00/snapshot_target_000075000000_actual_000075005952.npz,12,0.699999988079071,4,2,2,0.1651693880558014,0.23899455972595188,2,5
ELM_CTRL_DGP_HIT_JOINT_LEG_S99,0,75000000,75005952,/work/classic/fr_xl1014-easy-landmark-maze/IntrMotiv/SF_hipposlam/train_dir/analysis/online_spatial/easy_landmark_maze_control_20260923/ELM_CTRL_DGP_HIT_JOINT_LEG_S99/policy_00/snapshot_target_000075000000_actual_000075005952.npz,12,0.699999988079071,2,3,2,0.16387078166007996,0.23711551986598764,0,2
ELM_CTRL_DGP_HIT_JOINT_LEG_S99,0,75000000,75005952,/work/classic/fr_xl1014-easy-landmark-maze/IntrMotiv/SF_hipposlam/train_dir/analysis/online_spatial/easy_landmark_maze_control_20260923/ELM_CTRL_DGP_HIT_JOINT_LEG_S99/policy_00/snapshot_target_000075000000_actual_000075005952.npz,12,0.699999988079071,1,4,1,0.11036822199821472,0.15969911213382962,2,0
ELM_CTRL_DGP_HIT_JOINT_LEG_S99,0,75000000,75005952,/work/classic/fr_xl1014-easy-landmark-maze/IntrMotiv/SF_hipposlam/train_dir/analysis/online_spatial/easy_landmark_maze_control_20260923/ELM_CTRL_DGP_HIT_JOINT_LEG_S99/policy_00/snapshot_target_000075000000_actual_000075005952.npz,12,0.699999988079071,5,5,1,0.07955256849527359,0.11510989600671795,6,8
ELM_CTRL_DGP_HIT_JOINT_LEG_S99,0,75000000,75005952,/work/classic/fr_xl1014-easy-landmark-maze/IntrMotiv/SF_hipposlam/train_dir/analysis/online_spatial/easy_landmark_maze_control_20260923/ELM_CTRL_DGP_HIT_JOINT_LEG_S99/policy_00/snapshot_target_000075000000_actual_000075005952.npz,13,0.699999988079071,1,1,5,0.5801788568496704,1.0,5,8
ELM_CTRL_DGP_HIT_JOINT_LEG_S99,0,75000000,75005952,/work/classic/fr_xl1014-easy-landmark-maze/IntrMotiv/SF_hipposlam/train_dir/analysis/online_spatial/easy_landmark_maze_control_20260923/ELM_CTRL_DGP_HIT_JOINT_LEG_S99/policy_00/snapshot_target_000075000000_actual_000075005952.npz,14,0.699999988079071,1,1,10,0.8078432679176331,0.47245154162970493,0,5
ELM_CTRL_DGP_HIT_JOINT_LEG_S99,0,75000000,75005952,/work/classic/fr_xl1014-easy-landmark-maze/IntrMotiv/SF_hipposlam/train_dir/analysis/online_spatial/easy_landmark_maze_control_20260923/ELM_CTRL_DGP_HIT_JOINT_LEG_S99/policy_00/snapshot_target_000075000000_actual_000075005952.npz,14,0.699999988079071,4,2,6,0.51812344789505,0.3030144972842342,5,8
ELM_CTRL_DGP_HIT_JOINT_LEG_S99,0,75000000,75005952,/work/classic/fr_xl1014-easy-landmark-maze/IntrMotiv/SF_hipposlam/train_dir/analysis/online_spatial/easy_landmark_maze_control_20260923/ELM_CTRL_DGP_HIT_JOINT_LEG_S99/policy_00/snapshot_target_000075000000_actual_000075005952.npz,14,0.699999988079071,3,3,3,0.23280784487724304,0.13615317424042356,8,3
ELM_CTRL_DGP_HIT_JOINT_LEG_S99,0,75000000,75005952,/work/classic/fr_xl1014-easy-landmark-maze/IntrMotiv/SF_hipposlam/train_dir/analysis/online_spatial/easy_landmark_maze_control_20260923/ELM_CTRL_DGP_HIT_JOINT_LEG_S99/policy_00/snapshot_target_000075000000_actual_000075005952.npz,14,0.699999988079071,2,4,2,0.15112200379371643,0.08838078684563735,6,0
ELM_CTRL_DGP_HIT_JOINT_LEG_S99,0,75000000,75005952,/work/classic/fr_xl1014-easy-landmark-maze/IntrMotiv/SF_hipposlam/train_dir/analysis/online_spatial/easy_landmark_maze_control_20260923/ELM_CTRL_DGP_HIT_JOINT_LEG_S99/policy_00/snapshot_target_000075000000_actual_000075005952.npz,15,0.699999988079071,3,1,8,0.7888930439949036,0.7089645053306269,8,5
ELM_CTRL_DGP_HIT_JOINT_LEG_S99,0,75000000,75005952,/work/classic/fr_xl1014-easy-landmark-maze/IntrMotiv/SF_hipposlam/train_dir/analysis/online_spatial/easy_landmark_maze_control_20260923/ELM_CTRL_DGP_HIT_JOINT_LEG_S99/policy_00/snapshot_target_000075000000_actual_000075005952.npz,15,0.699999988079071,2,2,3,0.24188362061977386,0.2173766174586613,2,5
ELM_CTRL_DGP_HIT_JOINT_LEG_S99,0,75000000,75005952,/work/classic/fr_xl1014-easy-landmark-maze/IntrMotiv/SF_hipposlam/train_dir/analysis/online_spatial/easy_landmark_maze_control_20260923/ELM_CTRL_DGP_HIT_JOINT_LEG_S99/policy_00/snapshot_target_000075000000_actual_000075005952.npz,15,0.699999988079071,1,3,1,0.08196316659450531,0.07365887721071175,8,0
ELM_CTRL_SCR_ARR_DIRS_S99,0,5000000,5013504,/work/classic/fr_xl1014-easy-landmark-maze/IntrMotiv/SF_hipposlam/train_dir/analysis/online_spatial/easy_landmark_maze_control_20260923/ELM_CTRL_SCR_ARR_DIRS_S99/policy_00/snapshot_target_000005000000_actual_000005013504.npz,0,0.30000001192092896,1,1,61,3.6148149967193604,1.0,2,8
ELM_CTRL_SCR_ARR_DIRS_S99,0,5000000,5013504,/work/classic/fr_xl1014-easy-landmark-maze/IntrMotiv/SF_hipposlam/train_dir/analysis/online_spatial/easy_landmark_maze_control_20260923/ELM_CTRL_SCR_ARR_DIRS_S99/policy_00/snapshot_target_000005000000_actual_000005013504.npz,1,0.30000001192092896,1,1,50,2.629145860671997,1.0,8,8
ELM_CTRL_SCR_ARR_DIRS_S99,0,5000000,5013504,/work/classic/fr_xl1014-easy-landmark-maze/IntrMotiv/SF_hipposlam/train_dir/analysis/online_spatial/easy_landmark_maze_control_20260923/ELM_CTRL_SCR_ARR_DIRS_S99/policy_00/snapshot_target_000005000000_actual_000005013504.npz,2,0.30000001192092896,1,1,45,2.0929906368255615,1.0,0,3
ELM_CTRL_SCR_ARR_DIRS_S99,0,5000000,5013504,/work/classic/fr_xl1014-easy-landmark-maze/IntrMotiv/SF_hipposlam/train_dir/analysis/online_spatial/easy_landmark_maze_control_20260923/ELM_CTRL_SCR_ARR_DIRS_S99/policy_00/snapshot_target_000005000000_actual_000005013504.npz,3,0.30000001192092896,1,1,43,2.333354949951172,1.0,8,8
ELM_CTRL_SCR_ARR_DIRS_S99,0,5000000,5013504,/work/classic/fr_xl1014-easy-landmark-maze/IntrMotiv/SF_hipposlam/train_dir/analysis/online_spatial/easy_landmark_maze_control_20260923/ELM_CTRL_SCR_ARR_DIRS_S99/policy_00/snapshot_target_000005000000_actual_000005013504.npz,4,0.30000001192092896,4,1,3,0.37284064292907715,0.3957925526578684,8,8
ELM_CTRL_SCR_ARR_DIRS_S99,0,5000000,5013504,/work/classic/fr_xl1014-easy-landmark-maze/IntrMotiv/SF_hipposlam/train_dir/analysis/online_spatial/easy_landmark_maze_control_20260923/ELM_CTRL_SCR_ARR_DIRS_S99/policy_00/snapshot_target_000005000000_actual_000005013504.npz,4,0.30000001192092896,3,2,3,0.34069663286209106,0.36166977114691407,0,8
ELM_CTRL_SCR_ARR_DIRS_S99,0,5000000,5013504,/work/classic/fr_xl1014-easy-landmark-maze/IntrMotiv/SF_hipposlam/train_dir/analysis/online_spatial/easy_landmark_maze_control_20260923/ELM_CTRL_SCR_ARR_DIRS_S99/policy_00/snapshot_target_000005000000_actual_000005013504.npz,4,0.30000001192092896,1,3,2,0.16161048412322998,0.17155915606436334,0,0
ELM_CTRL_SCR_ARR_DIRS_S99,0,5000000,5013504,/work/classic/fr_xl1014-easy-landmark-maze/IntrMotiv/SF_hipposlam/train_dir/analysis/online_spatial/easy_landmark_maze_control_20260923/ELM_CTRL_SCR_ARR_DIRS_S99/policy_00/snapshot_target_000005000000_actual_000005013504.npz,4,0.30000001192092896,2,4,1,0.06686249375343323,0.07097852013085418,8,0
ELM_CTRL_SCR_ARR_DIRS_S99,0,5000000,5013504,/work/classic/fr_xl1014-easy-landmark-maze/IntrMotiv/SF_hipposlam/train_dir/analysis/online_spatial/easy_landmark_maze_control_20260923/ELM_CTRL_SCR_ARR_DIRS_S99/policy_00/snapshot_target_000005000000_actual_000005013504.npz,5,0.30000001192092896,1,1,65,2.564727783203125,1.0,2,8
ELM_CTRL_SCR_ARR_DIRS_S99,0,5000000,5013504,/work/classic/fr_xl1014-easy-landmark-maze/IntrMotiv/SF_hipposlam/train_dir/analysis/online_spatial/easy_landmark_maze_control_20260923/ELM_CTRL_SCR_ARR_DIRS_S99/policy_00/snapshot_target_000005000000_actual_000005013504.npz,6,0.30000001192092896,1,1,70,3.2302498817443848,1.0,3,1
ELM_CTRL_SCR_ARR_DIRS_S99,0,5000000,5013504,/work/classic/fr_xl1014-easy-landmark-maze/IntrMotiv/SF_hipposlam/train_dir/analysis/online_spatial/easy_landmark_maze_control_20260923/ELM_CTRL_SCR_ARR_DIRS_S99/policy_00/snapshot_target_000005000000_actual_000005013504.npz,7,0.30000001192092896,2,1,20,0.8791358470916748,0.7231984701945353,0,8
ELM_CTRL_SCR_ARR_DIRS_S99,0,5000000,5013504,/work/classic/fr_xl1014-easy-landmark-maze/IntrMotiv/SF_hipposlam/train_dir/analysis/online_spatial/easy_landmark_maze_control_20260923/ELM_CTRL_SCR_ARR_DIRS_S99/policy_00/snapshot_target_000005000000_actual_000005013504.npz,7,0.30000001192092896,4,2,4,0.25224190950393677,0.2075003125804435,8,8
ELM_CTRL_SCR_ARR_DIRS_S99,0,5000000,5013504,/work/classic/fr_xl1014-easy-landmark-maze/IntrMotiv/SF_hipposlam/train_dir/analysis/online_spatial/easy_landmark_maze_control_20260923/ELM_CTRL_SCR_ARR_DIRS_S99/policy_00/snapshot_target_000005000000_actual_000005013504.npz,7,0.30000001192092896,1,3,2,0.0563044399023056,0.046317397859743314,5,0
ELM_CTRL_SCR_ARR_DIRS_S99,0,5000000,5013504,/work/classic/fr_xl1014-easy-landmark-maze/IntrMotiv/SF_hipposlam/train_dir/analysis/online_spatial/easy_landmark_maze_control_20260923/ELM_CTRL_SCR_ARR_DIRS_S99/policy_00/snapshot_target_000005000000_actual_000005013504.npz,7,0.30000001192092896,3,4,1,0.027939632534980774,0.022983819365277828,8,2
ELM_CTRL_SCR_ARR_DIRS_S99,0,5000000,5013504,/work/classic/fr_xl1014-easy-landmark-maze/IntrMotiv/SF_hipposlam/train_dir/analysis/online_spatial/easy_landmark_maze_control_20260923/ELM_CTRL_SCR_ARR_DIRS_S99/policy_00/snapshot_target_000005000000_actual_000005013504.npz,8,0.30000001192092896,1,1,55,4.249246597290039,1.0,6,5
ELM_CTRL_SCR_ARR_DIRS_S99,0,5000000,5013504,/work/classic/fr_xl1014-easy-landmark-maze/IntrMotiv/SF_hipposlam/train_dir/analysis/online_spatial/easy_landmark_maze_control_20260923/ELM_CTRL_SCR_ARR_DIRS_S99/policy_00/snapshot_target_000005000000_actual_000005013504.npz,9,0.30000001192092896,1,1,49,4.212796211242676,1.0,3,2
ELM_CTRL_SCR_ARR_DIRS_S99,0,5000000,5013504,/work/classic/fr_xl1014-easy-landmark-maze/IntrMotiv/SF_hipposlam/train_dir/analysis/online_spatial/easy_landmark_maze_control_20260923/ELM_CTRL_SCR_ARR_DIRS_S99/policy_00/snapshot_target_000005000000_actual_000005013504.npz,10,0.30000001192092896,1,1,3,0.030098527669906616,0.5422297673666954,0,8
ELM_CTRL_SCR_ARR_DIRS_S99,0,5000000,5013504,/work/classic/fr_xl1014-easy-landmark-maze/IntrMotiv/SF_hipposlam/train_dir/analysis/online_spatial/easy_landmark_maze_control_20260923/ELM_CTRL_SCR_ARR_DIRS_S99/policy_00/snapshot_target_000005000000_actual_000005013504.npz,10,0.30000001192092896,2,2,3,0.025410279631614685,0.45777023263330463,8,8
ELM_CTRL_SCR_ARR_DIRS_S99,0,5000000,5013504,/work/classic/fr_xl1014-easy-landmark-maze/IntrMotiv/SF_hipposlam/train_dir/analysis/online_spatial/easy_landmark_maze_control_20260923/ELM_CTRL_SCR_ARR_DIRS_S99/policy_00/snapshot_target_000005000000_actual_000005013504.npz,11,0.30000001192092896,1,1,73,4.5945916175842285,1.0,4,0
ELM_CTRL_SCR_ARR_DIRS_S99,0,5000000,5013504,/work/classic/fr_xl1014-easy-landmark-maze/IntrMotiv/SF_hipposlam/train_dir/analysis/online_spatial/easy_landmark_maze_control_20260923/ELM_CTRL_SCR_ARR_DIRS_S99/policy_00/snapshot_target_000005000000_actual_000005013504.npz,12,0.30000001192092896,1,1,54,3.778796672821045,1.0,2,4
ELM_CTRL_SCR_ARR_DIRS_S99,0,5000000,5013504,/work/classic/fr_xl1014-easy-landmark-maze/IntrMotiv/SF_hipposlam/train_dir/analysis/online_spatial/easy_landmark_maze_control_20260923/ELM_CTRL_SCR_ARR_DIRS_S99/policy_00/snapshot_target_000005000000_actual_000005013504.npz,13,0.30000001192092896,1,1,53,3.725961685180664,1.0,2,0
ELM_CTRL_SCR_ARR_DIRS_S99,0,5000000,5013504,/work/classic/fr_xl1014-easy-landmark-maze/IntrMotiv/SF_hipposlam/train_dir/analysis/online_spatial/easy_landmark_maze_control_20260923/ELM_CTRL_SCR_ARR_DIRS_S99/policy_00/snapshot_target_000005000000_actual_000005013504.npz,14,0.30000001192092896,1,1,42,4.936253070831299,1.0,6,3
ELM_CTRL_SCR_ARR_DIRS_S99,0,5000000,5013504,/work/classic/fr_xl1014-easy-landmark-maze/IntrMotiv/SF_hipposlam/train_dir/analysis/online_spatial/easy_landmark_maze_control_20260923/ELM_CTRL_SCR_ARR_DIRS_S99/policy_00/snapshot_target_000005000000_actual_000005013504.npz,15,0.30000001192092896,1,1,27,0.894373893737793,0.6159501115475663,2,8
ELM_CTRL_SCR_ARR_DIRS_S99,0,5000000,5013504,/work/classic/fr_xl1014-easy-landmark-maze/IntrMotiv/SF_hipposlam/train_dir/analysis/online_spatial/easy_landmark_maze_control_20260923/ELM_CTRL_SCR_ARR_DIRS_S99/policy_00/snapshot_target_000005000000_actual_000005013504.npz,15,0.30000001192092896,2,2,12,0.5576493740081787,0.3840498884524337,6,0
ELM_CTRL_SCR_ARR_DIRS_S99,0,5000000,5013504,/work/classic/fr_xl1014-easy-landmark-maze/IntrMotiv/SF_hipposlam/train_dir/analysis/online_spatial/easy_landmark_maze_control_20260923/ELM_CTRL_SCR_ARR_DIRS_S99/policy_00/snapshot_target_000005000000_actual_000005013504.npz,0,0.5,4,1,12,1.0168567895889282,0.4636429978273494,2,8
ELM_CTRL_SCR_ARR_DIRS_S99,0,5000000,5013504,/work/classic/fr_xl1014-easy-landmark-maze/IntrMotiv/SF_hipposlam/train_dir/analysis/online_spatial/easy_landmark_maze_control_20260923/ELM_CTRL_SCR_ARR_DIRS_S99/policy_00/snapshot_target_000005000000_actual_000005013504.npz,0,0.5,5,2,7,0.5054464340209961,0.23046185294723218,7,8
ELM_CTRL_SCR_ARR_DIRS_S99,0,5000000,5013504,/work/classic/fr_xl1014-easy-landmark-maze/IntrMotiv/SF_hipposlam/train_dir/analysis/online_spatial/easy_landmark_maze_control_20260923/ELM_CTRL_SCR_ARR_DIRS_S99/policy_00/snapshot_target_000005000000_actual_000005013504.npz,0,0.5,1,3,4,0.2529155910015106,0.1153186407464717,4,0
ELM_CTRL_SCR_ARR_DIRS_S99,0,5000000,5013504,/work/classic/fr_xl1014-easy-landmark-maze/IntrMotiv/SF_hipposlam/train_dir/analysis/online_spatial/easy_landmark_maze_control_20260923/ELM_CTRL_SCR_ARR_DIRS_S99/policy_00/snapshot_target_000005000000_actual_000005013504.npz,0,0.5,3,4,3,0.2144373655319214,0.09777422348884682,0,3
ELM_CTRL_SCR_ARR_DIRS_S99,0,5000000,5013504,/work/classic/fr_xl1014-easy-landmark-maze/IntrMotiv/SF_hipposlam/train_dir/analysis/online_spatial/easy_landmark_maze_control_20260923/ELM_CTRL_SCR_ARR_DIRS_S99/policy_00/snapshot_target_000005000000_actual_000005013504.npz,0,0.5,2,5,3,0.20353296399116516,0.0928022849900999,8,2
ELM_CTRL_SCR_ARR_DIRS_S99,0,5000000,5013504,/work/classic/fr_xl1014-easy-landmark-maze/IntrMotiv/SF_hipposlam/train_dir/analysis/online_spatial/easy_landmark_maze_control_20260923/ELM_CTRL_SCR_ARR_DIRS_S99/policy_00/snapshot_target_000005000000_actual_000005013504.npz,1,0.5,1,1,42,2.365929365158081,1.0,8,8
ELM_CTRL_SCR_ARR_DIRS_S99,0,5000000,5013504,/work/classic/fr_xl1014-easy-landmark-maze/IntrMotiv/SF_hipposlam/train_dir/analysis/online_spatial/easy_landmark_maze_control_20260923/ELM_CTRL_SCR_ARR_DIRS_S99/policy_00/snapshot_target_000005000000_actual_000005013504.npz,2,0.5,2,1,10,0.5606282949447632,0.3539773263677698,6,0
ELM_CTRL_SCR_ARR_DIRS_S99,0,5000000,5013504,/work/classic/fr_xl1014-easy-landmark-maze/IntrMotiv/SF_hipposlam/train_dir/analysis/online_spatial/easy_landmark_maze_control_20260923/ELM_CTRL_SCR_ARR_DIRS_S99/policy_00/snapshot_target_000005000000_actual_000005013504.npz,2,0.5,1,2,9,0.4755295515060425,0.30024649267400655,0,3
ELM_CTRL_SCR_ARR_DIRS_S99,0,5000000,5013504,/work/classic/fr_xl1014-easy-landmark-maze/IntrMotiv/SF_hipposlam/train_dir/analysis/online_spatial/easy_landmark_maze_control_20260923/ELM_CTRL_SCR_ARR_DIRS_S99/policy_00/snapshot_target_000005000000_actual_000005013504.npz,2,0.5,5,3,7,0.414889931678772,0.26195900220667273,0,8
ELM_CTRL_SCR_ARR_DIRS_S99,0,5000000,5013504,/work/classic/fr_xl1014-easy-landmark-maze/IntrMotiv/SF_hipposlam/train_dir/analysis/online_spatial/easy_landmark_maze_control_20260923/ELM_CTRL_SCR_ARR_DIRS_S99/policy_00/snapshot_target_000005000000_actual_000005013504.npz,2,0.5,3,4,2,0.09322002530097961,0.058858562112402445,8,4
ELM_CTRL_SCR_ARR_DIRS_S99,0,5000000,5013504,/work/classic/fr_xl1014-easy-landmark-maze/IntrMotiv/SF_hipposlam/train_dir/analysis/online_spatial/easy_landmark_maze_control_20260923/ELM_CTRL_SCR_ARR_DIRS_S99/policy_00/snapshot_target_000005000000_actual_000005013504.npz,2,0.5,4,5,1,0.03952938690781593,0.02495861663914848,8,6
ELM_CTRL_SCR_ARR_DIRS_S99,0,5000000,5013504,/work/classic/fr_xl1014-easy-landmark-maze/IntrMotiv/SF_hipposlam/train_dir/analysis/online_spatial/easy_landmark_maze_control_20260923/ELM_CTRL_SCR_ARR_DIRS_S99/policy_00/snapshot_target_000005000000_actual_000005013504.npz,3,0.5,6,1,5,0.4338884651660919,0.3770573099454583,8,8
ELM_CTRL_SCR_ARR_DIRS_S99,0,5000000,5013504,/work/classic/fr_xl1014-easy-landmark-maze/IntrMotiv/SF_hipposlam/train_dir/analysis/online_spatial/easy_landmark_maze_control_20260923/ELM_CTRL_SCR_ARR_DIRS_S99/policy_00/snapshot_target_000005000000_actual_000005013504.npz,3,0.5,5,2,5,0.3615223169326782,0.31416975386912854,0,8
ELM_CTRL_SCR_ARR_DIRS_S99,0,5000000,5013504,/work/classic/fr_xl1014-easy-landmark-maze/IntrMotiv/SF_hipposlam/train_dir/analysis/online_spatial/easy_landmark_maze_control_20260923/ELM_CTRL_SCR_ARR_DIRS_S99/policy_00/snapshot_target_000005000000_actual_000005013504.npz,3,0.5,3,3,2,0.12417454272508621,0.10791003403537221,8,0
ELM_CTRL_SCR_ARR_DIRS_S99,0,5000000,5013504,/work/classic/fr_xl1014-easy-landmark-maze/IntrMotiv/SF_hipposlam/train_dir/analysis/online_spatial/easy_landmark_maze_control_20260923/ELM_CTRL_SCR_ARR_DIRS_S99/policy_00/snapshot_target_000005000000_actual_000005013504.npz,3,0.5,2,4,2,0.11579583585262299,0.10062877876405922,5,0
ELM_CTRL_SCR_ARR_DIRS_S99,0,5000000,5013504,/work/classic/fr_xl1014-easy-landmark-maze/IntrMotiv/SF_hipposlam/train_dir/analysis/online_spatial/easy_landmark_maze_control_20260923/ELM_CTRL_SCR_ARR_DIRS_S99/policy_00/snapshot_target_000005000000_actual_000005013504.npz,3,0.5,1,5,1,0.05769732967019081,0.05014007438098306,0,0
ELM_CTRL_SCR_ARR_DIRS_S99,0,5000000,5013504,/work/classic/fr_xl1014-easy-landmark-maze/IntrMotiv/SF_hipposlam/train_dir/analysis/online_spatial/easy_landmark_maze_control_20260923/ELM_CTRL_SCR_ARR_DIRS_S99/policy_00/snapshot_target_000005000000_actual_000005013504.npz,3,0.5,4,6,1,0.05764436721801758,0.05009404900499868,8,3
ELM_CTRL_SCR_ARR_DIRS_S99,0,5000000,5013504,/work/classic/fr_xl1014-easy-landmark-maze/IntrMotiv/SF_hipposlam/train_dir/analysis/online_spatial/easy_landmark_maze_control_20260923/ELM_CTRL_SCR_ARR_DIRS_S99/policy_00/snapshot_target_000005000000_actual_000005013504.npz,4,0.5,3,1,3,0.37284064292907715,0.4543755932420323,8,8
ELM_CTRL_SCR_ARR_DIRS_S99,0,5000000,5013504,/work/classic/fr_xl1014-easy-landmark-maze/IntrMotiv/SF_hipposlam/train_dir/analysis/online_spatial/easy_landmark_maze_control_20260923/ELM_CTRL_SCR_ARR_DIRS_S99/policy_00/snapshot_target_000005000000_actual_000005013504.npz,4,0.5,2,2,3,0.34069663286209106,0.41520214495961705,0,8
ELM_CTRL_SCR_ARR_DIRS_S99,0,5000000,5013504,/work/classic/fr_xl1014-easy-landmark-maze/IntrMotiv/SF_hipposlam/train_dir/analysis/online_spatial/easy_landmark_maze_control_20260923/ELM_CTRL_SCR_ARR_DIRS_S99/policy_00/snapshot_target_000005000000_actual_000005013504.npz,4,0.5,1,3,1,0.10701877623796463,0.13042226179835067,0,0
ELM_CTRL_SCR_ARR_DIRS_S99,0,5000000,5013504,/work/classic/fr_xl1014-easy-landmark-maze/IntrMotiv/SF_hipposlam/train_dir/analysis/online_spatial/easy_landmark_maze_control_20260923/ELM_CTRL_SCR_ARR_DIRS_S99/policy_00/snapshot_target_000005000000_actual_000005013504.npz,5,0.5,1,1,23,1.038310170173645,0.5483718703312422,8,6
ELM_CTRL_SCR_ARR_DIRS_S99,0,5000000,5013504,/work/classic/fr_xl1014-easy-landmark-maze/IntrMotiv/SF_hipposlam/train_dir/analysis/online_spatial/easy_landmark_maze_control_20260923/ELM_CTRL_SCR_ARR_DIRS_S99/policy_00/snapshot_target_000005000000_actual_000005013504.npz,5,0.5,3,2,13,0.609639048576355,0.32197402558318927,2,8
ELM_CTRL_SCR_ARR_DIRS_S99,0,5000000,5013504,/work/classic/fr_xl1014-easy-landmark-maze/IntrMotiv/SF_hipposlam/train_dir/analysis/online_spatial/easy_landmark_maze_control_20260923/ELM_CTRL_SCR_ARR_DIRS_S99/policy_00/snapshot_target_000005000000_actual_000005013504.npz,5,0.5,2,3,5,0.24549248814582825,0.12965410408556852,0,2
ELM_CTRL_SCR_ARR_DIRS_S99,0,5000000,5013504,/work/classic/fr_xl1014-easy-landmark-maze/IntrMotiv/SF_hipposlam/train_dir/analysis/online_spatial/easy_landmark_maze_control_20260923/ELM_CTRL_SCR_ARR_DIRS_S99/policy_00/snapshot_target_000005000000_actual_000005013504.npz,6,0.5,2,1,23,1.2461904287338257,0.5129724260102825,2,7
ELM_CTRL_SCR_ARR_DIRS_S99,0,5000000,5013504,/work/classic/fr_xl1014-easy-landmark-maze/IntrMotiv/SF_hipposlam/train_dir/analysis/online_spatial/easy_landmark_maze_control_20260923/ELM_CTRL_SCR_ARR_DIRS_S99/policy_00/snapshot_target_000005000000_actual_000005013504.npz,6,0.5,1,2,22,1.1831612586975098,0.48702757398971747,3,1
ELM_CTRL_SCR_ARR_DIRS_S99,0,5000000,5013504,/work/classic/fr_xl1014-easy-landmark-maze/IntrMotiv/SF_hipposlam/train_dir/analysis/online_spatial/easy_landmark_maze_control_20260923/ELM_CTRL_SCR_ARR_DIRS_S99/policy_00/snapshot_target_000005000000_actual_000005013504.npz,7,0.5,1,1,6,0.41676393151283264,0.6569128039746946,0,8
ELM_CTRL_SCR_ARR_DIRS_S99,0,5000000,5013504,/work/classic/fr_xl1014-easy-landmark-maze/IntrMotiv/SF_hipposlam/train_dir/analysis/online_spatial/easy_landmark_maze_control_20260923/ELM_CTRL_SCR_ARR_DIRS_S99/policy_00/snapshot_target_000005000000_actual_000005013504.npz,7,0.5,2,2,3,0.21766415238380432,0.3430871960253053,8,8
ELM_CTRL_SCR_ARR_DIRS_S99,0,5000000,5013504,/work/classic/fr_xl1014-easy-landmark-maze/IntrMotiv/SF_hipposlam/train_dir/analysis/online_spatial/easy_landmark_maze_control_20260923/ELM_CTRL_SCR_ARR_DIRS_S99/policy_00/snapshot_target_000005000000_actual_000005013504.npz,8,0.5,1,1,28,2.7056164741516113,0.9494264632349353,6,5
ELM_CTRL_SCR_ARR_DIRS_S99,0,5000000,5013504,/work/classic/fr_xl1014-easy-landmark-maze/IntrMotiv/SF_hipposlam/train_dir/analysis/online_spatial/easy_landmark_maze_control_20260923/ELM_CTRL_SCR_ARR_DIRS_S99/policy_00/snapshot_target_000005000000_actual_000005013504.npz,8,0.5,2,2,2,0.14412131905555725,0.05057353676506476,6,8
ELM_CTRL_SCR_ARR_DIRS_S99,0,5000000,5013504,/work/classic/fr_xl1014-easy-landmark-maze/IntrMotiv/SF_hipposlam/train_dir/analysis/online_spatial/easy_landmark_maze_control_20260923/ELM_CTRL_SCR_ARR_DIRS_S99/policy_00/snapshot_target_000005000000_actual_000005013504.npz,9,0.5,1,1,17,2.057521104812622,1.0,3,2
ELM_CTRL_SCR_ARR_DIRS_S99,0,5000000,5013504,/work/classic/fr_xl1014-easy-landmark-maze/IntrMotiv/SF_hipposlam/train_dir/analysis/online_spatial/easy_landmark_maze_control_20260923/ELM_CTRL_SCR_ARR_DIRS_S99/policy_00/snapshot_target_000005000000_actual_000005013504.npz,10,0.5,1,1,3,0.030098527669906616,0.5422297673666954,0,8
ELM_CTRL_SCR_ARR_DIRS_S99,0,5000000,5013504,/work/classic/fr_xl1014-easy-landmark-maze/IntrMotiv/SF_hipposlam/train_dir/analysis/online_spatial/easy_landmark_maze_control_20260923/ELM_CTRL_SCR_ARR_DIRS_S99/policy_00/snapshot_target_000005000000_actual_000005013504.npz,10,0.5,2,2,3,0.025410279631614685,0.45777023263330463,8,8
ELM_CTRL_SCR_ARR_DIRS_S99,0,5000000,5013504,/work/classic/fr_xl1014-easy-landmark-maze/IntrMotiv/SF_hipposlam/train_dir/analysis/online_spatial/easy_landmark_maze_control_20260923/ELM_CTRL_SCR_ARR_DIRS_S99/policy_00/snapshot_target_000005000000_actual_000005013504.npz,11,0.5,1,1,59,4.048684597015381,1.0,4,0
ELM_CTRL_SCR_ARR_DIRS_S99,0,5000000,5013504,/work/classic/fr_xl1014-easy-landmark-maze/IntrMotiv/SF_hipposlam/train_dir/analysis/online_spatial/easy_landmark_maze_control_20260923/ELM_CTRL_SCR_ARR_DIRS_S99/policy_00/snapshot_target_000005000000_actual_000005013504.npz,12,0.5,1,1,17,1.5205507278442383,0.7095216425087397,2,4
ELM_CTRL_SCR_ARR_DIRS_S99,0,5000000,5013504,/work/classic/fr_xl1014-easy-landmark-maze/IntrMotiv/SF_hipposlam/train_dir/analysis/online_spatial/easy_landmark_maze_control_20260923/ELM_CTRL_SCR_ARR_DIRS_S99/policy_00/snapshot_target_000005000000_actual_000005013504.npz,12,0.5,2,2,7,0.6225138902664185,0.2904783574912602,6,6
ELM_CTRL_SCR_ARR_DIRS_S99,0,5000000,5013504,/work/classic/fr_xl1014-easy-landmark-maze/IntrMotiv/SF_hipposlam/train_dir/analysis/online_spatial/easy_landmark_maze_control_20260923/ELM_CTRL_SCR_ARR_DIRS_S99/policy_00/snapshot_target_000005000000_actual_000005013504.npz,13,0.5,1,1,32,2.7373046875,0.9745997962612025,2,0
ELM_CTRL_SCR_ARR_DIRS_S99,0,5000000,5013504,/work/classic/fr_xl1014-easy-landmark-maze/IntrMotiv/SF_hipposlam/train_dir/analysis/online_spatial/easy_landmark_maze_control_20260923/ELM_CTRL_SCR_ARR_DIRS_S99/policy_00/snapshot_target_000005000000_actual_000005013504.npz,13,0.5,2,2,1,0.0713401511311531,0.025400203738797426,5,8
ELM_CTRL_SCR_ARR_DIRS_S99,0,5000000,5013504,/work/classic/fr_xl1014-easy-landmark-maze/IntrMotiv/SF_hipposlam/train_dir/analysis/online_spatial/easy_landmark_maze_control_20260923/ELM_CTRL_SCR_ARR_DIRS_S99/policy_00/snapshot_target_000005000000_actual_000005013504.npz,14,0.5,1,1,21,3.132711410522461,1.0,6,3
ELM_CTRL_SCR_ARR_DIRS_S99,0,5000000,5013504,/work/classic/fr_xl1014-easy-landmark-maze/IntrMotiv/SF_hipposlam/train_dir/analysis/online_spatial/easy_landmark_maze_control_20260923/ELM_CTRL_SCR_ARR_DIRS_S99/policy_00/snapshot_target_000005000000_actual_000005013504.npz,15,0.5,1,1,10,0.5004051923751831,0.531072417410451,6,0
ELM_CTRL_SCR_ARR_DIRS_S99,0,5000000,5013504,/work/classic/fr_xl1014-easy-landmark-maze/IntrMotiv/SF_hipposlam/train_dir/analysis/online_spatial/easy_landmark_maze_control_20260923/ELM_CTRL_SCR_ARR_DIRS_S99/policy_00/snapshot_target_000005000000_actual_000005013504.npz,15,0.5,3,2,6,0.3167598843574524,0.33617244602498236,2,8
ELM_CTRL_SCR_ARR_DIRS_S99,0,5000000,5013504,/work/classic/fr_xl1014-easy-landmark-maze/IntrMotiv/SF_hipposlam/train_dir/analysis/online_spatial/easy_landmark_maze_control_20260923/ELM_CTRL_SCR_ARR_DIRS_S99/policy_00/snapshot_target_000005000000_actual_000005013504.npz,15,0.5,2,3,3,0.12508907914161682,0.13275513656456664,0,3
ELM_CTRL_SCR_ARR_DIRS_S99,0,5000000,5013504,/work/classic/fr_xl1014-easy-landmark-maze/IntrMotiv/SF_hipposlam/train_dir/analysis/online_spatial/easy_landmark_maze_control_20260923/ELM_CTRL_SCR_ARR_DIRS_S99/policy_00/snapshot_target_000005000000_actual_000005013504.npz,0,0.699999988079071,3,1,7,0.6799571514129639,0.7350314278407879,2,8
ELM_CTRL_SCR_ARR_DIRS_S99,0,5000000,5013504,/work/classic/fr_xl1014-easy-landmark-maze/IntrMotiv/SF_hipposlam/train_dir/analysis/online_spatial/easy_landmark_maze_control_20260923/ELM_CTRL_SCR_ARR_DIRS_S99/policy_00/snapshot_target_000005000000_actual_000005013504.npz,0,0.699999988079071,4,2,1,0.0828571617603302,0.08956831734025275,7,8
ELM_CTRL_SCR_ARR_DIRS_S99,0,5000000,5013504,/work/classic/fr_xl1014-easy-landmark-maze/IntrMotiv/SF_hipposlam/train_dir/analysis/online_spatial/easy_landmark_maze_control_20260923/ELM_CTRL_SCR_ARR_DIRS_S99/policy_00/snapshot_target_000005000000_actual_000005013504.npz,0,0.699999988079071,2,3,1,0.082146555185318,0.08880015398704898,8,6
ELM_CTRL_SCR_ARR_DIRS_S99,0,5000000,5013504,/work/classic/fr_xl1014-easy-landmark-maze/IntrMotiv/SF_hipposlam/train_dir/analysis/online_spatial/easy_landmark_maze_control_20260923/ELM_CTRL_SCR_ARR_DIRS_S99/policy_00/snapshot_target_000005000000_actual_000005013504.npz,0,0.699999988079071,1,4,1,0.08011134713888168,0.08660010083191037,0,3
ELM_CTRL_SCR_ARR_DIRS_S99,0,5000000,5013504,/work/classic/fr_xl1014-easy-landmark-maze/IntrMotiv/SF_hipposlam/train_dir/analysis/online_spatial/easy_landmark_maze_control_20260923/ELM_CTRL_SCR_ARR_DIRS_S99/policy_00/snapshot_target_000005000000_actual_000005013504.npz,1,0.699999988079071,1,1,13,0.7739241123199463,0.42303078450637027,2,8
ELM_CTRL_SCR_ARR_DIRS_S99,0,5000000,5013504,/work/classic/fr_xl1014-easy-landmark-maze/IntrMotiv/SF_hipposlam/train_dir/analysis/online_spatial/easy_landmark_maze_control_20260923/ELM_CTRL_SCR_ARR_DIRS_S99/policy_00/snapshot_target_000005000000_actual_000005013504.npz,1,0.699999988079071,2,2,11,0.6761112809181213,0.3695658024183107,6,0
ELM_CTRL_SCR_ARR_DIRS_S99,0,5000000,5013504,/work/classic/fr_xl1014-easy-landmark-maze/IntrMotiv/SF_hipposlam/train_dir/analysis/online_spatial/easy_landmark_maze_control_20260923/ELM_CTRL_SCR_ARR_DIRS_S99/policy_00/snapshot_target_000005000000_actual_000005013504.npz,1,0.699999988079071,3,3,6,0.3794392943382263,0.20740341307531904,8,8
ELM_CTRL_SCR_ARR_DIRS_S99,0,5000000,5013504,/work/classic/fr_xl1014-easy-landmark-maze/IntrMotiv/SF_hipposlam/train_dir/analysis/online_spatial/easy_landmark_maze_control_20260923/ELM_CTRL_SCR_ARR_DIRS_S99/policy_00/snapshot_target_000005000000_actual_000005013504.npz,2,0.699999988079071,2,1,4,0.27642375230789185,0.34812398813271594,6,0
ELM_CTRL_SCR_ARR_DIRS_S99,0,5000000,5013504,/work/classic/fr_xl1014-easy-landmark-maze/IntrMotiv/SF_hipposlam/train_dir/analysis/online_spatial/easy_landmark_maze_control_20260923/ELM_CTRL_SCR_ARR_DIRS_S99/policy_00/snapshot_target_000005000000_actual_000005013504.npz,2,0.699999988079071,4,2,4,0.25867676734924316,0.3257736975749978,0,8
ELM_CTRL_SCR_ARR_DIRS_S99,0,5000000,5013504,/work/classic/fr_xl1014-easy-landmark-maze/IntrMotiv/SF_hipposlam/train_dir/analysis/online_spatial/easy_landmark_maze_control_20260923/ELM_CTRL_SCR_ARR_DIRS_S99/policy_00/snapshot_target_000005000000_actual_000005013504.npz,2,0.699999988079071,3,3,3,0.20302775502204895,0.25569015393866307,0,3
ELM_CTRL_SCR_ARR_DIRS_S99,0,5000000,5013504,/work/classic/fr_xl1014-easy-landmark-maze/IntrMotiv/SF_hipposlam/train_dir/analysis/online_spatial/easy_landmark_maze_control_20260923/ELM_CTRL_SCR_ARR_DIRS_S99/policy_00/snapshot_target_000005000000_actual_000005013504.npz,2,0.699999988079071,1,4,1,0.05590994656085968,0.07041216035362319,0,0
ELM_CTRL_SCR_ARR_DIRS_S99,0,5000000,5013504,/work/classic/fr_xl1014-easy-landmark-maze/IntrMotiv/SF_hipposlam/train_dir/analysis/online_spatial/easy_landmark_maze_control_20260923/ELM_CTRL_SCR_ARR_DIRS_S99/policy_00/snapshot_target_000005000000_actual_000005013504.npz,3,0.699999988079071,2,1,3,0.30084744095802307,0.6320130943389624,8,8
ELM_CTRL_SCR_ARR_DIRS_S99,0,5000000,5013504,/work/classic/fr_xl1014-easy-landmark-maze/IntrMotiv/SF_hipposlam/train_dir/analysis/online_spatial/easy_landmark_maze_control_20260923/ELM_CTRL_SCR_ARR_DIRS_S99/policy_00/snapshot_target_000005000000_actual_000005013504.npz,3,0.699999988079071,1,2,2,0.17516712844371796,0.3679869056610377,0,8
ELM_CTRL_SCR_ARR_DIRS_S99,0,5000000,5013504,/work/classic/fr_xl1014-easy-landmark-maze/IntrMotiv/SF_hipposlam/train_dir/analysis/online_spatial/easy_landmark_maze_control_20260923/ELM_CTRL_SCR_ARR_DIRS_S99/policy_00/snapshot_target_000005000000_actual_000005013504.npz,4,0.699999988079071,2,1,2,0.2760838270187378,0.5117652573408872,8,8
ELM_CTRL_SCR_ARR_DIRS_S99,0,5000000,5013504,/work/classic/fr_xl1014-easy-landmark-maze/IntrMotiv/SF_hipposlam/train_dir/analysis/online_spatial/easy_landmark_maze_control_20260923/ELM_CTRL_SCR_ARR_DIRS_S99/policy_00/snapshot_target_000005000000_actual_000005013504.npz,4,0.699999988079071,1,2,2,0.2633897364139557,0.4882347426591128,0,8
ELM_CTRL_SCR_ARR_DIRS_S99,0,5000000,5013504,/work/classic/fr_xl1014-easy-landmark-maze/IntrMotiv/SF_hipposlam/train_dir/analysis/online_spatial/easy_landmark_maze_control_20260923/ELM_CTRL_SCR_ARR_DIRS_S99/policy_00/snapshot_target_000005000000_actual_000005013504.npz,5,0.699999988079071,5,1,4,0.2421741783618927,0.27377821211443143,2,8
ELM_CTRL_SCR_ARR_DIRS_S99,0,5000000,5013504,/work/classic/fr_xl1014-easy-landmark-maze/IntrMotiv/SF_hipposlam/train_dir/analysis/online_spatial/easy_landmark_maze_control_20260923/ELM_CTRL_SCR_ARR_DIRS_S99/policy_00/snapshot_target_000005000000_actual_000005013504.npz,5,0.699999988079071,2,2,4,0.20683732628822327,0.23382985656339356,0,2
ELM_CTRL_SCR_ARR_DIRS_S99,0,5000000,5013504,/work/classic/fr_xl1014-easy-landmark-maze/IntrMotiv/SF_hipposlam/train_dir/analysis/online_spatial/easy_landmark_maze_control_20260923/ELM_CTRL_SCR_ARR_DIRS_S99/policy_00/snapshot_target_000005000000_actual_000005013504.npz,5,0.699999988079071,1,3,3,0.1610623598098755,0.18208119959752733,4,0
ELM_CTRL_SCR_ARR_DIRS_S99,0,5000000,5013504,/work/classic/fr_xl1014-easy-landmark-maze/IntrMotiv/SF_hipposlam/train_dir/analysis/online_spatial/easy_landmark_maze_control_20260923/ELM_CTRL_SCR_ARR_DIRS_S99/policy_00/snapshot_target_000005000000_actual_000005013504.npz,5,0.699999988079071,3,4,3,0.15404152870178223,0.1741441412317969,8,3
ELM_CTRL_SCR_ARR_DIRS_S99,0,5000000,5013504,/work/classic/fr_xl1014-easy-landmark-maze/IntrMotiv/SF_hipposlam/train_dir/analysis/online_spatial/easy_landmark_maze_control_20260923/ELM_CTRL_SCR_ARR_DIRS_S99/policy_00/snapshot_target_000005000000_actual_000005013504.npz,5,0.699999988079071,4,5,2,0.12044797837734222,0.1361665904928508,8,6
ELM_CTRL_SCR_ARR_DIRS_S99,0,5000000,5013504,/work/classic/fr_xl1014-easy-landmark-maze/IntrMotiv/SF_hipposlam/train_dir/analysis/online_spatial/easy_landmark_maze_control_20260923/ELM_CTRL_SCR_ARR_DIRS_S99/policy_00/snapshot_target_000005000000_actual_000005013504.npz,6,0.699999988079071,3,1,12,0.7572365403175354,0.5051088647795134,2,7
ELM_CTRL_SCR_ARR_DIRS_S99,0,5000000,5013504,/work/classic/fr_xl1014-easy-landmark-maze/IntrMotiv/SF_hipposlam/train_dir/analysis/online_spatial/easy_landmark_maze_control_20260923/ELM_CTRL_SCR_ARR_DIRS_S99/policy_00/snapshot_target_000005000000_actual_000005013504.npz,6,0.699999988079071,1,2,10,0.6168574690818787,0.4114700748699412,3,1
ELM_CTRL_SCR_ARR_DIRS_S99,0,5000000,5013504,/work/classic/fr_xl1014-easy-landmark-maze/IntrMotiv/SF_hipposlam/train_dir/analysis/online_spatial/easy_landmark_maze_control_20260923/ELM_CTRL_SCR_ARR_DIRS_S99/policy_00/snapshot_target_000005000000_actual_000005013504.npz,6,0.699999988079071,2,3,2,0.12506110966205597,0.0834210603505454,8,2
ELM_CTRL_SCR_ARR_DIRS_S99,0,5000000,5013504,/work/classic/fr_xl1014-easy-landmark-maze/IntrMotiv/SF_hipposlam/train_dir/analysis/online_spatial/easy_landmark_maze_control_20260923/ELM_CTRL_SCR_ARR_DIRS_S99/policy_00/snapshot_target_000005000000_actual_000005013504.npz,7,0.699999988079071,1,1,6,0.41676393151283264,0.6569128039746946,0,8
ELM_CTRL_SCR_ARR_DIRS_S99,0,5000000,5013504,/work/classic/fr_xl1014-easy-landmark-maze/IntrMotiv/SF_hipposlam/train_dir/analysis/online_spatial/easy_landmark_maze_control_20260923/ELM_CTRL_SCR_ARR_DIRS_S99/policy_00/snapshot_target_000005000000_actual_000005013504.npz,7,0.699999988079071,2,2,3,0.21766415238380432,0.3430871960253053,8,8
ELM_CTRL_SCR_ARR_DIRS_S99,0,5000000,5013504,/work/classic/fr_xl1014-easy-landmark-maze/IntrMotiv/SF_hipposlam/train_dir/analysis/online_spatial/easy_landmark_maze_control_20260923/ELM_CTRL_SCR_ARR_DIRS_S99/policy_00/snapshot_target_000005000000_actual_000005013504.npz,8,0.699999988079071,1,1,12,1.390964150428772,1.0,6,5
ELM_CTRL_SCR_ARR_DIRS_S99,0,5000000,5013504,/work/classic/fr_xl1014-easy-landmark-maze/IntrMotiv/SF_hipposlam/train_dir/analysis/online_spatial/easy_landmark_maze_control_20260923/ELM_CTRL_SCR_ARR_DIRS_S99/policy_00/snapshot_target_000005000000_actual_000005013504.npz,9,0.699999988079071,1,1,8,1.1266400814056396,1.0,3,2
ELM_CTRL_SCR_ARR_DIRS_S99,0,5000000,5013504,/work/classic/fr_xl1014-easy-landmark-maze/IntrMotiv/SF_hipposlam/train_dir/analysis/online_spatial/easy_landmark_maze_control_20260923/ELM_CTRL_SCR_ARR_DIRS_S99/policy_00/snapshot_target_000005000000_actual_000005013504.npz,10,0.699999988079071,1,1,2,0.023018989711999893,0.689462782299106,0,8
ELM_CTRL_SCR_ARR_DIRS_S99,0,5000000,5013504,/work/classic/fr_xl1014-easy-landmark-maze/IntrMotiv/SF_hipposlam/train_dir/analysis/online_spatial/easy_landmark_maze_control_20260923/ELM_CTRL_SCR_ARR_DIRS_S99/policy_00/snapshot_target_000005000000_actual_000005013504.npz,10,0.699999988079071,2,2,1,0.010367859154939651,0.310537217700894,8,8
ELM_CTRL_SCR_ARR_DIRS_S99,0,5000000,5013504,/work/classic/fr_xl1014-easy-landmark-maze/IntrMotiv/SF_hipposlam/train_dir/analysis/online_spatial/easy_landmark_maze_control_20260923/ELM_CTRL_SCR_ARR_DIRS_S99/policy_00/snapshot_target_000005000000_actual_000005013504.npz,11,0.699999988079071,2,1,15,1.1908080577850342,0.5189549535947386,2,7
ELM_CTRL_SCR_ARR_DIRS_S99,0,5000000,5013504,/work/classic/fr_xl1014-easy-landmark-maze/IntrMotiv/SF_hipposlam/train_dir/analysis/online_spatial/easy_landmark_maze_control_20260923/ELM_CTRL_SCR_ARR_DIRS_S99/policy_00/snapshot_target_000005000000_actual_000005013504.npz,11,0.699999988079071,1,2,9,0.7183934450149536,0.31307634717718746,4,0
ELM_CTRL_SCR_ARR_DIRS_S99,0,5000000,5013504,/work/classic/fr_xl1014-easy-landmark-maze/IntrMotiv/SF_hipposlam/train_dir/analysis/online_spatial/easy_landmark_maze_control_20260923/ELM_CTRL_SCR_ARR_DIRS_S99/policy_00/snapshot_target_000005000000_actual_000005013504.npz,11,0.699999988079071,3,3,3,0.2373897135257721,0.10345459703706049,8,2
ELM_CTRL_SCR_ARR_DIRS_S99,0,5000000,5013504,/work/classic/fr_xl1014-easy-landmark-maze/IntrMotiv/SF_hipposlam/train_dir/analysis/online_spatial/easy_landmark_maze_control_20260923/ELM_CTRL_SCR_ARR_DIRS_S99/policy_00/snapshot_target_000005000000_actual_000005013504.npz,11,0.699999988079071,4,4,1,0.07684917747974396,0.03349092330377375,8,6
ELM_CTRL_SCR_ARR_DIRS_S99,0,5000000,5013504,/work/classic/fr_xl1014-easy-landmark-maze/IntrMotiv/SF_hipposlam/train_dir/analysis/online_spatial/easy_landmark_maze_control_20260923/ELM_CTRL_SCR_ARR_DIRS_S99/policy_00/snapshot_target_000005000000_actual_000005013504.npz,11,0.699999988079071,5,5,1,0.0711866244673729,0.0310231788872397,6,8
ELM_CTRL_SCR_ARR_DIRS_S99,0,5000000,5013504,/work/classic/fr_xl1014-easy-landmark-maze/IntrMotiv/SF_hipposlam/train_dir/analysis/online_spatial/easy_landmark_maze_control_20260923/ELM_CTRL_SCR_ARR_DIRS_S99/policy_00/snapshot_target_000005000000_actual_000005013504.npz,12,0.699999988079071,1,1,5,0.5734182000160217,0.732078007442146,2,4
ELM_CTRL_SCR_ARR_DIRS_S99,0,5000000,5013504,/work/classic/fr_xl1014-easy-landmark-maze/IntrMotiv/SF_hipposlam/train_dir/analysis/online_spatial/easy_landmark_maze_control_20260923/ELM_CTRL_SCR_ARR_DIRS_S99/policy_00/snapshot_target_000005000000_actual_000005013504.npz,12,0.699999988079071,2,2,2,0.2098565250635147,0.26792199255785404,6,6
ELM_CTRL_SCR_ARR_DIRS_S99,0,5000000,5013504,/work/classic/fr_xl1014-easy-landmark-maze/IntrMotiv/SF_hipposlam/train_dir/analysis/online_spatial/easy_landmark_maze_control_20260923/ELM_CTRL_SCR_ARR_DIRS_S99/policy_00/snapshot_target_000005000000_actual_000005013504.npz,13,0.699999988079071,1,1,11,1.1416990756988525,0.7837147140821085,2,0
ELM_CTRL_SCR_ARR_DIRS_S99,0,5000000,5013504,/work/classic/fr_xl1014-easy-landmark-maze/IntrMotiv/SF_hipposlam/train_dir/analysis/online_spatial/easy_landmark_maze_control_20260923/ELM_CTRL_SCR_ARR_DIRS_S99/policy_00/snapshot_target_000005000000_actual_000005013504.npz,13,0.699999988079071,3,2,2,0.21959622204303741,0.15074093868966704,8,5
ELM_CTRL_SCR_ARR_DIRS_S99,0,5000000,5013504,/work/classic/fr_xl1014-easy-landmark-maze/IntrMotiv/SF_hipposlam/train_dir/analysis/online_spatial/easy_landmark_maze_control_20260923/ELM_CTRL_SCR_ARR_DIRS_S99/policy_00/snapshot_target_000005000000_actual_000005013504.npz,13,0.699999988079071,2,3,1,0.09548362344503403,0.0655443472282245,6,0
ELM_CTRL_SCR_ARR_DIRS_S99,0,5000000,5013504,/work/classic/fr_xl1014-easy-landmark-maze/IntrMotiv/SF_hipposlam/train_dir/analysis/online_spatial/easy_landmark_maze_control_20260923/ELM_CTRL_SCR_ARR_DIRS_S99/policy_00/snapshot_target_000005000000_actual_000005013504.npz,14,0.699999988079071,1,1,8,1.426505208015442,1.0,6,3
ELM_CTRL_SCR_ARR_DIRS_S99,0,5000000,5013504,/work/classic/fr_xl1014-easy-landmark-maze/IntrMotiv/SF_hipposlam/train_dir/analysis/online_spatial/easy_landmark_maze_control_20260923/ELM_CTRL_SCR_ARR_DIRS_S99/policy_00/snapshot_target_000005000000_actual_000005013504.npz,15,0.699999988079071,1,1,5,0.29505807161331177,0.5089084791648385,6,0
ELM_CTRL_SCR_ARR_DIRS_S99,0,5000000,5013504,/work/classic/fr_xl1014-easy-landmark-maze/IntrMotiv/SF_hipposlam/train_dir/analysis/online_spatial/easy_landmark_maze_control_20260923/ELM_CTRL_SCR_ARR_DIRS_S99/policy_00/snapshot_target_000005000000_actual_000005013504.npz,15,0.699999988079071,3,2,4,0.2329045534133911,0.4017077093336068,2,8
ELM_CTRL_SCR_ARR_DIRS_S99,0,5000000,5013504,/work/classic/fr_xl1014-easy-landmark-maze/IntrMotiv/SF_hipposlam/train_dir/analysis/online_spatial/easy_landmark_maze_control_20260923/ELM_CTRL_SCR_ARR_DIRS_S99/policy_00/snapshot_target_000005000000_actual_000005013504.npz,15,0.699999988079071,2,3,1,0.05182349309325218,0.08938381150155468,0,3
ELM_CTRL_SCR_ARR_DIRS_S99,0,25000000,25001984,/work/classic/fr_xl1014-easy-landmark-maze/IntrMotiv/SF_hipposlam/train_dir/analysis/online_spatial/easy_landmark_maze_control_20260923/ELM_CTRL_SCR_ARR_DIRS_S99/policy_00/snapshot_target_000025000000_actual_000025001984.npz,0,0.30000001192092896,1,1,64,3.875446319580078,1.0,6,0
ELM_CTRL_SCR_ARR_DIRS_S99,0,25000000,25001984,/work/classic/fr_xl1014-easy-landmark-maze/IntrMotiv/SF_hipposlam/train_dir/analysis/online_spatial/easy_landmark_maze_control_20260923/ELM_CTRL_SCR_ARR_DIRS_S99/policy_00/snapshot_target_000025000000_actual_000025001984.npz,1,0.30000001192092896,2,1,45,2.532945394515991,0.9252577892670424,8,4
ELM_CTRL_SCR_ARR_DIRS_S99,0,25000000,25001984,/work/classic/fr_xl1014-easy-landmark-maze/IntrMotiv/SF_hipposlam/train_dir/analysis/online_spatial/easy_landmark_maze_control_20260923/ELM_CTRL_SCR_ARR_DIRS_S99/policy_00/snapshot_target_000025000000_actual_000025001984.npz,1,0.30000001192092896,1,2,6,0.20461101830005646,0.07474221073295759,5,0
ELM_CTRL_SCR_ARR_DIRS_S99,0,25000000,25001984,/work/classic/fr_xl1014-easy-landmark-maze/IntrMotiv/SF_hipposlam/train_dir/analysis/online_spatial/easy_landmark_maze_control_20260923/ELM_CTRL_SCR_ARR_DIRS_S99/policy_00/snapshot_target_000025000000_actual_000025001984.npz,2,0.30000001192092896,1,1,44,7.333836078643799,1.0,4,3
ELM_CTRL_SCR_ARR_DIRS_S99,0,25000000,25001984,/work/classic/fr_xl1014-easy-landmark-maze/IntrMotiv/SF_hipposlam/train_dir/analysis/online_spatial/easy_landmark_maze_control_20260923/ELM_CTRL_SCR_ARR_DIRS_S99/policy_00/snapshot_target_000025000000_actual_000025001984.npz,3,0.30000001192092896,1,1,31,1.266316533088684,0.8261979039063564,2,8
ELM_CTRL_SCR_ARR_DIRS_S99,0,25000000,25001984,/work/classic/fr_xl1014-easy-landmark-maze/IntrMotiv/SF_hipposlam/train_dir/analysis/online_spatial/easy_landmark_maze_control_20260923/ELM_CTRL_SCR_ARR_DIRS_S99/policy_00/snapshot_target_000025000000_actual_000025001984.npz,3,0.30000001192092896,2,2,5,0.26638710498809814,0.17380209609364367,8,3
ELM_CTRL_SCR_ARR_DIRS_S99,0,25000000,25001984,/work/classic/fr_xl1014-easy-landmark-maze/IntrMotiv/SF_hipposlam/train_dir/analysis/online_spatial/easy_landmark_maze_control_20260923/ELM_CTRL_SCR_ARR_DIRS_S99/policy_00/snapshot_target_000025000000_actual_000025001984.npz,4,0.30000001192092896,2,1,52,3.627743721008301,0.9914076591293473,5,0
ELM_CTRL_SCR_ARR_DIRS_S99,0,25000000,25001984,/work/classic/fr_xl1014-easy-landmark-maze/IntrMotiv/SF_hipposlam/train_dir/analysis/online_spatial/easy_landmark_maze_control_20260923/ELM_CTRL_SCR_ARR_DIRS_S99/policy_00/snapshot_target_000025000000_actual_000025001984.npz,4,0.30000001192092896,1,2,1,0.031440962105989456,0.008592340870652752,0,0
ELM_CTRL_SCR_ARR_DIRS_S99,0,25000000,25001984,/work/classic/fr_xl1014-easy-landmark-maze/IntrMotiv/SF_hipposlam/train_dir/analysis/online_spatial/easy_landmark_maze_control_20260923/ELM_CTRL_SCR_ARR_DIRS_S99/policy_00/snapshot_target_000025000000_actual_000025001984.npz,5,0.30000001192092896,1,1,49,3.2527923583984375,1.0,8,5
ELM_CTRL_SCR_ARR_DIRS_S99,0,25000000,25001984,/work/classic/fr_xl1014-easy-landmark-maze/IntrMotiv/SF_hipposlam/train_dir/analysis/online_spatial/easy_landmark_maze_control_20260923/ELM_CTRL_SCR_ARR_DIRS_S99/policy_00/snapshot_target_000025000000_actual_000025001984.npz,6,0.30000001192092896,1,1,57,4.293585777282715,1.0,3,6
ELM_CTRL_SCR_ARR_DIRS_S99,0,25000000,25001984,/work/classic/fr_xl1014-easy-landmark-maze/IntrMotiv/SF_hipposlam/train_dir/analysis/online_spatial/easy_landmark_maze_control_20260923/ELM_CTRL_SCR_ARR_DIRS_S99/policy_00/snapshot_target_000025000000_actual_000025001984.npz,7,0.30000001192092896,1,1,56,3.310141086578369,1.0,8,4
ELM_CTRL_SCR_ARR_DIRS_S99,0,25000000,25001984,/work/classic/fr_xl1014-easy-landmark-maze/IntrMotiv/SF_hipposlam/train_dir/analysis/online_spatial/easy_landmark_maze_control_20260923/ELM_CTRL_SCR_ARR_DIRS_S99/policy_00/snapshot_target_000025000000_actual_000025001984.npz,8,0.30000001192092896,1,1,53,3.503721237182617,1.0,4,4
ELM_CTRL_SCR_ARR_DIRS_S99,0,25000000,25001984,/work/classic/fr_xl1014-easy-landmark-maze/IntrMotiv/SF_hipposlam/train_dir/analysis/online_spatial/easy_landmark_maze_control_20260923/ELM_CTRL_SCR_ARR_DIRS_S99/policy_00/snapshot_target_000025000000_actual_000025001984.npz,9,0.30000001192092896,1,1,69,4.506054878234863,1.0,5,0
ELM_CTRL_SCR_ARR_DIRS_S99,0,25000000,25001984,/work/classic/fr_xl1014-easy-landmark-maze/IntrMotiv/SF_hipposlam/train_dir/analysis/online_spatial/easy_landmark_maze_control_20260923/ELM_CTRL_SCR_ARR_DIRS_S99/policy_00/snapshot_target_000025000000_actual_000025001984.npz,10,0.30000001192092896,1,1,59,4.181704521179199,1.0,3,6
ELM_CTRL_SCR_ARR_DIRS_S99,0,25000000,25001984,/work/classic/fr_xl1014-easy-landmark-maze/IntrMotiv/SF_hipposlam/train_dir/analysis/online_spatial/easy_landmark_maze_control_20260923/ELM_CTRL_SCR_ARR_DIRS_S99/policy_00/snapshot_target_000025000000_actual_000025001984.npz,11,0.30000001192092896,1,1,61,3.8639588356018066,1.0,8,3
ELM_CTRL_SCR_ARR_DIRS_S99,0,25000000,25001984,/work/classic/fr_xl1014-easy-landmark-maze/IntrMotiv/SF_hipposlam/train_dir/analysis/online_spatial/easy_landmark_maze_control_20260923/ELM_CTRL_SCR_ARR_DIRS_S99/policy_00/snapshot_target_000025000000_actual_000025001984.npz,12,0.30000001192092896,1,1,47,5.110682964324951,1.0,0,3
ELM_CTRL_SCR_ARR_DIRS_S99,0,25000000,25001984,/work/classic/fr_xl1014-easy-landmark-maze/IntrMotiv/SF_hipposlam/train_dir/analysis/online_spatial/easy_landmark_maze_control_20260923/ELM_CTRL_SCR_ARR_DIRS_S99/policy_00/snapshot_target_000025000000_actual_000025001984.npz,13,0.30000001192092896,1,1,55,3.9334356784820557,1.0,3,6
ELM_CTRL_SCR_ARR_DIRS_S99,0,25000000,25001984,/work/classic/fr_xl1014-easy-landmark-maze/IntrMotiv/SF_hipposlam/train_dir/analysis/online_spatial/easy_landmark_maze_control_20260923/ELM_CTRL_SCR_ARR_DIRS_S99/policy_00/snapshot_target_000025000000_actual_000025001984.npz,14,0.30000001192092896,3,1,21,1.419723391532898,0.906372929966722,4,8
ELM_CTRL_SCR_ARR_DIRS_S99,0,25000000,25001984,/work/classic/fr_xl1014-easy-landmark-maze/IntrMotiv/SF_hipposlam/train_dir/analysis/online_spatial/easy_landmark_maze_control_20260923/ELM_CTRL_SCR_ARR_DIRS_S99/policy_00/snapshot_target_000025000000_actual_000025001984.npz,14,0.30000001192092896,2,2,3,0.10761990398168564,0.06870617775008844,5,0
ELM_CTRL_SCR_ARR_DIRS_S99,0,25000000,25001984,/work/classic/fr_xl1014-easy-landmark-maze/IntrMotiv/SF_hipposlam/train_dir/analysis/online_spatial/easy_landmark_maze_control_20260923/ELM_CTRL_SCR_ARR_DIRS_S99/policy_00/snapshot_target_000025000000_actual_000025001984.npz,14,0.30000001192092896,1,3,1,0.03903555870056152,0.024920892283189566,0,0
ELM_CTRL_SCR_ARR_DIRS_S99,0,25000000,25001984,/work/classic/fr_xl1014-easy-landmark-maze/IntrMotiv/SF_hipposlam/train_dir/analysis/online_spatial/easy_landmark_maze_control_20260923/ELM_CTRL_SCR_ARR_DIRS_S99/policy_00/snapshot_target_000025000000_actual_000025001984.npz,15,0.30000001192092896,1,1,40,1.929678201675415,1.0,5,8
ELM_CTRL_SCR_ARR_DIRS_S99,0,25000000,25001984,/work/classic/fr_xl1014-easy-landmark-maze/IntrMotiv/SF_hipposlam/train_dir/analysis/online_spatial/easy_landmark_maze_control_20260923/ELM_CTRL_SCR_ARR_DIRS_S99/policy_00/snapshot_target_000025000000_actual_000025001984.npz,0,0.5,1,1,52,3.4331629276275635,1.0,6,0
ELM_CTRL_SCR_ARR_DIRS_S99,0,25000000,25001984,/work/classic/fr_xl1014-easy-landmark-maze/IntrMotiv/SF_hipposlam/train_dir/analysis/online_spatial/easy_landmark_maze_control_20260923/ELM_CTRL_SCR_ARR_DIRS_S99/policy_00/snapshot_target_000025000000_actual_000025001984.npz,1,0.5,2,1,34,2.2054827213287354,0.9813498303561842,8,4
ELM_CTRL_SCR_ARR_DIRS_S99,0,25000000,25001984,/work/classic/fr_xl1014-easy-landmark-maze/IntrMotiv/SF_hipposlam/train_dir/analysis/online_spatial/easy_landmark_maze_control_20260923/ELM_CTRL_SCR_ARR_DIRS_S99/policy_00/snapshot_target_000025000000_actual_000025001984.npz,1,0.5,1,2,1,0.04191433638334274,0.0186501696438158,5,0
ELM_CTRL_SCR_ARR_DIRS_S99,0,25000000,25001984,/work/classic/fr_xl1014-easy-landmark-maze/IntrMotiv/SF_hipposlam/train_dir/analysis/online_spatial/easy_landmark_maze_control_20260923/ELM_CTRL_SCR_ARR_DIRS_S99/policy_00/snapshot_target_000025000000_actual_000025001984.npz,2,0.5,1,1,35,6.383691310882568,1.0,4,3
ELM_CTRL_SCR_ARR_DIRS_S99,0,25000000,25001984,/work/classic/fr_xl1014-easy-landmark-maze/IntrMotiv/SF_hipposlam/train_dir/analysis/online_spatial/easy_landmark_maze_control_20260923/ELM_CTRL_SCR_ARR_DIRS_S99/policy_00/snapshot_target_000025000000_actual_000025001984.npz,3,0.5,4,1,10,0.5149105787277222,0.39116757809883107,2,8
ELM_CTRL_SCR_ARR_DIRS_S99,0,25000000,25001984,/work/classic/fr_xl1014-easy-landmark-maze/IntrMotiv/SF_hipposlam/train_dir/analysis/online_spatial/easy_landmark_maze_control_20260923/ELM_CTRL_SCR_ARR_DIRS_S99/policy_00/snapshot_target_000025000000_actual_000025001984.npz,3,0.5,1,2,10,0.4227035939693451,0.32111972046721954,0,2
ELM_CTRL_SCR_ARR_DIRS_S99,0,25000000,25001984,/work/classic/fr_xl1014-easy-landmark-maze/IntrMotiv/SF_hipposlam/train_dir/analysis/online_spatial/easy_landmark_maze_control_20260923/ELM_CTRL_SCR_ARR_DIRS_S99/policy_00/snapshot_target_000025000000_actual_000025001984.npz,3,0.5,2,3,5,0.26638710498809814,0.20236911611414768,8,3
ELM_CTRL_SCR_ARR_DIRS_S99,0,25000000,25001984,/work/classic/fr_xl1014-easy-landmark-maze/IntrMotiv/SF_hipposlam/train_dir/analysis/online_spatial/easy_landmark_maze_control_20260923/ELM_CTRL_SCR_ARR_DIRS_S99/policy_00/snapshot_target_000025000000_actual_000025001984.npz,3,0.5,3,4,3,0.11234140396118164,0.08534358531980174,8,8
ELM_CTRL_SCR_ARR_DIRS_S99,0,25000000,25001984,/work/classic/fr_xl1014-easy-landmark-maze/IntrMotiv/SF_hipposlam/train_dir/analysis/online_spatial/easy_landmark_maze_control_20260923/ELM_CTRL_SCR_ARR_DIRS_S99/policy_00/snapshot_target_000025000000_actual_000025001984.npz,4,0.5,3,1,32,2.3518009185791016,0.7332100435577623,2,6
ELM_CTRL_SCR_ARR_DIRS_S99,0,25000000,25001984,/work/classic/fr_xl1014-easy-landmark-maze/IntrMotiv/SF_hipposlam/train_dir/analysis/online_spatial/easy_landmark_maze_control_20260923/ELM_CTRL_SCR_ARR_DIRS_S99/policy_00/snapshot_target_000025000000_actual_000025001984.npz,4,0.5,1,2,5,0.4299149513244629,0.13403258655804481,5,0
ELM_CTRL_SCR_ARR_DIRS_S99,0,25000000,25001984,/work/classic/fr_xl1014-easy-landmark-maze/IntrMotiv/SF_hipposlam/train_dir/analysis/online_spatial/easy_landmark_maze_control_20260923/ELM_CTRL_SCR_ARR_DIRS_S99/policy_00/snapshot_target_000025000000_actual_000025001984.npz,4,0.5,2,3,5,0.4258246421813965,0.13275736988419284,8,2
ELM_CTRL_SCR_ARR_DIRS_S99,0,25000000,25001984,/work/classic/fr_xl1014-easy-landmark-maze/IntrMotiv/SF_hipposlam/train_dir/analysis/online_spatial/easy_landmark_maze_control_20260923/ELM_CTRL_SCR_ARR_DIRS_S99/policy_00/snapshot_target_000025000000_actual_000025001984.npz,5,0.5,4,1,8,0.6865621209144592,0.3579059499085831,8,5
ELM_CTRL_SCR_ARR_DIRS_S99,0,25000000,25001984,/work/classic/fr_xl1014-easy-landmark-maze/IntrMotiv/SF_hipposlam/train_dir/analysis/online_spatial/easy_landmark_maze_control_20260923/ELM_CTRL_SCR_ARR_DIRS_S99/policy_00/snapshot_target_000025000000_actual_000025001984.npz,5,0.5,2,2,5,0.4794708788394928,0.24994894870690462,2,0
ELM_CTRL_SCR_ARR_DIRS_S99,0,25000000,25001984,/work/classic/fr_xl1014-easy-landmark-maze/IntrMotiv/SF_hipposlam/train_dir/analysis/online_spatial/easy_landmark_maze_control_20260923/ELM_CTRL_SCR_ARR_DIRS_S99/policy_00/snapshot_target_000025000000_actual_000025001984.npz,5,0.5,3,3,3,0.2506179213523865,0.13064752987867814,8,0
ELM_CTRL_SCR_ARR_DIRS_S99,0,25000000,25001984,/work/classic/fr_xl1014-easy-landmark-maze/IntrMotiv/SF_hipposlam/train_dir/analysis/online_spatial/easy_landmark_maze_control_20260923/ELM_CTRL_SCR_ARR_DIRS_S99/policy_00/snapshot_target_000025000000_actual_000025001984.npz,5,0.5,5,4,3,0.21473374962806702,0.11194105281500186,0,8
ELM_CTRL_SCR_ARR_DIRS_S99,0,25000000,25001984,/work/classic/fr_xl1014-easy-landmark-maze/IntrMotiv/SF_hipposlam/train_dir/analysis/online_spatial/easy_landmark_maze_control_20260923/ELM_CTRL_SCR_ARR_DIRS_S99/policy_00/snapshot_target_000025000000_actual_000025001984.npz,5,0.5,1,5,2,0.15299129486083984,0.07975461075828166,0,1
ELM_CTRL_SCR_ARR_DIRS_S99,0,25000000,25001984,/work/classic/fr_xl1014-easy-landmark-maze/IntrMotiv/SF_hipposlam/train_dir/analysis/online_spatial/easy_landmark_maze_control_20260923/ELM_CTRL_SCR_ARR_DIRS_S99/policy_00/snapshot_target_000025000000_actual_000025001984.npz,5,0.5,6,6,2,0.1338992714881897,0.06980190793255064,5,8
ELM_CTRL_SCR_ARR_DIRS_S99,0,25000000,25001984,/work/classic/fr_xl1014-easy-landmark-maze/IntrMotiv/SF_hipposlam/train_dir/analysis/online_spatial/easy_landmark_maze_control_20260923/ELM_CTRL_SCR_ARR_DIRS_S99/policy_00/snapshot_target_000025000000_actual_000025001984.npz,6,0.5,3,1,29,2.442302703857422,0.7045812092028964,3,6
ELM_CTRL_SCR_ARR_DIRS_S99,0,25000000,25001984,/work/classic/fr_xl1014-easy-landmark-maze/IntrMotiv/SF_hipposlam/train_dir/analysis/online_spatial/easy_landmark_maze_control_20260923/ELM_CTRL_SCR_ARR_DIRS_S99/policy_00/snapshot_target_000025000000_actual_000025001984.npz,6,0.5,1,2,6,0.5149255990982056,0.14855116062767937,5,1
ELM_CTRL_SCR_ARR_DIRS_S99,0,25000000,25001984,/work/classic/fr_xl1014-easy-landmark-maze/IntrMotiv/SF_hipposlam/train_dir/analysis/online_spatial/easy_landmark_maze_control_20260923/ELM_CTRL_SCR_ARR_DIRS_S99/policy_00/snapshot_target_000025000000_actual_000025001984.npz,6,0.5,2,3,5,0.5090899467468262,0.1468676301694243,8,2
ELM_CTRL_SCR_ARR_DIRS_S99,0,25000000,25001984,/work/classic/fr_xl1014-easy-landmark-maze/IntrMotiv/SF_hipposlam/train_dir/analysis/online_spatial/easy_landmark_maze_control_20260923/ELM_CTRL_SCR_ARR_DIRS_S99/policy_00/snapshot_target_000025000000_actual_000025001984.npz,7,0.5,1,1,24,1.7886326313018799,0.9680378662942254,8,4
ELM_CTRL_SCR_ARR_DIRS_S99,0,25000000,25001984,/work/classic/fr_xl1014-easy-landmark-maze/IntrMotiv/SF_hipposlam/train_dir/analysis/online_spatial/easy_landmark_maze_control_20260923/ELM_CTRL_SCR_ARR_DIRS_S99/policy_00/snapshot_target_000025000000_actual_000025001984.npz,7,0.5,2,2,1,0.05905607342720032,0.03196213370577458,8,7
ELM_CTRL_SCR_ARR_DIRS_S99,0,25000000,25001984,/work/classic/fr_xl1014-easy-landmark-maze/IntrMotiv/SF_hipposlam/train_dir/analysis/online_spatial/easy_landmark_maze_control_20260923/ELM_CTRL_SCR_ARR_DIRS_S99/policy_00/snapshot_target_000025000000_actual_000025001984.npz,8,0.5,3,1,25,1.825364112854004,0.6848815999814291,4,4
ELM_CTRL_SCR_ARR_DIRS_S99,0,25000000,25001984,/work/classic/fr_xl1014-easy-landmark-maze/IntrMotiv/SF_hipposlam/train_dir/analysis/online_spatial/easy_landmark_maze_control_20260923/ELM_CTRL_SCR_ARR_DIRS_S99/policy_00/snapshot_target_000025000000_actual_000025001984.npz,8,0.5,2,2,5,0.43174588680267334,0.16199223577179317,8,3
ELM_CTRL_SCR_ARR_DIRS_S99,0,25000000,25001984,/work/classic/fr_xl1014-easy-landmark-maze/IntrMotiv/SF_hipposlam/train_dir/analysis/online_spatial/easy_landmark_maze_control_20260923/ELM_CTRL_SCR_ARR_DIRS_S99/policy_00/snapshot_target_000025000000_actual_000025001984.npz,8,0.5,1,3,5,0.40811580419540405,0.15312616424677775,5,0
ELM_CTRL_SCR_ARR_DIRS_S99,0,25000000,25001984,/work/classic/fr_xl1014-easy-landmark-maze/IntrMotiv/SF_hipposlam/train_dir/analysis/online_spatial/easy_landmark_maze_control_20260923/ELM_CTRL_SCR_ARR_DIRS_S99/policy_00/snapshot_target_000025000000_actual_000025001984.npz,9,0.5,1,1,57,4.047795295715332,1.0,5,0
ELM_CTRL_SCR_ARR_DIRS_S99,0,25000000,25001984,/work/classic/fr_xl1014-easy-landmark-maze/IntrMotiv/SF_hipposlam/train_dir/analysis/online_spatial/easy_landmark_maze_control_20260923/ELM_CTRL_SCR_ARR_DIRS_S99/policy_00/snapshot_target_000025000000_actual_000025001984.npz,10,0.5,3,1,31,2.4896609783172607,0.7174820554894383,3,6
ELM_CTRL_SCR_ARR_DIRS_S99,0,25000000,25001984,/work/classic/fr_xl1014-easy-landmark-maze/IntrMotiv/SF_hipposlam/train_dir/analysis/online_spatial/easy_landmark_maze_control_20260923/ELM_CTRL_SCR_ARR_DIRS_S99/policy_00/snapshot_target_000025000000_actual_000025001984.npz,10,0.5,1,2,7,0.5224096179008484,0.15055042824035017,5,0
ELM_CTRL_SCR_ARR_DIRS_S99,0,25000000,25001984,/work/classic/fr_xl1014-easy-landmark-maze/IntrMotiv/SF_hipposlam/train_dir/analysis/online_spatial/easy_landmark_maze_control_20260923/ELM_CTRL_SCR_ARR_DIRS_S99/policy_00/snapshot_target_000025000000_actual_000025001984.npz,10,0.5,2,3,5,0.4579269587993622,0.13196751627021147,8,3
ELM_CTRL_SCR_ARR_DIRS_S99,0,25000000,25001984,/work/classic/fr_xl1014-easy-landmark-maze/IntrMotiv/SF_hipposlam/train_dir/analysis/online_spatial/easy_landmark_maze_control_20260923/ELM_CTRL_SCR_ARR_DIRS_S99/policy_00/snapshot_target_000025000000_actual_000025001984.npz,11,0.5,1,1,12,1.0054028034210205,0.3698668705029819,8,3
ELM_CTRL_SCR_ARR_DIRS_S99,0,25000000,25001984,/work/classic/fr_xl1014-easy-landmark-maze/IntrMotiv/SF_hipposlam/train_dir/analysis/online_spatial/easy_landmark_maze_control_20260923/ELM_CTRL_SCR_ARR_DIRS_S99/policy_00/snapshot_target_000025000000_actual_000025001984.npz,11,0.5,3,2,14,0.9819169044494629,0.3612268946405697,3,6
ELM_CTRL_SCR_ARR_DIRS_S99,0,25000000,25001984,/work/classic/fr_xl1014-easy-landmark-maze/IntrMotiv/SF_hipposlam/train_dir/analysis/online_spatial/easy_landmark_maze_control_20260923/ELM_CTRL_SCR_ARR_DIRS_S99/policy_00/snapshot_target_000025000000_actual_000025001984.npz,11,0.5,2,3,5,0.38503602147102356,0.1416467785924506,0,2
ELM_CTRL_SCR_ARR_DIRS_S99,0,25000000,25001984,/work/classic/fr_xl1014-easy-landmark-maze/IntrMotiv/SF_hipposlam/train_dir/analysis/online_spatial/easy_landmark_maze_control_20260923/ELM_CTRL_SCR_ARR_DIRS_S99/policy_00/snapshot_target_000025000000_actual_000025001984.npz,11,0.5,4,4,5,0.3459272086620331,0.12725945626399784,7,8
ELM_CTRL_SCR_ARR_DIRS_S99,0,25000000,25001984,/work/classic/fr_xl1014-easy-landmark-maze/IntrMotiv/SF_hipposlam/train_dir/analysis/online_spatial/easy_landmark_maze_control_20260923/ELM_CTRL_SCR_ARR_DIRS_S99/policy_00/snapshot_target_000025000000_actual_000025001984.npz,12,0.5,2,1,8,1.3205311298370361,0.5730166783002134,0,3
ELM_CTRL_SCR_ARR_DIRS_S99,0,25000000,25001984,/work/classic/fr_xl1014-easy-landmark-maze/IntrMotiv/SF_hipposlam/train_dir/analysis/online_spatial/easy_landmark_maze_control_20260923/ELM_CTRL_SCR_ARR_DIRS_S99/policy_00/snapshot_target_000025000000_actual_000025001984.npz,12,0.5,3,2,5,0.730577826499939,0.31701886454766676,5,3
ELM_CTRL_SCR_ARR_DIRS_S99,0,25000000,25001984,/work/classic/fr_xl1014-easy-landmark-maze/IntrMotiv/SF_hipposlam/train_dir/analysis/online_spatial/easy_landmark_maze_control_20260923/ELM_CTRL_SCR_ARR_DIRS_S99/policy_00/snapshot_target_000025000000_actual_000025001984.npz,12,0.5,1,3,1,0.13825969398021698,0.059994882965860065,8,0
ELM_CTRL_SCR_ARR_DIRS_S99,0,25000000,25001984,/work/classic/fr_xl1014-easy-landmark-maze/IntrMotiv/SF_hipposlam/train_dir/analysis/online_spatial/easy_landmark_maze_control_20260923/ELM_CTRL_SCR_ARR_DIRS_S99/policy_00/snapshot_target_000025000000_actual_000025001984.npz,12,0.5,4,4,1,0.11515612155199051,0.049969574186259774,8,5
ELM_CTRL_SCR_ARR_DIRS_S99,0,25000000,25001984,/work/classic/fr_xl1014-easy-landmark-maze/IntrMotiv/SF_hipposlam/train_dir/analysis/online_spatial/easy_landmark_maze_control_20260923/ELM_CTRL_SCR_ARR_DIRS_S99/policy_00/snapshot_target_000025000000_actual_000025001984.npz,13,0.5,3,1,24,1.951805591583252,0.6203744873389966,3,6
ELM_CTRL_SCR_ARR_DIRS_S99,0,25000000,25001984,/work/classic/fr_xl1014-easy-landmark-maze/IntrMotiv/SF_hipposlam/train_dir/analysis/online_spatial/easy_landmark_maze_control_20260923/ELM_CTRL_SCR_ARR_DIRS_S99/policy_00/snapshot_target_000025000000_actual_000025001984.npz,13,0.5,1,2,12,0.9732832312583923,0.30935462437003314,8,2
ELM_CTRL_SCR_ARR_DIRS_S99,0,25000000,25001984,/work/classic/fr_xl1014-easy-landmark-maze/IntrMotiv/SF_hipposlam/train_dir/analysis/online_spatial/easy_landmark_maze_control_20260923/ELM_CTRL_SCR_ARR_DIRS_S99/policy_00/snapshot_target_000025000000_actual_000025001984.npz,13,0.5,2,3,3,0.2210843861103058,0.07027088829097022,0,2
ELM_CTRL_SCR_ARR_DIRS_S99,0,25000000,25001984,/work/classic/fr_xl1014-easy-landmark-maze/IntrMotiv/SF_hipposlam/train_dir/analysis/online_spatial/easy_landmark_maze_control_20260923/ELM_CTRL_SCR_ARR_DIRS_S99/policy_00/snapshot_target_000025000000_actual_000025001984.npz,14,0.5,1,1,12,1.0492002964019775,1.0,4,8
ELM_CTRL_SCR_ARR_DIRS_S99,0,25000000,25001984,/work/classic/fr_xl1014-easy-landmark-maze/IntrMotiv/SF_hipposlam/train_dir/analysis/online_spatial/easy_landmark_maze_control_20260923/ELM_CTRL_SCR_ARR_DIRS_S99/policy_00/snapshot_target_000025000000_actual_000025001984.npz,15,0.5,3,1,14,0.940211296081543,0.7735356045833218,5,8
ELM_CTRL_SCR_ARR_DIRS_S99,0,25000000,25001984,/work/classic/fr_xl1014-easy-landmark-maze/IntrMotiv/SF_hipposlam/train_dir/analysis/online_spatial/easy_landmark_maze_control_20260923/ELM_CTRL_SCR_ARR_DIRS_S99/policy_00/snapshot_target_000025000000_actual_000025001984.npz,15,0.5,1,2,5,0.23136396706104279,0.19034898526026417,2,0
ELM_CTRL_SCR_ARR_DIRS_S99,0,25000000,25001984,/work/classic/fr_xl1014-easy-landmark-maze/IntrMotiv/SF_hipposlam/train_dir/analysis/online_spatial/easy_landmark_maze_control_20260923/ELM_CTRL_SCR_ARR_DIRS_S99/policy_00/snapshot_target_000025000000_actual_000025001984.npz,15,0.5,2,3,1,0.04389728978276253,0.03611541015641396,4,4
ELM_CTRL_SCR_ARR_DIRS_S99,0,25000000,25001984,/work/classic/fr_xl1014-easy-landmark-maze/IntrMotiv/SF_hipposlam/train_dir/analysis/online_spatial/easy_landmark_maze_control_20260923/ELM_CTRL_SCR_ARR_DIRS_S99/policy_00/snapshot_target_000025000000_actual_000025001984.npz,0,0.699999988079071,4,1,21,1.533313274383545,0.6573424308060163,1,8
ELM_CTRL_SCR_ARR_DIRS_S99,0,25000000,25001984,/work/classic/fr_xl1014-easy-landmark-maze/IntrMotiv/SF_hipposlam/train_dir/analysis/online_spatial/easy_landmark_maze_control_20260923/ELM_CTRL_SCR_ARR_DIRS_S99/policy_00/snapshot_target_000025000000_actual_000025001984.npz,0,0.699999988079071,1,2,7,0.5121132135391235,0.21954661859366514,0,2
ELM_CTRL_SCR_ARR_DIRS_S99,0,25000000,25001984,/work/classic/fr_xl1014-easy-landmark-maze/IntrMotiv/SF_hipposlam/train_dir/analysis/online_spatial/easy_landmark_maze_control_20260923/ELM_CTRL_SCR_ARR_DIRS_S99/policy_00/snapshot_target_000025000000_actual_000025001984.npz,0,0.699999988079071,2,3,3,0.2231980860233307,0.09568662508110942,6,0
ELM_CTRL_SCR_ARR_DIRS_S99,0,25000000,25001984,/work/classic/fr_xl1014-easy-landmark-maze/IntrMotiv/SF_hipposlam/train_dir/analysis/online_spatial/easy_landmark_maze_control_20260923/ELM_CTRL_SCR_ARR_DIRS_S99/policy_00/snapshot_target_000025000000_actual_000025001984.npz,0,0.699999988079071,3,4,1,0.06396982818841934,0.02742432551920915,8,2
ELM_CTRL_SCR_ARR_DIRS_S99,0,25000000,25001984,/work/classic/fr_xl1014-easy-landmark-maze/IntrMotiv/SF_hipposlam/train_dir/analysis/online_spatial/easy_landmark_maze_control_20260923/ELM_CTRL_SCR_ARR_DIRS_S99/policy_00/snapshot_target_000025000000_actual_000025001984.npz,1,0.699999988079071,2,1,21,1.4298149347305298,0.7661483745653822,1,8
ELM_CTRL_SCR_ARR_DIRS_S99,0,25000000,25001984,/work/classic/fr_xl1014-easy-landmark-maze/IntrMotiv/SF_hipposlam/train_dir/analysis/online_spatial/easy_landmark_maze_control_20260923/ELM_CTRL_SCR_ARR_DIRS_S99/policy_00/snapshot_target_000025000000_actual_000025001984.npz,1,0.699999988079071,1,2,6,0.4364227056503296,0.23385162543461774,8,4
ELM_CTRL_SCR_ARR_DIRS_S99,0,25000000,25001984,/work/classic/fr_xl1014-easy-landmark-maze/IntrMotiv/SF_hipposlam/train_dir/analysis/online_spatial/easy_landmark_maze_control_20260923/ELM_CTRL_SCR_ARR_DIRS_S99/policy_00/snapshot_target_000025000000_actual_000025001984.npz,2,0.699999988079071,1,1,20,4.014891147613525,1.0,4,3
ELM_CTRL_SCR_ARR_DIRS_S99,0,25000000,25001984,/work/classic/fr_xl1014-easy-landmark-maze/IntrMotiv/SF_hipposlam/train_dir/analysis/online_spatial/easy_landmark_maze_control_20260923/ELM_CTRL_SCR_ARR_DIRS_S99/policy_00/snapshot_target_000025000000_actual_000025001984.npz,3,0.699999988079071,3,1,8,0.4378073811531067,0.5361493699257359,2,8
ELM_CTRL_SCR_ARR_DIRS_S99,0,25000000,25001984,/work/classic/fr_xl1014-easy-landmark-maze/IntrMotiv/SF_hipposlam/train_dir/analysis/online_spatial/easy_landmark_maze_control_20260923/ELM_CTRL_SCR_ARR_DIRS_S99/policy_00/snapshot_target_000025000000_actual_000025001984.npz,3,0.699999988079071,1,2,4,0.22671611607074738,0.27764196771463834,8,3
ELM_CTRL_SCR_ARR_DIRS_S99,0,25000000,25001984,/work/classic/fr_xl1014-easy-landmark-maze/IntrMotiv/SF_hipposlam/train_dir/analysis/online_spatial/easy_landmark_maze_control_20260923/ELM_CTRL_SCR_ARR_DIRS_S99/policy_00/snapshot_target_000025000000_actual_000025001984.npz,3,0.699999988079071,2,3,3,0.15205375850200653,0.18620866235962572,0,2
ELM_CTRL_SCR_ARR_DIRS_S99,0,25000000,25001984,/work/classic/fr_xl1014-easy-landmark-maze/IntrMotiv/SF_hipposlam/train_dir/analysis/online_spatial/easy_landmark_maze_control_20260923/ELM_CTRL_SCR_ARR_DIRS_S99/policy_00/snapshot_target_000025000000_actual_000025001984.npz,4,0.699999988079071,4,1,12,0.9754440784454346,0.40591240531653006,2,6
ELM_CTRL_SCR_ARR_DIRS_S99,0,25000000,25001984,/work/classic/fr_xl1014-easy-landmark-maze/IntrMotiv/SF_hipposlam/train_dir/analysis/online_spatial/easy_landmark_maze_control_20260923/ELM_CTRL_SCR_ARR_DIRS_S99/policy_00/snapshot_target_000025000000_actual_000025001984.npz,4,0.699999988079071,2,2,5,0.4258246421813965,0.17719878419516216,8,2
ELM_CTRL_SCR_ARR_DIRS_S99,0,25000000,25001984,/work/classic/fr_xl1014-easy-landmark-maze/IntrMotiv/SF_hipposlam/train_dir/analysis/online_spatial/easy_landmark_maze_control_20260923/ELM_CTRL_SCR_ARR_DIRS_S99/policy_00/snapshot_target_000025000000_actual_000025001984.npz,4,0.699999988079071,5,3,5,0.4010246694087982,0.1668787496361816,7,8
ELM_CTRL_SCR_ARR_DIRS_S99,0,25000000,25001984,/work/classic/fr_xl1014-easy-landmark-maze/IntrMotiv/SF_hipposlam/train_dir/analysis/online_spatial/easy_landmark_maze_control_20260923/ELM_CTRL_SCR_ARR_DIRS_S99/policy_00/snapshot_target_000025000000_actual_000025001984.npz,4,0.699999988079071,1,4,4,0.3601129651069641,0.149854126015295,5,0
ELM_CTRL_SCR_ARR_DIRS_S99,0,25000000,25001984,/work/classic/fr_xl1014-easy-landmark-maze/IntrMotiv/SF_hipposlam/train_dir/analysis/online_spatial/easy_landmark_maze_control_20260923/ELM_CTRL_SCR_ARR_DIRS_S99/policy_00/snapshot_target_000025000000_actual_000025001984.npz,4,0.699999988079071,3,5,3,0.24068373441696167,0.1001559348368312,0,2
ELM_CTRL_SCR_ARR_DIRS_S99,0,25000000,25001984,/work/classic/fr_xl1014-easy-landmark-maze/IntrMotiv/SF_hipposlam/train_dir/analysis/online_spatial/easy_landmark_maze_control_20260923/ELM_CTRL_SCR_ARR_DIRS_S99/policy_00/snapshot_target_000025000000_actual_000025001984.npz,5,0.699999988079071,3,1,4,0.4013544023036957,0.4412911733173619,8,5
ELM_CTRL_SCR_ARR_DIRS_S99,0,25000000,25001984,/work/classic/fr_xl1014-easy-landmark-maze/IntrMotiv/SF_hipposlam/train_dir/analysis/online_spatial/easy_landmark_maze_control_20260923/ELM_CTRL_SCR_ARR_DIRS_S99/policy_00/snapshot_target_000025000000_actual_000025001984.npz,5,0.699999988079071,1,2,4,0.40128543972969055,0.44121534862222206,2,0
ELM_CTRL_SCR_ARR_DIRS_S99,0,25000000,25001984,/work/classic/fr_xl1014-easy-landmark-maze/IntrMotiv/SF_hipposlam/train_dir/analysis/online_spatial/easy_landmark_maze_control_20260923/ELM_CTRL_SCR_ARR_DIRS_S99/policy_00/snapshot_target_000025000000_actual_000025001984.npz,5,0.699999988079071,2,3,1,0.10686033964157104,0.1174934780604161,8,0
ELM_CTRL_SCR_ARR_DIRS_S99,0,25000000,25001984,/work/classic/fr_xl1014-easy-landmark-maze/IntrMotiv/SF_hipposlam/train_dir/analysis/online_spatial/easy_landmark_maze_control_20260923/ELM_CTRL_SCR_ARR_DIRS_S99/policy_00/snapshot_target_000025000000_actual_000025001984.npz,6,0.699999988079071,4,1,10,1.0060553550720215,0.5068386079925715,3,6
ELM_CTRL_SCR_ARR_DIRS_S99,0,25000000,25001984,/work/classic/fr_xl1014-easy-landmark-maze/IntrMotiv/SF_hipposlam/train_dir/analysis/online_spatial/easy_landmark_maze_control_20260923/ELM_CTRL_SCR_ARR_DIRS_S99/policy_00/snapshot_target_000025000000_actual_000025001984.npz,6,0.699999988079071,2,2,5,0.5090899467468262,0.256473402433907,8,2
ELM_CTRL_SCR_ARR_DIRS_S99,0,25000000,25001984,/work/classic/fr_xl1014-easy-landmark-maze/IntrMotiv/SF_hipposlam/train_dir/analysis/online_spatial/easy_landmark_maze_control_20260923/ELM_CTRL_SCR_ARR_DIRS_S99/policy_00/snapshot_target_000025000000_actual_000025001984.npz,6,0.699999988079071,1,3,3,0.2918640375137329,0.14703759763394153,5,1
ELM_CTRL_SCR_ARR_DIRS_S99,0,25000000,25001984,/work/classic/fr_xl1014-easy-landmark-maze/IntrMotiv/SF_hipposlam/train_dir/analysis/online_spatial/easy_landmark_maze_control_20260923/ELM_CTRL_SCR_ARR_DIRS_S99/policy_00/snapshot_target_000025000000_actual_000025001984.npz,6,0.699999988079071,3,4,2,0.1779526174068451,0.08965039193957997,0,2
ELM_CTRL_SCR_ARR_DIRS_S99,0,25000000,25001984,/work/classic/fr_xl1014-easy-landmark-maze/IntrMotiv/SF_hipposlam/train_dir/analysis/online_spatial/easy_landmark_maze_control_20260923/ELM_CTRL_SCR_ARR_DIRS_S99/policy_00/snapshot_target_000025000000_actual_000025001984.npz,7,0.699999988079071,2,1,2,0.2224186658859253,0.7031574726425421,8,4
ELM_CTRL_SCR_ARR_DIRS_S99,0,25000000,25001984,/work/classic/fr_xl1014-easy-landmark-maze/IntrMotiv/SF_hipposlam/train_dir/analysis/online_spatial/easy_landmark_maze_control_20260923/ELM_CTRL_SCR_ARR_DIRS_S99/policy_00/snapshot_target_000025000000_actual_000025001984.npz,7,0.699999988079071,1,2,1,0.09389549493789673,0.2968425273574579,4,2
ELM_CTRL_SCR_ARR_DIRS_S99,0,25000000,25001984,/work/classic/fr_xl1014-easy-landmark-maze/IntrMotiv/SF_hipposlam/train_dir/analysis/online_spatial/easy_landmark_maze_control_20260923/ELM_CTRL_SCR_ARR_DIRS_S99/policy_00/snapshot_target_000025000000_actual_000025001984.npz,8,0.699999988079071,3,1,3,0.28706154227256775,0.2466067807688183,8,3
ELM_CTRL_SCR_ARR_DIRS_S99,0,25000000,25001984,/work/classic/fr_xl1014-easy-landmark-maze/IntrMotiv/SF_hipposlam/train_dir/analysis/online_spatial/easy_landmark_maze_control_20260923/ELM_CTRL_SCR_ARR_DIRS_S99/policy_00/snapshot_target_000025000000_actual_000025001984.npz,8,0.699999988079071,1,2,3,0.2667517066001892,0.22915915210543814,5,0
ELM_CTRL_SCR_ARR_DIRS_S99,0,25000000,25001984,/work/classic/fr_xl1014-easy-landmark-maze/IntrMotiv/SF_hipposlam/train_dir/analysis/online_spatial/easy_landmark_maze_control_20260923/ELM_CTRL_SCR_ARR_DIRS_S99/policy_00/snapshot_target_000025000000_actual_000025001984.npz,8,0.699999988079071,5,3,3,0.25984442234039307,0.2232252916458365,4,6
ELM_CTRL_SCR_ARR_DIRS_S99,0,25000000,25001984,/work/classic/fr_xl1014-easy-landmark-maze/IntrMotiv/SF_hipposlam/train_dir/analysis/online_spatial/easy_landmark_maze_control_20260923/ELM_CTRL_SCR_ARR_DIRS_S99/policy_00/snapshot_target_000025000000_actual_000025001984.npz,8,0.699999988079071,2,4,2,0.1620151400566101,0.13918281010011818,0,2
ELM_CTRL_SCR_ARR_DIRS_S99,0,25000000,25001984,/work/classic/fr_xl1014-easy-landmark-maze/IntrMotiv/SF_hipposlam/train_dir/analysis/online_spatial/easy_landmark_maze_control_20260923/ELM_CTRL_SCR_ARR_DIRS_S99/policy_00/snapshot_target_000025000000_actual_000025001984.npz,8,0.699999988079071,4,5,1,0.11004741489887238,0.09453874770300369,4,4
ELM_CTRL_SCR_ARR_DIRS_S99,0,25000000,25001984,/work/classic/fr_xl1014-easy-landmark-maze/IntrMotiv/SF_hipposlam/train_dir/analysis/online_spatial/easy_landmark_maze_control_20260923/ELM_CTRL_SCR_ARR_DIRS_S99/policy_00/snapshot_target_000025000000_actual_000025001984.npz,8,0.699999988079071,6,6,1,0.07832539081573486,0.06728721767678521,8,7
ELM_CTRL_SCR_ARR_DIRS_S99,0,25000000,25001984,/work/classic/fr_xl1014-easy-landmark-maze/IntrMotiv/SF_hipposlam/train_dir/analysis/online_spatial/easy_landmark_maze_control_20260923/ELM_CTRL_SCR_ARR_DIRS_S99/policy_00/snapshot_target_000025000000_actual_000025001984.npz,9,0.699999988079071,4,1,20,1.562118411064148,0.5528290425388855,3,8
ELM_CTRL_SCR_ARR_DIRS_S99,0,25000000,25001984,/work/classic/fr_xl1014-easy-landmark-maze/IntrMotiv/SF_hipposlam/train_dir/analysis/online_spatial/easy_landmark_maze_control_20260923/ELM_CTRL_SCR_ARR_DIRS_S99/policy_00/snapshot_target_000025000000_actual_000025001984.npz,9,0.699999988079071,1,2,13,1.1080790758132935,0.39214587716300897,5,0
ELM_CTRL_SCR_ARR_DIRS_S99,0,25000000,25001984,/work/classic/fr_xl1014-easy-landmark-maze/IntrMotiv/SF_hipposlam/train_dir/analysis/online_spatial/easy_landmark_maze_control_20260923/ELM_CTRL_SCR_ARR_DIRS_S99/policy_00/snapshot_target_000025000000_actual_000025001984.npz,9,0.699999988079071,2,3,1,0.08746520429849625,0.030953674705662296,4,4
ELM_CTRL_SCR_ARR_DIRS_S99,0,25000000,25001984,/work/classic/fr_xl1014-easy-landmark-maze/IntrMotiv/SF_hipposlam/train_dir/analysis/online_spatial/easy_landmark_maze_control_20260923/ELM_CTRL_SCR_ARR_DIRS_S99/policy_00/snapshot_target_000025000000_actual_000025001984.npz,9,0.699999988079071,3,4,1,0.0680181086063385,0.024071405592443217,8,4
ELM_CTRL_SCR_ARR_DIRS_S99,0,25000000,25001984,/work/classic/fr_xl1014-easy-landmark-maze/IntrMotiv/SF_hipposlam/train_dir/analysis/online_spatial/easy_landmark_maze_control_20260923/ELM_CTRL_SCR_ARR_DIRS_S99/policy_00/snapshot_target_000025000000_actual_000025001984.npz,10,0.699999988079071,4,1,10,0.9402874708175659,0.47039493237721325,3,6
ELM_CTRL_SCR_ARR_DIRS_S99,0,25000000,25001984,/work/classic/fr_xl1014-easy-landmark-maze/IntrMotiv/SF_hipposlam/train_dir/analysis/online_spatial/easy_landmark_maze_control_20260923/ELM_CTRL_SCR_ARR_DIRS_S99/policy_00/snapshot_target_000025000000_actual_000025001984.npz,10,0.699999988079071,2,2,4,0.3788229525089264,0.1895126784720779,8,3
ELM_CTRL_SCR_ARR_DIRS_S99,0,25000000,25001984,/work/classic/fr_xl1014-easy-landmark-maze/IntrMotiv/SF_hipposlam/train_dir/analysis/online_spatial/easy_landmark_maze_control_20260923/ELM_CTRL_SCR_ARR_DIRS_S99/policy_00/snapshot_target_000025000000_actual_000025001984.npz,10,0.699999988079071,5,3,3,0.26118069887161255,0.13066012362913038,7,8
ELM_CTRL_SCR_ARR_DIRS_S99,0,25000000,25001984,/work/classic/fr_xl1014-easy-landmark-maze/IntrMotiv/SF_hipposlam/train_dir/analysis/online_spatial/easy_landmark_maze_control_20260923/ELM_CTRL_SCR_ARR_DIRS_S99/policy_00/snapshot_target_000025000000_actual_000025001984.npz,10,0.699999988079071,1,4,3,0.25281238555908203,0.12647373138534512,5,0
ELM_CTRL_SCR_ARR_DIRS_S99,0,25000000,25001984,/work/classic/fr_xl1014-easy-landmark-maze/IntrMotiv/SF_hipposlam/train_dir/analysis/online_spatial/easy_landmark_maze_control_20260923/ELM_CTRL_SCR_ARR_DIRS_S99/policy_00/snapshot_target_000025000000_actual_000025001984.npz,10,0.699999988079071,3,5,2,0.16582846641540527,0.08295853413623333,0,2
ELM_CTRL_SCR_ARR_DIRS_S99,0,25000000,25001984,/work/classic/fr_xl1014-easy-landmark-maze/IntrMotiv/SF_hipposlam/train_dir/analysis/online_spatial/easy_landmark_maze_control_20260923/ELM_CTRL_SCR_ARR_DIRS_S99/policy_00/snapshot_target_000025000000_actual_000025001984.npz,11,0.699999988079071,2,1,5,0.49800872802734375,0.42461466601482717,8,3
ELM_CTRL_SCR_ARR_DIRS_S99,0,25000000,25001984,/work/classic/fr_xl1014-easy-landmark-maze/IntrMotiv/SF_hipposlam/train_dir/analysis/online_spatial/easy_landmark_maze_control_20260923/ELM_CTRL_SCR_ARR_DIRS_S99/policy_00/snapshot_target_000025000000_actual_000025001984.npz,11,0.699999988079071,1,2,3,0.24773576855659485,0.21122569687133946,5,0
ELM_CTRL_SCR_ARR_DIRS_S99,0,25000000,25001984,/work/classic/fr_xl1014-easy-landmark-maze/IntrMotiv/SF_hipposlam/train_dir/analysis/online_spatial/easy_landmark_maze_control_20260923/ELM_CTRL_SCR_ARR_DIRS_S99/policy_00/snapshot_target_000025000000_actual_000025001984.npz,11,0.699999988079071,3,3,2,0.17694920301437378,0.15087130508165067,0,2
ELM_CTRL_SCR_ARR_DIRS_S99,0,25000000,25001984,/work/classic/fr_xl1014-easy-landmark-maze/IntrMotiv/SF_hipposlam/train_dir/analysis/online_spatial/easy_landmark_maze_control_20260923/ELM_CTRL_SCR_ARR_DIRS_S99/policy_00/snapshot_target_000025000000_actual_000025001984.npz,11,0.699999988079071,5,4,2,0.1669231802225113,0.14232286791652937,3,6
ELM_CTRL_SCR_ARR_DIRS_S99,0,25000000,25001984,/work/classic/fr_xl1014-easy-landmark-maze/IntrMotiv/SF_hipposlam/train_dir/analysis/online_spatial/easy_landmark_maze_control_20260923/ELM_CTRL_SCR_ARR_DIRS_S99/policy_00/snapshot_target_000025000000_actual_000025001984.npz,11,0.699999988079071,4,5,1,0.08323174715042114,0.07096546411565333,4,4
ELM_CTRL_SCR_ARR_DIRS_S99,0,25000000,25001984,/work/classic/fr_xl1014-easy-landmark-maze/IntrMotiv/SF_hipposlam/train_dir/analysis/online_spatial/easy_landmark_maze_control_20260923/ELM_CTRL_SCR_ARR_DIRS_S99/policy_00/snapshot_target_000025000000_actual_000025001984.npz,12,0.699999988079071,1,1,5,0.9773001670837402,0.742247514313265,0,3
ELM_CTRL_SCR_ARR_DIRS_S99,0,25000000,25001984,/work/classic/fr_xl1014-easy-landmark-maze/IntrMotiv/SF_hipposlam/train_dir/analysis/online_spatial/easy_landmark_maze_control_20260923/ELM_CTRL_SCR_ARR_DIRS_S99/policy_00/snapshot_target_000025000000_actual_000025001984.npz,12,0.699999988079071,2,2,2,0.3393767476081848,0.257752485686735,5,3
ELM_CTRL_SCR_ARR_DIRS_S99,0,25000000,25001984,/work/classic/fr_xl1014-easy-landmark-maze/IntrMotiv/SF_hipposlam/train_dir/analysis/online_spatial/easy_landmark_maze_control_20260923/ELM_CTRL_SCR_ARR_DIRS_S99/policy_00/snapshot_target_000025000000_actual_000025001984.npz,13,0.699999988079071,3,1,8,0.7855237722396851,0.525785562095985,3,6
ELM_CTRL_SCR_ARR_DIRS_S99,0,25000000,25001984,/work/classic/fr_xl1014-easy-landmark-maze/IntrMotiv/SF_hipposlam/train_dir/analysis/online_spatial/easy_landmark_maze_control_20260923/ELM_CTRL_SCR_ARR_DIRS_S99/policy_00/snapshot_target_000025000000_actual_000025001984.npz,13,0.699999988079071,2,2,4,0.3690017759799957,0.24698909575311898,8,2
ELM_CTRL_SCR_ARR_DIRS_S99,0,25000000,25001984,/work/classic/fr_xl1014-easy-landmark-maze/IntrMotiv/SF_hipposlam/train_dir/analysis/online_spatial/easy_landmark_maze_control_20260923/ELM_CTRL_SCR_ARR_DIRS_S99/policy_00/snapshot_target_000025000000_actual_000025001984.npz,13,0.699999988079071,1,3,3,0.255008339881897,0.17068828221669116,5,1
ELM_CTRL_SCR_ARR_DIRS_S99,0,25000000,25001984,/work/classic/fr_xl1014-easy-landmark-maze/IntrMotiv/SF_hipposlam/train_dir/analysis/online_spatial/easy_landmark_maze_control_20260923/ELM_CTRL_SCR_ARR_DIRS_S99/policy_00/snapshot_target_000025000000_actual_000025001984.npz,13,0.699999988079071,4,4,1,0.08446638286113739,0.0565370599342049,7,8
ELM_CTRL_SCR_ARR_DIRS_S99,0,25000000,25001984,/work/classic/fr_xl1014-easy-landmark-maze/IntrMotiv/SF_hipposlam/train_dir/analysis/online_spatial/easy_landmark_maze_control_20260923/ELM_CTRL_SCR_ARR_DIRS_S99/policy_00/snapshot_target_000025000000_actual_000025001984.npz,14,0.699999988079071,1,1,9,0.8599726557731628,1.0,4,8
ELM_CTRL_SCR_ARR_DIRS_S99,0,25000000,25001984,/work/classic/fr_xl1014-easy-landmark-maze/IntrMotiv/SF_hipposlam/train_dir/analysis/online_spatial/easy_landmark_maze_control_20260923/ELM_CTRL_SCR_ARR_DIRS_S99/policy_00/snapshot_target_000025000000_actual_000025001984.npz,15,0.699999988079071,1,1,10,0.7193036675453186,1.0,5,8
ELM_CTRL_SCR_ARR_DIRS_S99,0,50000000,50003968,/work/classic/fr_xl1014-easy-landmark-maze/IntrMotiv/SF_hipposlam/train_dir/analysis/online_spatial/easy_landmark_maze_control_20260923/ELM_CTRL_SCR_ARR_DIRS_S99/policy_00/snapshot_target_000050000000_actual_000050003968.npz,0,0.30000001192092896,1,1,52,3.5809977054595947,1.0,8,0
ELM_CTRL_SCR_ARR_DIRS_S99,0,50000000,50003968,/work/classic/fr_xl1014-easy-landmark-maze/IntrMotiv/SF_hipposlam/train_dir/analysis/online_spatial/easy_landmark_maze_control_20260923/ELM_CTRL_SCR_ARR_DIRS_S99/policy_00/snapshot_target_000050000000_actual_000050003968.npz,1,0.30000001192092896,1,1,50,3.7569477558135986,1.0,0,0
ELM_CTRL_SCR_ARR_DIRS_S99,0,50000000,50003968,/work/classic/fr_xl1014-easy-landmark-maze/IntrMotiv/SF_hipposlam/train_dir/analysis/online_spatial/easy_landmark_maze_control_20260923/ELM_CTRL_SCR_ARR_DIRS_S99/policy_00/snapshot_target_000050000000_actual_000050003968.npz,2,0.30000001192092896,1,1,18,3.054628610610962,0.954012457671045,6,3
ELM_CTRL_SCR_ARR_DIRS_S99,0,50000000,50003968,/work/classic/fr_xl1014-easy-landmark-maze/IntrMotiv/SF_hipposlam/train_dir/analysis/online_spatial/easy_landmark_maze_control_20260923/ELM_CTRL_SCR_ARR_DIRS_S99/policy_00/snapshot_target_000050000000_actual_000050003968.npz,2,0.30000001192092896,2,2,1,0.1472463607788086,0.04598754232895498,2,6
ELM_CTRL_SCR_ARR_DIRS_S99,0,50000000,50003968,/work/classic/fr_xl1014-easy-landmark-maze/IntrMotiv/SF_hipposlam/train_dir/analysis/online_spatial/easy_landmark_maze_control_20260923/ELM_CTRL_SCR_ARR_DIRS_S99/policy_00/snapshot_target_000050000000_actual_000050003968.npz,3,0.30000001192092896,1,1,21,8.901415824890137,1.0,6,2
ELM_CTRL_SCR_ARR_DIRS_S99,0,50000000,50003968,/work/classic/fr_xl1014-easy-landmark-maze/IntrMotiv/SF_hipposlam/train_dir/analysis/online_spatial/easy_landmark_maze_control_20260923/ELM_CTRL_SCR_ARR_DIRS_S99/policy_00/snapshot_target_000050000000_actual_000050003968.npz,4,0.30000001192092896,3,1,17,1.4657946825027466,0.7087763322792432,1,8
ELM_CTRL_SCR_ARR_DIRS_S99,0,50000000,50003968,/work/classic/fr_xl1014-easy-landmark-maze/IntrMotiv/SF_hipposlam/train_dir/analysis/online_spatial/easy_landmark_maze_control_20260923/ELM_CTRL_SCR_ARR_DIRS_S99/policy_00/snapshot_target_000050000000_actual_000050003968.npz,4,0.30000001192092896,1,2,6,0.39427369832992554,0.1906487103223161,6,0
ELM_CTRL_SCR_ARR_DIRS_S99,0,50000000,50003968,/work/classic/fr_xl1014-easy-landmark-maze/IntrMotiv/SF_hipposlam/train_dir/analysis/online_spatial/easy_landmark_maze_control_20260923/ELM_CTRL_SCR_ARR_DIRS_S99/policy_00/snapshot_target_000050000000_actual_000050003968.npz,4,0.30000001192092896,2,3,4,0.2079954296350479,0.10057495739844072,0,2
ELM_CTRL_SCR_ARR_DIRS_S99,0,50000000,50003968,/work/classic/fr_xl1014-easy-landmark-maze/IntrMotiv/SF_hipposlam/train_dir/analysis/online_spatial/easy_landmark_maze_control_20260923/ELM_CTRL_SCR_ARR_DIRS_S99/policy_00/snapshot_target_000050000000_actual_000050003968.npz,5,0.30000001192092896,2,1,9,0.6079788208007812,0.4290049903381588,8,0
ELM_CTRL_SCR_ARR_DIRS_S99,0,50000000,50003968,/work/classic/fr_xl1014-easy-landmark-maze/IntrMotiv/SF_hipposlam/train_dir/analysis/online_spatial/easy_landmark_maze_control_20260923/ELM_CTRL_SCR_ARR_DIRS_S99/policy_00/snapshot_target_000050000000_actual_000050003968.npz,5,0.30000001192092896,1,2,6,0.39162972569465637,0.2763436832659417,0,0
ELM_CTRL_SCR_ARR_DIRS_S99,0,50000000,50003968,/work/classic/fr_xl1014-easy-landmark-maze/IntrMotiv/SF_hipposlam/train_dir/analysis/online_spatial/easy_landmark_maze_control_20260923/ELM_CTRL_SCR_ARR_DIRS_S99/policy_00/snapshot_target_000050000000_actual_000050003968.npz,5,0.30000001192092896,4,3,3,0.17683851718902588,0.12478165975941327,0,8
ELM_CTRL_SCR_ARR_DIRS_S99,0,50000000,50003968,/work/classic/fr_xl1014-easy-landmark-maze/IntrMotiv/SF_hipposlam/train_dir/analysis/online_spatial/easy_landmark_maze_control_20260923/ELM_CTRL_SCR_ARR_DIRS_S99/policy_00/snapshot_target_000050000000_actual_000050003968.npz,5,0.30000001192092896,5,4,3,0.16019710898399353,0.11303906787634403,8,8
ELM_CTRL_SCR_ARR_DIRS_S99,0,50000000,50003968,/work/classic/fr_xl1014-easy-landmark-maze/IntrMotiv/SF_hipposlam/train_dir/analysis/online_spatial/easy_landmark_maze_control_20260923/ELM_CTRL_SCR_ARR_DIRS_S99/policy_00/snapshot_target_000050000000_actual_000050003968.npz,5,0.30000001192092896,3,5,2,0.08053939044475555,0.05683059876014214,0,4
ELM_CTRL_SCR_ARR_DIRS_S99,0,50000000,50003968,/work/classic/fr_xl1014-easy-landmark-maze/IntrMotiv/SF_hipposlam/train_dir/analysis/online_spatial/easy_landmark_maze_control_20260923/ELM_CTRL_SCR_ARR_DIRS_S99/policy_00/snapshot_target_000050000000_actual_000050003968.npz,6,0.30000001192092896,1,1,55,3.282372236251831,1.0,4,2
ELM_CTRL_SCR_ARR_DIRS_S99,0,50000000,50003968,/work/classic/fr_xl1014-easy-landmark-maze/IntrMotiv/SF_hipposlam/train_dir/analysis/online_spatial/easy_landmark_maze_control_20260923/ELM_CTRL_SCR_ARR_DIRS_S99/policy_00/snapshot_target_000050000000_actual_000050003968.npz,7,0.30000001192092896,1,1,15,1.4672013521194458,0.6679342705602853,0,4
ELM_CTRL_SCR_ARR_DIRS_S99,0,50000000,50003968,/work/classic/fr_xl1014-easy-landmark-maze/IntrMotiv/SF_hipposlam/train_dir/analysis/online_spatial/easy_landmark_maze_control_20260923/ELM_CTRL_SCR_ARR_DIRS_S99/policy_00/snapshot_target_000050000000_actual_000050003968.npz,7,0.30000001192092896,2,2,16,0.729423999786377,0.3320657294397147,8,5
ELM_CTRL_SCR_ARR_DIRS_S99,0,50000000,50003968,/work/classic/fr_xl1014-easy-landmark-maze/IntrMotiv/SF_hipposlam/train_dir/analysis/online_spatial/easy_landmark_maze_control_20260923/ELM_CTRL_SCR_ARR_DIRS_S99/policy_00/snapshot_target_000050000000_actual_000050003968.npz,8,0.30000001192092896,2,1,16,1.1825724840164185,0.775924945785242,0,6
ELM_CTRL_SCR_ARR_DIRS_S99,0,50000000,50003968,/work/classic/fr_xl1014-easy-landmark-maze/IntrMotiv/SF_hipposlam/train_dir/analysis/online_spatial/easy_landmark_maze_control_20260923/ELM_CTRL_SCR_ARR_DIRS_S99/policy_00/snapshot_target_000050000000_actual_000050003968.npz,8,0.30000001192092896,3,2,4,0.17702214419841766,0.11615008762375152,7,8
ELM_CTRL_SCR_ARR_DIRS_S99,0,50000000,50003968,/work/classic/fr_xl1014-easy-landmark-maze/IntrMotiv/SF_hipposlam/train_dir/analysis/online_spatial/easy_landmark_maze_control_20260923/ELM_CTRL_SCR_ARR_DIRS_S99/policy_00/snapshot_target_000050000000_actual_000050003968.npz,8,0.30000001192092896,1,3,4,0.16448639333248138,0.10792496659100656,8,2
ELM_CTRL_SCR_ARR_DIRS_S99,0,50000000,50003968,/work/classic/fr_xl1014-easy-landmark-maze/IntrMotiv/SF_hipposlam/train_dir/analysis/online_spatial/easy_landmark_maze_control_20260923/ELM_CTRL_SCR_ARR_DIRS_S99/policy_00/snapshot_target_000050000000_actual_000050003968.npz,9,0.30000001192092896,1,1,50,3.7451012134552,1.0,8,8
ELM_CTRL_SCR_ARR_DIRS_S99,0,50000000,50003968,/work/classic/fr_xl1014-easy-landmark-maze/IntrMotiv/SF_hipposlam/train_dir/analysis/online_spatial/easy_landmark_maze_control_20260923/ELM_CTRL_SCR_ARR_DIRS_S99/policy_00/snapshot_target_000050000000_actual_000050003968.npz,10,0.30000001192092896,2,1,16,1.4050493240356445,0.9000707656715072,2,8
ELM_CTRL_SCR_ARR_DIRS_S99,0,50000000,50003968,/work/classic/fr_xl1014-easy-landmark-maze/IntrMotiv/SF_hipposlam/train_dir/analysis/online_spatial/easy_landmark_maze_control_20260923/ELM_CTRL_SCR_ARR_DIRS_S99/policy_00/snapshot_target_000050000000_actual_000050003968.npz,10,0.30000001192092896,1,2,3,0.15599384903907776,0.09992923432849272,0,2
ELM_CTRL_SCR_ARR_DIRS_S99,0,50000000,50003968,/work/classic/fr_xl1014-easy-landmark-maze/IntrMotiv/SF_hipposlam/train_dir/analysis/online_spatial/easy_landmark_maze_control_20260923/ELM_CTRL_SCR_ARR_DIRS_S99/policy_00/snapshot_target_000050000000_actual_000050003968.npz,11,0.30000001192092896,1,1,52,3.0127179622650146,1.0,8,4
ELM_CTRL_SCR_ARR_DIRS_S99,0,50000000,50003968,/work/classic/fr_xl1014-easy-landmark-maze/IntrMotiv/SF_hipposlam/train_dir/analysis/online_spatial/easy_landmark_maze_control_20260923/ELM_CTRL_SCR_ARR_DIRS_S99/policy_00/snapshot_target_000050000000_actual_000050003968.npz,12,0.30000001192092896,3,1,17,0.9759418368339539,0.5650086077647302,0,3
ELM_CTRL_SCR_ARR_DIRS_S99,0,50000000,50003968,/work/classic/fr_xl1014-easy-landmark-maze/IntrMotiv/SF_hipposlam/train_dir/analysis/online_spatial/easy_landmark_maze_control_20260923/ELM_CTRL_SCR_ARR_DIRS_S99/policy_00/snapshot_target_000050000000_actual_000050003968.npz,12,0.30000001192092896,4,2,7,0.3438132703304291,0.19904614175638152,7,8
ELM_CTRL_SCR_ARR_DIRS_S99,0,50000000,50003968,/work/classic/fr_xl1014-easy-landmark-maze/IntrMotiv/SF_hipposlam/train_dir/analysis/online_spatial/easy_landmark_maze_control_20260923/ELM_CTRL_SCR_ARR_DIRS_S99/policy_00/snapshot_target_000050000000_actual_000050003968.npz,12,0.30000001192092896,2,3,6,0.271772176027298,0.1573389038270119,8,2
ELM_CTRL_SCR_ARR_DIRS_S99,0,50000000,50003968,/work/classic/fr_xl1014-easy-landmark-maze/IntrMotiv/SF_hipposlam/train_dir/analysis/online_spatial/easy_landmark_maze_control_20260923/ELM_CTRL_SCR_ARR_DIRS_S99/policy_00/snapshot_target_000050000000_actual_000050003968.npz,12,0.30000001192092896,1,4,3,0.135777086019516,0.07860634665187637,4,0
ELM_CTRL_SCR_ARR_DIRS_S99,0,50000000,50003968,/work/classic/fr_xl1014-easy-landmark-maze/IntrMotiv/SF_hipposlam/train_dir/analysis/online_spatial/easy_landmark_maze_control_20260923/ELM_CTRL_SCR_ARR_DIRS_S99/policy_00/snapshot_target_000050000000_actual_000050003968.npz,13,0.30000001192092896,1,1,25,2.4760358333587646,1.0,2,2
ELM_CTRL_SCR_ARR_DIRS_S99,0,50000000,50003968,/work/classic/fr_xl1014-easy-landmark-maze/IntrMotiv/SF_hipposlam/train_dir/analysis/online_spatial/easy_landmark_maze_control_20260923/ELM_CTRL_SCR_ARR_DIRS_S99/policy_00/snapshot_target_000050000000_actual_000050003968.npz,14,0.30000001192092896,1,1,50,3.8181638717651367,1.0,3,8
ELM_CTRL_SCR_ARR_DIRS_S99,0,50000000,50003968,/work/classic/fr_xl1014-easy-landmark-maze/IntrMotiv/SF_hipposlam/train_dir/analysis/online_spatial/easy_landmark_maze_control_20260923/ELM_CTRL_SCR_ARR_DIRS_S99/policy_00/snapshot_target_000050000000_actual_000050003968.npz,15,0.30000001192092896,1,1,50,4.1878981590271,1.0,6,8
ELM_CTRL_SCR_ARR_DIRS_S99,0,50000000,50003968,/work/classic/fr_xl1014-easy-landmark-maze/IntrMotiv/SF_hipposlam/train_dir/analysis/online_spatial/easy_landmark_maze_control_20260923/ELM_CTRL_SCR_ARR_DIRS_S99/policy_00/snapshot_target_000050000000_actual_000050003968.npz,0,0.5,1,1,50,3.515411376953125,1.0,8,0
ELM_CTRL_SCR_ARR_DIRS_S99,0,50000000,50003968,/work/classic/fr_xl1014-easy-landmark-maze/IntrMotiv/SF_hipposlam/train_dir/analysis/online_spatial/easy_landmark_maze_control_20260923/ELM_CTRL_SCR_ARR_DIRS_S99/policy_00/snapshot_target_000050000000_actual_000050003968.npz,1,0.5,1,1,49,3.7209503650665283,1.0,0,0
ELM_CTRL_SCR_ARR_DIRS_S99,0,50000000,50003968,/work/classic/fr_xl1014-easy-landmark-maze/IntrMotiv/SF_hipposlam/train_dir/analysis/online_spatial/easy_landmark_maze_control_20260923/ELM_CTRL_SCR_ARR_DIRS_S99/policy_00/snapshot_target_000050000000_actual_000050003968.npz,2,0.5,1,1,9,1.875938892364502,1.0,6,3
ELM_CTRL_SCR_ARR_DIRS_S99,0,50000000,50003968,/work/classic/fr_xl1014-easy-landmark-maze/IntrMotiv/SF_hipposlam/train_dir/analysis/online_spatial/easy_landmark_maze_control_20260923/ELM_CTRL_SCR_ARR_DIRS_S99/policy_00/snapshot_target_000050000000_actual_000050003968.npz,3,0.5,1,1,16,7.458264350891113,1.0,6,2
ELM_CTRL_SCR_ARR_DIRS_S99,0,50000000,50003968,/work/classic/fr_xl1014-easy-landmark-maze/IntrMotiv/SF_hipposlam/train_dir/analysis/online_spatial/easy_landmark_maze_control_20260923/ELM_CTRL_SCR_ARR_DIRS_S99/policy_00/snapshot_target_000050000000_actual_000050003968.npz,4,0.5,2,1,12,1.2134813070297241,0.8012100221195387,1,8
ELM_CTRL_SCR_ARR_DIRS_S99,0,50000000,50003968,/work/classic/fr_xl1014-easy-landmark-maze/IntrMotiv/SF_hipposlam/train_dir/analysis/online_spatial/easy_landmark_maze_control_20260923/ELM_CTRL_SCR_ARR_DIRS_S99/policy_00/snapshot_target_000050000000_actual_000050003968.npz,4,0.5,1,2,4,0.30107951164245605,0.1987899778804613,6,0
ELM_CTRL_SCR_ARR_DIRS_S99,0,50000000,50003968,/work/classic/fr_xl1014-easy-landmark-maze/IntrMotiv/SF_hipposlam/train_dir/analysis/online_spatial/easy_landmark_maze_control_20260923/ELM_CTRL_SCR_ARR_DIRS_S99/policy_00/snapshot_target_000050000000_actual_000050003968.npz,5,0.5,2,1,4,0.3591464161872864,0.5246877671906515,8,0
ELM_CTRL_SCR_ARR_DIRS_S99,0,50000000,50003968,/work/classic/fr_xl1014-easy-landmark-maze/IntrMotiv/SF_hipposlam/train_dir/analysis/online_spatial/easy_landmark_maze_control_20260923/ELM_CTRL_SCR_ARR_DIRS_S99/policy_00/snapshot_target_000050000000_actual_000050003968.npz,5,0.5,1,2,2,0.17913147807121277,0.2616985469617862,0,0
ELM_CTRL_SCR_ARR_DIRS_S99,0,50000000,50003968,/work/classic/fr_xl1014-easy-landmark-maze/IntrMotiv/SF_hipposlam/train_dir/analysis/online_spatial/easy_landmark_maze_control_20260923/ELM_CTRL_SCR_ARR_DIRS_S99/policy_00/snapshot_target_000050000000_actual_000050003968.npz,5,0.5,3,3,1,0.07359958440065384,0.10752383948389789,0,8
ELM_CTRL_SCR_ARR_DIRS_S99,0,50000000,50003968,/work/classic/fr_xl1014-easy-landmark-maze/IntrMotiv/SF_hipposlam/train_dir/analysis/online_spatial/easy_landmark_maze_control_20260923/ELM_CTRL_SCR_ARR_DIRS_S99/policy_00/snapshot_target_000050000000_actual_000050003968.npz,5,0.5,4,4,1,0.0726180225610733,0.10608984636366446,8,8
ELM_CTRL_SCR_ARR_DIRS_S99,0,50000000,50003968,/work/classic/fr_xl1014-easy-landmark-maze/IntrMotiv/SF_hipposlam/train_dir/analysis/online_spatial/easy_landmark_maze_control_20260923/ELM_CTRL_SCR_ARR_DIRS_S99/policy_00/snapshot_target_000050000000_actual_000050003968.npz,6,0.5,2,1,23,1.6412423849105835,0.6067235967686756,5,8
ELM_CTRL_SCR_ARR_DIRS_S99,0,50000000,50003968,/work/classic/fr_xl1014-easy-landmark-maze/IntrMotiv/SF_hipposlam/train_dir/analysis/online_spatial/easy_landmark_maze_control_20260923/ELM_CTRL_SCR_ARR_DIRS_S99/policy_00/snapshot_target_000050000000_actual_000050003968.npz,6,0.5,3,2,16,1.0150160789489746,0.3752244103978043,4,2
ELM_CTRL_SCR_ARR_DIRS_S99,0,50000000,50003968,/work/classic/fr_xl1014-easy-landmark-maze/IntrMotiv/SF_hipposlam/train_dir/analysis/online_spatial/easy_landmark_maze_control_20260923/ELM_CTRL_SCR_ARR_DIRS_S99/policy_00/snapshot_target_000050000000_actual_000050003968.npz,6,0.5,1,3,1,0.048832278698682785,0.018051992833520047,8,0
ELM_CTRL_SCR_ARR_DIRS_S99,0,50000000,50003968,/work/classic/fr_xl1014-easy-landmark-maze/IntrMotiv/SF_hipposlam/train_dir/analysis/online_spatial/easy_landmark_maze_control_20260923/ELM_CTRL_SCR_ARR_DIRS_S99/policy_00/snapshot_target_000050000000_actual_000050003968.npz,7,0.5,1,1,13,1.366014838218689,1.0,0,4
ELM_CTRL_SCR_ARR_DIRS_S99,0,50000000,50003968,/work/classic/fr_xl1014-easy-landmark-maze/IntrMotiv/SF_hipposlam/train_dir/analysis/online_spatial/easy_landmark_maze_control_20260923/ELM_CTRL_SCR_ARR_DIRS_S99/policy_00/snapshot_target_000050000000_actual_000050003968.npz,8,0.5,1,1,12,1.0229460000991821,1.0,0,6
ELM_CTRL_SCR_ARR_DIRS_S99,0,50000000,50003968,/work/classic/fr_xl1014-easy-landmark-maze/IntrMotiv/SF_hipposlam/train_dir/analysis/online_spatial/easy_landmark_maze_control_20260923/ELM_CTRL_SCR_ARR_DIRS_S99/policy_00/snapshot_target_000050000000_actual_000050003968.npz,9,0.5,1,1,48,3.667339324951172,1.0,8,8
ELM_CTRL_SCR_ARR_DIRS_S99,0,50000000,50003968,/work/classic/fr_xl1014-easy-landmark-maze/IntrMotiv/SF_hipposlam/train_dir/analysis/online_spatial/easy_landmark_maze_control_20260923/ELM_CTRL_SCR_ARR_DIRS_S99/policy_00/snapshot_target_000050000000_actual_000050003968.npz,10,0.5,1,1,9,0.9937945604324341,1.0,2,8
ELM_CTRL_SCR_ARR_DIRS_S99,0,50000000,50003968,/work/classic/fr_xl1014-easy-landmark-maze/IntrMotiv/SF_hipposlam/train_dir/analysis/online_spatial/easy_landmark_maze_control_20260923/ELM_CTRL_SCR_ARR_DIRS_S99/policy_00/snapshot_target_000050000000_actual_000050003968.npz,11,0.5,1,1,20,1.2749321460723877,0.4962805660413825,0,6
ELM_CTRL_SCR_ARR_DIRS_S99,0,50000000,50003968,/work/classic/fr_xl1014-easy-landmark-maze/IntrMotiv/SF_hipposlam/train_dir/analysis/online_spatial/easy_landmark_maze_control_20260923/ELM_CTRL_SCR_ARR_DIRS_S99/policy_00/snapshot_target_000050000000_actual_000050003968.npz,11,0.5,2,2,11,0.7540697455406189,0.2935294723758041,8,4
ELM_CTRL_SCR_ARR_DIRS_S99,0,50000000,50003968,/work/classic/fr_xl1014-easy-landmark-maze/IntrMotiv/SF_hipposlam/train_dir/analysis/online_spatial/easy_landmark_maze_control_20260923/ELM_CTRL_SCR_ARR_DIRS_S99/policy_00/snapshot_target_000050000000_actual_000050003968.npz,11,0.5,3,3,9,0.5399726629257202,0.21018996158281342,5,8
ELM_CTRL_SCR_ARR_DIRS_S99,0,50000000,50003968,/work/classic/fr_xl1014-easy-landmark-maze/IntrMotiv/SF_hipposlam/train_dir/analysis/online_spatial/easy_landmark_maze_control_20260923/ELM_CTRL_SCR_ARR_DIRS_S99/policy_00/snapshot_target_000050000000_actual_000050003968.npz,12,0.5,4,1,8,0.5214518308639526,0.3602525129009866,0,7
ELM_CTRL_SCR_ARR_DIRS_S99,0,50000000,50003968,/work/classic/fr_xl1014-easy-landmark-maze/IntrMotiv/SF_hipposlam/train_dir/analysis/online_spatial/easy_landmark_maze_control_20260923/ELM_CTRL_SCR_ARR_DIRS_S99/policy_00/snapshot_target_000050000000_actual_000050003968.npz,12,0.5,3,2,5,0.3254247009754181,0.2248243449298259,0,3
ELM_CTRL_SCR_ARR_DIRS_S99,0,50000000,50003968,/work/classic/fr_xl1014-easy-landmark-maze/IntrMotiv/SF_hipposlam/train_dir/analysis/online_spatial/easy_landmark_maze_control_20260923/ELM_CTRL_SCR_ARR_DIRS_S99/policy_00/snapshot_target_000050000000_actual_000050003968.npz,12,0.5,5,3,5,0.2826150953769684,0.19524871189850695,7,8
ELM_CTRL_SCR_ARR_DIRS_S99,0,50000000,50003968,/work/classic/fr_xl1014-easy-landmark-maze/IntrMotiv/SF_hipposlam/train_dir/analysis/online_spatial/easy_landmark_maze_control_20260923/ELM_CTRL_SCR_ARR_DIRS_S99/policy_00/snapshot_target_000050000000_actual_000050003968.npz,12,0.5,2,4,3,0.1821933090686798,0.12587087347452888,8,2
ELM_CTRL_SCR_ARR_DIRS_S99,0,50000000,50003968,/work/classic/fr_xl1014-easy-landmark-maze/IntrMotiv/SF_hipposlam/train_dir/analysis/online_spatial/easy_landmark_maze_control_20260923/ELM_CTRL_SCR_ARR_DIRS_S99/policy_00/snapshot_target_000050000000_actual_000050003968.npz,12,0.5,1,5,3,0.135777086019516,0.09380355679615167,4,0
ELM_CTRL_SCR_ARR_DIRS_S99,0,50000000,50003968,/work/classic/fr_xl1014-easy-landmark-maze/IntrMotiv/SF_hipposlam/train_dir/analysis/online_spatial/easy_landmark_maze_control_20260923/ELM_CTRL_SCR_ARR_DIRS_S99/policy_00/snapshot_target_000050000000_actual_000050003968.npz,13,0.5,2,1,5,0.6648971438407898,0.7465628579837769,2,2
ELM_CTRL_SCR_ARR_DIRS_S99,0,50000000,50003968,/work/classic/fr_xl1014-easy-landmark-maze/IntrMotiv/SF_hipposlam/train_dir/analysis/online_spatial/easy_landmark_maze_control_20260923/ELM_CTRL_SCR_ARR_DIRS_S99/policy_00/snapshot_target_000050000000_actual_000050003968.npz,13,0.5,1,2,1,0.1153629869222641,0.12953239763480384,0,0
ELM_CTRL_SCR_ARR_DIRS_S99,0,50000000,50003968,/work/classic/fr_xl1014-easy-landmark-maze/IntrMotiv/SF_hipposlam/train_dir/analysis/online_spatial/easy_landmark_maze_control_20260923/ELM_CTRL_SCR_ARR_DIRS_S99/policy_00/snapshot_target_000050000000_actual_000050003968.npz,13,0.5,3,3,1,0.11035093665122986,0.12390474438141934,0,4
ELM_CTRL_SCR_ARR_DIRS_S99,0,50000000,50003968,/work/classic/fr_xl1014-easy-landmark-maze/IntrMotiv/SF_hipposlam/train_dir/analysis/online_spatial/easy_landmark_maze_control_20260923/ELM_CTRL_SCR_ARR_DIRS_S99/policy_00/snapshot_target_000050000000_actual_000050003968.npz,14,0.5,1,1,48,3.739288330078125,1.0,3,8
ELM_CTRL_SCR_ARR_DIRS_S99,0,50000000,50003968,/work/classic/fr_xl1014-easy-landmark-maze/IntrMotiv/SF_hipposlam/train_dir/analysis/online_spatial/easy_landmark_maze_control_20260923/ELM_CTRL_SCR_ARR_DIRS_S99/policy_00/snapshot_target_000050000000_actual_000050003968.npz,15,0.5,1,1,42,3.7826993465423584,1.0,6,8
ELM_CTRL_SCR_ARR_DIRS_S99,0,50000000,50003968,/work/classic/fr_xl1014-easy-landmark-maze/IntrMotiv/SF_hipposlam/train_dir/analysis/online_spatial/easy_landmark_maze_control_20260923/ELM_CTRL_SCR_ARR_DIRS_S99/policy_00/snapshot_target_000050000000_actual_000050003968.npz,0,0.699999988079071,1,1,23,1.666719913482666,0.587216752628098,8,8
ELM_CTRL_SCR_ARR_DIRS_S99,0,50000000,50003968,/work/classic/fr_xl1014-easy-landmark-maze/IntrMotiv/SF_hipposlam/train_dir/analysis/online_spatial/easy_landmark_maze_control_20260923/ELM_CTRL_SCR_ARR_DIRS_S99/policy_00/snapshot_target_000050000000_actual_000050003968.npz,0,0.699999988079071,2,2,15,1.1716185808181763,0.4127832473719019,8,0
ELM_CTRL_SCR_ARR_DIRS_S99,0,50000000,50003968,/work/classic/fr_xl1014-easy-landmark-maze/IntrMotiv/SF_hipposlam/train_dir/analysis/online_spatial/easy_landmark_maze_control_20260923/ELM_CTRL_SCR_ARR_DIRS_S99/policy_00/snapshot_target_000050000000_actual_000050003968.npz,1,0.699999988079071,1,1,22,1.7934719324111938,0.6010681103956984,0,0
ELM_CTRL_SCR_ARR_DIRS_S99,0,50000000,50003968,/work/classic/fr_xl1014-easy-landmark-maze/IntrMotiv/SF_hipposlam/train_dir/analysis/online_spatial/easy_landmark_maze_control_20260923/ELM_CTRL_SCR_ARR_DIRS_S99/policy_00/snapshot_target_000050000000_actual_000050003968.npz,1,0.699999988079071,2,2,9,0.7230246067047119,0.2423160498181442,0,5
ELM_CTRL_SCR_ARR_DIRS_S99,0,50000000,50003968,/work/classic/fr_xl1014-easy-landmark-maze/IntrMotiv/SF_hipposlam/train_dir/analysis/online_spatial/easy_landmark_maze_control_20260923/ELM_CTRL_SCR_ARR_DIRS_S99/policy_00/snapshot_target_000050000000_actual_000050003968.npz,1,0.699999988079071,3,3,6,0.4673116207122803,0.1566158397861574,6,8
ELM_CTRL_SCR_ARR_DIRS_S99,0,50000000,50003968,/work/classic/fr_xl1014-easy-landmark-maze/IntrMotiv/SF_hipposlam/train_dir/analysis/online_spatial/easy_landmark_maze_control_20260923/ELM_CTRL_SCR_ARR_DIRS_S99/policy_00/snapshot_target_000050000000_actual_000050003968.npz,2,0.699999988079071,2,1,2,0.6048353910446167,0.7012756917462121,6,3
ELM_CTRL_SCR_ARR_DIRS_S99,0,50000000,50003968,/work/classic/fr_xl1014-easy-landmark-maze/IntrMotiv/SF_hipposlam/train_dir/analysis/online_spatial/easy_landmark_maze_control_20260923/ELM_CTRL_SCR_ARR_DIRS_S99/policy_00/snapshot_target_000050000000_actual_000050003968.npz,2,0.699999988079071,1,2,1,0.25764337182044983,0.298724308253788,3,2
ELM_CTRL_SCR_ARR_DIRS_S99,0,50000000,50003968,/work/classic/fr_xl1014-easy-landmark-maze/IntrMotiv/SF_hipposlam/train_dir/analysis/online_spatial/easy_landmark_maze_control_20260923/ELM_CTRL_SCR_ARR_DIRS_S99/policy_00/snapshot_target_000050000000_actual_000050003968.npz,3,0.699999988079071,2,1,6,3.308638095855713,0.8346827661112434,3,6
ELM_CTRL_SCR_ARR_DIRS_S99,0,50000000,50003968,/work/classic/fr_xl1014-easy-landmark-maze/IntrMotiv/SF_hipposlam/train_dir/analysis/online_spatial/easy_landmark_maze_control_20260923/ELM_CTRL_SCR_ARR_DIRS_S99/policy_00/snapshot_target_000050000000_actual_000050003968.npz,3,0.699999988079071,1,2,1,0.655308723449707,0.16531723388875663,6,2
ELM_CTRL_SCR_ARR_DIRS_S99,0,50000000,50003968,/work/classic/fr_xl1014-easy-landmark-maze/IntrMotiv/SF_hipposlam/train_dir/analysis/online_spatial/easy_landmark_maze_control_20260923/ELM_CTRL_SCR_ARR_DIRS_S99/policy_00/snapshot_target_000050000000_actual_000050003968.npz,4,0.699999988079071,1,1,8,0.8930680751800537,1.0,1,8
ELM_CTRL_SCR_ARR_DIRS_S99,0,50000000,50003968,/work/classic/fr_xl1014-easy-landmark-maze/IntrMotiv/SF_hipposlam/train_dir/analysis/online_spatial/easy_landmark_maze_control_20260923/ELM_CTRL_SCR_ARR_DIRS_S99/policy_00/snapshot_target_000050000000_actual_000050003968.npz,5,0.699999988079071,2,1,2,0.21940617263317108,0.6982504306417772,8,0
ELM_CTRL_SCR_ARR_DIRS_S99,0,50000000,50003968,/work/classic/fr_xl1014-easy-landmark-maze/IntrMotiv/SF_hipposlam/train_dir/analysis/online_spatial/easy_landmark_maze_control_20260923/ELM_CTRL_SCR_ARR_DIRS_S99/policy_00/snapshot_target_000050000000_actual_000050003968.npz,5,0.699999988079071,1,2,1,0.09481658041477203,0.30174956935822284,0,0
ELM_CTRL_SCR_ARR_DIRS_S99,0,50000000,50003968,/work/classic/fr_xl1014-easy-landmark-maze/IntrMotiv/SF_hipposlam/train_dir/analysis/online_spatial/easy_landmark_maze_control_20260923/ELM_CTRL_SCR_ARR_DIRS_S99/policy_00/snapshot_target_000050000000_actual_000050003968.npz,6,0.699999988079071,4,1,4,0.3420566916465759,0.2325412827242713,0,6
ELM_CTRL_SCR_ARR_DIRS_S99,0,50000000,50003968,/work/classic/fr_xl1014-easy-landmark-maze/IntrMotiv/SF_hipposlam/train_dir/analysis/online_spatial/easy_landmark_maze_control_20260923/ELM_CTRL_SCR_ARR_DIRS_S99/policy_00/snapshot_target_000050000000_actual_000050003968.npz,6,0.699999988079071,5,2,4,0.34124964475631714,0.23199262595578066,5,8
ELM_CTRL_SCR_ARR_DIRS_S99,0,50000000,50003968,/work/classic/fr_xl1014-easy-landmark-maze/IntrMotiv/SF_hipposlam/train_dir/analysis/online_spatial/easy_landmark_maze_control_20260923/ELM_CTRL_SCR_ARR_DIRS_S99/policy_00/snapshot_target_000050000000_actual_000050003968.npz,6,0.699999988079071,3,3,4,0.2934716045856476,0.1995115577040335,8,4
ELM_CTRL_SCR_ARR_DIRS_S99,0,50000000,50003968,/work/classic/fr_xl1014-easy-landmark-maze/IntrMotiv/SF_hipposlam/train_dir/analysis/online_spatial/easy_landmark_maze_control_20260923/ELM_CTRL_SCR_ARR_DIRS_S99/policy_00/snapshot_target_000050000000_actual_000050003968.npz,6,0.699999988079071,1,4,3,0.25530844926834106,0.1735670014155061,0,2
ELM_CTRL_SCR_ARR_DIRS_S99,0,50000000,50003968,/work/classic/fr_xl1014-easy-landmark-maze/IntrMotiv/SF_hipposlam/train_dir/analysis/online_spatial/easy_landmark_maze_control_20260923/ELM_CTRL_SCR_ARR_DIRS_S99/policy_00/snapshot_target_000050000000_actual_000050003968.npz,6,0.699999988079071,2,5,3,0.238864004611969,0.16238753220040844,4,2
ELM_CTRL_SCR_ARR_DIRS_S99,0,50000000,50003968,/work/classic/fr_xl1014-easy-landmark-maze/IntrMotiv/SF_hipposlam/train_dir/analysis/online_spatial/easy_landmark_maze_control_20260923/ELM_CTRL_SCR_ARR_DIRS_S99/policy_00/snapshot_target_000050000000_actual_000050003968.npz,7,0.699999988079071,1,1,11,1.2320101261138916,1.0,0,4
ELM_CTRL_SCR_ARR_DIRS_S99,0,50000000,50003968,/work/classic/fr_xl1014-easy-landmark-maze/IntrMotiv/SF_hipposlam/train_dir/analysis/online_spatial/easy_landmark_maze_control_20260923/ELM_CTRL_SCR_ARR_DIRS_S99/policy_00/snapshot_target_000050000000_actual_000050003968.npz,8,0.699999988079071,1,1,8,0.7596922516822815,1.0,0,6
ELM_CTRL_SCR_ARR_DIRS_S99,0,50000000,50003968,/work/classic/fr_xl1014-easy-landmark-maze/IntrMotiv/SF_hipposlam/train_dir/analysis/online_spatial/easy_landmark_maze_control_20260923/ELM_CTRL_SCR_ARR_DIRS_S99/policy_00/snapshot_target_000050000000_actual_000050003968.npz,9,0.699999988079071,1,1,37,2.99387788772583,1.0,8,8
ELM_CTRL_SCR_ARR_DIRS_S99,0,50000000,50003968,/work/classic/fr_xl1014-easy-landmark-maze/IntrMotiv/SF_hipposlam/train_dir/analysis/online_spatial/easy_landmark_maze_control_20260923/ELM_CTRL_SCR_ARR_DIRS_S99/policy_00/snapshot_target_000050000000_actual_000050003968.npz,10,0.699999988079071,1,1,4,0.5542944669723511,1.0,2,8
ELM_CTRL_SCR_ARR_DIRS_S99,0,50000000,50003968,/work/classic/fr_xl1014-easy-landmark-maze/IntrMotiv/SF_hipposlam/train_dir/analysis/online_spatial/easy_landmark_maze_control_20260923/ELM_CTRL_SCR_ARR_DIRS_S99/policy_00/snapshot_target_000050000000_actual_000050003968.npz,11,0.699999988079071,2,1,7,0.5351715087890625,0.33297780224751694,8,4
ELM_CTRL_SCR_ARR_DIRS_S99,0,50000000,50003968,/work/classic/fr_xl1014-easy-landmark-maze/IntrMotiv/SF_hipposlam/train_dir/analysis/online_spatial/easy_landmark_maze_control_20260923/ELM_CTRL_SCR_ARR_DIRS_S99/policy_00/snapshot_target_000050000000_actual_000050003968.npz,11,0.699999988079071,3,2,7,0.49379846453666687,0.30723595104429474,0,6
ELM_CTRL_SCR_ARR_DIRS_S99,0,50000000,50003968,/work/classic/fr_xl1014-easy-landmark-maze/IntrMotiv/SF_hipposlam/train_dir/analysis/online_spatial/easy_landmark_maze_control_20260923/ELM_CTRL_SCR_ARR_DIRS_S99/policy_00/snapshot_target_000050000000_actual_000050003968.npz,11,0.699999988079071,1,3,5,0.3695269227027893,0.22991557019034187,3,0
ELM_CTRL_SCR_ARR_DIRS_S99,0,50000000,50003968,/work/classic/fr_xl1014-easy-landmark-maze/IntrMotiv/SF_hipposlam/train_dir/analysis/online_spatial/easy_landmark_maze_control_20260923/ELM_CTRL_SCR_ARR_DIRS_S99/policy_00/snapshot_target_000050000000_actual_000050003968.npz,11,0.699999988079071,4,4,3,0.20873188972473145,0.12987067651784642,5,8
ELM_CTRL_SCR_ARR_DIRS_S99,0,50000000,50003968,/work/classic/fr_xl1014-easy-landmark-maze/IntrMotiv/SF_hipposlam/train_dir/analysis/online_spatial/easy_landmark_maze_control_20260923/ELM_CTRL_SCR_ARR_DIRS_S99/policy_00/snapshot_target_000050000000_actual_000050003968.npz,12,0.699999988079071,3,1,5,0.3643689453601837,0.5034645844497395,0,7
ELM_CTRL_SCR_ARR_DIRS_S99,0,50000000,50003968,/work/classic/fr_xl1014-easy-landmark-maze/IntrMotiv/SF_hipposlam/train_dir/analysis/online_spatial/easy_landmark_maze_control_20260923/ELM_CTRL_SCR_ARR_DIRS_S99/policy_00/snapshot_target_000050000000_actual_000050003968.npz,12,0.699999988079071,2,2,2,0.150398850440979,0.2078127011184646,0,3
ELM_CTRL_SCR_ARR_DIRS_S99,0,50000000,50003968,/work/classic/fr_xl1014-easy-landmark-maze/IntrMotiv/SF_hipposlam/train_dir/analysis/online_spatial/easy_landmark_maze_control_20260923/ELM_CTRL_SCR_ARR_DIRS_S99/policy_00/snapshot_target_000050000000_actual_000050003968.npz,12,0.699999988079071,1,3,2,0.13544467091560364,0.18714985408827245,8,2
ELM_CTRL_SCR_ARR_DIRS_S99,0,50000000,50003968,/work/classic/fr_xl1014-easy-landmark-maze/IntrMotiv/SF_hipposlam/train_dir/analysis/online_spatial/easy_landmark_maze_control_20260923/ELM_CTRL_SCR_ARR_DIRS_S99/policy_00/snapshot_target_000050000000_actual_000050003968.npz,12,0.699999988079071,4,4,1,0.07351062446832657,0.1015728603435235,7,8
ELM_CTRL_SCR_ARR_DIRS_S99,0,50000000,50003968,/work/classic/fr_xl1014-easy-landmark-maze/IntrMotiv/SF_hipposlam/train_dir/analysis/online_spatial/easy_landmark_maze_control_20260923/ELM_CTRL_SCR_ARR_DIRS_S99/policy_00/snapshot_target_000050000000_actual_000050003968.npz,13,0.699999988079071,1,1,1,0.21158668398857117,1.0,2,2
ELM_CTRL_SCR_ARR_DIRS_S99,0,50000000,50003968,/work/classic/fr_xl1014-easy-landmark-maze/IntrMotiv/SF_hipposlam/train_dir/analysis/online_spatial/easy_landmark_maze_control_20260923/ELM_CTRL_SCR_ARR_DIRS_S99/policy_00/snapshot_target_000050000000_actual_000050003968.npz,14,0.699999988079071,3,1,15,1.3216540813446045,0.5591361570651393,3,8
ELM_CTRL_SCR_ARR_DIRS_S99,0,50000000,50003968,/work/classic/fr_xl1014-easy-landmark-maze/IntrMotiv/SF_hipposlam/train_dir/analysis/online_spatial/easy_landmark_maze_control_20260923/ELM_CTRL_SCR_ARR_DIRS_S99/policy_00/snapshot_target_000050000000_actual_000050003968.npz,14,0.699999988079071,1,2,7,0.614453136920929,0.2599492337095189,3,0
ELM_CTRL_SCR_ARR_DIRS_S99,0,50000000,50003968,/work/classic/fr_xl1014-easy-landmark-maze/IntrMotiv/SF_hipposlam/train_dir/analysis/online_spatial/easy_landmark_maze_control_20260923/ELM_CTRL_SCR_ARR_DIRS_S99/policy_00/snapshot_target_000050000000_actual_000050003968.npz,14,0.699999988079071,2,3,5,0.4276356101036072,0.18091460922534178,8,1
ELM_CTRL_SCR_ARR_DIRS_S99,0,50000000,50003968,/work/classic/fr_xl1014-easy-landmark-maze/IntrMotiv/SF_hipposlam/train_dir/analysis/online_spatial/easy_landmark_maze_control_20260923/ELM_CTRL_SCR_ARR_DIRS_S99/policy_00/snapshot_target_000050000000_actual_000050003968.npz,15,0.699999988079071,1,1,20,1.9373035430908203,0.6712755500654359,4,0
ELM_CTRL_SCR_ARR_DIRS_S99,0,50000000,50003968,/work/classic/fr_xl1014-easy-landmark-maze/IntrMotiv/SF_hipposlam/train_dir/analysis/online_spatial/easy_landmark_maze_control_20260923/ELM_CTRL_SCR_ARR_DIRS_S99/policy_00/snapshot_target_000050000000_actual_000050003968.npz,15,0.699999988079071,2,2,9,0.9486998915672302,0.32872444993456407,6,8
ELM_CTRL_SCR_ARR_DIRS_S99,0,75000000,75005952,/work/classic/fr_xl1014-easy-landmark-maze/IntrMotiv/SF_hipposlam/train_dir/analysis/online_spatial/easy_landmark_maze_control_20260923/ELM_CTRL_SCR_ARR_DIRS_S99/policy_00/snapshot_target_000075000000_actual_000075005952.npz,0,0.30000001192092896,2,1,5,0.5790455341339111,0.4298681621149426,8,8
ELM_CTRL_SCR_ARR_DIRS_S99,0,75000000,75005952,/work/classic/fr_xl1014-easy-landmark-maze/IntrMotiv/SF_hipposlam/train_dir/analysis/online_spatial/easy_landmark_maze_control_20260923/ELM_CTRL_SCR_ARR_DIRS_S99/policy_00/snapshot_target_000075000000_actual_000075005952.npz,0,0.30000001192092896,3,2,3,0.4235913157463074,0.31446304246188245,0,8
ELM_CTRL_SCR_ARR_DIRS_S99,0,75000000,75005952,/work/classic/fr_xl1014-easy-landmark-maze/IntrMotiv/SF_hipposlam/train_dir/analysis/online_spatial/easy_landmark_maze_control_20260923/ELM_CTRL_SCR_ARR_DIRS_S99/policy_00/snapshot_target_000075000000_actual_000075005952.npz,0,0.30000001192092896,1,3,3,0.34439367055892944,0.255668795423175,8,0
ELM_CTRL_SCR_ARR_DIRS_S99,0,75000000,75005952,/work/classic/fr_xl1014-easy-landmark-maze/IntrMotiv/SF_hipposlam/train_dir/analysis/online_spatial/easy_landmark_maze_control_20260923/ELM_CTRL_SCR_ARR_DIRS_S99/policy_00/snapshot_target_000075000000_actual_000075005952.npz,1,0.30000001192092896,1,1,6,0.8380040526390076,0.4679630635245744,6,0
ELM_CTRL_SCR_ARR_DIRS_S99,0,75000000,75005952,/work/classic/fr_xl1014-easy-landmark-maze/IntrMotiv/SF_hipposlam/train_dir/analysis/online_spatial/easy_landmark_maze_control_20260923/ELM_CTRL_SCR_ARR_DIRS_S99/policy_00/snapshot_target_000075000000_actual_000075005952.npz,1,0.30000001192092896,2,2,3,0.34046435356140137,0.19012407089413036,0,2
ELM_CTRL_SCR_ARR_DIRS_S99,0,75000000,75005952,/work/classic/fr_xl1014-easy-landmark-maze/IntrMotiv/SF_hipposlam/train_dir/analysis/online_spatial/easy_landmark_maze_control_20260923/ELM_CTRL_SCR_ARR_DIRS_S99/policy_00/snapshot_target_000075000000_actual_000075005952.npz,1,0.30000001192092896,5,3,3,0.2886555790901184,0.16119271579783306,2,8
ELM_CTRL_SCR_ARR_DIRS_S99,0,75000000,75005952,/work/classic/fr_xl1014-easy-landmark-maze/IntrMotiv/SF_hipposlam/train_dir/analysis/online_spatial/easy_landmark_maze_control_20260923/ELM_CTRL_SCR_ARR_DIRS_S99/policy_00/snapshot_target_000075000000_actual_000075005952.npz,1,0.30000001192092896,4,4,2,0.21003657579421997,0.11728983786098154,8,7
ELM_CTRL_SCR_ARR_DIRS_S99,0,75000000,75005952,/work/classic/fr_xl1014-easy-landmark-maze/IntrMotiv/SF_hipposlam/train_dir/analysis/online_spatial/easy_landmark_maze_control_20260923/ELM_CTRL_SCR_ARR_DIRS_S99/policy_00/snapshot_target_000075000000_actual_000075005952.npz,1,0.30000001192092896,3,5,1,0.11358772218227386,0.06343031192248064,8,3
ELM_CTRL_SCR_ARR_DIRS_S99,0,75000000,75005952,/work/classic/fr_xl1014-easy-landmark-maze/IntrMotiv/SF_hipposlam/train_dir/analysis/online_spatial/easy_landmark_maze_control_20260923/ELM_CTRL_SCR_ARR_DIRS_S99/policy_00/snapshot_target_000075000000_actual_000075005952.npz,2,0.30000001192092896,3,1,4,0.8471618890762329,0.467450045471324,4,8
ELM_CTRL_SCR_ARR_DIRS_S99,0,75000000,75005952,/work/classic/fr_xl1014-easy-landmark-maze/IntrMotiv/SF_hipposlam/train_dir/analysis/online_spatial/easy_landmark_maze_control_20260923/ELM_CTRL_SCR_ARR_DIRS_S99/policy_00/snapshot_target_000075000000_actual_000075005952.npz,2,0.30000001192092896,1,2,4,0.5661493539810181,0.3123919343805291,8,1
ELM_CTRL_SCR_ARR_DIRS_S99,0,75000000,75005952,/work/classic/fr_xl1014-easy-landmark-maze/IntrMotiv/SF_hipposlam/train_dir/analysis/online_spatial/easy_landmark_maze_control_20260923/ELM_CTRL_SCR_ARR_DIRS_S99/policy_00/snapshot_target_000075000000_actual_000075005952.npz,2,0.30000001192092896,2,3,3,0.3989934027194977,0.22015802014814692,8,5
ELM_CTRL_SCR_ARR_DIRS_S99,0,75000000,75005952,/work/classic/fr_xl1014-easy-landmark-maze/IntrMotiv/SF_hipposlam/train_dir/analysis/online_spatial/easy_landmark_maze_control_20260923/ELM_CTRL_SCR_ARR_DIRS_S99/policy_00/snapshot_target_000075000000_actual_000075005952.npz,3,0.30000001192092896,1,1,36,5.429527759552002,1.0,6,3
ELM_CTRL_SCR_ARR_DIRS_S99,0,75000000,75005952,/work/classic/fr_xl1014-easy-landmark-maze/IntrMotiv/SF_hipposlam/train_dir/analysis/online_spatial/easy_landmark_maze_control_20260923/ELM_CTRL_SCR_ARR_DIRS_S99/policy_00/snapshot_target_000075000000_actual_000075005952.npz,4,0.30000001192092896,4,1,10,1.6158674955368042,0.6140015463928923,4,6
ELM_CTRL_SCR_ARR_DIRS_S99,0,75000000,75005952,/work/classic/fr_xl1014-easy-landmark-maze/IntrMotiv/SF_hipposlam/train_dir/analysis/online_spatial/easy_landmark_maze_control_20260923/ELM_CTRL_SCR_ARR_DIRS_S99/policy_00/snapshot_target_000075000000_actual_000075005952.npz,4,0.30000001192092896,2,2,4,0.7305291891098022,0.27758838706607786,0,4
ELM_CTRL_SCR_ARR_DIRS_S99,0,75000000,75005952,/work/classic/fr_xl1014-easy-landmark-maze/IntrMotiv/SF_hipposlam/train_dir/analysis/online_spatial/easy_landmark_maze_control_20260923/ELM_CTRL_SCR_ARR_DIRS_S99/policy_00/snapshot_target_000075000000_actual_000075005952.npz,4,0.30000001192092896,1,3,2,0.19520869851112366,0.07417591051632354,8,1
ELM_CTRL_SCR_ARR_DIRS_S99,0,75000000,75005952,/work/classic/fr_xl1014-easy-landmark-maze/IntrMotiv/SF_hipposlam/train_dir/analysis/online_spatial/easy_landmark_maze_control_20260923/ELM_CTRL_SCR_ARR_DIRS_S99/policy_00/snapshot_target_000075000000_actual_000075005952.npz,4,0.30000001192092896,3,4,1,0.09009400755167007,0.03423415602470629,3,4
ELM_CTRL_SCR_ARR_DIRS_S99,0,75000000,75005952,/work/classic/fr_xl1014-easy-landmark-maze/IntrMotiv/SF_hipposlam/train_dir/analysis/online_spatial/easy_landmark_maze_control_20260923/ELM_CTRL_SCR_ARR_DIRS_S99/policy_00/snapshot_target_000075000000_actual_000075005952.npz,5,0.30000001192092896,2,1,4,0.5324988961219788,0.5006435618662393,8,0
ELM_CTRL_SCR_ARR_DIRS_S99,0,75000000,75005952,/work/classic/fr_xl1014-easy-landmark-maze/IntrMotiv/SF_hipposlam/train_dir/analysis/online_spatial/easy_landmark_maze_control_20260923/ELM_CTRL_SCR_ARR_DIRS_S99/policy_00/snapshot_target_000075000000_actual_000075005952.npz,5,0.30000001192092896,1,2,3,0.34723901748657227,0.326466364154845,0,0
ELM_CTRL_SCR_ARR_DIRS_S99,0,75000000,75005952,/work/classic/fr_xl1014-easy-landmark-maze/IntrMotiv/SF_hipposlam/train_dir/analysis/online_spatial/easy_landmark_maze_control_20260923/ELM_CTRL_SCR_ARR_DIRS_S99/policy_00/snapshot_target_000075000000_actual_000075005952.npz,5,0.30000001192092896,4,3,1,0.10385659337043762,0.0976436481031861,6,8
ELM_CTRL_SCR_ARR_DIRS_S99,0,75000000,75005952,/work/classic/fr_xl1014-easy-landmark-maze/IntrMotiv/SF_hipposlam/train_dir/analysis/online_spatial/easy_landmark_maze_control_20260923/ELM_CTRL_SCR_ARR_DIRS_S99/policy_00/snapshot_target_000075000000_actual_000075005952.npz,5,0.30000001192092896,3,4,1,0.08003426343202591,0.07524642587572968,0,6
ELM_CTRL_SCR_ARR_DIRS_S99,0,75000000,75005952,/work/classic/fr_xl1014-easy-landmark-maze/IntrMotiv/SF_hipposlam/train_dir/analysis/online_spatial/easy_landmark_maze_control_20260923/ELM_CTRL_SCR_ARR_DIRS_S99/policy_00/snapshot_target_000075000000_actual_000075005952.npz,6,0.30000001192092896,1,1,12,1.0852478742599487,0.2753951285048791,1,0
ELM_CTRL_SCR_ARR_DIRS_S99,0,75000000,75005952,/work/classic/fr_xl1014-easy-landmark-maze/IntrMotiv/SF_hipposlam/train_dir/analysis/online_spatial/easy_landmark_maze_control_20260923/ELM_CTRL_SCR_ARR_DIRS_S99/policy_00/snapshot_target_000075000000_actual_000075005952.npz,6,0.30000001192092896,2,2,11,1.0765639543533325,0.27319147596122456,8,4
ELM_CTRL_SCR_ARR_DIRS_S99,0,75000000,75005952,/work/classic/fr_xl1014-easy-landmark-maze/IntrMotiv/SF_hipposlam/train_dir/analysis/online_spatial/easy_landmark_maze_control_20260923/ELM_CTRL_SCR_ARR_DIRS_S99/policy_00/snapshot_target_000075000000_actual_000075005952.npz,6,0.30000001192092896,3,3,10,0.9054542183876038,0.22977025501955559,0,5
ELM_CTRL_SCR_ARR_DIRS_S99,0,75000000,75005952,/work/classic/fr_xl1014-easy-landmark-maze/IntrMotiv/SF_hipposlam/train_dir/analysis/online_spatial/easy_landmark_maze_control_20260923/ELM_CTRL_SCR_ARR_DIRS_S99/policy_00/snapshot_target_000075000000_actual_000075005952.npz,6,0.30000001192092896,4,4,9,0.8734277486801147,0.22164314051434078,5,8
ELM_CTRL_SCR_ARR_DIRS_S99,0,75000000,75005952,/work/classic/fr_xl1014-easy-landmark-maze/IntrMotiv/SF_hipposlam/train_dir/analysis/online_spatial/easy_landmark_maze_control_20260923/ELM_CTRL_SCR_ARR_DIRS_S99/policy_00/snapshot_target_000075000000_actual_000075005952.npz,7,0.30000001192092896,2,1,14,1.0813381671905518,0.4602065368991622,2,5
ELM_CTRL_SCR_ARR_DIRS_S99,0,75000000,75005952,/work/classic/fr_xl1014-easy-landmark-maze/IntrMotiv/SF_hipposlam/train_dir/analysis/online_spatial/easy_landmark_maze_control_20260923/ELM_CTRL_SCR_ARR_DIRS_S99/policy_00/snapshot_target_000075000000_actual_000075005952.npz,7,0.30000001192092896,1,2,9,1.0167582035064697,0.43272196052714573,8,2
ELM_CTRL_SCR_ARR_DIRS_S99,0,75000000,75005952,/work/classic/fr_xl1014-easy-landmark-maze/IntrMotiv/SF_hipposlam/train_dir/analysis/online_spatial/easy_landmark_maze_control_20260923/ELM_CTRL_SCR_ARR_DIRS_S99/policy_00/snapshot_target_000075000000_actual_000075005952.npz,7,0.30000001192092896,3,3,3,0.2515837848186493,0.10707150257369205,8,8
ELM_CTRL_SCR_ARR_DIRS_S99,0,75000000,75005952,/work/classic/fr_xl1014-easy-landmark-maze/IntrMotiv/SF_hipposlam/train_dir/analysis/online_spatial/easy_landmark_maze_control_20260923/ELM_CTRL_SCR_ARR_DIRS_S99/policy_00/snapshot_target_000075000000_actual_000075005952.npz,8,0.30000001192092896,1,1,5,0.6535160541534424,0.3395481012282682,8,2
ELM_CTRL_SCR_ARR_DIRS_S99,0,75000000,75005952,/work/classic/fr_xl1014-easy-landmark-maze/IntrMotiv/SF_hipposlam/train_dir/analysis/online_spatial/easy_landmark_maze_control_20260923/ELM_CTRL_SCR_ARR_DIRS_S99/policy_00/snapshot_target_000075000000_actual_000075005952.npz,8,0.30000001192092896,3,2,8,0.6499300599098206,0.33768492200153194,6,7
ELM_CTRL_SCR_ARR_DIRS_S99,0,75000000,75005952,/work/classic/fr_xl1014-easy-landmark-maze/IntrMotiv/SF_hipposlam/train_dir/analysis/online_spatial/easy_landmark_maze_control_20260923/ELM_CTRL_SCR_ARR_DIRS_S99/policy_00/snapshot_target_000075000000_actual_000075005952.npz,8,0.30000001192092896,2,3,7,0.6212180256843567,0.3227669767701999,0,6
ELM_CTRL_SCR_ARR_DIRS_S99,0,75000000,75005952,/work/classic/fr_xl1014-easy-landmark-maze/IntrMotiv/SF_hipposlam/train_dir/analysis/online_spatial/easy_landmark_maze_control_20260923/ELM_CTRL_SCR_ARR_DIRS_S99/policy_00/snapshot_target_000075000000_actual_000075005952.npz,9,0.30000001192092896,1,1,7,0.8650701642036438,0.27994953317083554,0,2
ELM_CTRL_SCR_ARR_DIRS_S99,0,75000000,75005952,/work/classic/fr_xl1014-easy-landmark-maze/IntrMotiv/SF_hipposlam/train_dir/analysis/online_spatial/easy_landmark_maze_control_20260923/ELM_CTRL_SCR_ARR_DIRS_S99/policy_00/snapshot_target_000075000000_actual_000075005952.npz,9,0.30000001192092896,2,2,9,0.8368048667907715,0.2708024637849057,7,0
ELM_CTRL_SCR_ARR_DIRS_S99,0,75000000,75005952,/work/classic/fr_xl1014-easy-landmark-maze/IntrMotiv/SF_hipposlam/train_dir/analysis/online_spatial/easy_landmark_maze_control_20260923/ELM_CTRL_SCR_ARR_DIRS_S99/policy_00/snapshot_target_000075000000_actual_000075005952.npz,9,0.30000001192092896,5,3,6,0.5679298043251038,0.1837905064509761,6,8
ELM_CTRL_SCR_ARR_DIRS_S99,0,75000000,75005952,/work/classic/fr_xl1014-easy-landmark-maze/IntrMotiv/SF_hipposlam/train_dir/analysis/online_spatial/easy_landmark_maze_control_20260923/ELM_CTRL_SCR_ARR_DIRS_S99/policy_00/snapshot_target_000075000000_actual_000075005952.npz,9,0.30000001192092896,4,4,6,0.5664587020874023,0.18331443595203548,0,6
ELM_CTRL_SCR_ARR_DIRS_S99,0,75000000,75005952,/work/classic/fr_xl1014-easy-landmark-maze/IntrMotiv/SF_hipposlam/train_dir/analysis/online_spatial/easy_landmark_maze_control_20260923/ELM_CTRL_SCR_ARR_DIRS_S99/policy_00/snapshot_target_000075000000_actual_000075005952.npz,9,0.30000001192092896,3,5,3,0.2538297176361084,0.08214306064124716,8,3
ELM_CTRL_SCR_ARR_DIRS_S99,0,75000000,75005952,/work/classic/fr_xl1014-easy-landmark-maze/IntrMotiv/SF_hipposlam/train_dir/analysis/online_spatial/easy_landmark_maze_control_20260923/ELM_CTRL_SCR_ARR_DIRS_S99/policy_00/snapshot_target_000075000000_actual_000075005952.npz,10,0.30000001192092896,2,1,21,2.4751057624816895,0.7032284306926769,4,8
ELM_CTRL_SCR_ARR_DIRS_S99,0,75000000,75005952,/work/classic/fr_xl1014-easy-landmark-maze/IntrMotiv/SF_hipposlam/train_dir/analysis/online_spatial/easy_landmark_maze_control_20260923/ELM_CTRL_SCR_ARR_DIRS_S99/policy_00/snapshot_target_000075000000_actual_000075005952.npz,10,0.30000001192092896,3,2,10,0.9906474947929382,0.28146331914090217,0,4
ELM_CTRL_SCR_ARR_DIRS_S99,0,75000000,75005952,/work/classic/fr_xl1014-easy-landmark-maze/IntrMotiv/SF_hipposlam/train_dir/analysis/online_spatial/easy_landmark_maze_control_20260923/ELM_CTRL_SCR_ARR_DIRS_S99/policy_00/snapshot_target_000075000000_actual_000075005952.npz,10,0.30000001192092896,1,3,1,0.05387941747903824,0.015308250166420899,4,0
ELM_CTRL_SCR_ARR_DIRS_S99,0,75000000,75005952,/work/classic/fr_xl1014-easy-landmark-maze/IntrMotiv/SF_hipposlam/train_dir/analysis/online_spatial/easy_landmark_maze_control_20260923/ELM_CTRL_SCR_ARR_DIRS_S99/policy_00/snapshot_target_000075000000_actual_000075005952.npz,11,0.30000001192092896,5,1,4,0.4620313048362732,0.40297942724086444,0,8
ELM_CTRL_SCR_ARR_DIRS_S99,0,75000000,75005952,/work/classic/fr_xl1014-easy-landmark-maze/IntrMotiv/SF_hipposlam/train_dir/analysis/online_spatial/easy_landmark_maze_control_20260923/ELM_CTRL_SCR_ARR_DIRS_S99/policy_00/snapshot_target_000075000000_actual_000075005952.npz,11,0.30000001192092896,6,2,4,0.4499524235725403,0.39244433881196594,8,8
ELM_CTRL_SCR_ARR_DIRS_S99,0,75000000,75005952,/work/classic/fr_xl1014-easy-landmark-maze/IntrMotiv/SF_hipposlam/train_dir/analysis/online_spatial/easy_landmark_maze_control_20260923/ELM_CTRL_SCR_ARR_DIRS_S99/policy_00/snapshot_target_000075000000_actual_000075005952.npz,11,0.30000001192092896,4,3,1,0.06838251650333405,0.05964259790484891,8,3
ELM_CTRL_SCR_ARR_DIRS_S99,0,75000000,75005952,/work/classic/fr_xl1014-easy-landmark-maze/IntrMotiv/SF_hipposlam/train_dir/analysis/online_spatial/easy_landmark_maze_control_20260923/ELM_CTRL_SCR_ARR_DIRS_S99/policy_00/snapshot_target_000075000000_actual_000075005952.npz,11,0.30000001192092896,1,4,1,0.059262681752443314,0.05168836245375193,0,0
ELM_CTRL_SCR_ARR_DIRS_S99,0,75000000,75005952,/work/classic/fr_xl1014-easy-landmark-maze/IntrMotiv/SF_hipposlam/train_dir/analysis/online_spatial/easy_landmark_maze_control_20260923/ELM_CTRL_SCR_ARR_DIRS_S99/policy_00/snapshot_target_000075000000_actual_000075005952.npz,11,0.30000001192092896,2,5,1,0.05639812350273132,0.049189921264412836,5,0
ELM_CTRL_SCR_ARR_DIRS_S99,0,75000000,75005952,/work/classic/fr_xl1014-easy-landmark-maze/IntrMotiv/SF_hipposlam/train_dir/analysis/online_spatial/easy_landmark_maze_control_20260923/ELM_CTRL_SCR_ARR_DIRS_S99/policy_00/snapshot_target_000075000000_actual_000075005952.npz,11,0.30000001192092896,3,6,1,0.05051114410161972,0.04405535232415589,0,2
ELM_CTRL_SCR_ARR_DIRS_S99,0,75000000,75005952,/work/classic/fr_xl1014-easy-landmark-maze/IntrMotiv/SF_hipposlam/train_dir/analysis/online_spatial/easy_landmark_maze_control_20260923/ELM_CTRL_SCR_ARR_DIRS_S99/policy_00/snapshot_target_000075000000_actual_000075005952.npz,12,0.30000001192092896,2,1,18,1.7904126644134521,0.5405040663663493,6,3
ELM_CTRL_SCR_ARR_DIRS_S99,0,75000000,75005952,/work/classic/fr_xl1014-easy-landmark-maze/IntrMotiv/SF_hipposlam/train_dir/analysis/online_spatial/easy_landmark_maze_control_20260923/ELM_CTRL_SCR_ARR_DIRS_S99/policy_00/snapshot_target_000075000000_actual_000075005952.npz,12,0.30000001192092896,1,2,10,1.0745584964752197,0.3243962961374832,2,0
ELM_CTRL_SCR_ARR_DIRS_S99,0,75000000,75005952,/work/classic/fr_xl1014-easy-landmark-maze/IntrMotiv/SF_hipposlam/train_dir/analysis/online_spatial/easy_landmark_maze_control_20260923/ELM_CTRL_SCR_ARR_DIRS_S99/policy_00/snapshot_target_000075000000_actual_000075005952.npz,12,0.30000001192092896,3,3,5,0.4475157856941223,0.13509963749616752,2,6
ELM_CTRL_SCR_ARR_DIRS_S99,0,75000000,75005952,/work/classic/fr_xl1014-easy-landmark-maze/IntrMotiv/SF_hipposlam/train_dir/analysis/online_spatial/easy_landmark_maze_control_20260923/ELM_CTRL_SCR_ARR_DIRS_S99/policy_00/snapshot_target_000075000000_actual_000075005952.npz,13,0.30000001192092896,2,1,9,1.170704960823059,0.5905573268505587,0,4
ELM_CTRL_SCR_ARR_DIRS_S99,0,75000000,75005952,/work/classic/fr_xl1014-easy-landmark-maze/IntrMotiv/SF_hipposlam/train_dir/analysis/online_spatial/easy_landmark_maze_control_20260923/ELM_CTRL_SCR_ARR_DIRS_S99/policy_00/snapshot_target_000075000000_actual_000075005952.npz,13,0.30000001192092896,3,2,5,0.5864717960357666,0.2958432976115792,8,5
ELM_CTRL_SCR_ARR_DIRS_S99,0,75000000,75005952,/work/classic/fr_xl1014-easy-landmark-maze/IntrMotiv/SF_hipposlam/train_dir/analysis/online_spatial/easy_landmark_maze_control_20260923/ELM_CTRL_SCR_ARR_DIRS_S99/policy_00/snapshot_target_000075000000_actual_000075005952.npz,13,0.30000001192092896,4,3,2,0.15117481350898743,0.07625951605281767,3,6
ELM_CTRL_SCR_ARR_DIRS_S99,0,75000000,75005952,/work/classic/fr_xl1014-easy-landmark-maze/IntrMotiv/SF_hipposlam/train_dir/analysis/online_spatial/easy_landmark_maze_control_20260923/ELM_CTRL_SCR_ARR_DIRS_S99/policy_00/snapshot_target_000075000000_actual_000075005952.npz,13,0.30000001192092896,1,4,1,0.07402153313159943,0.03733985948504439,5,2
ELM_CTRL_SCR_ARR_DIRS_S99,0,75000000,75005952,/work/classic/fr_xl1014-easy-landmark-maze/IntrMotiv/SF_hipposlam/train_dir/analysis/online_spatial/easy_landmark_maze_control_20260923/ELM_CTRL_SCR_ARR_DIRS_S99/policy_00/snapshot_target_000075000000_actual_000075005952.npz,14,0.30000001192092896,1,1,5,1.136399269104004,1.0,8,1
ELM_CTRL_SCR_ARR_DIRS_S99,0,75000000,75005952,/work/classic/fr_xl1014-easy-landmark-maze/IntrMotiv/SF_hipposlam/train_dir/analysis/online_spatial/easy_landmark_maze_control_20260923/ELM_CTRL_SCR_ARR_DIRS_S99/policy_00/snapshot_target_000075000000_actual_000075005952.npz,15,0.30000001192092896,1,1,11,1.191692590713501,0.3256555159564783,0,0
ELM_CTRL_SCR_ARR_DIRS_S99,0,75000000,75005952,/work/classic/fr_xl1014-easy-landmark-maze/IntrMotiv/SF_hipposlam/train_dir/analysis/online_spatial/easy_landmark_maze_control_20260923/ELM_CTRL_SCR_ARR_DIRS_S99/policy_00/snapshot_target_000075000000_actual_000075005952.npz,15,0.30000001192092896,2,2,11,0.9371040463447571,0.25608374516668714,8,4
ELM_CTRL_SCR_ARR_DIRS_S99,0,75000000,75005952,/work/classic/fr_xl1014-easy-landmark-maze/IntrMotiv/SF_hipposlam/train_dir/analysis/online_spatial/easy_landmark_maze_control_20260923/ELM_CTRL_SCR_ARR_DIRS_S99/policy_00/snapshot_target_000075000000_actual_000075005952.npz,15,0.30000001192092896,3,3,10,0.8142309188842773,0.2225060322295186,0,6
ELM_CTRL_SCR_ARR_DIRS_S99,0,75000000,75005952,/work/classic/fr_xl1014-easy-landmark-maze/IntrMotiv/SF_hipposlam/train_dir/analysis/online_spatial/easy_landmark_maze_control_20260923/ELM_CTRL_SCR_ARR_DIRS_S99/policy_00/snapshot_target_000075000000_actual_000075005952.npz,15,0.30000001192092896,4,4,9,0.716338038444519,0.195754706647316,5,8
ELM_CTRL_SCR_ARR_DIRS_S99,0,75000000,75005952,/work/classic/fr_xl1014-easy-landmark-maze/IntrMotiv/SF_hipposlam/train_dir/analysis/online_spatial/easy_landmark_maze_control_20260923/ELM_CTRL_SCR_ARR_DIRS_S99/policy_00/snapshot_target_000075000000_actual_000075005952.npz,0,0.5,3,1,3,0.4282304048538208,0.38114032286002536,8,8
ELM_CTRL_SCR_ARR_DIRS_S99,0,75000000,75005952,/work/classic/fr_xl1014-easy-landmark-maze/IntrMotiv/SF_hipposlam/train_dir/analysis/online_spatial/easy_landmark_maze_control_20260923/ELM_CTRL_SCR_ARR_DIRS_S99/policy_00/snapshot_target_000075000000_actual_000075005952.npz,0,0.5,4,2,2,0.3325447738170624,0.29597670091014416,0,8
ELM_CTRL_SCR_ARR_DIRS_S99,0,75000000,75005952,/work/classic/fr_xl1014-easy-landmark-maze/IntrMotiv/SF_hipposlam/train_dir/analysis/online_spatial/easy_landmark_maze_control_20260923/ELM_CTRL_SCR_ARR_DIRS_S99/policy_00/snapshot_target_000075000000_actual_000075005952.npz,0,0.5,1,3,2,0.2689950466156006,0.2394151787279446,8,0
ELM_CTRL_SCR_ARR_DIRS_S99,0,75000000,75005952,/work/classic/fr_xl1014-easy-landmark-maze/IntrMotiv/SF_hipposlam/train_dir/analysis/online_spatial/easy_landmark_maze_control_20260923/ELM_CTRL_SCR_ARR_DIRS_S99/policy_00/snapshot_target_000075000000_actual_000075005952.npz,0,0.5,2,4,1,0.0937802866101265,0.08346779750188589,6,6
ELM_CTRL_SCR_ARR_DIRS_S99,0,75000000,75005952,/work/classic/fr_xl1014-easy-landmark-maze/IntrMotiv/SF_hipposlam/train_dir/analysis/online_spatial/easy_landmark_maze_control_20260923/ELM_CTRL_SCR_ARR_DIRS_S99/policy_00/snapshot_target_000075000000_actual_000075005952.npz,1,0.5,1,1,3,0.5767222046852112,0.7882761857533221,6,0
ELM_CTRL_SCR_ARR_DIRS_S99,0,75000000,75005952,/work/classic/fr_xl1014-easy-landmark-maze/IntrMotiv/SF_hipposlam/train_dir/analysis/online_spatial/easy_landmark_maze_control_20260923/ELM_CTRL_SCR_ARR_DIRS_S99/policy_00/snapshot_target_000075000000_actual_000075005952.npz,1,0.5,2,2,1,0.15490233898162842,0.21172381424667788,0,2
ELM_CTRL_SCR_ARR_DIRS_S99,0,75000000,75005952,/work/classic/fr_xl1014-easy-landmark-maze/IntrMotiv/SF_hipposlam/train_dir/analysis/online_spatial/easy_landmark_maze_control_20260923/ELM_CTRL_SCR_ARR_DIRS_S99/policy_00/snapshot_target_000075000000_actual_000075005952.npz,2,0.5,3,1,3,0.7315921187400818,0.5938162998477249,4,8
ELM_CTRL_SCR_ARR_DIRS_S99,0,75000000,75005952,/work/classic/fr_xl1014-easy-landmark-maze/IntrMotiv/SF_hipposlam/train_dir/analysis/online_spatial/easy_landmark_maze_control_20260923/ELM_CTRL_SCR_ARR_DIRS_S99/policy_00/snapshot_target_000075000000_actual_000075005952.npz,2,0.5,1,2,2,0.34457987546920776,0.27968746711692044,8,1
ELM_CTRL_SCR_ARR_DIRS_S99,0,75000000,75005952,/work/classic/fr_xl1014-easy-landmark-maze/IntrMotiv/SF_hipposlam/train_dir/analysis/online_spatial/easy_landmark_maze_control_20260923/ELM_CTRL_SCR_ARR_DIRS_S99/policy_00/snapshot_target_000075000000_actual_000075005952.npz,2,0.5,2,3,1,0.15584558248519897,0.12649623303535468,8,5
ELM_CTRL_SCR_ARR_DIRS_S99,0,75000000,75005952,/work/classic/fr_xl1014-easy-landmark-maze/IntrMotiv/SF_hipposlam/train_dir/analysis/online_spatial/easy_landmark_maze_control_20260923/ELM_CTRL_SCR_ARR_DIRS_S99/policy_00/snapshot_target_000075000000_actual_000075005952.npz,3,0.5,2,1,10,1.8145320415496826,0.5160190905459815,2,6
ELM_CTRL_SCR_ARR_DIRS_S99,0,75000000,75005952,/work/classic/fr_xl1014-easy-landmark-maze/IntrMotiv/SF_hipposlam/train_dir/analysis/online_spatial/easy_landmark_maze_control_20260923/ELM_CTRL_SCR_ARR_DIRS_S99/policy_00/snapshot_target_000075000000_actual_000075005952.npz,3,0.5,1,2,6,1.174649715423584,0.3340484841178691,6,3
ELM_CTRL_SCR_ARR_DIRS_S99,0,75000000,75005952,/work/classic/fr_xl1014-easy-landmark-maze/IntrMotiv/SF_hipposlam/train_dir/analysis/online_spatial/easy_landmark_maze_control_20260923/ELM_CTRL_SCR_ARR_DIRS_S99/policy_00/snapshot_target_000075000000_actual_000075005952.npz,3,0.5,3,3,3,0.5272231101989746,0.14993242533614945,6,6
ELM_CTRL_SCR_ARR_DIRS_S99,0,75000000,75005952,/work/classic/fr_xl1014-easy-landmark-maze/IntrMotiv/SF_hipposlam/train_dir/analysis/online_spatial/easy_landmark_maze_control_20260923/ELM_CTRL_SCR_ARR_DIRS_S99/policy_00/snapshot_target_000075000000_actual_000075005952.npz,4,0.5,2,1,3,0.7673161029815674,0.5565496469833855,4,6
ELM_CTRL_SCR_ARR_DIRS_S99,0,75000000,75005952,/work/classic/fr_xl1014-easy-landmark-maze/IntrMotiv/SF_hipposlam/train_dir/analysis/online_spatial/easy_landmark_maze_control_20260923/ELM_CTRL_SCR_ARR_DIRS_S99/policy_00/snapshot_target_000075000000_actual_000075005952.npz,4,0.5,1,2,3,0.6113858819007874,0.4434503530166145,0,4
ELM_CTRL_SCR_ARR_DIRS_S99,0,75000000,75005952,/work/classic/fr_xl1014-easy-landmark-maze/IntrMotiv/SF_hipposlam/train_dir/analysis/online_spatial/easy_landmark_maze_control_20260923/ELM_CTRL_SCR_ARR_DIRS_S99/policy_00/snapshot_target_000075000000_actual_000075005952.npz,5,0.5,2,1,2,0.3601486086845398,0.6726049787068773,8,0
ELM_CTRL_SCR_ARR_DIRS_S99,0,75000000,75005952,/work/classic/fr_xl1014-easy-landmark-maze/IntrMotiv/SF_hipposlam/train_dir/analysis/online_spatial/easy_landmark_maze_control_20260923/ELM_CTRL_SCR_ARR_DIRS_S99/policy_00/snapshot_target_000075000000_actual_000075005952.npz,5,0.5,1,2,1,0.17530477046966553,0.32739502129312265,0,0
ELM_CTRL_SCR_ARR_DIRS_S99,0,75000000,75005952,/work/classic/fr_xl1014-easy-landmark-maze/IntrMotiv/SF_hipposlam/train_dir/analysis/online_spatial/easy_landmark_maze_control_20260923/ELM_CTRL_SCR_ARR_DIRS_S99/policy_00/snapshot_target_000075000000_actual_000075005952.npz,6,0.5,3,1,8,0.8980025053024292,0.29082571466436563,8,4
ELM_CTRL_SCR_ARR_DIRS_S99,0,75000000,75005952,/work/classic/fr_xl1014-easy-landmark-maze/IntrMotiv/SF_hipposlam/train_dir/analysis/online_spatial/easy_landmark_maze_control_20260923/ELM_CTRL_SCR_ARR_DIRS_S99/policy_00/snapshot_target_000075000000_actual_000075005952.npz,6,0.5,1,2,7,0.779516875743866,0.25245314032258087,1,0
ELM_CTRL_SCR_ARR_DIRS_S99,0,75000000,75005952,/work/classic/fr_xl1014-easy-landmark-maze/IntrMotiv/SF_hipposlam/train_dir/analysis/online_spatial/easy_landmark_maze_control_20260923/ELM_CTRL_SCR_ARR_DIRS_S99/policy_00/snapshot_target_000075000000_actual_000075005952.npz,6,0.5,5,3,6,0.6755362749099731,0.21877814234630827,5,8
ELM_CTRL_SCR_ARR_DIRS_S99,0,75000000,75005952,/work/classic/fr_xl1014-easy-landmark-maze/IntrMotiv/SF_hipposlam/train_dir/analysis/online_spatial/easy_landmark_maze_control_20260923/ELM_CTRL_SCR_ARR_DIRS_S99/policy_00/snapshot_target_000075000000_actual_000075005952.npz,6,0.5,4,4,6,0.654305636882782,0.21190242046292787,0,5
ELM_CTRL_SCR_ARR_DIRS_S99,0,75000000,75005952,/work/classic/fr_xl1014-easy-landmark-maze/IntrMotiv/SF_hipposlam/train_dir/analysis/online_spatial/easy_landmark_maze_control_20260923/ELM_CTRL_SCR_ARR_DIRS_S99/policy_00/snapshot_target_000075000000_actual_000075005952.npz,6,0.5,2,5,1,0.0804072916507721,0.026040582203817393,5,0
ELM_CTRL_SCR_ARR_DIRS_S99,0,75000000,75005952,/work/classic/fr_xl1014-easy-landmark-maze/IntrMotiv/SF_hipposlam/train_dir/analysis/online_spatial/easy_landmark_maze_control_20260923/ELM_CTRL_SCR_ARR_DIRS_S99/policy_00/snapshot_target_000075000000_actual_000075005952.npz,7,0.5,1,1,4,0.6419224143028259,0.7424712144440778,8,2
ELM_CTRL_SCR_ARR_DIRS_S99,0,75000000,75005952,/work/classic/fr_xl1014-easy-landmark-maze/IntrMotiv/SF_hipposlam/train_dir/analysis/online_spatial/easy_landmark_maze_control_20260923/ELM_CTRL_SCR_ARR_DIRS_S99/policy_00/snapshot_target_000075000000_actual_000075005952.npz,7,0.5,2,2,2,0.2226530760526657,0.25752878555592223,2,5
ELM_CTRL_SCR_ARR_DIRS_S99,0,75000000,75005952,/work/classic/fr_xl1014-easy-landmark-maze/IntrMotiv/SF_hipposlam/train_dir/analysis/online_spatial/easy_landmark_maze_control_20260923/ELM_CTRL_SCR_ARR_DIRS_S99/policy_00/snapshot_target_000075000000_actual_000075005952.npz,8,0.5,1,1,4,0.5913578271865845,0.5111711118043736,8,2
ELM_CTRL_SCR_ARR_DIRS_S99,0,75000000,75005952,/work/classic/fr_xl1014-easy-landmark-maze/IntrMotiv/SF_hipposlam/train_dir/analysis/online_spatial/easy_landmark_maze_control_20260923/ELM_CTRL_SCR_ARR_DIRS_S99/policy_00/snapshot_target_000075000000_actual_000075005952.npz,8,0.5,3,2,3,0.3304367959499359,0.28563035204996023,6,7
ELM_CTRL_SCR_ARR_DIRS_S99,0,75000000,75005952,/work/classic/fr_xl1014-easy-landmark-maze/IntrMotiv/SF_hipposlam/train_dir/analysis/online_spatial/easy_landmark_maze_control_20260923/ELM_CTRL_SCR_ARR_DIRS_S99/policy_00/snapshot_target_000075000000_actual_000075005952.npz,8,0.5,2,3,2,0.2350740134716034,0.2031985361456662,0,6
ELM_CTRL_SCR_ARR_DIRS_S99,0,75000000,75005952,/work/classic/fr_xl1014-easy-landmark-maze/IntrMotiv/SF_hipposlam/train_dir/analysis/online_spatial/easy_landmark_maze_control_20260923/ELM_CTRL_SCR_ARR_DIRS_S99/policy_00/snapshot_target_000075000000_actual_000075005952.npz,9,0.5,1,1,4,0.6202003955841064,0.3256060231054166,0,2
ELM_CTRL_SCR_ARR_DIRS_S99,0,75000000,75005952,/work/classic/fr_xl1014-easy-landmark-maze/IntrMotiv/SF_hipposlam/train_dir/analysis/online_spatial/easy_landmark_maze_control_20260923/ELM_CTRL_SCR_ARR_DIRS_S99/policy_00/snapshot_target_000075000000_actual_000075005952.npz,9,0.5,2,2,4,0.4992945194244385,0.26213027915760934,7,0
ELM_CTRL_SCR_ARR_DIRS_S99,0,75000000,75005952,/work/classic/fr_xl1014-easy-landmark-maze/IntrMotiv/SF_hipposlam/train_dir/analysis/online_spatial/easy_landmark_maze_control_20260923/ELM_CTRL_SCR_ARR_DIRS_S99/policy_00/snapshot_target_000075000000_actual_000075005952.npz,9,0.5,4,3,3,0.33123573660850525,0.17389919721981634,0,6
ELM_CTRL_SCR_ARR_DIRS_S99,0,75000000,75005952,/work/classic/fr_xl1014-easy-landmark-maze/IntrMotiv/SF_hipposlam/train_dir/analysis/online_spatial/easy_landmark_maze_control_20260923/ELM_CTRL_SCR_ARR_DIRS_S99/policy_00/snapshot_target_000075000000_actual_000075005952.npz,9,0.5,5,4,3,0.33025962114334106,0.17338673531723328,6,8
ELM_CTRL_SCR_ARR_DIRS_S99,0,75000000,75005952,/work/classic/fr_xl1014-easy-landmark-maze/IntrMotiv/SF_hipposlam/train_dir/analysis/online_spatial/easy_landmark_maze_control_20260923/ELM_CTRL_SCR_ARR_DIRS_S99/policy_00/snapshot_target_000075000000_actual_000075005952.npz,9,0.5,3,5,1,0.12376686185598373,0.06497776519992447,8,3
ELM_CTRL_SCR_ARR_DIRS_S99,0,75000000,75005952,/work/classic/fr_xl1014-easy-landmark-maze/IntrMotiv/SF_hipposlam/train_dir/analysis/online_spatial/easy_landmark_maze_control_20260923/ELM_CTRL_SCR_ARR_DIRS_S99/policy_00/snapshot_target_000075000000_actual_000075005952.npz,10,0.5,4,1,8,1.0110208988189697,0.35797417044717406,4,8
ELM_CTRL_SCR_ARR_DIRS_S99,0,75000000,75005952,/work/classic/fr_xl1014-easy-landmark-maze/IntrMotiv/SF_hipposlam/train_dir/analysis/online_spatial/easy_landmark_maze_control_20260923/ELM_CTRL_SCR_ARR_DIRS_S99/policy_00/snapshot_target_000075000000_actual_000075005952.npz,10,0.5,2,2,6,0.7172319293022156,0.25395172860433596,0,4
ELM_CTRL_SCR_ARR_DIRS_S99,0,75000000,75005952,/work/classic/fr_xl1014-easy-landmark-maze/IntrMotiv/SF_hipposlam/train_dir/analysis/online_spatial/easy_landmark_maze_control_20260923/ELM_CTRL_SCR_ARR_DIRS_S99/policy_00/snapshot_target_000075000000_actual_000075005952.npz,10,0.5,1,3,4,0.5689094066619873,0.20143487948401423,8,1
ELM_CTRL_SCR_ARR_DIRS_S99,0,75000000,75005952,/work/classic/fr_xl1014-easy-landmark-maze/IntrMotiv/SF_hipposlam/train_dir/analysis/online_spatial/easy_landmark_maze_control_20260923/ELM_CTRL_SCR_ARR_DIRS_S99/policy_00/snapshot_target_000075000000_actual_000075005952.npz,10,0.5,3,4,4,0.5271222591400146,0.18663922146447579,8,5
ELM_CTRL_SCR_ARR_DIRS_S99,0,75000000,75005952,/work/classic/fr_xl1014-easy-landmark-maze/IntrMotiv/SF_hipposlam/train_dir/analysis/online_spatial/easy_landmark_maze_control_20260923/ELM_CTRL_SCR_ARR_DIRS_S99/policy_00/snapshot_target_000075000000_actual_000075005952.npz,11,0.5,1,1,3,0.40354299545288086,0.5101050339766612,0,8
ELM_CTRL_SCR_ARR_DIRS_S99,0,75000000,75005952,/work/classic/fr_xl1014-easy-landmark-maze/IntrMotiv/SF_hipposlam/train_dir/analysis/online_spatial/easy_landmark_maze_control_20260923/ELM_CTRL_SCR_ARR_DIRS_S99/policy_00/snapshot_target_000075000000_actual_000075005952.npz,11,0.5,2,2,3,0.3875548541545868,0.4898949660233389,8,8
ELM_CTRL_SCR_ARR_DIRS_S99,0,75000000,75005952,/work/classic/fr_xl1014-easy-landmark-maze/IntrMotiv/SF_hipposlam/train_dir/analysis/online_spatial/easy_landmark_maze_control_20260923/ELM_CTRL_SCR_ARR_DIRS_S99/policy_00/snapshot_target_000075000000_actual_000075005952.npz,12,0.5,2,1,10,1.181484341621399,0.5793116093917718,6,3
ELM_CTRL_SCR_ARR_DIRS_S99,0,75000000,75005952,/work/classic/fr_xl1014-easy-landmark-maze/IntrMotiv/SF_hipposlam/train_dir/analysis/online_spatial/easy_landmark_maze_control_20260923/ELM_CTRL_SCR_ARR_DIRS_S99/policy_00/snapshot_target_000075000000_actual_000075005952.npz,12,0.5,1,2,5,0.731728196144104,0.3587848133169888,2,0
ELM_CTRL_SCR_ARR_DIRS_S99,0,75000000,75005952,/work/classic/fr_xl1014-easy-landmark-maze/IntrMotiv/SF_hipposlam/train_dir/analysis/online_spatial/easy_landmark_maze_control_20260923/ELM_CTRL_SCR_ARR_DIRS_S99/policy_00/snapshot_target_000075000000_actual_000075005952.npz,12,0.5,3,3,1,0.1262500286102295,0.06190357729123934,2,6
ELM_CTRL_SCR_ARR_DIRS_S99,0,75000000,75005952,/work/classic/fr_xl1014-easy-landmark-maze/IntrMotiv/SF_hipposlam/train_dir/analysis/online_spatial/easy_landmark_maze_control_20260923/ELM_CTRL_SCR_ARR_DIRS_S99/policy_00/snapshot_target_000075000000_actual_000075005952.npz,13,0.5,1,1,4,0.7400813698768616,0.6355378235066134,0,4
ELM_CTRL_SCR_ARR_DIRS_S99,0,75000000,75005952,/work/classic/fr_xl1014-easy-landmark-maze/IntrMotiv/SF_hipposlam/train_dir/analysis/online_spatial/easy_landmark_maze_control_20260923/ELM_CTRL_SCR_ARR_DIRS_S99/policy_00/snapshot_target_000075000000_actual_000075005952.npz,13,0.5,2,2,3,0.42441481351852417,0.3644621764933866,8,5
ELM_CTRL_SCR_ARR_DIRS_S99,0,75000000,75005952,/work/classic/fr_xl1014-easy-landmark-maze/IntrMotiv/SF_hipposlam/train_dir/analysis/online_spatial/easy_landmark_maze_control_20260923/ELM_CTRL_SCR_ARR_DIRS_S99/policy_00/snapshot_target_000075000000_actual_000075005952.npz,14,0.5,1,1,4,1.0128047466278076,1.0,8,1
ELM_CTRL_SCR_ARR_DIRS_S99,0,75000000,75005952,/work/classic/fr_xl1014-easy-landmark-maze/IntrMotiv/SF_hipposlam/train_dir/analysis/online_spatial/easy_landmark_maze_control_20260923/ELM_CTRL_SCR_ARR_DIRS_S99/policy_00/snapshot_target_000075000000_actual_000075005952.npz,15,0.5,1,1,6,0.8374157547950745,0.4313771456012105,0,0
ELM_CTRL_SCR_ARR_DIRS_S99,0,75000000,75005952,/work/classic/fr_xl1014-easy-landmark-maze/IntrMotiv/SF_hipposlam/train_dir/analysis/online_spatial/easy_landmark_maze_control_20260923/ELM_CTRL_SCR_ARR_DIRS_S99/policy_00/snapshot_target_000075000000_actual_000075005952.npz,15,0.5,2,2,4,0.44477880001068115,0.2291184612588182,8,4
ELM_CTRL_SCR_ARR_DIRS_S99,0,75000000,75005952,/work/classic/fr_xl1014-easy-landmark-maze/IntrMotiv/SF_hipposlam/train_dir/analysis/online_spatial/easy_landmark_maze_control_20260923/ELM_CTRL_SCR_ARR_DIRS_S99/policy_00/snapshot_target_000075000000_actual_000075005952.npz,15,0.5,3,3,3,0.34014812111854553,0.17522016361590914,0,6
ELM_CTRL_SCR_ARR_DIRS_S99,0,75000000,75005952,/work/classic/fr_xl1014-easy-landmark-maze/IntrMotiv/SF_hipposlam/train_dir/analysis/online_spatial/easy_landmark_maze_control_20260923/ELM_CTRL_SCR_ARR_DIRS_S99/policy_00/snapshot_target_000075000000_actual_000075005952.npz,15,0.5,4,4,3,0.3189186155796051,0.1642842295240622,5,8
ELM_CTRL_SCR_ARR_DIRS_S99,0,75000000,75005952,/work/classic/fr_xl1014-easy-landmark-maze/IntrMotiv/SF_hipposlam/train_dir/analysis/online_spatial/easy_landmark_maze_control_20260923/ELM_CTRL_SCR_ARR_DIRS_S99/policy_00/snapshot_target_000075000000_actual_000075005952.npz,0,0.699999988079071,2,1,2,0.3340027332305908,0.4010313056791142,8,8
ELM_CTRL_SCR_ARR_DIRS_S99,0,75000000,75005952,/work/classic/fr_xl1014-easy-landmark-maze/IntrMotiv/SF_hipposlam/train_dir/analysis/online_spatial/easy_landmark_maze_control_20260923/ELM_CTRL_SCR_ARR_DIRS_S99/policy_00/snapshot_target_000075000000_actual_000075005952.npz,0,0.699999988079071,3,2,2,0.3325447738170624,0.3992807590246627,0,8
ELM_CTRL_SCR_ARR_DIRS_S99,0,75000000,75005952,/work/classic/fr_xl1014-easy-landmark-maze/IntrMotiv/SF_hipposlam/train_dir/analysis/online_spatial/easy_landmark_maze_control_20260923/ELM_CTRL_SCR_ARR_DIRS_S99/policy_00/snapshot_target_000075000000_actual_000075005952.npz,0,0.699999988079071,1,3,1,0.16631199419498444,0.19968793529622306,8,0
ELM_CTRL_SCR_ARR_DIRS_S99,0,75000000,75005952,/work/classic/fr_xl1014-easy-landmark-maze/IntrMotiv/SF_hipposlam/train_dir/analysis/online_spatial/easy_landmark_maze_control_20260923/ELM_CTRL_SCR_ARR_DIRS_S99/policy_00/snapshot_target_000075000000_actual_000075005952.npz,1,0.699999988079071,1,1,1,0.25243639945983887,1.0,6,0
ELM_CTRL_SCR_ARR_DIRS_S99,0,75000000,75005952,/work/classic/fr_xl1014-easy-landmark-maze/IntrMotiv/SF_hipposlam/train_dir/analysis/online_spatial/easy_landmark_maze_control_20260923/ELM_CTRL_SCR_ARR_DIRS_S99/policy_00/snapshot_target_000075000000_actual_000075005952.npz,2,0.699999988079071,1,1,3,0.7315921187400818,1.0,4,8
ELM_CTRL_SCR_ARR_DIRS_S99,0,75000000,75005952,/work/classic/fr_xl1014-easy-landmark-maze/IntrMotiv/SF_hipposlam/train_dir/analysis/online_spatial/easy_landmark_maze_control_20260923/ELM_CTRL_SCR_ARR_DIRS_S99/policy_00/snapshot_target_000075000000_actual_000075005952.npz,3,0.699999988079071,4,1,3,0.67320716381073,0.3804315681914819,2,6
ELM_CTRL_SCR_ARR_DIRS_S99,0,75000000,75005952,/work/classic/fr_xl1014-easy-landmark-maze/IntrMotiv/SF_hipposlam/train_dir/analysis/online_spatial/easy_landmark_maze_control_20260923/ELM_CTRL_SCR_ARR_DIRS_S99/policy_00/snapshot_target_000075000000_actual_000075005952.npz,3,0.699999988079071,1,2,2,0.47244346141815186,0.26697934390913663,6,3
ELM_CTRL_SCR_ARR_DIRS_S99,0,75000000,75005952,/work/classic/fr_xl1014-easy-landmark-maze/IntrMotiv/SF_hipposlam/train_dir/analysis/online_spatial/easy_landmark_maze_control_20260923/ELM_CTRL_SCR_ARR_DIRS_S99/policy_00/snapshot_target_000075000000_actual_000075005952.npz,3,0.699999988079071,5,3,1,0.226985365152359,0.12827017159565726,6,6
ELM_CTRL_SCR_ARR_DIRS_S99,0,75000000,75005952,/work/classic/fr_xl1014-easy-landmark-maze/IntrMotiv/SF_hipposlam/train_dir/analysis/online_spatial/easy_landmark_maze_control_20260923/ELM_CTRL_SCR_ARR_DIRS_S99/policy_00/snapshot_target_000075000000_actual_000075005952.npz,3,0.699999988079071,2,4,1,0.2003912329673767,0.11324174059299964,8,2
ELM_CTRL_SCR_ARR_DIRS_S99,0,75000000,75005952,/work/classic/fr_xl1014-easy-landmark-maze/IntrMotiv/SF_hipposlam/train_dir/analysis/online_spatial/easy_landmark_maze_control_20260923/ELM_CTRL_SCR_ARR_DIRS_S99/policy_00/snapshot_target_000075000000_actual_000075005952.npz,3,0.699999988079071,3,5,1,0.1965608447790146,0.11107717571072455,4,4
ELM_CTRL_SCR_ARR_DIRS_S99,0,75000000,75005952,/work/classic/fr_xl1014-easy-landmark-maze/IntrMotiv/SF_hipposlam/train_dir/analysis/online_spatial/easy_landmark_maze_control_20260923/ELM_CTRL_SCR_ARR_DIRS_S99/policy_00/snapshot_target_000075000000_actual_000075005952.npz,4,0.699999988079071,2,1,3,0.7673161029815674,0.7724976110782064,4,6
ELM_CTRL_SCR_ARR_DIRS_S99,0,75000000,75005952,/work/classic/fr_xl1014-easy-landmark-maze/IntrMotiv/SF_hipposlam/train_dir/analysis/online_spatial/easy_landmark_maze_control_20260923/ELM_CTRL_SCR_ARR_DIRS_S99/policy_00/snapshot_target_000075000000_actual_000075005952.npz,4,0.699999988079071,1,2,1,0.22597642242908478,0.22750238892179364,0,4
ELM_CTRL_SCR_ARR_DIRS_S99,0,75000000,75005952,/work/classic/fr_xl1014-easy-landmark-maze/IntrMotiv/SF_hipposlam/train_dir/analysis/online_spatial/easy_landmark_maze_control_20260923/ELM_CTRL_SCR_ARR_DIRS_S99/policy_00/snapshot_target_000075000000_actual_000075005952.npz,5,0.699999988079071,2,1,1,0.22344018518924713,0.560358650355889,8,0
ELM_CTRL_SCR_ARR_DIRS_S99,0,75000000,75005952,/work/classic/fr_xl1014-easy-landmark-maze/IntrMotiv/SF_hipposlam/train_dir/analysis/online_spatial/easy_landmark_maze_control_20260923/ELM_CTRL_SCR_ARR_DIRS_S99/policy_00/snapshot_target_000075000000_actual_000075005952.npz,5,0.699999988079071,1,2,1,0.17530477046966553,0.43964134964411095,0,0
ELM_CTRL_SCR_ARR_DIRS_S99,0,75000000,75005952,/work/classic/fr_xl1014-easy-landmark-maze/IntrMotiv/SF_hipposlam/train_dir/analysis/online_spatial/easy_landmark_maze_control_20260923/ELM_CTRL_SCR_ARR_DIRS_S99/policy_00/snapshot_target_000075000000_actual_000075005952.npz,6,0.699999988079071,1,1,3,0.41456347703933716,0.2577920833732781,1,0
ELM_CTRL_SCR_ARR_DIRS_S99,0,75000000,75005952,/work/classic/fr_xl1014-easy-landmark-maze/IntrMotiv/SF_hipposlam/train_dir/analysis/online_spatial/easy_landmark_maze_control_20260923/ELM_CTRL_SCR_ARR_DIRS_S99/policy_00/snapshot_target_000075000000_actual_000075005952.npz,6,0.699999988079071,5,2,3,0.39145123958587646,0.24341997349255123,5,8
ELM_CTRL_SCR_ARR_DIRS_S99,0,75000000,75005952,/work/classic/fr_xl1014-easy-landmark-maze/IntrMotiv/SF_hipposlam/train_dir/analysis/online_spatial/easy_landmark_maze_control_20260923/ELM_CTRL_SCR_ARR_DIRS_S99/policy_00/snapshot_target_000075000000_actual_000075005952.npz,6,0.699999988079071,2,3,2,0.27322152256965637,0.16990002599521678,8,1
ELM_CTRL_SCR_ARR_DIRS_S99,0,75000000,75005952,/work/classic/fr_xl1014-easy-landmark-maze/IntrMotiv/SF_hipposlam/train_dir/analysis/online_spatial/easy_landmark_maze_control_20260923/ELM_CTRL_SCR_ARR_DIRS_S99/policy_00/snapshot_target_000075000000_actual_000075005952.npz,6,0.699999988079071,3,4,2,0.26696377992630005,0.16600871235426246,0,5
ELM_CTRL_SCR_ARR_DIRS_S99,0,75000000,75005952,/work/classic/fr_xl1014-easy-landmark-maze/IntrMotiv/SF_hipposlam/train_dir/analysis/online_spatial/easy_landmark_maze_control_20260923/ELM_CTRL_SCR_ARR_DIRS_S99/policy_00/snapshot_target_000075000000_actual_000075005952.npz,6,0.699999988079071,4,5,2,0.2619311213493347,0.16287920478469142,8,4
ELM_CTRL_SCR_ARR_DIRS_S99,0,75000000,75005952,/work/classic/fr_xl1014-easy-landmark-maze/IntrMotiv/SF_hipposlam/train_dir/analysis/online_spatial/easy_landmark_maze_control_20260923/ELM_CTRL_SCR_ARR_DIRS_S99/policy_00/snapshot_target_000075000000_actual_000075005952.npz,7,0.699999988079071,1,1,2,0.3966061472892761,1.0,8,2
ELM_CTRL_SCR_ARR_DIRS_S99,0,75000000,75005952,/work/classic/fr_xl1014-easy-landmark-maze/IntrMotiv/SF_hipposlam/train_dir/analysis/online_spatial/easy_landmark_maze_control_20260923/ELM_CTRL_SCR_ARR_DIRS_S99/policy_00/snapshot_target_000075000000_actual_000075005952.npz,8,0.699999988079071,1,1,2,0.36647331714630127,1.0,8,2
ELM_CTRL_SCR_ARR_DIRS_S99,0,75000000,75005952,/work/classic/fr_xl1014-easy-landmark-maze/IntrMotiv/SF_hipposlam/train_dir/analysis/online_spatial/easy_landmark_maze_control_20260923/ELM_CTRL_SCR_ARR_DIRS_S99/policy_00/snapshot_target_000075000000_actual_000075005952.npz,9,0.699999988079071,1,1,3,0.5213351845741272,0.6568087749991702,0,2
ELM_CTRL_SCR_ARR_DIRS_S99,0,75000000,75005952,/work/classic/fr_xl1014-easy-landmark-maze/IntrMotiv/SF_hipposlam/train_dir/analysis/online_spatial/easy_landmark_maze_control_20260923/ELM_CTRL_SCR_ARR_DIRS_S99/policy_00/snapshot_target_000075000000_actual_000075005952.npz,9,0.699999988079071,2,2,2,0.2724044919013977,0.34319122500082977,7,0
ELM_CTRL_SCR_ARR_DIRS_S99,0,75000000,75005952,/work/classic/fr_xl1014-easy-landmark-maze/IntrMotiv/SF_hipposlam/train_dir/analysis/online_spatial/easy_landmark_maze_control_20260923/ELM_CTRL_SCR_ARR_DIRS_S99/policy_00/snapshot_target_000075000000_actual_000075005952.npz,10,0.699999988079071,4,1,3,0.4851572811603546,0.33514398466115836,4,8
ELM_CTRL_SCR_ARR_DIRS_S99,0,75000000,75005952,/work/classic/fr_xl1014-easy-landmark-maze/IntrMotiv/SF_hipposlam/train_dir/analysis/online_spatial/easy_landmark_maze_control_20260923/ELM_CTRL_SCR_ARR_DIRS_S99/policy_00/snapshot_target_000075000000_actual_000075005952.npz,10,0.699999988079071,1,2,2,0.347333699464798,0.23993621154633102,8,1
ELM_CTRL_SCR_ARR_DIRS_S99,0,75000000,75005952,/work/classic/fr_xl1014-easy-landmark-maze/IntrMotiv/SF_hipposlam/train_dir/analysis/online_spatial/easy_landmark_maze_control_20260923/ELM_CTRL_SCR_ARR_DIRS_S99/policy_00/snapshot_target_000075000000_actual_000075005952.npz,10,0.699999988079071,3,3,2,0.31304794549942017,0.21625180105250824,8,5
ELM_CTRL_SCR_ARR_DIRS_S99,0,75000000,75005952,/work/classic/fr_xl1014-easy-landmark-maze/IntrMotiv/SF_hipposlam/train_dir/analysis/online_spatial/easy_landmark_maze_control_20260923/ELM_CTRL_SCR_ARR_DIRS_S99/policy_00/snapshot_target_000075000000_actual_000075005952.npz,10,0.699999988079071,2,4,2,0.3020695745944977,0.20866800274000236,0,4
ELM_CTRL_SCR_ARR_DIRS_S99,0,75000000,75005952,/work/classic/fr_xl1014-easy-landmark-maze/IntrMotiv/SF_hipposlam/train_dir/analysis/online_spatial/easy_landmark_maze_control_20260923/ELM_CTRL_SCR_ARR_DIRS_S99/policy_00/snapshot_target_000075000000_actual_000075005952.npz,11,0.699999988079071,2,1,2,0.3026282787322998,0.5124815727543742,0,8
ELM_CTRL_SCR_ARR_DIRS_S99,0,75000000,75005952,/work/classic/fr_xl1014-easy-landmark-maze/IntrMotiv/SF_hipposlam/train_dir/analysis/online_spatial/easy_landmark_maze_control_20260923/ELM_CTRL_SCR_ARR_DIRS_S99/policy_00/snapshot_target_000075000000_actual_000075005952.npz,11,0.699999988079071,1,2,2,0.2878871560096741,0.4875184272456258,8,8
ELM_CTRL_SCR_ARR_DIRS_S99,0,75000000,75005952,/work/classic/fr_xl1014-easy-landmark-maze/IntrMotiv/SF_hipposlam/train_dir/analysis/online_spatial/easy_landmark_maze_control_20260923/ELM_CTRL_SCR_ARR_DIRS_S99/policy_00/snapshot_target_000075000000_actual_000075005952.npz,12,0.699999988079071,1,1,3,0.5075695514678955,0.6277590666463474,2,0
ELM_CTRL_SCR_ARR_DIRS_S99,0,75000000,75005952,/work/classic/fr_xl1014-easy-landmark-maze/IntrMotiv/SF_hipposlam/train_dir/analysis/online_spatial/easy_landmark_maze_control_20260923/ELM_CTRL_SCR_ARR_DIRS_S99/policy_00/snapshot_target_000075000000_actual_000075005952.npz,12,0.699999988079071,2,2,1,0.16792459785938263,0.20768816512792135,6,3
ELM_CTRL_SCR_ARR_DIRS_S99,0,75000000,75005952,/work/classic/fr_xl1014-easy-landmark-maze/IntrMotiv/SF_hipposlam/train_dir/analysis/online_spatial/easy_landmark_maze_control_20260923/ELM_CTRL_SCR_ARR_DIRS_S99/policy_00/snapshot_target_000075000000_actual_000075005952.npz,12,0.699999988079071,3,3,1,0.13304781913757324,0.1645527682257313,8,5
ELM_CTRL_SCR_ARR_DIRS_S99,0,75000000,75005952,/work/classic/fr_xl1014-easy-landmark-maze/IntrMotiv/SF_hipposlam/train_dir/analysis/online_spatial/easy_landmark_maze_control_20260923/ELM_CTRL_SCR_ARR_DIRS_S99/policy_00/snapshot_target_000075000000_actual_000075005952.npz,13,0.699999988079071,1,1,3,0.6013263463973999,1.0,0,4
ELM_CTRL_SCR_ARR_DIRS_S99,0,75000000,75005952,/work/classic/fr_xl1014-easy-landmark-maze/IntrMotiv/SF_hipposlam/train_dir/analysis/online_spatial/easy_landmark_maze_control_20260923/ELM_CTRL_SCR_ARR_DIRS_S99/policy_00/snapshot_target_000075000000_actual_000075005952.npz,14,0.699999988079071,1,1,3,0.8110957145690918,1.0,8,1
ELM_CTRL_SCR_ARR_DIRS_S99,0,75000000,75005952,/work/classic/fr_xl1014-easy-landmark-maze/IntrMotiv/SF_hipposlam/train_dir/analysis/online_spatial/easy_landmark_maze_control_20260923/ELM_CTRL_SCR_ARR_DIRS_S99/policy_00/snapshot_target_000075000000_actual_000075005952.npz,15,0.699999988079071,1,1,4,0.6172687411308289,0.7136043606827467,0,0
ELM_CTRL_SCR_ARR_DIRS_S99,0,75000000,75005952,/work/classic/fr_xl1014-easy-landmark-maze/IntrMotiv/SF_hipposlam/train_dir/analysis/online_spatial/easy_landmark_maze_control_20260923/ELM_CTRL_SCR_ARR_DIRS_S99/policy_00/snapshot_target_000075000000_actual_000075005952.npz,15,0.699999988079071,3,2,1,0.12491586059331894,0.1444111727973235,0,6
ELM_CTRL_SCR_ARR_DIRS_S99,0,75000000,75005952,/work/classic/fr_xl1014-easy-landmark-maze/IntrMotiv/SF_hipposlam/train_dir/analysis/online_spatial/easy_landmark_maze_control_20260923/ELM_CTRL_SCR_ARR_DIRS_S99/policy_00/snapshot_target_000075000000_actual_000075005952.npz,15,0.699999988079071,2,3,1,0.12281675636768341,0.1419844665199298,8,4
ELM_CTRL_WAYPOINT_F64_DDQN_HER_S99,0,5000000,5013504,/work/classic/fr_xl1014-easy-landmark-maze/IntrMotiv/SF_hipposlam/train_dir/analysis/online_spatial/easy_landmark_maze_control_20260923/ELM_CTRL_WAYPOINT_F64_DDQN_HER_S99/policy_00/snapshot_target_000005000000_actual_000005013504.npz,0,0.30000001192092896,1,1,27,4.633877754211426,1.0,8,4
ELM_CTRL_WAYPOINT_F64_DDQN_HER_S99,0,5000000,5013504,/work/classic/fr_xl1014-easy-landmark-maze/IntrMotiv/SF_hipposlam/train_dir/analysis/online_spatial/easy_landmark_maze_control_20260923/ELM_CTRL_WAYPOINT_F64_DDQN_HER_S99/policy_00/snapshot_target_000005000000_actual_000005013504.npz,1,0.30000001192092896,1,1,50,3.3251912593841553,1.0,2,7
ELM_CTRL_WAYPOINT_F64_DDQN_HER_S99,0,5000000,5013504,/work/classic/fr_xl1014-easy-landmark-maze/IntrMotiv/SF_hipposlam/train_dir/analysis/online_spatial/easy_landmark_maze_control_20260923/ELM_CTRL_WAYPOINT_F64_DDQN_HER_S99/policy_00/snapshot_target_000005000000_actual_000005013504.npz,2,0.30000001192092896,1,1,68,4.70945405960083,1.0,2,8
ELM_CTRL_WAYPOINT_F64_DDQN_HER_S99,0,5000000,5013504,/work/classic/fr_xl1014-easy-landmark-maze/IntrMotiv/SF_hipposlam/train_dir/analysis/online_spatial/easy_landmark_maze_control_20260923/ELM_CTRL_WAYPOINT_F64_DDQN_HER_S99/policy_00/snapshot_target_000005000000_actual_000005013504.npz,3,0.30000001192092896,3,1,26,0.02919532172381878,0.7353602035722816,0,8
ELM_CTRL_WAYPOINT_F64_DDQN_HER_S99,0,5000000,5013504,/work/classic/fr_xl1014-easy-landmark-maze/IntrMotiv/SF_hipposlam/train_dir/analysis/online_spatial/easy_landmark_maze_control_20260923/ELM_CTRL_WAYPOINT_F64_DDQN_HER_S99/policy_00/snapshot_target_000005000000_actual_000005013504.npz,3,0.30000001192092896,1,2,10,0.00831596739590168,0.209459294026606,0,0
ELM_CTRL_WAYPOINT_F64_DDQN_HER_S99,0,5000000,5013504,/work/classic/fr_xl1014-easy-landmark-maze/IntrMotiv/SF_hipposlam/train_dir/analysis/online_spatial/easy_landmark_maze_control_20260923/ELM_CTRL_WAYPOINT_F64_DDQN_HER_S99/policy_00/snapshot_target_000005000000_actual_000005013504.npz,3,0.30000001192092896,2,3,3,0.0021907801274210215,0.055180502401112407,7,1
ELM_CTRL_WAYPOINT_F64_DDQN_HER_S99,0,5000000,5013504,/work/classic/fr_xl1014-easy-landmark-maze/IntrMotiv/SF_hipposlam/train_dir/analysis/online_spatial/easy_landmark_maze_control_20260923/ELM_CTRL_WAYPOINT_F64_DDQN_HER_S99/policy_00/snapshot_target_000005000000_actual_000005013504.npz,4,0.30000001192092896,2,1,16,0.03778095915913582,0.967418165225581,0,8
ELM_CTRL_WAYPOINT_F64_DDQN_HER_S99,0,5000000,5013504,/work/classic/fr_xl1014-easy-landmark-maze/IntrMotiv/SF_hipposlam/train_dir/analysis/online_spatial/easy_landmark_maze_control_20260923/ELM_CTRL_WAYPOINT_F64_DDQN_HER_S99/policy_00/snapshot_target_000005000000_actual_000005013504.npz,4,0.30000001192092896,1,2,1,0.0012724311091005802,0.03258183477441897,0,0
ELM_CTRL_WAYPOINT_F64_DDQN_HER_S99,0,5000000,5013504,/work/classic/fr_xl1014-easy-landmark-maze/IntrMotiv/SF_hipposlam/train_dir/analysis/online_spatial/easy_landmark_maze_control_20260923/ELM_CTRL_WAYPOINT_F64_DDQN_HER_S99/policy_00/snapshot_target_000005000000_actual_000005013504.npz,5,0.30000001192092896,1,1,47,3.01234769821167,1.0,8,1
ELM_CTRL_WAYPOINT_F64_DDQN_HER_S99,0,5000000,5013504,/work/classic/fr_xl1014-easy-landmark-maze/IntrMotiv/SF_hipposlam/train_dir/analysis/online_spatial/easy_landmark_maze_control_20260923/ELM_CTRL_WAYPOINT_F64_DDQN_HER_S99/policy_00/snapshot_target_000005000000_actual_000005013504.npz,6,0.30000001192092896,3,1,9,0.0050725676119327545,0.5631593700170313,6,6
ELM_CTRL_WAYPOINT_F64_DDQN_HER_S99,0,5000000,5013504,/work/classic/fr_xl1014-easy-landmark-maze/IntrMotiv/SF_hipposlam/train_dir/analysis/online_spatial/easy_landmark_maze_control_20260923/ELM_CTRL_WAYPOINT_F64_DDQN_HER_S99/policy_00/snapshot_target_000005000000_actual_000005013504.npz,6,0.30000001192092896,1,2,4,0.0020714898128062487,0.2299779889049471,3,0
ELM_CTRL_WAYPOINT_F64_DDQN_HER_S99,0,5000000,5013504,/work/classic/fr_xl1014-easy-landmark-maze/IntrMotiv/SF_hipposlam/train_dir/analysis/online_spatial/easy_landmark_maze_control_20260923/ELM_CTRL_WAYPOINT_F64_DDQN_HER_S99/policy_00/snapshot_target_000005000000_actual_000005013504.npz,6,0.30000001192092896,2,3,4,0.0015491620870307088,0.17198886475838832,8,3
ELM_CTRL_WAYPOINT_F64_DDQN_HER_S99,0,5000000,5013504,/work/classic/fr_xl1014-easy-landmark-maze/IntrMotiv/SF_hipposlam/train_dir/analysis/online_spatial/easy_landmark_maze_control_20260923/ELM_CTRL_WAYPOINT_F64_DDQN_HER_S99/policy_00/snapshot_target_000005000000_actual_000005013504.npz,6,0.30000001192092896,4,4,1,0.00031411994132213295,0.03487377631963328,0,6
ELM_CTRL_WAYPOINT_F64_DDQN_HER_S99,0,5000000,5013504,/work/classic/fr_xl1014-easy-landmark-maze/IntrMotiv/SF_hipposlam/train_dir/analysis/online_spatial/easy_landmark_maze_control_20260923/ELM_CTRL_WAYPOINT_F64_DDQN_HER_S99/policy_00/snapshot_target_000005000000_actual_000005013504.npz,7,0.30000001192092896,3,1,12,0.02261931076645851,0.5853560297246903,8,8
ELM_CTRL_WAYPOINT_F64_DDQN_HER_S99,0,5000000,5013504,/work/classic/fr_xl1014-easy-landmark-maze/IntrMotiv/SF_hipposlam/train_dir/analysis/online_spatial/easy_landmark_maze_control_20260923/ELM_CTRL_WAYPOINT_F64_DDQN_HER_S99/policy_00/snapshot_target_000005000000_actual_000005013504.npz,7,0.30000001192092896,4,2,4,0.006610629614442587,0.17107382028760323,0,8
ELM_CTRL_WAYPOINT_F64_DDQN_HER_S99,0,5000000,5013504,/work/classic/fr_xl1014-easy-landmark-maze/IntrMotiv/SF_hipposlam/train_dir/analysis/online_spatial/easy_landmark_maze_control_20260923/ELM_CTRL_WAYPOINT_F64_DDQN_HER_S99/policy_00/snapshot_target_000005000000_actual_000005013504.npz,7,0.30000001192092896,2,3,3,0.004958001431077719,0.12830612139466974,8,0
ELM_CTRL_WAYPOINT_F64_DDQN_HER_S99,0,5000000,5013504,/work/classic/fr_xl1014-easy-landmark-maze/IntrMotiv/SF_hipposlam/train_dir/analysis/online_spatial/easy_landmark_maze_control_20260923/ELM_CTRL_WAYPOINT_F64_DDQN_HER_S99/policy_00/snapshot_target_000005000000_actual_000005013504.npz,7,0.30000001192092896,1,4,3,0.004454029258340597,0.11526402859303678,0,0
ELM_CTRL_WAYPOINT_F64_DDQN_HER_S99,0,5000000,5013504,/work/classic/fr_xl1014-easy-landmark-maze/IntrMotiv/SF_hipposlam/train_dir/analysis/online_spatial/easy_landmark_maze_control_20260923/ELM_CTRL_WAYPOINT_F64_DDQN_HER_S99/policy_00/snapshot_target_000005000000_actual_000005013504.npz,8,0.30000001192092896,3,1,3,0.0015214965678751469,0.5024195909856136,8,8
ELM_CTRL_WAYPOINT_F64_DDQN_HER_S99,0,5000000,5013504,/work/classic/fr_xl1014-easy-landmark-maze/IntrMotiv/SF_hipposlam/train_dir/analysis/online_spatial/easy_landmark_maze_control_20260923/ELM_CTRL_WAYPOINT_F64_DDQN_HER_S99/policy_00/snapshot_target_000005000000_actual_000005013504.npz,8,0.30000001192092896,2,2,3,0.0011633329559117556,0.3841489229946336,0,8
ELM_CTRL_WAYPOINT_F64_DDQN_HER_S99,0,5000000,5013504,/work/classic/fr_xl1014-easy-landmark-maze/IntrMotiv/SF_hipposlam/train_dir/analysis/online_spatial/easy_landmark_maze_control_20260923/ELM_CTRL_WAYPOINT_F64_DDQN_HER_S99/policy_00/snapshot_target_000005000000_actual_000005013504.npz,8,0.30000001192092896,1,3,1,0.0003435089311096817,0.11343148601975281,0,0
ELM_CTRL_WAYPOINT_F64_DDQN_HER_S99,0,5000000,5013504,/work/classic/fr_xl1014-easy-landmark-maze/IntrMotiv/SF_hipposlam/train_dir/analysis/online_spatial/easy_landmark_maze_control_20260923/ELM_CTRL_WAYPOINT_F64_DDQN_HER_S99/policy_00/snapshot_target_000005000000_actual_000005013504.npz,9,0.30000001192092896,1,1,36,3.55385422706604,1.0,8,4
ELM_CTRL_WAYPOINT_F64_DDQN_HER_S99,0,5000000,5013504,/work/classic/fr_xl1014-easy-landmark-maze/IntrMotiv/SF_hipposlam/train_dir/analysis/online_spatial/easy_landmark_maze_control_20260923/ELM_CTRL_WAYPOINT_F64_DDQN_HER_S99/policy_00/snapshot_target_000005000000_actual_000005013504.npz,10,0.30000001192092896,1,1,42,3.3337128162384033,1.0,3,2
ELM_CTRL_WAYPOINT_F64_DDQN_HER_S99,0,5000000,5013504,/work/classic/fr_xl1014-easy-landmark-maze/IntrMotiv/SF_hipposlam/train_dir/analysis/online_spatial/easy_landmark_maze_control_20260923/ELM_CTRL_WAYPOINT_F64_DDQN_HER_S99/policy_00/snapshot_target_000005000000_actual_000005013504.npz,11,0.30000001192092896,1,1,52,2.5408010482788086,0.9295336497704111,8,3
ELM_CTRL_WAYPOINT_F64_DDQN_HER_S99,0,5000000,5013504,/work/classic/fr_xl1014-easy-landmark-maze/IntrMotiv/SF_hipposlam/train_dir/analysis/online_spatial/easy_landmark_maze_control_20260923/ELM_CTRL_WAYPOINT_F64_DDQN_HER_S99/policy_00/snapshot_target_000005000000_actual_000005013504.npz,11,0.30000001192092896,2,2,5,0.19261376559734344,0.07046635022958889,0,8
ELM_CTRL_WAYPOINT_F64_DDQN_HER_S99,0,5000000,5013504,/work/classic/fr_xl1014-easy-landmark-maze/IntrMotiv/SF_hipposlam/train_dir/analysis/online_spatial/easy_landmark_maze_control_20260923/ELM_CTRL_WAYPOINT_F64_DDQN_HER_S99/policy_00/snapshot_target_000005000000_actual_000005013504.npz,12,0.30000001192092896,1,1,15,0.004462064243853092,0.8828691346565669,8,5
ELM_CTRL_WAYPOINT_F64_DDQN_HER_S99,0,5000000,5013504,/work/classic/fr_xl1014-easy-landmark-maze/IntrMotiv/SF_hipposlam/train_dir/analysis/online_spatial/easy_landmark_maze_control_20260923/ELM_CTRL_WAYPOINT_F64_DDQN_HER_S99/policy_00/snapshot_target_000005000000_actual_000005013504.npz,12,0.30000001192092896,2,2,3,0.0005919851828366518,0.11713086534343313,3,5
ELM_CTRL_WAYPOINT_F64_DDQN_HER_S99,0,5000000,5013504,/work/classic/fr_xl1014-easy-landmark-maze/IntrMotiv/SF_hipposlam/train_dir/analysis/online_spatial/easy_landmark_maze_control_20260923/ELM_CTRL_WAYPOINT_F64_DDQN_HER_S99/policy_00/snapshot_target_000005000000_actual_000005013504.npz,13,0.30000001192092896,4,1,22,0.02553257904946804,0.8092390468066929,8,5
ELM_CTRL_WAYPOINT_F64_DDQN_HER_S99,0,5000000,5013504,/work/classic/fr_xl1014-easy-landmark-maze/IntrMotiv/SF_hipposlam/train_dir/analysis/online_spatial/easy_landmark_maze_control_20260923/ELM_CTRL_WAYPOINT_F64_DDQN_HER_S99/policy_00/snapshot_target_000005000000_actual_000005013504.npz,13,0.30000001192092896,1,2,5,0.004374914802610874,0.1386601752163801,0,0
ELM_CTRL_WAYPOINT_F64_DDQN_HER_S99,0,5000000,5013504,/work/classic/fr_xl1014-easy-landmark-maze/IntrMotiv/SF_hipposlam/train_dir/analysis/online_spatial/easy_landmark_maze_control_20260923/ELM_CTRL_WAYPOINT_F64_DDQN_HER_S99/policy_00/snapshot_target_000005000000_actual_000005013504.npz,13,0.30000001192092896,3,3,1,0.000942380225751549,0.02986814900833718,2,3
ELM_CTRL_WAYPOINT_F64_DDQN_HER_S99,0,5000000,5013504,/work/classic/fr_xl1014-easy-landmark-maze/IntrMotiv/SF_hipposlam/train_dir/analysis/online_spatial/easy_landmark_maze_control_20260923/ELM_CTRL_WAYPOINT_F64_DDQN_HER_S99/policy_00/snapshot_target_000005000000_actual_000005013504.npz,13,0.30000001192092896,2,4,1,0.0007014693110249937,0.022232628968589848,8,2
ELM_CTRL_WAYPOINT_F64_DDQN_HER_S99,0,5000000,5013504,/work/classic/fr_xl1014-easy-landmark-maze/IntrMotiv/SF_hipposlam/train_dir/analysis/online_spatial/easy_landmark_maze_control_20260923/ELM_CTRL_WAYPOINT_F64_DDQN_HER_S99/policy_00/snapshot_target_000005000000_actual_000005013504.npz,14,0.30000001192092896,1,1,45,0.11162138730287552,1.0,8,5
ELM_CTRL_WAYPOINT_F64_DDQN_HER_S99,0,5000000,5013504,/work/classic/fr_xl1014-easy-landmark-maze/IntrMotiv/SF_hipposlam/train_dir/analysis/online_spatial/easy_landmark_maze_control_20260923/ELM_CTRL_WAYPOINT_F64_DDQN_HER_S99/policy_00/snapshot_target_000005000000_actual_000005013504.npz,15,0.30000001192092896,3,1,12,0.0075874924659729,0.5456099046584336,8,5
ELM_CTRL_WAYPOINT_F64_DDQN_HER_S99,0,5000000,5013504,/work/classic/fr_xl1014-easy-landmark-maze/IntrMotiv/SF_hipposlam/train_dir/analysis/online_spatial/easy_landmark_maze_control_20260923/ELM_CTRL_WAYPOINT_F64_DDQN_HER_S99/policy_00/snapshot_target_000005000000_actual_000005013504.npz,15,0.30000001192092896,1,2,10,0.005946003831923008,0.4275719018349244,1,0
ELM_CTRL_WAYPOINT_F64_DDQN_HER_S99,0,5000000,5013504,/work/classic/fr_xl1014-easy-landmark-maze/IntrMotiv/SF_hipposlam/train_dir/analysis/online_spatial/easy_landmark_maze_control_20260923/ELM_CTRL_WAYPOINT_F64_DDQN_HER_S99/policy_00/snapshot_target_000005000000_actual_000005013504.npz,15,0.30000001192092896,2,3,1,0.00037294565117917955,0.026818193506642007,8,2
ELM_CTRL_WAYPOINT_F64_DDQN_HER_S99,0,5000000,5013504,/work/classic/fr_xl1014-easy-landmark-maze/IntrMotiv/SF_hipposlam/train_dir/analysis/online_spatial/easy_landmark_maze_control_20260923/ELM_CTRL_WAYPOINT_F64_DDQN_HER_S99/policy_00/snapshot_target_000005000000_actual_000005013504.npz,16,0.30000001192092896,3,1,15,0.012838036753237247,0.7392940232180294,5,8
ELM_CTRL_WAYPOINT_F64_DDQN_HER_S99,0,5000000,5013504,/work/classic/fr_xl1014-easy-landmark-maze/IntrMotiv/SF_hipposlam/train_dir/analysis/online_spatial/easy_landmark_maze_control_20260923/ELM_CTRL_WAYPOINT_F64_DDQN_HER_S99/policy_00/snapshot_target_000005000000_actual_000005013504.npz,16,0.30000001192092896,1,2,5,0.003395793493837118,0.19555091501380886,2,0
ELM_CTRL_WAYPOINT_F64_DDQN_HER_S99,0,5000000,5013504,/work/classic/fr_xl1014-easy-landmark-maze/IntrMotiv/SF_hipposlam/train_dir/analysis/online_spatial/easy_landmark_maze_control_20260923/ELM_CTRL_WAYPOINT_F64_DDQN_HER_S99/policy_00/snapshot_target_000005000000_actual_000005013504.npz,16,0.30000001192092896,2,3,2,0.0011314349249005318,0.06515506176816172,2,3
ELM_CTRL_WAYPOINT_F64_DDQN_HER_S99,0,5000000,5013504,/work/classic/fr_xl1014-easy-landmark-maze/IntrMotiv/SF_hipposlam/train_dir/analysis/online_spatial/easy_landmark_maze_control_20260923/ELM_CTRL_WAYPOINT_F64_DDQN_HER_S99/policy_00/snapshot_target_000005000000_actual_000005013504.npz,17,0.30000001192092896,3,1,3,0.006254012696444988,0.39608671788158095,8,8
ELM_CTRL_WAYPOINT_F64_DDQN_HER_S99,0,5000000,5013504,/work/classic/fr_xl1014-easy-landmark-maze/IntrMotiv/SF_hipposlam/train_dir/analysis/online_spatial/easy_landmark_maze_control_20260923/ELM_CTRL_WAYPOINT_F64_DDQN_HER_S99/policy_00/snapshot_target_000005000000_actual_000005013504.npz,17,0.30000001192092896,2,2,3,0.005618522875010967,0.35583910569460314,0,8
ELM_CTRL_WAYPOINT_F64_DDQN_HER_S99,0,5000000,5013504,/work/classic/fr_xl1014-easy-landmark-maze/IntrMotiv/SF_hipposlam/train_dir/analysis/online_spatial/easy_landmark_maze_control_20260923/ELM_CTRL_WAYPOINT_F64_DDQN_HER_S99/policy_00/snapshot_target_000005000000_actual_000005013504.npz,17,0.30000001192092896,1,3,3,0.003916968125849962,0.24807417642381593,8,0
ELM_CTRL_WAYPOINT_F64_DDQN_HER_S99,0,5000000,5013504,/work/classic/fr_xl1014-easy-landmark-maze/IntrMotiv/SF_hipposlam/train_dir/analysis/online_spatial/easy_landmark_maze_control_20260923/ELM_CTRL_WAYPOINT_F64_DDQN_HER_S99/policy_00/snapshot_target_000005000000_actual_000005013504.npz,18,0.30000001192092896,3,1,4,0.017638012766838074,0.4807554644885123,8,8
ELM_CTRL_WAYPOINT_F64_DDQN_HER_S99,0,5000000,5013504,/work/classic/fr_xl1014-easy-landmark-maze/IntrMotiv/SF_hipposlam/train_dir/analysis/online_spatial/easy_landmark_maze_control_20260923/ELM_CTRL_WAYPOINT_F64_DDQN_HER_S99/policy_00/snapshot_target_000005000000_actual_000005013504.npz,18,0.30000001192092896,2,2,5,0.016973311081528664,0.4626378357232107,0,8
ELM_CTRL_WAYPOINT_F64_DDQN_HER_S99,0,5000000,5013504,/work/classic/fr_xl1014-easy-landmark-maze/IntrMotiv/SF_hipposlam/train_dir/analysis/online_spatial/easy_landmark_maze_control_20260923/ELM_CTRL_WAYPOINT_F64_DDQN_HER_S99/policy_00/snapshot_target_000005000000_actual_000005013504.npz,18,0.30000001192092896,1,3,1,0.0020767932292073965,0.056606699788276975,0,3
ELM_CTRL_WAYPOINT_F64_DDQN_HER_S99,0,5000000,5013504,/work/classic/fr_xl1014-easy-landmark-maze/IntrMotiv/SF_hipposlam/train_dir/analysis/online_spatial/easy_landmark_maze_control_20260923/ELM_CTRL_WAYPOINT_F64_DDQN_HER_S99/policy_00/snapshot_target_000005000000_actual_000005013504.npz,19,0.30000001192092896,2,1,7,0.006450926885008812,0.6230148604221959,0,5
ELM_CTRL_WAYPOINT_F64_DDQN_HER_S99,0,5000000,5013504,/work/classic/fr_xl1014-easy-landmark-maze/IntrMotiv/SF_hipposlam/train_dir/analysis/online_spatial/easy_landmark_maze_control_20260923/ELM_CTRL_WAYPOINT_F64_DDQN_HER_S99/policy_00/snapshot_target_000005000000_actual_000005013504.npz,19,0.30000001192092896,1,2,5,0.0030015704687684774,0.28988439025605595,4,0
ELM_CTRL_WAYPOINT_F64_DDQN_HER_S99,0,5000000,5013504,/work/classic/fr_xl1014-easy-landmark-maze/IntrMotiv/SF_hipposlam/train_dir/analysis/online_spatial/easy_landmark_maze_control_20260923/ELM_CTRL_WAYPOINT_F64_DDQN_HER_S99/policy_00/snapshot_target_000005000000_actual_000005013504.npz,19,0.30000001192092896,3,3,2,0.0009018734563142061,0.08710074932174819,6,8
ELM_CTRL_WAYPOINT_F64_DDQN_HER_S99,0,5000000,5013504,/work/classic/fr_xl1014-easy-landmark-maze/IntrMotiv/SF_hipposlam/train_dir/analysis/online_spatial/easy_landmark_maze_control_20260923/ELM_CTRL_WAYPOINT_F64_DDQN_HER_S99/policy_00/snapshot_target_000005000000_actual_000005013504.npz,20,0.30000001192092896,1,1,36,0.03088623844087124,1.0,7,4
ELM_CTRL_WAYPOINT_F64_DDQN_HER_S99,0,5000000,5013504,/work/classic/fr_xl1014-easy-landmark-maze/IntrMotiv/SF_hipposlam/train_dir/analysis/online_spatial/easy_landmark_maze_control_20260923/ELM_CTRL_WAYPOINT_F64_DDQN_HER_S99/policy_00/snapshot_target_000005000000_actual_000005013504.npz,21,0.30000001192092896,1,1,73,4.030074596405029,1.0,0,3
ELM_CTRL_WAYPOINT_F64_DDQN_HER_S99,0,5000000,5013504,/work/classic/fr_xl1014-easy-landmark-maze/IntrMotiv/SF_hipposlam/train_dir/analysis/online_spatial/easy_landmark_maze_control_20260923/ELM_CTRL_WAYPOINT_F64_DDQN_HER_S99/policy_00/snapshot_target_000005000000_actual_000005013504.npz,22,0.30000001192092896,1,1,54,4.231720924377441,1.0,0,3
ELM_CTRL_WAYPOINT_F64_DDQN_HER_S99,0,5000000,5013504,/work/classic/fr_xl1014-easy-landmark-maze/IntrMotiv/SF_hipposlam/train_dir/analysis/online_spatial/easy_landmark_maze_control_20260923/ELM_CTRL_WAYPOINT_F64_DDQN_HER_S99/policy_00/snapshot_target_000005000000_actual_000005013504.npz,23,0.30000001192092896,3,1,26,0.023421956226229668,0.650271436263771,8,6
ELM_CTRL_WAYPOINT_F64_DDQN_HER_S99,0,5000000,5013504,/work/classic/fr_xl1014-easy-landmark-maze/IntrMotiv/SF_hipposlam/train_dir/analysis/online_spatial/easy_landmark_maze_control_20260923/ELM_CTRL_WAYPOINT_F64_DDQN_HER_S99/policy_00/snapshot_target_000005000000_actual_000005013504.npz,23,0.30000001192092896,1,2,11,0.007905954495072365,0.21949560211326102,0,0
ELM_CTRL_WAYPOINT_F64_DDQN_HER_S99,0,5000000,5013504,/work/classic/fr_xl1014-easy-landmark-maze/IntrMotiv/SF_hipposlam/train_dir/analysis/online_spatial/easy_landmark_maze_control_20260923/ELM_CTRL_WAYPOINT_F64_DDQN_HER_S99/policy_00/snapshot_target_000005000000_actual_000005013504.npz,23,0.30000001192092896,2,3,8,0.004690826870501041,0.1302329616229679,7,1
ELM_CTRL_WAYPOINT_F64_DDQN_HER_S99,0,5000000,5013504,/work/classic/fr_xl1014-easy-landmark-maze/IntrMotiv/SF_hipposlam/train_dir/analysis/online_spatial/easy_landmark_maze_control_20260923/ELM_CTRL_WAYPOINT_F64_DDQN_HER_S99/policy_00/snapshot_target_000005000000_actual_000005013504.npz,24,0.30000001192092896,1,1,14,0.023155812174081802,1.0,6,3
ELM_CTRL_WAYPOINT_F64_DDQN_HER_S99,0,5000000,5013504,/work/classic/fr_xl1014-easy-landmark-maze/IntrMotiv/SF_hipposlam/train_dir/analysis/online_spatial/easy_landmark_maze_control_20260923/ELM_CTRL_WAYPOINT_F64_DDQN_HER_S99/policy_00/snapshot_target_000005000000_actual_000005013504.npz,25,0.30000001192092896,1,1,33,4.032801628112793,1.0,1,6
ELM_CTRL_WAYPOINT_F64_DDQN_HER_S99,0,5000000,5013504,/work/classic/fr_xl1014-easy-landmark-maze/IntrMotiv/SF_hipposlam/train_dir/analysis/online_spatial/easy_landmark_maze_control_20260923/ELM_CTRL_WAYPOINT_F64_DDQN_HER_S99/policy_00/snapshot_target_000005000000_actual_000005013504.npz,26,0.30000001192092896,2,1,29,0.005869816057384014,0.9745397414923046,2,7
ELM_CTRL_WAYPOINT_F64_DDQN_HER_S99,0,5000000,5013504,/work/classic/fr_xl1014-easy-landmark-maze/IntrMotiv/SF_hipposlam/train_dir/analysis/online_spatial/easy_landmark_maze_control_20260923/ELM_CTRL_WAYPOINT_F64_DDQN_HER_S99/policy_00/snapshot_target_000005000000_actual_000005013504.npz,26,0.30000001192092896,1,2,1,0.00015335140051320195,0.025460258507695448,5,1
ELM_CTRL_WAYPOINT_F64_DDQN_HER_S99,0,5000000,5013504,/work/classic/fr_xl1014-easy-landmark-maze/IntrMotiv/SF_hipposlam/train_dir/analysis/online_spatial/easy_landmark_maze_control_20260923/ELM_CTRL_WAYPOINT_F64_DDQN_HER_S99/policy_00/snapshot_target_000005000000_actual_000005013504.npz,27,0.30000001192092896,4,1,3,0.2755863666534424,0.28227921885548196,8,8
ELM_CTRL_WAYPOINT_F64_DDQN_HER_S99,0,5000000,5013504,/work/classic/fr_xl1014-easy-landmark-maze/IntrMotiv/SF_hipposlam/train_dir/analysis/online_spatial/easy_landmark_maze_control_20260923/ELM_CTRL_WAYPOINT_F64_DDQN_HER_S99/policy_00/snapshot_target_000005000000_actual_000005013504.npz,27,0.30000001192092896,2,2,3,0.24753308296203613,0.2535446370149384,8,0
ELM_CTRL_WAYPOINT_F64_DDQN_HER_S99,0,5000000,5013504,/work/classic/fr_xl1014-easy-landmark-maze/IntrMotiv/SF_hipposlam/train_dir/analysis/online_spatial/easy_landmark_maze_control_20260923/ELM_CTRL_WAYPOINT_F64_DDQN_HER_S99/policy_00/snapshot_target_000005000000_actual_000005013504.npz,27,0.30000001192092896,3,3,3,0.23673900961875916,0.2424884203065095,0,8
ELM_CTRL_WAYPOINT_F64_DDQN_HER_S99,0,5000000,5013504,/work/classic/fr_xl1014-easy-landmark-maze/IntrMotiv/SF_hipposlam/train_dir/analysis/online_spatial/easy_landmark_maze_control_20260923/ELM_CTRL_WAYPOINT_F64_DDQN_HER_S99/policy_00/snapshot_target_000005000000_actual_000005013504.npz,27,0.30000001192092896,1,4,3,0.21643149852752686,0.22168772382307012,0,0
ELM_CTRL_WAYPOINT_F64_DDQN_HER_S99,0,5000000,5013504,/work/classic/fr_xl1014-easy-landmark-maze/IntrMotiv/SF_hipposlam/train_dir/analysis/online_spatial/easy_landmark_maze_control_20260923/ELM_CTRL_WAYPOINT_F64_DDQN_HER_S99/policy_00/snapshot_target_000005000000_actual_000005013504.npz,28,0.30000001192092896,1,1,37,0.08719855546951294,1.0,8,6
ELM_CTRL_WAYPOINT_F64_DDQN_HER_S99,0,5000000,5013504,/work/classic/fr_xl1014-easy-landmark-maze/IntrMotiv/SF_hipposlam/train_dir/analysis/online_spatial/easy_landmark_maze_control_20260923/ELM_CTRL_WAYPOINT_F64_DDQN_HER_S99/policy_00/snapshot_target_000005000000_actual_000005013504.npz,29,0.30000001192092896,1,1,19,2.5960609912872314,1.0,6,5
ELM_CTRL_WAYPOINT_F64_DDQN_HER_S99,0,5000000,5013504,/work/classic/fr_xl1014-easy-landmark-maze/IntrMotiv/SF_hipposlam/train_dir/analysis/online_spatial/easy_landmark_maze_control_20260923/ELM_CTRL_WAYPOINT_F64_DDQN_HER_S99/policy_00/snapshot_target_000005000000_actual_000005013504.npz,30,0.30000001192092896,1,1,59,4.461216449737549,1.0,1,5
ELM_CTRL_WAYPOINT_F64_DDQN_HER_S99,0,5000000,5013504,/work/classic/fr_xl1014-easy-landmark-maze/IntrMotiv/SF_hipposlam/train_dir/analysis/online_spatial/easy_landmark_maze_control_20260923/ELM_CTRL_WAYPOINT_F64_DDQN_HER_S99/policy_00/snapshot_target_000005000000_actual_000005013504.npz,31,0.30000001192092896,1,1,5,0.0006241665105335414,0.6475655710325331,0,0
ELM_CTRL_WAYPOINT_F64_DDQN_HER_S99,0,5000000,5013504,/work/classic/fr_xl1014-easy-landmark-maze/IntrMotiv/SF_hipposlam/train_dir/analysis/online_spatial/easy_landmark_maze_control_20260923/ELM_CTRL_WAYPOINT_F64_DDQN_HER_S99/policy_00/snapshot_target_000005000000_actual_000005013504.npz,31,0.30000001192092896,2,2,3,0.00027322478126734495,0.28346756597111483,4,2
ELM_CTRL_WAYPOINT_F64_DDQN_HER_S99,0,5000000,5013504,/work/classic/fr_xl1014-easy-landmark-maze/IntrMotiv/SF_hipposlam/train_dir/analysis/online_spatial/easy_landmark_maze_control_20260923/ELM_CTRL_WAYPOINT_F64_DDQN_HER_S99/policy_00/snapshot_target_000005000000_actual_000005013504.npz,31,0.30000001192092896,3,3,1,6.647482223343104e-05,0.06896686299635207,8,5
ELM_CTRL_WAYPOINT_F64_DDQN_HER_S99,0,5000000,5013504,/work/classic/fr_xl1014-easy-landmark-maze/IntrMotiv/SF_hipposlam/train_dir/analysis/online_spatial/easy_landmark_maze_control_20260923/ELM_CTRL_WAYPOINT_F64_DDQN_HER_S99/policy_00/snapshot_target_000005000000_actual_000005013504.npz,32,0.30000001192092896,1,1,28,0.06753040105104446,1.0,4,4
ELM_CTRL_WAYPOINT_F64_DDQN_HER_S99,0,5000000,5013504,/work/classic/fr_xl1014-easy-landmark-maze/IntrMotiv/SF_hipposlam/train_dir/analysis/online_spatial/easy_landmark_maze_control_20260923/ELM_CTRL_WAYPOINT_F64_DDQN_HER_S99/policy_00/snapshot_target_000005000000_actual_000005013504.npz,33,0.30000001192092896,1,1,63,5.184121131896973,1.0,0,3
ELM_CTRL_WAYPOINT_F64_DDQN_HER_S99,0,5000000,5013504,/work/classic/fr_xl1014-easy-landmark-maze/IntrMotiv/SF_hipposlam/train_dir/analysis/online_spatial/easy_landmark_maze_control_20260923/ELM_CTRL_WAYPOINT_F64_DDQN_HER_S99/policy_00/snapshot_target_000005000000_actual_000005013504.npz,34,0.30000001192092896,3,1,30,0.1009618267416954,0.758802727903262,5,8
ELM_CTRL_WAYPOINT_F64_DDQN_HER_S99,0,5000000,5013504,/work/classic/fr_xl1014-easy-landmark-maze/IntrMotiv/SF_hipposlam/train_dir/analysis/online_spatial/easy_landmark_maze_control_20260923/ELM_CTRL_WAYPOINT_F64_DDQN_HER_S99/policy_00/snapshot_target_000005000000_actual_000005013504.npz,34,0.30000001192092896,1,2,7,0.030005861073732376,0.2255162170756508,0,0
ELM_CTRL_WAYPOINT_F64_DDQN_HER_S99,0,5000000,5013504,/work/classic/fr_xl1014-easy-landmark-maze/IntrMotiv/SF_hipposlam/train_dir/analysis/online_spatial/easy_landmark_maze_control_20260923/ELM_CTRL_WAYPOINT_F64_DDQN_HER_S99/policy_00/snapshot_target_000005000000_actual_000005013504.npz,34,0.30000001192092896,2,3,1,0.002086428925395012,0.015681055021087277,3,0
ELM_CTRL_WAYPOINT_F64_DDQN_HER_S99,0,5000000,5013504,/work/classic/fr_xl1014-easy-landmark-maze/IntrMotiv/SF_hipposlam/train_dir/analysis/online_spatial/easy_landmark_maze_control_20260923/ELM_CTRL_WAYPOINT_F64_DDQN_HER_S99/policy_00/snapshot_target_000005000000_actual_000005013504.npz,35,0.30000001192092896,2,1,33,0.05282427743077278,0.7350090368334156,8,5
ELM_CTRL_WAYPOINT_F64_DDQN_HER_S99,0,5000000,5013504,/work/classic/fr_xl1014-easy-landmark-maze/IntrMotiv/SF_hipposlam/train_dir/analysis/online_spatial/easy_landmark_maze_control_20260923/ELM_CTRL_WAYPOINT_F64_DDQN_HER_S99/policy_00/snapshot_target_000005000000_actual_000005013504.npz,35,0.30000001192092896,1,2,15,0.019044604152441025,0.2649909631665844,0,0
ELM_CTRL_WAYPOINT_F64_DDQN_HER_S99,0,5000000,5013504,/work/classic/fr_xl1014-easy-landmark-maze/IntrMotiv/SF_hipposlam/train_dir/analysis/online_spatial/easy_landmark_maze_control_20260923/ELM_CTRL_WAYPOINT_F64_DDQN_HER_S99/policy_00/snapshot_target_000005000000_actual_000005013504.npz,36,0.30000001192092896,3,1,15,0.02154335379600525,0.561500358474723,8,5
ELM_CTRL_WAYPOINT_F64_DDQN_HER_S99,0,5000000,5013504,/work/classic/fr_xl1014-easy-landmark-maze/IntrMotiv/SF_hipposlam/train_dir/analysis/online_spatial/easy_landmark_maze_control_20260923/ELM_CTRL_WAYPOINT_F64_DDQN_HER_S99/policy_00/snapshot_target_000005000000_actual_000005013504.npz,36,0.30000001192092896,1,2,8,0.008571213111281395,0.22339786460918487,1,0
ELM_CTRL_WAYPOINT_F64_DDQN_HER_S99,0,5000000,5013504,/work/classic/fr_xl1014-easy-landmark-maze/IntrMotiv/SF_hipposlam/train_dir/analysis/online_spatial/easy_landmark_maze_control_20260923/ELM_CTRL_WAYPOINT_F64_DDQN_HER_S99/policy_00/snapshot_target_000005000000_actual_000005013504.npz,36,0.30000001192092896,2,3,6,0.008252913132309914,0.21510177691609206,7,0
ELM_CTRL_WAYPOINT_F64_DDQN_HER_S99,0,5000000,5013504,/work/classic/fr_xl1014-easy-landmark-maze/IntrMotiv/SF_hipposlam/train_dir/analysis/online_spatial/easy_landmark_maze_control_20260923/ELM_CTRL_WAYPOINT_F64_DDQN_HER_S99/policy_00/snapshot_target_000005000000_actual_000005013504.npz,37,0.30000001192092896,1,1,15,0.013907939195632935,1.0,0,0
ELM_CTRL_WAYPOINT_F64_DDQN_HER_S99,0,5000000,5013504,/work/classic/fr_xl1014-easy-landmark-maze/IntrMotiv/SF_hipposlam/train_dir/analysis/online_spatial/easy_landmark_maze_control_20260923/ELM_CTRL_WAYPOINT_F64_DDQN_HER_S99/policy_00/snapshot_target_000005000000_actual_000005013504.npz,38,0.30000001192092896,1,1,9,0.766023576259613,0.34068155806027545,0,0
ELM_CTRL_WAYPOINT_F64_DDQN_HER_S99,0,5000000,5013504,/work/classic/fr_xl1014-easy-landmark-maze/IntrMotiv/SF_hipposlam/train_dir/analysis/online_spatial/easy_landmark_maze_control_20260923/ELM_CTRL_WAYPOINT_F64_DDQN_HER_S99/policy_00/snapshot_target_000005000000_actual_000005013504.npz,38,0.30000001192092896,4,2,8,0.6965345144271851,0.30977697158682316,0,8
ELM_CTRL_WAYPOINT_F64_DDQN_HER_S99,0,5000000,5013504,/work/classic/fr_xl1014-easy-landmark-maze/IntrMotiv/SF_hipposlam/train_dir/analysis/online_spatial/easy_landmark_maze_control_20260923/ELM_CTRL_WAYPOINT_F64_DDQN_HER_S99/policy_00/snapshot_target_000005000000_actual_000005013504.npz,38,0.30000001192092896,3,3,7,0.3972776532173157,0.1766853842038082,8,8
ELM_CTRL_WAYPOINT_F64_DDQN_HER_S99,0,5000000,5013504,/work/classic/fr_xl1014-easy-landmark-maze/IntrMotiv/SF_hipposlam/train_dir/analysis/online_spatial/easy_landmark_maze_control_20260923/ELM_CTRL_WAYPOINT_F64_DDQN_HER_S99/policy_00/snapshot_target_000005000000_actual_000005013504.npz,38,0.30000001192092896,2,4,6,0.3886674642562866,0.1728560861490932,8,0
ELM_CTRL_WAYPOINT_F64_DDQN_HER_S99,0,5000000,5013504,/work/classic/fr_xl1014-easy-landmark-maze/IntrMotiv/SF_hipposlam/train_dir/analysis/online_spatial/easy_landmark_maze_control_20260923/ELM_CTRL_WAYPOINT_F64_DDQN_HER_S99/policy_00/snapshot_target_000005000000_actual_000005013504.npz,39,0.30000001192092896,1,1,65,3.92568302154541,1.0,1,1
ELM_CTRL_WAYPOINT_F64_DDQN_HER_S99,0,5000000,5013504,/work/classic/fr_xl1014-easy-landmark-maze/IntrMotiv/SF_hipposlam/train_dir/analysis/online_spatial/easy_landmark_maze_control_20260923/ELM_CTRL_WAYPOINT_F64_DDQN_HER_S99/policy_00/snapshot_target_000005000000_actual_000005013504.npz,40,0.30000001192092896,2,1,29,0.036133214831352234,0.8293138417109837,8,8
ELM_CTRL_WAYPOINT_F64_DDQN_HER_S99,0,5000000,5013504,/work/classic/fr_xl1014-easy-landmark-maze/IntrMotiv/SF_hipposlam/train_dir/analysis/online_spatial/easy_landmark_maze_control_20260923/ELM_CTRL_WAYPOINT_F64_DDQN_HER_S99/policy_00/snapshot_target_000005000000_actual_000005013504.npz,40,0.30000001192092896,1,2,8,0.006500343792140484,0.1491930653794091,0,0
ELM_CTRL_WAYPOINT_F64_DDQN_HER_S99,0,5000000,5013504,/work/classic/fr_xl1014-easy-landmark-maze/IntrMotiv/SF_hipposlam/train_dir/analysis/online_spatial/easy_landmark_maze_control_20260923/ELM_CTRL_WAYPOINT_F64_DDQN_HER_S99/policy_00/snapshot_target_000005000000_actual_000005013504.npz,40,0.30000001192092896,3,3,1,0.0009364543366245925,0.02149309290960723,2,3
ELM_CTRL_WAYPOINT_F64_DDQN_HER_S99,0,5000000,5013504,/work/classic/fr_xl1014-easy-landmark-maze/IntrMotiv/SF_hipposlam/train_dir/analysis/online_spatial/easy_landmark_maze_control_20260923/ELM_CTRL_WAYPOINT_F64_DDQN_HER_S99/policy_00/snapshot_target_000005000000_actual_000005013504.npz,41,0.30000001192092896,3,1,9,0.02490345947444439,0.46576413883888984,8,8
ELM_CTRL_WAYPOINT_F64_DDQN_HER_S99,0,5000000,5013504,/work/classic/fr_xl1014-easy-landmark-maze/IntrMotiv/SF_hipposlam/train_dir/analysis/online_spatial/easy_landmark_maze_control_20260923/ELM_CTRL_WAYPOINT_F64_DDQN_HER_S99/policy_00/snapshot_target_000005000000_actual_000005013504.npz,41,0.30000001192092896,4,2,3,0.012916364707052708,0.24157203905276511,0,8
ELM_CTRL_WAYPOINT_F64_DDQN_HER_S99,0,5000000,5013504,/work/classic/fr_xl1014-easy-landmark-maze/IntrMotiv/SF_hipposlam/train_dir/analysis/online_spatial/easy_landmark_maze_control_20260923/ELM_CTRL_WAYPOINT_F64_DDQN_HER_S99/policy_00/snapshot_target_000005000000_actual_000005013504.npz,41,0.30000001192092896,1,3,3,0.009166061878204346,0.17143091792635662,0,0
ELM_CTRL_WAYPOINT_F64_DDQN_HER_S99,0,5000000,5013504,/work/classic/fr_xl1014-easy-landmark-maze/IntrMotiv/SF_hipposlam/train_dir/analysis/online_spatial/easy_landmark_maze_control_20260923/ELM_CTRL_WAYPOINT_F64_DDQN_HER_S99/policy_00/snapshot_target_000005000000_actual_000005013504.npz,41,0.30000001192092896,2,4,3,0.0064820763655006886,0.12123290418198844,8,2
ELM_CTRL_WAYPOINT_F64_DDQN_HER_S99,0,5000000,5013504,/work/classic/fr_xl1014-easy-landmark-maze/IntrMotiv/SF_hipposlam/train_dir/analysis/online_spatial/easy_landmark_maze_control_20260923/ELM_CTRL_WAYPOINT_F64_DDQN_HER_S99/policy_00/snapshot_target_000005000000_actual_000005013504.npz,42,0.30000001192092896,1,1,6,0.6690736413002014,0.39118607923539056,0,0
ELM_CTRL_WAYPOINT_F64_DDQN_HER_S99,0,5000000,5013504,/work/classic/fr_xl1014-easy-landmark-maze/IntrMotiv/SF_hipposlam/train_dir/analysis/online_spatial/easy_landmark_maze_control_20260923/ELM_CTRL_WAYPOINT_F64_DDQN_HER_S99/policy_00/snapshot_target_000005000000_actual_000005013504.npz,42,0.30000001192092896,3,2,7,0.6116479635238647,0.35761111177275695,0,8
ELM_CTRL_WAYPOINT_F64_DDQN_HER_S99,0,5000000,5013504,/work/classic/fr_xl1014-easy-landmark-maze/IntrMotiv/SF_hipposlam/train_dir/analysis/online_spatial/easy_landmark_maze_control_20260923/ELM_CTRL_WAYPOINT_F64_DDQN_HER_S99/policy_00/snapshot_target_000005000000_actual_000005013504.npz,42,0.30000001192092896,4,3,3,0.3052665591239929,0.1784796485979239,8,8
ELM_CTRL_WAYPOINT_F64_DDQN_HER_S99,0,5000000,5013504,/work/classic/fr_xl1014-easy-landmark-maze/IntrMotiv/SF_hipposlam/train_dir/analysis/online_spatial/easy_landmark_maze_control_20260923/ELM_CTRL_WAYPOINT_F64_DDQN_HER_S99/policy_00/snapshot_target_000005000000_actual_000005013504.npz,42,0.30000001192092896,2,4,2,0.12438364326953888,0.0727231603939286,8,0
ELM_CTRL_WAYPOINT_F64_DDQN_HER_S99,0,5000000,5013504,/work/classic/fr_xl1014-easy-landmark-maze/IntrMotiv/SF_hipposlam/train_dir/analysis/online_spatial/easy_landmark_maze_control_20260923/ELM_CTRL_WAYPOINT_F64_DDQN_HER_S99/policy_00/snapshot_target_000005000000_actual_000005013504.npz,43,0.30000001192092896,2,1,3,0.7197160124778748,0.3937072217462981,8,0
ELM_CTRL_WAYPOINT_F64_DDQN_HER_S99,0,5000000,5013504,/work/classic/fr_xl1014-easy-landmark-maze/IntrMotiv/SF_hipposlam/train_dir/analysis/online_spatial/easy_landmark_maze_control_20260923/ELM_CTRL_WAYPOINT_F64_DDQN_HER_S99/policy_00/snapshot_target_000005000000_actual_000005013504.npz,43,0.30000001192092896,3,2,3,0.589914858341217,0.32270192119912217,8,8
ELM_CTRL_WAYPOINT_F64_DDQN_HER_S99,0,5000000,5013504,/work/classic/fr_xl1014-easy-landmark-maze/IntrMotiv/SF_hipposlam/train_dir/analysis/online_spatial/easy_landmark_maze_control_20260923/ELM_CTRL_WAYPOINT_F64_DDQN_HER_S99/policy_00/snapshot_target_000005000000_actual_000005013504.npz,43,0.30000001192092896,1,3,2,0.3529878556728363,0.1930954231359524,0,0
ELM_CTRL_WAYPOINT_F64_DDQN_HER_S99,0,5000000,5013504,/work/classic/fr_xl1014-easy-landmark-maze/IntrMotiv/SF_hipposlam/train_dir/analysis/online_spatial/easy_landmark_maze_control_20260923/ELM_CTRL_WAYPOINT_F64_DDQN_HER_S99/policy_00/snapshot_target_000005000000_actual_000005013504.npz,43,0.30000001192092896,4,4,1,0.16543006896972656,0.09049543391862738,0,8
ELM_CTRL_WAYPOINT_F64_DDQN_HER_S99,0,5000000,5013504,/work/classic/fr_xl1014-easy-landmark-maze/IntrMotiv/SF_hipposlam/train_dir/analysis/online_spatial/easy_landmark_maze_control_20260923/ELM_CTRL_WAYPOINT_F64_DDQN_HER_S99/policy_00/snapshot_target_000005000000_actual_000005013504.npz,44,0.30000001192092896,1,1,53,0.16032230854034424,1.0,8,5
ELM_CTRL_WAYPOINT_F64_DDQN_HER_S99,0,5000000,5013504,/work/classic/fr_xl1014-easy-landmark-maze/IntrMotiv/SF_hipposlam/train_dir/analysis/online_spatial/easy_landmark_maze_control_20260923/ELM_CTRL_WAYPOINT_F64_DDQN_HER_S99/policy_00/snapshot_target_000005000000_actual_000005013504.npz,45,0.30000001192092896,1,1,9,0.012019392102956772,0.872342211364839,6,4
ELM_CTRL_WAYPOINT_F64_DDQN_HER_S99,0,5000000,5013504,/work/classic/fr_xl1014-easy-landmark-maze/IntrMotiv/SF_hipposlam/train_dir/analysis/online_spatial/easy_landmark_maze_control_20260923/ELM_CTRL_WAYPOINT_F64_DDQN_HER_S99/policy_00/snapshot_target_000005000000_actual_000005013504.npz,45,0.30000001192092896,2,2,2,0.0017589072231203318,0.12765778863516097,2,6
ELM_CTRL_WAYPOINT_F64_DDQN_HER_S99,0,5000000,5013504,/work/classic/fr_xl1014-easy-landmark-maze/IntrMotiv/SF_hipposlam/train_dir/analysis/online_spatial/easy_landmark_maze_control_20260923/ELM_CTRL_WAYPOINT_F64_DDQN_HER_S99/policy_00/snapshot_target_000005000000_actual_000005013504.npz,46,0.30000001192092896,1,1,50,0.10357354581356049,1.0,8,5
ELM_CTRL_WAYPOINT_F64_DDQN_HER_S99,0,5000000,5013504,/work/classic/fr_xl1014-easy-landmark-maze/IntrMotiv/SF_hipposlam/train_dir/analysis/online_spatial/easy_landmark_maze_control_20260923/ELM_CTRL_WAYPOINT_F64_DDQN_HER_S99/policy_00/snapshot_target_000005000000_actual_000005013504.npz,47,0.30000001192092896,1,1,53,0.14841477572917938,1.0,8,6
ELM_CTRL_WAYPOINT_F64_DDQN_HER_S99,0,5000000,5013504,/work/classic/fr_xl1014-easy-landmark-maze/IntrMotiv/SF_hipposlam/train_dir/analysis/online_spatial/easy_landmark_maze_control_20260923/ELM_CTRL_WAYPOINT_F64_DDQN_HER_S99/policy_00/snapshot_target_000005000000_actual_000005013504.npz,48,0.30000001192092896,1,1,6,0.010977184399962425,1.0,8,4
ELM_CTRL_WAYPOINT_F64_DDQN_HER_S99,0,5000000,5013504,/work/classic/fr_xl1014-easy-landmark-maze/IntrMotiv/SF_hipposlam/train_dir/analysis/online_spatial/easy_landmark_maze_control_20260923/ELM_CTRL_WAYPOINT_F64_DDQN_HER_S99/policy_00/snapshot_target_000005000000_actual_000005013504.npz,49,0.30000001192092896,1,1,48,3.7831850051879883,1.0,7,0
ELM_CTRL_WAYPOINT_F64_DDQN_HER_S99,0,5000000,5013504,/work/classic/fr_xl1014-easy-landmark-maze/IntrMotiv/SF_hipposlam/train_dir/analysis/online_spatial/easy_landmark_maze_control_20260923/ELM_CTRL_WAYPOINT_F64_DDQN_HER_S99/policy_00/snapshot_target_000005000000_actual_000005013504.npz,50,0.30000001192092896,2,1,5,0.006500639487057924,0.7951444642163925,0,3
ELM_CTRL_WAYPOINT_F64_DDQN_HER_S99,0,5000000,5013504,/work/classic/fr_xl1014-easy-landmark-maze/IntrMotiv/SF_hipposlam/train_dir/analysis/online_spatial/easy_landmark_maze_control_20260923/ELM_CTRL_WAYPOINT_F64_DDQN_HER_S99/policy_00/snapshot_target_000005000000_actual_000005013504.npz,50,0.30000001192092896,1,2,2,0.001674779923632741,0.20485553578360752,3,0
ELM_CTRL_WAYPOINT_F64_DDQN_HER_S99,0,5000000,5013504,/work/classic/fr_xl1014-easy-landmark-maze/IntrMotiv/SF_hipposlam/train_dir/analysis/online_spatial/easy_landmark_maze_control_20260923/ELM_CTRL_WAYPOINT_F64_DDQN_HER_S99/policy_00/snapshot_target_000005000000_actual_000005013504.npz,51,0.30000001192092896,1,1,45,0.15915608406066895,1.0,8,5
ELM_CTRL_WAYPOINT_F64_DDQN_HER_S99,0,5000000,5013504,/work/classic/fr_xl1014-easy-landmark-maze/IntrMotiv/SF_hipposlam/train_dir/analysis/online_spatial/easy_landmark_maze_control_20260923/ELM_CTRL_WAYPOINT_F64_DDQN_HER_S99/policy_00/snapshot_target_000005000000_actual_000005013504.npz,52,0.30000001192092896,2,1,9,0.002376051852479577,0.9105997305025655,0,6
ELM_CTRL_WAYPOINT_F64_DDQN_HER_S99,0,5000000,5013504,/work/classic/fr_xl1014-easy-landmark-maze/IntrMotiv/SF_hipposlam/train_dir/analysis/online_spatial/easy_landmark_maze_control_20260923/ELM_CTRL_WAYPOINT_F64_DDQN_HER_S99/policy_00/snapshot_target_000005000000_actual_000005013504.npz,52,0.30000001192092896,1,2,1,0.00023327447706833482,0.08940026949743446,0,0
ELM_CTRL_WAYPOINT_F64_DDQN_HER_S99,0,5000000,5013504,/work/classic/fr_xl1014-easy-landmark-maze/IntrMotiv/SF_hipposlam/train_dir/analysis/online_spatial/easy_landmark_maze_control_20260923/ELM_CTRL_WAYPOINT_F64_DDQN_HER_S99/policy_00/snapshot_target_000005000000_actual_000005013504.npz,53,0.30000001192092896,3,1,9,0.01538348663598299,0.6553308597719453,0,7
ELM_CTRL_WAYPOINT_F64_DDQN_HER_S99,0,5000000,5013504,/work/classic/fr_xl1014-easy-landmark-maze/IntrMotiv/SF_hipposlam/train_dir/analysis/online_spatial/easy_landmark_maze_control_20260923/ELM_CTRL_WAYPOINT_F64_DDQN_HER_S99/policy_00/snapshot_target_000005000000_actual_000005013504.npz,53,0.30000001192092896,2,2,3,0.004081071354448795,0.17385213526599794,0,3
ELM_CTRL_WAYPOINT_F64_DDQN_HER_S99,0,5000000,5013504,/work/classic/fr_xl1014-easy-landmark-maze/IntrMotiv/SF_hipposlam/train_dir/analysis/online_spatial/easy_landmark_maze_control_20260923/ELM_CTRL_WAYPOINT_F64_DDQN_HER_S99/policy_00/snapshot_target_000005000000_actual_000005013504.npz,53,0.30000001192092896,4,3,2,0.0020196684636175632,0.0860371320257729,8,7
ELM_CTRL_WAYPOINT_F64_DDQN_HER_S99,0,5000000,5013504,/work/classic/fr_xl1014-easy-landmark-maze/IntrMotiv/SF_hipposlam/train_dir/analysis/online_spatial/easy_landmark_maze_control_20260923/ELM_CTRL_WAYPOINT_F64_DDQN_HER_S99/policy_00/snapshot_target_000005000000_actual_000005013504.npz,53,0.30000001192092896,1,4,2,0.0019901550840586424,0.08477987293628382,5,0
ELM_CTRL_WAYPOINT_F64_DDQN_HER_S99,0,5000000,5013504,/work/classic/fr_xl1014-easy-landmark-maze/IntrMotiv/SF_hipposlam/train_dir/analysis/online_spatial/easy_landmark_maze_control_20260923/ELM_CTRL_WAYPOINT_F64_DDQN_HER_S99/policy_00/snapshot_target_000005000000_actual_000005013504.npz,54,0.30000001192092896,2,1,26,1.9595375061035156,0.9797822415280102,5,4
ELM_CTRL_WAYPOINT_F64_DDQN_HER_S99,0,5000000,5013504,/work/classic/fr_xl1014-easy-landmark-maze/IntrMotiv/SF_hipposlam/train_dir/analysis/online_spatial/easy_landmark_maze_control_20260923/ELM_CTRL_WAYPOINT_F64_DDQN_HER_S99/policy_00/snapshot_target_000005000000_actual_000005013504.npz,54,0.30000001192092896,1,2,1,0.04043496027588844,0.020217758471989755,5,0
ELM_CTRL_WAYPOINT_F64_DDQN_HER_S99,0,5000000,5013504,/work/classic/fr_xl1014-easy-landmark-maze/IntrMotiv/SF_hipposlam/train_dir/analysis/online_spatial/easy_landmark_maze_control_20260923/ELM_CTRL_WAYPOINT_F64_DDQN_HER_S99/policy_00/snapshot_target_000005000000_actual_000005013504.npz,55,0.30000001192092896,2,1,4,0.009899425320327282,0.7743768562050728,8,0
ELM_CTRL_WAYPOINT_F64_DDQN_HER_S99,0,5000000,5013504,/work/classic/fr_xl1014-easy-landmark-maze/IntrMotiv/SF_hipposlam/train_dir/analysis/online_spatial/easy_landmark_maze_control_20260923/ELM_CTRL_WAYPOINT_F64_DDQN_HER_S99/policy_00/snapshot_target_000005000000_actual_000005013504.npz,55,0.30000001192092896,1,2,2,0.0028843055479228497,0.22562314379492726,3,0
ELM_CTRL_WAYPOINT_F64_DDQN_HER_S99,0,5000000,5013504,/work/classic/fr_xl1014-easy-landmark-maze/IntrMotiv/SF_hipposlam/train_dir/analysis/online_spatial/easy_landmark_maze_control_20260923/ELM_CTRL_WAYPOINT_F64_DDQN_HER_S99/policy_00/snapshot_target_000005000000_actual_000005013504.npz,56,0.30000001192092896,1,1,36,2.019929885864258,1.0,6,4
ELM_CTRL_WAYPOINT_F64_DDQN_HER_S99,0,5000000,5013504,/work/classic/fr_xl1014-easy-landmark-maze/IntrMotiv/SF_hipposlam/train_dir/analysis/online_spatial/easy_landmark_maze_control_20260923/ELM_CTRL_WAYPOINT_F64_DDQN_HER_S99/policy_00/snapshot_target_000005000000_actual_000005013504.npz,57,0.30000001192092896,1,1,19,0.007917024195194244,1.0,2,5
ELM_CTRL_WAYPOINT_F64_DDQN_HER_S99,0,5000000,5013504,/work/classic/fr_xl1014-easy-landmark-maze/IntrMotiv/SF_hipposlam/train_dir/analysis/online_spatial/easy_landmark_maze_control_20260923/ELM_CTRL_WAYPOINT_F64_DDQN_HER_S99/policy_00/snapshot_target_000005000000_actual_000005013504.npz,58,0.30000001192092896,3,1,10,0.030322842299938202,0.49911742652002783,8,8
ELM_CTRL_WAYPOINT_F64_DDQN_HER_S99,0,5000000,5013504,/work/classic/fr_xl1014-easy-landmark-maze/IntrMotiv/SF_hipposlam/train_dir/analysis/online_spatial/easy_landmark_maze_control_20260923/ELM_CTRL_WAYPOINT_F64_DDQN_HER_S99/policy_00/snapshot_target_000005000000_actual_000005013504.npz,58,0.30000001192092896,4,2,7,0.01871001347899437,0.3079689458336079,0,8
ELM_CTRL_WAYPOINT_F64_DDQN_HER_S99,0,5000000,5013504,/work/classic/fr_xl1014-easy-landmark-maze/IntrMotiv/SF_hipposlam/train_dir/analysis/online_spatial/easy_landmark_maze_control_20260923/ELM_CTRL_WAYPOINT_F64_DDQN_HER_S99/policy_00/snapshot_target_000005000000_actual_000005013504.npz,58,0.30000001192092896,1,3,3,0.008294891566038132,0.13653485681690444,0,0
ELM_CTRL_WAYPOINT_F64_DDQN_HER_S99,0,5000000,5013504,/work/classic/fr_xl1014-easy-landmark-maze/IntrMotiv/SF_hipposlam/train_dir/analysis/online_spatial/easy_landmark_maze_control_20260923/ELM_CTRL_WAYPOINT_F64_DDQN_HER_S99/policy_00/snapshot_target_000005000000_actual_000005013504.npz,58,0.30000001192092896,2,4,2,0.003425175091251731,0.056378770829459794,8,1
ELM_CTRL_WAYPOINT_F64_DDQN_HER_S99,0,5000000,5013504,/work/classic/fr_xl1014-easy-landmark-maze/IntrMotiv/SF_hipposlam/train_dir/analysis/online_spatial/easy_landmark_maze_control_20260923/ELM_CTRL_WAYPOINT_F64_DDQN_HER_S99/policy_00/snapshot_target_000005000000_actual_000005013504.npz,59,0.30000001192092896,1,1,38,0.054867181926965714,1.0,8,5
ELM_CTRL_WAYPOINT_F64_DDQN_HER_S99,0,5000000,5013504,/work/classic/fr_xl1014-easy-landmark-maze/IntrMotiv/SF_hipposlam/train_dir/analysis/online_spatial/easy_landmark_maze_control_20260923/ELM_CTRL_WAYPOINT_F64_DDQN_HER_S99/policy_00/snapshot_target_000005000000_actual_000005013504.npz,60,0.30000001192092896,1,1,21,0.015827499330043793,1.0,6,6
ELM_CTRL_WAYPOINT_F64_DDQN_HER_S99,0,5000000,5013504,/work/classic/fr_xl1014-easy-landmark-maze/IntrMotiv/SF_hipposlam/train_dir/analysis/online_spatial/easy_landmark_maze_control_20260923/ELM_CTRL_WAYPOINT_F64_DDQN_HER_S99/policy_00/snapshot_target_000005000000_actual_000005013504.npz,61,0.30000001192092896,1,1,42,2.95865797996521,0.9706930946515372,8,6
ELM_CTRL_WAYPOINT_F64_DDQN_HER_S99,0,5000000,5013504,/work/classic/fr_xl1014-easy-landmark-maze/IntrMotiv/SF_hipposlam/train_dir/analysis/online_spatial/easy_landmark_maze_control_20260923/ELM_CTRL_WAYPOINT_F64_DDQN_HER_S99/policy_00/snapshot_target_000005000000_actual_000005013504.npz,61,0.30000001192092896,2,2,2,0.08932700753211975,0.02930690534846278,0,4
ELM_CTRL_WAYPOINT_F64_DDQN_HER_S99,0,5000000,5013504,/work/classic/fr_xl1014-easy-landmark-maze/IntrMotiv/SF_hipposlam/train_dir/analysis/online_spatial/easy_landmark_maze_control_20260923/ELM_CTRL_WAYPOINT_F64_DDQN_HER_S99/policy_00/snapshot_target_000005000000_actual_000005013504.npz,62,0.30000001192092896,3,1,11,0.011767467483878136,0.6113889625255151,0,8
ELM_CTRL_WAYPOINT_F64_DDQN_HER_S99,0,5000000,5013504,/work/classic/fr_xl1014-easy-landmark-maze/IntrMotiv/SF_hipposlam/train_dir/analysis/online_spatial/easy_landmark_maze_control_20260923/ELM_CTRL_WAYPOINT_F64_DDQN_HER_S99/policy_00/snapshot_target_000005000000_actual_000005013504.npz,62,0.30000001192092896,2,2,6,0.005789376329630613,0.30079206020258514,7,0
ELM_CTRL_WAYPOINT_F64_DDQN_HER_S99,0,5000000,5013504,/work/classic/fr_xl1014-easy-landmark-maze/IntrMotiv/SF_hipposlam/train_dir/analysis/online_spatial/easy_landmark_maze_control_20260923/ELM_CTRL_WAYPOINT_F64_DDQN_HER_S99/policy_00/snapshot_target_000005000000_actual_000005013504.npz,62,0.30000001192092896,1,3,2,0.0016902610659599304,0.08781897727189973,0,0
ELM_CTRL_WAYPOINT_F64_DDQN_HER_S99,0,5000000,5013504,/work/classic/fr_xl1014-easy-landmark-maze/IntrMotiv/SF_hipposlam/train_dir/analysis/online_spatial/easy_landmark_maze_control_20260923/ELM_CTRL_WAYPOINT_F64_DDQN_HER_S99/policy_00/snapshot_target_000005000000_actual_000005013504.npz,63,0.30000001192092896,2,1,6,0.3346779942512512,0.5351400243344887,1,8
ELM_CTRL_WAYPOINT_F64_DDQN_HER_S99,0,5000000,5013504,/work/classic/fr_xl1014-easy-landmark-maze/IntrMotiv/SF_hipposlam/train_dir/analysis/online_spatial/easy_landmark_maze_control_20260923/ELM_CTRL_WAYPOINT_F64_DDQN_HER_S99/policy_00/snapshot_target_000005000000_actual_000005013504.npz,63,0.30000001192092896,1,2,5,0.29072466492652893,0.4648599756655113,8,8
ELM_CTRL_WAYPOINT_F64_DDQN_HER_S99,0,5000000,5013504,/work/classic/fr_xl1014-easy-landmark-maze/IntrMotiv/SF_hipposlam/train_dir/analysis/online_spatial/easy_landmark_maze_control_20260923/ELM_CTRL_WAYPOINT_F64_DDQN_HER_S99/policy_00/snapshot_target_000005000000_actual_000005013504.npz,0,0.5,1,1,19,3.7594611644744873,1.0,8,4
ELM_CTRL_WAYPOINT_F64_DDQN_HER_S99,0,5000000,5013504,/work/classic/fr_xl1014-easy-landmark-maze/IntrMotiv/SF_hipposlam/train_dir/analysis/online_spatial/easy_landmark_maze_control_20260923/ELM_CTRL_WAYPOINT_F64_DDQN_HER_S99/policy_00/snapshot_target_000005000000_actual_000005013504.npz,1,0.5,3,1,17,1.513351321220398,0.8131186452342803,2,7
ELM_CTRL_WAYPOINT_F64_DDQN_HER_S99,0,5000000,5013504,/work/classic/fr_xl1014-easy-landmark-maze/IntrMotiv/SF_hipposlam/train_dir/analysis/online_spatial/easy_landmark_maze_control_20260923/ELM_CTRL_WAYPOINT_F64_DDQN_HER_S99/policy_00/snapshot_target_000005000000_actual_000005013504.npz,1,0.5,2,2,3,0.2076244354248047,0.11155592048117874,7,1
ELM_CTRL_WAYPOINT_F64_DDQN_HER_S99,0,5000000,5013504,/work/classic/fr_xl1014-easy-landmark-maze/IntrMotiv/SF_hipposlam/train_dir/analysis/online_spatial/easy_landmark_maze_control_20260923/ELM_CTRL_WAYPOINT_F64_DDQN_HER_S99/policy_00/snapshot_target_000005000000_actual_000005013504.npz,1,0.5,1,3,2,0.140193372964859,0.07532543428454097,4,0
ELM_CTRL_WAYPOINT_F64_DDQN_HER_S99,0,5000000,5013504,/work/classic/fr_xl1014-easy-landmark-maze/IntrMotiv/SF_hipposlam/train_dir/analysis/online_spatial/easy_landmark_maze_control_20260923/ELM_CTRL_WAYPOINT_F64_DDQN_HER_S99/policy_00/snapshot_target_000005000000_actual_000005013504.npz,2,0.5,2,1,23,1.949675440788269,0.5446610155126386,2,8
ELM_CTRL_WAYPOINT_F64_DDQN_HER_S99,0,5000000,5013504,/work/classic/fr_xl1014-easy-landmark-maze/IntrMotiv/SF_hipposlam/train_dir/analysis/online_spatial/easy_landmark_maze_control_20260923/ELM_CTRL_WAYPOINT_F64_DDQN_HER_S99/policy_00/snapshot_target_000005000000_actual_000005013504.npz,2,0.5,1,2,21,1.6299371719360352,0.4553389844873614,4,0
ELM_CTRL_WAYPOINT_F64_DDQN_HER_S99,0,5000000,5013504,/work/classic/fr_xl1014-easy-landmark-maze/IntrMotiv/SF_hipposlam/train_dir/analysis/online_spatial/easy_landmark_maze_control_20260923/ELM_CTRL_WAYPOINT_F64_DDQN_HER_S99/policy_00/snapshot_target_000005000000_actual_000005013504.npz,3,0.5,3,1,6,0.009473947808146477,0.4716889325349642,8,7
ELM_CTRL_WAYPOINT_F64_DDQN_HER_S99,0,5000000,5013504,/work/classic/fr_xl1014-easy-landmark-maze/IntrMotiv/SF_hipposlam/train_dir/analysis/online_spatial/easy_landmark_maze_control_20260923/ELM_CTRL_WAYPOINT_F64_DDQN_HER_S99/policy_00/snapshot_target_000005000000_actual_000005013504.npz,3,0.5,4,2,4,0.006118725053966045,0.30463909529863037,0,8
ELM_CTRL_WAYPOINT_F64_DDQN_HER_S99,0,5000000,5013504,/work/classic/fr_xl1014-easy-landmark-maze/IntrMotiv/SF_hipposlam/train_dir/analysis/online_spatial/easy_landmark_maze_control_20260923/ELM_CTRL_WAYPOINT_F64_DDQN_HER_S99/policy_00/snapshot_target_000005000000_actual_000005013504.npz,3,0.5,1,3,2,0.00225290609523654,0.11216769320281313,0,0
ELM_CTRL_WAYPOINT_F64_DDQN_HER_S99,0,5000000,5013504,/work/classic/fr_xl1014-easy-landmark-maze/IntrMotiv/SF_hipposlam/train_dir/analysis/online_spatial/easy_landmark_maze_control_20260923/ELM_CTRL_WAYPOINT_F64_DDQN_HER_S99/policy_00/snapshot_target_000005000000_actual_000005013504.npz,3,0.5,2,4,1,0.0011707234662026167,0.05828798229096257,2,3
ELM_CTRL_WAYPOINT_F64_DDQN_HER_S99,0,5000000,5013504,/work/classic/fr_xl1014-easy-landmark-maze/IntrMotiv/SF_hipposlam/train_dir/analysis/online_spatial/easy_landmark_maze_control_20260923/ELM_CTRL_WAYPOINT_F64_DDQN_HER_S99/policy_00/snapshot_target_000005000000_actual_000005013504.npz,3,0.5,5,5,1,0.001068857847712934,0.05321629667262974,5,8
ELM_CTRL_WAYPOINT_F64_DDQN_HER_S99,0,5000000,5013504,/work/classic/fr_xl1014-easy-landmark-maze/IntrMotiv/SF_hipposlam/train_dir/analysis/online_spatial/easy_landmark_maze_control_20260923/ELM_CTRL_WAYPOINT_F64_DDQN_HER_S99/policy_00/snapshot_target_000005000000_actual_000005013504.npz,4,0.5,2,1,5,0.01472746953368187,0.5448649147790409,0,8
ELM_CTRL_WAYPOINT_F64_DDQN_HER_S99,0,5000000,5013504,/work/classic/fr_xl1014-easy-landmark-maze/IntrMotiv/SF_hipposlam/train_dir/analysis/online_spatial/easy_landmark_maze_control_20260923/ELM_CTRL_WAYPOINT_F64_DDQN_HER_S99/policy_00/snapshot_target_000005000000_actual_000005013504.npz,4,0.5,1,2,4,0.012302109971642494,0.45513508522095913,8,8
ELM_CTRL_WAYPOINT_F64_DDQN_HER_S99,0,5000000,5013504,/work/classic/fr_xl1014-easy-landmark-maze/IntrMotiv/SF_hipposlam/train_dir/analysis/online_spatial/easy_landmark_maze_control_20260923/ELM_CTRL_WAYPOINT_F64_DDQN_HER_S99/policy_00/snapshot_target_000005000000_actual_000005013504.npz,5,0.5,2,1,16,1.3247995376586914,0.6178395188498688,8,8
ELM_CTRL_WAYPOINT_F64_DDQN_HER_S99,0,5000000,5013504,/work/classic/fr_xl1014-easy-landmark-maze/IntrMotiv/SF_hipposlam/train_dir/analysis/online_spatial/easy_landmark_maze_control_20260923/ELM_CTRL_WAYPOINT_F64_DDQN_HER_S99/policy_00/snapshot_target_000005000000_actual_000005013504.npz,5,0.5,1,2,11,0.8194458484649658,0.38216048115013124,8,1
ELM_CTRL_WAYPOINT_F64_DDQN_HER_S99,0,5000000,5013504,/work/classic/fr_xl1014-easy-landmark-maze/IntrMotiv/SF_hipposlam/train_dir/analysis/online_spatial/easy_landmark_maze_control_20260923/ELM_CTRL_WAYPOINT_F64_DDQN_HER_S99/policy_00/snapshot_target_000005000000_actual_000005013504.npz,6,0.5,4,1,4,0.0031137249898165464,0.5636313891780872,6,6
ELM_CTRL_WAYPOINT_F64_DDQN_HER_S99,0,5000000,5013504,/work/classic/fr_xl1014-easy-landmark-maze/IntrMotiv/SF_hipposlam/train_dir/analysis/online_spatial/easy_landmark_maze_control_20260923/ELM_CTRL_WAYPOINT_F64_DDQN_HER_S99/policy_00/snapshot_target_000005000000_actual_000005013504.npz,6,0.5,1,2,2,0.0013712042709812522,0.24820874374831162,3,0
ELM_CTRL_WAYPOINT_F64_DDQN_HER_S99,0,5000000,5013504,/work/classic/fr_xl1014-easy-landmark-maze/IntrMotiv/SF_hipposlam/train_dir/analysis/online_spatial/easy_landmark_maze_control_20260923/ELM_CTRL_WAYPOINT_F64_DDQN_HER_S99/policy_00/snapshot_target_000005000000_actual_000005013504.npz,6,0.5,2,3,1,0.0005704367067664862,0.10325768477450242,8,3
ELM_CTRL_WAYPOINT_F64_DDQN_HER_S99,0,5000000,5013504,/work/classic/fr_xl1014-easy-landmark-maze/IntrMotiv/SF_hipposlam/train_dir/analysis/online_spatial/easy_landmark_maze_control_20260923/ELM_CTRL_WAYPOINT_F64_DDQN_HER_S99/policy_00/snapshot_target_000005000000_actual_000005013504.npz,6,0.5,3,4,1,0.00046903357724659145,0.0849021822990988,3,4
ELM_CTRL_WAYPOINT_F64_DDQN_HER_S99,0,5000000,5013504,/work/classic/fr_xl1014-easy-landmark-maze/IntrMotiv/SF_hipposlam/train_dir/analysis/online_spatial/easy_landmark_maze_control_20260923/ELM_CTRL_WAYPOINT_F64_DDQN_HER_S99/policy_00/snapshot_target_000005000000_actual_000005013504.npz,7,0.5,3,1,6,0.01479220762848854,0.7072553943309035,8,8
ELM_CTRL_WAYPOINT_F64_DDQN_HER_S99,0,5000000,5013504,/work/classic/fr_xl1014-easy-landmark-maze/IntrMotiv/SF_hipposlam/train_dir/analysis/online_spatial/easy_landmark_maze_control_20260923/ELM_CTRL_WAYPOINT_F64_DDQN_HER_S99/policy_00/snapshot_target_000005000000_actual_000005013504.npz,7,0.5,2,2,1,0.0021777807269245386,0.10412557783605406,8,0
ELM_CTRL_WAYPOINT_F64_DDQN_HER_S99,0,5000000,5013504,/work/classic/fr_xl1014-easy-landmark-maze/IntrMotiv/SF_hipposlam/train_dir/analysis/online_spatial/easy_landmark_maze_control_20260923/ELM_CTRL_WAYPOINT_F64_DDQN_HER_S99/policy_00/snapshot_target_000005000000_actual_000005013504.npz,7,0.5,4,3,1,0.002087750006467104,0.09982096595537804,0,8
ELM_CTRL_WAYPOINT_F64_DDQN_HER_S99,0,5000000,5013504,/work/classic/fr_xl1014-easy-landmark-maze/IntrMotiv/SF_hipposlam/train_dir/analysis/online_spatial/easy_landmark_maze_control_20260923/ELM_CTRL_WAYPOINT_F64_DDQN_HER_S99/policy_00/snapshot_target_000005000000_actual_000005013504.npz,7,0.5,1,4,1,0.0018572065746411681,0.08879806187766447,0,0
ELM_CTRL_WAYPOINT_F64_DDQN_HER_S99,0,5000000,5013504,/work/classic/fr_xl1014-easy-landmark-maze/IntrMotiv/SF_hipposlam/train_dir/analysis/online_spatial/easy_landmark_maze_control_20260923/ELM_CTRL_WAYPOINT_F64_DDQN_HER_S99/policy_00/snapshot_target_000005000000_actual_000005013504.npz,8,0.5,2,1,3,0.0015214965678751469,0.6248816010545988,8,8
ELM_CTRL_WAYPOINT_F64_DDQN_HER_S99,0,5000000,5013504,/work/classic/fr_xl1014-easy-landmark-maze/IntrMotiv/SF_hipposlam/train_dir/analysis/online_spatial/easy_landmark_maze_control_20260923/ELM_CTRL_WAYPOINT_F64_DDQN_HER_S99/policy_00/snapshot_target_000005000000_actual_000005013504.npz,8,0.5,3,2,1,0.000569850264582783,0.23403861251634228,0,8
ELM_CTRL_WAYPOINT_F64_DDQN_HER_S99,0,5000000,5013504,/work/classic/fr_xl1014-easy-landmark-maze/IntrMotiv/SF_hipposlam/train_dir/analysis/online_spatial/easy_landmark_maze_control_20260923/ELM_CTRL_WAYPOINT_F64_DDQN_HER_S99/policy_00/snapshot_target_000005000000_actual_000005013504.npz,8,0.5,1,3,1,0.0003435089311096817,0.14107978642905888,0,0
ELM_CTRL_WAYPOINT_F64_DDQN_HER_S99,0,5000000,5013504,/work/classic/fr_xl1014-easy-landmark-maze/IntrMotiv/SF_hipposlam/train_dir/analysis/online_spatial/easy_landmark_maze_control_20260923/ELM_CTRL_WAYPOINT_F64_DDQN_HER_S99/policy_00/snapshot_target_000005000000_actual_000005013504.npz,9,0.5,2,1,20,2.4990930557250977,0.9629072544528038,8,4
ELM_CTRL_WAYPOINT_F64_DDQN_HER_S99,0,5000000,5013504,/work/classic/fr_xl1014-easy-landmark-maze/IntrMotiv/SF_hipposlam/train_dir/analysis/online_spatial/easy_landmark_maze_control_20260923/ELM_CTRL_WAYPOINT_F64_DDQN_HER_S99/policy_00/snapshot_target_000005000000_actual_000005013504.npz,9,0.5,1,2,1,0.09626910835504532,0.037092745547196236,3,0
ELM_CTRL_WAYPOINT_F64_DDQN_HER_S99,0,5000000,5013504,/work/classic/fr_xl1014-easy-landmark-maze/IntrMotiv/SF_hipposlam/train_dir/analysis/online_spatial/easy_landmark_maze_control_20260923/ELM_CTRL_WAYPOINT_F64_DDQN_HER_S99/policy_00/snapshot_target_000005000000_actual_000005013504.npz,10,0.5,1,1,21,2.1985294818878174,1.0,3,2
ELM_CTRL_WAYPOINT_F64_DDQN_HER_S99,0,5000000,5013504,/work/classic/fr_xl1014-easy-landmark-maze/IntrMotiv/SF_hipposlam/train_dir/analysis/online_spatial/easy_landmark_maze_control_20260923/ELM_CTRL_WAYPOINT_F64_DDQN_HER_S99/policy_00/snapshot_target_000005000000_actual_000005013504.npz,11,0.5,1,1,22,1.3773739337921143,0.9610122065829617,8,3
ELM_CTRL_WAYPOINT_F64_DDQN_HER_S99,0,5000000,5013504,/work/classic/fr_xl1014-easy-landmark-maze/IntrMotiv/SF_hipposlam/train_dir/analysis/online_spatial/easy_landmark_maze_control_20260923/ELM_CTRL_WAYPOINT_F64_DDQN_HER_S99/policy_00/snapshot_target_000005000000_actual_000005013504.npz,11,0.5,2,2,1,0.0558793842792511,0.03898779341703831,3,4
ELM_CTRL_WAYPOINT_F64_DDQN_HER_S99,0,5000000,5013504,/work/classic/fr_xl1014-easy-landmark-maze/IntrMotiv/SF_hipposlam/train_dir/analysis/online_spatial/easy_landmark_maze_control_20260923/ELM_CTRL_WAYPOINT_F64_DDQN_HER_S99/policy_00/snapshot_target_000005000000_actual_000005013504.npz,12,0.5,2,1,4,0.0014646905474364758,0.49906023072360356,5,2
ELM_CTRL_WAYPOINT_F64_DDQN_HER_S99,0,5000000,5013504,/work/classic/fr_xl1014-easy-landmark-maze/IntrMotiv/SF_hipposlam/train_dir/analysis/online_spatial/easy_landmark_maze_control_20260923/ELM_CTRL_WAYPOINT_F64_DDQN_HER_S99/policy_00/snapshot_target_000005000000_actual_000005013504.npz,12,0.5,3,2,3,0.0011703394120559096,0.398766727912457,8,5
ELM_CTRL_WAYPOINT_F64_DDQN_HER_S99,0,5000000,5013504,/work/classic/fr_xl1014-easy-landmark-maze/IntrMotiv/SF_hipposlam/train_dir/analysis/online_spatial/easy_landmark_maze_control_20260923/ELM_CTRL_WAYPOINT_F64_DDQN_HER_S99/policy_00/snapshot_target_000005000000_actual_000005013504.npz,12,0.5,1,3,1,0.00029986738809384406,0.10217304136393947,2,1
ELM_CTRL_WAYPOINT_F64_DDQN_HER_S99,0,5000000,5013504,/work/classic/fr_xl1014-easy-landmark-maze/IntrMotiv/SF_hipposlam/train_dir/analysis/online_spatial/easy_landmark_maze_control_20260923/ELM_CTRL_WAYPOINT_F64_DDQN_HER_S99/policy_00/snapshot_target_000005000000_actual_000005013504.npz,13,0.5,2,1,12,0.017675597220659256,0.8409024326602673,8,5
ELM_CTRL_WAYPOINT_F64_DDQN_HER_S99,0,5000000,5013504,/work/classic/fr_xl1014-easy-landmark-maze/IntrMotiv/SF_hipposlam/train_dir/analysis/online_spatial/easy_landmark_maze_control_20260923/ELM_CTRL_WAYPOINT_F64_DDQN_HER_S99/policy_00/snapshot_target_000005000000_actual_000005013504.npz,13,0.5,1,2,2,0.002220337511971593,0.10563078530447076,0,0
ELM_CTRL_WAYPOINT_F64_DDQN_HER_S99,0,5000000,5013504,/work/classic/fr_xl1014-easy-landmark-maze/IntrMotiv/SF_hipposlam/train_dir/analysis/online_spatial/easy_landmark_maze_control_20260923/ELM_CTRL_WAYPOINT_F64_DDQN_HER_S99/policy_00/snapshot_target_000005000000_actual_000005013504.npz,13,0.5,3,3,1,0.0011238608276471496,0.0534667820352619,0,8
ELM_CTRL_WAYPOINT_F64_DDQN_HER_S99,0,5000000,5013504,/work/classic/fr_xl1014-easy-landmark-maze/IntrMotiv/SF_hipposlam/train_dir/analysis/online_spatial/easy_landmark_maze_control_20260923/ELM_CTRL_WAYPOINT_F64_DDQN_HER_S99/policy_00/snapshot_target_000005000000_actual_000005013504.npz,14,0.5,4,1,15,0.050508178770542145,0.7174675671176513,8,5
ELM_CTRL_WAYPOINT_F64_DDQN_HER_S99,0,5000000,5013504,/work/classic/fr_xl1014-easy-landmark-maze/IntrMotiv/SF_hipposlam/train_dir/analysis/online_spatial/easy_landmark_maze_control_20260923/ELM_CTRL_WAYPOINT_F64_DDQN_HER_S99/policy_00/snapshot_target_000005000000_actual_000005013504.npz,14,0.5,1,2,4,0.01196061260998249,0.16990023872184706,0,0
ELM_CTRL_WAYPOINT_F64_DDQN_HER_S99,0,5000000,5013504,/work/classic/fr_xl1014-easy-landmark-maze/IntrMotiv/SF_hipposlam/train_dir/analysis/online_spatial/easy_landmark_maze_control_20260923/ELM_CTRL_WAYPOINT_F64_DDQN_HER_S99/policy_00/snapshot_target_000005000000_actual_000005013504.npz,14,0.5,2,3,2,0.005274364259094,0.07492222814558329,8,2
ELM_CTRL_WAYPOINT_F64_DDQN_HER_S99,0,5000000,5013504,/work/classic/fr_xl1014-easy-landmark-maze/IntrMotiv/SF_hipposlam/train_dir/analysis/online_spatial/easy_landmark_maze_control_20260923/ELM_CTRL_WAYPOINT_F64_DDQN_HER_S99/policy_00/snapshot_target_000005000000_actual_000005013504.npz,14,0.5,3,4,1,0.0026547007728368044,0.03770996601491846,2,3
ELM_CTRL_WAYPOINT_F64_DDQN_HER_S99,0,5000000,5013504,/work/classic/fr_xl1014-easy-landmark-maze/IntrMotiv/SF_hipposlam/train_dir/analysis/online_spatial/easy_landmark_maze_control_20260923/ELM_CTRL_WAYPOINT_F64_DDQN_HER_S99/policy_00/snapshot_target_000005000000_actual_000005013504.npz,15,0.5,1,1,4,0.0033647308591753244,0.41916940789783774,1,0
ELM_CTRL_WAYPOINT_F64_DDQN_HER_S99,0,5000000,5013504,/work/classic/fr_xl1014-easy-landmark-maze/IntrMotiv/SF_hipposlam/train_dir/analysis/online_spatial/easy_landmark_maze_control_20260923/ELM_CTRL_WAYPOINT_F64_DDQN_HER_S99/policy_00/snapshot_target_000005000000_actual_000005013504.npz,15,0.5,2,2,4,0.0031027852091938257,0.3865369009902659,8,5
ELM_CTRL_WAYPOINT_F64_DDQN_HER_S99,0,5000000,5013504,/work/classic/fr_xl1014-easy-landmark-maze/IntrMotiv/SF_hipposlam/train_dir/analysis/online_spatial/easy_landmark_maze_control_20260923/ELM_CTRL_WAYPOINT_F64_DDQN_HER_S99/policy_00/snapshot_target_000005000000_actual_000005013504.npz,15,0.5,3,3,2,0.0015596223529428244,0.19429369111189637,5,8
ELM_CTRL_WAYPOINT_F64_DDQN_HER_S99,0,5000000,5013504,/work/classic/fr_xl1014-easy-landmark-maze/IntrMotiv/SF_hipposlam/train_dir/analysis/online_spatial/easy_landmark_maze_control_20260923/ELM_CTRL_WAYPOINT_F64_DDQN_HER_S99/policy_00/snapshot_target_000005000000_actual_000005013504.npz,16,0.5,3,1,5,0.006085320375859737,0.6377496964184792,5,8
ELM_CTRL_WAYPOINT_F64_DDQN_HER_S99,0,5000000,5013504,/work/classic/fr_xl1014-easy-landmark-maze/IntrMotiv/SF_hipposlam/train_dir/analysis/online_spatial/easy_landmark_maze_control_20260923/ELM_CTRL_WAYPOINT_F64_DDQN_HER_S99/policy_00/snapshot_target_000005000000_actual_000005013504.npz,16,0.5,2,2,2,0.0018294346518814564,0.1917271929483269,8,5
ELM_CTRL_WAYPOINT_F64_DDQN_HER_S99,0,5000000,5013504,/work/classic/fr_xl1014-easy-landmark-maze/IntrMotiv/SF_hipposlam/train_dir/analysis/online_spatial/easy_landmark_maze_control_20260923/ELM_CTRL_WAYPOINT_F64_DDQN_HER_S99/policy_00/snapshot_target_000005000000_actual_000005013504.npz,16,0.5,1,3,2,0.0016271081985905766,0.17052311063319386,2,0
ELM_CTRL_WAYPOINT_F64_DDQN_HER_S99,0,5000000,5013504,/work/classic/fr_xl1014-easy-landmark-maze/IntrMotiv/SF_hipposlam/train_dir/analysis/online_spatial/easy_landmark_maze_control_20260923/ELM_CTRL_WAYPOINT_F64_DDQN_HER_S99/policy_00/snapshot_target_000005000000_actual_000005013504.npz,17,0.5,2,1,3,0.006254012696444988,0.5064552407535526,8,8
ELM_CTRL_WAYPOINT_F64_DDQN_HER_S99,0,5000000,5013504,/work/classic/fr_xl1014-easy-landmark-maze/IntrMotiv/SF_hipposlam/train_dir/analysis/online_spatial/easy_landmark_maze_control_20260923/ELM_CTRL_WAYPOINT_F64_DDQN_HER_S99/policy_00/snapshot_target_000005000000_actual_000005013504.npz,17,0.5,3,2,2,0.004161844961345196,0.3370297270223301,0,8
ELM_CTRL_WAYPOINT_F64_DDQN_HER_S99,0,5000000,5013504,/work/classic/fr_xl1014-easy-landmark-maze/IntrMotiv/SF_hipposlam/train_dir/analysis/online_spatial/easy_landmark_maze_control_20260923/ELM_CTRL_WAYPOINT_F64_DDQN_HER_S99/policy_00/snapshot_target_000005000000_actual_000005013504.npz,17,0.5,1,3,1,0.0019327413756400347,0.15651503222411733,8,0
ELM_CTRL_WAYPOINT_F64_DDQN_HER_S99,0,5000000,5013504,/work/classic/fr_xl1014-easy-landmark-maze/IntrMotiv/SF_hipposlam/train_dir/analysis/online_spatial/easy_landmark_maze_control_20260923/ELM_CTRL_WAYPOINT_F64_DDQN_HER_S99/policy_00/snapshot_target_000005000000_actual_000005013504.npz,18,0.5,1,1,3,0.015298917889595032,0.6324700377250744,8,8
ELM_CTRL_WAYPOINT_F64_DDQN_HER_S99,0,5000000,5013504,/work/classic/fr_xl1014-easy-landmark-maze/IntrMotiv/SF_hipposlam/train_dir/analysis/online_spatial/easy_landmark_maze_control_20260923/ELM_CTRL_WAYPOINT_F64_DDQN_HER_S99/policy_00/snapshot_target_000005000000_actual_000005013504.npz,18,0.5,2,2,2,0.008890240453183651,0.36752996227492557,0,8
ELM_CTRL_WAYPOINT_F64_DDQN_HER_S99,0,5000000,5013504,/work/classic/fr_xl1014-easy-landmark-maze/IntrMotiv/SF_hipposlam/train_dir/analysis/online_spatial/easy_landmark_maze_control_20260923/ELM_CTRL_WAYPOINT_F64_DDQN_HER_S99/policy_00/snapshot_target_000005000000_actual_000005013504.npz,19,0.5,2,1,4,0.0046814559027552605,0.8673818428047442,0,5
ELM_CTRL_WAYPOINT_F64_DDQN_HER_S99,0,5000000,5013504,/work/classic/fr_xl1014-easy-landmark-maze/IntrMotiv/SF_hipposlam/train_dir/analysis/online_spatial/easy_landmark_maze_control_20260923/ELM_CTRL_WAYPOINT_F64_DDQN_HER_S99/policy_00/snapshot_target_000005000000_actual_000005013504.npz,19,0.5,1,2,1,0.0007157701766118407,0.13261815719525585,4,0
ELM_CTRL_WAYPOINT_F64_DDQN_HER_S99,0,5000000,5013504,/work/classic/fr_xl1014-easy-landmark-maze/IntrMotiv/SF_hipposlam/train_dir/analysis/online_spatial/easy_landmark_maze_control_20260923/ELM_CTRL_WAYPOINT_F64_DDQN_HER_S99/policy_00/snapshot_target_000005000000_actual_000005013504.npz,20,0.5,1,1,13,0.014793762937188148,0.7153604588198123,7,4
ELM_CTRL_WAYPOINT_F64_DDQN_HER_S99,0,5000000,5013504,/work/classic/fr_xl1014-easy-landmark-maze/IntrMotiv/SF_hipposlam/train_dir/analysis/online_spatial/easy_landmark_maze_control_20260923/ELM_CTRL_WAYPOINT_F64_DDQN_HER_S99/policy_00/snapshot_target_000005000000_actual_000005013504.npz,20,0.5,2,2,6,0.005886388942599297,0.2846395411801878,2,6
ELM_CTRL_WAYPOINT_F64_DDQN_HER_S99,0,5000000,5013504,/work/classic/fr_xl1014-easy-landmark-maze/IntrMotiv/SF_hipposlam/train_dir/analysis/online_spatial/easy_landmark_maze_control_20260923/ELM_CTRL_WAYPOINT_F64_DDQN_HER_S99/policy_00/snapshot_target_000005000000_actual_000005013504.npz,21,0.5,1,1,57,3.455732583999634,1.0,0,3
ELM_CTRL_WAYPOINT_F64_DDQN_HER_S99,0,5000000,5013504,/work/classic/fr_xl1014-easy-landmark-maze/IntrMotiv/SF_hipposlam/train_dir/analysis/online_spatial/easy_landmark_maze_control_20260923/ELM_CTRL_WAYPOINT_F64_DDQN_HER_S99/policy_00/snapshot_target_000005000000_actual_000005013504.npz,22,0.5,2,1,21,2.0823614597320557,0.8079140043871067,0,3
ELM_CTRL_WAYPOINT_F64_DDQN_HER_S99,0,5000000,5013504,/work/classic/fr_xl1014-easy-landmark-maze/IntrMotiv/SF_hipposlam/train_dir/analysis/online_spatial/easy_landmark_maze_control_20260923/ELM_CTRL_WAYPOINT_F64_DDQN_HER_S99/policy_00/snapshot_target_000005000000_actual_000005013504.npz,22,0.5,1,2,3,0.2473369836807251,0.0959617322845744,4,0
ELM_CTRL_WAYPOINT_F64_DDQN_HER_S99,0,5000000,5013504,/work/classic/fr_xl1014-easy-landmark-maze/IntrMotiv/SF_hipposlam/train_dir/analysis/online_spatial/easy_landmark_maze_control_20260923/ELM_CTRL_WAYPOINT_F64_DDQN_HER_S99/policy_00/snapshot_target_000005000000_actual_000005013504.npz,22,0.5,4,3,1,0.09733878821134567,0.03776547524853626,8,2
ELM_CTRL_WAYPOINT_F64_DDQN_HER_S99,0,5000000,5013504,/work/classic/fr_xl1014-easy-landmark-maze/IntrMotiv/SF_hipposlam/train_dir/analysis/online_spatial/easy_landmark_maze_control_20260923/ELM_CTRL_WAYPOINT_F64_DDQN_HER_S99/policy_00/snapshot_target_000005000000_actual_000005013504.npz,22,0.5,5,4,1,0.07611946016550064,0.029532806413929517,8,7
ELM_CTRL_WAYPOINT_F64_DDQN_HER_S99,0,5000000,5013504,/work/classic/fr_xl1014-easy-landmark-maze/IntrMotiv/SF_hipposlam/train_dir/analysis/online_spatial/easy_landmark_maze_control_20260923/ELM_CTRL_WAYPOINT_F64_DDQN_HER_S99/policy_00/snapshot_target_000005000000_actual_000005013504.npz,22,0.5,3,5,1,0.07429765164852142,0.028825981665853068,6,2
ELM_CTRL_WAYPOINT_F64_DDQN_HER_S99,0,5000000,5013504,/work/classic/fr_xl1014-easy-landmark-maze/IntrMotiv/SF_hipposlam/train_dir/analysis/online_spatial/easy_landmark_maze_control_20260923/ELM_CTRL_WAYPOINT_F64_DDQN_HER_S99/policy_00/snapshot_target_000005000000_actual_000005013504.npz,23,0.5,3,1,12,0.012944051995873451,0.6134799089100473,8,6
ELM_CTRL_WAYPOINT_F64_DDQN_HER_S99,0,5000000,5013504,/work/classic/fr_xl1014-easy-landmark-maze/IntrMotiv/SF_hipposlam/train_dir/analysis/online_spatial/easy_landmark_maze_control_20260923/ELM_CTRL_WAYPOINT_F64_DDQN_HER_S99/policy_00/snapshot_target_000005000000_actual_000005013504.npz,23,0.5,4,2,5,0.004832291044294834,0.2290251515233341,1,8
ELM_CTRL_WAYPOINT_F64_DDQN_HER_S99,0,5000000,5013504,/work/classic/fr_xl1014-easy-landmark-maze/IntrMotiv/SF_hipposlam/train_dir/analysis/online_spatial/easy_landmark_maze_control_20260923/ELM_CTRL_WAYPOINT_F64_DDQN_HER_S99/policy_00/snapshot_target_000005000000_actual_000005013504.npz,23,0.5,1,3,2,0.002208226826041937,0.10465832434270259,0,0
ELM_CTRL_WAYPOINT_F64_DDQN_HER_S99,0,5000000,5013504,/work/classic/fr_xl1014-easy-landmark-maze/IntrMotiv/SF_hipposlam/train_dir/analysis/online_spatial/easy_landmark_maze_control_20260923/ELM_CTRL_WAYPOINT_F64_DDQN_HER_S99/policy_00/snapshot_target_000005000000_actual_000005013504.npz,23,0.5,2,4,1,0.0011148203630000353,0.05283661522391601,2,3
ELM_CTRL_WAYPOINT_F64_DDQN_HER_S99,0,5000000,5013504,/work/classic/fr_xl1014-easy-landmark-maze/IntrMotiv/SF_hipposlam/train_dir/analysis/online_spatial/easy_landmark_maze_control_20260923/ELM_CTRL_WAYPOINT_F64_DDQN_HER_S99/policy_00/snapshot_target_000005000000_actual_000005013504.npz,24,0.5,1,1,5,0.012732481583952904,1.0,6,3
ELM_CTRL_WAYPOINT_F64_DDQN_HER_S99,0,5000000,5013504,/work/classic/fr_xl1014-easy-landmark-maze/IntrMotiv/SF_hipposlam/train_dir/analysis/online_spatial/easy_landmark_maze_control_20260923/ELM_CTRL_WAYPOINT_F64_DDQN_HER_S99/policy_00/snapshot_target_000005000000_actual_000005013504.npz,25,0.5,1,1,20,2.972189426422119,1.0,1,6
ELM_CTRL_WAYPOINT_F64_DDQN_HER_S99,0,5000000,5013504,/work/classic/fr_xl1014-easy-landmark-maze/IntrMotiv/SF_hipposlam/train_dir/analysis/online_spatial/easy_landmark_maze_control_20260923/ELM_CTRL_WAYPOINT_F64_DDQN_HER_S99/policy_00/snapshot_target_000005000000_actual_000005013504.npz,26,0.5,2,1,8,0.0022151663433760405,0.6809681618491169,2,7
ELM_CTRL_WAYPOINT_F64_DDQN_HER_S99,0,5000000,5013504,/work/classic/fr_xl1014-easy-landmark-maze/IntrMotiv/SF_hipposlam/train_dir/analysis/online_spatial/easy_landmark_maze_control_20260923/ELM_CTRL_WAYPOINT_F64_DDQN_HER_S99/policy_00/snapshot_target_000005000000_actual_000005013504.npz,26,0.5,1,2,4,0.0010377997532486916,0.31903183815088315,0,3
ELM_CTRL_WAYPOINT_F64_DDQN_HER_S99,0,5000000,5013504,/work/classic/fr_xl1014-easy-landmark-maze/IntrMotiv/SF_hipposlam/train_dir/analysis/online_spatial/easy_landmark_maze_control_20260923/ELM_CTRL_WAYPOINT_F64_DDQN_HER_S99/policy_00/snapshot_target_000005000000_actual_000005013504.npz,27,0.5,3,1,3,0.2755863666534424,0.3688957507846617,8,8
ELM_CTRL_WAYPOINT_F64_DDQN_HER_S99,0,5000000,5013504,/work/classic/fr_xl1014-easy-landmark-maze/IntrMotiv/SF_hipposlam/train_dir/analysis/online_spatial/easy_landmark_maze_control_20260923/ELM_CTRL_WAYPOINT_F64_DDQN_HER_S99/policy_00/snapshot_target_000005000000_actual_000005013504.npz,27,0.5,2,2,2,0.18905174732208252,0.2530618154751911,8,0
ELM_CTRL_WAYPOINT_F64_DDQN_HER_S99,0,5000000,5013504,/work/classic/fr_xl1014-easy-landmark-maze/IntrMotiv/SF_hipposlam/train_dir/analysis/online_spatial/easy_landmark_maze_control_20260923/ELM_CTRL_WAYPOINT_F64_DDQN_HER_S99/policy_00/snapshot_target_000005000000_actual_000005013504.npz,27,0.5,4,3,2,0.1772836446762085,0.23730921089762194,0,8
ELM_CTRL_WAYPOINT_F64_DDQN_HER_S99,0,5000000,5013504,/work/classic/fr_xl1014-easy-landmark-maze/IntrMotiv/SF_hipposlam/train_dir/analysis/online_spatial/easy_landmark_maze_control_20260923/ELM_CTRL_WAYPOINT_F64_DDQN_HER_S99/policy_00/snapshot_target_000005000000_actual_000005013504.npz,27,0.5,1,4,1,0.10513582080602646,0.1407332228425253,0,0
ELM_CTRL_WAYPOINT_F64_DDQN_HER_S99,0,5000000,5013504,/work/classic/fr_xl1014-easy-landmark-maze/IntrMotiv/SF_hipposlam/train_dir/analysis/online_spatial/easy_landmark_maze_control_20260923/ELM_CTRL_WAYPOINT_F64_DDQN_HER_S99/policy_00/snapshot_target_000005000000_actual_000005013504.npz,28,0.5,1,1,7,0.02328397147357464,0.4326595160410746,3,2
ELM_CTRL_WAYPOINT_F64_DDQN_HER_S99,0,5000000,5013504,/work/classic/fr_xl1014-easy-landmark-maze/IntrMotiv/SF_hipposlam/train_dir/analysis/online_spatial/easy_landmark_maze_control_20260923/ELM_CTRL_WAYPOINT_F64_DDQN_HER_S99/policy_00/snapshot_target_000005000000_actual_000005013504.npz,28,0.5,2,2,4,0.014528702013194561,0.26997031794459153,8,6
ELM_CTRL_WAYPOINT_F64_DDQN_HER_S99,0,5000000,5013504,/work/classic/fr_xl1014-easy-landmark-maze/IntrMotiv/SF_hipposlam/train_dir/analysis/online_spatial/easy_landmark_maze_control_20260923/ELM_CTRL_WAYPOINT_F64_DDQN_HER_S99/policy_00/snapshot_target_000005000000_actual_000005013504.npz,28,0.5,4,3,4,0.010980401188135147,0.20403628605142066,5,8
ELM_CTRL_WAYPOINT_F64_DDQN_HER_S99,0,5000000,5013504,/work/classic/fr_xl1014-easy-landmark-maze/IntrMotiv/SF_hipposlam/train_dir/analysis/online_spatial/easy_landmark_maze_control_20260923/ELM_CTRL_WAYPOINT_F64_DDQN_HER_S99/policy_00/snapshot_target_000005000000_actual_000005013504.npz,28,0.5,3,4,2,0.005022848956286907,0.09333387996291317,2,6
ELM_CTRL_WAYPOINT_F64_DDQN_HER_S99,0,5000000,5013504,/work/classic/fr_xl1014-easy-landmark-maze/IntrMotiv/SF_hipposlam/train_dir/analysis/online_spatial/easy_landmark_maze_control_20260923/ELM_CTRL_WAYPOINT_F64_DDQN_HER_S99/policy_00/snapshot_target_000005000000_actual_000005013504.npz,29,0.5,1,1,9,1.6488168239593506,1.0,6,5
ELM_CTRL_WAYPOINT_F64_DDQN_HER_S99,0,5000000,5013504,/work/classic/fr_xl1014-easy-landmark-maze/IntrMotiv/SF_hipposlam/train_dir/analysis/online_spatial/easy_landmark_maze_control_20260923/ELM_CTRL_WAYPOINT_F64_DDQN_HER_S99/policy_00/snapshot_target_000005000000_actual_000005013504.npz,30,0.5,1,1,41,3.5334651470184326,1.0,1,5
ELM_CTRL_WAYPOINT_F64_DDQN_HER_S99,0,5000000,5013504,/work/classic/fr_xl1014-easy-landmark-maze/IntrMotiv/SF_hipposlam/train_dir/analysis/online_spatial/easy_landmark_maze_control_20260923/ELM_CTRL_WAYPOINT_F64_DDQN_HER_S99/policy_00/snapshot_target_000005000000_actual_000005013504.npz,31,0.5,1,1,2,0.0003612371801864356,0.7550008710602165,0,0
ELM_CTRL_WAYPOINT_F64_DDQN_HER_S99,0,5000000,5013504,/work/classic/fr_xl1014-easy-landmark-maze/IntrMotiv/SF_hipposlam/train_dir/analysis/online_spatial/easy_landmark_maze_control_20260923/ELM_CTRL_WAYPOINT_F64_DDQN_HER_S99/policy_00/snapshot_target_000005000000_actual_000005013504.npz,31,0.5,2,2,1,0.00011722210911102593,0.24499912893978346,4,2
ELM_CTRL_WAYPOINT_F64_DDQN_HER_S99,0,5000000,5013504,/work/classic/fr_xl1014-easy-landmark-maze/IntrMotiv/SF_hipposlam/train_dir/analysis/online_spatial/easy_landmark_maze_control_20260923/ELM_CTRL_WAYPOINT_F64_DDQN_HER_S99/policy_00/snapshot_target_000005000000_actual_000005013504.npz,32,0.5,1,1,19,0.05465348809957504,1.0,4,4
ELM_CTRL_WAYPOINT_F64_DDQN_HER_S99,0,5000000,5013504,/work/classic/fr_xl1014-easy-landmark-maze/IntrMotiv/SF_hipposlam/train_dir/analysis/online_spatial/easy_landmark_maze_control_20260923/ELM_CTRL_WAYPOINT_F64_DDQN_HER_S99/policy_00/snapshot_target_000005000000_actual_000005013504.npz,33,0.5,1,1,32,3.2775888442993164,1.0,0,3
ELM_CTRL_WAYPOINT_F64_DDQN_HER_S99,0,5000000,5013504,/work/classic/fr_xl1014-easy-landmark-maze/IntrMotiv/SF_hipposlam/train_dir/analysis/online_spatial/easy_landmark_maze_control_20260923/ELM_CTRL_WAYPOINT_F64_DDQN_HER_S99/policy_00/snapshot_target_000005000000_actual_000005013504.npz,34,0.5,1,1,4,0.021688465029001236,0.3191384934276903,0,0
ELM_CTRL_WAYPOINT_F64_DDQN_HER_S99,0,5000000,5013504,/work/classic/fr_xl1014-easy-landmark-maze/IntrMotiv/SF_hipposlam/train_dir/analysis/online_spatial/easy_landmark_maze_control_20260923/ELM_CTRL_WAYPOINT_F64_DDQN_HER_S99/policy_00/snapshot_target_000005000000_actual_000005013504.npz,34,0.5,5,2,4,0.019575191661715508,0.2880423841486517,5,8
ELM_CTRL_WAYPOINT_F64_DDQN_HER_S99,0,5000000,5013504,/work/classic/fr_xl1014-easy-landmark-maze/IntrMotiv/SF_hipposlam/train_dir/analysis/online_spatial/easy_landmark_maze_control_20260923/ELM_CTRL_WAYPOINT_F64_DDQN_HER_S99/policy_00/snapshot_target_000005000000_actual_000005013504.npz,34,0.5,4,3,4,0.019198942929506302,0.2825060101641045,0,8
ELM_CTRL_WAYPOINT_F64_DDQN_HER_S99,0,5000000,5013504,/work/classic/fr_xl1014-easy-landmark-maze/IntrMotiv/SF_hipposlam/train_dir/analysis/online_spatial/easy_landmark_maze_control_20260923/ELM_CTRL_WAYPOINT_F64_DDQN_HER_S99/policy_00/snapshot_target_000005000000_actual_000005013504.npz,34,0.5,2,4,1,0.003903445787727833,0.05743789642127068,7,0
ELM_CTRL_WAYPOINT_F64_DDQN_HER_S99,0,5000000,5013504,/work/classic/fr_xl1014-easy-landmark-maze/IntrMotiv/SF_hipposlam/train_dir/analysis/online_spatial/easy_landmark_maze_control_20260923/ELM_CTRL_WAYPOINT_F64_DDQN_HER_S99/policy_00/snapshot_target_000005000000_actual_000005013504.npz,34,0.5,3,5,1,0.003593368688598275,0.0528752158382828,8,5
ELM_CTRL_WAYPOINT_F64_DDQN_HER_S99,0,5000000,5013504,/work/classic/fr_xl1014-easy-landmark-maze/IntrMotiv/SF_hipposlam/train_dir/analysis/online_spatial/easy_landmark_maze_control_20260923/ELM_CTRL_WAYPOINT_F64_DDQN_HER_S99/policy_00/snapshot_target_000005000000_actual_000005013504.npz,35,0.5,3,1,18,0.03620809689164162,0.8325963885915766,8,5
ELM_CTRL_WAYPOINT_F64_DDQN_HER_S99,0,5000000,5013504,/work/classic/fr_xl1014-easy-landmark-maze/IntrMotiv/SF_hipposlam/train_dir/analysis/online_spatial/easy_landmark_maze_control_20260923/ELM_CTRL_WAYPOINT_F64_DDQN_HER_S99/policy_00/snapshot_target_000005000000_actual_000005013504.npz,35,0.5,1,2,3,0.005485321395099163,0.12613363241628822,0,0
ELM_CTRL_WAYPOINT_F64_DDQN_HER_S99,0,5000000,5013504,/work/classic/fr_xl1014-easy-landmark-maze/IntrMotiv/SF_hipposlam/train_dir/analysis/online_spatial/easy_landmark_maze_control_20260923/ELM_CTRL_WAYPOINT_F64_DDQN_HER_S99/policy_00/snapshot_target_000005000000_actual_000005013504.npz,35,0.5,2,3,1,0.0017947560409083962,0.041269978992135234,2,3
ELM_CTRL_WAYPOINT_F64_DDQN_HER_S99,0,5000000,5013504,/work/classic/fr_xl1014-easy-landmark-maze/IntrMotiv/SF_hipposlam/train_dir/analysis/online_spatial/easy_landmark_maze_control_20260923/ELM_CTRL_WAYPOINT_F64_DDQN_HER_S99/policy_00/snapshot_target_000005000000_actual_000005013504.npz,36,0.5,3,1,9,0.015325544402003288,0.6738488914659664,8,5
ELM_CTRL_WAYPOINT_F64_DDQN_HER_S99,0,5000000,5013504,/work/classic/fr_xl1014-easy-landmark-maze/IntrMotiv/SF_hipposlam/train_dir/analysis/online_spatial/easy_landmark_maze_control_20260923/ELM_CTRL_WAYPOINT_F64_DDQN_HER_S99/policy_00/snapshot_target_000005000000_actual_000005013504.npz,36,0.5,2,2,4,0.005992836318910122,0.26349903170204536,7,0
ELM_CTRL_WAYPOINT_F64_DDQN_HER_S99,0,5000000,5013504,/work/classic/fr_xl1014-easy-landmark-maze/IntrMotiv/SF_hipposlam/train_dir/analysis/online_spatial/easy_landmark_maze_control_20260923/ELM_CTRL_WAYPOINT_F64_DDQN_HER_S99/policy_00/snapshot_target_000005000000_actual_000005013504.npz,36,0.5,1,3,1,0.0014249146915972233,0.0626520768319883,1,0
ELM_CTRL_WAYPOINT_F64_DDQN_HER_S99,0,5000000,5013504,/work/classic/fr_xl1014-easy-landmark-maze/IntrMotiv/SF_hipposlam/train_dir/analysis/online_spatial/easy_landmark_maze_control_20260923/ELM_CTRL_WAYPOINT_F64_DDQN_HER_S99/policy_00/snapshot_target_000005000000_actual_000005013504.npz,37,0.5,1,1,7,0.007929814048111439,0.8874402742416558,0,0
ELM_CTRL_WAYPOINT_F64_DDQN_HER_S99,0,5000000,5013504,/work/classic/fr_xl1014-easy-landmark-maze/IntrMotiv/SF_hipposlam/train_dir/analysis/online_spatial/easy_landmark_maze_control_20260923/ELM_CTRL_WAYPOINT_F64_DDQN_HER_S99/policy_00/snapshot_target_000005000000_actual_000005013504.npz,37,0.5,2,2,1,0.0010057890322059393,0.11255972575834415,0,4
ELM_CTRL_WAYPOINT_F64_DDQN_HER_S99,0,5000000,5013504,/work/classic/fr_xl1014-easy-landmark-maze/IntrMotiv/SF_hipposlam/train_dir/analysis/online_spatial/easy_landmark_maze_control_20260923/ELM_CTRL_WAYPOINT_F64_DDQN_HER_S99/policy_00/snapshot_target_000005000000_actual_000005013504.npz,38,0.5,1,1,6,0.614863395690918,0.3876699946475837,0,0
ELM_CTRL_WAYPOINT_F64_DDQN_HER_S99,0,5000000,5013504,/work/classic/fr_xl1014-easy-landmark-maze/IntrMotiv/SF_hipposlam/train_dir/analysis/online_spatial/easy_landmark_maze_control_20260923/ELM_CTRL_WAYPOINT_F64_DDQN_HER_S99/policy_00/snapshot_target_000005000000_actual_000005013504.npz,38,0.5,3,2,6,0.5843054056167603,0.3684032503080904,0,8
ELM_CTRL_WAYPOINT_F64_DDQN_HER_S99,0,5000000,5013504,/work/classic/fr_xl1014-easy-landmark-maze/IntrMotiv/SF_hipposlam/train_dir/analysis/online_spatial/easy_landmark_maze_control_20260923/ELM_CTRL_WAYPOINT_F64_DDQN_HER_S99/policy_00/snapshot_target_000005000000_actual_000005013504.npz,38,0.5,2,3,3,0.23609060049057007,0.14885459513438398,8,0
ELM_CTRL_WAYPOINT_F64_DDQN_HER_S99,0,5000000,5013504,/work/classic/fr_xl1014-easy-landmark-maze/IntrMotiv/SF_hipposlam/train_dir/analysis/online_spatial/easy_landmark_maze_control_20260923/ELM_CTRL_WAYPOINT_F64_DDQN_HER_S99/policy_00/snapshot_target_000005000000_actual_000005013504.npz,38,0.5,4,4,2,0.1507890522480011,0.09507215990994186,8,8
ELM_CTRL_WAYPOINT_F64_DDQN_HER_S99,0,5000000,5013504,/work/classic/fr_xl1014-easy-landmark-maze/IntrMotiv/SF_hipposlam/train_dir/analysis/online_spatial/easy_landmark_maze_control_20260923/ELM_CTRL_WAYPOINT_F64_DDQN_HER_S99/policy_00/snapshot_target_000005000000_actual_000005013504.npz,39,0.5,1,1,43,2.980164051055908,1.0,1,1
ELM_CTRL_WAYPOINT_F64_DDQN_HER_S99,0,5000000,5013504,/work/classic/fr_xl1014-easy-landmark-maze/IntrMotiv/SF_hipposlam/train_dir/analysis/online_spatial/easy_landmark_maze_control_20260923/ELM_CTRL_WAYPOINT_F64_DDQN_HER_S99/policy_00/snapshot_target_000005000000_actual_000005013504.npz,40,0.5,2,1,9,0.015790194272994995,0.6229875814651994,8,8
ELM_CTRL_WAYPOINT_F64_DDQN_HER_S99,0,5000000,5013504,/work/classic/fr_xl1014-easy-landmark-maze/IntrMotiv/SF_hipposlam/train_dir/analysis/online_spatial/easy_landmark_maze_control_20260923/ELM_CTRL_WAYPOINT_F64_DDQN_HER_S99/policy_00/snapshot_target_000005000000_actual_000005013504.npz,40,0.5,3,2,6,0.008375481702387333,0.3304469216252796,0,8
ELM_CTRL_WAYPOINT_F64_DDQN_HER_S99,0,5000000,5013504,/work/classic/fr_xl1014-easy-landmark-maze/IntrMotiv/SF_hipposlam/train_dir/analysis/online_spatial/easy_landmark_maze_control_20260923/ELM_CTRL_WAYPOINT_F64_DDQN_HER_S99/policy_00/snapshot_target_000005000000_actual_000005013504.npz,40,0.5,1,3,1,0.0011802454246208072,0.04656549690952096,0,0
ELM_CTRL_WAYPOINT_F64_DDQN_HER_S99,0,5000000,5013504,/work/classic/fr_xl1014-easy-landmark-maze/IntrMotiv/SF_hipposlam/train_dir/analysis/online_spatial/easy_landmark_maze_control_20260923/ELM_CTRL_WAYPOINT_F64_DDQN_HER_S99/policy_00/snapshot_target_000005000000_actual_000005013504.npz,41,0.5,2,1,3,0.012916364707052708,0.4739234829309088,0,8
ELM_CTRL_WAYPOINT_F64_DDQN_HER_S99,0,5000000,5013504,/work/classic/fr_xl1014-easy-landmark-maze/IntrMotiv/SF_hipposlam/train_dir/analysis/online_spatial/easy_landmark_maze_control_20260923/ELM_CTRL_WAYPOINT_F64_DDQN_HER_S99/policy_00/snapshot_target_000005000000_actual_000005013504.npz,41,0.5,3,2,2,0.007400241680443287,0.2715275072568336,8,8
ELM_CTRL_WAYPOINT_F64_DDQN_HER_S99,0,5000000,5013504,/work/classic/fr_xl1014-easy-landmark-maze/IntrMotiv/SF_hipposlam/train_dir/analysis/online_spatial/easy_landmark_maze_control_20260923/ELM_CTRL_WAYPOINT_F64_DDQN_HER_S99/policy_00/snapshot_target_000005000000_actual_000005013504.npz,41,0.5,1,3,1,0.003976208623498678,0.14589388596928216,0,0
ELM_CTRL_WAYPOINT_F64_DDQN_HER_S99,0,5000000,5013504,/work/classic/fr_xl1014-easy-landmark-maze/IntrMotiv/SF_hipposlam/train_dir/analysis/online_spatial/easy_landmark_maze_control_20260923/ELM_CTRL_WAYPOINT_F64_DDQN_HER_S99/policy_00/snapshot_target_000005000000_actual_000005013504.npz,41,0.5,4,4,1,0.0029612991493195295,0.10865512384297542,5,8
ELM_CTRL_WAYPOINT_F64_DDQN_HER_S99,0,5000000,5013504,/work/classic/fr_xl1014-easy-landmark-maze/IntrMotiv/SF_hipposlam/train_dir/analysis/online_spatial/easy_landmark_maze_control_20260923/ELM_CTRL_WAYPOINT_F64_DDQN_HER_S99/policy_00/snapshot_target_000005000000_actual_000005013504.npz,42,0.5,1,1,4,0.5311126112937927,0.5310031963557124,0,0
ELM_CTRL_WAYPOINT_F64_DDQN_HER_S99,0,5000000,5013504,/work/classic/fr_xl1014-easy-landmark-maze/IntrMotiv/SF_hipposlam/train_dir/analysis/online_spatial/easy_landmark_maze_control_20260923/ELM_CTRL_WAYPOINT_F64_DDQN_HER_S99/policy_00/snapshot_target_000005000000_actual_000005013504.npz,42,0.5,3,2,2,0.24651789665222168,0.24646711130119753,0,8
ELM_CTRL_WAYPOINT_F64_DDQN_HER_S99,0,5000000,5013504,/work/classic/fr_xl1014-easy-landmark-maze/IntrMotiv/SF_hipposlam/train_dir/analysis/online_spatial/easy_landmark_maze_control_20260923/ELM_CTRL_WAYPOINT_F64_DDQN_HER_S99/policy_00/snapshot_target_000005000000_actual_000005013504.npz,42,0.5,2,3,2,0.22257554531097412,0.22252969234309017,8,8
ELM_CTRL_WAYPOINT_F64_DDQN_HER_S99,0,5000000,5013504,/work/classic/fr_xl1014-easy-landmark-maze/IntrMotiv/SF_hipposlam/train_dir/analysis/online_spatial/easy_landmark_maze_control_20260923/ELM_CTRL_WAYPOINT_F64_DDQN_HER_S99/policy_00/snapshot_target_000005000000_actual_000005013504.npz,43,0.5,2,1,1,0.37853866815567017,0.4198813999050464,8,0
ELM_CTRL_WAYPOINT_F64_DDQN_HER_S99,0,5000000,5013504,/work/classic/fr_xl1014-easy-landmark-maze/IntrMotiv/SF_hipposlam/train_dir/analysis/online_spatial/easy_landmark_maze_control_20260923/ELM_CTRL_WAYPOINT_F64_DDQN_HER_S99/policy_00/snapshot_target_000005000000_actual_000005013504.npz,43,0.5,3,2,1,0.2848646640777588,0.31597663329671255,8,8
ELM_CTRL_WAYPOINT_F64_DDQN_HER_S99,0,5000000,5013504,/work/classic/fr_xl1014-easy-landmark-maze/IntrMotiv/SF_hipposlam/train_dir/analysis/online_spatial/easy_landmark_maze_control_20260923/ELM_CTRL_WAYPOINT_F64_DDQN_HER_S99/policy_00/snapshot_target_000005000000_actual_000005013504.npz,43,0.5,1,3,1,0.23813378810882568,0.2641419667982411,0,0
ELM_CTRL_WAYPOINT_F64_DDQN_HER_S99,0,5000000,5013504,/work/classic/fr_xl1014-easy-landmark-maze/IntrMotiv/SF_hipposlam/train_dir/analysis/online_spatial/easy_landmark_maze_control_20260923/ELM_CTRL_WAYPOINT_F64_DDQN_HER_S99/policy_00/snapshot_target_000005000000_actual_000005013504.npz,44,0.5,3,1,16,0.065498486161232,0.6281733607697964,8,5
ELM_CTRL_WAYPOINT_F64_DDQN_HER_S99,0,5000000,5013504,/work/classic/fr_xl1014-easy-landmark-maze/IntrMotiv/SF_hipposlam/train_dir/analysis/online_spatial/easy_landmark_maze_control_20260923/ELM_CTRL_WAYPOINT_F64_DDQN_HER_S99/policy_00/snapshot_target_000005000000_actual_000005013504.npz,44,0.5,1,2,6,0.02284686453640461,0.21911638756897353,0,0
ELM_CTRL_WAYPOINT_F64_DDQN_HER_S99,0,5000000,5013504,/work/classic/fr_xl1014-easy-landmark-maze/IntrMotiv/SF_hipposlam/train_dir/analysis/online_spatial/easy_landmark_maze_control_20260923/ELM_CTRL_WAYPOINT_F64_DDQN_HER_S99/policy_00/snapshot_target_000005000000_actual_000005013504.npz,44,0.5,2,3,5,0.015922818332910538,0.15271025166123015,7,1
ELM_CTRL_WAYPOINT_F64_DDQN_HER_S99,0,5000000,5013504,/work/classic/fr_xl1014-easy-landmark-maze/IntrMotiv/SF_hipposlam/train_dir/analysis/online_spatial/easy_landmark_maze_control_20260923/ELM_CTRL_WAYPOINT_F64_DDQN_HER_S99/policy_00/snapshot_target_000005000000_actual_000005013504.npz,45,0.5,1,1,4,0.007491040974855423,1.0,6,4
ELM_CTRL_WAYPOINT_F64_DDQN_HER_S99,0,5000000,5013504,/work/classic/fr_xl1014-easy-landmark-maze/IntrMotiv/SF_hipposlam/train_dir/analysis/online_spatial/easy_landmark_maze_control_20260923/ELM_CTRL_WAYPOINT_F64_DDQN_HER_S99/policy_00/snapshot_target_000005000000_actual_000005013504.npz,46,0.5,3,1,22,0.056044213473796844,0.7067261528313895,8,5
ELM_CTRL_WAYPOINT_F64_DDQN_HER_S99,0,5000000,5013504,/work/classic/fr_xl1014-easy-landmark-maze/IntrMotiv/SF_hipposlam/train_dir/analysis/online_spatial/easy_landmark_maze_control_20260923/ELM_CTRL_WAYPOINT_F64_DDQN_HER_S99/policy_00/snapshot_target_000005000000_actual_000005013504.npz,46,0.5,1,2,7,0.017001373693346977,0.2143899374868664,0,0
ELM_CTRL_WAYPOINT_F64_DDQN_HER_S99,0,5000000,5013504,/work/classic/fr_xl1014-easy-landmark-maze/IntrMotiv/SF_hipposlam/train_dir/analysis/online_spatial/easy_landmark_maze_control_20260923/ELM_CTRL_WAYPOINT_F64_DDQN_HER_S99/policy_00/snapshot_target_000005000000_actual_000005013504.npz,46,0.5,2,3,3,0.006255586631596088,0.07888390968174407,8,2
ELM_CTRL_WAYPOINT_F64_DDQN_HER_S99,0,5000000,5013504,/work/classic/fr_xl1014-easy-landmark-maze/IntrMotiv/SF_hipposlam/train_dir/analysis/online_spatial/easy_landmark_maze_control_20260923/ELM_CTRL_WAYPOINT_F64_DDQN_HER_S99/policy_00/snapshot_target_000005000000_actual_000005013504.npz,47,0.5,5,1,24,0.08504827320575714,0.8019875791801784,8,6
ELM_CTRL_WAYPOINT_F64_DDQN_HER_S99,0,5000000,5013504,/work/classic/fr_xl1014-easy-landmark-maze/IntrMotiv/SF_hipposlam/train_dir/analysis/online_spatial/easy_landmark_maze_control_20260923/ELM_CTRL_WAYPOINT_F64_DDQN_HER_S99/policy_00/snapshot_target_000005000000_actual_000005013504.npz,47,0.5,1,2,3,0.009928237646818161,0.09362122211034166,0,0
ELM_CTRL_WAYPOINT_F64_DDQN_HER_S99,0,5000000,5013504,/work/classic/fr_xl1014-easy-landmark-maze/IntrMotiv/SF_hipposlam/train_dir/analysis/online_spatial/easy_landmark_maze_control_20260923/ELM_CTRL_WAYPOINT_F64_DDQN_HER_S99/policy_00/snapshot_target_000005000000_actual_000005013504.npz,47,0.5,2,3,2,0.005556940101087093,0.05240079276551867,4,0
ELM_CTRL_WAYPOINT_F64_DDQN_HER_S99,0,5000000,5013504,/work/classic/fr_xl1014-easy-landmark-maze/IntrMotiv/SF_hipposlam/train_dir/analysis/online_spatial/easy_landmark_maze_control_20260923/ELM_CTRL_WAYPOINT_F64_DDQN_HER_S99/policy_00/snapshot_target_000005000000_actual_000005013504.npz,47,0.5,4,4,1,0.002756797708570957,0.025996030692327123,2,3
ELM_CTRL_WAYPOINT_F64_DDQN_HER_S99,0,5000000,5013504,/work/classic/fr_xl1014-easy-landmark-maze/IntrMotiv/SF_hipposlam/train_dir/analysis/online_spatial/easy_landmark_maze_control_20260923/ELM_CTRL_WAYPOINT_F64_DDQN_HER_S99/policy_00/snapshot_target_000005000000_actual_000005013504.npz,47,0.5,3,5,1,0.002756622154265642,0.02599437525163412,8,2
ELM_CTRL_WAYPOINT_F64_DDQN_HER_S99,0,5000000,5013504,/work/classic/fr_xl1014-easy-landmark-maze/IntrMotiv/SF_hipposlam/train_dir/analysis/online_spatial/easy_landmark_maze_control_20260923/ELM_CTRL_WAYPOINT_F64_DDQN_HER_S99/policy_00/snapshot_target_000005000000_actual_000005013504.npz,48,0.5,1,1,4,0.008543592877686024,1.0,8,4
ELM_CTRL_WAYPOINT_F64_DDQN_HER_S99,0,5000000,5013504,/work/classic/fr_xl1014-easy-landmark-maze/IntrMotiv/SF_hipposlam/train_dir/analysis/online_spatial/easy_landmark_maze_control_20260923/ELM_CTRL_WAYPOINT_F64_DDQN_HER_S99/policy_00/snapshot_target_000005000000_actual_000005013504.npz,49,0.5,1,1,8,0.764754056930542,0.277143057656527,0,1
ELM_CTRL_WAYPOINT_F64_DDQN_HER_S99,0,5000000,5013504,/work/classic/fr_xl1014-easy-landmark-maze/IntrMotiv/SF_hipposlam/train_dir/analysis/online_spatial/easy_landmark_maze_control_20260923/ELM_CTRL_WAYPOINT_F64_DDQN_HER_S99/policy_00/snapshot_target_000005000000_actual_000005013504.npz,49,0.5,4,2,8,0.7348646521568298,0.2663112863760086,6,8
ELM_CTRL_WAYPOINT_F64_DDQN_HER_S99,0,5000000,5013504,/work/classic/fr_xl1014-easy-landmark-maze/IntrMotiv/SF_hipposlam/train_dir/analysis/online_spatial/easy_landmark_maze_control_20260923/ELM_CTRL_WAYPOINT_F64_DDQN_HER_S99/policy_00/snapshot_target_000005000000_actual_000005013504.npz,49,0.5,2,3,6,0.6468324065208435,0.2344088394300572,7,0
ELM_CTRL_WAYPOINT_F64_DDQN_HER_S99,0,5000000,5013504,/work/classic/fr_xl1014-easy-landmark-maze/IntrMotiv/SF_hipposlam/train_dir/analysis/online_spatial/easy_landmark_maze_control_20260923/ELM_CTRL_WAYPOINT_F64_DDQN_HER_S99/policy_00/snapshot_target_000005000000_actual_000005013504.npz,49,0.5,3,4,7,0.6129687428474426,0.2221368165374072,0,6
ELM_CTRL_WAYPOINT_F64_DDQN_HER_S99,0,5000000,5013504,/work/classic/fr_xl1014-easy-landmark-maze/IntrMotiv/SF_hipposlam/train_dir/analysis/online_spatial/easy_landmark_maze_control_20260923/ELM_CTRL_WAYPOINT_F64_DDQN_HER_S99/policy_00/snapshot_target_000005000000_actual_000005013504.npz,50,0.5,1,1,3,0.005050450563430786,1.0,0,3
ELM_CTRL_WAYPOINT_F64_DDQN_HER_S99,0,5000000,5013504,/work/classic/fr_xl1014-easy-landmark-maze/IntrMotiv/SF_hipposlam/train_dir/analysis/online_spatial/easy_landmark_maze_control_20260923/ELM_CTRL_WAYPOINT_F64_DDQN_HER_S99/policy_00/snapshot_target_000005000000_actual_000005013504.npz,51,0.5,3,1,13,0.06414758414030075,0.7530507515324802,8,5
ELM_CTRL_WAYPOINT_F64_DDQN_HER_S99,0,5000000,5013504,/work/classic/fr_xl1014-easy-landmark-maze/IntrMotiv/SF_hipposlam/train_dir/analysis/online_spatial/easy_landmark_maze_control_20260923/ELM_CTRL_WAYPOINT_F64_DDQN_HER_S99/policy_00/snapshot_target_000005000000_actual_000005013504.npz,51,0.5,1,2,3,0.01372589822858572,0.1611330826409257,0,0
ELM_CTRL_WAYPOINT_F64_DDQN_HER_S99,0,5000000,5013504,/work/classic/fr_xl1014-easy-landmark-maze/IntrMotiv/SF_hipposlam/train_dir/analysis/online_spatial/easy_landmark_maze_control_20260923/ELM_CTRL_WAYPOINT_F64_DDQN_HER_S99/policy_00/snapshot_target_000005000000_actual_000005013504.npz,51,0.5,2,3,2,0.007310131099075079,0.08581616582659406,8,2
ELM_CTRL_WAYPOINT_F64_DDQN_HER_S99,0,5000000,5013504,/work/classic/fr_xl1014-easy-landmark-maze/IntrMotiv/SF_hipposlam/train_dir/analysis/online_spatial/easy_landmark_maze_control_20260923/ELM_CTRL_WAYPOINT_F64_DDQN_HER_S99/policy_00/snapshot_target_000005000000_actual_000005013504.npz,52,0.5,1,1,2,0.0009429415804333985,1.0,0,6
ELM_CTRL_WAYPOINT_F64_DDQN_HER_S99,0,5000000,5013504,/work/classic/fr_xl1014-easy-landmark-maze/IntrMotiv/SF_hipposlam/train_dir/analysis/online_spatial/easy_landmark_maze_control_20260923/ELM_CTRL_WAYPOINT_F64_DDQN_HER_S99/policy_00/snapshot_target_000005000000_actual_000005013504.npz,53,0.5,2,1,6,0.012404763139784336,0.7997546368738766,0,7
ELM_CTRL_WAYPOINT_F64_DDQN_HER_S99,0,5000000,5013504,/work/classic/fr_xl1014-easy-landmark-maze/IntrMotiv/SF_hipposlam/train_dir/analysis/online_spatial/easy_landmark_maze_control_20260923/ELM_CTRL_WAYPOINT_F64_DDQN_HER_S99/policy_00/snapshot_target_000005000000_actual_000005013504.npz,53,0.5,1,2,2,0.00310594798065722,0.2002453631261234,0,3
ELM_CTRL_WAYPOINT_F64_DDQN_HER_S99,0,5000000,5013504,/work/classic/fr_xl1014-easy-landmark-maze/IntrMotiv/SF_hipposlam/train_dir/analysis/online_spatial/easy_landmark_maze_control_20260923/ELM_CTRL_WAYPOINT_F64_DDQN_HER_S99/policy_00/snapshot_target_000005000000_actual_000005013504.npz,54,0.5,1,1,15,1.3616373538970947,1.0,5,4
ELM_CTRL_WAYPOINT_F64_DDQN_HER_S99,0,5000000,5013504,/work/classic/fr_xl1014-easy-landmark-maze/IntrMotiv/SF_hipposlam/train_dir/analysis/online_spatial/easy_landmark_maze_control_20260923/ELM_CTRL_WAYPOINT_F64_DDQN_HER_S99/policy_00/snapshot_target_000005000000_actual_000005013504.npz,55,0.5,1,1,2,0.006792990490794182,1.0,8,0
ELM_CTRL_WAYPOINT_F64_DDQN_HER_S99,0,5000000,5013504,/work/classic/fr_xl1014-easy-landmark-maze/IntrMotiv/SF_hipposlam/train_dir/analysis/online_spatial/easy_landmark_maze_control_20260923/ELM_CTRL_WAYPOINT_F64_DDQN_HER_S99/policy_00/snapshot_target_000005000000_actual_000005013504.npz,56,0.5,1,1,18,1.2855138778686523,1.0,6,4
ELM_CTRL_WAYPOINT_F64_DDQN_HER_S99,0,5000000,5013504,/work/classic/fr_xl1014-easy-landmark-maze/IntrMotiv/SF_hipposlam/train_dir/analysis/online_spatial/easy_landmark_maze_control_20260923/ELM_CTRL_WAYPOINT_F64_DDQN_HER_S99/policy_00/snapshot_target_000005000000_actual_000005013504.npz,57,0.5,1,1,6,0.003416633466258645,0.7832752230858497,2,5
ELM_CTRL_WAYPOINT_F64_DDQN_HER_S99,0,5000000,5013504,/work/classic/fr_xl1014-easy-landmark-maze/IntrMotiv/SF_hipposlam/train_dir/analysis/online_spatial/easy_landmark_maze_control_20260923/ELM_CTRL_WAYPOINT_F64_DDQN_HER_S99/policy_00/snapshot_target_000005000000_actual_000005013504.npz,57,0.5,2,2,2,0.0009453498641960323,0.2167247769141503,6,6
ELM_CTRL_WAYPOINT_F64_DDQN_HER_S99,0,5000000,5013504,/work/classic/fr_xl1014-easy-landmark-maze/IntrMotiv/SF_hipposlam/train_dir/analysis/online_spatial/easy_landmark_maze_control_20260923/ELM_CTRL_WAYPOINT_F64_DDQN_HER_S99/policy_00/snapshot_target_000005000000_actual_000005013504.npz,58,0.5,2,1,5,0.01920562982559204,0.5631058726094383,8,8
ELM_CTRL_WAYPOINT_F64_DDQN_HER_S99,0,5000000,5013504,/work/classic/fr_xl1014-easy-landmark-maze/IntrMotiv/SF_hipposlam/train_dir/analysis/online_spatial/easy_landmark_maze_control_20260923/ELM_CTRL_WAYPOINT_F64_DDQN_HER_S99/policy_00/snapshot_target_000005000000_actual_000005013504.npz,58,0.5,3,2,3,0.011346105486154556,0.3326659260081227,0,8
ELM_CTRL_WAYPOINT_F64_DDQN_HER_S99,0,5000000,5013504,/work/classic/fr_xl1014-easy-landmark-maze/IntrMotiv/SF_hipposlam/train_dir/analysis/online_spatial/easy_landmark_maze_control_20260923/ELM_CTRL_WAYPOINT_F64_DDQN_HER_S99/policy_00/snapshot_target_000005000000_actual_000005013504.npz,58,0.5,1,3,1,0.003554870141670108,0.10422820138243898,0,0
ELM_CTRL_WAYPOINT_F64_DDQN_HER_S99,0,5000000,5013504,/work/classic/fr_xl1014-easy-landmark-maze/IntrMotiv/SF_hipposlam/train_dir/analysis/online_spatial/easy_landmark_maze_control_20260923/ELM_CTRL_WAYPOINT_F64_DDQN_HER_S99/policy_00/snapshot_target_000005000000_actual_000005013504.npz,59,0.5,3,1,8,0.015564549714326859,0.5077791076864994,8,5
ELM_CTRL_WAYPOINT_F64_DDQN_HER_S99,0,5000000,5013504,/work/classic/fr_xl1014-easy-landmark-maze/IntrMotiv/SF_hipposlam/train_dir/analysis/online_spatial/easy_landmark_maze_control_20260923/ELM_CTRL_WAYPOINT_F64_DDQN_HER_S99/policy_00/snapshot_target_000005000000_actual_000005013504.npz,59,0.5,1,2,6,0.01039863657206297,0.3392459465022624,0,0
ELM_CTRL_WAYPOINT_F64_DDQN_HER_S99,0,5000000,5013504,/work/classic/fr_xl1014-easy-landmark-maze/IntrMotiv/SF_hipposlam/train_dir/analysis/online_spatial/easy_landmark_maze_control_20260923/ELM_CTRL_WAYPOINT_F64_DDQN_HER_S99/policy_00/snapshot_target_000005000000_actual_000005013504.npz,59,0.5,2,3,2,0.0031866782810539007,0.10396244566895772,8,2
ELM_CTRL_WAYPOINT_F64_DDQN_HER_S99,0,5000000,5013504,/work/classic/fr_xl1014-easy-landmark-maze/IntrMotiv/SF_hipposlam/train_dir/analysis/online_spatial/easy_landmark_maze_control_20260923/ELM_CTRL_WAYPOINT_F64_DDQN_HER_S99/policy_00/snapshot_target_000005000000_actual_000005013504.npz,59,0.5,4,4,1,0.0015023412415757775,0.04901250014228043,4,6
ELM_CTRL_WAYPOINT_F64_DDQN_HER_S99,0,5000000,5013504,/work/classic/fr_xl1014-easy-landmark-maze/IntrMotiv/SF_hipposlam/train_dir/analysis/online_spatial/easy_landmark_maze_control_20260923/ELM_CTRL_WAYPOINT_F64_DDQN_HER_S99/policy_00/snapshot_target_000005000000_actual_000005013504.npz,60,0.5,2,1,7,0.007082066498696804,0.7225257508486127,6,6
ELM_CTRL_WAYPOINT_F64_DDQN_HER_S99,0,5000000,5013504,/work/classic/fr_xl1014-easy-landmark-maze/IntrMotiv/SF_hipposlam/train_dir/analysis/online_spatial/easy_landmark_maze_control_20260923/ELM_CTRL_WAYPOINT_F64_DDQN_HER_S99/policy_00/snapshot_target_000005000000_actual_000005013504.npz,60,0.5,1,2,2,0.001870141364634037,0.19079534115132926,3,4
ELM_CTRL_WAYPOINT_F64_DDQN_HER_S99,0,5000000,5013504,/work/classic/fr_xl1014-easy-landmark-maze/IntrMotiv/SF_hipposlam/train_dir/analysis/online_spatial/easy_landmark_maze_control_20260923/ELM_CTRL_WAYPOINT_F64_DDQN_HER_S99/policy_00/snapshot_target_000005000000_actual_000005013504.npz,60,0.5,3,3,1,0.0008496109512634575,0.08667890800005808,0,6
ELM_CTRL_WAYPOINT_F64_DDQN_HER_S99,0,5000000,5013504,/work/classic/fr_xl1014-easy-landmark-maze/IntrMotiv/SF_hipposlam/train_dir/analysis/online_spatial/easy_landmark_maze_control_20260923/ELM_CTRL_WAYPOINT_F64_DDQN_HER_S99/policy_00/snapshot_target_000005000000_actual_000005013504.npz,61,0.5,3,1,17,1.4922748804092407,0.760686114458025,8,6
ELM_CTRL_WAYPOINT_F64_DDQN_HER_S99,0,5000000,5013504,/work/classic/fr_xl1014-easy-landmark-maze/IntrMotiv/SF_hipposlam/train_dir/analysis/online_spatial/easy_landmark_maze_control_20260923/ELM_CTRL_WAYPOINT_F64_DDQN_HER_S99/policy_00/snapshot_target_000005000000_actual_000005013504.npz,61,0.5,1,2,5,0.4018423557281494,0.20483886998062786,5,0
ELM_CTRL_WAYPOINT_F64_DDQN_HER_S99,0,5000000,5013504,/work/classic/fr_xl1014-easy-landmark-maze/IntrMotiv/SF_hipposlam/train_dir/analysis/online_spatial/easy_landmark_maze_control_20260923/ELM_CTRL_WAYPOINT_F64_DDQN_HER_S99/policy_00/snapshot_target_000005000000_actual_000005013504.npz,61,0.5,2,3,1,0.0676313117146492,0.03447501556134713,8,2
ELM_CTRL_WAYPOINT_F64_DDQN_HER_S99,0,5000000,5013504,/work/classic/fr_xl1014-easy-landmark-maze/IntrMotiv/SF_hipposlam/train_dir/analysis/online_spatial/easy_landmark_maze_control_20260923/ELM_CTRL_WAYPOINT_F64_DDQN_HER_S99/policy_00/snapshot_target_000005000000_actual_000005013504.npz,62,0.5,2,1,5,0.0071375505067408085,0.6808191768921716,0,8
ELM_CTRL_WAYPOINT_F64_DDQN_HER_S99,0,5000000,5013504,/work/classic/fr_xl1014-easy-landmark-maze/IntrMotiv/SF_hipposlam/train_dir/analysis/online_spatial/easy_landmark_maze_control_20260923/ELM_CTRL_WAYPOINT_F64_DDQN_HER_S99/policy_00/snapshot_target_000005000000_actual_000005013504.npz,62,0.5,1,2,2,0.0023101044353097677,0.2203505808746586,7,0
ELM_CTRL_WAYPOINT_F64_DDQN_HER_S99,0,5000000,5013504,/work/classic/fr_xl1014-easy-landmark-maze/IntrMotiv/SF_hipposlam/train_dir/analysis/online_spatial/easy_landmark_maze_control_20260923/ELM_CTRL_WAYPOINT_F64_DDQN_HER_S99/policy_00/snapshot_target_000005000000_actual_000005013504.npz,62,0.5,3,3,1,0.0010361133608967066,0.09883024223316972,5,8
ELM_CTRL_WAYPOINT_F64_DDQN_HER_S99,0,5000000,5013504,/work/classic/fr_xl1014-easy-landmark-maze/IntrMotiv/SF_hipposlam/train_dir/analysis/online_spatial/easy_landmark_maze_control_20260923/ELM_CTRL_WAYPOINT_F64_DDQN_HER_S99/policy_00/snapshot_target_000005000000_actual_000005013504.npz,63,0.5,1,1,5,0.30082765221595764,0.5629691164836366,1,8
ELM_CTRL_WAYPOINT_F64_DDQN_HER_S99,0,5000000,5013504,/work/classic/fr_xl1014-easy-landmark-maze/IntrMotiv/SF_hipposlam/train_dir/analysis/online_spatial/easy_landmark_maze_control_20260923/ELM_CTRL_WAYPOINT_F64_DDQN_HER_S99/policy_00/snapshot_target_000005000000_actual_000005013504.npz,63,0.5,2,2,3,0.2335314154624939,0.4370308835163634,8,8
ELM_CTRL_WAYPOINT_F64_DDQN_HER_S99,0,5000000,5013504,/work/classic/fr_xl1014-easy-landmark-maze/IntrMotiv/SF_hipposlam/train_dir/analysis/online_spatial/easy_landmark_maze_control_20260923/ELM_CTRL_WAYPOINT_F64_DDQN_HER_S99/policy_00/snapshot_target_000005000000_actual_000005013504.npz,0,0.699999988079071,1,1,8,1.963708758354187,1.0,8,4
ELM_CTRL_WAYPOINT_F64_DDQN_HER_S99,0,5000000,5013504,/work/classic/fr_xl1014-easy-landmark-maze/IntrMotiv/SF_hipposlam/train_dir/analysis/online_spatial/easy_landmark_maze_control_20260923/ELM_CTRL_WAYPOINT_F64_DDQN_HER_S99/policy_00/snapshot_target_000005000000_actual_000005013504.npz,1,0.699999988079071,2,1,6,0.6412729024887085,0.8573634496108293,2,7
ELM_CTRL_WAYPOINT_F64_DDQN_HER_S99,0,5000000,5013504,/work/classic/fr_xl1014-easy-landmark-maze/IntrMotiv/SF_hipposlam/train_dir/analysis/online_spatial/easy_landmark_maze_control_20260923/ELM_CTRL_WAYPOINT_F64_DDQN_HER_S99/policy_00/snapshot_target_000005000000_actual_000005013504.npz,1,0.699999988079071,1,2,1,0.10668632388114929,0.1426365503891706,0,3
ELM_CTRL_WAYPOINT_F64_DDQN_HER_S99,0,5000000,5013504,/work/classic/fr_xl1014-easy-landmark-maze/IntrMotiv/SF_hipposlam/train_dir/analysis/online_spatial/easy_landmark_maze_control_20260923/ELM_CTRL_WAYPOINT_F64_DDQN_HER_S99/policy_00/snapshot_target_000005000000_actual_000005013504.npz,2,0.699999988079071,4,1,9,0.8754153251647949,0.46083777391805236,2,8
ELM_CTRL_WAYPOINT_F64_DDQN_HER_S99,0,5000000,5013504,/work/classic/fr_xl1014-easy-landmark-maze/IntrMotiv/SF_hipposlam/train_dir/analysis/online_spatial/easy_landmark_maze_control_20260923/ELM_CTRL_WAYPOINT_F64_DDQN_HER_S99/policy_00/snapshot_target_000005000000_actual_000005013504.npz,2,0.699999988079071,3,2,4,0.39235955476760864,0.20654665116874105,0,3
ELM_CTRL_WAYPOINT_F64_DDQN_HER_S99,0,5000000,5013504,/work/classic/fr_xl1014-easy-landmark-maze/IntrMotiv/SF_hipposlam/train_dir/analysis/online_spatial/easy_landmark_maze_control_20260923/ELM_CTRL_WAYPOINT_F64_DDQN_HER_S99/policy_00/snapshot_target_000005000000_actual_000005013504.npz,2,0.699999988079071,2,3,3,0.27389052510261536,0.14418196284349402,8,2
ELM_CTRL_WAYPOINT_F64_DDQN_HER_S99,0,5000000,5013504,/work/classic/fr_xl1014-easy-landmark-maze/IntrMotiv/SF_hipposlam/train_dir/analysis/online_spatial/easy_landmark_maze_control_20260923/ELM_CTRL_WAYPOINT_F64_DDQN_HER_S99/policy_00/snapshot_target_000005000000_actual_000005013504.npz,2,0.699999988079071,1,4,3,0.26994064450263977,0.1421026593053795,4,0
ELM_CTRL_WAYPOINT_F64_DDQN_HER_S99,0,5000000,5013504,/work/classic/fr_xl1014-easy-landmark-maze/IntrMotiv/SF_hipposlam/train_dir/analysis/online_spatial/easy_landmark_maze_control_20260923/ELM_CTRL_WAYPOINT_F64_DDQN_HER_S99/policy_00/snapshot_target_000005000000_actual_000005013504.npz,2,0.699999988079071,5,5,1,0.08801107108592987,0.046330952764333064,8,6
ELM_CTRL_WAYPOINT_F64_DDQN_HER_S99,0,5000000,5013504,/work/classic/fr_xl1014-easy-landmark-maze/IntrMotiv/SF_hipposlam/train_dir/analysis/online_spatial/easy_landmark_maze_control_20260923/ELM_CTRL_WAYPOINT_F64_DDQN_HER_S99/policy_00/snapshot_target_000005000000_actual_000005013504.npz,3,0.699999988079071,1,1,4,0.0068480209447443485,0.5810573495905972,8,7
ELM_CTRL_WAYPOINT_F64_DDQN_HER_S99,0,5000000,5013504,/work/classic/fr_xl1014-easy-landmark-maze/IntrMotiv/SF_hipposlam/train_dir/analysis/online_spatial/easy_landmark_maze_control_20260923/ELM_CTRL_WAYPOINT_F64_DDQN_HER_S99/policy_00/snapshot_target_000005000000_actual_000005013504.npz,3,0.699999988079071,2,2,3,0.004937426652759314,0.4189426504094029,0,8
ELM_CTRL_WAYPOINT_F64_DDQN_HER_S99,0,5000000,5013504,/work/classic/fr_xl1014-easy-landmark-maze/IntrMotiv/SF_hipposlam/train_dir/analysis/online_spatial/easy_landmark_maze_control_20260923/ELM_CTRL_WAYPOINT_F64_DDQN_HER_S99/policy_00/snapshot_target_000005000000_actual_000005013504.npz,4,0.699999988079071,1,1,3,0.010396664962172508,0.5070837429446243,0,8
ELM_CTRL_WAYPOINT_F64_DDQN_HER_S99,0,5000000,5013504,/work/classic/fr_xl1014-easy-landmark-maze/IntrMotiv/SF_hipposlam/train_dir/analysis/online_spatial/easy_landmark_maze_control_20260923/ELM_CTRL_WAYPOINT_F64_DDQN_HER_S99/policy_00/snapshot_target_000005000000_actual_000005013504.npz,4,0.699999988079071,2,2,3,0.010106191039085388,0.4929162570553756,8,8
ELM_CTRL_WAYPOINT_F64_DDQN_HER_S99,0,5000000,5013504,/work/classic/fr_xl1014-easy-landmark-maze/IntrMotiv/SF_hipposlam/train_dir/analysis/online_spatial/easy_landmark_maze_control_20260923/ELM_CTRL_WAYPOINT_F64_DDQN_HER_S99/policy_00/snapshot_target_000005000000_actual_000005013504.npz,5,0.699999988079071,3,1,7,0.6086886525154114,0.44813356705646157,0,7
ELM_CTRL_WAYPOINT_F64_DDQN_HER_S99,0,5000000,5013504,/work/classic/fr_xl1014-easy-landmark-maze/IntrMotiv/SF_hipposlam/train_dir/analysis/online_spatial/easy_landmark_maze_control_20260923/ELM_CTRL_WAYPOINT_F64_DDQN_HER_S99/policy_00/snapshot_target_000005000000_actual_000005013504.npz,5,0.699999988079071,4,2,4,0.38313302397727966,0.28207322082075453,8,8
ELM_CTRL_WAYPOINT_F64_DDQN_HER_S99,0,5000000,5013504,/work/classic/fr_xl1014-easy-landmark-maze/IntrMotiv/SF_hipposlam/train_dir/analysis/online_spatial/easy_landmark_maze_control_20260923/ELM_CTRL_WAYPOINT_F64_DDQN_HER_S99/policy_00/snapshot_target_000005000000_actual_000005013504.npz,5,0.699999988079071,2,3,3,0.29081761837005615,0.21410804381594464,8,1
ELM_CTRL_WAYPOINT_F64_DDQN_HER_S99,0,5000000,5013504,/work/classic/fr_xl1014-easy-landmark-maze/IntrMotiv/SF_hipposlam/train_dir/analysis/online_spatial/easy_landmark_maze_control_20260923/ELM_CTRL_WAYPOINT_F64_DDQN_HER_S99/policy_00/snapshot_target_000005000000_actual_000005013504.npz,5,0.699999988079071,1,4,1,0.07563577592372894,0.05568516830683927,3,0
ELM_CTRL_WAYPOINT_F64_DDQN_HER_S99,0,5000000,5013504,/work/classic/fr_xl1014-easy-landmark-maze/IntrMotiv/SF_hipposlam/train_dir/analysis/online_spatial/easy_landmark_maze_control_20260923/ELM_CTRL_WAYPOINT_F64_DDQN_HER_S99/policy_00/snapshot_target_000005000000_actual_000005013504.npz,6,0.699999988079071,2,1,4,0.0031137249898165464,0.8010322523916277,6,6
ELM_CTRL_WAYPOINT_F64_DDQN_HER_S99,0,5000000,5013504,/work/classic/fr_xl1014-easy-landmark-maze/IntrMotiv/SF_hipposlam/train_dir/analysis/online_spatial/easy_landmark_maze_control_20260923/ELM_CTRL_WAYPOINT_F64_DDQN_HER_S99/policy_00/snapshot_target_000005000000_actual_000005013504.npz,6,0.699999988079071,1,2,1,0.000773415609728545,0.19896774760837235,3,0
ELM_CTRL_WAYPOINT_F64_DDQN_HER_S99,0,5000000,5013504,/work/classic/fr_xl1014-easy-landmark-maze/IntrMotiv/SF_hipposlam/train_dir/analysis/online_spatial/easy_landmark_maze_control_20260923/ELM_CTRL_WAYPOINT_F64_DDQN_HER_S99/policy_00/snapshot_target_000005000000_actual_000005013504.npz,7,0.699999988079071,1,1,3,0.008929068222641945,1.0,8,8
ELM_CTRL_WAYPOINT_F64_DDQN_HER_S99,0,5000000,5013504,/work/classic/fr_xl1014-easy-landmark-maze/IntrMotiv/SF_hipposlam/train_dir/analysis/online_spatial/easy_landmark_maze_control_20260923/ELM_CTRL_WAYPOINT_F64_DDQN_HER_S99/policy_00/snapshot_target_000005000000_actual_000005013504.npz,8,0.699999988079071,2,1,1,0.0006856700638309121,0.5461242230121687,8,8
ELM_CTRL_WAYPOINT_F64_DDQN_HER_S99,0,5000000,5013504,/work/classic/fr_xl1014-easy-landmark-maze/IntrMotiv/SF_hipposlam/train_dir/analysis/online_spatial/easy_landmark_maze_control_20260923/ELM_CTRL_WAYPOINT_F64_DDQN_HER_S99/policy_00/snapshot_target_000005000000_actual_000005013504.npz,8,0.699999988079071,1,2,1,0.000569850264582783,0.45387577698783127,0,8
ELM_CTRL_WAYPOINT_F64_DDQN_HER_S99,0,5000000,5013504,/work/classic/fr_xl1014-easy-landmark-maze/IntrMotiv/SF_hipposlam/train_dir/analysis/online_spatial/easy_landmark_maze_control_20260923/ELM_CTRL_WAYPOINT_F64_DDQN_HER_S99/policy_00/snapshot_target_000005000000_actual_000005013504.npz,9,0.699999988079071,1,1,11,1.5653749704360962,1.0,8,4
ELM_CTRL_WAYPOINT_F64_DDQN_HER_S99,0,5000000,5013504,/work/classic/fr_xl1014-easy-landmark-maze/IntrMotiv/SF_hipposlam/train_dir/analysis/online_spatial/easy_landmark_maze_control_20260923/ELM_CTRL_WAYPOINT_F64_DDQN_HER_S99/policy_00/snapshot_target_000005000000_actual_000005013504.npz,10,0.699999988079071,1,1,9,1.161478042602539,1.0,3,2
ELM_CTRL_WAYPOINT_F64_DDQN_HER_S99,0,5000000,5013504,/work/classic/fr_xl1014-easy-landmark-maze/IntrMotiv/SF_hipposlam/train_dir/analysis/online_spatial/easy_landmark_maze_control_20260923/ELM_CTRL_WAYPOINT_F64_DDQN_HER_S99/policy_00/snapshot_target_000005000000_actual_000005013504.npz,11,0.699999988079071,3,1,4,0.33244210481643677,0.7008037620945621,8,3
ELM_CTRL_WAYPOINT_F64_DDQN_HER_S99,0,5000000,5013504,/work/classic/fr_xl1014-easy-landmark-maze/IntrMotiv/SF_hipposlam/train_dir/analysis/online_spatial/easy_landmark_maze_control_20260923/ELM_CTRL_WAYPOINT_F64_DDQN_HER_S99/policy_00/snapshot_target_000005000000_actual_000005013504.npz,11,0.699999988079071,1,2,1,0.07243891805410385,0.15270468318808966,3,0
ELM_CTRL_WAYPOINT_F64_DDQN_HER_S99,0,5000000,5013504,/work/classic/fr_xl1014-easy-landmark-maze/IntrMotiv/SF_hipposlam/train_dir/analysis/online_spatial/easy_landmark_maze_control_20260923/ELM_CTRL_WAYPOINT_F64_DDQN_HER_S99/policy_00/snapshot_target_000005000000_actual_000005013504.npz,11,0.699999988079071,2,3,1,0.06949158012866974,0.14649155471734823,6,0
ELM_CTRL_WAYPOINT_F64_DDQN_HER_S99,0,5000000,5013504,/work/classic/fr_xl1014-easy-landmark-maze/IntrMotiv/SF_hipposlam/train_dir/analysis/online_spatial/easy_landmark_maze_control_20260923/ELM_CTRL_WAYPOINT_F64_DDQN_HER_S99/policy_00/snapshot_target_000005000000_actual_000005013504.npz,12,0.699999988079071,2,1,2,0.000904738437384367,0.5142387194631134,8,5
ELM_CTRL_WAYPOINT_F64_DDQN_HER_S99,0,5000000,5013504,/work/classic/fr_xl1014-easy-landmark-maze/IntrMotiv/SF_hipposlam/train_dir/analysis/online_spatial/easy_landmark_maze_control_20260923/ELM_CTRL_WAYPOINT_F64_DDQN_HER_S99/policy_00/snapshot_target_000005000000_actual_000005013504.npz,12,0.699999988079071,1,2,2,0.0008546359604224563,0.48576128053688666,5,2
ELM_CTRL_WAYPOINT_F64_DDQN_HER_S99,0,5000000,5013504,/work/classic/fr_xl1014-easy-landmark-maze/IntrMotiv/SF_hipposlam/train_dir/analysis/online_spatial/easy_landmark_maze_control_20260923/ELM_CTRL_WAYPOINT_F64_DDQN_HER_S99/policy_00/snapshot_target_000005000000_actual_000005013504.npz,13,0.699999988079071,1,1,7,0.011892068199813366,1.0,8,5
ELM_CTRL_WAYPOINT_F64_DDQN_HER_S99,0,5000000,5013504,/work/classic/fr_xl1014-easy-landmark-maze/IntrMotiv/SF_hipposlam/train_dir/analysis/online_spatial/easy_landmark_maze_control_20260923/ELM_CTRL_WAYPOINT_F64_DDQN_HER_S99/policy_00/snapshot_target_000005000000_actual_000005013504.npz,14,0.699999988079071,2,1,7,0.028392711654305458,0.8037574046125346,8,5
ELM_CTRL_WAYPOINT_F64_DDQN_HER_S99,0,5000000,5013504,/work/classic/fr_xl1014-easy-landmark-maze/IntrMotiv/SF_hipposlam/train_dir/analysis/online_spatial/easy_landmark_maze_control_20260923/ELM_CTRL_WAYPOINT_F64_DDQN_HER_S99/policy_00/snapshot_target_000005000000_actual_000005013504.npz,14,0.699999988079071,1,2,2,0.0069322651252150536,0.19624259538746539,0,0
ELM_CTRL_WAYPOINT_F64_DDQN_HER_S99,0,5000000,5013504,/work/classic/fr_xl1014-easy-landmark-maze/IntrMotiv/SF_hipposlam/train_dir/analysis/online_spatial/easy_landmark_maze_control_20260923/ELM_CTRL_WAYPOINT_F64_DDQN_HER_S99/policy_00/snapshot_target_000005000000_actual_000005013504.npz,15,0.699999988079071,1,1,3,0.002652024617418647,0.5640718783202092,1,0
ELM_CTRL_WAYPOINT_F64_DDQN_HER_S99,0,5000000,5013504,/work/classic/fr_xl1014-easy-landmark-maze/IntrMotiv/SF_hipposlam/train_dir/analysis/online_spatial/easy_landmark_maze_control_20260923/ELM_CTRL_WAYPOINT_F64_DDQN_HER_S99/policy_00/snapshot_target_000005000000_actual_000005013504.npz,15,0.699999988079071,2,2,1,0.001153978519141674,0.2454452445720502,8,5
ELM_CTRL_WAYPOINT_F64_DDQN_HER_S99,0,5000000,5013504,/work/classic/fr_xl1014-easy-landmark-maze/IntrMotiv/SF_hipposlam/train_dir/analysis/online_spatial/easy_landmark_maze_control_20260923/ELM_CTRL_WAYPOINT_F64_DDQN_HER_S99/policy_00/snapshot_target_000005000000_actual_000005013504.npz,15,0.699999988079071,3,3,1,0.0008955689845606685,0.19048287710774056,5,8
ELM_CTRL_WAYPOINT_F64_DDQN_HER_S99,0,5000000,5013504,/work/classic/fr_xl1014-easy-landmark-maze/IntrMotiv/SF_hipposlam/train_dir/analysis/online_spatial/easy_landmark_maze_control_20260923/ELM_CTRL_WAYPOINT_F64_DDQN_HER_S99/policy_00/snapshot_target_000005000000_actual_000005013504.npz,16,0.699999988079071,1,1,3,0.004125934559851885,1.0,5,8
ELM_CTRL_WAYPOINT_F64_DDQN_HER_S99,0,5000000,5013504,/work/classic/fr_xl1014-easy-landmark-maze/IntrMotiv/SF_hipposlam/train_dir/analysis/online_spatial/easy_landmark_maze_control_20260923/ELM_CTRL_WAYPOINT_F64_DDQN_HER_S99/policy_00/snapshot_target_000005000000_actual_000005013504.npz,17,0.699999988079071,2,1,1,0.002918089972808957,0.5316236311480497,8,8
ELM_CTRL_WAYPOINT_F64_DDQN_HER_S99,0,5000000,5013504,/work/classic/fr_xl1014-easy-landmark-maze/IntrMotiv/SF_hipposlam/train_dir/analysis/online_spatial/easy_landmark_maze_control_20260923/ELM_CTRL_WAYPOINT_F64_DDQN_HER_S99/policy_00/snapshot_target_000005000000_actual_000005013504.npz,17,0.699999988079071,1,2,1,0.0025709248147904873,0.46837636885195033,0,8
ELM_CTRL_WAYPOINT_F64_DDQN_HER_S99,0,5000000,5013504,/work/classic/fr_xl1014-easy-landmark-maze/IntrMotiv/SF_hipposlam/train_dir/analysis/online_spatial/easy_landmark_maze_control_20260923/ELM_CTRL_WAYPOINT_F64_DDQN_HER_S99/policy_00/snapshot_target_000005000000_actual_000005013504.npz,18,0.699999988079071,2,1,2,0.011322084814310074,0.687156896589975,8,8
ELM_CTRL_WAYPOINT_F64_DDQN_HER_S99,0,5000000,5013504,/work/classic/fr_xl1014-easy-landmark-maze/IntrMotiv/SF_hipposlam/train_dir/analysis/online_spatial/easy_landmark_maze_control_20260923/ELM_CTRL_WAYPOINT_F64_DDQN_HER_S99/policy_00/snapshot_target_000005000000_actual_000005013504.npz,18,0.699999988079071,1,2,1,0.005154625046998262,0.31284310341002497,0,8
ELM_CTRL_WAYPOINT_F64_DDQN_HER_S99,0,5000000,5013504,/work/classic/fr_xl1014-easy-landmark-maze/IntrMotiv/SF_hipposlam/train_dir/analysis/online_spatial/easy_landmark_maze_control_20260923/ELM_CTRL_WAYPOINT_F64_DDQN_HER_S99/policy_00/snapshot_target_000005000000_actual_000005013504.npz,19,0.699999988079071,1,1,2,0.0028408453799784184,1.0,0,5
ELM_CTRL_WAYPOINT_F64_DDQN_HER_S99,0,5000000,5013504,/work/classic/fr_xl1014-easy-landmark-maze/IntrMotiv/SF_hipposlam/train_dir/analysis/online_spatial/easy_landmark_maze_control_20260923/ELM_CTRL_WAYPOINT_F64_DDQN_HER_S99/policy_00/snapshot_target_000005000000_actual_000005013504.npz,20,0.699999988079071,2,1,8,0.010487082414329052,0.751945982237423,7,4
ELM_CTRL_WAYPOINT_F64_DDQN_HER_S99,0,5000000,5013504,/work/classic/fr_xl1014-easy-landmark-maze/IntrMotiv/SF_hipposlam/train_dir/analysis/online_spatial/easy_landmark_maze_control_20260923/ELM_CTRL_WAYPOINT_F64_DDQN_HER_S99/policy_00/snapshot_target_000005000000_actual_000005013504.npz,20,0.699999988079071,3,2,2,0.0023939090315252542,0.17164833906880883,2,6
ELM_CTRL_WAYPOINT_F64_DDQN_HER_S99,0,5000000,5013504,/work/classic/fr_xl1014-easy-landmark-maze/IntrMotiv/SF_hipposlam/train_dir/analysis/online_spatial/easy_landmark_maze_control_20260923/ELM_CTRL_WAYPOINT_F64_DDQN_HER_S99/policy_00/snapshot_target_000005000000_actual_000005013504.npz,20,0.699999988079071,1,3,1,0.0010655986843630672,0.07640567869376819,2,3
ELM_CTRL_WAYPOINT_F64_DDQN_HER_S99,0,5000000,5013504,/work/classic/fr_xl1014-easy-landmark-maze/IntrMotiv/SF_hipposlam/train_dir/analysis/online_spatial/easy_landmark_maze_control_20260923/ELM_CTRL_WAYPOINT_F64_DDQN_HER_S99/policy_00/snapshot_target_000005000000_actual_000005013504.npz,21,0.699999988079071,1,1,22,1.6022686958312988,0.8270554322819453,0,3
ELM_CTRL_WAYPOINT_F64_DDQN_HER_S99,0,5000000,5013504,/work/classic/fr_xl1014-easy-landmark-maze/IntrMotiv/SF_hipposlam/train_dir/analysis/online_spatial/easy_landmark_maze_control_20260923/ELM_CTRL_WAYPOINT_F64_DDQN_HER_S99/policy_00/snapshot_target_000005000000_actual_000005013504.npz,21,0.699999988079071,2,2,4,0.2684885859489441,0.13858783117494802,4,6
ELM_CTRL_WAYPOINT_F64_DDQN_HER_S99,0,5000000,5013504,/work/classic/fr_xl1014-easy-landmark-maze/IntrMotiv/SF_hipposlam/train_dir/analysis/online_spatial/easy_landmark_maze_control_20260923/ELM_CTRL_WAYPOINT_F64_DDQN_HER_S99/policy_00/snapshot_target_000005000000_actual_000005013504.npz,21,0.699999988079071,3,3,1,0.06655989587306976,0.03435673654310663,6,8
ELM_CTRL_WAYPOINT_F64_DDQN_HER_S99,0,5000000,5013504,/work/classic/fr_xl1014-easy-landmark-maze/IntrMotiv/SF_hipposlam/train_dir/analysis/online_spatial/easy_landmark_maze_control_20260923/ELM_CTRL_WAYPOINT_F64_DDQN_HER_S99/policy_00/snapshot_target_000005000000_actual_000005013504.npz,22,0.699999988079071,2,1,6,0.7346949577331543,0.8347356587557554,4,6
ELM_CTRL_WAYPOINT_F64_DDQN_HER_S99,0,5000000,5013504,/work/classic/fr_xl1014-easy-landmark-maze/IntrMotiv/SF_hipposlam/train_dir/analysis/online_spatial/easy_landmark_maze_control_20260923/ELM_CTRL_WAYPOINT_F64_DDQN_HER_S99/policy_00/snapshot_target_000005000000_actual_000005013504.npz,22,0.699999988079071,1,2,1,0.14545787870883942,0.16526434124424455,0,3
ELM_CTRL_WAYPOINT_F64_DDQN_HER_S99,0,5000000,5013504,/work/classic/fr_xl1014-easy-landmark-maze/IntrMotiv/SF_hipposlam/train_dir/analysis/online_spatial/easy_landmark_maze_control_20260923/ELM_CTRL_WAYPOINT_F64_DDQN_HER_S99/policy_00/snapshot_target_000005000000_actual_000005013504.npz,23,0.699999988079071,3,1,4,0.005595785565674305,0.6197655428179719,8,6
ELM_CTRL_WAYPOINT_F64_DDQN_HER_S99,0,5000000,5013504,/work/classic/fr_xl1014-easy-landmark-maze/IntrMotiv/SF_hipposlam/train_dir/analysis/online_spatial/easy_landmark_maze_control_20260923/ELM_CTRL_WAYPOINT_F64_DDQN_HER_S99/policy_00/snapshot_target_000005000000_actual_000005013504.npz,23,0.699999988079071,4,2,1,0.0011614783434197307,0.12864042903940429,5,8
ELM_CTRL_WAYPOINT_F64_DDQN_HER_S99,0,5000000,5013504,/work/classic/fr_xl1014-easy-landmark-maze/IntrMotiv/SF_hipposlam/train_dir/analysis/online_spatial/easy_landmark_maze_control_20260923/ELM_CTRL_WAYPOINT_F64_DDQN_HER_S99/policy_00/snapshot_target_000005000000_actual_000005013504.npz,23,0.699999988079071,1,3,1,0.0011567906476557255,0.12812123968240574,0,0
ELM_CTRL_WAYPOINT_F64_DDQN_HER_S99,0,5000000,5013504,/work/classic/fr_xl1014-easy-landmark-maze/IntrMotiv/SF_hipposlam/train_dir/analysis/online_spatial/easy_landmark_maze_control_20260923/ELM_CTRL_WAYPOINT_F64_DDQN_HER_S99/policy_00/snapshot_target_000005000000_actual_000005013504.npz,23,0.699999988079071,2,4,1,0.0011148203630000353,0.1234727884602181,2,3
ELM_CTRL_WAYPOINT_F64_DDQN_HER_S99,0,5000000,5013504,/work/classic/fr_xl1014-easy-landmark-maze/IntrMotiv/SF_hipposlam/train_dir/analysis/online_spatial/easy_landmark_maze_control_20260923/ELM_CTRL_WAYPOINT_F64_DDQN_HER_S99/policy_00/snapshot_target_000005000000_actual_000005013504.npz,24,0.699999988079071,1,1,4,0.010998761281371117,1.0,6,3
ELM_CTRL_WAYPOINT_F64_DDQN_HER_S99,0,5000000,5013504,/work/classic/fr_xl1014-easy-landmark-maze/IntrMotiv/SF_hipposlam/train_dir/analysis/online_spatial/easy_landmark_maze_control_20260923/ELM_CTRL_WAYPOINT_F64_DDQN_HER_S99/policy_00/snapshot_target_000005000000_actual_000005013504.npz,25,0.699999988079071,1,1,6,1.1632381677627563,0.7104478757293632,1,6
ELM_CTRL_WAYPOINT_F64_DDQN_HER_S99,0,5000000,5013504,/work/classic/fr_xl1014-easy-landmark-maze/IntrMotiv/SF_hipposlam/train_dir/analysis/online_spatial/easy_landmark_maze_control_20260923/ELM_CTRL_WAYPOINT_F64_DDQN_HER_S99/policy_00/snapshot_target_000005000000_actual_000005013504.npz,25,0.699999988079071,2,2,3,0.47409260272979736,0.28955212427063676,6,6
ELM_CTRL_WAYPOINT_F64_DDQN_HER_S99,0,5000000,5013504,/work/classic/fr_xl1014-easy-landmark-maze/IntrMotiv/SF_hipposlam/train_dir/analysis/online_spatial/easy_landmark_maze_control_20260923/ELM_CTRL_WAYPOINT_F64_DDQN_HER_S99/policy_00/snapshot_target_000005000000_actual_000005013504.npz,26,0.699999988079071,2,1,3,0.0010254327207803726,0.7479576399908708,2,7
ELM_CTRL_WAYPOINT_F64_DDQN_HER_S99,0,5000000,5013504,/work/classic/fr_xl1014-easy-landmark-maze/IntrMotiv/SF_hipposlam/train_dir/analysis/online_spatial/easy_landmark_maze_control_20260923/ELM_CTRL_WAYPOINT_F64_DDQN_HER_S99/policy_00/snapshot_target_000005000000_actual_000005013504.npz,26,0.699999988079071,1,2,1,0.00034554427838884294,0.2520423600091291,0,3
ELM_CTRL_WAYPOINT_F64_DDQN_HER_S99,0,5000000,5013504,/work/classic/fr_xl1014-easy-landmark-maze/IntrMotiv/SF_hipposlam/train_dir/analysis/online_spatial/easy_landmark_maze_control_20260923/ELM_CTRL_WAYPOINT_F64_DDQN_HER_S99/policy_00/snapshot_target_000005000000_actual_000005013504.npz,27,0.699999988079071,4,1,1,0.12371087819337845,0.2665813168967194,8,8
ELM_CTRL_WAYPOINT_F64_DDQN_HER_S99,0,5000000,5013504,/work/classic/fr_xl1014-easy-landmark-maze/IntrMotiv/SF_hipposlam/train_dir/analysis/online_spatial/easy_landmark_maze_control_20260923/ELM_CTRL_WAYPOINT_F64_DDQN_HER_S99/policy_00/snapshot_target_000005000000_actual_000005013504.npz,27,0.699999988079071,2,2,1,0.12294938415288925,0.264940393421863,8,0
ELM_CTRL_WAYPOINT_F64_DDQN_HER_S99,0,5000000,5013504,/work/classic/fr_xl1014-easy-landmark-maze/IntrMotiv/SF_hipposlam/train_dir/analysis/online_spatial/easy_landmark_maze_control_20260923/ELM_CTRL_WAYPOINT_F64_DDQN_HER_S99/policy_00/snapshot_target_000005000000_actual_000005013504.npz,27,0.699999988079071,3,3,1,0.11226823925971985,0.2419238752856416,0,8
ELM_CTRL_WAYPOINT_F64_DDQN_HER_S99,0,5000000,5013504,/work/classic/fr_xl1014-easy-landmark-maze/IntrMotiv/SF_hipposlam/train_dir/analysis/online_spatial/easy_landmark_maze_control_20260923/ELM_CTRL_WAYPOINT_F64_DDQN_HER_S99/policy_00/snapshot_target_000005000000_actual_000005013504.npz,27,0.699999988079071,1,4,1,0.10513582080602646,0.2265544143957761,0,0
ELM_CTRL_WAYPOINT_F64_DDQN_HER_S99,0,5000000,5013504,/work/classic/fr_xl1014-easy-landmark-maze/IntrMotiv/SF_hipposlam/train_dir/analysis/online_spatial/easy_landmark_maze_control_20260923/ELM_CTRL_WAYPOINT_F64_DDQN_HER_S99/policy_00/snapshot_target_000005000000_actual_000005013504.npz,28,0.699999988079071,1,1,4,0.015059580095112324,0.4187428816420668,3,2
ELM_CTRL_WAYPOINT_F64_DDQN_HER_S99,0,5000000,5013504,/work/classic/fr_xl1014-easy-landmark-maze/IntrMotiv/SF_hipposlam/train_dir/analysis/online_spatial/easy_landmark_maze_control_20260923/ELM_CTRL_WAYPOINT_F64_DDQN_HER_S99/policy_00/snapshot_target_000005000000_actual_000005013504.npz,28,0.699999988079071,2,2,4,0.014528702013194561,0.40398141974081453,8,6
ELM_CTRL_WAYPOINT_F64_DDQN_HER_S99,0,5000000,5013504,/work/classic/fr_xl1014-easy-landmark-maze/IntrMotiv/SF_hipposlam/train_dir/analysis/online_spatial/easy_landmark_maze_control_20260923/ELM_CTRL_WAYPOINT_F64_DDQN_HER_S99/policy_00/snapshot_target_000005000000_actual_000005013504.npz,28,0.699999988079071,3,3,2,0.006375505588948727,0.1772756986171187,5,8
ELM_CTRL_WAYPOINT_F64_DDQN_HER_S99,0,5000000,5013504,/work/classic/fr_xl1014-easy-landmark-maze/IntrMotiv/SF_hipposlam/train_dir/analysis/online_spatial/easy_landmark_maze_control_20260923/ELM_CTRL_WAYPOINT_F64_DDQN_HER_S99/policy_00/snapshot_target_000005000000_actual_000005013504.npz,29,0.699999988079071,1,1,4,0.8822857141494751,1.0,6,5
ELM_CTRL_WAYPOINT_F64_DDQN_HER_S99,0,5000000,5013504,/work/classic/fr_xl1014-easy-landmark-maze/IntrMotiv/SF_hipposlam/train_dir/analysis/online_spatial/easy_landmark_maze_control_20260923/ELM_CTRL_WAYPOINT_F64_DDQN_HER_S99/policy_00/snapshot_target_000005000000_actual_000005013504.npz,30,0.699999988079071,1,1,17,1.7199020385742188,1.0,1,5
ELM_CTRL_WAYPOINT_F64_DDQN_HER_S99,0,5000000,5013504,/work/classic/fr_xl1014-easy-landmark-maze/IntrMotiv/SF_hipposlam/train_dir/analysis/online_spatial/easy_landmark_maze_control_20260923/ELM_CTRL_WAYPOINT_F64_DDQN_HER_S99/policy_00/snapshot_target_000005000000_actual_000005013504.npz,31,0.699999988079071,1,1,1,0.00021359733364079148,1.0,0,0
ELM_CTRL_WAYPOINT_F64_DDQN_HER_S99,0,5000000,5013504,/work/classic/fr_xl1014-easy-landmark-maze/IntrMotiv/SF_hipposlam/train_dir/analysis/online_spatial/easy_landmark_maze_control_20260923/ELM_CTRL_WAYPOINT_F64_DDQN_HER_S99/policy_00/snapshot_target_000005000000_actual_000005013504.npz,32,0.699999988079071,1,1,7,0.023852070793509483,1.0,4,4
ELM_CTRL_WAYPOINT_F64_DDQN_HER_S99,0,5000000,5013504,/work/classic/fr_xl1014-easy-landmark-maze/IntrMotiv/SF_hipposlam/train_dir/analysis/online_spatial/easy_landmark_maze_control_20260923/ELM_CTRL_WAYPOINT_F64_DDQN_HER_S99/policy_00/snapshot_target_000005000000_actual_000005013504.npz,33,0.699999988079071,1,1,4,0.5247790813446045,0.34996627542844594,4,0
ELM_CTRL_WAYPOINT_F64_DDQN_HER_S99,0,5000000,5013504,/work/classic/fr_xl1014-easy-landmark-maze/IntrMotiv/SF_hipposlam/train_dir/analysis/online_spatial/easy_landmark_maze_control_20260923/ELM_CTRL_WAYPOINT_F64_DDQN_HER_S99/policy_00/snapshot_target_000005000000_actual_000005013504.npz,33,0.699999988079071,4,2,4,0.46617835760116577,0.31088644592503734,3,8
ELM_CTRL_WAYPOINT_F64_DDQN_HER_S99,0,5000000,5013504,/work/classic/fr_xl1014-easy-landmark-maze/IntrMotiv/SF_hipposlam/train_dir/analysis/online_spatial/easy_landmark_maze_control_20260923/ELM_CTRL_WAYPOINT_F64_DDQN_HER_S99/policy_00/snapshot_target_000005000000_actual_000005013504.npz,33,0.699999988079071,2,3,3,0.39497652649879456,0.2634031514866693,0,3
ELM_CTRL_WAYPOINT_F64_DDQN_HER_S99,0,5000000,5013504,/work/classic/fr_xl1014-easy-landmark-maze/IntrMotiv/SF_hipposlam/train_dir/analysis/online_spatial/easy_landmark_maze_control_20260923/ELM_CTRL_WAYPOINT_F64_DDQN_HER_S99/policy_00/snapshot_target_000005000000_actual_000005013504.npz,33,0.699999988079071,3,4,1,0.11357932537794113,0.07574412715984741,8,2
ELM_CTRL_WAYPOINT_F64_DDQN_HER_S99,0,5000000,5013504,/work/classic/fr_xl1014-easy-landmark-maze/IntrMotiv/SF_hipposlam/train_dir/analysis/online_spatial/easy_landmark_maze_control_20260923/ELM_CTRL_WAYPOINT_F64_DDQN_HER_S99/policy_00/snapshot_target_000005000000_actual_000005013504.npz,34,0.699999988079071,1,1,2,0.013082681223750114,0.42787746106293484,0,0
ELM_CTRL_WAYPOINT_F64_DDQN_HER_S99,0,5000000,5013504,/work/classic/fr_xl1014-easy-landmark-maze/IntrMotiv/SF_hipposlam/train_dir/analysis/online_spatial/easy_landmark_maze_control_20260923/ELM_CTRL_WAYPOINT_F64_DDQN_HER_S99/policy_00/snapshot_target_000005000000_actual_000005013504.npz,34,0.699999988079071,2,2,2,0.011114820837974548,0.3635173279073997,0,8
ELM_CTRL_WAYPOINT_F64_DDQN_HER_S99,0,5000000,5013504,/work/classic/fr_xl1014-easy-landmark-maze/IntrMotiv/SF_hipposlam/train_dir/analysis/online_spatial/easy_landmark_maze_control_20260923/ELM_CTRL_WAYPOINT_F64_DDQN_HER_S99/policy_00/snapshot_target_000005000000_actual_000005013504.npz,34,0.699999988079071,3,3,1,0.006378264166414738,0.20860521102966545,5,8
ELM_CTRL_WAYPOINT_F64_DDQN_HER_S99,0,5000000,5013504,/work/classic/fr_xl1014-easy-landmark-maze/IntrMotiv/SF_hipposlam/train_dir/analysis/online_spatial/easy_landmark_maze_control_20260923/ELM_CTRL_WAYPOINT_F64_DDQN_HER_S99/policy_00/snapshot_target_000005000000_actual_000005013504.npz,35,0.699999988079071,1,1,8,0.019940197467803955,1.0,8,5
ELM_CTRL_WAYPOINT_F64_DDQN_HER_S99,0,5000000,5013504,/work/classic/fr_xl1014-easy-landmark-maze/IntrMotiv/SF_hipposlam/train_dir/analysis/online_spatial/easy_landmark_maze_control_20260923/ELM_CTRL_WAYPOINT_F64_DDQN_HER_S99/policy_00/snapshot_target_000005000000_actual_000005013504.npz,36,0.699999988079071,1,1,2,0.004620612133294344,0.7093026840349408,8,5
ELM_CTRL_WAYPOINT_F64_DDQN_HER_S99,0,5000000,5013504,/work/classic/fr_xl1014-easy-landmark-maze/IntrMotiv/SF_hipposlam/train_dir/analysis/online_spatial/easy_landmark_maze_control_20260923/ELM_CTRL_WAYPOINT_F64_DDQN_HER_S99/policy_00/snapshot_target_000005000000_actual_000005013504.npz,36,0.699999988079071,2,2,1,0.0018936902051791549,0.2906973159650592,5,8
ELM_CTRL_WAYPOINT_F64_DDQN_HER_S99,0,5000000,5013504,/work/classic/fr_xl1014-easy-landmark-maze/IntrMotiv/SF_hipposlam/train_dir/analysis/online_spatial/easy_landmark_maze_control_20260923/ELM_CTRL_WAYPOINT_F64_DDQN_HER_S99/policy_00/snapshot_target_000005000000_actual_000005013504.npz,37,0.699999988079071,1,1,2,0.00284368684515357,0.5283789596055707,0,0
ELM_CTRL_WAYPOINT_F64_DDQN_HER_S99,0,5000000,5013504,/work/classic/fr_xl1014-easy-landmark-maze/IntrMotiv/SF_hipposlam/train_dir/analysis/online_spatial/easy_landmark_maze_control_20260923/ELM_CTRL_WAYPOINT_F64_DDQN_HER_S99/policy_00/snapshot_target_000005000000_actual_000005013504.npz,37,0.699999988079071,2,2,2,0.0025382209569215775,0.4716210403944293,3,2
ELM_CTRL_WAYPOINT_F64_DDQN_HER_S99,0,5000000,5013504,/work/classic/fr_xl1014-easy-landmark-maze/IntrMotiv/SF_hipposlam/train_dir/analysis/online_spatial/easy_landmark_maze_control_20260923/ELM_CTRL_WAYPOINT_F64_DDQN_HER_S99/policy_00/snapshot_target_000005000000_actual_000005013504.npz,38,0.699999988079071,1,1,4,0.45844343304634094,0.5733000174418345,0,0
ELM_CTRL_WAYPOINT_F64_DDQN_HER_S99,0,5000000,5013504,/work/classic/fr_xl1014-easy-landmark-maze/IntrMotiv/SF_hipposlam/train_dir/analysis/online_spatial/easy_landmark_maze_control_20260923/ELM_CTRL_WAYPOINT_F64_DDQN_HER_S99/policy_00/snapshot_target_000005000000_actual_000005013504.npz,38,0.699999988079071,2,2,3,0.3412136733531952,0.42669998255816555,0,8
ELM_CTRL_WAYPOINT_F64_DDQN_HER_S99,0,5000000,5013504,/work/classic/fr_xl1014-easy-landmark-maze/IntrMotiv/SF_hipposlam/train_dir/analysis/online_spatial/easy_landmark_maze_control_20260923/ELM_CTRL_WAYPOINT_F64_DDQN_HER_S99/policy_00/snapshot_target_000005000000_actual_000005013504.npz,39,0.699999988079071,1,1,7,0.6016067266464233,0.49290182636365987,1,1
ELM_CTRL_WAYPOINT_F64_DDQN_HER_S99,0,5000000,5013504,/work/classic/fr_xl1014-easy-landmark-maze/IntrMotiv/SF_hipposlam/train_dir/analysis/online_spatial/easy_landmark_maze_control_20260923/ELM_CTRL_WAYPOINT_F64_DDQN_HER_S99/policy_00/snapshot_target_000005000000_actual_000005013504.npz,39,0.699999988079071,2,2,4,0.31315580010414124,0.2565713762346644,5,0
ELM_CTRL_WAYPOINT_F64_DDQN_HER_S99,0,5000000,5013504,/work/classic/fr_xl1014-easy-landmark-maze/IntrMotiv/SF_hipposlam/train_dir/analysis/online_spatial/easy_landmark_maze_control_20260923/ELM_CTRL_WAYPOINT_F64_DDQN_HER_S99/policy_00/snapshot_target_000005000000_actual_000005013504.npz,39,0.699999988079071,3,3,4,0.3057781457901001,0.2505267974016757,4,8
ELM_CTRL_WAYPOINT_F64_DDQN_HER_S99,0,5000000,5013504,/work/classic/fr_xl1014-easy-landmark-maze/IntrMotiv/SF_hipposlam/train_dir/analysis/online_spatial/easy_landmark_maze_control_20260923/ELM_CTRL_WAYPOINT_F64_DDQN_HER_S99/policy_00/snapshot_target_000005000000_actual_000005013504.npz,40,0.699999988079071,1,1,6,0.01152346283197403,0.7188949843471919,8,8
ELM_CTRL_WAYPOINT_F64_DDQN_HER_S99,0,5000000,5013504,/work/classic/fr_xl1014-easy-landmark-maze/IntrMotiv/SF_hipposlam/train_dir/analysis/online_spatial/easy_landmark_maze_control_20260923/ELM_CTRL_WAYPOINT_F64_DDQN_HER_S99/policy_00/snapshot_target_000005000000_actual_000005013504.npz,40,0.699999988079071,2,2,3,0.004505947697907686,0.2811050156528081,0,8
ELM_CTRL_WAYPOINT_F64_DDQN_HER_S99,0,5000000,5013504,/work/classic/fr_xl1014-easy-landmark-maze/IntrMotiv/SF_hipposlam/train_dir/analysis/online_spatial/easy_landmark_maze_control_20260923/ELM_CTRL_WAYPOINT_F64_DDQN_HER_S99/policy_00/snapshot_target_000005000000_actual_000005013504.npz,41,0.699999988079071,1,1,1,0.00589229678735137,0.5834468001796043,0,8
ELM_CTRL_WAYPOINT_F64_DDQN_HER_S99,0,5000000,5013504,/work/classic/fr_xl1014-easy-landmark-maze/IntrMotiv/SF_hipposlam/train_dir/analysis/online_spatial/easy_landmark_maze_control_20260923/ELM_CTRL_WAYPOINT_F64_DDQN_HER_S99/policy_00/snapshot_target_000005000000_actual_000005013504.npz,41,0.699999988079071,2,2,1,0.0042068189941346645,0.4165531998203958,8,8
ELM_CTRL_WAYPOINT_F64_DDQN_HER_S99,0,5000000,5013504,/work/classic/fr_xl1014-easy-landmark-maze/IntrMotiv/SF_hipposlam/train_dir/analysis/online_spatial/easy_landmark_maze_control_20260923/ELM_CTRL_WAYPOINT_F64_DDQN_HER_S99/policy_00/snapshot_target_000005000000_actual_000005013504.npz,42,0.699999988079071,1,1,2,0.32935523986816406,0.552710104627203,0,0
ELM_CTRL_WAYPOINT_F64_DDQN_HER_S99,0,5000000,5013504,/work/classic/fr_xl1014-easy-landmark-maze/IntrMotiv/SF_hipposlam/train_dir/analysis/online_spatial/easy_landmark_maze_control_20260923/ELM_CTRL_WAYPOINT_F64_DDQN_HER_S99/policy_00/snapshot_target_000005000000_actual_000005013504.npz,42,0.699999988079071,2,2,1,0.13429123163223267,0.22536189409246404,0,8
ELM_CTRL_WAYPOINT_F64_DDQN_HER_S99,0,5000000,5013504,/work/classic/fr_xl1014-easy-landmark-maze/IntrMotiv/SF_hipposlam/train_dir/analysis/online_spatial/easy_landmark_maze_control_20260923/ELM_CTRL_WAYPOINT_F64_DDQN_HER_S99/policy_00/snapshot_target_000005000000_actual_000005013504.npz,42,0.699999988079071,3,3,1,0.1322450041770935,0.22192800128033288,8,8
ELM_CTRL_WAYPOINT_F64_DDQN_HER_S99,0,5000000,5013504,/work/classic/fr_xl1014-easy-landmark-maze/IntrMotiv/SF_hipposlam/train_dir/analysis/online_spatial/easy_landmark_maze_control_20260923/ELM_CTRL_WAYPOINT_F64_DDQN_HER_S99/policy_00/snapshot_target_000005000000_actual_000005013504.npz,43,0.699999988079071,1,1,1,0.37853866815567017,0.5706010955375717,8,0
ELM_CTRL_WAYPOINT_F64_DDQN_HER_S99,0,5000000,5013504,/work/classic/fr_xl1014-easy-landmark-maze/IntrMotiv/SF_hipposlam/train_dir/analysis/online_spatial/easy_landmark_maze_control_20260923/ELM_CTRL_WAYPOINT_F64_DDQN_HER_S99/policy_00/snapshot_target_000005000000_actual_000005013504.npz,43,0.699999988079071,2,2,1,0.2848646640777588,0.4293989044624284,8,8
ELM_CTRL_WAYPOINT_F64_DDQN_HER_S99,0,5000000,5013504,/work/classic/fr_xl1014-easy-landmark-maze/IntrMotiv/SF_hipposlam/train_dir/analysis/online_spatial/easy_landmark_maze_control_20260923/ELM_CTRL_WAYPOINT_F64_DDQN_HER_S99/policy_00/snapshot_target_000005000000_actual_000005013504.npz,44,0.699999988079071,4,1,8,0.03830381855368614,0.645904264685926,8,5
ELM_CTRL_WAYPOINT_F64_DDQN_HER_S99,0,5000000,5013504,/work/classic/fr_xl1014-easy-landmark-maze/IntrMotiv/SF_hipposlam/train_dir/analysis/online_spatial/easy_landmark_maze_control_20260923/ELM_CTRL_WAYPOINT_F64_DDQN_HER_S99/policy_00/snapshot_target_000005000000_actual_000005013504.npz,44,0.699999988079071,1,2,3,0.01335340365767479,0.22517390422774877,0,0
ELM_CTRL_WAYPOINT_F64_DDQN_HER_S99,0,5000000,5013504,/work/classic/fr_xl1014-easy-landmark-maze/IntrMotiv/SF_hipposlam/train_dir/analysis/online_spatial/easy_landmark_maze_control_20260923/ELM_CTRL_WAYPOINT_F64_DDQN_HER_S99/policy_00/snapshot_target_000005000000_actual_000005013504.npz,44,0.699999988079071,3,3,1,0.0038320887833833694,0.06461920981515887,2,3
ELM_CTRL_WAYPOINT_F64_DDQN_HER_S99,0,5000000,5013504,/work/classic/fr_xl1014-easy-landmark-maze/IntrMotiv/SF_hipposlam/train_dir/analysis/online_spatial/easy_landmark_maze_control_20260923/ELM_CTRL_WAYPOINT_F64_DDQN_HER_S99/policy_00/snapshot_target_000005000000_actual_000005013504.npz,44,0.699999988079071,2,4,1,0.003813314251601696,0.06430262127116637,7,1
ELM_CTRL_WAYPOINT_F64_DDQN_HER_S99,0,5000000,5013504,/work/classic/fr_xl1014-easy-landmark-maze/IntrMotiv/SF_hipposlam/train_dir/analysis/online_spatial/easy_landmark_maze_control_20260923/ELM_CTRL_WAYPOINT_F64_DDQN_HER_S99/policy_00/snapshot_target_000005000000_actual_000005013504.npz,45,0.699999988079071,1,1,2,0.00451436173170805,1.0,6,4
ELM_CTRL_WAYPOINT_F64_DDQN_HER_S99,0,5000000,5013504,/work/classic/fr_xl1014-easy-landmark-maze/IntrMotiv/SF_hipposlam/train_dir/analysis/online_spatial/easy_landmark_maze_control_20260923/ELM_CTRL_WAYPOINT_F64_DDQN_HER_S99/policy_00/snapshot_target_000005000000_actual_000005013504.npz,46,0.699999988079071,3,1,8,0.025531018152832985,0.6361707156388025,8,5
ELM_CTRL_WAYPOINT_F64_DDQN_HER_S99,0,5000000,5013504,/work/classic/fr_xl1014-easy-landmark-maze/IntrMotiv/SF_hipposlam/train_dir/analysis/online_spatial/easy_landmark_maze_control_20260923/ELM_CTRL_WAYPOINT_F64_DDQN_HER_S99/policy_00/snapshot_target_000005000000_actual_000005013504.npz,46,0.699999988079071,4,2,2,0.006138152442872524,0.15294779114984017,0,8
ELM_CTRL_WAYPOINT_F64_DDQN_HER_S99,0,5000000,5013504,/work/classic/fr_xl1014-easy-landmark-maze/IntrMotiv/SF_hipposlam/train_dir/analysis/online_spatial/easy_landmark_maze_control_20260923/ELM_CTRL_WAYPOINT_F64_DDQN_HER_S99/policy_00/snapshot_target_000005000000_actual_000005013504.npz,46,0.699999988079071,1,3,2,0.005914442241191864,0.14737347843551957,0,0
ELM_CTRL_WAYPOINT_F64_DDQN_HER_S99,0,5000000,5013504,/work/classic/fr_xl1014-easy-landmark-maze/IntrMotiv/SF_hipposlam/train_dir/analysis/online_spatial/easy_landmark_maze_control_20260923/ELM_CTRL_WAYPOINT_F64_DDQN_HER_S99/policy_00/snapshot_target_000005000000_actual_000005013504.npz,46,0.699999988079071,2,4,1,0.0025487251114100218,0.0635080147758378,4,0
ELM_CTRL_WAYPOINT_F64_DDQN_HER_S99,0,5000000,5013504,/work/classic/fr_xl1014-easy-landmark-maze/IntrMotiv/SF_hipposlam/train_dir/analysis/online_spatial/easy_landmark_maze_control_20260923/ELM_CTRL_WAYPOINT_F64_DDQN_HER_S99/policy_00/snapshot_target_000005000000_actual_000005013504.npz,47,0.699999988079071,2,1,9,0.03804002329707146,0.7736846225622805,8,6
ELM_CTRL_WAYPOINT_F64_DDQN_HER_S99,0,5000000,5013504,/work/classic/fr_xl1014-easy-landmark-maze/IntrMotiv/SF_hipposlam/train_dir/analysis/online_spatial/easy_landmark_maze_control_20260923/ELM_CTRL_WAYPOINT_F64_DDQN_HER_S99/policy_00/snapshot_target_000005000000_actual_000005013504.npz,47,0.699999988079071,3,2,2,0.00716205732896924,0.1456669355341739,0,8
ELM_CTRL_WAYPOINT_F64_DDQN_HER_S99,0,5000000,5013504,/work/classic/fr_xl1014-easy-landmark-maze/IntrMotiv/SF_hipposlam/train_dir/analysis/online_spatial/easy_landmark_maze_control_20260923/ELM_CTRL_WAYPOINT_F64_DDQN_HER_S99/policy_00/snapshot_target_000005000000_actual_000005013504.npz,47,0.699999988079071,1,3,1,0.003965270239859819,0.08064844190354559,0,0
ELM_CTRL_WAYPOINT_F64_DDQN_HER_S99,0,5000000,5013504,/work/classic/fr_xl1014-easy-landmark-maze/IntrMotiv/SF_hipposlam/train_dir/analysis/online_spatial/easy_landmark_maze_control_20260923/ELM_CTRL_WAYPOINT_F64_DDQN_HER_S99/policy_00/snapshot_target_000005000000_actual_000005013504.npz,48,0.699999988079071,1,1,2,0.005057414993643761,1.0,8,4
ELM_CTRL_WAYPOINT_F64_DDQN_HER_S99,0,5000000,5013504,/work/classic/fr_xl1014-easy-landmark-maze/IntrMotiv/SF_hipposlam/train_dir/analysis/online_spatial/easy_landmark_maze_control_20260923/ELM_CTRL_WAYPOINT_F64_DDQN_HER_S99/policy_00/snapshot_target_000005000000_actual_000005013504.npz,49,0.699999988079071,2,1,4,0.4806792438030243,0.35269409461788764,7,0
ELM_CTRL_WAYPOINT_F64_DDQN_HER_S99,0,5000000,5013504,/work/classic/fr_xl1014-easy-landmark-maze/IntrMotiv/SF_hipposlam/train_dir/analysis/online_spatial/easy_landmark_maze_control_20260923/ELM_CTRL_WAYPOINT_F64_DDQN_HER_S99/policy_00/snapshot_target_000005000000_actual_000005013504.npz,49,0.699999988079071,1,2,4,0.4529619812965393,0.33235680123349304,0,1
ELM_CTRL_WAYPOINT_F64_DDQN_HER_S99,0,5000000,5013504,/work/classic/fr_xl1014-easy-landmark-maze/IntrMotiv/SF_hipposlam/train_dir/analysis/online_spatial/easy_landmark_maze_control_20260923/ELM_CTRL_WAYPOINT_F64_DDQN_HER_S99/policy_00/snapshot_target_000005000000_actual_000005013504.npz,49,0.699999988079071,4,3,3,0.31531625986099243,0.23136048461361006,6,8
ELM_CTRL_WAYPOINT_F64_DDQN_HER_S99,0,5000000,5013504,/work/classic/fr_xl1014-easy-landmark-maze/IntrMotiv/SF_hipposlam/train_dir/analysis/online_spatial/easy_landmark_maze_control_20260923/ELM_CTRL_WAYPOINT_F64_DDQN_HER_S99/policy_00/snapshot_target_000005000000_actual_000005013504.npz,49,0.699999988079071,3,4,1,0.1139211431145668,0.08358861953500923,0,6
ELM_CTRL_WAYPOINT_F64_DDQN_HER_S99,0,5000000,5013504,/work/classic/fr_xl1014-easy-landmark-maze/IntrMotiv/SF_hipposlam/train_dir/analysis/online_spatial/easy_landmark_maze_control_20260923/ELM_CTRL_WAYPOINT_F64_DDQN_HER_S99/policy_00/snapshot_target_000005000000_actual_000005013504.npz,50,0.699999988079071,1,1,2,0.0039154477417469025,1.0,0,3
ELM_CTRL_WAYPOINT_F64_DDQN_HER_S99,0,5000000,5013504,/work/classic/fr_xl1014-easy-landmark-maze/IntrMotiv/SF_hipposlam/train_dir/analysis/online_spatial/easy_landmark_maze_control_20260923/ELM_CTRL_WAYPOINT_F64_DDQN_HER_S99/policy_00/snapshot_target_000005000000_actual_000005013504.npz,51,0.699999988079071,2,1,6,0.03564610704779625,0.8740071097095432,8,5
ELM_CTRL_WAYPOINT_F64_DDQN_HER_S99,0,5000000,5013504,/work/classic/fr_xl1014-easy-landmark-maze/IntrMotiv/SF_hipposlam/train_dir/analysis/online_spatial/easy_landmark_maze_control_20260923/ELM_CTRL_WAYPOINT_F64_DDQN_HER_S99/policy_00/snapshot_target_000005000000_actual_000005013504.npz,51,0.699999988079071,1,2,1,0.005138580687344074,0.12599289029045682,0,0
ELM_CTRL_WAYPOINT_F64_DDQN_HER_S99,0,5000000,5013504,/work/classic/fr_xl1014-easy-landmark-maze/IntrMotiv/SF_hipposlam/train_dir/analysis/online_spatial/easy_landmark_maze_control_20260923/ELM_CTRL_WAYPOINT_F64_DDQN_HER_S99/policy_00/snapshot_target_000005000000_actual_000005013504.npz,52,0.699999988079071,1,1,2,0.0009429415804333985,1.0,0,6
ELM_CTRL_WAYPOINT_F64_DDQN_HER_S99,0,5000000,5013504,/work/classic/fr_xl1014-easy-landmark-maze/IntrMotiv/SF_hipposlam/train_dir/analysis/online_spatial/easy_landmark_maze_control_20260923/ELM_CTRL_WAYPOINT_F64_DDQN_HER_S99/policy_00/snapshot_target_000005000000_actual_000005013504.npz,53,0.699999988079071,1,1,4,0.00880470685660839,1.0,0,7
ELM_CTRL_WAYPOINT_F64_DDQN_HER_S99,0,5000000,5013504,/work/classic/fr_xl1014-easy-landmark-maze/IntrMotiv/SF_hipposlam/train_dir/analysis/online_spatial/easy_landmark_maze_control_20260923/ELM_CTRL_WAYPOINT_F64_DDQN_HER_S99/policy_00/snapshot_target_000005000000_actual_000005013504.npz,54,0.699999988079071,2,1,4,0.44973868131637573,0.6728228106723557,5,4
ELM_CTRL_WAYPOINT_F64_DDQN_HER_S99,0,5000000,5013504,/work/classic/fr_xl1014-easy-landmark-maze/IntrMotiv/SF_hipposlam/train_dir/analysis/online_spatial/easy_landmark_maze_control_20260923/ELM_CTRL_WAYPOINT_F64_DDQN_HER_S99/policy_00/snapshot_target_000005000000_actual_000005013504.npz,54,0.699999988079071,1,2,2,0.21869686245918274,0.3271771893276443,2,2
ELM_CTRL_WAYPOINT_F64_DDQN_HER_S99,0,5000000,5013504,/work/classic/fr_xl1014-easy-landmark-maze/IntrMotiv/SF_hipposlam/train_dir/analysis/online_spatial/easy_landmark_maze_control_20260923/ELM_CTRL_WAYPOINT_F64_DDQN_HER_S99/policy_00/snapshot_target_000005000000_actual_000005013504.npz,55,0.699999988079071,1,1,1,0.004065786954015493,1.0,8,0
ELM_CTRL_WAYPOINT_F64_DDQN_HER_S99,0,5000000,5013504,/work/classic/fr_xl1014-easy-landmark-maze/IntrMotiv/SF_hipposlam/train_dir/analysis/online_spatial/easy_landmark_maze_control_20260923/ELM_CTRL_WAYPOINT_F64_DDQN_HER_S99/policy_00/snapshot_target_000005000000_actual_000005013504.npz,56,0.699999988079071,1,1,7,0.6005833148956299,1.0,6,4
ELM_CTRL_WAYPOINT_F64_DDQN_HER_S99,0,5000000,5013504,/work/classic/fr_xl1014-easy-landmark-maze/IntrMotiv/SF_hipposlam/train_dir/analysis/online_spatial/easy_landmark_maze_control_20260923/ELM_CTRL_WAYPOINT_F64_DDQN_HER_S99/policy_00/snapshot_target_000005000000_actual_000005013504.npz,57,0.699999988079071,1,1,4,0.002564095426350832,1.0,2,5
ELM_CTRL_WAYPOINT_F64_DDQN_HER_S99,0,5000000,5013504,/work/classic/fr_xl1014-easy-landmark-maze/IntrMotiv/SF_hipposlam/train_dir/analysis/online_spatial/easy_landmark_maze_control_20260923/ELM_CTRL_WAYPOINT_F64_DDQN_HER_S99/policy_00/snapshot_target_000005000000_actual_000005013504.npz,58,0.699999988079071,2,1,3,0.013129113242030144,0.6148030262304789,8,8
ELM_CTRL_WAYPOINT_F64_DDQN_HER_S99,0,5000000,5013504,/work/classic/fr_xl1014-easy-landmark-maze/IntrMotiv/SF_hipposlam/train_dir/analysis/online_spatial/easy_landmark_maze_control_20260923/ELM_CTRL_WAYPOINT_F64_DDQN_HER_S99/policy_00/snapshot_target_000005000000_actual_000005013504.npz,58,0.699999988079071,3,2,1,0.004671007860451937,0.21873143411992907,0,8
ELM_CTRL_WAYPOINT_F64_DDQN_HER_S99,0,5000000,5013504,/work/classic/fr_xl1014-easy-landmark-maze/IntrMotiv/SF_hipposlam/train_dir/analysis/online_spatial/easy_landmark_maze_control_20260923/ELM_CTRL_WAYPOINT_F64_DDQN_HER_S99/policy_00/snapshot_target_000005000000_actual_000005013504.npz,58,0.699999988079071,1,3,1,0.003554870141670108,0.16646553964959207,0,0
ELM_CTRL_WAYPOINT_F64_DDQN_HER_S99,0,5000000,5013504,/work/classic/fr_xl1014-easy-landmark-maze/IntrMotiv/SF_hipposlam/train_dir/analysis/online_spatial/easy_landmark_maze_control_20260923/ELM_CTRL_WAYPOINT_F64_DDQN_HER_S99/policy_00/snapshot_target_000005000000_actual_000005013504.npz,59,0.699999988079071,1,1,2,0.005050848238170147,1.0,8,5
ELM_CTRL_WAYPOINT_F64_DDQN_HER_S99,0,5000000,5013504,/work/classic/fr_xl1014-easy-landmark-maze/IntrMotiv/SF_hipposlam/train_dir/analysis/online_spatial/easy_landmark_maze_control_20260923/ELM_CTRL_WAYPOINT_F64_DDQN_HER_S99/policy_00/snapshot_target_000005000000_actual_000005013504.npz,60,0.699999988079071,2,1,3,0.0038419165648519993,0.7842065294583365,6,6
ELM_CTRL_WAYPOINT_F64_DDQN_HER_S99,0,5000000,5013504,/work/classic/fr_xl1014-easy-landmark-maze/IntrMotiv/SF_hipposlam/train_dir/analysis/online_spatial/easy_landmark_maze_control_20260923/ELM_CTRL_WAYPOINT_F64_DDQN_HER_S99/policy_00/snapshot_target_000005000000_actual_000005013504.npz,60,0.699999988079071,1,2,1,0.0010571966413408518,0.21579347054166353,3,4
ELM_CTRL_WAYPOINT_F64_DDQN_HER_S99,0,5000000,5013504,/work/classic/fr_xl1014-easy-landmark-maze/IntrMotiv/SF_hipposlam/train_dir/analysis/online_spatial/easy_landmark_maze_control_20260923/ELM_CTRL_WAYPOINT_F64_DDQN_HER_S99/policy_00/snapshot_target_000005000000_actual_000005013504.npz,61,0.699999988079071,2,1,3,0.33999237418174744,0.3697440870079962,8,6
ELM_CTRL_WAYPOINT_F64_DDQN_HER_S99,0,5000000,5013504,/work/classic/fr_xl1014-easy-landmark-maze/IntrMotiv/SF_hipposlam/train_dir/analysis/online_spatial/easy_landmark_maze_control_20260923/ELM_CTRL_WAYPOINT_F64_DDQN_HER_S99/policy_00/snapshot_target_000005000000_actual_000005013504.npz,61,0.699999988079071,4,2,2,0.19614028930664062,0.2133039376830277,6,8
ELM_CTRL_WAYPOINT_F64_DDQN_HER_S99,0,5000000,5013504,/work/classic/fr_xl1014-easy-landmark-maze/IntrMotiv/SF_hipposlam/train_dir/analysis/online_spatial/easy_landmark_maze_control_20260923/ELM_CTRL_WAYPOINT_F64_DDQN_HER_S99/policy_00/snapshot_target_000005000000_actual_000005013504.npz,61,0.699999988079071,1,3,2,0.193446546792984,0.2103744738421294,5,0
ELM_CTRL_WAYPOINT_F64_DDQN_HER_S99,0,5000000,5013504,/work/classic/fr_xl1014-easy-landmark-maze/IntrMotiv/SF_hipposlam/train_dir/analysis/online_spatial/easy_landmark_maze_control_20260923/ELM_CTRL_WAYPOINT_F64_DDQN_HER_S99/policy_00/snapshot_target_000005000000_actual_000005013504.npz,61,0.699999988079071,3,4,2,0.18995510041713715,0.2065775014668467,2,8
ELM_CTRL_WAYPOINT_F64_DDQN_HER_S99,0,5000000,5013504,/work/classic/fr_xl1014-easy-landmark-maze/IntrMotiv/SF_hipposlam/train_dir/analysis/online_spatial/easy_landmark_maze_control_20260923/ELM_CTRL_WAYPOINT_F64_DDQN_HER_S99/policy_00/snapshot_target_000005000000_actual_000005013504.npz,62,0.699999988079071,1,1,2,0.0036031606141477823,1.0,0,8
ELM_CTRL_WAYPOINT_F64_DDQN_HER_S99,0,5000000,5013504,/work/classic/fr_xl1014-easy-landmark-maze/IntrMotiv/SF_hipposlam/train_dir/analysis/online_spatial/easy_landmark_maze_control_20260923/ELM_CTRL_WAYPOINT_F64_DDQN_HER_S99/policy_00/snapshot_target_000005000000_actual_000005013504.npz,63,0.699999988079071,2,1,3,0.2335314154624939,0.5369141524041391,8,8
ELM_CTRL_WAYPOINT_F64_DDQN_HER_S99,0,5000000,5013504,/work/classic/fr_xl1014-easy-landmark-maze/IntrMotiv/SF_hipposlam/train_dir/analysis/online_spatial/easy_landmark_maze_control_20260923/ELM_CTRL_WAYPOINT_F64_DDQN_HER_S99/policy_00/snapshot_target_000005000000_actual_000005013504.npz,63,0.699999988079071,1,2,3,0.20141971111297607,0.46308584759586086,1,8
ELM_CTRL_WAYPOINT_F64_DDQN_HER_S99,0,25000000,25001984,/work/classic/fr_xl1014-easy-landmark-maze/IntrMotiv/SF_hipposlam/train_dir/analysis/online_spatial/easy_landmark_maze_control_20260923/ELM_CTRL_WAYPOINT_F64_DDQN_HER_S99/policy_00/snapshot_target_000025000000_actual_000025001984.npz,0,0.30000001192092896,1,1,34,7.026955604553223,1.0,5,2
ELM_CTRL_WAYPOINT_F64_DDQN_HER_S99,0,25000000,25001984,/work/classic/fr_xl1014-easy-landmark-maze/IntrMotiv/SF_hipposlam/train_dir/analysis/online_spatial/easy_landmark_maze_control_20260923/ELM_CTRL_WAYPOINT_F64_DDQN_HER_S99/policy_00/snapshot_target_000025000000_actual_000025001984.npz,1,0.30000001192092896,1,1,52,4.133581638336182,1.0,8,2
ELM_CTRL_WAYPOINT_F64_DDQN_HER_S99,0,25000000,25001984,/work/classic/fr_xl1014-easy-landmark-maze/IntrMotiv/SF_hipposlam/train_dir/analysis/online_spatial/easy_landmark_maze_control_20260923/ELM_CTRL_WAYPOINT_F64_DDQN_HER_S99/policy_00/snapshot_target_000025000000_actual_000025001984.npz,2,0.30000001192092896,2,1,36,3.0724732875823975,0.7382142111119255,0,8
ELM_CTRL_WAYPOINT_F64_DDQN_HER_S99,0,25000000,25001984,/work/classic/fr_xl1014-easy-landmark-maze/IntrMotiv/SF_hipposlam/train_dir/analysis/online_spatial/easy_landmark_maze_control_20260923/ELM_CTRL_WAYPOINT_F64_DDQN_HER_S99/policy_00/snapshot_target_000025000000_actual_000025001984.npz,2,0.30000001192092896,1,2,15,1.0895615816116333,0.2617857888880745,4,0
ELM_CTRL_WAYPOINT_F64_DDQN_HER_S99,0,25000000,25001984,/work/classic/fr_xl1014-easy-landmark-maze/IntrMotiv/SF_hipposlam/train_dir/analysis/online_spatial/easy_landmark_maze_control_20260923/ELM_CTRL_WAYPOINT_F64_DDQN_HER_S99/policy_00/snapshot_target_000025000000_actual_000025001984.npz,3,0.30000001192092896,1,1,16,0.02519957348704338,1.0,7,4
ELM_CTRL_WAYPOINT_F64_DDQN_HER_S99,0,25000000,25001984,/work/classic/fr_xl1014-easy-landmark-maze/IntrMotiv/SF_hipposlam/train_dir/analysis/online_spatial/easy_landmark_maze_control_20260923/ELM_CTRL_WAYPOINT_F64_DDQN_HER_S99/policy_00/snapshot_target_000025000000_actual_000025001984.npz,4,0.30000001192092896,1,1,9,0.030339453369379044,0.8334194370162896,6,2
ELM_CTRL_WAYPOINT_F64_DDQN_HER_S99,0,25000000,25001984,/work/classic/fr_xl1014-easy-landmark-maze/IntrMotiv/SF_hipposlam/train_dir/analysis/online_spatial/easy_landmark_maze_control_20260923/ELM_CTRL_WAYPOINT_F64_DDQN_HER_S99/policy_00/snapshot_target_000025000000_actual_000025001984.npz,4,0.30000001192092896,2,2,2,0.00421041389927268,0.11565932776755289,3,4
ELM_CTRL_WAYPOINT_F64_DDQN_HER_S99,0,25000000,25001984,/work/classic/fr_xl1014-easy-landmark-maze/IntrMotiv/SF_hipposlam/train_dir/analysis/online_spatial/easy_landmark_maze_control_20260923/ELM_CTRL_WAYPOINT_F64_DDQN_HER_S99/policy_00/snapshot_target_000025000000_actual_000025001984.npz,4,0.30000001192092896,3,3,1,0.0018537153955549002,0.05092123521615753,5,6
ELM_CTRL_WAYPOINT_F64_DDQN_HER_S99,0,25000000,25001984,/work/classic/fr_xl1014-easy-landmark-maze/IntrMotiv/SF_hipposlam/train_dir/analysis/online_spatial/easy_landmark_maze_control_20260923/ELM_CTRL_WAYPOINT_F64_DDQN_HER_S99/policy_00/snapshot_target_000025000000_actual_000025001984.npz,5,0.30000001192092896,1,1,63,3.6536474227905273,1.0,0,3
ELM_CTRL_WAYPOINT_F64_DDQN_HER_S99,0,25000000,25001984,/work/classic/fr_xl1014-easy-landmark-maze/IntrMotiv/SF_hipposlam/train_dir/analysis/online_spatial/easy_landmark_maze_control_20260923/ELM_CTRL_WAYPOINT_F64_DDQN_HER_S99/policy_00/snapshot_target_000025000000_actual_000025001984.npz,6,0.30000001192092896,1,1,19,0.022517183795571327,1.0,3,2
ELM_CTRL_WAYPOINT_F64_DDQN_HER_S99,0,25000000,25001984,/work/classic/fr_xl1014-easy-landmark-maze/IntrMotiv/SF_hipposlam/train_dir/analysis/online_spatial/easy_landmark_maze_control_20260923/ELM_CTRL_WAYPOINT_F64_DDQN_HER_S99/policy_00/snapshot_target_000025000000_actual_000025001984.npz,7,0.30000001192092896,1,1,12,0.059313882142305374,1.0,5,2
ELM_CTRL_WAYPOINT_F64_DDQN_HER_S99,0,25000000,25001984,/work/classic/fr_xl1014-easy-landmark-maze/IntrMotiv/SF_hipposlam/train_dir/analysis/online_spatial/easy_landmark_maze_control_20260923/ELM_CTRL_WAYPOINT_F64_DDQN_HER_S99/policy_00/snapshot_target_000025000000_actual_000025001984.npz,8,0.30000001192092896,1,1,4,0.008093930780887604,0.31343869082999837,0,0
ELM_CTRL_WAYPOINT_F64_DDQN_HER_S99,0,25000000,25001984,/work/classic/fr_xl1014-easy-landmark-maze/IntrMotiv/SF_hipposlam/train_dir/analysis/online_spatial/easy_landmark_maze_control_20260923/ELM_CTRL_WAYPOINT_F64_DDQN_HER_S99/policy_00/snapshot_target_000025000000_actual_000025001984.npz,8,0.30000001192092896,5,2,3,0.006080429069697857,0.23546553323523248,8,8
ELM_CTRL_WAYPOINT_F64_DDQN_HER_S99,0,25000000,25001984,/work/classic/fr_xl1014-easy-landmark-maze/IntrMotiv/SF_hipposlam/train_dir/analysis/online_spatial/easy_landmark_maze_control_20260923/ELM_CTRL_WAYPOINT_F64_DDQN_HER_S99/policy_00/snapshot_target_000025000000_actual_000025001984.npz,8,0.30000001192092896,4,3,4,0.004885897971689701,0.18920713621514607,4,8
ELM_CTRL_WAYPOINT_F64_DDQN_HER_S99,0,25000000,25001984,/work/classic/fr_xl1014-easy-landmark-maze/IntrMotiv/SF_hipposlam/train_dir/analysis/online_spatial/easy_landmark_maze_control_20260923/ELM_CTRL_WAYPOINT_F64_DDQN_HER_S99/policy_00/snapshot_target_000025000000_actual_000025001984.npz,8,0.30000001192092896,3,4,3,0.00393247976899147,0.1522858724488587,0,8
ELM_CTRL_WAYPOINT_F64_DDQN_HER_S99,0,25000000,25001984,/work/classic/fr_xl1014-easy-landmark-maze/IntrMotiv/SF_hipposlam/train_dir/analysis/online_spatial/easy_landmark_maze_control_20260923/ELM_CTRL_WAYPOINT_F64_DDQN_HER_S99/policy_00/snapshot_target_000025000000_actual_000025001984.npz,8,0.30000001192092896,2,5,3,0.0028302734717726707,0.10960276727076439,8,0
ELM_CTRL_WAYPOINT_F64_DDQN_HER_S99,0,25000000,25001984,/work/classic/fr_xl1014-easy-landmark-maze/IntrMotiv/SF_hipposlam/train_dir/analysis/online_spatial/easy_landmark_maze_control_20260923/ELM_CTRL_WAYPOINT_F64_DDQN_HER_S99/policy_00/snapshot_target_000025000000_actual_000025001984.npz,9,0.30000001192092896,1,1,30,6.93474006652832,1.0,6,3
ELM_CTRL_WAYPOINT_F64_DDQN_HER_S99,0,25000000,25001984,/work/classic/fr_xl1014-easy-landmark-maze/IntrMotiv/SF_hipposlam/train_dir/analysis/online_spatial/easy_landmark_maze_control_20260923/ELM_CTRL_WAYPOINT_F64_DDQN_HER_S99/policy_00/snapshot_target_000025000000_actual_000025001984.npz,10,0.30000001192092896,1,1,30,4.598703384399414,1.0,8,6
ELM_CTRL_WAYPOINT_F64_DDQN_HER_S99,0,25000000,25001984,/work/classic/fr_xl1014-easy-landmark-maze/IntrMotiv/SF_hipposlam/train_dir/analysis/online_spatial/easy_landmark_maze_control_20260923/ELM_CTRL_WAYPOINT_F64_DDQN_HER_S99/policy_00/snapshot_target_000025000000_actual_000025001984.npz,11,0.30000001192092896,1,1,21,2.25986647605896,0.7174259640759539,0,5
ELM_CTRL_WAYPOINT_F64_DDQN_HER_S99,0,25000000,25001984,/work/classic/fr_xl1014-easy-landmark-maze/IntrMotiv/SF_hipposlam/train_dir/analysis/online_spatial/easy_landmark_maze_control_20260923/ELM_CTRL_WAYPOINT_F64_DDQN_HER_S99/policy_00/snapshot_target_000025000000_actual_000025001984.npz,11,0.30000001192092896,3,2,6,0.44977185130119324,0.1427863139050196,8,3
ELM_CTRL_WAYPOINT_F64_DDQN_HER_S99,0,25000000,25001984,/work/classic/fr_xl1014-easy-landmark-maze/IntrMotiv/SF_hipposlam/train_dir/analysis/online_spatial/easy_landmark_maze_control_20260923/ELM_CTRL_WAYPOINT_F64_DDQN_HER_S99/policy_00/snapshot_target_000025000000_actual_000025001984.npz,11,0.30000001192092896,2,3,5,0.44032639265060425,0.13978772201902645,5,0
ELM_CTRL_WAYPOINT_F64_DDQN_HER_S99,0,25000000,25001984,/work/classic/fr_xl1014-easy-landmark-maze/IntrMotiv/SF_hipposlam/train_dir/analysis/online_spatial/easy_landmark_maze_control_20260923/ELM_CTRL_WAYPOINT_F64_DDQN_HER_S99/policy_00/snapshot_target_000025000000_actual_000025001984.npz,12,0.30000001192092896,1,1,8,0.045646362006664276,1.0,6,2
ELM_CTRL_WAYPOINT_F64_DDQN_HER_S99,0,25000000,25001984,/work/classic/fr_xl1014-easy-landmark-maze/IntrMotiv/SF_hipposlam/train_dir/analysis/online_spatial/easy_landmark_maze_control_20260923/ELM_CTRL_WAYPOINT_F64_DDQN_HER_S99/policy_00/snapshot_target_000025000000_actual_000025001984.npz,13,0.30000001192092896,2,1,22,0.03743927180767059,0.5683114865299101,4,8
ELM_CTRL_WAYPOINT_F64_DDQN_HER_S99,0,25000000,25001984,/work/classic/fr_xl1014-easy-landmark-maze/IntrMotiv/SF_hipposlam/train_dir/analysis/online_spatial/easy_landmark_maze_control_20260923/ELM_CTRL_WAYPOINT_F64_DDQN_HER_S99/policy_00/snapshot_target_000025000000_actual_000025001984.npz,13,0.30000001192092896,1,2,17,0.026624202728271484,0.4041435503314901,1,0
ELM_CTRL_WAYPOINT_F64_DDQN_HER_S99,0,25000000,25001984,/work/classic/fr_xl1014-easy-landmark-maze/IntrMotiv/SF_hipposlam/train_dir/analysis/online_spatial/easy_landmark_maze_control_20260923/ELM_CTRL_WAYPOINT_F64_DDQN_HER_S99/policy_00/snapshot_target_000025000000_actual_000025001984.npz,13,0.30000001192092896,3,3,2,0.0018146093934774399,0.02754496313859973,0,8
ELM_CTRL_WAYPOINT_F64_DDQN_HER_S99,0,25000000,25001984,/work/classic/fr_xl1014-easy-landmark-maze/IntrMotiv/SF_hipposlam/train_dir/analysis/online_spatial/easy_landmark_maze_control_20260923/ELM_CTRL_WAYPOINT_F64_DDQN_HER_S99/policy_00/snapshot_target_000025000000_actual_000025001984.npz,14,0.30000001192092896,3,1,11,0.009630233980715275,0.5758798623444974,4,8
ELM_CTRL_WAYPOINT_F64_DDQN_HER_S99,0,25000000,25001984,/work/classic/fr_xl1014-easy-landmark-maze/IntrMotiv/SF_hipposlam/train_dir/analysis/online_spatial/easy_landmark_maze_control_20260923/ELM_CTRL_WAYPOINT_F64_DDQN_HER_S99/policy_00/snapshot_target_000025000000_actual_000025001984.npz,14,0.30000001192092896,1,2,9,0.005031311884522438,0.3008682033347452,0,3
ELM_CTRL_WAYPOINT_F64_DDQN_HER_S99,0,25000000,25001984,/work/classic/fr_xl1014-easy-landmark-maze/IntrMotiv/SF_hipposlam/train_dir/analysis/online_spatial/easy_landmark_maze_control_20260923/ELM_CTRL_WAYPOINT_F64_DDQN_HER_S99/policy_00/snapshot_target_000025000000_actual_000025001984.npz,14,0.30000001192092896,2,3,3,0.0015630663838237524,0.0934700502349453,7,0
ELM_CTRL_WAYPOINT_F64_DDQN_HER_S99,0,25000000,25001984,/work/classic/fr_xl1014-easy-landmark-maze/IntrMotiv/SF_hipposlam/train_dir/analysis/online_spatial/easy_landmark_maze_control_20260923/ELM_CTRL_WAYPOINT_F64_DDQN_HER_S99/policy_00/snapshot_target_000025000000_actual_000025001984.npz,14,0.30000001192092896,4,4,1,0.0004980318481102586,0.029781884085812123,0,8
ELM_CTRL_WAYPOINT_F64_DDQN_HER_S99,0,25000000,25001984,/work/classic/fr_xl1014-easy-landmark-maze/IntrMotiv/SF_hipposlam/train_dir/analysis/online_spatial/easy_landmark_maze_control_20260923/ELM_CTRL_WAYPOINT_F64_DDQN_HER_S99/policy_00/snapshot_target_000025000000_actual_000025001984.npz,15,0.30000001192092896,1,1,50,2.7080891132354736,1.0,2,0
ELM_CTRL_WAYPOINT_F64_DDQN_HER_S99,0,25000000,25001984,/work/classic/fr_xl1014-easy-landmark-maze/IntrMotiv/SF_hipposlam/train_dir/analysis/online_spatial/easy_landmark_maze_control_20260923/ELM_CTRL_WAYPOINT_F64_DDQN_HER_S99/policy_00/snapshot_target_000025000000_actual_000025001984.npz,16,0.30000001192092896,1,1,12,0.10391168296337128,1.0,6,3
ELM_CTRL_WAYPOINT_F64_DDQN_HER_S99,0,25000000,25001984,/work/classic/fr_xl1014-easy-landmark-maze/IntrMotiv/SF_hipposlam/train_dir/analysis/online_spatial/easy_landmark_maze_control_20260923/ELM_CTRL_WAYPOINT_F64_DDQN_HER_S99/policy_00/snapshot_target_000025000000_actual_000025001984.npz,17,0.30000001192092896,4,1,3,0.0076439352706074715,0.4058151835310673,8,8
ELM_CTRL_WAYPOINT_F64_DDQN_HER_S99,0,25000000,25001984,/work/classic/fr_xl1014-easy-landmark-maze/IntrMotiv/SF_hipposlam/train_dir/analysis/online_spatial/easy_landmark_maze_control_20260923/ELM_CTRL_WAYPOINT_F64_DDQN_HER_S99/policy_00/snapshot_target_000025000000_actual_000025001984.npz,17,0.30000001192092896,1,2,3,0.004936103243380785,0.26205685588984295,0,0
ELM_CTRL_WAYPOINT_F64_DDQN_HER_S99,0,25000000,25001984,/work/classic/fr_xl1014-easy-landmark-maze/IntrMotiv/SF_hipposlam/train_dir/analysis/online_spatial/easy_landmark_maze_control_20260923/ELM_CTRL_WAYPOINT_F64_DDQN_HER_S99/policy_00/snapshot_target_000025000000_actual_000025001984.npz,17,0.30000001192092896,3,3,3,0.004433272872120142,0.23536167962601834,0,8
ELM_CTRL_WAYPOINT_F64_DDQN_HER_S99,0,25000000,25001984,/work/classic/fr_xl1014-easy-landmark-maze/IntrMotiv/SF_hipposlam/train_dir/analysis/online_spatial/easy_landmark_maze_control_20260923/ELM_CTRL_WAYPOINT_F64_DDQN_HER_S99/policy_00/snapshot_target_000025000000_actual_000025001984.npz,17,0.30000001192092896,2,4,1,0.0018226897809654474,0.09676628095307134,8,0
ELM_CTRL_WAYPOINT_F64_DDQN_HER_S99,0,25000000,25001984,/work/classic/fr_xl1014-easy-landmark-maze/IntrMotiv/SF_hipposlam/train_dir/analysis/online_spatial/easy_landmark_maze_control_20260923/ELM_CTRL_WAYPOINT_F64_DDQN_HER_S99/policy_00/snapshot_target_000025000000_actual_000025001984.npz,18,0.30000001192092896,3,1,33,0.014484599232673645,0.9141152727281864,0,6
ELM_CTRL_WAYPOINT_F64_DDQN_HER_S99,0,25000000,25001984,/work/classic/fr_xl1014-easy-landmark-maze/IntrMotiv/SF_hipposlam/train_dir/analysis/online_spatial/easy_landmark_maze_control_20260923/ELM_CTRL_WAYPOINT_F64_DDQN_HER_S99/policy_00/snapshot_target_000025000000_actual_000025001984.npz,18,0.30000001192092896,2,2,2,0.0007274034433066845,0.045906040359183296,4,0
ELM_CTRL_WAYPOINT_F64_DDQN_HER_S99,0,25000000,25001984,/work/classic/fr_xl1014-easy-landmark-maze/IntrMotiv/SF_hipposlam/train_dir/analysis/online_spatial/easy_landmark_maze_control_20260923/ELM_CTRL_WAYPOINT_F64_DDQN_HER_S99/policy_00/snapshot_target_000025000000_actual_000025001984.npz,18,0.30000001192092896,1,3,2,0.0006334816571325064,0.03997868691263028,1,0
ELM_CTRL_WAYPOINT_F64_DDQN_HER_S99,0,25000000,25001984,/work/classic/fr_xl1014-easy-landmark-maze/IntrMotiv/SF_hipposlam/train_dir/analysis/online_spatial/easy_landmark_maze_control_20260923/ELM_CTRL_WAYPOINT_F64_DDQN_HER_S99/policy_00/snapshot_target_000025000000_actual_000025001984.npz,19,0.30000001192092896,2,1,24,0.026342643424868584,0.9420075754396748,6,8
ELM_CTRL_WAYPOINT_F64_DDQN_HER_S99,0,25000000,25001984,/work/classic/fr_xl1014-easy-landmark-maze/IntrMotiv/SF_hipposlam/train_dir/analysis/online_spatial/easy_landmark_maze_control_20260923/ELM_CTRL_WAYPOINT_F64_DDQN_HER_S99/policy_00/snapshot_target_000025000000_actual_000025001984.npz,19,0.30000001192092896,1,2,2,0.001621721312403679,0.05799242456032516,2,0
ELM_CTRL_WAYPOINT_F64_DDQN_HER_S99,0,25000000,25001984,/work/classic/fr_xl1014-easy-landmark-maze/IntrMotiv/SF_hipposlam/train_dir/analysis/online_spatial/easy_landmark_maze_control_20260923/ELM_CTRL_WAYPOINT_F64_DDQN_HER_S99/policy_00/snapshot_target_000025000000_actual_000025001984.npz,20,0.30000001192092896,1,1,24,0.030931590124964714,1.0,3,2
ELM_CTRL_WAYPOINT_F64_DDQN_HER_S99,0,25000000,25001984,/work/classic/fr_xl1014-easy-landmark-maze/IntrMotiv/SF_hipposlam/train_dir/analysis/online_spatial/easy_landmark_maze_control_20260923/ELM_CTRL_WAYPOINT_F64_DDQN_HER_S99/policy_00/snapshot_target_000025000000_actual_000025001984.npz,21,0.30000001192092896,1,1,54,4.062453269958496,1.0,3,8
ELM_CTRL_WAYPOINT_F64_DDQN_HER_S99,0,25000000,25001984,/work/classic/fr_xl1014-easy-landmark-maze/IntrMotiv/SF_hipposlam/train_dir/analysis/online_spatial/easy_landmark_maze_control_20260923/ELM_CTRL_WAYPOINT_F64_DDQN_HER_S99/policy_00/snapshot_target_000025000000_actual_000025001984.npz,22,0.30000001192092896,1,1,52,4.512347221374512,1.0,3,6
ELM_CTRL_WAYPOINT_F64_DDQN_HER_S99,0,25000000,25001984,/work/classic/fr_xl1014-easy-landmark-maze/IntrMotiv/SF_hipposlam/train_dir/analysis/online_spatial/easy_landmark_maze_control_20260923/ELM_CTRL_WAYPOINT_F64_DDQN_HER_S99/policy_00/snapshot_target_000025000000_actual_000025001984.npz,23,0.30000001192092896,2,1,3,0.007425304502248764,0.7156615767002422,8,8
ELM_CTRL_WAYPOINT_F64_DDQN_HER_S99,0,25000000,25001984,/work/classic/fr_xl1014-easy-landmark-maze/IntrMotiv/SF_hipposlam/train_dir/analysis/online_spatial/easy_landmark_maze_control_20260923/ELM_CTRL_WAYPOINT_F64_DDQN_HER_S99/policy_00/snapshot_target_000025000000_actual_000025001984.npz,23,0.30000001192092896,3,2,1,0.0018324963748455048,0.17661864836953667,0,8
ELM_CTRL_WAYPOINT_F64_DDQN_HER_S99,0,25000000,25001984,/work/classic/fr_xl1014-easy-landmark-maze/IntrMotiv/SF_hipposlam/train_dir/analysis/online_spatial/easy_landmark_maze_control_20260923/ELM_CTRL_WAYPOINT_F64_DDQN_HER_S99/policy_00/snapshot_target_000025000000_actual_000025001984.npz,23,0.30000001192092896,1,3,1,0.0011176401749253273,0.1077197749302211,0,0
ELM_CTRL_WAYPOINT_F64_DDQN_HER_S99,0,25000000,25001984,/work/classic/fr_xl1014-easy-landmark-maze/IntrMotiv/SF_hipposlam/train_dir/analysis/online_spatial/easy_landmark_maze_control_20260923/ELM_CTRL_WAYPOINT_F64_DDQN_HER_S99/policy_00/snapshot_target_000025000000_actual_000025001984.npz,24,0.30000001192092896,4,1,8,0.014768552966415882,0.46617925570745816,4,8
ELM_CTRL_WAYPOINT_F64_DDQN_HER_S99,0,25000000,25001984,/work/classic/fr_xl1014-easy-landmark-maze/IntrMotiv/SF_hipposlam/train_dir/analysis/online_spatial/easy_landmark_maze_control_20260923/ELM_CTRL_WAYPOINT_F64_DDQN_HER_S99/policy_00/snapshot_target_000025000000_actual_000025001984.npz,24,0.30000001192092896,2,2,7,0.008401521481573582,0.265199646843986,0,2
ELM_CTRL_WAYPOINT_F64_DDQN_HER_S99,0,25000000,25001984,/work/classic/fr_xl1014-easy-landmark-maze/IntrMotiv/SF_hipposlam/train_dir/analysis/online_spatial/easy_landmark_maze_control_20260923/ELM_CTRL_WAYPOINT_F64_DDQN_HER_S99/policy_00/snapshot_target_000025000000_actual_000025001984.npz,24,0.30000001192092896,3,3,4,0.00479414127767086,0.1513302770869494,8,5
ELM_CTRL_WAYPOINT_F64_DDQN_HER_S99,0,25000000,25001984,/work/classic/fr_xl1014-easy-landmark-maze/IntrMotiv/SF_hipposlam/train_dir/analysis/online_spatial/easy_landmark_maze_control_20260923/ELM_CTRL_WAYPOINT_F64_DDQN_HER_S99/policy_00/snapshot_target_000025000000_actual_000025001984.npz,24,0.30000001192092896,1,4,3,0.0037157717160880566,0.11729082036160642,5,0
ELM_CTRL_WAYPOINT_F64_DDQN_HER_S99,0,25000000,25001984,/work/classic/fr_xl1014-easy-landmark-maze/IntrMotiv/SF_hipposlam/train_dir/analysis/online_spatial/easy_landmark_maze_control_20260923/ELM_CTRL_WAYPOINT_F64_DDQN_HER_S99/policy_00/snapshot_target_000025000000_actual_000025001984.npz,25,0.30000001192092896,1,1,36,4.40807580947876,1.0,0,6
ELM_CTRL_WAYPOINT_F64_DDQN_HER_S99,0,25000000,25001984,/work/classic/fr_xl1014-easy-landmark-maze/IntrMotiv/SF_hipposlam/train_dir/analysis/online_spatial/easy_landmark_maze_control_20260923/ELM_CTRL_WAYPOINT_F64_DDQN_HER_S99/policy_00/snapshot_target_000025000000_actual_000025001984.npz,26,0.30000001192092896,1,1,14,0.03574294596910477,1.0,6,3
ELM_CTRL_WAYPOINT_F64_DDQN_HER_S99,0,25000000,25001984,/work/classic/fr_xl1014-easy-landmark-maze/IntrMotiv/SF_hipposlam/train_dir/analysis/online_spatial/easy_landmark_maze_control_20260923/ELM_CTRL_WAYPOINT_F64_DDQN_HER_S99/policy_00/snapshot_target_000025000000_actual_000025001984.npz,27,0.30000001192092896,3,1,3,0.47926872968673706,0.28851278809652214,0,8
ELM_CTRL_WAYPOINT_F64_DDQN_HER_S99,0,25000000,25001984,/work/classic/fr_xl1014-easy-landmark-maze/IntrMotiv/SF_hipposlam/train_dir/analysis/online_spatial/easy_landmark_maze_control_20260923/ELM_CTRL_WAYPOINT_F64_DDQN_HER_S99/policy_00/snapshot_target_000025000000_actual_000025001984.npz,27,0.30000001192092896,4,2,3,0.43813276290893555,0.2637495358103427,8,8
ELM_CTRL_WAYPOINT_F64_DDQN_HER_S99,0,25000000,25001984,/work/classic/fr_xl1014-easy-landmark-maze/IntrMotiv/SF_hipposlam/train_dir/analysis/online_spatial/easy_landmark_maze_control_20260923/ELM_CTRL_WAYPOINT_F64_DDQN_HER_S99/policy_00/snapshot_target_000025000000_actual_000025001984.npz,27,0.30000001192092896,2,3,3,0.4293706715106964,0.25847488452959905,8,0
ELM_CTRL_WAYPOINT_F64_DDQN_HER_S99,0,25000000,25001984,/work/classic/fr_xl1014-easy-landmark-maze/IntrMotiv/SF_hipposlam/train_dir/analysis/online_spatial/easy_landmark_maze_control_20260923/ELM_CTRL_WAYPOINT_F64_DDQN_HER_S99/policy_00/snapshot_target_000025000000_actual_000025001984.npz,27,0.30000001192092896,1,4,3,0.3143976330757141,0.1892627915635361,0,0
ELM_CTRL_WAYPOINT_F64_DDQN_HER_S99,0,25000000,25001984,/work/classic/fr_xl1014-easy-landmark-maze/IntrMotiv/SF_hipposlam/train_dir/analysis/online_spatial/easy_landmark_maze_control_20260923/ELM_CTRL_WAYPOINT_F64_DDQN_HER_S99/policy_00/snapshot_target_000025000000_actual_000025001984.npz,28,0.30000001192092896,1,1,12,0.023557713255286217,1.0,3,2
ELM_CTRL_WAYPOINT_F64_DDQN_HER_S99,0,25000000,25001984,/work/classic/fr_xl1014-easy-landmark-maze/IntrMotiv/SF_hipposlam/train_dir/analysis/online_spatial/easy_landmark_maze_control_20260923/ELM_CTRL_WAYPOINT_F64_DDQN_HER_S99/policy_00/snapshot_target_000025000000_actual_000025001984.npz,29,0.30000001192092896,1,1,18,2.0537779331207275,1.0,3,8
ELM_CTRL_WAYPOINT_F64_DDQN_HER_S99,0,25000000,25001984,/work/classic/fr_xl1014-easy-landmark-maze/IntrMotiv/SF_hipposlam/train_dir/analysis/online_spatial/easy_landmark_maze_control_20260923/ELM_CTRL_WAYPOINT_F64_DDQN_HER_S99/policy_00/snapshot_target_000025000000_actual_000025001984.npz,30,0.30000001192092896,1,1,48,3.736218214035034,0.9649440222780588,2,5
ELM_CTRL_WAYPOINT_F64_DDQN_HER_S99,0,25000000,25001984,/work/classic/fr_xl1014-easy-landmark-maze/IntrMotiv/SF_hipposlam/train_dir/analysis/online_spatial/easy_landmark_maze_control_20260923/ELM_CTRL_WAYPOINT_F64_DDQN_HER_S99/policy_00/snapshot_target_000025000000_actual_000025001984.npz,30,0.30000001192092896,2,2,3,0.13573510944843292,0.03505597772194128,7,0
ELM_CTRL_WAYPOINT_F64_DDQN_HER_S99,0,25000000,25001984,/work/classic/fr_xl1014-easy-landmark-maze/IntrMotiv/SF_hipposlam/train_dir/analysis/online_spatial/easy_landmark_maze_control_20260923/ELM_CTRL_WAYPOINT_F64_DDQN_HER_S99/policy_00/snapshot_target_000025000000_actual_000025001984.npz,31,0.30000001192092896,2,1,21,0.050385732203722,0.6629690932523215,4,8
ELM_CTRL_WAYPOINT_F64_DDQN_HER_S99,0,25000000,25001984,/work/classic/fr_xl1014-easy-landmark-maze/IntrMotiv/SF_hipposlam/train_dir/analysis/online_spatial/easy_landmark_maze_control_20260923/ELM_CTRL_WAYPOINT_F64_DDQN_HER_S99/policy_00/snapshot_target_000025000000_actual_000025001984.npz,31,0.30000001192092896,1,2,12,0.025614390149712563,0.33703090674767855,1,0
ELM_CTRL_WAYPOINT_F64_DDQN_HER_S99,0,25000000,25001984,/work/classic/fr_xl1014-easy-landmark-maze/IntrMotiv/SF_hipposlam/train_dir/analysis/online_spatial/easy_landmark_maze_control_20260923/ELM_CTRL_WAYPOINT_F64_DDQN_HER_S99/policy_00/snapshot_target_000025000000_actual_000025001984.npz,32,0.30000001192092896,1,1,29,0.032209254801273346,1.0,6,6
ELM_CTRL_WAYPOINT_F64_DDQN_HER_S99,0,25000000,25001984,/work/classic/fr_xl1014-easy-landmark-maze/IntrMotiv/SF_hipposlam/train_dir/analysis/online_spatial/easy_landmark_maze_control_20260923/ELM_CTRL_WAYPOINT_F64_DDQN_HER_S99/policy_00/snapshot_target_000025000000_actual_000025001984.npz,33,0.30000001192092896,1,1,53,4.762307643890381,1.0,8,0
ELM_CTRL_WAYPOINT_F64_DDQN_HER_S99,0,25000000,25001984,/work/classic/fr_xl1014-easy-landmark-maze/IntrMotiv/SF_hipposlam/train_dir/analysis/online_spatial/easy_landmark_maze_control_20260923/ELM_CTRL_WAYPOINT_F64_DDQN_HER_S99/policy_00/snapshot_target_000025000000_actual_000025001984.npz,34,0.30000001192092896,2,1,22,0.11434148252010345,0.5990460950736901,5,8
ELM_CTRL_WAYPOINT_F64_DDQN_HER_S99,0,25000000,25001984,/work/classic/fr_xl1014-easy-landmark-maze/IntrMotiv/SF_hipposlam/train_dir/analysis/online_spatial/easy_landmark_maze_control_20260923/ELM_CTRL_WAYPOINT_F64_DDQN_HER_S99/policy_00/snapshot_target_000025000000_actual_000025001984.npz,34,0.30000001192092896,1,2,16,0.07653111219406128,0.40095390492630983,1,0
ELM_CTRL_WAYPOINT_F64_DDQN_HER_S99,0,25000000,25001984,/work/classic/fr_xl1014-easy-landmark-maze/IntrMotiv/SF_hipposlam/train_dir/analysis/online_spatial/easy_landmark_maze_control_20260923/ELM_CTRL_WAYPOINT_F64_DDQN_HER_S99/policy_00/snapshot_target_000025000000_actual_000025001984.npz,35,0.30000001192092896,3,1,14,0.0542951375246048,0.5791338772202754,6,8
ELM_CTRL_WAYPOINT_F64_DDQN_HER_S99,0,25000000,25001984,/work/classic/fr_xl1014-easy-landmark-maze/IntrMotiv/SF_hipposlam/train_dir/analysis/online_spatial/easy_landmark_maze_control_20260923/ELM_CTRL_WAYPOINT_F64_DDQN_HER_S99/policy_00/snapshot_target_000025000000_actual_000025001984.npz,35,0.30000001192092896,2,2,5,0.025186708196997643,0.2686516074470356,8,0
ELM_CTRL_WAYPOINT_F64_DDQN_HER_S99,0,25000000,25001984,/work/classic/fr_xl1014-easy-landmark-maze/IntrMotiv/SF_hipposlam/train_dir/analysis/online_spatial/easy_landmark_maze_control_20260923/ELM_CTRL_WAYPOINT_F64_DDQN_HER_S99/policy_00/snapshot_target_000025000000_actual_000025001984.npz,35,0.30000001192092896,1,3,5,0.014270462095737457,0.15221451533268895,1,0
ELM_CTRL_WAYPOINT_F64_DDQN_HER_S99,0,25000000,25001984,/work/classic/fr_xl1014-easy-landmark-maze/IntrMotiv/SF_hipposlam/train_dir/analysis/online_spatial/easy_landmark_maze_control_20260923/ELM_CTRL_WAYPOINT_F64_DDQN_HER_S99/policy_00/snapshot_target_000025000000_actual_000025001984.npz,36,0.30000001192092896,1,1,18,0.013803238049149513,1.0,5,2
ELM_CTRL_WAYPOINT_F64_DDQN_HER_S99,0,25000000,25001984,/work/classic/fr_xl1014-easy-landmark-maze/IntrMotiv/SF_hipposlam/train_dir/analysis/online_spatial/easy_landmark_maze_control_20260923/ELM_CTRL_WAYPOINT_F64_DDQN_HER_S99/policy_00/snapshot_target_000025000000_actual_000025001984.npz,37,0.30000001192092896,1,1,37,5.715358257293701,1.0,5,5
ELM_CTRL_WAYPOINT_F64_DDQN_HER_S99,0,25000000,25001984,/work/classic/fr_xl1014-easy-landmark-maze/IntrMotiv/SF_hipposlam/train_dir/analysis/online_spatial/easy_landmark_maze_control_20260923/ELM_CTRL_WAYPOINT_F64_DDQN_HER_S99/policy_00/snapshot_target_000025000000_actual_000025001984.npz,38,0.30000001192092896,1,1,43,5.064225673675537,1.0,4,8
ELM_CTRL_WAYPOINT_F64_DDQN_HER_S99,0,25000000,25001984,/work/classic/fr_xl1014-easy-landmark-maze/IntrMotiv/SF_hipposlam/train_dir/analysis/online_spatial/easy_landmark_maze_control_20260923/ELM_CTRL_WAYPOINT_F64_DDQN_HER_S99/policy_00/snapshot_target_000025000000_actual_000025001984.npz,39,0.30000001192092896,1,1,45,3.0392467975616455,0.9525360920149181,0,3
ELM_CTRL_WAYPOINT_F64_DDQN_HER_S99,0,25000000,25001984,/work/classic/fr_xl1014-easy-landmark-maze/IntrMotiv/SF_hipposlam/train_dir/analysis/online_spatial/easy_landmark_maze_control_20260923/ELM_CTRL_WAYPOINT_F64_DDQN_HER_S99/policy_00/snapshot_target_000025000000_actual_000025001984.npz,39,0.30000001192092896,2,2,3,0.15144258737564087,0.047463907985081884,8,7
ELM_CTRL_WAYPOINT_F64_DDQN_HER_S99,0,25000000,25001984,/work/classic/fr_xl1014-easy-landmark-maze/IntrMotiv/SF_hipposlam/train_dir/analysis/online_spatial/easy_landmark_maze_control_20260923/ELM_CTRL_WAYPOINT_F64_DDQN_HER_S99/policy_00/snapshot_target_000025000000_actual_000025001984.npz,40,0.30000001192092896,1,1,15,0.07808992266654968,1.0,6,2
ELM_CTRL_WAYPOINT_F64_DDQN_HER_S99,0,25000000,25001984,/work/classic/fr_xl1014-easy-landmark-maze/IntrMotiv/SF_hipposlam/train_dir/analysis/online_spatial/easy_landmark_maze_control_20260923/ELM_CTRL_WAYPOINT_F64_DDQN_HER_S99/policy_00/snapshot_target_000025000000_actual_000025001984.npz,41,0.30000001192092896,1,1,11,0.09681478887796402,1.0,5,2
ELM_CTRL_WAYPOINT_F64_DDQN_HER_S99,0,25000000,25001984,/work/classic/fr_xl1014-easy-landmark-maze/IntrMotiv/SF_hipposlam/train_dir/analysis/online_spatial/easy_landmark_maze_control_20260923/ELM_CTRL_WAYPOINT_F64_DDQN_HER_S99/policy_00/snapshot_target_000025000000_actual_000025001984.npz,42,0.30000001192092896,1,1,40,3.324026584625244,1.0,5,8
ELM_CTRL_WAYPOINT_F64_DDQN_HER_S99,0,25000000,25001984,/work/classic/fr_xl1014-easy-landmark-maze/IntrMotiv/SF_hipposlam/train_dir/analysis/online_spatial/easy_landmark_maze_control_20260923/ELM_CTRL_WAYPOINT_F64_DDQN_HER_S99/policy_00/snapshot_target_000025000000_actual_000025001984.npz,43,0.30000001192092896,1,1,12,0.02784506231546402,1.0,6,3
ELM_CTRL_WAYPOINT_F64_DDQN_HER_S99,0,25000000,25001984,/work/classic/fr_xl1014-easy-landmark-maze/IntrMotiv/SF_hipposlam/train_dir/analysis/online_spatial/easy_landmark_maze_control_20260923/ELM_CTRL_WAYPOINT_F64_DDQN_HER_S99/policy_00/snapshot_target_000025000000_actual_000025001984.npz,44,0.30000001192092896,1,1,14,0.018932977691292763,1.0,4,2
ELM_CTRL_WAYPOINT_F64_DDQN_HER_S99,0,25000000,25001984,/work/classic/fr_xl1014-easy-landmark-maze/IntrMotiv/SF_hipposlam/train_dir/analysis/online_spatial/easy_landmark_maze_control_20260923/ELM_CTRL_WAYPOINT_F64_DDQN_HER_S99/policy_00/snapshot_target_000025000000_actual_000025001984.npz,45,0.30000001192092896,1,1,20,0.04259972646832466,1.0,6,5
ELM_CTRL_WAYPOINT_F64_DDQN_HER_S99,0,25000000,25001984,/work/classic/fr_xl1014-easy-landmark-maze/IntrMotiv/SF_hipposlam/train_dir/analysis/online_spatial/easy_landmark_maze_control_20260923/ELM_CTRL_WAYPOINT_F64_DDQN_HER_S99/policy_00/snapshot_target_000025000000_actual_000025001984.npz,46,0.30000001192092896,1,1,15,0.06220511719584465,1.0,5,2
ELM_CTRL_WAYPOINT_F64_DDQN_HER_S99,0,25000000,25001984,/work/classic/fr_xl1014-easy-landmark-maze/IntrMotiv/SF_hipposlam/train_dir/analysis/online_spatial/easy_landmark_maze_control_20260923/ELM_CTRL_WAYPOINT_F64_DDQN_HER_S99/policy_00/snapshot_target_000025000000_actual_000025001984.npz,47,0.30000001192092896,3,1,21,0.08740004152059555,0.5536840402932781,8,8
ELM_CTRL_WAYPOINT_F64_DDQN_HER_S99,0,25000000,25001984,/work/classic/fr_xl1014-easy-landmark-maze/IntrMotiv/SF_hipposlam/train_dir/analysis/online_spatial/easy_landmark_maze_control_20260923/ELM_CTRL_WAYPOINT_F64_DDQN_HER_S99/policy_00/snapshot_target_000025000000_actual_000025001984.npz,47,0.30000001192092896,1,2,19,0.06616955250501633,0.41918773192736114,0,2
ELM_CTRL_WAYPOINT_F64_DDQN_HER_S99,0,25000000,25001984,/work/classic/fr_xl1014-easy-landmark-maze/IntrMotiv/SF_hipposlam/train_dir/analysis/online_spatial/easy_landmark_maze_control_20260923/ELM_CTRL_WAYPOINT_F64_DDQN_HER_S99/policy_00/snapshot_target_000025000000_actual_000025001984.npz,47,0.30000001192092896,4,3,1,0.0021554906852543354,0.013655151309566732,4,4
ELM_CTRL_WAYPOINT_F64_DDQN_HER_S99,0,25000000,25001984,/work/classic/fr_xl1014-easy-landmark-maze/IntrMotiv/SF_hipposlam/train_dir/analysis/online_spatial/easy_landmark_maze_control_20260923/ELM_CTRL_WAYPOINT_F64_DDQN_HER_S99/policy_00/snapshot_target_000025000000_actual_000025001984.npz,47,0.30000001192092896,2,4,1,0.002126749837771058,0.013473076469793985,4,0
ELM_CTRL_WAYPOINT_F64_DDQN_HER_S99,0,25000000,25001984,/work/classic/fr_xl1014-easy-landmark-maze/IntrMotiv/SF_hipposlam/train_dir/analysis/online_spatial/easy_landmark_maze_control_20260923/ELM_CTRL_WAYPOINT_F64_DDQN_HER_S99/policy_00/snapshot_target_000025000000_actual_000025001984.npz,48,0.30000001192092896,1,1,8,0.04200867563486099,0.5830929378832704,5,3
ELM_CTRL_WAYPOINT_F64_DDQN_HER_S99,0,25000000,25001984,/work/classic/fr_xl1014-easy-landmark-maze/IntrMotiv/SF_hipposlam/train_dir/analysis/online_spatial/easy_landmark_maze_control_20260923/ELM_CTRL_WAYPOINT_F64_DDQN_HER_S99/policy_00/snapshot_target_000025000000_actual_000025001984.npz,48,0.30000001192092896,2,2,8,0.03003588691353798,0.41690706211672957,5,7
ELM_CTRL_WAYPOINT_F64_DDQN_HER_S99,0,25000000,25001984,/work/classic/fr_xl1014-easy-landmark-maze/IntrMotiv/SF_hipposlam/train_dir/analysis/online_spatial/easy_landmark_maze_control_20260923/ELM_CTRL_WAYPOINT_F64_DDQN_HER_S99/policy_00/snapshot_target_000025000000_actual_000025001984.npz,49,0.30000001192092896,1,1,47,2.7684507369995117,1.0,0,1
ELM_CTRL_WAYPOINT_F64_DDQN_HER_S99,0,25000000,25001984,/work/classic/fr_xl1014-easy-landmark-maze/IntrMotiv/SF_hipposlam/train_dir/analysis/online_spatial/easy_landmark_maze_control_20260923/ELM_CTRL_WAYPOINT_F64_DDQN_HER_S99/policy_00/snapshot_target_000025000000_actual_000025001984.npz,50,0.30000001192092896,2,1,3,0.6480884552001953,0.3061691142608102,8,0
ELM_CTRL_WAYPOINT_F64_DDQN_HER_S99,0,25000000,25001984,/work/classic/fr_xl1014-easy-landmark-maze/IntrMotiv/SF_hipposlam/train_dir/analysis/online_spatial/easy_landmark_maze_control_20260923/ELM_CTRL_WAYPOINT_F64_DDQN_HER_S99/policy_00/snapshot_target_000025000000_actual_000025001984.npz,50,0.30000001192092896,1,2,3,0.562317967414856,0.2656495307622226,0,0
ELM_CTRL_WAYPOINT_F64_DDQN_HER_S99,0,25000000,25001984,/work/classic/fr_xl1014-easy-landmark-maze/IntrMotiv/SF_hipposlam/train_dir/analysis/online_spatial/easy_landmark_maze_control_20260923/ELM_CTRL_WAYPOINT_F64_DDQN_HER_S99/policy_00/snapshot_target_000025000000_actual_000025001984.npz,50,0.30000001192092896,3,3,3,0.4940982162952423,0.2334212437008012,0,8
ELM_CTRL_WAYPOINT_F64_DDQN_HER_S99,0,25000000,25001984,/work/classic/fr_xl1014-easy-landmark-maze/IntrMotiv/SF_hipposlam/train_dir/analysis/online_spatial/easy_landmark_maze_control_20260923/ELM_CTRL_WAYPOINT_F64_DDQN_HER_S99/policy_00/snapshot_target_000025000000_actual_000025001984.npz,50,0.30000001192092896,4,4,3,0.41226163506507874,0.19476011127616596,8,8
ELM_CTRL_WAYPOINT_F64_DDQN_HER_S99,0,25000000,25001984,/work/classic/fr_xl1014-easy-landmark-maze/IntrMotiv/SF_hipposlam/train_dir/analysis/online_spatial/easy_landmark_maze_control_20260923/ELM_CTRL_WAYPOINT_F64_DDQN_HER_S99/policy_00/snapshot_target_000025000000_actual_000025001984.npz,51,0.30000001192092896,1,1,8,0.017710236832499504,1.0,6,2
ELM_CTRL_WAYPOINT_F64_DDQN_HER_S99,0,25000000,25001984,/work/classic/fr_xl1014-easy-landmark-maze/IntrMotiv/SF_hipposlam/train_dir/analysis/online_spatial/easy_landmark_maze_control_20260923/ELM_CTRL_WAYPOINT_F64_DDQN_HER_S99/policy_00/snapshot_target_000025000000_actual_000025001984.npz,52,0.30000001192092896,1,1,22,0.10024230927228928,0.8253194657471024,6,3
ELM_CTRL_WAYPOINT_F64_DDQN_HER_S99,0,25000000,25001984,/work/classic/fr_xl1014-easy-landmark-maze/IntrMotiv/SF_hipposlam/train_dir/analysis/online_spatial/easy_landmark_maze_control_20260923/ELM_CTRL_WAYPOINT_F64_DDQN_HER_S99/policy_00/snapshot_target_000025000000_actual_000025001984.npz,52,0.30000001192092896,2,2,6,0.021216487511992455,0.17468053425289762,2,6
ELM_CTRL_WAYPOINT_F64_DDQN_HER_S99,0,25000000,25001984,/work/classic/fr_xl1014-easy-landmark-maze/IntrMotiv/SF_hipposlam/train_dir/analysis/online_spatial/easy_landmark_maze_control_20260923/ELM_CTRL_WAYPOINT_F64_DDQN_HER_S99/policy_00/snapshot_target_000025000000_actual_000025001984.npz,53,0.30000001192092896,4,1,18,0.022510090842843056,0.6282966434098649,7,8
ELM_CTRL_WAYPOINT_F64_DDQN_HER_S99,0,25000000,25001984,/work/classic/fr_xl1014-easy-landmark-maze/IntrMotiv/SF_hipposlam/train_dir/analysis/online_spatial/easy_landmark_maze_control_20260923/ELM_CTRL_WAYPOINT_F64_DDQN_HER_S99/policy_00/snapshot_target_000025000000_actual_000025001984.npz,53,0.30000001192092896,1,2,7,0.008306465111672878,0.23184820464305422,3,0
ELM_CTRL_WAYPOINT_F64_DDQN_HER_S99,0,25000000,25001984,/work/classic/fr_xl1014-easy-landmark-maze/IntrMotiv/SF_hipposlam/train_dir/analysis/online_spatial/easy_landmark_maze_control_20260923/ELM_CTRL_WAYPOINT_F64_DDQN_HER_S99/policy_00/snapshot_target_000025000000_actual_000025001984.npz,53,0.30000001192092896,2,3,4,0.004307974129915237,0.12024321468177686,0,3
ELM_CTRL_WAYPOINT_F64_DDQN_HER_S99,0,25000000,25001984,/work/classic/fr_xl1014-easy-landmark-maze/IntrMotiv/SF_hipposlam/train_dir/analysis/online_spatial/easy_landmark_maze_control_20260923/ELM_CTRL_WAYPOINT_F64_DDQN_HER_S99/policy_00/snapshot_target_000025000000_actual_000025001984.npz,53,0.30000001192092896,3,4,1,0.000702640216331929,0.01961193726530401,8,2
ELM_CTRL_WAYPOINT_F64_DDQN_HER_S99,0,25000000,25001984,/work/classic/fr_xl1014-easy-landmark-maze/IntrMotiv/SF_hipposlam/train_dir/analysis/online_spatial/easy_landmark_maze_control_20260923/ELM_CTRL_WAYPOINT_F64_DDQN_HER_S99/policy_00/snapshot_target_000025000000_actual_000025001984.npz,54,0.30000001192092896,1,1,50,2.740549087524414,1.0,5,0
ELM_CTRL_WAYPOINT_F64_DDQN_HER_S99,0,25000000,25001984,/work/classic/fr_xl1014-easy-landmark-maze/IntrMotiv/SF_hipposlam/train_dir/analysis/online_spatial/easy_landmark_maze_control_20260923/ELM_CTRL_WAYPOINT_F64_DDQN_HER_S99/policy_00/snapshot_target_000025000000_actual_000025001984.npz,55,0.30000001192092896,1,1,25,6.362367153167725,1.0,6,3
ELM_CTRL_WAYPOINT_F64_DDQN_HER_S99,0,25000000,25001984,/work/classic/fr_xl1014-easy-landmark-maze/IntrMotiv/SF_hipposlam/train_dir/analysis/online_spatial/easy_landmark_maze_control_20260923/ELM_CTRL_WAYPOINT_F64_DDQN_HER_S99/policy_00/snapshot_target_000025000000_actual_000025001984.npz,56,0.30000001192092896,1,1,34,0.940331757068634,1.0,3,2
ELM_CTRL_WAYPOINT_F64_DDQN_HER_S99,0,25000000,25001984,/work/classic/fr_xl1014-easy-landmark-maze/IntrMotiv/SF_hipposlam/train_dir/analysis/online_spatial/easy_landmark_maze_control_20260923/ELM_CTRL_WAYPOINT_F64_DDQN_HER_S99/policy_00/snapshot_target_000025000000_actual_000025001984.npz,57,0.30000001192092896,1,1,26,0.011737218126654625,1.0,4,2
ELM_CTRL_WAYPOINT_F64_DDQN_HER_S99,0,25000000,25001984,/work/classic/fr_xl1014-easy-landmark-maze/IntrMotiv/SF_hipposlam/train_dir/analysis/online_spatial/easy_landmark_maze_control_20260923/ELM_CTRL_WAYPOINT_F64_DDQN_HER_S99/policy_00/snapshot_target_000025000000_actual_000025001984.npz,58,0.30000001192092896,1,1,20,0.03519091755151749,1.0,6,2
ELM_CTRL_WAYPOINT_F64_DDQN_HER_S99,0,25000000,25001984,/work/classic/fr_xl1014-easy-landmark-maze/IntrMotiv/SF_hipposlam/train_dir/analysis/online_spatial/easy_landmark_maze_control_20260923/ELM_CTRL_WAYPOINT_F64_DDQN_HER_S99/policy_00/snapshot_target_000025000000_actual_000025001984.npz,59,0.30000001192092896,3,1,23,0.16283534467220306,0.5548360429487921,4,8
ELM_CTRL_WAYPOINT_F64_DDQN_HER_S99,0,25000000,25001984,/work/classic/fr_xl1014-easy-landmark-maze/IntrMotiv/SF_hipposlam/train_dir/analysis/online_spatial/easy_landmark_maze_control_20260923/ELM_CTRL_WAYPOINT_F64_DDQN_HER_S99/policy_00/snapshot_target_000025000000_actual_000025001984.npz,59,0.30000001192092896,1,2,18,0.1187475174665451,0.4046136472014818,0,2
ELM_CTRL_WAYPOINT_F64_DDQN_HER_S99,0,25000000,25001984,/work/classic/fr_xl1014-easy-landmark-maze/IntrMotiv/SF_hipposlam/train_dir/analysis/online_spatial/easy_landmark_maze_control_20260923/ELM_CTRL_WAYPOINT_F64_DDQN_HER_S99/policy_00/snapshot_target_000025000000_actual_000025001984.npz,59,0.30000001192092896,2,3,2,0.00741826556622982,0.025276583045258514,4,0
ELM_CTRL_WAYPOINT_F64_DDQN_HER_S99,0,25000000,25001984,/work/classic/fr_xl1014-easy-landmark-maze/IntrMotiv/SF_hipposlam/train_dir/analysis/online_spatial/easy_landmark_maze_control_20260923/ELM_CTRL_WAYPOINT_F64_DDQN_HER_S99/policy_00/snapshot_target_000025000000_actual_000025001984.npz,59,0.30000001192092896,4,4,1,0.00448259012773633,0.015273726804467584,4,4
ELM_CTRL_WAYPOINT_F64_DDQN_HER_S99,0,25000000,25001984,/work/classic/fr_xl1014-easy-landmark-maze/IntrMotiv/SF_hipposlam/train_dir/analysis/online_spatial/easy_landmark_maze_control_20260923/ELM_CTRL_WAYPOINT_F64_DDQN_HER_S99/policy_00/snapshot_target_000025000000_actual_000025001984.npz,60,0.30000001192092896,1,1,30,0.9377954006195068,0.9654272122808145,1,4
ELM_CTRL_WAYPOINT_F64_DDQN_HER_S99,0,25000000,25001984,/work/classic/fr_xl1014-easy-landmark-maze/IntrMotiv/SF_hipposlam/train_dir/analysis/online_spatial/easy_landmark_maze_control_20260923/ELM_CTRL_WAYPOINT_F64_DDQN_HER_S99/policy_00/snapshot_target_000025000000_actual_000025001984.npz,60,0.30000001192092896,2,2,2,0.03358326852321625,0.034572787719185455,6,0
ELM_CTRL_WAYPOINT_F64_DDQN_HER_S99,0,25000000,25001984,/work/classic/fr_xl1014-easy-landmark-maze/IntrMotiv/SF_hipposlam/train_dir/analysis/online_spatial/easy_landmark_maze_control_20260923/ELM_CTRL_WAYPOINT_F64_DDQN_HER_S99/policy_00/snapshot_target_000025000000_actual_000025001984.npz,61,0.30000001192092896,1,1,49,2.619105577468872,1.0,5,7
ELM_CTRL_WAYPOINT_F64_DDQN_HER_S99,0,25000000,25001984,/work/classic/fr_xl1014-easy-landmark-maze/IntrMotiv/SF_hipposlam/train_dir/analysis/online_spatial/easy_landmark_maze_control_20260923/ELM_CTRL_WAYPOINT_F64_DDQN_HER_S99/policy_00/snapshot_target_000025000000_actual_000025001984.npz,62,0.30000001192092896,1,1,6,0.019964400678873062,0.38643410220726154,0,0
ELM_CTRL_WAYPOINT_F64_DDQN_HER_S99,0,25000000,25001984,/work/classic/fr_xl1014-easy-landmark-maze/IntrMotiv/SF_hipposlam/train_dir/analysis/online_spatial/easy_landmark_maze_control_20260923/ELM_CTRL_WAYPOINT_F64_DDQN_HER_S99/policy_00/snapshot_target_000025000000_actual_000025001984.npz,62,0.30000001192092896,5,2,3,0.012817813083529472,0.24810362058280427,8,8
ELM_CTRL_WAYPOINT_F64_DDQN_HER_S99,0,25000000,25001984,/work/classic/fr_xl1014-easy-landmark-maze/IntrMotiv/SF_hipposlam/train_dir/analysis/online_spatial/easy_landmark_maze_control_20260923/ELM_CTRL_WAYPOINT_F64_DDQN_HER_S99/policy_00/snapshot_target_000025000000_actual_000025001984.npz,62,0.30000001192092896,2,3,3,0.008010162971913815,0.15504598341692327,8,0
ELM_CTRL_WAYPOINT_F64_DDQN_HER_S99,0,25000000,25001984,/work/classic/fr_xl1014-easy-landmark-maze/IntrMotiv/SF_hipposlam/train_dir/analysis/online_spatial/easy_landmark_maze_control_20260923/ELM_CTRL_WAYPOINT_F64_DDQN_HER_S99/policy_00/snapshot_target_000025000000_actual_000025001984.npz,62,0.30000001192092896,4,4,3,0.006613606121391058,0.12801400778219937,4,8
ELM_CTRL_WAYPOINT_F64_DDQN_HER_S99,0,25000000,25001984,/work/classic/fr_xl1014-easy-landmark-maze/IntrMotiv/SF_hipposlam/train_dir/analysis/online_spatial/easy_landmark_maze_control_20260923/ELM_CTRL_WAYPOINT_F64_DDQN_HER_S99/policy_00/snapshot_target_000025000000_actual_000025001984.npz,62,0.30000001192092896,3,5,2,0.004257161170244217,0.08240228601081157,0,8
ELM_CTRL_WAYPOINT_F64_DDQN_HER_S99,0,25000000,25001984,/work/classic/fr_xl1014-easy-landmark-maze/IntrMotiv/SF_hipposlam/train_dir/analysis/online_spatial/easy_landmark_maze_control_20260923/ELM_CTRL_WAYPOINT_F64_DDQN_HER_S99/policy_00/snapshot_target_000025000000_actual_000025001984.npz,63,0.30000001192092896,1,1,57,2.9486799240112305,1.0,0,2
ELM_CTRL_WAYPOINT_F64_DDQN_HER_S99,0,25000000,25001984,/work/classic/fr_xl1014-easy-landmark-maze/IntrMotiv/SF_hipposlam/train_dir/analysis/online_spatial/easy_landmark_maze_control_20260923/ELM_CTRL_WAYPOINT_F64_DDQN_HER_S99/policy_00/snapshot_target_000025000000_actual_000025001984.npz,0,0.5,1,1,21,5.153647422790527,1.0,5,2
ELM_CTRL_WAYPOINT_F64_DDQN_HER_S99,0,25000000,25001984,/work/classic/fr_xl1014-easy-landmark-maze/IntrMotiv/SF_hipposlam/train_dir/analysis/online_spatial/easy_landmark_maze_control_20260923/ELM_CTRL_WAYPOINT_F64_DDQN_HER_S99/policy_00/snapshot_target_000025000000_actual_000025001984.npz,1,0.5,2,1,15,1.5201133489608765,0.6503504108892287,3,6
ELM_CTRL_WAYPOINT_F64_DDQN_HER_S99,0,25000000,25001984,/work/classic/fr_xl1014-easy-landmark-maze/IntrMotiv/SF_hipposlam/train_dir/analysis/online_spatial/easy_landmark_maze_control_20260923/ELM_CTRL_WAYPOINT_F64_DDQN_HER_S99/policy_00/snapshot_target_000025000000_actual_000025001984.npz,1,0.5,1,2,4,0.4087497591972351,0.17487549466394228,4,0
ELM_CTRL_WAYPOINT_F64_DDQN_HER_S99,0,25000000,25001984,/work/classic/fr_xl1014-easy-landmark-maze/IntrMotiv/SF_hipposlam/train_dir/analysis/online_spatial/easy_landmark_maze_control_20260923/ELM_CTRL_WAYPOINT_F64_DDQN_HER_S99/policy_00/snapshot_target_000025000000_actual_000025001984.npz,1,0.5,3,3,3,0.32449352741241455,0.13882813345979667,8,2
ELM_CTRL_WAYPOINT_F64_DDQN_HER_S99,0,25000000,25001984,/work/classic/fr_xl1014-easy-landmark-maze/IntrMotiv/SF_hipposlam/train_dir/analysis/online_spatial/easy_landmark_maze_control_20260923/ELM_CTRL_WAYPOINT_F64_DDQN_HER_S99/policy_00/snapshot_target_000025000000_actual_000025001984.npz,1,0.5,4,4,1,0.08401922136545181,0.03594596098703228,7,8
ELM_CTRL_WAYPOINT_F64_DDQN_HER_S99,0,25000000,25001984,/work/classic/fr_xl1014-easy-landmark-maze/IntrMotiv/SF_hipposlam/train_dir/analysis/online_spatial/easy_landmark_maze_control_20260923/ELM_CTRL_WAYPOINT_F64_DDQN_HER_S99/policy_00/snapshot_target_000025000000_actual_000025001984.npz,2,0.5,3,1,21,2.1761395931243896,0.7712147124260513,0,8
ELM_CTRL_WAYPOINT_F64_DDQN_HER_S99,0,25000000,25001984,/work/classic/fr_xl1014-easy-landmark-maze/IntrMotiv/SF_hipposlam/train_dir/analysis/online_spatial/easy_landmark_maze_control_20260923/ELM_CTRL_WAYPOINT_F64_DDQN_HER_S99/policy_00/snapshot_target_000025000000_actual_000025001984.npz,2,0.5,1,2,4,0.3692205846309662,0.13085022114280914,4,0
ELM_CTRL_WAYPOINT_F64_DDQN_HER_S99,0,25000000,25001984,/work/classic/fr_xl1014-easy-landmark-maze/IntrMotiv/SF_hipposlam/train_dir/analysis/online_spatial/easy_landmark_maze_control_20260923/ELM_CTRL_WAYPOINT_F64_DDQN_HER_S99/policy_00/snapshot_target_000025000000_actual_000025001984.npz,2,0.5,2,3,3,0.27634376287460327,0.09793506643113954,8,2
ELM_CTRL_WAYPOINT_F64_DDQN_HER_S99,0,25000000,25001984,/work/classic/fr_xl1014-easy-landmark-maze/IntrMotiv/SF_hipposlam/train_dir/analysis/online_spatial/easy_landmark_maze_control_20260923/ELM_CTRL_WAYPOINT_F64_DDQN_HER_S99/policy_00/snapshot_target_000025000000_actual_000025001984.npz,3,0.5,1,1,10,0.018723879009485245,1.0,7,4
ELM_CTRL_WAYPOINT_F64_DDQN_HER_S99,0,25000000,25001984,/work/classic/fr_xl1014-easy-landmark-maze/IntrMotiv/SF_hipposlam/train_dir/analysis/online_spatial/easy_landmark_maze_control_20260923/ELM_CTRL_WAYPOINT_F64_DDQN_HER_S99/policy_00/snapshot_target_000025000000_actual_000025001984.npz,4,0.5,1,1,4,0.018325863406062126,1.0,6,2
ELM_CTRL_WAYPOINT_F64_DDQN_HER_S99,0,25000000,25001984,/work/classic/fr_xl1014-easy-landmark-maze/IntrMotiv/SF_hipposlam/train_dir/analysis/online_spatial/easy_landmark_maze_control_20260923/ELM_CTRL_WAYPOINT_F64_DDQN_HER_S99/policy_00/snapshot_target_000025000000_actual_000025001984.npz,5,0.5,1,1,34,2.4283037185668945,1.0,0,3
ELM_CTRL_WAYPOINT_F64_DDQN_HER_S99,0,25000000,25001984,/work/classic/fr_xl1014-easy-landmark-maze/IntrMotiv/SF_hipposlam/train_dir/analysis/online_spatial/easy_landmark_maze_control_20260923/ELM_CTRL_WAYPOINT_F64_DDQN_HER_S99/policy_00/snapshot_target_000025000000_actual_000025001984.npz,6,0.5,1,1,10,0.01544179767370224,1.0,3,2
ELM_CTRL_WAYPOINT_F64_DDQN_HER_S99,0,25000000,25001984,/work/classic/fr_xl1014-easy-landmark-maze/IntrMotiv/SF_hipposlam/train_dir/analysis/online_spatial/easy_landmark_maze_control_20260923/ELM_CTRL_WAYPOINT_F64_DDQN_HER_S99/policy_00/snapshot_target_000025000000_actual_000025001984.npz,7,0.5,1,1,8,0.04616081714630127,1.0,5,2
ELM_CTRL_WAYPOINT_F64_DDQN_HER_S99,0,25000000,25001984,/work/classic/fr_xl1014-easy-landmark-maze/IntrMotiv/SF_hipposlam/train_dir/analysis/online_spatial/easy_landmark_maze_control_20260923/ELM_CTRL_WAYPOINT_F64_DDQN_HER_S99/policy_00/snapshot_target_000025000000_actual_000025001984.npz,8,0.5,1,1,3,0.006757127586752176,0.4209096580211875,0,0
ELM_CTRL_WAYPOINT_F64_DDQN_HER_S99,0,25000000,25001984,/work/classic/fr_xl1014-easy-landmark-maze/IntrMotiv/SF_hipposlam/train_dir/analysis/online_spatial/easy_landmark_maze_control_20260923/ELM_CTRL_WAYPOINT_F64_DDQN_HER_S99/policy_00/snapshot_target_000025000000_actual_000025001984.npz,8,0.5,2,2,3,0.006080429069697857,0.3787572881362078,8,8
ELM_CTRL_WAYPOINT_F64_DDQN_HER_S99,0,25000000,25001984,/work/classic/fr_xl1014-easy-landmark-maze/IntrMotiv/SF_hipposlam/train_dir/analysis/online_spatial/easy_landmark_maze_control_20260923/ELM_CTRL_WAYPOINT_F64_DDQN_HER_S99/policy_00/snapshot_target_000025000000_actual_000025001984.npz,8,0.5,3,3,1,0.001720477594062686,0.10717063226241551,0,8
ELM_CTRL_WAYPOINT_F64_DDQN_HER_S99,0,25000000,25001984,/work/classic/fr_xl1014-easy-landmark-maze/IntrMotiv/SF_hipposlam/train_dir/analysis/online_spatial/easy_landmark_maze_control_20260923/ELM_CTRL_WAYPOINT_F64_DDQN_HER_S99/policy_00/snapshot_target_000025000000_actual_000025001984.npz,8,0.5,4,4,1,0.0014955949736759067,0.09316242158018921,4,8
ELM_CTRL_WAYPOINT_F64_DDQN_HER_S99,0,25000000,25001984,/work/classic/fr_xl1014-easy-landmark-maze/IntrMotiv/SF_hipposlam/train_dir/analysis/online_spatial/easy_landmark_maze_control_20260923/ELM_CTRL_WAYPOINT_F64_DDQN_HER_S99/policy_00/snapshot_target_000025000000_actual_000025001984.npz,9,0.5,1,1,18,5.0925374031066895,1.0,6,3
ELM_CTRL_WAYPOINT_F64_DDQN_HER_S99,0,25000000,25001984,/work/classic/fr_xl1014-easy-landmark-maze/IntrMotiv/SF_hipposlam/train_dir/analysis/online_spatial/easy_landmark_maze_control_20260923/ELM_CTRL_WAYPOINT_F64_DDQN_HER_S99/policy_00/snapshot_target_000025000000_actual_000025001984.npz,10,0.5,1,1,16,3.1638522148132324,0.959416847789159,8,6
ELM_CTRL_WAYPOINT_F64_DDQN_HER_S99,0,25000000,25001984,/work/classic/fr_xl1014-easy-landmark-maze/IntrMotiv/SF_hipposlam/train_dir/analysis/online_spatial/easy_landmark_maze_control_20260923/ELM_CTRL_WAYPOINT_F64_DDQN_HER_S99/policy_00/snapshot_target_000025000000_actual_000025001984.npz,10,0.5,2,2,1,0.13383035361766815,0.040583152210840946,2,6
ELM_CTRL_WAYPOINT_F64_DDQN_HER_S99,0,25000000,25001984,/work/classic/fr_xl1014-easy-landmark-maze/IntrMotiv/SF_hipposlam/train_dir/analysis/online_spatial/easy_landmark_maze_control_20260923/ELM_CTRL_WAYPOINT_F64_DDQN_HER_S99/policy_00/snapshot_target_000025000000_actual_000025001984.npz,11,0.5,2,1,14,1.7737188339233398,0.8908102958625546,0,5
ELM_CTRL_WAYPOINT_F64_DDQN_HER_S99,0,25000000,25001984,/work/classic/fr_xl1014-easy-landmark-maze/IntrMotiv/SF_hipposlam/train_dir/analysis/online_spatial/easy_landmark_maze_control_20260923/ELM_CTRL_WAYPOINT_F64_DDQN_HER_S99/policy_00/snapshot_target_000025000000_actual_000025001984.npz,11,0.5,1,2,2,0.2174108624458313,0.1091897041374454,5,0
ELM_CTRL_WAYPOINT_F64_DDQN_HER_S99,0,25000000,25001984,/work/classic/fr_xl1014-easy-landmark-maze/IntrMotiv/SF_hipposlam/train_dir/analysis/online_spatial/easy_landmark_maze_control_20260923/ELM_CTRL_WAYPOINT_F64_DDQN_HER_S99/policy_00/snapshot_target_000025000000_actual_000025001984.npz,12,0.5,1,1,4,0.03136491775512695,1.0,6,2
ELM_CTRL_WAYPOINT_F64_DDQN_HER_S99,0,25000000,25001984,/work/classic/fr_xl1014-easy-landmark-maze/IntrMotiv/SF_hipposlam/train_dir/analysis/online_spatial/easy_landmark_maze_control_20260923/ELM_CTRL_WAYPOINT_F64_DDQN_HER_S99/policy_00/snapshot_target_000025000000_actual_000025001984.npz,13,0.5,1,1,10,0.01862817071378231,0.39766773098244856,1,0
ELM_CTRL_WAYPOINT_F64_DDQN_HER_S99,0,25000000,25001984,/work/classic/fr_xl1014-easy-landmark-maze/IntrMotiv/SF_hipposlam/train_dir/analysis/online_spatial/easy_landmark_maze_control_20260923/ELM_CTRL_WAYPOINT_F64_DDQN_HER_S99/policy_00/snapshot_target_000025000000_actual_000025001984.npz,13,0.5,4,2,5,0.010826410725712776,0.23111846322048668,4,8
ELM_CTRL_WAYPOINT_F64_DDQN_HER_S99,0,25000000,25001984,/work/classic/fr_xl1014-easy-landmark-maze/IntrMotiv/SF_hipposlam/train_dir/analysis/online_spatial/easy_landmark_maze_control_20260923/ELM_CTRL_WAYPOINT_F64_DDQN_HER_S99/policy_00/snapshot_target_000025000000_actual_000025001984.npz,13,0.5,3,3,5,0.01023925468325615,0.21858405956250387,8,8
ELM_CTRL_WAYPOINT_F64_DDQN_HER_S99,0,25000000,25001984,/work/classic/fr_xl1014-easy-landmark-maze/IntrMotiv/SF_hipposlam/train_dir/analysis/online_spatial/easy_landmark_maze_control_20260923/ELM_CTRL_WAYPOINT_F64_DDQN_HER_S99/policy_00/snapshot_target_000025000000_actual_000025001984.npz,13,0.5,2,4,4,0.007149720098823309,0.15262974623456088,8,1
ELM_CTRL_WAYPOINT_F64_DDQN_HER_S99,0,25000000,25001984,/work/classic/fr_xl1014-easy-landmark-maze/IntrMotiv/SF_hipposlam/train_dir/analysis/online_spatial/easy_landmark_maze_control_20260923/ELM_CTRL_WAYPOINT_F64_DDQN_HER_S99/policy_00/snapshot_target_000025000000_actual_000025001984.npz,14,0.5,1,1,3,0.0036043422296643257,0.6428323315445795,4,8
ELM_CTRL_WAYPOINT_F64_DDQN_HER_S99,0,25000000,25001984,/work/classic/fr_xl1014-easy-landmark-maze/IntrMotiv/SF_hipposlam/train_dir/analysis/online_spatial/easy_landmark_maze_control_20260923/ELM_CTRL_WAYPOINT_F64_DDQN_HER_S99/policy_00/snapshot_target_000025000000_actual_000025001984.npz,14,0.5,2,2,2,0.002002628752961755,0.3571676684554204,8,8
ELM_CTRL_WAYPOINT_F64_DDQN_HER_S99,0,25000000,25001984,/work/classic/fr_xl1014-easy-landmark-maze/IntrMotiv/SF_hipposlam/train_dir/analysis/online_spatial/easy_landmark_maze_control_20260923/ELM_CTRL_WAYPOINT_F64_DDQN_HER_S99/policy_00/snapshot_target_000025000000_actual_000025001984.npz,15,0.5,2,1,11,0.6994805932044983,0.36751267039686014,8,1
ELM_CTRL_WAYPOINT_F64_DDQN_HER_S99,0,25000000,25001984,/work/classic/fr_xl1014-easy-landmark-maze/IntrMotiv/SF_hipposlam/train_dir/analysis/online_spatial/easy_landmark_maze_control_20260923/ELM_CTRL_WAYPOINT_F64_DDQN_HER_S99/policy_00/snapshot_target_000025000000_actual_000025001984.npz,15,0.5,1,2,10,0.6810445785522461,0.35782624157789217,2,0
ELM_CTRL_WAYPOINT_F64_DDQN_HER_S99,0,25000000,25001984,/work/classic/fr_xl1014-easy-landmark-maze/IntrMotiv/SF_hipposlam/train_dir/analysis/online_spatial/easy_landmark_maze_control_20260923/ELM_CTRL_WAYPOINT_F64_DDQN_HER_S99/policy_00/snapshot_target_000025000000_actual_000025001984.npz,15,0.5,4,3,6,0.4060433506965637,0.2133384079002683,5,8
ELM_CTRL_WAYPOINT_F64_DDQN_HER_S99,0,25000000,25001984,/work/classic/fr_xl1014-easy-landmark-maze/IntrMotiv/SF_hipposlam/train_dir/analysis/online_spatial/easy_landmark_maze_control_20260923/ELM_CTRL_WAYPOINT_F64_DDQN_HER_S99/policy_00/snapshot_target_000025000000_actual_000025001984.npz,15,0.5,3,4,2,0.11671441048383713,0.06132268012497937,0,5
ELM_CTRL_WAYPOINT_F64_DDQN_HER_S99,0,25000000,25001984,/work/classic/fr_xl1014-easy-landmark-maze/IntrMotiv/SF_hipposlam/train_dir/analysis/online_spatial/easy_landmark_maze_control_20260923/ELM_CTRL_WAYPOINT_F64_DDQN_HER_S99/policy_00/snapshot_target_000025000000_actual_000025001984.npz,16,0.5,1,1,6,0.06941548734903336,1.0,6,3
ELM_CTRL_WAYPOINT_F64_DDQN_HER_S99,0,25000000,25001984,/work/classic/fr_xl1014-easy-landmark-maze/IntrMotiv/SF_hipposlam/train_dir/analysis/online_spatial/easy_landmark_maze_control_20260923/ELM_CTRL_WAYPOINT_F64_DDQN_HER_S99/policy_00/snapshot_target_000025000000_actual_000025001984.npz,17,0.5,3,1,2,0.005858494900166988,0.4826339638259936,8,8
ELM_CTRL_WAYPOINT_F64_DDQN_HER_S99,0,25000000,25001984,/work/classic/fr_xl1014-easy-landmark-maze/IntrMotiv/SF_hipposlam/train_dir/analysis/online_spatial/easy_landmark_maze_control_20260923/ELM_CTRL_WAYPOINT_F64_DDQN_HER_S99/policy_00/snapshot_target_000025000000_actual_000025001984.npz,17,0.5,1,2,1,0.0023232526145875454,0.19139397361522495,0,0
ELM_CTRL_WAYPOINT_F64_DDQN_HER_S99,0,25000000,25001984,/work/classic/fr_xl1014-easy-landmark-maze/IntrMotiv/SF_hipposlam/train_dir/analysis/online_spatial/easy_landmark_maze_control_20260923/ELM_CTRL_WAYPOINT_F64_DDQN_HER_S99/policy_00/snapshot_target_000025000000_actual_000025001984.npz,17,0.5,4,3,1,0.0021341508254408836,0.17581540819565972,0,8
ELM_CTRL_WAYPOINT_F64_DDQN_HER_S99,0,25000000,25001984,/work/classic/fr_xl1014-easy-landmark-maze/IntrMotiv/SF_hipposlam/train_dir/analysis/online_spatial/easy_landmark_maze_control_20260923/ELM_CTRL_WAYPOINT_F64_DDQN_HER_S99/policy_00/snapshot_target_000025000000_actual_000025001984.npz,17,0.5,2,4,1,0.0018226897809654474,0.15015665436312176,8,0
ELM_CTRL_WAYPOINT_F64_DDQN_HER_S99,0,25000000,25001984,/work/classic/fr_xl1014-easy-landmark-maze/IntrMotiv/SF_hipposlam/train_dir/analysis/online_spatial/easy_landmark_maze_control_20260923/ELM_CTRL_WAYPOINT_F64_DDQN_HER_S99/policy_00/snapshot_target_000025000000_actual_000025001984.npz,18,0.5,1,1,20,0.010621714405715466,1.0,0,6
ELM_CTRL_WAYPOINT_F64_DDQN_HER_S99,0,25000000,25001984,/work/classic/fr_xl1014-easy-landmark-maze/IntrMotiv/SF_hipposlam/train_dir/analysis/online_spatial/easy_landmark_maze_control_20260923/ELM_CTRL_WAYPOINT_F64_DDQN_HER_S99/policy_00/snapshot_target_000025000000_actual_000025001984.npz,19,0.5,3,1,11,0.015263631008565426,0.7688573962387977,6,8
ELM_CTRL_WAYPOINT_F64_DDQN_HER_S99,0,25000000,25001984,/work/classic/fr_xl1014-easy-landmark-maze/IntrMotiv/SF_hipposlam/train_dir/analysis/online_spatial/easy_landmark_maze_control_20260923/ELM_CTRL_WAYPOINT_F64_DDQN_HER_S99/policy_00/snapshot_target_000025000000_actual_000025001984.npz,19,0.5,2,2,3,0.0036353585310280323,0.18311975001179043,0,3
ELM_CTRL_WAYPOINT_F64_DDQN_HER_S99,0,25000000,25001984,/work/classic/fr_xl1014-easy-landmark-maze/IntrMotiv/SF_hipposlam/train_dir/analysis/online_spatial/easy_landmark_maze_control_20260923/ELM_CTRL_WAYPOINT_F64_DDQN_HER_S99/policy_00/snapshot_target_000025000000_actual_000025001984.npz,19,0.5,1,3,1,0.0009533668053336442,0.048022853749411926,2,0
ELM_CTRL_WAYPOINT_F64_DDQN_HER_S99,0,25000000,25001984,/work/classic/fr_xl1014-easy-landmark-maze/IntrMotiv/SF_hipposlam/train_dir/analysis/online_spatial/easy_landmark_maze_control_20260923/ELM_CTRL_WAYPOINT_F64_DDQN_HER_S99/policy_00/snapshot_target_000025000000_actual_000025001984.npz,20,0.5,1,1,11,0.017831705510616302,1.0,3,2
ELM_CTRL_WAYPOINT_F64_DDQN_HER_S99,0,25000000,25001984,/work/classic/fr_xl1014-easy-landmark-maze/IntrMotiv/SF_hipposlam/train_dir/analysis/online_spatial/easy_landmark_maze_control_20260923/ELM_CTRL_WAYPOINT_F64_DDQN_HER_S99/policy_00/snapshot_target_000025000000_actual_000025001984.npz,21,0.5,1,1,36,3.0968782901763916,1.0,3,8
ELM_CTRL_WAYPOINT_F64_DDQN_HER_S99,0,25000000,25001984,/work/classic/fr_xl1014-easy-landmark-maze/IntrMotiv/SF_hipposlam/train_dir/analysis/online_spatial/easy_landmark_maze_control_20260923/ELM_CTRL_WAYPOINT_F64_DDQN_HER_S99/policy_00/snapshot_target_000025000000_actual_000025001984.npz,22,0.5,5,1,9,1.1410677433013916,0.5260564708030565,3,6
ELM_CTRL_WAYPOINT_F64_DDQN_HER_S99,0,25000000,25001984,/work/classic/fr_xl1014-easy-landmark-maze/IntrMotiv/SF_hipposlam/train_dir/analysis/online_spatial/easy_landmark_maze_control_20260923/ELM_CTRL_WAYPOINT_F64_DDQN_HER_S99/policy_00/snapshot_target_000025000000_actual_000025001984.npz,22,0.5,1,2,6,0.6788164973258972,0.3129488262221726,4,0
ELM_CTRL_WAYPOINT_F64_DDQN_HER_S99,0,25000000,25001984,/work/classic/fr_xl1014-easy-landmark-maze/IntrMotiv/SF_hipposlam/train_dir/analysis/online_spatial/easy_landmark_maze_control_20260923/ELM_CTRL_WAYPOINT_F64_DDQN_HER_S99/policy_00/snapshot_target_000025000000_actual_000025001984.npz,22,0.5,2,3,1,0.144147589802742,0.06645510120810426,8,2
ELM_CTRL_WAYPOINT_F64_DDQN_HER_S99,0,25000000,25001984,/work/classic/fr_xl1014-easy-landmark-maze/IntrMotiv/SF_hipposlam/train_dir/analysis/online_spatial/easy_landmark_maze_control_20260923/ELM_CTRL_WAYPOINT_F64_DDQN_HER_S99/policy_00/snapshot_target_000025000000_actual_000025001984.npz,22,0.5,4,4,1,0.10793130099773407,0.04975862268069878,2,3
ELM_CTRL_WAYPOINT_F64_DDQN_HER_S99,0,25000000,25001984,/work/classic/fr_xl1014-easy-landmark-maze/IntrMotiv/SF_hipposlam/train_dir/analysis/online_spatial/easy_landmark_maze_control_20260923/ELM_CTRL_WAYPOINT_F64_DDQN_HER_S99/policy_00/snapshot_target_000025000000_actual_000025001984.npz,22,0.5,3,5,1,0.0971343070268631,0.044780979085967836,0,3
ELM_CTRL_WAYPOINT_F64_DDQN_HER_S99,0,25000000,25001984,/work/classic/fr_xl1014-easy-landmark-maze/IntrMotiv/SF_hipposlam/train_dir/analysis/online_spatial/easy_landmark_maze_control_20260923/ELM_CTRL_WAYPOINT_F64_DDQN_HER_S99/policy_00/snapshot_target_000025000000_actual_000025001984.npz,23,0.5,1,1,3,0.007425304502248764,0.8020592147991125,8,8
ELM_CTRL_WAYPOINT_F64_DDQN_HER_S99,0,25000000,25001984,/work/classic/fr_xl1014-easy-landmark-maze/IntrMotiv/SF_hipposlam/train_dir/analysis/online_spatial/easy_landmark_maze_control_20260923/ELM_CTRL_WAYPOINT_F64_DDQN_HER_S99/policy_00/snapshot_target_000025000000_actual_000025001984.npz,23,0.5,2,2,1,0.0018324963748455048,0.1979407852008875,0,8
ELM_CTRL_WAYPOINT_F64_DDQN_HER_S99,0,25000000,25001984,/work/classic/fr_xl1014-easy-landmark-maze/IntrMotiv/SF_hipposlam/train_dir/analysis/online_spatial/easy_landmark_maze_control_20260923/ELM_CTRL_WAYPOINT_F64_DDQN_HER_S99/policy_00/snapshot_target_000025000000_actual_000025001984.npz,24,0.5,3,1,6,0.012545504607260227,0.7992192937778718,4,8
ELM_CTRL_WAYPOINT_F64_DDQN_HER_S99,0,25000000,25001984,/work/classic/fr_xl1014-easy-landmark-maze/IntrMotiv/SF_hipposlam/train_dir/analysis/online_spatial/easy_landmark_maze_control_20260923/ELM_CTRL_WAYPOINT_F64_DDQN_HER_S99/policy_00/snapshot_target_000025000000_actual_000025001984.npz,24,0.5,2,2,1,0.0015790315810590982,0.1005932040658356,0,2
ELM_CTRL_WAYPOINT_F64_DDQN_HER_S99,0,25000000,25001984,/work/classic/fr_xl1014-easy-landmark-maze/IntrMotiv/SF_hipposlam/train_dir/analysis/online_spatial/easy_landmark_maze_control_20260923/ELM_CTRL_WAYPOINT_F64_DDQN_HER_S99/policy_00/snapshot_target_000025000000_actual_000025001984.npz,24,0.5,1,3,1,0.0015726631972938776,0.1001875021562926,5,0
ELM_CTRL_WAYPOINT_F64_DDQN_HER_S99,0,25000000,25001984,/work/classic/fr_xl1014-easy-landmark-maze/IntrMotiv/SF_hipposlam/train_dir/analysis/online_spatial/easy_landmark_maze_control_20260923/ELM_CTRL_WAYPOINT_F64_DDQN_HER_S99/policy_00/snapshot_target_000025000000_actual_000025001984.npz,25,0.5,1,1,24,3.403615951538086,1.0,0,6
ELM_CTRL_WAYPOINT_F64_DDQN_HER_S99,0,25000000,25001984,/work/classic/fr_xl1014-easy-landmark-maze/IntrMotiv/SF_hipposlam/train_dir/analysis/online_spatial/easy_landmark_maze_control_20260923/ELM_CTRL_WAYPOINT_F64_DDQN_HER_S99/policy_00/snapshot_target_000025000000_actual_000025001984.npz,26,0.5,1,1,9,0.027912575751543045,1.0,6,3
ELM_CTRL_WAYPOINT_F64_DDQN_HER_S99,0,25000000,25001984,/work/classic/fr_xl1014-easy-landmark-maze/IntrMotiv/SF_hipposlam/train_dir/analysis/online_spatial/easy_landmark_maze_control_20260923/ELM_CTRL_WAYPOINT_F64_DDQN_HER_S99/policy_00/snapshot_target_000025000000_actual_000025001984.npz,27,0.5,3,1,3,0.47926872968673706,0.37190703326691704,0,8
ELM_CTRL_WAYPOINT_F64_DDQN_HER_S99,0,25000000,25001984,/work/classic/fr_xl1014-easy-landmark-maze/IntrMotiv/SF_hipposlam/train_dir/analysis/online_spatial/easy_landmark_maze_control_20260923/ELM_CTRL_WAYPOINT_F64_DDQN_HER_S99/policy_00/snapshot_target_000025000000_actual_000025001984.npz,27,0.5,4,2,2,0.33937129378318787,0.26334822872620534,8,8
ELM_CTRL_WAYPOINT_F64_DDQN_HER_S99,0,25000000,25001984,/work/classic/fr_xl1014-easy-landmark-maze/IntrMotiv/SF_hipposlam/train_dir/analysis/online_spatial/easy_landmark_maze_control_20260923/ELM_CTRL_WAYPOINT_F64_DDQN_HER_S99/policy_00/snapshot_target_000025000000_actual_000025001984.npz,27,0.5,2,3,2,0.32830727100372314,0.25476267404042846,8,0
ELM_CTRL_WAYPOINT_F64_DDQN_HER_S99,0,25000000,25001984,/work/classic/fr_xl1014-easy-landmark-maze/IntrMotiv/SF_hipposlam/train_dir/analysis/online_spatial/easy_landmark_maze_control_20260923/ELM_CTRL_WAYPOINT_F64_DDQN_HER_S99/policy_00/snapshot_target_000025000000_actual_000025001984.npz,27,0.5,1,4,1,0.14173156023025513,0.10998206396644916,0,0
ELM_CTRL_WAYPOINT_F64_DDQN_HER_S99,0,25000000,25001984,/work/classic/fr_xl1014-easy-landmark-maze/IntrMotiv/SF_hipposlam/train_dir/analysis/online_spatial/easy_landmark_maze_control_20260923/ELM_CTRL_WAYPOINT_F64_DDQN_HER_S99/policy_00/snapshot_target_000025000000_actual_000025001984.npz,28,0.5,1,1,4,0.01171073131263256,1.0,3,2
ELM_CTRL_WAYPOINT_F64_DDQN_HER_S99,0,25000000,25001984,/work/classic/fr_xl1014-easy-landmark-maze/IntrMotiv/SF_hipposlam/train_dir/analysis/online_spatial/easy_landmark_maze_control_20260923/ELM_CTRL_WAYPOINT_F64_DDQN_HER_S99/policy_00/snapshot_target_000025000000_actual_000025001984.npz,29,0.5,1,1,10,1.4218778610229492,1.0,3,8
ELM_CTRL_WAYPOINT_F64_DDQN_HER_S99,0,25000000,25001984,/work/classic/fr_xl1014-easy-landmark-maze/IntrMotiv/SF_hipposlam/train_dir/analysis/online_spatial/easy_landmark_maze_control_20260923/ELM_CTRL_WAYPOINT_F64_DDQN_HER_S99/policy_00/snapshot_target_000025000000_actual_000025001984.npz,30,0.5,1,1,26,2.4736740589141846,0.9722555412974151,2,5
ELM_CTRL_WAYPOINT_F64_DDQN_HER_S99,0,25000000,25001984,/work/classic/fr_xl1014-easy-landmark-maze/IntrMotiv/SF_hipposlam/train_dir/analysis/online_spatial/easy_landmark_maze_control_20260923/ELM_CTRL_WAYPOINT_F64_DDQN_HER_S99/policy_00/snapshot_target_000025000000_actual_000025001984.npz,30,0.5,2,2,1,0.07058920711278915,0.0277444587025849,8,5
ELM_CTRL_WAYPOINT_F64_DDQN_HER_S99,0,25000000,25001984,/work/classic/fr_xl1014-easy-landmark-maze/IntrMotiv/SF_hipposlam/train_dir/analysis/online_spatial/easy_landmark_maze_control_20260923/ELM_CTRL_WAYPOINT_F64_DDQN_HER_S99/policy_00/snapshot_target_000025000000_actual_000025001984.npz,31,0.5,4,1,6,0.01835945062339306,0.3498226709280016,4,8
ELM_CTRL_WAYPOINT_F64_DDQN_HER_S99,0,25000000,25001984,/work/classic/fr_xl1014-easy-landmark-maze/IntrMotiv/SF_hipposlam/train_dir/analysis/online_spatial/easy_landmark_maze_control_20260923/ELM_CTRL_WAYPOINT_F64_DDQN_HER_S99/policy_00/snapshot_target_000025000000_actual_000025001984.npz,31,0.5,1,2,6,0.015433626249432564,0.2940737425880125,1,0
ELM_CTRL_WAYPOINT_F64_DDQN_HER_S99,0,25000000,25001984,/work/classic/fr_xl1014-easy-landmark-maze/IntrMotiv/SF_hipposlam/train_dir/analysis/online_spatial/easy_landmark_maze_control_20260923/ELM_CTRL_WAYPOINT_F64_DDQN_HER_S99/policy_00/snapshot_target_000025000000_actual_000025001984.npz,31,0.5,3,3,5,0.014040523208677769,0.2675294283494475,8,8
ELM_CTRL_WAYPOINT_F64_DDQN_HER_S99,0,25000000,25001984,/work/classic/fr_xl1014-easy-landmark-maze/IntrMotiv/SF_hipposlam/train_dir/analysis/online_spatial/easy_landmark_maze_control_20260923/ELM_CTRL_WAYPOINT_F64_DDQN_HER_S99/policy_00/snapshot_target_000025000000_actual_000025001984.npz,31,0.5,2,4,2,0.004648563452064991,0.08857415813453841,8,1
ELM_CTRL_WAYPOINT_F64_DDQN_HER_S99,0,25000000,25001984,/work/classic/fr_xl1014-easy-landmark-maze/IntrMotiv/SF_hipposlam/train_dir/analysis/online_spatial/easy_landmark_maze_control_20260923/ELM_CTRL_WAYPOINT_F64_DDQN_HER_S99/policy_00/snapshot_target_000025000000_actual_000025001984.npz,32,0.5,1,1,19,0.024645131081342697,1.0,6,6
ELM_CTRL_WAYPOINT_F64_DDQN_HER_S99,0,25000000,25001984,/work/classic/fr_xl1014-easy-landmark-maze/IntrMotiv/SF_hipposlam/train_dir/analysis/online_spatial/easy_landmark_maze_control_20260923/ELM_CTRL_WAYPOINT_F64_DDQN_HER_S99/policy_00/snapshot_target_000025000000_actual_000025001984.npz,33,0.5,3,1,5,0.7486376166343689,0.3888319817424371,8,0
ELM_CTRL_WAYPOINT_F64_DDQN_HER_S99,0,25000000,25001984,/work/classic/fr_xl1014-easy-landmark-maze/IntrMotiv/SF_hipposlam/train_dir/analysis/online_spatial/easy_landmark_maze_control_20260923/ELM_CTRL_WAYPOINT_F64_DDQN_HER_S99/policy_00/snapshot_target_000025000000_actual_000025001984.npz,33,0.5,6,2,5,0.6224143505096436,0.32327337018091007,7,8
ELM_CTRL_WAYPOINT_F64_DDQN_HER_S99,0,25000000,25001984,/work/classic/fr_xl1014-easy-landmark-maze/IntrMotiv/SF_hipposlam/train_dir/analysis/online_spatial/easy_landmark_maze_control_20260923/ELM_CTRL_WAYPOINT_F64_DDQN_HER_S99/policy_00/snapshot_target_000025000000_actual_000025001984.npz,33,0.5,1,3,2,0.2548384666442871,0.13235956063091722,0,0
ELM_CTRL_WAYPOINT_F64_DDQN_HER_S99,0,25000000,25001984,/work/classic/fr_xl1014-easy-landmark-maze/IntrMotiv/SF_hipposlam/train_dir/analysis/online_spatial/easy_landmark_maze_control_20260923/ELM_CTRL_WAYPOINT_F64_DDQN_HER_S99/policy_00/snapshot_target_000025000000_actual_000025001984.npz,33,0.5,4,4,1,0.10334773361682892,0.05367737764965555,0,6
ELM_CTRL_WAYPOINT_F64_DDQN_HER_S99,0,25000000,25001984,/work/classic/fr_xl1014-easy-landmark-maze/IntrMotiv/SF_hipposlam/train_dir/analysis/online_spatial/easy_landmark_maze_control_20260923/ELM_CTRL_WAYPOINT_F64_DDQN_HER_S99/policy_00/snapshot_target_000025000000_actual_000025001984.npz,33,0.5,5,5,1,0.10132686048746109,0.0526277642101456,4,6
ELM_CTRL_WAYPOINT_F64_DDQN_HER_S99,0,25000000,25001984,/work/classic/fr_xl1014-easy-landmark-maze/IntrMotiv/SF_hipposlam/train_dir/analysis/online_spatial/easy_landmark_maze_control_20260923/ELM_CTRL_WAYPOINT_F64_DDQN_HER_S99/policy_00/snapshot_target_000025000000_actual_000025001984.npz,33,0.5,2,6,1,0.09478487074375153,0.04922994558593447,4,0
ELM_CTRL_WAYPOINT_F64_DDQN_HER_S99,0,25000000,25001984,/work/classic/fr_xl1014-easy-landmark-maze/IntrMotiv/SF_hipposlam/train_dir/analysis/online_spatial/easy_landmark_maze_control_20260923/ELM_CTRL_WAYPOINT_F64_DDQN_HER_S99/policy_00/snapshot_target_000025000000_actual_000025001984.npz,34,0.5,1,1,7,0.04264310374855995,0.37084329966055957,1,0
ELM_CTRL_WAYPOINT_F64_DDQN_HER_S99,0,25000000,25001984,/work/classic/fr_xl1014-easy-landmark-maze/IntrMotiv/SF_hipposlam/train_dir/analysis/online_spatial/easy_landmark_maze_control_20260923/ELM_CTRL_WAYPOINT_F64_DDQN_HER_S99/policy_00/snapshot_target_000025000000_actual_000025001984.npz,34,0.5,4,2,5,0.03771255537867546,0.3279650692811467,5,8
ELM_CTRL_WAYPOINT_F64_DDQN_HER_S99,0,25000000,25001984,/work/classic/fr_xl1014-easy-landmark-maze/IntrMotiv/SF_hipposlam/train_dir/analysis/online_spatial/easy_landmark_maze_control_20260923/ELM_CTRL_WAYPOINT_F64_DDQN_HER_S99/policy_00/snapshot_target_000025000000_actual_000025001984.npz,34,0.5,2,3,3,0.01792941987514496,0.1559221689561682,8,1
ELM_CTRL_WAYPOINT_F64_DDQN_HER_S99,0,25000000,25001984,/work/classic/fr_xl1014-easy-landmark-maze/IntrMotiv/SF_hipposlam/train_dir/analysis/online_spatial/easy_landmark_maze_control_20260923/ELM_CTRL_WAYPOINT_F64_DDQN_HER_S99/policy_00/snapshot_target_000025000000_actual_000025001984.npz,34,0.5,3,4,2,0.011604588478803635,0.10091863641205481,8,5
ELM_CTRL_WAYPOINT_F64_DDQN_HER_S99,0,25000000,25001984,/work/classic/fr_xl1014-easy-landmark-maze/IntrMotiv/SF_hipposlam/train_dir/analysis/online_spatial/easy_landmark_maze_control_20260923/ELM_CTRL_WAYPOINT_F64_DDQN_HER_S99/policy_00/snapshot_target_000025000000_actual_000025001984.npz,34,0.5,5,5,1,0.005099881440401077,0.0443508256900707,8,8
ELM_CTRL_WAYPOINT_F64_DDQN_HER_S99,0,25000000,25001984,/work/classic/fr_xl1014-easy-landmark-maze/IntrMotiv/SF_hipposlam/train_dir/analysis/online_spatial/easy_landmark_maze_control_20260923/ELM_CTRL_WAYPOINT_F64_DDQN_HER_S99/policy_00/snapshot_target_000025000000_actual_000025001984.npz,35,0.5,2,1,7,0.03394826501607895,0.6010189912630192,6,8
ELM_CTRL_WAYPOINT_F64_DDQN_HER_S99,0,25000000,25001984,/work/classic/fr_xl1014-easy-landmark-maze/IntrMotiv/SF_hipposlam/train_dir/analysis/online_spatial/easy_landmark_maze_control_20260923/ELM_CTRL_WAYPOINT_F64_DDQN_HER_S99/policy_00/snapshot_target_000025000000_actual_000025001984.npz,35,0.5,1,2,4,0.022536247968673706,0.39898100873698084,8,0
ELM_CTRL_WAYPOINT_F64_DDQN_HER_S99,0,25000000,25001984,/work/classic/fr_xl1014-easy-landmark-maze/IntrMotiv/SF_hipposlam/train_dir/analysis/online_spatial/easy_landmark_maze_control_20260923/ELM_CTRL_WAYPOINT_F64_DDQN_HER_S99/policy_00/snapshot_target_000025000000_actual_000025001984.npz,36,0.5,1,1,8,0.007608505431562662,0.8103195704634147,5,2
ELM_CTRL_WAYPOINT_F64_DDQN_HER_S99,0,25000000,25001984,/work/classic/fr_xl1014-easy-landmark-maze/IntrMotiv/SF_hipposlam/train_dir/analysis/online_spatial/easy_landmark_maze_control_20260923/ELM_CTRL_WAYPOINT_F64_DDQN_HER_S99/policy_00/snapshot_target_000025000000_actual_000025001984.npz,36,0.5,2,2,2,0.0017810066929087043,0.1896804295365853,8,4
ELM_CTRL_WAYPOINT_F64_DDQN_HER_S99,0,25000000,25001984,/work/classic/fr_xl1014-easy-landmark-maze/IntrMotiv/SF_hipposlam/train_dir/analysis/online_spatial/easy_landmark_maze_control_20260923/ELM_CTRL_WAYPOINT_F64_DDQN_HER_S99/policy_00/snapshot_target_000025000000_actual_000025001984.npz,37,0.5,1,1,12,2.112053632736206,0.5604324124477672,1,4
ELM_CTRL_WAYPOINT_F64_DDQN_HER_S99,0,25000000,25001984,/work/classic/fr_xl1014-easy-landmark-maze/IntrMotiv/SF_hipposlam/train_dir/analysis/online_spatial/easy_landmark_maze_control_20260923/ELM_CTRL_WAYPOINT_F64_DDQN_HER_S99/policy_00/snapshot_target_000025000000_actual_000025001984.npz,37,0.5,3,2,6,1.3066480159759521,0.34671842062305896,5,5
ELM_CTRL_WAYPOINT_F64_DDQN_HER_S99,0,25000000,25001984,/work/classic/fr_xl1014-easy-landmark-maze/IntrMotiv/SF_hipposlam/train_dir/analysis/online_spatial/easy_landmark_maze_control_20260923/ELM_CTRL_WAYPOINT_F64_DDQN_HER_S99/policy_00/snapshot_target_000025000000_actual_000025001984.npz,37,0.5,2,3,2,0.34991270303726196,0.09284916692917379,5,0
ELM_CTRL_WAYPOINT_F64_DDQN_HER_S99,0,25000000,25001984,/work/classic/fr_xl1014-easy-landmark-maze/IntrMotiv/SF_hipposlam/train_dir/analysis/online_spatial/easy_landmark_maze_control_20260923/ELM_CTRL_WAYPOINT_F64_DDQN_HER_S99/policy_00/snapshot_target_000025000000_actual_000025001984.npz,38,0.5,4,1,7,1.1851329803466797,0.3654859385645397,4,8
ELM_CTRL_WAYPOINT_F64_DDQN_HER_S99,0,25000000,25001984,/work/classic/fr_xl1014-easy-landmark-maze/IntrMotiv/SF_hipposlam/train_dir/analysis/online_spatial/easy_landmark_maze_control_20260923/ELM_CTRL_WAYPOINT_F64_DDQN_HER_S99/policy_00/snapshot_target_000025000000_actual_000025001984.npz,38,0.5,3,2,5,0.8342331647872925,0.257271121697043,8,3
ELM_CTRL_WAYPOINT_F64_DDQN_HER_S99,0,25000000,25001984,/work/classic/fr_xl1014-easy-landmark-maze/IntrMotiv/SF_hipposlam/train_dir/analysis/online_spatial/easy_landmark_maze_control_20260923/ELM_CTRL_WAYPOINT_F64_DDQN_HER_S99/policy_00/snapshot_target_000025000000_actual_000025001984.npz,38,0.5,2,3,6,0.8274203538894653,0.2551701029704131,0,2
ELM_CTRL_WAYPOINT_F64_DDQN_HER_S99,0,25000000,25001984,/work/classic/fr_xl1014-easy-landmark-maze/IntrMotiv/SF_hipposlam/train_dir/analysis/online_spatial/easy_landmark_maze_control_20260923/ELM_CTRL_WAYPOINT_F64_DDQN_HER_S99/policy_00/snapshot_target_000025000000_actual_000025001984.npz,38,0.5,1,4,3,0.39583614468574524,0.12207283676800418,5,0
ELM_CTRL_WAYPOINT_F64_DDQN_HER_S99,0,25000000,25001984,/work/classic/fr_xl1014-easy-landmark-maze/IntrMotiv/SF_hipposlam/train_dir/analysis/online_spatial/easy_landmark_maze_control_20260923/ELM_CTRL_WAYPOINT_F64_DDQN_HER_S99/policy_00/snapshot_target_000025000000_actual_000025001984.npz,39,0.5,3,1,9,0.8578481674194336,0.6954995738361046,3,6
ELM_CTRL_WAYPOINT_F64_DDQN_HER_S99,0,25000000,25001984,/work/classic/fr_xl1014-easy-landmark-maze/IntrMotiv/SF_hipposlam/train_dir/analysis/online_spatial/easy_landmark_maze_control_20260923/ELM_CTRL_WAYPOINT_F64_DDQN_HER_S99/policy_00/snapshot_target_000025000000_actual_000025001984.npz,39,0.5,1,2,3,0.30356156826019287,0.24611224850324356,0,3
ELM_CTRL_WAYPOINT_F64_DDQN_HER_S99,0,25000000,25001984,/work/classic/fr_xl1014-easy-landmark-maze/IntrMotiv/SF_hipposlam/train_dir/analysis/online_spatial/easy_landmark_maze_control_20260923/ELM_CTRL_WAYPOINT_F64_DDQN_HER_S99/policy_00/snapshot_target_000025000000_actual_000025001984.npz,39,0.5,2,3,1,0.07201757282018661,0.05838817766065176,6,3
ELM_CTRL_WAYPOINT_F64_DDQN_HER_S99,0,25000000,25001984,/work/classic/fr_xl1014-easy-landmark-maze/IntrMotiv/SF_hipposlam/train_dir/analysis/online_spatial/easy_landmark_maze_control_20260923/ELM_CTRL_WAYPOINT_F64_DDQN_HER_S99/policy_00/snapshot_target_000025000000_actual_000025001984.npz,40,0.5,1,1,8,0.05647033452987671,1.0,6,2
ELM_CTRL_WAYPOINT_F64_DDQN_HER_S99,0,25000000,25001984,/work/classic/fr_xl1014-easy-landmark-maze/IntrMotiv/SF_hipposlam/train_dir/analysis/online_spatial/easy_landmark_maze_control_20260923/ELM_CTRL_WAYPOINT_F64_DDQN_HER_S99/policy_00/snapshot_target_000025000000_actual_000025001984.npz,41,0.5,1,1,9,0.08601757138967514,1.0,5,2
ELM_CTRL_WAYPOINT_F64_DDQN_HER_S99,0,25000000,25001984,/work/classic/fr_xl1014-easy-landmark-maze/IntrMotiv/SF_hipposlam/train_dir/analysis/online_spatial/easy_landmark_maze_control_20260923/ELM_CTRL_WAYPOINT_F64_DDQN_HER_S99/policy_00/snapshot_target_000025000000_actual_000025001984.npz,42,0.5,5,1,8,0.8821104764938354,0.4351231533531508,5,8
ELM_CTRL_WAYPOINT_F64_DDQN_HER_S99,0,25000000,25001984,/work/classic/fr_xl1014-easy-landmark-maze/IntrMotiv/SF_hipposlam/train_dir/analysis/online_spatial/easy_landmark_maze_control_20260923/ELM_CTRL_WAYPOINT_F64_DDQN_HER_S99/policy_00/snapshot_target_000025000000_actual_000025001984.npz,42,0.5,2,2,5,0.468135267496109,0.23091948142183893,5,0
ELM_CTRL_WAYPOINT_F64_DDQN_HER_S99,0,25000000,25001984,/work/classic/fr_xl1014-easy-landmark-maze/IntrMotiv/SF_hipposlam/train_dir/analysis/online_spatial/easy_landmark_maze_control_20260923/ELM_CTRL_WAYPOINT_F64_DDQN_HER_S99/policy_00/snapshot_target_000025000000_actual_000025001984.npz,42,0.5,3,3,3,0.31806057691574097,0.15689137004129747,8,2
ELM_CTRL_WAYPOINT_F64_DDQN_HER_S99,0,25000000,25001984,/work/classic/fr_xl1014-easy-landmark-maze/IntrMotiv/SF_hipposlam/train_dir/analysis/online_spatial/easy_landmark_maze_control_20260923/ELM_CTRL_WAYPOINT_F64_DDQN_HER_S99/policy_00/snapshot_target_000025000000_actual_000025001984.npz,42,0.5,4,4,2,0.19307875633239746,0.09524094718247521,0,6
ELM_CTRL_WAYPOINT_F64_DDQN_HER_S99,0,25000000,25001984,/work/classic/fr_xl1014-easy-landmark-maze/IntrMotiv/SF_hipposlam/train_dir/analysis/online_spatial/easy_landmark_maze_control_20260923/ELM_CTRL_WAYPOINT_F64_DDQN_HER_S99/policy_00/snapshot_target_000025000000_actual_000025001984.npz,42,0.5,1,5,2,0.16588115692138672,0.08182504800123756,0,0
ELM_CTRL_WAYPOINT_F64_DDQN_HER_S99,0,25000000,25001984,/work/classic/fr_xl1014-easy-landmark-maze/IntrMotiv/SF_hipposlam/train_dir/analysis/online_spatial/easy_landmark_maze_control_20260923/ELM_CTRL_WAYPOINT_F64_DDQN_HER_S99/policy_00/snapshot_target_000025000000_actual_000025001984.npz,43,0.5,1,1,6,0.018728135153651237,1.0,6,3
ELM_CTRL_WAYPOINT_F64_DDQN_HER_S99,0,25000000,25001984,/work/classic/fr_xl1014-easy-landmark-maze/IntrMotiv/SF_hipposlam/train_dir/analysis/online_spatial/easy_landmark_maze_control_20260923/ELM_CTRL_WAYPOINT_F64_DDQN_HER_S99/policy_00/snapshot_target_000025000000_actual_000025001984.npz,44,0.5,1,1,5,0.009950162842869759,1.0,4,2
ELM_CTRL_WAYPOINT_F64_DDQN_HER_S99,0,25000000,25001984,/work/classic/fr_xl1014-easy-landmark-maze/IntrMotiv/SF_hipposlam/train_dir/analysis/online_spatial/easy_landmark_maze_control_20260923/ELM_CTRL_WAYPOINT_F64_DDQN_HER_S99/policy_00/snapshot_target_000025000000_actual_000025001984.npz,45,0.5,2,1,5,0.01410801149904728,0.5113703594704587,6,5
ELM_CTRL_WAYPOINT_F64_DDQN_HER_S99,0,25000000,25001984,/work/classic/fr_xl1014-easy-landmark-maze/IntrMotiv/SF_hipposlam/train_dir/analysis/online_spatial/easy_landmark_maze_control_20260923/ELM_CTRL_WAYPOINT_F64_DDQN_HER_S99/policy_00/snapshot_target_000025000000_actual_000025001984.npz,45,0.5,1,2,5,0.013480626046657562,0.4886296405295413,2,3
ELM_CTRL_WAYPOINT_F64_DDQN_HER_S99,0,25000000,25001984,/work/classic/fr_xl1014-easy-landmark-maze/IntrMotiv/SF_hipposlam/train_dir/analysis/online_spatial/easy_landmark_maze_control_20260923/ELM_CTRL_WAYPOINT_F64_DDQN_HER_S99/policy_00/snapshot_target_000025000000_actual_000025001984.npz,46,0.5,1,1,9,0.04579080268740654,1.0,5,2
ELM_CTRL_WAYPOINT_F64_DDQN_HER_S99,0,25000000,25001984,/work/classic/fr_xl1014-easy-landmark-maze/IntrMotiv/SF_hipposlam/train_dir/analysis/online_spatial/easy_landmark_maze_control_20260923/ELM_CTRL_WAYPOINT_F64_DDQN_HER_S99/policy_00/snapshot_target_000025000000_actual_000025001984.npz,47,0.5,1,1,7,0.03320939466357231,0.33967482648712394,0,2
ELM_CTRL_WAYPOINT_F64_DDQN_HER_S99,0,25000000,25001984,/work/classic/fr_xl1014-easy-landmark-maze/IntrMotiv/SF_hipposlam/train_dir/analysis/online_spatial/easy_landmark_maze_control_20260923/ELM_CTRL_WAYPOINT_F64_DDQN_HER_S99/policy_00/snapshot_target_000025000000_actual_000025001984.npz,47,0.5,3,2,5,0.02542608231306076,0.2600649661166456,8,8
ELM_CTRL_WAYPOINT_F64_DDQN_HER_S99,0,25000000,25001984,/work/classic/fr_xl1014-easy-landmark-maze/IntrMotiv/SF_hipposlam/train_dir/analysis/online_spatial/easy_landmark_maze_control_20260923/ELM_CTRL_WAYPOINT_F64_DDQN_HER_S99/policy_00/snapshot_target_000025000000_actual_000025001984.npz,47,0.5,4,3,4,0.020931027829647064,0.21408831200501438,4,8
ELM_CTRL_WAYPOINT_F64_DDQN_HER_S99,0,25000000,25001984,/work/classic/fr_xl1014-easy-landmark-maze/IntrMotiv/SF_hipposlam/train_dir/analysis/online_spatial/easy_landmark_maze_control_20260923/ELM_CTRL_WAYPOINT_F64_DDQN_HER_S99/policy_00/snapshot_target_000025000000_actual_000025001984.npz,47,0.5,2,4,4,0.018201690167188644,0.18617189539121604,8,0
ELM_CTRL_WAYPOINT_F64_DDQN_HER_S99,0,25000000,25001984,/work/classic/fr_xl1014-easy-landmark-maze/IntrMotiv/SF_hipposlam/train_dir/analysis/online_spatial/easy_landmark_maze_control_20260923/ELM_CTRL_WAYPOINT_F64_DDQN_HER_S99/policy_00/snapshot_target_000025000000_actual_000025001984.npz,48,0.5,1,1,6,0.0354435034096241,0.6693244656552468,5,3
ELM_CTRL_WAYPOINT_F64_DDQN_HER_S99,0,25000000,25001984,/work/classic/fr_xl1014-easy-landmark-maze/IntrMotiv/SF_hipposlam/train_dir/analysis/online_spatial/easy_landmark_maze_control_20260923/ELM_CTRL_WAYPOINT_F64_DDQN_HER_S99/policy_00/snapshot_target_000025000000_actual_000025001984.npz,48,0.5,2,2,4,0.017510639503598213,0.33067553434475316,5,7
ELM_CTRL_WAYPOINT_F64_DDQN_HER_S99,0,25000000,25001984,/work/classic/fr_xl1014-easy-landmark-maze/IntrMotiv/SF_hipposlam/train_dir/analysis/online_spatial/easy_landmark_maze_control_20260923/ELM_CTRL_WAYPOINT_F64_DDQN_HER_S99/policy_00/snapshot_target_000025000000_actual_000025001984.npz,49,0.5,4,1,13,0.9113311767578125,0.4844014034036552,8,7
ELM_CTRL_WAYPOINT_F64_DDQN_HER_S99,0,25000000,25001984,/work/classic/fr_xl1014-easy-landmark-maze/IntrMotiv/SF_hipposlam/train_dir/analysis/online_spatial/easy_landmark_maze_control_20260923/ELM_CTRL_WAYPOINT_F64_DDQN_HER_S99/policy_00/snapshot_target_000025000000_actual_000025001984.npz,49,0.5,1,2,7,0.5498701333999634,0.29227340301941884,0,1
ELM_CTRL_WAYPOINT_F64_DDQN_HER_S99,0,25000000,25001984,/work/classic/fr_xl1014-easy-landmark-maze/IntrMotiv/SF_hipposlam/train_dir/analysis/online_spatial/easy_landmark_maze_control_20260923/ELM_CTRL_WAYPOINT_F64_DDQN_HER_S99/policy_00/snapshot_target_000025000000_actual_000025001984.npz,49,0.5,2,3,4,0.311264306306839,0.1654468437488419,6,0
ELM_CTRL_WAYPOINT_F64_DDQN_HER_S99,0,25000000,25001984,/work/classic/fr_xl1014-easy-landmark-maze/IntrMotiv/SF_hipposlam/train_dir/analysis/online_spatial/easy_landmark_maze_control_20260923/ELM_CTRL_WAYPOINT_F64_DDQN_HER_S99/policy_00/snapshot_target_000025000000_actual_000025001984.npz,49,0.5,3,4,2,0.10888974368572235,0.05787834982808409,0,4
ELM_CTRL_WAYPOINT_F64_DDQN_HER_S99,0,25000000,25001984,/work/classic/fr_xl1014-easy-landmark-maze/IntrMotiv/SF_hipposlam/train_dir/analysis/online_spatial/easy_landmark_maze_control_20260923/ELM_CTRL_WAYPOINT_F64_DDQN_HER_S99/policy_00/snapshot_target_000025000000_actual_000025001984.npz,50,0.5,2,1,3,0.6480884552001953,0.48564102562384703,8,0
ELM_CTRL_WAYPOINT_F64_DDQN_HER_S99,0,25000000,25001984,/work/classic/fr_xl1014-easy-landmark-maze/IntrMotiv/SF_hipposlam/train_dir/analysis/online_spatial/easy_landmark_maze_control_20260923/ELM_CTRL_WAYPOINT_F64_DDQN_HER_S99/policy_00/snapshot_target_000025000000_actual_000025001984.npz,50,0.5,1,2,1,0.26062509417533875,0.19529778230585135,0,0
ELM_CTRL_WAYPOINT_F64_DDQN_HER_S99,0,25000000,25001984,/work/classic/fr_xl1014-easy-landmark-maze/IntrMotiv/SF_hipposlam/train_dir/analysis/online_spatial/easy_landmark_maze_control_20260923/ELM_CTRL_WAYPOINT_F64_DDQN_HER_S99/policy_00/snapshot_target_000025000000_actual_000025001984.npz,50,0.5,3,3,1,0.23347994685173035,0.17495673613974516,0,8
ELM_CTRL_WAYPOINT_F64_DDQN_HER_S99,0,25000000,25001984,/work/classic/fr_xl1014-easy-landmark-maze/IntrMotiv/SF_hipposlam/train_dir/analysis/online_spatial/easy_landmark_maze_control_20260923/ELM_CTRL_WAYPOINT_F64_DDQN_HER_S99/policy_00/snapshot_target_000025000000_actual_000025001984.npz,50,0.5,4,4,1,0.19230754673480988,0.14410445593055646,8,8
ELM_CTRL_WAYPOINT_F64_DDQN_HER_S99,0,25000000,25001984,/work/classic/fr_xl1014-easy-landmark-maze/IntrMotiv/SF_hipposlam/train_dir/analysis/online_spatial/easy_landmark_maze_control_20260923/ELM_CTRL_WAYPOINT_F64_DDQN_HER_S99/policy_00/snapshot_target_000025000000_actual_000025001984.npz,51,0.5,1,1,4,0.012047253549098969,1.0,6,2
ELM_CTRL_WAYPOINT_F64_DDQN_HER_S99,0,25000000,25001984,/work/classic/fr_xl1014-easy-landmark-maze/IntrMotiv/SF_hipposlam/train_dir/analysis/online_spatial/easy_landmark_maze_control_20260923/ELM_CTRL_WAYPOINT_F64_DDQN_HER_S99/policy_00/snapshot_target_000025000000_actual_000025001984.npz,52,0.5,1,1,8,0.04938951134681702,0.8321288942494542,6,3
ELM_CTRL_WAYPOINT_F64_DDQN_HER_S99,0,25000000,25001984,/work/classic/fr_xl1014-easy-landmark-maze/IntrMotiv/SF_hipposlam/train_dir/analysis/online_spatial/easy_landmark_maze_control_20260923/ELM_CTRL_WAYPOINT_F64_DDQN_HER_S99/policy_00/snapshot_target_000025000000_actual_000025001984.npz,52,0.5,2,2,1,0.005491701886057854,0.09252579532329129,2,6
ELM_CTRL_WAYPOINT_F64_DDQN_HER_S99,0,25000000,25001984,/work/classic/fr_xl1014-easy-landmark-maze/IntrMotiv/SF_hipposlam/train_dir/analysis/online_spatial/easy_landmark_maze_control_20260923/ELM_CTRL_WAYPOINT_F64_DDQN_HER_S99/policy_00/snapshot_target_000025000000_actual_000025001984.npz,52,0.5,3,3,1,0.004471985157579184,0.07534531042725451,5,8
ELM_CTRL_WAYPOINT_F64_DDQN_HER_S99,0,25000000,25001984,/work/classic/fr_xl1014-easy-landmark-maze/IntrMotiv/SF_hipposlam/train_dir/analysis/online_spatial/easy_landmark_maze_control_20260923/ELM_CTRL_WAYPOINT_F64_DDQN_HER_S99/policy_00/snapshot_target_000025000000_actual_000025001984.npz,53,0.5,4,1,4,0.0071945334784686565,0.37754496243975555,7,8
ELM_CTRL_WAYPOINT_F64_DDQN_HER_S99,0,25000000,25001984,/work/classic/fr_xl1014-easy-landmark-maze/IntrMotiv/SF_hipposlam/train_dir/analysis/online_spatial/easy_landmark_maze_control_20260923/ELM_CTRL_WAYPOINT_F64_DDQN_HER_S99/policy_00/snapshot_target_000025000000_actual_000025001984.npz,53,0.5,3,2,4,0.005789896007627249,0.3038343038185424,3,8
ELM_CTRL_WAYPOINT_F64_DDQN_HER_S99,0,25000000,25001984,/work/classic/fr_xl1014-easy-landmark-maze/IntrMotiv/SF_hipposlam/train_dir/analysis/online_spatial/easy_landmark_maze_control_20260923/ELM_CTRL_WAYPOINT_F64_DDQN_HER_S99/policy_00/snapshot_target_000025000000_actual_000025001984.npz,53,0.5,1,3,3,0.004575277213007212,0.2400951873677215,3,0
ELM_CTRL_WAYPOINT_F64_DDQN_HER_S99,0,25000000,25001984,/work/classic/fr_xl1014-easy-landmark-maze/IntrMotiv/SF_hipposlam/train_dir/analysis/online_spatial/easy_landmark_maze_control_20260923/ELM_CTRL_WAYPOINT_F64_DDQN_HER_S99/policy_00/snapshot_target_000025000000_actual_000025001984.npz,53,0.5,2,4,1,0.00149639043956995,0.07852554637398056,0,3
ELM_CTRL_WAYPOINT_F64_DDQN_HER_S99,0,25000000,25001984,/work/classic/fr_xl1014-easy-landmark-maze/IntrMotiv/SF_hipposlam/train_dir/analysis/online_spatial/easy_landmark_maze_control_20260923/ELM_CTRL_WAYPOINT_F64_DDQN_HER_S99/policy_00/snapshot_target_000025000000_actual_000025001984.npz,54,0.5,1,1,12,0.9298886060714722,0.6507506221097507,5,0
ELM_CTRL_WAYPOINT_F64_DDQN_HER_S99,0,25000000,25001984,/work/classic/fr_xl1014-easy-landmark-maze/IntrMotiv/SF_hipposlam/train_dir/analysis/online_spatial/easy_landmark_maze_control_20260923/ELM_CTRL_WAYPOINT_F64_DDQN_HER_S99/policy_00/snapshot_target_000025000000_actual_000025001984.npz,54,0.5,2,2,4,0.27452531456947327,0.19211711819515367,0,6
ELM_CTRL_WAYPOINT_F64_DDQN_HER_S99,0,25000000,25001984,/work/classic/fr_xl1014-easy-landmark-maze/IntrMotiv/SF_hipposlam/train_dir/analysis/online_spatial/easy_landmark_maze_control_20260923/ELM_CTRL_WAYPOINT_F64_DDQN_HER_S99/policy_00/snapshot_target_000025000000_actual_000025001984.npz,54,0.5,3,3,3,0.2245337814092636,0.15713225969509564,6,8
ELM_CTRL_WAYPOINT_F64_DDQN_HER_S99,0,25000000,25001984,/work/classic/fr_xl1014-easy-landmark-maze/IntrMotiv/SF_hipposlam/train_dir/analysis/online_spatial/easy_landmark_maze_control_20260923/ELM_CTRL_WAYPOINT_F64_DDQN_HER_S99/policy_00/snapshot_target_000025000000_actual_000025001984.npz,55,0.5,1,1,14,4.431853771209717,1.0,6,3
ELM_CTRL_WAYPOINT_F64_DDQN_HER_S99,0,25000000,25001984,/work/classic/fr_xl1014-easy-landmark-maze/IntrMotiv/SF_hipposlam/train_dir/analysis/online_spatial/easy_landmark_maze_control_20260923/ELM_CTRL_WAYPOINT_F64_DDQN_HER_S99/policy_00/snapshot_target_000025000000_actual_000025001984.npz,56,0.5,1,1,10,0.3517661392688751,0.6267013018401316,3,2
ELM_CTRL_WAYPOINT_F64_DDQN_HER_S99,0,25000000,25001984,/work/classic/fr_xl1014-easy-landmark-maze/IntrMotiv/SF_hipposlam/train_dir/analysis/online_spatial/easy_landmark_maze_control_20260923/ELM_CTRL_WAYPOINT_F64_DDQN_HER_S99/policy_00/snapshot_target_000025000000_actual_000025001984.npz,56,0.5,3,2,4,0.13189402222633362,0.23498042081587092,6,8
ELM_CTRL_WAYPOINT_F64_DDQN_HER_S99,0,25000000,25001984,/work/classic/fr_xl1014-easy-landmark-maze/IntrMotiv/SF_hipposlam/train_dir/analysis/online_spatial/easy_landmark_maze_control_20260923/ELM_CTRL_WAYPOINT_F64_DDQN_HER_S99/policy_00/snapshot_target_000025000000_actual_000025001984.npz,56,0.5,2,3,2,0.07763776183128357,0.13831827734399743,7,1
ELM_CTRL_WAYPOINT_F64_DDQN_HER_S99,0,25000000,25001984,/work/classic/fr_xl1014-easy-landmark-maze/IntrMotiv/SF_hipposlam/train_dir/analysis/online_spatial/easy_landmark_maze_control_20260923/ELM_CTRL_WAYPOINT_F64_DDQN_HER_S99/policy_00/snapshot_target_000025000000_actual_000025001984.npz,57,0.5,1,1,14,0.007989052683115005,1.0,4,2
ELM_CTRL_WAYPOINT_F64_DDQN_HER_S99,0,25000000,25001984,/work/classic/fr_xl1014-easy-landmark-maze/IntrMotiv/SF_hipposlam/train_dir/analysis/online_spatial/easy_landmark_maze_control_20260923/ELM_CTRL_WAYPOINT_F64_DDQN_HER_S99/policy_00/snapshot_target_000025000000_actual_000025001984.npz,58,0.5,1,1,14,0.028548087924718857,1.0,6,2
ELM_CTRL_WAYPOINT_F64_DDQN_HER_S99,0,25000000,25001984,/work/classic/fr_xl1014-easy-landmark-maze/IntrMotiv/SF_hipposlam/train_dir/analysis/online_spatial/easy_landmark_maze_control_20260923/ELM_CTRL_WAYPOINT_F64_DDQN_HER_S99/policy_00/snapshot_target_000025000000_actual_000025001984.npz,59,0.5,2,1,19,0.14663462340831757,0.6289733673852856,4,8
ELM_CTRL_WAYPOINT_F64_DDQN_HER_S99,0,25000000,25001984,/work/classic/fr_xl1014-easy-landmark-maze/IntrMotiv/SF_hipposlam/train_dir/analysis/online_spatial/easy_landmark_maze_control_20260923/ELM_CTRL_WAYPOINT_F64_DDQN_HER_S99/policy_00/snapshot_target_000025000000_actual_000025001984.npz,59,0.5,1,2,11,0.08649865537881851,0.37102663261471436,0,2
ELM_CTRL_WAYPOINT_F64_DDQN_HER_S99,0,25000000,25001984,/work/classic/fr_xl1014-easy-landmark-maze/IntrMotiv/SF_hipposlam/train_dir/analysis/online_spatial/easy_landmark_maze_control_20260923/ELM_CTRL_WAYPOINT_F64_DDQN_HER_S99/policy_00/snapshot_target_000025000000_actual_000025001984.npz,60,0.5,2,1,10,0.37308382987976074,0.5471892181665836,1,4
ELM_CTRL_WAYPOINT_F64_DDQN_HER_S99,0,25000000,25001984,/work/classic/fr_xl1014-easy-landmark-maze/IntrMotiv/SF_hipposlam/train_dir/analysis/online_spatial/easy_landmark_maze_control_20260923/ELM_CTRL_WAYPOINT_F64_DDQN_HER_S99/policy_00/snapshot_target_000025000000_actual_000025001984.npz,60,0.5,3,2,6,0.23465070128440857,0.34415411093918735,5,5
ELM_CTRL_WAYPOINT_F64_DDQN_HER_S99,0,25000000,25001984,/work/classic/fr_xl1014-easy-landmark-maze/IntrMotiv/SF_hipposlam/train_dir/analysis/online_spatial/easy_landmark_maze_control_20260923/ELM_CTRL_WAYPOINT_F64_DDQN_HER_S99/policy_00/snapshot_target_000025000000_actual_000025001984.npz,60,0.5,1,3,2,0.07408414781093597,0.10865667089422898,0,0
ELM_CTRL_WAYPOINT_F64_DDQN_HER_S99,0,25000000,25001984,/work/classic/fr_xl1014-easy-landmark-maze/IntrMotiv/SF_hipposlam/train_dir/analysis/online_spatial/easy_landmark_maze_control_20260923/ELM_CTRL_WAYPOINT_F64_DDQN_HER_S99/policy_00/snapshot_target_000025000000_actual_000025001984.npz,61,0.5,3,1,15,1.0900754928588867,0.6549156817767964,5,7
ELM_CTRL_WAYPOINT_F64_DDQN_HER_S99,0,25000000,25001984,/work/classic/fr_xl1014-easy-landmark-maze/IntrMotiv/SF_hipposlam/train_dir/analysis/online_spatial/easy_landmark_maze_control_20260923/ELM_CTRL_WAYPOINT_F64_DDQN_HER_S99/policy_00/snapshot_target_000025000000_actual_000025001984.npz,61,0.5,1,2,5,0.3112158179283142,0.18697798539043967,6,1
ELM_CTRL_WAYPOINT_F64_DDQN_HER_S99,0,25000000,25001984,/work/classic/fr_xl1014-easy-landmark-maze/IntrMotiv/SF_hipposlam/train_dir/analysis/online_spatial/easy_landmark_maze_control_20260923/ELM_CTRL_WAYPOINT_F64_DDQN_HER_S99/policy_00/snapshot_target_000025000000_actual_000025001984.npz,61,0.5,2,3,4,0.2631603479385376,0.15810633283276393,2,2
ELM_CTRL_WAYPOINT_F64_DDQN_HER_S99,0,25000000,25001984,/work/classic/fr_xl1014-easy-landmark-maze/IntrMotiv/SF_hipposlam/train_dir/analysis/online_spatial/easy_landmark_maze_control_20260923/ELM_CTRL_WAYPOINT_F64_DDQN_HER_S99/policy_00/snapshot_target_000025000000_actual_000025001984.npz,62,0.5,1,1,4,0.01586570031940937,0.496190597197524,0,0
ELM_CTRL_WAYPOINT_F64_DDQN_HER_S99,0,25000000,25001984,/work/classic/fr_xl1014-easy-landmark-maze/IntrMotiv/SF_hipposlam/train_dir/analysis/online_spatial/easy_landmark_maze_control_20260923/ELM_CTRL_WAYPOINT_F64_DDQN_HER_S99/policy_00/snapshot_target_000025000000_actual_000025001984.npz,62,0.5,3,2,3,0.012817813083529472,0.40086968747935425,8,8
ELM_CTRL_WAYPOINT_F64_DDQN_HER_S99,0,25000000,25001984,/work/classic/fr_xl1014-easy-landmark-maze/IntrMotiv/SF_hipposlam/train_dir/analysis/online_spatial/easy_landmark_maze_control_20260923/ELM_CTRL_WAYPOINT_F64_DDQN_HER_S99/policy_00/snapshot_target_000025000000_actual_000025001984.npz,62,0.5,2,3,1,0.003291498636826873,0.10293971532312174,8,0
ELM_CTRL_WAYPOINT_F64_DDQN_HER_S99,0,25000000,25001984,/work/classic/fr_xl1014-easy-landmark-maze/IntrMotiv/SF_hipposlam/train_dir/analysis/online_spatial/easy_landmark_maze_control_20260923/ELM_CTRL_WAYPOINT_F64_DDQN_HER_S99/policy_00/snapshot_target_000025000000_actual_000025001984.npz,63,0.5,1,1,32,1.9095473289489746,0.7647128733848317,0,2
ELM_CTRL_WAYPOINT_F64_DDQN_HER_S99,0,25000000,25001984,/work/classic/fr_xl1014-easy-landmark-maze/IntrMotiv/SF_hipposlam/train_dir/analysis/online_spatial/easy_landmark_maze_control_20260923/ELM_CTRL_WAYPOINT_F64_DDQN_HER_S99/policy_00/snapshot_target_000025000000_actual_000025001984.npz,63,0.5,2,2,10,0.5875301957130432,0.2352871266151683,6,0
ELM_CTRL_WAYPOINT_F64_DDQN_HER_S99,0,25000000,25001984,/work/classic/fr_xl1014-easy-landmark-maze/IntrMotiv/SF_hipposlam/train_dir/analysis/online_spatial/easy_landmark_maze_control_20260923/ELM_CTRL_WAYPOINT_F64_DDQN_HER_S99/policy_00/snapshot_target_000025000000_actual_000025001984.npz,0,0.699999988079071,1,1,6,1.8259233236312866,0.8722534960500616,5,2
ELM_CTRL_WAYPOINT_F64_DDQN_HER_S99,0,25000000,25001984,/work/classic/fr_xl1014-easy-landmark-maze/IntrMotiv/SF_hipposlam/train_dir/analysis/online_spatial/easy_landmark_maze_control_20260923/ELM_CTRL_WAYPOINT_F64_DDQN_HER_S99/policy_00/snapshot_target_000025000000_actual_000025001984.npz,0,0.699999988079071,2,2,1,0.26741689443588257,0.12774650394993842,2,4
ELM_CTRL_WAYPOINT_F64_DDQN_HER_S99,0,25000000,25001984,/work/classic/fr_xl1014-easy-landmark-maze/IntrMotiv/SF_hipposlam/train_dir/analysis/online_spatial/easy_landmark_maze_control_20260923/ELM_CTRL_WAYPOINT_F64_DDQN_HER_S99/policy_00/snapshot_target_000025000000_actual_000025001984.npz,1,0.699999988079071,4,1,3,0.4063260555267334,0.44338213855872316,3,6
ELM_CTRL_WAYPOINT_F64_DDQN_HER_S99,0,25000000,25001984,/work/classic/fr_xl1014-easy-landmark-maze/IntrMotiv/SF_hipposlam/train_dir/analysis/online_spatial/easy_landmark_maze_control_20260923/ELM_CTRL_WAYPOINT_F64_DDQN_HER_S99/policy_00/snapshot_target_000025000000_actual_000025001984.npz,1,0.699999988079071,1,2,2,0.23684430122375488,0.2584440041530287,4,0
ELM_CTRL_WAYPOINT_F64_DDQN_HER_S99,0,25000000,25001984,/work/classic/fr_xl1014-easy-landmark-maze/IntrMotiv/SF_hipposlam/train_dir/analysis/online_spatial/easy_landmark_maze_control_20260923/ELM_CTRL_WAYPOINT_F64_DDQN_HER_S99/policy_00/snapshot_target_000025000000_actual_000025001984.npz,1,0.699999988079071,2,3,1,0.15067879855632782,0.16442038857871905,8,2
ELM_CTRL_WAYPOINT_F64_DDQN_HER_S99,0,25000000,25001984,/work/classic/fr_xl1014-easy-landmark-maze/IntrMotiv/SF_hipposlam/train_dir/analysis/online_spatial/easy_landmark_maze_control_20260923/ELM_CTRL_WAYPOINT_F64_DDQN_HER_S99/policy_00/snapshot_target_000025000000_actual_000025001984.npz,1,0.699999988079071,3,4,1,0.12257489562034607,0.1337534687095291,2,3
ELM_CTRL_WAYPOINT_F64_DDQN_HER_S99,0,25000000,25001984,/work/classic/fr_xl1014-easy-landmark-maze/IntrMotiv/SF_hipposlam/train_dir/analysis/online_spatial/easy_landmark_maze_control_20260923/ELM_CTRL_WAYPOINT_F64_DDQN_HER_S99/policy_00/snapshot_target_000025000000_actual_000025001984.npz,2,0.699999988079071,3,1,3,0.3992929756641388,0.3514815356226696,0,8
ELM_CTRL_WAYPOINT_F64_DDQN_HER_S99,0,25000000,25001984,/work/classic/fr_xl1014-easy-landmark-maze/IntrMotiv/SF_hipposlam/train_dir/analysis/online_spatial/easy_landmark_maze_control_20260923/ELM_CTRL_WAYPOINT_F64_DDQN_HER_S99/policy_00/snapshot_target_000025000000_actual_000025001984.npz,2,0.699999988079071,4,2,3,0.390608012676239,0.34383651225922146,8,8
ELM_CTRL_WAYPOINT_F64_DDQN_HER_S99,0,25000000,25001984,/work/classic/fr_xl1014-easy-landmark-maze/IntrMotiv/SF_hipposlam/train_dir/analysis/online_spatial/easy_landmark_maze_control_20260923/ELM_CTRL_WAYPOINT_F64_DDQN_HER_S99/policy_00/snapshot_target_000025000000_actual_000025001984.npz,2,0.699999988079071,1,3,1,0.12120212614536285,0.10668935346896126,4,0
ELM_CTRL_WAYPOINT_F64_DDQN_HER_S99,0,25000000,25001984,/work/classic/fr_xl1014-easy-landmark-maze/IntrMotiv/SF_hipposlam/train_dir/analysis/online_spatial/easy_landmark_maze_control_20260923/ELM_CTRL_WAYPOINT_F64_DDQN_HER_S99/policy_00/snapshot_target_000025000000_actual_000025001984.npz,2,0.699999988079071,5,4,1,0.11582053452730179,0.10195215496737471,3,8
ELM_CTRL_WAYPOINT_F64_DDQN_HER_S99,0,25000000,25001984,/work/classic/fr_xl1014-easy-landmark-maze/IntrMotiv/SF_hipposlam/train_dir/analysis/online_spatial/easy_landmark_maze_control_20260923/ELM_CTRL_WAYPOINT_F64_DDQN_HER_S99/policy_00/snapshot_target_000025000000_actual_000025001984.npz,2,0.699999988079071,2,5,1,0.10910466313362122,0.09604044368177293,8,2
ELM_CTRL_WAYPOINT_F64_DDQN_HER_S99,0,25000000,25001984,/work/classic/fr_xl1014-easy-landmark-maze/IntrMotiv/SF_hipposlam/train_dir/analysis/online_spatial/easy_landmark_maze_control_20260923/ELM_CTRL_WAYPOINT_F64_DDQN_HER_S99/policy_00/snapshot_target_000025000000_actual_000025001984.npz,3,0.699999988079071,1,1,6,0.012737864628434181,1.0,7,4
ELM_CTRL_WAYPOINT_F64_DDQN_HER_S99,0,25000000,25001984,/work/classic/fr_xl1014-easy-landmark-maze/IntrMotiv/SF_hipposlam/train_dir/analysis/online_spatial/easy_landmark_maze_control_20260923/ELM_CTRL_WAYPOINT_F64_DDQN_HER_S99/policy_00/snapshot_target_000025000000_actual_000025001984.npz,4,0.699999988079071,1,1,3,0.015236991457641125,1.0,6,2
ELM_CTRL_WAYPOINT_F64_DDQN_HER_S99,0,25000000,25001984,/work/classic/fr_xl1014-easy-landmark-maze/IntrMotiv/SF_hipposlam/train_dir/analysis/online_spatial/easy_landmark_maze_control_20260923/ELM_CTRL_WAYPOINT_F64_DDQN_HER_S99/policy_00/snapshot_target_000025000000_actual_000025001984.npz,5,0.699999988079071,2,1,10,0.8691696524620056,0.7612513147572086,2,7
ELM_CTRL_WAYPOINT_F64_DDQN_HER_S99,0,25000000,25001984,/work/classic/fr_xl1014-easy-landmark-maze/IntrMotiv/SF_hipposlam/train_dir/analysis/online_spatial/easy_landmark_maze_control_20260923/ELM_CTRL_WAYPOINT_F64_DDQN_HER_S99/policy_00/snapshot_target_000025000000_actual_000025001984.npz,5,0.699999988079071,1,2,3,0.27259474992752075,0.2387486852427913,0,3
ELM_CTRL_WAYPOINT_F64_DDQN_HER_S99,0,25000000,25001984,/work/classic/fr_xl1014-easy-landmark-maze/IntrMotiv/SF_hipposlam/train_dir/analysis/online_spatial/easy_landmark_maze_control_20260923/ELM_CTRL_WAYPOINT_F64_DDQN_HER_S99/policy_00/snapshot_target_000025000000_actual_000025001984.npz,6,0.699999988079071,1,1,5,0.009315544739365578,1.0,3,2
ELM_CTRL_WAYPOINT_F64_DDQN_HER_S99,0,25000000,25001984,/work/classic/fr_xl1014-easy-landmark-maze/IntrMotiv/SF_hipposlam/train_dir/analysis/online_spatial/easy_landmark_maze_control_20260923/ELM_CTRL_WAYPOINT_F64_DDQN_HER_S99/policy_00/snapshot_target_000025000000_actual_000025001984.npz,7,0.699999988079071,1,1,2,0.015520651824772358,1.0,5,2
ELM_CTRL_WAYPOINT_F64_DDQN_HER_S99,0,25000000,25001984,/work/classic/fr_xl1014-easy-landmark-maze/IntrMotiv/SF_hipposlam/train_dir/analysis/online_spatial/easy_landmark_maze_control_20260923/ELM_CTRL_WAYPOINT_F64_DDQN_HER_S99/policy_00/snapshot_target_000025000000_actual_000025001984.npz,8,0.699999988079071,1,1,2,0.004988673608750105,0.6541934401644403,0,0
ELM_CTRL_WAYPOINT_F64_DDQN_HER_S99,0,25000000,25001984,/work/classic/fr_xl1014-easy-landmark-maze/IntrMotiv/SF_hipposlam/train_dir/analysis/online_spatial/easy_landmark_maze_control_20260923/ELM_CTRL_WAYPOINT_F64_DDQN_HER_S99/policy_00/snapshot_target_000025000000_actual_000025001984.npz,8,0.699999988079071,2,2,1,0.0026370121631771326,0.3458065598355597,8,8
ELM_CTRL_WAYPOINT_F64_DDQN_HER_S99,0,25000000,25001984,/work/classic/fr_xl1014-easy-landmark-maze/IntrMotiv/SF_hipposlam/train_dir/analysis/online_spatial/easy_landmark_maze_control_20260923/ELM_CTRL_WAYPOINT_F64_DDQN_HER_S99/policy_00/snapshot_target_000025000000_actual_000025001984.npz,9,0.699999988079071,1,1,10,3.2086853981018066,1.0,6,3
ELM_CTRL_WAYPOINT_F64_DDQN_HER_S99,0,25000000,25001984,/work/classic/fr_xl1014-easy-landmark-maze/IntrMotiv/SF_hipposlam/train_dir/analysis/online_spatial/easy_landmark_maze_control_20260923/ELM_CTRL_WAYPOINT_F64_DDQN_HER_S99/policy_00/snapshot_target_000025000000_actual_000025001984.npz,10,0.699999988079071,1,1,8,1.8356812000274658,1.0,8,6
ELM_CTRL_WAYPOINT_F64_DDQN_HER_S99,0,25000000,25001984,/work/classic/fr_xl1014-easy-landmark-maze/IntrMotiv/SF_hipposlam/train_dir/analysis/online_spatial/easy_landmark_maze_control_20260923/ELM_CTRL_WAYPOINT_F64_DDQN_HER_S99/policy_00/snapshot_target_000025000000_actual_000025001984.npz,11,0.699999988079071,1,1,4,0.7067344188690186,1.0,0,5
ELM_CTRL_WAYPOINT_F64_DDQN_HER_S99,0,25000000,25001984,/work/classic/fr_xl1014-easy-landmark-maze/IntrMotiv/SF_hipposlam/train_dir/analysis/online_spatial/easy_landmark_maze_control_20260923/ELM_CTRL_WAYPOINT_F64_DDQN_HER_S99/policy_00/snapshot_target_000025000000_actual_000025001984.npz,12,0.699999988079071,1,1,3,0.025578223168849945,1.0,6,2
ELM_CTRL_WAYPOINT_F64_DDQN_HER_S99,0,25000000,25001984,/work/classic/fr_xl1014-easy-landmark-maze/IntrMotiv/SF_hipposlam/train_dir/analysis/online_spatial/easy_landmark_maze_control_20260923/ELM_CTRL_WAYPOINT_F64_DDQN_HER_S99/policy_00/snapshot_target_000025000000_actual_000025001984.npz,13,0.699999988079071,3,1,3,0.007616249844431877,0.41021917461276747,4,8
ELM_CTRL_WAYPOINT_F64_DDQN_HER_S99,0,25000000,25001984,/work/classic/fr_xl1014-easy-landmark-maze/IntrMotiv/SF_hipposlam/train_dir/analysis/online_spatial/easy_landmark_maze_control_20260923/ELM_CTRL_WAYPOINT_F64_DDQN_HER_S99/policy_00/snapshot_target_000025000000_actual_000025001984.npz,13,0.699999988079071,1,2,2,0.004257091786712408,0.22929141174021206,1,0
ELM_CTRL_WAYPOINT_F64_DDQN_HER_S99,0,25000000,25001984,/work/classic/fr_xl1014-easy-landmark-maze/IntrMotiv/SF_hipposlam/train_dir/analysis/online_spatial/easy_landmark_maze_control_20260923/ELM_CTRL_WAYPOINT_F64_DDQN_HER_S99/policy_00/snapshot_target_000025000000_actual_000025001984.npz,13,0.699999988079071,2,3,2,0.004211892373859882,0.2268569241364604,0,2
ELM_CTRL_WAYPOINT_F64_DDQN_HER_S99,0,25000000,25001984,/work/classic/fr_xl1014-easy-landmark-maze/IntrMotiv/SF_hipposlam/train_dir/analysis/online_spatial/easy_landmark_maze_control_20260923/ELM_CTRL_WAYPOINT_F64_DDQN_HER_S99/policy_00/snapshot_target_000025000000_actual_000025001984.npz,13,0.699999988079071,4,4,1,0.002481060102581978,0.13363248951056,8,8
ELM_CTRL_WAYPOINT_F64_DDQN_HER_S99,0,25000000,25001984,/work/classic/fr_xl1014-easy-landmark-maze/IntrMotiv/SF_hipposlam/train_dir/analysis/online_spatial/easy_landmark_maze_control_20260923/ELM_CTRL_WAYPOINT_F64_DDQN_HER_S99/policy_00/snapshot_target_000025000000_actual_000025001984.npz,14,0.699999988079071,1,1,2,0.0026404191739857197,0.6951472036212708,4,8
ELM_CTRL_WAYPOINT_F64_DDQN_HER_S99,0,25000000,25001984,/work/classic/fr_xl1014-easy-landmark-maze/IntrMotiv/SF_hipposlam/train_dir/analysis/online_spatial/easy_landmark_maze_control_20260923/ELM_CTRL_WAYPOINT_F64_DDQN_HER_S99/policy_00/snapshot_target_000025000000_actual_000025001984.npz,14,0.699999988079071,2,2,1,0.001157940598204732,0.3048527963787292,8,8
ELM_CTRL_WAYPOINT_F64_DDQN_HER_S99,0,25000000,25001984,/work/classic/fr_xl1014-easy-landmark-maze/IntrMotiv/SF_hipposlam/train_dir/analysis/online_spatial/easy_landmark_maze_control_20260923/ELM_CTRL_WAYPOINT_F64_DDQN_HER_S99/policy_00/snapshot_target_000025000000_actual_000025001984.npz,15,0.699999988079071,1,1,5,0.40228381752967834,0.4326976619568559,2,0
ELM_CTRL_WAYPOINT_F64_DDQN_HER_S99,0,25000000,25001984,/work/classic/fr_xl1014-easy-landmark-maze/IntrMotiv/SF_hipposlam/train_dir/analysis/online_spatial/easy_landmark_maze_control_20260923/ELM_CTRL_WAYPOINT_F64_DDQN_HER_S99/policy_00/snapshot_target_000025000000_actual_000025001984.npz,15,0.699999988079071,4,2,3,0.24333874881267548,0.26173587672833354,5,8
ELM_CTRL_WAYPOINT_F64_DDQN_HER_S99,0,25000000,25001984,/work/classic/fr_xl1014-easy-landmark-maze/IntrMotiv/SF_hipposlam/train_dir/analysis/online_spatial/easy_landmark_maze_control_20260923/ELM_CTRL_WAYPOINT_F64_DDQN_HER_S99/policy_00/snapshot_target_000025000000_actual_000025001984.npz,15,0.699999988079071,2,3,3,0.21273407340049744,0.22881739748868343,8,1
ELM_CTRL_WAYPOINT_F64_DDQN_HER_S99,0,25000000,25001984,/work/classic/fr_xl1014-easy-landmark-maze/IntrMotiv/SF_hipposlam/train_dir/analysis/online_spatial/easy_landmark_maze_control_20260923/ELM_CTRL_WAYPOINT_F64_DDQN_HER_S99/policy_00/snapshot_target_000025000000_actual_000025001984.npz,15,0.699999988079071,3,4,1,0.0713544562458992,0.07674906382612712,8,5
ELM_CTRL_WAYPOINT_F64_DDQN_HER_S99,0,25000000,25001984,/work/classic/fr_xl1014-easy-landmark-maze/IntrMotiv/SF_hipposlam/train_dir/analysis/online_spatial/easy_landmark_maze_control_20260923/ELM_CTRL_WAYPOINT_F64_DDQN_HER_S99/policy_00/snapshot_target_000025000000_actual_000025001984.npz,16,0.699999988079071,1,1,4,0.05310642719268799,1.0,6,3
ELM_CTRL_WAYPOINT_F64_DDQN_HER_S99,0,25000000,25001984,/work/classic/fr_xl1014-easy-landmark-maze/IntrMotiv/SF_hipposlam/train_dir/analysis/online_spatial/easy_landmark_maze_control_20260923/ELM_CTRL_WAYPOINT_F64_DDQN_HER_S99/policy_00/snapshot_target_000025000000_actual_000025001984.npz,17,0.699999988079071,1,1,1,0.0036400093231350183,1.0,8,8
ELM_CTRL_WAYPOINT_F64_DDQN_HER_S99,0,25000000,25001984,/work/classic/fr_xl1014-easy-landmark-maze/IntrMotiv/SF_hipposlam/train_dir/analysis/online_spatial/easy_landmark_maze_control_20260923/ELM_CTRL_WAYPOINT_F64_DDQN_HER_S99/policy_00/snapshot_target_000025000000_actual_000025001984.npz,18,0.699999988079071,1,1,3,0.0019097825279459357,0.4209046743646946,8,3
ELM_CTRL_WAYPOINT_F64_DDQN_HER_S99,0,25000000,25001984,/work/classic/fr_xl1014-easy-landmark-maze/IntrMotiv/SF_hipposlam/train_dir/analysis/online_spatial/easy_landmark_maze_control_20260923/ELM_CTRL_WAYPOINT_F64_DDQN_HER_S99/policy_00/snapshot_target_000025000000_actual_000025001984.npz,18,0.699999988079071,2,2,2,0.0014663446927443147,0.3231736212760116,0,6
ELM_CTRL_WAYPOINT_F64_DDQN_HER_S99,0,25000000,25001984,/work/classic/fr_xl1014-easy-landmark-maze/IntrMotiv/SF_hipposlam/train_dir/analysis/online_spatial/easy_landmark_maze_control_20260923/ELM_CTRL_WAYPOINT_F64_DDQN_HER_S99/policy_00/snapshot_target_000025000000_actual_000025001984.npz,18,0.699999988079071,3,3,2,0.0011612006928771734,0.25592170435929373,5,8
ELM_CTRL_WAYPOINT_F64_DDQN_HER_S99,0,25000000,25001984,/work/classic/fr_xl1014-easy-landmark-maze/IntrMotiv/SF_hipposlam/train_dir/analysis/online_spatial/easy_landmark_maze_control_20260923/ELM_CTRL_WAYPOINT_F64_DDQN_HER_S99/policy_00/snapshot_target_000025000000_actual_000025001984.npz,19,0.699999988079071,3,1,5,0.008040675893425941,0.7222491976441516,6,8
ELM_CTRL_WAYPOINT_F64_DDQN_HER_S99,0,25000000,25001984,/work/classic/fr_xl1014-easy-landmark-maze/IntrMotiv/SF_hipposlam/train_dir/analysis/online_spatial/easy_landmark_maze_control_20260923/ELM_CTRL_WAYPOINT_F64_DDQN_HER_S99/policy_00/snapshot_target_000025000000_actual_000025001984.npz,19,0.699999988079071,2,2,1,0.0016491730930283666,0.14813604714373782,0,8
ELM_CTRL_WAYPOINT_F64_DDQN_HER_S99,0,25000000,25001984,/work/classic/fr_xl1014-easy-landmark-maze/IntrMotiv/SF_hipposlam/train_dir/analysis/online_spatial/easy_landmark_maze_control_20260923/ELM_CTRL_WAYPOINT_F64_DDQN_HER_S99/policy_00/snapshot_target_000025000000_actual_000025001984.npz,19,0.699999988079071,1,3,1,0.001442978740669787,0.12961475521211058,0,3
ELM_CTRL_WAYPOINT_F64_DDQN_HER_S99,0,25000000,25001984,/work/classic/fr_xl1014-easy-landmark-maze/IntrMotiv/SF_hipposlam/train_dir/analysis/online_spatial/easy_landmark_maze_control_20260923/ELM_CTRL_WAYPOINT_F64_DDQN_HER_S99/policy_00/snapshot_target_000025000000_actual_000025001984.npz,20,0.699999988079071,1,1,2,0.004358608275651932,0.5522017016648073,3,2
ELM_CTRL_WAYPOINT_F64_DDQN_HER_S99,0,25000000,25001984,/work/classic/fr_xl1014-easy-landmark-maze/IntrMotiv/SF_hipposlam/train_dir/analysis/online_spatial/easy_landmark_maze_control_20260923/ELM_CTRL_WAYPOINT_F64_DDQN_HER_S99/policy_00/snapshot_target_000025000000_actual_000025001984.npz,20,0.699999988079071,2,2,2,0.0035345370415598154,0.44779829833519275,6,2
ELM_CTRL_WAYPOINT_F64_DDQN_HER_S99,0,25000000,25001984,/work/classic/fr_xl1014-easy-landmark-maze/IntrMotiv/SF_hipposlam/train_dir/analysis/online_spatial/easy_landmark_maze_control_20260923/ELM_CTRL_WAYPOINT_F64_DDQN_HER_S99/policy_00/snapshot_target_000025000000_actual_000025001984.npz,21,0.699999988079071,2,1,8,0.9155142307281494,0.8249859932317685,3,8
ELM_CTRL_WAYPOINT_F64_DDQN_HER_S99,0,25000000,25001984,/work/classic/fr_xl1014-easy-landmark-maze/IntrMotiv/SF_hipposlam/train_dir/analysis/online_spatial/easy_landmark_maze_control_20260923/ELM_CTRL_WAYPOINT_F64_DDQN_HER_S99/policy_00/snapshot_target_000025000000_actual_000025001984.npz,21,0.699999988079071,1,2,2,0.19421882927417755,0.17501400676823153,2,0
ELM_CTRL_WAYPOINT_F64_DDQN_HER_S99,0,25000000,25001984,/work/classic/fr_xl1014-easy-landmark-maze/IntrMotiv/SF_hipposlam/train_dir/analysis/online_spatial/easy_landmark_maze_control_20260923/ELM_CTRL_WAYPOINT_F64_DDQN_HER_S99/policy_00/snapshot_target_000025000000_actual_000025001984.npz,22,0.699999988079071,3,1,5,0.7411752939224243,0.6310259463603806,3,6
ELM_CTRL_WAYPOINT_F64_DDQN_HER_S99,0,25000000,25001984,/work/classic/fr_xl1014-easy-landmark-maze/IntrMotiv/SF_hipposlam/train_dir/analysis/online_spatial/easy_landmark_maze_control_20260923/ELM_CTRL_WAYPOINT_F64_DDQN_HER_S99/policy_00/snapshot_target_000025000000_actual_000025001984.npz,22,0.699999988079071,1,2,2,0.28923308849334717,0.24624887645587526,4,0
ELM_CTRL_WAYPOINT_F64_DDQN_HER_S99,0,25000000,25001984,/work/classic/fr_xl1014-easy-landmark-maze/IntrMotiv/SF_hipposlam/train_dir/analysis/online_spatial/easy_landmark_maze_control_20260923/ELM_CTRL_WAYPOINT_F64_DDQN_HER_S99/policy_00/snapshot_target_000025000000_actual_000025001984.npz,22,0.699999988079071,2,3,1,0.144147589802742,0.1227251771837442,8,2
ELM_CTRL_WAYPOINT_F64_DDQN_HER_S99,0,25000000,25001984,/work/classic/fr_xl1014-easy-landmark-maze/IntrMotiv/SF_hipposlam/train_dir/analysis/online_spatial/easy_landmark_maze_control_20260923/ELM_CTRL_WAYPOINT_F64_DDQN_HER_S99/policy_00/snapshot_target_000025000000_actual_000025001984.npz,23,0.699999988079071,1,1,1,0.003503374056890607,1.0,8,8
ELM_CTRL_WAYPOINT_F64_DDQN_HER_S99,0,25000000,25001984,/work/classic/fr_xl1014-easy-landmark-maze/IntrMotiv/SF_hipposlam/train_dir/analysis/online_spatial/easy_landmark_maze_control_20260923/ELM_CTRL_WAYPOINT_F64_DDQN_HER_S99/policy_00/snapshot_target_000025000000_actual_000025001984.npz,24,0.699999988079071,1,1,2,0.005782849155366421,1.0,4,8
ELM_CTRL_WAYPOINT_F64_DDQN_HER_S99,0,25000000,25001984,/work/classic/fr_xl1014-easy-landmark-maze/IntrMotiv/SF_hipposlam/train_dir/analysis/online_spatial/easy_landmark_maze_control_20260923/ELM_CTRL_WAYPOINT_F64_DDQN_HER_S99/policy_00/snapshot_target_000025000000_actual_000025001984.npz,25,0.699999988079071,1,1,8,1.409456491470337,0.8179381530058915,0,6
ELM_CTRL_WAYPOINT_F64_DDQN_HER_S99,0,25000000,25001984,/work/classic/fr_xl1014-easy-landmark-maze/IntrMotiv/SF_hipposlam/train_dir/analysis/online_spatial/easy_landmark_maze_control_20260923/ELM_CTRL_WAYPOINT_F64_DDQN_HER_S99/policy_00/snapshot_target_000025000000_actual_000025001984.npz,25,0.699999988079071,2,2,2,0.3137257397174835,0.18206184699410854,6,6
ELM_CTRL_WAYPOINT_F64_DDQN_HER_S99,0,25000000,25001984,/work/classic/fr_xl1014-easy-landmark-maze/IntrMotiv/SF_hipposlam/train_dir/analysis/online_spatial/easy_landmark_maze_control_20260923/ELM_CTRL_WAYPOINT_F64_DDQN_HER_S99/policy_00/snapshot_target_000025000000_actual_000025001984.npz,26,0.699999988079071,1,1,4,0.015051188878715038,1.0,6,3
ELM_CTRL_WAYPOINT_F64_DDQN_HER_S99,0,25000000,25001984,/work/classic/fr_xl1014-easy-landmark-maze/IntrMotiv/SF_hipposlam/train_dir/analysis/online_spatial/easy_landmark_maze_control_20260923/ELM_CTRL_WAYPOINT_F64_DDQN_HER_S99/policy_00/snapshot_target_000025000000_actual_000025001984.npz,27,0.699999988079071,2,1,1,0.22152172029018402,0.3527053433536666,0,8
ELM_CTRL_WAYPOINT_F64_DDQN_HER_S99,0,25000000,25001984,/work/classic/fr_xl1014-easy-landmark-maze/IntrMotiv/SF_hipposlam/train_dir/analysis/online_spatial/easy_landmark_maze_control_20260923/ELM_CTRL_WAYPOINT_F64_DDQN_HER_S99/policy_00/snapshot_target_000025000000_actual_000025001984.npz,27,0.699999988079071,1,2,1,0.20856010913848877,0.33206795616794615,8,0
ELM_CTRL_WAYPOINT_F64_DDQN_HER_S99,0,25000000,25001984,/work/classic/fr_xl1014-easy-landmark-maze/IntrMotiv/SF_hipposlam/train_dir/analysis/online_spatial/easy_landmark_maze_control_20260923/ELM_CTRL_WAYPOINT_F64_DDQN_HER_S99/policy_00/snapshot_target_000025000000_actual_000025001984.npz,27,0.699999988079071,3,3,1,0.19798271358013153,0.31522670047838725,8,8
ELM_CTRL_WAYPOINT_F64_DDQN_HER_S99,0,25000000,25001984,/work/classic/fr_xl1014-easy-landmark-maze/IntrMotiv/SF_hipposlam/train_dir/analysis/online_spatial/easy_landmark_maze_control_20260923/ELM_CTRL_WAYPOINT_F64_DDQN_HER_S99/policy_00/snapshot_target_000025000000_actual_000025001984.npz,28,0.699999988079071,1,1,3,0.009564926847815514,1.0,3,2
ELM_CTRL_WAYPOINT_F64_DDQN_HER_S99,0,25000000,25001984,/work/classic/fr_xl1014-easy-landmark-maze/IntrMotiv/SF_hipposlam/train_dir/analysis/online_spatial/easy_landmark_maze_control_20260923/ELM_CTRL_WAYPOINT_F64_DDQN_HER_S99/policy_00/snapshot_target_000025000000_actual_000025001984.npz,29,0.699999988079071,1,1,5,0.8764269351959229,1.0,3,8
ELM_CTRL_WAYPOINT_F64_DDQN_HER_S99,0,25000000,25001984,/work/classic/fr_xl1014-easy-landmark-maze/IntrMotiv/SF_hipposlam/train_dir/analysis/online_spatial/easy_landmark_maze_control_20260923/ELM_CTRL_WAYPOINT_F64_DDQN_HER_S99/policy_00/snapshot_target_000025000000_actual_000025001984.npz,30,0.699999988079071,1,1,8,0.8974478840827942,0.7319888035445411,2,5
ELM_CTRL_WAYPOINT_F64_DDQN_HER_S99,0,25000000,25001984,/work/classic/fr_xl1014-easy-landmark-maze/IntrMotiv/SF_hipposlam/train_dir/analysis/online_spatial/easy_landmark_maze_control_20260923/ELM_CTRL_WAYPOINT_F64_DDQN_HER_S99/policy_00/snapshot_target_000025000000_actual_000025001984.npz,30,0.699999988079071,2,2,3,0.32859256863594055,0.2680111964554589,3,8
ELM_CTRL_WAYPOINT_F64_DDQN_HER_S99,0,25000000,25001984,/work/classic/fr_xl1014-easy-landmark-maze/IntrMotiv/SF_hipposlam/train_dir/analysis/online_spatial/easy_landmark_maze_control_20260923/ELM_CTRL_WAYPOINT_F64_DDQN_HER_S99/policy_00/snapshot_target_000025000000_actual_000025001984.npz,31,0.699999988079071,2,1,3,0.011343088932335377,0.6280929890520576,4,8
ELM_CTRL_WAYPOINT_F64_DDQN_HER_S99,0,25000000,25001984,/work/classic/fr_xl1014-easy-landmark-maze/IntrMotiv/SF_hipposlam/train_dir/analysis/online_spatial/easy_landmark_maze_control_20260923/ELM_CTRL_WAYPOINT_F64_DDQN_HER_S99/policy_00/snapshot_target_000025000000_actual_000025001984.npz,31,0.699999988079071,3,2,1,0.0036064619198441505,0.19969811227345852,8,8
ELM_CTRL_WAYPOINT_F64_DDQN_HER_S99,0,25000000,25001984,/work/classic/fr_xl1014-easy-landmark-maze/IntrMotiv/SF_hipposlam/train_dir/analysis/online_spatial/easy_landmark_maze_control_20260923/ELM_CTRL_WAYPOINT_F64_DDQN_HER_S99/policy_00/snapshot_target_000025000000_actual_000025001984.npz,31,0.699999988079071,1,3,1,0.0031100185588002205,0.1722088986744839,1,0
ELM_CTRL_WAYPOINT_F64_DDQN_HER_S99,0,25000000,25001984,/work/classic/fr_xl1014-easy-landmark-maze/IntrMotiv/SF_hipposlam/train_dir/analysis/online_spatial/easy_landmark_maze_control_20260923/ELM_CTRL_WAYPOINT_F64_DDQN_HER_S99/policy_00/snapshot_target_000025000000_actual_000025001984.npz,32,0.699999988079071,2,1,3,0.005298176780343056,0.6330663180588838,6,6
ELM_CTRL_WAYPOINT_F64_DDQN_HER_S99,0,25000000,25001984,/work/classic/fr_xl1014-easy-landmark-maze/IntrMotiv/SF_hipposlam/train_dir/analysis/online_spatial/easy_landmark_maze_control_20260923/ELM_CTRL_WAYPOINT_F64_DDQN_HER_S99/policy_00/snapshot_target_000025000000_actual_000025001984.npz,32,0.699999988079071,1,2,2,0.003070893930271268,0.36693368194111625,3,2
ELM_CTRL_WAYPOINT_F64_DDQN_HER_S99,0,25000000,25001984,/work/classic/fr_xl1014-easy-landmark-maze/IntrMotiv/SF_hipposlam/train_dir/analysis/online_spatial/easy_landmark_maze_control_20260923/ELM_CTRL_WAYPOINT_F64_DDQN_HER_S99/policy_00/snapshot_target_000025000000_actual_000025001984.npz,33,0.699999988079071,2,1,4,0.6263086795806885,0.5934742640297334,8,0
ELM_CTRL_WAYPOINT_F64_DDQN_HER_S99,0,25000000,25001984,/work/classic/fr_xl1014-easy-landmark-maze/IntrMotiv/SF_hipposlam/train_dir/analysis/online_spatial/easy_landmark_maze_control_20260923/ELM_CTRL_WAYPOINT_F64_DDQN_HER_S99/policy_00/snapshot_target_000025000000_actual_000025001984.npz,33,0.699999988079071,3,2,2,0.2942509949207306,0.27882480052409914,7,8
ELM_CTRL_WAYPOINT_F64_DDQN_HER_S99,0,25000000,25001984,/work/classic/fr_xl1014-easy-landmark-maze/IntrMotiv/SF_hipposlam/train_dir/analysis/online_spatial/easy_landmark_maze_control_20260923/ELM_CTRL_WAYPOINT_F64_DDQN_HER_S99/policy_00/snapshot_target_000025000000_actual_000025001984.npz,33,0.699999988079071,1,3,1,0.134766086935997,0.12770093544616748,0,0
ELM_CTRL_WAYPOINT_F64_DDQN_HER_S99,0,25000000,25001984,/work/classic/fr_xl1014-easy-landmark-maze/IntrMotiv/SF_hipposlam/train_dir/analysis/online_spatial/easy_landmark_maze_control_20260923/ELM_CTRL_WAYPOINT_F64_DDQN_HER_S99/policy_00/snapshot_target_000025000000_actual_000025001984.npz,34,0.699999988079071,2,1,3,0.026034507900476456,0.7780062744883465,5,8
ELM_CTRL_WAYPOINT_F64_DDQN_HER_S99,0,25000000,25001984,/work/classic/fr_xl1014-easy-landmark-maze/IntrMotiv/SF_hipposlam/train_dir/analysis/online_spatial/easy_landmark_maze_control_20260923/ELM_CTRL_WAYPOINT_F64_DDQN_HER_S99/policy_00/snapshot_target_000025000000_actual_000025001984.npz,34,0.699999988079071,1,2,1,0.007428599987179041,0.22199372551165347,1,0
ELM_CTRL_WAYPOINT_F64_DDQN_HER_S99,0,25000000,25001984,/work/classic/fr_xl1014-easy-landmark-maze/IntrMotiv/SF_hipposlam/train_dir/analysis/online_spatial/easy_landmark_maze_control_20260923/ELM_CTRL_WAYPOINT_F64_DDQN_HER_S99/policy_00/snapshot_target_000025000000_actual_000025001984.npz,35,0.699999988079071,1,1,3,0.018611617386341095,0.631702913061694,8,0
ELM_CTRL_WAYPOINT_F64_DDQN_HER_S99,0,25000000,25001984,/work/classic/fr_xl1014-easy-landmark-maze/IntrMotiv/SF_hipposlam/train_dir/analysis/online_spatial/easy_landmark_maze_control_20260923/ELM_CTRL_WAYPOINT_F64_DDQN_HER_S99/policy_00/snapshot_target_000025000000_actual_000025001984.npz,35,0.699999988079071,2,2,2,0.010850993916392326,0.36829708693830593,6,8
ELM_CTRL_WAYPOINT_F64_DDQN_HER_S99,0,25000000,25001984,/work/classic/fr_xl1014-easy-landmark-maze/IntrMotiv/SF_hipposlam/train_dir/analysis/online_spatial/easy_landmark_maze_control_20260923/ELM_CTRL_WAYPOINT_F64_DDQN_HER_S99/policy_00/snapshot_target_000025000000_actual_000025001984.npz,36,0.699999988079071,1,1,3,0.003637986723333597,0.7917824561532416,5,2
ELM_CTRL_WAYPOINT_F64_DDQN_HER_S99,0,25000000,25001984,/work/classic/fr_xl1014-easy-landmark-maze/IntrMotiv/SF_hipposlam/train_dir/analysis/online_spatial/easy_landmark_maze_control_20260923/ELM_CTRL_WAYPOINT_F64_DDQN_HER_S99/policy_00/snapshot_target_000025000000_actual_000025001984.npz,36,0.699999988079071,2,2,1,0.0009566929074935615,0.2082175438467584,8,4
ELM_CTRL_WAYPOINT_F64_DDQN_HER_S99,0,25000000,25001984,/work/classic/fr_xl1014-easy-landmark-maze/IntrMotiv/SF_hipposlam/train_dir/analysis/online_spatial/easy_landmark_maze_control_20260923/ELM_CTRL_WAYPOINT_F64_DDQN_HER_S99/policy_00/snapshot_target_000025000000_actual_000025001984.npz,37,0.699999988079071,2,1,5,1.0539861917495728,0.4719083217691631,1,4
ELM_CTRL_WAYPOINT_F64_DDQN_HER_S99,0,25000000,25001984,/work/classic/fr_xl1014-easy-landmark-maze/IntrMotiv/SF_hipposlam/train_dir/analysis/online_spatial/easy_landmark_maze_control_20260923/ELM_CTRL_WAYPOINT_F64_DDQN_HER_S99/policy_00/snapshot_target_000025000000_actual_000025001984.npz,37,0.699999988079071,3,2,4,0.9782035946846008,0.4379776702291505,5,5
ELM_CTRL_WAYPOINT_F64_DDQN_HER_S99,0,25000000,25001984,/work/classic/fr_xl1014-easy-landmark-maze/IntrMotiv/SF_hipposlam/train_dir/analysis/online_spatial/easy_landmark_maze_control_20260923/ELM_CTRL_WAYPOINT_F64_DDQN_HER_S99/policy_00/snapshot_target_000025000000_actual_000025001984.npz,37,0.699999988079071,1,3,1,0.2012656182050705,0.09011400800168637,5,0
ELM_CTRL_WAYPOINT_F64_DDQN_HER_S99,0,25000000,25001984,/work/classic/fr_xl1014-easy-landmark-maze/IntrMotiv/SF_hipposlam/train_dir/analysis/online_spatial/easy_landmark_maze_control_20260923/ELM_CTRL_WAYPOINT_F64_DDQN_HER_S99/policy_00/snapshot_target_000025000000_actual_000025001984.npz,38,0.699999988079071,4,1,5,0.9535890817642212,0.4222071128939696,4,8
ELM_CTRL_WAYPOINT_F64_DDQN_HER_S99,0,25000000,25001984,/work/classic/fr_xl1014-easy-landmark-maze/IntrMotiv/SF_hipposlam/train_dir/analysis/online_spatial/easy_landmark_maze_control_20260923/ELM_CTRL_WAYPOINT_F64_DDQN_HER_S99/policy_00/snapshot_target_000025000000_actual_000025001984.npz,38,0.699999988079071,3,2,5,0.8342331647872925,0.36936158636968286,8,3
ELM_CTRL_WAYPOINT_F64_DDQN_HER_S99,0,25000000,25001984,/work/classic/fr_xl1014-easy-landmark-maze/IntrMotiv/SF_hipposlam/train_dir/analysis/online_spatial/easy_landmark_maze_control_20260923/ELM_CTRL_WAYPOINT_F64_DDQN_HER_S99/policy_00/snapshot_target_000025000000_actual_000025001984.npz,38,0.699999988079071,2,3,2,0.31869029998779297,0.1411019841127208,0,2
ELM_CTRL_WAYPOINT_F64_DDQN_HER_S99,0,25000000,25001984,/work/classic/fr_xl1014-easy-landmark-maze/IntrMotiv/SF_hipposlam/train_dir/analysis/online_spatial/easy_landmark_maze_control_20260923/ELM_CTRL_WAYPOINT_F64_DDQN_HER_S99/policy_00/snapshot_target_000025000000_actual_000025001984.npz,38,0.699999988079071,1,4,1,0.15206873416900635,0.06732931662362672,5,0
ELM_CTRL_WAYPOINT_F64_DDQN_HER_S99,0,25000000,25001984,/work/classic/fr_xl1014-easy-landmark-maze/IntrMotiv/SF_hipposlam/train_dir/analysis/online_spatial/easy_landmark_maze_control_20260923/ELM_CTRL_WAYPOINT_F64_DDQN_HER_S99/policy_00/snapshot_target_000025000000_actual_000025001984.npz,39,0.699999988079071,2,1,4,0.4375517666339874,0.755562727145989,3,6
ELM_CTRL_WAYPOINT_F64_DDQN_HER_S99,0,25000000,25001984,/work/classic/fr_xl1014-easy-landmark-maze/IntrMotiv/SF_hipposlam/train_dir/analysis/online_spatial/easy_landmark_maze_control_20260923/ELM_CTRL_WAYPOINT_F64_DDQN_HER_S99/policy_00/snapshot_target_000025000000_actual_000025001984.npz,39,0.699999988079071,1,2,1,0.14155536890029907,0.24443727285401093,0,3
ELM_CTRL_WAYPOINT_F64_DDQN_HER_S99,0,25000000,25001984,/work/classic/fr_xl1014-easy-landmark-maze/IntrMotiv/SF_hipposlam/train_dir/analysis/online_spatial/easy_landmark_maze_control_20260923/ELM_CTRL_WAYPOINT_F64_DDQN_HER_S99/policy_00/snapshot_target_000025000000_actual_000025001984.npz,40,0.699999988079071,1,1,7,0.05160478502511978,1.0,6,2
ELM_CTRL_WAYPOINT_F64_DDQN_HER_S99,0,25000000,25001984,/work/classic/fr_xl1014-easy-landmark-maze/IntrMotiv/SF_hipposlam/train_dir/analysis/online_spatial/easy_landmark_maze_control_20260923/ELM_CTRL_WAYPOINT_F64_DDQN_HER_S99/policy_00/snapshot_target_000025000000_actual_000025001984.npz,41,0.699999988079071,1,1,5,0.05498291552066803,1.0,5,2
ELM_CTRL_WAYPOINT_F64_DDQN_HER_S99,0,25000000,25001984,/work/classic/fr_xl1014-easy-landmark-maze/IntrMotiv/SF_hipposlam/train_dir/analysis/online_spatial/easy_landmark_maze_control_20260923/ELM_CTRL_WAYPOINT_F64_DDQN_HER_S99/policy_00/snapshot_target_000025000000_actual_000025001984.npz,42,0.699999988079071,3,1,3,0.44207078218460083,0.6430437409111983,5,8
ELM_CTRL_WAYPOINT_F64_DDQN_HER_S99,0,25000000,25001984,/work/classic/fr_xl1014-easy-landmark-maze/IntrMotiv/SF_hipposlam/train_dir/analysis/online_spatial/easy_landmark_maze_control_20260923/ELM_CTRL_WAYPOINT_F64_DDQN_HER_S99/policy_00/snapshot_target_000025000000_actual_000025001984.npz,42,0.699999988079071,2,2,1,0.1300613433122635,0.18918946042565885,8,2
ELM_CTRL_WAYPOINT_F64_DDQN_HER_S99,0,25000000,25001984,/work/classic/fr_xl1014-easy-landmark-maze/IntrMotiv/SF_hipposlam/train_dir/analysis/online_spatial/easy_landmark_maze_control_20260923/ELM_CTRL_WAYPOINT_F64_DDQN_HER_S99/policy_00/snapshot_target_000025000000_actual_000025001984.npz,42,0.699999988079071,1,3,1,0.11533398926258087,0.1677667986631428,5,0
ELM_CTRL_WAYPOINT_F64_DDQN_HER_S99,0,25000000,25001984,/work/classic/fr_xl1014-easy-landmark-maze/IntrMotiv/SF_hipposlam/train_dir/analysis/online_spatial/easy_landmark_maze_control_20260923/ELM_CTRL_WAYPOINT_F64_DDQN_HER_S99/policy_00/snapshot_target_000025000000_actual_000025001984.npz,43,0.699999988079071,1,1,4,0.014186597429215908,1.0,6,3
ELM_CTRL_WAYPOINT_F64_DDQN_HER_S99,0,25000000,25001984,/work/classic/fr_xl1014-easy-landmark-maze/IntrMotiv/SF_hipposlam/train_dir/analysis/online_spatial/easy_landmark_maze_control_20260923/ELM_CTRL_WAYPOINT_F64_DDQN_HER_S99/policy_00/snapshot_target_000025000000_actual_000025001984.npz,44,0.699999988079071,1,1,2,0.0051332805305719376,1.0,4,2
ELM_CTRL_WAYPOINT_F64_DDQN_HER_S99,0,25000000,25001984,/work/classic/fr_xl1014-easy-landmark-maze/IntrMotiv/SF_hipposlam/train_dir/analysis/online_spatial/easy_landmark_maze_control_20260923/ELM_CTRL_WAYPOINT_F64_DDQN_HER_S99/policy_00/snapshot_target_000025000000_actual_000025001984.npz,45,0.699999988079071,2,1,3,0.009761134162545204,0.6053170029417622,6,5
ELM_CTRL_WAYPOINT_F64_DDQN_HER_S99,0,25000000,25001984,/work/classic/fr_xl1014-easy-landmark-maze/IntrMotiv/SF_hipposlam/train_dir/analysis/online_spatial/easy_landmark_maze_control_20260923/ELM_CTRL_WAYPOINT_F64_DDQN_HER_S99/policy_00/snapshot_target_000025000000_actual_000025001984.npz,45,0.699999988079071,1,2,2,0.006364522501826286,0.39468299705823784,2,3
ELM_CTRL_WAYPOINT_F64_DDQN_HER_S99,0,25000000,25001984,/work/classic/fr_xl1014-easy-landmark-maze/IntrMotiv/SF_hipposlam/train_dir/analysis/online_spatial/easy_landmark_maze_control_20260923/ELM_CTRL_WAYPOINT_F64_DDQN_HER_S99/policy_00/snapshot_target_000025000000_actual_000025001984.npz,46,0.699999988079071,1,1,8,0.041325636208057404,1.0,5,2
ELM_CTRL_WAYPOINT_F64_DDQN_HER_S99,0,25000000,25001984,/work/classic/fr_xl1014-easy-landmark-maze/IntrMotiv/SF_hipposlam/train_dir/analysis/online_spatial/easy_landmark_maze_control_20260923/ELM_CTRL_WAYPOINT_F64_DDQN_HER_S99/policy_00/snapshot_target_000025000000_actual_000025001984.npz,47,0.699999988079071,5,1,2,0.012352518737316132,0.24690827499145585,4,8
ELM_CTRL_WAYPOINT_F64_DDQN_HER_S99,0,25000000,25001984,/work/classic/fr_xl1014-easy-landmark-maze/IntrMotiv/SF_hipposlam/train_dir/analysis/online_spatial/easy_landmark_maze_control_20260923/ELM_CTRL_WAYPOINT_F64_DDQN_HER_S99/policy_00/snapshot_target_000025000000_actual_000025001984.npz,47,0.699999988079071,4,2,2,0.012288893572986126,0.24563650363009681,8,8
ELM_CTRL_WAYPOINT_F64_DDQN_HER_S99,0,25000000,25001984,/work/classic/fr_xl1014-easy-landmark-maze/IntrMotiv/SF_hipposlam/train_dir/analysis/online_spatial/easy_landmark_maze_control_20260923/ELM_CTRL_WAYPOINT_F64_DDQN_HER_S99/policy_00/snapshot_target_000025000000_actual_000025001984.npz,47,0.699999988079071,3,3,2,0.010238738730549812,0.2046569911617503,0,2
ELM_CTRL_WAYPOINT_F64_DDQN_HER_S99,0,25000000,25001984,/work/classic/fr_xl1014-easy-landmark-maze/IntrMotiv/SF_hipposlam/train_dir/analysis/online_spatial/easy_landmark_maze_control_20260923/ELM_CTRL_WAYPOINT_F64_DDQN_HER_S99/policy_00/snapshot_target_000025000000_actual_000025001984.npz,47,0.699999988079071,2,4,2,0.010028907097876072,0.20046277234987334,8,0
ELM_CTRL_WAYPOINT_F64_DDQN_HER_S99,0,25000000,25001984,/work/classic/fr_xl1014-easy-landmark-maze/IntrMotiv/SF_hipposlam/train_dir/analysis/online_spatial/easy_landmark_maze_control_20260923/ELM_CTRL_WAYPOINT_F64_DDQN_HER_S99/policy_00/snapshot_target_000025000000_actual_000025001984.npz,47,0.699999988079071,1,5,1,0.005119717679917812,0.10233545786682371,0,0
ELM_CTRL_WAYPOINT_F64_DDQN_HER_S99,0,25000000,25001984,/work/classic/fr_xl1014-easy-landmark-maze/IntrMotiv/SF_hipposlam/train_dir/analysis/online_spatial/easy_landmark_maze_control_20260923/ELM_CTRL_WAYPOINT_F64_DDQN_HER_S99/policy_00/snapshot_target_000025000000_actual_000025001984.npz,48,0.699999988079071,1,1,3,0.020785661414265633,1.0,5,3
ELM_CTRL_WAYPOINT_F64_DDQN_HER_S99,0,25000000,25001984,/work/classic/fr_xl1014-easy-landmark-maze/IntrMotiv/SF_hipposlam/train_dir/analysis/online_spatial/easy_landmark_maze_control_20260923/ELM_CTRL_WAYPOINT_F64_DDQN_HER_S99/policy_00/snapshot_target_000025000000_actual_000025001984.npz,49,0.699999988079071,1,1,4,0.35186392068862915,0.39432634815310935,0,1
ELM_CTRL_WAYPOINT_F64_DDQN_HER_S99,0,25000000,25001984,/work/classic/fr_xl1014-easy-landmark-maze/IntrMotiv/SF_hipposlam/train_dir/analysis/online_spatial/easy_landmark_maze_control_20260923/ELM_CTRL_WAYPOINT_F64_DDQN_HER_S99/policy_00/snapshot_target_000025000000_actual_000025001984.npz,49,0.699999988079071,2,2,2,0.19277115166187286,0.21603449457201487,6,0
ELM_CTRL_WAYPOINT_F64_DDQN_HER_S99,0,25000000,25001984,/work/classic/fr_xl1014-easy-landmark-maze/IntrMotiv/SF_hipposlam/train_dir/analysis/online_spatial/easy_landmark_maze_control_20260923/ELM_CTRL_WAYPOINT_F64_DDQN_HER_S99/policy_00/snapshot_target_000025000000_actual_000025001984.npz,49,0.699999988079071,3,3,2,0.1813998818397522,0.20329095640520048,8,7
ELM_CTRL_WAYPOINT_F64_DDQN_HER_S99,0,25000000,25001984,/work/classic/fr_xl1014-easy-landmark-maze/IntrMotiv/SF_hipposlam/train_dir/analysis/online_spatial/easy_landmark_maze_control_20260923/ELM_CTRL_WAYPOINT_F64_DDQN_HER_S99/policy_00/snapshot_target_000025000000_actual_000025001984.npz,49,0.699999988079071,4,4,2,0.1662815809249878,0.1863482008696753,2,8
ELM_CTRL_WAYPOINT_F64_DDQN_HER_S99,0,25000000,25001984,/work/classic/fr_xl1014-easy-landmark-maze/IntrMotiv/SF_hipposlam/train_dir/analysis/online_spatial/easy_landmark_maze_control_20260923/ELM_CTRL_WAYPOINT_F64_DDQN_HER_S99/policy_00/snapshot_target_000025000000_actual_000025001984.npz,50,0.699999988079071,2,1,1,0.32214075326919556,0.3946614555569414,8,0
ELM_CTRL_WAYPOINT_F64_DDQN_HER_S99,0,25000000,25001984,/work/classic/fr_xl1014-easy-landmark-maze/IntrMotiv/SF_hipposlam/train_dir/analysis/online_spatial/easy_landmark_maze_control_20260923/ELM_CTRL_WAYPOINT_F64_DDQN_HER_S99/policy_00/snapshot_target_000025000000_actual_000025001984.npz,50,0.699999988079071,1,2,1,0.26062509417533875,0.3192973195041569,0,0
ELM_CTRL_WAYPOINT_F64_DDQN_HER_S99,0,25000000,25001984,/work/classic/fr_xl1014-easy-landmark-maze/IntrMotiv/SF_hipposlam/train_dir/analysis/online_spatial/easy_landmark_maze_control_20260923/ELM_CTRL_WAYPOINT_F64_DDQN_HER_S99/policy_00/snapshot_target_000025000000_actual_000025001984.npz,50,0.699999988079071,3,3,1,0.23347994685173035,0.2860412249389017,0,8
ELM_CTRL_WAYPOINT_F64_DDQN_HER_S99,0,25000000,25001984,/work/classic/fr_xl1014-easy-landmark-maze/IntrMotiv/SF_hipposlam/train_dir/analysis/online_spatial/easy_landmark_maze_control_20260923/ELM_CTRL_WAYPOINT_F64_DDQN_HER_S99/policy_00/snapshot_target_000025000000_actual_000025001984.npz,51,0.699999988079071,1,1,3,0.009703054092824459,1.0,6,2
ELM_CTRL_WAYPOINT_F64_DDQN_HER_S99,0,25000000,25001984,/work/classic/fr_xl1014-easy-landmark-maze/IntrMotiv/SF_hipposlam/train_dir/analysis/online_spatial/easy_landmark_maze_control_20260923/ELM_CTRL_WAYPOINT_F64_DDQN_HER_S99/policy_00/snapshot_target_000025000000_actual_000025001984.npz,52,0.699999988079071,1,1,4,0.029347024857997894,1.0,6,3
ELM_CTRL_WAYPOINT_F64_DDQN_HER_S99,0,25000000,25001984,/work/classic/fr_xl1014-easy-landmark-maze/IntrMotiv/SF_hipposlam/train_dir/analysis/online_spatial/easy_landmark_maze_control_20260923/ELM_CTRL_WAYPOINT_F64_DDQN_HER_S99/policy_00/snapshot_target_000025000000_actual_000025001984.npz,53,0.699999988079071,3,1,2,0.0045964280143380165,0.5606022134400305,7,8
ELM_CTRL_WAYPOINT_F64_DDQN_HER_S99,0,25000000,25001984,/work/classic/fr_xl1014-easy-landmark-maze/IntrMotiv/SF_hipposlam/train_dir/analysis/online_spatial/easy_landmark_maze_control_20260923/ELM_CTRL_WAYPOINT_F64_DDQN_HER_S99/policy_00/snapshot_target_000025000000_actual_000025001984.npz,53,0.699999988079071,2,2,1,0.001837119460105896,0.2240638235770229,3,8
ELM_CTRL_WAYPOINT_F64_DDQN_HER_S99,0,25000000,25001984,/work/classic/fr_xl1014-easy-landmark-maze/IntrMotiv/SF_hipposlam/train_dir/analysis/online_spatial/easy_landmark_maze_control_20260923/ELM_CTRL_WAYPOINT_F64_DDQN_HER_S99/policy_00/snapshot_target_000025000000_actual_000025001984.npz,53,0.699999988079071,1,3,1,0.0017655425472185016,0.21533396298294666,3,0
ELM_CTRL_WAYPOINT_F64_DDQN_HER_S99,0,25000000,25001984,/work/classic/fr_xl1014-easy-landmark-maze/IntrMotiv/SF_hipposlam/train_dir/analysis/online_spatial/easy_landmark_maze_control_20260923/ELM_CTRL_WAYPOINT_F64_DDQN_HER_S99/policy_00/snapshot_target_000025000000_actual_000025001984.npz,54,0.699999988079071,1,1,2,0.20736056566238403,0.3549082840519646,2,0
ELM_CTRL_WAYPOINT_F64_DDQN_HER_S99,0,25000000,25001984,/work/classic/fr_xl1014-easy-landmark-maze/IntrMotiv/SF_hipposlam/train_dir/analysis/online_spatial/easy_landmark_maze_control_20260923/ELM_CTRL_WAYPOINT_F64_DDQN_HER_S99/policy_00/snapshot_target_000025000000_actual_000025001984.npz,54,0.699999988079071,2,2,2,0.19076499342918396,0.3265041077548418,5,0
ELM_CTRL_WAYPOINT_F64_DDQN_HER_S99,0,25000000,25001984,/work/classic/fr_xl1014-easy-landmark-maze/IntrMotiv/SF_hipposlam/train_dir/analysis/online_spatial/easy_landmark_maze_control_20260923/ELM_CTRL_WAYPOINT_F64_DDQN_HER_S99/policy_00/snapshot_target_000025000000_actual_000025001984.npz,54,0.699999988079071,3,3,1,0.09331399202346802,0.15971170160197656,0,6
ELM_CTRL_WAYPOINT_F64_DDQN_HER_S99,0,25000000,25001984,/work/classic/fr_xl1014-easy-landmark-maze/IntrMotiv/SF_hipposlam/train_dir/analysis/online_spatial/easy_landmark_maze_control_20260923/ELM_CTRL_WAYPOINT_F64_DDQN_HER_S99/policy_00/snapshot_target_000025000000_actual_000025001984.npz,54,0.699999988079071,4,4,1,0.09282566606998444,0.15887590659121703,6,8
ELM_CTRL_WAYPOINT_F64_DDQN_HER_S99,0,25000000,25001984,/work/classic/fr_xl1014-easy-landmark-maze/IntrMotiv/SF_hipposlam/train_dir/analysis/online_spatial/easy_landmark_maze_control_20260923/ELM_CTRL_WAYPOINT_F64_DDQN_HER_S99/policy_00/snapshot_target_000025000000_actual_000025001984.npz,55,0.699999988079071,1,1,7,2.6081924438476562,1.0,6,3
ELM_CTRL_WAYPOINT_F64_DDQN_HER_S99,0,25000000,25001984,/work/classic/fr_xl1014-easy-landmark-maze/IntrMotiv/SF_hipposlam/train_dir/analysis/online_spatial/easy_landmark_maze_control_20260923/ELM_CTRL_WAYPOINT_F64_DDQN_HER_S99/policy_00/snapshot_target_000025000000_actual_000025001984.npz,56,0.699999988079071,1,1,3,0.13117262721061707,0.3962812832418366,3,2
ELM_CTRL_WAYPOINT_F64_DDQN_HER_S99,0,25000000,25001984,/work/classic/fr_xl1014-easy-landmark-maze/IntrMotiv/SF_hipposlam/train_dir/analysis/online_spatial/easy_landmark_maze_control_20260923/ELM_CTRL_WAYPOINT_F64_DDQN_HER_S99/policy_00/snapshot_target_000025000000_actual_000025001984.npz,56,0.699999988079071,2,2,2,0.07763776183128357,0.234548873044413,7,1
ELM_CTRL_WAYPOINT_F64_DDQN_HER_S99,0,25000000,25001984,/work/classic/fr_xl1014-easy-landmark-maze/IntrMotiv/SF_hipposlam/train_dir/analysis/online_spatial/easy_landmark_maze_control_20260923/ELM_CTRL_WAYPOINT_F64_DDQN_HER_S99/policy_00/snapshot_target_000025000000_actual_000025001984.npz,56,0.699999988079071,3,3,2,0.0749778002500534,0.22651295113601533,4,4
ELM_CTRL_WAYPOINT_F64_DDQN_HER_S99,0,25000000,25001984,/work/classic/fr_xl1014-easy-landmark-maze/IntrMotiv/SF_hipposlam/train_dir/analysis/online_spatial/easy_landmark_maze_control_20260923/ELM_CTRL_WAYPOINT_F64_DDQN_HER_S99/policy_00/snapshot_target_000025000000_actual_000025001984.npz,56,0.699999988079071,4,4,1,0.04722069948911667,0.1426568925777351,6,8
ELM_CTRL_WAYPOINT_F64_DDQN_HER_S99,0,25000000,25001984,/work/classic/fr_xl1014-easy-landmark-maze/IntrMotiv/SF_hipposlam/train_dir/analysis/online_spatial/easy_landmark_maze_control_20260923/ELM_CTRL_WAYPOINT_F64_DDQN_HER_S99/policy_00/snapshot_target_000025000000_actual_000025001984.npz,57,0.699999988079071,1,1,6,0.0040773507207632065,1.0,4,2
ELM_CTRL_WAYPOINT_F64_DDQN_HER_S99,0,25000000,25001984,/work/classic/fr_xl1014-easy-landmark-maze/IntrMotiv/SF_hipposlam/train_dir/analysis/online_spatial/easy_landmark_maze_control_20260923/ELM_CTRL_WAYPOINT_F64_DDQN_HER_S99/policy_00/snapshot_target_000025000000_actual_000025001984.npz,58,0.699999988079071,1,1,9,0.020564237609505653,1.0,6,2
ELM_CTRL_WAYPOINT_F64_DDQN_HER_S99,0,25000000,25001984,/work/classic/fr_xl1014-easy-landmark-maze/IntrMotiv/SF_hipposlam/train_dir/analysis/online_spatial/easy_landmark_maze_control_20260923/ELM_CTRL_WAYPOINT_F64_DDQN_HER_S99/policy_00/snapshot_target_000025000000_actual_000025001984.npz,59,0.699999988079071,1,1,4,0.036618392914533615,0.425551161631818,0,2
ELM_CTRL_WAYPOINT_F64_DDQN_HER_S99,0,25000000,25001984,/work/classic/fr_xl1014-easy-landmark-maze/IntrMotiv/SF_hipposlam/train_dir/analysis/online_spatial/easy_landmark_maze_control_20260923/ELM_CTRL_WAYPOINT_F64_DDQN_HER_S99/policy_00/snapshot_target_000025000000_actual_000025001984.npz,59,0.699999988079071,3,2,3,0.03160521388053894,0.367291800923009,4,8
ELM_CTRL_WAYPOINT_F64_DDQN_HER_S99,0,25000000,25001984,/work/classic/fr_xl1014-easy-landmark-maze/IntrMotiv/SF_hipposlam/train_dir/analysis/online_spatial/easy_landmark_maze_control_20260923/ELM_CTRL_WAYPOINT_F64_DDQN_HER_S99/policy_00/snapshot_target_000025000000_actual_000025001984.npz,59,0.699999988079071,2,3,1,0.00910200085490942,0.10577654366265725,8,1
ELM_CTRL_WAYPOINT_F64_DDQN_HER_S99,0,25000000,25001984,/work/classic/fr_xl1014-easy-landmark-maze/IntrMotiv/SF_hipposlam/train_dir/analysis/online_spatial/easy_landmark_maze_control_20260923/ELM_CTRL_WAYPOINT_F64_DDQN_HER_S99/policy_00/snapshot_target_000025000000_actual_000025001984.npz,59,0.699999988079071,4,4,1,0.008723723702132702,0.10138049378251578,8,8
ELM_CTRL_WAYPOINT_F64_DDQN_HER_S99,0,25000000,25001984,/work/classic/fr_xl1014-easy-landmark-maze/IntrMotiv/SF_hipposlam/train_dir/analysis/online_spatial/easy_landmark_maze_control_20260923/ELM_CTRL_WAYPOINT_F64_DDQN_HER_S99/policy_00/snapshot_target_000025000000_actual_000025001984.npz,60,0.699999988079071,2,1,4,0.18590916693210602,0.5151656905179035,1,4
ELM_CTRL_WAYPOINT_F64_DDQN_HER_S99,0,25000000,25001984,/work/classic/fr_xl1014-easy-landmark-maze/IntrMotiv/SF_hipposlam/train_dir/analysis/online_spatial/easy_landmark_maze_control_20260923/ELM_CTRL_WAYPOINT_F64_DDQN_HER_S99/policy_00/snapshot_target_000025000000_actual_000025001984.npz,60,0.699999988079071,3,2,3,0.13582885265350342,0.37639007169050076,5,5
ELM_CTRL_WAYPOINT_F64_DDQN_HER_S99,0,25000000,25001984,/work/classic/fr_xl1014-easy-landmark-maze/IntrMotiv/SF_hipposlam/train_dir/analysis/online_spatial/easy_landmark_maze_control_20260923/ELM_CTRL_WAYPOINT_F64_DDQN_HER_S99/policy_00/snapshot_target_000025000000_actual_000025001984.npz,60,0.699999988079071,1,3,1,0.03913455083966255,0.10844423779159568,0,0
ELM_CTRL_WAYPOINT_F64_DDQN_HER_S99,0,25000000,25001984,/work/classic/fr_xl1014-easy-landmark-maze/IntrMotiv/SF_hipposlam/train_dir/analysis/online_spatial/easy_landmark_maze_control_20260923/ELM_CTRL_WAYPOINT_F64_DDQN_HER_S99/policy_00/snapshot_target_000025000000_actual_000025001984.npz,61,0.699999988079071,4,1,6,0.5208999514579773,0.5779890304450482,5,7
ELM_CTRL_WAYPOINT_F64_DDQN_HER_S99,0,25000000,25001984,/work/classic/fr_xl1014-easy-landmark-maze/IntrMotiv/SF_hipposlam/train_dir/analysis/online_spatial/easy_landmark_maze_control_20260923/ELM_CTRL_WAYPOINT_F64_DDQN_HER_S99/policy_00/snapshot_target_000025000000_actual_000025001984.npz,61,0.699999988079071,3,2,2,0.1578429639339447,0.1751420813755122,2,6
ELM_CTRL_WAYPOINT_F64_DDQN_HER_S99,0,25000000,25001984,/work/classic/fr_xl1014-easy-landmark-maze/IntrMotiv/SF_hipposlam/train_dir/analysis/online_spatial/easy_landmark_maze_control_20260923/ELM_CTRL_WAYPOINT_F64_DDQN_HER_S99/policy_00/snapshot_target_000025000000_actual_000025001984.npz,61,0.699999988079071,1,3,2,0.1426635980606079,0.15829910233636293,2,2
ELM_CTRL_WAYPOINT_F64_DDQN_HER_S99,0,25000000,25001984,/work/classic/fr_xl1014-easy-landmark-maze/IntrMotiv/SF_hipposlam/train_dir/analysis/online_spatial/easy_landmark_maze_control_20260923/ELM_CTRL_WAYPOINT_F64_DDQN_HER_S99/policy_00/snapshot_target_000025000000_actual_000025001984.npz,61,0.699999988079071,2,4,1,0.07982157915830612,0.08856978584307656,6,1
ELM_CTRL_WAYPOINT_F64_DDQN_HER_S99,0,25000000,25001984,/work/classic/fr_xl1014-easy-landmark-maze/IntrMotiv/SF_hipposlam/train_dir/analysis/online_spatial/easy_landmark_maze_control_20260923/ELM_CTRL_WAYPOINT_F64_DDQN_HER_S99/policy_00/snapshot_target_000025000000_actual_000025001984.npz,62,0.699999988079071,1,1,2,0.009386984631419182,0.6193991270509281,0,0
ELM_CTRL_WAYPOINT_F64_DDQN_HER_S99,0,25000000,25001984,/work/classic/fr_xl1014-easy-landmark-maze/IntrMotiv/SF_hipposlam/train_dir/analysis/online_spatial/easy_landmark_maze_control_20260923/ELM_CTRL_WAYPOINT_F64_DDQN_HER_S99/policy_00/snapshot_target_000025000000_actual_000025001984.npz,62,0.699999988079071,2,2,1,0.005768000613898039,0.3806008729490719,8,8
ELM_CTRL_WAYPOINT_F64_DDQN_HER_S99,0,25000000,25001984,/work/classic/fr_xl1014-easy-landmark-maze/IntrMotiv/SF_hipposlam/train_dir/analysis/online_spatial/easy_landmark_maze_control_20260923/ELM_CTRL_WAYPOINT_F64_DDQN_HER_S99/policy_00/snapshot_target_000025000000_actual_000025001984.npz,63,0.699999988079071,2,1,16,1.0262126922607422,0.5719949425085347,0,2
ELM_CTRL_WAYPOINT_F64_DDQN_HER_S99,0,25000000,25001984,/work/classic/fr_xl1014-easy-landmark-maze/IntrMotiv/SF_hipposlam/train_dir/analysis/online_spatial/easy_landmark_maze_control_20260923/ELM_CTRL_WAYPOINT_F64_DDQN_HER_S99/policy_00/snapshot_target_000025000000_actual_000025001984.npz,63,0.699999988079071,1,2,7,0.4452805817127228,0.24819244846391114,6,0
ELM_CTRL_WAYPOINT_F64_DDQN_HER_S99,0,25000000,25001984,/work/classic/fr_xl1014-easy-landmark-maze/IntrMotiv/SF_hipposlam/train_dir/analysis/online_spatial/easy_landmark_maze_control_20260923/ELM_CTRL_WAYPOINT_F64_DDQN_HER_S99/policy_00/snapshot_target_000025000000_actual_000025001984.npz,63,0.699999988079071,3,3,5,0.32260072231292725,0.17981260902755417,8,6
ELM_CTRL_WAYPOINT_F64_DDQN_HER_S99,0,50000000,50003968,/work/classic/fr_xl1014-easy-landmark-maze/IntrMotiv/SF_hipposlam/train_dir/analysis/online_spatial/easy_landmark_maze_control_20260923/ELM_CTRL_WAYPOINT_F64_DDQN_HER_S99/policy_00/snapshot_target_000050000000_actual_000050003968.npz,0,0.30000001192092896,1,1,9,2.307908296585083,1.0,8,4
ELM_CTRL_WAYPOINT_F64_DDQN_HER_S99,0,50000000,50003968,/work/classic/fr_xl1014-easy-landmark-maze/IntrMotiv/SF_hipposlam/train_dir/analysis/online_spatial/easy_landmark_maze_control_20260923/ELM_CTRL_WAYPOINT_F64_DDQN_HER_S99/policy_00/snapshot_target_000050000000_actual_000050003968.npz,1,0.30000001192092896,1,1,42,3.781743288040161,1.0,4,6
ELM_CTRL_WAYPOINT_F64_DDQN_HER_S99,0,50000000,50003968,/work/classic/fr_xl1014-easy-landmark-maze/IntrMotiv/SF_hipposlam/train_dir/analysis/online_spatial/easy_landmark_maze_control_20260923/ELM_CTRL_WAYPOINT_F64_DDQN_HER_S99/policy_00/snapshot_target_000050000000_actual_000050003968.npz,2,0.30000001192092896,1,1,55,4.6155571937561035,1.0,0,0
ELM_CTRL_WAYPOINT_F64_DDQN_HER_S99,0,50000000,50003968,/work/classic/fr_xl1014-easy-landmark-maze/IntrMotiv/SF_hipposlam/train_dir/analysis/online_spatial/easy_landmark_maze_control_20260923/ELM_CTRL_WAYPOINT_F64_DDQN_HER_S99/policy_00/snapshot_target_000050000000_actual_000050003968.npz,3,0.30000001192092896,1,1,22,0.0847388505935669,1.0,7,4
ELM_CTRL_WAYPOINT_F64_DDQN_HER_S99,0,50000000,50003968,/work/classic/fr_xl1014-easy-landmark-maze/IntrMotiv/SF_hipposlam/train_dir/analysis/online_spatial/easy_landmark_maze_control_20260923/ELM_CTRL_WAYPOINT_F64_DDQN_HER_S99/policy_00/snapshot_target_000050000000_actual_000050003968.npz,4,0.30000001192092896,1,1,18,0.061506010591983795,1.0,7,4
ELM_CTRL_WAYPOINT_F64_DDQN_HER_S99,0,50000000,50003968,/work/classic/fr_xl1014-easy-landmark-maze/IntrMotiv/SF_hipposlam/train_dir/analysis/online_spatial/easy_landmark_maze_control_20260923/ELM_CTRL_WAYPOINT_F64_DDQN_HER_S99/policy_00/snapshot_target_000050000000_actual_000050003968.npz,5,0.30000001192092896,1,1,32,3.1528513431549072,0.9554894424522333,3,8
ELM_CTRL_WAYPOINT_F64_DDQN_HER_S99,0,50000000,50003968,/work/classic/fr_xl1014-easy-landmark-maze/IntrMotiv/SF_hipposlam/train_dir/analysis/online_spatial/easy_landmark_maze_control_20260923/ELM_CTRL_WAYPOINT_F64_DDQN_HER_S99/policy_00/snapshot_target_000050000000_actual_000050003968.npz,5,0.30000001192092896,2,2,2,0.14687255024909973,0.044510557547766665,6,2
ELM_CTRL_WAYPOINT_F64_DDQN_HER_S99,0,50000000,50003968,/work/classic/fr_xl1014-easy-landmark-maze/IntrMotiv/SF_hipposlam/train_dir/analysis/online_spatial/easy_landmark_maze_control_20260923/ELM_CTRL_WAYPOINT_F64_DDQN_HER_S99/policy_00/snapshot_target_000050000000_actual_000050003968.npz,6,0.30000001192092896,1,1,32,0.08717620372772217,1.0,5,3
ELM_CTRL_WAYPOINT_F64_DDQN_HER_S99,0,50000000,50003968,/work/classic/fr_xl1014-easy-landmark-maze/IntrMotiv/SF_hipposlam/train_dir/analysis/online_spatial/easy_landmark_maze_control_20260923/ELM_CTRL_WAYPOINT_F64_DDQN_HER_S99/policy_00/snapshot_target_000050000000_actual_000050003968.npz,7,0.30000001192092896,1,1,38,0.08409562706947327,1.0,8,4
ELM_CTRL_WAYPOINT_F64_DDQN_HER_S99,0,50000000,50003968,/work/classic/fr_xl1014-easy-landmark-maze/IntrMotiv/SF_hipposlam/train_dir/analysis/online_spatial/easy_landmark_maze_control_20260923/ELM_CTRL_WAYPOINT_F64_DDQN_HER_S99/policy_00/snapshot_target_000050000000_actual_000050003968.npz,8,0.30000001192092896,4,1,3,0.0061535704880952835,0.2933843082781439,8,8
ELM_CTRL_WAYPOINT_F64_DDQN_HER_S99,0,50000000,50003968,/work/classic/fr_xl1014-easy-landmark-maze/IntrMotiv/SF_hipposlam/train_dir/analysis/online_spatial/easy_landmark_maze_control_20260923/ELM_CTRL_WAYPOINT_F64_DDQN_HER_S99/policy_00/snapshot_target_000050000000_actual_000050003968.npz,8,0.30000001192092896,1,2,3,0.0057596140541136265,0.2746016135647193,0,0
ELM_CTRL_WAYPOINT_F64_DDQN_HER_S99,0,50000000,50003968,/work/classic/fr_xl1014-easy-landmark-maze/IntrMotiv/SF_hipposlam/train_dir/analysis/online_spatial/easy_landmark_maze_control_20260923/ELM_CTRL_WAYPOINT_F64_DDQN_HER_S99/policy_00/snapshot_target_000050000000_actual_000050003968.npz,8,0.30000001192092896,2,3,3,0.004574893042445183,0.21811756821521763,8,0
ELM_CTRL_WAYPOINT_F64_DDQN_HER_S99,0,50000000,50003968,/work/classic/fr_xl1014-easy-landmark-maze/IntrMotiv/SF_hipposlam/train_dir/analysis/online_spatial/easy_landmark_maze_control_20260923/ELM_CTRL_WAYPOINT_F64_DDQN_HER_S99/policy_00/snapshot_target_000050000000_actual_000050003968.npz,8,0.30000001192092896,3,4,3,0.0044863587245345116,0.21389650994191922,0,8
ELM_CTRL_WAYPOINT_F64_DDQN_HER_S99,0,50000000,50003968,/work/classic/fr_xl1014-easy-landmark-maze/IntrMotiv/SF_hipposlam/train_dir/analysis/online_spatial/easy_landmark_maze_control_20260923/ELM_CTRL_WAYPOINT_F64_DDQN_HER_S99/policy_00/snapshot_target_000050000000_actual_000050003968.npz,9,0.30000001192092896,1,1,40,5.336480140686035,1.0,4,3
ELM_CTRL_WAYPOINT_F64_DDQN_HER_S99,0,50000000,50003968,/work/classic/fr_xl1014-easy-landmark-maze/IntrMotiv/SF_hipposlam/train_dir/analysis/online_spatial/easy_landmark_maze_control_20260923/ELM_CTRL_WAYPOINT_F64_DDQN_HER_S99/policy_00/snapshot_target_000050000000_actual_000050003968.npz,10,0.30000001192092896,1,1,38,3.9131152629852295,1.0,6,3
ELM_CTRL_WAYPOINT_F64_DDQN_HER_S99,0,50000000,50003968,/work/classic/fr_xl1014-easy-landmark-maze/IntrMotiv/SF_hipposlam/train_dir/analysis/online_spatial/easy_landmark_maze_control_20260923/ELM_CTRL_WAYPOINT_F64_DDQN_HER_S99/policy_00/snapshot_target_000050000000_actual_000050003968.npz,11,0.30000001192092896,1,1,28,3.731680154800415,0.9088183167425756,0,4
ELM_CTRL_WAYPOINT_F64_DDQN_HER_S99,0,50000000,50003968,/work/classic/fr_xl1014-easy-landmark-maze/IntrMotiv/SF_hipposlam/train_dir/analysis/online_spatial/easy_landmark_maze_control_20260923/ELM_CTRL_WAYPOINT_F64_DDQN_HER_S99/policy_00/snapshot_target_000050000000_actual_000050003968.npz,11,0.30000001192092896,3,2,3,0.22889111936092377,0.05574444571497432,7,0
ELM_CTRL_WAYPOINT_F64_DDQN_HER_S99,0,50000000,50003968,/work/classic/fr_xl1014-easy-landmark-maze/IntrMotiv/SF_hipposlam/train_dir/analysis/online_spatial/easy_landmark_maze_control_20260923/ELM_CTRL_WAYPOINT_F64_DDQN_HER_S99/policy_00/snapshot_target_000050000000_actual_000050003968.npz,11,0.30000001192092896,2,3,2,0.14550811052322388,0.035437237542450026,3,0
ELM_CTRL_WAYPOINT_F64_DDQN_HER_S99,0,50000000,50003968,/work/classic/fr_xl1014-easy-landmark-maze/IntrMotiv/SF_hipposlam/train_dir/analysis/online_spatial/easy_landmark_maze_control_20260923/ELM_CTRL_WAYPOINT_F64_DDQN_HER_S99/policy_00/snapshot_target_000050000000_actual_000050003968.npz,12,0.30000001192092896,2,1,24,0.06361123919487,0.9491232162233895,6,6
ELM_CTRL_WAYPOINT_F64_DDQN_HER_S99,0,50000000,50003968,/work/classic/fr_xl1014-easy-landmark-maze/IntrMotiv/SF_hipposlam/train_dir/analysis/online_spatial/easy_landmark_maze_control_20260923/ELM_CTRL_WAYPOINT_F64_DDQN_HER_S99/policy_00/snapshot_target_000050000000_actual_000050003968.npz,12,0.30000001192092896,1,2,2,0.0034098157193511724,0.050876783776610555,2,0
ELM_CTRL_WAYPOINT_F64_DDQN_HER_S99,0,50000000,50003968,/work/classic/fr_xl1014-easy-landmark-maze/IntrMotiv/SF_hipposlam/train_dir/analysis/online_spatial/easy_landmark_maze_control_20260923/ELM_CTRL_WAYPOINT_F64_DDQN_HER_S99/policy_00/snapshot_target_000050000000_actual_000050003968.npz,13,0.30000001192092896,1,1,55,0.4117913842201233,1.0,0,0
ELM_CTRL_WAYPOINT_F64_DDQN_HER_S99,0,50000000,50003968,/work/classic/fr_xl1014-easy-landmark-maze/IntrMotiv/SF_hipposlam/train_dir/analysis/online_spatial/easy_landmark_maze_control_20260923/ELM_CTRL_WAYPOINT_F64_DDQN_HER_S99/policy_00/snapshot_target_000050000000_actual_000050003968.npz,14,0.30000001192092896,1,1,11,0.02768857218325138,0.7344154175772943,3,0
ELM_CTRL_WAYPOINT_F64_DDQN_HER_S99,0,50000000,50003968,/work/classic/fr_xl1014-easy-landmark-maze/IntrMotiv/SF_hipposlam/train_dir/analysis/online_spatial/easy_landmark_maze_control_20260923/ELM_CTRL_WAYPOINT_F64_DDQN_HER_S99/policy_00/snapshot_target_000050000000_actual_000050003968.npz,14,0.30000001192092896,2,2,6,0.010012940503656864,0.2655845824227056,6,8
ELM_CTRL_WAYPOINT_F64_DDQN_HER_S99,0,50000000,50003968,/work/classic/fr_xl1014-easy-landmark-maze/IntrMotiv/SF_hipposlam/train_dir/analysis/online_spatial/easy_landmark_maze_control_20260923/ELM_CTRL_WAYPOINT_F64_DDQN_HER_S99/policy_00/snapshot_target_000050000000_actual_000050003968.npz,15,0.30000001192092896,1,1,20,0.07092506438493729,1.0,8,4
ELM_CTRL_WAYPOINT_F64_DDQN_HER_S99,0,50000000,50003968,/work/classic/fr_xl1014-easy-landmark-maze/IntrMotiv/SF_hipposlam/train_dir/analysis/online_spatial/easy_landmark_maze_control_20260923/ELM_CTRL_WAYPOINT_F64_DDQN_HER_S99/policy_00/snapshot_target_000050000000_actual_000050003968.npz,16,0.30000001192092896,1,1,20,0.07438446581363678,1.0,8,5
ELM_CTRL_WAYPOINT_F64_DDQN_HER_S99,0,50000000,50003968,/work/classic/fr_xl1014-easy-landmark-maze/IntrMotiv/SF_hipposlam/train_dir/analysis/online_spatial/easy_landmark_maze_control_20260923/ELM_CTRL_WAYPOINT_F64_DDQN_HER_S99/policy_00/snapshot_target_000050000000_actual_000050003968.npz,17,0.30000001192092896,1,1,12,0.06011030822992325,1.0,8,4
ELM_CTRL_WAYPOINT_F64_DDQN_HER_S99,0,50000000,50003968,/work/classic/fr_xl1014-easy-landmark-maze/IntrMotiv/SF_hipposlam/train_dir/analysis/online_spatial/easy_landmark_maze_control_20260923/ELM_CTRL_WAYPOINT_F64_DDQN_HER_S99/policy_00/snapshot_target_000050000000_actual_000050003968.npz,18,0.30000001192092896,2,1,20,0.05274629592895508,0.9491086862084526,1,8
ELM_CTRL_WAYPOINT_F64_DDQN_HER_S99,0,50000000,50003968,/work/classic/fr_xl1014-easy-landmark-maze/IntrMotiv/SF_hipposlam/train_dir/analysis/online_spatial/easy_landmark_maze_control_20260923/ELM_CTRL_WAYPOINT_F64_DDQN_HER_S99/policy_00/snapshot_target_000050000000_actual_000050003968.npz,18,0.30000001192092896,1,2,2,0.0028282622806727886,0.050891313791547405,2,0
ELM_CTRL_WAYPOINT_F64_DDQN_HER_S99,0,50000000,50003968,/work/classic/fr_xl1014-easy-landmark-maze/IntrMotiv/SF_hipposlam/train_dir/analysis/online_spatial/easy_landmark_maze_control_20260923/ELM_CTRL_WAYPOINT_F64_DDQN_HER_S99/policy_00/snapshot_target_000050000000_actual_000050003968.npz,19,0.30000001192092896,1,1,10,0.01919948123395443,0.4964256524463259,3,0
ELM_CTRL_WAYPOINT_F64_DDQN_HER_S99,0,50000000,50003968,/work/classic/fr_xl1014-easy-landmark-maze/IntrMotiv/SF_hipposlam/train_dir/analysis/online_spatial/easy_landmark_maze_control_20260923/ELM_CTRL_WAYPOINT_F64_DDQN_HER_S99/policy_00/snapshot_target_000050000000_actual_000050003968.npz,19,0.30000001192092896,2,2,8,0.012002657167613506,0.31034312036434514,0,7
ELM_CTRL_WAYPOINT_F64_DDQN_HER_S99,0,50000000,50003968,/work/classic/fr_xl1014-easy-landmark-maze/IntrMotiv/SF_hipposlam/train_dir/analysis/online_spatial/easy_landmark_maze_control_20260923/ELM_CTRL_WAYPOINT_F64_DDQN_HER_S99/policy_00/snapshot_target_000050000000_actual_000050003968.npz,19,0.30000001192092896,3,3,5,0.007473303005099297,0.19323122718932897,8,8
ELM_CTRL_WAYPOINT_F64_DDQN_HER_S99,0,50000000,50003968,/work/classic/fr_xl1014-easy-landmark-maze/IntrMotiv/SF_hipposlam/train_dir/analysis/online_spatial/easy_landmark_maze_control_20260923/ELM_CTRL_WAYPOINT_F64_DDQN_HER_S99/policy_00/snapshot_target_000050000000_actual_000050003968.npz,20,0.30000001192092896,1,1,8,0.07705855369567871,1.0,8,3
ELM_CTRL_WAYPOINT_F64_DDQN_HER_S99,0,50000000,50003968,/work/classic/fr_xl1014-easy-landmark-maze/IntrMotiv/SF_hipposlam/train_dir/analysis/online_spatial/easy_landmark_maze_control_20260923/ELM_CTRL_WAYPOINT_F64_DDQN_HER_S99/policy_00/snapshot_target_000050000000_actual_000050003968.npz,21,0.30000001192092896,1,1,59,4.755980491638184,1.0,8,8
ELM_CTRL_WAYPOINT_F64_DDQN_HER_S99,0,50000000,50003968,/work/classic/fr_xl1014-easy-landmark-maze/IntrMotiv/SF_hipposlam/train_dir/analysis/online_spatial/easy_landmark_maze_control_20260923/ELM_CTRL_WAYPOINT_F64_DDQN_HER_S99/policy_00/snapshot_target_000050000000_actual_000050003968.npz,22,0.30000001192092896,1,1,34,2.9418301582336426,0.9556789188351343,4,6
ELM_CTRL_WAYPOINT_F64_DDQN_HER_S99,0,50000000,50003968,/work/classic/fr_xl1014-easy-landmark-maze/IntrMotiv/SF_hipposlam/train_dir/analysis/online_spatial/easy_landmark_maze_control_20260923/ELM_CTRL_WAYPOINT_F64_DDQN_HER_S99/policy_00/snapshot_target_000050000000_actual_000050003968.npz,22,0.30000001192092896,2,2,2,0.13643190264701843,0.04432108116486567,8,7
ELM_CTRL_WAYPOINT_F64_DDQN_HER_S99,0,50000000,50003968,/work/classic/fr_xl1014-easy-landmark-maze/IntrMotiv/SF_hipposlam/train_dir/analysis/online_spatial/easy_landmark_maze_control_20260923/ELM_CTRL_WAYPOINT_F64_DDQN_HER_S99/policy_00/snapshot_target_000050000000_actual_000050003968.npz,23,0.30000001192092896,4,1,3,0.005957953631877899,0.28793785194842003,8,8
ELM_CTRL_WAYPOINT_F64_DDQN_HER_S99,0,50000000,50003968,/work/classic/fr_xl1014-easy-landmark-maze/IntrMotiv/SF_hipposlam/train_dir/analysis/online_spatial/easy_landmark_maze_control_20260923/ELM_CTRL_WAYPOINT_F64_DDQN_HER_S99/policy_00/snapshot_target_000050000000_actual_000050003968.npz,23,0.30000001192092896,2,2,3,0.005629162769764662,0.27204794403261856,8,0
ELM_CTRL_WAYPOINT_F64_DDQN_HER_S99,0,50000000,50003968,/work/classic/fr_xl1014-easy-landmark-maze/IntrMotiv/SF_hipposlam/train_dir/analysis/online_spatial/easy_landmark_maze_control_20260923/ELM_CTRL_WAYPOINT_F64_DDQN_HER_S99/policy_00/snapshot_target_000050000000_actual_000050003968.npz,23,0.30000001192092896,3,3,3,0.0048206401988863945,0.23297341161852114,0,8
ELM_CTRL_WAYPOINT_F64_DDQN_HER_S99,0,50000000,50003968,/work/classic/fr_xl1014-easy-landmark-maze/IntrMotiv/SF_hipposlam/train_dir/analysis/online_spatial/easy_landmark_maze_control_20260923/ELM_CTRL_WAYPOINT_F64_DDQN_HER_S99/policy_00/snapshot_target_000050000000_actual_000050003968.npz,23,0.30000001192092896,1,4,3,0.004284047521650791,0.20704079240044027,0,0
ELM_CTRL_WAYPOINT_F64_DDQN_HER_S99,0,50000000,50003968,/work/classic/fr_xl1014-easy-landmark-maze/IntrMotiv/SF_hipposlam/train_dir/analysis/online_spatial/easy_landmark_maze_control_20260923/ELM_CTRL_WAYPOINT_F64_DDQN_HER_S99/policy_00/snapshot_target_000050000000_actual_000050003968.npz,24,0.30000001192092896,3,1,20,0.013189686462283134,0.7088961354549864,0,4
ELM_CTRL_WAYPOINT_F64_DDQN_HER_S99,0,50000000,50003968,/work/classic/fr_xl1014-easy-landmark-maze/IntrMotiv/SF_hipposlam/train_dir/analysis/online_spatial/easy_landmark_maze_control_20260923/ELM_CTRL_WAYPOINT_F64_DDQN_HER_S99/policy_00/snapshot_target_000050000000_actual_000050003968.npz,24,0.30000001192092896,4,2,6,0.0031814263202250004,0.1709897221659876,8,5
ELM_CTRL_WAYPOINT_F64_DDQN_HER_S99,0,50000000,50003968,/work/classic/fr_xl1014-easy-landmark-maze/IntrMotiv/SF_hipposlam/train_dir/analysis/online_spatial/easy_landmark_maze_control_20260923/ELM_CTRL_WAYPOINT_F64_DDQN_HER_S99/policy_00/snapshot_target_000050000000_actual_000050003968.npz,24,0.30000001192092896,1,3,3,0.0016763012390583754,0.09009489904289877,4,0
ELM_CTRL_WAYPOINT_F64_DDQN_HER_S99,0,50000000,50003968,/work/classic/fr_xl1014-easy-landmark-maze/IntrMotiv/SF_hipposlam/train_dir/analysis/online_spatial/easy_landmark_maze_control_20260923/ELM_CTRL_WAYPOINT_F64_DDQN_HER_S99/policy_00/snapshot_target_000050000000_actual_000050003968.npz,24,0.30000001192092896,2,4,1,0.0005585365579463542,0.03001924333612723,8,0
ELM_CTRL_WAYPOINT_F64_DDQN_HER_S99,0,50000000,50003968,/work/classic/fr_xl1014-easy-landmark-maze/IntrMotiv/SF_hipposlam/train_dir/analysis/online_spatial/easy_landmark_maze_control_20260923/ELM_CTRL_WAYPOINT_F64_DDQN_HER_S99/policy_00/snapshot_target_000050000000_actual_000050003968.npz,25,0.30000001192092896,1,1,37,4.3689727783203125,1.0,0,6
ELM_CTRL_WAYPOINT_F64_DDQN_HER_S99,0,50000000,50003968,/work/classic/fr_xl1014-easy-landmark-maze/IntrMotiv/SF_hipposlam/train_dir/analysis/online_spatial/easy_landmark_maze_control_20260923/ELM_CTRL_WAYPOINT_F64_DDQN_HER_S99/policy_00/snapshot_target_000050000000_actual_000050003968.npz,26,0.30000001192092896,1,1,28,0.08249974995851517,1.0,6,4
ELM_CTRL_WAYPOINT_F64_DDQN_HER_S99,0,50000000,50003968,/work/classic/fr_xl1014-easy-landmark-maze/IntrMotiv/SF_hipposlam/train_dir/analysis/online_spatial/easy_landmark_maze_control_20260923/ELM_CTRL_WAYPOINT_F64_DDQN_HER_S99/policy_00/snapshot_target_000050000000_actual_000050003968.npz,27,0.30000001192092896,4,1,3,0.396218478679657,0.3056070817778922,8,8
ELM_CTRL_WAYPOINT_F64_DDQN_HER_S99,0,50000000,50003968,/work/classic/fr_xl1014-easy-landmark-maze/IntrMotiv/SF_hipposlam/train_dir/analysis/online_spatial/easy_landmark_maze_control_20260923/ELM_CTRL_WAYPOINT_F64_DDQN_HER_S99/policy_00/snapshot_target_000050000000_actual_000050003968.npz,27,0.30000001192092896,3,2,4,0.37530675530433655,0.28947767060813917,0,8
ELM_CTRL_WAYPOINT_F64_DDQN_HER_S99,0,50000000,50003968,/work/classic/fr_xl1014-easy-landmark-maze/IntrMotiv/SF_hipposlam/train_dir/analysis/online_spatial/easy_landmark_maze_control_20260923/ELM_CTRL_WAYPOINT_F64_DDQN_HER_S99/policy_00/snapshot_target_000050000000_actual_000050003968.npz,27,0.30000001192092896,2,3,3,0.26327046751976013,0.20306301605399144,8,0
ELM_CTRL_WAYPOINT_F64_DDQN_HER_S99,0,50000000,50003968,/work/classic/fr_xl1014-easy-landmark-maze/IntrMotiv/SF_hipposlam/train_dir/analysis/online_spatial/easy_landmark_maze_control_20260923/ELM_CTRL_WAYPOINT_F64_DDQN_HER_S99/policy_00/snapshot_target_000050000000_actual_000050003968.npz,27,0.30000001192092896,1,4,3,0.26170068979263306,0.2018522315599772,0,0
ELM_CTRL_WAYPOINT_F64_DDQN_HER_S99,0,50000000,50003968,/work/classic/fr_xl1014-easy-landmark-maze/IntrMotiv/SF_hipposlam/train_dir/analysis/online_spatial/easy_landmark_maze_control_20260923/ELM_CTRL_WAYPOINT_F64_DDQN_HER_S99/policy_00/snapshot_target_000050000000_actual_000050003968.npz,28,0.30000001192092896,4,1,3,0.006119644735008478,0.43682797694857894,8,8
ELM_CTRL_WAYPOINT_F64_DDQN_HER_S99,0,50000000,50003968,/work/classic/fr_xl1014-easy-landmark-maze/IntrMotiv/SF_hipposlam/train_dir/analysis/online_spatial/easy_landmark_maze_control_20260923/ELM_CTRL_WAYPOINT_F64_DDQN_HER_S99/policy_00/snapshot_target_000050000000_actual_000050003968.npz,28,0.30000001192092896,3,2,4,0.005874014459550381,0.41929457738832915,0,8
ELM_CTRL_WAYPOINT_F64_DDQN_HER_S99,0,50000000,50003968,/work/classic/fr_xl1014-easy-landmark-maze/IntrMotiv/SF_hipposlam/train_dir/analysis/online_spatial/easy_landmark_maze_control_20260923/ELM_CTRL_WAYPOINT_F64_DDQN_HER_S99/policy_00/snapshot_target_000050000000_actual_000050003968.npz,28,0.30000001192092896,1,3,1,0.0010597570799291134,0.07564679999054337,0,0
ELM_CTRL_WAYPOINT_F64_DDQN_HER_S99,0,50000000,50003968,/work/classic/fr_xl1014-easy-landmark-maze/IntrMotiv/SF_hipposlam/train_dir/analysis/online_spatial/easy_landmark_maze_control_20260923/ELM_CTRL_WAYPOINT_F64_DDQN_HER_S99/policy_00/snapshot_target_000050000000_actual_000050003968.npz,28,0.30000001192092896,2,4,1,0.0009558621095493436,0.06823064567254855,3,0
ELM_CTRL_WAYPOINT_F64_DDQN_HER_S99,0,50000000,50003968,/work/classic/fr_xl1014-easy-landmark-maze/IntrMotiv/SF_hipposlam/train_dir/analysis/online_spatial/easy_landmark_maze_control_20260923/ELM_CTRL_WAYPOINT_F64_DDQN_HER_S99/policy_00/snapshot_target_000050000000_actual_000050003968.npz,29,0.30000001192092896,1,1,21,3.3841054439544678,0.7483435203154333,0,8
ELM_CTRL_WAYPOINT_F64_DDQN_HER_S99,0,50000000,50003968,/work/classic/fr_xl1014-easy-landmark-maze/IntrMotiv/SF_hipposlam/train_dir/analysis/online_spatial/easy_landmark_maze_control_20260923/ELM_CTRL_WAYPOINT_F64_DDQN_HER_S99/policy_00/snapshot_target_000050000000_actual_000050003968.npz,29,0.30000001192092896,3,2,5,0.5693826079368591,0.12591031582394874,8,6
ELM_CTRL_WAYPOINT_F64_DDQN_HER_S99,0,50000000,50003968,/work/classic/fr_xl1014-easy-landmark-maze/IntrMotiv/SF_hipposlam/train_dir/analysis/online_spatial/easy_landmark_maze_control_20260923/ELM_CTRL_WAYPOINT_F64_DDQN_HER_S99/policy_00/snapshot_target_000050000000_actual_000050003968.npz,29,0.30000001192092896,2,3,6,0.5686402916908264,0.125746163860618,4,0
ELM_CTRL_WAYPOINT_F64_DDQN_HER_S99,0,50000000,50003968,/work/classic/fr_xl1014-easy-landmark-maze/IntrMotiv/SF_hipposlam/train_dir/analysis/online_spatial/easy_landmark_maze_control_20260923/ELM_CTRL_WAYPOINT_F64_DDQN_HER_S99/policy_00/snapshot_target_000050000000_actual_000050003968.npz,30,0.30000001192092896,1,1,60,3.365285873413086,1.0,5,8
ELM_CTRL_WAYPOINT_F64_DDQN_HER_S99,0,50000000,50003968,/work/classic/fr_xl1014-easy-landmark-maze/IntrMotiv/SF_hipposlam/train_dir/analysis/online_spatial/easy_landmark_maze_control_20260923/ELM_CTRL_WAYPOINT_F64_DDQN_HER_S99/policy_00/snapshot_target_000050000000_actual_000050003968.npz,31,0.30000001192092896,1,1,21,0.02522939071059227,0.5505129146076849,3,0
ELM_CTRL_WAYPOINT_F64_DDQN_HER_S99,0,50000000,50003968,/work/classic/fr_xl1014-easy-landmark-maze/IntrMotiv/SF_hipposlam/train_dir/analysis/online_spatial/easy_landmark_maze_control_20260923/ELM_CTRL_WAYPOINT_F64_DDQN_HER_S99/policy_00/snapshot_target_000050000000_actual_000050003968.npz,31,0.30000001192092896,2,2,23,0.0205994900316,0.449487085392315,4,7
ELM_CTRL_WAYPOINT_F64_DDQN_HER_S99,0,50000000,50003968,/work/classic/fr_xl1014-easy-landmark-maze/IntrMotiv/SF_hipposlam/train_dir/analysis/online_spatial/easy_landmark_maze_control_20260923/ELM_CTRL_WAYPOINT_F64_DDQN_HER_S99/policy_00/snapshot_target_000050000000_actual_000050003968.npz,32,0.30000001192092896,1,1,32,0.23252031207084656,1.0,2,5
ELM_CTRL_WAYPOINT_F64_DDQN_HER_S99,0,50000000,50003968,/work/classic/fr_xl1014-easy-landmark-maze/IntrMotiv/SF_hipposlam/train_dir/analysis/online_spatial/easy_landmark_maze_control_20260923/ELM_CTRL_WAYPOINT_F64_DDQN_HER_S99/policy_00/snapshot_target_000050000000_actual_000050003968.npz,33,0.30000001192092896,1,1,69,5.170653820037842,1.0,4,6
ELM_CTRL_WAYPOINT_F64_DDQN_HER_S99,0,50000000,50003968,/work/classic/fr_xl1014-easy-landmark-maze/IntrMotiv/SF_hipposlam/train_dir/analysis/online_spatial/easy_landmark_maze_control_20260923/ELM_CTRL_WAYPOINT_F64_DDQN_HER_S99/policy_00/snapshot_target_000050000000_actual_000050003968.npz,34,0.30000001192092896,1,1,43,0.04832319915294647,1.0,5,8
ELM_CTRL_WAYPOINT_F64_DDQN_HER_S99,0,50000000,50003968,/work/classic/fr_xl1014-easy-landmark-maze/IntrMotiv/SF_hipposlam/train_dir/analysis/online_spatial/easy_landmark_maze_control_20260923/ELM_CTRL_WAYPOINT_F64_DDQN_HER_S99/policy_00/snapshot_target_000050000000_actual_000050003968.npz,35,0.30000001192092896,1,1,36,0.07689256966114044,0.8565587532192758,2,0
ELM_CTRL_WAYPOINT_F64_DDQN_HER_S99,0,50000000,50003968,/work/classic/fr_xl1014-easy-landmark-maze/IntrMotiv/SF_hipposlam/train_dir/analysis/online_spatial/easy_landmark_maze_control_20260923/ELM_CTRL_WAYPOINT_F64_DDQN_HER_S99/policy_00/snapshot_target_000050000000_actual_000050003968.npz,35,0.30000001192092896,2,2,8,0.0128766018897295,0.14344124678072417,4,7
ELM_CTRL_WAYPOINT_F64_DDQN_HER_S99,0,50000000,50003968,/work/classic/fr_xl1014-easy-landmark-maze/IntrMotiv/SF_hipposlam/train_dir/analysis/online_spatial/easy_landmark_maze_control_20260923/ELM_CTRL_WAYPOINT_F64_DDQN_HER_S99/policy_00/snapshot_target_000050000000_actual_000050003968.npz,36,0.30000001192092896,1,1,30,0.07104004174470901,1.0,8,4
ELM_CTRL_WAYPOINT_F64_DDQN_HER_S99,0,50000000,50003968,/work/classic/fr_xl1014-easy-landmark-maze/IntrMotiv/SF_hipposlam/train_dir/analysis/online_spatial/easy_landmark_maze_control_20260923/ELM_CTRL_WAYPOINT_F64_DDQN_HER_S99/policy_00/snapshot_target_000050000000_actual_000050003968.npz,37,0.30000001192092896,1,1,34,5.235807418823242,1.0,5,0
ELM_CTRL_WAYPOINT_F64_DDQN_HER_S99,0,50000000,50003968,/work/classic/fr_xl1014-easy-landmark-maze/IntrMotiv/SF_hipposlam/train_dir/analysis/online_spatial/easy_landmark_maze_control_20260923/ELM_CTRL_WAYPOINT_F64_DDQN_HER_S99/policy_00/snapshot_target_000050000000_actual_000050003968.npz,38,0.30000001192092896,1,1,22,0.08082015067338943,1.0,7,4
ELM_CTRL_WAYPOINT_F64_DDQN_HER_S99,0,50000000,50003968,/work/classic/fr_xl1014-easy-landmark-maze/IntrMotiv/SF_hipposlam/train_dir/analysis/online_spatial/easy_landmark_maze_control_20260923/ELM_CTRL_WAYPOINT_F64_DDQN_HER_S99/policy_00/snapshot_target_000050000000_actual_000050003968.npz,39,0.30000001192092896,4,1,11,1.0471820831298828,0.4288446399912126,0,7
ELM_CTRL_WAYPOINT_F64_DDQN_HER_S99,0,50000000,50003968,/work/classic/fr_xl1014-easy-landmark-maze/IntrMotiv/SF_hipposlam/train_dir/analysis/online_spatial/easy_landmark_maze_control_20260923/ELM_CTRL_WAYPOINT_F64_DDQN_HER_S99/policy_00/snapshot_target_000050000000_actual_000050003968.npz,39,0.30000001192092896,2,2,5,0.5656698942184448,0.23165455754831543,8,2
ELM_CTRL_WAYPOINT_F64_DDQN_HER_S99,0,50000000,50003968,/work/classic/fr_xl1014-easy-landmark-maze/IntrMotiv/SF_hipposlam/train_dir/analysis/online_spatial/easy_landmark_maze_control_20260923/ELM_CTRL_WAYPOINT_F64_DDQN_HER_S99/policy_00/snapshot_target_000050000000_actual_000050003968.npz,39,0.30000001192092896,5,3,4,0.45647114515304565,0.18693521123322612,8,8
ELM_CTRL_WAYPOINT_F64_DDQN_HER_S99,0,50000000,50003968,/work/classic/fr_xl1014-easy-landmark-maze/IntrMotiv/SF_hipposlam/train_dir/analysis/online_spatial/easy_landmark_maze_control_20260923/ELM_CTRL_WAYPOINT_F64_DDQN_HER_S99/policy_00/snapshot_target_000050000000_actual_000050003968.npz,39,0.30000001192092896,1,4,3,0.18768267333507538,0.0768602803424645,4,0
ELM_CTRL_WAYPOINT_F64_DDQN_HER_S99,0,50000000,50003968,/work/classic/fr_xl1014-easy-landmark-maze/IntrMotiv/SF_hipposlam/train_dir/analysis/online_spatial/easy_landmark_maze_control_20260923/ELM_CTRL_WAYPOINT_F64_DDQN_HER_S99/policy_00/snapshot_target_000050000000_actual_000050003968.npz,39,0.30000001192092896,3,5,2,0.1848623901605606,0.07570531088478132,0,3
ELM_CTRL_WAYPOINT_F64_DDQN_HER_S99,0,50000000,50003968,/work/classic/fr_xl1014-easy-landmark-maze/IntrMotiv/SF_hipposlam/train_dir/analysis/online_spatial/easy_landmark_maze_control_20260923/ELM_CTRL_WAYPOINT_F64_DDQN_HER_S99/policy_00/snapshot_target_000050000000_actual_000050003968.npz,40,0.30000001192092896,1,1,31,0.07615694403648376,1.0,4,4
ELM_CTRL_WAYPOINT_F64_DDQN_HER_S99,0,50000000,50003968,/work/classic/fr_xl1014-easy-landmark-maze/IntrMotiv/SF_hipposlam/train_dir/analysis/online_spatial/easy_landmark_maze_control_20260923/ELM_CTRL_WAYPOINT_F64_DDQN_HER_S99/policy_00/snapshot_target_000050000000_actual_000050003968.npz,41,0.30000001192092896,1,1,19,0.06347006559371948,1.0,8,4
ELM_CTRL_WAYPOINT_F64_DDQN_HER_S99,0,50000000,50003968,/work/classic/fr_xl1014-easy-landmark-maze/IntrMotiv/SF_hipposlam/train_dir/analysis/online_spatial/easy_landmark_maze_control_20260923/ELM_CTRL_WAYPOINT_F64_DDQN_HER_S99/policy_00/snapshot_target_000050000000_actual_000050003968.npz,42,0.30000001192092896,1,1,39,3.9656317234039307,1.0,0,3
ELM_CTRL_WAYPOINT_F64_DDQN_HER_S99,0,50000000,50003968,/work/classic/fr_xl1014-easy-landmark-maze/IntrMotiv/SF_hipposlam/train_dir/analysis/online_spatial/easy_landmark_maze_control_20260923/ELM_CTRL_WAYPOINT_F64_DDQN_HER_S99/policy_00/snapshot_target_000050000000_actual_000050003968.npz,43,0.30000001192092896,1,1,42,0.0628250315785408,1.0,4,3
ELM_CTRL_WAYPOINT_F64_DDQN_HER_S99,0,50000000,50003968,/work/classic/fr_xl1014-easy-landmark-maze/IntrMotiv/SF_hipposlam/train_dir/analysis/online_spatial/easy_landmark_maze_control_20260923/ELM_CTRL_WAYPOINT_F64_DDQN_HER_S99/policy_00/snapshot_target_000050000000_actual_000050003968.npz,44,0.30000001192092896,1,1,19,0.08598343282938004,1.0,8,5
ELM_CTRL_WAYPOINT_F64_DDQN_HER_S99,0,50000000,50003968,/work/classic/fr_xl1014-easy-landmark-maze/IntrMotiv/SF_hipposlam/train_dir/analysis/online_spatial/easy_landmark_maze_control_20260923/ELM_CTRL_WAYPOINT_F64_DDQN_HER_S99/policy_00/snapshot_target_000050000000_actual_000050003968.npz,45,0.30000001192092896,1,1,24,0.09382525086402893,1.0,7,4
ELM_CTRL_WAYPOINT_F64_DDQN_HER_S99,0,50000000,50003968,/work/classic/fr_xl1014-easy-landmark-maze/IntrMotiv/SF_hipposlam/train_dir/analysis/online_spatial/easy_landmark_maze_control_20260923/ELM_CTRL_WAYPOINT_F64_DDQN_HER_S99/policy_00/snapshot_target_000050000000_actual_000050003968.npz,46,0.30000001192092896,2,1,23,0.05712694674730301,0.9728199027778669,4,2
ELM_CTRL_WAYPOINT_F64_DDQN_HER_S99,0,50000000,50003968,/work/classic/fr_xl1014-easy-landmark-maze/IntrMotiv/SF_hipposlam/train_dir/analysis/online_spatial/easy_landmark_maze_control_20260923/ELM_CTRL_WAYPOINT_F64_DDQN_HER_S99/policy_00/snapshot_target_000050000000_actual_000050003968.npz,46,0.30000001192092896,1,2,1,0.0015960980672389269,0.027180097222133066,0,0
ELM_CTRL_WAYPOINT_F64_DDQN_HER_S99,0,50000000,50003968,/work/classic/fr_xl1014-easy-landmark-maze/IntrMotiv/SF_hipposlam/train_dir/analysis/online_spatial/easy_landmark_maze_control_20260923/ELM_CTRL_WAYPOINT_F64_DDQN_HER_S99/policy_00/snapshot_target_000050000000_actual_000050003968.npz,47,0.30000001192092896,1,1,20,0.023350980132818222,0.5893847299469145,0,0
ELM_CTRL_WAYPOINT_F64_DDQN_HER_S99,0,50000000,50003968,/work/classic/fr_xl1014-easy-landmark-maze/IntrMotiv/SF_hipposlam/train_dir/analysis/online_spatial/easy_landmark_maze_control_20260923/ELM_CTRL_WAYPOINT_F64_DDQN_HER_S99/policy_00/snapshot_target_000050000000_actual_000050003968.npz,47,0.30000001192092896,2,2,10,0.013002355583012104,0.32818279105967674,0,8
ELM_CTRL_WAYPOINT_F64_DDQN_HER_S99,0,50000000,50003968,/work/classic/fr_xl1014-easy-landmark-maze/IntrMotiv/SF_hipposlam/train_dir/analysis/online_spatial/easy_landmark_maze_control_20260923/ELM_CTRL_WAYPOINT_F64_DDQN_HER_S99/policy_00/snapshot_target_000050000000_actual_000050003968.npz,47,0.30000001192092896,3,3,3,0.003265912877395749,0.08243247899340879,8,8
ELM_CTRL_WAYPOINT_F64_DDQN_HER_S99,0,50000000,50003968,/work/classic/fr_xl1014-easy-landmark-maze/IntrMotiv/SF_hipposlam/train_dir/analysis/online_spatial/easy_landmark_maze_control_20260923/ELM_CTRL_WAYPOINT_F64_DDQN_HER_S99/policy_00/snapshot_target_000050000000_actual_000050003968.npz,48,0.30000001192092896,1,1,35,0.11235619336366653,1.0,3,4
ELM_CTRL_WAYPOINT_F64_DDQN_HER_S99,0,50000000,50003968,/work/classic/fr_xl1014-easy-landmark-maze/IntrMotiv/SF_hipposlam/train_dir/analysis/online_spatial/easy_landmark_maze_control_20260923/ELM_CTRL_WAYPOINT_F64_DDQN_HER_S99/policy_00/snapshot_target_000050000000_actual_000050003968.npz,49,0.30000001192092896,1,1,44,3.7540202140808105,1.0,8,8
ELM_CTRL_WAYPOINT_F64_DDQN_HER_S99,0,50000000,50003968,/work/classic/fr_xl1014-easy-landmark-maze/IntrMotiv/SF_hipposlam/train_dir/analysis/online_spatial/easy_landmark_maze_control_20260923/ELM_CTRL_WAYPOINT_F64_DDQN_HER_S99/policy_00/snapshot_target_000050000000_actual_000050003968.npz,50,0.30000001192092896,2,1,3,0.8297775983810425,0.3719050746926995,8,0
ELM_CTRL_WAYPOINT_F64_DDQN_HER_S99,0,50000000,50003968,/work/classic/fr_xl1014-easy-landmark-maze/IntrMotiv/SF_hipposlam/train_dir/analysis/online_spatial/easy_landmark_maze_control_20260923/ELM_CTRL_WAYPOINT_F64_DDQN_HER_S99/policy_00/snapshot_target_000050000000_actual_000050003968.npz,50,0.30000001192092896,1,2,3,0.6480251550674438,0.29044390227974604,0,0
ELM_CTRL_WAYPOINT_F64_DDQN_HER_S99,0,50000000,50003968,/work/classic/fr_xl1014-easy-landmark-maze/IntrMotiv/SF_hipposlam/train_dir/analysis/online_spatial/easy_landmark_maze_control_20260923/ELM_CTRL_WAYPOINT_F64_DDQN_HER_S99/policy_00/snapshot_target_000050000000_actual_000050003968.npz,50,0.30000001192092896,3,3,3,0.538921594619751,0.24154385017336746,8,8
ELM_CTRL_WAYPOINT_F64_DDQN_HER_S99,0,50000000,50003968,/work/classic/fr_xl1014-easy-landmark-maze/IntrMotiv/SF_hipposlam/train_dir/analysis/online_spatial/easy_landmark_maze_control_20260923/ELM_CTRL_WAYPOINT_F64_DDQN_HER_S99/policy_00/snapshot_target_000050000000_actual_000050003968.npz,50,0.30000001192092896,4,4,1,0.21442992985248566,0.09610717285418698,0,8
ELM_CTRL_WAYPOINT_F64_DDQN_HER_S99,0,50000000,50003968,/work/classic/fr_xl1014-easy-landmark-maze/IntrMotiv/SF_hipposlam/train_dir/analysis/online_spatial/easy_landmark_maze_control_20260923/ELM_CTRL_WAYPOINT_F64_DDQN_HER_S99/policy_00/snapshot_target_000050000000_actual_000050003968.npz,51,0.30000001192092896,1,1,24,0.10154260694980621,1.0,3,4
ELM_CTRL_WAYPOINT_F64_DDQN_HER_S99,0,50000000,50003968,/work/classic/fr_xl1014-easy-landmark-maze/IntrMotiv/SF_hipposlam/train_dir/analysis/online_spatial/easy_landmark_maze_control_20260923/ELM_CTRL_WAYPOINT_F64_DDQN_HER_S99/policy_00/snapshot_target_000050000000_actual_000050003968.npz,52,0.30000001192092896,1,1,26,0.09863747656345367,1.0,7,4
ELM_CTRL_WAYPOINT_F64_DDQN_HER_S99,0,50000000,50003968,/work/classic/fr_xl1014-easy-landmark-maze/IntrMotiv/SF_hipposlam/train_dir/analysis/online_spatial/easy_landmark_maze_control_20260923/ELM_CTRL_WAYPOINT_F64_DDQN_HER_S99/policy_00/snapshot_target_000050000000_actual_000050003968.npz,53,0.30000001192092896,4,1,11,0.045422643423080444,0.6329684824025215,8,8
ELM_CTRL_WAYPOINT_F64_DDQN_HER_S99,0,50000000,50003968,/work/classic/fr_xl1014-easy-landmark-maze/IntrMotiv/SF_hipposlam/train_dir/analysis/online_spatial/easy_landmark_maze_control_20260923/ELM_CTRL_WAYPOINT_F64_DDQN_HER_S99/policy_00/snapshot_target_000050000000_actual_000050003968.npz,53,0.30000001192092896,3,2,3,0.00915433093905449,0.1275663969604966,0,4
ELM_CTRL_WAYPOINT_F64_DDQN_HER_S99,0,50000000,50003968,/work/classic/fr_xl1014-easy-landmark-maze/IntrMotiv/SF_hipposlam/train_dir/analysis/online_spatial/easy_landmark_maze_control_20260923/ELM_CTRL_WAYPOINT_F64_DDQN_HER_S99/policy_00/snapshot_target_000050000000_actual_000050003968.npz,53,0.30000001192092896,2,3,3,0.009044451639056206,0.12603521936874892,8,1
ELM_CTRL_WAYPOINT_F64_DDQN_HER_S99,0,50000000,50003968,/work/classic/fr_xl1014-easy-landmark-maze/IntrMotiv/SF_hipposlam/train_dir/analysis/online_spatial/easy_landmark_maze_control_20260923/ELM_CTRL_WAYPOINT_F64_DDQN_HER_S99/policy_00/snapshot_target_000050000000_actual_000050003968.npz,53,0.30000001192092896,1,4,3,0.008139877580106258,0.11342990126823299,3,0
ELM_CTRL_WAYPOINT_F64_DDQN_HER_S99,0,50000000,50003968,/work/classic/fr_xl1014-easy-landmark-maze/IntrMotiv/SF_hipposlam/train_dir/analysis/online_spatial/easy_landmark_maze_control_20260923/ELM_CTRL_WAYPOINT_F64_DDQN_HER_S99/policy_00/snapshot_target_000050000000_actual_000050003968.npz,54,0.30000001192092896,1,1,46,3.038811445236206,1.0,2,4
ELM_CTRL_WAYPOINT_F64_DDQN_HER_S99,0,50000000,50003968,/work/classic/fr_xl1014-easy-landmark-maze/IntrMotiv/SF_hipposlam/train_dir/analysis/online_spatial/easy_landmark_maze_control_20260923/ELM_CTRL_WAYPOINT_F64_DDQN_HER_S99/policy_00/snapshot_target_000050000000_actual_000050003968.npz,55,0.30000001192092896,1,1,31,5.617286205291748,1.0,7,4
ELM_CTRL_WAYPOINT_F64_DDQN_HER_S99,0,50000000,50003968,/work/classic/fr_xl1014-easy-landmark-maze/IntrMotiv/SF_hipposlam/train_dir/analysis/online_spatial/easy_landmark_maze_control_20260923/ELM_CTRL_WAYPOINT_F64_DDQN_HER_S99/policy_00/snapshot_target_000050000000_actual_000050003968.npz,56,0.30000001192092896,1,1,38,4.312352180480957,1.0,5,4
ELM_CTRL_WAYPOINT_F64_DDQN_HER_S99,0,50000000,50003968,/work/classic/fr_xl1014-easy-landmark-maze/IntrMotiv/SF_hipposlam/train_dir/analysis/online_spatial/easy_landmark_maze_control_20260923/ELM_CTRL_WAYPOINT_F64_DDQN_HER_S99/policy_00/snapshot_target_000050000000_actual_000050003968.npz,57,0.30000001192092896,2,1,8,0.05569738149642944,0.6128013750121334,0,8
ELM_CTRL_WAYPOINT_F64_DDQN_HER_S99,0,50000000,50003968,/work/classic/fr_xl1014-easy-landmark-maze/IntrMotiv/SF_hipposlam/train_dir/analysis/online_spatial/easy_landmark_maze_control_20260923/ELM_CTRL_WAYPOINT_F64_DDQN_HER_S99/policy_00/snapshot_target_000050000000_actual_000050003968.npz,57,0.30000001192092896,3,2,3,0.025875559076666832,0.2846916274224782,8,8
ELM_CTRL_WAYPOINT_F64_DDQN_HER_S99,0,50000000,50003968,/work/classic/fr_xl1014-easy-landmark-maze/IntrMotiv/SF_hipposlam/train_dir/analysis/online_spatial/easy_landmark_maze_control_20260923/ELM_CTRL_WAYPOINT_F64_DDQN_HER_S99/policy_00/snapshot_target_000050000000_actual_000050003968.npz,57,0.30000001192092896,1,3,2,0.009316838346421719,0.10250699756538838,0,0
ELM_CTRL_WAYPOINT_F64_DDQN_HER_S99,0,50000000,50003968,/work/classic/fr_xl1014-easy-landmark-maze/IntrMotiv/SF_hipposlam/train_dir/analysis/online_spatial/easy_landmark_maze_control_20260923/ELM_CTRL_WAYPOINT_F64_DDQN_HER_S99/policy_00/snapshot_target_000050000000_actual_000050003968.npz,58,0.30000001192092896,2,1,5,0.024294540286064148,0.5742967205065035,0,8
ELM_CTRL_WAYPOINT_F64_DDQN_HER_S99,0,50000000,50003968,/work/classic/fr_xl1014-easy-landmark-maze/IntrMotiv/SF_hipposlam/train_dir/analysis/online_spatial/easy_landmark_maze_control_20260923/ELM_CTRL_WAYPOINT_F64_DDQN_HER_S99/policy_00/snapshot_target_000050000000_actual_000050003968.npz,58,0.30000001192092896,3,2,3,0.014980170875787735,0.3541150771034276,8,8
ELM_CTRL_WAYPOINT_F64_DDQN_HER_S99,0,50000000,50003968,/work/classic/fr_xl1014-easy-landmark-maze/IntrMotiv/SF_hipposlam/train_dir/analysis/online_spatial/easy_landmark_maze_control_20260923/ELM_CTRL_WAYPOINT_F64_DDQN_HER_S99/policy_00/snapshot_target_000050000000_actual_000050003968.npz,58,0.30000001192092896,1,3,1,0.0030284039676189423,0.07158820239006888,0,0
ELM_CTRL_WAYPOINT_F64_DDQN_HER_S99,0,50000000,50003968,/work/classic/fr_xl1014-easy-landmark-maze/IntrMotiv/SF_hipposlam/train_dir/analysis/online_spatial/easy_landmark_maze_control_20260923/ELM_CTRL_WAYPOINT_F64_DDQN_HER_S99/policy_00/snapshot_target_000050000000_actual_000050003968.npz,59,0.30000001192092896,1,1,18,0.03787320479750633,1.0,8,4
ELM_CTRL_WAYPOINT_F64_DDQN_HER_S99,0,50000000,50003968,/work/classic/fr_xl1014-easy-landmark-maze/IntrMotiv/SF_hipposlam/train_dir/analysis/online_spatial/easy_landmark_maze_control_20260923/ELM_CTRL_WAYPOINT_F64_DDQN_HER_S99/policy_00/snapshot_target_000050000000_actual_000050003968.npz,60,0.30000001192092896,1,1,25,3.743138074874878,1.0,5,4
ELM_CTRL_WAYPOINT_F64_DDQN_HER_S99,0,50000000,50003968,/work/classic/fr_xl1014-easy-landmark-maze/IntrMotiv/SF_hipposlam/train_dir/analysis/online_spatial/easy_landmark_maze_control_20260923/ELM_CTRL_WAYPOINT_F64_DDQN_HER_S99/policy_00/snapshot_target_000050000000_actual_000050003968.npz,61,0.30000001192092896,1,1,51,4.281466007232666,1.0,5,7
ELM_CTRL_WAYPOINT_F64_DDQN_HER_S99,0,50000000,50003968,/work/classic/fr_xl1014-easy-landmark-maze/IntrMotiv/SF_hipposlam/train_dir/analysis/online_spatial/easy_landmark_maze_control_20260923/ELM_CTRL_WAYPOINT_F64_DDQN_HER_S99/policy_00/snapshot_target_000050000000_actual_000050003968.npz,62,0.30000001192092896,3,1,8,0.03525465726852417,0.4957814459637757,0,8
ELM_CTRL_WAYPOINT_F64_DDQN_HER_S99,0,50000000,50003968,/work/classic/fr_xl1014-easy-landmark-maze/IntrMotiv/SF_hipposlam/train_dir/analysis/online_spatial/easy_landmark_maze_control_20260923/ELM_CTRL_WAYPOINT_F64_DDQN_HER_S99/policy_00/snapshot_target_000050000000_actual_000050003968.npz,62,0.30000001192092896,1,2,7,0.020652635022997856,0.2904351948928371,0,0
ELM_CTRL_WAYPOINT_F64_DDQN_HER_S99,0,50000000,50003968,/work/classic/fr_xl1014-easy-landmark-maze/IntrMotiv/SF_hipposlam/train_dir/analysis/online_spatial/easy_landmark_maze_control_20260923/ELM_CTRL_WAYPOINT_F64_DDQN_HER_S99/policy_00/snapshot_target_000050000000_actual_000050003968.npz,62,0.30000001192092896,4,3,3,0.01287893857806921,0.18111476001823296,8,8
ELM_CTRL_WAYPOINT_F64_DDQN_HER_S99,0,50000000,50003968,/work/classic/fr_xl1014-easy-landmark-maze/IntrMotiv/SF_hipposlam/train_dir/analysis/online_spatial/easy_landmark_maze_control_20260923/ELM_CTRL_WAYPOINT_F64_DDQN_HER_S99/policy_00/snapshot_target_000050000000_actual_000050003968.npz,62,0.30000001192092896,2,4,1,0.002323040273040533,0.0326685991251542,0,3
ELM_CTRL_WAYPOINT_F64_DDQN_HER_S99,0,50000000,50003968,/work/classic/fr_xl1014-easy-landmark-maze/IntrMotiv/SF_hipposlam/train_dir/analysis/online_spatial/easy_landmark_maze_control_20260923/ELM_CTRL_WAYPOINT_F64_DDQN_HER_S99/policy_00/snapshot_target_000050000000_actual_000050003968.npz,63,0.30000001192092896,1,1,52,4.0702691078186035,1.0,1,5
ELM_CTRL_WAYPOINT_F64_DDQN_HER_S99,0,50000000,50003968,/work/classic/fr_xl1014-easy-landmark-maze/IntrMotiv/SF_hipposlam/train_dir/analysis/online_spatial/easy_landmark_maze_control_20260923/ELM_CTRL_WAYPOINT_F64_DDQN_HER_S99/policy_00/snapshot_target_000050000000_actual_000050003968.npz,0,0.5,1,1,6,1.8644683361053467,1.0,8,4
ELM_CTRL_WAYPOINT_F64_DDQN_HER_S99,0,50000000,50003968,/work/classic/fr_xl1014-easy-landmark-maze/IntrMotiv/SF_hipposlam/train_dir/analysis/online_spatial/easy_landmark_maze_control_20260923/ELM_CTRL_WAYPOINT_F64_DDQN_HER_S99/policy_00/snapshot_target_000050000000_actual_000050003968.npz,1,0.5,1,1,20,2.2553839683532715,1.0,4,6
ELM_CTRL_WAYPOINT_F64_DDQN_HER_S99,0,50000000,50003968,/work/classic/fr_xl1014-easy-landmark-maze/IntrMotiv/SF_hipposlam/train_dir/analysis/online_spatial/easy_landmark_maze_control_20260923/ELM_CTRL_WAYPOINT_F64_DDQN_HER_S99/policy_00/snapshot_target_000050000000_actual_000050003968.npz,2,0.5,1,1,10,1.1254100799560547,0.47398144404968684,0,0
ELM_CTRL_WAYPOINT_F64_DDQN_HER_S99,0,50000000,50003968,/work/classic/fr_xl1014-easy-landmark-maze/IntrMotiv/SF_hipposlam/train_dir/analysis/online_spatial/easy_landmark_maze_control_20260923/ELM_CTRL_WAYPOINT_F64_DDQN_HER_S99/policy_00/snapshot_target_000050000000_actual_000050003968.npz,2,0.5,3,2,7,0.7066268920898438,0.2976053268779721,0,8
ELM_CTRL_WAYPOINT_F64_DDQN_HER_S99,0,50000000,50003968,/work/classic/fr_xl1014-easy-landmark-maze/IntrMotiv/SF_hipposlam/train_dir/analysis/online_spatial/easy_landmark_maze_control_20260923/ELM_CTRL_WAYPOINT_F64_DDQN_HER_S99/policy_00/snapshot_target_000050000000_actual_000050003968.npz,2,0.5,4,3,3,0.36156779527664185,0.15227909255422362,8,8
ELM_CTRL_WAYPOINT_F64_DDQN_HER_S99,0,50000000,50003968,/work/classic/fr_xl1014-easy-landmark-maze/IntrMotiv/SF_hipposlam/train_dir/analysis/online_spatial/easy_landmark_maze_control_20260923/ELM_CTRL_WAYPOINT_F64_DDQN_HER_S99/policy_00/snapshot_target_000050000000_actual_000050003968.npz,2,0.5,2,4,2,0.18077105283737183,0.07613413651811744,8,2
ELM_CTRL_WAYPOINT_F64_DDQN_HER_S99,0,50000000,50003968,/work/classic/fr_xl1014-easy-landmark-maze/IntrMotiv/SF_hipposlam/train_dir/analysis/online_spatial/easy_landmark_maze_control_20260923/ELM_CTRL_WAYPOINT_F64_DDQN_HER_S99/policy_00/snapshot_target_000050000000_actual_000050003968.npz,3,0.5,1,1,11,0.055649373680353165,1.0,7,4
ELM_CTRL_WAYPOINT_F64_DDQN_HER_S99,0,50000000,50003968,/work/classic/fr_xl1014-easy-landmark-maze/IntrMotiv/SF_hipposlam/train_dir/analysis/online_spatial/easy_landmark_maze_control_20260923/ELM_CTRL_WAYPOINT_F64_DDQN_HER_S99/policy_00/snapshot_target_000050000000_actual_000050003968.npz,4,0.5,1,1,12,0.04754035919904709,1.0,7,4
ELM_CTRL_WAYPOINT_F64_DDQN_HER_S99,0,50000000,50003968,/work/classic/fr_xl1014-easy-landmark-maze/IntrMotiv/SF_hipposlam/train_dir/analysis/online_spatial/easy_landmark_maze_control_20260923/ELM_CTRL_WAYPOINT_F64_DDQN_HER_S99/policy_00/snapshot_target_000050000000_actual_000050003968.npz,5,0.5,1,1,8,1.196120023727417,0.8965163331475342,3,8
ELM_CTRL_WAYPOINT_F64_DDQN_HER_S99,0,50000000,50003968,/work/classic/fr_xl1014-easy-landmark-maze/IntrMotiv/SF_hipposlam/train_dir/analysis/online_spatial/easy_landmark_maze_control_20260923/ELM_CTRL_WAYPOINT_F64_DDQN_HER_S99/policy_00/snapshot_target_000050000000_actual_000050003968.npz,5,0.5,2,2,1,0.13806651532649994,0.10348366685246584,8,7
ELM_CTRL_WAYPOINT_F64_DDQN_HER_S99,0,50000000,50003968,/work/classic/fr_xl1014-easy-landmark-maze/IntrMotiv/SF_hipposlam/train_dir/analysis/online_spatial/easy_landmark_maze_control_20260923/ELM_CTRL_WAYPOINT_F64_DDQN_HER_S99/policy_00/snapshot_target_000050000000_actual_000050003968.npz,6,0.5,1,1,22,0.07008308917284012,1.0,5,3
ELM_CTRL_WAYPOINT_F64_DDQN_HER_S99,0,50000000,50003968,/work/classic/fr_xl1014-easy-landmark-maze/IntrMotiv/SF_hipposlam/train_dir/analysis/online_spatial/easy_landmark_maze_control_20260923/ELM_CTRL_WAYPOINT_F64_DDQN_HER_S99/policy_00/snapshot_target_000050000000_actual_000050003968.npz,7,0.5,1,1,14,0.03909662738442421,0.7627424507688104,8,4
ELM_CTRL_WAYPOINT_F64_DDQN_HER_S99,0,50000000,50003968,/work/classic/fr_xl1014-easy-landmark-maze/IntrMotiv/SF_hipposlam/train_dir/analysis/online_spatial/easy_landmark_maze_control_20260923/ELM_CTRL_WAYPOINT_F64_DDQN_HER_S99/policy_00/snapshot_target_000050000000_actual_000050003968.npz,7,0.5,2,2,3,0.008927378803491592,0.17416568238900001,0,6
ELM_CTRL_WAYPOINT_F64_DDQN_HER_S99,0,50000000,50003968,/work/classic/fr_xl1014-easy-landmark-maze/IntrMotiv/SF_hipposlam/train_dir/analysis/online_spatial/easy_landmark_maze_control_20260923/ELM_CTRL_WAYPOINT_F64_DDQN_HER_S99/policy_00/snapshot_target_000050000000_actual_000050003968.npz,7,0.5,3,3,1,0.0032339608296751976,0.06309186684218959,4,8
ELM_CTRL_WAYPOINT_F64_DDQN_HER_S99,0,50000000,50003968,/work/classic/fr_xl1014-easy-landmark-maze/IntrMotiv/SF_hipposlam/train_dir/analysis/online_spatial/easy_landmark_maze_control_20260923/ELM_CTRL_WAYPOINT_F64_DDQN_HER_S99/policy_00/snapshot_target_000050000000_actual_000050003968.npz,8,0.5,4,1,1,0.0031986040994524956,0.301097266215054,8,8
ELM_CTRL_WAYPOINT_F64_DDQN_HER_S99,0,50000000,50003968,/work/classic/fr_xl1014-easy-landmark-maze/IntrMotiv/SF_hipposlam/train_dir/analysis/online_spatial/easy_landmark_maze_control_20260923/ELM_CTRL_WAYPOINT_F64_DDQN_HER_S99/policy_00/snapshot_target_000050000000_actual_000050003968.npz,8,0.5,1,2,1,0.002821543486788869,0.2656030580728758,0,0
ELM_CTRL_WAYPOINT_F64_DDQN_HER_S99,0,50000000,50003968,/work/classic/fr_xl1014-easy-landmark-maze/IntrMotiv/SF_hipposlam/train_dir/analysis/online_spatial/easy_landmark_maze_control_20260923/ELM_CTRL_WAYPOINT_F64_DDQN_HER_S99/policy_00/snapshot_target_000050000000_actual_000050003968.npz,8,0.5,2,3,1,0.002388517139479518,0.22484057377659988,8,0
ELM_CTRL_WAYPOINT_F64_DDQN_HER_S99,0,50000000,50003968,/work/classic/fr_xl1014-easy-landmark-maze/IntrMotiv/SF_hipposlam/train_dir/analysis/online_spatial/easy_landmark_maze_control_20260923/ELM_CTRL_WAYPOINT_F64_DDQN_HER_S99/policy_00/snapshot_target_000050000000_actual_000050003968.npz,8,0.5,3,4,1,0.0022144941613078117,0.2084591019354703,0,8
ELM_CTRL_WAYPOINT_F64_DDQN_HER_S99,0,50000000,50003968,/work/classic/fr_xl1014-easy-landmark-maze/IntrMotiv/SF_hipposlam/train_dir/analysis/online_spatial/easy_landmark_maze_control_20260923/ELM_CTRL_WAYPOINT_F64_DDQN_HER_S99/policy_00/snapshot_target_000050000000_actual_000050003968.npz,9,0.5,1,1,27,4.242898464202881,1.0,4,3
ELM_CTRL_WAYPOINT_F64_DDQN_HER_S99,0,50000000,50003968,/work/classic/fr_xl1014-easy-landmark-maze/IntrMotiv/SF_hipposlam/train_dir/analysis/online_spatial/easy_landmark_maze_control_20260923/ELM_CTRL_WAYPOINT_F64_DDQN_HER_S99/policy_00/snapshot_target_000050000000_actual_000050003968.npz,10,0.5,1,1,26,3.047865867614746,1.0,6,3
ELM_CTRL_WAYPOINT_F64_DDQN_HER_S99,0,50000000,50003968,/work/classic/fr_xl1014-easy-landmark-maze/IntrMotiv/SF_hipposlam/train_dir/analysis/online_spatial/easy_landmark_maze_control_20260923/ELM_CTRL_WAYPOINT_F64_DDQN_HER_S99/policy_00/snapshot_target_000050000000_actual_000050003968.npz,11,0.5,1,1,13,2.376635789871216,1.0,0,4
ELM_CTRL_WAYPOINT_F64_DDQN_HER_S99,0,50000000,50003968,/work/classic/fr_xl1014-easy-landmark-maze/IntrMotiv/SF_hipposlam/train_dir/analysis/online_spatial/easy_landmark_maze_control_20260923/ELM_CTRL_WAYPOINT_F64_DDQN_HER_S99/policy_00/snapshot_target_000050000000_actual_000050003968.npz,12,0.5,2,1,6,0.02288893051445484,0.887142968733418,6,6
ELM_CTRL_WAYPOINT_F64_DDQN_HER_S99,0,50000000,50003968,/work/classic/fr_xl1014-easy-landmark-maze/IntrMotiv/SF_hipposlam/train_dir/analysis/online_spatial/easy_landmark_maze_control_20260923/ELM_CTRL_WAYPOINT_F64_DDQN_HER_S99/policy_00/snapshot_target_000050000000_actual_000050003968.npz,12,0.5,1,2,1,0.002911793068051338,0.11285703126658195,5,2
ELM_CTRL_WAYPOINT_F64_DDQN_HER_S99,0,50000000,50003968,/work/classic/fr_xl1014-easy-landmark-maze/IntrMotiv/SF_hipposlam/train_dir/analysis/online_spatial/easy_landmark_maze_control_20260923/ELM_CTRL_WAYPOINT_F64_DDQN_HER_S99/policy_00/snapshot_target_000050000000_actual_000050003968.npz,13,0.5,1,1,29,0.25974375009536743,0.8174532671144483,0,0
ELM_CTRL_WAYPOINT_F64_DDQN_HER_S99,0,50000000,50003968,/work/classic/fr_xl1014-easy-landmark-maze/IntrMotiv/SF_hipposlam/train_dir/analysis/online_spatial/easy_landmark_maze_control_20260923/ELM_CTRL_WAYPOINT_F64_DDQN_HER_S99/policy_00/snapshot_target_000050000000_actual_000050003968.npz,13,0.5,2,2,7,0.05800377205014229,0.1825467328855517,8,8
ELM_CTRL_WAYPOINT_F64_DDQN_HER_S99,0,50000000,50003968,/work/classic/fr_xl1014-easy-landmark-maze/IntrMotiv/SF_hipposlam/train_dir/analysis/online_spatial/easy_landmark_maze_control_20260923/ELM_CTRL_WAYPOINT_F64_DDQN_HER_S99/policy_00/snapshot_target_000050000000_actual_000050003968.npz,14,0.5,1,1,5,0.017045829445123672,1.0,3,0
ELM_CTRL_WAYPOINT_F64_DDQN_HER_S99,0,50000000,50003968,/work/classic/fr_xl1014-easy-landmark-maze/IntrMotiv/SF_hipposlam/train_dir/analysis/online_spatial/easy_landmark_maze_control_20260923/ELM_CTRL_WAYPOINT_F64_DDQN_HER_S99/policy_00/snapshot_target_000050000000_actual_000050003968.npz,15,0.5,1,1,11,0.04922781139612198,1.0,8,4
ELM_CTRL_WAYPOINT_F64_DDQN_HER_S99,0,50000000,50003968,/work/classic/fr_xl1014-easy-landmark-maze/IntrMotiv/SF_hipposlam/train_dir/analysis/online_spatial/easy_landmark_maze_control_20260923/ELM_CTRL_WAYPOINT_F64_DDQN_HER_S99/policy_00/snapshot_target_000050000000_actual_000050003968.npz,16,0.5,1,1,10,0.049151912331581116,1.0,8,5
ELM_CTRL_WAYPOINT_F64_DDQN_HER_S99,0,50000000,50003968,/work/classic/fr_xl1014-easy-landmark-maze/IntrMotiv/SF_hipposlam/train_dir/analysis/online_spatial/easy_landmark_maze_control_20260923/ELM_CTRL_WAYPOINT_F64_DDQN_HER_S99/policy_00/snapshot_target_000050000000_actual_000050003968.npz,17,0.5,1,1,9,0.05042930692434311,1.0,8,4
ELM_CTRL_WAYPOINT_F64_DDQN_HER_S99,0,50000000,50003968,/work/classic/fr_xl1014-easy-landmark-maze/IntrMotiv/SF_hipposlam/train_dir/analysis/online_spatial/easy_landmark_maze_control_20260923/ELM_CTRL_WAYPOINT_F64_DDQN_HER_S99/policy_00/snapshot_target_000050000000_actual_000050003968.npz,18,0.5,1,1,14,0.04270203039050102,1.0,1,8
ELM_CTRL_WAYPOINT_F64_DDQN_HER_S99,0,50000000,50003968,/work/classic/fr_xl1014-easy-landmark-maze/IntrMotiv/SF_hipposlam/train_dir/analysis/online_spatial/easy_landmark_maze_control_20260923/ELM_CTRL_WAYPOINT_F64_DDQN_HER_S99/policy_00/snapshot_target_000050000000_actual_000050003968.npz,19,0.5,1,1,4,0.010947734117507935,0.5226261391741115,3,0
ELM_CTRL_WAYPOINT_F64_DDQN_HER_S99,0,50000000,50003968,/work/classic/fr_xl1014-easy-landmark-maze/IntrMotiv/SF_hipposlam/train_dir/analysis/online_spatial/easy_landmark_maze_control_20260923/ELM_CTRL_WAYPOINT_F64_DDQN_HER_S99/policy_00/snapshot_target_000050000000_actual_000050003968.npz,19,0.5,2,2,3,0.006199617404490709,0.2959591522490459,0,7
ELM_CTRL_WAYPOINT_F64_DDQN_HER_S99,0,50000000,50003968,/work/classic/fr_xl1014-easy-landmark-maze/IntrMotiv/SF_hipposlam/train_dir/analysis/online_spatial/easy_landmark_maze_control_20260923/ELM_CTRL_WAYPOINT_F64_DDQN_HER_S99/policy_00/snapshot_target_000050000000_actual_000050003968.npz,19,0.5,3,3,2,0.003800192615017295,0.18141470857684264,8,8
ELM_CTRL_WAYPOINT_F64_DDQN_HER_S99,0,50000000,50003968,/work/classic/fr_xl1014-easy-landmark-maze/IntrMotiv/SF_hipposlam/train_dir/analysis/online_spatial/easy_landmark_maze_control_20260923/ELM_CTRL_WAYPOINT_F64_DDQN_HER_S99/policy_00/snapshot_target_000050000000_actual_000050003968.npz,20,0.5,1,1,5,0.05894991010427475,1.0,8,3
ELM_CTRL_WAYPOINT_F64_DDQN_HER_S99,0,50000000,50003968,/work/classic/fr_xl1014-easy-landmark-maze/IntrMotiv/SF_hipposlam/train_dir/analysis/online_spatial/easy_landmark_maze_control_20260923/ELM_CTRL_WAYPOINT_F64_DDQN_HER_S99/policy_00/snapshot_target_000050000000_actual_000050003968.npz,21,0.5,1,1,19,1.875203251838684,0.6115889441840519,8,1
ELM_CTRL_WAYPOINT_F64_DDQN_HER_S99,0,50000000,50003968,/work/classic/fr_xl1014-easy-landmark-maze/IntrMotiv/SF_hipposlam/train_dir/analysis/online_spatial/easy_landmark_maze_control_20260923/ELM_CTRL_WAYPOINT_F64_DDQN_HER_S99/policy_00/snapshot_target_000050000000_actual_000050003968.npz,21,0.5,2,2,8,0.7164446711540222,0.23366514513439665,0,7
ELM_CTRL_WAYPOINT_F64_DDQN_HER_S99,0,50000000,50003968,/work/classic/fr_xl1014-easy-landmark-maze/IntrMotiv/SF_hipposlam/train_dir/analysis/online_spatial/easy_landmark_maze_control_20260923/ELM_CTRL_WAYPOINT_F64_DDQN_HER_S99/policy_00/snapshot_target_000050000000_actual_000050003968.npz,21,0.5,3,3,4,0.47446906566619873,0.15474591068155155,8,8
ELM_CTRL_WAYPOINT_F64_DDQN_HER_S99,0,50000000,50003968,/work/classic/fr_xl1014-easy-landmark-maze/IntrMotiv/SF_hipposlam/train_dir/analysis/online_spatial/easy_landmark_maze_control_20260923/ELM_CTRL_WAYPOINT_F64_DDQN_HER_S99/policy_00/snapshot_target_000050000000_actual_000050003968.npz,22,0.5,3,1,6,0.7750013470649719,0.7222068977890207,4,6
ELM_CTRL_WAYPOINT_F64_DDQN_HER_S99,0,50000000,50003968,/work/classic/fr_xl1014-easy-landmark-maze/IntrMotiv/SF_hipposlam/train_dir/analysis/online_spatial/easy_landmark_maze_control_20260923/ELM_CTRL_WAYPOINT_F64_DDQN_HER_S99/policy_00/snapshot_target_000050000000_actual_000050003968.npz,22,0.5,2,2,2,0.19635291397571564,0.182977009538472,1,4
ELM_CTRL_WAYPOINT_F64_DDQN_HER_S99,0,50000000,50003968,/work/classic/fr_xl1014-easy-landmark-maze/IntrMotiv/SF_hipposlam/train_dir/analysis/online_spatial/easy_landmark_maze_control_20260923/ELM_CTRL_WAYPOINT_F64_DDQN_HER_S99/policy_00/snapshot_target_000050000000_actual_000050003968.npz,22,0.5,1,3,1,0.1017472967505455,0.0948160926725073,8,2
ELM_CTRL_WAYPOINT_F64_DDQN_HER_S99,0,50000000,50003968,/work/classic/fr_xl1014-easy-landmark-maze/IntrMotiv/SF_hipposlam/train_dir/analysis/online_spatial/easy_landmark_maze_control_20260923/ELM_CTRL_WAYPOINT_F64_DDQN_HER_S99/policy_00/snapshot_target_000050000000_actual_000050003968.npz,23,0.5,4,1,1,0.0030978915747255087,0.2946158715498171,8,8
ELM_CTRL_WAYPOINT_F64_DDQN_HER_S99,0,50000000,50003968,/work/classic/fr_xl1014-easy-landmark-maze/IntrMotiv/SF_hipposlam/train_dir/analysis/online_spatial/easy_landmark_maze_control_20260923/ELM_CTRL_WAYPOINT_F64_DDQN_HER_S99/policy_00/snapshot_target_000050000000_actual_000050003968.npz,23,0.5,2,2,1,0.0029389432165771723,0.27949955519796615,8,0
ELM_CTRL_WAYPOINT_F64_DDQN_HER_S99,0,50000000,50003968,/work/classic/fr_xl1014-easy-landmark-maze/IntrMotiv/SF_hipposlam/train_dir/analysis/online_spatial/easy_landmark_maze_control_20260923/ELM_CTRL_WAYPOINT_F64_DDQN_HER_S99/policy_00/snapshot_target_000050000000_actual_000050003968.npz,23,0.5,3,3,1,0.0023794975131750107,0.22629511614098188,0,8
ELM_CTRL_WAYPOINT_F64_DDQN_HER_S99,0,50000000,50003968,/work/classic/fr_xl1014-easy-landmark-maze/IntrMotiv/SF_hipposlam/train_dir/analysis/online_spatial/easy_landmark_maze_control_20260923/ELM_CTRL_WAYPOINT_F64_DDQN_HER_S99/policy_00/snapshot_target_000050000000_actual_000050003968.npz,23,0.5,1,4,1,0.002098686993122101,0.19958945711123488,0,0
ELM_CTRL_WAYPOINT_F64_DDQN_HER_S99,0,50000000,50003968,/work/classic/fr_xl1014-easy-landmark-maze/IntrMotiv/SF_hipposlam/train_dir/analysis/online_spatial/easy_landmark_maze_control_20260923/ELM_CTRL_WAYPOINT_F64_DDQN_HER_S99/policy_00/snapshot_target_000050000000_actual_000050003968.npz,24,0.5,2,1,6,0.0057248445227742195,0.5635187122099867,0,4
ELM_CTRL_WAYPOINT_F64_DDQN_HER_S99,0,50000000,50003968,/work/classic/fr_xl1014-easy-landmark-maze/IntrMotiv/SF_hipposlam/train_dir/analysis/online_spatial/easy_landmark_maze_control_20260923/ELM_CTRL_WAYPOINT_F64_DDQN_HER_S99/policy_00/snapshot_target_000050000000_actual_000050003968.npz,24,0.5,3,2,2,0.0016182870604097843,0.15929428941526771,8,5
ELM_CTRL_WAYPOINT_F64_DDQN_HER_S99,0,50000000,50003968,/work/classic/fr_xl1014-easy-landmark-maze/IntrMotiv/SF_hipposlam/train_dir/analysis/online_spatial/easy_landmark_maze_control_20260923/ELM_CTRL_WAYPOINT_F64_DDQN_HER_S99/policy_00/snapshot_target_000050000000_actual_000050003968.npz,24,0.5,5,3,2,0.0014844834804534912,0.14612348263333652,5,8
ELM_CTRL_WAYPOINT_F64_DDQN_HER_S99,0,50000000,50003968,/work/classic/fr_xl1014-easy-landmark-maze/IntrMotiv/SF_hipposlam/train_dir/analysis/online_spatial/easy_landmark_maze_control_20260923/ELM_CTRL_WAYPOINT_F64_DDQN_HER_S99/policy_00/snapshot_target_000050000000_actual_000050003968.npz,24,0.5,1,4,1,0.0006993323913775384,0.06883800722064486,4,0
ELM_CTRL_WAYPOINT_F64_DDQN_HER_S99,0,50000000,50003968,/work/classic/fr_xl1014-easy-landmark-maze/IntrMotiv/SF_hipposlam/train_dir/analysis/online_spatial/easy_landmark_maze_control_20260923/ELM_CTRL_WAYPOINT_F64_DDQN_HER_S99/policy_00/snapshot_target_000050000000_actual_000050003968.npz,24,0.5,4,5,1,0.0006321553373709321,0.06222550852076418,2,8
ELM_CTRL_WAYPOINT_F64_DDQN_HER_S99,0,50000000,50003968,/work/classic/fr_xl1014-easy-landmark-maze/IntrMotiv/SF_hipposlam/train_dir/analysis/online_spatial/easy_landmark_maze_control_20260923/ELM_CTRL_WAYPOINT_F64_DDQN_HER_S99/policy_00/snapshot_target_000050000000_actual_000050003968.npz,25,0.5,2,1,17,2.4889936447143555,0.8482338229141401,0,6
ELM_CTRL_WAYPOINT_F64_DDQN_HER_S99,0,50000000,50003968,/work/classic/fr_xl1014-easy-landmark-maze/IntrMotiv/SF_hipposlam/train_dir/analysis/online_spatial/easy_landmark_maze_control_20260923/ELM_CTRL_WAYPOINT_F64_DDQN_HER_S99/policy_00/snapshot_target_000050000000_actual_000050003968.npz,25,0.5,1,2,3,0.44533127546310425,0.15176617708585996,0,2
ELM_CTRL_WAYPOINT_F64_DDQN_HER_S99,0,50000000,50003968,/work/classic/fr_xl1014-easy-landmark-maze/IntrMotiv/SF_hipposlam/train_dir/analysis/online_spatial/easy_landmark_maze_control_20260923/ELM_CTRL_WAYPOINT_F64_DDQN_HER_S99/policy_00/snapshot_target_000050000000_actual_000050003968.npz,26,0.5,1,1,17,0.06092670187354088,1.0,6,4
ELM_CTRL_WAYPOINT_F64_DDQN_HER_S99,0,50000000,50003968,/work/classic/fr_xl1014-easy-landmark-maze/IntrMotiv/SF_hipposlam/train_dir/analysis/online_spatial/easy_landmark_maze_control_20260923/ELM_CTRL_WAYPOINT_F64_DDQN_HER_S99/policy_00/snapshot_target_000050000000_actual_000050003968.npz,27,0.5,3,1,2,0.30910688638687134,0.3865442006370416,8,8
ELM_CTRL_WAYPOINT_F64_DDQN_HER_S99,0,50000000,50003968,/work/classic/fr_xl1014-easy-landmark-maze/IntrMotiv/SF_hipposlam/train_dir/analysis/online_spatial/easy_landmark_maze_control_20260923/ELM_CTRL_WAYPOINT_F64_DDQN_HER_S99/policy_00/snapshot_target_000050000000_actual_000050003968.npz,27,0.5,4,2,2,0.2458532154560089,0.30744424931234937,0,8
ELM_CTRL_WAYPOINT_F64_DDQN_HER_S99,0,50000000,50003968,/work/classic/fr_xl1014-easy-landmark-maze/IntrMotiv/SF_hipposlam/train_dir/analysis/online_spatial/easy_landmark_maze_control_20260923/ELM_CTRL_WAYPOINT_F64_DDQN_HER_S99/policy_00/snapshot_target_000050000000_actual_000050003968.npz,27,0.5,2,3,1,0.12617039680480957,0.15777854627261026,8,0
ELM_CTRL_WAYPOINT_F64_DDQN_HER_S99,0,50000000,50003968,/work/classic/fr_xl1014-easy-landmark-maze/IntrMotiv/SF_hipposlam/train_dir/analysis/online_spatial/easy_landmark_maze_control_20260923/ELM_CTRL_WAYPOINT_F64_DDQN_HER_S99/policy_00/snapshot_target_000050000000_actual_000050003968.npz,27,0.5,1,4,1,0.11853713542222977,0.1482330037779988,0,0
ELM_CTRL_WAYPOINT_F64_DDQN_HER_S99,0,50000000,50003968,/work/classic/fr_xl1014-easy-landmark-maze/IntrMotiv/SF_hipposlam/train_dir/analysis/online_spatial/easy_landmark_maze_control_20260923/ELM_CTRL_WAYPOINT_F64_DDQN_HER_S99/policy_00/snapshot_target_000050000000_actual_000050003968.npz,28,0.5,1,1,3,0.006119644735008478,0.6380822007864988,8,8
ELM_CTRL_WAYPOINT_F64_DDQN_HER_S99,0,50000000,50003968,/work/classic/fr_xl1014-easy-landmark-maze/IntrMotiv/SF_hipposlam/train_dir/analysis/online_spatial/easy_landmark_maze_control_20260923/ELM_CTRL_WAYPOINT_F64_DDQN_HER_S99/policy_00/snapshot_target_000050000000_actual_000050003968.npz,28,0.5,2,2,2,0.0034710392355918884,0.36191779921350126,0,8
ELM_CTRL_WAYPOINT_F64_DDQN_HER_S99,0,50000000,50003968,/work/classic/fr_xl1014-easy-landmark-maze/IntrMotiv/SF_hipposlam/train_dir/analysis/online_spatial/easy_landmark_maze_control_20260923/ELM_CTRL_WAYPOINT_F64_DDQN_HER_S99/policy_00/snapshot_target_000050000000_actual_000050003968.npz,29,0.5,1,1,13,2.556467294692993,0.9018137597821638,0,8
ELM_CTRL_WAYPOINT_F64_DDQN_HER_S99,0,50000000,50003968,/work/classic/fr_xl1014-easy-landmark-maze/IntrMotiv/SF_hipposlam/train_dir/analysis/online_spatial/easy_landmark_maze_control_20260923/ELM_CTRL_WAYPOINT_F64_DDQN_HER_S99/policy_00/snapshot_target_000050000000_actual_000050003968.npz,29,0.5,2,2,2,0.2783389687538147,0.09818624021783612,8,6
ELM_CTRL_WAYPOINT_F64_DDQN_HER_S99,0,50000000,50003968,/work/classic/fr_xl1014-easy-landmark-maze/IntrMotiv/SF_hipposlam/train_dir/analysis/online_spatial/easy_landmark_maze_control_20260923/ELM_CTRL_WAYPOINT_F64_DDQN_HER_S99/policy_00/snapshot_target_000050000000_actual_000050003968.npz,30,0.5,5,1,12,0.9137769937515259,0.46771397888147825,5,8
ELM_CTRL_WAYPOINT_F64_DDQN_HER_S99,0,50000000,50003968,/work/classic/fr_xl1014-easy-landmark-maze/IntrMotiv/SF_hipposlam/train_dir/analysis/online_spatial/easy_landmark_maze_control_20260923/ELM_CTRL_WAYPOINT_F64_DDQN_HER_S99/policy_00/snapshot_target_000050000000_actual_000050003968.npz,30,0.5,4,2,5,0.3459620177745819,0.17707960802437767,0,5
ELM_CTRL_WAYPOINT_F64_DDQN_HER_S99,0,50000000,50003968,/work/classic/fr_xl1014-easy-landmark-maze/IntrMotiv/SF_hipposlam/train_dir/analysis/online_spatial/easy_landmark_maze_control_20260923/ELM_CTRL_WAYPOINT_F64_DDQN_HER_S99/policy_00/snapshot_target_000050000000_actual_000050003968.npz,30,0.5,1,3,4,0.3234674334526062,0.16556582336087688,2,0
ELM_CTRL_WAYPOINT_F64_DDQN_HER_S99,0,50000000,50003968,/work/classic/fr_xl1014-easy-landmark-maze/IntrMotiv/SF_hipposlam/train_dir/analysis/online_spatial/easy_landmark_maze_control_20260923/ELM_CTRL_WAYPOINT_F64_DDQN_HER_S99/policy_00/snapshot_target_000050000000_actual_000050003968.npz,30,0.5,6,4,3,0.19101504981517792,0.09777047308721594,0,8
ELM_CTRL_WAYPOINT_F64_DDQN_HER_S99,0,50000000,50003968,/work/classic/fr_xl1014-easy-landmark-maze/IntrMotiv/SF_hipposlam/train_dir/analysis/online_spatial/easy_landmark_maze_control_20260923/ELM_CTRL_WAYPOINT_F64_DDQN_HER_S99/policy_00/snapshot_target_000050000000_actual_000050003968.npz,30,0.5,3,5,2,0.12052891403436661,0.06169235857190579,5,3
ELM_CTRL_WAYPOINT_F64_DDQN_HER_S99,0,50000000,50003968,/work/classic/fr_xl1014-easy-landmark-maze/IntrMotiv/SF_hipposlam/train_dir/analysis/online_spatial/easy_landmark_maze_control_20260923/ELM_CTRL_WAYPOINT_F64_DDQN_HER_S99/policy_00/snapshot_target_000050000000_actual_000050003968.npz,30,0.5,2,6,1,0.05895855650305748,0.030177758074145453,8,0
ELM_CTRL_WAYPOINT_F64_DDQN_HER_S99,0,50000000,50003968,/work/classic/fr_xl1014-easy-landmark-maze/IntrMotiv/SF_hipposlam/train_dir/analysis/online_spatial/easy_landmark_maze_control_20260923/ELM_CTRL_WAYPOINT_F64_DDQN_HER_S99/policy_00/snapshot_target_000050000000_actual_000050003968.npz,31,0.5,1,1,12,0.017281299456954002,0.7137792859896815,3,0
ELM_CTRL_WAYPOINT_F64_DDQN_HER_S99,0,50000000,50003968,/work/classic/fr_xl1014-easy-landmark-maze/IntrMotiv/SF_hipposlam/train_dir/analysis/online_spatial/easy_landmark_maze_control_20260923/ELM_CTRL_WAYPOINT_F64_DDQN_HER_S99/policy_00/snapshot_target_000050000000_actual_000050003968.npz,31,0.5,3,2,3,0.003682499285787344,0.1521003508685278,4,7
ELM_CTRL_WAYPOINT_F64_DDQN_HER_S99,0,50000000,50003968,/work/classic/fr_xl1014-easy-landmark-maze/IntrMotiv/SF_hipposlam/train_dir/analysis/online_spatial/easy_landmark_maze_control_20260923/ELM_CTRL_WAYPOINT_F64_DDQN_HER_S99/policy_00/snapshot_target_000050000000_actual_000050003968.npz,31,0.5,4,3,2,0.0022041145712137222,0.09103779080960875,8,8
ELM_CTRL_WAYPOINT_F64_DDQN_HER_S99,0,50000000,50003968,/work/classic/fr_xl1014-easy-landmark-maze/IntrMotiv/SF_hipposlam/train_dir/analysis/online_spatial/easy_landmark_maze_control_20260923/ELM_CTRL_WAYPOINT_F64_DDQN_HER_S99/policy_00/snapshot_target_000050000000_actual_000050003968.npz,31,0.5,2,4,1,0.0010430715046823025,0.0430825723321819,8,5
ELM_CTRL_WAYPOINT_F64_DDQN_HER_S99,0,50000000,50003968,/work/classic/fr_xl1014-easy-landmark-maze/IntrMotiv/SF_hipposlam/train_dir/analysis/online_spatial/easy_landmark_maze_control_20260923/ELM_CTRL_WAYPOINT_F64_DDQN_HER_S99/policy_00/snapshot_target_000050000000_actual_000050003968.npz,32,0.5,1,1,18,0.15752001106739044,1.0,2,5
ELM_CTRL_WAYPOINT_F64_DDQN_HER_S99,0,50000000,50003968,/work/classic/fr_xl1014-easy-landmark-maze/IntrMotiv/SF_hipposlam/train_dir/analysis/online_spatial/easy_landmark_maze_control_20260923/ELM_CTRL_WAYPOINT_F64_DDQN_HER_S99/policy_00/snapshot_target_000050000000_actual_000050003968.npz,33,0.5,1,1,35,3.1936964988708496,1.0,4,6
ELM_CTRL_WAYPOINT_F64_DDQN_HER_S99,0,50000000,50003968,/work/classic/fr_xl1014-easy-landmark-maze/IntrMotiv/SF_hipposlam/train_dir/analysis/online_spatial/easy_landmark_maze_control_20260923/ELM_CTRL_WAYPOINT_F64_DDQN_HER_S99/policy_00/snapshot_target_000050000000_actual_000050003968.npz,34,0.5,4,1,14,0.02004782296717167,0.7115573873627462,5,8
ELM_CTRL_WAYPOINT_F64_DDQN_HER_S99,0,50000000,50003968,/work/classic/fr_xl1014-easy-landmark-maze/IntrMotiv/SF_hipposlam/train_dir/analysis/online_spatial/easy_landmark_maze_control_20260923/ELM_CTRL_WAYPOINT_F64_DDQN_HER_S99/policy_00/snapshot_target_000050000000_actual_000050003968.npz,34,0.5,1,2,3,0.00404652114957571,0.14362317653218995,0,1
ELM_CTRL_WAYPOINT_F64_DDQN_HER_S99,0,50000000,50003968,/work/classic/fr_xl1014-easy-landmark-maze/IntrMotiv/SF_hipposlam/train_dir/analysis/online_spatial/easy_landmark_maze_control_20260923/ELM_CTRL_WAYPOINT_F64_DDQN_HER_S99/policy_00/snapshot_target_000050000000_actual_000050003968.npz,34,0.5,2,3,2,0.002874226775020361,0.10201493189911541,3,0
ELM_CTRL_WAYPOINT_F64_DDQN_HER_S99,0,50000000,50003968,/work/classic/fr_xl1014-easy-landmark-maze/IntrMotiv/SF_hipposlam/train_dir/analysis/online_spatial/easy_landmark_maze_control_20260923/ELM_CTRL_WAYPOINT_F64_DDQN_HER_S99/policy_00/snapshot_target_000050000000_actual_000050003968.npz,34,0.5,3,4,1,0.0012059984728693962,0.04280450420594843,8,4
ELM_CTRL_WAYPOINT_F64_DDQN_HER_S99,0,50000000,50003968,/work/classic/fr_xl1014-easy-landmark-maze/IntrMotiv/SF_hipposlam/train_dir/analysis/online_spatial/easy_landmark_maze_control_20260923/ELM_CTRL_WAYPOINT_F64_DDQN_HER_S99/policy_00/snapshot_target_000050000000_actual_000050003968.npz,35,0.5,1,1,11,0.033782295882701874,0.8637031769717148,2,0
ELM_CTRL_WAYPOINT_F64_DDQN_HER_S99,0,50000000,50003968,/work/classic/fr_xl1014-easy-landmark-maze/IntrMotiv/SF_hipposlam/train_dir/analysis/online_spatial/easy_landmark_maze_control_20260923/ELM_CTRL_WAYPOINT_F64_DDQN_HER_S99/policy_00/snapshot_target_000050000000_actual_000050003968.npz,35,0.5,2,2,2,0.005331020802259445,0.13629682302828514,8,5
ELM_CTRL_WAYPOINT_F64_DDQN_HER_S99,0,50000000,50003968,/work/classic/fr_xl1014-easy-landmark-maze/IntrMotiv/SF_hipposlam/train_dir/analysis/online_spatial/easy_landmark_maze_control_20260923/ELM_CTRL_WAYPOINT_F64_DDQN_HER_S99/policy_00/snapshot_target_000050000000_actual_000050003968.npz,36,0.5,1,1,12,0.037893570959568024,0.9409510486491164,8,4
ELM_CTRL_WAYPOINT_F64_DDQN_HER_S99,0,50000000,50003968,/work/classic/fr_xl1014-easy-landmark-maze/IntrMotiv/SF_hipposlam/train_dir/analysis/online_spatial/easy_landmark_maze_control_20260923/ELM_CTRL_WAYPOINT_F64_DDQN_HER_S99/policy_00/snapshot_target_000050000000_actual_000050003968.npz,36,0.5,2,2,1,0.0023779936600476503,0.05904895135088358,3,4
ELM_CTRL_WAYPOINT_F64_DDQN_HER_S99,0,50000000,50003968,/work/classic/fr_xl1014-easy-landmark-maze/IntrMotiv/SF_hipposlam/train_dir/analysis/online_spatial/easy_landmark_maze_control_20260923/ELM_CTRL_WAYPOINT_F64_DDQN_HER_S99/policy_00/snapshot_target_000050000000_actual_000050003968.npz,37,0.5,1,1,18,3.456648349761963,1.0,5,0
ELM_CTRL_WAYPOINT_F64_DDQN_HER_S99,0,50000000,50003968,/work/classic/fr_xl1014-easy-landmark-maze/IntrMotiv/SF_hipposlam/train_dir/analysis/online_spatial/easy_landmark_maze_control_20260923/ELM_CTRL_WAYPOINT_F64_DDQN_HER_S99/policy_00/snapshot_target_000050000000_actual_000050003968.npz,38,0.5,1,1,17,0.06969233602285385,1.0,7,4
ELM_CTRL_WAYPOINT_F64_DDQN_HER_S99,0,50000000,50003968,/work/classic/fr_xl1014-easy-landmark-maze/IntrMotiv/SF_hipposlam/train_dir/analysis/online_spatial/easy_landmark_maze_control_20260923/ELM_CTRL_WAYPOINT_F64_DDQN_HER_S99/policy_00/snapshot_target_000050000000_actual_000050003968.npz,39,0.5,3,1,3,0.47907721996307373,0.3699675171258547,0,7
ELM_CTRL_WAYPOINT_F64_DDQN_HER_S99,0,50000000,50003968,/work/classic/fr_xl1014-easy-landmark-maze/IntrMotiv/SF_hipposlam/train_dir/analysis/online_spatial/easy_landmark_maze_control_20260923/ELM_CTRL_WAYPOINT_F64_DDQN_HER_S99/policy_00/snapshot_target_000050000000_actual_000050003968.npz,39,0.5,4,2,3,0.3942060172557831,0.3044257070946416,8,8
ELM_CTRL_WAYPOINT_F64_DDQN_HER_S99,0,50000000,50003968,/work/classic/fr_xl1014-easy-landmark-maze/IntrMotiv/SF_hipposlam/train_dir/analysis/online_spatial/easy_landmark_maze_control_20260923/ELM_CTRL_WAYPOINT_F64_DDQN_HER_S99/policy_00/snapshot_target_000050000000_actual_000050003968.npz,39,0.5,1,3,2,0.3139500021934509,0.24244797701322632,8,2
ELM_CTRL_WAYPOINT_F64_DDQN_HER_S99,0,50000000,50003968,/work/classic/fr_xl1014-easy-landmark-maze/IntrMotiv/SF_hipposlam/train_dir/analysis/online_spatial/easy_landmark_maze_control_20260923/ELM_CTRL_WAYPOINT_F64_DDQN_HER_S99/policy_00/snapshot_target_000050000000_actual_000050003968.npz,39,0.5,2,4,1,0.10768374055624008,0.08315879876627737,0,3
ELM_CTRL_WAYPOINT_F64_DDQN_HER_S99,0,50000000,50003968,/work/classic/fr_xl1014-easy-landmark-maze/IntrMotiv/SF_hipposlam/train_dir/analysis/online_spatial/easy_landmark_maze_control_20260923/ELM_CTRL_WAYPOINT_F64_DDQN_HER_S99/policy_00/snapshot_target_000050000000_actual_000050003968.npz,40,0.5,1,1,26,0.0688813328742981,1.0,4,4
ELM_CTRL_WAYPOINT_F64_DDQN_HER_S99,0,50000000,50003968,/work/classic/fr_xl1014-easy-landmark-maze/IntrMotiv/SF_hipposlam/train_dir/analysis/online_spatial/easy_landmark_maze_control_20260923/ELM_CTRL_WAYPOINT_F64_DDQN_HER_S99/policy_00/snapshot_target_000050000000_actual_000050003968.npz,41,0.5,2,1,9,0.03765660151839256,0.8485188959632138,8,4
ELM_CTRL_WAYPOINT_F64_DDQN_HER_S99,0,50000000,50003968,/work/classic/fr_xl1014-easy-landmark-maze/IntrMotiv/SF_hipposlam/train_dir/analysis/online_spatial/easy_landmark_maze_control_20260923/ELM_CTRL_WAYPOINT_F64_DDQN_HER_S99/policy_00/snapshot_target_000050000000_actual_000050003968.npz,41,0.5,1,2,2,0.006722612306475639,0.15148110403678616,5,2
ELM_CTRL_WAYPOINT_F64_DDQN_HER_S99,0,50000000,50003968,/work/classic/fr_xl1014-easy-landmark-maze/IntrMotiv/SF_hipposlam/train_dir/analysis/online_spatial/easy_landmark_maze_control_20260923/ELM_CTRL_WAYPOINT_F64_DDQN_HER_S99/policy_00/snapshot_target_000050000000_actual_000050003968.npz,42,0.5,1,1,19,2.396519422531128,0.8361074148958036,0,3
ELM_CTRL_WAYPOINT_F64_DDQN_HER_S99,0,50000000,50003968,/work/classic/fr_xl1014-easy-landmark-maze/IntrMotiv/SF_hipposlam/train_dir/analysis/online_spatial/easy_landmark_maze_control_20260923/ELM_CTRL_WAYPOINT_F64_DDQN_HER_S99/policy_00/snapshot_target_000050000000_actual_000050003968.npz,42,0.5,2,2,3,0.29484546184539795,0.10286688043485404,8,0
ELM_CTRL_WAYPOINT_F64_DDQN_HER_S99,0,50000000,50003968,/work/classic/fr_xl1014-easy-landmark-maze/IntrMotiv/SF_hipposlam/train_dir/analysis/online_spatial/easy_landmark_maze_control_20260923/ELM_CTRL_WAYPOINT_F64_DDQN_HER_S99/policy_00/snapshot_target_000050000000_actual_000050003968.npz,42,0.5,3,3,2,0.17491686344146729,0.06102570466934236,8,4
ELM_CTRL_WAYPOINT_F64_DDQN_HER_S99,0,50000000,50003968,/work/classic/fr_xl1014-easy-landmark-maze/IntrMotiv/SF_hipposlam/train_dir/analysis/online_spatial/easy_landmark_maze_control_20260923/ELM_CTRL_WAYPOINT_F64_DDQN_HER_S99/policy_00/snapshot_target_000050000000_actual_000050003968.npz,43,0.5,2,1,23,0.04294385015964508,0.934879250309311,4,3
ELM_CTRL_WAYPOINT_F64_DDQN_HER_S99,0,50000000,50003968,/work/classic/fr_xl1014-easy-landmark-maze/IntrMotiv/SF_hipposlam/train_dir/analysis/online_spatial/easy_landmark_maze_control_20260923/ELM_CTRL_WAYPOINT_F64_DDQN_HER_S99/policy_00/snapshot_target_000050000000_actual_000050003968.npz,43,0.5,1,2,2,0.0029913336038589478,0.06512074969068901,0,0
ELM_CTRL_WAYPOINT_F64_DDQN_HER_S99,0,50000000,50003968,/work/classic/fr_xl1014-easy-landmark-maze/IntrMotiv/SF_hipposlam/train_dir/analysis/online_spatial/easy_landmark_maze_control_20260923/ELM_CTRL_WAYPOINT_F64_DDQN_HER_S99/policy_00/snapshot_target_000050000000_actual_000050003968.npz,44,0.5,1,1,8,0.04901262745261192,1.0,8,5
ELM_CTRL_WAYPOINT_F64_DDQN_HER_S99,0,50000000,50003968,/work/classic/fr_xl1014-easy-landmark-maze/IntrMotiv/SF_hipposlam/train_dir/analysis/online_spatial/easy_landmark_maze_control_20260923/ELM_CTRL_WAYPOINT_F64_DDQN_HER_S99/policy_00/snapshot_target_000050000000_actual_000050003968.npz,45,0.5,1,1,12,0.060886163264513016,1.0,7,4
ELM_CTRL_WAYPOINT_F64_DDQN_HER_S99,0,50000000,50003968,/work/classic/fr_xl1014-easy-landmark-maze/IntrMotiv/SF_hipposlam/train_dir/analysis/online_spatial/easy_landmark_maze_control_20260923/ELM_CTRL_WAYPOINT_F64_DDQN_HER_S99/policy_00/snapshot_target_000050000000_actual_000050003968.npz,46,0.5,1,1,10,0.03249930217862129,1.0,4,2
ELM_CTRL_WAYPOINT_F64_DDQN_HER_S99,0,50000000,50003968,/work/classic/fr_xl1014-easy-landmark-maze/IntrMotiv/SF_hipposlam/train_dir/analysis/online_spatial/easy_landmark_maze_control_20260923/ELM_CTRL_WAYPOINT_F64_DDQN_HER_S99/policy_00/snapshot_target_000050000000_actual_000050003968.npz,47,0.5,1,1,8,0.013163259252905846,0.5001721715468777,0,0
ELM_CTRL_WAYPOINT_F64_DDQN_HER_S99,0,50000000,50003968,/work/classic/fr_xl1014-easy-landmark-maze/IntrMotiv/SF_hipposlam/train_dir/analysis/online_spatial/easy_landmark_maze_control_20260923/ELM_CTRL_WAYPOINT_F64_DDQN_HER_S99/policy_00/snapshot_target_000050000000_actual_000050003968.npz,47,0.5,3,2,6,0.009533102624118328,0.36223495636401015,0,8
ELM_CTRL_WAYPOINT_F64_DDQN_HER_S99,0,50000000,50003968,/work/classic/fr_xl1014-easy-landmark-maze/IntrMotiv/SF_hipposlam/train_dir/analysis/online_spatial/easy_landmark_maze_control_20260923/ELM_CTRL_WAYPOINT_F64_DDQN_HER_S99/policy_00/snapshot_target_000050000000_actual_000050003968.npz,47,0.5,4,3,2,0.002453059423714876,0.0932103543141982,8,8
ELM_CTRL_WAYPOINT_F64_DDQN_HER_S99,0,50000000,50003968,/work/classic/fr_xl1014-easy-landmark-maze/IntrMotiv/SF_hipposlam/train_dir/analysis/online_spatial/easy_landmark_maze_control_20260923/ELM_CTRL_WAYPOINT_F64_DDQN_HER_S99/policy_00/snapshot_target_000050000000_actual_000050003968.npz,47,0.5,2,4,1,0.0011680349707603455,0.04438251777491406,8,0
ELM_CTRL_WAYPOINT_F64_DDQN_HER_S99,0,50000000,50003968,/work/classic/fr_xl1014-easy-landmark-maze/IntrMotiv/SF_hipposlam/train_dir/analysis/online_spatial/easy_landmark_maze_control_20260923/ELM_CTRL_WAYPOINT_F64_DDQN_HER_S99/policy_00/snapshot_target_000050000000_actual_000050003968.npz,48,0.5,1,1,14,0.05625501275062561,0.7458266406112712,3,4
ELM_CTRL_WAYPOINT_F64_DDQN_HER_S99,0,50000000,50003968,/work/classic/fr_xl1014-easy-landmark-maze/IntrMotiv/SF_hipposlam/train_dir/analysis/online_spatial/easy_landmark_maze_control_20260923/ELM_CTRL_WAYPOINT_F64_DDQN_HER_S99/policy_00/snapshot_target_000050000000_actual_000050003968.npz,48,0.5,2,2,5,0.019171379506587982,0.2541733593887288,8,6
ELM_CTRL_WAYPOINT_F64_DDQN_HER_S99,0,50000000,50003968,/work/classic/fr_xl1014-easy-landmark-maze/IntrMotiv/SF_hipposlam/train_dir/analysis/online_spatial/easy_landmark_maze_control_20260923/ELM_CTRL_WAYPOINT_F64_DDQN_HER_S99/policy_00/snapshot_target_000050000000_actual_000050003968.npz,49,0.5,1,1,30,2.961841344833374,1.0,8,8
ELM_CTRL_WAYPOINT_F64_DDQN_HER_S99,0,50000000,50003968,/work/classic/fr_xl1014-easy-landmark-maze/IntrMotiv/SF_hipposlam/train_dir/analysis/online_spatial/easy_landmark_maze_control_20260923/ELM_CTRL_WAYPOINT_F64_DDQN_HER_S99/policy_00/snapshot_target_000050000000_actual_000050003968.npz,50,0.5,2,1,3,0.8297775983810425,0.5177797453183139,8,0
ELM_CTRL_WAYPOINT_F64_DDQN_HER_S99,0,50000000,50003968,/work/classic/fr_xl1014-easy-landmark-maze/IntrMotiv/SF_hipposlam/train_dir/analysis/online_spatial/easy_landmark_maze_control_20260923/ELM_CTRL_WAYPOINT_F64_DDQN_HER_S99/policy_00/snapshot_target_000050000000_actual_000050003968.npz,50,0.5,1,2,1,0.3011065721511841,0.18788996539108369,0,0
ELM_CTRL_WAYPOINT_F64_DDQN_HER_S99,0,50000000,50003968,/work/classic/fr_xl1014-easy-landmark-maze/IntrMotiv/SF_hipposlam/train_dir/analysis/online_spatial/easy_landmark_maze_control_20260923/ELM_CTRL_WAYPOINT_F64_DDQN_HER_S99/policy_00/snapshot_target_000050000000_actual_000050003968.npz,50,0.5,4,3,1,0.25725457072257996,0.16052639450690767,8,8
ELM_CTRL_WAYPOINT_F64_DDQN_HER_S99,0,50000000,50003968,/work/classic/fr_xl1014-easy-landmark-maze/IntrMotiv/SF_hipposlam/train_dir/analysis/online_spatial/easy_landmark_maze_control_20260923/ELM_CTRL_WAYPOINT_F64_DDQN_HER_S99/policy_00/snapshot_target_000050000000_actual_000050003968.npz,50,0.5,3,4,1,0.21442992985248566,0.13380389478369475,0,8
ELM_CTRL_WAYPOINT_F64_DDQN_HER_S99,0,50000000,50003968,/work/classic/fr_xl1014-easy-landmark-maze/IntrMotiv/SF_hipposlam/train_dir/analysis/online_spatial/easy_landmark_maze_control_20260923/ELM_CTRL_WAYPOINT_F64_DDQN_HER_S99/policy_00/snapshot_target_000050000000_actual_000050003968.npz,51,0.5,1,1,15,0.07563174515962601,1.0,3,4
ELM_CTRL_WAYPOINT_F64_DDQN_HER_S99,0,50000000,50003968,/work/classic/fr_xl1014-easy-landmark-maze/IntrMotiv/SF_hipposlam/train_dir/analysis/online_spatial/easy_landmark_maze_control_20260923/ELM_CTRL_WAYPOINT_F64_DDQN_HER_S99/policy_00/snapshot_target_000050000000_actual_000050003968.npz,52,0.5,1,1,10,0.051912955939769745,0.7580176376605459,7,4
ELM_CTRL_WAYPOINT_F64_DDQN_HER_S99,0,50000000,50003968,/work/classic/fr_xl1014-easy-landmark-maze/IntrMotiv/SF_hipposlam/train_dir/analysis/online_spatial/easy_landmark_maze_control_20260923/ELM_CTRL_WAYPOINT_F64_DDQN_HER_S99/policy_00/snapshot_target_000050000000_actual_000050003968.npz,52,0.5,2,2,4,0.016572199761867523,0.24198236233945414,3,4
ELM_CTRL_WAYPOINT_F64_DDQN_HER_S99,0,50000000,50003968,/work/classic/fr_xl1014-easy-landmark-maze/IntrMotiv/SF_hipposlam/train_dir/analysis/online_spatial/easy_landmark_maze_control_20260923/ELM_CTRL_WAYPOINT_F64_DDQN_HER_S99/policy_00/snapshot_target_000050000000_actual_000050003968.npz,53,0.5,1,1,4,0.023190386593341827,0.8618521738414873,8,8
ELM_CTRL_WAYPOINT_F64_DDQN_HER_S99,0,50000000,50003968,/work/classic/fr_xl1014-easy-landmark-maze/IntrMotiv/SF_hipposlam/train_dir/analysis/online_spatial/easy_landmark_maze_control_20260923/ELM_CTRL_WAYPOINT_F64_DDQN_HER_S99/policy_00/snapshot_target_000050000000_actual_000050003968.npz,53,0.5,2,2,1,0.003717228537425399,0.1381478261585128,3,8
ELM_CTRL_WAYPOINT_F64_DDQN_HER_S99,0,50000000,50003968,/work/classic/fr_xl1014-easy-landmark-maze/IntrMotiv/SF_hipposlam/train_dir/analysis/online_spatial/easy_landmark_maze_control_20260923/ELM_CTRL_WAYPOINT_F64_DDQN_HER_S99/policy_00/snapshot_target_000050000000_actual_000050003968.npz,54,0.5,3,1,15,1.271104097366333,0.6969050296103759,2,4
ELM_CTRL_WAYPOINT_F64_DDQN_HER_S99,0,50000000,50003968,/work/classic/fr_xl1014-easy-landmark-maze/IntrMotiv/SF_hipposlam/train_dir/analysis/online_spatial/easy_landmark_maze_control_20260923/ELM_CTRL_WAYPOINT_F64_DDQN_HER_S99/policy_00/snapshot_target_000050000000_actual_000050003968.npz,54,0.5,1,2,4,0.35214346647262573,0.1930688080053275,1,0
ELM_CTRL_WAYPOINT_F64_DDQN_HER_S99,0,50000000,50003968,/work/classic/fr_xl1014-easy-landmark-maze/IntrMotiv/SF_hipposlam/train_dir/analysis/online_spatial/easy_landmark_maze_control_20260923/ELM_CTRL_WAYPOINT_F64_DDQN_HER_S99/policy_00/snapshot_target_000050000000_actual_000050003968.npz,54,0.5,2,3,2,0.13248512148857117,0.0726372825838807,5,0
ELM_CTRL_WAYPOINT_F64_DDQN_HER_S99,0,50000000,50003968,/work/classic/fr_xl1014-easy-landmark-maze/IntrMotiv/SF_hipposlam/train_dir/analysis/online_spatial/easy_landmark_maze_control_20260923/ELM_CTRL_WAYPOINT_F64_DDQN_HER_S99/policy_00/snapshot_target_000050000000_actual_000050003968.npz,54,0.5,4,4,1,0.06819459795951843,0.037388879800415824,4,8
ELM_CTRL_WAYPOINT_F64_DDQN_HER_S99,0,50000000,50003968,/work/classic/fr_xl1014-easy-landmark-maze/IntrMotiv/SF_hipposlam/train_dir/analysis/online_spatial/easy_landmark_maze_control_20260923/ELM_CTRL_WAYPOINT_F64_DDQN_HER_S99/policy_00/snapshot_target_000050000000_actual_000050003968.npz,55,0.5,1,1,18,4.141838073730469,1.0,7,4
ELM_CTRL_WAYPOINT_F64_DDQN_HER_S99,0,50000000,50003968,/work/classic/fr_xl1014-easy-landmark-maze/IntrMotiv/SF_hipposlam/train_dir/analysis/online_spatial/easy_landmark_maze_control_20260923/ELM_CTRL_WAYPOINT_F64_DDQN_HER_S99/policy_00/snapshot_target_000050000000_actual_000050003968.npz,56,0.5,1,1,20,2.8973844051361084,1.0,5,4
ELM_CTRL_WAYPOINT_F64_DDQN_HER_S99,0,50000000,50003968,/work/classic/fr_xl1014-easy-landmark-maze/IntrMotiv/SF_hipposlam/train_dir/analysis/online_spatial/easy_landmark_maze_control_20260923/ELM_CTRL_WAYPOINT_F64_DDQN_HER_S99/policy_00/snapshot_target_000050000000_actual_000050003968.npz,57,0.5,1,1,4,0.037091922014951706,0.589064726298682,0,8
ELM_CTRL_WAYPOINT_F64_DDQN_HER_S99,0,50000000,50003968,/work/classic/fr_xl1014-easy-landmark-maze/IntrMotiv/SF_hipposlam/train_dir/analysis/online_spatial/easy_landmark_maze_control_20260923/ELM_CTRL_WAYPOINT_F64_DDQN_HER_S99/policy_00/snapshot_target_000050000000_actual_000050003968.npz,57,0.5,2,2,3,0.025875559076666832,0.41093527370131805,8,8
ELM_CTRL_WAYPOINT_F64_DDQN_HER_S99,0,50000000,50003968,/work/classic/fr_xl1014-easy-landmark-maze/IntrMotiv/SF_hipposlam/train_dir/analysis/online_spatial/easy_landmark_maze_control_20260923/ELM_CTRL_WAYPOINT_F64_DDQN_HER_S99/policy_00/snapshot_target_000050000000_actual_000050003968.npz,58,0.5,1,1,3,0.01890203356742859,0.6212805639892621,0,8
ELM_CTRL_WAYPOINT_F64_DDQN_HER_S99,0,50000000,50003968,/work/classic/fr_xl1014-easy-landmark-maze/IntrMotiv/SF_hipposlam/train_dir/analysis/online_spatial/easy_landmark_maze_control_20260923/ELM_CTRL_WAYPOINT_F64_DDQN_HER_S99/policy_00/snapshot_target_000050000000_actual_000050003968.npz,58,0.5,2,2,2,0.011522278189659119,0.3787194360107379,8,8
ELM_CTRL_WAYPOINT_F64_DDQN_HER_S99,0,50000000,50003968,/work/classic/fr_xl1014-easy-landmark-maze/IntrMotiv/SF_hipposlam/train_dir/analysis/online_spatial/easy_landmark_maze_control_20260923/ELM_CTRL_WAYPOINT_F64_DDQN_HER_S99/policy_00/snapshot_target_000050000000_actual_000050003968.npz,59,0.5,1,1,10,0.026170972734689713,1.0,8,4
ELM_CTRL_WAYPOINT_F64_DDQN_HER_S99,0,50000000,50003968,/work/classic/fr_xl1014-easy-landmark-maze/IntrMotiv/SF_hipposlam/train_dir/analysis/online_spatial/easy_landmark_maze_control_20260923/ELM_CTRL_WAYPOINT_F64_DDQN_HER_S99/policy_00/snapshot_target_000050000000_actual_000050003968.npz,60,0.5,1,1,12,2.4009132385253906,1.0,5,4
ELM_CTRL_WAYPOINT_F64_DDQN_HER_S99,0,50000000,50003968,/work/classic/fr_xl1014-easy-landmark-maze/IntrMotiv/SF_hipposlam/train_dir/analysis/online_spatial/easy_landmark_maze_control_20260923/ELM_CTRL_WAYPOINT_F64_DDQN_HER_S99/policy_00/snapshot_target_000050000000_actual_000050003968.npz,61,0.5,1,1,29,2.9022486209869385,1.0,5,7
ELM_CTRL_WAYPOINT_F64_DDQN_HER_S99,0,50000000,50003968,/work/classic/fr_xl1014-easy-landmark-maze/IntrMotiv/SF_hipposlam/train_dir/analysis/online_spatial/easy_landmark_maze_control_20260923/ELM_CTRL_WAYPOINT_F64_DDQN_HER_S99/policy_00/snapshot_target_000050000000_actual_000050003968.npz,62,0.5,2,1,5,0.027532901614904404,0.6117691659585149,0,8
ELM_CTRL_WAYPOINT_F64_DDQN_HER_S99,0,50000000,50003968,/work/classic/fr_xl1014-easy-landmark-maze/IntrMotiv/SF_hipposlam/train_dir/analysis/online_spatial/easy_landmark_maze_control_20260923/ELM_CTRL_WAYPOINT_F64_DDQN_HER_S99/policy_00/snapshot_target_000050000000_actual_000050003968.npz,62,0.5,3,2,2,0.009567292407155037,0.21258109945223047,8,8
ELM_CTRL_WAYPOINT_F64_DDQN_HER_S99,0,50000000,50003968,/work/classic/fr_xl1014-easy-landmark-maze/IntrMotiv/SF_hipposlam/train_dir/analysis/online_spatial/easy_landmark_maze_control_20260923/ELM_CTRL_WAYPOINT_F64_DDQN_HER_S99/policy_00/snapshot_target_000050000000_actual_000050003968.npz,62,0.5,1,3,2,0.007905182428658009,0.1756497345892546,0,0
ELM_CTRL_WAYPOINT_F64_DDQN_HER_S99,0,50000000,50003968,/work/classic/fr_xl1014-easy-landmark-maze/IntrMotiv/SF_hipposlam/train_dir/analysis/online_spatial/easy_landmark_maze_control_20260923/ELM_CTRL_WAYPOINT_F64_DDQN_HER_S99/policy_00/snapshot_target_000050000000_actual_000050003968.npz,63,0.5,3,1,12,1.1761325597763062,0.4581754854231939,1,5
ELM_CTRL_WAYPOINT_F64_DDQN_HER_S99,0,50000000,50003968,/work/classic/fr_xl1014-easy-landmark-maze/IntrMotiv/SF_hipposlam/train_dir/analysis/online_spatial/easy_landmark_maze_control_20260923/ELM_CTRL_WAYPOINT_F64_DDQN_HER_S99/policy_00/snapshot_target_000050000000_actual_000050003968.npz,63,0.5,1,2,7,0.6024836897850037,0.23470420466830957,1,1
ELM_CTRL_WAYPOINT_F64_DDQN_HER_S99,0,50000000,50003968,/work/classic/fr_xl1014-easy-landmark-maze/IntrMotiv/SF_hipposlam/train_dir/analysis/online_spatial/easy_landmark_maze_control_20260923/ELM_CTRL_WAYPOINT_F64_DDQN_HER_S99/policy_00/snapshot_target_000050000000_actual_000050003968.npz,63,0.5,2,3,5,0.4925091862678528,0.19186241688315653,7,1
ELM_CTRL_WAYPOINT_F64_DDQN_HER_S99,0,50000000,50003968,/work/classic/fr_xl1014-easy-landmark-maze/IntrMotiv/SF_hipposlam/train_dir/analysis/online_spatial/easy_landmark_maze_control_20260923/ELM_CTRL_WAYPOINT_F64_DDQN_HER_S99/policy_00/snapshot_target_000050000000_actual_000050003968.npz,63,0.5,4,4,2,0.21640285849571228,0.08430213406990245,7,4
ELM_CTRL_WAYPOINT_F64_DDQN_HER_S99,0,50000000,50003968,/work/classic/fr_xl1014-easy-landmark-maze/IntrMotiv/SF_hipposlam/train_dir/analysis/online_spatial/easy_landmark_maze_control_20260923/ELM_CTRL_WAYPOINT_F64_DDQN_HER_S99/policy_00/snapshot_target_000050000000_actual_000050003968.npz,63,0.5,5,5,1,0.0794631689786911,0.03095575895543755,6,7
ELM_CTRL_WAYPOINT_F64_DDQN_HER_S99,0,50000000,50003968,/work/classic/fr_xl1014-easy-landmark-maze/IntrMotiv/SF_hipposlam/train_dir/analysis/online_spatial/easy_landmark_maze_control_20260923/ELM_CTRL_WAYPOINT_F64_DDQN_HER_S99/policy_00/snapshot_target_000050000000_actual_000050003968.npz,0,0.699999988079071,1,1,4,1.3559322357177734,1.0,8,4
ELM_CTRL_WAYPOINT_F64_DDQN_HER_S99,0,50000000,50003968,/work/classic/fr_xl1014-easy-landmark-maze/IntrMotiv/SF_hipposlam/train_dir/analysis/online_spatial/easy_landmark_maze_control_20260923/ELM_CTRL_WAYPOINT_F64_DDQN_HER_S99/policy_00/snapshot_target_000050000000_actual_000050003968.npz,1,0.699999988079071,1,1,4,0.615748405456543,1.0,4,6
ELM_CTRL_WAYPOINT_F64_DDQN_HER_S99,0,50000000,50003968,/work/classic/fr_xl1014-easy-landmark-maze/IntrMotiv/SF_hipposlam/train_dir/analysis/online_spatial/easy_landmark_maze_control_20260923/ELM_CTRL_WAYPOINT_F64_DDQN_HER_S99/policy_00/snapshot_target_000050000000_actual_000050003968.npz,2,0.699999988079071,1,1,2,0.31633904576301575,0.4485445875366212,0,0
ELM_CTRL_WAYPOINT_F64_DDQN_HER_S99,0,50000000,50003968,/work/classic/fr_xl1014-easy-landmark-maze/IntrMotiv/SF_hipposlam/train_dir/analysis/online_spatial/easy_landmark_maze_control_20260923/ELM_CTRL_WAYPOINT_F64_DDQN_HER_S99/policy_00/snapshot_target_000050000000_actual_000050003968.npz,2,0.699999988079071,3,2,2,0.26411208510398865,0.37449074928661824,8,8
ELM_CTRL_WAYPOINT_F64_DDQN_HER_S99,0,50000000,50003968,/work/classic/fr_xl1014-easy-landmark-maze/IntrMotiv/SF_hipposlam/train_dir/analysis/online_spatial/easy_landmark_maze_control_20260923/ELM_CTRL_WAYPOINT_F64_DDQN_HER_S99/policy_00/snapshot_target_000050000000_actual_000050003968.npz,2,0.699999988079071,2,3,1,0.1248055025935173,0.17696466317676057,0,8
ELM_CTRL_WAYPOINT_F64_DDQN_HER_S99,0,50000000,50003968,/work/classic/fr_xl1014-easy-landmark-maze/IntrMotiv/SF_hipposlam/train_dir/analysis/online_spatial/easy_landmark_maze_control_20260923/ELM_CTRL_WAYPOINT_F64_DDQN_HER_S99/policy_00/snapshot_target_000050000000_actual_000050003968.npz,3,0.699999988079071,1,1,7,0.038582075387239456,1.0,7,4
ELM_CTRL_WAYPOINT_F64_DDQN_HER_S99,0,50000000,50003968,/work/classic/fr_xl1014-easy-landmark-maze/IntrMotiv/SF_hipposlam/train_dir/analysis/online_spatial/easy_landmark_maze_control_20260923/ELM_CTRL_WAYPOINT_F64_DDQN_HER_S99/policy_00/snapshot_target_000050000000_actual_000050003968.npz,4,0.699999988079071,1,1,4,0.020214945077896118,1.0,7,4
ELM_CTRL_WAYPOINT_F64_DDQN_HER_S99,0,50000000,50003968,/work/classic/fr_xl1014-easy-landmark-maze/IntrMotiv/SF_hipposlam/train_dir/analysis/online_spatial/easy_landmark_maze_control_20260923/ELM_CTRL_WAYPOINT_F64_DDQN_HER_S99/policy_00/snapshot_target_000050000000_actual_000050003968.npz,5,0.699999988079071,1,1,3,0.5576602220535278,1.0,3,8
ELM_CTRL_WAYPOINT_F64_DDQN_HER_S99,0,50000000,50003968,/work/classic/fr_xl1014-easy-landmark-maze/IntrMotiv/SF_hipposlam/train_dir/analysis/online_spatial/easy_landmark_maze_control_20260923/ELM_CTRL_WAYPOINT_F64_DDQN_HER_S99/policy_00/snapshot_target_000050000000_actual_000050003968.npz,6,0.699999988079071,1,1,13,0.04667220264673233,0.9348359953700395,5,3
ELM_CTRL_WAYPOINT_F64_DDQN_HER_S99,0,50000000,50003968,/work/classic/fr_xl1014-easy-landmark-maze/IntrMotiv/SF_hipposlam/train_dir/analysis/online_spatial/easy_landmark_maze_control_20260923/ELM_CTRL_WAYPOINT_F64_DDQN_HER_S99/policy_00/snapshot_target_000050000000_actual_000050003968.npz,6,0.699999988079071,2,2,1,0.003253348870202899,0.0651640046299605,2,6
ELM_CTRL_WAYPOINT_F64_DDQN_HER_S99,0,50000000,50003968,/work/classic/fr_xl1014-easy-landmark-maze/IntrMotiv/SF_hipposlam/train_dir/analysis/online_spatial/easy_landmark_maze_control_20260923/ELM_CTRL_WAYPOINT_F64_DDQN_HER_S99/policy_00/snapshot_target_000050000000_actual_000050003968.npz,7,0.699999988079071,1,1,4,0.014548465609550476,0.6692806864210766,8,4
ELM_CTRL_WAYPOINT_F64_DDQN_HER_S99,0,50000000,50003968,/work/classic/fr_xl1014-easy-landmark-maze/IntrMotiv/SF_hipposlam/train_dir/analysis/online_spatial/easy_landmark_maze_control_20260923/ELM_CTRL_WAYPOINT_F64_DDQN_HER_S99/policy_00/snapshot_target_000050000000_actual_000050003968.npz,7,0.699999988079071,2,2,1,0.003955038730055094,0.18194571902727308,0,6
ELM_CTRL_WAYPOINT_F64_DDQN_HER_S99,0,50000000,50003968,/work/classic/fr_xl1014-easy-landmark-maze/IntrMotiv/SF_hipposlam/train_dir/analysis/online_spatial/easy_landmark_maze_control_20260923/ELM_CTRL_WAYPOINT_F64_DDQN_HER_S99/policy_00/snapshot_target_000050000000_actual_000050003968.npz,7,0.699999988079071,3,3,1,0.0032339608296751976,0.14877359455165032,4,8
ELM_CTRL_WAYPOINT_F64_DDQN_HER_S99,0,50000000,50003968,/work/classic/fr_xl1014-easy-landmark-maze/IntrMotiv/SF_hipposlam/train_dir/analysis/online_spatial/easy_landmark_maze_control_20260923/ELM_CTRL_WAYPOINT_F64_DDQN_HER_S99/policy_00/snapshot_target_000050000000_actual_000050003968.npz,8,0.699999988079071,3,1,1,0.0031986040994524956,0.38039382039676656,8,8
ELM_CTRL_WAYPOINT_F64_DDQN_HER_S99,0,50000000,50003968,/work/classic/fr_xl1014-easy-landmark-maze/IntrMotiv/SF_hipposlam/train_dir/analysis/online_spatial/easy_landmark_maze_control_20260923/ELM_CTRL_WAYPOINT_F64_DDQN_HER_S99/policy_00/snapshot_target_000050000000_actual_000050003968.npz,8,0.699999988079071,1,2,1,0.002821543486788869,0.3355519073269954,0,0
ELM_CTRL_WAYPOINT_F64_DDQN_HER_S99,0,50000000,50003968,/work/classic/fr_xl1014-easy-landmark-maze/IntrMotiv/SF_hipposlam/train_dir/analysis/online_spatial/easy_landmark_maze_control_20260923/ELM_CTRL_WAYPOINT_F64_DDQN_HER_S99/policy_00/snapshot_target_000050000000_actual_000050003968.npz,8,0.699999988079071,2,3,1,0.002388517139479518,0.28405427227623803,8,0
ELM_CTRL_WAYPOINT_F64_DDQN_HER_S99,0,50000000,50003968,/work/classic/fr_xl1014-easy-landmark-maze/IntrMotiv/SF_hipposlam/train_dir/analysis/online_spatial/easy_landmark_maze_control_20260923/ELM_CTRL_WAYPOINT_F64_DDQN_HER_S99/policy_00/snapshot_target_000050000000_actual_000050003968.npz,9,0.699999988079071,2,1,16,2.8525466918945312,0.9511773904799555,4,3
ELM_CTRL_WAYPOINT_F64_DDQN_HER_S99,0,50000000,50003968,/work/classic/fr_xl1014-easy-landmark-maze/IntrMotiv/SF_hipposlam/train_dir/analysis/online_spatial/easy_landmark_maze_control_20260923/ELM_CTRL_WAYPOINT_F64_DDQN_HER_S99/policy_00/snapshot_target_000050000000_actual_000050003968.npz,9,0.699999988079071,1,2,1,0.14641724526882172,0.048822609520044524,3,0
ELM_CTRL_WAYPOINT_F64_DDQN_HER_S99,0,50000000,50003968,/work/classic/fr_xl1014-easy-landmark-maze/IntrMotiv/SF_hipposlam/train_dir/analysis/online_spatial/easy_landmark_maze_control_20260923/ELM_CTRL_WAYPOINT_F64_DDQN_HER_S99/policy_00/snapshot_target_000050000000_actual_000050003968.npz,10,0.699999988079071,1,1,9,1.282784104347229,0.9091146836967549,6,3
ELM_CTRL_WAYPOINT_F64_DDQN_HER_S99,0,50000000,50003968,/work/classic/fr_xl1014-easy-landmark-maze/IntrMotiv/SF_hipposlam/train_dir/analysis/online_spatial/easy_landmark_maze_control_20260923/ELM_CTRL_WAYPOINT_F64_DDQN_HER_S99/policy_00/snapshot_target_000050000000_actual_000050003968.npz,10,0.699999988079071,2,2,1,0.12824150919914246,0.0908853163032451,2,6
ELM_CTRL_WAYPOINT_F64_DDQN_HER_S99,0,50000000,50003968,/work/classic/fr_xl1014-easy-landmark-maze/IntrMotiv/SF_hipposlam/train_dir/analysis/online_spatial/easy_landmark_maze_control_20260923/ELM_CTRL_WAYPOINT_F64_DDQN_HER_S99/policy_00/snapshot_target_000050000000_actual_000050003968.npz,11,0.699999988079071,2,1,6,1.1636836528778076,0.5808428221907779,3,8
ELM_CTRL_WAYPOINT_F64_DDQN_HER_S99,0,50000000,50003968,/work/classic/fr_xl1014-easy-landmark-maze/IntrMotiv/SF_hipposlam/train_dir/analysis/online_spatial/easy_landmark_maze_control_20260923/ELM_CTRL_WAYPOINT_F64_DDQN_HER_S99/policy_00/snapshot_target_000050000000_actual_000050003968.npz,11,0.699999988079071,1,2,4,0.839756190776825,0.4191571778092221,0,4
ELM_CTRL_WAYPOINT_F64_DDQN_HER_S99,0,50000000,50003968,/work/classic/fr_xl1014-easy-landmark-maze/IntrMotiv/SF_hipposlam/train_dir/analysis/online_spatial/easy_landmark_maze_control_20260923/ELM_CTRL_WAYPOINT_F64_DDQN_HER_S99/policy_00/snapshot_target_000050000000_actual_000050003968.npz,12,0.699999988079071,2,1,1,0.005496038123965263,0.5673817820418635,6,6
ELM_CTRL_WAYPOINT_F64_DDQN_HER_S99,0,50000000,50003968,/work/classic/fr_xl1014-easy-landmark-maze/IntrMotiv/SF_hipposlam/train_dir/analysis/online_spatial/easy_landmark_maze_control_20260923/ELM_CTRL_WAYPOINT_F64_DDQN_HER_S99/policy_00/snapshot_target_000050000000_actual_000050003968.npz,12,0.699999988079071,1,2,1,0.004190628416836262,0.43261821795813643,3,4
ELM_CTRL_WAYPOINT_F64_DDQN_HER_S99,0,50000000,50003968,/work/classic/fr_xl1014-easy-landmark-maze/IntrMotiv/SF_hipposlam/train_dir/analysis/online_spatial/easy_landmark_maze_control_20260923/ELM_CTRL_WAYPOINT_F64_DDQN_HER_S99/policy_00/snapshot_target_000050000000_actual_000050003968.npz,13,0.699999988079071,1,1,8,0.08808359503746033,0.6149332749663103,0,0
ELM_CTRL_WAYPOINT_F64_DDQN_HER_S99,0,50000000,50003968,/work/classic/fr_xl1014-easy-landmark-maze/IntrMotiv/SF_hipposlam/train_dir/analysis/online_spatial/easy_landmark_maze_control_20260923/ELM_CTRL_WAYPOINT_F64_DDQN_HER_S99/policy_00/snapshot_target_000050000000_actual_000050003968.npz,13,0.699999988079071,2,2,3,0.03349532186985016,0.23383909301973818,0,8
ELM_CTRL_WAYPOINT_F64_DDQN_HER_S99,0,50000000,50003968,/work/classic/fr_xl1014-easy-landmark-maze/IntrMotiv/SF_hipposlam/train_dir/analysis/online_spatial/easy_landmark_maze_control_20260923/ELM_CTRL_WAYPOINT_F64_DDQN_HER_S99/policy_00/snapshot_target_000050000000_actual_000050003968.npz,13,0.699999988079071,3,3,2,0.02166198194026947,0.1512276320139515,8,8
ELM_CTRL_WAYPOINT_F64_DDQN_HER_S99,0,50000000,50003968,/work/classic/fr_xl1014-easy-landmark-maze/IntrMotiv/SF_hipposlam/train_dir/analysis/online_spatial/easy_landmark_maze_control_20260923/ELM_CTRL_WAYPOINT_F64_DDQN_HER_S99/policy_00/snapshot_target_000050000000_actual_000050003968.npz,14,0.699999988079071,1,1,3,0.011786333285272121,1.0,3,0
ELM_CTRL_WAYPOINT_F64_DDQN_HER_S99,0,50000000,50003968,/work/classic/fr_xl1014-easy-landmark-maze/IntrMotiv/SF_hipposlam/train_dir/analysis/online_spatial/easy_landmark_maze_control_20260923/ELM_CTRL_WAYPOINT_F64_DDQN_HER_S99/policy_00/snapshot_target_000050000000_actual_000050003968.npz,15,0.699999988079071,2,1,4,0.02100413292646408,0.8027973479193911,8,4
ELM_CTRL_WAYPOINT_F64_DDQN_HER_S99,0,50000000,50003968,/work/classic/fr_xl1014-easy-landmark-maze/IntrMotiv/SF_hipposlam/train_dir/analysis/online_spatial/easy_landmark_maze_control_20260923/ELM_CTRL_WAYPOINT_F64_DDQN_HER_S99/policy_00/snapshot_target_000050000000_actual_000050003968.npz,15,0.699999988079071,1,2,1,0.005159547086805105,0.19720265208060894,5,2
ELM_CTRL_WAYPOINT_F64_DDQN_HER_S99,0,50000000,50003968,/work/classic/fr_xl1014-easy-landmark-maze/IntrMotiv/SF_hipposlam/train_dir/analysis/online_spatial/easy_landmark_maze_control_20260923/ELM_CTRL_WAYPOINT_F64_DDQN_HER_S99/policy_00/snapshot_target_000050000000_actual_000050003968.npz,16,0.699999988079071,1,1,5,0.028852585703134537,1.0,8,5
ELM_CTRL_WAYPOINT_F64_DDQN_HER_S99,0,50000000,50003968,/work/classic/fr_xl1014-easy-landmark-maze/IntrMotiv/SF_hipposlam/train_dir/analysis/online_spatial/easy_landmark_maze_control_20260923/ELM_CTRL_WAYPOINT_F64_DDQN_HER_S99/policy_00/snapshot_target_000050000000_actual_000050003968.npz,17,0.699999988079071,1,1,3,0.020843153819441795,1.0,8,4
ELM_CTRL_WAYPOINT_F64_DDQN_HER_S99,0,50000000,50003968,/work/classic/fr_xl1014-easy-landmark-maze/IntrMotiv/SF_hipposlam/train_dir/analysis/online_spatial/easy_landmark_maze_control_20260923/ELM_CTRL_WAYPOINT_F64_DDQN_HER_S99/policy_00/snapshot_target_000050000000_actual_000050003968.npz,18,0.699999988079071,1,1,3,0.012764803133904934,0.7995130974993528,1,8
ELM_CTRL_WAYPOINT_F64_DDQN_HER_S99,0,50000000,50003968,/work/classic/fr_xl1014-easy-landmark-maze/IntrMotiv/SF_hipposlam/train_dir/analysis/online_spatial/easy_landmark_maze_control_20260923/ELM_CTRL_WAYPOINT_F64_DDQN_HER_S99/policy_00/snapshot_target_000050000000_actual_000050003968.npz,18,0.699999988079071,2,2,1,0.0032009179703891277,0.20048690250064713,6,8
ELM_CTRL_WAYPOINT_F64_DDQN_HER_S99,0,50000000,50003968,/work/classic/fr_xl1014-easy-landmark-maze/IntrMotiv/SF_hipposlam/train_dir/analysis/online_spatial/easy_landmark_maze_control_20260923/ELM_CTRL_WAYPOINT_F64_DDQN_HER_S99/policy_00/snapshot_target_000050000000_actual_000050003968.npz,19,0.699999988079071,1,1,3,0.008889500983059406,0.7896746281539371,3,0
ELM_CTRL_WAYPOINT_F64_DDQN_HER_S99,0,50000000,50003968,/work/classic/fr_xl1014-easy-landmark-maze/IntrMotiv/SF_hipposlam/train_dir/analysis/online_spatial/easy_landmark_maze_control_20260923/ELM_CTRL_WAYPOINT_F64_DDQN_HER_S99/policy_00/snapshot_target_000050000000_actual_000050003968.npz,19,0.699999988079071,2,2,1,0.002367668319493532,0.21032537184606298,0,7
ELM_CTRL_WAYPOINT_F64_DDQN_HER_S99,0,50000000,50003968,/work/classic/fr_xl1014-easy-landmark-maze/IntrMotiv/SF_hipposlam/train_dir/analysis/online_spatial/easy_landmark_maze_control_20260923/ELM_CTRL_WAYPOINT_F64_DDQN_HER_S99/policy_00/snapshot_target_000050000000_actual_000050003968.npz,20,0.699999988079071,1,1,2,0.028199829161167145,1.0,8,3
ELM_CTRL_WAYPOINT_F64_DDQN_HER_S99,0,50000000,50003968,/work/classic/fr_xl1014-easy-landmark-maze/IntrMotiv/SF_hipposlam/train_dir/analysis/online_spatial/easy_landmark_maze_control_20260923/ELM_CTRL_WAYPOINT_F64_DDQN_HER_S99/policy_00/snapshot_target_000050000000_actual_000050003968.npz,21,0.699999988079071,4,1,2,0.2850140929222107,0.3731073714640834,8,8
ELM_CTRL_WAYPOINT_F64_DDQN_HER_S99,0,50000000,50003968,/work/classic/fr_xl1014-easy-landmark-maze/IntrMotiv/SF_hipposlam/train_dir/analysis/online_spatial/easy_landmark_maze_control_20260923/ELM_CTRL_WAYPOINT_F64_DDQN_HER_S99/policy_00/snapshot_target_000050000000_actual_000050003968.npz,21,0.699999988079071,3,2,2,0.2489320933818817,0.3258730053749134,8,1
ELM_CTRL_WAYPOINT_F64_DDQN_HER_S99,0,50000000,50003968,/work/classic/fr_xl1014-easy-landmark-maze/IntrMotiv/SF_hipposlam/train_dir/analysis/online_spatial/easy_landmark_maze_control_20260923/ELM_CTRL_WAYPOINT_F64_DDQN_HER_S99/policy_00/snapshot_target_000050000000_actual_000050003968.npz,21,0.699999988079071,1,3,1,0.12013442814350128,0.15726605041665848,0,0
ELM_CTRL_WAYPOINT_F64_DDQN_HER_S99,0,50000000,50003968,/work/classic/fr_xl1014-easy-landmark-maze/IntrMotiv/SF_hipposlam/train_dir/analysis/online_spatial/easy_landmark_maze_control_20260923/ELM_CTRL_WAYPOINT_F64_DDQN_HER_S99/policy_00/snapshot_target_000050000000_actual_000050003968.npz,21,0.699999988079071,2,4,1,0.10981234163045883,0.1437535727443447,5,0
ELM_CTRL_WAYPOINT_F64_DDQN_HER_S99,0,50000000,50003968,/work/classic/fr_xl1014-easy-landmark-maze/IntrMotiv/SF_hipposlam/train_dir/analysis/online_spatial/easy_landmark_maze_control_20260923/ELM_CTRL_WAYPOINT_F64_DDQN_HER_S99/policy_00/snapshot_target_000050000000_actual_000050003968.npz,22,0.699999988079071,1,1,2,0.33105671405792236,1.0,4,6
ELM_CTRL_WAYPOINT_F64_DDQN_HER_S99,0,50000000,50003968,/work/classic/fr_xl1014-easy-landmark-maze/IntrMotiv/SF_hipposlam/train_dir/analysis/online_spatial/easy_landmark_maze_control_20260923/ELM_CTRL_WAYPOINT_F64_DDQN_HER_S99/policy_00/snapshot_target_000050000000_actual_000050003968.npz,23,0.699999988079071,3,1,1,0.0030978915747255087,0.36808094816757125,8,8
ELM_CTRL_WAYPOINT_F64_DDQN_HER_S99,0,50000000,50003968,/work/classic/fr_xl1014-easy-landmark-maze/IntrMotiv/SF_hipposlam/train_dir/analysis/online_spatial/easy_landmark_maze_control_20260923/ELM_CTRL_WAYPOINT_F64_DDQN_HER_S99/policy_00/snapshot_target_000050000000_actual_000050003968.npz,23,0.699999988079071,1,2,1,0.0029389432165771723,0.34919524446694955,8,0
ELM_CTRL_WAYPOINT_F64_DDQN_HER_S99,0,50000000,50003968,/work/classic/fr_xl1014-easy-landmark-maze/IntrMotiv/SF_hipposlam/train_dir/analysis/online_spatial/easy_landmark_maze_control_20260923/ELM_CTRL_WAYPOINT_F64_DDQN_HER_S99/policy_00/snapshot_target_000050000000_actual_000050003968.npz,23,0.699999988079071,2,3,1,0.0023794975131750107,0.2827238073654792,0,8
ELM_CTRL_WAYPOINT_F64_DDQN_HER_S99,0,50000000,50003968,/work/classic/fr_xl1014-easy-landmark-maze/IntrMotiv/SF_hipposlam/train_dir/analysis/online_spatial/easy_landmark_maze_control_20260923/ELM_CTRL_WAYPOINT_F64_DDQN_HER_S99/policy_00/snapshot_target_000050000000_actual_000050003968.npz,24,0.699999988079071,1,1,4,0.004332421813160181,1.0,0,4
ELM_CTRL_WAYPOINT_F64_DDQN_HER_S99,0,50000000,50003968,/work/classic/fr_xl1014-easy-landmark-maze/IntrMotiv/SF_hipposlam/train_dir/analysis/online_spatial/easy_landmark_maze_control_20260923/ELM_CTRL_WAYPOINT_F64_DDQN_HER_S99/policy_00/snapshot_target_000050000000_actual_000050003968.npz,25,0.699999988079071,3,1,2,0.375840425491333,0.3427517428856951,0,6
ELM_CTRL_WAYPOINT_F64_DDQN_HER_S99,0,50000000,50003968,/work/classic/fr_xl1014-easy-landmark-maze/IntrMotiv/SF_hipposlam/train_dir/analysis/online_spatial/easy_landmark_maze_control_20260923/ELM_CTRL_WAYPOINT_F64_DDQN_HER_S99/policy_00/snapshot_target_000050000000_actual_000050003968.npz,25,0.699999988079071,4,2,2,0.3570778965950012,0.32564105163487,6,6
ELM_CTRL_WAYPOINT_F64_DDQN_HER_S99,0,50000000,50003968,/work/classic/fr_xl1014-easy-landmark-maze/IntrMotiv/SF_hipposlam/train_dir/analysis/online_spatial/easy_landmark_maze_control_20260923/ELM_CTRL_WAYPOINT_F64_DDQN_HER_S99/policy_00/snapshot_target_000050000000_actual_000050003968.npz,25,0.699999988079071,1,3,1,0.18739113211631775,0.17089337063788682,0,2
ELM_CTRL_WAYPOINT_F64_DDQN_HER_S99,0,50000000,50003968,/work/classic/fr_xl1014-easy-landmark-maze/IntrMotiv/SF_hipposlam/train_dir/analysis/online_spatial/easy_landmark_maze_control_20260923/ELM_CTRL_WAYPOINT_F64_DDQN_HER_S99/policy_00/snapshot_target_000050000000_actual_000050003968.npz,25,0.699999988079071,2,4,1,0.17622888088226318,0.1607138348415481,3,4
ELM_CTRL_WAYPOINT_F64_DDQN_HER_S99,0,50000000,50003968,/work/classic/fr_xl1014-easy-landmark-maze/IntrMotiv/SF_hipposlam/train_dir/analysis/online_spatial/easy_landmark_maze_control_20260923/ELM_CTRL_WAYPOINT_F64_DDQN_HER_S99/policy_00/snapshot_target_000050000000_actual_000050003968.npz,26,0.699999988079071,1,1,8,0.033887431025505066,1.0,6,4
ELM_CTRL_WAYPOINT_F64_DDQN_HER_S99,0,50000000,50003968,/work/classic/fr_xl1014-easy-landmark-maze/IntrMotiv/SF_hipposlam/train_dir/analysis/online_spatial/easy_landmark_maze_control_20260923/ELM_CTRL_WAYPOINT_F64_DDQN_HER_S99/policy_00/snapshot_target_000050000000_actual_000050003968.npz,27,0.699999988079071,2,1,1,0.18989402055740356,0.5741656948985395,8,8
ELM_CTRL_WAYPOINT_F64_DDQN_HER_S99,0,50000000,50003968,/work/classic/fr_xl1014-easy-landmark-maze/IntrMotiv/SF_hipposlam/train_dir/analysis/online_spatial/easy_landmark_maze_control_20260923/ELM_CTRL_WAYPOINT_F64_DDQN_HER_S99/policy_00/snapshot_target_000050000000_actual_000050003968.npz,27,0.699999988079071,1,2,1,0.14083632826805115,0.42583430510146053,0,8
ELM_CTRL_WAYPOINT_F64_DDQN_HER_S99,0,50000000,50003968,/work/classic/fr_xl1014-easy-landmark-maze/IntrMotiv/SF_hipposlam/train_dir/analysis/online_spatial/easy_landmark_maze_control_20260923/ELM_CTRL_WAYPOINT_F64_DDQN_HER_S99/policy_00/snapshot_target_000050000000_actual_000050003968.npz,28,0.699999988079071,1,1,1,0.0027888766489923,1.0,8,8
ELM_CTRL_WAYPOINT_F64_DDQN_HER_S99,0,50000000,50003968,/work/classic/fr_xl1014-easy-landmark-maze/IntrMotiv/SF_hipposlam/train_dir/analysis/online_spatial/easy_landmark_maze_control_20260923/ELM_CTRL_WAYPOINT_F64_DDQN_HER_S99/policy_00/snapshot_target_000050000000_actual_000050003968.npz,29,0.699999988079071,1,1,5,1.0536022186279297,0.5377837677184595,0,2
ELM_CTRL_WAYPOINT_F64_DDQN_HER_S99,0,50000000,50003968,/work/classic/fr_xl1014-easy-landmark-maze/IntrMotiv/SF_hipposlam/train_dir/analysis/online_spatial/easy_landmark_maze_control_20260923/ELM_CTRL_WAYPOINT_F64_DDQN_HER_S99/policy_00/snapshot_target_000050000000_actual_000050003968.npz,29,0.699999988079071,2,2,4,0.9055536389350891,0.4622162322815406,0,8
ELM_CTRL_WAYPOINT_F64_DDQN_HER_S99,0,50000000,50003968,/work/classic/fr_xl1014-easy-landmark-maze/IntrMotiv/SF_hipposlam/train_dir/analysis/online_spatial/easy_landmark_maze_control_20260923/ELM_CTRL_WAYPOINT_F64_DDQN_HER_S99/policy_00/snapshot_target_000050000000_actual_000050003968.npz,30,0.699999988079071,4,1,3,0.28287383913993835,0.34306683684701683,5,8
ELM_CTRL_WAYPOINT_F64_DDQN_HER_S99,0,50000000,50003968,/work/classic/fr_xl1014-easy-landmark-maze/IntrMotiv/SF_hipposlam/train_dir/analysis/online_spatial/easy_landmark_maze_control_20260923/ELM_CTRL_WAYPOINT_F64_DDQN_HER_S99/policy_00/snapshot_target_000050000000_actual_000050003968.npz,30,0.699999988079071,1,2,3,0.2641203999519348,0.3203228352037666,2,0
ELM_CTRL_WAYPOINT_F64_DDQN_HER_S99,0,50000000,50003968,/work/classic/fr_xl1014-easy-landmark-maze/IntrMotiv/SF_hipposlam/train_dir/analysis/online_spatial/easy_landmark_maze_control_20260923/ELM_CTRL_WAYPOINT_F64_DDQN_HER_S99/policy_00/snapshot_target_000050000000_actual_000050003968.npz,30,0.699999988079071,3,3,2,0.1966380774974823,0.23848088411373805,8,5
ELM_CTRL_WAYPOINT_F64_DDQN_HER_S99,0,50000000,50003968,/work/classic/fr_xl1014-easy-landmark-maze/IntrMotiv/SF_hipposlam/train_dir/analysis/online_spatial/easy_landmark_maze_control_20260923/ELM_CTRL_WAYPOINT_F64_DDQN_HER_S99/policy_00/snapshot_target_000050000000_actual_000050003968.npz,30,0.699999988079071,2,4,1,0.08091208338737488,0.0981294438354785,0,5
ELM_CTRL_WAYPOINT_F64_DDQN_HER_S99,0,50000000,50003968,/work/classic/fr_xl1014-easy-landmark-maze/IntrMotiv/SF_hipposlam/train_dir/analysis/online_spatial/easy_landmark_maze_control_20260923/ELM_CTRL_WAYPOINT_F64_DDQN_HER_S99/policy_00/snapshot_target_000050000000_actual_000050003968.npz,31,0.699999988079071,1,1,6,0.010477769188582897,1.0,3,0
ELM_CTRL_WAYPOINT_F64_DDQN_HER_S99,0,50000000,50003968,/work/classic/fr_xl1014-easy-landmark-maze/IntrMotiv/SF_hipposlam/train_dir/analysis/online_spatial/easy_landmark_maze_control_20260923/ELM_CTRL_WAYPOINT_F64_DDQN_HER_S99/policy_00/snapshot_target_000050000000_actual_000050003968.npz,32,0.699999988079071,2,1,4,0.04445933550596237,0.6846878199130766,2,5
ELM_CTRL_WAYPOINT_F64_DDQN_HER_S99,0,50000000,50003968,/work/classic/fr_xl1014-easy-landmark-maze/IntrMotiv/SF_hipposlam/train_dir/analysis/online_spatial/easy_landmark_maze_control_20260923/ELM_CTRL_WAYPOINT_F64_DDQN_HER_S99/policy_00/snapshot_target_000050000000_actual_000050003968.npz,32,0.699999988079071,1,2,1,0.01030992716550827,0.15877613720672412,2,2
ELM_CTRL_WAYPOINT_F64_DDQN_HER_S99,0,50000000,50003968,/work/classic/fr_xl1014-easy-landmark-maze/IntrMotiv/SF_hipposlam/train_dir/analysis/online_spatial/easy_landmark_maze_control_20260923/ELM_CTRL_WAYPOINT_F64_DDQN_HER_S99/policy_00/snapshot_target_000050000000_actual_000050003968.npz,32,0.699999988079071,3,3,1,0.010164469480514526,0.1565360428801993,5,4
ELM_CTRL_WAYPOINT_F64_DDQN_HER_S99,0,50000000,50003968,/work/classic/fr_xl1014-easy-landmark-maze/IntrMotiv/SF_hipposlam/train_dir/analysis/online_spatial/easy_landmark_maze_control_20260923/ELM_CTRL_WAYPOINT_F64_DDQN_HER_S99/policy_00/snapshot_target_000050000000_actual_000050003968.npz,33,0.699999988079071,3,1,6,0.668220043182373,0.5473311725889553,4,6
ELM_CTRL_WAYPOINT_F64_DDQN_HER_S99,0,50000000,50003968,/work/classic/fr_xl1014-easy-landmark-maze/IntrMotiv/SF_hipposlam/train_dir/analysis/online_spatial/easy_landmark_maze_control_20260923/ELM_CTRL_WAYPOINT_F64_DDQN_HER_S99/policy_00/snapshot_target_000050000000_actual_000050003968.npz,33,0.699999988079071,1,2,4,0.45306330919265747,0.3710988241185863,3,0
ELM_CTRL_WAYPOINT_F64_DDQN_HER_S99,0,50000000,50003968,/work/classic/fr_xl1014-easy-landmark-maze/IntrMotiv/SF_hipposlam/train_dir/analysis/online_spatial/easy_landmark_maze_control_20260923/ELM_CTRL_WAYPOINT_F64_DDQN_HER_S99/policy_00/snapshot_target_000050000000_actual_000050003968.npz,33,0.699999988079071,2,3,1,0.09958634525537491,0.08157000329245843,2,3
ELM_CTRL_WAYPOINT_F64_DDQN_HER_S99,0,50000000,50003968,/work/classic/fr_xl1014-easy-landmark-maze/IntrMotiv/SF_hipposlam/train_dir/analysis/online_spatial/easy_landmark_maze_control_20260923/ELM_CTRL_WAYPOINT_F64_DDQN_HER_S99/policy_00/snapshot_target_000050000000_actual_000050003968.npz,34,0.699999988079071,3,1,4,0.0067513687536120415,0.466737357016363,5,8
ELM_CTRL_WAYPOINT_F64_DDQN_HER_S99,0,50000000,50003968,/work/classic/fr_xl1014-easy-landmark-maze/IntrMotiv/SF_hipposlam/train_dir/analysis/online_spatial/easy_landmark_maze_control_20260923/ELM_CTRL_WAYPOINT_F64_DDQN_HER_S99/policy_00/snapshot_target_000050000000_actual_000050003968.npz,34,0.699999988079071,4,2,2,0.0029990179464221,0.20732887819359755,2,8
ELM_CTRL_WAYPOINT_F64_DDQN_HER_S99,0,50000000,50003968,/work/classic/fr_xl1014-easy-landmark-maze/IntrMotiv/SF_hipposlam/train_dir/analysis/online_spatial/easy_landmark_maze_control_20260923/ELM_CTRL_WAYPOINT_F64_DDQN_HER_S99/policy_00/snapshot_target_000050000000_actual_000050003968.npz,34,0.699999988079071,5,3,1,0.0017612396040931344,0.1217584682287097,8,8
ELM_CTRL_WAYPOINT_F64_DDQN_HER_S99,0,50000000,50003968,/work/classic/fr_xl1014-easy-landmark-maze/IntrMotiv/SF_hipposlam/train_dir/analysis/online_spatial/easy_landmark_maze_control_20260923/ELM_CTRL_WAYPOINT_F64_DDQN_HER_S99/policy_00/snapshot_target_000050000000_actual_000050003968.npz,34,0.699999988079071,2,4,1,0.001476922770962119,0.10210300396750546,0,1
ELM_CTRL_WAYPOINT_F64_DDQN_HER_S99,0,50000000,50003968,/work/classic/fr_xl1014-easy-landmark-maze/IntrMotiv/SF_hipposlam/train_dir/analysis/online_spatial/easy_landmark_maze_control_20260923/ELM_CTRL_WAYPOINT_F64_DDQN_HER_S99/policy_00/snapshot_target_000050000000_actual_000050003968.npz,34,0.699999988079071,1,5,1,0.0014764785300940275,0.10207229259382428,3,0
ELM_CTRL_WAYPOINT_F64_DDQN_HER_S99,0,50000000,50003968,/work/classic/fr_xl1014-easy-landmark-maze/IntrMotiv/SF_hipposlam/train_dir/analysis/online_spatial/easy_landmark_maze_control_20260923/ELM_CTRL_WAYPOINT_F64_DDQN_HER_S99/policy_00/snapshot_target_000050000000_actual_000050003968.npz,35,0.699999988079071,1,1,4,0.015733271837234497,1.0,2,0
ELM_CTRL_WAYPOINT_F64_DDQN_HER_S99,0,50000000,50003968,/work/classic/fr_xl1014-easy-landmark-maze/IntrMotiv/SF_hipposlam/train_dir/analysis/online_spatial/easy_landmark_maze_control_20260923/ELM_CTRL_WAYPOINT_F64_DDQN_HER_S99/policy_00/snapshot_target_000050000000_actual_000050003968.npz,36,0.699999988079071,1,1,4,0.01502939686179161,0.6845866518157143,8,4
ELM_CTRL_WAYPOINT_F64_DDQN_HER_S99,0,50000000,50003968,/work/classic/fr_xl1014-easy-landmark-maze/IntrMotiv/SF_hipposlam/train_dir/analysis/online_spatial/easy_landmark_maze_control_20260923/ELM_CTRL_WAYPOINT_F64_DDQN_HER_S99/policy_00/snapshot_target_000050000000_actual_000050003968.npz,36,0.699999988079071,2,2,2,0.006924576126039028,0.3154133481842857,6,6
ELM_CTRL_WAYPOINT_F64_DDQN_HER_S99,0,50000000,50003968,/work/classic/fr_xl1014-easy-landmark-maze/IntrMotiv/SF_hipposlam/train_dir/analysis/online_spatial/easy_landmark_maze_control_20260923/ELM_CTRL_WAYPOINT_F64_DDQN_HER_S99/policy_00/snapshot_target_000050000000_actual_000050003968.npz,37,0.699999988079071,3,1,4,0.8742139339447021,0.47369877315598996,6,3
ELM_CTRL_WAYPOINT_F64_DDQN_HER_S99,0,50000000,50003968,/work/classic/fr_xl1014-easy-landmark-maze/IntrMotiv/SF_hipposlam/train_dir/analysis/online_spatial/easy_landmark_maze_control_20260923/ELM_CTRL_WAYPOINT_F64_DDQN_HER_S99/policy_00/snapshot_target_000050000000_actual_000050003968.npz,37,0.699999988079071,2,2,2,0.5311158895492554,0.28778876143954096,5,0
ELM_CTRL_WAYPOINT_F64_DDQN_HER_S99,0,50000000,50003968,/work/classic/fr_xl1014-easy-landmark-maze/IntrMotiv/SF_hipposlam/train_dir/analysis/online_spatial/easy_landmark_maze_control_20260923/ELM_CTRL_WAYPOINT_F64_DDQN_HER_S99/policy_00/snapshot_target_000050000000_actual_000050003968.npz,37,0.699999988079071,1,3,2,0.44017618894577026,0.23851246540446908,2,0
ELM_CTRL_WAYPOINT_F64_DDQN_HER_S99,0,50000000,50003968,/work/classic/fr_xl1014-easy-landmark-maze/IntrMotiv/SF_hipposlam/train_dir/analysis/online_spatial/easy_landmark_maze_control_20260923/ELM_CTRL_WAYPOINT_F64_DDQN_HER_S99/policy_00/snapshot_target_000050000000_actual_000050003968.npz,38,0.699999988079071,1,1,11,0.049482740461826324,1.0,7,4
ELM_CTRL_WAYPOINT_F64_DDQN_HER_S99,0,50000000,50003968,/work/classic/fr_xl1014-easy-landmark-maze/IntrMotiv/SF_hipposlam/train_dir/analysis/online_spatial/easy_landmark_maze_control_20260923/ELM_CTRL_WAYPOINT_F64_DDQN_HER_S99/policy_00/snapshot_target_000050000000_actual_000050003968.npz,39,0.699999988079071,2,1,3,0.47907721996307373,0.508513327816455,0,7
ELM_CTRL_WAYPOINT_F64_DDQN_HER_S99,0,50000000,50003968,/work/classic/fr_xl1014-easy-landmark-maze/IntrMotiv/SF_hipposlam/train_dir/analysis/online_spatial/easy_landmark_maze_control_20260923/ELM_CTRL_WAYPOINT_F64_DDQN_HER_S99/policy_00/snapshot_target_000050000000_actual_000050003968.npz,39,0.699999988079071,1,2,2,0.3139500021934509,0.3332401411106134,8,2
ELM_CTRL_WAYPOINT_F64_DDQN_HER_S99,0,50000000,50003968,/work/classic/fr_xl1014-easy-landmark-maze/IntrMotiv/SF_hipposlam/train_dir/analysis/online_spatial/easy_landmark_maze_control_20260923/ELM_CTRL_WAYPOINT_F64_DDQN_HER_S99/policy_00/snapshot_target_000050000000_actual_000050003968.npz,39,0.699999988079071,3,3,1,0.14908617734909058,0.1582465310729316,8,8
ELM_CTRL_WAYPOINT_F64_DDQN_HER_S99,0,50000000,50003968,/work/classic/fr_xl1014-easy-landmark-maze/IntrMotiv/SF_hipposlam/train_dir/analysis/online_spatial/easy_landmark_maze_control_20260923/ELM_CTRL_WAYPOINT_F64_DDQN_HER_S99/policy_00/snapshot_target_000050000000_actual_000050003968.npz,40,0.699999988079071,1,1,13,0.04015114903450012,1.0,4,4
ELM_CTRL_WAYPOINT_F64_DDQN_HER_S99,0,50000000,50003968,/work/classic/fr_xl1014-easy-landmark-maze/IntrMotiv/SF_hipposlam/train_dir/analysis/online_spatial/easy_landmark_maze_control_20260923/ELM_CTRL_WAYPOINT_F64_DDQN_HER_S99/policy_00/snapshot_target_000050000000_actual_000050003968.npz,41,0.699999988079071,1,1,4,0.020562654361128807,1.0,8,4
ELM_CTRL_WAYPOINT_F64_DDQN_HER_S99,0,50000000,50003968,/work/classic/fr_xl1014-easy-landmark-maze/IntrMotiv/SF_hipposlam/train_dir/analysis/online_spatial/easy_landmark_maze_control_20260923/ELM_CTRL_WAYPOINT_F64_DDQN_HER_S99/policy_00/snapshot_target_000050000000_actual_000050003968.npz,42,0.699999988079071,1,1,10,1.427155613899231,0.7878298235846334,0,3
ELM_CTRL_WAYPOINT_F64_DDQN_HER_S99,0,50000000,50003968,/work/classic/fr_xl1014-easy-landmark-maze/IntrMotiv/SF_hipposlam/train_dir/analysis/online_spatial/easy_landmark_maze_control_20260923/ELM_CTRL_WAYPOINT_F64_DDQN_HER_S99/policy_00/snapshot_target_000050000000_actual_000050003968.npz,42,0.699999988079071,2,2,3,0.38434678316116333,0.2121701764153666,8,8
ELM_CTRL_WAYPOINT_F64_DDQN_HER_S99,0,50000000,50003968,/work/classic/fr_xl1014-easy-landmark-maze/IntrMotiv/SF_hipposlam/train_dir/analysis/online_spatial/easy_landmark_maze_control_20260923/ELM_CTRL_WAYPOINT_F64_DDQN_HER_S99/policy_00/snapshot_target_000050000000_actual_000050003968.npz,43,0.699999988079071,1,1,15,0.030504100024700165,1.0,4,3
ELM_CTRL_WAYPOINT_F64_DDQN_HER_S99,0,50000000,50003968,/work/classic/fr_xl1014-easy-landmark-maze/IntrMotiv/SF_hipposlam/train_dir/analysis/online_spatial/easy_landmark_maze_control_20260923/ELM_CTRL_WAYPOINT_F64_DDQN_HER_S99/policy_00/snapshot_target_000050000000_actual_000050003968.npz,44,0.699999988079071,1,1,4,0.029149286448955536,1.0,8,5
ELM_CTRL_WAYPOINT_F64_DDQN_HER_S99,0,50000000,50003968,/work/classic/fr_xl1014-easy-landmark-maze/IntrMotiv/SF_hipposlam/train_dir/analysis/online_spatial/easy_landmark_maze_control_20260923/ELM_CTRL_WAYPOINT_F64_DDQN_HER_S99/policy_00/snapshot_target_000050000000_actual_000050003968.npz,45,0.699999988079071,2,1,5,0.029931973665952682,0.8489608183485587,7,4
ELM_CTRL_WAYPOINT_F64_DDQN_HER_S99,0,50000000,50003968,/work/classic/fr_xl1014-easy-landmark-maze/IntrMotiv/SF_hipposlam/train_dir/analysis/online_spatial/easy_landmark_maze_control_20260923/ELM_CTRL_WAYPOINT_F64_DDQN_HER_S99/policy_00/snapshot_target_000050000000_actual_000050003968.npz,45,0.699999988079071,1,2,1,0.005325217265635729,0.15103918165144123,4,2
ELM_CTRL_WAYPOINT_F64_DDQN_HER_S99,0,50000000,50003968,/work/classic/fr_xl1014-easy-landmark-maze/IntrMotiv/SF_hipposlam/train_dir/analysis/online_spatial/easy_landmark_maze_control_20260923/ELM_CTRL_WAYPOINT_F64_DDQN_HER_S99/policy_00/snapshot_target_000050000000_actual_000050003968.npz,46,0.699999988079071,1,1,4,0.016693688929080963,1.0,4,2
ELM_CTRL_WAYPOINT_F64_DDQN_HER_S99,0,50000000,50003968,/work/classic/fr_xl1014-easy-landmark-maze/IntrMotiv/SF_hipposlam/train_dir/analysis/online_spatial/easy_landmark_maze_control_20260923/ELM_CTRL_WAYPOINT_F64_DDQN_HER_S99/policy_00/snapshot_target_000050000000_actual_000050003968.npz,47,0.699999988079071,1,1,6,0.01073460653424263,0.6574490748013284,0,0
ELM_CTRL_WAYPOINT_F64_DDQN_HER_S99,0,50000000,50003968,/work/classic/fr_xl1014-easy-landmark-maze/IntrMotiv/SF_hipposlam/train_dir/analysis/online_spatial/easy_landmark_maze_control_20260923/ELM_CTRL_WAYPOINT_F64_DDQN_HER_S99/policy_00/snapshot_target_000050000000_actual_000050003968.npz,47,0.699999988079071,2,2,3,0.005593055859208107,0.34255092519867164,0,8
ELM_CTRL_WAYPOINT_F64_DDQN_HER_S99,0,50000000,50003968,/work/classic/fr_xl1014-easy-landmark-maze/IntrMotiv/SF_hipposlam/train_dir/analysis/online_spatial/easy_landmark_maze_control_20260923/ELM_CTRL_WAYPOINT_F64_DDQN_HER_S99/policy_00/snapshot_target_000050000000_actual_000050003968.npz,48,0.699999988079071,1,1,7,0.03216816484928131,0.7904904696158643,3,4
ELM_CTRL_WAYPOINT_F64_DDQN_HER_S99,0,50000000,50003968,/work/classic/fr_xl1014-easy-landmark-maze/IntrMotiv/SF_hipposlam/train_dir/analysis/online_spatial/easy_landmark_maze_control_20260923/ELM_CTRL_WAYPOINT_F64_DDQN_HER_S99/policy_00/snapshot_target_000050000000_actual_000050003968.npz,48,0.699999988079071,2,2,2,0.008525766432285309,0.2095095303841356,8,6
ELM_CTRL_WAYPOINT_F64_DDQN_HER_S99,0,50000000,50003968,/work/classic/fr_xl1014-easy-landmark-maze/IntrMotiv/SF_hipposlam/train_dir/analysis/online_spatial/easy_landmark_maze_control_20260923/ELM_CTRL_WAYPOINT_F64_DDQN_HER_S99/policy_00/snapshot_target_000050000000_actual_000050003968.npz,49,0.699999988079071,1,1,10,1.1058989763259888,0.6454622061943186,2,0
ELM_CTRL_WAYPOINT_F64_DDQN_HER_S99,0,50000000,50003968,/work/classic/fr_xl1014-easy-landmark-maze/IntrMotiv/SF_hipposlam/train_dir/analysis/online_spatial/easy_landmark_maze_control_20260923/ELM_CTRL_WAYPOINT_F64_DDQN_HER_S99/policy_00/snapshot_target_000050000000_actual_000050003968.npz,49,0.699999988079071,2,2,5,0.6074452996253967,0.35453779380568134,8,8
ELM_CTRL_WAYPOINT_F64_DDQN_HER_S99,0,50000000,50003968,/work/classic/fr_xl1014-easy-landmark-maze/IntrMotiv/SF_hipposlam/train_dir/analysis/online_spatial/easy_landmark_maze_control_20260923/ELM_CTRL_WAYPOINT_F64_DDQN_HER_S99/policy_00/snapshot_target_000050000000_actual_000050003968.npz,50,0.699999988079071,2,1,1,0.408901572227478,0.5759111011118238,8,0
ELM_CTRL_WAYPOINT_F64_DDQN_HER_S99,0,50000000,50003968,/work/classic/fr_xl1014-easy-landmark-maze/IntrMotiv/SF_hipposlam/train_dir/analysis/online_spatial/easy_landmark_maze_control_20260923/ELM_CTRL_WAYPOINT_F64_DDQN_HER_S99/policy_00/snapshot_target_000050000000_actual_000050003968.npz,50,0.699999988079071,1,2,1,0.3011065721511841,0.42408889888817625,0,0
ELM_CTRL_WAYPOINT_F64_DDQN_HER_S99,0,50000000,50003968,/work/classic/fr_xl1014-easy-landmark-maze/IntrMotiv/SF_hipposlam/train_dir/analysis/online_spatial/easy_landmark_maze_control_20260923/ELM_CTRL_WAYPOINT_F64_DDQN_HER_S99/policy_00/snapshot_target_000050000000_actual_000050003968.npz,51,0.699999988079071,2,1,2,0.013025767169892788,0.42760024527920537,3,4
ELM_CTRL_WAYPOINT_F64_DDQN_HER_S99,0,50000000,50003968,/work/classic/fr_xl1014-easy-landmark-maze/IntrMotiv/SF_hipposlam/train_dir/analysis/online_spatial/easy_landmark_maze_control_20260923/ELM_CTRL_WAYPOINT_F64_DDQN_HER_S99/policy_00/snapshot_target_000050000000_actual_000050003968.npz,51,0.699999988079071,3,2,2,0.011951548978686333,0.3923366054450039,8,4
ELM_CTRL_WAYPOINT_F64_DDQN_HER_S99,0,50000000,50003968,/work/classic/fr_xl1014-easy-landmark-maze/IntrMotiv/SF_hipposlam/train_dir/analysis/online_spatial/easy_landmark_maze_control_20260923/ELM_CTRL_WAYPOINT_F64_DDQN_HER_S99/policy_00/snapshot_target_000050000000_actual_000050003968.npz,51,0.699999988079071,1,3,1,0.00548517145216465,0.18006314927579073,5,2
ELM_CTRL_WAYPOINT_F64_DDQN_HER_S99,0,50000000,50003968,/work/classic/fr_xl1014-easy-landmark-maze/IntrMotiv/SF_hipposlam/train_dir/analysis/online_spatial/easy_landmark_maze_control_20260923/ELM_CTRL_WAYPOINT_F64_DDQN_HER_S99/policy_00/snapshot_target_000050000000_actual_000050003968.npz,52,0.699999988079071,1,1,8,0.04375650733709335,0.9037889759567204,7,4
ELM_CTRL_WAYPOINT_F64_DDQN_HER_S99,0,50000000,50003968,/work/classic/fr_xl1014-easy-landmark-maze/IntrMotiv/SF_hipposlam/train_dir/analysis/online_spatial/easy_landmark_maze_control_20260923/ELM_CTRL_WAYPOINT_F64_DDQN_HER_S99/policy_00/snapshot_target_000050000000_actual_000050003968.npz,52,0.699999988079071,2,2,1,0.004658010322600603,0.09621102404327966,3,4
ELM_CTRL_WAYPOINT_F64_DDQN_HER_S99,0,50000000,50003968,/work/classic/fr_xl1014-easy-landmark-maze/IntrMotiv/SF_hipposlam/train_dir/analysis/online_spatial/easy_landmark_maze_control_20260923/ELM_CTRL_WAYPOINT_F64_DDQN_HER_S99/policy_00/snapshot_target_000050000000_actual_000050003968.npz,53,0.699999988079071,1,1,2,0.014297274872660637,1.0,8,8
ELM_CTRL_WAYPOINT_F64_DDQN_HER_S99,0,50000000,50003968,/work/classic/fr_xl1014-easy-landmark-maze/IntrMotiv/SF_hipposlam/train_dir/analysis/online_spatial/easy_landmark_maze_control_20260923/ELM_CTRL_WAYPOINT_F64_DDQN_HER_S99/policy_00/snapshot_target_000050000000_actual_000050003968.npz,54,0.699999988079071,2,1,6,0.5908273458480835,0.748393419083523,2,4
ELM_CTRL_WAYPOINT_F64_DDQN_HER_S99,0,50000000,50003968,/work/classic/fr_xl1014-easy-landmark-maze/IntrMotiv/SF_hipposlam/train_dir/analysis/online_spatial/easy_landmark_maze_control_20260923/ELM_CTRL_WAYPOINT_F64_DDQN_HER_S99/policy_00/snapshot_target_000050000000_actual_000050003968.npz,54,0.699999988079071,1,2,1,0.10776051878929138,0.13649886665819363,1,0
ELM_CTRL_WAYPOINT_F64_DDQN_HER_S99,0,50000000,50003968,/work/classic/fr_xl1014-easy-landmark-maze/IntrMotiv/SF_hipposlam/train_dir/analysis/online_spatial/easy_landmark_maze_control_20260923/ELM_CTRL_WAYPOINT_F64_DDQN_HER_S99/policy_00/snapshot_target_000050000000_actual_000050003968.npz,54,0.699999988079071,3,3,1,0.09087304025888443,0.11510771425828335,5,5
ELM_CTRL_WAYPOINT_F64_DDQN_HER_S99,0,50000000,50003968,/work/classic/fr_xl1014-easy-landmark-maze/IntrMotiv/SF_hipposlam/train_dir/analysis/online_spatial/easy_landmark_maze_control_20260923/ELM_CTRL_WAYPOINT_F64_DDQN_HER_S99/policy_00/snapshot_target_000050000000_actual_000050003968.npz,55,0.699999988079071,1,1,13,3.201188802719116,1.0,7,4
ELM_CTRL_WAYPOINT_F64_DDQN_HER_S99,0,50000000,50003968,/work/classic/fr_xl1014-easy-landmark-maze/IntrMotiv/SF_hipposlam/train_dir/analysis/online_spatial/easy_landmark_maze_control_20260923/ELM_CTRL_WAYPOINT_F64_DDQN_HER_S99/policy_00/snapshot_target_000050000000_actual_000050003968.npz,56,0.699999988079071,2,1,9,1.481048822402954,0.707838233002705,5,4
ELM_CTRL_WAYPOINT_F64_DDQN_HER_S99,0,50000000,50003968,/work/classic/fr_xl1014-easy-landmark-maze/IntrMotiv/SF_hipposlam/train_dir/analysis/online_spatial/easy_landmark_maze_control_20260923/ELM_CTRL_WAYPOINT_F64_DDQN_HER_S99/policy_00/snapshot_target_000050000000_actual_000050003968.npz,56,0.699999988079071,3,2,2,0.322296679019928,0.1540353756940746,2,6
ELM_CTRL_WAYPOINT_F64_DDQN_HER_S99,0,50000000,50003968,/work/classic/fr_xl1014-easy-landmark-maze/IntrMotiv/SF_hipposlam/train_dir/analysis/online_spatial/easy_landmark_maze_control_20260923/ELM_CTRL_WAYPOINT_F64_DDQN_HER_S99/policy_00/snapshot_target_000050000000_actual_000050003968.npz,56,0.699999988079071,1,3,1,0.1532515585422516,0.0732435762836346,2,2
ELM_CTRL_WAYPOINT_F64_DDQN_HER_S99,0,50000000,50003968,/work/classic/fr_xl1014-easy-landmark-maze/IntrMotiv/SF_hipposlam/train_dir/analysis/online_spatial/easy_landmark_maze_control_20260923/ELM_CTRL_WAYPOINT_F64_DDQN_HER_S99/policy_00/snapshot_target_000050000000_actual_000050003968.npz,56,0.699999988079071,4,4,1,0.13575787842273712,0.06488281501958583,6,8
ELM_CTRL_WAYPOINT_F64_DDQN_HER_S99,0,50000000,50003968,/work/classic/fr_xl1014-easy-landmark-maze/IntrMotiv/SF_hipposlam/train_dir/analysis/online_spatial/easy_landmark_maze_control_20260923/ELM_CTRL_WAYPOINT_F64_DDQN_HER_S99/policy_00/snapshot_target_000050000000_actual_000050003968.npz,57,0.699999988079071,1,1,3,0.030160989612340927,0.6065590326196296,0,8
ELM_CTRL_WAYPOINT_F64_DDQN_HER_S99,0,50000000,50003968,/work/classic/fr_xl1014-easy-landmark-maze/IntrMotiv/SF_hipposlam/train_dir/analysis/online_spatial/easy_landmark_maze_control_20260923/ELM_CTRL_WAYPOINT_F64_DDQN_HER_S99/policy_00/snapshot_target_000050000000_actual_000050003968.npz,57,0.699999988079071,2,2,2,0.019563749432563782,0.3934409673803704,8,8
ELM_CTRL_WAYPOINT_F64_DDQN_HER_S99,0,50000000,50003968,/work/classic/fr_xl1014-easy-landmark-maze/IntrMotiv/SF_hipposlam/train_dir/analysis/online_spatial/easy_landmark_maze_control_20260923/ELM_CTRL_WAYPOINT_F64_DDQN_HER_S99/policy_00/snapshot_target_000050000000_actual_000050003968.npz,58,0.699999988079071,1,1,3,0.01890203356742859,0.7392662645630698,0,8
ELM_CTRL_WAYPOINT_F64_DDQN_HER_S99,0,50000000,50003968,/work/classic/fr_xl1014-easy-landmark-maze/IntrMotiv/SF_hipposlam/train_dir/analysis/online_spatial/easy_landmark_maze_control_20260923/ELM_CTRL_WAYPOINT_F64_DDQN_HER_S99/policy_00/snapshot_target_000050000000_actual_000050003968.npz,58,0.699999988079071,2,2,1,0.0066666072234511375,0.26073373543693024,8,8
ELM_CTRL_WAYPOINT_F64_DDQN_HER_S99,0,50000000,50003968,/work/classic/fr_xl1014-easy-landmark-maze/IntrMotiv/SF_hipposlam/train_dir/analysis/online_spatial/easy_landmark_maze_control_20260923/ELM_CTRL_WAYPOINT_F64_DDQN_HER_S99/policy_00/snapshot_target_000050000000_actual_000050003968.npz,59,0.699999988079071,2,1,2,0.007142546121031046,0.690897373087958,8,4
ELM_CTRL_WAYPOINT_F64_DDQN_HER_S99,0,50000000,50003968,/work/classic/fr_xl1014-easy-landmark-maze/IntrMotiv/SF_hipposlam/train_dir/analysis/online_spatial/easy_landmark_maze_control_20260923/ELM_CTRL_WAYPOINT_F64_DDQN_HER_S99/policy_00/snapshot_target_000050000000_actual_000050003968.npz,59,0.699999988079071,1,2,1,0.003195524914190173,0.3091026269120421,5,2
ELM_CTRL_WAYPOINT_F64_DDQN_HER_S99,0,50000000,50003968,/work/classic/fr_xl1014-easy-landmark-maze/IntrMotiv/SF_hipposlam/train_dir/analysis/online_spatial/easy_landmark_maze_control_20260923/ELM_CTRL_WAYPOINT_F64_DDQN_HER_S99/policy_00/snapshot_target_000050000000_actual_000050003968.npz,60,0.699999988079071,1,1,5,1.2331651449203491,1.0,5,4
ELM_CTRL_WAYPOINT_F64_DDQN_HER_S99,0,50000000,50003968,/work/classic/fr_xl1014-easy-landmark-maze/IntrMotiv/SF_hipposlam/train_dir/analysis/online_spatial/easy_landmark_maze_control_20260923/ELM_CTRL_WAYPOINT_F64_DDQN_HER_S99/policy_00/snapshot_target_000050000000_actual_000050003968.npz,61,0.699999988079071,2,1,8,1.0008913278579712,0.9019544072356508,5,7
ELM_CTRL_WAYPOINT_F64_DDQN_HER_S99,0,50000000,50003968,/work/classic/fr_xl1014-easy-landmark-maze/IntrMotiv/SF_hipposlam/train_dir/analysis/online_spatial/easy_landmark_maze_control_20260923/ELM_CTRL_WAYPOINT_F64_DDQN_HER_S99/policy_00/snapshot_target_000050000000_actual_000050003968.npz,61,0.699999988079071,1,2,1,0.10880038142204285,0.09804559276434921,2,2
ELM_CTRL_WAYPOINT_F64_DDQN_HER_S99,0,50000000,50003968,/work/classic/fr_xl1014-easy-landmark-maze/IntrMotiv/SF_hipposlam/train_dir/analysis/online_spatial/easy_landmark_maze_control_20260923/ELM_CTRL_WAYPOINT_F64_DDQN_HER_S99/policy_00/snapshot_target_000050000000_actual_000050003968.npz,62,0.699999988079071,1,1,3,0.01876969449222088,0.7709967024405338,0,8
ELM_CTRL_WAYPOINT_F64_DDQN_HER_S99,0,50000000,50003968,/work/classic/fr_xl1014-easy-landmark-maze/IntrMotiv/SF_hipposlam/train_dir/analysis/online_spatial/easy_landmark_maze_control_20260923/ELM_CTRL_WAYPOINT_F64_DDQN_HER_S99/policy_00/snapshot_target_000050000000_actual_000050003968.npz,62,0.699999988079071,2,2,1,0.005575019866228104,0.22900329755946627,8,8
ELM_CTRL_WAYPOINT_F64_DDQN_HER_S99,0,50000000,50003968,/work/classic/fr_xl1014-easy-landmark-maze/IntrMotiv/SF_hipposlam/train_dir/analysis/online_spatial/easy_landmark_maze_control_20260923/ELM_CTRL_WAYPOINT_F64_DDQN_HER_S99/policy_00/snapshot_target_000050000000_actual_000050003968.npz,63,0.699999988079071,3,1,4,0.5072064995765686,0.4753403799129629,1,5
ELM_CTRL_WAYPOINT_F64_DDQN_HER_S99,0,50000000,50003968,/work/classic/fr_xl1014-easy-landmark-maze/IntrMotiv/SF_hipposlam/train_dir/analysis/online_spatial/easy_landmark_maze_control_20260923/ELM_CTRL_WAYPOINT_F64_DDQN_HER_S99/policy_00/snapshot_target_000050000000_actual_000050003968.npz,63,0.699999988079071,2,2,2,0.23942233622074127,0.22438021664514538,7,1
ELM_CTRL_WAYPOINT_F64_DDQN_HER_S99,0,50000000,50003968,/work/classic/fr_xl1014-easy-landmark-maze/IntrMotiv/SF_hipposlam/train_dir/analysis/online_spatial/easy_landmark_maze_control_20260923/ELM_CTRL_WAYPOINT_F64_DDQN_HER_S99/policy_00/snapshot_target_000050000000_actual_000050003968.npz,63,0.699999988079071,4,3,2,0.21640285849571228,0.202806977153246,7,4
ELM_CTRL_WAYPOINT_F64_DDQN_HER_S99,0,50000000,50003968,/work/classic/fr_xl1014-easy-landmark-maze/IntrMotiv/SF_hipposlam/train_dir/analysis/online_spatial/easy_landmark_maze_control_20260923/ELM_CTRL_WAYPOINT_F64_DDQN_HER_S99/policy_00/snapshot_target_000050000000_actual_000050003968.npz,63,0.699999988079071,1,4,1,0.10400683432817459,0.09747242628864572,1,1
ELM_CTRL_WAYPOINT_F64_DDQN_HER_S99,0,75000000,75005952,/work/classic/fr_xl1014-easy-landmark-maze/IntrMotiv/SF_hipposlam/train_dir/analysis/online_spatial/easy_landmark_maze_control_20260923/ELM_CTRL_WAYPOINT_F64_DDQN_HER_S99/policy_00/snapshot_target_000075000000_actual_000075005952.npz,0,0.30000001192092896,1,1,19,0.021488498896360397,0.851125456650732,6,5
ELM_CTRL_WAYPOINT_F64_DDQN_HER_S99,0,75000000,75005952,/work/classic/fr_xl1014-easy-landmark-maze/IntrMotiv/SF_hipposlam/train_dir/analysis/online_spatial/easy_landmark_maze_control_20260923/ELM_CTRL_WAYPOINT_F64_DDQN_HER_S99/policy_00/snapshot_target_000075000000_actual_000075005952.npz,0,0.30000001192092896,2,2,4,0.0037586591206490993,0.148874543349268,2,6
ELM_CTRL_WAYPOINT_F64_DDQN_HER_S99,0,75000000,75005952,/work/classic/fr_xl1014-easy-landmark-maze/IntrMotiv/SF_hipposlam/train_dir/analysis/online_spatial/easy_landmark_maze_control_20260923/ELM_CTRL_WAYPOINT_F64_DDQN_HER_S99/policy_00/snapshot_target_000075000000_actual_000075005952.npz,1,0.30000001192092896,1,1,39,3.2145142555236816,1.0,0,3
ELM_CTRL_WAYPOINT_F64_DDQN_HER_S99,0,75000000,75005952,/work/classic/fr_xl1014-easy-landmark-maze/IntrMotiv/SF_hipposlam/train_dir/analysis/online_spatial/easy_landmark_maze_control_20260923/ELM_CTRL_WAYPOINT_F64_DDQN_HER_S99/policy_00/snapshot_target_000075000000_actual_000075005952.npz,2,0.30000001192092896,1,1,69,5.811766147613525,1.0,2,7
ELM_CTRL_WAYPOINT_F64_DDQN_HER_S99,0,75000000,75005952,/work/classic/fr_xl1014-easy-landmark-maze/IntrMotiv/SF_hipposlam/train_dir/analysis/online_spatial/easy_landmark_maze_control_20260923/ELM_CTRL_WAYPOINT_F64_DDQN_HER_S99/policy_00/snapshot_target_000075000000_actual_000075005952.npz,3,0.30000001192092896,1,1,31,0.14732305705547333,1.0,6,5
ELM_CTRL_WAYPOINT_F64_DDQN_HER_S99,0,75000000,75005952,/work/classic/fr_xl1014-easy-landmark-maze/IntrMotiv/SF_hipposlam/train_dir/analysis/online_spatial/easy_landmark_maze_control_20260923/ELM_CTRL_WAYPOINT_F64_DDQN_HER_S99/policy_00/snapshot_target_000075000000_actual_000075005952.npz,4,0.30000001192092896,1,1,19,0.06164740025997162,1.0,6,5
ELM_CTRL_WAYPOINT_F64_DDQN_HER_S99,0,75000000,75005952,/work/classic/fr_xl1014-easy-landmark-maze/IntrMotiv/SF_hipposlam/train_dir/analysis/online_spatial/easy_landmark_maze_control_20260923/ELM_CTRL_WAYPOINT_F64_DDQN_HER_S99/policy_00/snapshot_target_000075000000_actual_000075005952.npz,5,0.30000001192092896,1,1,56,6.243846416473389,1.0,4,0
ELM_CTRL_WAYPOINT_F64_DDQN_HER_S99,0,75000000,75005952,/work/classic/fr_xl1014-easy-landmark-maze/IntrMotiv/SF_hipposlam/train_dir/analysis/online_spatial/easy_landmark_maze_control_20260923/ELM_CTRL_WAYPOINT_F64_DDQN_HER_S99/policy_00/snapshot_target_000075000000_actual_000075005952.npz,6,0.30000001192092896,1,1,17,0.01957288198173046,0.8530147966630817,6,5
ELM_CTRL_WAYPOINT_F64_DDQN_HER_S99,0,75000000,75005952,/work/classic/fr_xl1014-easy-landmark-maze/IntrMotiv/SF_hipposlam/train_dir/analysis/online_spatial/easy_landmark_maze_control_20260923/ELM_CTRL_WAYPOINT_F64_DDQN_HER_S99/policy_00/snapshot_target_000075000000_actual_000075005952.npz,6,0.30000001192092896,2,2,4,0.0033726543188095093,0.14698520333691836,2,6
ELM_CTRL_WAYPOINT_F64_DDQN_HER_S99,0,75000000,75005952,/work/classic/fr_xl1014-easy-landmark-maze/IntrMotiv/SF_hipposlam/train_dir/analysis/online_spatial/easy_landmark_maze_control_20260923/ELM_CTRL_WAYPOINT_F64_DDQN_HER_S99/policy_00/snapshot_target_000075000000_actual_000075005952.npz,7,0.30000001192092896,1,1,22,3.099095344543457,1.0,0,2
ELM_CTRL_WAYPOINT_F64_DDQN_HER_S99,0,75000000,75005952,/work/classic/fr_xl1014-easy-landmark-maze/IntrMotiv/SF_hipposlam/train_dir/analysis/online_spatial/easy_landmark_maze_control_20260923/ELM_CTRL_WAYPOINT_F64_DDQN_HER_S99/policy_00/snapshot_target_000075000000_actual_000075005952.npz,8,0.30000001192092896,2,1,3,0.005333956331014633,0.6903602946749169,8,8
ELM_CTRL_WAYPOINT_F64_DDQN_HER_S99,0,75000000,75005952,/work/classic/fr_xl1014-easy-landmark-maze/IntrMotiv/SF_hipposlam/train_dir/analysis/online_spatial/easy_landmark_maze_control_20260923/ELM_CTRL_WAYPOINT_F64_DDQN_HER_S99/policy_00/snapshot_target_000075000000_actual_000075005952.npz,8,0.30000001192092896,1,2,2,0.0023923807311803102,0.30963970532508306,0,8
ELM_CTRL_WAYPOINT_F64_DDQN_HER_S99,0,75000000,75005952,/work/classic/fr_xl1014-easy-landmark-maze/IntrMotiv/SF_hipposlam/train_dir/analysis/online_spatial/easy_landmark_maze_control_20260923/ELM_CTRL_WAYPOINT_F64_DDQN_HER_S99/policy_00/snapshot_target_000075000000_actual_000075005952.npz,9,0.30000001192092896,1,1,38,5.4896931648254395,1.0,7,4
ELM_CTRL_WAYPOINT_F64_DDQN_HER_S99,0,75000000,75005952,/work/classic/fr_xl1014-easy-landmark-maze/IntrMotiv/SF_hipposlam/train_dir/analysis/online_spatial/easy_landmark_maze_control_20260923/ELM_CTRL_WAYPOINT_F64_DDQN_HER_S99/policy_00/snapshot_target_000075000000_actual_000075005952.npz,10,0.30000001192092896,1,1,30,4.298161029815674,0.9802282013830704,5,4
ELM_CTRL_WAYPOINT_F64_DDQN_HER_S99,0,75000000,75005952,/work/classic/fr_xl1014-easy-landmark-maze/IntrMotiv/SF_hipposlam/train_dir/analysis/online_spatial/easy_landmark_maze_control_20260923/ELM_CTRL_WAYPOINT_F64_DDQN_HER_S99/policy_00/snapshot_target_000075000000_actual_000075005952.npz,10,0.30000001192092896,2,2,1,0.08669652044773102,0.019771798616929535,0,4
ELM_CTRL_WAYPOINT_F64_DDQN_HER_S99,0,75000000,75005952,/work/classic/fr_xl1014-easy-landmark-maze/IntrMotiv/SF_hipposlam/train_dir/analysis/online_spatial/easy_landmark_maze_control_20260923/ELM_CTRL_WAYPOINT_F64_DDQN_HER_S99/policy_00/snapshot_target_000075000000_actual_000075005952.npz,11,0.30000001192092896,1,1,46,2.889789342880249,1.0,4,8
ELM_CTRL_WAYPOINT_F64_DDQN_HER_S99,0,75000000,75005952,/work/classic/fr_xl1014-easy-landmark-maze/IntrMotiv/SF_hipposlam/train_dir/analysis/online_spatial/easy_landmark_maze_control_20260923/ELM_CTRL_WAYPOINT_F64_DDQN_HER_S99/policy_00/snapshot_target_000075000000_actual_000075005952.npz,13,0.30000001192092896,1,1,34,2.457939863204956,0.9708287618327691,5,0
ELM_CTRL_WAYPOINT_F64_DDQN_HER_S99,0,75000000,75005952,/work/classic/fr_xl1014-easy-landmark-maze/IntrMotiv/SF_hipposlam/train_dir/analysis/online_spatial/easy_landmark_maze_control_20260923/ELM_CTRL_WAYPOINT_F64_DDQN_HER_S99/policy_00/snapshot_target_000075000000_actual_000075005952.npz,13,0.30000001192092896,2,2,2,0.07385560870170593,0.02917123816723088,6,8
ELM_CTRL_WAYPOINT_F64_DDQN_HER_S99,0,75000000,75005952,/work/classic/fr_xl1014-easy-landmark-maze/IntrMotiv/SF_hipposlam/train_dir/analysis/online_spatial/easy_landmark_maze_control_20260923/ELM_CTRL_WAYPOINT_F64_DDQN_HER_S99/policy_00/snapshot_target_000075000000_actual_000075005952.npz,14,0.30000001192092896,1,1,24,0.018057994544506073,1.0,6,6
ELM_CTRL_WAYPOINT_F64_DDQN_HER_S99,0,75000000,75005952,/work/classic/fr_xl1014-easy-landmark-maze/IntrMotiv/SF_hipposlam/train_dir/analysis/online_spatial/easy_landmark_maze_control_20260923/ELM_CTRL_WAYPOINT_F64_DDQN_HER_S99/policy_00/snapshot_target_000075000000_actual_000075005952.npz,15,0.30000001192092896,2,1,7,0.0017309420509263873,0.9155972133536816,6,6
ELM_CTRL_WAYPOINT_F64_DDQN_HER_S99,0,75000000,75005952,/work/classic/fr_xl1014-easy-landmark-maze/IntrMotiv/SF_hipposlam/train_dir/analysis/online_spatial/easy_landmark_maze_control_20260923/ELM_CTRL_WAYPOINT_F64_DDQN_HER_S99/policy_00/snapshot_target_000075000000_actual_000075005952.npz,15,0.30000001192092896,1,2,1,0.00015956397692207247,0.08440278664631842,3,4
ELM_CTRL_WAYPOINT_F64_DDQN_HER_S99,0,75000000,75005952,/work/classic/fr_xl1014-easy-landmark-maze/IntrMotiv/SF_hipposlam/train_dir/analysis/online_spatial/easy_landmark_maze_control_20260923/ELM_CTRL_WAYPOINT_F64_DDQN_HER_S99/policy_00/snapshot_target_000075000000_actual_000075005952.npz,16,0.30000001192092896,2,1,8,0.002181506948545575,0.5073249275710425,6,4
ELM_CTRL_WAYPOINT_F64_DDQN_HER_S99,0,75000000,75005952,/work/classic/fr_xl1014-easy-landmark-maze/IntrMotiv/SF_hipposlam/train_dir/analysis/online_spatial/easy_landmark_maze_control_20260923/ELM_CTRL_WAYPOINT_F64_DDQN_HER_S99/policy_00/snapshot_target_000075000000_actual_000075005952.npz,16,0.30000001192092896,1,2,6,0.002118512289598584,0.4926750724289575,2,4
ELM_CTRL_WAYPOINT_F64_DDQN_HER_S99,0,75000000,75005952,/work/classic/fr_xl1014-easy-landmark-maze/IntrMotiv/SF_hipposlam/train_dir/analysis/online_spatial/easy_landmark_maze_control_20260923/ELM_CTRL_WAYPOINT_F64_DDQN_HER_S99/policy_00/snapshot_target_000075000000_actual_000075005952.npz,17,0.30000001192092896,1,1,30,0.07876129448413849,1.0,3,4
ELM_CTRL_WAYPOINT_F64_DDQN_HER_S99,0,75000000,75005952,/work/classic/fr_xl1014-easy-landmark-maze/IntrMotiv/SF_hipposlam/train_dir/analysis/online_spatial/easy_landmark_maze_control_20260923/ELM_CTRL_WAYPOINT_F64_DDQN_HER_S99/policy_00/snapshot_target_000075000000_actual_000075005952.npz,18,0.30000001192092896,1,1,44,3.9045372009277344,1.0,5,0
ELM_CTRL_WAYPOINT_F64_DDQN_HER_S99,0,75000000,75005952,/work/classic/fr_xl1014-easy-landmark-maze/IntrMotiv/SF_hipposlam/train_dir/analysis/online_spatial/easy_landmark_maze_control_20260923/ELM_CTRL_WAYPOINT_F64_DDQN_HER_S99/policy_00/snapshot_target_000075000000_actual_000075005952.npz,19,0.30000001192092896,5,1,11,0.017319733276963234,0.6093295750288668,4,8
ELM_CTRL_WAYPOINT_F64_DDQN_HER_S99,0,75000000,75005952,/work/classic/fr_xl1014-easy-landmark-maze/IntrMotiv/SF_hipposlam/train_dir/analysis/online_spatial/easy_landmark_maze_control_20260923/ELM_CTRL_WAYPOINT_F64_DDQN_HER_S99/policy_00/snapshot_target_000075000000_actual_000075005952.npz,19,0.30000001192092896,1,2,4,0.005330362357199192,0.1875287210214783,1,0
ELM_CTRL_WAYPOINT_F64_DDQN_HER_S99,0,75000000,75005952,/work/classic/fr_xl1014-easy-landmark-maze/IntrMotiv/SF_hipposlam/train_dir/analysis/online_spatial/easy_landmark_maze_control_20260923/ELM_CTRL_WAYPOINT_F64_DDQN_HER_S99/policy_00/snapshot_target_000075000000_actual_000075005952.npz,19,0.30000001192092896,3,3,3,0.0027497156988829374,0.09673838918057032,0,6
ELM_CTRL_WAYPOINT_F64_DDQN_HER_S99,0,75000000,75005952,/work/classic/fr_xl1014-easy-landmark-maze/IntrMotiv/SF_hipposlam/train_dir/analysis/online_spatial/easy_landmark_maze_control_20260923/ELM_CTRL_WAYPOINT_F64_DDQN_HER_S99/policy_00/snapshot_target_000075000000_actual_000075005952.npz,19,0.30000001192092896,2,4,2,0.0021863444708287716,0.07691829463960377,5,0
ELM_CTRL_WAYPOINT_F64_DDQN_HER_S99,0,75000000,75005952,/work/classic/fr_xl1014-easy-landmark-maze/IntrMotiv/SF_hipposlam/train_dir/analysis/online_spatial/easy_landmark_maze_control_20260923/ELM_CTRL_WAYPOINT_F64_DDQN_HER_S99/policy_00/snapshot_target_000075000000_actual_000075005952.npz,19,0.30000001192092896,4,5,1,0.0008380894432775676,0.029485020129480826,8,5
ELM_CTRL_WAYPOINT_F64_DDQN_HER_S99,0,75000000,75005952,/work/classic/fr_xl1014-easy-landmark-maze/IntrMotiv/SF_hipposlam/train_dir/analysis/online_spatial/easy_landmark_maze_control_20260923/ELM_CTRL_WAYPOINT_F64_DDQN_HER_S99/policy_00/snapshot_target_000075000000_actual_000075005952.npz,20,0.30000001192092896,1,1,29,2.783632755279541,1.0,7,3
ELM_CTRL_WAYPOINT_F64_DDQN_HER_S99,0,75000000,75005952,/work/classic/fr_xl1014-easy-landmark-maze/IntrMotiv/SF_hipposlam/train_dir/analysis/online_spatial/easy_landmark_maze_control_20260923/ELM_CTRL_WAYPOINT_F64_DDQN_HER_S99/policy_00/snapshot_target_000075000000_actual_000075005952.npz,21,0.30000001192092896,1,1,60,5.052918434143066,1.0,2,7
ELM_CTRL_WAYPOINT_F64_DDQN_HER_S99,0,75000000,75005952,/work/classic/fr_xl1014-easy-landmark-maze/IntrMotiv/SF_hipposlam/train_dir/analysis/online_spatial/easy_landmark_maze_control_20260923/ELM_CTRL_WAYPOINT_F64_DDQN_HER_S99/policy_00/snapshot_target_000075000000_actual_000075005952.npz,22,0.30000001192092896,1,1,46,4.066091537475586,1.0,0,3
ELM_CTRL_WAYPOINT_F64_DDQN_HER_S99,0,75000000,75005952,/work/classic/fr_xl1014-easy-landmark-maze/IntrMotiv/SF_hipposlam/train_dir/analysis/online_spatial/easy_landmark_maze_control_20260923/ELM_CTRL_WAYPOINT_F64_DDQN_HER_S99/policy_00/snapshot_target_000075000000_actual_000075005952.npz,23,0.30000001192092896,2,1,3,0.5121439695358276,0.30932397949609713,8,0
ELM_CTRL_WAYPOINT_F64_DDQN_HER_S99,0,75000000,75005952,/work/classic/fr_xl1014-easy-landmark-maze/IntrMotiv/SF_hipposlam/train_dir/analysis/online_spatial/easy_landmark_maze_control_20260923/ELM_CTRL_WAYPOINT_F64_DDQN_HER_S99/policy_00/snapshot_target_000075000000_actual_000075005952.npz,23,0.30000001192092896,1,2,3,0.3965039849281311,0.23947990760330534,0,0
ELM_CTRL_WAYPOINT_F64_DDQN_HER_S99,0,75000000,75005952,/work/classic/fr_xl1014-easy-landmark-maze/IntrMotiv/SF_hipposlam/train_dir/analysis/online_spatial/easy_landmark_maze_control_20260923/ELM_CTRL_WAYPOINT_F64_DDQN_HER_S99/policy_00/snapshot_target_000075000000_actual_000075005952.npz,23,0.30000001192092896,3,3,3,0.389005571603775,0.23495102668824047,0,8
ELM_CTRL_WAYPOINT_F64_DDQN_HER_S99,0,75000000,75005952,/work/classic/fr_xl1014-easy-landmark-maze/IntrMotiv/SF_hipposlam/train_dir/analysis/online_spatial/easy_landmark_maze_control_20260923/ELM_CTRL_WAYPOINT_F64_DDQN_HER_S99/policy_00/snapshot_target_000075000000_actual_000075005952.npz,23,0.30000001192092896,4,4,3,0.3580343723297119,0.21624508621235705,8,8
ELM_CTRL_WAYPOINT_F64_DDQN_HER_S99,0,75000000,75005952,/work/classic/fr_xl1014-easy-landmark-maze/IntrMotiv/SF_hipposlam/train_dir/analysis/online_spatial/easy_landmark_maze_control_20260923/ELM_CTRL_WAYPOINT_F64_DDQN_HER_S99/policy_00/snapshot_target_000075000000_actual_000075005952.npz,24,0.30000001192092896,2,1,13,0.03175996616482735,0.7084350376447734,8,8
ELM_CTRL_WAYPOINT_F64_DDQN_HER_S99,0,75000000,75005952,/work/classic/fr_xl1014-easy-landmark-maze/IntrMotiv/SF_hipposlam/train_dir/analysis/online_spatial/easy_landmark_maze_control_20260923/ELM_CTRL_WAYPOINT_F64_DDQN_HER_S99/policy_00/snapshot_target_000075000000_actual_000075005952.npz,24,0.30000001192092896,3,2,3,0.008586247451603413,0.19152408743244867,0,8
ELM_CTRL_WAYPOINT_F64_DDQN_HER_S99,0,75000000,75005952,/work/classic/fr_xl1014-easy-landmark-maze/IntrMotiv/SF_hipposlam/train_dir/analysis/online_spatial/easy_landmark_maze_control_20260923/ELM_CTRL_WAYPOINT_F64_DDQN_HER_S99/policy_00/snapshot_target_000075000000_actual_000075005952.npz,24,0.30000001192092896,1,3,3,0.004484948702156544,0.10004087492277784,0,0
ELM_CTRL_WAYPOINT_F64_DDQN_HER_S99,0,75000000,75005952,/work/classic/fr_xl1014-easy-landmark-maze/IntrMotiv/SF_hipposlam/train_dir/analysis/online_spatial/easy_landmark_maze_control_20260923/ELM_CTRL_WAYPOINT_F64_DDQN_HER_S99/policy_00/snapshot_target_000075000000_actual_000075005952.npz,25,0.30000001192092896,2,1,14,0.02650565095245838,0.8034789061712492,8,5
ELM_CTRL_WAYPOINT_F64_DDQN_HER_S99,0,75000000,75005952,/work/classic/fr_xl1014-easy-landmark-maze/IntrMotiv/SF_hipposlam/train_dir/analysis/online_spatial/easy_landmark_maze_control_20260923/ELM_CTRL_WAYPOINT_F64_DDQN_HER_S99/policy_00/snapshot_target_000075000000_actual_000075005952.npz,25,0.30000001192092896,1,2,3,0.003546542953699827,0.107508110562506,2,0
ELM_CTRL_WAYPOINT_F64_DDQN_HER_S99,0,75000000,75005952,/work/classic/fr_xl1014-easy-landmark-maze/IntrMotiv/SF_hipposlam/train_dir/analysis/online_spatial/easy_landmark_maze_control_20260923/ELM_CTRL_WAYPOINT_F64_DDQN_HER_S99/policy_00/snapshot_target_000075000000_actual_000075005952.npz,25,0.30000001192092896,3,3,2,0.0029364144429564476,0.08901298326624484,0,7
ELM_CTRL_WAYPOINT_F64_DDQN_HER_S99,0,75000000,75005952,/work/classic/fr_xl1014-easy-landmark-maze/IntrMotiv/SF_hipposlam/train_dir/analysis/online_spatial/easy_landmark_maze_control_20260923/ELM_CTRL_WAYPOINT_F64_DDQN_HER_S99/policy_00/snapshot_target_000075000000_actual_000075005952.npz,26,0.30000001192092896,1,1,15,0.00985004287213087,1.0,6,5
ELM_CTRL_WAYPOINT_F64_DDQN_HER_S99,0,75000000,75005952,/work/classic/fr_xl1014-easy-landmark-maze/IntrMotiv/SF_hipposlam/train_dir/analysis/online_spatial/easy_landmark_maze_control_20260923/ELM_CTRL_WAYPOINT_F64_DDQN_HER_S99/policy_00/snapshot_target_000075000000_actual_000075005952.npz,27,0.30000001192092896,3,1,7,0.556773841381073,0.4444728379306147,0,8
ELM_CTRL_WAYPOINT_F64_DDQN_HER_S99,0,75000000,75005952,/work/classic/fr_xl1014-easy-landmark-maze/IntrMotiv/SF_hipposlam/train_dir/analysis/online_spatial/easy_landmark_maze_control_20260923/ELM_CTRL_WAYPOINT_F64_DDQN_HER_S99/policy_00/snapshot_target_000075000000_actual_000075005952.npz,27,0.30000001192092896,4,2,4,0.3991261124610901,0.3186225765523634,8,8
ELM_CTRL_WAYPOINT_F64_DDQN_HER_S99,0,75000000,75005952,/work/classic/fr_xl1014-easy-landmark-maze/IntrMotiv/SF_hipposlam/train_dir/analysis/online_spatial/easy_landmark_maze_control_20260923/ELM_CTRL_WAYPOINT_F64_DDQN_HER_S99/policy_00/snapshot_target_000075000000_actual_000075005952.npz,27,0.30000001192092896,2,3,3,0.2473786473274231,0.19748249872572798,8,0
ELM_CTRL_WAYPOINT_F64_DDQN_HER_S99,0,75000000,75005952,/work/classic/fr_xl1014-easy-landmark-maze/IntrMotiv/SF_hipposlam/train_dir/analysis/online_spatial/easy_landmark_maze_control_20260923/ELM_CTRL_WAYPOINT_F64_DDQN_HER_S99/policy_00/snapshot_target_000075000000_actual_000075005952.npz,27,0.30000001192092896,1,4,1,0.049382515251636505,0.03942208679129386,0,0
ELM_CTRL_WAYPOINT_F64_DDQN_HER_S99,0,75000000,75005952,/work/classic/fr_xl1014-easy-landmark-maze/IntrMotiv/SF_hipposlam/train_dir/analysis/online_spatial/easy_landmark_maze_control_20260923/ELM_CTRL_WAYPOINT_F64_DDQN_HER_S99/policy_00/snapshot_target_000075000000_actual_000075005952.npz,28,0.30000001192092896,2,1,3,0.009555565193295479,0.563118625425932,8,8
ELM_CTRL_WAYPOINT_F64_DDQN_HER_S99,0,75000000,75005952,/work/classic/fr_xl1014-easy-landmark-maze/IntrMotiv/SF_hipposlam/train_dir/analysis/online_spatial/easy_landmark_maze_control_20260923/ELM_CTRL_WAYPOINT_F64_DDQN_HER_S99/policy_00/snapshot_target_000075000000_actual_000075005952.npz,28,0.30000001192092896,1,2,3,0.007413444109261036,0.43688137457406795,0,8
ELM_CTRL_WAYPOINT_F64_DDQN_HER_S99,0,75000000,75005952,/work/classic/fr_xl1014-easy-landmark-maze/IntrMotiv/SF_hipposlam/train_dir/analysis/online_spatial/easy_landmark_maze_control_20260923/ELM_CTRL_WAYPOINT_F64_DDQN_HER_S99/policy_00/snapshot_target_000075000000_actual_000075005952.npz,29,0.30000001192092896,1,1,65,4.750919342041016,1.0,2,7
ELM_CTRL_WAYPOINT_F64_DDQN_HER_S99,0,75000000,75005952,/work/classic/fr_xl1014-easy-landmark-maze/IntrMotiv/SF_hipposlam/train_dir/analysis/online_spatial/easy_landmark_maze_control_20260923/ELM_CTRL_WAYPOINT_F64_DDQN_HER_S99/policy_00/snapshot_target_000075000000_actual_000075005952.npz,30,0.30000001192092896,1,1,49,3.9204821586608887,1.0,2,5
ELM_CTRL_WAYPOINT_F64_DDQN_HER_S99,0,75000000,75005952,/work/classic/fr_xl1014-easy-landmark-maze/IntrMotiv/SF_hipposlam/train_dir/analysis/online_spatial/easy_landmark_maze_control_20260923/ELM_CTRL_WAYPOINT_F64_DDQN_HER_S99/policy_00/snapshot_target_000075000000_actual_000075005952.npz,31,0.30000001192092896,1,1,29,0.031065143644809723,1.0,2,2
ELM_CTRL_WAYPOINT_F64_DDQN_HER_S99,0,75000000,75005952,/work/classic/fr_xl1014-easy-landmark-maze/IntrMotiv/SF_hipposlam/train_dir/analysis/online_spatial/easy_landmark_maze_control_20260923/ELM_CTRL_WAYPOINT_F64_DDQN_HER_S99/policy_00/snapshot_target_000075000000_actual_000075005952.npz,32,0.30000001192092896,1,1,18,0.09178053587675095,0.8553388470592403,2,2
ELM_CTRL_WAYPOINT_F64_DDQN_HER_S99,0,75000000,75005952,/work/classic/fr_xl1014-easy-landmark-maze/IntrMotiv/SF_hipposlam/train_dir/analysis/online_spatial/easy_landmark_maze_control_20260923/ELM_CTRL_WAYPOINT_F64_DDQN_HER_S99/policy_00/snapshot_target_000075000000_actual_000075005952.npz,32,0.30000001192092896,2,2,4,0.015522594563663006,0.14466115294075965,6,8
ELM_CTRL_WAYPOINT_F64_DDQN_HER_S99,0,75000000,75005952,/work/classic/fr_xl1014-easy-landmark-maze/IntrMotiv/SF_hipposlam/train_dir/analysis/online_spatial/easy_landmark_maze_control_20260923/ELM_CTRL_WAYPOINT_F64_DDQN_HER_S99/policy_00/snapshot_target_000075000000_actual_000075005952.npz,33,0.30000001192092896,1,1,74,5.3998847007751465,1.0,2,7
ELM_CTRL_WAYPOINT_F64_DDQN_HER_S99,0,75000000,75005952,/work/classic/fr_xl1014-easy-landmark-maze/IntrMotiv/SF_hipposlam/train_dir/analysis/online_spatial/easy_landmark_maze_control_20260923/ELM_CTRL_WAYPOINT_F64_DDQN_HER_S99/policy_00/snapshot_target_000075000000_actual_000075005952.npz,34,0.30000001192092896,1,1,11,0.009814152494072914,0.6687414117705442,8,8
ELM_CTRL_WAYPOINT_F64_DDQN_HER_S99,0,75000000,75005952,/work/classic/fr_xl1014-easy-landmark-maze/IntrMotiv/SF_hipposlam/train_dir/analysis/online_spatial/easy_landmark_maze_control_20260923/ELM_CTRL_WAYPOINT_F64_DDQN_HER_S99/policy_00/snapshot_target_000075000000_actual_000075005952.npz,34,0.30000001192092896,2,2,6,0.004861404187977314,0.3312585882294557,0,8
ELM_CTRL_WAYPOINT_F64_DDQN_HER_S99,0,75000000,75005952,/work/classic/fr_xl1014-easy-landmark-maze/IntrMotiv/SF_hipposlam/train_dir/analysis/online_spatial/easy_landmark_maze_control_20260923/ELM_CTRL_WAYPOINT_F64_DDQN_HER_S99/policy_00/snapshot_target_000075000000_actual_000075005952.npz,35,0.30000001192092896,1,1,27,0.02286805771291256,1.0,6,5
ELM_CTRL_WAYPOINT_F64_DDQN_HER_S99,0,75000000,75005952,/work/classic/fr_xl1014-easy-landmark-maze/IntrMotiv/SF_hipposlam/train_dir/analysis/online_spatial/easy_landmark_maze_control_20260923/ELM_CTRL_WAYPOINT_F64_DDQN_HER_S99/policy_00/snapshot_target_000075000000_actual_000075005952.npz,36,0.30000001192092896,1,1,24,0.042602356523275375,1.0,6,6
ELM_CTRL_WAYPOINT_F64_DDQN_HER_S99,0,75000000,75005952,/work/classic/fr_xl1014-easy-landmark-maze/IntrMotiv/SF_hipposlam/train_dir/analysis/online_spatial/easy_landmark_maze_control_20260923/ELM_CTRL_WAYPOINT_F64_DDQN_HER_S99/policy_00/snapshot_target_000075000000_actual_000075005952.npz,37,0.30000001192092896,1,1,23,1.2502330541610718,1.0,4,3
ELM_CTRL_WAYPOINT_F64_DDQN_HER_S99,0,75000000,75005952,/work/classic/fr_xl1014-easy-landmark-maze/IntrMotiv/SF_hipposlam/train_dir/analysis/online_spatial/easy_landmark_maze_control_20260923/ELM_CTRL_WAYPOINT_F64_DDQN_HER_S99/policy_00/snapshot_target_000075000000_actual_000075005952.npz,38,0.30000001192092896,1,1,9,0.005684824660420418,0.9367868234584544,6,6
ELM_CTRL_WAYPOINT_F64_DDQN_HER_S99,0,75000000,75005952,/work/classic/fr_xl1014-easy-landmark-maze/IntrMotiv/SF_hipposlam/train_dir/analysis/online_spatial/easy_landmark_maze_control_20260923/ELM_CTRL_WAYPOINT_F64_DDQN_HER_S99/policy_00/snapshot_target_000075000000_actual_000075005952.npz,38,0.30000001192092896,2,2,1,0.0003836046962533146,0.0632131765415456,2,6
ELM_CTRL_WAYPOINT_F64_DDQN_HER_S99,0,75000000,75005952,/work/classic/fr_xl1014-easy-landmark-maze/IntrMotiv/SF_hipposlam/train_dir/analysis/online_spatial/easy_landmark_maze_control_20260923/ELM_CTRL_WAYPOINT_F64_DDQN_HER_S99/policy_00/snapshot_target_000075000000_actual_000075005952.npz,39,0.30000001192092896,1,1,62,5.449794292449951,1.0,3,6
ELM_CTRL_WAYPOINT_F64_DDQN_HER_S99,0,75000000,75005952,/work/classic/fr_xl1014-easy-landmark-maze/IntrMotiv/SF_hipposlam/train_dir/analysis/online_spatial/easy_landmark_maze_control_20260923/ELM_CTRL_WAYPOINT_F64_DDQN_HER_S99/policy_00/snapshot_target_000075000000_actual_000075005952.npz,40,0.30000001192092896,1,1,28,0.08332352340221405,1.0,6,5
ELM_CTRL_WAYPOINT_F64_DDQN_HER_S99,0,75000000,75005952,/work/classic/fr_xl1014-easy-landmark-maze/IntrMotiv/SF_hipposlam/train_dir/analysis/online_spatial/easy_landmark_maze_control_20260923/ELM_CTRL_WAYPOINT_F64_DDQN_HER_S99/policy_00/snapshot_target_000075000000_actual_000075005952.npz,41,0.30000001192092896,1,1,6,0.009534062817692757,1.0,3,5
ELM_CTRL_WAYPOINT_F64_DDQN_HER_S99,0,75000000,75005952,/work/classic/fr_xl1014-easy-landmark-maze/IntrMotiv/SF_hipposlam/train_dir/analysis/online_spatial/easy_landmark_maze_control_20260923/ELM_CTRL_WAYPOINT_F64_DDQN_HER_S99/policy_00/snapshot_target_000075000000_actual_000075005952.npz,42,0.30000001192092896,1,1,40,4.111471652984619,1.0,5,0
ELM_CTRL_WAYPOINT_F64_DDQN_HER_S99,0,75000000,75005952,/work/classic/fr_xl1014-easy-landmark-maze/IntrMotiv/SF_hipposlam/train_dir/analysis/online_spatial/easy_landmark_maze_control_20260923/ELM_CTRL_WAYPOINT_F64_DDQN_HER_S99/policy_00/snapshot_target_000075000000_actual_000075005952.npz,43,0.30000001192092896,1,1,12,0.005133878439664841,1.0,6,5
ELM_CTRL_WAYPOINT_F64_DDQN_HER_S99,0,75000000,75005952,/work/classic/fr_xl1014-easy-landmark-maze/IntrMotiv/SF_hipposlam/train_dir/analysis/online_spatial/easy_landmark_maze_control_20260923/ELM_CTRL_WAYPOINT_F64_DDQN_HER_S99/policy_00/snapshot_target_000075000000_actual_000075005952.npz,44,0.30000001192092896,1,1,39,0.2677443027496338,1.0,3,2
ELM_CTRL_WAYPOINT_F64_DDQN_HER_S99,0,75000000,75005952,/work/classic/fr_xl1014-easy-landmark-maze/IntrMotiv/SF_hipposlam/train_dir/analysis/online_spatial/easy_landmark_maze_control_20260923/ELM_CTRL_WAYPOINT_F64_DDQN_HER_S99/policy_00/snapshot_target_000075000000_actual_000075005952.npz,45,0.30000001192092896,1,1,21,0.008097540587186813,0.9375182939130318,6,5
ELM_CTRL_WAYPOINT_F64_DDQN_HER_S99,0,75000000,75005952,/work/classic/fr_xl1014-easy-landmark-maze/IntrMotiv/SF_hipposlam/train_dir/analysis/online_spatial/easy_landmark_maze_control_20260923/ELM_CTRL_WAYPOINT_F64_DDQN_HER_S99/policy_00/snapshot_target_000075000000_actual_000075005952.npz,45,0.30000001192092896,2,2,2,0.0005396674969233572,0.06248170608696818,2,6
ELM_CTRL_WAYPOINT_F64_DDQN_HER_S99,0,75000000,75005952,/work/classic/fr_xl1014-easy-landmark-maze/IntrMotiv/SF_hipposlam/train_dir/analysis/online_spatial/easy_landmark_maze_control_20260923/ELM_CTRL_WAYPOINT_F64_DDQN_HER_S99/policy_00/snapshot_target_000075000000_actual_000075005952.npz,46,0.30000001192092896,1,1,25,0.01699340157210827,1.0,5,5
ELM_CTRL_WAYPOINT_F64_DDQN_HER_S99,0,75000000,75005952,/work/classic/fr_xl1014-easy-landmark-maze/IntrMotiv/SF_hipposlam/train_dir/analysis/online_spatial/easy_landmark_maze_control_20260923/ELM_CTRL_WAYPOINT_F64_DDQN_HER_S99/policy_00/snapshot_target_000075000000_actual_000075005952.npz,47,0.30000001192092896,2,1,9,0.014817638322710991,0.7983209578548617,6,5
ELM_CTRL_WAYPOINT_F64_DDQN_HER_S99,0,75000000,75005952,/work/classic/fr_xl1014-easy-landmark-maze/IntrMotiv/SF_hipposlam/train_dir/analysis/online_spatial/easy_landmark_maze_control_20260923/ELM_CTRL_WAYPOINT_F64_DDQN_HER_S99/policy_00/snapshot_target_000075000000_actual_000075005952.npz,47,0.30000001192092896,1,2,3,0.0029082540422677994,0.1566862479798824,2,2
ELM_CTRL_WAYPOINT_F64_DDQN_HER_S99,0,75000000,75005952,/work/classic/fr_xl1014-easy-landmark-maze/IntrMotiv/SF_hipposlam/train_dir/analysis/online_spatial/easy_landmark_maze_control_20260923/ELM_CTRL_WAYPOINT_F64_DDQN_HER_S99/policy_00/snapshot_target_000075000000_actual_000075005952.npz,47,0.30000001192092896,3,3,1,0.0008351114229299128,0.04499279416525598,2,6
ELM_CTRL_WAYPOINT_F64_DDQN_HER_S99,0,75000000,75005952,/work/classic/fr_xl1014-easy-landmark-maze/IntrMotiv/SF_hipposlam/train_dir/analysis/online_spatial/easy_landmark_maze_control_20260923/ELM_CTRL_WAYPOINT_F64_DDQN_HER_S99/policy_00/snapshot_target_000075000000_actual_000075005952.npz,48,0.30000001192092896,1,1,7,0.019288592040538788,1.0,3,5
ELM_CTRL_WAYPOINT_F64_DDQN_HER_S99,0,75000000,75005952,/work/classic/fr_xl1014-easy-landmark-maze/IntrMotiv/SF_hipposlam/train_dir/analysis/online_spatial/easy_landmark_maze_control_20260923/ELM_CTRL_WAYPOINT_F64_DDQN_HER_S99/policy_00/snapshot_target_000075000000_actual_000075005952.npz,49,0.30000001192092896,1,1,43,3.5186643600463867,1.0,3,8
ELM_CTRL_WAYPOINT_F64_DDQN_HER_S99,0,75000000,75005952,/work/classic/fr_xl1014-easy-landmark-maze/IntrMotiv/SF_hipposlam/train_dir/analysis/online_spatial/easy_landmark_maze_control_20260923/ELM_CTRL_WAYPOINT_F64_DDQN_HER_S99/policy_00/snapshot_target_000075000000_actual_000075005952.npz,50,0.30000001192092896,2,1,3,0.38357013463974,0.2770190337724026,8,0
ELM_CTRL_WAYPOINT_F64_DDQN_HER_S99,0,75000000,75005952,/work/classic/fr_xl1014-easy-landmark-maze/IntrMotiv/SF_hipposlam/train_dir/analysis/online_spatial/easy_landmark_maze_control_20260923/ELM_CTRL_WAYPOINT_F64_DDQN_HER_S99/policy_00/snapshot_target_000075000000_actual_000075005952.npz,50,0.30000001192092896,3,2,3,0.36943319439888,0.2668091629499533,0,8
ELM_CTRL_WAYPOINT_F64_DDQN_HER_S99,0,75000000,75005952,/work/classic/fr_xl1014-easy-landmark-maze/IntrMotiv/SF_hipposlam/train_dir/analysis/online_spatial/easy_landmark_maze_control_20260923/ELM_CTRL_WAYPOINT_F64_DDQN_HER_S99/policy_00/snapshot_target_000075000000_actual_000075005952.npz,50,0.30000001192092896,4,3,3,0.3515170216560364,0.2538698842785742,8,8
ELM_CTRL_WAYPOINT_F64_DDQN_HER_S99,0,75000000,75005952,/work/classic/fr_xl1014-easy-landmark-maze/IntrMotiv/SF_hipposlam/train_dir/analysis/online_spatial/easy_landmark_maze_control_20260923/ELM_CTRL_WAYPOINT_F64_DDQN_HER_S99/policy_00/snapshot_target_000075000000_actual_000075005952.npz,50,0.30000001192092896,1,4,3,0.28011423349380493,0.2023019189990699,0,0
ELM_CTRL_WAYPOINT_F64_DDQN_HER_S99,0,75000000,75005952,/work/classic/fr_xl1014-easy-landmark-maze/IntrMotiv/SF_hipposlam/train_dir/analysis/online_spatial/easy_landmark_maze_control_20260923/ELM_CTRL_WAYPOINT_F64_DDQN_HER_S99/policy_00/snapshot_target_000075000000_actual_000075005952.npz,51,0.30000001192092896,1,1,10,0.01553950086236,0.7944235084513434,6,3
ELM_CTRL_WAYPOINT_F64_DDQN_HER_S99,0,75000000,75005952,/work/classic/fr_xl1014-easy-landmark-maze/IntrMotiv/SF_hipposlam/train_dir/analysis/online_spatial/easy_landmark_maze_control_20260923/ELM_CTRL_WAYPOINT_F64_DDQN_HER_S99/policy_00/snapshot_target_000075000000_actual_000075005952.npz,51,0.30000001192092896,2,2,3,0.004021225497126579,0.2055764915486567,6,6
ELM_CTRL_WAYPOINT_F64_DDQN_HER_S99,0,75000000,75005952,/work/classic/fr_xl1014-easy-landmark-maze/IntrMotiv/SF_hipposlam/train_dir/analysis/online_spatial/easy_landmark_maze_control_20260923/ELM_CTRL_WAYPOINT_F64_DDQN_HER_S99/policy_00/snapshot_target_000075000000_actual_000075005952.npz,52,0.30000001192092896,1,1,6,0.02489504963159561,1.0,8,3
ELM_CTRL_WAYPOINT_F64_DDQN_HER_S99,0,75000000,75005952,/work/classic/fr_xl1014-easy-landmark-maze/IntrMotiv/SF_hipposlam/train_dir/analysis/online_spatial/easy_landmark_maze_control_20260923/ELM_CTRL_WAYPOINT_F64_DDQN_HER_S99/policy_00/snapshot_target_000075000000_actual_000075005952.npz,53,0.30000001192092896,1,1,44,3.5528974533081055,1.0,8,4
ELM_CTRL_WAYPOINT_F64_DDQN_HER_S99,0,75000000,75005952,/work/classic/fr_xl1014-easy-landmark-maze/IntrMotiv/SF_hipposlam/train_dir/analysis/online_spatial/easy_landmark_maze_control_20260923/ELM_CTRL_WAYPOINT_F64_DDQN_HER_S99/policy_00/snapshot_target_000075000000_actual_000075005952.npz,54,0.30000001192092896,2,1,9,1.4948244094848633,0.6460131590673707,0,3
ELM_CTRL_WAYPOINT_F64_DDQN_HER_S99,0,75000000,75005952,/work/classic/fr_xl1014-easy-landmark-maze/IntrMotiv/SF_hipposlam/train_dir/analysis/online_spatial/easy_landmark_maze_control_20260923/ELM_CTRL_WAYPOINT_F64_DDQN_HER_S99/policy_00/snapshot_target_000075000000_actual_000075005952.npz,54,0.30000001192092896,4,2,5,0.6290702819824219,0.271863155003545,6,8
ELM_CTRL_WAYPOINT_F64_DDQN_HER_S99,0,75000000,75005952,/work/classic/fr_xl1014-easy-landmark-maze/IntrMotiv/SF_hipposlam/train_dir/analysis/online_spatial/easy_landmark_maze_control_20260923/ELM_CTRL_WAYPOINT_F64_DDQN_HER_S99/policy_00/snapshot_target_000075000000_actual_000075005952.npz,54,0.30000001192092896,3,3,1,0.09858372807502747,0.04260459302262419,8,2
ELM_CTRL_WAYPOINT_F64_DDQN_HER_S99,0,75000000,75005952,/work/classic/fr_xl1014-easy-landmark-maze/IntrMotiv/SF_hipposlam/train_dir/analysis/online_spatial/easy_landmark_maze_control_20260923/ELM_CTRL_WAYPOINT_F64_DDQN_HER_S99/policy_00/snapshot_target_000075000000_actual_000075005952.npz,54,0.30000001192092896,1,4,1,0.09144411981105804,0.03951909290646015,5,0
ELM_CTRL_WAYPOINT_F64_DDQN_HER_S99,0,75000000,75005952,/work/classic/fr_xl1014-easy-landmark-maze/IntrMotiv/SF_hipposlam/train_dir/analysis/online_spatial/easy_landmark_maze_control_20260923/ELM_CTRL_WAYPOINT_F64_DDQN_HER_S99/policy_00/snapshot_target_000075000000_actual_000075005952.npz,55,0.30000001192092896,1,1,35,5.781003952026367,1.0,3,4
ELM_CTRL_WAYPOINT_F64_DDQN_HER_S99,0,75000000,75005952,/work/classic/fr_xl1014-easy-landmark-maze/IntrMotiv/SF_hipposlam/train_dir/analysis/online_spatial/easy_landmark_maze_control_20260923/ELM_CTRL_WAYPOINT_F64_DDQN_HER_S99/policy_00/snapshot_target_000075000000_actual_000075005952.npz,56,0.30000001192092896,3,1,13,0.008281291462481022,0.456276943931863,8,4
ELM_CTRL_WAYPOINT_F64_DDQN_HER_S99,0,75000000,75005952,/work/classic/fr_xl1014-easy-landmark-maze/IntrMotiv/SF_hipposlam/train_dir/analysis/online_spatial/easy_landmark_maze_control_20260923/ELM_CTRL_WAYPOINT_F64_DDQN_HER_S99/policy_00/snapshot_target_000075000000_actual_000075005952.npz,56,0.30000001192092896,2,2,7,0.005816478282213211,0.32047234988384254,4,0
ELM_CTRL_WAYPOINT_F64_DDQN_HER_S99,0,75000000,75005952,/work/classic/fr_xl1014-easy-landmark-maze/IntrMotiv/SF_hipposlam/train_dir/analysis/online_spatial/easy_landmark_maze_control_20260923/ELM_CTRL_WAYPOINT_F64_DDQN_HER_S99/policy_00/snapshot_target_000075000000_actual_000075005952.npz,56,0.30000001192092896,4,3,5,0.0027953048702329397,0.15401379957778072,0,6
ELM_CTRL_WAYPOINT_F64_DDQN_HER_S99,0,75000000,75005952,/work/classic/fr_xl1014-easy-landmark-maze/IntrMotiv/SF_hipposlam/train_dir/analysis/online_spatial/easy_landmark_maze_control_20260923/ELM_CTRL_WAYPOINT_F64_DDQN_HER_S99/policy_00/snapshot_target_000075000000_actual_000075005952.npz,56,0.30000001192092896,1,4,2,0.0012566293589770794,0.0692369066065137,0,0
ELM_CTRL_WAYPOINT_F64_DDQN_HER_S99,0,75000000,75005952,/work/classic/fr_xl1014-easy-landmark-maze/IntrMotiv/SF_hipposlam/train_dir/analysis/online_spatial/easy_landmark_maze_control_20260923/ELM_CTRL_WAYPOINT_F64_DDQN_HER_S99/policy_00/snapshot_target_000075000000_actual_000075005952.npz,57,0.30000001192092896,3,1,10,0.02066812291741371,0.7298915036734499,6,5
ELM_CTRL_WAYPOINT_F64_DDQN_HER_S99,0,75000000,75005952,/work/classic/fr_xl1014-easy-landmark-maze/IntrMotiv/SF_hipposlam/train_dir/analysis/online_spatial/easy_landmark_maze_control_20260923/ELM_CTRL_WAYPOINT_F64_DDQN_HER_S99/policy_00/snapshot_target_000075000000_actual_000075005952.npz,57,0.30000001192092896,1,2,3,0.0051878164522349834,0.18320692044623665,0,0
ELM_CTRL_WAYPOINT_F64_DDQN_HER_S99,0,75000000,75005952,/work/classic/fr_xl1014-easy-landmark-maze/IntrMotiv/SF_hipposlam/train_dir/analysis/online_spatial/easy_landmark_maze_control_20260923/ELM_CTRL_WAYPOINT_F64_DDQN_HER_S99/policy_00/snapshot_target_000075000000_actual_000075005952.npz,57,0.30000001192092896,2,3,1,0.0012625532690435648,0.04458686972650111,2,2
ELM_CTRL_WAYPOINT_F64_DDQN_HER_S99,0,75000000,75005952,/work/classic/fr_xl1014-easy-landmark-maze/IntrMotiv/SF_hipposlam/train_dir/analysis/online_spatial/easy_landmark_maze_control_20260923/ELM_CTRL_WAYPOINT_F64_DDQN_HER_S99/policy_00/snapshot_target_000075000000_actual_000075005952.npz,57,0.30000001192092896,4,4,1,0.0011982130818068981,0.04231470615381232,2,6
ELM_CTRL_WAYPOINT_F64_DDQN_HER_S99,0,75000000,75005952,/work/classic/fr_xl1014-easy-landmark-maze/IntrMotiv/SF_hipposlam/train_dir/analysis/online_spatial/easy_landmark_maze_control_20260923/ELM_CTRL_WAYPOINT_F64_DDQN_HER_S99/policy_00/snapshot_target_000075000000_actual_000075005952.npz,58,0.30000001192092896,3,1,3,0.004776240326464176,0.5084973651182546,8,8
ELM_CTRL_WAYPOINT_F64_DDQN_HER_S99,0,75000000,75005952,/work/classic/fr_xl1014-easy-landmark-maze/IntrMotiv/SF_hipposlam/train_dir/analysis/online_spatial/easy_landmark_maze_control_20260923/ELM_CTRL_WAYPOINT_F64_DDQN_HER_S99/policy_00/snapshot_target_000075000000_actual_000075005952.npz,58,0.30000001192092896,2,2,3,0.0036849025636911392,0.3923092466625485,0,8
ELM_CTRL_WAYPOINT_F64_DDQN_HER_S99,0,75000000,75005952,/work/classic/fr_xl1014-easy-landmark-maze/IntrMotiv/SF_hipposlam/train_dir/analysis/online_spatial/easy_landmark_maze_control_20260923/ELM_CTRL_WAYPOINT_F64_DDQN_HER_S99/policy_00/snapshot_target_000075000000_actual_000075005952.npz,58,0.30000001192092896,1,3,1,0.0009317087824456394,0.09919338821919689,0,0
ELM_CTRL_WAYPOINT_F64_DDQN_HER_S99,0,75000000,75005952,/work/classic/fr_xl1014-easy-landmark-maze/IntrMotiv/SF_hipposlam/train_dir/analysis/online_spatial/easy_landmark_maze_control_20260923/ELM_CTRL_WAYPOINT_F64_DDQN_HER_S99/policy_00/snapshot_target_000075000000_actual_000075005952.npz,59,0.30000001192092896,1,1,15,0.00243411329574883,0.7483816493809591,2,3
ELM_CTRL_WAYPOINT_F64_DDQN_HER_S99,0,75000000,75005952,/work/classic/fr_xl1014-easy-landmark-maze/IntrMotiv/SF_hipposlam/train_dir/analysis/online_spatial/easy_landmark_maze_control_20260923/ELM_CTRL_WAYPOINT_F64_DDQN_HER_S99/policy_00/snapshot_target_000075000000_actual_000075005952.npz,59,0.30000001192092896,2,2,5,0.0008183893514797091,0.25161835061904086,5,6
ELM_CTRL_WAYPOINT_F64_DDQN_HER_S99,0,75000000,75005952,/work/classic/fr_xl1014-easy-landmark-maze/IntrMotiv/SF_hipposlam/train_dir/analysis/online_spatial/easy_landmark_maze_control_20260923/ELM_CTRL_WAYPOINT_F64_DDQN_HER_S99/policy_00/snapshot_target_000075000000_actual_000075005952.npz,60,0.30000001192092896,2,1,9,0.026576314121484756,0.8800216322473693,8,5
ELM_CTRL_WAYPOINT_F64_DDQN_HER_S99,0,75000000,75005952,/work/classic/fr_xl1014-easy-landmark-maze/IntrMotiv/SF_hipposlam/train_dir/analysis/online_spatial/easy_landmark_maze_control_20260923/ELM_CTRL_WAYPOINT_F64_DDQN_HER_S99/policy_00/snapshot_target_000075000000_actual_000075005952.npz,60,0.30000001192092896,1,2,2,0.003623300464823842,0.11997836775263065,2,0
ELM_CTRL_WAYPOINT_F64_DDQN_HER_S99,0,75000000,75005952,/work/classic/fr_xl1014-easy-landmark-maze/IntrMotiv/SF_hipposlam/train_dir/analysis/online_spatial/easy_landmark_maze_control_20260923/ELM_CTRL_WAYPOINT_F64_DDQN_HER_S99/policy_00/snapshot_target_000075000000_actual_000075005952.npz,61,0.30000001192092896,1,1,37,3.33689022064209,1.0,2,5
ELM_CTRL_WAYPOINT_F64_DDQN_HER_S99,0,75000000,75005952,/work/classic/fr_xl1014-easy-landmark-maze/IntrMotiv/SF_hipposlam/train_dir/analysis/online_spatial/easy_landmark_maze_control_20260923/ELM_CTRL_WAYPOINT_F64_DDQN_HER_S99/policy_00/snapshot_target_000075000000_actual_000075005952.npz,62,0.30000001192092896,1,1,17,0.03312857449054718,1.0,5,5
ELM_CTRL_WAYPOINT_F64_DDQN_HER_S99,0,75000000,75005952,/work/classic/fr_xl1014-easy-landmark-maze/IntrMotiv/SF_hipposlam/train_dir/analysis/online_spatial/easy_landmark_maze_control_20260923/ELM_CTRL_WAYPOINT_F64_DDQN_HER_S99/policy_00/snapshot_target_000075000000_actual_000075005952.npz,63,0.30000001192092896,1,1,40,2.7091784477233887,0.8312219767014842,2,1
ELM_CTRL_WAYPOINT_F64_DDQN_HER_S99,0,75000000,75005952,/work/classic/fr_xl1014-easy-landmark-maze/IntrMotiv/SF_hipposlam/train_dir/analysis/online_spatial/easy_landmark_maze_control_20260923/ELM_CTRL_WAYPOINT_F64_DDQN_HER_S99/policy_00/snapshot_target_000075000000_actual_000075005952.npz,63,0.30000001192092896,2,2,10,0.5500934720039368,0.16877802329851577,1,5
ELM_CTRL_WAYPOINT_F64_DDQN_HER_S99,0,75000000,75005952,/work/classic/fr_xl1014-easy-landmark-maze/IntrMotiv/SF_hipposlam/train_dir/analysis/online_spatial/easy_landmark_maze_control_20260923/ELM_CTRL_WAYPOINT_F64_DDQN_HER_S99/policy_00/snapshot_target_000075000000_actual_000075005952.npz,0,0.5,1,1,6,0.010783134028315544,0.8907726167075807,6,5
ELM_CTRL_WAYPOINT_F64_DDQN_HER_S99,0,75000000,75005952,/work/classic/fr_xl1014-easy-landmark-maze/IntrMotiv/SF_hipposlam/train_dir/analysis/online_spatial/easy_landmark_maze_control_20260923/ELM_CTRL_WAYPOINT_F64_DDQN_HER_S99/policy_00/snapshot_target_000075000000_actual_000075005952.npz,0,0.5,2,2,1,0.0013222381239756942,0.10922738329241932,2,6
ELM_CTRL_WAYPOINT_F64_DDQN_HER_S99,0,75000000,75005952,/work/classic/fr_xl1014-easy-landmark-maze/IntrMotiv/SF_hipposlam/train_dir/analysis/online_spatial/easy_landmark_maze_control_20260923/ELM_CTRL_WAYPOINT_F64_DDQN_HER_S99/policy_00/snapshot_target_000075000000_actual_000075005952.npz,1,0.5,2,1,12,1.3028602600097656,0.7876032371901011,3,6
ELM_CTRL_WAYPOINT_F64_DDQN_HER_S99,0,75000000,75005952,/work/classic/fr_xl1014-easy-landmark-maze/IntrMotiv/SF_hipposlam/train_dir/analysis/online_spatial/easy_landmark_maze_control_20260923/ELM_CTRL_WAYPOINT_F64_DDQN_HER_S99/policy_00/snapshot_target_000075000000_actual_000075005952.npz,1,0.5,1,2,3,0.3513486087322235,0.21239676280989894,0,3
ELM_CTRL_WAYPOINT_F64_DDQN_HER_S99,0,75000000,75005952,/work/classic/fr_xl1014-easy-landmark-maze/IntrMotiv/SF_hipposlam/train_dir/analysis/online_spatial/easy_landmark_maze_control_20260923/ELM_CTRL_WAYPOINT_F64_DDQN_HER_S99/policy_00/snapshot_target_000075000000_actual_000075005952.npz,2,0.5,3,1,26,2.9111483097076416,0.804220778221051,2,7
ELM_CTRL_WAYPOINT_F64_DDQN_HER_S99,0,75000000,75005952,/work/classic/fr_xl1014-easy-landmark-maze/IntrMotiv/SF_hipposlam/train_dir/analysis/online_spatial/easy_landmark_maze_control_20260923/ELM_CTRL_WAYPOINT_F64_DDQN_HER_S99/policy_00/snapshot_target_000075000000_actual_000075005952.npz,2,0.5,1,2,4,0.41709262132644653,0.1152241372914112,4,0
ELM_CTRL_WAYPOINT_F64_DDQN_HER_S99,0,75000000,75005952,/work/classic/fr_xl1014-easy-landmark-maze/IntrMotiv/SF_hipposlam/train_dir/analysis/online_spatial/easy_landmark_maze_control_20260923/ELM_CTRL_WAYPOINT_F64_DDQN_HER_S99/policy_00/snapshot_target_000075000000_actual_000075005952.npz,2,0.5,2,3,3,0.29159629344940186,0.0805550844875378,0,2
ELM_CTRL_WAYPOINT_F64_DDQN_HER_S99,0,75000000,75005952,/work/classic/fr_xl1014-easy-landmark-maze/IntrMotiv/SF_hipposlam/train_dir/analysis/online_spatial/easy_landmark_maze_control_20260923/ELM_CTRL_WAYPOINT_F64_DDQN_HER_S99/policy_00/snapshot_target_000075000000_actual_000075005952.npz,3,0.5,1,1,17,0.09826134145259857,1.0,6,5
ELM_CTRL_WAYPOINT_F64_DDQN_HER_S99,0,75000000,75005952,/work/classic/fr_xl1014-easy-landmark-maze/IntrMotiv/SF_hipposlam/train_dir/analysis/online_spatial/easy_landmark_maze_control_20260923/ELM_CTRL_WAYPOINT_F64_DDQN_HER_S99/policy_00/snapshot_target_000075000000_actual_000075005952.npz,4,0.5,1,1,6,0.029486387968063354,1.0,6,5
ELM_CTRL_WAYPOINT_F64_DDQN_HER_S99,0,75000000,75005952,/work/classic/fr_xl1014-easy-landmark-maze/IntrMotiv/SF_hipposlam/train_dir/analysis/online_spatial/easy_landmark_maze_control_20260923/ELM_CTRL_WAYPOINT_F64_DDQN_HER_S99/policy_00/snapshot_target_000075000000_actual_000075005952.npz,5,0.5,1,1,35,4.600253105163574,0.9792098804338696,4,0
ELM_CTRL_WAYPOINT_F64_DDQN_HER_S99,0,75000000,75005952,/work/classic/fr_xl1014-easy-landmark-maze/IntrMotiv/SF_hipposlam/train_dir/analysis/online_spatial/easy_landmark_maze_control_20260923/ELM_CTRL_WAYPOINT_F64_DDQN_HER_S99/policy_00/snapshot_target_000075000000_actual_000075005952.npz,5,0.5,2,2,1,0.09767039120197296,0.02079011956613037,8,2
ELM_CTRL_WAYPOINT_F64_DDQN_HER_S99,0,75000000,75005952,/work/classic/fr_xl1014-easy-landmark-maze/IntrMotiv/SF_hipposlam/train_dir/analysis/online_spatial/easy_landmark_maze_control_20260923/ELM_CTRL_WAYPOINT_F64_DDQN_HER_S99/policy_00/snapshot_target_000075000000_actual_000075005952.npz,6,0.5,1,1,6,0.010068736970424652,0.8945517283357052,6,5
ELM_CTRL_WAYPOINT_F64_DDQN_HER_S99,0,75000000,75005952,/work/classic/fr_xl1014-easy-landmark-maze/IntrMotiv/SF_hipposlam/train_dir/analysis/online_spatial/easy_landmark_maze_control_20260923/ELM_CTRL_WAYPOINT_F64_DDQN_HER_S99/policy_00/snapshot_target_000075000000_actual_000075005952.npz,6,0.5,2,2,1,0.0011868859874084592,0.1054482716642948,2,6
ELM_CTRL_WAYPOINT_F64_DDQN_HER_S99,0,75000000,75005952,/work/classic/fr_xl1014-easy-landmark-maze/IntrMotiv/SF_hipposlam/train_dir/analysis/online_spatial/easy_landmark_maze_control_20260923/ELM_CTRL_WAYPOINT_F64_DDQN_HER_S99/policy_00/snapshot_target_000075000000_actual_000075005952.npz,7,0.5,3,1,4,0.8272570967674255,0.5102566006067772,5,5
ELM_CTRL_WAYPOINT_F64_DDQN_HER_S99,0,75000000,75005952,/work/classic/fr_xl1014-easy-landmark-maze/IntrMotiv/SF_hipposlam/train_dir/analysis/online_spatial/easy_landmark_maze_control_20260923/ELM_CTRL_WAYPOINT_F64_DDQN_HER_S99/policy_00/snapshot_target_000075000000_actual_000075005952.npz,7,0.5,1,2,3,0.641552209854126,0.39571283339980196,0,2
ELM_CTRL_WAYPOINT_F64_DDQN_HER_S99,0,75000000,75005952,/work/classic/fr_xl1014-easy-landmark-maze/IntrMotiv/SF_hipposlam/train_dir/analysis/online_spatial/easy_landmark_maze_control_20260923/ELM_CTRL_WAYPOINT_F64_DDQN_HER_S99/policy_00/snapshot_target_000075000000_actual_000075005952.npz,7,0.5,2,3,1,0.15244771540164948,0.0940305659934208,2,4
ELM_CTRL_WAYPOINT_F64_DDQN_HER_S99,0,75000000,75005952,/work/classic/fr_xl1014-easy-landmark-maze/IntrMotiv/SF_hipposlam/train_dir/analysis/online_spatial/easy_landmark_maze_control_20260923/ELM_CTRL_WAYPOINT_F64_DDQN_HER_S99/policy_00/snapshot_target_000075000000_actual_000075005952.npz,8,0.5,1,1,3,0.005333956331014633,0.7845210666538546,8,8
ELM_CTRL_WAYPOINT_F64_DDQN_HER_S99,0,75000000,75005952,/work/classic/fr_xl1014-easy-landmark-maze/IntrMotiv/SF_hipposlam/train_dir/analysis/online_spatial/easy_landmark_maze_control_20260923/ELM_CTRL_WAYPOINT_F64_DDQN_HER_S99/policy_00/snapshot_target_000075000000_actual_000075005952.npz,8,0.5,2,2,1,0.0014650406083092093,0.21547893334614548,0,8
ELM_CTRL_WAYPOINT_F64_DDQN_HER_S99,0,75000000,75005952,/work/classic/fr_xl1014-easy-landmark-maze/IntrMotiv/SF_hipposlam/train_dir/analysis/online_spatial/easy_landmark_maze_control_20260923/ELM_CTRL_WAYPOINT_F64_DDQN_HER_S99/policy_00/snapshot_target_000075000000_actual_000075005952.npz,9,0.5,1,1,23,4.089785575866699,0.9709725098226989,7,4
ELM_CTRL_WAYPOINT_F64_DDQN_HER_S99,0,75000000,75005952,/work/classic/fr_xl1014-easy-landmark-maze/IntrMotiv/SF_hipposlam/train_dir/analysis/online_spatial/easy_landmark_maze_control_20260923/ELM_CTRL_WAYPOINT_F64_DDQN_HER_S99/policy_00/snapshot_target_000075000000_actual_000075005952.npz,9,0.5,2,2,1,0.12226526439189911,0.029027490177301052,8,0
ELM_CTRL_WAYPOINT_F64_DDQN_HER_S99,0,75000000,75005952,/work/classic/fr_xl1014-easy-landmark-maze/IntrMotiv/SF_hipposlam/train_dir/analysis/online_spatial/easy_landmark_maze_control_20260923/ELM_CTRL_WAYPOINT_F64_DDQN_HER_S99/policy_00/snapshot_target_000075000000_actual_000075005952.npz,10,0.5,2,1,9,1.7724207639694214,0.7480438060261775,5,4
ELM_CTRL_WAYPOINT_F64_DDQN_HER_S99,0,75000000,75005952,/work/classic/fr_xl1014-easy-landmark-maze/IntrMotiv/SF_hipposlam/train_dir/analysis/online_spatial/easy_landmark_maze_control_20260923/ELM_CTRL_WAYPOINT_F64_DDQN_HER_S99/policy_00/snapshot_target_000075000000_actual_000075005952.npz,10,0.5,1,2,3,0.5969869494438171,0.2519561939738225,2,2
ELM_CTRL_WAYPOINT_F64_DDQN_HER_S99,0,75000000,75005952,/work/classic/fr_xl1014-easy-landmark-maze/IntrMotiv/SF_hipposlam/train_dir/analysis/online_spatial/easy_landmark_maze_control_20260923/ELM_CTRL_WAYPOINT_F64_DDQN_HER_S99/policy_00/snapshot_target_000075000000_actual_000075005952.npz,11,0.5,5,1,7,0.6359132528305054,0.3757437849458124,4,8
ELM_CTRL_WAYPOINT_F64_DDQN_HER_S99,0,75000000,75005952,/work/classic/fr_xl1014-easy-landmark-maze/IntrMotiv/SF_hipposlam/train_dir/analysis/online_spatial/easy_landmark_maze_control_20260923/ELM_CTRL_WAYPOINT_F64_DDQN_HER_S99/policy_00/snapshot_target_000075000000_actual_000075005952.npz,11,0.5,2,2,5,0.4084535241127014,0.2413440393661187,4,0
ELM_CTRL_WAYPOINT_F64_DDQN_HER_S99,0,75000000,75005952,/work/classic/fr_xl1014-easy-landmark-maze/IntrMotiv/SF_hipposlam/train_dir/analysis/online_spatial/easy_landmark_maze_control_20260923/ELM_CTRL_WAYPOINT_F64_DDQN_HER_S99/policy_00/snapshot_target_000075000000_actual_000075005952.npz,11,0.5,4,3,4,0.27621394395828247,0.16320728070336085,8,5
ELM_CTRL_WAYPOINT_F64_DDQN_HER_S99,0,75000000,75005952,/work/classic/fr_xl1014-easy-landmark-maze/IntrMotiv/SF_hipposlam/train_dir/analysis/online_spatial/easy_landmark_maze_control_20260923/ELM_CTRL_WAYPOINT_F64_DDQN_HER_S99/policy_00/snapshot_target_000075000000_actual_000075005952.npz,11,0.5,3,4,3,0.23953548073768616,0.14153497786148886,0,4
ELM_CTRL_WAYPOINT_F64_DDQN_HER_S99,0,75000000,75005952,/work/classic/fr_xl1014-easy-landmark-maze/IntrMotiv/SF_hipposlam/train_dir/analysis/online_spatial/easy_landmark_maze_control_20260923/ELM_CTRL_WAYPOINT_F64_DDQN_HER_S99/policy_00/snapshot_target_000075000000_actual_000075005952.npz,11,0.5,1,5,2,0.13229569792747498,0.07816991712321916,0,0
ELM_CTRL_WAYPOINT_F64_DDQN_HER_S99,0,75000000,75005952,/work/classic/fr_xl1014-easy-landmark-maze/IntrMotiv/SF_hipposlam/train_dir/analysis/online_spatial/easy_landmark_maze_control_20260923/ELM_CTRL_WAYPOINT_F64_DDQN_HER_S99/policy_00/snapshot_target_000075000000_actual_000075005952.npz,13,0.5,1,1,18,1.625471830368042,0.9071988246653936,5,0
ELM_CTRL_WAYPOINT_F64_DDQN_HER_S99,0,75000000,75005952,/work/classic/fr_xl1014-easy-landmark-maze/IntrMotiv/SF_hipposlam/train_dir/analysis/online_spatial/easy_landmark_maze_control_20260923/ELM_CTRL_WAYPOINT_F64_DDQN_HER_S99/policy_00/snapshot_target_000075000000_actual_000075005952.npz,13,0.5,2,2,2,0.16627633571624756,0.09280117533460637,0,5
ELM_CTRL_WAYPOINT_F64_DDQN_HER_S99,0,75000000,75005952,/work/classic/fr_xl1014-easy-landmark-maze/IntrMotiv/SF_hipposlam/train_dir/analysis/online_spatial/easy_landmark_maze_control_20260923/ELM_CTRL_WAYPOINT_F64_DDQN_HER_S99/policy_00/snapshot_target_000075000000_actual_000075005952.npz,14,0.5,1,1,9,0.009327882900834084,0.9167188747191969,6,6
ELM_CTRL_WAYPOINT_F64_DDQN_HER_S99,0,75000000,75005952,/work/classic/fr_xl1014-easy-landmark-maze/IntrMotiv/SF_hipposlam/train_dir/analysis/online_spatial/easy_landmark_maze_control_20260923/ELM_CTRL_WAYPOINT_F64_DDQN_HER_S99/policy_00/snapshot_target_000075000000_actual_000075005952.npz,14,0.5,2,2,1,0.0008474098285660148,0.08328112528080313,2,6
ELM_CTRL_WAYPOINT_F64_DDQN_HER_S99,0,75000000,75005952,/work/classic/fr_xl1014-easy-landmark-maze/IntrMotiv/SF_hipposlam/train_dir/analysis/online_spatial/easy_landmark_maze_control_20260923/ELM_CTRL_WAYPOINT_F64_DDQN_HER_S99/policy_00/snapshot_target_000075000000_actual_000075005952.npz,15,0.5,1,1,3,0.0010465234518051147,1.0,6,6
ELM_CTRL_WAYPOINT_F64_DDQN_HER_S99,0,75000000,75005952,/work/classic/fr_xl1014-easy-landmark-maze/IntrMotiv/SF_hipposlam/train_dir/analysis/online_spatial/easy_landmark_maze_control_20260923/ELM_CTRL_WAYPOINT_F64_DDQN_HER_S99/policy_00/snapshot_target_000075000000_actual_000075005952.npz,16,0.5,1,1,2,0.0010640118271112442,0.5682718639648061,2,4
ELM_CTRL_WAYPOINT_F64_DDQN_HER_S99,0,75000000,75005952,/work/classic/fr_xl1014-easy-landmark-maze/IntrMotiv/SF_hipposlam/train_dir/analysis/online_spatial/easy_landmark_maze_control_20260923/ELM_CTRL_WAYPOINT_F64_DDQN_HER_S99/policy_00/snapshot_target_000075000000_actual_000075005952.npz,16,0.5,2,2,2,0.0008083522552624345,0.4317281360351939,6,4
ELM_CTRL_WAYPOINT_F64_DDQN_HER_S99,0,75000000,75005952,/work/classic/fr_xl1014-easy-landmark-maze/IntrMotiv/SF_hipposlam/train_dir/analysis/online_spatial/easy_landmark_maze_control_20260923/ELM_CTRL_WAYPOINT_F64_DDQN_HER_S99/policy_00/snapshot_target_000075000000_actual_000075005952.npz,17,0.5,1,1,12,0.04382290691137314,1.0,3,4
ELM_CTRL_WAYPOINT_F64_DDQN_HER_S99,0,75000000,75005952,/work/classic/fr_xl1014-easy-landmark-maze/IntrMotiv/SF_hipposlam/train_dir/analysis/online_spatial/easy_landmark_maze_control_20260923/ELM_CTRL_WAYPOINT_F64_DDQN_HER_S99/policy_00/snapshot_target_000075000000_actual_000075005952.npz,18,0.5,1,1,9,1.063545823097229,0.4532442545614277,5,0
ELM_CTRL_WAYPOINT_F64_DDQN_HER_S99,0,75000000,75005952,/work/classic/fr_xl1014-easy-landmark-maze/IntrMotiv/SF_hipposlam/train_dir/analysis/online_spatial/easy_landmark_maze_control_20260923/ELM_CTRL_WAYPOINT_F64_DDQN_HER_S99/policy_00/snapshot_target_000075000000_actual_000075005952.npz,18,0.5,4,2,5,0.5933221578598022,0.25285216049347337,2,8
ELM_CTRL_WAYPOINT_F64_DDQN_HER_S99,0,75000000,75005952,/work/classic/fr_xl1014-easy-landmark-maze/IntrMotiv/SF_hipposlam/train_dir/analysis/online_spatial/easy_landmark_maze_control_20260923/ELM_CTRL_WAYPOINT_F64_DDQN_HER_S99/policy_00/snapshot_target_000075000000_actual_000075005952.npz,18,0.5,5,3,4,0.42423945665359497,0.1807953095302836,6,8
ELM_CTRL_WAYPOINT_F64_DDQN_HER_S99,0,75000000,75005952,/work/classic/fr_xl1014-easy-landmark-maze/IntrMotiv/SF_hipposlam/train_dir/analysis/online_spatial/easy_landmark_maze_control_20260923/ELM_CTRL_WAYPOINT_F64_DDQN_HER_S99/policy_00/snapshot_target_000075000000_actual_000075005952.npz,18,0.5,2,4,2,0.17848140001296997,0.07606223196512249,8,2
ELM_CTRL_WAYPOINT_F64_DDQN_HER_S99,0,75000000,75005952,/work/classic/fr_xl1014-easy-landmark-maze/IntrMotiv/SF_hipposlam/train_dir/analysis/online_spatial/easy_landmark_maze_control_20260923/ELM_CTRL_WAYPOINT_F64_DDQN_HER_S99/policy_00/snapshot_target_000075000000_actual_000075005952.npz,18,0.5,3,5,1,0.08692920953035355,0.03704604344969281,8,6
ELM_CTRL_WAYPOINT_F64_DDQN_HER_S99,0,75000000,75005952,/work/classic/fr_xl1014-easy-landmark-maze/IntrMotiv/SF_hipposlam/train_dir/analysis/online_spatial/easy_landmark_maze_control_20260923/ELM_CTRL_WAYPOINT_F64_DDQN_HER_S99/policy_00/snapshot_target_000075000000_actual_000075005952.npz,19,0.5,2,1,6,0.011984569020569324,0.7966348681302545,4,8
ELM_CTRL_WAYPOINT_F64_DDQN_HER_S99,0,75000000,75005952,/work/classic/fr_xl1014-easy-landmark-maze/IntrMotiv/SF_hipposlam/train_dir/analysis/online_spatial/easy_landmark_maze_control_20260923/ELM_CTRL_WAYPOINT_F64_DDQN_HER_S99/policy_00/snapshot_target_000075000000_actual_000075005952.npz,19,0.5,1,2,2,0.00305942352861166,0.20336513186974553,1,0
ELM_CTRL_WAYPOINT_F64_DDQN_HER_S99,0,75000000,75005952,/work/classic/fr_xl1014-easy-landmark-maze/IntrMotiv/SF_hipposlam/train_dir/analysis/online_spatial/easy_landmark_maze_control_20260923/ELM_CTRL_WAYPOINT_F64_DDQN_HER_S99/policy_00/snapshot_target_000075000000_actual_000075005952.npz,20,0.5,2,1,14,1.7294470071792603,0.9494127217018113,7,3
ELM_CTRL_WAYPOINT_F64_DDQN_HER_S99,0,75000000,75005952,/work/classic/fr_xl1014-easy-landmark-maze/IntrMotiv/SF_hipposlam/train_dir/analysis/online_spatial/easy_landmark_maze_control_20260923/ELM_CTRL_WAYPOINT_F64_DDQN_HER_S99/policy_00/snapshot_target_000075000000_actual_000075005952.npz,20,0.5,1,2,1,0.09214961528778076,0.05058727829818869,2,0
ELM_CTRL_WAYPOINT_F64_DDQN_HER_S99,0,75000000,75005952,/work/classic/fr_xl1014-easy-landmark-maze/IntrMotiv/SF_hipposlam/train_dir/analysis/online_spatial/easy_landmark_maze_control_20260923/ELM_CTRL_WAYPOINT_F64_DDQN_HER_S99/policy_00/snapshot_target_000075000000_actual_000075005952.npz,21,0.5,2,1,22,2.492823600769043,0.8954243748161412,2,7
ELM_CTRL_WAYPOINT_F64_DDQN_HER_S99,0,75000000,75005952,/work/classic/fr_xl1014-easy-landmark-maze/IntrMotiv/SF_hipposlam/train_dir/analysis/online_spatial/easy_landmark_maze_control_20260923/ELM_CTRL_WAYPOINT_F64_DDQN_HER_S99/policy_00/snapshot_target_000075000000_actual_000075005952.npz,21,0.5,1,2,3,0.2911341190338135,0.10457562518385871,4,0
ELM_CTRL_WAYPOINT_F64_DDQN_HER_S99,0,75000000,75005952,/work/classic/fr_xl1014-easy-landmark-maze/IntrMotiv/SF_hipposlam/train_dir/analysis/online_spatial/easy_landmark_maze_control_20260923/ELM_CTRL_WAYPOINT_F64_DDQN_HER_S99/policy_00/snapshot_target_000075000000_actual_000075005952.npz,22,0.5,1,1,21,2.28225040435791,0.9198655437636215,0,3
ELM_CTRL_WAYPOINT_F64_DDQN_HER_S99,0,75000000,75005952,/work/classic/fr_xl1014-easy-landmark-maze/IntrMotiv/SF_hipposlam/train_dir/analysis/online_spatial/easy_landmark_maze_control_20260923/ELM_CTRL_WAYPOINT_F64_DDQN_HER_S99/policy_00/snapshot_target_000075000000_actual_000075005952.npz,22,0.5,2,2,2,0.19881916046142578,0.08013445623637852,8,7
ELM_CTRL_WAYPOINT_F64_DDQN_HER_S99,0,75000000,75005952,/work/classic/fr_xl1014-easy-landmark-maze/IntrMotiv/SF_hipposlam/train_dir/analysis/online_spatial/easy_landmark_maze_control_20260923/ELM_CTRL_WAYPOINT_F64_DDQN_HER_S99/policy_00/snapshot_target_000075000000_actual_000075005952.npz,23,0.5,2,1,3,0.5121439695358276,0.48141276565060376,8,0
ELM_CTRL_WAYPOINT_F64_DDQN_HER_S99,0,75000000,75005952,/work/classic/fr_xl1014-easy-landmark-maze/IntrMotiv/SF_hipposlam/train_dir/analysis/online_spatial/easy_landmark_maze_control_20260923/ELM_CTRL_WAYPOINT_F64_DDQN_HER_S99/policy_00/snapshot_target_000075000000_actual_000075005952.npz,23,0.5,1,2,1,0.19412311911582947,0.18247475946065084,0,0
ELM_CTRL_WAYPOINT_F64_DDQN_HER_S99,0,75000000,75005952,/work/classic/fr_xl1014-easy-landmark-maze/IntrMotiv/SF_hipposlam/train_dir/analysis/online_spatial/easy_landmark_maze_control_20260923/ELM_CTRL_WAYPOINT_F64_DDQN_HER_S99/policy_00/snapshot_target_000075000000_actual_000075005952.npz,23,0.5,3,3,1,0.18908467888832092,0.177738650888117,0,8
ELM_CTRL_WAYPOINT_F64_DDQN_HER_S99,0,75000000,75005952,/work/classic/fr_xl1014-easy-landmark-maze/IntrMotiv/SF_hipposlam/train_dir/analysis/online_spatial/easy_landmark_maze_control_20260923/ELM_CTRL_WAYPOINT_F64_DDQN_HER_S99/policy_00/snapshot_target_000075000000_actual_000075005952.npz,23,0.5,4,4,1,0.1684836894273758,0.1583738240006284,8,8
ELM_CTRL_WAYPOINT_F64_DDQN_HER_S99,0,75000000,75005952,/work/classic/fr_xl1014-easy-landmark-maze/IntrMotiv/SF_hipposlam/train_dir/analysis/online_spatial/easy_landmark_maze_control_20260923/ELM_CTRL_WAYPOINT_F64_DDQN_HER_S99/policy_00/snapshot_target_000075000000_actual_000075005952.npz,24,0.5,1,1,8,0.024139735847711563,0.7376321018967475,8,8
ELM_CTRL_WAYPOINT_F64_DDQN_HER_S99,0,75000000,75005952,/work/classic/fr_xl1014-easy-landmark-maze/IntrMotiv/SF_hipposlam/train_dir/analysis/online_spatial/easy_landmark_maze_control_20260923/ELM_CTRL_WAYPOINT_F64_DDQN_HER_S99/policy_00/snapshot_target_000075000000_actual_000075005952.npz,24,0.5,2,2,3,0.008586247451603413,0.26236789810325245,0,8
ELM_CTRL_WAYPOINT_F64_DDQN_HER_S99,0,75000000,75005952,/work/classic/fr_xl1014-easy-landmark-maze/IntrMotiv/SF_hipposlam/train_dir/analysis/online_spatial/easy_landmark_maze_control_20260923/ELM_CTRL_WAYPOINT_F64_DDQN_HER_S99/policy_00/snapshot_target_000075000000_actual_000075005952.npz,25,0.5,1,1,5,0.013637196272611618,1.0,8,5
ELM_CTRL_WAYPOINT_F64_DDQN_HER_S99,0,75000000,75005952,/work/classic/fr_xl1014-easy-landmark-maze/IntrMotiv/SF_hipposlam/train_dir/analysis/online_spatial/easy_landmark_maze_control_20260923/ELM_CTRL_WAYPOINT_F64_DDQN_HER_S99/policy_00/snapshot_target_000075000000_actual_000075005952.npz,26,0.5,1,1,7,0.0063072191551327705,1.0,6,5
ELM_CTRL_WAYPOINT_F64_DDQN_HER_S99,0,75000000,75005952,/work/classic/fr_xl1014-easy-landmark-maze/IntrMotiv/SF_hipposlam/train_dir/analysis/online_spatial/easy_landmark_maze_control_20260923/ELM_CTRL_WAYPOINT_F64_DDQN_HER_S99/policy_00/snapshot_target_000075000000_actual_000075005952.npz,27,0.5,2,1,3,0.3469674587249756,0.4515750047565538,8,8
ELM_CTRL_WAYPOINT_F64_DDQN_HER_S99,0,75000000,75005952,/work/classic/fr_xl1014-easy-landmark-maze/IntrMotiv/SF_hipposlam/train_dir/analysis/online_spatial/easy_landmark_maze_control_20260923/ELM_CTRL_WAYPOINT_F64_DDQN_HER_S99/policy_00/snapshot_target_000075000000_actual_000075005952.npz,27,0.5,3,2,3,0.30483561754226685,0.39674079508052534,0,8
ELM_CTRL_WAYPOINT_F64_DDQN_HER_S99,0,75000000,75005952,/work/classic/fr_xl1014-easy-landmark-maze/IntrMotiv/SF_hipposlam/train_dir/analysis/online_spatial/easy_landmark_maze_control_20260923/ELM_CTRL_WAYPOINT_F64_DDQN_HER_S99/policy_00/snapshot_target_000075000000_actual_000075005952.npz,27,0.5,1,3,1,0.11654648929834366,0.1516842001629209,8,0
ELM_CTRL_WAYPOINT_F64_DDQN_HER_S99,0,75000000,75005952,/work/classic/fr_xl1014-easy-landmark-maze/IntrMotiv/SF_hipposlam/train_dir/analysis/online_spatial/easy_landmark_maze_control_20260923/ELM_CTRL_WAYPOINT_F64_DDQN_HER_S99/policy_00/snapshot_target_000075000000_actual_000075005952.npz,28,0.5,1,1,3,0.009555565193295479,0.7419155234022826,8,8
ELM_CTRL_WAYPOINT_F64_DDQN_HER_S99,0,75000000,75005952,/work/classic/fr_xl1014-easy-landmark-maze/IntrMotiv/SF_hipposlam/train_dir/analysis/online_spatial/easy_landmark_maze_control_20260923/ELM_CTRL_WAYPOINT_F64_DDQN_HER_S99/policy_00/snapshot_target_000075000000_actual_000075005952.npz,28,0.5,2,2,1,0.00332402135245502,0.2580844765977174,0,8
ELM_CTRL_WAYPOINT_F64_DDQN_HER_S99,0,75000000,75005952,/work/classic/fr_xl1014-easy-landmark-maze/IntrMotiv/SF_hipposlam/train_dir/analysis/online_spatial/easy_landmark_maze_control_20260923/ELM_CTRL_WAYPOINT_F64_DDQN_HER_S99/policy_00/snapshot_target_000075000000_actual_000075005952.npz,29,0.5,2,1,26,2.3349406719207764,0.7151308658243741,2,7
ELM_CTRL_WAYPOINT_F64_DDQN_HER_S99,0,75000000,75005952,/work/classic/fr_xl1014-easy-landmark-maze/IntrMotiv/SF_hipposlam/train_dir/analysis/online_spatial/easy_landmark_maze_control_20260923/ELM_CTRL_WAYPOINT_F64_DDQN_HER_S99/policy_00/snapshot_target_000075000000_actual_000075005952.npz,29,0.5,1,2,12,0.9301130175590515,0.2848691341756259,8,2
ELM_CTRL_WAYPOINT_F64_DDQN_HER_S99,0,75000000,75005952,/work/classic/fr_xl1014-easy-landmark-maze/IntrMotiv/SF_hipposlam/train_dir/analysis/online_spatial/easy_landmark_maze_control_20260923/ELM_CTRL_WAYPOINT_F64_DDQN_HER_S99/policy_00/snapshot_target_000075000000_actual_000075005952.npz,30,0.5,1,1,24,2.417189598083496,1.0,2,5
ELM_CTRL_WAYPOINT_F64_DDQN_HER_S99,0,75000000,75005952,/work/classic/fr_xl1014-easy-landmark-maze/IntrMotiv/SF_hipposlam/train_dir/analysis/online_spatial/easy_landmark_maze_control_20260923/ELM_CTRL_WAYPOINT_F64_DDQN_HER_S99/policy_00/snapshot_target_000075000000_actual_000075005952.npz,31,0.5,1,1,13,0.018380574882030487,1.0,2,2
ELM_CTRL_WAYPOINT_F64_DDQN_HER_S99,0,75000000,75005952,/work/classic/fr_xl1014-easy-landmark-maze/IntrMotiv/SF_hipposlam/train_dir/analysis/online_spatial/easy_landmark_maze_control_20260923/ELM_CTRL_WAYPOINT_F64_DDQN_HER_S99/policy_00/snapshot_target_000075000000_actual_000075005952.npz,32,0.5,1,1,11,0.0669417530298233,0.9183259437482726,2,2
ELM_CTRL_WAYPOINT_F64_DDQN_HER_S99,0,75000000,75005952,/work/classic/fr_xl1014-easy-landmark-maze/IntrMotiv/SF_hipposlam/train_dir/analysis/online_spatial/easy_landmark_maze_control_20260923/ELM_CTRL_WAYPOINT_F64_DDQN_HER_S99/policy_00/snapshot_target_000075000000_actual_000075005952.npz,32,0.5,2,2,1,0.005953664425760508,0.08167405625172745,6,8
ELM_CTRL_WAYPOINT_F64_DDQN_HER_S99,0,75000000,75005952,/work/classic/fr_xl1014-easy-landmark-maze/IntrMotiv/SF_hipposlam/train_dir/analysis/online_spatial/easy_landmark_maze_control_20260923/ELM_CTRL_WAYPOINT_F64_DDQN_HER_S99/policy_00/snapshot_target_000075000000_actual_000075005952.npz,33,0.5,1,1,55,4.442429065704346,1.0,2,7
ELM_CTRL_WAYPOINT_F64_DDQN_HER_S99,0,75000000,75005952,/work/classic/fr_xl1014-easy-landmark-maze/IntrMotiv/SF_hipposlam/train_dir/analysis/online_spatial/easy_landmark_maze_control_20260923/ELM_CTRL_WAYPOINT_F64_DDQN_HER_S99/policy_00/snapshot_target_000075000000_actual_000075005952.npz,34,0.5,1,1,7,0.0077059222385287285,0.6885902909402377,8,8
ELM_CTRL_WAYPOINT_F64_DDQN_HER_S99,0,75000000,75005952,/work/classic/fr_xl1014-easy-landmark-maze/IntrMotiv/SF_hipposlam/train_dir/analysis/online_spatial/easy_landmark_maze_control_20260923/ELM_CTRL_WAYPOINT_F64_DDQN_HER_S99/policy_00/snapshot_target_000075000000_actual_000075005952.npz,34,0.5,2,2,3,0.0034849445801228285,0.31140970905976223,0,8
ELM_CTRL_WAYPOINT_F64_DDQN_HER_S99,0,75000000,75005952,/work/classic/fr_xl1014-easy-landmark-maze/IntrMotiv/SF_hipposlam/train_dir/analysis/online_spatial/easy_landmark_maze_control_20260923/ELM_CTRL_WAYPOINT_F64_DDQN_HER_S99/policy_00/snapshot_target_000075000000_actual_000075005952.npz,35,0.5,2,1,15,0.01574414037168026,0.9527753072782873,6,5
ELM_CTRL_WAYPOINT_F64_DDQN_HER_S99,0,75000000,75005952,/work/classic/fr_xl1014-easy-landmark-maze/IntrMotiv/SF_hipposlam/train_dir/analysis/online_spatial/easy_landmark_maze_control_20260923/ELM_CTRL_WAYPOINT_F64_DDQN_HER_S99/policy_00/snapshot_target_000075000000_actual_000075005952.npz,35,0.5,1,2,1,0.0007803646731190383,0.04722469272171271,3,0
ELM_CTRL_WAYPOINT_F64_DDQN_HER_S99,0,75000000,75005952,/work/classic/fr_xl1014-easy-landmark-maze/IntrMotiv/SF_hipposlam/train_dir/analysis/online_spatial/easy_landmark_maze_control_20260923/ELM_CTRL_WAYPOINT_F64_DDQN_HER_S99/policy_00/snapshot_target_000075000000_actual_000075005952.npz,36,0.5,1,1,8,0.01984335668385029,1.0,6,6
ELM_CTRL_WAYPOINT_F64_DDQN_HER_S99,0,75000000,75005952,/work/classic/fr_xl1014-easy-landmark-maze/IntrMotiv/SF_hipposlam/train_dir/analysis/online_spatial/easy_landmark_maze_control_20260923/ELM_CTRL_WAYPOINT_F64_DDQN_HER_S99/policy_00/snapshot_target_000075000000_actual_000075005952.npz,37,0.5,1,1,12,0.831302285194397,1.0,4,3
ELM_CTRL_WAYPOINT_F64_DDQN_HER_S99,0,75000000,75005952,/work/classic/fr_xl1014-easy-landmark-maze/IntrMotiv/SF_hipposlam/train_dir/analysis/online_spatial/easy_landmark_maze_control_20260923/ELM_CTRL_WAYPOINT_F64_DDQN_HER_S99/policy_00/snapshot_target_000075000000_actual_000075005952.npz,38,0.5,1,1,4,0.0034944142680615187,1.0,6,6
ELM_CTRL_WAYPOINT_F64_DDQN_HER_S99,0,75000000,75005952,/work/classic/fr_xl1014-easy-landmark-maze/IntrMotiv/SF_hipposlam/train_dir/analysis/online_spatial/easy_landmark_maze_control_20260923/ELM_CTRL_WAYPOINT_F64_DDQN_HER_S99/policy_00/snapshot_target_000075000000_actual_000075005952.npz,39,0.5,1,1,43,4.311079025268555,1.0,3,6
ELM_CTRL_WAYPOINT_F64_DDQN_HER_S99,0,75000000,75005952,/work/classic/fr_xl1014-easy-landmark-maze/IntrMotiv/SF_hipposlam/train_dir/analysis/online_spatial/easy_landmark_maze_control_20260923/ELM_CTRL_WAYPOINT_F64_DDQN_HER_S99/policy_00/snapshot_target_000075000000_actual_000075005952.npz,40,0.5,2,1,6,0.028552334755659103,0.716277618615804,6,5
ELM_CTRL_WAYPOINT_F64_DDQN_HER_S99,0,75000000,75005952,/work/classic/fr_xl1014-easy-landmark-maze/IntrMotiv/SF_hipposlam/train_dir/analysis/online_spatial/easy_landmark_maze_control_20260923/ELM_CTRL_WAYPOINT_F64_DDQN_HER_S99/policy_00/snapshot_target_000075000000_actual_000075005952.npz,40,0.5,1,2,3,0.011309771798551083,0.28372238138419603,2,2
ELM_CTRL_WAYPOINT_F64_DDQN_HER_S99,0,75000000,75005952,/work/classic/fr_xl1014-easy-landmark-maze/IntrMotiv/SF_hipposlam/train_dir/analysis/online_spatial/easy_landmark_maze_control_20260923/ELM_CTRL_WAYPOINT_F64_DDQN_HER_S99/policy_00/snapshot_target_000075000000_actual_000075005952.npz,41,0.5,1,1,3,0.0060219597071409225,1.0,3,5
ELM_CTRL_WAYPOINT_F64_DDQN_HER_S99,0,75000000,75005952,/work/classic/fr_xl1014-easy-landmark-maze/IntrMotiv/SF_hipposlam/train_dir/analysis/online_spatial/easy_landmark_maze_control_20260923/ELM_CTRL_WAYPOINT_F64_DDQN_HER_S99/policy_00/snapshot_target_000075000000_actual_000075005952.npz,42,0.5,3,1,8,1.0217441320419312,0.3646787026155899,2,8
ELM_CTRL_WAYPOINT_F64_DDQN_HER_S99,0,75000000,75005952,/work/classic/fr_xl1014-easy-landmark-maze/IntrMotiv/SF_hipposlam/train_dir/analysis/online_spatial/easy_landmark_maze_control_20260923/ELM_CTRL_WAYPOINT_F64_DDQN_HER_S99/policy_00/snapshot_target_000075000000_actual_000075005952.npz,42,0.5,4,2,6,0.7491111755371094,0.2673711382748624,6,8
ELM_CTRL_WAYPOINT_F64_DDQN_HER_S99,0,75000000,75005952,/work/classic/fr_xl1014-easy-landmark-maze/IntrMotiv/SF_hipposlam/train_dir/analysis/online_spatial/easy_landmark_maze_control_20260923/ELM_CTRL_WAYPOINT_F64_DDQN_HER_S99/policy_00/snapshot_target_000075000000_actual_000075005952.npz,42,0.5,1,3,5,0.6681569814682007,0.23847714266625464,5,0
ELM_CTRL_WAYPOINT_F64_DDQN_HER_S99,0,75000000,75005952,/work/classic/fr_xl1014-easy-landmark-maze/IntrMotiv/SF_hipposlam/train_dir/analysis/online_spatial/easy_landmark_maze_control_20260923/ELM_CTRL_WAYPOINT_F64_DDQN_HER_S99/policy_00/snapshot_target_000075000000_actual_000075005952.npz,42,0.5,2,4,3,0.3627530038356781,0.1294730164432931,8,3
ELM_CTRL_WAYPOINT_F64_DDQN_HER_S99,0,75000000,75005952,/work/classic/fr_xl1014-easy-landmark-maze/IntrMotiv/SF_hipposlam/train_dir/analysis/online_spatial/easy_landmark_maze_control_20260923/ELM_CTRL_WAYPOINT_F64_DDQN_HER_S99/policy_00/snapshot_target_000075000000_actual_000075005952.npz,43,0.5,1,1,8,0.003971516620367765,1.0,6,5
ELM_CTRL_WAYPOINT_F64_DDQN_HER_S99,0,75000000,75005952,/work/classic/fr_xl1014-easy-landmark-maze/IntrMotiv/SF_hipposlam/train_dir/analysis/online_spatial/easy_landmark_maze_control_20260923/ELM_CTRL_WAYPOINT_F64_DDQN_HER_S99/policy_00/snapshot_target_000075000000_actual_000075005952.npz,44,0.5,1,1,22,0.19213470816612244,1.0,3,2
ELM_CTRL_WAYPOINT_F64_DDQN_HER_S99,0,75000000,75005952,/work/classic/fr_xl1014-easy-landmark-maze/IntrMotiv/SF_hipposlam/train_dir/analysis/online_spatial/easy_landmark_maze_control_20260923/ELM_CTRL_WAYPOINT_F64_DDQN_HER_S99/policy_00/snapshot_target_000075000000_actual_000075005952.npz,45,0.5,2,1,5,0.002932544331997633,0.6526790676488581,6,5
ELM_CTRL_WAYPOINT_F64_DDQN_HER_S99,0,75000000,75005952,/work/classic/fr_xl1014-easy-landmark-maze/IntrMotiv/SF_hipposlam/train_dir/analysis/online_spatial/easy_landmark_maze_control_20260923/ELM_CTRL_WAYPOINT_F64_DDQN_HER_S99/policy_00/snapshot_target_000075000000_actual_000075005952.npz,45,0.5,1,2,3,0.001560543430969119,0.347320932351142,2,3
ELM_CTRL_WAYPOINT_F64_DDQN_HER_S99,0,75000000,75005952,/work/classic/fr_xl1014-easy-landmark-maze/IntrMotiv/SF_hipposlam/train_dir/analysis/online_spatial/easy_landmark_maze_control_20260923/ELM_CTRL_WAYPOINT_F64_DDQN_HER_S99/policy_00/snapshot_target_000075000000_actual_000075005952.npz,46,0.5,1,1,8,0.008353739976882935,1.0,5,5
ELM_CTRL_WAYPOINT_F64_DDQN_HER_S99,0,75000000,75005952,/work/classic/fr_xl1014-easy-landmark-maze/IntrMotiv/SF_hipposlam/train_dir/analysis/online_spatial/easy_landmark_maze_control_20260923/ELM_CTRL_WAYPOINT_F64_DDQN_HER_S99/policy_00/snapshot_target_000075000000_actual_000075005952.npz,47,0.5,1,1,6,0.012022534385323524,1.0,6,5
ELM_CTRL_WAYPOINT_F64_DDQN_HER_S99,0,75000000,75005952,/work/classic/fr_xl1014-easy-landmark-maze/IntrMotiv/SF_hipposlam/train_dir/analysis/online_spatial/easy_landmark_maze_control_20260923/ELM_CTRL_WAYPOINT_F64_DDQN_HER_S99/policy_00/snapshot_target_000075000000_actual_000075005952.npz,48,0.5,1,1,3,0.010939733125269413,1.0,3,5
ELM_CTRL_WAYPOINT_F64_DDQN_HER_S99,0,75000000,75005952,/work/classic/fr_xl1014-easy-landmark-maze/IntrMotiv/SF_hipposlam/train_dir/analysis/online_spatial/easy_landmark_maze_control_20260923/ELM_CTRL_WAYPOINT_F64_DDQN_HER_S99/policy_00/snapshot_target_000075000000_actual_000075005952.npz,49,0.5,2,1,21,2.2375996112823486,0.9004664793319948,3,8
ELM_CTRL_WAYPOINT_F64_DDQN_HER_S99,0,75000000,75005952,/work/classic/fr_xl1014-easy-landmark-maze/IntrMotiv/SF_hipposlam/train_dir/analysis/online_spatial/easy_landmark_maze_control_20260923/ELM_CTRL_WAYPOINT_F64_DDQN_HER_S99/policy_00/snapshot_target_000075000000_actual_000075005952.npz,49,0.5,1,2,3,0.24733421206474304,0.09953352066800525,1,0
ELM_CTRL_WAYPOINT_F64_DDQN_HER_S99,0,75000000,75005952,/work/classic/fr_xl1014-easy-landmark-maze/IntrMotiv/SF_hipposlam/train_dir/analysis/online_spatial/easy_landmark_maze_control_20260923/ELM_CTRL_WAYPOINT_F64_DDQN_HER_S99/policy_00/snapshot_target_000075000000_actual_000075005952.npz,50,0.5,2,1,2,0.289181649684906,0.2950505197365457,8,0
ELM_CTRL_WAYPOINT_F64_DDQN_HER_S99,0,75000000,75005952,/work/classic/fr_xl1014-easy-landmark-maze/IntrMotiv/SF_hipposlam/train_dir/analysis/online_spatial/easy_landmark_maze_control_20260923/ELM_CTRL_WAYPOINT_F64_DDQN_HER_S99/policy_00/snapshot_target_000075000000_actual_000075005952.npz,50,0.5,3,2,2,0.28267592191696167,0.2884127598327345,0,8
ELM_CTRL_WAYPOINT_F64_DDQN_HER_S99,0,75000000,75005952,/work/classic/fr_xl1014-easy-landmark-maze/IntrMotiv/SF_hipposlam/train_dir/analysis/online_spatial/easy_landmark_maze_control_20260923/ELM_CTRL_WAYPOINT_F64_DDQN_HER_S99/policy_00/snapshot_target_000075000000_actual_000075005952.npz,50,0.5,4,3,2,0.2666080594062805,0.27201880402676454,8,8
ELM_CTRL_WAYPOINT_F64_DDQN_HER_S99,0,75000000,75005952,/work/classic/fr_xl1014-easy-landmark-maze/IntrMotiv/SF_hipposlam/train_dir/analysis/online_spatial/easy_landmark_maze_control_20260923/ELM_CTRL_WAYPOINT_F64_DDQN_HER_S99/policy_00/snapshot_target_000075000000_actual_000075005952.npz,50,0.5,1,4,1,0.14164330065250397,0.1445179164039552,0,0
ELM_CTRL_WAYPOINT_F64_DDQN_HER_S99,0,75000000,75005952,/work/classic/fr_xl1014-easy-landmark-maze/IntrMotiv/SF_hipposlam/train_dir/analysis/online_spatial/easy_landmark_maze_control_20260923/ELM_CTRL_WAYPOINT_F64_DDQN_HER_S99/policy_00/snapshot_target_000075000000_actual_000075005952.npz,51,0.5,1,1,5,0.010190457105636597,0.7695120635805024,6,3
ELM_CTRL_WAYPOINT_F64_DDQN_HER_S99,0,75000000,75005952,/work/classic/fr_xl1014-easy-landmark-maze/IntrMotiv/SF_hipposlam/train_dir/analysis/online_spatial/easy_landmark_maze_control_20260923/ELM_CTRL_WAYPOINT_F64_DDQN_HER_S99/policy_00/snapshot_target_000075000000_actual_000075005952.npz,51,0.5,2,2,2,0.003052294487133622,0.23048793641949755,6,6
ELM_CTRL_WAYPOINT_F64_DDQN_HER_S99,0,75000000,75005952,/work/classic/fr_xl1014-easy-landmark-maze/IntrMotiv/SF_hipposlam/train_dir/analysis/online_spatial/easy_landmark_maze_control_20260923/ELM_CTRL_WAYPOINT_F64_DDQN_HER_S99/policy_00/snapshot_target_000075000000_actual_000075005952.npz,52,0.5,1,1,4,0.01958373747766018,1.0,8,3
ELM_CTRL_WAYPOINT_F64_DDQN_HER_S99,0,75000000,75005952,/work/classic/fr_xl1014-easy-landmark-maze/IntrMotiv/SF_hipposlam/train_dir/analysis/online_spatial/easy_landmark_maze_control_20260923/ELM_CTRL_WAYPOINT_F64_DDQN_HER_S99/policy_00/snapshot_target_000075000000_actual_000075005952.npz,53,0.5,1,1,29,2.764420509338379,1.0,8,4
ELM_CTRL_WAYPOINT_F64_DDQN_HER_S99,0,75000000,75005952,/work/classic/fr_xl1014-easy-landmark-maze/IntrMotiv/SF_hipposlam/train_dir/analysis/online_spatial/easy_landmark_maze_control_20260923/ELM_CTRL_WAYPOINT_F64_DDQN_HER_S99/policy_00/snapshot_target_000075000000_actual_000075005952.npz,54,0.5,1,1,6,1.2056423425674438,0.875372183863359,0,3
ELM_CTRL_WAYPOINT_F64_DDQN_HER_S99,0,75000000,75005952,/work/classic/fr_xl1014-easy-landmark-maze/IntrMotiv/SF_hipposlam/train_dir/analysis/online_spatial/easy_landmark_maze_control_20260923/ELM_CTRL_WAYPOINT_F64_DDQN_HER_S99/policy_00/snapshot_target_000075000000_actual_000075005952.npz,54,0.5,2,2,1,0.1716487854719162,0.12462781613664096,6,8
ELM_CTRL_WAYPOINT_F64_DDQN_HER_S99,0,75000000,75005952,/work/classic/fr_xl1014-easy-landmark-maze/IntrMotiv/SF_hipposlam/train_dir/analysis/online_spatial/easy_landmark_maze_control_20260923/ELM_CTRL_WAYPOINT_F64_DDQN_HER_S99/policy_00/snapshot_target_000075000000_actual_000075005952.npz,55,0.5,1,1,23,4.534325122833252,1.0,3,4
ELM_CTRL_WAYPOINT_F64_DDQN_HER_S99,0,75000000,75005952,/work/classic/fr_xl1014-easy-landmark-maze/IntrMotiv/SF_hipposlam/train_dir/analysis/online_spatial/easy_landmark_maze_control_20260923/ELM_CTRL_WAYPOINT_F64_DDQN_HER_S99/policy_00/snapshot_target_000075000000_actual_000075005952.npz,56,0.5,2,1,4,0.003718162886798382,0.46087320782498614,8,4
ELM_CTRL_WAYPOINT_F64_DDQN_HER_S99,0,75000000,75005952,/work/classic/fr_xl1014-easy-landmark-maze/IntrMotiv/SF_hipposlam/train_dir/analysis/online_spatial/easy_landmark_maze_control_20260923/ELM_CTRL_WAYPOINT_F64_DDQN_HER_S99/policy_00/snapshot_target_000075000000_actual_000075005952.npz,56,0.5,1,2,3,0.0035407862160354853,0.4388870394572512,4,0
ELM_CTRL_WAYPOINT_F64_DDQN_HER_S99,0,75000000,75005952,/work/classic/fr_xl1014-easy-landmark-maze/IntrMotiv/SF_hipposlam/train_dir/analysis/online_spatial/easy_landmark_maze_control_20260923/ELM_CTRL_WAYPOINT_F64_DDQN_HER_S99/policy_00/snapshot_target_000075000000_actual_000075005952.npz,56,0.5,3,3,1,0.0008086990565061569,0.10023975271776264,0,6
ELM_CTRL_WAYPOINT_F64_DDQN_HER_S99,0,75000000,75005952,/work/classic/fr_xl1014-easy-landmark-maze/IntrMotiv/SF_hipposlam/train_dir/analysis/online_spatial/easy_landmark_maze_control_20260923/ELM_CTRL_WAYPOINT_F64_DDQN_HER_S99/policy_00/snapshot_target_000075000000_actual_000075005952.npz,57,0.5,2,1,6,0.015493719838559628,0.8617505567966225,6,5
ELM_CTRL_WAYPOINT_F64_DDQN_HER_S99,0,75000000,75005952,/work/classic/fr_xl1014-easy-landmark-maze/IntrMotiv/SF_hipposlam/train_dir/analysis/online_spatial/easy_landmark_maze_control_20260923/ELM_CTRL_WAYPOINT_F64_DDQN_HER_S99/policy_00/snapshot_target_000075000000_actual_000075005952.npz,57,0.5,1,2,1,0.0024856359232217073,0.13824944320337754,0,0
ELM_CTRL_WAYPOINT_F64_DDQN_HER_S99,0,75000000,75005952,/work/classic/fr_xl1014-easy-landmark-maze/IntrMotiv/SF_hipposlam/train_dir/analysis/online_spatial/easy_landmark_maze_control_20260923/ELM_CTRL_WAYPOINT_F64_DDQN_HER_S99/policy_00/snapshot_target_000075000000_actual_000075005952.npz,58,0.5,1,1,2,0.0036170361563563347,0.6625744991304352,8,8
ELM_CTRL_WAYPOINT_F64_DDQN_HER_S99,0,75000000,75005952,/work/classic/fr_xl1014-easy-landmark-maze/IntrMotiv/SF_hipposlam/train_dir/analysis/online_spatial/easy_landmark_maze_control_20260923/ELM_CTRL_WAYPOINT_F64_DDQN_HER_S99/policy_00/snapshot_target_000075000000_actual_000075005952.npz,58,0.5,2,2,1,0.001842027180828154,0.3374255008695648,0,8
ELM_CTRL_WAYPOINT_F64_DDQN_HER_S99,0,75000000,75005952,/work/classic/fr_xl1014-easy-landmark-maze/IntrMotiv/SF_hipposlam/train_dir/analysis/online_spatial/easy_landmark_maze_control_20260923/ELM_CTRL_WAYPOINT_F64_DDQN_HER_S99/policy_00/snapshot_target_000075000000_actual_000075005952.npz,59,0.5,1,1,8,0.0016442403430119157,0.7950241351247263,2,3
ELM_CTRL_WAYPOINT_F64_DDQN_HER_S99,0,75000000,75005952,/work/classic/fr_xl1014-easy-landmark-maze/IntrMotiv/SF_hipposlam/train_dir/analysis/online_spatial/easy_landmark_maze_control_20260923/ELM_CTRL_WAYPOINT_F64_DDQN_HER_S99/policy_00/snapshot_target_000075000000_actual_000075005952.npz,59,0.5,2,2,2,0.0004239237168803811,0.2049758648752738,5,6
ELM_CTRL_WAYPOINT_F64_DDQN_HER_S99,0,75000000,75005952,/work/classic/fr_xl1014-easy-landmark-maze/IntrMotiv/SF_hipposlam/train_dir/analysis/online_spatial/easy_landmark_maze_control_20260923/ELM_CTRL_WAYPOINT_F64_DDQN_HER_S99/policy_00/snapshot_target_000075000000_actual_000075005952.npz,60,0.5,1,1,5,0.018554482609033585,1.0,8,5
ELM_CTRL_WAYPOINT_F64_DDQN_HER_S99,0,75000000,75005952,/work/classic/fr_xl1014-easy-landmark-maze/IntrMotiv/SF_hipposlam/train_dir/analysis/online_spatial/easy_landmark_maze_control_20260923/ELM_CTRL_WAYPOINT_F64_DDQN_HER_S99/policy_00/snapshot_target_000075000000_actual_000075005952.npz,61,0.5,1,1,15,1.7511347532272339,1.0,2,5
ELM_CTRL_WAYPOINT_F64_DDQN_HER_S99,0,75000000,75005952,/work/classic/fr_xl1014-easy-landmark-maze/IntrMotiv/SF_hipposlam/train_dir/analysis/online_spatial/easy_landmark_maze_control_20260923/ELM_CTRL_WAYPOINT_F64_DDQN_HER_S99/policy_00/snapshot_target_000075000000_actual_000075005952.npz,62,0.5,1,1,6,0.018396075814962387,1.0,5,5
ELM_CTRL_WAYPOINT_F64_DDQN_HER_S99,0,75000000,75005952,/work/classic/fr_xl1014-easy-landmark-maze/IntrMotiv/SF_hipposlam/train_dir/analysis/online_spatial/easy_landmark_maze_control_20260923/ELM_CTRL_WAYPOINT_F64_DDQN_HER_S99/policy_00/snapshot_target_000075000000_actual_000075005952.npz,63,0.5,2,1,14,1.1305073499679565,0.5361548651000672,7,1
ELM_CTRL_WAYPOINT_F64_DDQN_HER_S99,0,75000000,75005952,/work/classic/fr_xl1014-easy-landmark-maze/IntrMotiv/SF_hipposlam/train_dir/analysis/online_spatial/easy_landmark_maze_control_20260923/ELM_CTRL_WAYPOINT_F64_DDQN_HER_S99/policy_00/snapshot_target_000075000000_actual_000075005952.npz,63,0.5,1,2,9,0.7612643837928772,0.3610375492114445,2,1
ELM_CTRL_WAYPOINT_F64_DDQN_HER_S99,0,75000000,75005952,/work/classic/fr_xl1014-easy-landmark-maze/IntrMotiv/SF_hipposlam/train_dir/analysis/online_spatial/easy_landmark_maze_control_20260923/ELM_CTRL_WAYPOINT_F64_DDQN_HER_S99/policy_00/snapshot_target_000075000000_actual_000075005952.npz,63,0.5,3,3,3,0.21677455306053162,0.10280758568848843,1,5
ELM_CTRL_WAYPOINT_F64_DDQN_HER_S99,0,75000000,75005952,/work/classic/fr_xl1014-easy-landmark-maze/IntrMotiv/SF_hipposlam/train_dir/analysis/online_spatial/easy_landmark_maze_control_20260923/ELM_CTRL_WAYPOINT_F64_DDQN_HER_S99/policy_00/snapshot_target_000075000000_actual_000075005952.npz,0,0.699999988079071,1,1,4,0.008117730729281902,1.0,6,5
ELM_CTRL_WAYPOINT_F64_DDQN_HER_S99,0,75000000,75005952,/work/classic/fr_xl1014-easy-landmark-maze/IntrMotiv/SF_hipposlam/train_dir/analysis/online_spatial/easy_landmark_maze_control_20260923/ELM_CTRL_WAYPOINT_F64_DDQN_HER_S99/policy_00/snapshot_target_000075000000_actual_000075005952.npz,1,0.699999988079071,2,1,5,0.6485505104064941,0.7959488572154754,3,6
ELM_CTRL_WAYPOINT_F64_DDQN_HER_S99,0,75000000,75005952,/work/classic/fr_xl1014-easy-landmark-maze/IntrMotiv/SF_hipposlam/train_dir/analysis/online_spatial/easy_landmark_maze_control_20260923/ELM_CTRL_WAYPOINT_F64_DDQN_HER_S99/policy_00/snapshot_target_000075000000_actual_000075005952.npz,1,0.699999988079071,1,2,1,0.16626378893852234,0.2040511427845246,0,3
ELM_CTRL_WAYPOINT_F64_DDQN_HER_S99,0,75000000,75005952,/work/classic/fr_xl1014-easy-landmark-maze/IntrMotiv/SF_hipposlam/train_dir/analysis/online_spatial/easy_landmark_maze_control_20260923/ELM_CTRL_WAYPOINT_F64_DDQN_HER_S99/policy_00/snapshot_target_000075000000_actual_000075005952.npz,2,0.699999988079071,3,1,12,1.517468810081482,0.6803078095383055,2,7
ELM_CTRL_WAYPOINT_F64_DDQN_HER_S99,0,75000000,75005952,/work/classic/fr_xl1014-easy-landmark-maze/IntrMotiv/SF_hipposlam/train_dir/analysis/online_spatial/easy_landmark_maze_control_20260923/ELM_CTRL_WAYPOINT_F64_DDQN_HER_S99/policy_00/snapshot_target_000075000000_actual_000075005952.npz,2,0.699999988079071,4,2,4,0.47968852519989014,0.21505275605755256,7,8
ELM_CTRL_WAYPOINT_F64_DDQN_HER_S99,0,75000000,75005952,/work/classic/fr_xl1014-easy-landmark-maze/IntrMotiv/SF_hipposlam/train_dir/analysis/online_spatial/easy_landmark_maze_control_20260923/ELM_CTRL_WAYPOINT_F64_DDQN_HER_S99/policy_00/snapshot_target_000075000000_actual_000075005952.npz,2,0.699999988079071,1,3,1,0.12411298602819443,0.05564202249110177,4,0
ELM_CTRL_WAYPOINT_F64_DDQN_HER_S99,0,75000000,75005952,/work/classic/fr_xl1014-easy-landmark-maze/IntrMotiv/SF_hipposlam/train_dir/analysis/online_spatial/easy_landmark_maze_control_20260923/ELM_CTRL_WAYPOINT_F64_DDQN_HER_S99/policy_00/snapshot_target_000075000000_actual_000075005952.npz,2,0.699999988079071,2,4,1,0.10929176956415176,0.04899741191304019,0,2
ELM_CTRL_WAYPOINT_F64_DDQN_HER_S99,0,75000000,75005952,/work/classic/fr_xl1014-easy-landmark-maze/IntrMotiv/SF_hipposlam/train_dir/analysis/online_spatial/easy_landmark_maze_control_20260923/ELM_CTRL_WAYPOINT_F64_DDQN_HER_S99/policy_00/snapshot_target_000075000000_actual_000075005952.npz,3,0.699999988079071,1,1,7,0.04935086891055107,1.0,6,5
ELM_CTRL_WAYPOINT_F64_DDQN_HER_S99,0,75000000,75005952,/work/classic/fr_xl1014-easy-landmark-maze/IntrMotiv/SF_hipposlam/train_dir/analysis/online_spatial/easy_landmark_maze_control_20260923/ELM_CTRL_WAYPOINT_F64_DDQN_HER_S99/policy_00/snapshot_target_000075000000_actual_000075005952.npz,4,0.699999988079071,1,1,3,0.01740219071507454,1.0,6,5
ELM_CTRL_WAYPOINT_F64_DDQN_HER_S99,0,75000000,75005952,/work/classic/fr_xl1014-easy-landmark-maze/IntrMotiv/SF_hipposlam/train_dir/analysis/online_spatial/easy_landmark_maze_control_20260923/ELM_CTRL_WAYPOINT_F64_DDQN_HER_S99/policy_00/snapshot_target_000075000000_actual_000075005952.npz,5,0.699999988079071,3,1,10,1.5381466150283813,0.6717572477198723,3,8
ELM_CTRL_WAYPOINT_F64_DDQN_HER_S99,0,75000000,75005952,/work/classic/fr_xl1014-easy-landmark-maze/IntrMotiv/SF_hipposlam/train_dir/analysis/online_spatial/easy_landmark_maze_control_20260923/ELM_CTRL_WAYPOINT_F64_DDQN_HER_S99/policy_00/snapshot_target_000075000000_actual_000075005952.npz,5,0.699999988079071,1,2,3,0.4562233090400696,0.19924714031292456,4,0
ELM_CTRL_WAYPOINT_F64_DDQN_HER_S99,0,75000000,75005952,/work/classic/fr_xl1014-easy-landmark-maze/IntrMotiv/SF_hipposlam/train_dir/analysis/online_spatial/easy_landmark_maze_control_20260923/ELM_CTRL_WAYPOINT_F64_DDQN_HER_S99/policy_00/snapshot_target_000075000000_actual_000075005952.npz,5,0.699999988079071,2,3,2,0.2953658699989319,0.12899561196720313,1,4
ELM_CTRL_WAYPOINT_F64_DDQN_HER_S99,0,75000000,75005952,/work/classic/fr_xl1014-easy-landmark-maze/IntrMotiv/SF_hipposlam/train_dir/analysis/online_spatial/easy_landmark_maze_control_20260923/ELM_CTRL_WAYPOINT_F64_DDQN_HER_S99/policy_00/snapshot_target_000075000000_actual_000075005952.npz,6,0.699999988079071,1,1,5,0.009000791236758232,1.0,6,5
ELM_CTRL_WAYPOINT_F64_DDQN_HER_S99,0,75000000,75005952,/work/classic/fr_xl1014-easy-landmark-maze/IntrMotiv/SF_hipposlam/train_dir/analysis/online_spatial/easy_landmark_maze_control_20260923/ELM_CTRL_WAYPOINT_F64_DDQN_HER_S99/policy_00/snapshot_target_000075000000_actual_000075005952.npz,7,0.699999988079071,2,1,2,0.4283008575439453,0.5976659351062539,5,5
ELM_CTRL_WAYPOINT_F64_DDQN_HER_S99,0,75000000,75005952,/work/classic/fr_xl1014-easy-landmark-maze/IntrMotiv/SF_hipposlam/train_dir/analysis/online_spatial/easy_landmark_maze_control_20260923/ELM_CTRL_WAYPOINT_F64_DDQN_HER_S99/policy_00/snapshot_target_000075000000_actual_000075005952.npz,7,0.699999988079071,1,2,1,0.2883216440677643,0.4023340648937462,0,2
ELM_CTRL_WAYPOINT_F64_DDQN_HER_S99,0,75000000,75005952,/work/classic/fr_xl1014-easy-landmark-maze/IntrMotiv/SF_hipposlam/train_dir/analysis/online_spatial/easy_landmark_maze_control_20260923/ELM_CTRL_WAYPOINT_F64_DDQN_HER_S99/policy_00/snapshot_target_000075000000_actual_000075005952.npz,8,0.699999988079071,1,1,1,0.002538146683946252,1.0,8,8
ELM_CTRL_WAYPOINT_F64_DDQN_HER_S99,0,75000000,75005952,/work/classic/fr_xl1014-easy-landmark-maze/IntrMotiv/SF_hipposlam/train_dir/analysis/online_spatial/easy_landmark_maze_control_20260923/ELM_CTRL_WAYPOINT_F64_DDQN_HER_S99/policy_00/snapshot_target_000075000000_actual_000075005952.npz,9,0.699999988079071,1,1,12,2.4915378093719482,1.0,7,4
ELM_CTRL_WAYPOINT_F64_DDQN_HER_S99,0,75000000,75005952,/work/classic/fr_xl1014-easy-landmark-maze/IntrMotiv/SF_hipposlam/train_dir/analysis/online_spatial/easy_landmark_maze_control_20260923/ELM_CTRL_WAYPOINT_F64_DDQN_HER_S99/policy_00/snapshot_target_000075000000_actual_000075005952.npz,10,0.699999988079071,2,1,5,1.14924955368042,0.8303248271173816,5,4
ELM_CTRL_WAYPOINT_F64_DDQN_HER_S99,0,75000000,75005952,/work/classic/fr_xl1014-easy-landmark-maze/IntrMotiv/SF_hipposlam/train_dir/analysis/online_spatial/easy_landmark_maze_control_20260923/ELM_CTRL_WAYPOINT_F64_DDQN_HER_S99/policy_00/snapshot_target_000075000000_actual_000075005952.npz,10,0.699999988079071,1,2,1,0.2348467856645584,0.16967517288261835,2,2
ELM_CTRL_WAYPOINT_F64_DDQN_HER_S99,0,75000000,75005952,/work/classic/fr_xl1014-easy-landmark-maze/IntrMotiv/SF_hipposlam/train_dir/analysis/online_spatial/easy_landmark_maze_control_20260923/ELM_CTRL_WAYPOINT_F64_DDQN_HER_S99/policy_00/snapshot_target_000075000000_actual_000075005952.npz,11,0.699999988079071,2,1,4,0.43426772952079773,0.7054486363068506,4,8
ELM_CTRL_WAYPOINT_F64_DDQN_HER_S99,0,75000000,75005952,/work/classic/fr_xl1014-easy-landmark-maze/IntrMotiv/SF_hipposlam/train_dir/analysis/online_spatial/easy_landmark_maze_control_20260923/ELM_CTRL_WAYPOINT_F64_DDQN_HER_S99/policy_00/snapshot_target_000075000000_actual_000075005952.npz,11,0.699999988079071,1,2,2,0.1813231259584427,0.2945513636931494,4,0
ELM_CTRL_WAYPOINT_F64_DDQN_HER_S99,0,75000000,75005952,/work/classic/fr_xl1014-easy-landmark-maze/IntrMotiv/SF_hipposlam/train_dir/analysis/online_spatial/easy_landmark_maze_control_20260923/ELM_CTRL_WAYPOINT_F64_DDQN_HER_S99/policy_00/snapshot_target_000075000000_actual_000075005952.npz,13,0.699999988079071,1,1,12,1.192040205001831,0.9332087117997314,5,0
ELM_CTRL_WAYPOINT_F64_DDQN_HER_S99,0,75000000,75005952,/work/classic/fr_xl1014-easy-landmark-maze/IntrMotiv/SF_hipposlam/train_dir/analysis/online_spatial/easy_landmark_maze_control_20260923/ELM_CTRL_WAYPOINT_F64_DDQN_HER_S99/policy_00/snapshot_target_000075000000_actual_000075005952.npz,13,0.699999988079071,2,2,1,0.08531628549098969,0.06679128820026863,0,5
ELM_CTRL_WAYPOINT_F64_DDQN_HER_S99,0,75000000,75005952,/work/classic/fr_xl1014-easy-landmark-maze/IntrMotiv/SF_hipposlam/train_dir/analysis/online_spatial/easy_landmark_maze_control_20260923/ELM_CTRL_WAYPOINT_F64_DDQN_HER_S99/policy_00/snapshot_target_000075000000_actual_000075005952.npz,14,0.699999988079071,1,1,3,0.003953809384256601,1.0,6,6
ELM_CTRL_WAYPOINT_F64_DDQN_HER_S99,0,75000000,75005952,/work/classic/fr_xl1014-easy-landmark-maze/IntrMotiv/SF_hipposlam/train_dir/analysis/online_spatial/easy_landmark_maze_control_20260923/ELM_CTRL_WAYPOINT_F64_DDQN_HER_S99/policy_00/snapshot_target_000075000000_actual_000075005952.npz,15,0.699999988079071,1,1,2,0.0007529695285484195,1.0,6,6
ELM_CTRL_WAYPOINT_F64_DDQN_HER_S99,0,75000000,75005952,/work/classic/fr_xl1014-easy-landmark-maze/IntrMotiv/SF_hipposlam/train_dir/analysis/online_spatial/easy_landmark_maze_control_20260923/ELM_CTRL_WAYPOINT_F64_DDQN_HER_S99/policy_00/snapshot_target_000075000000_actual_000075005952.npz,16,0.699999988079071,1,1,1,0.0006374794174917042,0.5794650370186438,2,4
ELM_CTRL_WAYPOINT_F64_DDQN_HER_S99,0,75000000,75005952,/work/classic/fr_xl1014-easy-landmark-maze/IntrMotiv/SF_hipposlam/train_dir/analysis/online_spatial/easy_landmark_maze_control_20260923/ELM_CTRL_WAYPOINT_F64_DDQN_HER_S99/policy_00/snapshot_target_000075000000_actual_000075005952.npz,16,0.699999988079071,2,2,1,0.00046263771946541965,0.4205349629813562,6,4
ELM_CTRL_WAYPOINT_F64_DDQN_HER_S99,0,75000000,75005952,/work/classic/fr_xl1014-easy-landmark-maze/IntrMotiv/SF_hipposlam/train_dir/analysis/online_spatial/easy_landmark_maze_control_20260923/ELM_CTRL_WAYPOINT_F64_DDQN_HER_S99/policy_00/snapshot_target_000075000000_actual_000075005952.npz,17,0.699999988079071,1,1,7,0.02967856638133526,1.0,3,4
ELM_CTRL_WAYPOINT_F64_DDQN_HER_S99,0,75000000,75005952,/work/classic/fr_xl1014-easy-landmark-maze/IntrMotiv/SF_hipposlam/train_dir/analysis/online_spatial/easy_landmark_maze_control_20260923/ELM_CTRL_WAYPOINT_F64_DDQN_HER_S99/policy_00/snapshot_target_000075000000_actual_000075005952.npz,18,0.699999988079071,1,1,4,0.5454573631286621,0.5661724546091002,5,0
ELM_CTRL_WAYPOINT_F64_DDQN_HER_S99,0,75000000,75005952,/work/classic/fr_xl1014-easy-landmark-maze/IntrMotiv/SF_hipposlam/train_dir/analysis/online_spatial/easy_landmark_maze_control_20260923/ELM_CTRL_WAYPOINT_F64_DDQN_HER_S99/policy_00/snapshot_target_000075000000_actual_000075005952.npz,18,0.699999988079071,2,2,2,0.2921963334083557,0.30329321134228676,2,8
ELM_CTRL_WAYPOINT_F64_DDQN_HER_S99,0,75000000,75005952,/work/classic/fr_xl1014-easy-landmark-maze/IntrMotiv/SF_hipposlam/train_dir/analysis/online_spatial/easy_landmark_maze_control_20260923/ELM_CTRL_WAYPOINT_F64_DDQN_HER_S99/policy_00/snapshot_target_000075000000_actual_000075005952.npz,18,0.699999988079071,3,3,1,0.1257583498954773,0.13053433404861312,6,8
ELM_CTRL_WAYPOINT_F64_DDQN_HER_S99,0,75000000,75005952,/work/classic/fr_xl1014-easy-landmark-maze/IntrMotiv/SF_hipposlam/train_dir/analysis/online_spatial/easy_landmark_maze_control_20260923/ELM_CTRL_WAYPOINT_F64_DDQN_HER_S99/policy_00/snapshot_target_000075000000_actual_000075005952.npz,19,0.699999988079071,1,1,3,0.00709765637293458,1.0,4,8
ELM_CTRL_WAYPOINT_F64_DDQN_HER_S99,0,75000000,75005952,/work/classic/fr_xl1014-easy-landmark-maze/IntrMotiv/SF_hipposlam/train_dir/analysis/online_spatial/easy_landmark_maze_control_20260923/ELM_CTRL_WAYPOINT_F64_DDQN_HER_S99/policy_00/snapshot_target_000075000000_actual_000075005952.npz,20,0.699999988079071,1,1,6,0.9215714335441589,1.0,7,3
ELM_CTRL_WAYPOINT_F64_DDQN_HER_S99,0,75000000,75005952,/work/classic/fr_xl1014-easy-landmark-maze/IntrMotiv/SF_hipposlam/train_dir/analysis/online_spatial/easy_landmark_maze_control_20260923/ELM_CTRL_WAYPOINT_F64_DDQN_HER_S99/policy_00/snapshot_target_000075000000_actual_000075005952.npz,21,0.699999988079071,2,1,4,0.6299861669540405,0.7192509304166103,2,7
ELM_CTRL_WAYPOINT_F64_DDQN_HER_S99,0,75000000,75005952,/work/classic/fr_xl1014-easy-landmark-maze/IntrMotiv/SF_hipposlam/train_dir/analysis/online_spatial/easy_landmark_maze_control_20260923/ELM_CTRL_WAYPOINT_F64_DDQN_HER_S99/policy_00/snapshot_target_000075000000_actual_000075005952.npz,21,0.699999988079071,1,2,2,0.24590587615966797,0.28074906958338974,0,3
ELM_CTRL_WAYPOINT_F64_DDQN_HER_S99,0,75000000,75005952,/work/classic/fr_xl1014-easy-landmark-maze/IntrMotiv/SF_hipposlam/train_dir/analysis/online_spatial/easy_landmark_maze_control_20260923/ELM_CTRL_WAYPOINT_F64_DDQN_HER_S99/policy_00/snapshot_target_000075000000_actual_000075005952.npz,22,0.699999988079071,2,1,2,0.28420621156692505,0.6219199236143567,3,6
ELM_CTRL_WAYPOINT_F64_DDQN_HER_S99,0,75000000,75005952,/work/classic/fr_xl1014-easy-landmark-maze/IntrMotiv/SF_hipposlam/train_dir/analysis/online_spatial/easy_landmark_maze_control_20260923/ELM_CTRL_WAYPOINT_F64_DDQN_HER_S99/policy_00/snapshot_target_000075000000_actual_000075005952.npz,22,0.699999988079071,1,2,1,0.17277579009532928,0.3780800763856433,0,3
ELM_CTRL_WAYPOINT_F64_DDQN_HER_S99,0,75000000,75005952,/work/classic/fr_xl1014-easy-landmark-maze/IntrMotiv/SF_hipposlam/train_dir/analysis/online_spatial/easy_landmark_maze_control_20260923/ELM_CTRL_WAYPOINT_F64_DDQN_HER_S99/policy_00/snapshot_target_000075000000_actual_000075005952.npz,23,0.699999988079071,2,1,1,0.2459365278482437,0.3909063751231284,8,0
ELM_CTRL_WAYPOINT_F64_DDQN_HER_S99,0,75000000,75005952,/work/classic/fr_xl1014-easy-landmark-maze/IntrMotiv/SF_hipposlam/train_dir/analysis/online_spatial/easy_landmark_maze_control_20260923/ELM_CTRL_WAYPOINT_F64_DDQN_HER_S99/policy_00/snapshot_target_000075000000_actual_000075005952.npz,23,0.699999988079071,1,2,1,0.19412311911582947,0.30855101308085775,0,0
ELM_CTRL_WAYPOINT_F64_DDQN_HER_S99,0,75000000,75005952,/work/classic/fr_xl1014-easy-landmark-maze/IntrMotiv/SF_hipposlam/train_dir/analysis/online_spatial/easy_landmark_maze_control_20260923/ELM_CTRL_WAYPOINT_F64_DDQN_HER_S99/policy_00/snapshot_target_000075000000_actual_000075005952.npz,23,0.699999988079071,3,3,1,0.18908467888832092,0.3005426117960138,0,8
ELM_CTRL_WAYPOINT_F64_DDQN_HER_S99,0,75000000,75005952,/work/classic/fr_xl1014-easy-landmark-maze/IntrMotiv/SF_hipposlam/train_dir/analysis/online_spatial/easy_landmark_maze_control_20260923/ELM_CTRL_WAYPOINT_F64_DDQN_HER_S99/policy_00/snapshot_target_000075000000_actual_000075005952.npz,24,0.699999988079071,1,1,2,0.007548897061496973,0.41329540867266185,8,5
ELM_CTRL_WAYPOINT_F64_DDQN_HER_S99,0,75000000,75005952,/work/classic/fr_xl1014-easy-landmark-maze/IntrMotiv/SF_hipposlam/train_dir/analysis/online_spatial/easy_landmark_maze_control_20260923/ELM_CTRL_WAYPOINT_F64_DDQN_HER_S99/policy_00/snapshot_target_000075000000_actual_000075005952.npz,24,0.699999988079071,2,2,2,0.0070366207510232925,0.3852487357129225,8,8
ELM_CTRL_WAYPOINT_F64_DDQN_HER_S99,0,75000000,75005952,/work/classic/fr_xl1014-easy-landmark-maze/IntrMotiv/SF_hipposlam/train_dir/analysis/online_spatial/easy_landmark_maze_control_20260923/ELM_CTRL_WAYPOINT_F64_DDQN_HER_S99/policy_00/snapshot_target_000075000000_actual_000075005952.npz,24,0.699999988079071,3,3,1,0.0036796187050640583,0.20145585561441565,0,8
ELM_CTRL_WAYPOINT_F64_DDQN_HER_S99,0,75000000,75005952,/work/classic/fr_xl1014-easy-landmark-maze/IntrMotiv/SF_hipposlam/train_dir/analysis/online_spatial/easy_landmark_maze_control_20260923/ELM_CTRL_WAYPOINT_F64_DDQN_HER_S99/policy_00/snapshot_target_000075000000_actual_000075005952.npz,25,0.699999988079071,1,1,2,0.006874203681945801,1.0,8,5
ELM_CTRL_WAYPOINT_F64_DDQN_HER_S99,0,75000000,75005952,/work/classic/fr_xl1014-easy-landmark-maze/IntrMotiv/SF_hipposlam/train_dir/analysis/online_spatial/easy_landmark_maze_control_20260923/ELM_CTRL_WAYPOINT_F64_DDQN_HER_S99/policy_00/snapshot_target_000075000000_actual_000075005952.npz,26,0.699999988079071,1,1,4,0.0042068688198924065,1.0,6,5
ELM_CTRL_WAYPOINT_F64_DDQN_HER_S99,0,75000000,75005952,/work/classic/fr_xl1014-easy-landmark-maze/IntrMotiv/SF_hipposlam/train_dir/analysis/online_spatial/easy_landmark_maze_control_20260923/ELM_CTRL_WAYPOINT_F64_DDQN_HER_S99/policy_00/snapshot_target_000075000000_actual_000075005952.npz,27,0.699999988079071,2,1,2,0.26237037777900696,0.526511853416649,8,8
ELM_CTRL_WAYPOINT_F64_DDQN_HER_S99,0,75000000,75005952,/work/classic/fr_xl1014-easy-landmark-maze/IntrMotiv/SF_hipposlam/train_dir/analysis/online_spatial/easy_landmark_maze_control_20260923/ELM_CTRL_WAYPOINT_F64_DDQN_HER_S99/policy_00/snapshot_target_000075000000_actual_000075005952.npz,27,0.699999988079071,3,2,1,0.11940121650695801,0.23960843573672347,0,8
ELM_CTRL_WAYPOINT_F64_DDQN_HER_S99,0,75000000,75005952,/work/classic/fr_xl1014-easy-landmark-maze/IntrMotiv/SF_hipposlam/train_dir/analysis/online_spatial/easy_landmark_maze_control_20260923/ELM_CTRL_WAYPOINT_F64_DDQN_HER_S99/policy_00/snapshot_target_000075000000_actual_000075005952.npz,27,0.699999988079071,1,3,1,0.11654648929834366,0.2338797108466275,8,0
ELM_CTRL_WAYPOINT_F64_DDQN_HER_S99,0,75000000,75005952,/work/classic/fr_xl1014-easy-landmark-maze/IntrMotiv/SF_hipposlam/train_dir/analysis/online_spatial/easy_landmark_maze_control_20260923/ELM_CTRL_WAYPOINT_F64_DDQN_HER_S99/policy_00/snapshot_target_000075000000_actual_000075005952.npz,28,0.699999988079071,2,1,1,0.004323745612055063,0.5653605336197692,8,8
ELM_CTRL_WAYPOINT_F64_DDQN_HER_S99,0,75000000,75005952,/work/classic/fr_xl1014-easy-landmark-maze/IntrMotiv/SF_hipposlam/train_dir/analysis/online_spatial/easy_landmark_maze_control_20260923/ELM_CTRL_WAYPOINT_F64_DDQN_HER_S99/policy_00/snapshot_target_000075000000_actual_000075005952.npz,28,0.699999988079071,1,2,1,0.00332402135245502,0.43463946638023077,0,8
ELM_CTRL_WAYPOINT_F64_DDQN_HER_S99,0,75000000,75005952,/work/classic/fr_xl1014-easy-landmark-maze/IntrMotiv/SF_hipposlam/train_dir/analysis/online_spatial/easy_landmark_maze_control_20260923/ELM_CTRL_WAYPOINT_F64_DDQN_HER_S99/policy_00/snapshot_target_000075000000_actual_000075005952.npz,29,0.699999988079071,2,1,8,0.8628456592559814,0.7392479612800624,2,7
ELM_CTRL_WAYPOINT_F64_DDQN_HER_S99,0,75000000,75005952,/work/classic/fr_xl1014-easy-landmark-maze/IntrMotiv/SF_hipposlam/train_dir/analysis/online_spatial/easy_landmark_maze_control_20260923/ELM_CTRL_WAYPOINT_F64_DDQN_HER_S99/policy_00/snapshot_target_000075000000_actual_000075005952.npz,29,0.699999988079071,3,2,2,0.21233731508255005,0.1819212110469561,7,6
ELM_CTRL_WAYPOINT_F64_DDQN_HER_S99,0,75000000,75005952,/work/classic/fr_xl1014-easy-landmark-maze/IntrMotiv/SF_hipposlam/train_dir/analysis/online_spatial/easy_landmark_maze_control_20260923/ELM_CTRL_WAYPOINT_F64_DDQN_HER_S99/policy_00/snapshot_target_000075000000_actual_000075005952.npz,29,0.699999988079071,1,3,1,0.09201085567474365,0.07883082767298141,8,2
ELM_CTRL_WAYPOINT_F64_DDQN_HER_S99,0,75000000,75005952,/work/classic/fr_xl1014-easy-landmark-maze/IntrMotiv/SF_hipposlam/train_dir/analysis/online_spatial/easy_landmark_maze_control_20260923/ELM_CTRL_WAYPOINT_F64_DDQN_HER_S99/policy_00/snapshot_target_000075000000_actual_000075005952.npz,30,0.699999988079071,1,1,6,0.7905673980712891,0.8697783346517672,2,5
ELM_CTRL_WAYPOINT_F64_DDQN_HER_S99,0,75000000,75005952,/work/classic/fr_xl1014-easy-landmark-maze/IntrMotiv/SF_hipposlam/train_dir/analysis/online_spatial/easy_landmark_maze_control_20260923/ELM_CTRL_WAYPOINT_F64_DDQN_HER_S99/policy_00/snapshot_target_000075000000_actual_000075005952.npz,30,0.699999988079071,2,2,1,0.11836234480142593,0.13022166534823276,5,6
ELM_CTRL_WAYPOINT_F64_DDQN_HER_S99,0,75000000,75005952,/work/classic/fr_xl1014-easy-landmark-maze/IntrMotiv/SF_hipposlam/train_dir/analysis/online_spatial/easy_landmark_maze_control_20260923/ELM_CTRL_WAYPOINT_F64_DDQN_HER_S99/policy_00/snapshot_target_000075000000_actual_000075005952.npz,31,0.699999988079071,1,1,3,0.005006399471312761,0.5075865609559084,2,2
ELM_CTRL_WAYPOINT_F64_DDQN_HER_S99,0,75000000,75005952,/work/classic/fr_xl1014-easy-landmark-maze/IntrMotiv/SF_hipposlam/train_dir/analysis/online_spatial/easy_landmark_maze_control_20260923/ELM_CTRL_WAYPOINT_F64_DDQN_HER_S99/policy_00/snapshot_target_000075000000_actual_000075005952.npz,31,0.699999988079071,2,2,3,0.004856744781136513,0.49241343904409157,3,5
ELM_CTRL_WAYPOINT_F64_DDQN_HER_S99,0,75000000,75005952,/work/classic/fr_xl1014-easy-landmark-maze/IntrMotiv/SF_hipposlam/train_dir/analysis/online_spatial/easy_landmark_maze_control_20260923/ELM_CTRL_WAYPOINT_F64_DDQN_HER_S99/policy_00/snapshot_target_000075000000_actual_000075005952.npz,32,0.699999988079071,1,1,2,0.01698083057999611,0.7197553838127291,2,2
ELM_CTRL_WAYPOINT_F64_DDQN_HER_S99,0,75000000,75005952,/work/classic/fr_xl1014-easy-landmark-maze/IntrMotiv/SF_hipposlam/train_dir/analysis/online_spatial/easy_landmark_maze_control_20260923/ELM_CTRL_WAYPOINT_F64_DDQN_HER_S99/policy_00/snapshot_target_000075000000_actual_000075005952.npz,32,0.699999988079071,2,2,1,0.006611671764403582,0.280244616187271,4,4
ELM_CTRL_WAYPOINT_F64_DDQN_HER_S99,0,75000000,75005952,/work/classic/fr_xl1014-easy-landmark-maze/IntrMotiv/SF_hipposlam/train_dir/analysis/online_spatial/easy_landmark_maze_control_20260923/ELM_CTRL_WAYPOINT_F64_DDQN_HER_S99/policy_00/snapshot_target_000075000000_actual_000075005952.npz,33,0.699999988079071,4,1,13,1.3069401979446411,0.6202898773142537,2,7
ELM_CTRL_WAYPOINT_F64_DDQN_HER_S99,0,75000000,75005952,/work/classic/fr_xl1014-easy-landmark-maze/IntrMotiv/SF_hipposlam/train_dir/analysis/online_spatial/easy_landmark_maze_control_20260923/ELM_CTRL_WAYPOINT_F64_DDQN_HER_S99/policy_00/snapshot_target_000075000000_actual_000075005952.npz,33,0.699999988079071,5,2,4,0.35852617025375366,0.17016092588657986,8,6
ELM_CTRL_WAYPOINT_F64_DDQN_HER_S99,0,75000000,75005952,/work/classic/fr_xl1014-easy-landmark-maze/IntrMotiv/SF_hipposlam/train_dir/analysis/online_spatial/easy_landmark_maze_control_20260923/ELM_CTRL_WAYPOINT_F64_DDQN_HER_S99/policy_00/snapshot_target_000075000000_actual_000075005952.npz,33,0.699999988079071,1,3,2,0.1821882277727127,0.08646877158645945,1,0
ELM_CTRL_WAYPOINT_F64_DDQN_HER_S99,0,75000000,75005952,/work/classic/fr_xl1014-easy-landmark-maze/IntrMotiv/SF_hipposlam/train_dir/analysis/online_spatial/easy_landmark_maze_control_20260923/ELM_CTRL_WAYPOINT_F64_DDQN_HER_S99/policy_00/snapshot_target_000075000000_actual_000075005952.npz,33,0.699999988079071,3,4,2,0.16936831176280975,0.08038428192008638,0,4
ELM_CTRL_WAYPOINT_F64_DDQN_HER_S99,0,75000000,75005952,/work/classic/fr_xl1014-easy-landmark-maze/IntrMotiv/SF_hipposlam/train_dir/analysis/online_spatial/easy_landmark_maze_control_20260923/ELM_CTRL_WAYPOINT_F64_DDQN_HER_S99/policy_00/snapshot_target_000075000000_actual_000075005952.npz,33,0.699999988079071,2,5,1,0.08996004611253738,0.04269614329262067,4,0
ELM_CTRL_WAYPOINT_F64_DDQN_HER_S99,0,75000000,75005952,/work/classic/fr_xl1014-easy-landmark-maze/IntrMotiv/SF_hipposlam/train_dir/analysis/online_spatial/easy_landmark_maze_control_20260923/ELM_CTRL_WAYPOINT_F64_DDQN_HER_S99/policy_00/snapshot_target_000075000000_actual_000075005952.npz,34,0.699999988079071,1,1,5,0.006110989488661289,0.7006231706291635,8,8
ELM_CTRL_WAYPOINT_F64_DDQN_HER_S99,0,75000000,75005952,/work/classic/fr_xl1014-easy-landmark-maze/IntrMotiv/SF_hipposlam/train_dir/analysis/online_spatial/easy_landmark_maze_control_20260923/ELM_CTRL_WAYPOINT_F64_DDQN_HER_S99/policy_00/snapshot_target_000075000000_actual_000075005952.npz,34,0.699999988079071,2,2,2,0.002611230593174696,0.2993768293708366,0,8
ELM_CTRL_WAYPOINT_F64_DDQN_HER_S99,0,75000000,75005952,/work/classic/fr_xl1014-easy-landmark-maze/IntrMotiv/SF_hipposlam/train_dir/analysis/online_spatial/easy_landmark_maze_control_20260923/ELM_CTRL_WAYPOINT_F64_DDQN_HER_S99/policy_00/snapshot_target_000075000000_actual_000075005952.npz,35,0.699999988079071,1,1,7,0.008423766121268272,1.0,6,5
ELM_CTRL_WAYPOINT_F64_DDQN_HER_S99,0,75000000,75005952,/work/classic/fr_xl1014-easy-landmark-maze/IntrMotiv/SF_hipposlam/train_dir/analysis/online_spatial/easy_landmark_maze_control_20260923/ELM_CTRL_WAYPOINT_F64_DDQN_HER_S99/policy_00/snapshot_target_000075000000_actual_000075005952.npz,36,0.699999988079071,1,1,2,0.0068846652284264565,1.0,6,6
ELM_CTRL_WAYPOINT_F64_DDQN_HER_S99,0,75000000,75005952,/work/classic/fr_xl1014-easy-landmark-maze/IntrMotiv/SF_hipposlam/train_dir/analysis/online_spatial/easy_landmark_maze_control_20260923/ELM_CTRL_WAYPOINT_F64_DDQN_HER_S99/policy_00/snapshot_target_000075000000_actual_000075005952.npz,37,0.699999988079071,1,1,7,0.5346231460571289,0.8850584272430515,4,3
ELM_CTRL_WAYPOINT_F64_DDQN_HER_S99,0,75000000,75005952,/work/classic/fr_xl1014-easy-landmark-maze/IntrMotiv/SF_hipposlam/train_dir/analysis/online_spatial/easy_landmark_maze_control_20260923/ELM_CTRL_WAYPOINT_F64_DDQN_HER_S99/policy_00/snapshot_target_000075000000_actual_000075005952.npz,37,0.699999988079071,2,2,1,0.06943092495203018,0.11494157275694848,4,6
ELM_CTRL_WAYPOINT_F64_DDQN_HER_S99,0,75000000,75005952,/work/classic/fr_xl1014-easy-landmark-maze/IntrMotiv/SF_hipposlam/train_dir/analysis/online_spatial/easy_landmark_maze_control_20260923/ELM_CTRL_WAYPOINT_F64_DDQN_HER_S99/policy_00/snapshot_target_000075000000_actual_000075005952.npz,38,0.699999988079071,1,1,3,0.0029011713340878487,1.0,6,6
ELM_CTRL_WAYPOINT_F64_DDQN_HER_S99,0,75000000,75005952,/work/classic/fr_xl1014-easy-landmark-maze/IntrMotiv/SF_hipposlam/train_dir/analysis/online_spatial/easy_landmark_maze_control_20260923/ELM_CTRL_WAYPOINT_F64_DDQN_HER_S99/policy_00/snapshot_target_000075000000_actual_000075005952.npz,39,0.699999988079071,1,1,21,2.449930191040039,0.9555693329967581,3,6
ELM_CTRL_WAYPOINT_F64_DDQN_HER_S99,0,75000000,75005952,/work/classic/fr_xl1014-easy-landmark-maze/IntrMotiv/SF_hipposlam/train_dir/analysis/online_spatial/easy_landmark_maze_control_20260923/ELM_CTRL_WAYPOINT_F64_DDQN_HER_S99/policy_00/snapshot_target_000075000000_actual_000075005952.npz,39,0.699999988079071,2,2,1,0.11391327530145645,0.044430667003241914,8,2
ELM_CTRL_WAYPOINT_F64_DDQN_HER_S99,0,75000000,75005952,/work/classic/fr_xl1014-easy-landmark-maze/IntrMotiv/SF_hipposlam/train_dir/analysis/online_spatial/easy_landmark_maze_control_20260923/ELM_CTRL_WAYPOINT_F64_DDQN_HER_S99/policy_00/snapshot_target_000075000000_actual_000075005952.npz,40,0.699999988079071,2,1,4,0.0209470447152853,0.8284505081358197,6,5
ELM_CTRL_WAYPOINT_F64_DDQN_HER_S99,0,75000000,75005952,/work/classic/fr_xl1014-easy-landmark-maze/IntrMotiv/SF_hipposlam/train_dir/analysis/online_spatial/easy_landmark_maze_control_20260923/ELM_CTRL_WAYPOINT_F64_DDQN_HER_S99/policy_00/snapshot_target_000075000000_actual_000075005952.npz,40,0.699999988079071,1,2,1,0.0043375613167881966,0.1715494918641803,2,2
ELM_CTRL_WAYPOINT_F64_DDQN_HER_S99,0,75000000,75005952,/work/classic/fr_xl1014-easy-landmark-maze/IntrMotiv/SF_hipposlam/train_dir/analysis/online_spatial/easy_landmark_maze_control_20260923/ELM_CTRL_WAYPOINT_F64_DDQN_HER_S99/policy_00/snapshot_target_000075000000_actual_000075005952.npz,41,0.699999988079071,1,1,2,0.0046983081847429276,1.0,3,5
ELM_CTRL_WAYPOINT_F64_DDQN_HER_S99,0,75000000,75005952,/work/classic/fr_xl1014-easy-landmark-maze/IntrMotiv/SF_hipposlam/train_dir/analysis/online_spatial/easy_landmark_maze_control_20260923/ELM_CTRL_WAYPOINT_F64_DDQN_HER_S99/policy_00/snapshot_target_000075000000_actual_000075005952.npz,42,0.699999988079071,4,1,4,0.6133567094802856,0.3731417360381287,2,8
ELM_CTRL_WAYPOINT_F64_DDQN_HER_S99,0,75000000,75005952,/work/classic/fr_xl1014-easy-landmark-maze/IntrMotiv/SF_hipposlam/train_dir/analysis/online_spatial/easy_landmark_maze_control_20260923/ELM_CTRL_WAYPOINT_F64_DDQN_HER_S99/policy_00/snapshot_target_000075000000_actual_000075005952.npz,42,0.699999988079071,3,2,4,0.5476639866828918,0.33317690602842465,6,8
ELM_CTRL_WAYPOINT_F64_DDQN_HER_S99,0,75000000,75005952,/work/classic/fr_xl1014-easy-landmark-maze/IntrMotiv/SF_hipposlam/train_dir/analysis/online_spatial/easy_landmark_maze_control_20260923/ELM_CTRL_WAYPOINT_F64_DDQN_HER_S99/policy_00/snapshot_target_000075000000_actual_000075005952.npz,42,0.699999988079071,1,3,2,0.34802868962287903,0.2117267610017564,5,0
ELM_CTRL_WAYPOINT_F64_DDQN_HER_S99,0,75000000,75005952,/work/classic/fr_xl1014-easy-landmark-maze/IntrMotiv/SF_hipposlam/train_dir/analysis/online_spatial/easy_landmark_maze_control_20260923/ELM_CTRL_WAYPOINT_F64_DDQN_HER_S99/policy_00/snapshot_target_000075000000_actual_000075005952.npz,42,0.699999988079071,2,4,1,0.13471396267414093,0.08195459693169022,8,3
ELM_CTRL_WAYPOINT_F64_DDQN_HER_S99,0,75000000,75005952,/work/classic/fr_xl1014-easy-landmark-maze/IntrMotiv/SF_hipposlam/train_dir/analysis/online_spatial/easy_landmark_maze_control_20260923/ELM_CTRL_WAYPOINT_F64_DDQN_HER_S99/policy_00/snapshot_target_000075000000_actual_000075005952.npz,43,0.699999988079071,1,1,3,0.001890168059617281,1.0,6,5
ELM_CTRL_WAYPOINT_F64_DDQN_HER_S99,0,75000000,75005952,/work/classic/fr_xl1014-easy-landmark-maze/IntrMotiv/SF_hipposlam/train_dir/analysis/online_spatial/easy_landmark_maze_control_20260923/ELM_CTRL_WAYPOINT_F64_DDQN_HER_S99/policy_00/snapshot_target_000075000000_actual_000075005952.npz,44,0.699999988079071,1,1,11,0.11485954374074936,1.0,3,2
ELM_CTRL_WAYPOINT_F64_DDQN_HER_S99,0,75000000,75005952,/work/classic/fr_xl1014-easy-landmark-maze/IntrMotiv/SF_hipposlam/train_dir/analysis/online_spatial/easy_landmark_maze_control_20260923/ELM_CTRL_WAYPOINT_F64_DDQN_HER_S99/policy_00/snapshot_target_000075000000_actual_000075005952.npz,45,0.699999988079071,2,1,5,0.002932544331997633,0.7230420854356456,6,5
ELM_CTRL_WAYPOINT_F64_DDQN_HER_S99,0,75000000,75005952,/work/classic/fr_xl1014-easy-landmark-maze/IntrMotiv/SF_hipposlam/train_dir/analysis/online_spatial/easy_landmark_maze_control_20260923/ELM_CTRL_WAYPOINT_F64_DDQN_HER_S99/policy_00/snapshot_target_000075000000_actual_000075005952.npz,45,0.699999988079071,1,2,2,0.001123297493904829,0.27695791456435437,2,3
ELM_CTRL_WAYPOINT_F64_DDQN_HER_S99,0,75000000,75005952,/work/classic/fr_xl1014-easy-landmark-maze/IntrMotiv/SF_hipposlam/train_dir/analysis/online_spatial/easy_landmark_maze_control_20260923/ELM_CTRL_WAYPOINT_F64_DDQN_HER_S99/policy_00/snapshot_target_000075000000_actual_000075005952.npz,46,0.699999988079071,1,1,4,0.00503672007471323,1.0,5,5
ELM_CTRL_WAYPOINT_F64_DDQN_HER_S99,0,75000000,75005952,/work/classic/fr_xl1014-easy-landmark-maze/IntrMotiv/SF_hipposlam/train_dir/analysis/online_spatial/easy_landmark_maze_control_20260923/ELM_CTRL_WAYPOINT_F64_DDQN_HER_S99/policy_00/snapshot_target_000075000000_actual_000075005952.npz,47,0.699999988079071,1,1,3,0.0071013011038303375,1.0,6,5
ELM_CTRL_WAYPOINT_F64_DDQN_HER_S99,0,75000000,75005952,/work/classic/fr_xl1014-easy-landmark-maze/IntrMotiv/SF_hipposlam/train_dir/analysis/online_spatial/easy_landmark_maze_control_20260923/ELM_CTRL_WAYPOINT_F64_DDQN_HER_S99/policy_00/snapshot_target_000075000000_actual_000075005952.npz,48,0.699999988079071,1,1,2,0.007991851307451725,1.0,3,5
ELM_CTRL_WAYPOINT_F64_DDQN_HER_S99,0,75000000,75005952,/work/classic/fr_xl1014-easy-landmark-maze/IntrMotiv/SF_hipposlam/train_dir/analysis/online_spatial/easy_landmark_maze_control_20260923/ELM_CTRL_WAYPOINT_F64_DDQN_HER_S99/policy_00/snapshot_target_000075000000_actual_000075005952.npz,49,0.699999988079071,4,1,7,0.7916303873062134,0.4388895511307445,3,8
ELM_CTRL_WAYPOINT_F64_DDQN_HER_S99,0,75000000,75005952,/work/classic/fr_xl1014-easy-landmark-maze/IntrMotiv/SF_hipposlam/train_dir/analysis/online_spatial/easy_landmark_maze_control_20260923/ELM_CTRL_WAYPOINT_F64_DDQN_HER_S99/policy_00/snapshot_target_000075000000_actual_000075005952.npz,49,0.699999988079071,2,2,6,0.6670653223991394,0.3698291584269327,0,8
ELM_CTRL_WAYPOINT_F64_DDQN_HER_S99,0,75000000,75005952,/work/classic/fr_xl1014-easy-landmark-maze/IntrMotiv/SF_hipposlam/train_dir/analysis/online_spatial/easy_landmark_maze_control_20260923/ELM_CTRL_WAYPOINT_F64_DDQN_HER_S99/policy_00/snapshot_target_000075000000_actual_000075005952.npz,49,0.699999988079071,3,3,2,0.2360200434923172,0.13085239349981287,8,5
ELM_CTRL_WAYPOINT_F64_DDQN_HER_S99,0,75000000,75005952,/work/classic/fr_xl1014-easy-landmark-maze/IntrMotiv/SF_hipposlam/train_dir/analysis/online_spatial/easy_landmark_maze_control_20260923/ELM_CTRL_WAYPOINT_F64_DDQN_HER_S99/policy_00/snapshot_target_000075000000_actual_000075005952.npz,49,0.699999988079071,1,4,1,0.10899633169174194,0.0604288969425099,8,2
ELM_CTRL_WAYPOINT_F64_DDQN_HER_S99,0,75000000,75005952,/work/classic/fr_xl1014-easy-landmark-maze/IntrMotiv/SF_hipposlam/train_dir/analysis/online_spatial/easy_landmark_maze_control_20260923/ELM_CTRL_WAYPOINT_F64_DDQN_HER_S99/policy_00/snapshot_target_000075000000_actual_000075005952.npz,50,0.699999988079071,2,1,1,0.18963982164859772,0.27579812339143206,8,0
ELM_CTRL_WAYPOINT_F64_DDQN_HER_S99,0,75000000,75005952,/work/classic/fr_xl1014-easy-landmark-maze/IntrMotiv/SF_hipposlam/train_dir/analysis/online_spatial/easy_landmark_maze_control_20260923/ELM_CTRL_WAYPOINT_F64_DDQN_HER_S99/policy_00/snapshot_target_000075000000_actual_000075005952.npz,50,0.699999988079071,3,2,1,0.18454842269420624,0.26839356951213006,0,8
ELM_CTRL_WAYPOINT_F64_DDQN_HER_S99,0,75000000,75005952,/work/classic/fr_xl1014-easy-landmark-maze/IntrMotiv/SF_hipposlam/train_dir/analysis/online_spatial/easy_landmark_maze_control_20260923/ELM_CTRL_WAYPOINT_F64_DDQN_HER_S99/policy_00/snapshot_target_000075000000_actual_000075005952.npz,50,0.699999988079071,4,3,1,0.17177219688892365,0.24981277213270908,8,8
ELM_CTRL_WAYPOINT_F64_DDQN_HER_S99,0,75000000,75005952,/work/classic/fr_xl1014-easy-landmark-maze/IntrMotiv/SF_hipposlam/train_dir/analysis/online_spatial/easy_landmark_maze_control_20260923/ELM_CTRL_WAYPOINT_F64_DDQN_HER_S99/policy_00/snapshot_target_000075000000_actual_000075005952.npz,50,0.699999988079071,1,4,1,0.14164330065250397,0.2059955349637288,0,0
ELM_CTRL_WAYPOINT_F64_DDQN_HER_S99,0,75000000,75005952,/work/classic/fr_xl1014-easy-landmark-maze/IntrMotiv/SF_hipposlam/train_dir/analysis/online_spatial/easy_landmark_maze_control_20260923/ELM_CTRL_WAYPOINT_F64_DDQN_HER_S99/policy_00/snapshot_target_000075000000_actual_000075005952.npz,51,0.699999988079071,1,1,2,0.005168253555893898,1.0,6,3
ELM_CTRL_WAYPOINT_F64_DDQN_HER_S99,0,75000000,75005952,/work/classic/fr_xl1014-easy-landmark-maze/IntrMotiv/SF_hipposlam/train_dir/analysis/online_spatial/easy_landmark_maze_control_20260923/ELM_CTRL_WAYPOINT_F64_DDQN_HER_S99/policy_00/snapshot_target_000075000000_actual_000075005952.npz,52,0.699999988079071,1,1,2,0.012689606286585331,1.0,8,3
ELM_CTRL_WAYPOINT_F64_DDQN_HER_S99,0,75000000,75005952,/work/classic/fr_xl1014-easy-landmark-maze/IntrMotiv/SF_hipposlam/train_dir/analysis/online_spatial/easy_landmark_maze_control_20260923/ELM_CTRL_WAYPOINT_F64_DDQN_HER_S99/policy_00/snapshot_target_000075000000_actual_000075005952.npz,53,0.699999988079071,2,1,13,1.3296124935150146,0.7032610350434791,0,8
ELM_CTRL_WAYPOINT_F64_DDQN_HER_S99,0,75000000,75005952,/work/classic/fr_xl1014-easy-landmark-maze/IntrMotiv/SF_hipposlam/train_dir/analysis/online_spatial/easy_landmark_maze_control_20260923/ELM_CTRL_WAYPOINT_F64_DDQN_HER_S99/policy_00/snapshot_target_000075000000_actual_000075005952.npz,53,0.699999988079071,1,2,5,0.5610261559486389,0.2967389649565208,8,4
ELM_CTRL_WAYPOINT_F64_DDQN_HER_S99,0,75000000,75005952,/work/classic/fr_xl1014-easy-landmark-maze/IntrMotiv/SF_hipposlam/train_dir/analysis/online_spatial/easy_landmark_maze_control_20260923/ELM_CTRL_WAYPOINT_F64_DDQN_HER_S99/policy_00/snapshot_target_000075000000_actual_000075005952.npz,54,0.699999988079071,1,1,3,0.7684082984924316,1.0,0,3
ELM_CTRL_WAYPOINT_F64_DDQN_HER_S99,0,75000000,75005952,/work/classic/fr_xl1014-easy-landmark-maze/IntrMotiv/SF_hipposlam/train_dir/analysis/online_spatial/easy_landmark_maze_control_20260923/ELM_CTRL_WAYPOINT_F64_DDQN_HER_S99/policy_00/snapshot_target_000075000000_actual_000075005952.npz,55,0.699999988079071,1,1,13,3.005311965942383,1.0,3,4
ELM_CTRL_WAYPOINT_F64_DDQN_HER_S99,0,75000000,75005952,/work/classic/fr_xl1014-easy-landmark-maze/IntrMotiv/SF_hipposlam/train_dir/analysis/online_spatial/easy_landmark_maze_control_20260923/ELM_CTRL_WAYPOINT_F64_DDQN_HER_S99/policy_00/snapshot_target_000075000000_actual_000075005952.npz,56,0.699999988079071,1,1,3,0.0035407862160354853,0.6214582893948523,4,0
ELM_CTRL_WAYPOINT_F64_DDQN_HER_S99,0,75000000,75005952,/work/classic/fr_xl1014-easy-landmark-maze/IntrMotiv/SF_hipposlam/train_dir/analysis/online_spatial/easy_landmark_maze_control_20260923/ELM_CTRL_WAYPOINT_F64_DDQN_HER_S99/policy_00/snapshot_target_000075000000_actual_000075005952.npz,56,0.699999988079071,2,2,2,0.002156758215278387,0.37854171060514774,8,4
ELM_CTRL_WAYPOINT_F64_DDQN_HER_S99,0,75000000,75005952,/work/classic/fr_xl1014-easy-landmark-maze/IntrMotiv/SF_hipposlam/train_dir/analysis/online_spatial/easy_landmark_maze_control_20260923/ELM_CTRL_WAYPOINT_F64_DDQN_HER_S99/policy_00/snapshot_target_000075000000_actual_000075005952.npz,57,0.699999988079071,2,1,3,0.00936571229249239,0.7902655564599882,6,5
ELM_CTRL_WAYPOINT_F64_DDQN_HER_S99,0,75000000,75005952,/work/classic/fr_xl1014-easy-landmark-maze/IntrMotiv/SF_hipposlam/train_dir/analysis/online_spatial/easy_landmark_maze_control_20260923/ELM_CTRL_WAYPOINT_F64_DDQN_HER_S99/policy_00/snapshot_target_000075000000_actual_000075005952.npz,57,0.699999988079071,1,2,1,0.0024856359232217073,0.20973444354001175,0,0
ELM_CTRL_WAYPOINT_F64_DDQN_HER_S99,0,75000000,75005952,/work/classic/fr_xl1014-easy-landmark-maze/IntrMotiv/SF_hipposlam/train_dir/analysis/online_spatial/easy_landmark_maze_control_20260923/ELM_CTRL_WAYPOINT_F64_DDQN_HER_S99/policy_00/snapshot_target_000075000000_actual_000075005952.npz,58,0.699999988079071,2,1,1,0.0023338194005191326,0.558885331406537,8,8
ELM_CTRL_WAYPOINT_F64_DDQN_HER_S99,0,75000000,75005952,/work/classic/fr_xl1014-easy-landmark-maze/IntrMotiv/SF_hipposlam/train_dir/analysis/online_spatial/easy_landmark_maze_control_20260923/ELM_CTRL_WAYPOINT_F64_DDQN_HER_S99/policy_00/snapshot_target_000075000000_actual_000075005952.npz,58,0.699999988079071,1,2,1,0.001842027180828154,0.44111466859346304,0,8
ELM_CTRL_WAYPOINT_F64_DDQN_HER_S99,0,75000000,75005952,/work/classic/fr_xl1014-easy-landmark-maze/IntrMotiv/SF_hipposlam/train_dir/analysis/online_spatial/easy_landmark_maze_control_20260923/ELM_CTRL_WAYPOINT_F64_DDQN_HER_S99/policy_00/snapshot_target_000075000000_actual_000075005952.npz,59,0.699999988079071,1,1,5,0.0011752598220482469,0.8375968840903579,2,3
ELM_CTRL_WAYPOINT_F64_DDQN_HER_S99,0,75000000,75005952,/work/classic/fr_xl1014-easy-landmark-maze/IntrMotiv/SF_hipposlam/train_dir/analysis/online_spatial/easy_landmark_maze_control_20260923/ELM_CTRL_WAYPOINT_F64_DDQN_HER_S99/policy_00/snapshot_target_000075000000_actual_000075005952.npz,59,0.699999988079071,2,2,1,0.00022787316993344575,0.1624031159096421,5,6
ELM_CTRL_WAYPOINT_F64_DDQN_HER_S99,0,75000000,75005952,/work/classic/fr_xl1014-easy-landmark-maze/IntrMotiv/SF_hipposlam/train_dir/analysis/online_spatial/easy_landmark_maze_control_20260923/ELM_CTRL_WAYPOINT_F64_DDQN_HER_S99/policy_00/snapshot_target_000075000000_actual_000075005952.npz,60,0.699999988079071,1,1,2,0.009957161732017994,1.0,8,5
ELM_CTRL_WAYPOINT_F64_DDQN_HER_S99,0,75000000,75005952,/work/classic/fr_xl1014-easy-landmark-maze/IntrMotiv/SF_hipposlam/train_dir/analysis/online_spatial/easy_landmark_maze_control_20260923/ELM_CTRL_WAYPOINT_F64_DDQN_HER_S99/policy_00/snapshot_target_000075000000_actual_000075005952.npz,61,0.699999988079071,1,1,3,0.457515686750412,1.0,2,5
ELM_CTRL_WAYPOINT_F64_DDQN_HER_S99,0,75000000,75005952,/work/classic/fr_xl1014-easy-landmark-maze/IntrMotiv/SF_hipposlam/train_dir/analysis/online_spatial/easy_landmark_maze_control_20260923/ELM_CTRL_WAYPOINT_F64_DDQN_HER_S99/policy_00/snapshot_target_000075000000_actual_000075005952.npz,62,0.699999988079071,1,1,4,0.0139983631670475,1.0,5,5
ELM_CTRL_WAYPOINT_F64_DDQN_HER_S99,0,75000000,75005952,/work/classic/fr_xl1014-easy-landmark-maze/IntrMotiv/SF_hipposlam/train_dir/analysis/online_spatial/easy_landmark_maze_control_20260923/ELM_CTRL_WAYPOINT_F64_DDQN_HER_S99/policy_00/snapshot_target_000075000000_actual_000075005952.npz,63,0.699999988079071,2,1,3,0.3222397565841675,0.39360350959851964,2,1
ELM_CTRL_WAYPOINT_F64_DDQN_HER_S99,0,75000000,75005952,/work/classic/fr_xl1014-easy-landmark-maze/IntrMotiv/SF_hipposlam/train_dir/analysis/online_spatial/easy_landmark_maze_control_20260923/ELM_CTRL_WAYPOINT_F64_DDQN_HER_S99/policy_00/snapshot_target_000075000000_actual_000075005952.npz,63,0.699999988079071,1,2,3,0.302735835313797,0.3697802174500665,7,1
ELM_CTRL_WAYPOINT_F64_DDQN_HER_S99,0,75000000,75005952,/work/classic/fr_xl1014-easy-landmark-maze/IntrMotiv/SF_hipposlam/train_dir/analysis/online_spatial/easy_landmark_maze_control_20260923/ELM_CTRL_WAYPOINT_F64_DDQN_HER_S99/policy_00/snapshot_target_000075000000_actual_000075005952.npz,63,0.699999988079071,3,3,2,0.1937156766653061,0.23661627295141385,7,5
