frame,agent,x,y,z,rot_x,rot_y,rot_z,num_traj
0,0,772.09375,1841.382080078125,25.125,0.0,-30.38818359375,0.0,0
1,0,781.9718627929688,1809.06640625,25.125,0.0,-30.38818359375,0.0,0
2,0,770.1094970703125,1767.8980712890625,25.125,0.0,-30.38818359375,0.0,0
3,0,778.65185546875,1728.921875,25.125,0.0,-47.28515625,0.0,0
4,0,798.9368896484375,1692.241455078125,25.125,0.0,-64.1766357421875,0.0,0
5,0,819.6795043945312,1657.0521240234375,25.125,0.0,-47.28515625,0.0,0
6,0,846.670166015625,1624.0635986328125,25.125,0.0,-30.38818359375,0.0,0
7,0,876.6358642578125,1596.28759765625,25.125,0.0,-47.28515625,0.0,0
8,0,907.7759399414062,1568.4346923828125,25.125,0.0,-30.38818359375,0.0,0
9,0,939.5040893554688,1542.8553466796875,25.125,0.0,-47.28515625,0.0,0
10,0,942.6735229492188,1509.583984375,25.125,0.0,-47.28515625,0.0,0
11,0,920.6183471679688,1472.5943603515625,25.125,0.0,-47.28515625,0.0,0
12,0,920.1744995117188,1434.330078125,25.125,0.0,-47.28515625,0.0,0
13,0,942.2620239257812,1395.2681884765625,25.125,0.0,-30.38818359375,0.0,0
14,0,948.4437866210938,1353.150390625,25.125,0.0,-30.38818359375,0.0,0
15,0,967.7691040039062,1314.271728515625,25.125,0.0,-13.4912109375,0.0,0
16,0,984.6688232421875,1272.2978515625,25.125,0.0,-13.4912109375,0.0,0
17,0,1013.1085205078125,1241.2333984375,25.125,0.0,3.40576171875,0.0,0
18,0,1053.6884765625,1226.025390625,25.125,0.0,-13.4912109375,0.0,0
19,0,1073.6541748046875,1216.1256103515625,25.125,0.0,-13.4912109375,0.0,0
20,0,1073.426513671875,1216.1258544921875,25.125,0.0,-13.4912109375,0.0,0
21,0,1093.4053955078125,1216.1251220703125,25.125,0.0,-13.4912109375,0.0,0
22,0,1134.6446533203125,1216.180908203125,25.125,0.0,3.40576171875,0.0,0
23,0,1175.65869140625,1219.208251953125,25.125,0.0,20.302734375,0.0,0
24,0,1217.0247802734375,1230.53271484375,25.125,0.0,37.1942138671875,0.0,0
25,0,1253.9488525390625,1249.103515625,25.125,0.0,37.1942138671875,0.0,0
26,0,1287.8638916015625,1272.9288330078125,25.125,0.0,54.0911865234375,0.0,0
27,0,1328.7244873046875,1276.5372314453125,25.125,0.0,54.0911865234375,0.0,0
28,0,1368.4918212890625,1262.1630859375,25.125,0.0,54.0911865234375,0.0,0
29,0,1383.87451171875,1270.20703125,25.125,0.0,54.0911865234375,0.0,0
30,0,1383.87451171875,1271.2275390625,25.125,0.0,54.0911865234375,0.0,0
31,0,1383.874267578125,1281.4124755859375,25.125,0.0,37.1942138671875,0.0,0
32,0,1383.87451171875,1311.235107421875,25.125,0.0,54.0911865234375,0.0,0
33,0,1396.5172119140625,1352.42041015625,25.125,0.0,37.1942138671875,0.0,0
34,0,1424.6287841796875,1385.940185546875,25.125,0.0,20.302734375,0.0,0
35,0,1461.53125,1408.3914794921875,25.125,0.0,3.40576171875,0.0,0
36,0,1501.2318115234375,1422.4149169921875,25.125,0.0,20.302734375,0.0,0
37,0,1539.6043701171875,1435.8204345703125,25.125,0.0,20.302734375,0.0,0
38,0,1578.3447265625,1451.9320068359375,25.125,0.0,37.1942138671875,0.0,0
39,0,1614.5704345703125,1470.6395263671875,25.125,0.0,20.302734375,0.0,0
40,0,1653.0438232421875,1485.814453125,25.125,0.0,3.40576171875,0.0,0
41,0,1692.4691162109375,1496.385009765625,25.125,0.0,20.302734375,0.0,0
42,0,1731.27294921875,1510.3739013671875,25.125,0.0,37.1942138671875,0.0,0
43,0,1767.88037109375,1532.8857421875,25.125,0.0,54.0911865234375,0.0,0
44,0,1798.9586181640625,1559.5086669921875,25.125,0.0,37.1942138671875,0.0,0
45,0,1829.985595703125,1587.52294921875,25.125,0.0,54.0911865234375,0.0,0
46,0,1856.3109130859375,1619.764404296875,25.125,0.0,70.9881591796875,0.0,0
47,0,1875.0928955078125,1658.6881103515625,25.125,0.0,87.8851318359375,0.0,0
48,0,1884.7972412109375,1698.9974365234375,25.125,0.0,87.8851318359375,0.0,0
49,0,1888.042724609375,1740.365478515625,25.125,0.0,104.7821044921875,0.0,0
50,0,1886.1090087890625,1781.1591796875,25.125,0.0,87.8851318359375,0.0,0
51,0,1886.114013671875,1783.8743896484375,25.125,0.0,87.8851318359375,0.0,0
52,0,1885.21728515625,1783.8741455078125,25.125,0.0,104.7821044921875,0.0,0
53,0,1878.0206298828125,1783.87451171875,25.125,0.0,121.6790771484375,0.0,0
54,0,1853.8250732421875,1783.8743896484375,25.125,0.0,138.570556640625,0.0,0
55,0,1814.297607421875,1783.8748779296875,25.125,0.0,155.467529296875,0.0,0
56,0,1767.1441650390625,1786.376953125,25.125,0.0,138.570556640625,0.0,0
57,0,1726.8900146484375,1799.213134765625,25.125,0.0,155.467529296875,0.0,0
58,0,1716.1256103515625,1813.8057861328125,25.125,0.0,172.364501953125,0.0,0
59,0,1696.9346923828125,1826.0972900390625,25.125,0.0,172.364501953125,0.0,0
60,0,1656.3707275390625,1833.8643798828125,25.125,0.0,-170.738525390625,0.0,0
61,0,1613.1737060546875,1832.0341796875,25.125,0.0,-153.841552734375,0.0,0
62,0,1573.12158203125,1823.454345703125,25.125,0.0,-170.738525390625,0.0,0
63,0,1532.3009033203125,1815.305419921875,25.125,0.0,-170.738525390625,0.0,0
64,0,1516.1259765625,1811.1192626953125,25.125,0.0,172.364501953125,0.0,0
65,0,1516.1258544921875,1810.8983154296875,25.125,0.0,-170.738525390625,0.0,0
66,0,1516.1259765625,1810.9339599609375,25.125,0.0,172.364501953125,0.0,0
67,0,1516.1256103515625,1810.7388916015625,25.125,0.0,-170.738525390625,0.0,0
68,0,1516.1259765625,1810.760986328125,25.125,0.0,172.364501953125,0.0,0
69,0,1516.1256103515625,1813.966552734375,25.125,0.0,155.467529296875,0.0,0
70,0,1516.1259765625,1824.552978515625,25.125,0.0,172.364501953125,0.0,0
71,0,1516.1256103515625,1830.174560546875,25.125,0.0,-170.738525390625,0.0,0
72,0,1516.1258544921875,1826.08349609375,25.125,0.0,-153.841552734375,0.0,0
73,0,1516.125732421875,1808.23486328125,25.125,0.0,-136.944580078125,0.0,0
74,0,1514.7271728515625,1772.5198974609375,25.125,0.0,-120.0531005859375,0.0,0
75,0,1500.171142578125,1732.0108642578125,25.125,0.0,-136.944580078125,0.0,0
76,0,1477.36376953125,1714.2100830078125,25.125,0.0,-120.0531005859375,0.0,0
77,0,1451.313232421875,1686.460693359375,25.125,0.0,-103.1561279296875,0.0,0
78,0,1434.45703125,1646.9796142578125,25.125,0.0,-86.2591552734375,0.0,0
79,0,1429.9580078125,1603.3406982421875,25.125,0.0,-69.3621826171875,0.0,0
80,0,1438.1937255859375,1561.2886962890625,25.125,0.0,-52.4652099609375,0.0,0
81,0,1458.83740234375,1522.6378173828125,25.125,0.0,-35.57373046875,0.0,0
82,0,1486.5906982421875,1491.582763671875,25.125,0.0,-35.57373046875,0.0,0
83,0,1519.90576171875,1465.1065673828125,25.125,0.0,-18.6767578125,0.0,0
84,0,1556.2489013671875,1445.7122802734375,25.125,0.0,-18.6767578125,0.0,0
85,0,1595.0693359375,1431.4110107421875,25.125,0.0,-1.77978515625,0.0,0
86,0,1637.74365234375,1425.5780029296875,25.125,0.0,15.1171875,0.0,0
87,0,1678.967529296875,1430.646728515625,25.125,0.0,32.01416015625,0.0,0
88,0,1719.12451171875,1447.8228759765625,25.125,0.0,48.9111328125,0.0,0
89,0,1752.067138671875,1475.134521484375,25.125,0.0,65.8026123046875,0.0,0
90,0,1778.7200927734375,1507.623046875,25.125,0.0,48.9111328125,0.0,0
91,0,1813.02294921875,1513.0640869140625,25.125,0.0,48.9111328125,0.0,0
92,0,1851.821533203125,1525.847900390625,25.125,0.0,65.8026123046875,0.0,0
93,0,1881.19189453125,1560.8519287109375,25.125,0.0,82.6995849609375,0.0,0
94,0,1895.7518310546875,1601.8800048828125,25.125,0.0,99.5965576171875,0.0,0
95,0,1896.6846923828125,1646.0452880859375,25.125,0.0,116.4935302734375,0.0,0
96,0,1884.9959716796875,1686.427734375,25.125,0.0,133.3905029296875,0.0,0
97,0,1865.5347900390625,1723.746337890625,25.125,0.0,116.4935302734375,0.0,0
98,0,1844.801513671875,1758.98388671875,25.125,0.0,133.3905029296875,0.0,0
99,0,1820.8260498046875,1783.8741455078125,25.125,0.0,116.4935302734375,0.0,0
100,0,1794.1907958984375,1783.8741455078125,25.125,0.0,116.4935302734375,0.0,0
101,0,1763.000732421875,1792.255859375,25.125,0.0,133.3905029296875,0.0,0
102,0,1757.730224609375,1822.707275390625,25.125,0.0,133.3905029296875,0.0,0
103,0,1753.005126953125,1862.7493896484375,25.125,0.0,116.4935302734375,0.0,0
104,0,1741.2052001953125,1902.7901611328125,25.125,0.0,99.5965576171875,0.0,0
105,0,1733.6229248046875,1942.4290771484375,25.125,0.0,82.6995849609375,0.0,0
106,0,1734.62451171875,1983.8734130859375,25.125,0.0,65.8026123046875,0.0,0
107,0,1749.4129638671875,1983.874267578125,25.125,0.0,48.9111328125,0.0,0
108,0,1777.8939208984375,1983.8741455078125,25.125,0.0,65.8026123046875,0.0,0
109,0,1803.58544921875,1983.8740234375,25.125,0.0,82.6995849609375,0.0,0
110,0,1817.640625,1983.8743896484375,25.125,0.0,99.5965576171875,0.0,0
111,0,1819.228759765625,1983.8740234375,25.125,0.0,82.6995849609375,0.0,0
112,0,1818.9957275390625,1983.8743896484375,25.125,0.0,99.5965576171875,0.0,0
113,0,1814.6239013671875,1983.8741455078125,25.125,0.0,116.4935302734375,0.0,0
114,0,1798.84423828125,1983.8741455078125,25.125,0.0,116.4935302734375,0.0,0
115,0,1772.476318359375,1983.8743896484375,25.125,0.0,133.3905029296875,0.0,0
116,0,1768.7421875,1983.8743896484375,25.125,0.0,133.3905029296875,0.0,0
117,0,1758.1556396484375,1983.8746337890625,25.125,0.0,150.281982421875,0.0,0
118,0,1754.167724609375,1983.8741455078125,25.125,0.0,150.281982421875,0.0,0
119,0,1737.617431640625,1983.8748779296875,25.125,0.0,167.178955078125,0.0,0
120,0,1697.0740966796875,1983.80029296875,25.125,0.0,-175.924072265625,0.0,0
121,0,1668.7613525390625,1983.8743896484375,25.125,0.0,-175.924072265625,0.0,0
122,0,1631.851318359375,1983.8748779296875,25.125,0.0,167.178955078125,0.0,0
123,0,1599.5633544921875,1961.06884765625,25.125,0.0,167.178955078125,0.0,0
124,0,1587.39306640625,1960.64013671875,25.125,0.0,167.178955078125,0.0,0
125,0,1562.36767578125,1979.0859375,25.125,0.0,167.178955078125,0.0,0
126,0,1522.4139404296875,1983.8155517578125,25.125,0.0,-175.924072265625,0.0,0
127,0,1480.411865234375,1980.5517578125,25.125,0.0,-159.027099609375,0.0,0
128,0,1440.2724609375,1973.2613525390625,25.125,0.0,-175.924072265625,0.0,0
129,0,1399.2017822265625,1965.7552490234375,25.125,0.0,-159.027099609375,0.0,0
130,0,1359.4715576171875,1956.674072265625,25.125,0.0,-175.924072265625,0.0,0
131,0,1318.567138671875,1948.4117431640625,25.125,0.0,-159.027099609375,0.0,0
132,0,1278.881591796875,1939.1407470703125,25.125,0.0,-175.924072265625,0.0,0
133,0,1238.9476318359375,1930.97607421875,25.125,0.0,-159.027099609375,0.0,0
134,0,1199.2620849609375,1921.705078125,25.125,0.0,-175.924072265625,0.0,0
135,0,1159.328125,1913.5404052734375,25.125,0.0,-159.027099609375,0.0,0
136,0,1119.1259765625,1899.907958984375,25.125,0.0,-142.130126953125,0.0,0
137,0,1083.182861328125,1877.9041748046875,25.125,0.0,-125.233154296875,0.0,0
138,0,1051.4149169921875,1850.544189453125,25.125,0.0,-142.130126953125,0.0,0
139,0,1018.6444702148438,1825.6724853515625,25.125,0.0,-159.027099609375,0.0,0
140,0,980.1033935546875,1806.8231201171875,25.125,0.0,-175.924072265625,0.0,0
141,0,941.0623779296875,1794.6275634765625,25.125,0.0,-159.027099609375,0.0,0
142,0,902.7212524414062,1779.6651611328125,25.125,0.0,-142.130126953125,0.0,0
143,0,892.5966186523438,1749.4110107421875,25.125,0.0,-142.130126953125,0.0,0
144,0,876.5228881835938,1712.9942626953125,25.125,0.0,-159.027099609375,0.0,0
145,0,839.7286376953125,1686.35888671875,25.125,0.0,-175.924072265625,0.0,0
146,0,797.9588012695312,1674.4552001953125,25.125,0.0,167.178955078125,0.0,0
147,0,755.8956909179688,1671.6890869140625,25.125,0.0,-175.924072265625,0.0,0
148,0,714.984375,1671.2489013671875,25.125,0.0,167.178955078125,0.0,0
149,0,672.8139038085938,1677.9232177734375,25.125,0.0,150.281982421875,0.0,0
150,0,633.9464721679688,1691.81103515625,25.125,0.0,150.281982421875,0.0,0
151,0,596.3277587890625,1707.5260009765625,25.125,0.0,167.178955078125,0.0,0
152,0,558.1854858398438,1721.8902587890625,25.125,0.0,150.281982421875,0.0,0
153,0,521.2167358398438,1739.1043701171875,25.125,0.0,150.281982421875,0.0,0
154,0,483.2967834472656,1756.7069091796875,25.125,0.0,167.178955078125,0.0,0
155,0,463.5582275390625,1789.7227783203125,25.125,0.0,167.178955078125,0.0,0
156,0,437.5420837402344,1825.50146484375,25.125,0.0,150.281982421875,0.0,0
157,0,407.3113098144531,1852.99560546875,25.125,0.0,133.3905029296875,0.0,0
158,0,378.36981201171875,1883.6748046875,25.125,0.0,116.4935302734375,0.0,0
159,0,354.93695068359375,1917.403564453125,25.125,0.0,116.4935302734375,0.0,0
160,0,334.33465576171875,1952.5430908203125,25.125,0.0,116.4935302734375,0.0,0
161,0,316.2080383300781,1983.8741455078125,25.125,0.0,99.5965576171875,0.0,0
162,0,299.583740234375,1983.8743896484375,25.125,0.0,116.4935302734375,0.0,0
163,0,272.8701477050781,1983.8743896484375,25.125,0.0,133.3905029296875,0.0,0
164,0,236.21189880371094,1983.874267578125,25.125,0.0,133.3905029296875,0.0,0
165,0,193.0718994140625,1983.8743896484375,25.125,0.0,133.3905029296875,0.0,0
166,0,147.28628540039062,1983.874755859375,25.125,0.0,150.281982421875,0.0,0
167,0,116.1256103515625,1983.875,25.125,0.0,167.178955078125,0.0,0
168,0,116.12592315673828,1983.787841796875,25.125,0.0,-175.924072265625,0.0,0
169,0,116.1256103515625,1983.875,25.125,0.0,167.178955078125,0.0,0
170,0,116.12590026855469,1983.875,25.125,0.0,167.178955078125,0.0,0
171,0,116.12562561035156,1983.798583984375,25.125,0.0,-175.924072265625,0.0,0
172,0,116.12586212158203,1981.583984375,25.125,0.0,-159.027099609375,0.0,0
173,0,116.12586212158203,1971.9300537109375,25.125,0.0,-159.027099609375,0.0,0
174,0,116.125732421875,1951.368896484375,25.125,0.0,-142.130126953125,0.0,0
175,0,116.12553405761719,1917.8280029296875,25.125,0.0,-125.233154296875,0.0,0
176,0,116.1253433227539,1873.0140380859375,25.125,0.0,-125.233154296875,0.0,0
177,0,116.12516784667969,1827.54248046875,25.125,0.0,-108.3416748046875,0.0,0
178,0,116.12500762939453,1786.374267578125,25.125,0.0,-91.4447021484375,0.0,0
179,0,116.12520599365234,1744.0413818359375,25.125,0.0,-108.3416748046875,0.0,0
180,0,116.12500762939453,1703.845458984375,25.125,0.0,-91.4447021484375,0.0,0
181,0,116.12520599365234,1661.5125732421875,25.125,0.0,-108.3416748046875,0.0,0
182,0,116.12519073486328,1619.14697265625,25.125,0.0,-108.3416748046875,0.0,0
183,0,116.12519073486328,1575.791015625,25.125,0.0,-108.3416748046875,0.0,0
184,0,116.12550354003906,1531.0108642578125,25.125,0.0,-125.233154296875,0.0,0
185,0,116.12549591064453,1483.052734375,25.125,0.0,-142.130126953125,0.0,0
186,0,116.125732421875,1436.8699951171875,25.125,0.0,-142.130126953125,0.0,0
187,0,116.1255874633789,1396.1907958984375,25.125,0.0,-159.027099609375,0.0,0
188,0,116.12592315673828,1366.0010986328125,25.125,0.0,-175.924072265625,0.0,0
189,0,116.12586212158203,1346.302734375,25.125,0.0,-159.027099609375,0.0,0
190,0,116.12592315673828,1327.995361328125,25.125,0.0,-175.924072265625,0.0,0
191,0,116.12590026855469,1319.912841796875,25.125,0.0,167.178955078125,0.0,0
192,0,116.12554168701172,1325.630859375,25.125,0.0,150.2874755859375,0.0,0
193,0,116.12590026855469,1342.2427978515625,25.125,0.0,167.178955078125,0.0,0
194,0,116.12554168701172,1361.600341796875,25.125,0.0,150.2874755859375,0.0,0
195,0,116.12580108642578,1388.6483154296875,25.125,0.0,150.2874755859375,0.0,0
196,0,116.12542724609375,1421.6392822265625,25.125,0.0,133.3905029296875,0.0,0
197,0,116.1252670288086,1465.1971435546875,25.125,0.0,116.4935302734375,0.0,0
198,0,116.12528991699219,1509.5540771484375,25.125,0.0,116.4935302734375,0.0,0
199,0,116.1256332397461,1556.52734375,25.125,0.0,133.3905029296875,0.0,0
200,0,116.12525177001953,1603.5382080078125,25.125,0.0,116.4935302734375,0.0,0
201,0,116.12521362304688,1647.892578125,25.125,0.0,116.4935302734375,0.0,0
202,0,116.12509155273438,1691.1854248046875,25.125,0.0,99.5965576171875,0.0,0
203,0,116.35723876953125,1731.93115234375,25.125,0.0,82.6995849609375,0.0,0
204,0,121.01124572753906,1773.9581298828125,25.125,0.0,65.8026123046875,0.0,0
205,0,132.00494384765625,1813.5726318359375,25.125,0.0,65.8026123046875,0.0,0
206,0,148.61512756347656,1852.47021484375,25.125,0.0,48.9111328125,0.0,0
207,0,172.96188354492188,1886.73388671875,25.125,0.0,32.01416015625,0.0,0
208,0,201.61935424804688,1915.9544677734375,25.125,0.0,48.9111328125,0.0,0
209,0,229.6128692626953,1945.465087890625,25.125,0.0,48.9111328125,0.0,0
210,0,258.4047546386719,1974.5057373046875,25.125,0.0,32.01416015625,0.0,0
211,0,296.0931396484375,1983.8748779296875,25.125,0.0,15.1171875,0.0,0
212,0,337.8957214355469,1983.8748779296875,25.125,0.0,15.1171875,0.0,0
213,0,379.784423828125,1983.857666015625,25.125,0.0,-1.77978515625,0.0,0
214,0,420.75921630859375,1981.4005126953125,25.125,0.0,-18.6767578125,0.0,0
215,0,462.2718200683594,1970.95751953125,25.125,0.0,-35.57373046875,0.0,0
216,0,499.9878234863281,1955.181884765625,25.125,0.0,-18.6767578125,0.0,0
217,0,537.2883911132812,1938.609619140625,25.125,0.0,-35.57373046875,0.0,0
218,0,572.4974975585938,1916.401123046875,25.125,0.0,-52.4652099609375,0.0,0
219,0,583.874755859375,1883.10791015625,25.125,0.0,-69.3621826171875,0.0,0
220,0,583.8749389648438,1840.7432861328125,25.125,0.0,-86.2591552734375,0.0,0
221,0,583.875,1800.033447265625,25.125,0.0,-86.2591552734375,0.0,0
222,0,584.3095703125,1758.3795166015625,25.125,0.0,-86.2591552734375,0.0,0
223,0,584.0142211914062,1717.5057373046875,25.125,0.0,-103.1561279296875,0.0,0
224,0,581.0349731445312,1675.8873291015625,25.125,0.0,-86.2591552734375,0.0,0
225,0,578.7137451171875,1635.18603515625,25.125,0.0,-103.1561279296875,0.0,0
226,0,574.9150390625,1594.6092529296875,25.125,0.0,-86.2591552734375,0.0,0
227,0,576.1891479492188,1553.2099609375,25.125,0.0,-69.3621826171875,0.0,0
228,0,586.5661010742188,1512.36474609375,25.125,0.0,-52.4652099609375,0.0,0
229,0,607.9104614257812,1474.4346923828125,25.125,0.0,-35.57373046875,0.0,0
230,0,638.36767578125,1444.500732421875,25.125,0.0,-18.6767578125,0.0,0
231,0,677.0491943359375,1424.0306396484375,25.125,0.0,-1.77978515625,0.0,0
232,0,717.4480590820312,1416.125,25.125,0.0,-1.77978515625,0.0,0
233,0,759.2815551757812,1417.6251220703125,25.125,0.0,15.1171875,0.0,0
234,0,799.8273315429688,1421.805908203125,25.125,0.0,-1.77978515625,0.0,0
235,0,840.538330078125,1423.4598388671875,25.125,0.0,-1.77978515625,0.0,0
236,0,882.5784301757812,1421.5157470703125,25.125,0.0,-18.6767578125,0.0,0
237,0,921.9988403320312,1415.8931884765625,25.125,0.0,-1.77978515625,0.0,0
238,0,964.2236938476562,1413.9451904296875,25.125,0.0,15.1171875,0.0,0
239,0,985.3806762695312,1437.5191650390625,25.125,0.0,15.1171875,0.0,0
240,0,1013.869873046875,1467.96044921875,25.125,0.0,15.1171875,0.0,0
241,0,1049.0767822265625,1489.18115234375,25.125,0.0,32.01416015625,0.0,0
242,0,1083.2869873046875,1511.8570556640625,25.125,0.0,48.9111328125,0.0,0
243,0,1113.95458984375,1541.7257080078125,25.125,0.0,65.8026123046875,0.0,0
244,0,1136.19287109375,1577.781494140625,25.125,0.0,82.6995849609375,0.0,0
245,0,1148.1402587890625,1619.7352294921875,25.125,0.0,99.5965576171875,0.0,0
246,0,1151.89208984375,1659.61669921875,25.125,0.0,82.6995849609375,0.0,0
247,0,1153.9761962890625,1701.383544921875,25.125,0.0,99.5965576171875,0.0,0
248,0,1153.496337890625,1742.14208984375,25.125,0.0,82.6995849609375,0.0,0
249,0,1153.7271728515625,1783.8785400390625,25.125,0.0,99.5965576171875,0.0,0
250,0,1148.521484375,1825.0494384765625,25.125,0.0,116.4935302734375,0.0,0
251,0,1136.379638671875,1864.4061279296875,25.125,0.0,116.4935302734375,0.0,0
252,0,1122.1473388671875,1903.6561279296875,25.125,0.0,99.5965576171875,0.0,0
253,0,1113.3050537109375,1944.2261962890625,25.125,0.0,82.6995849609375,0.0,0
254,0,1113.9251708984375,1983.8714599609375,25.125,0.0,65.8026123046875,0.0,0
255,0,1122.160888671875,1983.8743896484375,25.125,0.0,82.6995849609375,0.0,0
256,0,1125.8900146484375,1983.8741455078125,25.125,0.0,99.5965576171875,0.0,0
257,0,1125.8875732421875,1983.8740234375,25.125,0.0,82.6995849609375,0.0,0
258,0,1125.6048583984375,1983.8741455078125,25.125,0.0,99.5965576171875,0.0,0
259,0,1125.6024169921875,1983.8740234375,25.125,0.0,82.6995849609375,0.0,0
260,0,1125.369384765625,1983.8743896484375,25.125,0.0,99.5965576171875,0.0,0
261,0,1120.99755859375,1983.8741455078125,25.125,0.0,116.4935302734375,0.0,0
262,0,1102.7059326171875,1983.87451171875,25.125,0.0,133.3905029296875,0.0,0
263,0,1066.62060546875,1983.87451171875,25.125,0.0,150.2874755859375,0.0,0
264,0,1020.583984375,1983.874267578125,25.125,0.0,133.3905029296875,0.0,0
265,0,973.3419189453125,1983.874755859375,25.125,0.0,150.2874755859375,0.0,0
266,0,930.3900146484375,1983.8748779296875,25.125,0.0,167.178955078125,0.0,0
267,0,889.5748901367188,1983.8155517578125,25.125,0.0,-175.924072265625,0.0,0
268,0,847.9625854492188,1982.507568359375,25.125,0.0,-175.924072265625,0.0,0
269,0,807.1309814453125,1978.4200439453125,25.125,0.0,-159.027099609375,0.0,0
270,0,766.02294921875,1966.4041748046875,25.125,0.0,-142.130126953125,0.0,0
271,0,729.5092163085938,1944.9365234375,25.125,0.0,-125.233154296875,0.0,0
272,0,699.3592529296875,1916.127685546875,25.125,0.0,-108.3416748046875,0.0,0
273,0,678.255126953125,1916.1259765625,25.125,0.0,-91.4447021484375,0.0,0
274,0,670.5770874023438,1916.1258544921875,25.125,0.0,-74.5477294921875,0.0,0
275,0,671.2546997070312,1916.1259765625,25.125,0.0,-91.4447021484375,0.0,0
276,0,672.2257080078125,1916.1256103515625,25.125,0.0,-74.5477294921875,0.0,0
277,0,673.5499267578125,1916.1259765625,25.125,0.0,-91.4447021484375,0.0,0
278,0,674.5209350585938,1916.1256103515625,25.125,0.0,-74.5477294921875,0.0,0
279,0,679.087890625,1916.1258544921875,25.125,0.0,-74.5477294921875,0.0,0
280,0,705.2454223632812,1922.38037109375,25.125,0.0,-74.5477294921875,0.0,0
281,0,740.01123046875,1906.8280029296875,25.125,0.0,-57.6507568359375,0.0,0
282,0,769.734130859375,1878.646484375,25.125,0.0,-40.7537841796875,0.0,0
283,0,773.5367431640625,1842.398193359375,25.125,0.0,-40.7537841796875,0.0,0
284,0,785.7247314453125,1802.863037109375,25.125,0.0,-23.8568115234375,0.0,0
285,0,814.4472045898438,1771.9915771484375,25.125,0.0,-40.7537841796875,0.0,0
286,0,846.5990600585938,1744.7791748046875,25.125,0.0,-23.8568115234375,0.0,0
287,0,880.2153930664062,1721.6693115234375,25.125,0.0,-40.7537841796875,0.0,0
288,0,913.4794311523438,1696.54443359375,25.125,0.0,-40.7537841796875,0.0,0
289,0,944.1848754882812,1669.197265625,25.125,0.0,-57.6507568359375,0.0,0
290,0,970.1425170898438,1635.081787109375,25.125,0.0,-74.5477294921875,0.0,0
291,0,988.2096557617188,1597.9119873046875,25.125,0.0,-74.5477294921875,0.0,0
292,0,1000.7316284179688,1558.3978271484375,25.125,0.0,-91.4447021484375,0.0,0
293,0,1004.4224853515625,1516.3914794921875,25.125,0.0,-108.3416748046875,0.0,0
294,0,996.9722900390625,1474.5206298828125,25.125,0.0,-125.233154296875,0.0,0
295,0,968.7988891601562,1461.5262451171875,25.125,0.0,-125.233154296875,0.0,0
296,0,934.0724487304688,1443.2900390625,25.125,0.0,-108.3416748046875,0.0,0
297,0,908.1666259765625,1416.1258544921875,25.125,0.0,-108.3416748046875,0.0,0
298,0,883.5011596679688,1416.125732421875,25.125,0.0,-125.233154296875,0.0,0
299,0,853.6044311523438,1416.1258544921875,25.125,0.0,-108.3416748046875,0.0,0
300,0,825.0045776367188,1416.125732421875,25.125,0.0,-125.233154296875,0.0,0
301,0,789.1511840820312,1416.1253662109375,25.125,0.0,-142.130126953125,0.0,0
302,0,747.0623168945312,1406.9583740234375,25.125,0.0,-142.130126953125,0.0,0
303,0,716.12548828125,1388.41015625,25.125,0.0,-142.130126953125,0.0,0
304,0,716.1258544921875,1361.5850830078125,25.125,0.0,-159.027099609375,0.0,0
305,0,716.1256103515625,1335.5816650390625,25.125,0.0,-159.027099609375,0.0,0
306,0,716.125732421875,1307.0184326171875,25.125,0.0,-142.130126953125,0.0,0
307,0,716.125732421875,1272.23583984375,25.125,0.0,-142.130126953125,0.0,0
308,0,716.1258544921875,1235.43603515625,25.125,0.0,-159.027099609375,0.0,0
309,0,716.125732421875,1202.3487548828125,25.125,0.0,-142.130126953125,0.0,0
310,0,711.8164672851562,1163.386474609375,25.125,0.0,-125.233154296875,0.0,0
311,0,697.361572265625,1123.9354248046875,25.125,0.0,-108.3416748046875,0.0,0
312,0,683.7783203125,1086.6348876953125,25.125,0.0,-108.3416748046875,0.0,0
313,0,672.0137939453125,1046.340576171875,25.125,0.0,-91.4447021484375,0.0,0
314,0,665.7178955078125,1005.8463134765625,25.125,0.0,-91.4447021484375,0.0,0
315,0,662.25537109375,964.3204345703125,25.125,0.0,-91.4447021484375,0.0,0
316,0,658.2669067382812,923.6400756835938,25.125,0.0,-108.3416748046875,0.0,0
317,0,651.6522827148438,883.418212890625,25.125,0.0,-91.4447021484375,0.0,0
318,0,623.2593994140625,857.1468505859375,25.125,0.0,-91.4447021484375,0.0,0
319,0,593.8574829101562,825.554931640625,25.125,0.0,-108.3416748046875,0.0,0
320,0,572.2566528320312,789.7119140625,25.125,0.0,-125.233154296875,0.0,0
321,0,550.9337768554688,756.19287109375,25.125,0.0,-125.233154296875,0.0,0
322,0,529.1305541992188,720.4623413085938,25.125,0.0,-108.3416748046875,0.0,0
323,0,516.1253051757812,682.5206298828125,25.125,0.0,-108.3416748046875,0.0,0
324,0,516.125,640.39404296875,25.125,0.0,-91.4447021484375,0.0,0
325,0,517.704345703125,599.52490234375,25.125,0.0,-74.5477294921875,0.0,0
326,0,526.122314453125,558.7005615234375,25.125,0.0,-57.6507568359375,0.0,0
327,0,542.2551879882812,519.676513671875,25.125,0.0,-57.6507568359375,0.0,0
328,0,559.743408203125,482.84637451171875,25.125,0.0,-74.5477294921875,0.0,0
329,0,576.2196655273438,444.5115661621094,25.125,0.0,-57.6507568359375,0.0,0
330,0,596.5736694335938,409.5315856933594,25.125,0.0,-40.7537841796875,0.0,0
331,0,625.9603271484375,377.9704895019531,25.125,0.0,-23.8568115234375,0.0,0
332,0,656.5501098632812,381.3915100097656,25.125,0.0,-23.8568115234375,0.0,0
333,0,696.9313354492188,383.3100280761719,25.125,0.0,-40.7537841796875,0.0,0
334,0,736.098388671875,368.99267578125,25.125,0.0,-23.8568115234375,0.0,0
335,0,773.14697265625,351.33502197265625,25.125,0.0,-40.7537841796875,0.0,0
336,0,809.1063232421875,330.125,25.125,0.0,-23.8568115234375,0.0,0
337,0,822.811767578125,295.39166259765625,25.125,0.0,-23.8568115234375,0.0,0
338,0,841.7811279296875,255.8285369873047,25.125,0.0,-40.7537841796875,0.0,0
339,0,870.3387451171875,224.71453857421875,25.125,0.0,-23.8568115234375,0.0,0
340,0,906.457763671875,216.1256103515625,25.125,0.0,-40.7537841796875,0.0,0
341,0,949.0531005859375,210.755859375,25.125,0.0,-23.8568115234375,0.0,0
342,0,988.6135864257812,200.9181671142578,25.125,0.0,-6.96533203125,0.0,0
343,0,1011.9952392578125,170.59848022460938,25.125,0.0,-6.96533203125,0.0,0
344,0,1040.576171875,138.43280029296875,25.125,0.0,-23.8568115234375,0.0,0
345,0,1077.7149658203125,116.21117401123047,25.125,0.0,-6.96533203125,0.0,0
346,0,1118.380859375,116.12504577636719,25.125,0.0,-6.96533203125,0.0,0
347,0,1161.4964599609375,116.12528228759766,25.125,0.0,-23.8568115234375,0.0,0
348,0,1207.878662109375,116.12560272216797,25.125,0.0,-40.7537841796875,0.0,0
349,0,1257.2447509765625,116.12559509277344,25.125,0.0,-40.7537841796875,0.0,0
350,0,1303.5714111328125,116.1252212524414,25.125,0.0,-23.8568115234375,0.0,0
351,0,1349.9368896484375,116.12541198730469,25.125,0.0,-40.7537841796875,0.0,0
352,0,1397.262451171875,116.1252212524414,25.125,0.0,-23.8568115234375,0.0,0
353,0,1440.8790283203125,116.12518310546875,25.125,0.0,-23.8568115234375,0.0,0
354,0,1488.2686767578125,116.12560272216797,25.125,0.0,-40.7537841796875,0.0,0
355,0,1534.4603271484375,116.12515258789062,25.125,0.0,-23.8568115234375,0.0,0
356,0,1572.9373779296875,137.58871459960938,25.125,0.0,-23.8568115234375,0.0,0
357,0,1613.99951171875,151.07418823242188,25.125,0.0,-6.96533203125,0.0,0
358,0,1654.6749267578125,155.2691192626953,25.125,0.0,9.931640625,0.0,0
359,0,1695.272705078125,162.35629272460938,25.125,0.0,26.82861328125,0.0,0
360,0,1732.2301025390625,148.19619750976562,25.125,0.0,26.82861328125,0.0,0
361,0,1775.3775634765625,143.35861206054688,25.125,0.0,43.7255859375,0.0,0
362,0,1815.10107421875,157.82142639160156,25.125,0.0,26.82861328125,0.0,0
363,0,1853.011962890625,175.03684997558594,25.125,0.0,26.82861328125,0.0,0
364,0,1890.6270751953125,191.10340881347656,25.125,0.0,9.931640625,0.0,0
365,0,1932.0908203125,201.24440002441406,25.125,0.0,-6.96533203125,0.0,0
366,0,1974.3642578125,201.21844482421875,25.125,0.0,-23.8568115234375,0.0,0
367,0,1983.8743896484375,194.00201416015625,25.125,0.0,-6.96533203125,0.0,0
368,0,1983.8741455078125,185.28091430664062,25.125,0.0,-23.8568115234375,0.0,0
369,0,1983.8743896484375,170.81336975097656,25.125,0.0,-6.96533203125,0.0,0
370,0,1983.8741455078125,155.5598602294922,25.125,0.0,-23.8568115234375,0.0,0
371,0,1983.8743896484375,137.5081787109375,25.125,0.0,-6.96533203125,0.0,0
372,0,1983.8740234375,123.7144775390625,25.125,0.0,-6.96533203125,0.0,0
373,0,1983.8741455078125,117.7330093383789,25.125,0.0,9.931640625,0.0,0
374,0,1983.8741455078125,122.26091766357422,25.125,0.0,26.82861328125,0.0,0
375,0,1983.8743896484375,140.9725799560547,25.125,0.0,43.7255859375,0.0,0
376,0,1983.8743896484375,172.13681030273438,25.125,0.0,26.82861328125,0.0,0
377,0,1983.8741455078125,201.05203247070312,25.125,0.0,9.931640625,0.0,0
378,0,1983.8743896484375,224.27423095703125,25.125,0.0,26.82861328125,0.0,0
379,0,1983.8743896484375,254.07061767578125,25.125,0.0,43.7255859375,0.0,0
380,0,1983.874755859375,294.2370300292969,25.125,0.0,60.62255859375,0.0,0
381,0,1983.8748779296875,338.1191711425781,25.125,0.0,77.5140380859375,0.0,0
382,0,1983.8746337890625,381.3533935546875,25.125,0.0,60.62255859375,0.0,0
383,0,1983.8748779296875,425.2178955078125,25.125,0.0,77.5140380859375,0.0,0
384,0,1983.7989501953125,466.0174865722656,25.125,0.0,94.4110107421875,0.0,0
385,0,1980.5667724609375,507.0761413574219,25.125,0.0,111.3079833984375,0.0,0
386,0,1968.8101806640625,548.40234375,25.125,0.0,128.2049560546875,0.0,0
387,0,1947.8525390625,584.203125,25.125,0.0,145.1019287109375,0.0,0
388,0,1916.28076171875,614.36083984375,25.125,0.0,161.9989013671875,0.0,0
389,0,1878.213134765625,633.7608032226562,25.125,0.0,178.890380859375,0.0,0
390,0,1835.1552734375,641.59619140625,25.125,0.0,-164.212646484375,0.0,0
391,0,1792.6337890625,636.7467651367188,25.125,0.0,-147.315673828125,0.0,0
392,0,1753.2578125,619.9093017578125,25.125,0.0,-130.418701171875,0.0,0
393,0,1719.751953125,591.6895751953125,25.125,0.0,-113.521728515625,0.0,0
394,0,1708.5667724609375,553.5928344726562,25.125,0.0,-130.418701171875,0.0,0
395,0,1686.2430419921875,516.1253662109375,25.125,0.0,-147.315673828125,0.0,0
396,0,1652.289794921875,504.21197509765625,25.125,0.0,-130.418701171875,0.0,0
397,0,1618.65283203125,476.0450744628906,25.125,0.0,-113.521728515625,0.0,0
398,0,1592.7620849609375,444.1661376953125,25.125,0.0,-130.418701171875,0.0,0
399,0,1566.467041015625,411.9183349609375,25.125,0.0,-130.418701171875,0.0,0
400,0,1541.6427001953125,379.3619384765625,25.125,0.0,-113.521728515625,0.0,0
401,0,1522.2579345703125,342.3948669433594,25.125,0.0,-96.624755859375,0.0,0
402,0,1508.112060546875,316.1258544921875,25.125,0.0,-113.521728515625,0.0,0
403,0,1486.14501953125,316.12548828125,25.125,0.0,-130.418701171875,0.0,0
404,0,1454.5411376953125,299.740234375,25.125,0.0,-113.521728515625,0.0,0
405,0,1428.98779296875,267.58685302734375,25.125,0.0,-113.521728515625,0.0,0
406,0,1406.1773681640625,232.6406707763672,25.125,0.0,-130.418701171875,0.0,0
407,0,1380.05126953125,200.58953857421875,25.125,0.0,-147.315673828125,0.0,0
408,0,1346.3555908203125,173.7938232421875,25.125,0.0,-164.212646484375,0.0,0
409,0,1307.448974609375,156.74220275878906,25.125,0.0,178.890380859375,0.0,0
410,0,1265.1619873046875,150.91827392578125,25.125,0.0,161.9989013671875,0.0,0
411,0,1223.2042236328125,153.08169555664062,25.125,0.0,178.890380859375,0.0,0
412,0,1182.120849609375,153.0849151611328,25.125,0.0,-164.212646484375,0.0,0
413,0,1140.061767578125,144.90814208984375,25.125,0.0,-147.315673828125,0.0,0
414,0,1101.7054443359375,126.85738372802734,25.125,0.0,-130.418701171875,0.0,0
415,0,1068.34521484375,116.12584686279297,25.125,0.0,-113.521728515625,0.0,0
416,0,1040.95654296875,116.12591552734375,25.125,0.0,-96.624755859375,0.0,0
417,0,1020.4277954101562,116.12557220458984,25.125,0.0,-113.521728515625,0.0,0
418,0,999.5165405273438,116.12591552734375,25.125,0.0,-96.624755859375,0.0,0
419,0,988.2952880859375,116.12561798095703,25.125,0.0,-79.7332763671875,0.0,0
420,0,991.858154296875,116.12582397460938,25.125,0.0,-62.8363037109375,0.0,0
421,0,1010.3563842773438,116.12545013427734,25.125,0.0,-45.9393310546875,0.0,0
422,0,1046.9581298828125,116.12545013427734,25.125,0.0,-29.0423583984375,0.0,0
423,0,1089.66455078125,116.12511444091797,25.125,0.0,-12.1453857421875,0.0,0
424,0,1130.45849609375,116.23185729980469,25.125,0.0,4.74609375,0.0,0
425,0,1171.480712890625,119.82617950439453,25.125,0.0,21.64306640625,0.0,0
426,0,1211.7264404296875,131.62283325195312,25.125,0.0,38.5400390625,0.0,0
427,0,1248.9268798828125,153.9443359375,25.125,0.0,55.43701171875,0.0,0
428,0,1278.9530029296875,182.6094970703125,25.125,0.0,55.43701171875,0.0,0
429,0,1304.45654296875,216.5601348876953,25.125,0.0,72.333984375,0.0,0
430,0,1321.574951171875,255.06607055664062,25.125,0.0,89.23095703125,0.0,0
431,0,1328.2003173828125,298.040771484375,25.125,0.0,106.1224365234375,0.0,0
432,0,1322.770751953125,340.384765625,25.125,0.0,123.0194091796875,0.0,0
433,0,1305.566162109375,379.5364074707031,25.125,0.0,139.9163818359375,0.0,0
434,0,1275.7862548828125,383.8743896484375,25.125,0.0,139.9163818359375,0.0,0
435,0,1233.4085693359375,383.8748474121094,25.125,0.0,156.8133544921875,0.0,0
436,0,1190.681396484375,383.87493896484375,25.125,0.0,173.7103271484375,0.0,0
437,0,1149.9190673828125,383.3246765136719,25.125,0.0,-169.3927001953125,0.0,0
438,0,1107.8675537109375,377.3069763183594,25.125,0.0,-152.501220703125,0.0,0
439,0,1068.499755859375,362.1542053222656,25.125,0.0,-135.604248046875,0.0,0
440,0,1032.357666015625,340.9112243652344,25.125,0.0,-152.501220703125,0.0,0
441,0,995.66845703125,322.2773132324219,25.125,0.0,-169.3927001953125,0.0,0
442,0,955.3323974609375,310.8013916015625,25.125,0.0,173.7103271484375,0.0,0
443,0,914.7265014648438,305.69940185546875,25.125,0.0,-169.3927001953125,0.0,0
444,0,874.3080444335938,297.9136047363281,25.125,0.0,-152.501220703125,0.0,0
445,0,834.6954345703125,283.9166259765625,25.125,0.0,-152.501220703125,0.0,0
446,0,796.7035522460938,269.0848083496094,25.125,0.0,-169.3927001953125,0.0,0
447,0,755.3306274414062,259.32012939453125,25.125,0.0,173.7103271484375,0.0,0
448,0,713.1351928710938,259.15643310546875,25.125,0.0,156.8133544921875,0.0,0
449,0,671.1571044921875,270.54071044921875,25.125,0.0,139.9163818359375,0.0,0
450,0,660.4345703125,299.01104736328125,25.125,0.0,139.9163818359375,0.0,0
451,0,644.90478515625,334.99127197265625,25.125,0.0,156.8133544921875,0.0,0
452,0,609.8836669921875,361.87139892578125,25.125,0.0,173.7103271484375,0.0,0
453,0,572.1392822265625,378.66790771484375,25.125,0.0,156.8133544921875,0.0,0
454,0,534.19287109375,396.61376953125,25.125,0.0,139.9163818359375,0.0,0
455,0,500.1434326171875,420.9104309082031,25.125,0.0,123.0194091796875,0.0,0
456,0,472.11810302734375,453.954833984375,25.125,0.0,106.1224365234375,0.0,0
457,0,454.4403991699219,492.7018737792969,25.125,0.0,89.23095703125,0.0,0
458,0,448.3150329589844,535.9645385742188,25.125,0.0,72.333984375,0.0,0
459,0,454.7467956542969,578.2061767578125,25.125,0.0,55.43701171875,0.0,0
460,0,476.3453674316406,583.8746337890625,25.125,0.0,38.5400390625,0.0,0
461,0,513.4203491210938,583.874267578125,25.125,0.0,55.43701171875,0.0,0
462,0,550.1593627929688,598.5045776367188,25.125,0.0,55.43701171875,0.0,0
463,0,581.445556640625,629.6100463867188,25.125,0.0,72.333984375,0.0,0
464,0,601.2962036132812,667.682861328125,25.125,0.0,89.23095703125,0.0,0
465,0,609.0786743164062,710.8074340820312,25.125,0.0,106.1224365234375,0.0,0
466,0,604.0868530273438,753.3499755859375,25.125,0.0,123.0194091796875,0.0,0
467,0,587.0418701171875,792.640869140625,25.125,0.0,139.9163818359375,0.0,0
468,0,558.6245727539062,825.9854736328125,25.125,0.0,156.8133544921875,0.0,0
469,0,524.87646484375,850.4131469726562,25.125,0.0,156.8133544921875,0.0,0
470,0,516.1259155273438,870.2927856445312,25.125,0.0,173.7103271484375,0.0,0
471,0,516.1256103515625,883.6650390625,25.125,0.0,173.7103271484375,0.0,0
472,0,516.1259155273438,893.5206909179688,25.125,0.0,173.7103271484375,0.0,0
473,0,516.1259155273438,896.2721557617188,25.125,0.0,-169.3927001953125,0.0,0
474,0,516.1259155273438,894.9751586914062,25.125,0.0,-169.3927001953125,0.0,0
475,0,516.1257934570312,890.3598022460938,25.125,0.0,-152.501220703125,0.0,0
476,0,516.1254272460938,871.2014770507812,25.125,0.0,-135.604248046875,0.0,0
477,0,516.1254272460938,834.2080078125,25.125,0.0,-118.707275390625,0.0,0
478,0,516.1250610351562,791.5205078125,25.125,0.0,-101.810302734375,0.0,0
479,0,512.3778686523438,748.5155639648438,25.125,0.0,-118.707275390625,0.0,0
480,0,500.3497619628906,716.1255493164062,25.125,0.0,-118.707275390625,0.0,0
481,0,478.34796142578125,716.1257934570312,25.125,0.0,-118.707275390625,0.0,0
482,0,453.5411071777344,716.1259155273438,25.125,0.0,-101.810302734375,0.0,0
483,0,436.59564208984375,716.1259155273438,25.125,0.0,-84.913330078125,0.0,0
484,0,433.2832336425781,716.1259155273438,25.125,0.0,-84.913330078125,0.0,0
485,0,435.6898498535156,716.1256103515625,25.125,0.0,-68.0218505859375,0.0,0
486,0,443.0445556640625,716.1259155273438,25.125,0.0,-84.913330078125,0.0,0
487,0,444.6435852050781,716.1256103515625,25.125,0.0,-101.810302734375,0.0,0
488,0,444.3706970214844,716.1259155273438,25.125,0.0,-84.913330078125,0.0,0
489,0,446.7601013183594,716.1258544921875,25.125,0.0,-68.0218505859375,0.0,0
490,0,460.2257385253906,716.125732421875,25.125,0.0,-51.1248779296875,0.0,0
491,0,491.0260009765625,716.1255493164062,25.125,0.0,-34.2279052734375,0.0,0
492,0,533.4159545898438,715.2024536132812,25.125,0.0,-17.3309326171875,0.0,0
493,0,575.4552001953125,706.3792724609375,25.125,0.0,-34.2279052734375,0.0,0
494,0,588.56494140625,678.4747924804688,25.125,0.0,-34.2279052734375,0.0,0
495,0,575.7965698242188,637.9534912109375,25.125,0.0,-34.2279052734375,0.0,0
496,0,582.1284790039062,598.1565551757812,25.125,0.0,-51.1248779296875,0.0,0
497,0,604.4212036132812,560.8093872070312,25.125,0.0,-34.2279052734375,0.0,0
498,0,631.36962890625,529.9091186523438,25.125,0.0,-51.1248779296875,0.0,0
499,0,656.6668701171875,497.49957275390625,25.125,0.0,-68.0218505859375,0.0,0
500,0,675.7171020507812,460.15814208984375,25.125,0.0,-84.913330078125,0.0,0
501,0,662.36669921875,432.2872009277344,25.125,0.0,-84.913330078125,0.0,0
502,0,622.89990234375,416.6899108886719,25.125,0.0,-84.913330078125,0.0,0
503,0,596.1734008789062,386.66546630859375,25.125,0.0,-101.810302734375,0.0,0
504,0,578.0438232421875,348.87896728515625,25.125,0.0,-118.707275390625,0.0,0
505,0,561.4785766601562,311.55126953125,25.125,0.0,-101.810302734375,0.0,0
506,0,546.8524169921875,272.46685791015625,25.125,0.0,-118.707275390625,0.0,0
507,0,527.930908203125,235.67376708984375,25.125,0.0,-135.604248046875,0.0,0
508,0,501.0897216796875,203.300048828125,25.125,0.0,-152.501220703125,0.0,0
509,0,468.75103759765625,177.40846252441406,25.125,0.0,-152.501220703125,0.0,0
510,0,434.41680908203125,155.35049438476562,25.125,0.0,-152.501220703125,0.0,0
511,0,398.3219909667969,134.5956268310547,25.125,0.0,-152.501220703125,0.0,0
512,0,361.4059143066406,116.66260528564453,25.125,0.0,-169.3927001953125,0.0,0
513,0,319.5928955078125,116.12510681152344,25.125,0.0,-169.3927001953125,0.0,0
514,0,278.385498046875,116.12510681152344,25.125,0.0,-169.3927001953125,0.0,0
515,0,234.57290649414062,116.12535095214844,25.125,0.0,-152.501220703125,0.0,0
516,0,216.463134765625,116.12581634521484,25.125,0.0,-152.501220703125,0.0,0
517,0,194.4277801513672,116.12511444091797,25.125,0.0,-169.3927001953125,0.0,0
518,0,152.02496337890625,116.1253433227539,25.125,0.0,-152.501220703125,0.0,0
519,0,116.12554931640625,116.125,25.125,0.0,-152.501220703125,0.0,0
520,0,116.12542724609375,137.2195587158203,25.125,0.0,-152.501220703125,0.0,0
521,0,116.12545013427734,145.35342407226562,25.125,0.0,-135.604248046875,0.0,0
522,0,116.12581634521484,126.17921447753906,25.125,0.0,-152.501220703125,0.0,0
523,0,116.125,116.12542724609375,25.125,0.0,-152.501220703125,0.0,0
524,0,116.125,116.12564849853516,25.125,0.0,-135.604248046875,0.0,0
525,0,116.125,116.12580871582031,25.125,0.0,-118.707275390625,0.0,0
526,0,116.125,116.12543487548828,25.125,0.0,-135.604248046875,0.0,0
527,0,116.125,116.12580871582031,25.125,0.0,-118.707275390625,0.0,0
528,0,116.12554931640625,125.89347076416016,25.125,0.0,-118.707275390625,0.0,0
529,0,116.12507629394531,116.12738037109375,25.125,0.0,-101.810302734375,0.0,0
530,0,116.24247741699219,116.12562561035156,25.125,0.0,-84.913330078125,0.0,0
531,0,116.12592315673828,116.125,25.125,0.0,-84.913330078125,0.0,0
532,0,118.51527404785156,116.1258544921875,25.125,0.0,-68.0218505859375,0.0,0
533,0,132.51458740234375,116.12571716308594,25.125,0.0,-51.1248779296875,0.0,0
534,0,128.24261474609375,116.12557983398438,25.125,0.0,-51.1248779296875,0.0,0
535,0,133.1753387451172,116.12535095214844,25.125,0.0,-34.2279052734375,0.0,0
536,0,167.98641967773438,116.1252212524414,25.125,0.0,-17.3309326171875,0.0,0
537,0,208.08277893066406,116.125,25.125,0.0,-0.4339599609375,0.0,0
538,0,250.30838012695312,116.12519073486328,25.125,0.0,-17.3309326171875,0.0,0
539,0,291.37835693359375,116.12500762939453,25.125,0.0,-0.4339599609375,0.0,0
540,0,333.60400390625,116.12519073486328,25.125,0.0,-17.3309326171875,0.0,0
541,0,378.0817565917969,116.12548065185547,25.125,0.0,-34.2279052734375,0.0,0
542,0,425.1280212402344,116.12531280517578,25.125,0.0,-34.2279052734375,0.0,0
543,0,474.4316711425781,116.12571716308594,25.125,0.0,-51.1248779296875,0.0,0
544,0,520.2410278320312,116.12548828125,25.125,0.0,-51.1248779296875,0.0,0
545,0,562.689453125,116.1258544921875,25.125,0.0,-68.0218505859375,0.0,0
546,0,592.5319213867188,116.12562561035156,25.125,0.0,-84.913330078125,0.0,0
547,0,607.7581176757812,116.12590789794922,25.125,0.0,-101.810302734375,0.0,0
548,0,604.299560546875,116.12580871582031,25.125,0.0,-118.707275390625,0.0,0
549,0,583.841796875,116.12564849853516,25.125,0.0,-135.604248046875,0.0,0
550,0,546.7783203125,116.12542724609375,25.125,0.0,-152.501220703125,0.0,0
551,0,504.3077697753906,116.12506866455078,25.125,0.0,-169.3927001953125,0.0,0
552,0,462.5856018066406,116.29369354248047,25.125,0.0,173.7103271484375,0.0,0
553,0,421.50091552734375,120.2725830078125,25.125,0.0,156.8133544921875,0.0,0
554,0,380.4760437011719,133.19589233398438,25.125,0.0,139.9163818359375,0.0,0
555,0,345.3736267089844,155.25320434570312,25.125,0.0,123.0194091796875,0.0,0
556,0,316.2247314453125,187.78208923339844,25.125,0.0,106.1224365234375,0.0,0
557,0,316.1251525878906,228.4962158203125,25.125,0.0,106.1224365234375,0.0,0
558,0,316.1251525878906,271.4459228515625,25.125,0.0,106.1224365234375,0.0,0
559,0,316.1324462890625,312.42529296875,25.125,0.0,89.23095703125,0.0,0
560,0,318.263671875,353.3572998046875,25.125,0.0,72.333984375,0.0,0
561,0,344.69952392578125,373.1825866699219,25.125,0.0,72.333984375,0.0,0
562,0,386.57208251953125,372.09716796875,25.125,0.0,72.333984375,0.0,0
563,0,423.5612487792969,390.162353515625,25.125,0.0,55.43701171875,0.0,0
564,0,452.235107421875,421.50567626953125,25.125,0.0,72.333984375,0.0,0
565,0,471.33294677734375,459.7140808105469,25.125,0.0,89.23095703125,0.0,0
566,0,480.8282775878906,500.23028564453125,25.125,0.0,89.23095703125,0.0,0
567,0,487.1434020996094,540.5022583007812,25.125,0.0,72.333984375,0.0,0
568,0,498.6263122558594,581.3129272460938,25.125,0.0,55.43701171875,0.0,0
569,0,522.8555908203125,585.3165283203125,25.125,0.0,38.5400390625,0.0,0
570,0,559.3936157226562,605.7980346679688,25.125,0.0,55.43701171875,0.0,0
571,0,590.4988403320312,632.5243530273438,25.125,0.0,38.5400390625,0.0,0
572,0,621.1112670898438,661.0228881835938,25.125,0.0,55.43701171875,0.0,0
573,0,646.6748046875,693.8831787109375,25.125,0.0,72.333984375,0.0,0
574,0,667.1505737304688,729.249755859375,25.125,0.0,55.43701171875,0.0,0
575,0,688.6302490234375,763.8025512695312,25.125,0.0,55.43701171875,0.0,0
576,0,709.538330078125,798.937255859375,25.125,0.0,72.333984375,0.0,0
577,0,728.4993896484375,836.1039428710938,25.125,0.0,55.43701171875,0.0,0
578,0,747.6474609375,872.1090698242188,25.125,0.0,72.333984375,0.0,0
579,0,762.2883911132812,911.9884643554688,25.125,0.0,89.23095703125,0.0,0
580,0,771.2981567382812,951.8176879882812,25.125,0.0,72.333984375,0.0,0
581,0,779.929931640625,992.68310546875,25.125,0.0,89.23095703125,0.0,0
582,0,782.5022583007812,1034.1553955078125,25.125,0.0,106.1224365234375,0.0,0
583,0,779.7023315429688,1074.905517578125,25.125,0.0,89.23095703125,0.0,0
584,0,776.3921508789062,1115.5916748046875,25.125,0.0,106.1224365234375,0.0,0
585,0,769.2196044921875,1155.822265625,25.125,0.0,106.1224365234375,0.0,0
586,0,757.4143676757812,1196.2916259765625,25.125,0.0,123.0194091796875,0.0,0
587,0,740.2218017578125,1233.5867919921875,25.125,0.0,123.0194091796875,0.0,0
588,0,719.794921875,1269.9248046875,25.125,0.0,123.0194091796875,0.0,0
589,0,716.125732421875,1307.9898681640625,25.125,0.0,139.9163818359375,0.0,0
590,0,716.1254272460938,1352.9058837890625,25.125,0.0,123.0194091796875,0.0,0
591,0,716.125732421875,1400.96533203125,25.125,0.0,139.9163818359375,0.0,0
592,0,706.8592529296875,1444.72216796875,25.125,0.0,156.8133544921875,0.0,0
593,0,673.1602172851562,1476.1544189453125,25.125,0.0,173.7103271484375,0.0,0
594,0,631.8175659179688,1491.7896728515625,25.125,0.0,-169.3927001953125,0.0,0
595,0,589.8534545898438,1497.1075439453125,25.125,0.0,173.7103271484375,0.0,0
596,0,548.9879760742188,1499.4166259765625,25.125,0.0,-169.3927001953125,0.0,0
597,0,506.5538024902344,1494.5123291015625,25.125,0.0,-152.501220703125,0.0,0
598,0,467.0232849121094,1484.1134033203125,25.125,0.0,-169.3927001953125,0.0,0
599,0,425.5692138671875,1476.421875,25.125,0.0,173.7103271484375,0.0,0
600,0,383.6034851074219,1477.1326904296875,25.125,0.0,156.8133544921875,0.0,0
601,0,342.70623779296875,1488.4005126953125,25.125,0.0,139.9163818359375,0.0,0
602,0,316.1255187988281,1511.1181640625,25.125,0.0,123.0194091796875,0.0,0
603,0,316.1250915527344,1550.3880615234375,25.125,0.0,106.1224365234375,0.0,0
604,0,316.1254577636719,1595.540283203125,25.125,0.0,123.0194091796875,0.0,0
605,0,314.579833984375,1639.0322265625,25.125,0.0,106.1224365234375,0.0,0
606,0,305.4605712890625,1680.7266845703125,25.125,0.0,123.0194091796875,0.0,0
607,0,286.89727783203125,1718.72509765625,25.125,0.0,139.9163818359375,0.0,0
608,0,260.51153564453125,1751.978759765625,25.125,0.0,139.9163818359375,0.0,0
609,0,233.17172241210938,1782.2103271484375,25.125,0.0,123.0194091796875,0.0,0
610,0,208.1698455810547,1814.430419921875,25.125,0.0,123.0194091796875,0.0,0
611,0,185.57272338867188,1849.965576171875,25.125,0.0,106.1224365234375,0.0,0
612,0,170.72618103027344,1888.1295166015625,25.125,0.0,89.23095703125,0.0,0
613,0,165.66372680664062,1931.199462890625,25.125,0.0,72.333984375,0.0,0
614,0,172.45326232910156,1973.266357421875,25.125,0.0,55.43701171875,0.0,0
615,0,189.14271545410156,1983.8741455078125,25.125,0.0,72.333984375,0.0,0
616,0,208.6279296875,1983.8741455078125,25.125,0.0,72.333984375,0.0,0
617,0,242.9703826904297,1977.0364990234375,25.125,0.0,72.333984375,0.0,0
618,0,279.46685791015625,1983.874267578125,25.125,0.0,55.43701171875,0.0,0
619,0,313.20037841796875,1983.8743896484375,25.125,0.0,72.333984375,0.0,0
620,0,344.1250915527344,1983.874267578125,25.125,0.0,55.43701171875,0.0,0
621,0,374.7305603027344,1983.8743896484375,25.125,0.0,72.333984375,0.0,0
622,0,398.6269226074219,1983.8740234375,25.125,0.0,89.23095703125,0.0,0
623,0,406.8863830566406,1983.8741455078125,25.125,0.0,106.1224365234375,0.0,0
624,0,399.33074951171875,1983.874267578125,25.125,0.0,123.0194091796875,0.0,0
625,0,374.90252685546875,1983.8743896484375,25.125,0.0,139.9163818359375,0.0,0
626,0,339.68121337890625,1966.960693359375,25.125,0.0,139.9163818359375,0.0,0
627,0,297.5325012207031,1963.5518798828125,25.125,0.0,156.8133544921875,0.0,0
628,0,257.2077941894531,1970.499755859375,25.125,0.0,173.7103271484375,0.0,0
629,0,215.298828125,1974.8360595703125,25.125,0.0,-169.3927001953125,0.0,0
630,0,174.4864044189453,1971.1552734375,25.125,0.0,-152.501220703125,0.0,0
631,0,133.5296630859375,1956.591064453125,25.125,0.0,-135.604248046875,0.0,0
632,0,116.12544250488281,1929.5810546875,25.125,0.0,-118.707275390625,0.0,0
633,0,116.12510681152344,1887.313720703125,25.125,0.0,-101.810302734375,0.0,0
634,0,116.21922302246094,1846.53173828125,25.125,0.0,-84.913330078125,0.0,0
635,0,117.76419830322266,1805.86865234375,25.125,0.0,-84.913330078125,0.0,0
636,0,122.496826171875,1764.0987548828125,25.125,0.0,-68.0218505859375,0.0,0
637,0,134.7461395263672,1724.0423583984375,25.125,0.0,-51.1248779296875,0.0,0
638,0,157.29794311523438,1686.97607421875,25.125,0.0,-34.2279052734375,0.0,0
639,0,188.55003356933594,1657.9454345703125,25.125,0.0,-17.3309326171875,0.0,0
640,0,226.83639526367188,1638.8909912109375,25.125,0.0,-0.4339599609375,0.0,0
641,0,267.4070129394531,1629.576416015625,25.125,0.0,-0.4339599609375,0.0,0
642,0,307.7034912109375,1623.4554443359375,25.125,0.0,-17.3309326171875,0.0,0
643,0,348.78204345703125,1616.0877685546875,25.125,0.0,-0.4339599609375,0.0,0
644,0,383.8743896484375,1614.002197265625,25.125,0.0,16.4630126953125,0.0,0
645,0,383.8741149902344,1618.503662109375,25.125,0.0,16.4630126953125,0.0,0
646,0,383.8744812011719,1631.033447265625,25.125,0.0,33.3544921875,0.0,0
647,0,383.8741149902344,1654.0533447265625,25.125,0.0,16.4630126953125,0.0,0
648,0,383.8742370605469,1678.509521484375,25.125,0.0,33.3544921875,0.0,0
649,0,383.8744201660156,1711.6195068359375,25.125,0.0,50.25146484375,0.0,0
650,0,391.77093505859375,1752.3621826171875,25.125,0.0,67.1484375,0.0,0
651,0,402.8971862792969,1791.58544921875,25.125,0.0,84.04541015625,0.0,0
652,0,412.8271484375,1832.109375,25.125,0.0,67.1484375,0.0,0
653,0,427.52142333984375,1870.858154296875,25.125,0.0,50.25146484375,0.0,0
654,0,447.10968017578125,1907.787841796875,25.125,0.0,67.1484375,0.0,0
655,0,466.6294860839844,1943.6124267578125,25.125,0.0,50.25146484375,0.0,0
656,0,492.1571044921875,1977.641845703125,25.125,0.0,33.3544921875,0.0,0
657,0,528.633544921875,1983.8748779296875,25.125,0.0,16.4630126953125,0.0,0
658,0,569.64501953125,1983.8721923828125,25.125,0.0,-0.4339599609375,0.0,0
659,0,610.817626953125,1983.8748779296875,25.125,0.0,16.4630126953125,0.0,0
660,0,655.0052490234375,1983.8746337890625,25.125,0.0,33.3544921875,0.0,0
661,0,699.8998413085938,1983.8748779296875,25.125,0.0,16.4630126953125,0.0,0
662,0,740.9112548828125,1983.8721923828125,25.125,0.0,-0.4339599609375,0.0,0
663,0,782.51220703125,1983.8416748046875,25.125,0.0,-0.4339599609375,0.0,0
664,0,823.1531372070312,1983.8125,25.125,0.0,-0.4339599609375,0.0,0
665,0,865.2922973632812,1983.8748779296875,25.125,0.0,16.4630126953125,0.0,0
666,0,906.2959594726562,1983.870849609375,25.125,0.0,-0.4339599609375,0.0,0
667,0,947.232177734375,1981.9024658203125,25.125,0.0,-17.3309326171875,0.0,0
668,0,987.9859619140625,1972.593994140625,25.125,0.0,-34.2279052734375,0.0,0
669,0,1025.7628173828125,1955.8720703125,25.125,0.0,-34.2279052734375,0.0,0
670,0,1062.9366455078125,1936.9031982421875,25.125,0.0,-17.3309326171875,0.0,0
671,0,1101.999755859375,1922.9544677734375,25.125,0.0,-0.4339599609375,0.0,0
672,0,1144.837158203125,1917.855224609375,25.125,0.0,16.4630126953125,0.0,0
673,0,1186.909912109375,1924.044677734375,25.125,0.0,33.3544921875,0.0,0
674,0,1226.6915283203125,1937.4532470703125,25.125,0.0,16.4630126953125,0.0,0
675,0,1266.30517578125,1948.4814453125,25.125,0.0,-0.4339599609375,0.0,0
676,0,1308.0870361328125,1951.958251953125,25.125,0.0,-17.3309326171875,0.0,0
677,0,1349.9051513671875,1944.912109375,25.125,0.0,-34.2279052734375,0.0,0
678,0,1388.4140625,1926.589599609375,25.125,0.0,-51.1248779296875,0.0,0
679,0,1422.096435546875,1916.1258544921875,25.125,0.0,-68.0218505859375,0.0,0
680,0,1453.9439697265625,1916.12548828125,25.125,0.0,-51.1248779296875,0.0,0
681,0,1491.857666015625,1916.125732421875,25.125,0.0,-51.1248779296875,0.0,0
682,0,1529.3441162109375,1911.9248046875,25.125,0.0,-68.0218505859375,0.0,0
683,0,1558.354736328125,1879.0194091796875,25.125,0.0,-84.913330078125,0.0,0
684,0,1572.0858154296875,1837.378662109375,25.125,0.0,-101.810302734375,0.0,0
685,0,1574.027587890625,1795.4537353515625,25.125,0.0,-101.810302734375,0.0,0
686,0,1572.1114501953125,1753.7685546875,25.125,0.0,-84.913330078125,0.0,0
687,0,1574.60498046875,1716.127685546875,25.125,0.0,-68.0218505859375,0.0,0
688,0,1583.8743896484375,1716.125,25.125,0.0,-51.1248779296875,0.0,0
689,0,1583.8746337890625,1716.125,25.125,0.0,-68.0218505859375,0.0,0
690,0,1583.8748779296875,1716.125,25.125,0.0,-84.913330078125,0.0,0
691,0,1583.8746337890625,1716.125,25.125,0.0,-68.0218505859375,0.0,0
692,0,1583.8746337890625,1716.125,25.125,0.0,-51.1248779296875,0.0,0
693,0,1583.8746337890625,1716.125,25.125,0.0,-68.0218505859375,0.0,0
694,0,1583.8746337890625,1716.125,25.125,0.0,-51.1248779296875,0.0,0
695,0,1583.874267578125,1716.125,25.125,0.0,-34.2279052734375,0.0,0
696,0,1583.8743896484375,1716.125,25.125,0.0,-17.3309326171875,0.0,0
697,0,1583.874267578125,1716.125,25.125,0.0,-34.2279052734375,0.0,0
698,0,1583.8741455078125,1716.125,25.125,0.0,-17.3309326171875,0.0,0
699,0,1583.8740234375,1716.125,25.125,0.0,-0.4339599609375,0.0,0
700,0,1583.8741455078125,1717.2950439453125,25.125,0.0,16.4630126953125,0.0,0
701,0,1583.8743896484375,1722.5146484375,25.125,0.0,16.4630126953125,0.0,0
702,0,1583.874267578125,1736.138427734375,25.125,0.0,33.3544921875,0.0,0
703,0,1583.8746337890625,1764.1959228515625,25.125,0.0,50.25146484375,0.0,0
704,0,1583.874755859375,1806.6766357421875,25.125,0.0,67.1484375,0.0,0
705,0,1585.6446533203125,1847.198486328125,25.125,0.0,84.04541015625,0.0,0
706,0,1587.4376220703125,1889.033935546875,25.125,0.0,100.9423828125,0.0,0
707,0,1586.3077392578125,1929.779296875,25.125,0.0,84.04541015625,0.0,0
708,0,1589.7593994140625,1971.97119140625,25.125,0.0,67.1484375,0.0,0
709,0,1597.9849853515625,1983.8740234375,25.125,0.0,84.04541015625,0.0,0
710,0,1600.38427734375,1983.8743896484375,25.125,0.0,100.9423828125,0.0,0
711,0,1595.408203125,1983.8741455078125,25.125,0.0,117.8338623046875,0.0,0
712,0,1575.86376953125,1983.87451171875,25.125,0.0,134.7308349609375,0.0,0
713,0,1543.057861328125,1983.8741455078125,25.125,0.0,117.8338623046875,0.0,0
714,0,1507.9071044921875,1983.8743896484375,25.125,0.0,134.7308349609375,0.0,0
715,0,1465.074951171875,1983.874755859375,25.125,0.0,151.6278076171875,0.0,0
716,0,1422.421142578125,1983.8748779296875,25.125,0.0,168.5247802734375,0.0,0
717,0,1381.116943359375,1983.8748779296875,25.125,0.0,168.5247802734375,0.0,0
718,0,1339.3768310546875,1983.7437744140625,25.125,0.0,-174.5782470703125,0.0,0
719,0,1298.329833984375,1980.01611328125,25.125,0.0,-157.6812744140625,0.0,0
720,0,1257.37353515625,1971.8045654296875,25.125,0.0,-174.5782470703125,0.0,0
721,0,1217.4068603515625,1963.65869140625,25.125,0.0,-157.6812744140625,0.0,0
722,0,1177.330322265625,1949.435302734375,25.125,0.0,-140.789794921875,0.0,0
723,0,1141.8126220703125,1926.6494140625,25.125,0.0,-123.892822265625,0.0,0
724,0,1113.267333984375,1895.1004638671875,25.125,0.0,-106.995849609375,0.0,0
725,0,1094.5289306640625,1856.6953125,25.125,0.0,-90.098876953125,0.0,0
726,0,1087.4498291015625,1814.4892578125,25.125,0.0,-73.201904296875,0.0,0
727,0,1090.63037109375,1771.9949951171875,25.125,0.0,-73.201904296875,0.0,0
728,0,1100.6798095703125,1731.6907958984375,25.125,0.0,-56.304931640625,0.0,0
729,0,1120.4066162109375,1693.2982177734375,25.125,0.0,-39.4134521484375,0.0,0
730,0,1149.0958251953125,1661.89697265625,25.125,0.0,-22.5164794921875,0.0,0
731,0,1186.3837890625,1639.1356201171875,25.125,0.0,-5.6195068359375,0.0,0
732,0,1227.7320556640625,1628.300537109375,25.125,0.0,11.2774658203125,0.0,0
733,0,1270.49853515625,1629.705322265625,25.125,0.0,28.1744384765625,0.0,0
734,0,1311.076416015625,1643.4410400390625,25.125,0.0,45.06591796875,0.0,0
735,0,1346.209716796875,1665.796142578125,25.125,0.0,45.06591796875,0.0,0
736,0,1377.70458984375,1694.382568359375,25.125,0.0,61.962890625,0.0,0
737,0,1403.989990234375,1725.6483154296875,25.125,0.0,45.06591796875,0.0,0
738,0,1433.6494140625,1755.6712646484375,25.125,0.0,28.1744384765625,0.0,0
739,0,1468.60546875,1778.962158203125,25.125,0.0,11.2774658203125,0.0,0
740,0,1509.5301513671875,1783.714111328125,25.125,0.0,-5.6195068359375,0.0,0
741,0,1533.9521484375,1759.8826904296875,25.125,0.0,-5.6195068359375,0.0,0
742,0,1564.0037841796875,1730.910888671875,25.125,0.0,-22.5164794921875,0.0,0
743,0,1583.875,1716.1253662109375,25.125,0.0,-22.5164794921875,0.0,0
744,0,1576.7779541015625,1716.1256103515625,25.125,0.0,-22.5164794921875,0.0,0
745,0,1583.874267578125,1716.125,25.125,0.0,-39.4134521484375,0.0,0
746,0,1583.8746337890625,1716.125,25.125,0.0,-56.304931640625,0.0,0
747,0,1583.874267578125,1716.125,25.125,0.0,-39.4134521484375,0.0,0
748,0,1583.87451171875,1716.125,25.125,0.0,-56.304931640625,0.0,0
749,0,1583.874267578125,1716.125,25.125,0.0,-39.4134521484375,0.0,0
750,0,1583.8741455078125,1716.125,25.125,0.0,-22.5164794921875,0.0,0
751,0,1583.87451171875,1716.125,25.125,0.0,-39.4134521484375,0.0,0
752,0,1583.8741455078125,1716.125,25.125,0.0,-22.5164794921875,0.0,0
753,0,1583.87451171875,1716.125,25.125,0.0,-39.4134521484375,0.0,0
754,0,1583.8741455078125,1716.125,25.125,0.0,-22.5164794921875,0.0,0
755,0,1583.87451171875,1716.125,25.125,0.0,-39.4134521484375,0.0,0
756,0,1583.87451171875,1716.125,25.125,0.0,-56.304931640625,0.0,0
757,0,1583.874755859375,1716.125,25.125,0.0,-73.201904296875,0.0,0
758,0,1583.8734130859375,1716.1259765625,25.125,0.0,-90.098876953125,0.0,0
759,0,1582.643798828125,1716.1258544921875,25.125,0.0,-106.995849609375,0.0,0
760,0,1576.798828125,1716.1256103515625,25.125,0.0,-106.995849609375,0.0,0
761,0,1564.9019775390625,1716.1258544921875,25.125,0.0,-106.995849609375,0.0,0
762,0,1534.5225830078125,1722.5870361328125,25.125,0.0,-106.995849609375,0.0,0
763,0,1494.3763427734375,1733.5592041015625,25.125,0.0,-106.995849609375,0.0,0
764,0,1459.2811279296875,1719.795166015625,25.125,0.0,-123.892822265625,0.0,0
765,0,1427.811279296875,1692.015380859375,25.125,0.0,-140.789794921875,0.0,0
766,0,1398.2801513671875,1663.7802734375,25.125,0.0,-123.892822265625,0.0,0
767,0,1372.9481201171875,1630.713134765625,25.125,0.0,-106.995849609375,0.0,0
768,0,1352.3157958984375,1594.313720703125,25.125,0.0,-123.892822265625,0.0,0
769,0,1329.420166015625,1560.05126953125,25.125,0.0,-140.789794921875,0.0,0
770,0,1298.80810546875,1529.9415283203125,25.125,0.0,-157.6812744140625,0.0,0
771,0,1262.1568603515625,1516.125,25.125,0.0,-174.5782470703125,0.0,0
772,0,1220.4207763671875,1516.8848876953125,25.125,0.0,168.5247802734375,0.0,0
773,0,1179.4005126953125,1523.3170166015625,25.125,0.0,151.6278076171875,0.0,0
774,0,1139.4630126953125,1539.5718994140625,25.125,0.0,134.7308349609375,0.0,0
775,0,1104.568115234375,1560.967529296875,25.125,0.0,151.6278076171875,0.0,0
776,0,1068.1771240234375,1580.1300048828125,25.125,0.0,168.5247802734375,0.0,0
777,0,1027.06103515625,1592.2554931640625,25.125,0.0,-174.5782470703125,0.0,0
778,0,984.727294921875,1593.7808837890625,25.125,0.0,-157.6812744140625,0.0,0
779,0,942.3040771484375,1583.499267578125,25.125,0.0,-140.789794921875,0.0,0
780,0,905.74169921875,1567.1038818359375,25.125,0.0,-157.6812744140625,0.0,0
781,0,868.340576171875,1548.3702392578125,25.125,0.0,-140.789794921875,0.0,0
782,0,833.1176147460938,1527.8607177734375,25.125,0.0,-157.6812744140625,0.0,0
783,0,796.6922607421875,1507.4739990234375,25.125,0.0,-140.789794921875,0.0,0
784,0,763.4306640625,1482.637939453125,25.125,0.0,-123.892822265625,0.0,0
785,0,736.0901489257812,1450.5343017578125,25.125,0.0,-106.995849609375,0.0,0
786,0,717.516357421875,1411.1494140625,25.125,0.0,-90.098876953125,0.0,0
787,0,716.1251220703125,1369.999267578125,25.125,0.0,-106.995849609375,0.0,0
788,0,716.125,1327.9796142578125,25.125,0.0,-90.098876953125,0.0,0
789,0,718.0015869140625,1287.05859375,25.125,0.0,-73.201904296875,0.0,0
790,0,727.0762329101562,1246.2576904296875,25.125,0.0,-56.304931640625,0.0,0
791,0,745.9906005859375,1208.401611328125,25.125,0.0,-39.4134521484375,0.0,0
792,0,774.494384765625,1176.734130859375,25.125,0.0,-22.5164794921875,0.0,0
793,0,809.4408569335938,1152.4033203125,25.125,0.0,-22.5164794921875,0.0,0
794,0,845.4261474609375,1133.0850830078125,25.125,0.0,-22.5164794921875,0.0,0
795,0,884.4267578125,1117.11669921875,25.125,0.0,-5.6195068359375,0.0,0
796,0,923.5557250976562,1105.5909423828125,25.125,0.0,-22.5164794921875,0.0,0
797,0,940.0136108398438,1075.1119384765625,25.125,0.0,-22.5164794921875,0.0,0
798,0,959.9735107421875,1038.54052734375,25.125,0.0,-39.4134521484375,0.0,0
799,0,983.873046875,1006.9856567382812,25.125,0.0,-56.304931640625,0.0,0
800,0,983.87451171875,966.680419921875,25.125,0.0,-56.304931640625,0.0,0
801,0,983.87451171875,919.3410034179688,25.125,0.0,-39.4134521484375,0.0,0
802,0,983.8741455078125,875.205078125,25.125,0.0,-22.5164794921875,0.0,0
803,0,983.87451171875,838.2288208007812,25.125,0.0,-39.4134521484375,0.0,0
804,0,970.7649536132812,797.3863525390625,25.125,0.0,-39.4134521484375,0.0,0
805,0,977.1964111328125,757.7151489257812,25.125,0.0,-39.4134521484375,0.0,0
806,0,1004.583251953125,722.3025512695312,25.125,0.0,-22.5164794921875,0.0,0
807,0,1041.7012939453125,716.1256103515625,25.125,0.0,-39.4134521484375,0.0,0
808,0,1054.2962646484375,716.12548828125,25.125,0.0,-39.4134521484375,0.0,0
809,0,1068.7237548828125,716.1256103515625,25.125,0.0,-39.4134521484375,0.0,0
810,0,1105.50048828125,716.1251831054688,25.125,0.0,-22.5164794921875,0.0,0
811,0,1148.12841796875,716.1250610351562,25.125,0.0,-5.6195068359375,0.0,0
812,0,1183.8743896484375,716.125,25.125,0.0,-22.5164794921875,0.0,0
813,0,1183.874267578125,716.125,25.125,0.0,-39.4134521484375,0.0,0
814,0,1183.874267578125,716.125,25.125,0.0,-39.4134521484375,0.0,0
815,0,1183.8741455078125,716.125,25.125,0.0,-22.5164794921875,0.0,0
816,0,1183.8740234375,716.125,25.125,0.0,-5.6195068359375,0.0,0
817,0,1183.8743896484375,716.125,25.125,0.0,-22.5164794921875,0.0,0
818,0,1183.8740234375,716.125,25.125,0.0,-5.6195068359375,0.0,0
819,0,1183.8743896484375,716.6279907226562,25.125,0.0,11.2774658203125,0.0,0
820,0,1183.8741455078125,718.0992431640625,25.125,0.0,11.2774658203125,0.0,0
821,0,1183.8743896484375,718.3414916992188,25.125,0.0,-5.6195068359375,0.0,0
822,0,1183.8741455078125,718.8004760742188,25.125,0.0,11.2774658203125,0.0,0
823,0,1183.8740234375,719.0208740234375,25.125,0.0,-5.6195068359375,0.0,0
824,0,1183.8741455078125,719.4909057617188,25.125,0.0,11.2774658203125,0.0,0
825,0,1183.8741455078125,724.5614624023438,25.125,0.0,28.1744384765625,0.0,0
826,0,1183.8743896484375,739.1571655273438,25.125,0.0,11.2774658203125,0.0,0
827,0,1183.8740234375,750.8919067382812,25.125,0.0,-5.6195068359375,0.0,0
828,0,1183.8743896484375,751.665283203125,25.125,0.0,-5.6195068359375,0.0,0
829,0,1183.8741455078125,752.124267578125,25.125,0.0,11.2774658203125,0.0,0
830,0,1183.8743896484375,757.194091796875,25.125,0.0,28.1744384765625,0.0,0
831,0,1183.8741455078125,772.281494140625,25.125,0.0,11.2774658203125,0.0,0
832,0,1183.8740234375,783.9299926757812,25.125,0.0,-5.6195068359375,0.0,0
833,0,1183.8741455078125,782.539794921875,25.125,0.0,-22.5164794921875,0.0,0
834,0,1183.8740234375,774.757080078125,25.125,0.0,-5.6195068359375,0.0,0
835,0,1183.8743896484375,772.6546020507812,25.125,0.0,11.2774658203125,0.0,0
836,0,1183.8741455078125,777.798095703125,25.125,0.0,28.1744384765625,0.0,0
837,0,1183.8743896484375,794.6656494140625,25.125,0.0,28.1744384765625,0.0,0
838,0,1184.5274658203125,823.22314453125,25.125,0.0,45.06591796875,0.0,0
839,0,1205.068115234375,858.4988403320312,25.125,0.0,28.1744384765625,0.0,0
840,0,1239.3472900390625,886.4606323242188,25.125,0.0,11.2774658203125,0.0,0
841,0,1279.38330078125,902.1485595703125,25.125,0.0,-5.6195068359375,0.0,0
842,0,1322.1842041015625,905.3687744140625,25.125,0.0,-22.5164794921875,0.0,0
843,0,1363.9473876953125,900.3178100585938,25.125,0.0,-5.6195068359375,0.0,0
844,0,1383.8743896484375,893.2584838867188,25.125,0.0,-22.5164794921875,0.0,0
845,0,1383.8740234375,880.5737915039062,25.125,0.0,-5.6195068359375,0.0,0
846,0,1383.8743896484375,871.4238891601562,25.125,0.0,-5.6195068359375,0.0,0
847,0,1383.8748779296875,890.3860473632812,25.125,0.0,-5.6195068359375,0.0,0
848,0,1383.8741455078125,907.2203369140625,25.125,0.0,-22.5164794921875,0.0,0
849,0,1383.874267578125,898.6856689453125,25.125,0.0,-39.4134521484375,0.0,0
850,0,1383.874267578125,872.4747924804688,25.125,0.0,-39.4134521484375,0.0,0
851,0,1383.8743896484375,839.4944458007812,25.125,0.0,-22.5164794921875,0.0,0
852,0,1383.874267578125,806.0582275390625,25.125,0.0,-39.4134521484375,0.0,0
853,0,1387.4552001953125,768.481201171875,25.125,0.0,-39.4134521484375,0.0,0
854,0,1410.25927734375,731.08203125,25.125,0.0,-39.4134521484375,0.0,0
855,0,1439.113037109375,701.861572265625,25.125,0.0,-22.5164794921875,0.0,0
856,0,1472.9031982421875,677.0651245117188,25.125,0.0,-39.4134521484375,0.0,0
857,0,1483.874267578125,649.8197631835938,25.125,0.0,-39.4134521484375,0.0,0
858,0,1483.8741455078125,615.9805908203125,25.125,0.0,-22.5164794921875,0.0,0
859,0,1483.8740234375,588.8916625976562,25.125,0.0,-5.6195068359375,0.0,0
860,0,1498.0380859375,569.1311645507812,25.125,0.0,-22.5164794921875,0.0,0
861,0,750.0,1250.0,25.125,0.0,16.490478515625,0.0,0
862,0,567.9083251953125,549.466552734375,25.125,0.0,6.1248779296875,0.0,1
863,0,609.0629272460938,549.6256103515625,25.125,0.0,-10.7666015625,0.0,1
864,0,648.8173217773438,547.8526000976562,25.125,0.0,6.1248779296875,0.0,1
865,0,691.0785522460938,551.065185546875,25.125,0.0,23.0218505859375,0.0,1
866,0,731.3698120117188,563.3175048828125,25.125,0.0,39.9188232421875,0.0,1
867,0,767.4024047851562,585.7860107421875,25.125,0.0,56.8157958984375,0.0,1
868,0,783.874267578125,614.566650390625,25.125,0.0,39.9188232421875,0.0,1
869,0,783.8746337890625,652.899658203125,25.125,0.0,56.8157958984375,0.0,1
870,0,783.874267578125,700.0900268554688,25.125,0.0,39.9188232421875,0.0,1
871,0,791.5518188476562,744.9425659179688,25.125,0.0,39.9188232421875,0.0,1
872,0,814.4772338867188,782.3700561523438,25.125,0.0,39.9188232421875,0.0,1
873,0,841.74560546875,813.1109008789062,25.125,0.0,39.9188232421875,0.0,1
874,0,870.6051025390625,843.2791748046875,25.125,0.0,56.8157958984375,0.0,1
875,0,897.4871215820312,873.9180297851562,25.125,0.0,39.9188232421875,0.0,1
876,0,925.0771484375,903.9185791015625,25.125,0.0,56.8157958984375,0.0,1
877,0,950.2823486328125,935.9939575195312,25.125,0.0,56.8157958984375,0.0,1
878,0,975.4508666992188,968.14453125,25.125,0.0,39.9188232421875,0.0,1
879,0,983.87451171875,1002.9281005859375,25.125,0.0,56.8157958984375,0.0,1
880,0,988.2650146484375,1046.3861083984375,25.125,0.0,56.8157958984375,0.0,1
881,0,1005.6593627929688,1083.8721923828125,25.125,0.0,39.9188232421875,0.0,1
882,0,1039.8563232421875,1083.8746337890625,25.125,0.0,23.0218505859375,0.0,1
883,0,1087.045654296875,1083.8743896484375,25.125,0.0,39.9188232421875,0.0,1
884,0,1134.398193359375,1087.6064453125,25.125,0.0,56.8157958984375,0.0,1
885,0,1173.0111083984375,1110.82275390625,25.125,0.0,56.8157958984375,0.0,1
886,0,1201.767822265625,1142.407958984375,25.125,0.0,73.7127685546875,0.0,1
887,0,1239.9921875,1158.9033203125,25.125,0.0,73.7127685546875,0.0,1
888,0,1272.925048828125,1186.9658203125,25.125,0.0,90.604248046875,0.0,1
889,0,1285.696044921875,1230.267822265625,25.125,0.0,107.501220703125,0.0,1
890,0,1282.137451171875,1274.9093017578125,25.125,0.0,124.398193359375,0.0,1
891,0,1267.3248291015625,1283.8741455078125,25.125,0.0,107.501220703125,0.0,1
892,0,1245.296630859375,1283.874267578125,25.125,0.0,124.398193359375,0.0,1
893,0,1215.363525390625,1283.874267578125,25.125,0.0,124.398193359375,0.0,1
894,0,1183.473388671875,1283.8743896484375,25.125,0.0,107.501220703125,0.0,1
895,0,1156.5396728515625,1307.02783203125,25.125,0.0,107.501220703125,0.0,1
896,0,1162.4705810546875,1336.333251953125,25.125,0.0,107.501220703125,0.0,1
897,0,1183.8741455078125,1360.5479736328125,25.125,0.0,107.501220703125,0.0,1
898,0,1183.8741455078125,1381.65869140625,25.125,0.0,107.501220703125,0.0,1
899,0,1174.14892578125,1416.853759765625,25.125,0.0,124.398193359375,0.0,1
900,0,1153.882568359375,1453.65576171875,25.125,0.0,141.295166015625,0.0,1
901,0,1123.262939453125,1458.150146484375,25.125,0.0,141.295166015625,0.0,1
902,0,1081.956787109375,1460.935791015625,25.125,0.0,158.192138671875,0.0,1
903,0,1042.1790771484375,1469.8408203125,25.125,0.0,175.089111328125,0.0,1
904,0,1017.6419677734375,1499.6490478515625,25.125,0.0,175.089111328125,0.0,1
905,0,988.7633056640625,1530.3919677734375,25.125,0.0,158.192138671875,0.0,1
906,0,954.4838256835938,1554.438720703125,25.125,0.0,141.295166015625,0.0,1
907,0,920.4893188476562,1577.047607421875,25.125,0.0,158.192138671875,0.0,1
908,0,881.8720703125,1594.972412109375,25.125,0.0,175.089111328125,0.0,1
909,0,840.5097045898438,1603.396484375,25.125,0.0,-168.0194091796875,0.0,1
910,0,799.0484619140625,1603.0015869140625,25.125,0.0,-168.0194091796875,0.0,1
911,0,757.438232421875,1599.926513671875,25.125,0.0,175.089111328125,0.0,1
912,0,732.7967529296875,1622.160400390625,25.125,0.0,175.089111328125,0.0,1
913,0,698.4697265625,1645.1082763671875,25.125,0.0,-168.0194091796875,0.0,1
914,0,655.0662231445312,1647.7176513671875,25.125,0.0,-151.1224365234375,0.0,1
915,0,613.0177612304688,1637.819580078125,25.125,0.0,-151.1224365234375,0.0,1
916,0,575.8942260742188,1649.9359130859375,25.125,0.0,-151.1224365234375,0.0,1
917,0,532.6318969726562,1653.177490234375,25.125,0.0,-134.2254638671875,0.0,1
918,0,516.1256713867188,1632.6025390625,25.125,0.0,-134.2254638671875,0.0,1
919,0,516.1254272460938,1597.4317626953125,25.125,0.0,-134.2254638671875,0.0,1
920,0,511.3642883300781,1554.1468505859375,25.125,0.0,-117.3284912109375,0.0,1
921,0,496.3236389160156,1514.770263671875,25.125,0.0,-134.2254638671875,0.0,1
922,0,475.12158203125,1478.6070556640625,25.125,0.0,-117.3284912109375,0.0,1
923,0,455.1128234863281,1443.2010498046875,25.125,0.0,-117.3284912109375,0.0,1
924,0,437.4692687988281,1406.1531982421875,25.125,0.0,-100.4315185546875,0.0,1
925,0,424.8260498046875,1367.15771484375,25.125,0.0,-100.4315185546875,0.0,1
926,0,394.495361328125,1345.783203125,25.125,0.0,-100.4315185546875,0.0,1
927,0,362.710693359375,1315.6439208984375,25.125,0.0,-100.4315185546875,0.0,1
928,0,342.9837341308594,1279.297119140625,25.125,0.0,-117.3284912109375,0.0,1
929,0,325.6794128417969,1241.12451171875,25.125,0.0,-100.4315185546875,0.0,1
930,0,311.682861328125,1202.8409423828125,25.125,0.0,-117.3284912109375,0.0,1
931,0,296.82135009765625,1163.8233642578125,25.125,0.0,-100.4315185546875,0.0,1
932,0,283.8677978515625,1125.176025390625,25.125,0.0,-117.3284912109375,0.0,1
933,0,269.9128723144531,1086.868896484375,25.125,0.0,-100.4315185546875,0.0,1
934,0,260.75067138671875,1046.4002685546875,25.125,0.0,-83.5345458984375,0.0,1
935,0,258.6597900390625,1005.2633666992188,25.125,0.0,-83.5345458984375,0.0,1
936,0,258.35198974609375,963.52978515625,25.125,0.0,-100.4315185546875,0.0,1
937,0,256.5299377441406,922.8137817382812,25.125,0.0,-83.5345458984375,0.0,1
938,0,257.7779235839844,881.0889892578125,25.125,0.0,-83.5345458984375,0.0,1
939,0,262.8404846191406,840.26123046875,25.125,0.0,-66.64306640625,0.0,1
940,0,277.2544250488281,816.125732421875,25.125,0.0,-49.74609375,0.0,1
941,0,303.7078552246094,816.1258544921875,25.125,0.0,-66.64306640625,0.0,1
942,0,328.3116455078125,809.219482421875,25.125,0.0,-83.5345458984375,0.0,1
943,0,341.62066650390625,772.58349609375,25.125,0.0,-100.4315185546875,0.0,1
944,0,343.8431701660156,730.851318359375,25.125,0.0,-100.4315185546875,0.0,1
945,0,343.40521240234375,716.1259155273438,25.125,0.0,-83.5345458984375,0.0,1
946,0,344.1376953125,716.1256103515625,25.125,0.0,-83.5345458984375,0.0,1
947,0,347.1192626953125,716.1258544921875,25.125,0.0,-66.64306640625,0.0,1
948,0,362.1968994140625,716.125732421875,25.125,0.0,-49.74609375,0.0,1
949,0,393.0473327636719,716.125732421875,25.125,0.0,-49.74609375,0.0,1
950,0,397.5687561035156,716.1256103515625,25.125,0.0,-49.74609375,0.0,1
951,0,407.1247863769531,716.1253662109375,25.125,0.0,-32.84912109375,0.0,1
952,0,409.6529541015625,716.1257934570312,25.125,0.0,-32.84912109375,0.0,1
953,0,425.4844665527344,716.1251831054688,25.125,0.0,-15.9521484375,0.0,1
954,0,465.77716064453125,716.1341552734375,25.125,0.0,0.94482421875,0.0,1
955,0,506.4197082519531,716.3133544921875,25.125,0.0,0.94482421875,0.0,1
956,0,548.3141479492188,718.6611328125,25.125,0.0,17.8363037109375,0.0,1
957,0,588.9521484375,728.4191284179688,25.125,0.0,34.7332763671875,0.0,1
958,0,627.2820434570312,748.5335083007812,25.125,0.0,51.6302490234375,0.0,1
959,0,658.3616333007812,777.6821899414062,25.125,0.0,68.5272216796875,0.0,1
960,0,680.095947265625,814.4581298828125,25.125,0.0,85.4241943359375,0.0,1
961,0,693.8643188476562,853.1292114257812,25.125,0.0,68.5272216796875,0.0,1
962,0,709.60498046875,891.0820922851562,25.125,0.0,51.6302490234375,0.0,1
963,0,729.1024169921875,928.0043334960938,25.125,0.0,68.5272216796875,0.0,1
964,0,746.4033813476562,964.8699340820312,25.125,0.0,68.5272216796875,0.0,1
965,0,764.5914916992188,1002.5355224609375,25.125,0.0,51.6302490234375,0.0,1
966,0,788.4359741210938,1036.693115234375,25.125,0.0,34.7332763671875,0.0,1
967,0,816.8035278320312,1067.4361572265625,25.125,0.0,51.6302490234375,0.0,1
968,0,842.3336181640625,1099.77099609375,25.125,0.0,68.5272216796875,0.0,1
969,0,861.3392333984375,1137.186767578125,25.125,0.0,85.4241943359375,0.0,1
970,0,870.5092163085938,1179.6064453125,25.125,0.0,102.3211669921875,0.0,1
971,0,871.9956665039062,1219.5859375,25.125,0.0,85.4241943359375,0.0,1
972,0,876.0751953125,1261.4559326171875,25.125,0.0,68.5272216796875,0.0,1
973,0,883.8217163085938,1283.8740234375,25.125,0.0,85.4241943359375,0.0,1
974,0,912.1573486328125,1281.95751953125,25.125,0.0,85.4241943359375,0.0,1
975,0,940.44384765625,1303.3829345703125,25.125,0.0,85.4241943359375,0.0,1
976,0,957.2332153320312,1341.3428955078125,25.125,0.0,68.5272216796875,0.0,1
977,0,974.5741577148438,1379.494140625,25.125,0.0,51.6302490234375,0.0,1
978,0,997.94482421875,1414.131103515625,25.125,0.0,34.7332763671875,0.0,1
979,0,1030.1396484375,1443.13427734375,25.125,0.0,17.8363037109375,0.0,1
980,0,1063.994140625,1464.4564208984375,25.125,0.0,34.7332763671875,0.0,1
981,0,1098.2138671875,1488.952392578125,25.125,0.0,51.6302490234375,0.0,1
982,0,1126.912841796875,1519.461669921875,25.125,0.0,68.5272216796875,0.0,1
983,0,1147.8092041015625,1557.4442138671875,25.125,0.0,85.4241943359375,0.0,1
984,0,1159.5181884765625,1597.2769775390625,25.125,0.0,85.4241943359375,0.0,1
985,0,1168.369873046875,1637.0628662109375,25.125,0.0,68.5272216796875,0.0,1
986,0,1182.5443115234375,1677.02685546875,25.125,0.0,51.6302490234375,0.0,1
987,0,1204.8931884765625,1712.7423095703125,25.125,0.0,34.7332763671875,0.0,1
988,0,1236.7713623046875,1742.3770751953125,25.125,0.0,17.8363037109375,0.0,1
989,0,1270.567138671875,1763.8397216796875,25.125,0.0,34.7332763671875,0.0,1
990,0,1304.813232421875,1788.3043212890625,25.125,0.0,51.6302490234375,0.0,1
991,0,1335.5911865234375,1815.0638427734375,25.125,0.0,34.7332763671875,0.0,1
992,0,1368.2945556640625,1840.9066162109375,25.125,0.0,34.7332763671875,0.0,1
993,0,1383.874267578125,1866.780029296875,25.125,0.0,34.7332763671875,0.0,1
994,0,1383.8743896484375,1896.5849609375,25.125,0.0,17.8363037109375,0.0,1
995,0,1386.11572265625,1925.766357421875,25.125,0.0,34.7332763671875,0.0,1
996,0,1412.7642822265625,1956.0301513671875,25.125,0.0,17.8363037109375,0.0,1
997,0,1451.5428466796875,1977.1324462890625,25.125,0.0,0.94482421875,0.0,1
998,0,1491.923828125,1983.874755859375,25.125,0.0,17.8363037109375,0.0,1
999,0,1536.56396484375,1983.87451171875,25.125,0.0,34.7332763671875,0.0,1
1000,0,1583.820068359375,1983.87451171875,25.125,0.0,34.7332763671875,0.0,1
1001,0,1631.8785400390625,1983.87451171875,25.125,0.0,51.6302490234375,0.0,1
1002,0,1675.732177734375,1983.8741455078125,25.125,0.0,68.5272216796875,0.0,1
1003,0,1712.20703125,1983.87451171875,25.125,0.0,51.6302490234375,0.0,1
1004,0,1749.322509765625,1983.8741455078125,25.125,0.0,68.5272216796875,0.0,1
1005,0,1777.1322021484375,1983.8743896484375,25.125,0.0,85.4241943359375,0.0,1
1006,0,1790.486083984375,1983.8741455078125,25.125,0.0,102.3211669921875,0.0,1
1007,0,1786.4613037109375,1983.8741455078125,25.125,0.0,119.212646484375,0.0,1
1008,0,1766.52294921875,1983.8743896484375,25.125,0.0,136.109619140625,0.0,1
1009,0,1733.578125,1983.8741455078125,25.125,0.0,119.212646484375,0.0,1
1010,0,1699.748291015625,1983.87451171875,25.125,0.0,119.212646484375,0.0,1
1011,0,1668.3604736328125,1983.8741455078125,25.125,0.0,102.3211669921875,0.0,1
1012,0,1645.7069091796875,1983.8743896484375,25.125,0.0,102.3211669921875,0.0,1
1013,0,1624.2274169921875,1983.8741455078125,25.125,0.0,119.212646484375,0.0,1
1014,0,1600.1549072265625,1983.8743896484375,25.125,0.0,102.3211669921875,0.0,1
1015,0,1583.1910400390625,1983.8740234375,25.125,0.0,85.4241943359375,0.0,1
1016,0,1579.724853515625,1983.8740234375,25.125,0.0,85.4241943359375,0.0,1
1017,0,1580.2440185546875,1983.8743896484375,25.125,0.0,85.4241943359375,0.0,1
1018,0,1582.4820556640625,1983.8741455078125,25.125,0.0,68.5272216796875,0.0,1
1019,0,1595.514404296875,1983.87451171875,25.125,0.0,51.6302490234375,0.0,1
1020,0,1621.68798828125,1983.8741455078125,25.125,0.0,68.5272216796875,0.0,1
1021,0,1647.664794921875,1983.8743896484375,25.125,0.0,68.5272216796875,0.0,1
1022,0,1673.6192626953125,1983.8741455078125,25.125,0.0,68.5272216796875,0.0,1
1023,0,1698.961181640625,1983.8741455078125,25.125,0.0,68.5272216796875,0.0,1
1024,0,1727.562744140625,1983.874267578125,25.125,0.0,51.6302490234375,0.0,1
1025,0,1762.619384765625,1983.874267578125,25.125,0.0,51.6302490234375,0.0,1
1026,0,1802.51953125,1971.5377197265625,25.125,0.0,51.6302490234375,0.0,1
1027,0,1839.5120849609375,1980.3966064453125,25.125,0.0,68.5272216796875,0.0,1
1028,0,1867.6986083984375,1983.8743896484375,25.125,0.0,85.4241943359375,0.0,1
1029,0,1884.6654052734375,1983.8740234375,25.125,0.0,85.4241943359375,0.0,1
1030,0,1890.822265625,1983.8743896484375,25.125,0.0,102.3211669921875,0.0,1
1031,0,1888.774658203125,1983.8741455078125,25.125,0.0,102.3211669921875,0.0,1
1032,0,1885.744384765625,1983.8741455078125,25.125,0.0,102.3211669921875,0.0,1
1033,0,1877.9288330078125,1983.8741455078125,25.125,0.0,119.212646484375,0.0,1
1034,0,1860.7479248046875,1983.8741455078125,25.125,0.0,102.3211669921875,0.0,1
1035,0,1841.384521484375,1983.87451171875,25.125,0.0,119.212646484375,0.0,1
1036,0,1818.0179443359375,1983.8741455078125,25.125,0.0,102.3211669921875,0.0,1
1037,0,1801.624267578125,1983.8743896484375,25.125,0.0,85.4241943359375,0.0,1
1038,0,1818.8543701171875,1982.141845703125,25.125,0.0,85.4241943359375,0.0,1
1039,0,1845.210693359375,1983.8743896484375,25.125,0.0,68.5272216796875,0.0,1
1040,0,1882.3074951171875,1975.6519775390625,25.125,0.0,68.5272216796875,0.0,1
1041,0,1916.5159912109375,1983.8741455078125,25.125,0.0,68.5272216796875,0.0,1
1042,0,1943.176025390625,1983.8740234375,25.125,0.0,85.4241943359375,0.0,1
1043,0,1955.5113525390625,1983.8741455078125,25.125,0.0,102.3211669921875,0.0,1
1044,0,1980.689697265625,1983.8748779296875,25.125,0.0,102.3211669921875,0.0,1
1045,0,1983.704833984375,1983.8740234375,25.125,0.0,85.4241943359375,0.0,1
1046,0,1983.875,1983.8743896484375,25.125,0.0,85.4241943359375,0.0,1
1047,0,1983.247314453125,1983.8741455078125,25.125,0.0,102.3211669921875,0.0,1
1048,0,1981.10595703125,1983.8741455078125,25.125,0.0,102.3211669921875,0.0,1
1049,0,1980.31982421875,1983.8740234375,25.125,0.0,85.4241943359375,0.0,1
1050,0,1983.8740234375,1983.1605224609375,25.125,0.0,85.4241943359375,0.0,1
1051,0,1983.2684326171875,1983.8743896484375,25.125,0.0,102.3211669921875,0.0,1
1052,0,1959.675537109375,1978.7623291015625,25.125,0.0,102.3211669921875,0.0,1
1053,0,1958.6966552734375,1978.5380859375,25.125,0.0,102.3211669921875,0.0,1
1054,0,1965.74462890625,1983.8741455078125,25.125,0.0,102.3211669921875,0.0,1
1055,0,1983.8721923828125,1983.875,25.125,0.0,102.3211669921875,0.0,1
1056,0,1978.1588134765625,1983.8741455078125,25.125,0.0,119.212646484375,0.0,1
1057,0,1983.8741455078125,1983.875,25.125,0.0,119.212646484375,0.0,1
1058,0,1970.646240234375,1983.8743896484375,25.125,0.0,136.109619140625,0.0,1
1059,0,1938.8260498046875,1983.8743896484375,25.125,0.0,136.109619140625,0.0,1
1060,0,1896.330322265625,1983.874755859375,25.125,0.0,153.006591796875,0.0,1
1061,0,1850.7960205078125,1983.874755859375,25.125,0.0,153.006591796875,0.0,1
1062,0,1832.560791015625,1983.8743896484375,25.125,0.0,153.006591796875,0.0,1
1063,0,1809.4954833984375,1983.8748779296875,25.125,0.0,169.903564453125,0.0,1
1064,0,1768.1318359375,1983.874755859375,25.125,0.0,153.006591796875,0.0,1
1065,0,1728.231689453125,1963.405029296875,25.125,0.0,153.006591796875,0.0,1
1066,0,1685.9267578125,1955.117919921875,25.125,0.0,153.006591796875,0.0,1
1067,0,1642.579833984375,1966.1661376953125,25.125,0.0,136.109619140625,0.0,1
1068,0,1606.1943359375,1983.8741455078125,25.125,0.0,119.212646484375,0.0,1
1069,0,1575.3494873046875,1983.8743896484375,25.125,0.0,102.3211669921875,0.0,1
1070,0,1549.1165771484375,1983.8741455078125,25.125,0.0,119.212646484375,0.0,1
1071,0,1517.7469482421875,1983.87451171875,25.125,0.0,136.109619140625,0.0,1
1072,0,1476.46240234375,1983.8743896484375,25.125,0.0,136.109619140625,0.0,1
1073,0,1431.128662109375,1983.874755859375,25.125,0.0,153.006591796875,0.0,1
1074,0,1388.7523193359375,1983.8748779296875,25.125,0.0,169.903564453125,0.0,1
1075,0,1357.6943359375,1960.8018798828125,25.125,0.0,169.903564453125,0.0,1
1076,0,1320.72900390625,1938.02734375,25.125,0.0,-173.199462890625,0.0,1
1077,0,1281.3240966796875,1923.9119873046875,25.125,0.0,-156.3079833984375,0.0,1
1078,0,1242.6357421875,1910.8861083984375,25.125,0.0,-173.199462890625,0.0,1
1079,0,1200.6949462890625,1903.46533203125,25.125,0.0,169.903564453125,0.0,1
1080,0,1158.5628662109375,1905.9796142578125,25.125,0.0,153.006591796875,0.0,1
1081,0,1117.716552734375,1917.444091796875,25.125,0.0,153.006591796875,0.0,1
1082,0,1079.21533203125,1930.814208984375,25.125,0.0,169.903564453125,0.0,1
1083,0,1038.6922607421875,1939.54931640625,25.125,0.0,-173.199462890625,0.0,1
1084,0,998.02294921875,1943.21044921875,25.125,0.0,169.903564453125,0.0,1
1085,0,967.3453369140625,1922.634765625,25.125,0.0,169.903564453125,0.0,1
1086,0,927.78564453125,1906.7911376953125,25.125,0.0,153.006591796875,0.0,1
1087,0,885.7421875,1909.6865234375,25.125,0.0,169.903564453125,0.0,1
1088,0,844.5208129882812,1915.488037109375,25.125,0.0,169.903564453125,0.0,1
1089,0,804.3983764648438,1921.984375,25.125,0.0,169.903564453125,0.0,1
1090,0,762.8075561523438,1927.02783203125,25.125,0.0,-173.199462890625,0.0,1
1091,0,722.0897827148438,1928.973876953125,25.125,0.0,169.903564453125,0.0,1
1092,0,681.570068359375,1933.239501953125,25.125,0.0,169.903564453125,0.0,1
1093,0,640.9071044921875,1937.1348876953125,25.125,0.0,-173.199462890625,0.0,1
1094,0,611.2940673828125,1961.7806396484375,25.125,0.0,-173.199462890625,0.0,1
1095,0,574.3765869140625,1983.8748779296875,25.125,0.0,169.903564453125,0.0,1
1096,0,531.6903686523438,1983.874755859375,25.125,0.0,153.006591796875,0.0,1
1097,0,488.30810546875,1983.8748779296875,25.125,0.0,169.903564453125,0.0,1
1098,0,447.1544494628906,1983.8748779296875,25.125,0.0,169.903564453125,0.0,1
1099,0,403.4482421875,1983.8746337890625,25.125,0.0,153.006591796875,0.0,1
1100,0,356.3030700683594,1983.8743896484375,25.125,0.0,136.109619140625,0.0,1
1101,0,309.1419677734375,1983.8748779296875,25.125,0.0,153.006591796875,0.0,1
1102,0,261.9703063964844,1983.8743896484375,25.125,0.0,136.109619140625,0.0,1
1103,0,214.80918884277344,1983.8748779296875,25.125,0.0,153.006591796875,0.0,1
1104,0,166.57461547851562,1983.8743896484375,25.125,0.0,136.109619140625,0.0,1
1105,0,120.32211303710938,1983.87451171875,25.125,0.0,119.212646484375,0.0,1
1106,0,116.12519836425781,1983.875,25.125,0.0,102.3211669921875,0.0,1
1107,0,116.12545013427734,1983.875,25.125,0.0,119.212646484375,0.0,1
1108,0,116.12566375732422,1983.875,25.125,0.0,136.109619140625,0.0,1
1109,0,116.12545013427734,1983.875,25.125,0.0,119.212646484375,0.0,1
1110,0,116.12513732910156,1983.875,25.125,0.0,102.3211669921875,0.0,1
1111,0,116.12545013427734,1983.875,25.125,0.0,119.212646484375,0.0,1
1112,0,116.12530517578125,1983.875,25.125,0.0,119.212646484375,0.0,1
1113,0,116.12519836425781,1983.875,25.125,0.0,102.3211669921875,0.0,1
1114,0,116.12513732910156,1983.875,25.125,0.0,102.3211669921875,0.0,1
1115,0,116.12519836425781,1983.875,25.125,0.0,102.3211669921875,0.0,1
1116,0,116.12545013427734,1983.875,25.125,0.0,119.212646484375,0.0,1
1117,0,116.12519836425781,1983.875,25.125,0.0,102.3211669921875,0.0,1
1118,0,116.23147583007812,1983.8740234375,25.125,0.0,85.4241943359375,0.0,1
1119,0,116.75045776367188,1983.8743896484375,25.125,0.0,85.4241943359375,0.0,1
1120,0,119.03974151611328,1983.8741455078125,25.125,0.0,68.5272216796875,0.0,1
1121,0,125.43562316894531,1983.8743896484375,25.125,0.0,85.4241943359375,0.0,1
1122,0,116.12592315673828,1983.875,25.125,0.0,85.4241943359375,0.0,1
1123,0,116.12519836425781,1983.875,25.125,0.0,102.3211669921875,0.0,1
1124,0,116.24244689941406,1983.8740234375,25.125,0.0,85.4241943359375,0.0,1
1125,0,118.48030090332031,1983.8741455078125,25.125,0.0,68.5272216796875,0.0,1
1126,0,131.51258850097656,1983.87451171875,25.125,0.0,51.6302490234375,0.0,1
1127,0,157.6939697265625,1983.8741455078125,25.125,0.0,68.5272216796875,0.0,1
1128,0,180.7991180419922,1983.8743896484375,25.125,0.0,85.4241943359375,0.0,1
1129,0,191.8543701171875,1983.8741455078125,25.125,0.0,102.3211669921875,0.0,1
1130,0,191.75489807128906,1983.8743896484375,25.125,0.0,85.4241943359375,0.0,1
1131,0,194.04415893554688,1983.8741455078125,25.125,0.0,68.5272216796875,0.0,1
1132,0,207.2447509765625,1983.874267578125,25.125,0.0,51.6302490234375,0.0,1
1133,0,236.2434539794922,1983.874267578125,25.125,0.0,51.6302490234375,0.0,1
1134,0,272.1295166015625,1983.874267578125,25.125,0.0,51.6302490234375,0.0,1
1135,0,308.9404602050781,1983.8743896484375,25.125,0.0,68.5272216796875,0.0,1
1136,0,343.5659484863281,1983.874267578125,25.125,0.0,51.6302490234375,0.0,1
1137,0,378.6499328613281,1983.8743896484375,25.125,0.0,68.5272216796875,0.0,1
1138,0,406.43304443359375,1983.8740234375,25.125,0.0,85.4241943359375,0.0,1
1139,0,419.14727783203125,1983.8743896484375,25.125,0.0,102.3211669921875,0.0,1
1140,0,419.589599609375,1983.8740234375,25.125,0.0,85.4241943359375,0.0,1
1141,0,419.0163879394531,1983.8741455078125,25.125,0.0,102.3211669921875,0.0,1
1142,0,442.2178649902344,1983.874755859375,25.125,0.0,102.3211669921875,0.0,1
1143,0,458.0987854003906,1983.8741455078125,25.125,0.0,119.212646484375,0.0,1
1144,0,448.1738586425781,1983.87451171875,25.125,0.0,119.212646484375,0.0,1
1145,0,422.7461853027344,1983.8743896484375,25.125,0.0,136.109619140625,0.0,1
1146,0,385.2763366699219,1983.87451171875,25.125,0.0,136.109619140625,0.0,1
1147,0,339.6467590332031,1983.874755859375,25.125,0.0,153.006591796875,0.0,1
1148,0,292.48675537109375,1983.8743896484375,25.125,0.0,136.109619140625,0.0,1
1149,0,244.058837890625,1983.8743896484375,25.125,0.0,136.109619140625,0.0,1
1150,0,195.63088989257812,1983.8743896484375,25.125,0.0,136.109619140625,0.0,1
1151,0,148.4697723388672,1983.8748779296875,25.125,0.0,153.006591796875,0.0,1
1152,0,116.12566375732422,1983.875,25.125,0.0,136.109619140625,0.0,1
1153,0,116.12530517578125,1983.875,25.125,0.0,119.212646484375,0.0,1
1154,0,116.12545013427734,1983.875,25.125,0.0,119.212646484375,0.0,1
1155,0,135.8544464111328,1983.8746337890625,25.125,0.0,119.212646484375,0.0,1
1156,0,147.5354766845703,1983.8741455078125,25.125,0.0,102.3211669921875,0.0,1
1157,0,147.23341369628906,1983.8740234375,25.125,0.0,85.4241943359375,0.0,1
1158,0,149.42759704589844,1983.8741455078125,25.125,0.0,68.5272216796875,0.0,1
1159,0,162.50584411621094,1983.874267578125,25.125,0.0,51.6302490234375,0.0,1
1160,0,192.80743408203125,1983.8746337890625,25.125,0.0,34.7332763671875,0.0,1
1161,0,237.60321044921875,1983.87451171875,25.125,0.0,34.7332763671875,0.0,1
1162,0,281.8830871582031,1983.8748779296875,25.125,0.0,17.8363037109375,0.0,1
1163,0,327.5282897949219,1983.87451171875,25.125,0.0,34.7332763671875,0.0,1
1164,0,371.7861022949219,1983.8748779296875,25.125,0.0,17.8363037109375,0.0,1
1165,0,417.4313049316406,1983.87451171875,25.125,0.0,34.7332763671875,0.0,1
1166,0,465.33935546875,1983.874267578125,25.125,0.0,51.6302490234375,0.0,1
1167,0,508.1114807128906,1983.8743896484375,25.125,0.0,68.5272216796875,0.0,1
1168,0,544.5236206054688,1983.874267578125,25.125,0.0,51.6302490234375,0.0,1
1169,0,583.2072143554688,1983.87451171875,25.125,0.0,51.6302490234375,0.0,1
1170,0,590.1670532226562,1983.8743896484375,25.125,0.0,51.6302490234375,0.0,1
1171,0,601.0447387695312,1969.89306640625,25.125,0.0,51.6302490234375,0.0,1
1172,0,629.6371459960938,1975.843505859375,25.125,0.0,68.5272216796875,0.0,1
1173,0,669.2042846679688,1982.9044189453125,25.125,0.0,68.5272216796875,0.0,1
1174,0,709.4964599609375,1983.874267578125,25.125,0.0,51.6302490234375,0.0,1
1175,0,747.0908813476562,1983.8741455078125,25.125,0.0,68.5272216796875,0.0,1
1176,0,775.5960083007812,1983.8743896484375,25.125,0.0,85.4241943359375,0.0,1
1177,0,795.2464599609375,1983.8741455078125,25.125,0.0,68.5272216796875,0.0,1
1178,0,819.4699096679688,1983.87451171875,25.125,0.0,51.6302490234375,0.0,1
1179,0,855.900390625,1983.87451171875,25.125,0.0,34.7332763671875,0.0,1
1180,0,895.0199584960938,1966.1627197265625,25.125,0.0,34.7332763671875,0.0,1
1181,0,926.935546875,1937.6697998046875,25.125,0.0,34.7332763671875,0.0,1
1182,0,953.632080078125,1906.726806640625,25.125,0.0,34.7332763671875,0.0,1
1183,0,990.6328125,1899.5838623046875,25.125,0.0,34.7332763671875,0.0,1
1184,0,1031.0509033203125,1916.08251953125,25.125,0.0,51.6302490234375,0.0,1
1185,0,1063.7371826171875,1944.26318359375,25.125,0.0,68.5272216796875,0.0,1
1186,0,1087.697509765625,1978.5093994140625,25.125,0.0,68.5272216796875,0.0,1
1187,0,1108.7767333984375,1983.8743896484375,25.125,0.0,68.5272216796875,0.0,1
1188,0,1135.249755859375,1983.874267578125,25.125,0.0,51.6302490234375,0.0,1
1189,0,1166.8248291015625,1983.8743896484375,25.125,0.0,68.5272216796875,0.0,1
1190,0,1199.0631103515625,1983.874267578125,25.125,0.0,51.6302490234375,0.0,1
1191,0,1237.906005859375,1983.87451171875,25.125,0.0,34.7332763671875,0.0,1
1192,0,1285.5625,1983.87451171875,25.125,0.0,34.7332763671875,0.0,1
1193,0,1329.821044921875,1983.8748779296875,25.125,0.0,17.8363037109375,0.0,1
1194,0,1370.943359375,1983.875,25.125,0.0,0.94482421875,0.0,1
1195,0,1412.7886962890625,1982.1220703125,25.125,0.0,-15.9521484375,0.0,1
1196,0,1452.2581787109375,1975.8253173828125,25.125,0.0,-15.9521484375,0.0,1
1197,0,1492.9425048828125,1964.5435791015625,25.125,0.0,-32.84912109375,0.0,1
1198,0,1530.315673828125,1947.5037841796875,25.125,0.0,-32.84912109375,0.0,1
1199,0,1566.6932373046875,1927.15234375,25.125,0.0,-32.84912109375,0.0,1
1200,0,1601.441162109375,1906.046875,25.125,0.0,-32.84912109375,0.0,1
1201,0,1637.034912109375,1885.875,25.125,0.0,-15.9521484375,0.0,1
1202,0,1677.18359375,1871.41259765625,25.125,0.0,0.94482421875,0.0,1
1203,0,1719.210693359375,1866.94384765625,25.125,0.0,17.8363037109375,0.0,1
1204,0,1761.05029296875,1869.7337646484375,25.125,0.0,0.94482421875,0.0,1
1205,0,1783.8743896484375,1873.464599609375,25.125,0.0,17.8363037109375,0.0,1
1206,0,1783.874267578125,1885.9517822265625,25.125,0.0,34.7332763671875,0.0,1
1207,0,1783.8743896484375,1914.0567626953125,25.125,0.0,51.6302490234375,0.0,1
1208,0,1794.3768310546875,1954.49755859375,25.125,0.0,51.6302490234375,0.0,1
1209,0,1812.1268310546875,1983.8741455078125,25.125,0.0,68.5272216796875,0.0,1
1210,0,1845.299560546875,1975.55615234375,25.125,0.0,68.5272216796875,0.0,1
1211,0,1876.9888916015625,1983.8740234375,25.125,0.0,85.4241943359375,0.0,1
1212,0,1894.810791015625,1983.8743896484375,25.125,0.0,85.4241943359375,0.0,1
1213,0,1909.2672119140625,1983.8741455078125,25.125,0.0,68.5272216796875,0.0,1
1214,0,1925.2335205078125,1983.8743896484375,25.125,0.0,85.4241943359375,0.0,1
1215,0,1939.8809814453125,1983.8741455078125,25.125,0.0,68.5272216796875,0.0,1
1216,0,1959.126953125,1983.8741455078125,25.125,0.0,68.5272216796875,0.0,1
1217,0,1983.8740234375,1983.8743896484375,25.125,0.0,51.6302490234375,0.0,1
1218,0,1983.8743896484375,1983.875,25.125,0.0,51.6302490234375,0.0,1
1219,0,1983.874755859375,1983.875,25.125,0.0,68.5272216796875,0.0,1
1220,0,1983.8743896484375,1983.875,25.125,0.0,51.6302490234375,0.0,1
1221,0,1983.874755859375,1983.875,25.125,0.0,68.5272216796875,0.0,1
1222,0,1983.8748779296875,1983.875,25.125,0.0,85.4241943359375,0.0,1
1223,0,1983.2691650390625,1983.8741455078125,25.125,0.0,102.3211669921875,0.0,1
1224,0,1977.5821533203125,1983.8741455078125,25.125,0.0,119.212646484375,0.0,1
1225,0,1983.875,1983.87451171875,25.125,0.0,119.212646484375,0.0,1
1226,0,1971.245361328125,1983.87451171875,25.125,0.0,136.109619140625,0.0,1
1227,0,1941.193115234375,1983.8741455078125,25.125,0.0,119.212646484375,0.0,1
1228,0,1906.4693603515625,1983.87451171875,25.125,0.0,136.109619140625,0.0,1
1229,0,1862.357666015625,1983.874755859375,25.125,0.0,153.006591796875,0.0,1
1230,0,1819.9676513671875,1983.8748779296875,25.125,0.0,169.903564453125,0.0,1
1231,0,1776.2615966796875,1983.8746337890625,25.125,0.0,153.006591796875,0.0,1
1232,0,1733.8868408203125,1983.8748779296875,25.125,0.0,169.903564453125,0.0,1
1233,0,1693.1329345703125,1983.6649169921875,25.125,0.0,-173.199462890625,0.0,1
1234,0,1652.069091796875,1979.3153076171875,25.125,0.0,-156.3079833984375,0.0,1
1235,0,1612.2169189453125,1970.5135498046875,25.125,0.0,-173.199462890625,0.0,1
1236,0,1571.1846923828125,1963.28076171875,25.125,0.0,-173.199462890625,0.0,1
1237,0,1531.0303955078125,1955.6256103515625,25.125,0.0,-156.3079833984375,0.0,1
1238,0,1490.94970703125,1941.0150146484375,25.125,0.0,-139.4110107421875,0.0,1
1239,0,1455.7421875,1917.60986328125,25.125,0.0,-122.5140380859375,0.0,1
1240,0,1424.775390625,1916.1258544921875,25.125,0.0,-105.6170654296875,0.0,1
1241,0,1397.4609375,1916.125732421875,25.125,0.0,-122.5140380859375,0.0,1
1242,0,1368.625244140625,1909.4967041015625,25.125,0.0,-105.6170654296875,0.0,1
1243,0,1329.748779296875,1901.8455810546875,25.125,0.0,-105.6170654296875,0.0,1
1244,0,1293.6109619140625,1881.08837890625,25.125,0.0,-122.5140380859375,0.0,1
1245,0,1265.5836181640625,1847.931640625,25.125,0.0,-105.6170654296875,0.0,1
1246,0,1245.1497802734375,1812.405029296875,25.125,0.0,-122.5140380859375,0.0,1
1247,0,1222.102294921875,1777.1690673828125,25.125,0.0,-139.4110107421875,0.0,1
1248,0,1192.811279296875,1747.1724853515625,25.125,0.0,-156.3079833984375,0.0,1
1249,0,1155.699951171875,1724.7408447265625,25.125,0.0,-173.199462890625,0.0,1
1250,0,1116.350341796875,1711.506103515625,25.125,0.0,-173.199462890625,0.0,1
1251,0,1076.4476318359375,1702.9075927734375,25.125,0.0,-173.199462890625,0.0,1
1252,0,1036.29931640625,1696.3699951171875,25.125,0.0,-173.199462890625,0.0,1
1253,0,995.424072265625,1692.54931640625,25.125,0.0,169.903564453125,0.0,1
1254,0,953.6751708984375,1692.46630859375,25.125,0.0,-173.199462890625,0.0,1
1255,0,913.0107421875,1690.25634765625,25.125,0.0,-173.199462890625,0.0,1
1256,0,871.3771362304688,1684.3912353515625,25.125,0.0,-156.3079833984375,0.0,1
1257,0,831.7444458007812,1670.8446044921875,25.125,0.0,-139.4110107421875,0.0,1
1258,0,795.1734619140625,1649.5911865234375,25.125,0.0,-139.4110107421875,0.0,1
1259,0,761.1212158203125,1627.17138671875,25.125,0.0,-156.3079833984375,0.0,1
1260,0,723.8530883789062,1608.989990234375,25.125,0.0,-173.199462890625,0.0,1
1261,0,685.1737060546875,1595.8687744140625,25.125,0.0,-156.3079833984375,0.0,1
1262,0,647.3436279296875,1579.4923095703125,25.125,0.0,-139.4110107421875,0.0,1
1263,0,612.1636352539062,1554.79736328125,25.125,0.0,-122.5140380859375,0.0,1
1264,0,583.7758178710938,1524.6982421875,25.125,0.0,-122.5140380859375,0.0,1
1265,0,559.6369018554688,1489.7945556640625,25.125,0.0,-105.6170654296875,0.0,1
1266,0,543.9404907226562,1450.683837890625,25.125,0.0,-88.7200927734375,0.0,1
1267,0,538.8670654296875,1407.481201171875,25.125,0.0,-71.8231201171875,0.0,1
1268,0,517.030029296875,1372.3663330078125,25.125,0.0,-71.8231201171875,0.0,1
1269,0,502.5451354980469,1331.3594970703125,25.125,0.0,-71.8231201171875,0.0,1
1270,0,477.2596435546875,1294.729736328125,25.125,0.0,-71.8231201171875,0.0,1
1271,0,459.8575134277344,1256.0640869140625,25.125,0.0,-88.7200927734375,0.0,1
1272,0,451.0340576171875,1216.1259765625,25.125,0.0,-105.6170654296875,0.0,1
1273,0,440.19757080078125,1216.1258544921875,25.125,0.0,-105.6170654296875,0.0,1
1274,0,422.3708801269531,1216.125732421875,25.125,0.0,-122.5140380859375,0.0,1
1275,0,397.96624755859375,1216.1258544921875,25.125,0.0,-105.6170654296875,0.0,1
1276,0,379.0077819824219,1211.505126953125,25.125,0.0,-88.7200927734375,0.0,1
1277,0,373.22991943359375,1176.0069580078125,25.125,0.0,-71.8231201171875,0.0,1
1278,0,378.1664733886719,1134.853271484375,25.125,0.0,-71.8231201171875,0.0,1
1279,0,383.8744812011719,1116.125,25.125,0.0,-54.931640625,0.0,1
1280,0,383.87451171875,1116.125,25.125,0.0,-38.03466796875,0.0,1
1281,0,383.8744812011719,1116.125,25.125,0.0,-54.931640625,0.0,1
1282,0,383.874267578125,1116.125,25.125,0.0,-38.03466796875,0.0,1
1283,0,383.8741455078125,1116.125,25.125,0.0,-21.1376953125,0.0,1
1284,0,383.87408447265625,1116.125,25.125,0.0,-4.24072265625,0.0,1
1285,0,383.8743896484375,1116.76025390625,25.125,0.0,12.65625,0.0,1
1286,0,383.87420654296875,1122.701171875,25.125,0.0,29.55322265625,0.0,1
1287,0,383.87457275390625,1143.990234375,25.125,0.0,46.4447021484375,0.0,1
1288,0,383.87420654296875,1178.54296875,25.125,0.0,29.55322265625,0.0,1
1289,0,383.87457275390625,1214.4949951171875,25.125,0.0,46.4447021484375,0.0,1
1290,0,392.5736999511719,1256.5701904296875,25.125,0.0,63.3416748046875,0.0,1
1291,0,405.326416015625,1295.2833251953125,25.125,0.0,80.2386474609375,0.0,1
1292,0,413.76470947265625,1336.8271484375,25.125,0.0,97.1356201171875,0.0,1
1293,0,413.0382080078125,1378.946533203125,25.125,0.0,114.0325927734375,0.0,1
1294,0,401.4137268066406,1419.8310546875,25.125,0.0,130.924072265625,0.0,1
1295,0,382.86688232421875,1457.4873046875,25.125,0.0,114.0325927734375,0.0,1
1296,0,363.41033935546875,1493.4097900390625,25.125,0.0,130.924072265625,0.0,1
1297,0,337.55810546875,1527.34423828125,25.125,0.0,147.821044921875,0.0,1
1298,0,316.12579345703125,1555.5029296875,25.125,0.0,147.821044921875,0.0,1
1299,0,316.1258850097656,1583.787109375,25.125,0.0,164.718017578125,0.0,1
1300,0,316.12591552734375,1604.122314453125,25.125,0.0,-178.385009765625,0.0,1
1301,0,316.1256408691406,1612.318115234375,25.125,0.0,-178.385009765625,0.0,1
1302,0,316.1258850097656,1611.0732421875,25.125,0.0,-161.488037109375,0.0,1
1303,0,316.1255798339844,1604.1165771484375,25.125,0.0,-161.488037109375,0.0,1
1304,0,316.1258850097656,1590.181396484375,25.125,0.0,-161.488037109375,0.0,1
1305,0,316.1256408691406,1575.161376953125,25.125,0.0,-178.385009765625,0.0,1
1306,0,316.1258850097656,1563.7847900390625,25.125,0.0,-161.488037109375,0.0,1
1307,0,316.12591552734375,1551.221435546875,25.125,0.0,-178.385009765625,0.0,1
1308,0,316.12591552734375,1545.3748779296875,25.125,0.0,-178.385009765625,0.0,1
1309,0,316.1258850097656,1543.733154296875,25.125,0.0,-161.488037109375,0.0,1
1310,0,316.1255798339844,1536.7764892578125,25.125,0.0,-161.488037109375,0.0,1
1311,0,316.12591552734375,1526.354248046875,25.125,0.0,-178.385009765625,0.0,1
1312,0,316.1256103515625,1524.8427734375,25.125,0.0,164.718017578125,0.0,1
1313,0,316.12591552734375,1525.971923828125,25.125,0.0,-178.385009765625,0.0,1
1314,0,316.1255798339844,1524.48974609375,25.125,0.0,-161.488037109375,0.0,1
1315,0,316.1257629394531,1513.9453125,25.125,0.0,-144.591064453125,0.0,1
1316,0,316.1258850097656,1491.4217529296875,25.125,0.0,-161.488037109375,0.0,1
1317,0,305.5793762207031,1471.5723876953125,25.125,0.0,-178.385009765625,0.0,1
1318,0,266.59246826171875,1463.3480224609375,25.125,0.0,164.718017578125,0.0,1
1319,0,224.0539093017578,1467.7900390625,25.125,0.0,147.821044921875,0.0,1
1320,0,183.67855834960938,1483.8741455078125,25.125,0.0,130.924072265625,0.0,1
1321,0,177.112060546875,1499.23486328125,25.125,0.0,130.924072265625,0.0,1
1322,0,166.61270141601562,1531.59521484375,25.125,0.0,147.821044921875,0.0,1
1323,0,162.7859649658203,1573.269287109375,25.125,0.0,147.821044921875,0.0,1
1324,0,145.2112579345703,1612.4010009765625,25.125,0.0,164.718017578125,0.0,1
1325,0,116.12592315673828,1636.3848876953125,25.125,0.0,-178.385009765625,0.0,1
1326,0,116.12562561035156,1646.4075927734375,25.125,0.0,-178.385009765625,0.0,1
1327,0,116.12589263916016,1648.5289306640625,25.125,0.0,164.718017578125,0.0,1
1328,0,116.12562561035156,1649.79150390625,25.125,0.0,-178.385009765625,0.0,1
1329,0,116.12589263916016,1650.75244140625,25.125,0.0,164.718017578125,0.0,1
1330,0,116.12562561035156,1651.93115234375,25.125,0.0,-178.385009765625,0.0,1
1331,0,116.12592315673828,1651.73974609375,25.125,0.0,-178.385009765625,0.0,1
1332,0,116.1258773803711,1650.2491455078125,25.125,0.0,-161.488037109375,0.0,1
1333,0,116.1258773803711,1643.041748046875,25.125,0.0,-161.488037109375,0.0,1
1334,0,116.12528991699219,1658.803955078125,25.125,0.0,-161.488037109375,0.0,1
1335,0,116.1255111694336,1668.2725830078125,25.125,0.0,-144.591064453125,0.0,1
1336,0,116.12556457519531,1650.1376953125,25.125,0.0,-127.6995849609375,0.0,1
1337,0,116.1251449584961,1611.9046630859375,25.125,0.0,-110.8026123046875,0.0,1
1338,0,116.12503814697266,1569.5030517578125,25.125,0.0,-93.9056396484375,0.0,1
1339,0,117.07437133789062,1528.692626953125,25.125,0.0,-77.0086669921875,0.0,1
1340,0,122.1217041015625,1487.164306640625,25.125,0.0,-77.0086669921875,0.0,1
1341,0,131.44102478027344,1447.03955078125,25.125,0.0,-60.1116943359375,0.0,1
1342,0,118.70960998535156,1408.639892578125,25.125,0.0,-60.1116943359375,0.0,1
1343,0,124.76222229003906,1367.563720703125,25.125,0.0,-43.2147216796875,0.0,1
1344,0,149.13975524902344,1331.261474609375,25.125,0.0,-26.3232421875,0.0,1
1345,0,184.3076629638672,1304.4522705078125,25.125,0.0,-9.42626953125,0.0,1
1346,0,223.8879852294922,1290.23876953125,25.125,0.0,7.470703125,0.0,1
1347,0,267.809814453125,1288.3038330078125,25.125,0.0,24.36767578125,0.0,1
1348,0,309.34796142578125,1299.11279296875,25.125,0.0,41.2646484375,0.0,1
1349,0,346.6357727050781,1322.17041015625,25.125,0.0,58.1561279296875,0.0,1
1350,0,374.82879638671875,1354.38330078125,25.125,0.0,75.0531005859375,0.0,1
1351,0,394.0342712402344,1391.3194580078125,25.125,0.0,75.0531005859375,0.0,1
1352,0,407.0087585449219,1431.8079833984375,25.125,0.0,91.9500732421875,0.0,1
1353,0,410.48541259765625,1473.863037109375,25.125,0.0,108.8470458984375,0.0,1
1354,0,404.9496154785156,1515.9302978515625,25.125,0.0,108.8470458984375,0.0,1
1355,0,395.57525634765625,1554.658203125,25.125,0.0,108.8470458984375,0.0,1
1356,0,385.6477966308594,1583.8740234375,25.125,0.0,91.9500732421875,0.0,1
1357,0,383.87457275390625,1594.9776611328125,25.125,0.0,75.0531005859375,0.0,1
1358,0,383.8741149902344,1605.0751953125,25.125,0.0,75.0531005859375,0.0,1
1359,0,383.87451171875,1626.0247802734375,25.125,0.0,58.1561279296875,0.0,1
1360,0,383.8745422363281,1665.783447265625,25.125,0.0,41.2646484375,0.0,1
1361,0,383.8741455078125,1707.5028076171875,25.125,0.0,24.36767578125,0.0,1
1362,0,398.14996337890625,1739.1373291015625,25.125,0.0,7.470703125,0.0,1
1363,0,439.2039794921875,1756.5479736328125,25.125,0.0,-9.42626953125,0.0,1
1364,0,481.65069580078125,1758.6099853515625,25.125,0.0,-26.3232421875,0.0,1
1365,0,524.2249755859375,1746.8125,25.125,0.0,-43.2147216796875,0.0,1
1366,0,560.173095703125,1723.2725830078125,25.125,0.0,-60.1116943359375,0.0,1
1367,0,588.1532592773438,1689.4295654296875,25.125,0.0,-77.0086669921875,0.0,1
1368,0,604.6336059570312,1649.845458984375,25.125,0.0,-93.9056396484375,0.0,1
1369,0,612.8438720703125,1609.602294921875,25.125,0.0,-77.0086669921875,0.0,1
1370,0,623.2011108398438,1568.85302734375,25.125,0.0,-60.1116943359375,0.0,1
1371,0,638.6541137695312,1530.8603515625,25.125,0.0,-60.1116943359375,0.0,1
1372,0,659.2727661132812,1493.9862060546875,25.125,0.0,-43.2147216796875,0.0,1
1373,0,683.0380859375,1460.81640625,25.125,0.0,-60.1116943359375,0.0,1
1374,0,703.9921264648438,1425.242919921875,25.125,0.0,-77.0086669921875,0.0,1
1375,0,717.64697265625,1413.8924560546875,25.125,0.0,-93.9056396484375,0.0,1
1376,0,724.9702758789062,1382.9349365234375,25.125,0.0,-77.0086669921875,0.0,1
1377,0,733.5191650390625,1342.21435546875,25.125,0.0,-77.0086669921875,0.0,1
1378,0,742.087158203125,1302.483154296875,25.125,0.0,-77.0086669921875,0.0,1
1379,0,750.85888671875,1261.813720703125,25.125,0.0,-77.0086669921875,0.0,1
1380,0,757.687255859375,1221.4820556640625,25.125,0.0,-93.9056396484375,0.0,1
1381,0,757.640625,1178.791748046875,25.125,0.0,-110.8026123046875,0.0,1
1382,0,749.8486938476562,1138.2779541015625,25.125,0.0,-110.8026123046875,0.0,1
1383,0,740.1494140625,1098.673095703125,25.125,0.0,-93.9056396484375,0.0,1
1384,0,731.916748046875,1058.74951171875,25.125,0.0,-110.8026123046875,0.0,1
1385,0,703.8364868164062,1040.963134765625,25.125,0.0,-110.8026123046875,0.0,1
1386,0,667.8816528320312,1018.6054077148438,25.125,0.0,-127.6995849609375,0.0,1
1387,0,637.5469360351562,991.3394165039062,25.125,0.0,-144.591064453125,0.0,1
1388,0,603.4937744140625,966.2885131835938,25.125,0.0,-161.488037109375,0.0,1
1389,0,568.0962524414062,945.99267578125,25.125,0.0,-144.591064453125,0.0,1
1390,0,533.5633544921875,921.7324829101562,25.125,0.0,-127.6995849609375,0.0,1
1391,0,516.125732421875,893.7269897460938,25.125,0.0,-144.591064453125,0.0,1
1392,0,516.12548828125,859.9985961914062,25.125,0.0,-144.591064453125,0.0,1
1393,0,516.1255493164062,820.763671875,25.125,0.0,-127.6995849609375,0.0,1
1394,0,515.6145629882812,776.1969604492188,25.125,0.0,-144.591064453125,0.0,1
1395,0,495.802001953125,735.0846557617188,25.125,0.0,-144.591064453125,0.0,1
1396,0,468.9079895019531,716.12548828125,25.125,0.0,-127.6995849609375,0.0,1
1397,0,431.4454040527344,716.1255493164062,25.125,0.0,-144.591064453125,0.0,1
1398,0,387.0249938964844,716.125732421875,25.125,0.0,-127.6995849609375,0.0,1
1399,0,345.1524658203125,716.1258544921875,25.125,0.0,-110.8026123046875,0.0,1
1400,0,316.12554931640625,716.125,25.125,0.0,-127.6995849609375,0.0,1
1401,0,316.12548828125,729.4205932617188,25.125,0.0,-127.6995849609375,0.0,1
1402,0,316.1253356933594,723.23779296875,25.125,0.0,-110.8026123046875,0.0,1
1403,0,316.125,716.1256103515625,25.125,0.0,-93.9056396484375,0.0,1
1404,0,316.8150634765625,716.1259155273438,25.125,0.0,-77.0086669921875,0.0,1
1405,0,317.2957763671875,716.1256103515625,25.125,0.0,-93.9056396484375,0.0,1
1406,0,316.1253356933594,716.125,25.125,0.0,-110.8026123046875,0.0,1
1407,0,316.12506103515625,716.125,25.125,0.0,-93.9056396484375,0.0,1
1408,0,316.8260498046875,716.1259155273438,25.125,0.0,-77.0086669921875,0.0,1
1409,0,322.8758239746094,716.1257934570312,25.125,0.0,-60.1116943359375,0.0,1
1410,0,316.12554931640625,716.125,25.125,0.0,-60.1116943359375,0.0,1
1411,0,323.2181396484375,716.1259155273438,25.125,0.0,-77.0086669921875,0.0,1
1412,0,337.04290771484375,716.1255493164062,25.125,0.0,-60.1116943359375,0.0,1
1413,0,328.5322570800781,716.12548828125,25.125,0.0,-60.1116943359375,0.0,1
1414,0,327.1962890625,716.1254272460938,25.125,0.0,-43.2147216796875,0.0,1
1415,0,351.0711975097656,716.1257934570312,25.125,0.0,-60.1116943359375,0.0,1
1416,0,383.4356994628906,716.1256103515625,25.125,0.0,-43.2147216796875,0.0,1
1417,0,426.8150939941406,716.125244140625,25.125,0.0,-26.3232421875,0.0,1
1418,0,469.0658264160156,716.1250610351562,25.125,0.0,-9.42626953125,0.0,1
1419,0,511.6222839355469,716.125244140625,25.125,0.0,-26.3232421875,0.0,1
1420,0,556.4716186523438,707.911865234375,25.125,0.0,-43.2147216796875,0.0,1
1421,0,593.08203125,686.10009765625,25.125,0.0,-60.1116943359375,0.0,1
1422,0,623.8570556640625,657.2330322265625,25.125,0.0,-43.2147216796875,0.0,1
1423,0,651.9235229492188,627.463134765625,25.125,0.0,-60.1116943359375,0.0,1
1424,0,678.3496704101562,595.1680908203125,25.125,0.0,-43.2147216796875,0.0,1
1425,0,704.5655517578125,563.9365234375,25.125,0.0,-60.1116943359375,0.0,1
1426,0,729.5463256835938,531.7315063476562,25.125,0.0,-43.2147216796875,0.0,1
1427,0,756.060302734375,499.5058288574219,25.125,0.0,-60.1116943359375,0.0,1
1428,0,780.86572265625,467.1612854003906,25.125,0.0,-43.2147216796875,0.0,1
1429,0,808.7333374023438,436.06842041015625,25.125,0.0,-43.2147216796875,0.0,1
1430,0,835.4334716796875,406.44866943359375,25.125,0.0,-60.1116943359375,0.0,1
1431,0,860.0668334960938,372.6251525878906,25.125,0.0,-60.1116943359375,0.0,1
1432,0,880.6615600585938,336.9189147949219,25.125,0.0,-77.0086669921875,0.0,1
1433,0,897.678466796875,298.777099609375,25.125,0.0,-60.1116943359375,0.0,1
1434,0,917.8668823242188,262.7794189453125,25.125,0.0,-43.2147216796875,0.0,1
1435,0,945.5179443359375,231.1775665283203,25.125,0.0,-26.3232421875,0.0,1
1436,0,976.938232421875,234.0706787109375,25.125,0.0,-26.3232421875,0.0,1
1437,0,1017.1758422851562,238.05775451660156,25.125,0.0,-26.3232421875,0.0,1
1438,0,1056.1951904296875,256.203369140625,25.125,0.0,-26.3232421875,0.0,1
1439,0,1083.87451171875,262.4219665527344,25.125,0.0,-43.2147216796875,0.0,1
1440,0,1083.87451171875,239.39700317382812,25.125,0.0,-60.1116943359375,0.0,1
1441,0,1083.8748779296875,198.76614379882812,25.125,0.0,-77.0086669921875,0.0,1
1442,0,1084.0863037109375,156.97975158691406,25.125,0.0,-93.9056396484375,0.0,1
1443,0,1081.12255859375,116.1252212524414,25.125,0.0,-110.8026123046875,0.0,1
1444,0,1070.2564697265625,116.1255874633789,25.125,0.0,-110.8026123046875,0.0,1
1445,0,1049.1019287109375,116.125732421875,25.125,0.0,-127.6995849609375,0.0,1
1446,0,1020.173583984375,116.1255874633789,25.125,0.0,-110.8026123046875,0.0,1
1447,0,981.0807495117188,123.65631866455078,25.125,0.0,-110.8026123046875,0.0,1
1448,0,949.7951049804688,116.12592315673828,25.125,0.0,-93.9056396484375,0.0,1
1449,0,916.1284790039062,117.60856628417969,25.125,0.0,-93.9056396484375,0.0,1
1450,0,916.1250610351562,116.125,25.125,0.0,-93.9056396484375,0.0,1
1451,0,916.7924194335938,116.1256103515625,25.125,0.0,-77.0086669921875,0.0,1
1452,0,923.0128173828125,116.12580108642578,25.125,0.0,-60.1116943359375,0.0,1
1453,0,944.75244140625,116.12542724609375,25.125,0.0,-43.2147216796875,0.0,1
1454,0,983.8444213867188,116.12535858154297,25.125,0.0,-26.3232421875,0.0,1
1455,0,1030.767333984375,116.12542724609375,25.125,0.0,-43.2147216796875,0.0,1
1456,0,1078.854736328125,116.12525939941406,25.125,0.0,-26.3232421875,0.0,1
1457,0,1121.107421875,116.12508392333984,25.125,0.0,-9.42626953125,0.0,1
1458,0,1161.8543701171875,116.40167999267578,25.125,0.0,7.470703125,0.0,1
1459,0,1202.5018310546875,118.99818420410156,25.125,0.0,7.470703125,0.0,1
1460,0,1232.057861328125,116.12561798095703,25.125,0.0,7.470703125,0.0,1
1461,0,1269.8602294921875,116.39472961425781,25.125,0.0,-9.42626953125,0.0,1
1462,0,1312.3382568359375,116.12523651123047,25.125,0.0,-26.3232421875,0.0,1
1463,0,1330.6436767578125,116.1258316040039,25.125,0.0,-26.3232421875,0.0,1
1464,0,1352.6497802734375,116.1250991821289,25.125,0.0,-9.42626953125,0.0,1
1465,0,1394.087890625,116.40522766113281,25.125,0.0,7.470703125,0.0,1
1466,0,1434.8648681640625,117.13909149169922,25.125,0.0,-9.42626953125,0.0,1
1467,0,1477.1580810546875,116.12523651123047,25.125,0.0,-26.3232421875,0.0,1
1468,0,1521.4571533203125,116.12529754638672,25.125,0.0,-26.3232421875,0.0,1
1469,0,1563.72314453125,116.12506103515625,25.125,0.0,-9.42626953125,0.0,1
1470,0,1607.2916259765625,116.12532806396484,25.125,0.0,-26.3232421875,0.0,1
1471,0,1654.206787109375,116.12542724609375,25.125,0.0,-43.2147216796875,0.0,1
1472,0,1702.294189453125,116.12525939941406,25.125,0.0,-26.3232421875,0.0,1
1473,0,1749.313720703125,116.1256332397461,25.125,0.0,-43.2147216796875,0.0,1
1474,0,1797.4224853515625,116.12525939941406,25.125,0.0,-26.3232421875,0.0,1
1475,0,1844.4420166015625,116.1256332397461,25.125,0.0,-43.2147216796875,0.0,1
1476,0,1890.951904296875,116.12554168701172,25.125,0.0,-60.1116943359375,0.0,1
1477,0,1931.2308349609375,116.12580108642578,25.125,0.0,-60.1116943359375,0.0,1
1478,0,1970.39111328125,116.12542724609375,25.125,0.0,-43.2147216796875,0.0,1
1479,0,1983.874267578125,116.125,25.125,0.0,-43.2147216796875,0.0,1
1480,0,1983.8746337890625,116.125,25.125,0.0,-60.1116943359375,0.0,1
1481,0,1983.87451171875,116.125,25.125,0.0,-60.1116943359375,0.0,1
1482,0,1983.874755859375,116.125,25.125,0.0,-77.0086669921875,0.0,1
1483,0,1983.87451171875,116.125,25.125,0.0,-60.1116943359375,0.0,1
1484,0,1983.874755859375,116.125,25.125,0.0,-77.0086669921875,0.0,1
1485,0,1983.8033447265625,116.12562561035156,25.125,0.0,-93.9056396484375,0.0,1
1486,0,1981.8040771484375,116.12586212158203,25.125,0.0,-110.8026123046875,0.0,1
1487,0,1969.4891357421875,116.12549591064453,25.125,0.0,-127.6995849609375,0.0,1
1488,0,1939.0228271484375,116.12553405761719,25.125,0.0,-144.591064453125,0.0,1
1489,0,1895.7882080078125,116.1253662109375,25.125,0.0,-144.591064453125,0.0,1
1490,0,1847.1761474609375,116.12545776367188,25.125,0.0,-144.591064453125,0.0,1
1491,0,1802.709716796875,116.12517547607422,25.125,0.0,-161.488037109375,0.0,1
1492,0,1766.9393310546875,138.79737854003906,25.125,0.0,-161.488037109375,0.0,1
1493,0,1726.0009765625,153.12286376953125,25.125,0.0,-161.488037109375,0.0,1
1494,0,1684.5211181640625,153.49855041503906,25.125,0.0,-178.385009765625,0.0,1
1495,0,1642.6859130859375,150.50405883789062,25.125,0.0,-161.488037109375,0.0,1
1496,0,1603.0877685546875,140.5458221435547,25.125,0.0,-144.591064453125,0.0,1
1497,0,1562.63330078125,150.76979064941406,25.125,0.0,-144.591064453125,0.0,1
1498,0,1520.4019775390625,149.600830078125,25.125,0.0,-127.6995849609375,0.0,1
1499,0,1482.7310791015625,122.91461181640625,25.125,0.0,-110.8026123046875,0.0,1
1500,0,1455.173095703125,116.12586212158203,25.125,0.0,-110.8026123046875,0.0,1
1501,0,1429.5963134765625,116.1255874633789,25.125,0.0,-110.8026123046875,0.0,1
1502,0,1392.1148681640625,124.04938507080078,25.125,0.0,-110.8026123046875,0.0,1
1503,0,1360.9039306640625,116.12562561035156,25.125,0.0,-93.9056396484375,0.0,1
1504,0,1346.336181640625,116.12590026855469,25.125,0.0,-77.0086669921875,0.0,1
1505,0,1345.8526611328125,116.12562561035156,25.125,0.0,-93.9056396484375,0.0,1
1506,0,1346.5137939453125,116.12590026855469,25.125,0.0,-77.0086669921875,0.0,1
1507,0,1346.97265625,116.12592315673828,25.125,0.0,-93.9056396484375,0.0,1
1508,0,1347.6448974609375,116.12590026855469,25.125,0.0,-77.0086669921875,0.0,1
1509,0,1353.69482421875,116.12580108642578,25.125,0.0,-60.1116943359375,0.0,1
1510,0,1372.8603515625,116.12554168701172,25.125,0.0,-60.1116943359375,0.0,1
1511,0,1403.34375,116.1256332397461,25.125,0.0,-43.2147216796875,0.0,1
1512,0,1440.9844970703125,116.12554168701172,25.125,0.0,-60.1116943359375,0.0,1
1513,0,1475.171875,116.12590026855469,25.125,0.0,-77.0086669921875,0.0,1
1514,0,1501.6923828125,116.12554168701172,25.125,0.0,-60.1116943359375,0.0,1
1515,0,1534.896728515625,116.1256332397461,25.125,0.0,-43.2147216796875,0.0,1
1516,0,1542.858154296875,116.12567138671875,25.125,0.0,-43.2147216796875,0.0,1
1517,0,1557.176513671875,116.12541198730469,25.125,0.0,-26.3232421875,0.0,1
1518,0,1596.2308349609375,116.12529754638672,25.125,0.0,-26.3232421875,0.0,1
1519,0,1643.149658203125,116.12542724609375,25.125,0.0,-43.2147216796875,0.0,1
1520,0,1693.0250244140625,116.1256332397461,25.125,0.0,-43.2147216796875,0.0,1
1521,0,1741.85009765625,116.12542724609375,25.125,0.0,-43.2147216796875,0.0,1
1522,0,1790.006103515625,116.12525939941406,25.125,0.0,-26.3232421875,0.0,1
1523,0,1837.025634765625,116.1256332397461,25.125,0.0,-43.2147216796875,0.0,1
1524,0,1883.4305419921875,116.12580108642578,25.125,0.0,-60.1116943359375,0.0,1
1525,0,1926.03662109375,116.1256332397461,25.125,0.0,-43.2147216796875,0.0,1
1526,0,1969.421875,116.12554168701172,25.125,0.0,-60.1116943359375,0.0,1
1527,0,1983.874267578125,116.125,25.125,0.0,-43.2147216796875,0.0,1
1528,0,1983.8743896484375,116.125,25.125,0.0,-26.3232421875,0.0,1
1529,0,1983.8741455078125,116.125,25.125,0.0,-26.3232421875,0.0,1
1530,0,1983.87451171875,116.125,25.125,0.0,-43.2147216796875,0.0,1
1531,0,1983.8741455078125,116.125,25.125,0.0,-26.3232421875,0.0,1
1532,0,1983.8741455078125,116.125,25.125,0.0,-26.3232421875,0.0,1
1533,0,1983.874267578125,116.125,25.125,0.0,-43.2147216796875,0.0,1
1534,0,1983.8741455078125,116.125,25.125,0.0,-26.3232421875,0.0,1
1535,0,1983.8743896484375,116.125,25.125,0.0,-9.42626953125,0.0,1
1536,0,1983.8741455078125,116.125,25.125,0.0,-26.3232421875,0.0,1
1537,0,1983.87451171875,116.125,25.125,0.0,-43.2147216796875,0.0,1
1538,0,1983.8741455078125,116.125,25.125,0.0,-26.3232421875,0.0,1
1539,0,1983.87451171875,116.125,25.125,0.0,-43.2147216796875,0.0,1
1540,0,1983.874267578125,116.125,25.125,0.0,-43.2147216796875,0.0,1
1541,0,1983.874267578125,116.125,25.125,0.0,-43.2147216796875,0.0,1
1542,0,1983.8743896484375,116.125,25.125,0.0,-26.3232421875,0.0,1
1543,0,1983.8741455078125,116.125,25.125,0.0,-26.3232421875,0.0,1
1544,0,1983.8743896484375,116.125,25.125,0.0,-26.3232421875,0.0,1
1545,0,1974.811279296875,116.1258316040039,25.125,0.0,-26.3232421875,0.0,1
1546,0,1983.873779296875,116.1252212524414,25.125,0.0,-43.2147216796875,0.0,1
1547,0,1983.8741455078125,116.125,25.125,0.0,-26.3232421875,0.0,1
1548,0,1975.37353515625,116.1258316040039,25.125,0.0,-26.3232421875,0.0,1
1549,0,1983.875,116.12515258789062,25.125,0.0,-9.42626953125,0.0,1
1550,0,1983.8740234375,116.37456512451172,25.125,0.0,7.470703125,0.0,1
1551,0,1983.8743896484375,119.50051879882812,25.125,0.0,24.36767578125,0.0,1
1552,0,1983.8741455078125,132.41482543945312,25.125,0.0,24.36767578125,0.0,1
1553,0,1983.87451171875,155.956298828125,25.125,0.0,41.2646484375,0.0,1
1554,0,1983.8743896484375,156.3297576904297,25.125,0.0,41.2646484375,0.0,1
1555,0,1983.8743896484375,158.83132934570312,25.125,0.0,24.36767578125,0.0,1
1556,0,1983.8746337890625,143.3238983154297,25.125,0.0,24.36767578125,0.0,1
1557,0,1983.875,116.12583923339844,25.125,0.0,24.36767578125,0.0,1
1558,0,1983.8740234375,120.87767791748047,25.125,0.0,7.470703125,0.0,1
1559,0,1983.8740234375,124.23673248291016,25.125,0.0,7.470703125,0.0,1
1560,0,1983.8743896484375,128.1178741455078,25.125,0.0,24.36767578125,0.0,1
1561,0,1983.8740234375,138.7439422607422,25.125,0.0,7.470703125,0.0,1
1562,0,1983.8748779296875,122.73226928710938,25.125,0.0,7.470703125,0.0,1
1563,0,1983.8741455078125,116.125,25.125,0.0,-9.42626953125,0.0,1
1564,0,1983.8743896484375,116.125,25.125,0.0,-9.42626953125,0.0,1
1565,0,1982.7432861328125,116.12590789794922,25.125,0.0,-9.42626953125,0.0,1
1566,0,1983.8740234375,116.37456512451172,25.125,0.0,7.470703125,0.0,1
1567,0,1983.874267578125,116.12501525878906,25.125,0.0,-9.42626953125,0.0,1
1568,0,1983.8740234375,116.37456512451172,25.125,0.0,7.470703125,0.0,1
1569,0,1983.8743896484375,119.50051879882812,25.125,0.0,24.36767578125,0.0,1
1570,0,1983.8740234375,129.6133270263672,25.125,0.0,7.470703125,0.0,1
1571,0,1983.8743896484375,141.4922637939453,25.125,0.0,24.36767578125,0.0,1
1572,0,1983.874267578125,164.59967041015625,25.125,0.0,41.2646484375,0.0,1
1573,0,1983.8743896484375,165.37667846679688,25.125,0.0,41.2646484375,0.0,1
1574,0,1983.8741455078125,168.5486297607422,25.125,0.0,24.36767578125,0.0,1
1575,0,1983.8741455078125,185.13217163085938,25.125,0.0,24.36767578125,0.0,1
1576,0,1983.874755859375,177.19960021972656,25.125,0.0,24.36767578125,0.0,1
1577,0,1983.8740234375,169.09317016601562,25.125,0.0,7.470703125,0.0,1
1578,0,1983.8743896484375,169.93899536132812,25.125,0.0,7.470703125,0.0,1
1579,0,1980.734130859375,193.77493286132812,25.125,0.0,7.470703125,0.0,1
1580,0,1980.4573974609375,195.52499389648438,25.125,0.0,7.470703125,0.0,1
1581,0,1983.8741455078125,183.01136779785156,25.125,0.0,-9.42626953125,0.0,1
1582,0,1983.8741455078125,170.16087341308594,25.125,0.0,-26.3232421875,0.0,1
1583,0,1973.307373046875,137.81887817382812,25.125,0.0,-26.3232421875,0.0,1
1584,0,1983.87353515625,116.12509155273438,25.125,0.0,-9.42626953125,0.0,1
1585,0,1983.8743896484375,116.125,25.125,0.0,-26.3232421875,0.0,1
1586,0,1983.874267578125,116.125,25.125,0.0,-43.2147216796875,0.0,1
1587,0,1983.8743896484375,116.125,25.125,0.0,-26.3232421875,0.0,1
1588,0,1983.8741455078125,116.125,25.125,0.0,-26.3232421875,0.0,1
1589,0,1975.74365234375,116.12556457519531,25.125,0.0,-26.3232421875,0.0,1
1590,0,1983.8726806640625,116.12516021728516,25.125,0.0,-43.2147216796875,0.0,1
1591,0,1983.874267578125,116.125,25.125,0.0,-43.2147216796875,0.0,1
1592,0,1983.8743896484375,133.10633850097656,25.125,0.0,-43.2147216796875,0.0,1
1593,0,1967.7578125,133.6478729248047,25.125,0.0,-43.2147216796875,0.0,1
1594,0,1970.0216064453125,116.12527465820312,25.125,0.0,-26.3232421875,0.0,1
1595,0,1983.8746337890625,138.0424346923828,25.125,0.0,-26.3232421875,0.0,1
1596,0,1983.87451171875,147.0051727294922,25.125,0.0,-43.2147216796875,0.0,1
1597,0,1983.87451171875,123.85948181152344,25.125,0.0,-60.1116943359375,0.0,1
1598,0,1963.6934814453125,116.12545776367188,25.125,0.0,-60.1116943359375,0.0,1
1599,0,1951.8162841796875,116.12590026855469,25.125,0.0,-77.0086669921875,0.0,1
1600,0,1952.1942138671875,116.12592315673828,25.125,0.0,-93.9056396484375,0.0,1
1601,0,1929.2186279296875,117.68692016601562,25.125,0.0,-93.9056396484375,0.0,1
1602,0,1900.0963134765625,116.12586212158203,25.125,0.0,-110.8026123046875,0.0,1
1603,0,1877.8695068359375,116.12562561035156,25.125,0.0,-93.9056396484375,0.0,1
1604,0,1842.5062255859375,117.693603515625,25.125,0.0,-93.9056396484375,0.0,1
1605,0,1817.28173828125,116.1256103515625,25.125,0.0,-77.0086669921875,0.0,1
1606,0,1784.3240966796875,116.12515258789062,25.125,0.0,-77.0086669921875,0.0,1
1607,0,1759.50439453125,116.12592315673828,25.125,0.0,-93.9056396484375,0.0,1
1608,0,1750.287353515625,116.12590026855469,25.125,0.0,-77.0086669921875,0.0,1
1609,0,1727.6832275390625,116.12520599365234,25.125,0.0,-77.0086669921875,0.0,1
1610,0,1706.3155517578125,116.12562561035156,25.125,0.0,-93.9056396484375,0.0,1
1611,0,1691.83984375,116.12586212158203,25.125,0.0,-110.8026123046875,0.0,1
1612,0,1676.0052490234375,116.12562561035156,25.125,0.0,-93.9056396484375,0.0,1
1613,0,1662.1385498046875,116.12586212158203,25.125,0.0,-110.8026123046875,0.0,1
1614,0,1646.61865234375,116.12562561035156,25.125,0.0,-93.9056396484375,0.0,1
1615,0,1632.85693359375,116.12586212158203,25.125,0.0,-110.8026123046875,0.0,1
1616,0,1645.122802734375,116.12532806396484,25.125,0.0,-110.8026123046875,0.0,1
1617,0,1657.94775390625,116.12562561035156,25.125,0.0,-93.9056396484375,0.0,1
1618,0,1659.592529296875,116.12590026855469,25.125,0.0,-77.0086669921875,0.0,1
1619,0,1665.578857421875,116.12554168701172,25.125,0.0,-60.1116943359375,0.0,1
1620,0,1687.852294921875,116.1256332397461,25.125,0.0,-43.2147216796875,0.0,1
1621,0,1722.0675048828125,116.12554168701172,25.125,0.0,-60.1116943359375,0.0,1
1622,0,1757.6412353515625,116.12580108642578,25.125,0.0,-60.1116943359375,0.0,1
1623,0,1794.254150390625,116.1256332397461,25.125,0.0,-43.2147216796875,0.0,1
1624,0,1839.1429443359375,116.12525939941406,25.125,0.0,-26.3232421875,0.0,1
1625,0,1857.7501220703125,116.1258316040039,25.125,0.0,-26.3232421875,0.0,1
1626,0,1879.59814453125,116.12527465820312,25.125,0.0,-26.3232421875,0.0,1
1627,0,1891.01708984375,116.1258316040039,25.125,0.0,-26.3232421875,0.0,1
1628,0,1911.185302734375,116.1250991821289,25.125,0.0,-9.42626953125,0.0,1
1629,0,1952.70654296875,116.12509155273438,25.125,0.0,-9.42626953125,0.0,1
1630,0,1983.8743896484375,116.36036682128906,25.125,0.0,7.470703125,0.0,1
1631,0,1983.875,116.12591552734375,25.125,0.0,7.470703125,0.0,1
1632,0,1983.8741455078125,116.125,25.125,0.0,-9.42626953125,0.0,1
1633,0,1983.8740234375,116.38552856445312,25.125,0.0,7.470703125,0.0,1
1634,0,1983.875,116.12591552734375,25.125,0.0,7.470703125,0.0,1
1635,0,1983.8743896484375,119.25186157226562,25.125,0.0,24.36767578125,0.0,1
1636,0,1983.875,116.12583923339844,25.125,0.0,24.36767578125,0.0,1
1637,0,1983.87451171875,126.95016479492188,25.125,0.0,41.2646484375,0.0,1
1638,0,1983.87451171875,158.34852600097656,25.125,0.0,58.1561279296875,0.0,1
1639,0,1983.8748779296875,200.7866668701172,25.125,0.0,75.0531005859375,0.0,1
1640,0,1983.8748779296875,243.54519653320312,25.125,0.0,75.0531005859375,0.0,1
1641,0,1983.87451171875,287.3802490234375,25.125,0.0,58.1561279296875,0.0,1
1642,0,1965.148681640625,329.4429016113281,25.125,0.0,58.1561279296875,0.0,1
1643,0,1963.35302734375,371.11334228515625,25.125,0.0,41.2646484375,0.0,1
1644,0,1983.6336669921875,409.6185607910156,25.125,0.0,41.2646484375,0.0,1
1645,0,1983.8743896484375,414.3990173339844,25.125,0.0,41.2646484375,0.0,1
1646,0,1983.8746337890625,389.7427978515625,25.125,0.0,41.2646484375,0.0,1
1647,0,1983.8743896484375,349.4808654785156,25.125,0.0,41.2646484375,0.0,1
1648,0,1983.874267578125,337.02886962890625,25.125,0.0,41.2646484375,0.0,1
1649,0,1983.87451171875,358.1768798828125,25.125,0.0,58.1561279296875,0.0,1
1650,0,1983.874267578125,396.9003601074219,25.125,0.0,41.2646484375,0.0,1
1651,0,1983.874755859375,441.47869873046875,25.125,0.0,58.1561279296875,0.0,1
1652,0,1983.8748779296875,485.9947509765625,25.125,0.0,75.0531005859375,0.0,1
1653,0,1983.8746337890625,529.7957763671875,25.125,0.0,58.1561279296875,0.0,1
1654,0,1983.8748779296875,574.2833251953125,25.125,0.0,75.0531005859375,0.0,1
1655,0,1983.862060546875,614.2281494140625,25.125,0.0,91.9500732421875,0.0,1
1656,0,1981.293701171875,656.168212890625,25.125,0.0,108.8470458984375,0.0,1
1657,0,1970.9810791015625,696.7119750976562,25.125,0.0,125.7440185546875,0.0,1
1658,0,1941.4696044921875,708.7019653320312,25.125,0.0,125.7440185546875,0.0,1
1659,0,1906.0523681640625,726.1773071289062,25.125,0.0,108.8470458984375,0.0,1
1660,0,1880.2020263671875,760.2957763671875,25.125,0.0,108.8470458984375,0.0,1
1661,0,1862.30224609375,783.8740844726562,25.125,0.0,91.9500732421875,0.0,1
1662,0,1876.105712890625,783.875,25.125,0.0,91.9500732421875,0.0,1
1663,0,1892.18603515625,783.8741455078125,25.125,0.0,108.8470458984375,0.0,1
1664,0,1885.3480224609375,783.87451171875,25.125,0.0,125.7440185546875,0.0,1
1665,0,1858.95654296875,783.8744506835938,25.125,0.0,142.6409912109375,0.0,1
1666,0,1817.8455810546875,783.8748168945312,25.125,0.0,159.532470703125,0.0,1
1667,0,1775.493896484375,783.9091186523438,25.125,0.0,176.429443359375,0.0,1
1668,0,1734.4625244140625,786.9359741210938,25.125,0.0,159.532470703125,0.0,1
1669,0,1694.034912109375,798.0048828125,25.125,0.0,142.6409912109375,0.0,1
1670,0,1656.3551025390625,819.5387573242188,25.125,0.0,125.7440185546875,0.0,1
1671,0,1625.749267578125,847.582275390625,25.125,0.0,125.7440185546875,0.0,1
1672,0,1599.48876953125,880.9695434570312,25.125,0.0,108.8470458984375,0.0,1
1673,0,1580.0255126953125,917.268310546875,25.125,0.0,108.8470458984375,0.0,1
1674,0,1546.457275390625,933.8690795898438,25.125,0.0,108.8470458984375,0.0,1
1675,0,1513.635986328125,959.7105712890625,25.125,0.0,91.9500732421875,0.0,1
1676,0,1499.075927734375,1002.3534545898438,25.125,0.0,75.0531005859375,0.0,1
1677,0,1500.649169921875,1047.0780029296875,25.125,0.0,58.1561279296875,0.0,1
1678,0,1511.2335205078125,1086.9208984375,25.125,0.0,75.0531005859375,0.0,1
1679,0,1524.431884765625,1126.6646728515625,25.125,0.0,58.1561279296875,0.0,1
1680,0,1539.985107421875,1164.33740234375,25.125,0.0,75.0531005859375,0.0,1
1681,0,1553.5718994140625,1203.7669677734375,25.125,0.0,75.0531005859375,0.0,1
1682,0,1567.1746826171875,1242.2880859375,25.125,0.0,58.1561279296875,0.0,1
1683,0,1584.8902587890625,1279.125732421875,25.125,0.0,58.1561279296875,0.0,1
1684,0,1606.6646728515625,1314.1014404296875,25.125,0.0,41.2646484375,0.0,1
1685,0,1631.69580078125,1346.3209228515625,25.125,0.0,58.1561279296875,0.0,1
1686,0,1654.4010009765625,1381.93994140625,25.125,0.0,75.0531005859375,0.0,1
1687,0,1669.18701171875,1421.257080078125,25.125,0.0,91.9500732421875,0.0,1
1688,0,1677.603271484375,1462.3013916015625,25.125,0.0,75.0531005859375,0.0,1
1689,0,1688.458740234375,1502.0111083984375,25.125,0.0,58.1561279296875,0.0,1
1690,0,1705.3731689453125,1540.4765625,25.125,0.0,58.1561279296875,0.0,1
1691,0,1722.987060546875,1577.27099609375,25.125,0.0,75.0531005859375,0.0,1
1692,0,1735.6484375,1616.8349609375,25.125,0.0,91.9500732421875,0.0,1
1693,0,1739.1181640625,1658.918212890625,25.125,0.0,108.8470458984375,0.0,1
1694,0,1731.3885498046875,1700.7694091796875,25.125,0.0,125.7440185546875,0.0,1
1695,0,1716.4154052734375,1739.998291015625,25.125,0.0,108.8470458984375,0.0,1
1696,0,1716.1253662109375,1783.48193359375,25.125,0.0,125.7440185546875,0.0,1
1697,0,1714.035400390625,1832.546875,25.125,0.0,142.6409912109375,0.0,1
1698,0,1694.146240234375,1873.211181640625,25.125,0.0,142.6409912109375,0.0,1
1699,0,1666.620361328125,1905.7109375,25.125,0.0,142.6409912109375,0.0,1
1700,0,1638.0369873046875,1934.7701416015625,25.125,0.0,125.7440185546875,0.0,1
1701,0,1611.529541015625,1965.7635498046875,25.125,0.0,125.7440185546875,0.0,1
1702,0,1587.197998046875,1983.8741455078125,25.125,0.0,108.8470458984375,0.0,1
1703,0,1567.02490234375,1983.8743896484375,25.125,0.0,91.9500732421875,0.0,1
1704,0,1552.3416748046875,1983.8741455078125,25.125,0.0,108.8470458984375,0.0,1
1705,0,1537.6717529296875,1983.8743896484375,25.125,0.0,91.9500732421875,0.0,1
1706,0,1553.96875,1983.875,25.125,0.0,91.9500732421875,0.0,1
1707,0,1577.4404296875,1983.8741455078125,25.125,0.0,75.0531005859375,0.0,1
1708,0,1593.982421875,1983.8740234375,25.125,0.0,91.9500732421875,0.0,1
1709,0,1596.6025390625,1983.8741455078125,25.125,0.0,108.8470458984375,0.0,1
1710,0,1592.8868408203125,1983.8743896484375,25.125,0.0,91.9500732421875,0.0,1
1711,0,1615.3079833984375,1983.875,25.125,0.0,91.9500732421875,0.0,1
1712,0,1641.3673095703125,1983.8743896484375,25.125,0.0,75.0531005859375,0.0,1
1713,0,1677.9390869140625,1978.0107421875,25.125,0.0,75.0531005859375,0.0,1
1714,0,1710.07373046875,1983.8743896484375,25.125,0.0,75.0531005859375,0.0,1
1715,0,1731.52490234375,1983.8740234375,25.125,0.0,91.9500732421875,0.0,1
1716,0,1736.5899658203125,1983.8741455078125,25.125,0.0,108.8470458984375,0.0,1
1717,0,1733.5008544921875,1983.8740234375,25.125,0.0,91.9500732421875,0.0,1
1718,0,1731.871337890625,1983.8741455078125,25.125,0.0,108.8470458984375,0.0,1
1719,0,1727.901611328125,1983.8743896484375,25.125,0.0,91.9500732421875,0.0,1
1720,0,1726.09375,1983.8741455078125,25.125,0.0,108.8470458984375,0.0,1
1721,0,1722.3448486328125,1983.8743896484375,25.125,0.0,91.9500732421875,0.0,1
1722,0,1720.5709228515625,1983.8741455078125,25.125,0.0,108.8470458984375,0.0,1
1723,0,1709.9007568359375,1983.874267578125,25.125,0.0,125.7440185546875,0.0,1
1724,0,1686.46484375,1983.8741455078125,25.125,0.0,108.8470458984375,0.0,1
1725,0,1663.2724609375,1983.8741455078125,25.125,0.0,108.8470458984375,0.0,1
1726,0,1643.760498046875,1983.8743896484375,25.125,0.0,91.9500732421875,0.0,1
1727,0,1636.55712890625,1983.8741455078125,25.125,0.0,75.0531005859375,0.0,1
1728,0,1640.028076171875,1983.8743896484375,25.125,0.0,75.0531005859375,0.0,1
1729,0,1643.700927734375,1983.8740234375,25.125,0.0,91.9500732421875,0.0,1
1730,0,1621.781005859375,1983.10595703125,25.125,0.0,91.9500732421875,0.0,1
1731,0,1622.4920654296875,1983.1427001953125,25.125,0.0,91.9500732421875,0.0,1
1732,0,1614.045654296875,1982.8577880859375,25.125,0.0,91.9500732421875,0.0,1
1733,0,1592.4586181640625,1983.8741455078125,25.125,0.0,108.8470458984375,0.0,1
1734,0,1569.0567626953125,1983.874267578125,25.125,0.0,125.7440185546875,0.0,1
1735,0,1537.62890625,1983.87451171875,25.125,0.0,125.7440185546875,0.0,1
1736,0,1534.9339599609375,1983.87451171875,25.125,0.0,125.7440185546875,0.0,1
1737,0,1533.4586181640625,1983.8743896484375,25.125,0.0,108.8470458984375,0.0,1
1738,0,1521.4263916015625,1983.8741455078125,25.125,0.0,108.8470458984375,0.0,1
1739,0,1507.5184326171875,1983.8743896484375,25.125,0.0,91.9500732421875,0.0,1
1740,0,1503.1064453125,1983.8741455078125,25.125,0.0,75.0531005859375,0.0,1
1741,0,1507.197509765625,1983.8741455078125,25.125,0.0,75.0531005859375,0.0,1
1742,0,1518.705810546875,1983.874267578125,25.125,0.0,58.1561279296875,0.0,1
1743,0,1539.606201171875,1983.8741455078125,25.125,0.0,75.0531005859375,0.0,1
1744,0,1562.3887939453125,1983.87451171875,25.125,0.0,58.1561279296875,0.0,1
1745,0,1594.7982177734375,1983.8743896484375,25.125,0.0,41.2646484375,0.0,1
1746,0,1634.3779296875,1983.87451171875,25.125,0.0,58.1561279296875,0.0,1
1747,0,1670.6416015625,1983.8741455078125,25.125,0.0,75.0531005859375,0.0,1
1748,0,1709.8802490234375,1978.8289794921875,25.125,0.0,75.0531005859375,0.0,1
1749,0,1739.086181640625,1983.8740234375,25.125,0.0,91.9500732421875,0.0,1
1750,0,1751.64306640625,1983.8740234375,25.125,0.0,91.9500732421875,0.0,1
1751,0,1756.0633544921875,1983.8743896484375,25.125,0.0,75.0531005859375,0.0,1
1752,0,1759.093505859375,1983.8740234375,25.125,0.0,91.9500732421875,0.0,1
1753,0,1782.080078125,1983.875,25.125,0.0,91.9500732421875,0.0,1
1754,0,1802.58447265625,1983.8741455078125,25.125,0.0,108.8470458984375,0.0,1
1755,0,1829.64599609375,1983.874755859375,25.125,0.0,108.8470458984375,0.0,1
1756,0,1844.2349853515625,1983.874267578125,25.125,0.0,125.7440185546875,0.0,1
1757,0,1827.4765625,1983.8743896484375,25.125,0.0,142.6409912109375,0.0,1
1758,0,1790.9215087890625,1983.8743896484375,25.125,0.0,142.6409912109375,0.0,1
1759,0,1746.7525634765625,1983.874755859375,25.125,0.0,159.532470703125,0.0,1
1760,0,1701.411865234375,1983.8746337890625,25.125,0.0,142.6409912109375,0.0,1
1761,0,1050.0,150.0,25.125,0.0,152.9901123046875,0.0,1
1762,0,1029.2489013671875,157.24659729003906,25.125,0.0,169.8870849609375,0.0,2
1763,0,1010.4520874023438,188.03164672851562,25.125,0.0,169.8870849609375,0.0,2
1764,0,983.1823120117188,218.76022338867188,25.125,0.0,169.8870849609375,0.0,2
1765,0,941.9700317382812,235.99151611328125,25.125,0.0,-173.2159423828125,0.0,2
1766,0,898.88330078125,239.0598907470703,25.125,0.0,-156.324462890625,0.0,2
1767,0,858.1124877929688,233.6212158203125,25.125,0.0,-173.2159423828125,0.0,2
1768,0,817.89501953125,226.17893981933594,25.125,0.0,-156.324462890625,0.0,2
1769,0,778.7386474609375,214.2772674560547,25.125,0.0,-156.324462890625,0.0,2
1770,0,743.3189086914062,227.86309814453125,25.125,0.0,-156.324462890625,0.0,2
1771,0,702.2293701171875,234.72068786621094,25.125,0.0,-139.427490234375,0.0,2
1772,0,660.0950927734375,216.08938598632812,25.125,0.0,-122.530517578125,0.0,2
1773,0,629.0270385742188,185.32435607910156,25.125,0.0,-105.633544921875,0.0,2
1774,0,607.7102661132812,148.09144592285156,25.125,0.0,-105.633544921875,0.0,2
1775,0,594.0328979492188,116.12592315673828,25.125,0.0,-88.736572265625,0.0,2
1776,0,586.5556640625,116.12560272216797,25.125,0.0,-105.633544921875,0.0,2
1777,0,576.3762817382812,116.12589263916016,25.125,0.0,-105.633544921875,0.0,2
1778,0,559.55322265625,116.12552642822266,25.125,0.0,-122.530517578125,0.0,2
1779,0,534.8317260742188,116.12589263916016,25.125,0.0,-105.633544921875,0.0,2
1780,0,516.0830078125,116.12562561035156,25.125,0.0,-88.736572265625,0.0,2
1781,0,504.5544738769531,116.12589263916016,25.125,0.0,-105.633544921875,0.0,2
1782,0,494.08624267578125,116.12592315673828,25.125,0.0,-88.736572265625,0.0,2
1783,0,493.7376403808594,116.1258773803711,25.125,0.0,-71.839599609375,0.0,2
1784,0,503.85943603515625,116.1257553100586,25.125,0.0,-54.9481201171875,0.0,2
1785,0,496.12530517578125,116.12535858154297,25.125,0.0,-54.9481201171875,0.0,2
1786,0,497.26373291015625,116.12557220458984,25.125,0.0,-38.0511474609375,0.0,2
1787,0,527.59423828125,116.12522888183594,25.125,0.0,-21.1541748046875,0.0,2
1788,0,569.998291015625,116.12503814697266,25.125,0.0,-4.2572021484375,0.0,2
1789,0,611.7058715820312,116.12517547607422,25.125,0.0,-21.1541748046875,0.0,2
1790,0,654.150634765625,116.12503814697266,25.125,0.0,-4.2572021484375,0.0,2
1791,0,694.9574584960938,117.0120620727539,25.125,0.0,12.6397705078125,0.0,2
1792,0,736.9332275390625,124.12946319580078,25.125,0.0,29.5367431640625,0.0,2
1793,0,775.7324829101562,138.091552734375,25.125,0.0,29.5367431640625,0.0,2
1794,0,783.8743896484375,155.63941955566406,25.125,0.0,12.6397705078125,0.0,2
1795,0,778.686767578125,190.5042266845703,25.125,0.0,12.6397705078125,0.0,2
1796,0,784.4995727539062,218.373291015625,25.125,0.0,-4.2572021484375,0.0,2
1797,0,812.1171264648438,226.4713897705078,25.125,0.0,-21.1541748046875,0.0,2
1798,0,852.7883911132812,221.92591857910156,25.125,0.0,-4.2572021484375,0.0,2
1799,0,894.7897338867188,219.54151916503906,25.125,0.0,12.6397705078125,0.0,2
1800,0,935.5458984375,221.06036376953125,25.125,0.0,-4.2572021484375,0.0,2
1801,0,976.3041381835938,222.4720001220703,25.125,0.0,12.6397705078125,0.0,2
1802,0,1018.1505737304688,229.84585571289062,25.125,0.0,29.5367431640625,0.0,2
1803,0,1057.1494140625,241.9923095703125,25.125,0.0,12.6397705078125,0.0,2
1804,0,1083.8741455078125,255.4221649169922,25.125,0.0,29.5367431640625,0.0,2
1805,0,1083.87451171875,279.773681640625,25.125,0.0,46.42822265625,0.0,2
1806,0,1083.8743896484375,283.8442077636719,25.125,0.0,46.42822265625,0.0,2
1807,0,1083.8746337890625,295.1000061035156,25.125,0.0,63.3251953125,0.0,2
1808,0,1086.88037109375,332.0591735839844,25.125,0.0,46.42822265625,0.0,2
1809,0,1108.4840087890625,370.4603576660156,25.125,0.0,29.5367431640625,0.0,2
1810,0,1141.0966796875,399.0844421386719,25.125,0.0,12.6397705078125,0.0,2
1811,0,1181.632080078125,416.4061584472656,25.125,0.0,-4.2572021484375,0.0,2
1812,0,1183.8743896484375,418.51495361328125,25.125,0.0,-21.1541748046875,0.0,2
1813,0,1183.874267578125,405.9506530761719,25.125,0.0,-38.0511474609375,0.0,2
1814,0,1184.959716796875,377.0159606933594,25.125,0.0,-54.9481201171875,0.0,2
1815,0,1199.9344482421875,337.3339538574219,25.125,0.0,-54.9481201171875,0.0,2
1816,0,1218.49951171875,315.2468566894531,25.125,0.0,-71.839599609375,0.0,2
1817,0,1241.45947265625,289.5364990234375,25.125,0.0,-54.9481201171875,0.0,2
1818,0,1265.4674072265625,256.7356262207031,25.125,0.0,-54.9481201171875,0.0,2
1819,0,1287.8017578125,222.34927368164062,25.125,0.0,-71.839599609375,0.0,2
1820,0,1304.2333984375,182.84283447265625,25.125,0.0,-88.736572265625,0.0,2
1821,0,1310.5389404296875,140.99258422851562,25.125,0.0,-105.633544921875,0.0,2
1822,0,1304.77783203125,116.12577819824219,25.125,0.0,-122.530517578125,0.0,2
1823,0,1284.1861572265625,116.12577819824219,25.125,0.0,-122.530517578125,0.0,2
1824,0,1254.7691650390625,116.12577819824219,25.125,0.0,-122.530517578125,0.0,2
1825,0,1221.48388671875,116.12577819824219,25.125,0.0,-122.530517578125,0.0,2
1826,0,1186.4912109375,116.12552642822266,25.125,0.0,-122.530517578125,0.0,2
1827,0,1183.6832275390625,116.12549591064453,25.125,0.0,-122.530517578125,0.0,2
1828,0,1178.912841796875,116.12540435791016,25.125,0.0,-139.427490234375,0.0,2
1829,0,1151.42236328125,134.386962890625,25.125,0.0,-139.427490234375,0.0,2
1830,0,1115.602783203125,134.60748291015625,25.125,0.0,-122.530517578125,0.0,2
1831,0,1080.4766845703125,116.12577819824219,25.125,0.0,-122.530517578125,0.0,2
1832,0,1046.3621826171875,116.12577819824219,25.125,0.0,-122.530517578125,0.0,2
1833,0,1011.0050048828125,116.12577819824219,25.125,0.0,-122.530517578125,0.0,2
1834,0,977.7015991210938,116.12589263916016,25.125,0.0,-105.633544921875,0.0,2
1835,0,954.723876953125,116.12562561035156,25.125,0.0,-88.736572265625,0.0,2
1836,0,920.0205078125,116.12501525878906,25.125,0.0,-88.736572265625,0.0,2
1837,0,917.4568481445312,116.12559509277344,25.125,0.0,-71.839599609375,0.0,2
1838,0,927.8206787109375,116.1257553100586,25.125,0.0,-54.9481201171875,0.0,2
1839,0,950.0889282226562,116.12559509277344,25.125,0.0,-71.839599609375,0.0,2
1840,0,987.0095825195312,123.162109375,25.125,0.0,-71.839599609375,0.0,2
1841,0,1017.2049560546875,116.12592315673828,25.125,0.0,-88.736572265625,0.0,2
1842,0,1035.4791259765625,116.12559509277344,25.125,0.0,-71.839599609375,0.0,2
1843,0,1024.5491943359375,116.12528991699219,25.125,0.0,-71.839599609375,0.0,2
1844,0,1011.0750732421875,116.12562561035156,25.125,0.0,-88.736572265625,0.0,2
1845,0,1011.0776977539062,116.1258773803711,25.125,0.0,-71.839599609375,0.0,2
1846,0,1014.4347534179688,116.12562561035156,25.125,0.0,-88.736572265625,0.0,2
1847,0,1015.9310913085938,116.1258773803711,25.125,0.0,-71.839599609375,0.0,2
1848,0,1022.8619384765625,116.1258773803711,25.125,0.0,-71.839599609375,0.0,2
1849,0,1039.6654052734375,116.1257553100586,25.125,0.0,-54.9481201171875,0.0,2
1850,0,1070.1002197265625,116.12557220458984,25.125,0.0,-38.0511474609375,0.0,2
1851,0,1112.4600830078125,116.12513732910156,25.125,0.0,-21.1541748046875,0.0,2
1852,0,1155.42236328125,116.1252212524414,25.125,0.0,-21.1541748046875,0.0,2
1853,0,1200.9732666015625,116.1253890991211,25.125,0.0,-38.0511474609375,0.0,2
1854,0,1249.7845458984375,116.1257553100586,25.125,0.0,-54.9481201171875,0.0,2
1855,0,1295.7587890625,116.1253890991211,25.125,0.0,-38.0511474609375,0.0,2
1856,0,1344.2156982421875,116.1257553100586,25.125,0.0,-54.9481201171875,0.0,2
1857,0,1385.05615234375,116.1258773803711,25.125,0.0,-71.839599609375,0.0,2
1858,0,1419.5450439453125,116.1257553100586,25.125,0.0,-54.9481201171875,0.0,2
1859,0,1457.677490234375,116.12557220458984,25.125,0.0,-38.0511474609375,0.0,2
1860,0,1501.5108642578125,116.1255111694336,25.125,0.0,-54.9481201171875,0.0,2
1861,0,1540.8565673828125,116.1258773803711,25.125,0.0,-71.839599609375,0.0,2
1862,0,1568.1533203125,116.12562561035156,25.125,0.0,-88.736572265625,0.0,2
1863,0,1578.9215087890625,116.12589263916016,25.125,0.0,-105.633544921875,0.0,2
1864,0,1572.4437255859375,116.12552642822266,25.125,0.0,-122.530517578125,0.0,2
1865,0,1550.716552734375,116.12577819824219,25.125,0.0,-122.530517578125,0.0,2
1866,0,1521.021240234375,116.12577819824219,25.125,0.0,-122.530517578125,0.0,2
1867,0,1481.8834228515625,127.61788940429688,25.125,0.0,-122.530517578125,0.0,2
1868,0,1446.9493408203125,116.56742858886719,25.125,0.0,-105.633544921875,0.0,2
1869,0,1407.5640869140625,120.07763671875,25.125,0.0,-105.633544921875,0.0,2
1870,0,1377.3460693359375,116.12592315673828,25.125,0.0,-88.736572265625,0.0,2
1871,0,1361.3272705078125,116.12560272216797,25.125,0.0,-105.633544921875,0.0,2
1872,0,1344.489013671875,116.12589263916016,25.125,0.0,-105.633544921875,0.0,2
1873,0,1311.4658203125,122.20455169677734,25.125,0.0,-105.633544921875,0.0,2
1874,0,1275.5322265625,116.12577819824219,25.125,0.0,-122.530517578125,0.0,2
1875,0,1240.545166015625,116.12577819824219,25.125,0.0,-122.530517578125,0.0,2
1876,0,1204.75927734375,116.12552642822266,25.125,0.0,-122.530517578125,0.0,2
1877,0,1170.616455078125,116.12589263916016,25.125,0.0,-105.633544921875,0.0,2
1878,0,1141.86328125,116.12552642822266,25.125,0.0,-122.530517578125,0.0,2
1879,0,1106.4439697265625,116.12560272216797,25.125,0.0,-139.427490234375,0.0,2
1880,0,1064.0433349609375,116.12516021728516,25.125,0.0,-156.324462890625,0.0,2
1881,0,1016.70654296875,116.12560272216797,25.125,0.0,-139.427490234375,0.0,2
1882,0,970.57470703125,116.1252212524414,25.125,0.0,-156.324462890625,0.0,2
1883,0,927.78125,116.12506103515625,25.125,0.0,-173.2159423828125,0.0,2
1884,0,916.1259155273438,116.125,25.125,0.0,-173.2159423828125,0.0,2
1885,0,916.1256103515625,116.52696228027344,25.125,0.0,169.8870849609375,0.0,2
1886,0,920.3627319335938,140.30026245117188,25.125,0.0,169.8870849609375,0.0,2
1887,0,916.1255493164062,171.60235595703125,25.125,0.0,152.9901123046875,0.0,2
1888,0,925.8842163085938,210.46337890625,25.125,0.0,152.9901123046875,0.0,2
1889,0,913.2930297851562,243.111572265625,25.125,0.0,169.8870849609375,0.0,2
1890,0,877.6019897460938,266.73480224609375,25.125,0.0,152.9901123046875,0.0,2
1891,0,865.2511596679688,301.0261535644531,25.125,0.0,152.9901123046875,0.0,2
1892,0,843.0917358398438,337.2770690917969,25.125,0.0,169.8870849609375,0.0,2
1893,0,807.8255004882812,360.2677307128906,25.125,0.0,152.9901123046875,0.0,2
1894,0,773.0928955078125,381.7515563964844,25.125,0.0,136.0931396484375,0.0,2
1895,0,740.674560546875,409.4263000488281,25.125,0.0,119.1961669921875,0.0,2
1896,0,713.5437622070312,439.9807434082031,25.125,0.0,136.0931396484375,0.0,2
1897,0,686.311279296875,471.6690673828125,25.125,0.0,119.1961669921875,0.0,2
1898,0,664.1172485351562,506.8456115722656,25.125,0.0,102.3046875,0.0,2
1899,0,650.5064697265625,546.7904663085938,25.125,0.0,85.40771484375,0.0,2
1900,0,647.836181640625,589.2528686523438,25.125,0.0,68.5107421875,0.0,2
1901,0,657.1177368164062,630.9119873046875,25.125,0.0,51.61376953125,0.0,2
1902,0,675.8816528320312,669.119140625,25.125,0.0,51.61376953125,0.0,2
1903,0,696.5070190429688,704.2786254882812,25.125,0.0,68.5107421875,0.0,2
1904,0,713.42236328125,743.1807861328125,25.125,0.0,85.40771484375,0.0,2
1905,0,723.2659301757812,783.1610717773438,25.125,0.0,85.40771484375,0.0,2
1906,0,727.6531982421875,825.260009765625,25.125,0.0,102.3046875,0.0,2
1907,0,727.1055908203125,866.0684814453125,25.125,0.0,85.40771484375,0.0,2
1908,0,730.1360473632812,907.202880859375,25.125,0.0,68.5107421875,0.0,2
1909,0,741.7562255859375,947.5429077148438,25.125,0.0,51.61376953125,0.0,2
1910,0,759.1416625976562,984.580078125,25.125,0.0,68.5107421875,0.0,2
1911,0,793.4279174804688,999.9859008789062,25.125,0.0,68.5107421875,0.0,2
1912,0,827.2304077148438,1024.139892578125,25.125,0.0,85.40771484375,0.0,2
1913,0,843.9710693359375,1067.0579833984375,25.125,0.0,102.3046875,0.0,2
1914,0,846.7366333007812,1109.2567138671875,25.125,0.0,102.3046875,0.0,2
1915,0,840.8218383789062,1151.6192626953125,25.125,0.0,119.1961669921875,0.0,2
1916,0,813.875732421875,1167.0784912109375,25.125,0.0,119.1961669921875,0.0,2
1917,0,780.9715576171875,1188.910888671875,25.125,0.0,102.3046875,0.0,2
1918,0,761.00048828125,1228.4202880859375,25.125,0.0,85.40771484375,0.0,2
1919,0,751.53955078125,1268.6473388671875,25.125,0.0,102.3046875,0.0,2
1920,0,740.88427734375,1309.218505859375,25.125,0.0,119.1961669921875,0.0,2
1921,0,727.35205078125,1347.6741943359375,25.125,0.0,102.3046875,0.0,2
1922,0,716.1254272460938,1387.47900390625,25.125,0.0,119.1961669921875,0.0,2
1923,0,714.5801391601562,1431.773681640625,25.125,0.0,119.1961669921875,0.0,2
1924,0,705.8971557617188,1473.108154296875,25.125,0.0,102.3046875,0.0,2
1925,0,698.7215576171875,1513.4776611328125,25.125,0.0,85.40771484375,0.0,2
1926,0,698.7015991210938,1555.30322265625,25.125,0.0,68.5107421875,0.0,2
1927,0,708.9240112304688,1596.438232421875,25.125,0.0,51.61376953125,0.0,2
1928,0,727.4594116210938,1633.601806640625,25.125,0.0,51.61376953125,0.0,2
1929,0,748.5015869140625,1669.62890625,25.125,0.0,68.5107421875,0.0,2
1930,0,768.0945434570312,1705.3736572265625,25.125,0.0,51.61376953125,0.0,2
1931,0,789.3309326171875,1741.28564453125,25.125,0.0,68.5107421875,0.0,2
1932,0,805.77783203125,1779.315673828125,25.125,0.0,85.40771484375,0.0,2
1933,0,815.6779174804688,1820.25439453125,25.125,0.0,85.40771484375,0.0,2
1934,0,823.6159057617188,1860.2547607421875,25.125,0.0,68.5107421875,0.0,2
1935,0,836.9889526367188,1899.571044921875,25.125,0.0,51.61376953125,0.0,2
1936,0,855.039794921875,1936.22314453125,25.125,0.0,68.5107421875,0.0,2
1937,0,870.3842163085938,1974.4967041015625,25.125,0.0,85.40771484375,0.0,2
1938,0,876.2437133789062,1983.8741455078125,25.125,0.0,102.3046875,0.0,2
1939,0,870.557861328125,1983.87451171875,25.125,0.0,119.1961669921875,0.0,2
1940,0,848.9254760742188,1983.8743896484375,25.125,0.0,136.0931396484375,0.0,2
1941,0,813.0574951171875,1983.8743896484375,25.125,0.0,136.0931396484375,0.0,2
1942,0,768.0973510742188,1983.874755859375,25.125,0.0,152.9901123046875,0.0,2
1943,0,720.9364013671875,1983.8743896484375,25.125,0.0,136.0931396484375,0.0,2
1944,0,673.7719116210938,1983.8748779296875,25.125,0.0,152.9901123046875,0.0,2
1945,0,630.3787231445312,1983.8748779296875,25.125,0.0,169.8870849609375,0.0,2
1946,0,588.66259765625,1983.874755859375,25.125,0.0,152.9901123046875,0.0,2
1947,0,545.2775268554688,1983.8748779296875,25.125,0.0,169.8870849609375,0.0,2
1948,0,504.5257263183594,1983.6883544921875,25.125,0.0,-173.2159423828125,0.0,2
1949,0,462.4959716796875,1979.2744140625,25.125,0.0,-156.324462890625,0.0,2
1950,0,422.8294372558594,1968.5360107421875,25.125,0.0,-156.324462890625,0.0,2
1951,0,383.8795471191406,1956.4527587890625,25.125,0.0,-173.2159423828125,0.0,2
1952,0,343.5603942871094,1945.726318359375,25.125,0.0,-156.324462890625,0.0,2
1953,0,305.127685546875,1930.31982421875,25.125,0.0,-139.427490234375,0.0,2
1954,0,269.2018737792969,1908.316162109375,25.125,0.0,-139.427490234375,0.0,2
1955,0,236.21563720703125,1886.01171875,25.125,0.0,-156.324462890625,0.0,2
1956,0,198.1277313232422,1867.1087646484375,25.125,0.0,-173.2159423828125,0.0,2
1957,0,158.577880859375,1855.535888671875,25.125,0.0,-173.2159423828125,0.0,2
1958,0,118.01979064941406,1845.6868896484375,25.125,0.0,-156.324462890625,0.0,2
1959,0,116.12591552734375,1832.71923828125,25.125,0.0,-173.2159423828125,0.0,2
1960,0,116.12557220458984,1818.64013671875,25.125,0.0,-156.324462890625,0.0,2
1961,0,116.12570190429688,1794.950439453125,25.125,0.0,-139.427490234375,0.0,2
1962,0,116.12533569335938,1758.85986328125,25.125,0.0,-122.530517578125,0.0,2
1963,0,116.1251449584961,1714.559326171875,25.125,0.0,-105.633544921875,0.0,2
1964,0,116.12532043457031,1671.6075439453125,25.125,0.0,-122.530517578125,0.0,2
1965,0,116.1251449584961,1626.9384765625,25.125,0.0,-105.633544921875,0.0,2
1966,0,116.12544250488281,1582.923828125,25.125,0.0,-122.530517578125,0.0,2
1967,0,116.12570190429688,1533.8668212890625,25.125,0.0,-139.427490234375,0.0,2
1968,0,116.12532806396484,1486.1123046875,25.125,0.0,-122.530517578125,0.0,2
1969,0,116.1250991821289,1442.4375,25.125,0.0,-105.633544921875,0.0,2
1970,0,116.12545776367188,1397.4188232421875,25.125,0.0,-122.530517578125,0.0,2
1971,0,116.12528991699219,1351.0457763671875,25.125,0.0,-122.530517578125,0.0,2
1972,0,116.12539672851562,1303.5841064453125,25.125,0.0,-122.530517578125,0.0,2
1973,0,116.1251449584961,1259.94384765625,25.125,0.0,-105.633544921875,0.0,2
1974,0,116.13726806640625,1218.995361328125,25.125,0.0,-88.736572265625,0.0,2
1975,0,118.53034973144531,1178.0555419921875,25.125,0.0,-71.839599609375,0.0,2
1976,0,128.4027557373047,1137.4339599609375,25.125,0.0,-54.9481201171875,0.0,2
1977,0,144.15560913085938,1098.6455078125,25.125,0.0,-71.839599609375,0.0,2
1978,0,131.930419921875,1066.6484375,25.125,0.0,-71.839599609375,0.0,2
1979,0,123.5257568359375,1025.6568603515625,25.125,0.0,-54.9481201171875,0.0,2
1980,0,132.9004669189453,984.7586059570312,25.125,0.0,-71.839599609375,0.0,2
1981,0,146.75050354003906,945.0391845703125,25.125,0.0,-54.9481201171875,0.0,2
1982,0,167.77243041992188,908.7861328125,25.125,0.0,-38.0511474609375,0.0,2
1983,0,169.69265747070312,868.1513061523438,25.125,0.0,-38.0511474609375,0.0,2
1984,0,177.2895965576172,825.4066772460938,25.125,0.0,-54.9481201171875,0.0,2
1985,0,183.8748779296875,785.415771484375,25.125,0.0,-71.839599609375,0.0,2
1986,0,183.87449645996094,739.6825561523438,25.125,0.0,-54.9481201171875,0.0,2
1987,0,183.8748779296875,695.3106689453125,25.125,0.0,-71.839599609375,0.0,2
1988,0,185.0103302001953,653.2575073242188,25.125,0.0,-88.736572265625,0.0,2
1989,0,188.26329040527344,612.464599609375,25.125,0.0,-71.839599609375,0.0,2
1990,0,194.4956512451172,571.2024536132812,25.125,0.0,-88.736572265625,0.0,2
1991,0,200.0281982421875,530.79541015625,25.125,0.0,-71.839599609375,0.0,2
1992,0,206.828369140625,516.1256103515625,25.125,0.0,-88.736572265625,0.0,2
1993,0,206.63131713867188,516.1259155273438,25.125,0.0,-105.633544921875,0.0,2
1994,0,198.8250274658203,516.1255493164062,25.125,0.0,-122.530517578125,0.0,2
1995,0,173.76121520996094,516.1256103515625,25.125,0.0,-139.427490234375,0.0,2
1996,0,133.67784118652344,516.1251831054688,25.125,0.0,-156.324462890625,0.0,2
1997,0,116.12591552734375,516.125,25.125,0.0,-173.2159423828125,0.0,2
1998,0,116.12590789794922,516.548828125,25.125,0.0,169.8870849609375,0.0,2
1999,0,116.12582397460938,521.1083374023438,25.125,0.0,152.9901123046875,0.0,2
2000,0,116.12566375732422,539.9542236328125,25.125,0.0,136.0931396484375,0.0,2
