tag,step,wall_time,value
intrmotiv/dg/gradient/ppo_norm,16384,1790356008.8368435,0.0
intrmotiv/dg/gradient/ppo_norm,32768,1790356020.0918763,0.0
intrmotiv/dg/gradient/ppo_norm,49152,1790356029.3661647,0.0
intrmotiv/dg/gradient/ppo_norm,65536,1790356034.3326817,0.0
intrmotiv/dg/gradient/ppo_norm,98304,1790356043.326233,0.0
intrmotiv/dg/gradient/ppo_norm,131072,1790356051.8524168,0.0
intrmotiv/dg/gradient/ppo_norm,163840,1790356059.638143,0.0
intrmotiv/dg/gradient/ppo_norm,196608,1790356067.1794274,0.0
intrmotiv/dg/gradient/ppo_norm,212992,1790356070.8174922,0.0
intrmotiv/dg/gradient/ppo_norm,245760,1790356077.937861,0.0
intrmotiv/dg/gradient/ppo_norm,278528,1790356084.626397,0.0
intrmotiv/dg/gradient/ppo_norm,294912,1790356088.3956468,0.0
intrmotiv/dg/gradient/ppo_norm,327680,1790356095.3174164,0.0
intrmotiv/dg/gradient/ppo_norm,360448,1790356102.2408519,0.0
intrmotiv/dg/gradient/ppo_norm,393216,1790356109.09868,0.0
intrmotiv/dg/gradient/ppo_norm,425984,1790356115.95164,0.0
intrmotiv/dg/gradient/ppo_norm,458752,1790356122.6211755,0.0
intrmotiv/dg/gradient/ppo_norm,491520,1790356129.363152,0.0
intrmotiv/dg/gradient/ppo_norm,524288,1790356136.0918136,0.0
intrmotiv/dg/gradient/ppo_norm,557056,1790356142.7768643,0.0
intrmotiv/dg/gradient/ppo_norm,589824,1790356149.5338683,0.0
intrmotiv/dg/gradient/ppo_norm,622592,1790356156.2118015,0.0
intrmotiv/dg/gradient/ppo_norm,655360,1790356162.950606,0.0
intrmotiv/dg/gradient/ppo_norm,688128,1790356169.6530297,0.0
intrmotiv/dg/gradient/ppo_norm,720896,1790356176.4278746,0.0
intrmotiv/dg/gradient/ppo_norm,753664,1790356183.3606699,0.0
intrmotiv/dg/gradient/ppo_norm,770048,1790356186.818812,0.0
intrmotiv/dg/gradient/ppo_norm,802816,1790356193.56894,0.0
intrmotiv/dg/gradient/ppo_norm,835584,1790356200.4752746,0.0
intrmotiv/dg/gradient/ppo_norm,868352,1790356207.2009897,0.0
intrmotiv/dg/gradient/ppo_norm,901120,1790356213.9067135,0.0
intrmotiv/dg/gradient/ppo_norm,933888,1790356220.6971204,0.0
intrmotiv/dg/gradient/ppo_norm,966656,1790356227.4711857,0.0
intrmotiv/dg/gradient/ppo_norm,999424,1790356234.18016,0.0
intrmotiv/dg/gradient/ppo_norm,1032192,1790356241.1623218,0.0
intrmotiv/dg/gradient/ppo_norm,1064960,1790356247.800743,0.0
intrmotiv/dg/gradient/ppo_norm,1097728,1790356254.4444818,0.0
intrmotiv/dg/gradient/ppo_norm,1130496,1790356261.1848032,0.0
intrmotiv/dg/gradient/ppo_norm,1163264,1790356267.8242898,0.0
intrmotiv/dg/gradient/ppo_norm,1196032,1790356274.5632915,0.0
intrmotiv/dg/gradient/ppo_norm,1228800,1790356281.346258,0.0
intrmotiv/dg/gradient/ppo_norm,1261568,1790356287.9210355,0.0
intrmotiv/dg/gradient/ppo_norm,1294336,1790356294.6778316,0.0
intrmotiv/dg/gradient/ppo_norm,1327104,1790356301.4605377,0.0
intrmotiv/dg/gradient/ppo_norm,1359872,1790356308.0787458,0.0
intrmotiv/dg/gradient/ppo_norm,1392640,1790356315.0335808,0.0
intrmotiv/dg/gradient/ppo_norm,1425408,1790356321.7391388,0.0
intrmotiv/dg/gradient/ppo_norm,1458176,1790356328.4096558,0.0
intrmotiv/dg/gradient/ppo_norm,1490944,1790356335.176289,0.0
intrmotiv/dg/gradient/ppo_norm,1523712,1790356341.8339775,0.0
intrmotiv/dg/gradient/ppo_norm,1556480,1790356348.6073365,0.0
intrmotiv/dg/gradient/ppo_norm,1589248,1790356355.4457257,0.0
intrmotiv/dg/gradient/ppo_norm,1622016,1790356362.2674298,0.0
intrmotiv/dg/gradient/ppo_norm,1654784,1790356369.1752684,0.0
intrmotiv/dg/gradient/ppo_norm,1687552,1790356375.9285634,0.0
intrmotiv/dg/gradient/ppo_norm,1720320,1790356382.677566,0.0
intrmotiv/dg/gradient/ppo_norm,1753088,1790356389.4562886,0.0
intrmotiv/dg/gradient/ppo_norm,1785856,1790356396.0817966,0.0
intrmotiv/dg/gradient/ppo_norm,1818624,1790356402.7277746,0.0
intrmotiv/dg/gradient/ppo_norm,1851392,1790356409.4593718,0.0
intrmotiv/dg/gradient/ppo_norm,1884160,1790356416.1450744,0.0
intrmotiv/dg/gradient/ppo_norm,1916928,1790356422.8278475,0.0
intrmotiv/dg/gradient/ppo_norm,1949696,1790356429.592053,0.0
intrmotiv/dg/gradient/ppo_norm,1982464,1790356436.3384233,0.0
intrmotiv/dg/gradient/ppo_norm,2015232,1790356443.6067111,0.0
intrmotiv/dg/gradient/ppo_norm,2031616,1790356447.015698,0.0
intrmotiv/dg/gradient/ppo_norm,2064384,1790356453.77973,0.0
intrmotiv/dg/gradient/ppo_norm,2097152,1790356460.5418768,0.0
intrmotiv/dg/gradient/ppo_norm,2129920,1790356467.192008,0.0
intrmotiv/dg/gradient/ppo_norm,2162688,1790356473.8989842,0.0
intrmotiv/dg/gradient/ppo_norm,2195456,1790356480.6827986,0.0
intrmotiv/dg/gradient/ppo_norm,2228224,1790356487.4448555,0.0
intrmotiv/dg/gradient/ppo_norm,2260992,1790356494.0543282,0.0
intrmotiv/dg/gradient/ppo_norm,2293760,1790356500.5562088,0.0
intrmotiv/dg/gradient/ppo_norm,2326528,1790356507.2066314,0.0
intrmotiv/dg/gradient/ppo_norm,2359296,1790356513.9109337,0.0
intrmotiv/dg/gradient/ppo_norm,2392064,1790356520.4940941,0.0
intrmotiv/dg/gradient/ppo_norm,2424832,1790356527.0577512,0.0
intrmotiv/dg/gradient/ppo_norm,2457600,1790356533.617711,0.0
intrmotiv/dg/gradient/ppo_norm,2490368,1790356540.1327782,0.0
intrmotiv/dg/gradient/ppo_norm,2523136,1790356546.7427683,0.0
intrmotiv/dg/gradient/ppo_norm,2555904,1790356553.306372,0.0
intrmotiv/dg/gradient/ppo_norm,2588672,1790356559.9435897,0.0
intrmotiv/dg/gradient/ppo_norm,2621440,1790356566.543294,0.0
intrmotiv/dg/gradient/ppo_norm,2654208,1790356573.2613115,0.0
intrmotiv/dg/gradient/ppo_norm,2686976,1790356579.86797,0.0
intrmotiv/dg/gradient/ppo_norm,2719744,1790356586.4754422,0.0
intrmotiv/dg/gradient/ppo_norm,2752512,1790356593.118312,0.0
intrmotiv/dg/gradient/ppo_norm,2785280,1790356599.9975646,0.0
intrmotiv/dg/gradient/ppo_norm,2818048,1790356606.726084,0.0
intrmotiv/dg/gradient/ppo_norm,2850816,1790356613.3635442,0.0
intrmotiv/dg/gradient/ppo_norm,2883584,1790356620.0391238,0.0
intrmotiv/dg/gradient/ppo_norm,2916352,1790356626.7281408,0.0
intrmotiv/dg/gradient/ppo_norm,2949120,1790356633.4874187,0.0
intrmotiv/dg/gradient/ppo_norm,2981888,1790356640.1436584,0.0
intrmotiv/dg/gradient/ppo_norm,3014656,1790356646.9845836,0.0
intrmotiv/dg/gradient/ppo_norm,3047424,1790356653.6042533,0.0
intrmotiv/dg/gradient/ppo_norm,3080192,1790356660.2444556,0.0
intrmotiv/dg/gradient/ppo_norm,3112960,1790356666.8305478,0.0
intrmotiv/dg/gradient/ppo_norm,3145728,1790356673.6104724,0.0
intrmotiv/dg/gradient/ppo_norm,3178496,1790356680.121035,0.0
intrmotiv/dg/gradient/ppo_norm,3211264,1790356686.6648245,0.0
intrmotiv/dg/gradient/ppo_norm,3244032,1790356693.2251022,0.0
intrmotiv/dg/gradient/ppo_norm,3276800,1790356699.7434764,0.0
intrmotiv/dg/gradient/ppo_norm,3309568,1790356706.2960796,0.0
intrmotiv/dg/gradient/ppo_norm,3342336,1790356712.774371,0.0
intrmotiv/dg/gradient/ppo_norm,3375104,1790356719.3451056,0.0
intrmotiv/dg/gradient/ppo_norm,3407872,1790356725.8370657,0.0
intrmotiv/dg/gradient/ppo_norm,3440640,1790356732.2366955,0.0
intrmotiv/dg/gradient/ppo_norm,3473408,1790356738.8218286,0.0
intrmotiv/dg/gradient/ppo_norm,3506176,1790356745.2525876,0.0
intrmotiv/dg/gradient/ppo_norm,3538944,1790356751.6940374,0.0
intrmotiv/dg/gradient/ppo_norm,3571712,1790356758.3235345,0.0
intrmotiv/dg/gradient/ppo_norm,3604480,1790356764.9258132,0.0
intrmotiv/dg/gradient/ppo_norm,3637248,1790356771.4944673,0.0
intrmotiv/dg/gradient/ppo_norm,3670016,1790356778.153655,0.0
intrmotiv/dg/gradient/ppo_norm,3702784,1790356784.7945378,0.0
intrmotiv/dg/gradient/ppo_norm,3735552,1790356791.510568,0.0
intrmotiv/dg/gradient/ppo_norm,3768320,1790356798.1904705,0.0
intrmotiv/dg/gradient/ppo_norm,3801088,1790356804.8468254,0.0
intrmotiv/dg/gradient/ppo_norm,3833856,1790356811.536298,0.0
intrmotiv/dg/gradient/ppo_norm,3866624,1790356818.2628152,0.0
intrmotiv/dg/gradient/ppo_norm,3899392,1790356824.7963152,0.0
intrmotiv/dg/gradient/ppo_norm,3932160,1790356831.3066297,0.0
intrmotiv/dg/gradient/ppo_norm,3964928,1790356838.024911,0.0
intrmotiv/dg/gradient/ppo_norm,3997696,1790356844.7474961,0.0
intrmotiv/dg/gradient/ppo_norm,4030464,1790356851.5949285,0.0
intrmotiv/dg/gradient/ppo_norm,4063232,1790356858.1672072,0.0
intrmotiv/dg/gradient/ppo_norm,4096000,1790356864.7814622,0.0
intrmotiv/dg/gradient/ppo_norm,4128768,1790356871.2678282,0.0
intrmotiv/dg/gradient/ppo_norm,4161536,1790356877.7408254,0.0
intrmotiv/dg/gradient/ppo_norm,4194304,1790356884.2646322,0.0
intrmotiv/dg/gradient/ppo_norm,4227072,1790356890.656748,0.0
intrmotiv/dg/gradient/ppo_norm,4259840,1790356897.165426,0.0
intrmotiv/dg/gradient/ppo_norm,4292608,1790356903.6621234,0.0
intrmotiv/dg/gradient/ppo_norm,4325376,1790356910.1186452,0.0
intrmotiv/dg/gradient/ppo_norm,4358144,1790356916.6118565,0.0
intrmotiv/dg/gradient/ppo_norm,4390912,1790356923.2168295,0.0
intrmotiv/dg/gradient/ppo_norm,4423680,1790356929.8731635,0.0
intrmotiv/dg/gradient/ppo_norm,4456448,1790356936.3072977,0.0
intrmotiv/dg/gradient/ppo_norm,4489216,1790356943.0612552,0.0
intrmotiv/dg/gradient/ppo_norm,4521984,1790356949.4216378,0.0
intrmotiv/dg/gradient/ppo_norm,4554752,1790356955.880356,0.0
intrmotiv/dg/gradient/ppo_norm,4587520,1790356962.4136379,0.0
intrmotiv/dg/gradient/ppo_norm,4620288,1790356969.0117874,0.0
intrmotiv/dg/gradient/ppo_norm,4653056,1790356975.3733268,0.0
intrmotiv/dg/gradient/ppo_norm,4685824,1790356981.8121192,0.0
intrmotiv/dg/gradient/ppo_norm,4718592,1790356988.278243,0.0
intrmotiv/dg/gradient/ppo_norm,4751360,1790356994.6935992,0.0
intrmotiv/dg/gradient/ppo_norm,4784128,1790357001.4016864,0.0
intrmotiv/dg/gradient/ppo_norm,4816896,1790357007.609062,0.0
intrmotiv/dg/gradient/ppo_norm,4849664,1790357014.2372477,0.0
intrmotiv/dg/gradient/ppo_norm,4882432,1790357020.5497704,0.0
intrmotiv/dg/gradient/ppo_norm,4915200,1790357027.1037138,0.0
intrmotiv/dg/gradient/ppo_norm,4947968,1790357033.5443158,0.0
intrmotiv/dg/gradient/ppo_norm,4980736,1790357039.9982846,0.0
intrmotiv/dg/gradient/ppo_norm,5013504,1790357047.9087114,0.0
intrmotiv/dg/gradient/ppo_norm,5046272,1790357054.3957975,0.0
intrmotiv/dg/gradient/ppo_norm,5079040,1790357060.7609887,0.0
intrmotiv/dg/gradient/ppo_norm,5111808,1790357067.248676,0.0
intrmotiv/dg/gradient/ppo_norm,5144576,1790357073.842154,0.0
intrmotiv/dg/gradient/ppo_norm,5177344,1790357080.3780367,0.0
intrmotiv/dg/gradient/ppo_norm,5210112,1790357086.9116557,0.0
intrmotiv/dg/gradient/ppo_norm,5242880,1790357093.1591196,0.0
intrmotiv/dg/gradient/ppo_norm,5275648,1790357099.8508174,0.0
intrmotiv/dg/gradient/ppo_norm,5308416,1790357106.2594714,0.0
intrmotiv/dg/gradient/ppo_norm,5341184,1790357112.8537512,0.0
intrmotiv/dg/gradient/ppo_norm,5373952,1790357119.3734288,0.0
intrmotiv/dg/gradient/ppo_norm,5406720,1790357125.8072226,0.0
intrmotiv/dg/gradient/ppo_norm,5439488,1790357132.3750055,0.0
intrmotiv/dg/gradient/ppo_norm,5472256,1790357139.078723,0.0
intrmotiv/dg/gradient/ppo_norm,5505024,1790357145.4118083,0.0
intrmotiv/dg/gradient/ppo_norm,5537792,1790357151.9268475,0.0
intrmotiv/dg/gradient/ppo_norm,5570560,1790357158.388729,0.0
intrmotiv/dg/gradient/ppo_norm,5603328,1790357164.8586438,0.0
intrmotiv/dg/gradient/ppo_norm,5636096,1790357170.998228,0.0
intrmotiv/dg/gradient/ppo_norm,5668864,1790357177.6708434,0.0
intrmotiv/dg/gradient/ppo_norm,5701632,1790357184.097486,0.0
intrmotiv/dg/gradient/ppo_norm,5734400,1790357190.6374733,0.0
intrmotiv/dg/gradient/ppo_norm,5767168,1790357197.196638,0.0
intrmotiv/dg/gradient/ppo_norm,5799936,1790357203.76146,0.0
intrmotiv/dg/gradient/ppo_norm,5832704,1790357210.3377757,0.0
intrmotiv/dg/gradient/ppo_norm,5865472,1790357216.7244954,0.0
intrmotiv/dg/gradient/ppo_norm,5898240,1790357223.2255435,0.0
intrmotiv/dg/gradient/ppo_norm,5931008,1790357229.8946526,0.0
intrmotiv/dg/gradient/ppo_norm,5963776,1790357236.446236,0.0
intrmotiv/dg/gradient/ppo_norm,5996544,1790357242.848704,0.0
intrmotiv/dg/gradient/ppo_norm,6029312,1790357249.588548,0.0
intrmotiv/dg/gradient/ppo_norm,6062080,1790357256.0891159,0.0
intrmotiv/dg/gradient/ppo_norm,6094848,1790357262.5717914,0.0
intrmotiv/dg/gradient/ppo_norm,6127616,1790357269.1734982,0.0
intrmotiv/dg/gradient/ppo_norm,6160384,1790357275.639918,0.0
intrmotiv/dg/gradient/ppo_norm,6193152,1790357282.1648452,0.0
intrmotiv/dg/gradient/ppo_norm,6225920,1790357288.666028,0.0
intrmotiv/dg/gradient/ppo_norm,6258688,1790357295.2285798,0.0
intrmotiv/dg/gradient/ppo_norm,6291456,1790357301.7289705,0.0
intrmotiv/dg/gradient/ppo_norm,6324224,1790357308.2899904,0.0
intrmotiv/dg/gradient/ppo_norm,6356992,1790357314.7212746,0.0
intrmotiv/dg/gradient/ppo_norm,6389760,1790357321.1822524,0.0
intrmotiv/dg/gradient/ppo_norm,6422528,1790357327.5482855,0.0
intrmotiv/dg/gradient/ppo_norm,6455296,1790357334.199023,0.0
intrmotiv/dg/gradient/ppo_norm,6488064,1790357340.6617954,0.0
intrmotiv/dg/gradient/ppo_norm,6520832,1790357347.0446925,0.0
intrmotiv/dg/gradient/ppo_norm,6553600,1790357353.5105288,0.0
intrmotiv/dg/gradient/ppo_norm,6586368,1790357360.0218256,0.0
intrmotiv/dg/gradient/ppo_norm,6619136,1790357366.4716141,0.0
intrmotiv/dg/gradient/ppo_norm,6651904,1790357373.014262,0.0
intrmotiv/dg/gradient/ppo_norm,6684672,1790357379.6050222,0.0
intrmotiv/dg/gradient/ppo_norm,6717440,1790357386.2007945,0.0
intrmotiv/dg/gradient/ppo_norm,6750208,1790357392.7668653,0.0
intrmotiv/dg/gradient/ppo_norm,6782976,1790357399.2701373,0.0
intrmotiv/dg/gradient/ppo_norm,6815744,1790357405.815326,0.0
intrmotiv/dg/gradient/ppo_norm,6848512,1790357412.3039908,0.0
intrmotiv/dg/gradient/ppo_norm,6881280,1790357418.9552748,0.0
intrmotiv/dg/gradient/ppo_norm,6914048,1790357425.4470453,0.0
intrmotiv/dg/gradient/ppo_norm,6946816,1790357431.9292958,0.0
intrmotiv/dg/gradient/ppo_norm,6979584,1790357438.208321,0.0
intrmotiv/dg/gradient/ppo_norm,7012352,1790357445.0313544,0.0
intrmotiv/dg/gradient/ppo_norm,7045120,1790357451.4253485,0.0
intrmotiv/dg/gradient/ppo_norm,7077888,1790357457.75152,0.0
intrmotiv/dg/gradient/ppo_norm,7110656,1790357464.2072487,0.0
intrmotiv/dg/gradient/ppo_norm,7143424,1790357470.6089692,0.0
intrmotiv/dg/gradient/ppo_norm,7176192,1790357477.0163853,0.0
intrmotiv/dg/gradient/ppo_norm,7208960,1790357483.523484,0.0
intrmotiv/dg/gradient/ppo_norm,7241728,1790357489.5886555,0.0
intrmotiv/dg/gradient/ppo_norm,7274496,1790357496.0999978,0.0
intrmotiv/dg/gradient/ppo_norm,7307264,1790357502.481858,0.0
intrmotiv/dg/gradient/ppo_norm,7340032,1790357508.775303,0.0
intrmotiv/dg/gradient/ppo_norm,7372800,1790357515.2081382,0.0
intrmotiv/dg/gradient/ppo_norm,7405568,1790357521.5674827,0.0
intrmotiv/dg/gradient/ppo_norm,7438336,1790357528.0176384,0.0
intrmotiv/dg/gradient/ppo_norm,7471104,1790357534.570824,0.0
intrmotiv/dg/gradient/ppo_norm,7503872,1790357540.8821197,0.0
intrmotiv/dg/gradient/ppo_norm,7536640,1790357547.228118,0.0
intrmotiv/dg/gradient/ppo_norm,7569408,1790357553.7212365,0.0
intrmotiv/dg/gradient/ppo_norm,7602176,1790357560.2782283,0.0
intrmotiv/dg/gradient/ppo_norm,7634944,1790357566.6801364,0.0
intrmotiv/dg/gradient/ppo_norm,7667712,1790357573.1485023,0.0
intrmotiv/dg/gradient/ppo_norm,7700480,1790357579.6369634,0.0
intrmotiv/dg/gradient/ppo_norm,7733248,1790357586.1658275,0.0
intrmotiv/dg/gradient/ppo_norm,7766016,1790357592.6769702,0.0
intrmotiv/dg/gradient/ppo_norm,7798784,1790357599.18986,0.0
intrmotiv/dg/gradient/ppo_norm,7831552,1790357605.8008053,0.0
intrmotiv/dg/gradient/ppo_norm,7864320,1790357612.4279568,0.0
intrmotiv/dg/gradient/ppo_norm,7897088,1790357618.9219003,0.0
intrmotiv/dg/gradient/ppo_norm,7929856,1790357625.4768798,0.0
intrmotiv/dg/gradient/ppo_norm,7962624,1790357632.0150187,0.0
intrmotiv/dg/gradient/ppo_norm,7995392,1790357638.7403314,0.0
intrmotiv/dg/gradient/ppo_norm,8028160,1790357645.4386415,0.0
intrmotiv/dg/gradient/ppo_norm,8060928,1790357652.0706174,0.0
intrmotiv/dg/gradient/ppo_norm,8093696,1790357658.630469,0.0
intrmotiv/dg/gradient/ppo_norm,8126464,1790357665.2247713,0.0
intrmotiv/dg/gradient/ppo_norm,8159232,1790357671.7954383,0.0
intrmotiv/dg/gradient/ppo_norm,8192000,1790357678.3849277,0.0
intrmotiv/dg/gradient/ppo_norm,8224768,1790357684.996877,0.0
intrmotiv/dg/gradient/ppo_norm,8257536,1790357691.4943273,0.0
intrmotiv/dg/gradient/ppo_norm,8290304,1790357698.0002751,0.0
intrmotiv/dg/gradient/ppo_norm,8323072,1790357704.4948585,0.0
intrmotiv/dg/gradient/ppo_norm,8355840,1790357711.0217638,0.0
intrmotiv/dg/gradient/ppo_norm,8388608,1790357717.5022213,0.0
intrmotiv/dg/gradient/ppo_norm,8421376,1790357724.2985702,0.0
intrmotiv/dg/gradient/ppo_norm,8454144,1790357730.900126,0.0
intrmotiv/dg/gradient/ppo_norm,8486912,1790357737.408911,0.0
intrmotiv/dg/gradient/ppo_norm,8519680,1790357743.7605972,0.0
intrmotiv/dg/gradient/ppo_norm,8552448,1790357750.6940303,0.0
intrmotiv/dg/gradient/ppo_norm,8585216,1790357757.246159,0.0
intrmotiv/dg/gradient/ppo_norm,8617984,1790357763.7570257,0.0
intrmotiv/dg/gradient/ppo_norm,8650752,1790357770.392562,0.0
intrmotiv/dg/gradient/ppo_norm,8683520,1790357776.9540155,0.0
intrmotiv/dg/gradient/ppo_norm,8716288,1790357783.4762383,0.0
intrmotiv/dg/gradient/ppo_norm,8749056,1790357789.8968053,0.0
intrmotiv/dg/gradient/ppo_norm,8781824,1790357796.4829319,0.0
intrmotiv/dg/gradient/ppo_norm,8814592,1790357803.085745,0.0
intrmotiv/dg/gradient/ppo_norm,8847360,1790357809.6195643,0.0
intrmotiv/dg/gradient/ppo_norm,8880128,1790357816.1445894,0.0
intrmotiv/dg/gradient/ppo_norm,8912896,1790357822.543946,0.0
intrmotiv/dg/gradient/ppo_norm,8945664,1790357829.2123446,0.0
intrmotiv/dg/gradient/ppo_norm,8978432,1790357835.9076805,0.0
intrmotiv/dg/gradient/ppo_norm,9011200,1790357842.7908218,0.0
intrmotiv/dg/gradient/ppo_norm,9043968,1790357849.3633356,0.0
intrmotiv/dg/gradient/ppo_norm,9076736,1790357855.7464464,0.0
intrmotiv/dg/gradient/ppo_norm,9109504,1790357862.4577544,0.0
intrmotiv/dg/gradient/ppo_norm,9142272,1790357868.995521,0.0
intrmotiv/dg/gradient/ppo_norm,9175040,1790357875.517241,0.0
intrmotiv/dg/gradient/ppo_norm,9207808,1790357881.9628406,0.0
intrmotiv/dg/gradient/ppo_norm,9240576,1790357888.5730753,0.0
intrmotiv/dg/gradient/ppo_norm,9273344,1790357894.9352622,0.0
intrmotiv/dg/gradient/ppo_norm,9306112,1790357901.361576,0.0
intrmotiv/dg/gradient/ppo_norm,9338880,1790357907.8609061,0.0
intrmotiv/dg/gradient/ppo_norm,9371648,1790357914.248411,0.0
intrmotiv/dg/gradient/ppo_norm,9404416,1790357920.7632394,0.0
intrmotiv/dg/gradient/ppo_norm,9437184,1790357927.0571136,0.0
intrmotiv/dg/gradient/ppo_norm,9469952,1790357933.5580423,0.0
intrmotiv/dg/gradient/ppo_norm,9502720,1790357940.0552135,0.0
intrmotiv/dg/gradient/ppo_norm,9535488,1790357946.5151217,0.0
intrmotiv/dg/gradient/ppo_norm,9568256,1790357952.8950112,0.0
intrmotiv/dg/gradient/ppo_norm,9601024,1790357959.4487908,0.0
intrmotiv/dg/gradient/ppo_norm,9633792,1790357965.8040679,0.0
intrmotiv/dg/gradient/ppo_norm,9666560,1790357972.3390398,0.0
intrmotiv/dg/gradient/ppo_norm,9699328,1790357978.865753,0.0
intrmotiv/dg/gradient/ppo_norm,9732096,1790357985.338535,0.0
intrmotiv/dg/gradient/ppo_norm,9764864,1790357991.7562776,0.0
intrmotiv/dg/gradient/ppo_norm,9797632,1790357998.1642544,0.0
intrmotiv/dg/gradient/ppo_norm,9830400,1790358004.8302743,0.0
intrmotiv/dg/gradient/ppo_norm,9863168,1790358011.3094907,0.0
intrmotiv/dg/gradient/ppo_norm,9895936,1790358017.6998796,0.0
intrmotiv/dg/gradient/ppo_norm,9928704,1790358024.2282145,0.0
intrmotiv/dg/gradient/ppo_norm,9961472,1790358030.957877,0.0
intrmotiv/dg/gradient/ppo_norm,9994240,1790358037.5267003,0.0
intrmotiv/dg/gradient/ppo_norm,10027008,1790358044.3507085,0.0
intrmotiv/dg/gradient/ppo_norm,10059776,1790358050.9054346,0.0
intrmotiv/dg/gradient/ppo_norm,10092544,1790358057.3250413,0.0
intrmotiv/dg/gradient/ppo_norm,10125312,1790358063.910011,0.0
intrmotiv/dg/gradient/ppo_norm,10158080,1790358070.5803185,0.0
intrmotiv/dg/gradient/ppo_norm,10190848,1790358077.192013,0.0
intrmotiv/dg/gradient/ppo_norm,10223616,1790358083.7293243,0.0
intrmotiv/dg/gradient/ppo_norm,10256384,1790358090.1295357,0.0
intrmotiv/dg/gradient/ppo_norm,10289152,1790358096.8578858,0.0
intrmotiv/dg/gradient/ppo_norm,10321920,1790358103.3759127,0.0
intrmotiv/dg/gradient/ppo_norm,10354688,1790358109.838445,0.0
intrmotiv/dg/gradient/ppo_norm,10387456,1790358116.3496358,0.0
intrmotiv/dg/gradient/ppo_norm,10420224,1790358122.811665,0.0
intrmotiv/dg/gradient/ppo_norm,10452992,1790358129.3002012,0.0
intrmotiv/dg/gradient/ppo_norm,10485760,1790358135.6302903,0.0
intrmotiv/dg/gradient/ppo_norm,10518528,1790358142.4154117,0.0
intrmotiv/dg/gradient/ppo_norm,10551296,1790358148.8276813,0.0
intrmotiv/dg/gradient/ppo_norm,10584064,1790358155.332444,0.0
intrmotiv/dg/gradient/ppo_norm,10616832,1790358161.8938115,0.0
intrmotiv/dg/gradient/ppo_norm,10649600,1790358168.197759,0.0
intrmotiv/dg/gradient/ppo_norm,10682368,1790358174.8408954,0.0
intrmotiv/dg/gradient/ppo_norm,10715136,1790358181.4622002,0.0
intrmotiv/dg/gradient/ppo_norm,10747904,1790358188.198504,0.0
intrmotiv/dg/gradient/ppo_norm,10780672,1790358194.729239,0.0
intrmotiv/dg/gradient/ppo_norm,10813440,1790358201.1488461,0.0
intrmotiv/dg/gradient/ppo_norm,10846208,1790358207.5558693,0.0
intrmotiv/dg/gradient/ppo_norm,10878976,1790358213.9851665,0.0
intrmotiv/dg/gradient/ppo_norm,10911744,1790358220.5992072,0.0
intrmotiv/dg/gradient/ppo_norm,10944512,1790358227.064288,0.0
intrmotiv/dg/gradient/ppo_norm,10977280,1790358233.4182193,0.0
intrmotiv/dg/gradient/ppo_norm,11010048,1790358240.0674844,0.0
intrmotiv/dg/gradient/ppo_norm,11042816,1790358246.3736734,0.0
intrmotiv/dg/gradient/ppo_norm,11075584,1790358252.9327967,0.0
intrmotiv/dg/gradient/ppo_norm,11108352,1790358259.3857112,0.0
intrmotiv/dg/gradient/ppo_norm,11141120,1790358265.9326682,0.0
intrmotiv/dg/gradient/ppo_norm,11173888,1790358272.4551759,0.0
intrmotiv/dg/gradient/ppo_norm,11206656,1790358279.185222,0.0
intrmotiv/dg/gradient/ppo_norm,11239424,1790358285.649573,0.0
intrmotiv/dg/gradient/ppo_norm,11272192,1790358292.1507018,0.0
intrmotiv/dg/gradient/ppo_norm,11304960,1790358298.6307995,0.0
intrmotiv/dg/gradient/ppo_norm,11337728,1790358305.0246239,0.0
intrmotiv/dg/gradient/ppo_norm,11370496,1790358311.7050772,0.0
intrmotiv/dg/gradient/ppo_norm,11403264,1790358318.0400503,0.0
intrmotiv/dg/gradient/ppo_norm,11436032,1790358324.485973,0.0
intrmotiv/dg/gradient/ppo_norm,11468800,1790358330.9278612,0.0
intrmotiv/dg/gradient/ppo_norm,11501568,1790358337.401868,0.0
intrmotiv/dg/gradient/ppo_norm,11534336,1790358343.9697013,0.0
intrmotiv/dg/gradient/ppo_norm,11567104,1790358350.4789915,0.0
intrmotiv/dg/gradient/ppo_norm,11599872,1790358356.8886697,0.0
intrmotiv/dg/gradient/ppo_norm,11632640,1790358363.1127105,0.0
intrmotiv/dg/gradient/ppo_norm,11665408,1790358369.6175568,0.0
intrmotiv/dg/gradient/ppo_norm,11698176,1790358376.0384052,0.0
intrmotiv/dg/gradient/ppo_norm,11730944,1790358382.530527,0.0
intrmotiv/dg/gradient/ppo_norm,11763712,1790358389.1637888,0.0
intrmotiv/dg/gradient/ppo_norm,11796480,1790358395.6720688,0.0
intrmotiv/dg/gradient/ppo_norm,11829248,1790358402.3107986,0.0
intrmotiv/dg/gradient/ppo_norm,11862016,1790358408.667833,0.0
intrmotiv/dg/gradient/ppo_norm,11894784,1790358415.072363,0.0
intrmotiv/dg/gradient/ppo_norm,11927552,1790358421.7866755,0.0
intrmotiv/dg/gradient/ppo_norm,11960320,1790358428.3193567,0.0
intrmotiv/dg/gradient/ppo_norm,11993088,1790358434.6669087,0.0
intrmotiv/dg/gradient/ppo_norm,12025856,1790358441.4413202,0.0
intrmotiv/dg/gradient/ppo_norm,12058624,1790358447.8963916,0.0
intrmotiv/dg/gradient/ppo_norm,12091392,1790358454.4396148,0.0
intrmotiv/dg/gradient/ppo_norm,12124160,1790358460.9874055,0.0
intrmotiv/dg/gradient/ppo_norm,12156928,1790358467.4665246,0.0
intrmotiv/dg/gradient/ppo_norm,12189696,1790358474.1219623,0.0
intrmotiv/dg/gradient/ppo_norm,12222464,1790358480.6088588,0.0
intrmotiv/dg/gradient/ppo_norm,12255232,1790358487.4331145,0.0
intrmotiv/dg/gradient/ppo_norm,12288000,1790358494.1122916,0.0
intrmotiv/dg/gradient/ppo_norm,12320768,1790358500.7151604,0.0
intrmotiv/dg/gradient/ppo_norm,12353536,1790358507.4189973,0.0
intrmotiv/dg/gradient/ppo_norm,12386304,1790358514.060182,0.0
intrmotiv/dg/gradient/ppo_norm,12419072,1790358520.6267529,0.0
intrmotiv/dg/gradient/ppo_norm,12451840,1790358527.258079,0.0
intrmotiv/dg/gradient/ppo_norm,12484608,1790358533.780172,0.0
intrmotiv/dg/gradient/ppo_norm,12517376,1790358540.3899407,0.0
intrmotiv/dg/gradient/ppo_norm,12550144,1790358547.2208204,0.0
intrmotiv/dg/gradient/ppo_norm,12582912,1790358553.8542655,0.0
intrmotiv/dg/gradient/ppo_norm,12615680,1790358560.443116,0.0
intrmotiv/dg/gradient/ppo_norm,12648448,1790358567.0905235,0.0
intrmotiv/dg/gradient/ppo_norm,12681216,1790358573.6877809,0.0
intrmotiv/dg/gradient/ppo_norm,12713984,1790358580.2667384,0.0
intrmotiv/dg/gradient/ppo_norm,12746752,1790358586.8904014,0.0
intrmotiv/dg/gradient/ppo_norm,12779520,1790358593.4427214,0.0
intrmotiv/dg/gradient/ppo_norm,12812288,1790358600.2361114,0.0
intrmotiv/dg/gradient/ppo_norm,12845056,1790358606.8974195,0.0
intrmotiv/dg/gradient/ppo_norm,12877824,1790358613.5135798,0.0
intrmotiv/dg/gradient/ppo_norm,12910592,1790358620.0358026,0.0
intrmotiv/dg/gradient/ppo_norm,12943360,1790358626.6712518,0.0
intrmotiv/dg/gradient/ppo_norm,12976128,1790358633.214372,0.0
intrmotiv/dg/gradient/ppo_norm,13008896,1790358640.2243056,0.0
intrmotiv/dg/gradient/ppo_norm,13041664,1790358646.796177,0.0
intrmotiv/dg/gradient/ppo_norm,13074432,1790358653.436308,0.0
intrmotiv/dg/gradient/ppo_norm,13107200,1790358659.9141142,0.0
intrmotiv/dg/gradient/ppo_norm,13139968,1790358666.4293752,0.0
intrmotiv/dg/gradient/ppo_norm,13172736,1790358672.9423575,0.0
intrmotiv/dg/gradient/ppo_norm,13205504,1790358679.604438,0.0
intrmotiv/dg/gradient/ppo_norm,13238272,1790358686.2182229,0.0
intrmotiv/dg/gradient/ppo_norm,13271040,1790358692.6952176,0.0
intrmotiv/dg/gradient/ppo_norm,13303808,1790358699.3179686,0.0
intrmotiv/dg/gradient/ppo_norm,13336576,1790358705.9595933,0.0
intrmotiv/dg/gradient/ppo_norm,13369344,1790358712.5948708,0.0
intrmotiv/dg/gradient/ppo_norm,13402112,1790358719.2865295,0.0
intrmotiv/dg/gradient/ppo_norm,13434880,1790358725.8421412,0.0
intrmotiv/dg/gradient/ppo_norm,13467648,1790358732.4248455,0.0
intrmotiv/dg/gradient/ppo_norm,13500416,1790358739.013276,0.0
intrmotiv/dg/gradient/ppo_norm,13533184,1790358745.6746092,0.0
intrmotiv/dg/gradient/ppo_norm,13565952,1790358752.268966,0.0
intrmotiv/dg/gradient/ppo_norm,13598720,1790358758.8446543,0.0
intrmotiv/dg/gradient/ppo_norm,13631488,1790358765.5139363,0.0
intrmotiv/dg/gradient/ppo_norm,13664256,1790358772.0554624,0.0
intrmotiv/dg/gradient/ppo_norm,13697024,1790358778.688967,0.0
intrmotiv/dg/gradient/ppo_norm,13729792,1790358785.2885492,0.0
intrmotiv/dg/gradient/ppo_norm,13762560,1790358791.9647431,0.0
intrmotiv/dg/gradient/ppo_norm,13795328,1790358798.67067,0.0
intrmotiv/dg/gradient/ppo_norm,13828096,1790358805.3657856,0.0
intrmotiv/dg/gradient/ppo_norm,13860864,1790358811.9655976,0.0
intrmotiv/dg/gradient/ppo_norm,13893632,1790358818.6444604,0.0
intrmotiv/dg/gradient/ppo_norm,13926400,1790358825.264356,0.0
intrmotiv/dg/gradient/ppo_norm,13959168,1790358832.085202,0.0
intrmotiv/dg/gradient/ppo_norm,13991936,1790358838.752309,0.0
intrmotiv/dg/gradient/ppo_norm,14024704,1790358845.6062777,0.0
intrmotiv/dg/gradient/ppo_norm,14057472,1790358852.2619636,0.0
intrmotiv/dg/gradient/ppo_norm,14090240,1790358858.7322106,0.0
intrmotiv/dg/gradient/ppo_norm,14123008,1790358865.3671463,0.0
intrmotiv/dg/gradient/ppo_norm,14155776,1790358871.8384707,0.0
intrmotiv/dg/gradient/ppo_norm,14188544,1790358878.4655368,0.0
intrmotiv/dg/gradient/ppo_norm,14221312,1790358885.1016605,0.0
intrmotiv/dg/gradient/ppo_norm,14254080,1790358891.670561,0.0
intrmotiv/dg/gradient/ppo_norm,14286848,1790358898.3228378,0.0
intrmotiv/dg/gradient/ppo_norm,14319616,1790358904.884899,0.0
intrmotiv/dg/gradient/ppo_norm,14352384,1790358911.7407198,0.0
intrmotiv/dg/gradient/ppo_norm,14385152,1790358918.2711494,0.0
intrmotiv/dg/gradient/ppo_norm,14417920,1790358924.8508732,0.0
intrmotiv/dg/gradient/ppo_norm,14450688,1790358931.3917565,0.0
intrmotiv/dg/gradient/ppo_norm,14483456,1790358937.9605267,0.0
intrmotiv/dg/gradient/ppo_norm,14516224,1790358944.4434786,0.0
intrmotiv/dg/gradient/ppo_norm,14548992,1790358951.047384,0.0
intrmotiv/dg/gradient/ppo_norm,14581760,1790358957.6677501,0.0
intrmotiv/dg/gradient/ppo_norm,14614528,1790358964.307476,0.0
intrmotiv/dg/gradient/ppo_norm,14647296,1790358970.9538927,0.0
intrmotiv/dg/gradient/ppo_norm,14680064,1790358977.4037702,0.0
intrmotiv/dg/gradient/ppo_norm,14712832,1790358983.8932123,0.0
intrmotiv/dg/gradient/ppo_norm,14745600,1790358990.4593825,0.0
intrmotiv/dg/gradient/ppo_norm,14778368,1790358997.001027,0.0
intrmotiv/dg/gradient/ppo_norm,14811136,1790359003.5672815,0.0
intrmotiv/dg/gradient/ppo_norm,14843904,1790359010.1598237,0.0
intrmotiv/dg/gradient/ppo_norm,14876672,1790359016.7342901,0.0
intrmotiv/dg/gradient/ppo_norm,14909440,1790359023.2118235,0.0
intrmotiv/dg/gradient/ppo_norm,14942208,1790359029.8595548,0.0
intrmotiv/dg/gradient/ppo_norm,14974976,1790359036.402239,0.0
intrmotiv/dg/gradient/ppo_norm,15007744,1790359043.2287965,0.0
intrmotiv/dg/gradient/ppo_norm,15040512,1790359049.6938186,0.0
intrmotiv/dg/gradient/ppo_norm,15073280,1790359056.3343422,0.0
intrmotiv/dg/gradient/ppo_norm,15106048,1790359062.806651,0.0
intrmotiv/dg/gradient/ppo_norm,15138816,1790359069.48051,0.0
intrmotiv/dg/gradient/ppo_norm,15171584,1790359076.0421083,0.0
intrmotiv/dg/gradient/ppo_norm,15204352,1790359082.4797547,0.0
intrmotiv/dg/gradient/ppo_norm,15237120,1790359089.1598582,0.0
intrmotiv/dg/gradient/ppo_norm,15269888,1790359095.7694826,0.0
intrmotiv/dg/gradient/ppo_norm,15302656,1790359102.4184518,0.0
intrmotiv/dg/gradient/ppo_norm,15335424,1790359109.0330775,0.0
intrmotiv/dg/gradient/ppo_norm,15368192,1790359115.6758096,0.0
intrmotiv/dg/gradient/ppo_norm,15400960,1790359122.252742,0.0
intrmotiv/dg/gradient/ppo_norm,15433728,1790359128.8909578,0.0
intrmotiv/dg/gradient/ppo_norm,15466496,1790359135.5936306,0.0
intrmotiv/dg/gradient/ppo_norm,15499264,1790359142.0808575,0.0
intrmotiv/dg/gradient/ppo_norm,15532032,1790359148.7123713,0.0
intrmotiv/dg/gradient/ppo_norm,15564800,1790359155.2855203,0.0
intrmotiv/dg/gradient/ppo_norm,15597568,1790359161.8597972,0.0
intrmotiv/dg/gradient/ppo_norm,15630336,1790359168.5506997,0.0
intrmotiv/dg/gradient/ppo_norm,15663104,1790359175.0633292,0.0
intrmotiv/dg/gradient/ppo_norm,15695872,1790359181.7309616,0.0
intrmotiv/dg/gradient/ppo_norm,15728640,1790359188.5129375,0.0
intrmotiv/dg/gradient/ppo_norm,15761408,1790359194.9857097,0.0
intrmotiv/dg/gradient/ppo_norm,15794176,1790359201.5464742,0.0
intrmotiv/dg/gradient/ppo_norm,15826944,1790359208.0785103,0.0
intrmotiv/dg/gradient/ppo_norm,15859712,1790359214.63502,0.0
intrmotiv/dg/gradient/ppo_norm,15892480,1790359221.2064574,0.0
intrmotiv/dg/gradient/ppo_norm,15925248,1790359227.9563725,0.0
intrmotiv/dg/gradient/ppo_norm,15958016,1790359234.4969337,0.0
intrmotiv/dg/gradient/ppo_norm,15990784,1790359241.0780056,0.0
intrmotiv/dg/gradient/ppo_norm,16023552,1790359247.8210056,0.0
intrmotiv/dg/gradient/ppo_norm,16056320,1790359254.3906562,0.0
intrmotiv/dg/gradient/ppo_norm,16089088,1790359261.0500038,0.0
intrmotiv/dg/gradient/ppo_norm,16121856,1790359267.671453,0.0
intrmotiv/dg/gradient/ppo_norm,16154624,1790359274.204661,0.0
intrmotiv/dg/gradient/ppo_norm,16187392,1790359280.765888,0.0
intrmotiv/dg/gradient/ppo_norm,16220160,1790359287.3160198,0.0
intrmotiv/dg/gradient/ppo_norm,16252928,1790359294.1308331,0.0
intrmotiv/dg/gradient/ppo_norm,16285696,1790359300.6160076,0.0
intrmotiv/dg/gradient/ppo_norm,16318464,1790359307.2646136,0.0
intrmotiv/dg/gradient/ppo_norm,16351232,1790359313.7818289,0.0
intrmotiv/dg/gradient/ppo_norm,16384000,1790359320.4291635,0.0
intrmotiv/dg/gradient/ppo_norm,16416768,1790359326.8981066,0.0
intrmotiv/dg/gradient/ppo_norm,16449536,1790359333.5026772,0.0
intrmotiv/dg/gradient/ppo_norm,16482304,1790359340.169441,0.0
intrmotiv/dg/gradient/ppo_norm,16515072,1790359346.7227201,0.0
intrmotiv/dg/gradient/ppo_norm,16547840,1790359353.1371882,0.0
intrmotiv/dg/gradient/ppo_norm,16580608,1790359359.7856572,0.0
intrmotiv/dg/gradient/ppo_norm,16613376,1790359366.254525,0.0
intrmotiv/dg/gradient/ppo_norm,16646144,1790359372.7708654,0.0
intrmotiv/dg/gradient/ppo_norm,16678912,1790359379.3949213,0.0
intrmotiv/dg/gradient/ppo_norm,16711680,1790359386.0086827,0.0
intrmotiv/dg/gradient/ppo_norm,16744448,1790359392.7164037,0.0
intrmotiv/dg/gradient/ppo_norm,16777216,1790359399.4719577,0.0
intrmotiv/dg/gradient/ppo_norm,16809984,1790359405.9259295,0.0
intrmotiv/dg/gradient/ppo_norm,16842752,1790359412.667847,0.0
intrmotiv/dg/gradient/ppo_norm,16875520,1790359419.236835,0.0
intrmotiv/dg/gradient/ppo_norm,16908288,1790359426.0423906,0.0
intrmotiv/dg/gradient/ppo_norm,16941056,1790359432.5216022,0.0
intrmotiv/dg/gradient/ppo_norm,16973824,1790359439.1093938,0.0
intrmotiv/dg/gradient/ppo_norm,17006592,1790359445.9577794,0.0
intrmotiv/dg/gradient/ppo_norm,17039360,1790359452.45253,0.0
intrmotiv/dg/gradient/ppo_norm,17072128,1790359459.0471487,0.0
intrmotiv/dg/gradient/ppo_norm,17104896,1790359465.6860921,0.0
intrmotiv/dg/gradient/ppo_norm,17137664,1790359472.232798,0.0
intrmotiv/dg/gradient/ppo_norm,17170432,1790359478.9340048,0.0
intrmotiv/dg/gradient/ppo_norm,17203200,1790359485.7008991,0.0
intrmotiv/dg/gradient/ppo_norm,17235968,1790359492.2819138,0.0
intrmotiv/dg/gradient/ppo_norm,17268736,1790359498.9612956,0.0
intrmotiv/dg/gradient/ppo_norm,17301504,1790359505.6075258,0.0
intrmotiv/dg/gradient/ppo_norm,17334272,1790359512.3097303,0.0
intrmotiv/dg/gradient/ppo_norm,17367040,1790359518.8854232,0.0
intrmotiv/dg/gradient/ppo_norm,17399808,1790359525.4963138,0.0
intrmotiv/dg/gradient/ppo_norm,17432576,1790359532.1693776,0.0
intrmotiv/dg/gradient/ppo_norm,17465344,1790359538.8547351,0.0
intrmotiv/dg/gradient/ppo_norm,17498112,1790359545.4934626,0.0
intrmotiv/dg/gradient/ppo_norm,17530880,1790359552.097364,0.0
intrmotiv/dg/gradient/ppo_norm,17563648,1790359558.6987767,0.0
intrmotiv/dg/gradient/ppo_norm,17596416,1790359565.308051,0.0
intrmotiv/dg/gradient/ppo_norm,17629184,1790359571.9143472,0.0
intrmotiv/dg/gradient/ppo_norm,17661952,1790359578.470805,0.0
intrmotiv/dg/gradient/ppo_norm,17694720,1790359585.0195704,0.0
intrmotiv/dg/gradient/ppo_norm,17727488,1790359591.560114,0.0
intrmotiv/dg/gradient/ppo_norm,17760256,1790359598.161001,0.0
intrmotiv/dg/gradient/ppo_norm,17793024,1790359604.6922503,0.0
intrmotiv/dg/gradient/ppo_norm,17825792,1790359611.2185378,0.0
intrmotiv/dg/gradient/ppo_norm,17858560,1790359617.9305682,0.0
intrmotiv/dg/gradient/ppo_norm,17891328,1790359624.6274009,0.0
intrmotiv/dg/gradient/ppo_norm,17924096,1790359631.2684796,0.0
intrmotiv/dg/gradient/ppo_norm,17956864,1790359637.9181092,0.0
intrmotiv/dg/gradient/ppo_norm,17989632,1790359644.4630833,0.0
intrmotiv/dg/gradient/ppo_norm,18022400,1790359651.4023173,0.0
intrmotiv/dg/gradient/ppo_norm,18055168,1790359658.072112,0.0
intrmotiv/dg/gradient/ppo_norm,18087936,1790359664.6387665,0.0
intrmotiv/dg/gradient/ppo_norm,18120704,1790359671.3187973,0.0
intrmotiv/dg/gradient/ppo_norm,18153472,1790359678.0130336,0.0
intrmotiv/dg/gradient/ppo_norm,18186240,1790359684.5514176,0.0
intrmotiv/dg/gradient/ppo_norm,18219008,1790359690.992935,0.0
intrmotiv/dg/gradient/ppo_norm,18251776,1790359697.7787557,0.0
intrmotiv/dg/gradient/ppo_norm,18284544,1790359704.3592472,0.0
intrmotiv/dg/gradient/ppo_norm,18317312,1790359710.89664,0.0
intrmotiv/dg/gradient/ppo_norm,18350080,1790359717.598471,0.0
intrmotiv/dg/gradient/ppo_norm,18382848,1790359724.3026392,0.0
intrmotiv/dg/gradient/ppo_norm,18415616,1790359730.8763633,0.0
intrmotiv/dg/gradient/ppo_norm,18448384,1790359737.4366744,0.0
intrmotiv/dg/gradient/ppo_norm,18481152,1790359744.0671678,0.0
intrmotiv/dg/gradient/ppo_norm,18513920,1790359750.9309578,0.0
intrmotiv/dg/gradient/ppo_norm,18546688,1790359757.523474,0.0
intrmotiv/dg/gradient/ppo_norm,18579456,1790359764.1765654,0.0
intrmotiv/dg/gradient/ppo_norm,18612224,1790359770.71545,0.0
intrmotiv/dg/gradient/ppo_norm,18644992,1790359777.2946377,0.0
intrmotiv/dg/gradient/ppo_norm,18677760,1790359783.9150605,0.0
intrmotiv/dg/gradient/ppo_norm,18710528,1790359790.4938388,0.0
intrmotiv/dg/gradient/ppo_norm,18743296,1790359797.0839567,0.0
intrmotiv/dg/gradient/ppo_norm,18776064,1790359803.7367592,0.0
intrmotiv/dg/gradient/ppo_norm,18808832,1790359810.310512,0.0
intrmotiv/dg/gradient/ppo_norm,18841600,1790359817.0582893,0.0
intrmotiv/dg/gradient/ppo_norm,18874368,1790359823.6165116,0.0
intrmotiv/dg/gradient/ppo_norm,18907136,1790359830.3717747,0.0
intrmotiv/dg/gradient/ppo_norm,18939904,1790359837.014261,0.0
intrmotiv/dg/gradient/ppo_norm,18972672,1790359843.677383,0.0
intrmotiv/dg/gradient/ppo_norm,19005440,1790359850.6194859,0.0
intrmotiv/dg/gradient/ppo_norm,19038208,1790359857.3219178,0.0
intrmotiv/dg/gradient/ppo_norm,19070976,1790359863.8454652,0.0
intrmotiv/dg/gradient/ppo_norm,19103744,1790359870.7070048,0.0
intrmotiv/dg/gradient/ppo_norm,19136512,1790359877.3569858,0.0
intrmotiv/dg/gradient/ppo_norm,19169280,1790359883.9943073,0.0
intrmotiv/dg/gradient/ppo_norm,19202048,1790359890.7018218,0.0
intrmotiv/dg/gradient/ppo_norm,19234816,1790359897.2583537,0.0
intrmotiv/dg/gradient/ppo_norm,19267584,1790359903.955948,0.0
intrmotiv/dg/gradient/ppo_norm,19300352,1790359910.6375992,0.0
intrmotiv/dg/gradient/ppo_norm,19333120,1790359917.5224261,0.0
intrmotiv/dg/gradient/ppo_norm,19365888,1790359924.1820319,0.0
intrmotiv/dg/gradient/ppo_norm,19398656,1790359930.8295507,0.0
intrmotiv/dg/gradient/ppo_norm,19431424,1790359937.5562634,0.0
intrmotiv/dg/gradient/ppo_norm,19464192,1790359944.2005537,0.0
intrmotiv/dg/gradient/ppo_norm,19496960,1790359950.8020442,0.0
intrmotiv/dg/gradient/ppo_norm,19529728,1790359957.6040924,0.0
intrmotiv/dg/gradient/ppo_norm,19562496,1790359964.2311878,0.0
intrmotiv/dg/gradient/ppo_norm,19595264,1790359970.9190786,0.0
intrmotiv/dg/gradient/ppo_norm,19628032,1790359977.6741095,0.0
intrmotiv/dg/gradient/ppo_norm,19660800,1790359984.2659316,0.0
intrmotiv/dg/gradient/ppo_norm,19693568,1790359990.896707,0.0
intrmotiv/dg/gradient/ppo_norm,19726336,1790359997.4445283,0.0
intrmotiv/dg/gradient/ppo_norm,19759104,1790360004.0352876,0.0
intrmotiv/dg/gradient/ppo_norm,19791872,1790360010.7020707,0.0
intrmotiv/dg/gradient/ppo_norm,19824640,1790360017.386563,0.0
intrmotiv/dg/gradient/ppo_norm,19857408,1790360023.9822915,0.0
intrmotiv/dg/gradient/ppo_norm,19890176,1790360030.5657017,0.0
intrmotiv/dg/gradient/ppo_norm,19922944,1790360037.1653671,0.0
intrmotiv/dg/gradient/ppo_norm,19955712,1790360043.7242732,0.0
intrmotiv/dg/gradient/ppo_norm,19988480,1790360050.5510354,0.0
intrmotiv/dg/gradient/ppo_norm,20021248,1790360058.4704454,0.0
intrmotiv/dg/gradient/ppo_norm,20054016,1790360065.229016,0.0
intrmotiv/dg/gradient/ppo_norm,20086784,1790360071.8097095,0.0
intrmotiv/dg/gradient/ppo_norm,20119552,1790360078.5165634,0.0
intrmotiv/dg/gradient/ppo_norm,20152320,1790360085.0897214,0.0
intrmotiv/dg/gradient/ppo_norm,20185088,1790360091.5758471,0.0
intrmotiv/dg/gradient/ppo_norm,20217856,1790360098.171814,0.0
intrmotiv/dg/gradient/ppo_norm,20250624,1790360104.868156,0.0
intrmotiv/dg/gradient/ppo_norm,20283392,1790360111.526574,0.0
intrmotiv/dg/gradient/ppo_norm,20316160,1790360118.1612043,0.0
intrmotiv/dg/gradient/ppo_norm,20348928,1790360124.7484765,0.0
intrmotiv/dg/gradient/ppo_norm,20381696,1790360131.359595,0.0
intrmotiv/dg/gradient/ppo_norm,20414464,1790360137.9616292,0.0
intrmotiv/dg/gradient/ppo_norm,20447232,1790360144.607075,0.0
intrmotiv/dg/gradient/ppo_norm,20480000,1790360151.240466,0.0
intrmotiv/dg/gradient/ppo_norm,20512768,1790360157.856795,0.0
intrmotiv/dg/gradient/ppo_norm,20545536,1790360164.6561692,0.0
intrmotiv/dg/gradient/ppo_norm,20578304,1790360171.35906,0.0
intrmotiv/dg/gradient/ppo_norm,20611072,1790360178.048877,0.0
intrmotiv/dg/gradient/ppo_norm,20643840,1790360184.733288,0.0
intrmotiv/dg/gradient/ppo_norm,20676608,1790360191.3828971,0.0
intrmotiv/dg/gradient/ppo_norm,20709376,1790360198.1025846,0.0
intrmotiv/dg/gradient/ppo_norm,20742144,1790360204.8723476,0.0
intrmotiv/dg/gradient/ppo_norm,20774912,1790360211.5859318,0.0
intrmotiv/dg/gradient/ppo_norm,20807680,1790360218.2574043,0.0
intrmotiv/dg/gradient/ppo_norm,20840448,1790360224.9653957,0.0
intrmotiv/dg/gradient/ppo_norm,20873216,1790360231.7121463,0.0
intrmotiv/dg/gradient/ppo_norm,20905984,1790360238.3386297,0.0
intrmotiv/dg/gradient/ppo_norm,20938752,1790360245.035373,0.0
intrmotiv/dg/gradient/ppo_norm,20971520,1790360251.7080061,0.0
intrmotiv/dg/gradient/ppo_norm,21004288,1790360258.4932191,0.0
intrmotiv/dg/gradient/ppo_norm,21037056,1790360265.1441312,0.0
intrmotiv/dg/gradient/ppo_norm,21069824,1790360271.7565916,0.0
intrmotiv/dg/gradient/ppo_norm,21102592,1790360278.3520744,0.0
intrmotiv/dg/gradient/ppo_norm,21135360,1790360284.9604263,0.0
intrmotiv/dg/gradient/ppo_norm,21168128,1790360291.66839,0.0
intrmotiv/dg/gradient/ppo_norm,21200896,1790360298.3740935,0.0
intrmotiv/dg/gradient/ppo_norm,21233664,1790360305.0360777,0.0
intrmotiv/dg/gradient/ppo_norm,21266432,1790360311.6708505,0.0
intrmotiv/dg/gradient/ppo_norm,21299200,1790360318.328053,0.0
intrmotiv/dg/gradient/ppo_norm,21331968,1790360324.9990146,0.0
intrmotiv/dg/gradient/ppo_norm,21364736,1790360331.6651185,0.0
intrmotiv/dg/gradient/ppo_norm,21397504,1790360338.5192246,0.0
intrmotiv/dg/gradient/ppo_norm,21430272,1790360345.0727262,0.0
intrmotiv/dg/gradient/ppo_norm,21463040,1790360351.6715603,0.0
intrmotiv/dg/gradient/ppo_norm,21495808,1790360358.44448,0.0
intrmotiv/dg/gradient/ppo_norm,21528576,1790360365.0589123,0.0
intrmotiv/dg/gradient/ppo_norm,21561344,1790360371.7589016,0.0
intrmotiv/dg/gradient/ppo_norm,21594112,1790360378.3361597,0.0
intrmotiv/dg/gradient/ppo_norm,21626880,1790360384.9211261,0.0
intrmotiv/dg/gradient/ppo_norm,21659648,1790360391.5953467,0.0
intrmotiv/dg/gradient/ppo_norm,21692416,1790360398.2330382,0.0
intrmotiv/dg/gradient/ppo_norm,21725184,1790360404.8691554,0.0
intrmotiv/dg/gradient/ppo_norm,21757952,1790360411.4533718,0.0
intrmotiv/dg/gradient/ppo_norm,21790720,1790360418.0688472,0.0
intrmotiv/dg/gradient/ppo_norm,21823488,1790360424.8742704,0.0
intrmotiv/dg/gradient/ppo_norm,21856256,1790360431.402946,0.0
intrmotiv/dg/gradient/ppo_norm,21889024,1790360438.2686331,0.0
intrmotiv/dg/gradient/ppo_norm,21921792,1790360444.790936,0.0
intrmotiv/dg/gradient/ppo_norm,21954560,1790360451.513488,0.0
intrmotiv/dg/gradient/ppo_norm,21987328,1790360458.235096,0.0
intrmotiv/dg/gradient/ppo_norm,22020096,1790360465.258655,0.0
intrmotiv/dg/gradient/ppo_norm,22052864,1790360471.8579404,0.0
intrmotiv/dg/gradient/ppo_norm,22085632,1790360478.510391,0.0
intrmotiv/dg/gradient/ppo_norm,22118400,1790360485.29733,0.0
intrmotiv/dg/gradient/ppo_norm,22151168,1790360491.954468,0.0
intrmotiv/dg/gradient/ppo_norm,22183936,1790360498.5436838,0.0
intrmotiv/dg/gradient/ppo_norm,22216704,1790360505.1488018,0.0
intrmotiv/dg/gradient/ppo_norm,22249472,1790360511.8244255,0.0
intrmotiv/dg/gradient/ppo_norm,22282240,1790360518.4698563,0.0
intrmotiv/dg/gradient/ppo_norm,22315008,1790360525.1995559,0.0
intrmotiv/dg/gradient/ppo_norm,22347776,1790360531.8916047,0.0
intrmotiv/dg/gradient/ppo_norm,22380544,1790360538.5675867,0.0
intrmotiv/dg/gradient/ppo_norm,22413312,1790360545.2155776,0.0
intrmotiv/dg/gradient/ppo_norm,22446080,1790360551.8982232,0.0
intrmotiv/dg/gradient/ppo_norm,22478848,1790360558.6407475,0.0
intrmotiv/dg/gradient/ppo_norm,22511616,1790360565.424177,0.0
intrmotiv/dg/gradient/ppo_norm,22544384,1790360572.0647075,0.0
intrmotiv/dg/gradient/ppo_norm,22577152,1790360578.6912348,0.0
intrmotiv/dg/gradient/ppo_norm,22609920,1790360585.3033707,0.0
intrmotiv/dg/gradient/ppo_norm,22642688,1790360592.222861,0.0
intrmotiv/dg/gradient/ppo_norm,22675456,1790360598.8845122,0.0
intrmotiv/dg/gradient/ppo_norm,22708224,1790360605.5226285,0.0
intrmotiv/dg/gradient/ppo_norm,22740992,1790360612.138753,0.0
intrmotiv/dg/gradient/ppo_norm,22773760,1790360618.811358,0.0
intrmotiv/dg/gradient/ppo_norm,22806528,1790360625.467145,0.0
intrmotiv/dg/gradient/ppo_norm,22839296,1790360632.1627095,0.0
intrmotiv/dg/gradient/ppo_norm,22872064,1790360638.8436534,0.0
intrmotiv/dg/gradient/ppo_norm,22904832,1790360645.529121,0.0
intrmotiv/dg/gradient/ppo_norm,22937600,1790360652.1821694,0.0
intrmotiv/dg/gradient/ppo_norm,22970368,1790360658.9943357,0.0
intrmotiv/dg/gradient/ppo_norm,23003136,1790360665.8668585,0.0
intrmotiv/dg/gradient/ppo_norm,23035904,1790360672.519666,0.0
intrmotiv/dg/gradient/ppo_norm,23068672,1790360679.1496093,0.0
intrmotiv/dg/gradient/ppo_norm,23101440,1790360685.8616354,0.0
intrmotiv/dg/gradient/ppo_norm,23134208,1790360692.5085614,0.0
intrmotiv/dg/gradient/ppo_norm,23166976,1790360699.2092397,0.0
intrmotiv/dg/gradient/ppo_norm,23199744,1790360705.8886118,0.0
intrmotiv/dg/gradient/ppo_norm,23232512,1790360712.5378578,0.0
intrmotiv/dg/gradient/ppo_norm,23265280,1790360719.2202935,0.0
intrmotiv/dg/gradient/ppo_norm,23298048,1790360725.8922002,0.0
intrmotiv/dg/gradient/ppo_norm,23330816,1790360732.5596054,0.0
intrmotiv/dg/gradient/ppo_norm,23379968,1790360742.5163062,0.0
intrmotiv/dg/gradient/ppo_norm,23412736,1790360749.2410207,0.0
intrmotiv/dg/gradient/ppo_norm,23445504,1790360755.976441,0.0
intrmotiv/dg/gradient/ppo_norm,23478272,1790360762.7625577,0.0
intrmotiv/dg/gradient/ppo_norm,23511040,1790360769.412669,0.0
intrmotiv/dg/gradient/ppo_norm,23543808,1790360776.0705726,0.0
intrmotiv/dg/gradient/ppo_norm,23576576,1790360782.7534227,0.0
intrmotiv/dg/gradient/ppo_norm,23609344,1790360789.466694,0.0
intrmotiv/dg/gradient/ppo_norm,23642112,1790360796.3510342,0.0
intrmotiv/dg/gradient/ppo_norm,23691264,1790360806.255654,0.0
intrmotiv/dg/gradient/ppo_norm,23724032,1790360812.9708793,0.0
intrmotiv/dg/gradient/ppo_norm,23756800,1790360819.8112,0.0
intrmotiv/dg/gradient/ppo_norm,23789568,1790360826.5123522,0.0
intrmotiv/dg/gradient/ppo_norm,23838720,1790360836.4625268,0.0
intrmotiv/dg/gradient/ppo_norm,23887872,1790360846.462053,0.0
intrmotiv/dg/gradient/ppo_norm,23920640,1790360853.1307693,0.0
intrmotiv/dg/gradient/ppo_norm,23969792,1790360863.0556748,0.0
intrmotiv/dg/gradient/ppo_norm,24002560,1790360869.885619,0.0
intrmotiv/dg/gradient/ppo_norm,24035328,1790360876.427698,0.0
intrmotiv/dg/gradient/ppo_norm,24084480,1790360886.286928,0.0
intrmotiv/dg/gradient/ppo_norm,24117248,1790360893.0656474,0.0
intrmotiv/dg/gradient/ppo_norm,24166400,1790360902.9832718,0.0
intrmotiv/dg/gradient/ppo_norm,24215552,1790360912.5065384,0.0
intrmotiv/dg/gradient/ppo_norm,24264704,1790360922.342799,0.0
intrmotiv/dg/gradient/ppo_norm,24297472,1790360929.1581945,0.0
intrmotiv/dg/gradient/ppo_norm,24346624,1790360939.0821548,0.0
intrmotiv/dg/gradient/ppo_norm,24379392,1790360945.89696,0.0
intrmotiv/dg/gradient/ppo_norm,24412160,1790360952.7624874,0.0
intrmotiv/dg/gradient/ppo_norm,24461312,1790360962.656786,0.0
intrmotiv/dg/gradient/ppo_norm,24494080,1790360969.2894394,0.0
intrmotiv/dg/gradient/ppo_norm,24526848,1790360975.92307,0.0
intrmotiv/dg/gradient/ppo_norm,24576000,1790360985.8633683,0.0
intrmotiv/dg/gradient/ppo_norm,24608768,1790360992.5002394,0.0
intrmotiv/dg/gradient/ppo_norm,24657920,1790361002.5089173,0.0
intrmotiv/dg/gradient/ppo_norm,24690688,1790361009.2159617,0.0
intrmotiv/dg/gradient/ppo_norm,24723456,1790361015.8566284,0.0
intrmotiv/dg/gradient/ppo_norm,24756224,1790361022.3738194,0.0
intrmotiv/dg/gradient/ppo_norm,24805376,1790361032.4093702,0.0
intrmotiv/dg/gradient/ppo_norm,24854528,1790361042.298955,0.0
intrmotiv/dg/gradient/ppo_norm,24903680,1790361052.160367,0.0
intrmotiv/dg/gradient/ppo_norm,24952832,1790361061.7402647,0.0
intrmotiv/dg/gradient/ppo_norm,25001984,1790361071.9507902,0.0
intrmotiv/dg/gradient/ppo_norm,25034752,1790361078.5104804,0.0
intrmotiv/dg/gradient/ppo_norm,25067520,1790361085.0630634,0.0
intrmotiv/dg/gradient/ppo_norm,25100288,1790361091.643212,0.0
intrmotiv/dg/gradient/ppo_norm,25149440,1790361101.4914227,0.0
intrmotiv/dg/gradient/ppo_norm,25198592,1790361111.3942287,0.0
intrmotiv/dg/gradient/ppo_norm,25247744,1790361121.2159235,0.0
intrmotiv/dg/gradient/ppo_norm,25296896,1790361131.0252044,0.0
intrmotiv/dg/gradient/ppo_norm,25329664,1790361137.8077345,0.0
intrmotiv/dg/gradient/ppo_norm,25362432,1790361144.354748,0.0
intrmotiv/dg/gradient/ppo_norm,25411584,1790361154.1705751,0.0
intrmotiv/dg/gradient/ppo_norm,25460736,1790361164.0093868,0.0
intrmotiv/dg/gradient/ppo_norm,25493504,1790361170.4791517,0.0
intrmotiv/dg/gradient/ppo_norm,25526272,1790361176.9757712,0.0
intrmotiv/dg/gradient/ppo_norm,25559040,1790361183.562029,0.0
intrmotiv/dg/gradient/ppo_norm,25608192,1790361193.516851,0.0
intrmotiv/dg/gradient/ppo_norm,25657344,1790361203.1854737,0.0
intrmotiv/dg/gradient/ppo_norm,25690112,1790361209.7742875,0.0
intrmotiv/dg/gradient/ppo_norm,25739264,1790361219.4552422,0.0
intrmotiv/dg/gradient/ppo_norm,25772032,1790361226.0944583,0.0
intrmotiv/dg/gradient/ppo_norm,25821184,1790361235.8571146,0.0
intrmotiv/dg/gradient/ppo_norm,25870336,1790361245.6444385,0.0
intrmotiv/dg/gradient/ppo_norm,25919488,1790361255.452205,0.0
intrmotiv/dg/gradient/ppo_norm,25968640,1790361265.2467804,0.0
intrmotiv/dg/gradient/ppo_norm,26017792,1790361274.9733696,0.0
intrmotiv/dg/gradient/ppo_norm,26066944,1790361284.9876277,0.0
intrmotiv/dg/gradient/ppo_norm,26116096,1790361294.881075,0.0
intrmotiv/dg/gradient/ppo_norm,26148864,1790361301.300543,0.0
intrmotiv/dg/gradient/ppo_norm,26181632,1790361307.9462364,0.0
intrmotiv/dg/gradient/ppo_norm,26214400,1790361314.4801323,0.0
intrmotiv/dg/gradient/ppo_norm,26263552,1790361324.3154156,0.0
intrmotiv/dg/gradient/ppo_norm,26312704,1790361334.2280035,0.0
intrmotiv/dg/gradient/ppo_norm,26345472,1790361340.82513,0.0
intrmotiv/dg/gradient/ppo_norm,26378240,1790361347.3724682,0.0
intrmotiv/dg/gradient/ppo_norm,26427392,1790361357.2173245,0.0
intrmotiv/dg/gradient/ppo_norm,26476544,1790361367.0675642,0.0
intrmotiv/dg/gradient/ppo_norm,26525696,1790361377.0290678,0.0
intrmotiv/dg/gradient/ppo_norm,26558464,1790361383.5808225,0.0
intrmotiv/dg/gradient/ppo_norm,26591232,1790361390.0116084,0.0
intrmotiv/dg/gradient/ppo_norm,26624000,1790361396.6566787,0.0
intrmotiv/dg/gradient/ppo_norm,26656768,1790361403.2798212,0.0
intrmotiv/dg/gradient/ppo_norm,26689536,1790361409.8215632,0.0
intrmotiv/dg/gradient/ppo_norm,26722304,1790361416.350123,0.0
intrmotiv/dg/gradient/ppo_norm,26771456,1790361426.193655,0.0
intrmotiv/dg/gradient/ppo_norm,26820608,1790361435.9101295,0.0
intrmotiv/dg/gradient/ppo_norm,26869760,1790361445.5591066,0.0
intrmotiv/dg/gradient/ppo_norm,26918912,1790361455.3529303,0.0
intrmotiv/dg/gradient/ppo_norm,26951680,1790361461.7891285,0.0
intrmotiv/dg/gradient/ppo_norm,26984448,1790361468.0923533,0.0
intrmotiv/dg/gradient/ppo_norm,27017216,1790361474.572116,0.0
intrmotiv/dg/gradient/ppo_norm,27049984,1790361481.0721061,0.0
intrmotiv/dg/gradient/ppo_norm,27082752,1790361487.5456665,0.0
intrmotiv/dg/gradient/ppo_norm,27115520,1790361493.9945207,0.0
intrmotiv/dg/gradient/ppo_norm,27148288,1790361500.6031516,0.0
intrmotiv/dg/gradient/ppo_norm,27197440,1790361510.2586067,0.0
intrmotiv/dg/gradient/ppo_norm,27246592,1790361520.1012418,0.0
intrmotiv/dg/gradient/ppo_norm,27295744,1790361529.6112034,0.0
intrmotiv/dg/gradient/ppo_norm,27328512,1790361536.5032618,0.0
intrmotiv/dg/gradient/ppo_norm,27377664,1790361546.0299504,0.0
intrmotiv/dg/gradient/ppo_norm,27410432,1790361552.6091807,0.0
intrmotiv/dg/gradient/ppo_norm,27459584,1790361562.319583,0.0
intrmotiv/dg/gradient/ppo_norm,27508736,1790361572.051636,0.0
intrmotiv/dg/gradient/ppo_norm,27557888,1790361581.7114303,0.0
intrmotiv/dg/gradient/ppo_norm,27607040,1790361591.382087,0.0
intrmotiv/dg/gradient/ppo_norm,27639808,1790361597.7991557,0.0
intrmotiv/dg/gradient/ppo_norm,27688960,1790361607.3803473,0.0
intrmotiv/dg/gradient/ppo_norm,27738112,1790361616.942274,0.0
intrmotiv/dg/gradient/ppo_norm,27787264,1790361626.7355285,0.0
intrmotiv/dg/gradient/ppo_norm,27836416,1790361636.6621053,0.0
intrmotiv/dg/gradient/ppo_norm,27885568,1790361646.3320317,0.0
intrmotiv/dg/gradient/ppo_norm,27934720,1790361656.0607545,0.0
intrmotiv/dg/gradient/ppo_norm,27983872,1790361665.8358476,0.0
intrmotiv/dg/gradient/ppo_norm,28033024,1790361675.696703,0.0
intrmotiv/dg/gradient/ppo_norm,28082176,1790361685.5495229,0.0
intrmotiv/dg/gradient/ppo_norm,28131328,1790361695.2295918,0.0
intrmotiv/dg/gradient/ppo_norm,28180480,1790361705.0297353,0.0
intrmotiv/dg/gradient/ppo_norm,28229632,1790361714.871591,0.0
intrmotiv/dg/gradient/ppo_norm,28262400,1790361721.3116891,0.0
intrmotiv/dg/gradient/ppo_norm,28311552,1790361730.9458072,0.0
intrmotiv/dg/gradient/ppo_norm,28344320,1790361737.660584,0.0
intrmotiv/dg/gradient/ppo_norm,28393472,1790361747.3888383,0.0
intrmotiv/dg/gradient/ppo_norm,28442624,1790361757.1943114,0.0
intrmotiv/dg/gradient/ppo_norm,28491776,1790361766.8656466,0.0
intrmotiv/dg/gradient/ppo_norm,28524544,1790361773.220819,0.0
intrmotiv/dg/gradient/ppo_norm,28573696,1790361783.3227544,0.0
intrmotiv/dg/gradient/ppo_norm,28622848,1790361793.0729825,0.0
intrmotiv/dg/gradient/ppo_norm,28672000,1790361802.8663576,0.0
intrmotiv/dg/gradient/ppo_norm,28721152,1790361812.634945,0.0
intrmotiv/dg/gradient/ppo_norm,28770304,1790361822.3833082,0.0
intrmotiv/dg/gradient/ppo_norm,28819456,1790361832.0627139,0.0
intrmotiv/dg/gradient/ppo_norm,28852224,1790361838.7951372,0.0
intrmotiv/dg/gradient/ppo_norm,28901376,1790361848.4738963,0.0
intrmotiv/dg/gradient/ppo_norm,28950528,1790361858.1228268,0.0
intrmotiv/dg/gradient/ppo_norm,28999680,1790361868.0374584,0.0
intrmotiv/dg/gradient/ppo_norm,29048832,1790361878.1262004,0.0
intrmotiv/dg/gradient/ppo_norm,29097984,1790361887.8277266,0.0
intrmotiv/dg/gradient/ppo_norm,29147136,1790361897.7452607,0.0
intrmotiv/dg/gradient/ppo_norm,29196288,1790361907.4043596,0.0
intrmotiv/dg/gradient/ppo_norm,29245440,1790361917.252716,0.0
intrmotiv/dg/gradient/ppo_norm,29278208,1790361923.7003107,0.0
intrmotiv/dg/gradient/ppo_norm,29327360,1790361933.568295,0.0
intrmotiv/dg/gradient/ppo_norm,29376512,1790361943.464643,0.0
intrmotiv/dg/gradient/ppo_norm,29409280,1790361950.0139902,0.0
intrmotiv/dg/gradient/ppo_norm,29458432,1790361959.8388076,0.0
intrmotiv/dg/gradient/ppo_norm,29491200,1790361966.4456282,0.0
intrmotiv/dg/gradient/ppo_norm,29540352,1790361976.1923301,0.0
intrmotiv/dg/gradient/ppo_norm,29589504,1790361986.192668,0.0
intrmotiv/dg/gradient/ppo_norm,29622272,1790361992.7077398,0.0
intrmotiv/dg/gradient/ppo_norm,29655040,1790361999.4393404,0.0
intrmotiv/dg/gradient/ppo_norm,29704192,1790362009.3973708,0.0
intrmotiv/dg/gradient/ppo_norm,29753344,1790362019.4158618,0.0
intrmotiv/dg/gradient/ppo_norm,29786112,1790362026.0530949,0.0
intrmotiv/dg/gradient/ppo_norm,29835264,1790362036.1840522,0.0
intrmotiv/dg/gradient/ppo_norm,29868032,1790362042.7967372,0.0
intrmotiv/dg/gradient/ppo_norm,29917184,1790362052.6782625,0.0
intrmotiv/dg/gradient/ppo_norm,29949952,1790362059.4554036,0.0
intrmotiv/dg/gradient/ppo_norm,29999104,1790362069.43716,0.0
intrmotiv/dg/gradient/ppo_norm,30048256,1790362079.6568317,0.0
intrmotiv/dg/gradient/ppo_norm,30081024,1790362086.3210661,0.0
intrmotiv/dg/gradient/ppo_norm,30130176,1790362096.5081925,0.0
intrmotiv/dg/gradient/ppo_norm,30179328,1790362106.5008068,0.0
intrmotiv/dg/gradient/ppo_norm,30228480,1790362116.4650168,0.0
intrmotiv/dg/gradient/ppo_norm,30277632,1790362126.6134384,0.0
intrmotiv/dg/gradient/ppo_norm,30326784,1790362136.620682,0.0
intrmotiv/dg/gradient/ppo_norm,30375936,1790362146.588705,0.0
intrmotiv/dg/gradient/ppo_norm,30408704,1790362153.492071,0.0
intrmotiv/dg/gradient/ppo_norm,30457856,1790362163.5281603,0.0
intrmotiv/dg/gradient/ppo_norm,30507008,1790362173.4907975,0.0
intrmotiv/dg/gradient/ppo_norm,30539776,1790362180.3283718,0.0
intrmotiv/dg/gradient/ppo_norm,30588928,1790362190.3442893,0.0
intrmotiv/dg/gradient/ppo_norm,30621696,1790362197.0275252,0.0
intrmotiv/dg/gradient/ppo_norm,30670848,1790362207.0357091,0.0
intrmotiv/dg/gradient/ppo_norm,30720000,1790362217.061814,0.0
intrmotiv/dg/gradient/ppo_norm,30769152,1790362227.248086,0.0
intrmotiv/dg/gradient/ppo_norm,30818304,1790362237.270708,0.0
intrmotiv/dg/gradient/ppo_norm,30867456,1790362247.2250283,0.0
intrmotiv/dg/gradient/ppo_norm,30900224,1790362253.86872,0.0
intrmotiv/dg/gradient/ppo_norm,30949376,1790362263.808337,0.0
intrmotiv/dg/gradient/ppo_norm,30998528,1790362273.5791123,0.0
intrmotiv/dg/gradient/ppo_norm,31047680,1790362283.86036,0.0
intrmotiv/dg/gradient/ppo_norm,31096832,1790362293.7169898,0.0
intrmotiv/dg/gradient/ppo_norm,31145984,1790362303.543546,0.0
intrmotiv/dg/gradient/ppo_norm,31195136,1790362313.423435,0.0
intrmotiv/dg/gradient/ppo_norm,31244288,1790362323.2938373,0.0
intrmotiv/dg/gradient/ppo_norm,31293440,1790362333.2042906,0.0
intrmotiv/dg/gradient/ppo_norm,31342592,1790362343.3497462,0.0
intrmotiv/dg/gradient/ppo_norm,31375360,1790362350.0173633,0.0
intrmotiv/dg/gradient/ppo_norm,31424512,1790362360.0776818,0.0
intrmotiv/dg/gradient/ppo_norm,31457280,1790362366.676004,0.0
intrmotiv/dg/gradient/ppo_norm,31506432,1790362376.5940537,0.0
intrmotiv/dg/gradient/ppo_norm,31555584,1790362386.5008197,0.0
intrmotiv/dg/gradient/ppo_norm,31604736,1790362396.4383216,0.0
intrmotiv/dg/gradient/ppo_norm,31653888,1790362406.3264108,0.0
intrmotiv/dg/gradient/ppo_norm,31703040,1790362416.232076,0.0
intrmotiv/dg/gradient/ppo_norm,31752192,1790362426.127814,0.0
intrmotiv/dg/gradient/ppo_norm,31801344,1790362436.0086315,0.0
intrmotiv/dg/gradient/ppo_norm,31850496,1790362445.9671214,0.0
intrmotiv/dg/gradient/ppo_norm,31883264,1790362452.5906916,0.0
intrmotiv/dg/gradient/ppo_norm,31932416,1790362462.5921469,0.0
intrmotiv/dg/gradient/ppo_norm,31981568,1790362472.644092,0.0
intrmotiv/dg/gradient/ppo_norm,32030720,1790362482.8481824,0.0
intrmotiv/dg/gradient/ppo_norm,32063488,1790362489.6030018,0.0
intrmotiv/dg/gradient/ppo_norm,32096256,1790362496.249834,0.0
intrmotiv/dg/gradient/ppo_norm,32129024,1790362502.9968853,0.0
intrmotiv/dg/gradient/ppo_norm,32161792,1790362509.653399,0.0
intrmotiv/dg/gradient/ppo_norm,32210944,1790362519.6193087,0.0
intrmotiv/dg/gradient/ppo_norm,32260096,1790362529.5169675,0.0
intrmotiv/dg/gradient/ppo_norm,32309248,1790362539.5047302,0.0
intrmotiv/dg/gradient/ppo_norm,32342016,1790362546.2094483,0.0
intrmotiv/dg/gradient/ppo_norm,32391168,1790362556.0916193,0.0
intrmotiv/dg/gradient/ppo_norm,32440320,1790362565.8020823,0.0
intrmotiv/dg/gradient/ppo_norm,32473088,1790362572.5332084,0.0
intrmotiv/dg/gradient/ppo_norm,32522240,1790362582.3850508,0.0
intrmotiv/dg/gradient/ppo_norm,32571392,1790362592.215269,0.0
intrmotiv/dg/gradient/ppo_norm,32604160,1790362598.682672,0.0
intrmotiv/dg/gradient/ppo_norm,32653312,1790362608.650996,0.0
intrmotiv/dg/gradient/ppo_norm,32702464,1790362618.486556,0.0
intrmotiv/dg/gradient/ppo_norm,32751616,1790362628.5152538,0.0
intrmotiv/dg/gradient/ppo_norm,32784384,1790362634.9925106,0.0
intrmotiv/dg/gradient/ppo_norm,32833536,1790362644.9704058,0.0
intrmotiv/dg/gradient/ppo_norm,32882688,1790362654.9031568,0.0
intrmotiv/dg/gradient/ppo_norm,32915456,1790362661.4835577,0.0
intrmotiv/dg/gradient/ppo_norm,32964608,1790362671.3416977,0.0
intrmotiv/dg/gradient/ppo_norm,33013760,1790362681.454099,0.0
intrmotiv/dg/gradient/ppo_norm,33062912,1790362691.41452,0.0
intrmotiv/dg/gradient/ppo_norm,33112064,1790362701.2988713,0.0
intrmotiv/dg/gradient/ppo_norm,33161216,1790362711.2484362,0.0
intrmotiv/dg/gradient/ppo_norm,33210368,1790362721.132216,0.0
intrmotiv/dg/gradient/ppo_norm,33259520,1790362731.1025178,0.0
intrmotiv/dg/gradient/ppo_norm,33292288,1790362737.6438227,0.0
intrmotiv/dg/gradient/ppo_norm,33341440,1790362747.6929026,0.0
intrmotiv/dg/gradient/ppo_norm,33390592,1790362757.7554958,0.0
intrmotiv/dg/gradient/ppo_norm,33439744,1790362767.6864054,0.0
intrmotiv/dg/gradient/ppo_norm,33488896,1790362777.7396913,0.0
intrmotiv/dg/gradient/ppo_norm,33521664,1790362784.417033,0.0
intrmotiv/dg/gradient/ppo_norm,33570816,1790362794.290492,0.0
intrmotiv/dg/gradient/ppo_norm,33619968,1790362804.1214602,0.0
intrmotiv/dg/gradient/ppo_norm,33669120,1790362814.037124,0.0
intrmotiv/dg/gradient/ppo_norm,33718272,1790362824.2502968,0.0
intrmotiv/dg/gradient/ppo_norm,33751040,1790362830.854828,0.0
intrmotiv/dg/gradient/ppo_norm,33800192,1790362840.7663798,0.0
intrmotiv/dg/gradient/ppo_norm,33849344,1790362850.8030148,0.0
intrmotiv/dg/gradient/ppo_norm,33882112,1790362857.327455,0.0
intrmotiv/dg/gradient/ppo_norm,33931264,1790362867.1335573,0.0
intrmotiv/dg/gradient/ppo_norm,33980416,1790362877.0419407,0.0
intrmotiv/dg/gradient/ppo_norm,34029568,1790362887.2372894,0.0
intrmotiv/dg/gradient/ppo_norm,34062336,1790362893.828005,0.0
intrmotiv/dg/gradient/ppo_norm,34095104,1790362900.3170695,0.0
intrmotiv/dg/gradient/ppo_norm,34127872,1790362906.9223468,0.0
intrmotiv/dg/gradient/ppo_norm,34177024,1790362916.786914,0.0
intrmotiv/dg/gradient/ppo_norm,34226176,1790362926.413667,0.0
intrmotiv/dg/gradient/ppo_norm,34275328,1790362936.3489165,0.0
intrmotiv/dg/gradient/ppo_norm,34324480,1790362946.213112,0.0
intrmotiv/dg/gradient/ppo_norm,34373632,1790362955.9605987,0.0
intrmotiv/dg/gradient/ppo_norm,34406400,1790362962.6140802,0.0
intrmotiv/dg/gradient/ppo_norm,34455552,1790362972.358723,0.0
intrmotiv/dg/gradient/ppo_norm,34504704,1790362982.1307597,0.0
intrmotiv/dg/gradient/ppo_norm,34537472,1790362988.6192374,0.0
intrmotiv/dg/gradient/ppo_norm,34586624,1790362998.4959576,0.0
intrmotiv/dg/gradient/ppo_norm,34635776,1790363008.1091344,0.0
intrmotiv/dg/gradient/ppo_norm,34684928,1790363018.0837414,0.0
intrmotiv/dg/gradient/ppo_norm,34734080,1790363027.7516756,0.0
intrmotiv/dg/gradient/ppo_norm,34766848,1790363034.4552207,0.0
intrmotiv/dg/gradient/ppo_norm,34816000,1790363044.2111387,0.0
intrmotiv/dg/gradient/ppo_norm,34865152,1790363054.100596,0.0
intrmotiv/dg/gradient/ppo_norm,34914304,1790363063.9594107,0.0
intrmotiv/dg/gradient/ppo_norm,34963456,1790363073.8124201,0.0
intrmotiv/dg/gradient/ppo_norm,34996224,1790363080.1974747,0.0
intrmotiv/dg/gradient/ppo_norm,35045376,1790363090.397275,0.0
intrmotiv/dg/gradient/ppo_norm,35094528,1790363100.1386552,0.0
intrmotiv/dg/gradient/ppo_norm,35127296,1790363106.659075,0.0
intrmotiv/dg/gradient/ppo_norm,35160064,1790363113.1423278,0.0
intrmotiv/dg/gradient/ppo_norm,35192832,1790363119.781719,0.0
intrmotiv/dg/gradient/ppo_norm,35241984,1790363129.5323236,0.0
intrmotiv/dg/gradient/ppo_norm,35291136,1790363139.3681538,0.0
intrmotiv/dg/gradient/ppo_norm,35340288,1790363149.0977561,0.0
intrmotiv/dg/gradient/ppo_norm,35389440,1790363158.8532763,0.0
intrmotiv/dg/gradient/ppo_norm,35422208,1790363165.538577,0.0
intrmotiv/dg/gradient/ppo_norm,35471360,1790363175.3746536,0.0
intrmotiv/dg/gradient/ppo_norm,35520512,1790363185.0592563,0.0
intrmotiv/dg/gradient/ppo_norm,35569664,1790363194.8071573,0.0
intrmotiv/dg/gradient/ppo_norm,35602432,1790363201.4630148,0.0
intrmotiv/dg/gradient/ppo_norm,35651584,1790363211.1681519,0.0
intrmotiv/dg/gradient/ppo_norm,35684352,1790363217.743642,0.0
intrmotiv/dg/gradient/ppo_norm,35733504,1790363227.504774,0.0
intrmotiv/dg/gradient/ppo_norm,35782656,1790363237.186259,0.0
intrmotiv/dg/gradient/ppo_norm,35831808,1790363247.1506453,0.0
intrmotiv/dg/gradient/ppo_norm,35864576,1790363253.7895029,0.0
intrmotiv/dg/gradient/ppo_norm,35897344,1790363260.3684773,0.0
intrmotiv/dg/gradient/ppo_norm,35946496,1790363270.2336993,0.0
intrmotiv/dg/gradient/ppo_norm,35995648,1790363280.0093894,0.0
intrmotiv/dg/gradient/ppo_norm,36044800,1790363290.0165734,0.0
intrmotiv/dg/gradient/ppo_norm,36077568,1790363296.6013951,0.0
intrmotiv/dg/gradient/ppo_norm,36110336,1790363303.1257746,0.0
intrmotiv/dg/gradient/ppo_norm,36143104,1790363309.6741958,0.0
intrmotiv/dg/gradient/ppo_norm,36192256,1790363319.4456491,0.0
intrmotiv/dg/gradient/ppo_norm,36241408,1790363329.1551511,0.0
intrmotiv/dg/gradient/ppo_norm,36274176,1790363335.7089324,0.0
intrmotiv/dg/gradient/ppo_norm,36306944,1790363342.3884945,0.0
intrmotiv/dg/gradient/ppo_norm,36356096,1790363352.162562,0.0
intrmotiv/dg/gradient/ppo_norm,36388864,1790363358.725441,0.0
intrmotiv/dg/gradient/ppo_norm,36438016,1790363368.3694339,0.0
intrmotiv/dg/gradient/ppo_norm,36487168,1790363378.2051857,0.0
intrmotiv/dg/gradient/ppo_norm,36536320,1790363387.994936,0.0
intrmotiv/dg/gradient/ppo_norm,36569088,1790363394.5079231,0.0
intrmotiv/dg/gradient/ppo_norm,36618240,1790363404.2541497,0.0
intrmotiv/dg/gradient/ppo_norm,36651008,1790363410.8119667,0.0
intrmotiv/dg/gradient/ppo_norm,36683776,1790363417.422663,0.0
intrmotiv/dg/gradient/ppo_norm,36732928,1790363427.1503036,0.0
intrmotiv/dg/gradient/ppo_norm,36765696,1790363433.6417413,0.0
intrmotiv/dg/gradient/ppo_norm,36798464,1790363440.2083857,0.0
intrmotiv/dg/gradient/ppo_norm,36847616,1790363450.2628345,0.0
intrmotiv/dg/gradient/ppo_norm,36896768,1790363459.8165102,0.0
intrmotiv/dg/gradient/ppo_norm,36929536,1790363466.4849327,0.0
intrmotiv/dg/gradient/ppo_norm,36978688,1790363476.3466947,0.0
intrmotiv/dg/gradient/ppo_norm,37011456,1790363483.0729587,0.0
intrmotiv/dg/gradient/ppo_norm,37060608,1790363492.7212372,0.0
intrmotiv/dg/gradient/ppo_norm,37109760,1790363502.671425,0.0
intrmotiv/dg/gradient/ppo_norm,37158912,1790363512.3873277,0.0
intrmotiv/dg/gradient/ppo_norm,37208064,1790363522.0281942,0.0
intrmotiv/dg/gradient/ppo_norm,37240832,1790363528.721719,0.0
intrmotiv/dg/gradient/ppo_norm,37289984,1790363538.4598415,0.0
intrmotiv/dg/gradient/ppo_norm,37339136,1790363548.3099196,0.0
intrmotiv/dg/gradient/ppo_norm,37388288,1790363558.1043677,0.0
intrmotiv/dg/gradient/ppo_norm,37437440,1790363568.0456426,0.0
intrmotiv/dg/gradient/ppo_norm,37486592,1790363577.815111,0.0
intrmotiv/dg/gradient/ppo_norm,37519360,1790363584.2346847,0.0
intrmotiv/dg/gradient/ppo_norm,37568512,1790363594.0472448,0.0
intrmotiv/dg/gradient/ppo_norm,37617664,1790363603.6676707,0.0
intrmotiv/dg/gradient/ppo_norm,37666816,1790363613.8005152,0.0
intrmotiv/dg/gradient/ppo_norm,37715968,1790363623.3449242,0.0
intrmotiv/dg/gradient/ppo_norm,37748736,1790363630.0900826,0.0
intrmotiv/dg/gradient/ppo_norm,37797888,1790363640.0300126,0.0
intrmotiv/dg/gradient/ppo_norm,37847040,1790363649.8281329,0.0
intrmotiv/dg/gradient/ppo_norm,37879808,1790363656.3500407,0.0
intrmotiv/dg/gradient/ppo_norm,37928960,1790363666.2966177,0.0
intrmotiv/dg/gradient/ppo_norm,37978112,1790363675.965228,0.0
intrmotiv/dg/gradient/ppo_norm,38027264,1790363686.045322,0.0
intrmotiv/dg/gradient/ppo_norm,38076416,1790363695.664192,0.0
intrmotiv/dg/gradient/ppo_norm,38125568,1790363705.441086,0.0
intrmotiv/dg/gradient/ppo_norm,38158336,1790363711.8157852,0.0
intrmotiv/dg/gradient/ppo_norm,38207488,1790363722.0190904,0.0
intrmotiv/dg/gradient/ppo_norm,38256640,1790363731.764437,0.0
intrmotiv/dg/gradient/ppo_norm,38305792,1790363741.7733338,0.0
intrmotiv/dg/gradient/ppo_norm,38338560,1790363748.36423,0.0
intrmotiv/dg/gradient/ppo_norm,38371328,1790363754.9454956,0.0
intrmotiv/dg/gradient/ppo_norm,38420480,1790363764.7598207,0.0
intrmotiv/dg/gradient/ppo_norm,38469632,1790363774.6652024,0.0
intrmotiv/dg/gradient/ppo_norm,38518784,1790363784.5687838,0.0
intrmotiv/dg/gradient/ppo_norm,38567936,1790363794.45349,0.0
intrmotiv/dg/gradient/ppo_norm,38617088,1790363804.3904445,0.0
intrmotiv/dg/gradient/ppo_norm,38666240,1790363814.3845356,0.0
intrmotiv/dg/gradient/ppo_norm,38699008,1790363821.1612787,0.0
intrmotiv/dg/gradient/ppo_norm,38731776,1790363827.8416142,0.0
intrmotiv/dg/gradient/ppo_norm,38780928,1790363837.851786,0.0
intrmotiv/dg/gradient/ppo_norm,38813696,1790363844.598748,0.0
intrmotiv/dg/gradient/ppo_norm,38862848,1790363854.6659236,0.0
intrmotiv/dg/gradient/ppo_norm,38912000,1790363864.760165,0.0
intrmotiv/dg/gradient/ppo_norm,38961152,1790363874.734558,0.0
intrmotiv/dg/gradient/ppo_norm,38993920,1790363881.596859,0.0
intrmotiv/dg/gradient/ppo_norm,39043072,1790363892.0126247,0.0
intrmotiv/dg/gradient/ppo_norm,39092224,1790363902.0178492,0.0
intrmotiv/dg/gradient/ppo_norm,39124992,1790363908.7881472,0.0
intrmotiv/dg/gradient/ppo_norm,39174144,1790363918.9300268,0.0
intrmotiv/dg/gradient/ppo_norm,39206912,1790363925.6353385,0.0
intrmotiv/dg/gradient/ppo_norm,39256064,1790363935.516245,0.0
intrmotiv/dg/gradient/ppo_norm,39288832,1790363942.385587,0.0
intrmotiv/dg/gradient/ppo_norm,39337984,1790363952.5357616,0.0
intrmotiv/dg/gradient/ppo_norm,39387136,1790363962.624781,0.0
intrmotiv/dg/gradient/ppo_norm,39436288,1790363972.6726022,0.0
intrmotiv/dg/gradient/ppo_norm,39469056,1790363979.3533018,0.0
intrmotiv/dg/gradient/ppo_norm,39501824,1790363986.1826305,0.0
intrmotiv/dg/gradient/ppo_norm,39550976,1790363995.8110123,0.0
intrmotiv/dg/gradient/ppo_norm,39583744,1790364002.4389236,0.0
intrmotiv/dg/gradient/ppo_norm,39632896,1790364012.4762578,0.0
intrmotiv/dg/gradient/ppo_norm,39665664,1790364018.9983048,0.0
intrmotiv/dg/gradient/ppo_norm,39714816,1790364028.9031396,0.0
intrmotiv/dg/gradient/ppo_norm,39763968,1790364038.7384448,0.0
intrmotiv/dg/gradient/ppo_norm,39813120,1790364048.7714055,0.0
intrmotiv/dg/gradient/ppo_norm,39862272,1790364058.788449,0.0
intrmotiv/dg/gradient/ppo_norm,39911424,1790364068.684688,0.0
intrmotiv/dg/gradient/ppo_norm,39944192,1790364075.302489,0.0
intrmotiv/dg/gradient/ppo_norm,39993344,1790364085.2752376,0.0
intrmotiv/dg/gradient/ppo_norm,40026112,1790364092.1644826,0.0
intrmotiv/dg/gradient/ppo_norm,40075264,1790364102.1144874,0.0
intrmotiv/dg/gradient/ppo_norm,40124416,1790364112.0029309,0.0
intrmotiv/dg/gradient/ppo_norm,40173568,1790364121.8556488,0.0
intrmotiv/dg/gradient/ppo_norm,40222720,1790364131.7042894,0.0
intrmotiv/dg/gradient/ppo_norm,40271872,1790364141.899805,0.0
intrmotiv/dg/gradient/ppo_norm,40304640,1790364148.4795756,0.0
intrmotiv/dg/gradient/ppo_norm,40353792,1790364158.2961636,0.0
intrmotiv/dg/gradient/ppo_norm,40402944,1790364168.2468047,0.0
intrmotiv/dg/gradient/ppo_norm,40452096,1790364178.1562207,0.0
intrmotiv/dg/gradient/ppo_norm,40484864,1790364184.767964,0.0
intrmotiv/dg/gradient/ppo_norm,40534016,1790364194.6338348,0.0
intrmotiv/dg/gradient/ppo_norm,40566784,1790364201.2720227,0.0
intrmotiv/dg/gradient/ppo_norm,40599552,1790364207.9435666,0.0
intrmotiv/dg/gradient/ppo_norm,40632320,1790364214.5091586,0.0
intrmotiv/dg/gradient/ppo_norm,40681472,1790364224.455082,0.0
intrmotiv/dg/gradient/ppo_norm,40730624,1790364234.3317559,0.0
intrmotiv/dg/gradient/ppo_norm,40763392,1790364240.8139577,0.0
intrmotiv/dg/gradient/ppo_norm,40812544,1790364250.484248,0.0
intrmotiv/dg/gradient/ppo_norm,40861696,1790364260.0920558,0.0
intrmotiv/dg/gradient/ppo_norm,40910848,1790364269.93508,0.0
intrmotiv/dg/gradient/ppo_norm,40960000,1790364279.8827739,0.0
intrmotiv/dg/gradient/ppo_norm,41009152,1790364290.0309098,0.0
intrmotiv/dg/gradient/ppo_norm,41058304,1790364299.7149653,0.0
intrmotiv/dg/gradient/ppo_norm,41091072,1790364306.2117856,0.0
intrmotiv/dg/gradient/ppo_norm,41140224,1790364315.9443135,0.0
intrmotiv/dg/gradient/ppo_norm,41189376,1790364325.847256,0.0
intrmotiv/dg/gradient/ppo_norm,41238528,1790364335.5292664,0.0
intrmotiv/dg/gradient/ppo_norm,41287680,1790364345.1557035,0.0
intrmotiv/dg/gradient/ppo_norm,41336832,1790364355.0393982,0.0
intrmotiv/dg/gradient/ppo_norm,41385984,1790364364.7455416,0.0
intrmotiv/dg/gradient/ppo_norm,41435136,1790364374.7209237,0.0
intrmotiv/dg/gradient/ppo_norm,41484288,1790364384.6113603,0.0
intrmotiv/dg/gradient/ppo_norm,41533440,1790364394.2263114,0.0
intrmotiv/dg/gradient/ppo_norm,41582592,1790364404.0825562,0.0
intrmotiv/dg/gradient/ppo_norm,41631744,1790364413.7979703,0.0
intrmotiv/dg/gradient/ppo_norm,41680896,1790364423.666823,0.0
intrmotiv/dg/gradient/ppo_norm,41730048,1790364433.467747,0.0
intrmotiv/dg/gradient/ppo_norm,41779200,1790364443.267945,0.0
intrmotiv/dg/gradient/ppo_norm,41828352,1790364452.9968333,0.0
intrmotiv/dg/gradient/ppo_norm,41877504,1790364462.83452,0.0
intrmotiv/dg/gradient/ppo_norm,41926656,1790364472.6177547,0.0
intrmotiv/dg/gradient/ppo_norm,41959424,1790364479.2753642,0.0
intrmotiv/dg/gradient/ppo_norm,42008576,1790364489.3140721,0.0
intrmotiv/dg/gradient/ppo_norm,42057728,1790364499.239611,0.0
intrmotiv/dg/gradient/ppo_norm,42106880,1790364509.013229,0.0
intrmotiv/dg/gradient/ppo_norm,42156032,1790364518.9618995,0.0
intrmotiv/dg/gradient/ppo_norm,42205184,1790364528.6552804,0.0
intrmotiv/dg/gradient/ppo_norm,42254336,1790364538.4077625,0.0
intrmotiv/dg/gradient/ppo_norm,42303488,1790364548.2675664,0.0
intrmotiv/dg/gradient/ppo_norm,42352640,1790364558.046311,0.0
intrmotiv/dg/gradient/ppo_norm,42385408,1790364564.5206804,0.0
intrmotiv/dg/gradient/ppo_norm,42434560,1790364574.320867,0.0
intrmotiv/dg/gradient/ppo_norm,42483712,1790364584.1294308,0.0
intrmotiv/dg/gradient/ppo_norm,42532864,1790364593.7426057,0.0
intrmotiv/dg/gradient/ppo_norm,42582016,1790364603.665047,0.0
intrmotiv/dg/gradient/ppo_norm,42631168,1790364613.4577587,0.0
intrmotiv/dg/gradient/ppo_norm,42680320,1790364623.1733255,0.0
intrmotiv/dg/gradient/ppo_norm,42729472,1790364633.079434,0.0
intrmotiv/dg/gradient/ppo_norm,42778624,1790364642.5786705,0.0
intrmotiv/dg/gradient/ppo_norm,42827776,1790364652.3467236,0.0
intrmotiv/dg/gradient/ppo_norm,42860544,1790364658.7344677,0.0
intrmotiv/dg/gradient/ppo_norm,42909696,1790364668.439792,0.0
intrmotiv/dg/gradient/ppo_norm,42942464,1790364675.085645,0.0
intrmotiv/dg/gradient/ppo_norm,42991616,1790364684.8540072,0.0
intrmotiv/dg/gradient/ppo_norm,43024384,1790364691.8066278,0.0
intrmotiv/dg/gradient/ppo_norm,43073536,1790364701.5909343,0.0
intrmotiv/dg/gradient/ppo_norm,43122688,1790364711.2333894,0.0
intrmotiv/dg/gradient/ppo_norm,43171840,1790364721.1309452,0.0
intrmotiv/dg/gradient/ppo_norm,43220992,1790364730.650511,0.0
intrmotiv/dg/gradient/ppo_norm,43270144,1790364740.2793062,0.0
intrmotiv/dg/gradient/ppo_norm,43319296,1790364749.825224,0.0
intrmotiv/dg/gradient/ppo_norm,43368448,1790364759.8596365,0.0
intrmotiv/dg/gradient/ppo_norm,43417600,1790364769.7048523,0.0
intrmotiv/dg/gradient/ppo_norm,43466752,1790364779.4117274,0.0
intrmotiv/dg/gradient/ppo_norm,43515904,1790364789.1951246,0.0
intrmotiv/dg/gradient/ppo_norm,43565056,1790364798.906868,0.0
intrmotiv/dg/gradient/ppo_norm,43614208,1790364808.9799385,0.0
intrmotiv/dg/gradient/ppo_norm,43663360,1790364818.8472154,0.0
intrmotiv/dg/gradient/ppo_norm,43696128,1790364825.3755279,0.0
intrmotiv/dg/gradient/ppo_norm,43745280,1790364835.1233296,0.0
intrmotiv/dg/gradient/ppo_norm,43794432,1790364844.8939312,0.0
intrmotiv/dg/gradient/ppo_norm,43843584,1790364854.644784,0.0
intrmotiv/dg/gradient/ppo_norm,43892736,1790364864.2442603,0.0
intrmotiv/dg/gradient/ppo_norm,43941888,1790364874.151076,0.0
intrmotiv/dg/gradient/ppo_norm,43991040,1790364883.76499,0.0
intrmotiv/dg/gradient/ppo_norm,44040192,1790364893.8651009,0.0
intrmotiv/dg/gradient/ppo_norm,44089344,1790364903.6551454,0.0
intrmotiv/dg/gradient/ppo_norm,44138496,1790364913.63999,0.0
intrmotiv/dg/gradient/ppo_norm,44187648,1790364923.21735,0.0
intrmotiv/dg/gradient/ppo_norm,44236800,1790364933.2162745,0.0
intrmotiv/dg/gradient/ppo_norm,44285952,1790364943.126995,0.0
intrmotiv/dg/gradient/ppo_norm,44335104,1790364952.8157935,0.0
intrmotiv/dg/gradient/ppo_norm,44384256,1790364962.913267,0.0
intrmotiv/dg/gradient/ppo_norm,44433408,1790364972.7687159,0.0
intrmotiv/dg/gradient/ppo_norm,44482560,1790364982.6451876,0.0
intrmotiv/dg/gradient/ppo_norm,44531712,1790364992.3706317,0.0
intrmotiv/dg/gradient/ppo_norm,44580864,1790365002.1852798,0.0
intrmotiv/dg/gradient/ppo_norm,44630016,1790365012.1514266,0.0
intrmotiv/dg/gradient/ppo_norm,44679168,1790365022.12542,0.0
intrmotiv/dg/gradient/ppo_norm,44728320,1790365031.9326684,0.0
intrmotiv/dg/gradient/ppo_norm,44777472,1790365041.8152068,0.0
intrmotiv/dg/gradient/ppo_norm,44826624,1790365051.8142114,0.0
intrmotiv/dg/gradient/ppo_norm,44875776,1790365061.581128,0.0
intrmotiv/dg/gradient/ppo_norm,44924928,1790365071.388393,0.0
intrmotiv/dg/gradient/ppo_norm,44974080,1790365081.2872255,0.0
intrmotiv/dg/gradient/ppo_norm,45006848,1790365088.15537,0.0
intrmotiv/dg/gradient/ppo_norm,45039616,1790365094.740753,0.0
intrmotiv/dg/gradient/ppo_norm,45088768,1790365104.572408,0.0
intrmotiv/dg/gradient/ppo_norm,45137920,1790365114.2611253,0.0
intrmotiv/dg/gradient/ppo_norm,45187072,1790365124.3113043,0.0
intrmotiv/dg/gradient/ppo_norm,45236224,1790365134.1758885,0.0
intrmotiv/dg/gradient/ppo_norm,45285376,1790365144.0576668,0.0
intrmotiv/dg/gradient/ppo_norm,45334528,1790365153.8944232,0.0
intrmotiv/dg/gradient/ppo_norm,45383680,1790365163.7418194,0.0
intrmotiv/dg/gradient/ppo_norm,45432832,1790365173.573985,0.0
intrmotiv/dg/gradient/ppo_norm,45481984,1790365183.4049144,0.0
intrmotiv/dg/gradient/ppo_norm,45531136,1790365193.2287772,0.0
intrmotiv/dg/gradient/ppo_norm,45580288,1790365203.084911,0.0
intrmotiv/dg/gradient/ppo_norm,45629440,1790365212.9617753,0.0
intrmotiv/dg/gradient/ppo_norm,45678592,1790365222.7003298,0.0
intrmotiv/dg/gradient/ppo_norm,45727744,1790365232.3467472,0.0
intrmotiv/dg/gradient/ppo_norm,45776896,1790365242.0635984,0.0
intrmotiv/dg/gradient/ppo_norm,45826048,1790365251.8900032,0.0
intrmotiv/dg/gradient/ppo_norm,45875200,1790365261.7431552,0.0
intrmotiv/dg/gradient/ppo_norm,45924352,1790365271.4482055,0.0
intrmotiv/dg/gradient/ppo_norm,45973504,1790365281.1907508,0.0
intrmotiv/dg/gradient/ppo_norm,46022656,1790365291.1304607,0.0
intrmotiv/dg/gradient/ppo_norm,46071808,1790365301.188179,0.0
intrmotiv/dg/gradient/ppo_norm,46120960,1790365310.7977026,0.0
intrmotiv/dg/gradient/ppo_norm,46170112,1790365320.3773658,0.0
intrmotiv/dg/gradient/ppo_norm,46219264,1790365330.036647,0.0
intrmotiv/dg/gradient/ppo_norm,46268416,1790365339.7129292,0.0
intrmotiv/dg/gradient/ppo_norm,46317568,1790365349.4845617,0.0
intrmotiv/dg/gradient/ppo_norm,46366720,1790365359.0845263,0.0
intrmotiv/dg/gradient/ppo_norm,46415872,1790365368.8597167,0.0
intrmotiv/dg/gradient/ppo_norm,46465024,1790365378.6094515,0.0
intrmotiv/dg/gradient/ppo_norm,46514176,1790365388.3776436,0.0
intrmotiv/dg/gradient/ppo_norm,46563328,1790365398.0006287,0.0
intrmotiv/dg/gradient/ppo_norm,46612480,1790365407.6832707,0.0
intrmotiv/dg/gradient/ppo_norm,46661632,1790365417.082145,0.0
intrmotiv/dg/gradient/ppo_norm,46710784,1790365426.8128784,0.0
intrmotiv/dg/gradient/ppo_norm,46759936,1790365436.4211023,0.0
intrmotiv/dg/gradient/ppo_norm,46809088,1790365446.2359207,0.0
intrmotiv/dg/gradient/ppo_norm,46858240,1790365455.794401,0.0
intrmotiv/dg/gradient/ppo_norm,46907392,1790365465.2691917,0.0
intrmotiv/dg/gradient/ppo_norm,46956544,1790365475.03517,0.0
intrmotiv/dg/gradient/ppo_norm,47005696,1790365485.1426883,0.0
intrmotiv/dg/gradient/ppo_norm,47054848,1790365495.067695,0.0
intrmotiv/dg/gradient/ppo_norm,47104000,1790365504.8549404,0.0
intrmotiv/dg/gradient/ppo_norm,47153152,1790365514.5459087,0.0
intrmotiv/dg/gradient/ppo_norm,47202304,1790365524.4472148,0.0
intrmotiv/dg/gradient/ppo_norm,47251456,1790365534.1784186,0.0
intrmotiv/dg/gradient/ppo_norm,47300608,1790365544.0665398,0.0
intrmotiv/dg/gradient/ppo_norm,47349760,1790365553.8785648,0.0
intrmotiv/dg/gradient/ppo_norm,47398912,1790365563.7266097,0.0
intrmotiv/dg/gradient/ppo_norm,47448064,1790365573.383102,0.0
intrmotiv/dg/gradient/ppo_norm,47497216,1790365583.1118424,0.0
intrmotiv/dg/gradient/ppo_norm,47546368,1790365593.1387131,0.0
intrmotiv/dg/gradient/ppo_norm,47595520,1790365602.9078135,0.0
intrmotiv/dg/gradient/ppo_norm,47644672,1790365612.7891736,0.0
intrmotiv/dg/gradient/ppo_norm,47693824,1790365622.7056222,0.0
intrmotiv/dg/gradient/ppo_norm,47742976,1790365632.540604,0.0
intrmotiv/dg/gradient/ppo_norm,47792128,1790365642.5747988,0.0
intrmotiv/dg/gradient/ppo_norm,47841280,1790365652.5453367,0.0
intrmotiv/dg/gradient/ppo_norm,47890432,1790365662.2563834,0.0
intrmotiv/dg/gradient/ppo_norm,47939584,1790365672.2528422,0.0
intrmotiv/dg/gradient/ppo_norm,47988736,1790365682.2793086,0.0
intrmotiv/dg/gradient/ppo_norm,48037888,1790365692.30454,0.0
intrmotiv/dg/gradient/ppo_norm,48087040,1790365702.217544,0.0
intrmotiv/dg/gradient/ppo_norm,48136192,1790365711.9620595,0.0
intrmotiv/dg/gradient/ppo_norm,48185344,1790365721.8755715,0.0
intrmotiv/dg/gradient/ppo_norm,48234496,1790365731.7344065,0.0
intrmotiv/dg/gradient/ppo_norm,48283648,1790365741.7546864,0.0
intrmotiv/dg/gradient/ppo_norm,48332800,1790365751.670657,0.0
intrmotiv/dg/gradient/ppo_norm,48381952,1790365761.5770352,0.0
intrmotiv/dg/gradient/ppo_norm,48431104,1790365771.3527908,0.0
intrmotiv/dg/gradient/ppo_norm,48480256,1790365781.2291994,0.0
intrmotiv/dg/gradient/ppo_norm,48529408,1790365790.949973,0.0
intrmotiv/dg/gradient/ppo_norm,48578560,1790365800.7437112,0.0
intrmotiv/dg/gradient/ppo_norm,48627712,1790365810.6858518,0.0
intrmotiv/dg/gradient/ppo_norm,48676864,1790365820.4549537,0.0
intrmotiv/dg/gradient/ppo_norm,48726016,1790365830.2831998,0.0
intrmotiv/dg/gradient/ppo_norm,48775168,1790365840.161923,0.0
intrmotiv/dg/gradient/ppo_norm,48824320,1790365850.126588,0.0
intrmotiv/dg/gradient/ppo_norm,48873472,1790365859.9486916,0.0
intrmotiv/dg/gradient/ppo_norm,48922624,1790365869.9908166,0.0
intrmotiv/dg/gradient/ppo_norm,48971776,1790365879.6492612,0.0
intrmotiv/dg/gradient/ppo_norm,49020928,1790365889.8707738,0.0
intrmotiv/dg/gradient/ppo_norm,49070080,1790365899.7597427,0.0
intrmotiv/dg/gradient/ppo_norm,49119232,1790365909.6044247,0.0
intrmotiv/dg/gradient/ppo_norm,49168384,1790365919.268319,0.0
intrmotiv/dg/gradient/ppo_norm,49217536,1790365929.2752142,0.0
intrmotiv/dg/gradient/ppo_norm,49266688,1790365939.055334,0.0
intrmotiv/dg/gradient/ppo_norm,49315840,1790365948.905356,0.0
intrmotiv/dg/gradient/ppo_norm,49364992,1790365958.71965,0.0
intrmotiv/dg/gradient/ppo_norm,49414144,1790365968.6893086,0.0
intrmotiv/dg/gradient/ppo_norm,49463296,1790365978.4534364,0.0
intrmotiv/dg/gradient/ppo_norm,49512448,1790365988.1686656,0.0
intrmotiv/dg/gradient/ppo_norm,49561600,1790365998.1546834,0.0
intrmotiv/dg/gradient/ppo_norm,49610752,1790366007.9968398,0.0
intrmotiv/dg/gradient/ppo_norm,49659904,1790366017.825399,0.0
intrmotiv/dg/gradient/ppo_norm,49709056,1790366027.5942876,0.0
intrmotiv/dg/gradient/ppo_norm,49758208,1790366037.5567694,0.0
intrmotiv/dg/gradient/ppo_norm,49807360,1790366047.4164608,0.0
intrmotiv/dg/gradient/ppo_norm,49856512,1790366057.4996152,0.0
intrmotiv/dg/gradient/ppo_norm,49905664,1790366067.2801905,0.0
intrmotiv/dg/gradient/ppo_norm,49954816,1790366077.1219196,0.0
intrmotiv/dg/gradient/ppo_norm,50003968,1790366088.393717,0.0
intrmotiv/dg/gradient/ppo_norm,50053120,1790366098.2460148,0.0
intrmotiv/dg/gradient/ppo_norm,50102272,1790366108.1454678,0.0
intrmotiv/dg/gradient/ppo_norm,50151424,1790366117.928814,0.0
intrmotiv/dg/gradient/ppo_norm,50200576,1790366127.6912913,0.0
intrmotiv/dg/gradient/ppo_norm,50249728,1790366137.5981205,0.0
intrmotiv/dg/gradient/ppo_norm,50298880,1790366147.560945,0.0
intrmotiv/dg/gradient/ppo_norm,50348032,1790366157.3222532,0.0
intrmotiv/dg/gradient/ppo_norm,50397184,1790366167.1484118,0.0
intrmotiv/dg/gradient/ppo_norm,50446336,1790366177.0999799,0.0
intrmotiv/dg/gradient/ppo_norm,50495488,1790366187.093647,0.0
intrmotiv/dg/gradient/ppo_norm,50544640,1790366196.9110465,0.0
intrmotiv/dg/gradient/ppo_norm,50593792,1790366206.674488,0.0
intrmotiv/dg/gradient/ppo_norm,50642944,1790366216.615795,0.0
intrmotiv/dg/gradient/ppo_norm,50692096,1790366226.6466596,0.0
intrmotiv/dg/gradient/ppo_norm,50741248,1790366236.4386861,0.0
intrmotiv/dg/gradient/ppo_norm,50790400,1790366246.506477,0.0
intrmotiv/dg/gradient/ppo_norm,50839552,1790366256.3667226,0.0
intrmotiv/dg/gradient/ppo_norm,50888704,1790366266.3005493,0.0
intrmotiv/dg/gradient/ppo_norm,50937856,1790366276.0467925,0.0
intrmotiv/dg/gradient/ppo_norm,50987008,1790366286.0666645,0.0
intrmotiv/dg/gradient/ppo_norm,51036160,1790366296.1614892,0.0
intrmotiv/dg/gradient/ppo_norm,51085312,1790366306.0480173,0.0
intrmotiv/dg/gradient/ppo_norm,51134464,1790366315.8297613,0.0
intrmotiv/dg/gradient/ppo_norm,51183616,1790366325.6726716,0.0
intrmotiv/dg/gradient/ppo_norm,51232768,1790366335.6871686,0.0
intrmotiv/dg/gradient/ppo_norm,51281920,1790366345.5508578,0.0
intrmotiv/dg/gradient/ppo_norm,51331072,1790366355.4466183,0.0
intrmotiv/dg/gradient/ppo_norm,51380224,1790366365.41692,0.0
intrmotiv/dg/gradient/ppo_norm,51429376,1790366375.336694,0.0
intrmotiv/dg/gradient/ppo_norm,51478528,1790366385.1944363,0.0
intrmotiv/dg/gradient/ppo_norm,51527680,1790366395.1652308,0.0
intrmotiv/dg/gradient/ppo_norm,51576832,1790366405.0521927,0.0
intrmotiv/dg/gradient/ppo_norm,51625984,1790366414.9556262,0.0
intrmotiv/dg/gradient/ppo_norm,51675136,1790366424.6680164,0.0
intrmotiv/dg/gradient/ppo_norm,51724288,1790366434.5084822,0.0
intrmotiv/dg/gradient/ppo_norm,51773440,1790366444.4225385,0.0
intrmotiv/dg/gradient/ppo_norm,51822592,1790366454.2644768,0.0
intrmotiv/dg/gradient/ppo_norm,51871744,1790366464.2573638,0.0
intrmotiv/dg/gradient/ppo_norm,51920896,1790366473.9071553,0.0
intrmotiv/dg/gradient/ppo_norm,51970048,1790366483.850674,0.0
intrmotiv/dg/gradient/ppo_norm,52019200,1790366493.9083824,0.0
intrmotiv/dg/gradient/ppo_norm,52068352,1790366503.6880863,0.0
intrmotiv/dg/gradient/ppo_norm,52117504,1790366513.4506185,0.0
intrmotiv/dg/gradient/ppo_norm,52166656,1790366523.176675,0.0
intrmotiv/dg/gradient/ppo_norm,52215808,1790366532.860305,0.0
intrmotiv/dg/gradient/ppo_norm,52264960,1790366542.5614781,0.0
intrmotiv/dg/gradient/ppo_norm,52314112,1790366552.4876451,0.0
intrmotiv/dg/gradient/ppo_norm,52363264,1790366562.1525836,0.0
intrmotiv/dg/gradient/ppo_norm,52412416,1790366572.2104988,0.0
intrmotiv/dg/gradient/ppo_norm,52461568,1790366582.1605282,0.0
intrmotiv/dg/gradient/ppo_norm,52510720,1790366591.9809175,0.0
intrmotiv/dg/gradient/ppo_norm,52559872,1790366601.8327746,0.0
intrmotiv/dg/gradient/ppo_norm,52609024,1790366611.6352682,0.0
intrmotiv/dg/gradient/ppo_norm,52658176,1790366621.331017,0.0
intrmotiv/dg/gradient/ppo_norm,52707328,1790366631.052684,0.0
intrmotiv/dg/gradient/ppo_norm,52756480,1790366640.7601228,0.0
intrmotiv/dg/gradient/ppo_norm,52805632,1790366650.6454399,0.0
intrmotiv/dg/gradient/ppo_norm,52854784,1790366660.51929,0.0
intrmotiv/dg/gradient/ppo_norm,52903936,1790366670.4728754,0.0
intrmotiv/dg/gradient/ppo_norm,52953088,1790366680.2696786,0.0
intrmotiv/dg/gradient/ppo_norm,53002240,1790366690.35566,0.0
intrmotiv/dg/gradient/ppo_norm,53051392,1790366700.3698997,0.0
intrmotiv/dg/gradient/ppo_norm,53100544,1790366710.2742496,0.0
intrmotiv/dg/gradient/ppo_norm,53149696,1790366720.1212025,0.0
intrmotiv/dg/gradient/ppo_norm,53198848,1790366729.8139362,0.0
intrmotiv/dg/gradient/ppo_norm,53248000,1790366739.4876351,0.0
intrmotiv/dg/gradient/ppo_norm,53297152,1790366749.3249226,0.0
intrmotiv/dg/gradient/ppo_norm,53346304,1790366758.9729404,0.0
intrmotiv/dg/gradient/ppo_norm,53395456,1790366768.7373474,0.0
intrmotiv/dg/gradient/ppo_norm,53444608,1790366777.9881814,0.0
intrmotiv/dg/gradient/ppo_norm,53493760,1790366787.8147259,0.0
intrmotiv/dg/gradient/ppo_norm,53542912,1790366797.4222102,0.0
intrmotiv/dg/gradient/ppo_norm,53592064,1790366807.0932596,0.0
intrmotiv/dg/gradient/ppo_norm,53641216,1790366816.7369206,0.0
intrmotiv/dg/gradient/ppo_norm,53690368,1790366826.3059828,0.0
intrmotiv/dg/gradient/ppo_norm,53739520,1790366835.802051,0.0
intrmotiv/dg/gradient/ppo_norm,53788672,1790366845.6375513,0.0
intrmotiv/dg/gradient/ppo_norm,53837824,1790366855.3587446,0.0
intrmotiv/dg/gradient/ppo_norm,53886976,1790366865.044526,0.0
intrmotiv/dg/gradient/ppo_norm,53936128,1790366874.8885407,0.0
intrmotiv/dg/gradient/ppo_norm,53985280,1790366884.6592155,0.0
intrmotiv/dg/gradient/ppo_norm,54034432,1790366894.77652,0.0
intrmotiv/dg/gradient/ppo_norm,54083584,1790366904.6606843,0.0
intrmotiv/dg/gradient/ppo_norm,54132736,1790366914.6867857,0.0
intrmotiv/dg/gradient/ppo_norm,54181888,1790366924.5027363,0.0
intrmotiv/dg/gradient/ppo_norm,54231040,1790366934.4630337,0.0
intrmotiv/dg/gradient/ppo_norm,54280192,1790366944.4089184,0.0
intrmotiv/dg/gradient/ppo_norm,54329344,1790366954.250033,0.0
intrmotiv/dg/gradient/ppo_norm,54378496,1790366964.1214762,0.0
intrmotiv/dg/gradient/ppo_norm,54427648,1790366974.0116942,0.0
intrmotiv/dg/gradient/ppo_norm,54476800,1790366983.7886622,0.0
intrmotiv/dg/gradient/ppo_norm,54525952,1790366993.4984198,0.0
intrmotiv/dg/gradient/ppo_norm,54575104,1790367003.0480542,0.0
intrmotiv/dg/gradient/ppo_norm,54624256,1790367012.6718569,0.0
intrmotiv/dg/gradient/ppo_norm,54673408,1790367022.3202355,0.0
intrmotiv/dg/gradient/ppo_norm,54722560,1790367032.074927,0.0
intrmotiv/dg/gradient/ppo_norm,54771712,1790367041.7315018,0.0
intrmotiv/dg/gradient/ppo_norm,54820864,1790367051.4122868,0.0
intrmotiv/dg/gradient/ppo_norm,54870016,1790367061.302334,0.0
intrmotiv/dg/gradient/ppo_norm,54919168,1790367070.9140687,0.0
intrmotiv/dg/gradient/ppo_norm,54968320,1790367080.778642,0.0
intrmotiv/dg/gradient/ppo_norm,55017472,1790367090.625233,0.0
intrmotiv/dg/gradient/ppo_norm,55066624,1790367100.3786988,0.0
intrmotiv/dg/gradient/ppo_norm,55115776,1790367110.0105224,0.0
intrmotiv/dg/gradient/ppo_norm,55164928,1790367119.4224284,0.0
intrmotiv/dg/gradient/ppo_norm,55214080,1790367129.2266626,0.0
intrmotiv/dg/gradient/ppo_norm,55263232,1790367138.8120458,0.0
intrmotiv/dg/gradient/ppo_norm,55312384,1790367148.3121138,0.0
intrmotiv/dg/gradient/ppo_norm,55361536,1790367158.3502967,0.0
intrmotiv/dg/gradient/ppo_norm,55410688,1790367168.1696758,0.0
intrmotiv/dg/gradient/ppo_norm,55459840,1790367178.0331383,0.0
intrmotiv/dg/gradient/ppo_norm,55508992,1790367187.8446124,0.0
intrmotiv/dg/gradient/ppo_norm,55558144,1790367197.7106104,0.0
intrmotiv/dg/gradient/ppo_norm,55607296,1790367207.6036918,0.0
intrmotiv/dg/gradient/ppo_norm,55656448,1790367217.3800118,0.0
intrmotiv/dg/gradient/ppo_norm,55705600,1790367227.0666366,0.0
intrmotiv/dg/gradient/ppo_norm,55754752,1790367236.9293354,0.0
intrmotiv/dg/gradient/ppo_norm,55803904,1790367246.6669023,0.0
intrmotiv/dg/gradient/ppo_norm,55853056,1790367256.3355112,0.0
intrmotiv/dg/gradient/ppo_norm,55902208,1790367266.072096,0.0
intrmotiv/dg/gradient/ppo_norm,55951360,1790367275.8266957,0.0
intrmotiv/dg/gradient/ppo_norm,56000512,1790367285.9509993,0.0
intrmotiv/dg/gradient/ppo_norm,56049664,1790367295.7201483,0.0
intrmotiv/dg/gradient/ppo_norm,56098816,1790367305.6644456,0.0
intrmotiv/dg/gradient/ppo_norm,56147968,1790367315.5128522,0.0
intrmotiv/dg/gradient/ppo_norm,56197120,1790367325.4570072,0.0
intrmotiv/dg/gradient/ppo_norm,56246272,1790367335.3242385,0.0
intrmotiv/dg/gradient/ppo_norm,56295424,1790367345.12759,0.0
intrmotiv/dg/gradient/ppo_norm,56344576,1790367354.9764798,0.0
intrmotiv/dg/gradient/ppo_norm,56393728,1790367364.9036715,0.0
intrmotiv/dg/gradient/ppo_norm,56442880,1790367374.698552,0.0
intrmotiv/dg/gradient/ppo_norm,56492032,1790367384.4601998,0.0
intrmotiv/dg/gradient/ppo_norm,56541184,1790367394.205264,0.0
intrmotiv/dg/gradient/ppo_norm,56590336,1790367404.0300796,0.0
intrmotiv/dg/gradient/ppo_norm,56639488,1790367413.9104192,0.0
intrmotiv/dg/gradient/ppo_norm,56688640,1790367423.5349016,0.0
intrmotiv/dg/gradient/ppo_norm,56737792,1790367433.6217296,0.0
intrmotiv/dg/gradient/ppo_norm,56786944,1790367443.4173546,0.0
intrmotiv/dg/gradient/ppo_norm,56836096,1790367453.3843179,0.0
intrmotiv/dg/gradient/ppo_norm,56885248,1790367463.2908468,0.0
intrmotiv/dg/gradient/ppo_norm,56934400,1790367473.2274845,0.0
intrmotiv/dg/gradient/ppo_norm,56983552,1790367483.1957583,0.0
intrmotiv/dg/gradient/ppo_norm,57032704,1790367493.3722594,0.0
intrmotiv/dg/gradient/ppo_norm,57081856,1790367503.4044902,0.0
intrmotiv/dg/gradient/ppo_norm,57131008,1790367513.391354,0.0
intrmotiv/dg/gradient/ppo_norm,57180160,1790367523.5036588,0.0
intrmotiv/dg/gradient/ppo_norm,57229312,1790367533.404697,0.0
intrmotiv/dg/gradient/ppo_norm,57278464,1790367543.454143,0.0
intrmotiv/dg/gradient/ppo_norm,57327616,1790367553.2868512,0.0
intrmotiv/dg/gradient/ppo_norm,57376768,1790367563.219854,0.0
intrmotiv/dg/gradient/ppo_norm,57425920,1790367573.100117,0.0
intrmotiv/dg/gradient/ppo_norm,57475072,1790367582.9255223,0.0
intrmotiv/dg/gradient/ppo_norm,57524224,1790367592.7166965,0.0
intrmotiv/dg/gradient/ppo_norm,57573376,1790367602.5238748,0.0
intrmotiv/dg/gradient/ppo_norm,57622528,1790367612.2195122,0.0
intrmotiv/dg/gradient/ppo_norm,57671680,1790367621.942947,0.0
intrmotiv/dg/gradient/ppo_norm,57720832,1790367631.684528,0.0
intrmotiv/dg/gradient/ppo_norm,57769984,1790367641.4889908,0.0
intrmotiv/dg/gradient/ppo_norm,57819136,1790367651.2823155,0.0
intrmotiv/dg/gradient/ppo_norm,57868288,1790367660.9305813,0.0
intrmotiv/dg/gradient/ppo_norm,57917440,1790367670.647682,0.0
intrmotiv/dg/gradient/ppo_norm,57966592,1790367680.281532,0.0
intrmotiv/dg/gradient/ppo_norm,58015744,1790367690.5051966,0.0
intrmotiv/dg/gradient/ppo_norm,58064896,1790367700.158875,0.0
intrmotiv/dg/gradient/ppo_norm,58114048,1790367709.9624243,0.0
intrmotiv/dg/gradient/ppo_norm,58163200,1790367719.7036583,0.0
intrmotiv/dg/gradient/ppo_norm,58212352,1790367729.5488713,0.0
intrmotiv/dg/gradient/ppo_norm,58261504,1790367739.242967,0.0
intrmotiv/dg/gradient/ppo_norm,58310656,1790367748.9125333,0.0
intrmotiv/dg/gradient/ppo_norm,58359808,1790367758.7944705,0.0
intrmotiv/dg/gradient/ppo_norm,58408960,1790367768.3541572,0.0
intrmotiv/dg/gradient/ppo_norm,58458112,1790367778.2952218,0.0
intrmotiv/dg/gradient/ppo_norm,58507264,1790367787.9997072,0.0
intrmotiv/dg/gradient/ppo_norm,58556416,1790367797.7490885,0.0
intrmotiv/dg/gradient/ppo_norm,58605568,1790367807.4475396,0.0
intrmotiv/dg/gradient/ppo_norm,58654720,1790367817.4699028,0.0
intrmotiv/dg/gradient/ppo_norm,58703872,1790367827.1406586,0.0
intrmotiv/dg/gradient/ppo_norm,58753024,1790367836.9184287,0.0
intrmotiv/dg/gradient/ppo_norm,58802176,1790367846.5647,0.0
intrmotiv/dg/gradient/ppo_norm,58851328,1790367856.2904909,0.0
intrmotiv/dg/gradient/ppo_norm,58900480,1790367866.0359802,0.0
intrmotiv/dg/gradient/ppo_norm,58949632,1790367875.8698685,0.0
intrmotiv/dg/gradient/ppo_norm,58998784,1790367885.491819,0.0
intrmotiv/dg/gradient/ppo_norm,59047936,1790367895.3875983,0.0
intrmotiv/dg/gradient/ppo_norm,59097088,1790367905.1802824,0.0
intrmotiv/dg/gradient/ppo_norm,59146240,1790367914.8789432,0.0
intrmotiv/dg/gradient/ppo_norm,59195392,1790367924.5256195,0.0
intrmotiv/dg/gradient/ppo_norm,59244544,1790367934.3437421,0.0
intrmotiv/dg/gradient/ppo_norm,59293696,1790367943.8603182,0.0
intrmotiv/dg/gradient/ppo_norm,59342848,1790367953.4801962,0.0
intrmotiv/dg/gradient/ppo_norm,59392000,1790367963.1252112,0.0
intrmotiv/dg/gradient/ppo_norm,59441152,1790367972.8044534,0.0
intrmotiv/dg/gradient/ppo_norm,59490304,1790367982.3774776,0.0
intrmotiv/dg/gradient/ppo_norm,59539456,1790367992.2913425,0.0
intrmotiv/dg/gradient/ppo_norm,59588608,1790368002.0711408,0.0
intrmotiv/dg/gradient/ppo_norm,59637760,1790368011.8861682,0.0
intrmotiv/dg/gradient/ppo_norm,59686912,1790368021.6635845,0.0
intrmotiv/dg/gradient/ppo_norm,59736064,1790368031.3924522,0.0
intrmotiv/dg/gradient/ppo_norm,59785216,1790368041.1510668,0.0
intrmotiv/dg/gradient/ppo_norm,59834368,1790368050.8693607,0.0
intrmotiv/dg/gradient/ppo_norm,59883520,1790368060.5739625,0.0
intrmotiv/dg/gradient/ppo_norm,59932672,1790368070.1326928,0.0
intrmotiv/dg/gradient/ppo_norm,59981824,1790368080.051696,0.0
intrmotiv/dg/gradient/ppo_norm,60030976,1790368089.9103012,0.0
intrmotiv/dg/gradient/ppo_norm,60080128,1790368099.9451246,0.0
intrmotiv/dg/gradient/ppo_norm,60129280,1790368109.5604148,0.0
intrmotiv/dg/gradient/ppo_norm,60178432,1790368119.436697,0.0
intrmotiv/dg/gradient/ppo_norm,60227584,1790368129.0453937,0.0
intrmotiv/dg/gradient/ppo_norm,60276736,1790368138.9101129,0.0
intrmotiv/dg/gradient/ppo_norm,60325888,1790368148.8666155,0.0
intrmotiv/dg/gradient/ppo_norm,60375040,1790368158.429799,0.0
intrmotiv/dg/gradient/ppo_norm,60424192,1790368167.8601258,0.0
intrmotiv/dg/gradient/ppo_norm,60473344,1790368177.545826,0.0
intrmotiv/dg/gradient/ppo_norm,60522496,1790368187.34914,0.0
intrmotiv/dg/gradient/ppo_norm,60571648,1790368197.1811886,0.0
intrmotiv/dg/gradient/ppo_norm,60620800,1790368206.9493396,0.0
intrmotiv/dg/gradient/ppo_norm,60669952,1790368216.9889653,0.0
intrmotiv/dg/gradient/ppo_norm,60719104,1790368226.9690719,0.0
intrmotiv/dg/gradient/ppo_norm,60768256,1790368237.0153573,0.0
intrmotiv/dg/gradient/ppo_norm,60817408,1790368246.9651213,0.0
intrmotiv/dg/gradient/ppo_norm,60866560,1790368256.8127341,0.0
intrmotiv/dg/gradient/ppo_norm,60915712,1790368266.7811184,0.0
intrmotiv/dg/gradient/ppo_norm,60964864,1790368276.8905654,0.0
intrmotiv/dg/gradient/ppo_norm,61014016,1790368287.14883,0.0
intrmotiv/dg/gradient/ppo_norm,61063168,1790368297.355374,0.0
intrmotiv/dg/gradient/ppo_norm,61112320,1790368307.297522,0.0
intrmotiv/dg/gradient/ppo_norm,61161472,1790368317.1542962,0.0
intrmotiv/dg/gradient/ppo_norm,61210624,1790368327.0875285,0.0
intrmotiv/dg/gradient/ppo_norm,61259776,1790368336.9960885,0.0
intrmotiv/dg/gradient/ppo_norm,61308928,1790368346.8989916,0.0
intrmotiv/dg/gradient/ppo_norm,61358080,1790368356.81653,0.0
intrmotiv/dg/gradient/ppo_norm,61407232,1790368366.764349,0.0
intrmotiv/dg/gradient/ppo_norm,61456384,1790368376.694201,0.0
intrmotiv/dg/gradient/ppo_norm,61505536,1790368386.577875,0.0
intrmotiv/dg/gradient/ppo_norm,61554688,1790368396.62818,0.0
intrmotiv/dg/gradient/ppo_norm,61603840,1790368406.3770752,0.0
intrmotiv/dg/gradient/ppo_norm,61652992,1790368416.205074,0.0
intrmotiv/dg/gradient/ppo_norm,61702144,1790368426.0757613,0.0
intrmotiv/dg/gradient/ppo_norm,61751296,1790368435.9384165,0.0
intrmotiv/dg/gradient/ppo_norm,61800448,1790368445.8129497,0.0
intrmotiv/dg/gradient/ppo_norm,61849600,1790368455.8352747,0.0
intrmotiv/dg/gradient/ppo_norm,61898752,1790368465.7709517,0.0
intrmotiv/dg/gradient/ppo_norm,61947904,1790368475.8464882,0.0
intrmotiv/dg/gradient/ppo_norm,61997056,1790368485.9293394,0.0
intrmotiv/dg/gradient/ppo_norm,62046208,1790368496.060264,0.0
intrmotiv/dg/gradient/ppo_norm,62095360,1790368505.8441844,0.0
intrmotiv/dg/gradient/ppo_norm,62144512,1790368515.6268184,0.0
intrmotiv/dg/gradient/ppo_norm,62193664,1790368525.5808694,0.0
intrmotiv/dg/gradient/ppo_norm,62242816,1790368535.5373092,0.0
intrmotiv/dg/gradient/ppo_norm,62291968,1790368545.5847216,0.0
intrmotiv/dg/gradient/ppo_norm,62341120,1790368555.47204,0.0
intrmotiv/dg/gradient/ppo_norm,62390272,1790368565.424934,0.0
intrmotiv/dg/gradient/ppo_norm,62439424,1790368575.3824003,0.0
intrmotiv/dg/gradient/ppo_norm,62488576,1790368585.359709,0.0
intrmotiv/dg/gradient/ppo_norm,62537728,1790368595.4254017,0.0
intrmotiv/dg/gradient/ppo_norm,62586880,1790368605.45139,0.0
intrmotiv/dg/gradient/ppo_norm,62636032,1790368615.243326,0.0
intrmotiv/dg/gradient/ppo_norm,62685184,1790368625.236937,0.0
intrmotiv/dg/gradient/ppo_norm,62734336,1790368634.9767537,0.0
intrmotiv/dg/gradient/ppo_norm,62783488,1790368644.8961964,0.0
intrmotiv/dg/gradient/ppo_norm,62832640,1790368654.558913,0.0
intrmotiv/dg/gradient/ppo_norm,62881792,1790368664.437438,0.0
intrmotiv/dg/gradient/ppo_norm,62930944,1790368674.3819811,0.0
intrmotiv/dg/gradient/ppo_norm,62980096,1790368684.189115,0.0
intrmotiv/dg/gradient/ppo_norm,63029248,1790368694.233219,0.0
intrmotiv/dg/gradient/ppo_norm,63078400,1790368704.1358035,0.0
intrmotiv/dg/gradient/ppo_norm,63127552,1790368713.98735,0.0
intrmotiv/dg/gradient/ppo_norm,63176704,1790368723.8700097,0.0
intrmotiv/dg/gradient/ppo_norm,63225856,1790368733.5821314,0.0
intrmotiv/dg/gradient/ppo_norm,63275008,1790368743.4100773,0.0
intrmotiv/dg/gradient/ppo_norm,63324160,1790368753.3053088,0.0
intrmotiv/dg/gradient/ppo_norm,63373312,1790368763.0812042,0.0
intrmotiv/dg/gradient/ppo_norm,63422464,1790368772.943951,0.0
intrmotiv/dg/gradient/ppo_norm,63471616,1790368782.667905,0.0
intrmotiv/dg/gradient/ppo_norm,63520768,1790368792.6413727,0.0
intrmotiv/dg/gradient/ppo_norm,63569920,1790368802.5127566,0.0
intrmotiv/dg/gradient/ppo_norm,63619072,1790368812.4748373,0.0
intrmotiv/dg/gradient/ppo_norm,63668224,1790368822.1097295,0.0
intrmotiv/dg/gradient/ppo_norm,63717376,1790368831.8400636,0.0
intrmotiv/dg/gradient/ppo_norm,63766528,1790368841.6113286,0.0
intrmotiv/dg/gradient/ppo_norm,63815680,1790368851.488979,0.0
intrmotiv/dg/gradient/ppo_norm,63864832,1790368861.3699756,0.0
intrmotiv/dg/gradient/ppo_norm,63913984,1790368871.204133,0.0
intrmotiv/dg/gradient/ppo_norm,63963136,1790368880.912308,0.0
intrmotiv/dg/gradient/ppo_norm,64012288,1790368891.160354,0.0
intrmotiv/dg/gradient/ppo_norm,64061440,1790368900.8953493,0.0
intrmotiv/dg/gradient/ppo_norm,64110592,1790368910.6730125,0.0
intrmotiv/dg/gradient/ppo_norm,64159744,1790368920.4301772,0.0
intrmotiv/dg/gradient/ppo_norm,64208896,1790368930.1440208,0.0
intrmotiv/dg/gradient/ppo_norm,64258048,1790368939.6499972,0.0
intrmotiv/dg/gradient/ppo_norm,64307200,1790368949.4114268,0.0
intrmotiv/dg/gradient/ppo_norm,64356352,1790368959.0739655,0.0
intrmotiv/dg/gradient/ppo_norm,64405504,1790368968.7837129,0.0
intrmotiv/dg/gradient/ppo_norm,64454656,1790368978.6500366,0.0
intrmotiv/dg/gradient/ppo_norm,64503808,1790368988.39196,0.0
intrmotiv/dg/gradient/ppo_norm,64552960,1790368998.3786693,0.0
intrmotiv/dg/gradient/ppo_norm,64602112,1790369008.2499256,0.0
intrmotiv/dg/gradient/ppo_norm,64651264,1790369018.097672,0.0
intrmotiv/dg/gradient/ppo_norm,64700416,1790369027.9727712,0.0
intrmotiv/dg/gradient/ppo_norm,64749568,1790369037.9440732,0.0
intrmotiv/dg/gradient/ppo_norm,64798720,1790369047.7750013,0.0
intrmotiv/dg/gradient/ppo_norm,64847872,1790369057.948541,0.0
intrmotiv/dg/gradient/ppo_norm,64897024,1790369067.8906798,0.0
intrmotiv/dg/gradient/ppo_norm,64946176,1790369077.94842,0.0
intrmotiv/dg/gradient/ppo_norm,64995328,1790369087.948321,0.0
intrmotiv/dg/gradient/ppo_norm,65044480,1790369098.1921587,0.0
intrmotiv/dg/gradient/ppo_norm,65093632,1790369108.1487594,0.0
intrmotiv/dg/gradient/ppo_norm,65142784,1790369118.0125356,0.0
intrmotiv/dg/gradient/ppo_norm,65191936,1790369128.0422971,0.0
intrmotiv/dg/gradient/ppo_norm,65241088,1790369137.8492825,0.0
intrmotiv/dg/gradient/ppo_norm,65290240,1790369147.70991,0.0
intrmotiv/dg/gradient/ppo_norm,65339392,1790369157.5548363,0.0
intrmotiv/dg/gradient/ppo_norm,65388544,1790369167.324324,0.0
intrmotiv/dg/gradient/ppo_norm,65437696,1790369177.2340097,0.0
intrmotiv/dg/gradient/ppo_norm,65486848,1790369187.0691197,0.0
intrmotiv/dg/gradient/ppo_norm,65536000,1790369196.858068,0.0
intrmotiv/dg/gradient/ppo_norm,65585152,1790369206.8041747,0.0
intrmotiv/dg/gradient/ppo_norm,65634304,1790369216.724596,0.0
intrmotiv/dg/gradient/ppo_norm,65683456,1790369226.726561,0.0
intrmotiv/dg/gradient/ppo_norm,65732608,1790369236.6102338,0.0
intrmotiv/dg/gradient/ppo_norm,65781760,1790369246.49171,0.0
intrmotiv/dg/gradient/ppo_norm,65830912,1790369256.2140968,0.0
intrmotiv/dg/gradient/ppo_norm,65880064,1790369266.0368328,0.0
intrmotiv/dg/gradient/ppo_norm,65929216,1790369275.8318553,0.0
intrmotiv/dg/gradient/ppo_norm,65978368,1790369285.595049,0.0
intrmotiv/dg/gradient/ppo_norm,66027520,1790369295.532305,0.0
intrmotiv/dg/gradient/ppo_norm,66076672,1790369305.3128657,0.0
intrmotiv/dg/gradient/ppo_norm,66125824,1790369315.1481955,0.0
intrmotiv/dg/gradient/ppo_norm,66174976,1790369325.1561425,0.0
intrmotiv/dg/gradient/ppo_norm,66224128,1790369335.0986385,0.0
intrmotiv/dg/gradient/ppo_norm,66273280,1790369345.0166247,0.0
intrmotiv/dg/gradient/ppo_norm,66322432,1790369355.0269394,0.0
intrmotiv/dg/gradient/ppo_norm,66371584,1790369365.0055356,0.0
intrmotiv/dg/gradient/ppo_norm,66420736,1790369375.0921047,0.0
intrmotiv/dg/gradient/ppo_norm,66469888,1790369385.0744505,0.0
intrmotiv/dg/gradient/ppo_norm,66519040,1790369394.977186,0.0
intrmotiv/dg/gradient/ppo_norm,66568192,1790369404.8822868,0.0
intrmotiv/dg/gradient/ppo_norm,66617344,1790369414.9459732,0.0
intrmotiv/dg/gradient/ppo_norm,66666496,1790369424.956129,0.0
intrmotiv/dg/gradient/ppo_norm,66715648,1790369434.8475916,0.0
intrmotiv/dg/gradient/ppo_norm,66764800,1790369444.9183412,0.0
intrmotiv/dg/gradient/ppo_norm,66813952,1790369454.8165429,0.0
intrmotiv/dg/gradient/ppo_norm,66863104,1790369464.730133,0.0
intrmotiv/dg/gradient/ppo_norm,66912256,1790369474.622659,0.0
intrmotiv/dg/gradient/ppo_norm,66961408,1790369484.528263,0.0
intrmotiv/dg/gradient/ppo_norm,67010560,1790369494.675113,0.0
intrmotiv/dg/gradient/ppo_norm,67059712,1790369504.7360837,0.0
intrmotiv/dg/gradient/ppo_norm,67108864,1790369514.7193074,0.0
intrmotiv/dg/gradient/ppo_norm,67158016,1790369524.611457,0.0
intrmotiv/dg/gradient/ppo_norm,67207168,1790369534.6146362,0.0
intrmotiv/dg/gradient/ppo_norm,67256320,1790369544.5706058,0.0
intrmotiv/dg/gradient/ppo_norm,67305472,1790369554.5287604,0.0
intrmotiv/dg/gradient/ppo_norm,67354624,1790369564.3661978,0.0
intrmotiv/dg/gradient/ppo_norm,67403776,1790369574.128698,0.0
intrmotiv/dg/gradient/ppo_norm,67452928,1790369583.9886737,0.0
intrmotiv/dg/gradient/ppo_norm,67502080,1790369593.7613022,0.0
intrmotiv/dg/gradient/ppo_norm,67551232,1790369603.497631,0.0
intrmotiv/dg/gradient/ppo_norm,67600384,1790369613.583838,0.0
intrmotiv/dg/gradient/ppo_norm,67649536,1790369623.4106557,0.0
intrmotiv/dg/gradient/ppo_norm,67698688,1790369633.26191,0.0
intrmotiv/dg/gradient/ppo_norm,67747840,1790369643.2177632,0.0
intrmotiv/dg/gradient/ppo_norm,67796992,1790369653.1669307,0.0
intrmotiv/dg/gradient/ppo_norm,67846144,1790369663.2148273,0.0
intrmotiv/dg/gradient/ppo_norm,67895296,1790369673.0029404,0.0
intrmotiv/dg/gradient/ppo_norm,67944448,1790369683.109058,0.0
intrmotiv/dg/gradient/ppo_norm,67993600,1790369693.0190578,0.0
intrmotiv/dg/gradient/ppo_norm,68042752,1790369703.1207733,0.0
intrmotiv/dg/gradient/ppo_norm,68091904,1790369712.971826,0.0
intrmotiv/dg/gradient/ppo_norm,68141056,1790369722.7311304,0.0
intrmotiv/dg/gradient/ppo_norm,68190208,1790369732.5760148,0.0
intrmotiv/dg/gradient/ppo_norm,68239360,1790369742.3699796,0.0
intrmotiv/dg/gradient/ppo_norm,68304896,1790369755.3391175,0.0
intrmotiv/dg/gradient/ppo_norm,68354048,1790369765.34263,0.0
intrmotiv/dg/gradient/ppo_norm,68403200,1790369775.2421603,0.0
intrmotiv/dg/gradient/ppo_norm,68452352,1790369785.1607258,0.0
intrmotiv/dg/gradient/ppo_norm,68501504,1790369794.9096186,0.0
intrmotiv/dg/gradient/ppo_norm,68550656,1790369804.674341,0.0
intrmotiv/dg/gradient/ppo_norm,68599808,1790369814.5463533,0.0
intrmotiv/dg/gradient/ppo_norm,68648960,1790369824.3996453,0.0
intrmotiv/dg/gradient/ppo_norm,68698112,1790369834.2213604,0.0
intrmotiv/dg/gradient/ppo_norm,68747264,1790369844.0008717,0.0
intrmotiv/dg/gradient/ppo_norm,68812800,1790369857.015018,0.0
intrmotiv/dg/gradient/ppo_norm,68878336,1790369870.0304801,0.0
intrmotiv/dg/gradient/ppo_norm,68927488,1790369879.8669574,0.0
intrmotiv/dg/gradient/ppo_norm,68976640,1790369889.6865869,0.0
intrmotiv/dg/gradient/ppo_norm,69025792,1790369899.619821,0.0
intrmotiv/dg/gradient/ppo_norm,69091328,1790369912.6515863,0.0
intrmotiv/dg/gradient/ppo_norm,69140480,1790369922.3949976,0.0
intrmotiv/dg/gradient/ppo_norm,69206016,1790369935.3812256,0.0
intrmotiv/dg/gradient/ppo_norm,69255168,1790369945.0451086,0.0
intrmotiv/dg/gradient/ppo_norm,69304320,1790369954.9350405,0.0
intrmotiv/dg/gradient/ppo_norm,69369856,1790369967.9510815,0.0
intrmotiv/dg/gradient/ppo_norm,69419008,1790369977.8924813,0.0
intrmotiv/dg/gradient/ppo_norm,69468160,1790369987.8322668,0.0
intrmotiv/dg/gradient/ppo_norm,69517312,1790369997.69114,0.0
intrmotiv/dg/gradient/ppo_norm,69566464,1790370007.4860156,0.0
intrmotiv/dg/gradient/ppo_norm,69615616,1790370017.4589486,0.0
intrmotiv/dg/gradient/ppo_norm,69664768,1790370027.2230768,0.0
intrmotiv/dg/gradient/ppo_norm,69713920,1790370037.041058,0.0
intrmotiv/dg/gradient/ppo_norm,69763072,1790370046.81598,0.0
intrmotiv/dg/gradient/ppo_norm,69828608,1790370059.9913225,0.0
intrmotiv/dg/gradient/ppo_norm,69894144,1790370073.0618334,0.0
intrmotiv/dg/gradient/ppo_norm,69959680,1790370086.0651474,0.0
intrmotiv/dg/gradient/ppo_norm,70008832,1790370096.27417,0.0
intrmotiv/dg/gradient/ppo_norm,70057984,1790370106.161866,0.0
intrmotiv/dg/gradient/ppo_norm,70123520,1790370119.204633,0.0
intrmotiv/dg/gradient/ppo_norm,70189056,1790370132.1845098,0.0
intrmotiv/dg/gradient/ppo_norm,70254592,1790370145.1810498,0.0
intrmotiv/dg/gradient/ppo_norm,70303744,1790370155.10672,0.0
intrmotiv/dg/gradient/ppo_norm,70369280,1790370168.2066154,0.0
intrmotiv/dg/gradient/ppo_norm,70418432,1790370178.083823,0.0
intrmotiv/dg/gradient/ppo_norm,70467584,1790370188.0333433,0.0
intrmotiv/dg/gradient/ppo_norm,70516736,1790370198.0074754,0.0
intrmotiv/dg/gradient/ppo_norm,70565888,1790370207.9348686,0.0
intrmotiv/dg/gradient/ppo_norm,70615040,1790370217.8480818,0.0
intrmotiv/dg/gradient/ppo_norm,70680576,1790370231.0081062,0.0
intrmotiv/dg/gradient/ppo_norm,70729728,1790370240.9138505,0.0
intrmotiv/dg/gradient/ppo_norm,70778880,1790370250.983592,0.0
intrmotiv/dg/gradient/ppo_norm,70828032,1790370260.9028788,0.0
intrmotiv/dg/gradient/ppo_norm,70893568,1790370274.097076,0.0
intrmotiv/dg/gradient/ppo_norm,70942720,1790370284.1158915,0.0
intrmotiv/dg/gradient/ppo_norm,70991872,1790370294.2419057,0.0
intrmotiv/dg/gradient/ppo_norm,71041024,1790370304.4201627,0.0
intrmotiv/dg/gradient/ppo_norm,71090176,1790370314.373211,0.0
intrmotiv/dg/gradient/ppo_norm,71139328,1790370324.4287915,0.0
intrmotiv/dg/gradient/ppo_norm,71188480,1790370334.4882107,0.0
intrmotiv/dg/gradient/ppo_norm,71254016,1790370347.6996527,0.0
intrmotiv/dg/gradient/ppo_norm,71319552,1790370360.8685837,0.0
intrmotiv/dg/gradient/ppo_norm,71385088,1790370374.0427198,0.0
intrmotiv/dg/gradient/ppo_norm,71434240,1790370383.9970243,0.0
intrmotiv/dg/gradient/ppo_norm,71499776,1790370397.118484,0.0
intrmotiv/dg/gradient/ppo_norm,71565312,1790370410.3777065,0.0
intrmotiv/dg/gradient/ppo_norm,71614464,1790370420.2242024,0.0
intrmotiv/dg/gradient/ppo_norm,71663616,1790370430.0096729,0.0
intrmotiv/dg/gradient/ppo_norm,71729152,1790370443.1629944,0.0
intrmotiv/dg/gradient/ppo_norm,71794688,1790370456.3774076,0.0
intrmotiv/dg/gradient/ppo_norm,71843840,1790370466.3335927,0.0
intrmotiv/dg/gradient/ppo_norm,71909376,1790370479.429877,0.0
intrmotiv/dg/gradient/ppo_norm,71958528,1790370489.465235,0.0
intrmotiv/dg/gradient/ppo_norm,72007680,1790370499.767647,0.0
intrmotiv/dg/gradient/ppo_norm,72056832,1790370509.7387707,0.0
intrmotiv/dg/gradient/ppo_norm,72105984,1790370519.8753157,0.0
intrmotiv/dg/gradient/ppo_norm,72155136,1790370529.86115,0.0
intrmotiv/dg/gradient/ppo_norm,72204288,1790370539.8213496,0.0
intrmotiv/dg/gradient/ppo_norm,72253440,1790370549.7714412,0.0
intrmotiv/dg/gradient/ppo_norm,72318976,1790370562.8716834,0.0
intrmotiv/dg/gradient/ppo_norm,72384512,1790370575.9450955,0.0
intrmotiv/dg/gradient/ppo_norm,72450048,1790370589.0856957,0.0
intrmotiv/dg/gradient/ppo_norm,72515584,1790370602.1415317,0.0
intrmotiv/dg/gradient/ppo_norm,72581120,1790370615.1723137,0.0
intrmotiv/dg/gradient/ppo_norm,72646656,1790370628.3128583,0.0
intrmotiv/dg/gradient/ppo_norm,72712192,1790370641.4707289,0.0
intrmotiv/dg/gradient/ppo_norm,72777728,1790370654.6091218,0.0
intrmotiv/dg/gradient/ppo_norm,72843264,1790370667.7788265,0.0
intrmotiv/dg/gradient/ppo_norm,72908800,1790370680.7073457,0.0
intrmotiv/dg/gradient/ppo_norm,72974336,1790370693.853025,0.0
intrmotiv/dg/gradient/ppo_norm,73023488,1790370703.9720693,0.0
intrmotiv/dg/gradient/ppo_norm,73089024,1790370717.1699188,0.0
intrmotiv/dg/gradient/ppo_norm,73154560,1790370730.3953655,0.0
intrmotiv/dg/gradient/ppo_norm,73203712,1790370740.3180745,0.0
intrmotiv/dg/gradient/ppo_norm,73252864,1790370750.1971128,0.0
intrmotiv/dg/gradient/ppo_norm,73318400,1790370763.3860025,0.0
intrmotiv/dg/gradient/ppo_norm,73383936,1790370776.4083934,0.0
intrmotiv/dg/gradient/ppo_norm,73449472,1790370789.4512198,0.0
intrmotiv/dg/gradient/ppo_norm,73515008,1790370802.518389,0.0
intrmotiv/dg/gradient/ppo_norm,73564160,1790370812.3393784,0.0
intrmotiv/dg/gradient/ppo_norm,73629696,1790370825.2844443,0.0
intrmotiv/dg/gradient/ppo_norm,73695232,1790370838.4146578,0.0
intrmotiv/dg/gradient/ppo_norm,73744384,1790370848.2939444,0.0
intrmotiv/dg/gradient/ppo_norm,73809920,1790370861.5010264,0.0
intrmotiv/dg/gradient/ppo_norm,73875456,1790370874.8880386,0.0
intrmotiv/dg/gradient/ppo_norm,73940992,1790370888.1361272,0.0
intrmotiv/dg/gradient/ppo_norm,73990144,1790370897.999155,0.0
intrmotiv/dg/gradient/ppo_norm,74039296,1790370908.1913989,0.0
intrmotiv/dg/gradient/ppo_norm,74104832,1790370921.4944813,0.0
intrmotiv/dg/gradient/ppo_norm,74153984,1790370931.567052,0.0
intrmotiv/dg/gradient/ppo_norm,74219520,1790370944.8210921,0.0
intrmotiv/dg/gradient/ppo_norm,74268672,1790370954.7547972,0.0
intrmotiv/dg/gradient/ppo_norm,74334208,1790370968.2871368,0.0
intrmotiv/dg/gradient/ppo_norm,74399744,1790370981.598247,0.0
intrmotiv/dg/gradient/ppo_norm,74448896,1790370991.5815115,0.0
intrmotiv/dg/gradient/ppo_norm,74514432,1790371004.9018703,0.0
intrmotiv/dg/gradient/ppo_norm,74579968,1790371018.1306562,0.0
intrmotiv/dg/gradient/ppo_norm,74629120,1790371028.1834936,0.0
intrmotiv/dg/gradient/ppo_norm,74694656,1790371041.272904,0.0
intrmotiv/dg/gradient/ppo_norm,74743808,1790371051.1166413,0.0
intrmotiv/dg/gradient/ppo_norm,74792960,1790371060.9638474,0.0
intrmotiv/dg/gradient/ppo_norm,74858496,1790371074.1446452,0.0
intrmotiv/dg/gradient/ppo_norm,74907648,1790371084.1415765,0.0
intrmotiv/dg/gradient/ppo_norm,74973184,1790371097.4297488,0.0
intrmotiv/dg/gradient/ppo_norm,75022336,1790371108.7158995,0.0
intrmotiv/reward/environment_mean,16384,1790356008.820507,0.0
intrmotiv/reward/environment_mean,32768,1790356020.0737925,0.0
intrmotiv/reward/environment_mean,49152,1790356029.3427098,0.0
intrmotiv/reward/environment_mean,65536,1790356034.3144248,0.0
intrmotiv/reward/environment_mean,98304,1790356043.3050466,0.0
intrmotiv/reward/environment_mean,131072,1790356051.8285122,0.0
intrmotiv/reward/environment_mean,163840,1790356059.614576,0.0
intrmotiv/reward/environment_mean,196608,1790356067.168327,0.0
intrmotiv/reward/environment_mean,212992,1790356070.806255,0.0
intrmotiv/reward/environment_mean,245760,1790356077.919485,0.0
intrmotiv/reward/environment_mean,278528,1790356084.6112192,0.0
intrmotiv/reward/environment_mean,294912,1790356088.3774388,0.0
intrmotiv/reward/environment_mean,327680,1790356095.2988112,0.0
intrmotiv/reward/environment_mean,360448,1790356102.2232032,0.00023535829677712172
intrmotiv/reward/environment_mean,393216,1790356109.0828733,0.0
intrmotiv/reward/environment_mean,425984,1790356115.935026,0.0
intrmotiv/reward/environment_mean,458752,1790356122.6045797,0.0
intrmotiv/reward/environment_mean,491520,1790356129.3435419,0.00023535829677712172
intrmotiv/reward/environment_mean,524288,1790356136.071225,0.0
intrmotiv/reward/environment_mean,557056,1790356142.7589653,0.0
intrmotiv/reward/environment_mean,589824,1790356149.5170517,0.00023535829677712172
intrmotiv/reward/environment_mean,622592,1790356156.1928906,0.0
intrmotiv/reward/environment_mean,655360,1790356162.9334993,0.0
intrmotiv/reward/environment_mean,688128,1790356169.6348577,0.00023535829677712172
intrmotiv/reward/environment_mean,720896,1790356176.411407,0.00023535829677712172
intrmotiv/reward/environment_mean,753664,1790356183.3450952,0.0
intrmotiv/reward/environment_mean,770048,1790356186.8010871,0.0
intrmotiv/reward/environment_mean,802816,1790356193.5526075,0.00023535829677712172
intrmotiv/reward/environment_mean,835584,1790356200.462081,0.0
intrmotiv/reward/environment_mean,868352,1790356207.1839116,0.0007060748757794499
intrmotiv/reward/environment_mean,901120,1790356213.8898606,0.0
intrmotiv/reward/environment_mean,933888,1790356220.6801858,0.00023535829677712172
intrmotiv/reward/environment_mean,966656,1790356227.4551013,0.0
intrmotiv/reward/environment_mean,999424,1790356234.1620753,0.0
intrmotiv/reward/environment_mean,1032192,1790356241.1459198,0.0
intrmotiv/reward/environment_mean,1064960,1790356247.7825656,0.0
intrmotiv/reward/environment_mean,1097728,1790356254.4330828,0.0
intrmotiv/reward/environment_mean,1130496,1790356261.1657915,0.0
intrmotiv/reward/environment_mean,1163264,1790356267.8085952,0.0
intrmotiv/reward/environment_mean,1196032,1790356274.5417163,0.0
intrmotiv/reward/environment_mean,1228800,1790356281.3300223,0.0
intrmotiv/reward/environment_mean,1261568,1790356287.9039795,0.00023535829677712172
intrmotiv/reward/environment_mean,1294336,1790356294.6643436,0.0
intrmotiv/reward/environment_mean,1327104,1790356301.4431133,0.0
intrmotiv/reward/environment_mean,1359872,1790356308.063658,0.0
intrmotiv/reward/environment_mean,1392640,1790356315.015803,0.0
intrmotiv/reward/environment_mean,1425408,1790356321.720961,0.0
intrmotiv/reward/environment_mean,1458176,1790356328.3920257,0.0
intrmotiv/reward/environment_mean,1490944,1790356335.1593542,0.0
intrmotiv/reward/environment_mean,1523712,1790356341.820904,0.00023535829677712172
intrmotiv/reward/environment_mean,1556480,1790356348.5878582,0.0
intrmotiv/reward/environment_mean,1589248,1790356355.429459,0.00023535829677712172
intrmotiv/reward/environment_mean,1622016,1790356362.2530453,0.00023535829677712172
intrmotiv/reward/environment_mean,1654784,1790356369.1545897,0.0
intrmotiv/reward/environment_mean,1687552,1790356375.9107175,0.00023535829677712172
intrmotiv/reward/environment_mean,1720320,1790356382.6592696,0.0
intrmotiv/reward/environment_mean,1753088,1790356389.4396782,0.0
intrmotiv/reward/environment_mean,1785856,1790356396.0661242,0.00047071659355424345
intrmotiv/reward/environment_mean,1818624,1790356402.7080305,0.0
intrmotiv/reward/environment_mean,1851392,1790356409.4457476,0.00023535829677712172
intrmotiv/reward/environment_mean,1884160,1790356416.1244242,0.0
intrmotiv/reward/environment_mean,1916928,1790356422.8107991,0.0
intrmotiv/reward/environment_mean,1949696,1790356429.576137,0.00023535829677712172
intrmotiv/reward/environment_mean,1982464,1790356436.328018,0.0
intrmotiv/reward/environment_mean,2015232,1790356443.5860946,0.00023535829677712172
intrmotiv/reward/environment_mean,2031616,1790356446.99712,0.00047071659355424345
intrmotiv/reward/environment_mean,2064384,1790356453.757812,0.0
intrmotiv/reward/environment_mean,2097152,1790356460.5224197,0.0
intrmotiv/reward/environment_mean,2129920,1790356467.1775167,0.00023535829677712172
intrmotiv/reward/environment_mean,2162688,1790356473.885348,0.0
intrmotiv/reward/environment_mean,2195456,1790356480.6646564,0.0
intrmotiv/reward/environment_mean,2228224,1790356487.4302883,0.0
intrmotiv/reward/environment_mean,2260992,1790356494.0371003,0.0
intrmotiv/reward/environment_mean,2293760,1790356500.542302,0.0
intrmotiv/reward/environment_mean,2326528,1790356507.1913497,0.0
intrmotiv/reward/environment_mean,2359296,1790356513.8921168,0.0
intrmotiv/reward/environment_mean,2392064,1790356520.4772434,0.0
intrmotiv/reward/environment_mean,2424832,1790356527.0425165,0.0
intrmotiv/reward/environment_mean,2457600,1790356533.6009371,0.0
intrmotiv/reward/environment_mean,2490368,1790356540.1139498,0.0
intrmotiv/reward/environment_mean,2523136,1790356546.7262661,0.00023535829677712172
intrmotiv/reward/environment_mean,2555904,1790356553.289102,0.00023535829677712172
intrmotiv/reward/environment_mean,2588672,1790356559.927163,0.0
intrmotiv/reward/environment_mean,2621440,1790356566.5268009,0.00023535829677712172
intrmotiv/reward/environment_mean,2654208,1790356573.244378,0.0
intrmotiv/reward/environment_mean,2686976,1790356579.8499184,0.0
intrmotiv/reward/environment_mean,2719744,1790356586.459637,0.0
intrmotiv/reward/environment_mean,2752512,1790356593.0996437,0.00023535829677712172
intrmotiv/reward/environment_mean,2785280,1790356599.9859726,0.0
intrmotiv/reward/environment_mean,2818048,1790356606.7107868,0.0
intrmotiv/reward/environment_mean,2850816,1790356613.3438637,0.00023535829677712172
intrmotiv/reward/environment_mean,2883584,1790356620.0220246,0.0
intrmotiv/reward/environment_mean,2916352,1790356626.7130885,0.0
intrmotiv/reward/environment_mean,2949120,1790356633.4653983,0.0
intrmotiv/reward/environment_mean,2981888,1790356640.12479,0.00023535829677712172
intrmotiv/reward/environment_mean,3014656,1790356646.9665587,0.0
intrmotiv/reward/environment_mean,3047424,1790356653.5863388,0.00023535829677712172
intrmotiv/reward/environment_mean,3080192,1790356660.2255027,0.00023535829677712172
intrmotiv/reward/environment_mean,3112960,1790356666.8203197,0.0
intrmotiv/reward/environment_mean,3145728,1790356673.59364,0.00047071659355424345
intrmotiv/reward/environment_mean,3178496,1790356680.1086488,0.0
intrmotiv/reward/environment_mean,3211264,1790356686.6529446,0.00023535829677712172
intrmotiv/reward/environment_mean,3244032,1790356693.2081735,0.00047071659355424345
intrmotiv/reward/environment_mean,3276800,1790356699.727537,0.0
intrmotiv/reward/environment_mean,3309568,1790356706.2793283,0.0
intrmotiv/reward/environment_mean,3342336,1790356712.7539103,0.0
intrmotiv/reward/environment_mean,3375104,1790356719.3353362,0.0
intrmotiv/reward/environment_mean,3407872,1790356725.8180397,0.00023535829677712172
intrmotiv/reward/environment_mean,3440640,1790356732.21793,0.00047071659355424345
intrmotiv/reward/environment_mean,3473408,1790356738.808228,0.00023535829677712172
intrmotiv/reward/environment_mean,3506176,1790356745.237663,0.0
intrmotiv/reward/environment_mean,3538944,1790356751.678994,0.0
intrmotiv/reward/environment_mean,3571712,1790356758.306475,0.0
intrmotiv/reward/environment_mean,3604480,1790356764.907128,0.00023535829677712172
intrmotiv/reward/environment_mean,3637248,1790356771.472583,0.0
intrmotiv/reward/environment_mean,3670016,1790356778.137361,0.00023535829677712172
intrmotiv/reward/environment_mean,3702784,1790356784.781653,0.0
intrmotiv/reward/environment_mean,3735552,1790356791.4874668,0.00023535829677712172
intrmotiv/reward/environment_mean,3768320,1790356798.1729188,0.00047071659355424345
intrmotiv/reward/environment_mean,3801088,1790356804.8280947,0.0
intrmotiv/reward/environment_mean,3833856,1790356811.5194268,0.00023535829677712172
intrmotiv/reward/environment_mean,3866624,1790356818.2475145,0.00023535829677712172
intrmotiv/reward/environment_mean,3899392,1790356824.7831426,0.0
intrmotiv/reward/environment_mean,3932160,1790356831.2884943,0.00047071659355424345
intrmotiv/reward/environment_mean,3964928,1790356838.0056164,0.00047071659355424345
intrmotiv/reward/environment_mean,3997696,1790356844.7267349,0.00023535829677712172
intrmotiv/reward/environment_mean,4030464,1790356851.5777402,0.00047071659355424345
intrmotiv/reward/environment_mean,4063232,1790356858.14705,0.0
intrmotiv/reward/environment_mean,4096000,1790356864.7698863,0.0
intrmotiv/reward/environment_mean,4128768,1790356871.2505512,0.00023535829677712172
intrmotiv/reward/environment_mean,4161536,1790356877.7269237,0.0
intrmotiv/reward/environment_mean,4194304,1790356884.2488742,0.0
intrmotiv/reward/environment_mean,4227072,1790356890.6418931,0.0
intrmotiv/reward/environment_mean,4259840,1790356897.153167,0.00047071659355424345
intrmotiv/reward/environment_mean,4292608,1790356903.6465538,0.0
intrmotiv/reward/environment_mean,4325376,1790356910.1001246,0.0
intrmotiv/reward/environment_mean,4358144,1790356916.5976114,0.00023535829677712172
intrmotiv/reward/environment_mean,4390912,1790356923.2019515,0.00047071659355424345
intrmotiv/reward/environment_mean,4423680,1790356929.8606458,0.00023535829677712172
intrmotiv/reward/environment_mean,4456448,1790356936.287898,0.00023535829677712172
intrmotiv/reward/environment_mean,4489216,1790356943.0503035,0.00023535829677712172
intrmotiv/reward/environment_mean,4521984,1790356949.4021978,0.00047071659355424345
intrmotiv/reward/environment_mean,4554752,1790356955.8685274,0.0
intrmotiv/reward/environment_mean,4587520,1790356962.3990755,0.0
intrmotiv/reward/environment_mean,4620288,1790356968.9962668,0.00023535829677712172
intrmotiv/reward/environment_mean,4653056,1790356975.3560438,0.0
intrmotiv/reward/environment_mean,4685824,1790356981.7963548,0.0
intrmotiv/reward/environment_mean,4718592,1790356988.2680922,0.00023535829677712172
intrmotiv/reward/environment_mean,4751360,1790356994.6793468,0.00023535829677712172
intrmotiv/reward/environment_mean,4784128,1790357001.393027,0.00023535829677712172
intrmotiv/reward/environment_mean,4816896,1790357007.591623,0.0
intrmotiv/reward/environment_mean,4849664,1790357014.2198412,0.00023535829677712172
intrmotiv/reward/environment_mean,4882432,1790357020.5355399,0.0
intrmotiv/reward/environment_mean,4915200,1790357027.0927002,0.00023535829677712172
intrmotiv/reward/environment_mean,4947968,1790357033.5240934,0.00023535829677712172
intrmotiv/reward/environment_mean,4980736,1790357039.973558,0.00047071659355424345
intrmotiv/reward/environment_mean,5013504,1790357047.8910587,0.0
intrmotiv/reward/environment_mean,5046272,1790357054.3799067,0.0
intrmotiv/reward/environment_mean,5079040,1790357060.7437873,0.0
intrmotiv/reward/environment_mean,5111808,1790357067.2307348,0.0
intrmotiv/reward/environment_mean,5144576,1790357073.8253384,0.00023535829677712172
intrmotiv/reward/environment_mean,5177344,1790357080.356473,0.00023535829677712172
intrmotiv/reward/environment_mean,5210112,1790357086.8982775,0.0
intrmotiv/reward/environment_mean,5242880,1790357093.1446266,0.0
intrmotiv/reward/environment_mean,5275648,1790357099.836057,0.00047071659355424345
intrmotiv/reward/environment_mean,5308416,1790357106.245082,0.0
intrmotiv/reward/environment_mean,5341184,1790357112.8370478,0.00023535829677712172
intrmotiv/reward/environment_mean,5373952,1790357119.3578322,0.00023535829677712172
intrmotiv/reward/environment_mean,5406720,1790357125.7892756,0.00023535829677712172
intrmotiv/reward/environment_mean,5439488,1790357132.3563657,0.00023535829677712172
intrmotiv/reward/environment_mean,5472256,1790357139.057245,0.0
intrmotiv/reward/environment_mean,5505024,1790357145.3910697,0.00023535829677712172
intrmotiv/reward/environment_mean,5537792,1790357151.9080596,0.00047071659355424345
intrmotiv/reward/environment_mean,5570560,1790357158.3750262,0.00023535829677712172
intrmotiv/reward/environment_mean,5603328,1790357164.8398168,0.0
intrmotiv/reward/environment_mean,5636096,1790357170.9829953,0.00023535829677712172
intrmotiv/reward/environment_mean,5668864,1790357177.655371,0.00023535829677712172
intrmotiv/reward/environment_mean,5701632,1790357184.0809517,0.00023535829677712172
intrmotiv/reward/environment_mean,5734400,1790357190.6222491,0.0
intrmotiv/reward/environment_mean,5767168,1790357197.1828983,0.0
intrmotiv/reward/environment_mean,5799936,1790357203.7428195,0.00047071659355424345
intrmotiv/reward/environment_mean,5832704,1790357210.317906,0.0
intrmotiv/reward/environment_mean,5865472,1790357216.7082121,0.00023535829677712172
intrmotiv/reward/environment_mean,5898240,1790357223.206785,0.00047071659355424345
intrmotiv/reward/environment_mean,5931008,1790357229.879385,0.0
intrmotiv/reward/environment_mean,5963776,1790357236.4280324,0.00047071659355424345
intrmotiv/reward/environment_mean,5996544,1790357242.8329194,0.00023535829677712172
intrmotiv/reward/environment_mean,6029312,1790357249.5707881,0.0
intrmotiv/reward/environment_mean,6062080,1790357256.0734155,0.0
intrmotiv/reward/environment_mean,6094848,1790357262.55649,0.00023535829677712172
intrmotiv/reward/environment_mean,6127616,1790357269.1589215,0.00047071659355424345
intrmotiv/reward/environment_mean,6160384,1790357275.6231506,0.00023535829677712172
intrmotiv/reward/environment_mean,6193152,1790357282.1524584,0.0
intrmotiv/reward/environment_mean,6225920,1790357288.6478105,0.00023535829677712172
intrmotiv/reward/environment_mean,6258688,1790357295.2128637,0.0
intrmotiv/reward/environment_mean,6291456,1790357301.7140746,0.00023535829677712172
intrmotiv/reward/environment_mean,6324224,1790357308.273349,0.00047071659355424345
intrmotiv/reward/environment_mean,6356992,1790357314.704131,0.00023535829677712172
intrmotiv/reward/environment_mean,6389760,1790357321.163142,0.0
intrmotiv/reward/environment_mean,6422528,1790357327.5312886,0.00047071659355424345
intrmotiv/reward/environment_mean,6455296,1790357334.1805906,0.0
intrmotiv/reward/environment_mean,6488064,1790357340.6442475,0.0
intrmotiv/reward/environment_mean,6520832,1790357347.0276003,0.00023535829677712172
intrmotiv/reward/environment_mean,6553600,1790357353.4984305,0.00023535829677712172
intrmotiv/reward/environment_mean,6586368,1790357360.0043054,0.0
intrmotiv/reward/environment_mean,6619136,1790357366.454049,0.00023535829677712172
intrmotiv/reward/environment_mean,6651904,1790357373.002423,0.0
intrmotiv/reward/environment_mean,6684672,1790357379.5867767,0.0
intrmotiv/reward/environment_mean,6717440,1790357386.1873171,0.0
intrmotiv/reward/environment_mean,6750208,1790357392.7516203,0.0007060748757794499
intrmotiv/reward/environment_mean,6782976,1790357399.2547846,0.0
intrmotiv/reward/environment_mean,6815744,1790357405.797841,0.00023535829677712172
intrmotiv/reward/environment_mean,6848512,1790357412.2890105,0.00023535829677712172
intrmotiv/reward/environment_mean,6881280,1790357418.9409354,0.00047071659355424345
intrmotiv/reward/environment_mean,6914048,1790357425.4316404,0.00047071659355424345
intrmotiv/reward/environment_mean,6946816,1790357431.911165,0.0
intrmotiv/reward/environment_mean,6979584,1790357438.1901226,0.00023535829677712172
intrmotiv/reward/environment_mean,7012352,1790357445.0158203,0.0
intrmotiv/reward/environment_mean,7045120,1790357451.4096775,0.0
intrmotiv/reward/environment_mean,7077888,1790357457.7397714,0.00047071659355424345
intrmotiv/reward/environment_mean,7110656,1790357464.1857455,0.0
intrmotiv/reward/environment_mean,7143424,1790357470.5942955,0.0
intrmotiv/reward/environment_mean,7176192,1790357477.0001488,0.00023535829677712172
intrmotiv/reward/environment_mean,7208960,1790357483.5126748,0.00023535829677712172
intrmotiv/reward/environment_mean,7241728,1790357489.5722165,0.00023535829677712172
intrmotiv/reward/environment_mean,7274496,1790357496.0857415,0.0
intrmotiv/reward/environment_mean,7307264,1790357502.4657233,0.0
intrmotiv/reward/environment_mean,7340032,1790357508.7593122,0.0
intrmotiv/reward/environment_mean,7372800,1790357515.194211,0.00023535829677712172
intrmotiv/reward/environment_mean,7405568,1790357521.5509214,0.00023535829677712172
intrmotiv/reward/environment_mean,7438336,1790357528.0022192,0.00023535829677712172
intrmotiv/reward/environment_mean,7471104,1790357534.5588534,0.00047071659355424345
intrmotiv/reward/environment_mean,7503872,1790357540.866043,0.0
intrmotiv/reward/environment_mean,7536640,1790357547.2089937,0.00023535829677712172
intrmotiv/reward/environment_mean,7569408,1790357553.7055733,0.0
intrmotiv/reward/environment_mean,7602176,1790357560.2623587,0.0
intrmotiv/reward/environment_mean,7634944,1790357566.6604767,0.0
intrmotiv/reward/environment_mean,7667712,1790357573.1346662,0.00023535829677712172
intrmotiv/reward/environment_mean,7700480,1790357579.6219387,0.0
intrmotiv/reward/environment_mean,7733248,1790357586.1474442,0.00023535829677712172
intrmotiv/reward/environment_mean,7766016,1790357592.6605217,0.0
intrmotiv/reward/environment_mean,7798784,1790357599.1763453,0.0007060748757794499
intrmotiv/reward/environment_mean,7831552,1790357605.7872937,0.00023535829677712172
intrmotiv/reward/environment_mean,7864320,1790357612.4122317,0.0007060748757794499
intrmotiv/reward/environment_mean,7897088,1790357618.9015489,0.00047071659355424345
intrmotiv/reward/environment_mean,7929856,1790357625.4584095,0.00023535829677712172
intrmotiv/reward/environment_mean,7962624,1790357632.003635,0.0007060748757794499
intrmotiv/reward/environment_mean,7995392,1790357638.7244782,0.0
intrmotiv/reward/environment_mean,8028160,1790357645.4276006,0.00023535829677712172
intrmotiv/reward/environment_mean,8060928,1790357652.0585446,0.00023535829677712172
intrmotiv/reward/environment_mean,8093696,1790357658.6196525,0.0
intrmotiv/reward/environment_mean,8126464,1790357665.2138336,0.00023535829677712172
intrmotiv/reward/environment_mean,8159232,1790357671.7804823,0.00023535829677712172
intrmotiv/reward/environment_mean,8192000,1790357678.370672,0.00023535829677712172
intrmotiv/reward/environment_mean,8224768,1790357684.977643,0.0
intrmotiv/reward/environment_mean,8257536,1790357691.4775693,0.00023535829677712172
intrmotiv/reward/environment_mean,8290304,1790357697.984841,0.00023535829677712172
intrmotiv/reward/environment_mean,8323072,1790357704.4828231,0.00023535829677712172
intrmotiv/reward/environment_mean,8355840,1790357711.008461,0.0
intrmotiv/reward/environment_mean,8388608,1790357717.4889855,0.0
intrmotiv/reward/environment_mean,8421376,1790357724.2814772,0.0
intrmotiv/reward/environment_mean,8454144,1790357730.8846018,0.0
intrmotiv/reward/environment_mean,8486912,1790357737.393041,0.00023535829677712172
intrmotiv/reward/environment_mean,8519680,1790357743.7453792,0.00047071659355424345
intrmotiv/reward/environment_mean,8552448,1790357750.6736236,0.00023535829677712172
intrmotiv/reward/environment_mean,8585216,1790357757.2280536,0.0007060748757794499
intrmotiv/reward/environment_mean,8617984,1790357763.740287,0.00023535829677712172
intrmotiv/reward/environment_mean,8650752,1790357770.3736799,0.00047071659355424345
intrmotiv/reward/environment_mean,8683520,1790357776.9386492,0.00023535829677712172
intrmotiv/reward/environment_mean,8716288,1790357783.4600542,0.0
intrmotiv/reward/environment_mean,8749056,1790357789.8790567,0.00047071659355424345
intrmotiv/reward/environment_mean,8781824,1790357796.4636436,0.00023535829677712172
intrmotiv/reward/environment_mean,8814592,1790357803.0741057,0.00023535829677712172
intrmotiv/reward/environment_mean,8847360,1790357809.6017208,0.00023535829677712172
intrmotiv/reward/environment_mean,8880128,1790357816.132902,0.00023535829677712172
intrmotiv/reward/environment_mean,8912896,1790357822.5309064,0.0
intrmotiv/reward/environment_mean,8945664,1790357829.1955316,0.0
intrmotiv/reward/environment_mean,8978432,1790357835.8888035,0.00047071659355424345
intrmotiv/reward/environment_mean,9011200,1790357842.77437,0.0009414331871084869
intrmotiv/reward/environment_mean,9043968,1790357849.3450043,0.00023535829677712172
intrmotiv/reward/environment_mean,9076736,1790357855.7284222,0.0
intrmotiv/reward/environment_mean,9109504,1790357862.442077,0.00023535829677712172
intrmotiv/reward/environment_mean,9142272,1790357868.9799829,0.0
intrmotiv/reward/environment_mean,9175040,1790357875.5055888,0.0007060748757794499
intrmotiv/reward/environment_mean,9207808,1790357881.9485853,0.0
intrmotiv/reward/environment_mean,9240576,1790357888.5573163,0.0
intrmotiv/reward/environment_mean,9273344,1790357894.9231894,0.0
intrmotiv/reward/environment_mean,9306112,1790357901.3455453,0.00023535829677712172
intrmotiv/reward/environment_mean,9338880,1790357907.842666,0.0
intrmotiv/reward/environment_mean,9371648,1790357914.2230928,0.00023535829677712172
intrmotiv/reward/environment_mean,9404416,1790357920.747825,0.0
intrmotiv/reward/environment_mean,9437184,1790357927.0411563,0.00047071659355424345
intrmotiv/reward/environment_mean,9469952,1790357933.5434725,0.00023535829677712172
intrmotiv/reward/environment_mean,9502720,1790357940.0385542,0.00023535829677712172
intrmotiv/reward/environment_mean,9535488,1790357946.4966075,0.00023535829677712172
intrmotiv/reward/environment_mean,9568256,1790357952.879745,0.0
intrmotiv/reward/environment_mean,9601024,1790357959.431354,0.0
intrmotiv/reward/environment_mean,9633792,1790357965.785415,0.00023535829677712172
intrmotiv/reward/environment_mean,9666560,1790357972.3249452,0.0
intrmotiv/reward/environment_mean,9699328,1790357978.8420813,0.0
intrmotiv/reward/environment_mean,9732096,1790357985.3177185,0.0
intrmotiv/reward/environment_mean,9764864,1790357991.743689,0.0
intrmotiv/reward/environment_mean,9797632,1790357998.14697,0.00023535829677712172
intrmotiv/reward/environment_mean,9830400,1790358004.8158576,0.00047071659355424345
intrmotiv/reward/environment_mean,9863168,1790358011.2969413,0.00047071659355424345
intrmotiv/reward/environment_mean,9895936,1790358017.683378,0.0
intrmotiv/reward/environment_mean,9928704,1790358024.2103722,0.0
intrmotiv/reward/environment_mean,9961472,1790358030.9430141,0.00047071659355424345
intrmotiv/reward/environment_mean,9994240,1790358037.5096529,0.00023535829677712172
intrmotiv/reward/environment_mean,10027008,1790358044.3307385,0.00023535829677712172
intrmotiv/reward/environment_mean,10059776,1790358050.8920124,0.00023535829677712172
intrmotiv/reward/environment_mean,10092544,1790358057.3092394,0.00047071659355424345
intrmotiv/reward/environment_mean,10125312,1790358063.8967495,0.0007060748757794499
intrmotiv/reward/environment_mean,10158080,1790358070.5655572,0.0
intrmotiv/reward/environment_mean,10190848,1790358077.17819,0.0
intrmotiv/reward/environment_mean,10223616,1790358083.7118244,0.00047071659355424345
intrmotiv/reward/environment_mean,10256384,1790358090.1099274,0.0
intrmotiv/reward/environment_mean,10289152,1790358096.8410692,0.0
intrmotiv/reward/environment_mean,10321920,1790358103.3565624,0.00023535829677712172
intrmotiv/reward/environment_mean,10354688,1790358109.8209407,0.00023535829677712172
intrmotiv/reward/environment_mean,10387456,1790358116.3335369,0.00047071659355424345
intrmotiv/reward/environment_mean,10420224,1790358122.795674,0.00047071659355424345
intrmotiv/reward/environment_mean,10452992,1790358129.2826314,0.00047071659355424345
intrmotiv/reward/environment_mean,10485760,1790358135.6115248,0.0
intrmotiv/reward/environment_mean,10518528,1790358142.4026086,0.00023535829677712172
intrmotiv/reward/environment_mean,10551296,1790358148.8037045,0.00047071659355424345
intrmotiv/reward/environment_mean,10584064,1790358155.314351,0.00023535829677712172
intrmotiv/reward/environment_mean,10616832,1790358161.8806927,0.00047071659355424345
intrmotiv/reward/environment_mean,10649600,1790358168.1786957,0.0
intrmotiv/reward/environment_mean,10682368,1790358174.8231516,0.0007060748757794499
intrmotiv/reward/environment_mean,10715136,1790358181.4430807,0.00023535829677712172
intrmotiv/reward/environment_mean,10747904,1790358188.1808453,0.0
intrmotiv/reward/environment_mean,10780672,1790358194.71211,0.00023535829677712172
intrmotiv/reward/environment_mean,10813440,1790358201.128919,0.0
intrmotiv/reward/environment_mean,10846208,1790358207.5372467,0.00047071659355424345
intrmotiv/reward/environment_mean,10878976,1790358213.9681664,0.00023535829677712172
intrmotiv/reward/environment_mean,10911744,1790358220.5830097,0.00023535829677712172
intrmotiv/reward/environment_mean,10944512,1790358227.0523534,0.0
intrmotiv/reward/environment_mean,10977280,1790358233.4020252,0.00047071659355424345
intrmotiv/reward/environment_mean,11010048,1790358240.0491326,0.0
intrmotiv/reward/environment_mean,11042816,1790358246.3607213,0.0
intrmotiv/reward/environment_mean,11075584,1790358252.9142773,0.0
intrmotiv/reward/environment_mean,11108352,1790358259.3739152,0.00023535829677712172
intrmotiv/reward/environment_mean,11141120,1790358265.9106345,0.0
intrmotiv/reward/environment_mean,11173888,1790358272.4405432,0.0
intrmotiv/reward/environment_mean,11206656,1790358279.1675122,0.0
intrmotiv/reward/environment_mean,11239424,1790358285.6332824,0.0
intrmotiv/reward/environment_mean,11272192,1790358292.1296048,0.0
intrmotiv/reward/environment_mean,11304960,1790358298.6149225,0.0
intrmotiv/reward/environment_mean,11337728,1790358305.003448,0.00023535829677712172
intrmotiv/reward/environment_mean,11370496,1790358311.6861653,0.0
intrmotiv/reward/environment_mean,11403264,1790358318.022475,0.0
intrmotiv/reward/environment_mean,11436032,1790358324.4711401,0.0
intrmotiv/reward/environment_mean,11468800,1790358330.907586,0.0
intrmotiv/reward/environment_mean,11501568,1790358337.378528,0.00023535829677712172
intrmotiv/reward/environment_mean,11534336,1790358343.9561672,0.00023535829677712172
intrmotiv/reward/environment_mean,11567104,1790358350.4649475,0.00047071659355424345
intrmotiv/reward/environment_mean,11599872,1790358356.8720858,0.0
intrmotiv/reward/environment_mean,11632640,1790358363.094705,0.00023535829677712172
intrmotiv/reward/environment_mean,11665408,1790358369.5986214,0.0
intrmotiv/reward/environment_mean,11698176,1790358376.0178607,0.00023535829677712172
intrmotiv/reward/environment_mean,11730944,1790358382.5184305,0.0
intrmotiv/reward/environment_mean,11763712,1790358389.142943,0.00047071659355424345
intrmotiv/reward/environment_mean,11796480,1790358395.6567156,0.0
intrmotiv/reward/environment_mean,11829248,1790358402.2951262,0.00023535829677712172
intrmotiv/reward/environment_mean,11862016,1790358408.645561,0.00047071659355424345
intrmotiv/reward/environment_mean,11894784,1790358415.059457,0.0007060748757794499
intrmotiv/reward/environment_mean,11927552,1790358421.7676811,0.00047071659355424345
intrmotiv/reward/environment_mean,11960320,1790358428.302343,0.0
intrmotiv/reward/environment_mean,11993088,1790358434.6493347,0.0
intrmotiv/reward/environment_mean,12025856,1790358441.4217799,0.0
intrmotiv/reward/environment_mean,12058624,1790358447.878797,0.00047071659355424345
intrmotiv/reward/environment_mean,12091392,1790358454.421054,0.00023535829677712172
intrmotiv/reward/environment_mean,12124160,1790358460.9715462,0.0007060748757794499
intrmotiv/reward/environment_mean,12156928,1790358467.4509919,0.00023535829677712172
intrmotiv/reward/environment_mean,12189696,1790358474.1082551,0.0
intrmotiv/reward/environment_mean,12222464,1790358480.5882244,0.00047071659355424345
intrmotiv/reward/environment_mean,12255232,1790358487.4164302,0.00047071659355424345
intrmotiv/reward/environment_mean,12288000,1790358494.0921633,0.00047071659355424345
intrmotiv/reward/environment_mean,12320768,1790358500.698415,0.00023535829677712172
intrmotiv/reward/environment_mean,12353536,1790358507.3994381,0.0
intrmotiv/reward/environment_mean,12386304,1790358514.0412126,0.0
intrmotiv/reward/environment_mean,12419072,1790358520.6073642,0.00047071659355424345
intrmotiv/reward/environment_mean,12451840,1790358527.2450793,0.00023535829677712172
intrmotiv/reward/environment_mean,12484608,1790358533.7642207,0.00023535829677712172
intrmotiv/reward/environment_mean,12517376,1790358540.3697758,0.00023535829677712172
intrmotiv/reward/environment_mean,12550144,1790358547.203661,0.0007060748757794499
intrmotiv/reward/environment_mean,12582912,1790358553.8374064,0.00047071659355424345
intrmotiv/reward/environment_mean,12615680,1790358560.4294772,0.00023535829677712172
intrmotiv/reward/environment_mean,12648448,1790358567.0755599,0.0
intrmotiv/reward/environment_mean,12681216,1790358573.6703186,0.00023535829677712172
intrmotiv/reward/environment_mean,12713984,1790358580.2509215,0.00023535829677712172
intrmotiv/reward/environment_mean,12746752,1790358586.8704734,0.0
intrmotiv/reward/environment_mean,12779520,1790358593.4287937,0.0
intrmotiv/reward/environment_mean,12812288,1790358600.2150793,0.0
intrmotiv/reward/environment_mean,12845056,1790358606.8801212,0.00023535829677712172
intrmotiv/reward/environment_mean,12877824,1790358613.4950697,0.00023535829677712172
intrmotiv/reward/environment_mean,12910592,1790358620.018377,0.0
intrmotiv/reward/environment_mean,12943360,1790358626.659952,0.0
intrmotiv/reward/environment_mean,12976128,1790358633.1991563,0.00023535829677712172
intrmotiv/reward/environment_mean,13008896,1790358640.2029235,0.0
intrmotiv/reward/environment_mean,13041664,1790358646.7805145,0.00023535829677712172
intrmotiv/reward/environment_mean,13074432,1790358653.4188795,0.00023535829677712172
intrmotiv/reward/environment_mean,13107200,1790358659.8933368,0.00023535829677712172
intrmotiv/reward/environment_mean,13139968,1790358666.4078937,0.00023535829677712172
intrmotiv/reward/environment_mean,13172736,1790358672.929033,0.00023535829677712172
intrmotiv/reward/environment_mean,13205504,1790358679.579542,0.00023535829677712172
intrmotiv/reward/environment_mean,13238272,1790358686.2027621,0.0
intrmotiv/reward/environment_mean,13271040,1790358692.670675,0.0
intrmotiv/reward/environment_mean,13303808,1790358699.3057573,0.00023535829677712172
intrmotiv/reward/environment_mean,13336576,1790358705.9417322,0.00023535829677712172
intrmotiv/reward/environment_mean,13369344,1790358712.575734,0.0
intrmotiv/reward/environment_mean,13402112,1790358719.2739232,0.00047071659355424345
intrmotiv/reward/environment_mean,13434880,1790358725.8283699,0.00023535829677712172
intrmotiv/reward/environment_mean,13467648,1790358732.4141042,0.00023535829677712172
intrmotiv/reward/environment_mean,13500416,1790358739.0001886,0.0
intrmotiv/reward/environment_mean,13533184,1790358745.6574776,0.00023535829677712172
intrmotiv/reward/environment_mean,13565952,1790358752.2491446,0.00047071659355424345
intrmotiv/reward/environment_mean,13598720,1790358758.830983,0.0
intrmotiv/reward/environment_mean,13631488,1790358765.4944968,0.0
intrmotiv/reward/environment_mean,13664256,1790358772.0360057,0.0
intrmotiv/reward/environment_mean,13697024,1790358778.6748443,0.00023535829677712172
intrmotiv/reward/environment_mean,13729792,1790358785.274114,0.00047071659355424345
intrmotiv/reward/environment_mean,13762560,1790358791.9471707,0.0
intrmotiv/reward/environment_mean,13795328,1790358798.6488292,0.0007060748757794499
intrmotiv/reward/environment_mean,13828096,1790358805.3435824,0.00023535829677712172
intrmotiv/reward/environment_mean,13860864,1790358811.9486356,0.0
intrmotiv/reward/environment_mean,13893632,1790358818.6258533,0.0
intrmotiv/reward/environment_mean,13926400,1790358825.2495468,0.00047071659355424345
intrmotiv/reward/environment_mean,13959168,1790358832.0689907,0.00023535829677712172
intrmotiv/reward/environment_mean,13991936,1790358838.7351365,0.00047071659355424345
intrmotiv/reward/environment_mean,14024704,1790358845.5877585,0.00023535829677712172
intrmotiv/reward/environment_mean,14057472,1790358852.2476587,0.0
intrmotiv/reward/environment_mean,14090240,1790358858.7112787,0.00023535829677712172
intrmotiv/reward/environment_mean,14123008,1790358865.3492644,0.00023535829677712172
intrmotiv/reward/environment_mean,14155776,1790358871.821591,0.00023535829677712172
intrmotiv/reward/environment_mean,14188544,1790358878.445843,0.0007060748757794499
intrmotiv/reward/environment_mean,14221312,1790358885.0847237,0.0
intrmotiv/reward/environment_mean,14254080,1790358891.656482,0.00047071659355424345
intrmotiv/reward/environment_mean,14286848,1790358898.3048217,0.0
intrmotiv/reward/environment_mean,14319616,1790358904.871526,0.0
intrmotiv/reward/environment_mean,14352384,1790358911.7280564,0.00047071659355424345
intrmotiv/reward/environment_mean,14385152,1790358918.2549517,0.00047071659355424345
intrmotiv/reward/environment_mean,14417920,1790358924.8344061,0.00047071659355424345
intrmotiv/reward/environment_mean,14450688,1790358931.3844144,0.00047071659355424345
intrmotiv/reward/environment_mean,14483456,1790358937.9432027,0.00023535829677712172
intrmotiv/reward/environment_mean,14516224,1790358944.427563,0.00023535829677712172
intrmotiv/reward/environment_mean,14548992,1790358951.0312707,0.00023535829677712172
intrmotiv/reward/environment_mean,14581760,1790358957.6506648,0.0
intrmotiv/reward/environment_mean,14614528,1790358964.2942178,0.00023535829677712172
intrmotiv/reward/environment_mean,14647296,1790358970.9377613,0.00047071659355424345
intrmotiv/reward/environment_mean,14680064,1790358977.3891118,0.00023535829677712172
intrmotiv/reward/environment_mean,14712832,1790358983.877741,0.00047071659355424345
intrmotiv/reward/environment_mean,14745600,1790358990.447697,0.0
intrmotiv/reward/environment_mean,14778368,1790358996.9857666,0.0
intrmotiv/reward/environment_mean,14811136,1790359003.5494642,0.00023535829677712172
intrmotiv/reward/environment_mean,14843904,1790359010.1442869,0.0
intrmotiv/reward/environment_mean,14876672,1790359016.7196085,0.00023535829677712172
intrmotiv/reward/environment_mean,14909440,1790359023.192771,0.00023535829677712172
intrmotiv/reward/environment_mean,14942208,1790359029.8373907,0.0
intrmotiv/reward/environment_mean,14974976,1790359036.3855734,0.0
intrmotiv/reward/environment_mean,15007744,1790359043.2116091,0.00023535829677712172
intrmotiv/reward/environment_mean,15040512,1790359049.6772091,0.0
intrmotiv/reward/environment_mean,15073280,1790359056.3191633,0.00047071659355424345
intrmotiv/reward/environment_mean,15106048,1790359062.787647,0.0
intrmotiv/reward/environment_mean,15138816,1790359069.4643722,0.0007060748757794499
intrmotiv/reward/environment_mean,15171584,1790359076.0251997,0.0
intrmotiv/reward/environment_mean,15204352,1790359082.4644847,0.00023535829677712172
intrmotiv/reward/environment_mean,15237120,1790359089.1402133,0.00023535829677712172
intrmotiv/reward/environment_mean,15269888,1790359095.7561266,0.00023535829677712172
intrmotiv/reward/environment_mean,15302656,1790359102.4022274,0.00023535829677712172
intrmotiv/reward/environment_mean,15335424,1790359109.0147748,0.00023535829677712172
intrmotiv/reward/environment_mean,15368192,1790359115.6608226,0.0
intrmotiv/reward/environment_mean,15400960,1790359122.23815,0.00047071659355424345
intrmotiv/reward/environment_mean,15433728,1790359128.8716388,0.00047071659355424345
intrmotiv/reward/environment_mean,15466496,1790359135.5775561,0.0
intrmotiv/reward/environment_mean,15499264,1790359142.0644865,0.0
intrmotiv/reward/environment_mean,15532032,1790359148.6960557,0.00047071659355424345
intrmotiv/reward/environment_mean,15564800,1790359155.2674723,0.00023535829677712172
intrmotiv/reward/environment_mean,15597568,1790359161.844279,0.0
intrmotiv/reward/environment_mean,15630336,1790359168.542381,0.0
intrmotiv/reward/environment_mean,15663104,1790359175.0484853,0.00023535829677712172
intrmotiv/reward/environment_mean,15695872,1790359181.7185206,0.0
intrmotiv/reward/environment_mean,15728640,1790359188.4900665,0.00047071659355424345
intrmotiv/reward/environment_mean,15761408,1790359194.9692788,0.00023535829677712172
intrmotiv/reward/environment_mean,15794176,1790359201.529442,0.00023535829677712172
intrmotiv/reward/environment_mean,15826944,1790359208.06147,0.0
intrmotiv/reward/environment_mean,15859712,1790359214.6188095,0.00023535829677712172
intrmotiv/reward/environment_mean,15892480,1790359221.1895282,0.00047071659355424345
intrmotiv/reward/environment_mean,15925248,1790359227.9397159,0.0009414331871084869
intrmotiv/reward/environment_mean,15958016,1790359234.4805768,0.00023535829677712172
intrmotiv/reward/environment_mean,15990784,1790359241.061564,0.0
intrmotiv/reward/environment_mean,16023552,1790359247.8048635,0.00023535829677712172
intrmotiv/reward/environment_mean,16056320,1790359254.3753471,0.00023535829677712172
intrmotiv/reward/environment_mean,16089088,1790359261.0318375,0.00047071659355424345
intrmotiv/reward/environment_mean,16121856,1790359267.6527653,0.00047071659355424345
intrmotiv/reward/environment_mean,16154624,1790359274.1872668,0.0
intrmotiv/reward/environment_mean,16187392,1790359280.7464232,0.0
intrmotiv/reward/environment_mean,16220160,1790359287.3015873,0.0
intrmotiv/reward/environment_mean,16252928,1790359294.112627,0.00047071659355424345
intrmotiv/reward/environment_mean,16285696,1790359300.5936675,0.00023535829677712172
intrmotiv/reward/environment_mean,16318464,1790359307.2462995,0.0
intrmotiv/reward/environment_mean,16351232,1790359313.7624333,0.0
intrmotiv/reward/environment_mean,16384000,1790359320.4053059,0.0
intrmotiv/reward/environment_mean,16416768,1790359326.8842041,0.00023535829677712172
intrmotiv/reward/environment_mean,16449536,1790359333.4881275,0.00047071659355424345
intrmotiv/reward/environment_mean,16482304,1790359340.1538074,0.00023535829677712172
intrmotiv/reward/environment_mean,16515072,1790359346.7075381,0.0007060748757794499
intrmotiv/reward/environment_mean,16547840,1790359353.118327,0.0
intrmotiv/reward/environment_mean,16580608,1790359359.7729063,0.0
intrmotiv/reward/environment_mean,16613376,1790359366.240176,0.00047071659355424345
intrmotiv/reward/environment_mean,16646144,1790359372.755345,0.0
intrmotiv/reward/environment_mean,16678912,1790359379.379055,0.0
intrmotiv/reward/environment_mean,16711680,1790359385.9861808,0.00023535829677712172
intrmotiv/reward/environment_mean,16744448,1790359392.703563,0.00023535829677712172
intrmotiv/reward/environment_mean,16777216,1790359399.4562576,0.0007060748757794499
intrmotiv/reward/environment_mean,16809984,1790359405.9084232,0.00047071659355424345
intrmotiv/reward/environment_mean,16842752,1790359412.6486115,0.00047071659355424345
intrmotiv/reward/environment_mean,16875520,1790359419.221857,0.0009414331871084869
intrmotiv/reward/environment_mean,16908288,1790359426.021575,0.00047071659355424345
intrmotiv/reward/environment_mean,16941056,1790359432.5000198,0.0007060748757794499
intrmotiv/reward/environment_mean,16973824,1790359439.09182,0.0
intrmotiv/reward/environment_mean,17006592,1790359445.937799,0.00023535829677712172
intrmotiv/reward/environment_mean,17039360,1790359452.436844,0.0
intrmotiv/reward/environment_mean,17072128,1790359459.036685,0.0
intrmotiv/reward/environment_mean,17104896,1790359465.6721745,0.00023535829677712172
intrmotiv/reward/environment_mean,17137664,1790359472.2179039,0.00023535829677712172
intrmotiv/reward/environment_mean,17170432,1790359478.9179525,0.00047071659355424345
intrmotiv/reward/environment_mean,17203200,1790359485.6814876,0.0
intrmotiv/reward/environment_mean,17235968,1790359492.2634199,0.0007060748757794499
intrmotiv/reward/environment_mean,17268736,1790359498.9469965,0.0
intrmotiv/reward/environment_mean,17301504,1790359505.5899203,0.00023535829677712172
intrmotiv/reward/environment_mean,17334272,1790359512.2922354,0.0007060748757794499
intrmotiv/reward/environment_mean,17367040,1790359518.8686333,0.00023535829677712172
intrmotiv/reward/environment_mean,17399808,1790359525.4740362,0.00023535829677712172
intrmotiv/reward/environment_mean,17432576,1790359532.1592293,0.00023535829677712172
intrmotiv/reward/environment_mean,17465344,1790359538.8428452,0.00023535829677712172
intrmotiv/reward/environment_mean,17498112,1790359545.4822285,0.00047071659355424345
intrmotiv/reward/environment_mean,17530880,1790359552.0812845,0.0
intrmotiv/reward/environment_mean,17563648,1790359558.6863291,0.00047071659355424345
intrmotiv/reward/environment_mean,17596416,1790359565.2883477,0.00023535829677712172
intrmotiv/reward/environment_mean,17629184,1790359571.8982728,0.00023535829677712172
intrmotiv/reward/environment_mean,17661952,1790359578.453152,0.0007060748757794499
intrmotiv/reward/environment_mean,17694720,1790359584.9954023,0.0
intrmotiv/reward/environment_mean,17727488,1790359591.5435774,0.00023535829677712172
intrmotiv/reward/environment_mean,17760256,1790359598.1471736,0.00023535829677712172
intrmotiv/reward/environment_mean,17793024,1790359604.676341,0.0
intrmotiv/reward/environment_mean,17825792,1790359611.2041178,0.0
intrmotiv/reward/environment_mean,17858560,1790359617.9129808,0.00023535829677712172
intrmotiv/reward/environment_mean,17891328,1790359624.612909,0.00023535829677712172
intrmotiv/reward/environment_mean,17924096,1790359631.249126,0.00047071659355424345
intrmotiv/reward/environment_mean,17956864,1790359637.896465,0.00023535829677712172
intrmotiv/reward/environment_mean,17989632,1790359644.4488108,0.0
intrmotiv/reward/environment_mean,18022400,1790359651.382552,0.0014121497515588999
intrmotiv/reward/environment_mean,18055168,1790359658.0579066,0.0011767914984375238
intrmotiv/reward/environment_mean,18087936,1790359664.628266,0.00023535829677712172
intrmotiv/reward/environment_mean,18120704,1790359671.3059886,0.0007060748757794499
intrmotiv/reward/environment_mean,18153472,1790359678.0013587,0.00047071659355424345
intrmotiv/reward/environment_mean,18186240,1790359684.529386,0.00023535829677712172
intrmotiv/reward/environment_mean,18219008,1790359690.9715495,0.00047071659355424345
intrmotiv/reward/environment_mean,18251776,1790359697.7650378,0.00023535829677712172
intrmotiv/reward/environment_mean,18284544,1790359704.3474874,0.00023535829677712172
intrmotiv/reward/environment_mean,18317312,1790359710.8803098,0.00023535829677712172
intrmotiv/reward/environment_mean,18350080,1790359717.581979,0.00047071659355424345
intrmotiv/reward/environment_mean,18382848,1790359724.2900562,0.0
intrmotiv/reward/environment_mean,18415616,1790359730.8588943,0.0
intrmotiv/reward/environment_mean,18448384,1790359737.4169834,0.0
intrmotiv/reward/environment_mean,18481152,1790359744.0529935,0.0
intrmotiv/reward/environment_mean,18513920,1790359750.9221437,0.0009414331871084869
intrmotiv/reward/environment_mean,18546688,1790359757.5104802,0.0
intrmotiv/reward/environment_mean,18579456,1790359764.1612425,0.0
intrmotiv/reward/environment_mean,18612224,1790359770.696733,0.0007060748757794499
intrmotiv/reward/environment_mean,18644992,1790359777.2739553,0.0
intrmotiv/reward/environment_mean,18677760,1790359783.8985066,0.00047071659355424345
intrmotiv/reward/environment_mean,18710528,1790359790.477956,0.0
intrmotiv/reward/environment_mean,18743296,1790359797.068051,0.0
intrmotiv/reward/environment_mean,18776064,1790359803.7156122,0.00023535829677712172
intrmotiv/reward/environment_mean,18808832,1790359810.2935894,0.00047071659355424345
intrmotiv/reward/environment_mean,18841600,1790359817.0414257,0.00047071659355424345
intrmotiv/reward/environment_mean,18874368,1790359823.5969114,0.0007060748757794499
intrmotiv/reward/environment_mean,18907136,1790359830.3524857,0.0011767914984375238
intrmotiv/reward/environment_mean,18939904,1790359836.994035,0.00047071659355424345
intrmotiv/reward/environment_mean,18972672,1790359843.6612895,0.00047071659355424345
intrmotiv/reward/environment_mean,19005440,1790359850.6006722,0.00023535829677712172
intrmotiv/reward/environment_mean,19038208,1790359857.3048697,0.00047071659355424345
intrmotiv/reward/environment_mean,19070976,1790359863.8323586,0.00023535829677712172
intrmotiv/reward/environment_mean,19103744,1790359870.6903532,0.00023535829677712172
intrmotiv/reward/environment_mean,19136512,1790359877.3435261,0.00023535829677712172
intrmotiv/reward/environment_mean,19169280,1790359883.971423,0.00047071659355424345
intrmotiv/reward/environment_mean,19202048,1790359890.6903083,0.00047071659355424345
intrmotiv/reward/environment_mean,19234816,1790359897.2447417,0.00023535829677712172
intrmotiv/reward/environment_mean,19267584,1790359903.9411302,0.00023535829677712172
intrmotiv/reward/environment_mean,19300352,1790359910.621862,0.00023535829677712172
intrmotiv/reward/environment_mean,19333120,1790359917.5017018,0.0
intrmotiv/reward/environment_mean,19365888,1790359924.1630738,0.00023535829677712172
intrmotiv/reward/environment_mean,19398656,1790359930.8123186,0.00047071659355424345
intrmotiv/reward/environment_mean,19431424,1790359937.5403612,0.00023535829677712172
intrmotiv/reward/environment_mean,19464192,1790359944.1856022,0.00047071659355424345
intrmotiv/reward/environment_mean,19496960,1790359950.7802742,0.00047071659355424345
intrmotiv/reward/environment_mean,19529728,1790359957.5891159,0.00047071659355424345
intrmotiv/reward/environment_mean,19562496,1790359964.2132668,0.00047071659355424345
intrmotiv/reward/environment_mean,19595264,1790359970.9001205,0.00047071659355424345
intrmotiv/reward/environment_mean,19628032,1790359977.6512504,0.0
intrmotiv/reward/environment_mean,19660800,1790359984.2494583,0.0
intrmotiv/reward/environment_mean,19693568,1790359990.8775182,0.00023535829677712172
intrmotiv/reward/environment_mean,19726336,1790359997.429971,0.00023535829677712172
intrmotiv/reward/environment_mean,19759104,1790360004.0150237,0.00023535829677712172
intrmotiv/reward/environment_mean,19791872,1790360010.6889236,0.0
intrmotiv/reward/environment_mean,19824640,1790360017.3741693,0.0007060748757794499
intrmotiv/reward/environment_mean,19857408,1790360023.9656703,0.00023535829677712172
intrmotiv/reward/environment_mean,19890176,1790360030.5459676,0.00023535829677712172
intrmotiv/reward/environment_mean,19922944,1790360037.1449256,0.0
intrmotiv/reward/environment_mean,19955712,1790360043.70995,0.0
intrmotiv/reward/environment_mean,19988480,1790360050.531149,0.00047071659355424345
intrmotiv/reward/environment_mean,20021248,1790360058.4531362,0.00023535829677712172
intrmotiv/reward/environment_mean,20054016,1790360065.2141757,0.0007060748757794499
intrmotiv/reward/environment_mean,20086784,1790360071.7943287,0.00047071659355424345
intrmotiv/reward/environment_mean,20119552,1790360078.4972634,0.0009414331871084869
intrmotiv/reward/environment_mean,20152320,1790360085.0786114,0.00023535829677712172
intrmotiv/reward/environment_mean,20185088,1790360091.5620055,0.00047071659355424345
intrmotiv/reward/environment_mean,20217856,1790360098.1576731,0.0
intrmotiv/reward/environment_mean,20250624,1790360104.854586,0.0
intrmotiv/reward/environment_mean,20283392,1790360111.512543,0.0
intrmotiv/reward/environment_mean,20316160,1790360118.1466427,0.00047071659355424345
intrmotiv/reward/environment_mean,20348928,1790360124.7307112,0.00023535829677712172
intrmotiv/reward/environment_mean,20381696,1790360131.3454359,0.0
intrmotiv/reward/environment_mean,20414464,1790360137.9462795,0.00023535829677712172
intrmotiv/reward/environment_mean,20447232,1790360144.5935664,0.00047071659355424345
intrmotiv/reward/environment_mean,20480000,1790360151.223122,0.0
intrmotiv/reward/environment_mean,20512768,1790360157.8415549,0.0
intrmotiv/reward/environment_mean,20545536,1790360164.6407938,0.00047071659355424345
intrmotiv/reward/environment_mean,20578304,1790360171.343526,0.00023535829677712172
intrmotiv/reward/environment_mean,20611072,1790360178.028796,0.00047071659355424345
intrmotiv/reward/environment_mean,20643840,1790360184.7127934,0.0
intrmotiv/reward/environment_mean,20676608,1790360191.3710248,0.00047071659355424345
intrmotiv/reward/environment_mean,20709376,1790360198.0850153,0.0007060748757794499
intrmotiv/reward/environment_mean,20742144,1790360204.8533783,0.00047071659355424345
intrmotiv/reward/environment_mean,20774912,1790360211.5710914,0.00047071659355424345
intrmotiv/reward/environment_mean,20807680,1790360218.2446947,0.00023535829677712172
intrmotiv/reward/environment_mean,20840448,1790360224.948176,0.0007060748757794499
intrmotiv/reward/environment_mean,20873216,1790360231.6946974,0.0
intrmotiv/reward/environment_mean,20905984,1790360238.322404,0.0
intrmotiv/reward/environment_mean,20938752,1790360245.017974,0.00023535829677712172
intrmotiv/reward/environment_mean,20971520,1790360251.692,0.00023535829677712172
intrmotiv/reward/environment_mean,21004288,1790360258.4722958,0.00023535829677712172
intrmotiv/reward/environment_mean,21037056,1790360265.1291182,0.00047071659355424345
intrmotiv/reward/environment_mean,21069824,1790360271.735567,0.0
intrmotiv/reward/environment_mean,21102592,1790360278.3360941,0.0
intrmotiv/reward/environment_mean,21135360,1790360284.9390843,0.00023535829677712172
intrmotiv/reward/environment_mean,21168128,1790360291.6553297,0.0
intrmotiv/reward/environment_mean,21200896,1790360298.3573089,0.0
intrmotiv/reward/environment_mean,21233664,1790360305.0165145,0.0007060748757794499
intrmotiv/reward/environment_mean,21266432,1790360311.6542277,0.00023535829677712172
intrmotiv/reward/environment_mean,21299200,1790360318.311552,0.0
intrmotiv/reward/environment_mean,21331968,1790360324.982837,0.0
intrmotiv/reward/environment_mean,21364736,1790360331.6493936,0.00023535829677712172
intrmotiv/reward/environment_mean,21397504,1790360338.5033689,0.0
intrmotiv/reward/environment_mean,21430272,1790360345.0554485,0.00023535829677712172
intrmotiv/reward/environment_mean,21463040,1790360351.659717,0.0
intrmotiv/reward/environment_mean,21495808,1790360358.4219754,0.0009414331871084869
intrmotiv/reward/environment_mean,21528576,1790360365.0429573,0.00023535829677712172
intrmotiv/reward/environment_mean,21561344,1790360371.7399223,0.0011767914984375238
intrmotiv/reward/environment_mean,21594112,1790360378.3226106,0.0
intrmotiv/reward/environment_mean,21626880,1790360384.9086328,0.00047071659355424345
intrmotiv/reward/environment_mean,21659648,1790360391.5802555,0.00023535829677712172
intrmotiv/reward/environment_mean,21692416,1790360398.2153282,0.0
intrmotiv/reward/environment_mean,21725184,1790360404.855482,0.00047071659355424345
intrmotiv/reward/environment_mean,21757952,1790360411.4380474,0.00047071659355424345
intrmotiv/reward/environment_mean,21790720,1790360418.0561001,0.00023535829677712172
intrmotiv/reward/environment_mean,21823488,1790360424.855731,0.00023535829677712172
intrmotiv/reward/environment_mean,21856256,1790360431.3925347,0.00047071659355424345
intrmotiv/reward/environment_mean,21889024,1790360438.2522767,0.00047071659355424345
intrmotiv/reward/environment_mean,21921792,1790360444.7748735,0.00047071659355424345
intrmotiv/reward/environment_mean,21954560,1790360451.499488,0.0
intrmotiv/reward/environment_mean,21987328,1790360458.2176385,0.0007060748757794499
intrmotiv/reward/environment_mean,22020096,1790360465.2459874,0.0011767914984375238
intrmotiv/reward/environment_mean,22052864,1790360471.8392045,0.0
intrmotiv/reward/environment_mean,22085632,1790360478.4947305,0.00047071659355424345
intrmotiv/reward/environment_mean,22118400,1790360485.2789922,0.0
intrmotiv/reward/environment_mean,22151168,1790360491.9430823,0.00023535829677712172
intrmotiv/reward/environment_mean,22183936,1790360498.5297766,0.0
intrmotiv/reward/environment_mean,22216704,1790360505.1360369,0.0007060748757794499
intrmotiv/reward/environment_mean,22249472,1790360511.811781,0.00023535829677712172
intrmotiv/reward/environment_mean,22282240,1790360518.4586563,0.0
intrmotiv/reward/environment_mean,22315008,1790360525.1833801,0.0
intrmotiv/reward/environment_mean,22347776,1790360531.8767238,0.00023535829677712172
intrmotiv/reward/environment_mean,22380544,1790360538.5535529,0.00023535829677712172
intrmotiv/reward/environment_mean,22413312,1790360545.2007473,0.00023535829677712172
intrmotiv/reward/environment_mean,22446080,1790360551.8819144,0.0
intrmotiv/reward/environment_mean,22478848,1790360558.6247272,0.0
intrmotiv/reward/environment_mean,22511616,1790360565.409154,0.0009414331871084869
intrmotiv/reward/environment_mean,22544384,1790360572.0483994,0.0
intrmotiv/reward/environment_mean,22577152,1790360578.6687603,0.00047071659355424345
intrmotiv/reward/environment_mean,22609920,1790360585.2871003,0.00023535829677712172
intrmotiv/reward/environment_mean,22642688,1790360592.2052162,0.00023535829677712172
intrmotiv/reward/environment_mean,22675456,1790360598.8678262,0.0
intrmotiv/reward/environment_mean,22708224,1790360605.506662,0.00023535829677712172
intrmotiv/reward/environment_mean,22740992,1790360612.123589,0.0
intrmotiv/reward/environment_mean,22773760,1790360618.7874568,0.00023535829677712172
intrmotiv/reward/environment_mean,22806528,1790360625.4494817,0.0
intrmotiv/reward/environment_mean,22839296,1790360632.1505284,0.0
intrmotiv/reward/environment_mean,22872064,1790360638.82933,0.00023535829677712172
intrmotiv/reward/environment_mean,22904832,1790360645.5133398,0.00047071659355424345
intrmotiv/reward/environment_mean,22937600,1790360652.162354,0.0
intrmotiv/reward/environment_mean,22970368,1790360658.9742818,0.00023535829677712172
intrmotiv/reward/environment_mean,23003136,1790360665.8548315,0.0
intrmotiv/reward/environment_mean,23035904,1790360672.49541,0.00023535829677712172
intrmotiv/reward/environment_mean,23068672,1790360679.1345928,0.00023535829677712172
intrmotiv/reward/environment_mean,23101440,1790360685.8453524,0.0
intrmotiv/reward/environment_mean,23134208,1790360692.4882784,0.00023535829677712172
intrmotiv/reward/environment_mean,23166976,1790360699.1923523,0.0007060748757794499
intrmotiv/reward/environment_mean,23199744,1790360705.8708286,0.0
intrmotiv/reward/environment_mean,23232512,1790360712.5223978,0.00023535829677712172
intrmotiv/reward/environment_mean,23265280,1790360719.202607,0.00047071659355424345
intrmotiv/reward/environment_mean,23298048,1790360725.8708775,0.00023535829677712172
intrmotiv/reward/environment_mean,23330816,1790360732.5428004,0.00047071659355424345
intrmotiv/reward/environment_mean,23379968,1790360742.5007944,0.0
intrmotiv/reward/environment_mean,23412736,1790360749.2261853,0.0
intrmotiv/reward/environment_mean,23445504,1790360755.9559815,0.00023535829677712172
intrmotiv/reward/environment_mean,23478272,1790360762.7443025,0.00023535829677712172
intrmotiv/reward/environment_mean,23511040,1790360769.396149,0.00023535829677712172
intrmotiv/reward/environment_mean,23543808,1790360776.055071,0.00047071659355424345
intrmotiv/reward/environment_mean,23576576,1790360782.736157,0.00023535829677712172
intrmotiv/reward/environment_mean,23609344,1790360789.4436688,0.00023535829677712172
intrmotiv/reward/environment_mean,23642112,1790360796.3357787,0.00023535829677712172
intrmotiv/reward/environment_mean,23691264,1790360806.241133,0.00023535829677712172
intrmotiv/reward/environment_mean,23724032,1790360812.9543004,0.00023535829677712172
intrmotiv/reward/environment_mean,23756800,1790360819.790755,0.00023535829677712172
intrmotiv/reward/environment_mean,23789568,1790360826.4966512,0.0007060748757794499
intrmotiv/reward/environment_mean,23838720,1790360836.446651,0.00047071659355424345
intrmotiv/reward/environment_mean,23887872,1790360846.444851,0.0
intrmotiv/reward/environment_mean,23920640,1790360853.1174126,0.0
intrmotiv/reward/environment_mean,23969792,1790360863.0364344,0.0
intrmotiv/reward/environment_mean,24002560,1790360869.8698928,0.0
intrmotiv/reward/environment_mean,24035328,1790360876.4082596,0.00023535829677712172
intrmotiv/reward/environment_mean,24084480,1790360886.2733102,0.00023535829677712172
intrmotiv/reward/environment_mean,24117248,1790360893.0479863,0.0
intrmotiv/reward/environment_mean,24166400,1790360902.968385,0.00047071659355424345
intrmotiv/reward/environment_mean,24215552,1790360912.498048,0.00023535829677712172
intrmotiv/reward/environment_mean,24264704,1790360922.3221743,0.0
intrmotiv/reward/environment_mean,24297472,1790360929.1387691,0.0007060748757794499
intrmotiv/reward/environment_mean,24346624,1790360939.0671234,0.00047071659355424345
intrmotiv/reward/environment_mean,24379392,1790360945.8803442,0.00023535829677712172
intrmotiv/reward/environment_mean,24412160,1790360952.749634,0.0
intrmotiv/reward/environment_mean,24461312,1790360962.6464305,0.00023535829677712172
intrmotiv/reward/environment_mean,24494080,1790360969.2736058,0.0
intrmotiv/reward/environment_mean,24526848,1790360975.907108,0.00047071659355424345
intrmotiv/reward/environment_mean,24576000,1790360985.845734,0.00023535829677712172
intrmotiv/reward/environment_mean,24608768,1790360992.4833553,0.00023535829677712172
intrmotiv/reward/environment_mean,24657920,1790361002.4926655,0.00023535829677712172
intrmotiv/reward/environment_mean,24690688,1790361009.2011971,0.00047071659355424345
intrmotiv/reward/environment_mean,24723456,1790361015.839775,0.0
intrmotiv/reward/environment_mean,24756224,1790361022.357426,0.0009414331871084869
intrmotiv/reward/environment_mean,24805376,1790361032.3952587,0.00047071659355424345
intrmotiv/reward/environment_mean,24854528,1790361042.2886922,0.0
intrmotiv/reward/environment_mean,24903680,1790361052.1463847,0.00023535829677712172
intrmotiv/reward/environment_mean,24952832,1790361061.7266872,0.0
intrmotiv/reward/environment_mean,25001984,1790361071.9372034,0.00047071659355424345
intrmotiv/reward/environment_mean,25034752,1790361078.4933767,0.00023535829677712172
intrmotiv/reward/environment_mean,25067520,1790361085.0451403,0.0
intrmotiv/reward/environment_mean,25100288,1790361091.6280565,0.00023535829677712172
intrmotiv/reward/environment_mean,25149440,1790361101.4783714,0.00047071659355424345
intrmotiv/reward/environment_mean,25198592,1790361111.3782077,0.00023535829677712172
intrmotiv/reward/environment_mean,25247744,1790361121.202568,0.00047071659355424345
intrmotiv/reward/environment_mean,25296896,1790361131.005283,0.00023535829677712172
intrmotiv/reward/environment_mean,25329664,1790361137.7922184,0.00023535829677712172
intrmotiv/reward/environment_mean,25362432,1790361144.3401148,0.00047071659355424345
intrmotiv/reward/environment_mean,25411584,1790361154.1548493,0.00047071659355424345
intrmotiv/reward/environment_mean,25460736,1790361163.9945102,0.0
intrmotiv/reward/environment_mean,25493504,1790361170.4637845,0.0
intrmotiv/reward/environment_mean,25526272,1790361176.9628992,0.0007060748757794499
intrmotiv/reward/environment_mean,25559040,1790361183.542295,0.00047071659355424345
intrmotiv/reward/environment_mean,25608192,1790361193.4988167,0.0
intrmotiv/reward/environment_mean,25657344,1790361203.1657417,0.0007060748757794499
intrmotiv/reward/environment_mean,25690112,1790361209.7511961,0.0
intrmotiv/reward/environment_mean,25739264,1790361219.438273,0.00047071659355424345
intrmotiv/reward/environment_mean,25772032,1790361226.0778496,0.0007060748757794499
intrmotiv/reward/environment_mean,25821184,1790361235.837403,0.0007060748757794499
intrmotiv/reward/environment_mean,25870336,1790361245.6269186,0.00047071659355424345
intrmotiv/reward/environment_mean,25919488,1790361255.4371552,0.00023535829677712172
intrmotiv/reward/environment_mean,25968640,1790361265.2261102,0.0
intrmotiv/reward/environment_mean,26017792,1790361274.9535115,0.00023535829677712172
intrmotiv/reward/environment_mean,26066944,1790361284.9698312,0.0
intrmotiv/reward/environment_mean,26116096,1790361294.8654785,0.0
intrmotiv/reward/environment_mean,26148864,1790361301.2852273,0.0009414331871084869
intrmotiv/reward/environment_mean,26181632,1790361307.930827,0.00023535829677712172
intrmotiv/reward/environment_mean,26214400,1790361314.4635892,0.0
intrmotiv/reward/environment_mean,26263552,1790361324.3001525,0.0
intrmotiv/reward/environment_mean,26312704,1790361334.2147293,0.0
intrmotiv/reward/environment_mean,26345472,1790361340.8069694,0.0
intrmotiv/reward/environment_mean,26378240,1790361347.3580258,0.0009414331871084869
intrmotiv/reward/environment_mean,26427392,1790361357.1972528,0.00023535829677712172
intrmotiv/reward/environment_mean,26476544,1790361367.0509439,0.0
intrmotiv/reward/environment_mean,26525696,1790361377.0132186,0.0
intrmotiv/reward/environment_mean,26558464,1790361383.563552,0.00023535829677712172
intrmotiv/reward/environment_mean,26591232,1790361389.9910028,0.00023535829677712172
intrmotiv/reward/environment_mean,26624000,1790361396.6353383,0.0
intrmotiv/reward/environment_mean,26656768,1790361403.2627301,0.0
intrmotiv/reward/environment_mean,26689536,1790361409.8091376,0.00047071659355424345
intrmotiv/reward/environment_mean,26722304,1790361416.3369308,0.0
intrmotiv/reward/environment_mean,26771456,1790361426.1806238,0.0
intrmotiv/reward/environment_mean,26820608,1790361435.8993137,0.00047071659355424345
intrmotiv/reward/environment_mean,26869760,1790361445.5491157,0.00047071659355424345
intrmotiv/reward/environment_mean,26918912,1790361455.3408227,0.0
intrmotiv/reward/environment_mean,26951680,1790361461.774737,0.0
intrmotiv/reward/environment_mean,26984448,1790361468.078249,0.0
intrmotiv/reward/environment_mean,27017216,1790361474.5577219,0.00023535829677712172
intrmotiv/reward/environment_mean,27049984,1790361481.052576,0.00023535829677712172
intrmotiv/reward/environment_mean,27082752,1790361487.5343473,0.00047071659355424345
intrmotiv/reward/environment_mean,27115520,1790361493.9741368,0.0
intrmotiv/reward/environment_mean,27148288,1790361500.5834422,0.0
intrmotiv/reward/environment_mean,27197440,1790361510.2348442,0.00023535829677712172
intrmotiv/reward/environment_mean,27246592,1790361520.0816207,0.0
intrmotiv/reward/environment_mean,27295744,1790361529.5915148,0.00023535829677712172
intrmotiv/reward/environment_mean,27328512,1790361536.4851446,0.00023535829677712172
intrmotiv/reward/environment_mean,27377664,1790361546.014528,0.0
intrmotiv/reward/environment_mean,27410432,1790361552.599159,0.00047071659355424345
intrmotiv/reward/environment_mean,27459584,1790361562.2986882,0.0
intrmotiv/reward/environment_mean,27508736,1790361572.0373673,0.00047071659355424345
intrmotiv/reward/environment_mean,27557888,1790361581.7004724,0.0
intrmotiv/reward/environment_mean,27607040,1790361591.3661542,0.0
intrmotiv/reward/environment_mean,27639808,1790361597.786118,0.00023535829677712172
intrmotiv/reward/environment_mean,27688960,1790361607.367231,0.00023535829677712172
intrmotiv/reward/environment_mean,27738112,1790361616.9265816,0.00023535829677712172
intrmotiv/reward/environment_mean,27787264,1790361626.721169,0.0
intrmotiv/reward/environment_mean,27836416,1790361636.64872,0.00023535829677712172
intrmotiv/reward/environment_mean,27885568,1790361646.3140066,0.0007060748757794499
intrmotiv/reward/environment_mean,27934720,1790361656.0375273,0.00023535829677712172
intrmotiv/reward/environment_mean,27983872,1790361665.8189745,0.0
intrmotiv/reward/environment_mean,28033024,1790361675.6818595,0.0
intrmotiv/reward/environment_mean,28082176,1790361685.5360968,0.00047071659355424345
intrmotiv/reward/environment_mean,28131328,1790361695.2117376,0.0
intrmotiv/reward/environment_mean,28180480,1790361705.012476,0.00047071659355424345
intrmotiv/reward/environment_mean,28229632,1790361714.8595185,0.00047071659355424345
intrmotiv/reward/environment_mean,28262400,1790361721.2902653,0.00023535829677712172
intrmotiv/reward/environment_mean,28311552,1790361730.9309847,0.0
intrmotiv/reward/environment_mean,28344320,1790361737.6424046,0.0009414331871084869
intrmotiv/reward/environment_mean,28393472,1790361747.3705866,0.00047071659355424345
intrmotiv/reward/environment_mean,28442624,1790361757.1760356,0.00023535829677712172
intrmotiv/reward/environment_mean,28491776,1790361766.8510518,0.0
intrmotiv/reward/environment_mean,28524544,1790361773.20717,0.0
intrmotiv/reward/environment_mean,28573696,1790361783.307627,0.0
intrmotiv/reward/environment_mean,28622848,1790361793.0556872,0.00023535829677712172
intrmotiv/reward/environment_mean,28672000,1790361802.847589,0.0
intrmotiv/reward/environment_mean,28721152,1790361812.6141777,0.0
intrmotiv/reward/environment_mean,28770304,1790361822.3633268,0.0
intrmotiv/reward/environment_mean,28819456,1790361832.048089,0.0
intrmotiv/reward/environment_mean,28852224,1790361838.78323,0.00023535829677712172
intrmotiv/reward/environment_mean,28901376,1790361848.4565403,0.00023535829677712172
intrmotiv/reward/environment_mean,28950528,1790361858.1037433,0.00047071659355424345
intrmotiv/reward/environment_mean,28999680,1790361868.0157034,0.0
intrmotiv/reward/environment_mean,29048832,1790361878.1089332,0.00047071659355424345
intrmotiv/reward/environment_mean,29097984,1790361887.8161514,0.00023535829677712172
intrmotiv/reward/environment_mean,29147136,1790361897.7317033,0.0
intrmotiv/reward/environment_mean,29196288,1790361907.3954098,0.00047071659355424345
intrmotiv/reward/environment_mean,29245440,1790361917.243913,0.00047071659355424345
intrmotiv/reward/environment_mean,29278208,1790361923.6900613,0.0
intrmotiv/reward/environment_mean,29327360,1790361933.557867,0.00023535829677712172
intrmotiv/reward/environment_mean,29376512,1790361943.449736,0.0
intrmotiv/reward/environment_mean,29409280,1790361950.0032003,0.0
intrmotiv/reward/environment_mean,29458432,1790361959.8216786,0.0
intrmotiv/reward/environment_mean,29491200,1790361966.4293401,0.0007060748757794499
intrmotiv/reward/environment_mean,29540352,1790361976.1727421,0.00047071659355424345
intrmotiv/reward/environment_mean,29589504,1790361986.1781657,0.0
intrmotiv/reward/environment_mean,29622272,1790361992.6908453,0.0
intrmotiv/reward/environment_mean,29655040,1790361999.426438,0.00023535829677712172
intrmotiv/reward/environment_mean,29704192,1790362009.386577,0.0
intrmotiv/reward/environment_mean,29753344,1790362019.3980358,0.00047071659355424345
intrmotiv/reward/environment_mean,29786112,1790362026.041092,0.00047071659355424345
intrmotiv/reward/environment_mean,29835264,1790362036.174092,0.0
intrmotiv/reward/environment_mean,29868032,1790362042.7824569,0.00023535829677712172
intrmotiv/reward/environment_mean,29917184,1790362052.6649442,0.0
intrmotiv/reward/environment_mean,29949952,1790362059.4406753,0.0
intrmotiv/reward/environment_mean,29999104,1790362069.4241648,0.0
intrmotiv/reward/environment_mean,30048256,1790362079.6406374,0.0
intrmotiv/reward/environment_mean,30081024,1790362086.304939,0.0009414331871084869
intrmotiv/reward/environment_mean,30130176,1790362096.491428,0.0
intrmotiv/reward/environment_mean,30179328,1790362106.487803,0.00023535829677712172
intrmotiv/reward/environment_mean,30228480,1790362116.451662,0.0007060748757794499
intrmotiv/reward/environment_mean,30277632,1790362126.593368,0.0
intrmotiv/reward/environment_mean,30326784,1790362136.5983117,0.00023535829677712172
intrmotiv/reward/environment_mean,30375936,1790362146.574105,0.0
intrmotiv/reward/environment_mean,30408704,1790362153.4736986,0.0
intrmotiv/reward/environment_mean,30457856,1790362163.5122561,0.0
intrmotiv/reward/environment_mean,30507008,1790362173.4705744,0.00023535829677712172
intrmotiv/reward/environment_mean,30539776,1790362180.3078415,0.00023535829677712172
intrmotiv/reward/environment_mean,30588928,1790362190.3262334,0.0
intrmotiv/reward/environment_mean,30621696,1790362197.007043,0.0
intrmotiv/reward/environment_mean,30670848,1790362207.0185282,0.0
intrmotiv/reward/environment_mean,30720000,1790362217.050774,0.0
intrmotiv/reward/environment_mean,30769152,1790362227.228546,0.00023535829677712172
intrmotiv/reward/environment_mean,30818304,1790362237.2567801,0.00023535829677712172
intrmotiv/reward/environment_mean,30867456,1790362247.211432,0.0
intrmotiv/reward/environment_mean,30900224,1790362253.8572166,0.00023535829677712172
intrmotiv/reward/environment_mean,30949376,1790362263.794359,0.00023535829677712172
intrmotiv/reward/environment_mean,30998528,1790362273.5612202,0.0
intrmotiv/reward/environment_mean,31047680,1790362283.845548,0.0
intrmotiv/reward/environment_mean,31096832,1790362293.701174,0.00023535829677712172
intrmotiv/reward/environment_mean,31145984,1790362303.5271719,0.0
intrmotiv/reward/environment_mean,31195136,1790362313.409004,0.00047071659355424345
intrmotiv/reward/environment_mean,31244288,1790362323.272735,0.00023535829677712172
intrmotiv/reward/environment_mean,31293440,1790362333.1867886,0.00023535829677712172
intrmotiv/reward/environment_mean,31342592,1790362343.3320603,0.00023535829677712172
intrmotiv/reward/environment_mean,31375360,1790362349.9990966,0.00047071659355424345
intrmotiv/reward/environment_mean,31424512,1790362360.0599005,0.00047071659355424345
intrmotiv/reward/environment_mean,31457280,1790362366.658305,0.0
intrmotiv/reward/environment_mean,31506432,1790362376.573225,0.00047071659355424345
intrmotiv/reward/environment_mean,31555584,1790362386.4859495,0.00023535829677712172
intrmotiv/reward/environment_mean,31604736,1790362396.4216971,0.0
intrmotiv/reward/environment_mean,31653888,1790362406.3092024,0.00047071659355424345
intrmotiv/reward/environment_mean,31703040,1790362416.2185028,0.00047071659355424345
intrmotiv/reward/environment_mean,31752192,1790362426.111294,0.00023535829677712172
intrmotiv/reward/environment_mean,31801344,1790362435.9924958,0.00023535829677712172
intrmotiv/reward/environment_mean,31850496,1790362445.9525995,0.00047071659355424345
intrmotiv/reward/environment_mean,31883264,1790362452.576008,0.00047071659355424345
intrmotiv/reward/environment_mean,31932416,1790362462.5757413,0.0
intrmotiv/reward/environment_mean,31981568,1790362472.6266894,0.0007060748757794499
intrmotiv/reward/environment_mean,32030720,1790362482.8291829,0.00047071659355424345
intrmotiv/reward/environment_mean,32063488,1790362489.5898736,0.00047071659355424345
intrmotiv/reward/environment_mean,32096256,1790362496.2330244,0.0
intrmotiv/reward/environment_mean,32129024,1790362502.9761002,0.00047071659355424345
intrmotiv/reward/environment_mean,32161792,1790362509.6393166,0.00047071659355424345
intrmotiv/reward/environment_mean,32210944,1790362519.6054795,0.00047071659355424345
intrmotiv/reward/environment_mean,32260096,1790362529.4982176,0.0
intrmotiv/reward/environment_mean,32309248,1790362539.4828267,0.00023535829677712172
intrmotiv/reward/environment_mean,32342016,1790362546.1917207,0.00023535829677712172
intrmotiv/reward/environment_mean,32391168,1790362556.0712514,0.00047071659355424345
intrmotiv/reward/environment_mean,32440320,1790362565.7859845,0.00023535829677712172
intrmotiv/reward/environment_mean,32473088,1790362572.5129185,0.00023535829677712172
intrmotiv/reward/environment_mean,32522240,1790362582.3729744,0.00047071659355424345
intrmotiv/reward/environment_mean,32571392,1790362592.191141,0.00023535829677712172
intrmotiv/reward/environment_mean,32604160,1790362598.663717,0.00023535829677712172
intrmotiv/reward/environment_mean,32653312,1790362608.6368256,0.00023535829677712172
intrmotiv/reward/environment_mean,32702464,1790362618.4726346,0.00047071659355424345
intrmotiv/reward/environment_mean,32751616,1790362628.4961698,0.00047071659355424345
intrmotiv/reward/environment_mean,32784384,1790362634.9781947,0.00023535829677712172
intrmotiv/reward/environment_mean,32833536,1790362644.9542794,0.0007060748757794499
intrmotiv/reward/environment_mean,32882688,1790362654.8880098,0.0
intrmotiv/reward/environment_mean,32915456,1790362661.4671786,0.00023535829677712172
intrmotiv/reward/environment_mean,32964608,1790362671.3273509,0.00023535829677712172
intrmotiv/reward/environment_mean,33013760,1790362681.4364617,0.00023535829677712172
intrmotiv/reward/environment_mean,33062912,1790362691.394413,0.0
intrmotiv/reward/environment_mean,33112064,1790362701.2848792,0.00023535829677712172
intrmotiv/reward/environment_mean,33161216,1790362711.2296536,0.0007060748757794499
intrmotiv/reward/environment_mean,33210368,1790362721.114975,0.0
intrmotiv/reward/environment_mean,33259520,1790362731.0864897,0.00047071659355424345
intrmotiv/reward/environment_mean,33292288,1790362737.6227145,0.00047071659355424345
intrmotiv/reward/environment_mean,33341440,1790362747.6755166,0.00023535829677712172
intrmotiv/reward/environment_mean,33390592,1790362757.7360504,0.00047071659355424345
intrmotiv/reward/environment_mean,33439744,1790362767.6713536,0.0
intrmotiv/reward/environment_mean,33488896,1790362777.7217047,0.00023535829677712172
intrmotiv/reward/environment_mean,33521664,1790362784.4070387,0.00047071659355424345
intrmotiv/reward/environment_mean,33570816,1790362794.2743778,0.00047071659355424345
intrmotiv/reward/environment_mean,33619968,1790362804.10429,0.00023535829677712172
intrmotiv/reward/environment_mean,33669120,1790362814.0170162,0.0
intrmotiv/reward/environment_mean,33718272,1790362824.2320733,0.0
intrmotiv/reward/environment_mean,33751040,1790362830.828533,0.00023535829677712172
intrmotiv/reward/environment_mean,33800192,1790362840.7483628,0.0
intrmotiv/reward/environment_mean,33849344,1790362850.7883584,0.00023535829677712172
intrmotiv/reward/environment_mean,33882112,1790362857.309237,0.00023535829677712172
intrmotiv/reward/environment_mean,33931264,1790362867.1167817,0.0
intrmotiv/reward/environment_mean,33980416,1790362877.0240123,0.00023535829677712172
intrmotiv/reward/environment_mean,34029568,1790362887.2290726,0.00047071659355424345
intrmotiv/reward/environment_mean,34062336,1790362893.8109965,0.00023535829677712172
intrmotiv/reward/environment_mean,34095104,1790362900.2919495,0.0
intrmotiv/reward/environment_mean,34127872,1790362906.90281,0.00047071659355424345
intrmotiv/reward/environment_mean,34177024,1790362916.7714431,0.00023535829677712172
intrmotiv/reward/environment_mean,34226176,1790362926.3967838,0.0
intrmotiv/reward/environment_mean,34275328,1790362936.3315527,0.0009414331871084869
intrmotiv/reward/environment_mean,34324480,1790362946.1983578,0.0
intrmotiv/reward/environment_mean,34373632,1790362955.9456327,0.0
intrmotiv/reward/environment_mean,34406400,1790362962.5997117,0.0007060748757794499
intrmotiv/reward/environment_mean,34455552,1790362972.3392324,0.00023535829677712172
intrmotiv/reward/environment_mean,34504704,1790362982.115908,0.00023535829677712172
intrmotiv/reward/environment_mean,34537472,1790362988.5990934,0.00023535829677712172
intrmotiv/reward/environment_mean,34586624,1790362998.4842231,0.00047071659355424345
intrmotiv/reward/environment_mean,34635776,1790363008.0926855,0.00023535829677712172
intrmotiv/reward/environment_mean,34684928,1790363018.0701165,0.00047071659355424345
intrmotiv/reward/environment_mean,34734080,1790363027.7307289,0.0
intrmotiv/reward/environment_mean,34766848,1790363034.440118,0.00047071659355424345
intrmotiv/reward/environment_mean,34816000,1790363044.1964223,0.0007060748757794499
intrmotiv/reward/environment_mean,34865152,1790363054.0890832,0.00047071659355424345
intrmotiv/reward/environment_mean,34914304,1790363063.938234,0.0009414331871084869
intrmotiv/reward/environment_mean,34963456,1790363073.792535,0.00023535829677712172
intrmotiv/reward/environment_mean,34996224,1790363080.1803017,0.00023535829677712172
intrmotiv/reward/environment_mean,35045376,1790363090.3816915,0.00023535829677712172
intrmotiv/reward/environment_mean,35094528,1790363100.1207285,0.00047071659355424345
intrmotiv/reward/environment_mean,35127296,1790363106.6420643,0.00047071659355424345
intrmotiv/reward/environment_mean,35160064,1790363113.1302507,0.00023535829677712172
intrmotiv/reward/environment_mean,35192832,1790363119.764597,0.00023535829677712172
intrmotiv/reward/environment_mean,35241984,1790363129.5162232,0.0009414331871084869
intrmotiv/reward/environment_mean,35291136,1790363139.3498397,0.00023535829677712172
intrmotiv/reward/environment_mean,35340288,1790363149.079846,0.0
intrmotiv/reward/environment_mean,35389440,1790363158.8368957,0.0
intrmotiv/reward/environment_mean,35422208,1790363165.5255554,0.00023535829677712172
intrmotiv/reward/environment_mean,35471360,1790363175.359081,0.0
intrmotiv/reward/environment_mean,35520512,1790363185.0488427,0.00023535829677712172
intrmotiv/reward/environment_mean,35569664,1790363194.7910085,0.00047071659355424345
intrmotiv/reward/environment_mean,35602432,1790363201.442861,0.00023535829677712172
intrmotiv/reward/environment_mean,35651584,1790363211.1495762,0.00023535829677712172
intrmotiv/reward/environment_mean,35684352,1790363217.7354527,0.00023535829677712172
intrmotiv/reward/environment_mean,35733504,1790363227.4927964,0.0
intrmotiv/reward/environment_mean,35782656,1790363237.1772182,0.00047071659355424345
intrmotiv/reward/environment_mean,35831808,1790363247.136065,0.0
intrmotiv/reward/environment_mean,35864576,1790363253.7722132,0.00047071659355424345
intrmotiv/reward/environment_mean,35897344,1790363260.351747,0.00023535829677712172
intrmotiv/reward/environment_mean,35946496,1790363270.2181766,0.0
intrmotiv/reward/environment_mean,35995648,1790363279.9940493,0.0
intrmotiv/reward/environment_mean,36044800,1790363290.0005682,0.00047071659355424345
intrmotiv/reward/environment_mean,36077568,1790363296.5896027,0.0
intrmotiv/reward/environment_mean,36110336,1790363303.1118023,0.0
intrmotiv/reward/environment_mean,36143104,1790363309.6564796,0.00047071659355424345
intrmotiv/reward/environment_mean,36192256,1790363319.4277468,0.00047071659355424345
intrmotiv/reward/environment_mean,36241408,1790363329.1403692,0.00023535829677712172
intrmotiv/reward/environment_mean,36274176,1790363335.6927323,0.00023535829677712172
intrmotiv/reward/environment_mean,36306944,1790363342.3680806,0.00023535829677712172
intrmotiv/reward/environment_mean,36356096,1790363352.1502125,0.00023535829677712172
intrmotiv/reward/environment_mean,36388864,1790363358.705497,0.00023535829677712172
intrmotiv/reward/environment_mean,36438016,1790363368.350321,0.00047071659355424345
intrmotiv/reward/environment_mean,36487168,1790363378.1909719,0.0007060748757794499
intrmotiv/reward/environment_mean,36536320,1790363387.9793649,0.0
intrmotiv/reward/environment_mean,36569088,1790363394.492338,0.0
intrmotiv/reward/environment_mean,36618240,1790363404.2385812,0.00047071659355424345
intrmotiv/reward/environment_mean,36651008,1790363410.795866,0.0
intrmotiv/reward/environment_mean,36683776,1790363417.407066,0.00047071659355424345
intrmotiv/reward/environment_mean,36732928,1790363427.1408174,0.00023535829677712172
intrmotiv/reward/environment_mean,36765696,1790363433.6263976,0.0
intrmotiv/reward/environment_mean,36798464,1790363440.197636,0.00023535829677712172
intrmotiv/reward/environment_mean,36847616,1790363450.2460756,0.00047071659355424345
intrmotiv/reward/environment_mean,36896768,1790363459.801443,0.00023535829677712172
intrmotiv/reward/environment_mean,36929536,1790363466.4650035,0.0
intrmotiv/reward/environment_mean,36978688,1790363476.3283622,0.0
intrmotiv/reward/environment_mean,37011456,1790363483.0555174,0.00023535829677712172
intrmotiv/reward/environment_mean,37060608,1790363492.7055557,0.0007060748757794499
intrmotiv/reward/environment_mean,37109760,1790363502.6534166,0.00023535829677712172
intrmotiv/reward/environment_mean,37158912,1790363512.3705168,0.00047071659355424345
intrmotiv/reward/environment_mean,37208064,1790363522.009937,0.00023535829677712172
intrmotiv/reward/environment_mean,37240832,1790363528.7060542,0.00047071659355424345
intrmotiv/reward/environment_mean,37289984,1790363538.4439232,0.0
intrmotiv/reward/environment_mean,37339136,1790363548.29122,0.00047071659355424345
intrmotiv/reward/environment_mean,37388288,1790363558.0892503,0.00023535829677712172
intrmotiv/reward/environment_mean,37437440,1790363568.0273085,0.0014121497515588999
intrmotiv/reward/environment_mean,37486592,1790363577.8012378,0.0
intrmotiv/reward/environment_mean,37519360,1790363584.223666,0.00023535829677712172
intrmotiv/reward/environment_mean,37568512,1790363594.0325978,0.0
intrmotiv/reward/environment_mean,37617664,1790363603.648939,0.00047071659355424345
intrmotiv/reward/environment_mean,37666816,1790363613.7832782,0.00023535829677712172
intrmotiv/reward/environment_mean,37715968,1790363623.326216,0.0
intrmotiv/reward/environment_mean,37748736,1790363630.071062,0.0
intrmotiv/reward/environment_mean,37797888,1790363640.0092041,0.00047071659355424345
intrmotiv/reward/environment_mean,37847040,1790363649.8112154,0.00047071659355424345
intrmotiv/reward/environment_mean,37879808,1790363656.338708,0.00047071659355424345
intrmotiv/reward/environment_mean,37928960,1790363666.2827115,0.0007060748757794499
intrmotiv/reward/environment_mean,37978112,1790363675.9476962,0.00023535829677712172
intrmotiv/reward/environment_mean,38027264,1790363686.030654,0.00047071659355424345
intrmotiv/reward/environment_mean,38076416,1790363695.651637,0.00047071659355424345
intrmotiv/reward/environment_mean,38125568,1790363705.4246852,0.00023535829677712172
intrmotiv/reward/environment_mean,38158336,1790363711.7952743,0.0
intrmotiv/reward/environment_mean,38207488,1790363722.0002582,0.0
intrmotiv/reward/environment_mean,38256640,1790363731.7471433,0.0
intrmotiv/reward/environment_mean,38305792,1790363741.758949,0.00023535829677712172
intrmotiv/reward/environment_mean,38338560,1790363748.3454316,0.00023535829677712172
intrmotiv/reward/environment_mean,38371328,1790363754.9256804,0.0
intrmotiv/reward/environment_mean,38420480,1790363764.747165,0.00023535829677712172
intrmotiv/reward/environment_mean,38469632,1790363774.6495905,0.0
intrmotiv/reward/environment_mean,38518784,1790363784.55789,0.00023535829677712172
intrmotiv/reward/environment_mean,38567936,1790363794.4382584,0.00047071659355424345
intrmotiv/reward/environment_mean,38617088,1790363804.3795342,0.00023535829677712172
intrmotiv/reward/environment_mean,38666240,1790363814.3739383,0.00023535829677712172
intrmotiv/reward/environment_mean,38699008,1790363821.142728,0.0007060748757794499
intrmotiv/reward/environment_mean,38731776,1790363827.828819,0.00023535829677712172
intrmotiv/reward/environment_mean,38780928,1790363837.8404052,0.0
intrmotiv/reward/environment_mean,38813696,1790363844.5824623,0.0
intrmotiv/reward/environment_mean,38862848,1790363854.6512797,0.0
intrmotiv/reward/environment_mean,38912000,1790363864.7407258,0.0
intrmotiv/reward/environment_mean,38961152,1790363874.718614,0.0
intrmotiv/reward/environment_mean,38993920,1790363881.5833526,0.00047071659355424345
intrmotiv/reward/environment_mean,39043072,1790363891.9964514,0.0007060748757794499
intrmotiv/reward/environment_mean,39092224,1790363902.001684,0.00023535829677712172
intrmotiv/reward/environment_mean,39124992,1790363908.7684438,0.0
intrmotiv/reward/environment_mean,39174144,1790363918.9178061,0.00047071659355424345
intrmotiv/reward/environment_mean,39206912,1790363925.6183364,0.0
intrmotiv/reward/environment_mean,39256064,1790363935.5001223,0.00023535829677712172
intrmotiv/reward/environment_mean,39288832,1790363942.3641527,0.00047071659355424345
intrmotiv/reward/environment_mean,39337984,1790363952.5138245,0.00047071659355424345
intrmotiv/reward/environment_mean,39387136,1790363962.6076503,0.0
intrmotiv/reward/environment_mean,39436288,1790363972.6533778,0.00023535829677712172
intrmotiv/reward/environment_mean,39469056,1790363979.336549,0.0
intrmotiv/reward/environment_mean,39501824,1790363986.163975,0.0
intrmotiv/reward/environment_mean,39550976,1790363995.7937565,0.0
intrmotiv/reward/environment_mean,39583744,1790364002.425262,0.0
intrmotiv/reward/environment_mean,39632896,1790364012.4582038,0.00023535829677712172
intrmotiv/reward/environment_mean,39665664,1790364018.980688,0.0
intrmotiv/reward/environment_mean,39714816,1790364028.8882143,0.00023535829677712172
intrmotiv/reward/environment_mean,39763968,1790364038.7212825,0.0
intrmotiv/reward/environment_mean,39813120,1790364048.7540786,0.0
intrmotiv/reward/environment_mean,39862272,1790364058.777034,0.0
intrmotiv/reward/environment_mean,39911424,1790364068.66931,0.0
intrmotiv/reward/environment_mean,39944192,1790364075.2873628,0.0007060748757794499
intrmotiv/reward/environment_mean,39993344,1790364085.2640018,0.00023535829677712172
intrmotiv/reward/environment_mean,40026112,1790364092.1511433,0.00023535829677712172
intrmotiv/reward/environment_mean,40075264,1790364102.1034594,0.00047071659355424345
intrmotiv/reward/environment_mean,40124416,1790364111.989915,0.00047071659355424345
intrmotiv/reward/environment_mean,40173568,1790364121.8409536,0.00047071659355424345
intrmotiv/reward/environment_mean,40222720,1790364131.6872525,0.0
intrmotiv/reward/environment_mean,40271872,1790364141.8869162,0.00023535829677712172
intrmotiv/reward/environment_mean,40304640,1790364148.4665668,0.00047071659355424345
intrmotiv/reward/environment_mean,40353792,1790364158.2800734,0.00023535829677712172
intrmotiv/reward/environment_mean,40402944,1790364168.2333899,0.00023535829677712172
intrmotiv/reward/environment_mean,40452096,1790364178.144039,0.0
intrmotiv/reward/environment_mean,40484864,1790364184.7549849,0.00023535829677712172
intrmotiv/reward/environment_mean,40534016,1790364194.6198528,0.0007060748757794499
intrmotiv/reward/environment_mean,40566784,1790364201.2524176,0.00023535829677712172
intrmotiv/reward/environment_mean,40599552,1790364207.9247715,0.0
intrmotiv/reward/environment_mean,40632320,1790364214.4887543,0.0
intrmotiv/reward/environment_mean,40681472,1790364224.4440737,0.00047071659355424345
intrmotiv/reward/environment_mean,40730624,1790364234.3177087,0.00023535829677712172
intrmotiv/reward/environment_mean,40763392,1790364240.796388,0.00023535829677712172
intrmotiv/reward/environment_mean,40812544,1790364250.4741771,0.0011767914984375238
intrmotiv/reward/environment_mean,40861696,1790364260.0811703,0.00023535829677712172
intrmotiv/reward/environment_mean,40910848,1790364269.925635,0.00023535829677712172
intrmotiv/reward/environment_mean,40960000,1790364279.8625321,0.00047071659355424345
intrmotiv/reward/environment_mean,41009152,1790364290.0133193,0.0
intrmotiv/reward/environment_mean,41058304,1790364299.6995683,0.00023535829677712172
intrmotiv/reward/environment_mean,41091072,1790364306.197602,0.0
intrmotiv/reward/environment_mean,41140224,1790364315.9293478,0.00023535829677712172
intrmotiv/reward/environment_mean,41189376,1790364325.8292987,0.00023535829677712172
intrmotiv/reward/environment_mean,41238528,1790364335.5152235,0.0009414331871084869
intrmotiv/reward/environment_mean,41287680,1790364345.1391547,0.0007060748757794499
intrmotiv/reward/environment_mean,41336832,1790364355.028419,0.0007060748757794499
intrmotiv/reward/environment_mean,41385984,1790364364.7249308,0.00023535829677712172
intrmotiv/reward/environment_mean,41435136,1790364374.7054543,0.0
intrmotiv/reward/environment_mean,41484288,1790364384.5917149,0.00047071659355424345
intrmotiv/reward/environment_mean,41533440,1790364394.2091408,0.00023535829677712172
intrmotiv/reward/environment_mean,41582592,1790364404.0676804,0.00023535829677712172
intrmotiv/reward/environment_mean,41631744,1790364413.7800086,0.0
intrmotiv/reward/environment_mean,41680896,1790364423.648864,0.0
intrmotiv/reward/environment_mean,41730048,1790364433.4502525,0.00023535829677712172
intrmotiv/reward/environment_mean,41779200,1790364443.250504,0.00023535829677712172
intrmotiv/reward/environment_mean,41828352,1790364452.9784396,0.0009414331871084869
intrmotiv/reward/environment_mean,41877504,1790364462.8240066,0.00047071659355424345
intrmotiv/reward/environment_mean,41926656,1790364472.6004028,0.0007060748757794499
intrmotiv/reward/environment_mean,41959424,1790364479.2583795,0.00023535829677712172
intrmotiv/reward/environment_mean,42008576,1790364489.3051028,0.00047071659355424345
intrmotiv/reward/environment_mean,42057728,1790364499.2226639,0.00023535829677712172
intrmotiv/reward/environment_mean,42106880,1790364509.0006933,0.00023535829677712172
intrmotiv/reward/environment_mean,42156032,1790364518.9448237,0.0
intrmotiv/reward/environment_mean,42205184,1790364528.6390896,0.0
intrmotiv/reward/environment_mean,42254336,1790364538.3884835,0.00047071659355424345
intrmotiv/reward/environment_mean,42303488,1790364548.2520096,0.0
intrmotiv/reward/environment_mean,42352640,1790364558.0273035,0.00023535829677712172
intrmotiv/reward/environment_mean,42385408,1790364564.5006988,0.00023535829677712172
intrmotiv/reward/environment_mean,42434560,1790364574.3054085,0.00047071659355424345
intrmotiv/reward/environment_mean,42483712,1790364584.1185744,0.00023535829677712172
intrmotiv/reward/environment_mean,42532864,1790364593.7232816,0.00047071659355424345
intrmotiv/reward/environment_mean,42582016,1790364603.6471252,0.0
intrmotiv/reward/environment_mean,42631168,1790364613.4393158,0.0
intrmotiv/reward/environment_mean,42680320,1790364623.1603842,0.00047071659355424345
intrmotiv/reward/environment_mean,42729472,1790364633.0615761,0.00047071659355424345
intrmotiv/reward/environment_mean,42778624,1790364642.5634913,0.0
intrmotiv/reward/environment_mean,42827776,1790364652.3309586,0.00023535829677712172
intrmotiv/reward/environment_mean,42860544,1790364658.716428,0.0
intrmotiv/reward/environment_mean,42909696,1790364668.4269743,0.00023535829677712172
intrmotiv/reward/environment_mean,42942464,1790364675.0698385,0.00047071659355424345
intrmotiv/reward/environment_mean,42991616,1790364684.8393056,0.00023535829677712172
intrmotiv/reward/environment_mean,43024384,1790364691.7887764,0.00047071659355424345
intrmotiv/reward/environment_mean,43073536,1790364701.5767946,0.00023535829677712172
intrmotiv/reward/environment_mean,43122688,1790364711.2198377,0.0
intrmotiv/reward/environment_mean,43171840,1790364721.1159623,0.00047071659355424345
intrmotiv/reward/environment_mean,43220992,1790364730.6351066,0.00023535829677712172
intrmotiv/reward/environment_mean,43270144,1790364740.2635782,0.00023535829677712172
intrmotiv/reward/environment_mean,43319296,1790364749.8126261,0.0007060748757794499
intrmotiv/reward/environment_mean,43368448,1790364759.8475327,0.00047071659355424345
intrmotiv/reward/environment_mean,43417600,1790364769.6860235,0.0
intrmotiv/reward/environment_mean,43466752,1790364779.395892,0.00047071659355424345
intrmotiv/reward/environment_mean,43515904,1790364789.1745064,0.00023535829677712172
intrmotiv/reward/environment_mean,43565056,1790364798.8907146,0.0007060748757794499
intrmotiv/reward/environment_mean,43614208,1790364808.961632,0.0
intrmotiv/reward/environment_mean,43663360,1790364818.8289683,0.00023535829677712172
intrmotiv/reward/environment_mean,43696128,1790364825.363202,0.0
intrmotiv/reward/environment_mean,43745280,1790364835.101975,0.00047071659355424345
intrmotiv/reward/environment_mean,43794432,1790364844.8787088,0.00023535829677712172
intrmotiv/reward/environment_mean,43843584,1790364854.632608,0.00047071659355424345
intrmotiv/reward/environment_mean,43892736,1790364864.222142,0.0
intrmotiv/reward/environment_mean,43941888,1790364874.1368232,0.00023535829677712172
intrmotiv/reward/environment_mean,43991040,1790364883.7521036,0.00023535829677712172
intrmotiv/reward/environment_mean,44040192,1790364893.8490298,0.00023535829677712172
intrmotiv/reward/environment_mean,44089344,1790364903.6399565,0.00023535829677712172
intrmotiv/reward/environment_mean,44138496,1790364913.6234958,0.00023535829677712172
intrmotiv/reward/environment_mean,44187648,1790364923.200083,0.0009414331871084869
intrmotiv/reward/environment_mean,44236800,1790364933.1987395,0.00047071659355424345
intrmotiv/reward/environment_mean,44285952,1790364943.1103497,0.0
intrmotiv/reward/environment_mean,44335104,1790364952.797423,0.00023535829677712172
intrmotiv/reward/environment_mean,44384256,1790364962.8949594,0.0
intrmotiv/reward/environment_mean,44433408,1790364972.7515738,0.0
intrmotiv/reward/environment_mean,44482560,1790364982.633239,0.00023535829677712172
intrmotiv/reward/environment_mean,44531712,1790364992.3605816,0.00023535829677712172
intrmotiv/reward/environment_mean,44580864,1790365002.1677608,0.00023535829677712172
intrmotiv/reward/environment_mean,44630016,1790365012.1299906,0.00023535829677712172
intrmotiv/reward/environment_mean,44679168,1790365022.0974283,0.00023535829677712172
intrmotiv/reward/environment_mean,44728320,1790365031.9155552,0.00023535829677712172
intrmotiv/reward/environment_mean,44777472,1790365041.8006856,0.00047071659355424345
intrmotiv/reward/environment_mean,44826624,1790365051.797737,0.0
intrmotiv/reward/environment_mean,44875776,1790365061.5662363,0.00023535829677712172
intrmotiv/reward/environment_mean,44924928,1790365071.3722038,0.00023535829677712172
intrmotiv/reward/environment_mean,44974080,1790365081.273435,0.00023535829677712172
intrmotiv/reward/environment_mean,45006848,1790365088.1390545,0.0
intrmotiv/reward/environment_mean,45039616,1790365094.7291725,0.00047071659355424345
intrmotiv/reward/environment_mean,45088768,1790365104.5599608,0.0
intrmotiv/reward/environment_mean,45137920,1790365114.2491305,0.00023535829677712172
intrmotiv/reward/environment_mean,45187072,1790365124.2971473,0.0
intrmotiv/reward/environment_mean,45236224,1790365134.1595778,0.00047071659355424345
intrmotiv/reward/environment_mean,45285376,1790365144.046195,0.0
intrmotiv/reward/environment_mean,45334528,1790365153.8803809,0.00023535829677712172
intrmotiv/reward/environment_mean,45383680,1790365163.7287414,0.00023535829677712172
intrmotiv/reward/environment_mean,45432832,1790365173.5598211,0.0
intrmotiv/reward/environment_mean,45481984,1790365183.390079,0.00023535829677712172
intrmotiv/reward/environment_mean,45531136,1790365193.213609,0.0
intrmotiv/reward/environment_mean,45580288,1790365203.0734034,0.0009414331871084869
intrmotiv/reward/environment_mean,45629440,1790365212.9454813,0.00023535829677712172
intrmotiv/reward/environment_mean,45678592,1790365222.6848428,0.0
intrmotiv/reward/environment_mean,45727744,1790365232.3299234,0.0
intrmotiv/reward/environment_mean,45776896,1790365242.0522485,0.0007060748757794499
intrmotiv/reward/environment_mean,45826048,1790365251.8720312,0.0
intrmotiv/reward/environment_mean,45875200,1790365261.7313752,0.00023535829677712172
intrmotiv/reward/environment_mean,45924352,1790365271.43205,0.0
intrmotiv/reward/environment_mean,45973504,1790365281.1705995,0.00023535829677712172
intrmotiv/reward/environment_mean,46022656,1790365291.1131685,0.00023535829677712172
intrmotiv/reward/environment_mean,46071808,1790365301.170434,0.00023535829677712172
intrmotiv/reward/environment_mean,46120960,1790365310.783649,0.0
intrmotiv/reward/environment_mean,46170112,1790365320.3604326,0.00023535829677712172
intrmotiv/reward/environment_mean,46219264,1790365330.0197763,0.0
intrmotiv/reward/environment_mean,46268416,1790365339.6986551,0.00023535829677712172
intrmotiv/reward/environment_mean,46317568,1790365349.4677007,0.0007060748757794499
intrmotiv/reward/environment_mean,46366720,1790365359.0592332,0.0
intrmotiv/reward/environment_mean,46415872,1790365368.842399,0.0
intrmotiv/reward/environment_mean,46465024,1790365378.5918636,0.00023535829677712172
intrmotiv/reward/environment_mean,46514176,1790365388.363374,0.0009414331871084869
intrmotiv/reward/environment_mean,46563328,1790365397.9886339,0.0
intrmotiv/reward/environment_mean,46612480,1790365407.6719337,0.00047071659355424345
intrmotiv/reward/environment_mean,46661632,1790365417.0654852,0.0
intrmotiv/reward/environment_mean,46710784,1790365426.7966304,0.00047071659355424345
intrmotiv/reward/environment_mean,46759936,1790365436.4038768,0.00023535829677712172
intrmotiv/reward/environment_mean,46809088,1790365446.222535,0.00023535829677712172
intrmotiv/reward/environment_mean,46858240,1790365455.7759655,0.00023535829677712172
intrmotiv/reward/environment_mean,46907392,1790365465.2559521,0.0
intrmotiv/reward/environment_mean,46956544,1790365475.0155404,0.00047071659355424345
intrmotiv/reward/environment_mean,47005696,1790365485.1191797,0.0
intrmotiv/reward/environment_mean,47054848,1790365495.0505471,0.00047071659355424345
intrmotiv/reward/environment_mean,47104000,1790365504.8401103,0.00023535829677712172
intrmotiv/reward/environment_mean,47153152,1790365514.5265996,0.00023535829677712172
intrmotiv/reward/environment_mean,47202304,1790365524.4302654,0.00047071659355424345
intrmotiv/reward/environment_mean,47251456,1790365534.1632879,0.00023535829677712172
intrmotiv/reward/environment_mean,47300608,1790365544.0504792,0.0
intrmotiv/reward/environment_mean,47349760,1790365553.8669975,0.0007060748757794499
intrmotiv/reward/environment_mean,47398912,1790365563.710469,0.00023535829677712172
intrmotiv/reward/environment_mean,47448064,1790365573.3629138,0.00023535829677712172
intrmotiv/reward/environment_mean,47497216,1790365583.0935626,0.00023535829677712172
intrmotiv/reward/environment_mean,47546368,1790365593.1221764,0.00047071659355424345
intrmotiv/reward/environment_mean,47595520,1790365602.890633,0.0
intrmotiv/reward/environment_mean,47644672,1790365612.7724876,0.0
intrmotiv/reward/environment_mean,47693824,1790365622.6859398,0.00047071659355424345
intrmotiv/reward/environment_mean,47742976,1790365632.5252392,0.0
intrmotiv/reward/environment_mean,47792128,1790365642.5594134,0.00023535829677712172
intrmotiv/reward/environment_mean,47841280,1790365652.5301335,0.00023535829677712172
intrmotiv/reward/environment_mean,47890432,1790365662.2386372,0.00047071659355424345
intrmotiv/reward/environment_mean,47939584,1790365672.237401,0.0
intrmotiv/reward/environment_mean,47988736,1790365682.261768,0.0
intrmotiv/reward/environment_mean,48037888,1790365692.2877285,0.0
intrmotiv/reward/environment_mean,48087040,1790365702.2067015,0.00023535829677712172
intrmotiv/reward/environment_mean,48136192,1790365711.9424353,0.00023535829677712172
intrmotiv/reward/environment_mean,48185344,1790365721.858566,0.00023535829677712172
intrmotiv/reward/environment_mean,48234496,1790365731.7171052,0.00023535829677712172
intrmotiv/reward/environment_mean,48283648,1790365741.7381144,0.00023535829677712172
intrmotiv/reward/environment_mean,48332800,1790365751.6519077,0.00023535829677712172
intrmotiv/reward/environment_mean,48381952,1790365761.5647552,0.0
intrmotiv/reward/environment_mean,48431104,1790365771.3413265,0.0
intrmotiv/reward/environment_mean,48480256,1790365781.2135217,0.00047071659355424345
intrmotiv/reward/environment_mean,48529408,1790365790.937913,0.0
intrmotiv/reward/environment_mean,48578560,1790365800.7323017,0.0
intrmotiv/reward/environment_mean,48627712,1790365810.6725698,0.0007060748757794499
intrmotiv/reward/environment_mean,48676864,1790365820.4433715,0.00047071659355424345
intrmotiv/reward/environment_mean,48726016,1790365830.26869,0.0
intrmotiv/reward/environment_mean,48775168,1790365840.1445744,0.00023535829677712172
intrmotiv/reward/environment_mean,48824320,1790365850.115666,0.00023535829677712172
intrmotiv/reward/environment_mean,48873472,1790365859.9375124,0.00023535829677712172
intrmotiv/reward/environment_mean,48922624,1790365869.9823503,0.00047071659355424345
intrmotiv/reward/environment_mean,48971776,1790365879.6323614,0.0
intrmotiv/reward/environment_mean,49020928,1790365889.8593304,0.00023535829677712172
intrmotiv/reward/environment_mean,49070080,1790365899.7517645,0.0009414331871084869
intrmotiv/reward/environment_mean,49119232,1790365909.5873454,0.00047071659355424345
intrmotiv/reward/environment_mean,49168384,1790365919.2582142,0.00047071659355424345
intrmotiv/reward/environment_mean,49217536,1790365929.2665071,0.00023535829677712172
intrmotiv/reward/environment_mean,49266688,1790365939.0400465,0.00023535829677712172
intrmotiv/reward/environment_mean,49315840,1790365948.8921578,0.0007060748757794499
intrmotiv/reward/environment_mean,49364992,1790365958.703786,0.00023535829677712172
intrmotiv/reward/environment_mean,49414144,1790365968.6783319,0.0007060748757794499
intrmotiv/reward/environment_mean,49463296,1790365978.4394233,0.00047071659355424345
intrmotiv/reward/environment_mean,49512448,1790365988.1575053,0.0
intrmotiv/reward/environment_mean,49561600,1790365998.1396332,0.0
intrmotiv/reward/environment_mean,49610752,1790366007.9861166,0.0011767914984375238
intrmotiv/reward/environment_mean,49659904,1790366017.8146346,0.00023535829677712172
intrmotiv/reward/environment_mean,49709056,1790366027.581875,0.00023535829677712172
intrmotiv/reward/environment_mean,49758208,1790366037.5468495,0.00047071659355424345
intrmotiv/reward/environment_mean,49807360,1790366047.399148,0.00047071659355424345
intrmotiv/reward/environment_mean,49856512,1790366057.484783,0.0007060748757794499
intrmotiv/reward/environment_mean,49905664,1790366067.259797,0.0009414331871084869
intrmotiv/reward/environment_mean,49954816,1790366077.1074762,0.0
intrmotiv/reward/environment_mean,50003968,1790366088.3739219,0.0007060748757794499
intrmotiv/reward/environment_mean,50053120,1790366098.2307873,0.00023535829677712172
intrmotiv/reward/environment_mean,50102272,1790366108.1339977,0.00023535829677712172
intrmotiv/reward/environment_mean,50151424,1790366117.9084756,0.00047071659355424345
intrmotiv/reward/environment_mean,50200576,1790366127.6705573,0.0
intrmotiv/reward/environment_mean,50249728,1790366137.5798044,0.00023535829677712172
intrmotiv/reward/environment_mean,50298880,1790366147.550563,0.00023535829677712172
intrmotiv/reward/environment_mean,50348032,1790366157.3111076,0.0
intrmotiv/reward/environment_mean,50397184,1790366167.1356175,0.00047071659355424345
intrmotiv/reward/environment_mean,50446336,1790366177.0854895,0.0007060748757794499
intrmotiv/reward/environment_mean,50495488,1790366187.0802996,0.00023535829677712172
intrmotiv/reward/environment_mean,50544640,1790366196.8892093,0.00023535829677712172
intrmotiv/reward/environment_mean,50593792,1790366206.6630037,0.0
intrmotiv/reward/environment_mean,50642944,1790366216.595802,0.00047071659355424345
intrmotiv/reward/environment_mean,50692096,1790366226.6338713,0.0
intrmotiv/reward/environment_mean,50741248,1790366236.4183662,0.00047071659355424345
intrmotiv/reward/environment_mean,50790400,1790366246.4898627,0.00023535829677712172
intrmotiv/reward/environment_mean,50839552,1790366256.3526256,0.00023535829677712172
intrmotiv/reward/environment_mean,50888704,1790366266.289458,0.00023535829677712172
intrmotiv/reward/environment_mean,50937856,1790366276.031477,0.0
intrmotiv/reward/environment_mean,50987008,1790366286.0508893,0.00023535829677712172
intrmotiv/reward/environment_mean,51036160,1790366296.1410825,0.0
intrmotiv/reward/environment_mean,51085312,1790366306.0363514,0.00023535829677712172
intrmotiv/reward/environment_mean,51134464,1790366315.8164828,0.00023535829677712172
intrmotiv/reward/environment_mean,51183616,1790366325.653338,0.00047071659355424345
intrmotiv/reward/environment_mean,51232768,1790366335.6728222,0.00023535829677712172
intrmotiv/reward/environment_mean,51281920,1790366345.5334308,0.00023535829677712172
intrmotiv/reward/environment_mean,51331072,1790366355.43008,0.0
intrmotiv/reward/environment_mean,51380224,1790366365.3983476,0.00023535829677712172
intrmotiv/reward/environment_mean,51429376,1790366375.3216276,0.0
intrmotiv/reward/environment_mean,51478528,1790366385.1801672,0.0
intrmotiv/reward/environment_mean,51527680,1790366395.148859,0.0
intrmotiv/reward/environment_mean,51576832,1790366405.038919,0.00023535829677712172
intrmotiv/reward/environment_mean,51625984,1790366414.9406607,0.00023535829677712172
intrmotiv/reward/environment_mean,51675136,1790366424.6538365,0.00023535829677712172
intrmotiv/reward/environment_mean,51724288,1790366434.4953501,0.0
intrmotiv/reward/environment_mean,51773440,1790366444.4123597,0.00047071659355424345
intrmotiv/reward/environment_mean,51822592,1790366454.2480483,0.0
intrmotiv/reward/environment_mean,51871744,1790366464.2462595,0.00023535829677712172
intrmotiv/reward/environment_mean,51920896,1790366473.8953032,0.00023535829677712172
intrmotiv/reward/environment_mean,51970048,1790366483.8366368,0.00023535829677712172
intrmotiv/reward/environment_mean,52019200,1790366493.8973937,0.0
intrmotiv/reward/environment_mean,52068352,1790366503.677527,0.0
intrmotiv/reward/environment_mean,52117504,1790366513.4298248,0.00023535829677712172
intrmotiv/reward/environment_mean,52166656,1790366523.1617315,0.00047071659355424345
intrmotiv/reward/environment_mean,52215808,1790366532.8469703,0.00047071659355424345
intrmotiv/reward/environment_mean,52264960,1790366542.5475848,0.00047071659355424345
intrmotiv/reward/environment_mean,52314112,1790366552.4742262,0.0
intrmotiv/reward/environment_mean,52363264,1790366562.127822,0.00023535829677712172
intrmotiv/reward/environment_mean,52412416,1790366572.1955214,0.00023535829677712172
intrmotiv/reward/environment_mean,52461568,1790366582.148485,0.0
intrmotiv/reward/environment_mean,52510720,1790366591.9594014,0.00023535829677712172
intrmotiv/reward/environment_mean,52559872,1790366601.8156114,0.0
intrmotiv/reward/environment_mean,52609024,1790366611.6167214,0.0
intrmotiv/reward/environment_mean,52658176,1790366621.3097246,0.0
intrmotiv/reward/environment_mean,52707328,1790366631.042087,0.00023535829677712172
intrmotiv/reward/environment_mean,52756480,1790366640.7387714,0.00023535829677712172
intrmotiv/reward/environment_mean,52805632,1790366650.624807,0.0
intrmotiv/reward/environment_mean,52854784,1790366660.505407,0.00023535829677712172
intrmotiv/reward/environment_mean,52903936,1790366670.4596143,0.00047071659355424345
intrmotiv/reward/environment_mean,52953088,1790366680.2521677,0.00047071659355424345
intrmotiv/reward/environment_mean,53002240,1790366690.3364277,0.00023535829677712172
intrmotiv/reward/environment_mean,53051392,1790366700.3517644,0.00047071659355424345
intrmotiv/reward/environment_mean,53100544,1790366710.258511,0.00023535829677712172
intrmotiv/reward/environment_mean,53149696,1790366720.103679,0.0007060748757794499
intrmotiv/reward/environment_mean,53198848,1790366729.798567,0.0
intrmotiv/reward/environment_mean,53248000,1790366739.4710793,0.0
intrmotiv/reward/environment_mean,53297152,1790366749.3101141,0.00023535829677712172
intrmotiv/reward/environment_mean,53346304,1790366758.9557402,0.0
intrmotiv/reward/environment_mean,53395456,1790366768.726309,0.0
intrmotiv/reward/environment_mean,53444608,1790366777.976994,0.00023535829677712172
intrmotiv/reward/environment_mean,53493760,1790366787.7984927,0.00023535829677712172
intrmotiv/reward/environment_mean,53542912,1790366797.4014535,0.00023535829677712172
intrmotiv/reward/environment_mean,53592064,1790366807.0776792,0.00023535829677712172
intrmotiv/reward/environment_mean,53641216,1790366816.7292864,0.0
intrmotiv/reward/environment_mean,53690368,1790366826.2965,0.0
intrmotiv/reward/environment_mean,53739520,1790366835.78352,0.00023535829677712172
intrmotiv/reward/environment_mean,53788672,1790366845.6202903,0.00023535829677712172
intrmotiv/reward/environment_mean,53837824,1790366855.3486283,0.00023535829677712172
intrmotiv/reward/environment_mean,53886976,1790366865.028682,0.0
intrmotiv/reward/environment_mean,53936128,1790366874.8760574,0.00023535829677712172
intrmotiv/reward/environment_mean,53985280,1790366884.6458106,0.0
intrmotiv/reward/environment_mean,54034432,1790366894.7603588,0.00023535829677712172
intrmotiv/reward/environment_mean,54083584,1790366904.6447945,0.00047071659355424345
intrmotiv/reward/environment_mean,54132736,1790366914.671152,0.0
intrmotiv/reward/environment_mean,54181888,1790366924.4830902,0.0
intrmotiv/reward/environment_mean,54231040,1790366934.4495218,0.0007060748757794499
intrmotiv/reward/environment_mean,54280192,1790366944.3883157,0.0007060748757794499
intrmotiv/reward/environment_mean,54329344,1790366954.2347615,0.0
intrmotiv/reward/environment_mean,54378496,1790366964.108997,0.00023535829677712172
intrmotiv/reward/environment_mean,54427648,1790366973.9995632,0.0
intrmotiv/reward/environment_mean,54476800,1790366983.7741606,0.00023535829677712172
intrmotiv/reward/environment_mean,54525952,1790366993.4856353,0.0
intrmotiv/reward/environment_mean,54575104,1790367003.0338457,0.00023535829677712172
intrmotiv/reward/environment_mean,54624256,1790367012.66136,0.00023535829677712172
intrmotiv/reward/environment_mean,54673408,1790367022.3071709,0.0
intrmotiv/reward/environment_mean,54722560,1790367032.0635521,0.0
intrmotiv/reward/environment_mean,54771712,1790367041.711424,0.00023535829677712172
intrmotiv/reward/environment_mean,54820864,1790367051.394187,0.00047071659355424345
intrmotiv/reward/environment_mean,54870016,1790367061.2887025,0.00023535829677712172
intrmotiv/reward/environment_mean,54919168,1790367070.8990395,0.0
intrmotiv/reward/environment_mean,54968320,1790367080.7636702,0.0
intrmotiv/reward/environment_mean,55017472,1790367090.6066573,0.00047071659355424345
intrmotiv/reward/environment_mean,55066624,1790367100.3623824,0.00023535829677712172
intrmotiv/reward/environment_mean,55115776,1790367109.9910808,0.00023535829677712172
intrmotiv/reward/environment_mean,55164928,1790367119.4044375,0.0
intrmotiv/reward/environment_mean,55214080,1790367129.2068515,0.00023535829677712172
intrmotiv/reward/environment_mean,55263232,1790367138.7902572,0.0
intrmotiv/reward/environment_mean,55312384,1790367148.2983408,0.00023535829677712172
intrmotiv/reward/environment_mean,55361536,1790367158.3358653,0.0
intrmotiv/reward/environment_mean,55410688,1790367168.1553168,0.0
intrmotiv/reward/environment_mean,55459840,1790367178.0195312,0.00023535829677712172
intrmotiv/reward/environment_mean,55508992,1790367187.8260527,0.0
intrmotiv/reward/environment_mean,55558144,1790367197.7001574,0.0
intrmotiv/reward/environment_mean,55607296,1790367207.5927505,0.0
intrmotiv/reward/environment_mean,55656448,1790367217.3668368,0.0
intrmotiv/reward/environment_mean,55705600,1790367227.0535376,0.0
intrmotiv/reward/environment_mean,55754752,1790367236.9137619,0.0
intrmotiv/reward/environment_mean,55803904,1790367246.6467497,0.00047071659355424345
intrmotiv/reward/environment_mean,55853056,1790367256.323609,0.0
intrmotiv/reward/environment_mean,55902208,1790367266.0548217,0.00023535829677712172
intrmotiv/reward/environment_mean,55951360,1790367275.8122659,0.0
intrmotiv/reward/environment_mean,56000512,1790367285.9297326,0.00023535829677712172
intrmotiv/reward/environment_mean,56049664,1790367295.7002416,0.00023535829677712172
intrmotiv/reward/environment_mean,56098816,1790367305.6452615,0.00023535829677712172
intrmotiv/reward/environment_mean,56147968,1790367315.4951286,0.00023535829677712172
intrmotiv/reward/environment_mean,56197120,1790367325.4376616,0.00047071659355424345
intrmotiv/reward/environment_mean,56246272,1790367335.3116648,0.0
intrmotiv/reward/environment_mean,56295424,1790367345.1095903,0.00023535829677712172
intrmotiv/reward/environment_mean,56344576,1790367354.9592748,0.00023535829677712172
intrmotiv/reward/environment_mean,56393728,1790367364.8869677,0.0
intrmotiv/reward/environment_mean,56442880,1790367374.686215,0.0
intrmotiv/reward/environment_mean,56492032,1790367384.4431696,0.00047071659355424345
intrmotiv/reward/environment_mean,56541184,1790367394.1908352,0.0
intrmotiv/reward/environment_mean,56590336,1790367404.0137582,0.0
intrmotiv/reward/environment_mean,56639488,1790367413.8935068,0.0
intrmotiv/reward/environment_mean,56688640,1790367423.520296,0.0
intrmotiv/reward/environment_mean,56737792,1790367433.6026294,0.00023535829677712172
intrmotiv/reward/environment_mean,56786944,1790367443.4040465,0.00023535829677712172
intrmotiv/reward/environment_mean,56836096,1790367453.3680458,0.00023535829677712172
intrmotiv/reward/environment_mean,56885248,1790367463.275424,0.00023535829677712172
intrmotiv/reward/environment_mean,56934400,1790367473.2099633,0.00023535829677712172
intrmotiv/reward/environment_mean,56983552,1790367483.1792777,0.00023535829677712172
intrmotiv/reward/environment_mean,57032704,1790367493.351564,0.0
intrmotiv/reward/environment_mean,57081856,1790367503.3867826,0.0
intrmotiv/reward/environment_mean,57131008,1790367513.3749702,0.00023535829677712172
intrmotiv/reward/environment_mean,57180160,1790367523.4897654,0.0
intrmotiv/reward/environment_mean,57229312,1790367533.3902369,0.00023535829677712172
intrmotiv/reward/environment_mean,57278464,1790367543.4384637,0.00023535829677712172
intrmotiv/reward/environment_mean,57327616,1790367553.2697794,0.00047071659355424345
intrmotiv/reward/environment_mean,57376768,1790367563.2040112,0.00047071659355424345
intrmotiv/reward/environment_mean,57425920,1790367573.089304,0.0
intrmotiv/reward/environment_mean,57475072,1790367582.9039743,0.0007060748757794499
intrmotiv/reward/environment_mean,57524224,1790367592.7017212,0.0
intrmotiv/reward/environment_mean,57573376,1790367602.5078006,0.0
intrmotiv/reward/environment_mean,57622528,1790367612.2072794,0.0
intrmotiv/reward/environment_mean,57671680,1790367621.9314876,0.0
intrmotiv/reward/environment_mean,57720832,1790367631.6723392,0.00023535829677712172
intrmotiv/reward/environment_mean,57769984,1790367641.4720023,0.00023535829677712172
intrmotiv/reward/environment_mean,57819136,1790367651.271468,0.00047071659355424345
intrmotiv/reward/environment_mean,57868288,1790367660.9166121,0.0
intrmotiv/reward/environment_mean,57917440,1790367670.6360555,0.00023535829677712172
intrmotiv/reward/environment_mean,57966592,1790367680.2670603,0.0
intrmotiv/reward/environment_mean,58015744,1790367690.492503,0.0
intrmotiv/reward/environment_mean,58064896,1790367700.1476364,0.00047071659355424345
intrmotiv/reward/environment_mean,58114048,1790367709.9492464,0.00023535829677712172
intrmotiv/reward/environment_mean,58163200,1790367719.6932826,0.00023535829677712172
intrmotiv/reward/environment_mean,58212352,1790367729.5294032,0.00023535829677712172
intrmotiv/reward/environment_mean,58261504,1790367739.2236187,0.0
intrmotiv/reward/environment_mean,58310656,1790367748.8968008,0.00023535829677712172
intrmotiv/reward/environment_mean,58359808,1790367758.777653,0.0007060748757794499
intrmotiv/reward/environment_mean,58408960,1790367768.3344035,0.00023535829677712172
intrmotiv/reward/environment_mean,58458112,1790367778.2784286,0.0007060748757794499
intrmotiv/reward/environment_mean,58507264,1790367787.9885964,0.0
intrmotiv/reward/environment_mean,58556416,1790367797.731575,0.00023535829677712172
intrmotiv/reward/environment_mean,58605568,1790367807.42851,0.00047071659355424345
intrmotiv/reward/environment_mean,58654720,1790367817.453533,0.00023535829677712172
intrmotiv/reward/environment_mean,58703872,1790367827.1286707,0.00023535829677712172
intrmotiv/reward/environment_mean,58753024,1790367836.9059975,0.0
intrmotiv/reward/environment_mean,58802176,1790367846.5389612,0.0
intrmotiv/reward/environment_mean,58851328,1790367856.2673218,0.00023535829677712172
intrmotiv/reward/environment_mean,58900480,1790367866.0187554,0.00047071659355424345
intrmotiv/reward/environment_mean,58949632,1790367875.8511486,0.00023535829677712172
intrmotiv/reward/environment_mean,58998784,1790367885.473747,0.00023535829677712172
intrmotiv/reward/environment_mean,59047936,1790367895.3674555,0.00023535829677712172
intrmotiv/reward/environment_mean,59097088,1790367905.1658,0.0007060748757794499
intrmotiv/reward/environment_mean,59146240,1790367914.864874,0.0
intrmotiv/reward/environment_mean,59195392,1790367924.5121865,0.0
intrmotiv/reward/environment_mean,59244544,1790367934.3257034,0.0
intrmotiv/reward/environment_mean,59293696,1790367943.8425748,0.00023535829677712172
intrmotiv/reward/environment_mean,59342848,1790367953.4672098,0.00023535829677712172
intrmotiv/reward/environment_mean,59392000,1790367963.1082935,0.0
intrmotiv/reward/environment_mean,59441152,1790367972.785421,0.00023535829677712172
intrmotiv/reward/environment_mean,59490304,1790367982.3653278,0.0009414331871084869
intrmotiv/reward/environment_mean,59539456,1790367992.2740123,0.00023535829677712172
intrmotiv/reward/environment_mean,59588608,1790368002.0552225,0.0009414331871084869
intrmotiv/reward/environment_mean,59637760,1790368011.8656201,0.0
intrmotiv/reward/environment_mean,59686912,1790368021.6531594,0.00023535829677712172
intrmotiv/reward/environment_mean,59736064,1790368031.3781664,0.0
intrmotiv/reward/environment_mean,59785216,1790368041.1421826,0.00023535829677712172
intrmotiv/reward/environment_mean,59834368,1790368050.8554473,0.00023535829677712172
intrmotiv/reward/environment_mean,59883520,1790368060.559141,0.00047071659355424345
intrmotiv/reward/environment_mean,59932672,1790368070.1162174,0.00023535829677712172
intrmotiv/reward/environment_mean,59981824,1790368080.037262,0.0
intrmotiv/reward/environment_mean,60030976,1790368089.897069,0.00023535829677712172
intrmotiv/reward/environment_mean,60080128,1790368099.9331894,0.00023535829677712172
intrmotiv/reward/environment_mean,60129280,1790368109.5469854,0.00023535829677712172
intrmotiv/reward/environment_mean,60178432,1790368119.424335,0.00023535829677712172
intrmotiv/reward/environment_mean,60227584,1790368129.0294757,0.0011767914984375238
intrmotiv/reward/environment_mean,60276736,1790368138.8969471,0.00023535829677712172
intrmotiv/reward/environment_mean,60325888,1790368148.8555193,0.0
intrmotiv/reward/environment_mean,60375040,1790368158.4184241,0.00047071659355424345
intrmotiv/reward/environment_mean,60424192,1790368167.8494115,0.00023535829677712172
intrmotiv/reward/environment_mean,60473344,1790368177.5316474,0.00023535829677712172
intrmotiv/reward/environment_mean,60522496,1790368187.3402216,0.0
intrmotiv/reward/environment_mean,60571648,1790368197.167046,0.0
intrmotiv/reward/environment_mean,60620800,1790368206.935567,0.0
intrmotiv/reward/environment_mean,60669952,1790368216.9720402,0.0
intrmotiv/reward/environment_mean,60719104,1790368226.9580736,0.00023535829677712172
intrmotiv/reward/environment_mean,60768256,1790368236.9984167,0.0
intrmotiv/reward/environment_mean,60817408,1790368246.953886,0.00047071659355424345
intrmotiv/reward/environment_mean,60866560,1790368256.801529,0.00023535829677712172
intrmotiv/reward/environment_mean,60915712,1790368266.7690823,0.00023535829677712172
intrmotiv/reward/environment_mean,60964864,1790368276.8774486,0.00023535829677712172
intrmotiv/reward/environment_mean,61014016,1790368287.1341636,0.00047071659355424345
intrmotiv/reward/environment_mean,61063168,1790368297.3442986,0.00047071659355424345
intrmotiv/reward/environment_mean,61112320,1790368307.2864358,0.00047071659355424345
intrmotiv/reward/environment_mean,61161472,1790368317.138137,0.00023535829677712172
intrmotiv/reward/environment_mean,61210624,1790368327.0749376,0.00047071659355424345
intrmotiv/reward/environment_mean,61259776,1790368336.985722,0.00023535829677712172
intrmotiv/reward/environment_mean,61308928,1790368346.8838487,0.0
intrmotiv/reward/environment_mean,61358080,1790368356.8057828,0.00023535829677712172
intrmotiv/reward/environment_mean,61407232,1790368366.7499754,0.00047071659355424345
intrmotiv/reward/environment_mean,61456384,1790368376.6822348,0.00023535829677712172
intrmotiv/reward/environment_mean,61505536,1790368386.5606601,0.0
intrmotiv/reward/environment_mean,61554688,1790368396.6176112,0.00023535829677712172
intrmotiv/reward/environment_mean,61603840,1790368406.3661366,0.00023535829677712172
intrmotiv/reward/environment_mean,61652992,1790368416.1919088,0.0
intrmotiv/reward/environment_mean,61702144,1790368426.0640213,0.0
intrmotiv/reward/environment_mean,61751296,1790368435.925726,0.0
intrmotiv/reward/environment_mean,61800448,1790368445.7974403,0.00047071659355424345
intrmotiv/reward/environment_mean,61849600,1790368455.822329,0.00023535829677712172
intrmotiv/reward/environment_mean,61898752,1790368465.7584512,0.0
intrmotiv/reward/environment_mean,61947904,1790368475.8320763,0.0
intrmotiv/reward/environment_mean,61997056,1790368485.9177167,0.00047071659355424345
intrmotiv/reward/environment_mean,62046208,1790368496.048343,0.0007060748757794499
intrmotiv/reward/environment_mean,62095360,1790368505.83441,0.00023535829677712172
intrmotiv/reward/environment_mean,62144512,1790368515.6162996,0.00023535829677712172
intrmotiv/reward/environment_mean,62193664,1790368525.570067,0.00023535829677712172
intrmotiv/reward/environment_mean,62242816,1790368535.525066,0.00023535829677712172
intrmotiv/reward/environment_mean,62291968,1790368545.5725431,0.00047071659355424345
intrmotiv/reward/environment_mean,62341120,1790368555.4584134,0.0007060748757794499
intrmotiv/reward/environment_mean,62390272,1790368565.4077883,0.00047071659355424345
intrmotiv/reward/environment_mean,62439424,1790368575.3666966,0.00023535829677712172
intrmotiv/reward/environment_mean,62488576,1790368585.343925,0.0
intrmotiv/reward/environment_mean,62537728,1790368595.4076846,0.00047071659355424345
intrmotiv/reward/environment_mean,62586880,1790368605.4370954,0.00023535829677712172
intrmotiv/reward/environment_mean,62636032,1790368615.2284098,0.00047071659355424345
intrmotiv/reward/environment_mean,62685184,1790368625.2282798,0.00023535829677712172
intrmotiv/reward/environment_mean,62734336,1790368634.9627264,0.00023535829677712172
intrmotiv/reward/environment_mean,62783488,1790368644.8810248,0.00023535829677712172
intrmotiv/reward/environment_mean,62832640,1790368654.544264,0.0
intrmotiv/reward/environment_mean,62881792,1790368664.4172091,0.0007060748757794499
intrmotiv/reward/environment_mean,62930944,1790368674.3616962,0.0
intrmotiv/reward/environment_mean,62980096,1790368684.1767972,0.00047071659355424345
intrmotiv/reward/environment_mean,63029248,1790368694.221024,0.0
intrmotiv/reward/environment_mean,63078400,1790368704.1192198,0.00047071659355424345
intrmotiv/reward/environment_mean,63127552,1790368713.9679127,0.0
intrmotiv/reward/environment_mean,63176704,1790368723.853115,0.00023535829677712172
intrmotiv/reward/environment_mean,63225856,1790368733.5712156,0.00023535829677712172
intrmotiv/reward/environment_mean,63275008,1790368743.3986418,0.00023535829677712172
intrmotiv/reward/environment_mean,63324160,1790368753.2913008,0.00023535829677712172
intrmotiv/reward/environment_mean,63373312,1790368763.070552,0.0
intrmotiv/reward/environment_mean,63422464,1790368772.9303536,0.0
intrmotiv/reward/environment_mean,63471616,1790368782.65692,0.00023535829677712172
intrmotiv/reward/environment_mean,63520768,1790368792.6299796,0.0
intrmotiv/reward/environment_mean,63569920,1790368802.4934013,0.00023535829677712172
intrmotiv/reward/environment_mean,63619072,1790368812.4620795,0.0
intrmotiv/reward/environment_mean,63668224,1790368822.095266,0.0
intrmotiv/reward/environment_mean,63717376,1790368831.8260696,0.00023535829677712172
intrmotiv/reward/environment_mean,63766528,1790368841.5968466,0.0007060748757794499
intrmotiv/reward/environment_mean,63815680,1790368851.46774,0.00023535829677712172
intrmotiv/reward/environment_mean,63864832,1790368861.3514802,0.00047071659355424345
intrmotiv/reward/environment_mean,63913984,1790368871.1892874,0.00047071659355424345
intrmotiv/reward/environment_mean,63963136,1790368880.8976738,0.0
intrmotiv/reward/environment_mean,64012288,1790368891.1393738,0.00023535829677712172
intrmotiv/reward/environment_mean,64061440,1790368900.8763535,0.00023535829677712172
intrmotiv/reward/environment_mean,64110592,1790368910.655188,0.0
intrmotiv/reward/environment_mean,64159744,1790368920.4170003,0.0
intrmotiv/reward/environment_mean,64208896,1790368930.127659,0.00047071659355424345
intrmotiv/reward/environment_mean,64258048,1790368939.6327114,0.0
intrmotiv/reward/environment_mean,64307200,1790368949.3902314,0.00047071659355424345
intrmotiv/reward/environment_mean,64356352,1790368959.0553565,0.0
intrmotiv/reward/environment_mean,64405504,1790368968.7667003,0.0
intrmotiv/reward/environment_mean,64454656,1790368978.6344638,0.00023535829677712172
intrmotiv/reward/environment_mean,64503808,1790368988.3737633,0.0
intrmotiv/reward/environment_mean,64552960,1790368998.3680563,0.0
intrmotiv/reward/environment_mean,64602112,1790369008.2304962,0.00023535829677712172
intrmotiv/reward/environment_mean,64651264,1790369018.0825465,0.00023535829677712172
intrmotiv/reward/environment_mean,64700416,1790369027.9556277,0.0
intrmotiv/reward/environment_mean,64749568,1790369037.9311051,0.00047071659355424345
intrmotiv/reward/environment_mean,64798720,1790369047.7560704,0.0
intrmotiv/reward/environment_mean,64847872,1790369057.9336083,0.00047071659355424345
intrmotiv/reward/environment_mean,64897024,1790369067.8735292,0.00023535829677712172
intrmotiv/reward/environment_mean,64946176,1790369077.9314668,0.0
intrmotiv/reward/environment_mean,64995328,1790369087.9263084,0.0
intrmotiv/reward/environment_mean,65044480,1790369098.1717753,0.00023535829677712172
intrmotiv/reward/environment_mean,65093632,1790369108.1322343,0.0
intrmotiv/reward/environment_mean,65142784,1790369118.0002847,0.0
intrmotiv/reward/environment_mean,65191936,1790369128.0254872,0.00023535829677712172
intrmotiv/reward/environment_mean,65241088,1790369137.8354683,0.0
intrmotiv/reward/environment_mean,65290240,1790369147.6937902,0.00023535829677712172
intrmotiv/reward/environment_mean,65339392,1790369157.5369098,0.0
intrmotiv/reward/environment_mean,65388544,1790369167.3043556,0.0
intrmotiv/reward/environment_mean,65437696,1790369177.2182276,0.0
intrmotiv/reward/environment_mean,65486848,1790369187.0565038,0.0
intrmotiv/reward/environment_mean,65536000,1790369196.8430533,0.00023535829677712172
intrmotiv/reward/environment_mean,65585152,1790369206.7899625,0.0009414331871084869
intrmotiv/reward/environment_mean,65634304,1790369216.7066169,0.00023535829677712172
intrmotiv/reward/environment_mean,65683456,1790369226.704707,0.0
intrmotiv/reward/environment_mean,65732608,1790369236.5933573,0.0
intrmotiv/reward/environment_mean,65781760,1790369246.4678404,0.0
intrmotiv/reward/environment_mean,65830912,1790369256.1972437,0.0
intrmotiv/reward/environment_mean,65880064,1790369266.0217867,0.0
intrmotiv/reward/environment_mean,65929216,1790369275.8157802,0.00047071659355424345
intrmotiv/reward/environment_mean,65978368,1790369285.5834904,0.0
intrmotiv/reward/environment_mean,66027520,1790369295.5115175,0.0
intrmotiv/reward/environment_mean,66076672,1790369305.294397,0.0
intrmotiv/reward/environment_mean,66125824,1790369315.129074,0.0
intrmotiv/reward/environment_mean,66174976,1790369325.1436741,0.00023535829677712172
intrmotiv/reward/environment_mean,66224128,1790369335.084091,0.0
intrmotiv/reward/environment_mean,66273280,1790369344.9995282,0.00023535829677712172
intrmotiv/reward/environment_mean,66322432,1790369355.0082424,0.00023535829677712172
intrmotiv/reward/environment_mean,66371584,1790369364.9860406,0.00023535829677712172
intrmotiv/reward/environment_mean,66420736,1790369375.0785024,0.00023535829677712172
intrmotiv/reward/environment_mean,66469888,1790369385.0569723,0.0007060748757794499
intrmotiv/reward/environment_mean,66519040,1790369394.961702,0.00023535829677712172
intrmotiv/reward/environment_mean,66568192,1790369404.8665667,0.00047071659355424345
intrmotiv/reward/environment_mean,66617344,1790369414.9316967,0.00023535829677712172
intrmotiv/reward/environment_mean,66666496,1790369424.9400249,0.0
intrmotiv/reward/environment_mean,66715648,1790369434.8344016,0.00023535829677712172
intrmotiv/reward/environment_mean,66764800,1790369444.9026215,0.0
intrmotiv/reward/environment_mean,66813952,1790369454.8030846,0.0
intrmotiv/reward/environment_mean,66863104,1790369464.7162592,0.0
intrmotiv/reward/environment_mean,66912256,1790369474.6074598,0.0
intrmotiv/reward/environment_mean,66961408,1790369484.5132818,0.00023535829677712172
intrmotiv/reward/environment_mean,67010560,1790369494.6613135,0.0
intrmotiv/reward/environment_mean,67059712,1790369504.7197282,0.0
intrmotiv/reward/environment_mean,67108864,1790369514.7006903,0.00023535829677712172
intrmotiv/reward/environment_mean,67158016,1790369524.5976136,0.0
intrmotiv/reward/environment_mean,67207168,1790369534.5968518,0.00023535829677712172
intrmotiv/reward/environment_mean,67256320,1790369544.556828,0.00023535829677712172
intrmotiv/reward/environment_mean,67305472,1790369554.5118628,0.0
intrmotiv/reward/environment_mean,67354624,1790369564.3461003,0.0
intrmotiv/reward/environment_mean,67403776,1790369574.112149,0.00023535829677712172
intrmotiv/reward/environment_mean,67452928,1790369583.9672296,0.00023535829677712172
intrmotiv/reward/environment_mean,67502080,1790369593.7441869,0.0
intrmotiv/reward/environment_mean,67551232,1790369603.4833646,0.0
intrmotiv/reward/environment_mean,67600384,1790369613.569716,0.0
intrmotiv/reward/environment_mean,67649536,1790369623.3929675,0.00023535829677712172
intrmotiv/reward/environment_mean,67698688,1790369633.2444654,0.0
intrmotiv/reward/environment_mean,67747840,1790369643.199573,0.00023535829677712172
intrmotiv/reward/environment_mean,67796992,1790369653.1500094,0.0
intrmotiv/reward/environment_mean,67846144,1790369663.1969593,0.00023535829677712172
intrmotiv/reward/environment_mean,67895296,1790369672.9863198,0.00047071659355424345
intrmotiv/reward/environment_mean,67944448,1790369683.094253,0.00023535829677712172
intrmotiv/reward/environment_mean,67993600,1790369693.0013263,0.0007060748757794499
intrmotiv/reward/environment_mean,68042752,1790369703.0990503,0.00023535829677712172
intrmotiv/reward/environment_mean,68091904,1790369712.9543407,0.0
intrmotiv/reward/environment_mean,68141056,1790369722.719253,0.00023535829677712172
intrmotiv/reward/environment_mean,68190208,1790369732.5552921,0.00023535829677712172
intrmotiv/reward/environment_mean,68239360,1790369742.3518195,0.0
intrmotiv/reward/environment_mean,68304896,1790369755.3218784,0.00047071659355424345
intrmotiv/reward/environment_mean,68354048,1790369765.322937,0.0
intrmotiv/reward/environment_mean,68403200,1790369775.2244115,0.00023535829677712172
intrmotiv/reward/environment_mean,68452352,1790369785.1430604,0.00047071659355424345
intrmotiv/reward/environment_mean,68501504,1790369794.89045,0.0
intrmotiv/reward/environment_mean,68550656,1790369804.6587574,0.0
intrmotiv/reward/environment_mean,68599808,1790369814.529676,0.0
intrmotiv/reward/environment_mean,68648960,1790369824.3867595,0.0007060748757794499
intrmotiv/reward/environment_mean,68698112,1790369834.213306,0.0
intrmotiv/reward/environment_mean,68747264,1790369843.986233,0.0
intrmotiv/reward/environment_mean,68812800,1790369856.9969735,0.0
intrmotiv/reward/environment_mean,68878336,1790369870.0171683,0.00023535829677712172
intrmotiv/reward/environment_mean,68927488,1790369879.8516533,0.0
intrmotiv/reward/environment_mean,68976640,1790369889.6709146,0.0
intrmotiv/reward/environment_mean,69025792,1790369899.6031375,0.0
intrmotiv/reward/environment_mean,69091328,1790369912.63245,0.0
intrmotiv/reward/environment_mean,69140480,1790369922.3833685,0.0
intrmotiv/reward/environment_mean,69206016,1790369935.3642762,0.00023535829677712172
intrmotiv/reward/environment_mean,69255168,1790369945.0279534,0.0
intrmotiv/reward/environment_mean,69304320,1790369954.917044,0.00023535829677712172
intrmotiv/reward/environment_mean,69369856,1790369967.9325047,0.0
intrmotiv/reward/environment_mean,69419008,1790369977.8803508,0.0
intrmotiv/reward/environment_mean,69468160,1790369987.816386,0.0
intrmotiv/reward/environment_mean,69517312,1790369997.6770418,0.00023535829677712172
intrmotiv/reward/environment_mean,69566464,1790370007.4737895,0.00023535829677712172
intrmotiv/reward/environment_mean,69615616,1790370017.4483202,0.0
intrmotiv/reward/environment_mean,69664768,1790370027.2073402,0.00047071659355424345
intrmotiv/reward/environment_mean,69713920,1790370037.0258567,0.0
intrmotiv/reward/environment_mean,69763072,1790370046.8009799,0.00023535829677712172
intrmotiv/reward/environment_mean,69828608,1790370059.9734523,0.0
intrmotiv/reward/environment_mean,69894144,1790370073.0420578,0.0
intrmotiv/reward/environment_mean,69959680,1790370086.0472946,0.0
intrmotiv/reward/environment_mean,70008832,1790370096.2569757,0.00023535829677712172
intrmotiv/reward/environment_mean,70057984,1790370106.1425288,0.0
intrmotiv/reward/environment_mean,70123520,1790370119.1873147,0.0
intrmotiv/reward/environment_mean,70189056,1790370132.1677995,0.0
intrmotiv/reward/environment_mean,70254592,1790370145.1586406,0.00023535829677712172
intrmotiv/reward/environment_mean,70303744,1790370155.0886946,0.0
intrmotiv/reward/environment_mean,70369280,1790370168.1898954,0.0
intrmotiv/reward/environment_mean,70418432,1790370178.0695152,0.0
intrmotiv/reward/environment_mean,70467584,1790370188.0162365,0.00023535829677712172
intrmotiv/reward/environment_mean,70516736,1790370197.9900446,0.00023535829677712172
intrmotiv/reward/environment_mean,70565888,1790370207.9193769,0.0
intrmotiv/reward/environment_mean,70615040,1790370217.8274102,0.00047071659355424345
intrmotiv/reward/environment_mean,70680576,1790370230.990164,0.00023535829677712172
intrmotiv/reward/environment_mean,70729728,1790370240.8992262,0.00023535829677712172
intrmotiv/reward/environment_mean,70778880,1790370250.9660628,0.00023535829677712172
intrmotiv/reward/environment_mean,70828032,1790370260.885788,0.0
intrmotiv/reward/environment_mean,70893568,1790370274.0787258,0.00023535829677712172
intrmotiv/reward/environment_mean,70942720,1790370284.0986269,0.00023535829677712172
intrmotiv/reward/environment_mean,70991872,1790370294.223499,0.00023535829677712172
intrmotiv/reward/environment_mean,71041024,1790370304.4050703,0.0
intrmotiv/reward/environment_mean,71090176,1790370314.3541183,0.00023535829677712172
intrmotiv/reward/environment_mean,71139328,1790370324.4084039,0.0
intrmotiv/reward/environment_mean,71188480,1790370334.4734416,0.00023535829677712172
intrmotiv/reward/environment_mean,71254016,1790370347.6786144,0.00023535829677712172
intrmotiv/reward/environment_mean,71319552,1790370360.8517268,0.0
intrmotiv/reward/environment_mean,71385088,1790370374.027475,0.0
intrmotiv/reward/environment_mean,71434240,1790370383.9793386,0.00023535829677712172
intrmotiv/reward/environment_mean,71499776,1790370397.1005192,0.0
intrmotiv/reward/environment_mean,71565312,1790370410.3663485,0.00023535829677712172
intrmotiv/reward/environment_mean,71614464,1790370420.2054074,0.0
intrmotiv/reward/environment_mean,71663616,1790370429.9937973,0.0
intrmotiv/reward/environment_mean,71729152,1790370443.1476934,0.0
intrmotiv/reward/environment_mean,71794688,1790370456.3602715,0.0
intrmotiv/reward/environment_mean,71843840,1790370466.3122096,0.00023535829677712172
intrmotiv/reward/environment_mean,71909376,1790370479.411554,0.00023535829677712172
intrmotiv/reward/environment_mean,71958528,1790370489.4482691,0.00023535829677712172
intrmotiv/reward/environment_mean,72007680,1790370499.7506425,0.00023535829677712172
intrmotiv/reward/environment_mean,72056832,1790370509.7259016,0.0
intrmotiv/reward/environment_mean,72105984,1790370519.858357,0.00047071659355424345
intrmotiv/reward/environment_mean,72155136,1790370529.8491614,0.0
intrmotiv/reward/environment_mean,72204288,1790370539.8057694,0.0
intrmotiv/reward/environment_mean,72253440,1790370549.755318,0.0
intrmotiv/reward/environment_mean,72318976,1790370562.8573284,0.0
intrmotiv/reward/environment_mean,72384512,1790370575.928625,0.00047071659355424345
intrmotiv/reward/environment_mean,72450048,1790370589.0674593,0.0
intrmotiv/reward/environment_mean,72515584,1790370602.125466,0.00023535829677712172
intrmotiv/reward/environment_mean,72581120,1790370615.154836,0.00023535829677712172
intrmotiv/reward/environment_mean,72646656,1790370628.2939045,0.0
intrmotiv/reward/environment_mean,72712192,1790370641.4552839,0.0
intrmotiv/reward/environment_mean,72777728,1790370654.593907,0.0
intrmotiv/reward/environment_mean,72843264,1790370667.7651668,0.0
intrmotiv/reward/environment_mean,72908800,1790370680.6928182,0.00023535829677712172
intrmotiv/reward/environment_mean,72974336,1790370693.8382256,0.00023535829677712172
intrmotiv/reward/environment_mean,73023488,1790370703.9554665,0.00047071659355424345
intrmotiv/reward/environment_mean,73089024,1790370717.1590502,0.00023535829677712172
intrmotiv/reward/environment_mean,73154560,1790370730.3799822,0.00023535829677712172
intrmotiv/reward/environment_mean,73203712,1790370740.3034477,0.00023535829677712172
intrmotiv/reward/environment_mean,73252864,1790370750.1863172,0.00023535829677712172
intrmotiv/reward/environment_mean,73318400,1790370763.3724253,0.0
intrmotiv/reward/environment_mean,73383936,1790370776.3941967,0.0007060748757794499
intrmotiv/reward/environment_mean,73449472,1790370789.4322443,0.0
intrmotiv/reward/environment_mean,73515008,1790370802.503456,0.0
intrmotiv/reward/environment_mean,73564160,1790370812.3227897,0.00023535829677712172
intrmotiv/reward/environment_mean,73629696,1790370825.2696323,0.0
intrmotiv/reward/environment_mean,73695232,1790370838.3957798,0.00023535829677712172
intrmotiv/reward/environment_mean,73744384,1790370848.2808685,0.0
intrmotiv/reward/environment_mean,73809920,1790370861.4839933,0.00023535829677712172
intrmotiv/reward/environment_mean,73875456,1790370874.8749688,0.00047071659355424345
intrmotiv/reward/environment_mean,73940992,1790370888.121562,0.0
intrmotiv/reward/environment_mean,73990144,1790370897.984896,0.00047071659355424345
intrmotiv/reward/environment_mean,74039296,1790370908.1783023,0.00023535829677712172
intrmotiv/reward/environment_mean,74104832,1790370921.474619,0.0
intrmotiv/reward/environment_mean,74153984,1790370931.5546298,0.0007060748757794499
intrmotiv/reward/environment_mean,74219520,1790370944.8041542,0.0
intrmotiv/reward/environment_mean,74268672,1790370954.7417583,0.0
intrmotiv/reward/environment_mean,74334208,1790370968.272112,0.0
intrmotiv/reward/environment_mean,74399744,1790370981.5834796,0.0
intrmotiv/reward/environment_mean,74448896,1790370991.5665798,0.0007060748757794499
intrmotiv/reward/environment_mean,74514432,1790371004.886046,0.00047071659355424345
intrmotiv/reward/environment_mean,74579968,1790371018.118002,0.0
intrmotiv/reward/environment_mean,74629120,1790371028.1704957,0.00023535829677712172
intrmotiv/reward/environment_mean,74694656,1790371041.2576222,0.00047071659355424345
intrmotiv/reward/environment_mean,74743808,1790371051.1025167,0.0009414331871084869
intrmotiv/reward/environment_mean,74792960,1790371060.9457119,0.00023535829677712172
intrmotiv/reward/environment_mean,74858496,1790371074.129835,0.0
intrmotiv/reward/environment_mean,74907648,1790371084.1239233,0.0
intrmotiv/reward/environment_mean,74973184,1790371097.4137807,0.0
intrmotiv/reward/environment_mean,75022336,1790371108.7055147,0.0
intrmotiv/reward/environment_nonzero_fraction,16384,1790356008.8208501,0.0
intrmotiv/reward/environment_nonzero_fraction,32768,1790356020.0744343,0.0
intrmotiv/reward/environment_nonzero_fraction,49152,1790356029.3443472,0.0
intrmotiv/reward/environment_nonzero_fraction,65536,1790356034.315239,0.0
intrmotiv/reward/environment_nonzero_fraction,98304,1790356043.3056617,0.0
intrmotiv/reward/environment_nonzero_fraction,131072,1790356051.8286934,0.0
intrmotiv/reward/environment_nonzero_fraction,163840,1790356059.6163857,0.0
intrmotiv/reward/environment_nonzero_fraction,196608,1790356067.1686692,0.0
intrmotiv/reward/environment_nonzero_fraction,212992,1790356070.8067539,0.0
intrmotiv/reward/environment_nonzero_fraction,245760,1790356077.9196181,0.0
intrmotiv/reward/environment_nonzero_fraction,278528,1790356084.612759,0.0
intrmotiv/reward/environment_nonzero_fraction,294912,1790356088.3784568,0.0
intrmotiv/reward/environment_nonzero_fraction,327680,1790356095.299061,0.0
intrmotiv/reward/environment_nonzero_fraction,360448,1790356102.223516,0.00048828125
intrmotiv/reward/environment_nonzero_fraction,393216,1790356109.0832036,0.0
intrmotiv/reward/environment_nonzero_fraction,425984,1790356115.935779,0.0
intrmotiv/reward/environment_nonzero_fraction,458752,1790356122.604863,0.0
intrmotiv/reward/environment_nonzero_fraction,491520,1790356129.344292,0.00048828125
intrmotiv/reward/environment_nonzero_fraction,524288,1790356136.0726945,0.0
intrmotiv/reward/environment_nonzero_fraction,557056,1790356142.7596874,0.0
intrmotiv/reward/environment_nonzero_fraction,589824,1790356149.5179195,0.00048828125
intrmotiv/reward/environment_nonzero_fraction,622592,1790356156.193836,0.0
intrmotiv/reward/environment_nonzero_fraction,655360,1790356162.9340358,0.0
intrmotiv/reward/environment_nonzero_fraction,688128,1790356169.6354456,0.00048828125
intrmotiv/reward/environment_nonzero_fraction,720896,1790356176.4121091,0.00048828125
intrmotiv/reward/environment_nonzero_fraction,753664,1790356183.3455513,0.0
intrmotiv/reward/environment_nonzero_fraction,770048,1790356186.8027189,0.0
intrmotiv/reward/environment_nonzero_fraction,802816,1790356193.553126,0.00048828125
intrmotiv/reward/environment_nonzero_fraction,835584,1790356200.4622712,0.0
intrmotiv/reward/environment_nonzero_fraction,868352,1790356207.1845217,0.00146484375
intrmotiv/reward/environment_nonzero_fraction,901120,1790356213.890423,0.0
intrmotiv/reward/environment_nonzero_fraction,933888,1790356220.6805332,0.00048828125
intrmotiv/reward/environment_nonzero_fraction,966656,1790356227.4556928,0.0
intrmotiv/reward/environment_nonzero_fraction,999424,1790356234.1628475,0.0
intrmotiv/reward/environment_nonzero_fraction,1032192,1790356241.1463213,0.0
intrmotiv/reward/environment_nonzero_fraction,1064960,1790356247.7836776,0.0
intrmotiv/reward/environment_nonzero_fraction,1097728,1790356254.434038,0.0
intrmotiv/reward/environment_nonzero_fraction,1130496,1790356261.1674163,0.0
intrmotiv/reward/environment_nonzero_fraction,1163264,1790356267.8089378,0.0
intrmotiv/reward/environment_nonzero_fraction,1196032,1790356274.5427432,0.0
intrmotiv/reward/environment_nonzero_fraction,1228800,1790356281.330417,0.0
intrmotiv/reward/environment_nonzero_fraction,1261568,1790356287.905197,0.00048828125
intrmotiv/reward/environment_nonzero_fraction,1294336,1790356294.6646447,0.0
intrmotiv/reward/environment_nonzero_fraction,1327104,1790356301.4440143,0.0
intrmotiv/reward/environment_nonzero_fraction,1359872,1790356308.0642645,0.0
intrmotiv/reward/environment_nonzero_fraction,1392640,1790356315.0165763,0.0
intrmotiv/reward/environment_nonzero_fraction,1425408,1790356321.7216089,0.0
intrmotiv/reward/environment_nonzero_fraction,1458176,1790356328.3921752,0.0
intrmotiv/reward/environment_nonzero_fraction,1490944,1790356335.1598182,0.0
intrmotiv/reward/environment_nonzero_fraction,1523712,1790356341.8214104,0.00048828125
intrmotiv/reward/environment_nonzero_fraction,1556480,1790356348.5884347,0.0
intrmotiv/reward/environment_nonzero_fraction,1589248,1790356355.4311152,0.00048828125
intrmotiv/reward/environment_nonzero_fraction,1622016,1790356362.2536883,0.00048828125
intrmotiv/reward/environment_nonzero_fraction,1654784,1790356369.1553953,0.0
intrmotiv/reward/environment_nonzero_fraction,1687552,1790356375.9116266,0.00048828125
intrmotiv/reward/environment_nonzero_fraction,1720320,1790356382.6601455,0.0
intrmotiv/reward/environment_nonzero_fraction,1753088,1790356389.4404047,0.0
intrmotiv/reward/environment_nonzero_fraction,1785856,1790356396.066768,0.0009765625
intrmotiv/reward/environment_nonzero_fraction,1818624,1790356402.7093806,0.0
intrmotiv/reward/environment_nonzero_fraction,1851392,1790356409.446136,0.00048828125
intrmotiv/reward/environment_nonzero_fraction,1884160,1790356416.1253645,0.0
intrmotiv/reward/environment_nonzero_fraction,1916928,1790356422.8111923,0.0
intrmotiv/reward/environment_nonzero_fraction,1949696,1790356429.5768054,0.00048828125
intrmotiv/reward/environment_nonzero_fraction,1982464,1790356436.3281827,0.0
intrmotiv/reward/environment_nonzero_fraction,2015232,1790356443.586809,0.00048828125
intrmotiv/reward/environment_nonzero_fraction,2031616,1790356446.9979537,0.0009765625
intrmotiv/reward/environment_nonzero_fraction,2064384,1790356453.7589781,0.0
intrmotiv/reward/environment_nonzero_fraction,2097152,1790356460.5232306,0.0
intrmotiv/reward/environment_nonzero_fraction,2129920,1790356467.1781774,0.00048828125
intrmotiv/reward/environment_nonzero_fraction,2162688,1790356473.885807,0.0
intrmotiv/reward/environment_nonzero_fraction,2195456,1790356480.6650994,0.0
intrmotiv/reward/environment_nonzero_fraction,2228224,1790356487.4306128,0.0
intrmotiv/reward/environment_nonzero_fraction,2260992,1790356494.037511,0.0
intrmotiv/reward/environment_nonzero_fraction,2293760,1790356500.5434806,0.0
intrmotiv/reward/environment_nonzero_fraction,2326528,1790356507.1917114,0.0
intrmotiv/reward/environment_nonzero_fraction,2359296,1790356513.8921807,0.0
intrmotiv/reward/environment_nonzero_fraction,2392064,1790356520.4773934,0.0
intrmotiv/reward/environment_nonzero_fraction,2424832,1790356527.0435727,0.0
intrmotiv/reward/environment_nonzero_fraction,2457600,1790356533.6012523,0.0
intrmotiv/reward/environment_nonzero_fraction,2490368,1790356540.1142418,0.0
intrmotiv/reward/environment_nonzero_fraction,2523136,1790356546.726747,0.00048828125
intrmotiv/reward/environment_nonzero_fraction,2555904,1790356553.2906716,0.00048828125
intrmotiv/reward/environment_nonzero_fraction,2588672,1790356559.9277647,0.0
intrmotiv/reward/environment_nonzero_fraction,2621440,1790356566.5273147,0.00048828125
intrmotiv/reward/environment_nonzero_fraction,2654208,1790356573.244868,0.0
intrmotiv/reward/environment_nonzero_fraction,2686976,1790356579.8504837,0.0
intrmotiv/reward/environment_nonzero_fraction,2719744,1790356586.4600768,0.0
intrmotiv/reward/environment_nonzero_fraction,2752512,1790356593.1003723,0.00048828125
intrmotiv/reward/environment_nonzero_fraction,2785280,1790356599.9863424,0.0
intrmotiv/reward/environment_nonzero_fraction,2818048,1790356606.7118282,0.0
intrmotiv/reward/environment_nonzero_fraction,2850816,1790356613.3442354,0.00048828125
intrmotiv/reward/environment_nonzero_fraction,2883584,1790356620.0227726,0.0
intrmotiv/reward/environment_nonzero_fraction,2916352,1790356626.7133813,0.0
intrmotiv/reward/environment_nonzero_fraction,2949120,1790356633.466982,0.0
intrmotiv/reward/environment_nonzero_fraction,2981888,1790356640.125371,0.00048828125
intrmotiv/reward/environment_nonzero_fraction,3014656,1790356646.9668376,0.0
intrmotiv/reward/environment_nonzero_fraction,3047424,1790356653.5867481,0.00048828125
intrmotiv/reward/environment_nonzero_fraction,3080192,1790356660.2272933,0.00048828125
intrmotiv/reward/environment_nonzero_fraction,3112960,1790356666.8203933,0.0
intrmotiv/reward/environment_nonzero_fraction,3145728,1790356673.5941052,0.0009765625
intrmotiv/reward/environment_nonzero_fraction,3178496,1790356680.108941,0.0
intrmotiv/reward/environment_nonzero_fraction,3211264,1790356686.6533313,0.00048828125
intrmotiv/reward/environment_nonzero_fraction,3244032,1790356693.2087233,0.0009765625
intrmotiv/reward/environment_nonzero_fraction,3276800,1790356699.7281036,0.0
intrmotiv/reward/environment_nonzero_fraction,3309568,1790356706.2797902,0.0
intrmotiv/reward/environment_nonzero_fraction,3342336,1790356712.7548077,0.0
intrmotiv/reward/environment_nonzero_fraction,3375104,1790356719.3357565,0.0
intrmotiv/reward/environment_nonzero_fraction,3407872,1790356725.8186338,0.00048828125
intrmotiv/reward/environment_nonzero_fraction,3440640,1790356732.2186341,0.0009765625
intrmotiv/reward/environment_nonzero_fraction,3473408,1790356738.8092465,0.00048828125
intrmotiv/reward/environment_nonzero_fraction,3506176,1790356745.2380679,0.0
intrmotiv/reward/environment_nonzero_fraction,3538944,1790356751.6799486,0.0
intrmotiv/reward/environment_nonzero_fraction,3571712,1790356758.3068483,0.0
intrmotiv/reward/environment_nonzero_fraction,3604480,1790356764.9078348,0.00048828125
intrmotiv/reward/environment_nonzero_fraction,3637248,1790356771.4740257,0.0
intrmotiv/reward/environment_nonzero_fraction,3670016,1790356778.1378706,0.00048828125
intrmotiv/reward/environment_nonzero_fraction,3702784,1790356784.7820365,0.0
intrmotiv/reward/environment_nonzero_fraction,3735552,1790356791.4879413,0.00048828125
intrmotiv/reward/environment_nonzero_fraction,3768320,1790356798.1732945,0.0009765625
intrmotiv/reward/environment_nonzero_fraction,3801088,1790356804.8284895,0.0
intrmotiv/reward/environment_nonzero_fraction,3833856,1790356811.5196917,0.00048828125
intrmotiv/reward/environment_nonzero_fraction,3866624,1790356818.2480896,0.00048828125
intrmotiv/reward/environment_nonzero_fraction,3899392,1790356824.7834287,0.0
intrmotiv/reward/environment_nonzero_fraction,3932160,1790356831.2888725,0.0009765625
intrmotiv/reward/environment_nonzero_fraction,3964928,1790356838.0061452,0.0009765625
intrmotiv/reward/environment_nonzero_fraction,3997696,1790356844.727494,0.00048828125
intrmotiv/reward/environment_nonzero_fraction,4030464,1790356851.5779397,0.0009765625
intrmotiv/reward/environment_nonzero_fraction,4063232,1790356858.1481135,0.0
intrmotiv/reward/environment_nonzero_fraction,4096000,1790356864.770339,0.0
intrmotiv/reward/environment_nonzero_fraction,4128768,1790356871.2510126,0.00048828125
intrmotiv/reward/environment_nonzero_fraction,4161536,1790356877.7276487,0.0
intrmotiv/reward/environment_nonzero_fraction,4194304,1790356884.249356,0.0
intrmotiv/reward/environment_nonzero_fraction,4227072,1790356890.6423306,0.0
intrmotiv/reward/environment_nonzero_fraction,4259840,1790356897.1535816,0.0009765625
intrmotiv/reward/environment_nonzero_fraction,4292608,1790356903.6469293,0.0
intrmotiv/reward/environment_nonzero_fraction,4325376,1790356910.1008754,0.0
intrmotiv/reward/environment_nonzero_fraction,4358144,1790356916.5997324,0.00048828125
intrmotiv/reward/environment_nonzero_fraction,4390912,1790356923.202862,0.0009765625
intrmotiv/reward/environment_nonzero_fraction,4423680,1790356929.861503,0.00048828125
intrmotiv/reward/environment_nonzero_fraction,4456448,1790356936.2884471,0.00048828125
intrmotiv/reward/environment_nonzero_fraction,4489216,1790356943.0507627,0.00048828125
intrmotiv/reward/environment_nonzero_fraction,4521984,1790356949.4028137,0.0009765625
intrmotiv/reward/environment_nonzero_fraction,4554752,1790356955.869312,0.0
intrmotiv/reward/environment_nonzero_fraction,4587520,1790356962.3994088,0.0
intrmotiv/reward/environment_nonzero_fraction,4620288,1790356968.9967413,0.00048828125
intrmotiv/reward/environment_nonzero_fraction,4653056,1790356975.3565886,0.0
intrmotiv/reward/environment_nonzero_fraction,4685824,1790356981.7968638,0.0
intrmotiv/reward/environment_nonzero_fraction,4718592,1790356988.2684176,0.00048828125
intrmotiv/reward/environment_nonzero_fraction,4751360,1790356994.6799111,0.00048828125
intrmotiv/reward/environment_nonzero_fraction,4784128,1790357001.3932984,0.00048828125
intrmotiv/reward/environment_nonzero_fraction,4816896,1790357007.5931468,0.0
intrmotiv/reward/environment_nonzero_fraction,4849664,1790357014.2213888,0.00048828125
intrmotiv/reward/environment_nonzero_fraction,4882432,1790357020.5359042,0.0
intrmotiv/reward/environment_nonzero_fraction,4915200,1790357027.0941699,0.00048828125
intrmotiv/reward/environment_nonzero_fraction,4947968,1790357033.524807,0.00048828125
intrmotiv/reward/environment_nonzero_fraction,4980736,1790357039.978173,0.0009765625
intrmotiv/reward/environment_nonzero_fraction,5013504,1790357047.8918803,0.0
intrmotiv/reward/environment_nonzero_fraction,5046272,1790357054.3803253,0.0
intrmotiv/reward/environment_nonzero_fraction,5079040,1790357060.745685,0.0
intrmotiv/reward/environment_nonzero_fraction,5111808,1790357067.231201,0.0
intrmotiv/reward/environment_nonzero_fraction,5144576,1790357073.8275015,0.00048828125
intrmotiv/reward/environment_nonzero_fraction,5177344,1790357080.3599124,0.00048828125
intrmotiv/reward/environment_nonzero_fraction,5210112,1790357086.8986018,0.0
intrmotiv/reward/environment_nonzero_fraction,5242880,1790357093.146245,0.0
intrmotiv/reward/environment_nonzero_fraction,5275648,1790357099.8368902,0.0009765625
intrmotiv/reward/environment_nonzero_fraction,5308416,1790357106.2455215,0.0
intrmotiv/reward/environment_nonzero_fraction,5341184,1790357112.8382888,0.00048828125
intrmotiv/reward/environment_nonzero_fraction,5373952,1790357119.3582697,0.00048828125
intrmotiv/reward/environment_nonzero_fraction,5406720,1790357125.7926679,0.00048828125
intrmotiv/reward/environment_nonzero_fraction,5439488,1790357132.3571956,0.00048828125
intrmotiv/reward/environment_nonzero_fraction,5472256,1790357139.057665,0.0
intrmotiv/reward/environment_nonzero_fraction,5505024,1790357145.392682,0.00048828125
intrmotiv/reward/environment_nonzero_fraction,5537792,1790357151.9092891,0.0009765625
intrmotiv/reward/environment_nonzero_fraction,5570560,1790357158.3763945,0.00048828125
intrmotiv/reward/environment_nonzero_fraction,5603328,1790357164.8417106,0.0
intrmotiv/reward/environment_nonzero_fraction,5636096,1790357170.9847305,0.00048828125
intrmotiv/reward/environment_nonzero_fraction,5668864,1790357177.6559935,0.00048828125
intrmotiv/reward/environment_nonzero_fraction,5701632,1790357184.0820727,0.00048828125
intrmotiv/reward/environment_nonzero_fraction,5734400,1790357190.6227336,0.0
intrmotiv/reward/environment_nonzero_fraction,5767168,1790357197.1831744,0.0
intrmotiv/reward/environment_nonzero_fraction,5799936,1790357203.7434628,0.0009765625
intrmotiv/reward/environment_nonzero_fraction,5832704,1790357210.318336,0.0
intrmotiv/reward/environment_nonzero_fraction,5865472,1790357216.7088084,0.00048828125
intrmotiv/reward/environment_nonzero_fraction,5898240,1790357223.207204,0.0009765625
intrmotiv/reward/environment_nonzero_fraction,5931008,1790357229.8797352,0.0
intrmotiv/reward/environment_nonzero_fraction,5963776,1790357236.428446,0.0009765625
intrmotiv/reward/environment_nonzero_fraction,5996544,1790357242.8335056,0.00048828125
intrmotiv/reward/environment_nonzero_fraction,6029312,1790357249.5714545,0.0
intrmotiv/reward/environment_nonzero_fraction,6062080,1790357256.0740328,0.0
intrmotiv/reward/environment_nonzero_fraction,6094848,1790357262.558374,0.00048828125
intrmotiv/reward/environment_nonzero_fraction,6127616,1790357269.1597605,0.0009765625
intrmotiv/reward/environment_nonzero_fraction,6160384,1790357275.6233861,0.00048828125
intrmotiv/reward/environment_nonzero_fraction,6193152,1790357282.1528885,0.0
intrmotiv/reward/environment_nonzero_fraction,6225920,1790357288.6487193,0.00048828125
intrmotiv/reward/environment_nonzero_fraction,6258688,1790357295.21349,0.0
intrmotiv/reward/environment_nonzero_fraction,6291456,1790357301.714425,0.00048828125
intrmotiv/reward/environment_nonzero_fraction,6324224,1790357308.274181,0.0009765625
intrmotiv/reward/environment_nonzero_fraction,6356992,1790357314.7051764,0.00048828125
intrmotiv/reward/environment_nonzero_fraction,6389760,1790357321.164025,0.0
intrmotiv/reward/environment_nonzero_fraction,6422528,1790357327.5322545,0.0009765625
intrmotiv/reward/environment_nonzero_fraction,6455296,1790357334.180705,0.0
intrmotiv/reward/environment_nonzero_fraction,6488064,1790357340.6488802,0.0
intrmotiv/reward/environment_nonzero_fraction,6520832,1790357347.0284326,0.00048828125
intrmotiv/reward/environment_nonzero_fraction,6553600,1790357353.4986262,0.00048828125
intrmotiv/reward/environment_nonzero_fraction,6586368,1790357360.0046349,0.0
intrmotiv/reward/environment_nonzero_fraction,6619136,1790357366.454368,0.00048828125
intrmotiv/reward/environment_nonzero_fraction,6651904,1790357373.003192,0.0
intrmotiv/reward/environment_nonzero_fraction,6684672,1790357379.587553,0.0
intrmotiv/reward/environment_nonzero_fraction,6717440,1790357386.188208,0.0
intrmotiv/reward/environment_nonzero_fraction,6750208,1790357392.7520185,0.00146484375
intrmotiv/reward/environment_nonzero_fraction,6782976,1790357399.2552583,0.0
intrmotiv/reward/environment_nonzero_fraction,6815744,1790357405.7984886,0.00048828125
intrmotiv/reward/environment_nonzero_fraction,6848512,1790357412.2892432,0.00048828125
intrmotiv/reward/environment_nonzero_fraction,6881280,1790357418.941577,0.0009765625
intrmotiv/reward/environment_nonzero_fraction,6914048,1790357425.4331434,0.0009765625
intrmotiv/reward/environment_nonzero_fraction,6946816,1790357431.9115157,0.0
intrmotiv/reward/environment_nonzero_fraction,6979584,1790357438.1902597,0.00048828125
intrmotiv/reward/environment_nonzero_fraction,7012352,1790357445.016396,0.0
intrmotiv/reward/environment_nonzero_fraction,7045120,1790357451.410539,0.0
intrmotiv/reward/environment_nonzero_fraction,7077888,1790357457.7404675,0.0009765625
intrmotiv/reward/environment_nonzero_fraction,7110656,1790357464.1865861,0.0
intrmotiv/reward/environment_nonzero_fraction,7143424,1790357470.5944486,0.0
intrmotiv/reward/environment_nonzero_fraction,7176192,1790357477.0009325,0.00048828125
intrmotiv/reward/environment_nonzero_fraction,7208960,1790357483.5130844,0.00048828125
intrmotiv/reward/environment_nonzero_fraction,7241728,1790357489.572962,0.00048828125
intrmotiv/reward/environment_nonzero_fraction,7274496,1790357496.0864599,0.0
intrmotiv/reward/environment_nonzero_fraction,7307264,1790357502.4682963,0.0
intrmotiv/reward/environment_nonzero_fraction,7340032,1790357508.7593913,0.0
intrmotiv/reward/environment_nonzero_fraction,7372800,1790357515.194697,0.00048828125
intrmotiv/reward/environment_nonzero_fraction,7405568,1790357521.5552955,0.00048828125
intrmotiv/reward/environment_nonzero_fraction,7438336,1790357528.0030825,0.00048828125
intrmotiv/reward/environment_nonzero_fraction,7471104,1790357534.5596097,0.0009765625
intrmotiv/reward/environment_nonzero_fraction,7503872,1790357540.866632,0.0
intrmotiv/reward/environment_nonzero_fraction,7536640,1790357547.209143,0.00048828125
intrmotiv/reward/environment_nonzero_fraction,7569408,1790357553.7064044,0.0
intrmotiv/reward/environment_nonzero_fraction,7602176,1790357560.2629738,0.0
intrmotiv/reward/environment_nonzero_fraction,7634944,1790357566.6608984,0.0
intrmotiv/reward/environment_nonzero_fraction,7667712,1790357573.1349704,0.00048828125
intrmotiv/reward/environment_nonzero_fraction,7700480,1790357579.6227915,0.0
intrmotiv/reward/environment_nonzero_fraction,7733248,1790357586.1486337,0.00048828125
intrmotiv/reward/environment_nonzero_fraction,7766016,1790357592.6611898,0.0
intrmotiv/reward/environment_nonzero_fraction,7798784,1790357599.1769214,0.00146484375
intrmotiv/reward/environment_nonzero_fraction,7831552,1790357605.788177,0.00048828125
intrmotiv/reward/environment_nonzero_fraction,7864320,1790357612.4125962,0.00146484375
intrmotiv/reward/environment_nonzero_fraction,7897088,1790357618.902311,0.0009765625
intrmotiv/reward/environment_nonzero_fraction,7929856,1790357625.4592092,0.00048828125
intrmotiv/reward/environment_nonzero_fraction,7962624,1790357632.0041971,0.00146484375
intrmotiv/reward/environment_nonzero_fraction,7995392,1790357638.725391,0.0
intrmotiv/reward/environment_nonzero_fraction,8028160,1790357645.42811,0.00048828125
intrmotiv/reward/environment_nonzero_fraction,8060928,1790357652.059519,0.00048828125
intrmotiv/reward/environment_nonzero_fraction,8093696,1790357658.6201656,0.0
intrmotiv/reward/environment_nonzero_fraction,8126464,1790357665.2146,0.00048828125
intrmotiv/reward/environment_nonzero_fraction,8159232,1790357671.7826343,0.00048828125
intrmotiv/reward/environment_nonzero_fraction,8192000,1790357678.3708265,0.00048828125
intrmotiv/reward/environment_nonzero_fraction,8224768,1790357684.9792197,0.0
intrmotiv/reward/environment_nonzero_fraction,8257536,1790357691.4777615,0.00048828125
intrmotiv/reward/environment_nonzero_fraction,8290304,1790357697.985331,0.00048828125
intrmotiv/reward/environment_nonzero_fraction,8323072,1790357704.484041,0.00048828125
intrmotiv/reward/environment_nonzero_fraction,8355840,1790357711.0093505,0.0
intrmotiv/reward/environment_nonzero_fraction,8388608,1790357717.4903286,0.0
intrmotiv/reward/environment_nonzero_fraction,8421376,1790357724.283367,0.0
intrmotiv/reward/environment_nonzero_fraction,8454144,1790357730.8851671,0.0
intrmotiv/reward/environment_nonzero_fraction,8486912,1790357737.3934987,0.00048828125
intrmotiv/reward/environment_nonzero_fraction,8519680,1790357743.745565,0.0009765625
intrmotiv/reward/environment_nonzero_fraction,8552448,1790357750.6747787,0.00048828125
intrmotiv/reward/environment_nonzero_fraction,8585216,1790357757.2285173,0.00146484375
intrmotiv/reward/environment_nonzero_fraction,8617984,1790357763.740646,0.00048828125
intrmotiv/reward/environment_nonzero_fraction,8650752,1790357770.374053,0.0009765625
intrmotiv/reward/environment_nonzero_fraction,8683520,1790357776.939071,0.00048828125
intrmotiv/reward/environment_nonzero_fraction,8716288,1790357783.460436,0.0
intrmotiv/reward/environment_nonzero_fraction,8749056,1790357789.8804042,0.0009765625
intrmotiv/reward/environment_nonzero_fraction,8781824,1790357796.4638317,0.00048828125
intrmotiv/reward/environment_nonzero_fraction,8814592,1790357803.07457,0.00048828125
intrmotiv/reward/environment_nonzero_fraction,8847360,1790357809.6036704,0.00048828125
intrmotiv/reward/environment_nonzero_fraction,8880128,1790357816.1331477,0.00048828125
intrmotiv/reward/environment_nonzero_fraction,8912896,1790357822.531851,0.0
intrmotiv/reward/environment_nonzero_fraction,8945664,1790357829.1961672,0.0
intrmotiv/reward/environment_nonzero_fraction,8978432,1790357835.8913412,0.0009765625
intrmotiv/reward/environment_nonzero_fraction,9011200,1790357842.7749171,0.001953125
intrmotiv/reward/environment_nonzero_fraction,9043968,1790357849.3467438,0.00048828125
intrmotiv/reward/environment_nonzero_fraction,9076736,1790357855.7287772,0.0
intrmotiv/reward/environment_nonzero_fraction,9109504,1790357862.4425004,0.00048828125
intrmotiv/reward/environment_nonzero_fraction,9142272,1790357868.9800882,0.0
intrmotiv/reward/environment_nonzero_fraction,9175040,1790357875.5059586,0.00146484375
intrmotiv/reward/environment_nonzero_fraction,9207808,1790357881.9490492,0.0
intrmotiv/reward/environment_nonzero_fraction,9240576,1790357888.557939,0.0
intrmotiv/reward/environment_nonzero_fraction,9273344,1790357894.9233642,0.0
intrmotiv/reward/environment_nonzero_fraction,9306112,1790357901.3468225,0.00048828125
intrmotiv/reward/environment_nonzero_fraction,9338880,1790357907.8427863,0.0
intrmotiv/reward/environment_nonzero_fraction,9371648,1790357914.2232544,0.00048828125
intrmotiv/reward/environment_nonzero_fraction,9404416,1790357920.7488246,0.0
intrmotiv/reward/environment_nonzero_fraction,9437184,1790357927.0413356,0.0009765625
intrmotiv/reward/environment_nonzero_fraction,9469952,1790357933.5435607,0.00048828125
intrmotiv/reward/environment_nonzero_fraction,9502720,1790357940.0399158,0.00048828125
intrmotiv/reward/environment_nonzero_fraction,9535488,1790357946.4976523,0.00048828125
intrmotiv/reward/environment_nonzero_fraction,9568256,1790357952.8802483,0.0
intrmotiv/reward/environment_nonzero_fraction,9601024,1790357959.4319303,0.0
intrmotiv/reward/environment_nonzero_fraction,9633792,1790357965.7858052,0.00048828125
intrmotiv/reward/environment_nonzero_fraction,9666560,1790357972.3263128,0.0
intrmotiv/reward/environment_nonzero_fraction,9699328,1790357978.8426697,0.0
intrmotiv/reward/environment_nonzero_fraction,9732096,1790357985.3189843,0.0
intrmotiv/reward/environment_nonzero_fraction,9764864,1790357991.7438264,0.0
intrmotiv/reward/environment_nonzero_fraction,9797632,1790357998.1479082,0.00048828125
intrmotiv/reward/environment_nonzero_fraction,9830400,1790358004.81611,0.0009765625
intrmotiv/reward/environment_nonzero_fraction,9863168,1790358011.2970135,0.0009765625
intrmotiv/reward/environment_nonzero_fraction,9895936,1790358017.684535,0.0
intrmotiv/reward/environment_nonzero_fraction,9928704,1790358024.2113621,0.0
intrmotiv/reward/environment_nonzero_fraction,9961472,1790358030.9434578,0.0009765625
intrmotiv/reward/environment_nonzero_fraction,9994240,1790358037.5111828,0.00048828125
intrmotiv/reward/environment_nonzero_fraction,10027008,1790358044.3311718,0.00048828125
intrmotiv/reward/environment_nonzero_fraction,10059776,1790358050.8923929,0.00048828125
intrmotiv/reward/environment_nonzero_fraction,10092544,1790358057.309685,0.0009765625
intrmotiv/reward/environment_nonzero_fraction,10125312,1790358063.8972077,0.00146484375
intrmotiv/reward/environment_nonzero_fraction,10158080,1790358070.5659454,0.0
intrmotiv/reward/environment_nonzero_fraction,10190848,1790358077.1785798,0.0
intrmotiv/reward/environment_nonzero_fraction,10223616,1790358083.7126546,0.0009765625
intrmotiv/reward/environment_nonzero_fraction,10256384,1790358090.1108027,0.0
intrmotiv/reward/environment_nonzero_fraction,10289152,1790358096.8415158,0.0
intrmotiv/reward/environment_nonzero_fraction,10321920,1790358103.3579633,0.00048828125
intrmotiv/reward/environment_nonzero_fraction,10354688,1790358109.8213754,0.00048828125
intrmotiv/reward/environment_nonzero_fraction,10387456,1790358116.3346214,0.0009765625
intrmotiv/reward/environment_nonzero_fraction,10420224,1790358122.7958763,0.0009765625
intrmotiv/reward/environment_nonzero_fraction,10452992,1790358129.2834542,0.0009765625
intrmotiv/reward/environment_nonzero_fraction,10485760,1790358135.6125755,0.0
intrmotiv/reward/environment_nonzero_fraction,10518528,1790358142.4029872,0.00048828125
intrmotiv/reward/environment_nonzero_fraction,10551296,1790358148.8044405,0.0009765625
intrmotiv/reward/environment_nonzero_fraction,10584064,1790358155.3147962,0.00048828125
intrmotiv/reward/environment_nonzero_fraction,10616832,1790358161.8808973,0.0009765625
intrmotiv/reward/environment_nonzero_fraction,10649600,1790358168.1801147,0.0
intrmotiv/reward/environment_nonzero_fraction,10682368,1790358174.8234296,0.00146484375
intrmotiv/reward/environment_nonzero_fraction,10715136,1790358181.4448602,0.00048828125
intrmotiv/reward/environment_nonzero_fraction,10747904,1790358188.182151,0.0
intrmotiv/reward/environment_nonzero_fraction,10780672,1790358194.712513,0.00048828125
intrmotiv/reward/environment_nonzero_fraction,10813440,1790358201.1295183,0.0
intrmotiv/reward/environment_nonzero_fraction,10846208,1790358207.5377948,0.0009765625
intrmotiv/reward/environment_nonzero_fraction,10878976,1790358213.9689095,0.00048828125
intrmotiv/reward/environment_nonzero_fraction,10911744,1790358220.5833323,0.00048828125
intrmotiv/reward/environment_nonzero_fraction,10944512,1790358227.0527813,0.0
intrmotiv/reward/environment_nonzero_fraction,10977280,1790358233.4024913,0.0009765625
intrmotiv/reward/environment_nonzero_fraction,11010048,1790358240.0509264,0.0
intrmotiv/reward/environment_nonzero_fraction,11042816,1790358246.3610837,0.0
intrmotiv/reward/environment_nonzero_fraction,11075584,1790358252.914586,0.0
intrmotiv/reward/environment_nonzero_fraction,11108352,1790358259.3740997,0.00048828125
intrmotiv/reward/environment_nonzero_fraction,11141120,1790358265.9122882,0.0
intrmotiv/reward/environment_nonzero_fraction,11173888,1790358272.4414485,0.0
intrmotiv/reward/environment_nonzero_fraction,11206656,1790358279.1684139,0.0
intrmotiv/reward/environment_nonzero_fraction,11239424,1790358285.633635,0.0
intrmotiv/reward/environment_nonzero_fraction,11272192,1790358292.1298337,0.0
intrmotiv/reward/environment_nonzero_fraction,11304960,1790358298.6157086,0.0
intrmotiv/reward/environment_nonzero_fraction,11337728,1790358305.0057497,0.00048828125
intrmotiv/reward/environment_nonzero_fraction,11370496,1790358311.686326,0.0
intrmotiv/reward/environment_nonzero_fraction,11403264,1790358318.0229702,0.0
intrmotiv/reward/environment_nonzero_fraction,11436032,1790358324.4720428,0.0
intrmotiv/reward/environment_nonzero_fraction,11468800,1790358330.908622,0.0
intrmotiv/reward/environment_nonzero_fraction,11501568,1790358337.3788462,0.00048828125
intrmotiv/reward/environment_nonzero_fraction,11534336,1790358343.9570556,0.00048828125
intrmotiv/reward/environment_nonzero_fraction,11567104,1790358350.4654238,0.0009765625
intrmotiv/reward/environment_nonzero_fraction,11599872,1790358356.8728306,0.0
intrmotiv/reward/environment_nonzero_fraction,11632640,1790358363.0957377,0.00048828125
intrmotiv/reward/environment_nonzero_fraction,11665408,1790358369.5995586,0.0
intrmotiv/reward/environment_nonzero_fraction,11698176,1790358376.0202634,0.00048828125
intrmotiv/reward/environment_nonzero_fraction,11730944,1790358382.5187325,0.0
intrmotiv/reward/environment_nonzero_fraction,11763712,1790358389.1432424,0.0009765625
intrmotiv/reward/environment_nonzero_fraction,11796480,1790358395.6571128,0.0
intrmotiv/reward/environment_nonzero_fraction,11829248,1790358402.295268,0.00048828125
intrmotiv/reward/environment_nonzero_fraction,11862016,1790358408.6486838,0.0009765625
intrmotiv/reward/environment_nonzero_fraction,11894784,1790358415.0602298,0.00146484375
intrmotiv/reward/environment_nonzero_fraction,11927552,1790358421.7686718,0.0009765625
intrmotiv/reward/environment_nonzero_fraction,11960320,1790358428.3039918,0.0
intrmotiv/reward/environment_nonzero_fraction,11993088,1790358434.650517,0.0
intrmotiv/reward/environment_nonzero_fraction,12025856,1790358441.4234455,0.0
intrmotiv/reward/environment_nonzero_fraction,12058624,1790358447.8805754,0.0009765625
intrmotiv/reward/environment_nonzero_fraction,12091392,1790358454.4215024,0.00048828125
intrmotiv/reward/environment_nonzero_fraction,12124160,1790358460.9722617,0.00146484375
intrmotiv/reward/environment_nonzero_fraction,12156928,1790358467.45112,0.00048828125
intrmotiv/reward/environment_nonzero_fraction,12189696,1790358474.1091115,0.0
intrmotiv/reward/environment_nonzero_fraction,12222464,1790358480.5889108,0.0009765625
intrmotiv/reward/environment_nonzero_fraction,12255232,1790358487.4171824,0.0009765625
intrmotiv/reward/environment_nonzero_fraction,12288000,1790358494.0927796,0.0009765625
intrmotiv/reward/environment_nonzero_fraction,12320768,1790358500.6991851,0.00048828125
intrmotiv/reward/environment_nonzero_fraction,12353536,1790358507.4002979,0.0
intrmotiv/reward/environment_nonzero_fraction,12386304,1790358514.041827,0.0
intrmotiv/reward/environment_nonzero_fraction,12419072,1790358520.6081786,0.0009765625
intrmotiv/reward/environment_nonzero_fraction,12451840,1790358527.2453058,0.00048828125
intrmotiv/reward/environment_nonzero_fraction,12484608,1790358533.7646616,0.00048828125
intrmotiv/reward/environment_nonzero_fraction,12517376,1790358540.3708642,0.00048828125
intrmotiv/reward/environment_nonzero_fraction,12550144,1790358547.204285,0.00146484375
intrmotiv/reward/environment_nonzero_fraction,12582912,1790358553.8382773,0.0009765625
intrmotiv/reward/environment_nonzero_fraction,12615680,1790358560.4298997,0.00048828125
intrmotiv/reward/environment_nonzero_fraction,12648448,1790358567.0759678,0.0
intrmotiv/reward/environment_nonzero_fraction,12681216,1790358573.671661,0.00048828125
intrmotiv/reward/environment_nonzero_fraction,12713984,1790358580.252029,0.00048828125
intrmotiv/reward/environment_nonzero_fraction,12746752,1790358586.8717833,0.0
intrmotiv/reward/environment_nonzero_fraction,12779520,1790358593.430011,0.0
intrmotiv/reward/environment_nonzero_fraction,12812288,1790358600.2159598,0.0
intrmotiv/reward/environment_nonzero_fraction,12845056,1790358606.880552,0.00048828125
intrmotiv/reward/environment_nonzero_fraction,12877824,1790358613.4957204,0.00048828125
intrmotiv/reward/environment_nonzero_fraction,12910592,1790358620.021572,0.0
intrmotiv/reward/environment_nonzero_fraction,12943360,1790358626.6603146,0.0
intrmotiv/reward/environment_nonzero_fraction,12976128,1790358633.2002034,0.00048828125
intrmotiv/reward/environment_nonzero_fraction,13008896,1790358640.2032125,0.0
intrmotiv/reward/environment_nonzero_fraction,13041664,1790358646.7810774,0.00048828125
intrmotiv/reward/environment_nonzero_fraction,13074432,1790358653.4197304,0.00048828125
intrmotiv/reward/environment_nonzero_fraction,13107200,1790358659.8934968,0.00048828125
intrmotiv/reward/environment_nonzero_fraction,13139968,1790358666.4081225,0.00048828125
intrmotiv/reward/environment_nonzero_fraction,13172736,1790358672.929588,0.00048828125
intrmotiv/reward/environment_nonzero_fraction,13205504,1790358679.5800664,0.00048828125
intrmotiv/reward/environment_nonzero_fraction,13238272,1790358686.2031186,0.0
intrmotiv/reward/environment_nonzero_fraction,13271040,1790358692.6710527,0.0
intrmotiv/reward/environment_nonzero_fraction,13303808,1790358699.3058932,0.00048828125
intrmotiv/reward/environment_nonzero_fraction,13336576,1790358705.9427433,0.00048828125
intrmotiv/reward/environment_nonzero_fraction,13369344,1790358712.5780072,0.0
intrmotiv/reward/environment_nonzero_fraction,13402112,1790358719.274422,0.0009765625
intrmotiv/reward/environment_nonzero_fraction,13434880,1790358725.828575,0.00048828125
intrmotiv/reward/environment_nonzero_fraction,13467648,1790358732.414714,0.00048828125
intrmotiv/reward/environment_nonzero_fraction,13500416,1790358739.001206,0.0
intrmotiv/reward/environment_nonzero_fraction,13533184,1790358745.6580427,0.00048828125
intrmotiv/reward/environment_nonzero_fraction,13565952,1790358752.2504675,0.0009765625
intrmotiv/reward/environment_nonzero_fraction,13598720,1790358758.8319008,0.0
intrmotiv/reward/environment_nonzero_fraction,13631488,1790358765.4951725,0.0
intrmotiv/reward/environment_nonzero_fraction,13664256,1790358772.0363393,0.0
intrmotiv/reward/environment_nonzero_fraction,13697024,1790358778.675339,0.00048828125
intrmotiv/reward/environment_nonzero_fraction,13729792,1790358785.274605,0.0009765625
intrmotiv/reward/environment_nonzero_fraction,13762560,1790358791.9478693,0.0
intrmotiv/reward/environment_nonzero_fraction,13795328,1790358798.6496346,0.00146484375
intrmotiv/reward/environment_nonzero_fraction,13828096,1790358805.3442943,0.00048828125
intrmotiv/reward/environment_nonzero_fraction,13860864,1790358811.9488125,0.0
intrmotiv/reward/environment_nonzero_fraction,13893632,1790358818.6264472,0.0
intrmotiv/reward/environment_nonzero_fraction,13926400,1790358825.2502074,0.0009765625
intrmotiv/reward/environment_nonzero_fraction,13959168,1790358832.0697486,0.00048828125
intrmotiv/reward/environment_nonzero_fraction,13991936,1790358838.736057,0.0009765625
intrmotiv/reward/environment_nonzero_fraction,14024704,1790358845.5878747,0.00048828125
intrmotiv/reward/environment_nonzero_fraction,14057472,1790358852.2485194,0.0
intrmotiv/reward/environment_nonzero_fraction,14090240,1790358858.7116039,0.00048828125
intrmotiv/reward/environment_nonzero_fraction,14123008,1790358865.349915,0.00048828125
intrmotiv/reward/environment_nonzero_fraction,14155776,1790358871.8224554,0.00048828125
intrmotiv/reward/environment_nonzero_fraction,14188544,1790358878.4464417,0.00146484375
intrmotiv/reward/environment_nonzero_fraction,14221312,1790358885.0855787,0.0
intrmotiv/reward/environment_nonzero_fraction,14254080,1790358891.656875,0.0009765625
intrmotiv/reward/environment_nonzero_fraction,14286848,1790358898.3052714,0.0
intrmotiv/reward/environment_nonzero_fraction,14319616,1790358904.872264,0.0
intrmotiv/reward/environment_nonzero_fraction,14352384,1790358911.728276,0.0009765625
intrmotiv/reward/environment_nonzero_fraction,14385152,1790358918.255291,0.0009765625
intrmotiv/reward/environment_nonzero_fraction,14417920,1790358924.8359537,0.0009765625
intrmotiv/reward/environment_nonzero_fraction,14450688,1790358931.3856874,0.0009765625
intrmotiv/reward/environment_nonzero_fraction,14483456,1790358937.9437392,0.00048828125
intrmotiv/reward/environment_nonzero_fraction,14516224,1790358944.428373,0.00048828125
intrmotiv/reward/environment_nonzero_fraction,14548992,1790358951.031613,0.00048828125
intrmotiv/reward/environment_nonzero_fraction,14581760,1790358957.6511075,0.0
intrmotiv/reward/environment_nonzero_fraction,14614528,1790358964.2944374,0.00048828125
intrmotiv/reward/environment_nonzero_fraction,14647296,1790358970.9379418,0.0009765625
intrmotiv/reward/environment_nonzero_fraction,14680064,1790358977.3894663,0.00048828125
intrmotiv/reward/environment_nonzero_fraction,14712832,1790358983.8781164,0.0009765625
intrmotiv/reward/environment_nonzero_fraction,14745600,1790358990.4480147,0.0
intrmotiv/reward/environment_nonzero_fraction,14778368,1790358996.9869547,0.0
intrmotiv/reward/environment_nonzero_fraction,14811136,1790359003.551987,0.00048828125
intrmotiv/reward/environment_nonzero_fraction,14843904,1790359010.1465693,0.0
intrmotiv/reward/environment_nonzero_fraction,14876672,1790359016.7202713,0.00048828125
intrmotiv/reward/environment_nonzero_fraction,14909440,1790359023.193966,0.00048828125
intrmotiv/reward/environment_nonzero_fraction,14942208,1790359029.842064,0.0
intrmotiv/reward/environment_nonzero_fraction,14974976,1790359036.3867543,0.0
intrmotiv/reward/environment_nonzero_fraction,15007744,1790359043.2121449,0.00048828125
intrmotiv/reward/environment_nonzero_fraction,15040512,1790359049.6792974,0.0
intrmotiv/reward/environment_nonzero_fraction,15073280,1790359056.320175,0.0009765625
intrmotiv/reward/environment_nonzero_fraction,15106048,1790359062.787812,0.0
intrmotiv/reward/environment_nonzero_fraction,15138816,1790359069.4647117,0.00146484375
intrmotiv/reward/environment_nonzero_fraction,15171584,1790359076.0255973,0.0
intrmotiv/reward/environment_nonzero_fraction,15204352,1790359082.4652176,0.00048828125
intrmotiv/reward/environment_nonzero_fraction,15237120,1790359089.1408298,0.00048828125
intrmotiv/reward/environment_nonzero_fraction,15269888,1790359095.7569818,0.00048828125
intrmotiv/reward/environment_nonzero_fraction,15302656,1790359102.402954,0.00048828125
intrmotiv/reward/environment_nonzero_fraction,15335424,1790359109.018428,0.00048828125
intrmotiv/reward/environment_nonzero_fraction,15368192,1790359115.6617496,0.0
intrmotiv/reward/environment_nonzero_fraction,15400960,1790359122.2385151,0.0009765625
intrmotiv/reward/environment_nonzero_fraction,15433728,1790359128.873319,0.0009765625
intrmotiv/reward/environment_nonzero_fraction,15466496,1790359135.5784507,0.0
intrmotiv/reward/environment_nonzero_fraction,15499264,1790359142.0656018,0.0
intrmotiv/reward/environment_nonzero_fraction,15532032,1790359148.6970875,0.0009765625
intrmotiv/reward/environment_nonzero_fraction,15564800,1790359155.2676082,0.00048828125
intrmotiv/reward/environment_nonzero_fraction,15597568,1790359161.8454273,0.0
intrmotiv/reward/environment_nonzero_fraction,15630336,1790359168.5428493,0.0
intrmotiv/reward/environment_nonzero_fraction,15663104,1790359175.0495644,0.00048828125
intrmotiv/reward/environment_nonzero_fraction,15695872,1790359181.7187083,0.0
intrmotiv/reward/environment_nonzero_fraction,15728640,1790359188.490233,0.0009765625
intrmotiv/reward/environment_nonzero_fraction,15761408,1790359194.969857,0.00048828125
intrmotiv/reward/environment_nonzero_fraction,15794176,1790359201.5298903,0.00048828125
intrmotiv/reward/environment_nonzero_fraction,15826944,1790359208.061794,0.0
intrmotiv/reward/environment_nonzero_fraction,15859712,1790359214.6191406,0.00048828125
intrmotiv/reward/environment_nonzero_fraction,15892480,1790359221.1920724,0.0009765625
intrmotiv/reward/environment_nonzero_fraction,15925248,1790359227.9407914,0.001953125
intrmotiv/reward/environment_nonzero_fraction,15958016,1790359234.4814072,0.00048828125
intrmotiv/reward/environment_nonzero_fraction,15990784,1790359241.063121,0.0
intrmotiv/reward/environment_nonzero_fraction,16023552,1790359247.805435,0.00048828125
intrmotiv/reward/environment_nonzero_fraction,16056320,1790359254.3761215,0.00048828125
intrmotiv/reward/environment_nonzero_fraction,16089088,1790359261.0325344,0.0009765625
intrmotiv/reward/environment_nonzero_fraction,16121856,1790359267.6545262,0.0009765625
intrmotiv/reward/environment_nonzero_fraction,16154624,1790359274.1883264,0.0
intrmotiv/reward/environment_nonzero_fraction,16187392,1790359280.7477462,0.0
intrmotiv/reward/environment_nonzero_fraction,16220160,1790359287.3024213,0.0
intrmotiv/reward/environment_nonzero_fraction,16252928,1790359294.11563,0.0009765625
intrmotiv/reward/environment_nonzero_fraction,16285696,1790359300.5947661,0.00048828125
intrmotiv/reward/environment_nonzero_fraction,16318464,1790359307.246927,0.0
intrmotiv/reward/environment_nonzero_fraction,16351232,1790359313.7632313,0.0
intrmotiv/reward/environment_nonzero_fraction,16384000,1790359320.4056532,0.0
intrmotiv/reward/environment_nonzero_fraction,16416768,1790359326.8851109,0.00048828125
intrmotiv/reward/environment_nonzero_fraction,16449536,1790359333.4882228,0.0009765625
intrmotiv/reward/environment_nonzero_fraction,16482304,1790359340.1542795,0.00048828125
intrmotiv/reward/environment_nonzero_fraction,16515072,1790359346.707703,0.00146484375
intrmotiv/reward/environment_nonzero_fraction,16547840,1790359353.1186764,0.0
intrmotiv/reward/environment_nonzero_fraction,16580608,1790359359.7735515,0.0
intrmotiv/reward/environment_nonzero_fraction,16613376,1790359366.2405863,0.0009765625
intrmotiv/reward/environment_nonzero_fraction,16646144,1790359372.7561922,0.0
intrmotiv/reward/environment_nonzero_fraction,16678912,1790359379.3795185,0.0
intrmotiv/reward/environment_nonzero_fraction,16711680,1790359385.9891984,0.00048828125
intrmotiv/reward/environment_nonzero_fraction,16744448,1790359392.7037296,0.00048828125
intrmotiv/reward/environment_nonzero_fraction,16777216,1790359399.4573264,0.00146484375
intrmotiv/reward/environment_nonzero_fraction,16809984,1790359405.9086514,0.0009765625
intrmotiv/reward/environment_nonzero_fraction,16842752,1790359412.6543944,0.0009765625
intrmotiv/reward/environment_nonzero_fraction,16875520,1790359419.2220836,0.001953125
intrmotiv/reward/environment_nonzero_fraction,16908288,1790359426.0220325,0.0009765625
intrmotiv/reward/environment_nonzero_fraction,16941056,1790359432.5007558,0.00146484375
intrmotiv/reward/environment_nonzero_fraction,16973824,1790359439.0930934,0.0
intrmotiv/reward/environment_nonzero_fraction,17006592,1790359445.9393482,0.00048828125
intrmotiv/reward/environment_nonzero_fraction,17039360,1790359452.437213,0.0
intrmotiv/reward/environment_nonzero_fraction,17072128,1790359459.0371656,0.0
intrmotiv/reward/environment_nonzero_fraction,17104896,1790359465.672558,0.00048828125
intrmotiv/reward/environment_nonzero_fraction,17137664,1790359472.2183204,0.00048828125
intrmotiv/reward/environment_nonzero_fraction,17170432,1790359478.9189675,0.0009765625
intrmotiv/reward/environment_nonzero_fraction,17203200,1790359485.6816187,0.0
intrmotiv/reward/environment_nonzero_fraction,17235968,1790359492.2649746,0.00146484375
intrmotiv/reward/environment_nonzero_fraction,17268736,1790359498.94757,0.0
intrmotiv/reward/environment_nonzero_fraction,17301504,1790359505.5902674,0.00048828125
intrmotiv/reward/environment_nonzero_fraction,17334272,1790359512.2923696,0.00146484375
intrmotiv/reward/environment_nonzero_fraction,17367040,1790359518.8690906,0.00048828125
intrmotiv/reward/environment_nonzero_fraction,17399808,1790359525.4760165,0.00048828125
intrmotiv/reward/environment_nonzero_fraction,17432576,1790359532.1595016,0.00048828125
intrmotiv/reward/environment_nonzero_fraction,17465344,1790359538.8429465,0.00048828125
intrmotiv/reward/environment_nonzero_fraction,17498112,1790359545.4824984,0.0009765625
intrmotiv/reward/environment_nonzero_fraction,17530880,1790359552.0821006,0.0
intrmotiv/reward/environment_nonzero_fraction,17563648,1790359558.6869664,0.0009765625
intrmotiv/reward/environment_nonzero_fraction,17596416,1790359565.288874,0.00048828125
intrmotiv/reward/environment_nonzero_fraction,17629184,1790359571.8992724,0.00048828125
intrmotiv/reward/environment_nonzero_fraction,17661952,1790359578.4535325,0.00146484375
intrmotiv/reward/environment_nonzero_fraction,17694720,1790359584.997493,0.0
intrmotiv/reward/environment_nonzero_fraction,17727488,1790359591.5440388,0.00048828125
intrmotiv/reward/environment_nonzero_fraction,17760256,1790359598.1478975,0.00048828125
intrmotiv/reward/environment_nonzero_fraction,17793024,1790359604.6764817,0.0
intrmotiv/reward/environment_nonzero_fraction,17825792,1790359611.2046814,0.0
intrmotiv/reward/environment_nonzero_fraction,17858560,1790359617.913097,0.00048828125
intrmotiv/reward/environment_nonzero_fraction,17891328,1790359624.6141086,0.00048828125
intrmotiv/reward/environment_nonzero_fraction,17924096,1790359631.2497954,0.0009765625
intrmotiv/reward/environment_nonzero_fraction,17956864,1790359637.8980987,0.00048828125
intrmotiv/reward/environment_nonzero_fraction,17989632,1790359644.4505396,0.0
intrmotiv/reward/environment_nonzero_fraction,18022400,1790359651.3830295,0.0029296875
intrmotiv/reward/environment_nonzero_fraction,18055168,1790359658.0584278,0.00244140625
intrmotiv/reward/environment_nonzero_fraction,18087936,1790359664.6286483,0.00048828125
intrmotiv/reward/environment_nonzero_fraction,18120704,1790359671.3066058,0.00146484375
intrmotiv/reward/environment_nonzero_fraction,18153472,1790359678.0036075,0.0009765625
intrmotiv/reward/environment_nonzero_fraction,18186240,1790359684.5297017,0.00048828125
intrmotiv/reward/environment_nonzero_fraction,18219008,1790359690.9722662,0.0009765625
intrmotiv/reward/environment_nonzero_fraction,18251776,1790359697.7657914,0.00048828125
intrmotiv/reward/environment_nonzero_fraction,18284544,1790359704.3481932,0.00048828125
intrmotiv/reward/environment_nonzero_fraction,18317312,1790359710.8819807,0.00048828125
intrmotiv/reward/environment_nonzero_fraction,18350080,1790359717.5824046,0.0009765625
intrmotiv/reward/environment_nonzero_fraction,18382848,1790359724.2903738,0.0
intrmotiv/reward/environment_nonzero_fraction,18415616,1790359730.8591478,0.0
intrmotiv/reward/environment_nonzero_fraction,18448384,1790359737.4171576,0.0
intrmotiv/reward/environment_nonzero_fraction,18481152,1790359744.0531464,0.0
intrmotiv/reward/environment_nonzero_fraction,18513920,1790359750.9225867,0.001953125
intrmotiv/reward/environment_nonzero_fraction,18546688,1790359757.5114229,0.0
intrmotiv/reward/environment_nonzero_fraction,18579456,1790359764.1617308,0.0
intrmotiv/reward/environment_nonzero_fraction,18612224,1790359770.697089,0.00146484375
intrmotiv/reward/environment_nonzero_fraction,18644992,1790359777.274431,0.0
intrmotiv/reward/environment_nonzero_fraction,18677760,1790359783.8993049,0.0009765625
intrmotiv/reward/environment_nonzero_fraction,18710528,1790359790.478244,0.0
intrmotiv/reward/environment_nonzero_fraction,18743296,1790359797.068511,0.0
intrmotiv/reward/environment_nonzero_fraction,18776064,1790359803.7173376,0.00048828125
intrmotiv/reward/environment_nonzero_fraction,18808832,1790359810.2947373,0.0009765625
intrmotiv/reward/environment_nonzero_fraction,18841600,1790359817.0447268,0.0009765625
intrmotiv/reward/environment_nonzero_fraction,18874368,1790359823.5983121,0.00146484375
intrmotiv/reward/environment_nonzero_fraction,18907136,1790359830.3543324,0.00244140625
intrmotiv/reward/environment_nonzero_fraction,18939904,1790359836.9942086,0.0009765625
intrmotiv/reward/environment_nonzero_fraction,18972672,1790359843.6628916,0.0009765625
intrmotiv/reward/environment_nonzero_fraction,19005440,1790359850.6013327,0.00048828125
intrmotiv/reward/environment_nonzero_fraction,19038208,1790359857.3051996,0.0009765625
intrmotiv/reward/environment_nonzero_fraction,19070976,1790359863.8324618,0.00048828125
intrmotiv/reward/environment_nonzero_fraction,19103744,1790359870.6912775,0.00048828125
intrmotiv/reward/environment_nonzero_fraction,19136512,1790359877.343836,0.00048828125
intrmotiv/reward/environment_nonzero_fraction,19169280,1790359883.9734669,0.0009765625
intrmotiv/reward/environment_nonzero_fraction,19202048,1790359890.6930995,0.0009765625
intrmotiv/reward/environment_nonzero_fraction,19234816,1790359897.2452016,0.00048828125
intrmotiv/reward/environment_nonzero_fraction,19267584,1790359903.941553,0.00048828125
intrmotiv/reward/environment_nonzero_fraction,19300352,1790359910.622879,0.00048828125
intrmotiv/reward/environment_nonzero_fraction,19333120,1790359917.503158,0.0
intrmotiv/reward/environment_nonzero_fraction,19365888,1790359924.1640153,0.00048828125
intrmotiv/reward/environment_nonzero_fraction,19398656,1790359930.8129895,0.0009765625
intrmotiv/reward/environment_nonzero_fraction,19431424,1790359937.5410194,0.00048828125
intrmotiv/reward/environment_nonzero_fraction,19464192,1790359944.186205,0.0009765625
intrmotiv/reward/environment_nonzero_fraction,19496960,1790359950.7804482,0.0009765625
intrmotiv/reward/environment_nonzero_fraction,19529728,1790359957.5895464,0.0009765625
intrmotiv/reward/environment_nonzero_fraction,19562496,1790359964.214194,0.0009765625
intrmotiv/reward/environment_nonzero_fraction,19595264,1790359970.9004285,0.0009765625
intrmotiv/reward/environment_nonzero_fraction,19628032,1790359977.6526237,0.0
intrmotiv/reward/environment_nonzero_fraction,19660800,1790359984.2500827,0.0
intrmotiv/reward/environment_nonzero_fraction,19693568,1790359990.8779898,0.00048828125
intrmotiv/reward/environment_nonzero_fraction,19726336,1790359997.4316065,0.00048828125
intrmotiv/reward/environment_nonzero_fraction,19759104,1790360004.0164194,0.00048828125
intrmotiv/reward/environment_nonzero_fraction,19791872,1790360010.691224,0.0
intrmotiv/reward/environment_nonzero_fraction,19824640,1790360017.3745956,0.00146484375
intrmotiv/reward/environment_nonzero_fraction,19857408,1790360023.9666116,0.00048828125
intrmotiv/reward/environment_nonzero_fraction,19890176,1790360030.5467217,0.00048828125
intrmotiv/reward/environment_nonzero_fraction,19922944,1790360037.145752,0.0
intrmotiv/reward/environment_nonzero_fraction,19955712,1790360043.7106075,0.0
intrmotiv/reward/environment_nonzero_fraction,19988480,1790360050.5314865,0.0009765625
intrmotiv/reward/environment_nonzero_fraction,20021248,1790360058.4548259,0.00048828125
intrmotiv/reward/environment_nonzero_fraction,20054016,1790360065.2150059,0.00146484375
intrmotiv/reward/environment_nonzero_fraction,20086784,1790360071.794619,0.0009765625
intrmotiv/reward/environment_nonzero_fraction,20119552,1790360078.4977005,0.001953125
intrmotiv/reward/environment_nonzero_fraction,20152320,1790360085.0789883,0.00048828125
intrmotiv/reward/environment_nonzero_fraction,20185088,1790360091.5623002,0.0009765625
intrmotiv/reward/environment_nonzero_fraction,20217856,1790360098.1581545,0.0
intrmotiv/reward/environment_nonzero_fraction,20250624,1790360104.8546562,0.0
intrmotiv/reward/environment_nonzero_fraction,20283392,1790360111.5129404,0.0
intrmotiv/reward/environment_nonzero_fraction,20316160,1790360118.1480281,0.0009765625
intrmotiv/reward/environment_nonzero_fraction,20348928,1790360124.7311027,0.00048828125
intrmotiv/reward/environment_nonzero_fraction,20381696,1790360131.3472397,0.0
intrmotiv/reward/environment_nonzero_fraction,20414464,1790360137.9467342,0.00048828125
intrmotiv/reward/environment_nonzero_fraction,20447232,1790360144.594134,0.0009765625
intrmotiv/reward/environment_nonzero_fraction,20480000,1790360151.223715,0.0
intrmotiv/reward/environment_nonzero_fraction,20512768,1790360157.8417637,0.0
intrmotiv/reward/environment_nonzero_fraction,20545536,1790360164.6414719,0.0009765625
intrmotiv/reward/environment_nonzero_fraction,20578304,1790360171.343701,0.00048828125
intrmotiv/reward/environment_nonzero_fraction,20611072,1790360178.0296805,0.0009765625
intrmotiv/reward/environment_nonzero_fraction,20643840,1790360184.713265,0.0
intrmotiv/reward/environment_nonzero_fraction,20676608,1790360191.3713968,0.0009765625
intrmotiv/reward/environment_nonzero_fraction,20709376,1790360198.0851223,0.00146484375
intrmotiv/reward/environment_nonzero_fraction,20742144,1790360204.8543465,0.0009765625
intrmotiv/reward/environment_nonzero_fraction,20774912,1790360211.5717697,0.0009765625
intrmotiv/reward/environment_nonzero_fraction,20807680,1790360218.2450345,0.00048828125
intrmotiv/reward/environment_nonzero_fraction,20840448,1790360224.9491367,0.00146484375
intrmotiv/reward/environment_nonzero_fraction,20873216,1790360231.6948237,0.0
intrmotiv/reward/environment_nonzero_fraction,20905984,1790360238.3236809,0.0
intrmotiv/reward/environment_nonzero_fraction,20938752,1790360245.018487,0.00048828125
intrmotiv/reward/environment_nonzero_fraction,20971520,1790360251.6921544,0.00048828125
intrmotiv/reward/environment_nonzero_fraction,21004288,1790360258.4726381,0.00048828125
intrmotiv/reward/environment_nonzero_fraction,21037056,1790360265.1294167,0.0009765625
intrmotiv/reward/environment_nonzero_fraction,21069824,1790360271.7364357,0.0
intrmotiv/reward/environment_nonzero_fraction,21102592,1790360278.3366685,0.0
intrmotiv/reward/environment_nonzero_fraction,21135360,1790360284.939659,0.00048828125
intrmotiv/reward/environment_nonzero_fraction,21168128,1790360291.6566076,0.0
intrmotiv/reward/environment_nonzero_fraction,21200896,1790360298.358037,0.0
intrmotiv/reward/environment_nonzero_fraction,21233664,1790360305.0174408,0.00146484375
intrmotiv/reward/environment_nonzero_fraction,21266432,1790360311.6546583,0.00048828125
intrmotiv/reward/environment_nonzero_fraction,21299200,1790360318.3122067,0.0
intrmotiv/reward/environment_nonzero_fraction,21331968,1790360324.9833143,0.0
intrmotiv/reward/environment_nonzero_fraction,21364736,1790360331.649703,0.00048828125
intrmotiv/reward/environment_nonzero_fraction,21397504,1790360338.5037847,0.0
intrmotiv/reward/environment_nonzero_fraction,21430272,1790360345.0555825,0.00048828125
intrmotiv/reward/environment_nonzero_fraction,21463040,1790360351.6606266,0.0
intrmotiv/reward/environment_nonzero_fraction,21495808,1790360358.4225252,0.001953125
intrmotiv/reward/environment_nonzero_fraction,21528576,1790360365.0442436,0.00048828125
intrmotiv/reward/environment_nonzero_fraction,21561344,1790360371.7405016,0.00244140625
intrmotiv/reward/environment_nonzero_fraction,21594112,1790360378.3235226,0.0
intrmotiv/reward/environment_nonzero_fraction,21626880,1790360384.9089942,0.0009765625
intrmotiv/reward/environment_nonzero_fraction,21659648,1790360391.582981,0.00048828125
intrmotiv/reward/environment_nonzero_fraction,21692416,1790360398.2157712,0.0
intrmotiv/reward/environment_nonzero_fraction,21725184,1790360404.855666,0.0009765625
intrmotiv/reward/environment_nonzero_fraction,21757952,1790360411.438545,0.0009765625
intrmotiv/reward/environment_nonzero_fraction,21790720,1790360418.0571918,0.00048828125
intrmotiv/reward/environment_nonzero_fraction,21823488,1790360424.8572326,0.00048828125
intrmotiv/reward/environment_nonzero_fraction,21856256,1790360431.393201,0.0009765625
intrmotiv/reward/environment_nonzero_fraction,21889024,1790360438.2529233,0.0009765625
intrmotiv/reward/environment_nonzero_fraction,21921792,1790360444.7755845,0.0009765625
intrmotiv/reward/environment_nonzero_fraction,21954560,1790360451.5017767,0.0
intrmotiv/reward/environment_nonzero_fraction,21987328,1790360458.219746,0.00146484375
intrmotiv/reward/environment_nonzero_fraction,22020096,1790360465.2465818,0.00244140625
intrmotiv/reward/environment_nonzero_fraction,22052864,1790360471.839592,0.0
intrmotiv/reward/environment_nonzero_fraction,22085632,1790360478.4956055,0.0009765625
intrmotiv/reward/environment_nonzero_fraction,22118400,1790360485.2793736,0.0
intrmotiv/reward/environment_nonzero_fraction,22151168,1790360491.943526,0.00048828125
intrmotiv/reward/environment_nonzero_fraction,22183936,1790360498.5301962,0.0
intrmotiv/reward/environment_nonzero_fraction,22216704,1790360505.1361868,0.00146484375
intrmotiv/reward/environment_nonzero_fraction,22249472,1790360511.812344,0.00048828125
intrmotiv/reward/environment_nonzero_fraction,22282240,1790360518.4591339,0.0
intrmotiv/reward/environment_nonzero_fraction,22315008,1790360525.1837873,0.0
intrmotiv/reward/environment_nonzero_fraction,22347776,1790360531.8775766,0.00048828125
intrmotiv/reward/environment_nonzero_fraction,22380544,1790360538.5540688,0.00048828125
intrmotiv/reward/environment_nonzero_fraction,22413312,1790360545.201455,0.00048828125
intrmotiv/reward/environment_nonzero_fraction,22446080,1790360551.8832877,0.0
intrmotiv/reward/environment_nonzero_fraction,22478848,1790360558.625067,0.0
intrmotiv/reward/environment_nonzero_fraction,22511616,1790360565.4100716,0.001953125
intrmotiv/reward/environment_nonzero_fraction,22544384,1790360572.0495934,0.0
intrmotiv/reward/environment_nonzero_fraction,22577152,1790360578.6703007,0.0009765625
intrmotiv/reward/environment_nonzero_fraction,22609920,1790360585.287595,0.00048828125
intrmotiv/reward/environment_nonzero_fraction,22642688,1790360592.206546,0.00048828125
intrmotiv/reward/environment_nonzero_fraction,22675456,1790360598.8684647,0.0
intrmotiv/reward/environment_nonzero_fraction,22708224,1790360605.507204,0.00048828125
intrmotiv/reward/environment_nonzero_fraction,22740992,1790360612.123741,0.0
intrmotiv/reward/environment_nonzero_fraction,22773760,1790360618.7880292,0.00048828125
intrmotiv/reward/environment_nonzero_fraction,22806528,1790360625.450116,0.0
intrmotiv/reward/environment_nonzero_fraction,22839296,1790360632.151192,0.0
intrmotiv/reward/environment_nonzero_fraction,22872064,1790360638.8295135,0.00048828125
intrmotiv/reward/environment_nonzero_fraction,22904832,1790360645.5139966,0.0009765625
intrmotiv/reward/environment_nonzero_fraction,22937600,1790360652.1648674,0.0
intrmotiv/reward/environment_nonzero_fraction,22970368,1790360658.9746118,0.00048828125
intrmotiv/reward/environment_nonzero_fraction,23003136,1790360665.8551419,0.0
intrmotiv/reward/environment_nonzero_fraction,23035904,1790360672.4962633,0.00048828125
intrmotiv/reward/environment_nonzero_fraction,23068672,1790360679.1357443,0.00048828125
intrmotiv/reward/environment_nonzero_fraction,23101440,1790360685.8458312,0.0
intrmotiv/reward/environment_nonzero_fraction,23134208,1790360692.489658,0.00048828125
intrmotiv/reward/environment_nonzero_fraction,23166976,1790360699.1933844,0.00146484375
intrmotiv/reward/environment_nonzero_fraction,23199744,1790360705.871518,0.0
intrmotiv/reward/environment_nonzero_fraction,23232512,1790360712.5238733,0.00048828125
intrmotiv/reward/environment_nonzero_fraction,23265280,1790360719.2042437,0.0009765625
intrmotiv/reward/environment_nonzero_fraction,23298048,1790360725.8716483,0.00048828125
intrmotiv/reward/environment_nonzero_fraction,23330816,1790360732.5433655,0.0009765625
intrmotiv/reward/environment_nonzero_fraction,23379968,1790360742.50233,0.0
intrmotiv/reward/environment_nonzero_fraction,23412736,1790360749.2272089,0.0
intrmotiv/reward/environment_nonzero_fraction,23445504,1790360755.9567769,0.00048828125
intrmotiv/reward/environment_nonzero_fraction,23478272,1790360762.7451458,0.00048828125
intrmotiv/reward/environment_nonzero_fraction,23511040,1790360769.396911,0.00048828125
intrmotiv/reward/environment_nonzero_fraction,23543808,1790360776.0559487,0.0009765625
intrmotiv/reward/environment_nonzero_fraction,23576576,1790360782.7371104,0.00048828125
intrmotiv/reward/environment_nonzero_fraction,23609344,1790360789.4446464,0.00048828125
intrmotiv/reward/environment_nonzero_fraction,23642112,1790360796.3366487,0.00048828125
intrmotiv/reward/environment_nonzero_fraction,23691264,1790360806.241794,0.00048828125
intrmotiv/reward/environment_nonzero_fraction,23724032,1790360812.955742,0.00048828125
intrmotiv/reward/environment_nonzero_fraction,23756800,1790360819.7912812,0.00048828125
intrmotiv/reward/environment_nonzero_fraction,23789568,1790360826.4977357,0.00146484375
intrmotiv/reward/environment_nonzero_fraction,23838720,1790360836.4471204,0.0009765625
intrmotiv/reward/environment_nonzero_fraction,23887872,1790360846.4458582,0.0
intrmotiv/reward/environment_nonzero_fraction,23920640,1790360853.1175468,0.0
intrmotiv/reward/environment_nonzero_fraction,23969792,1790360863.0369833,0.0
intrmotiv/reward/environment_nonzero_fraction,24002560,1790360869.8702939,0.0
intrmotiv/reward/environment_nonzero_fraction,24035328,1790360876.4095132,0.00048828125
intrmotiv/reward/environment_nonzero_fraction,24084480,1790360886.276238,0.00048828125
intrmotiv/reward/environment_nonzero_fraction,24117248,1790360893.0481596,0.0
intrmotiv/reward/environment_nonzero_fraction,24166400,1790360902.9685867,0.0009765625
intrmotiv/reward/environment_nonzero_fraction,24215552,1790360912.4984334,0.00048828125
intrmotiv/reward/environment_nonzero_fraction,24264704,1790360922.3236005,0.0
intrmotiv/reward/environment_nonzero_fraction,24297472,1790360929.1394331,0.00146484375
intrmotiv/reward/environment_nonzero_fraction,24346624,1790360939.0690439,0.0009765625
intrmotiv/reward/environment_nonzero_fraction,24379392,1790360945.8808634,0.00048828125
intrmotiv/reward/environment_nonzero_fraction,24412160,1790360952.7501996,0.0
intrmotiv/reward/environment_nonzero_fraction,24461312,1790360962.6473217,0.00048828125
intrmotiv/reward/environment_nonzero_fraction,24494080,1790360969.2744205,0.0
intrmotiv/reward/environment_nonzero_fraction,24526848,1790360975.9085956,0.0009765625
intrmotiv/reward/environment_nonzero_fraction,24576000,1790360985.8472,0.00048828125
intrmotiv/reward/environment_nonzero_fraction,24608768,1790360992.4846275,0.00048828125
intrmotiv/reward/environment_nonzero_fraction,24657920,1790361002.493155,0.00048828125
intrmotiv/reward/environment_nonzero_fraction,24690688,1790361009.2023473,0.0009765625
intrmotiv/reward/environment_nonzero_fraction,24723456,1790361015.8404062,0.0
intrmotiv/reward/environment_nonzero_fraction,24756224,1790361022.3586848,0.001953125
intrmotiv/reward/environment_nonzero_fraction,24805376,1790361032.3963554,0.0009765625
intrmotiv/reward/environment_nonzero_fraction,24854528,1790361042.2892532,0.0
intrmotiv/reward/environment_nonzero_fraction,24903680,1790361052.1471353,0.00048828125
intrmotiv/reward/environment_nonzero_fraction,24952832,1790361061.7272966,0.0
intrmotiv/reward/environment_nonzero_fraction,25001984,1790361071.937605,0.0009765625
intrmotiv/reward/environment_nonzero_fraction,25034752,1790361078.4941072,0.00048828125
intrmotiv/reward/environment_nonzero_fraction,25067520,1790361085.0466247,0.0
intrmotiv/reward/environment_nonzero_fraction,25100288,1790361091.6284044,0.00048828125
intrmotiv/reward/environment_nonzero_fraction,25149440,1790361101.478873,0.0009765625
intrmotiv/reward/environment_nonzero_fraction,25198592,1790361111.3793185,0.00048828125
intrmotiv/reward/environment_nonzero_fraction,25247744,1790361121.2033522,0.0009765625
intrmotiv/reward/environment_nonzero_fraction,25296896,1790361131.005567,0.00048828125
intrmotiv/reward/environment_nonzero_fraction,25329664,1790361137.7931414,0.00048828125
intrmotiv/reward/environment_nonzero_fraction,25362432,1790361144.3410902,0.0009765625
intrmotiv/reward/environment_nonzero_fraction,25411584,1790361154.1554608,0.0009765625
intrmotiv/reward/environment_nonzero_fraction,25460736,1790361163.9953504,0.0
intrmotiv/reward/environment_nonzero_fraction,25493504,1790361170.4643295,0.0
intrmotiv/reward/environment_nonzero_fraction,25526272,1790361176.9648187,0.00146484375
intrmotiv/reward/environment_nonzero_fraction,25559040,1790361183.5426576,0.0009765625
intrmotiv/reward/environment_nonzero_fraction,25608192,1790361193.499254,0.0
intrmotiv/reward/environment_nonzero_fraction,25657344,1790361203.1672964,0.00146484375
intrmotiv/reward/environment_nonzero_fraction,25690112,1790361209.7515905,0.0
intrmotiv/reward/environment_nonzero_fraction,25739264,1790361219.4386878,0.0009765625
intrmotiv/reward/environment_nonzero_fraction,25772032,1790361226.077986,0.00146484375
intrmotiv/reward/environment_nonzero_fraction,25821184,1790361235.8382294,0.00146484375
intrmotiv/reward/environment_nonzero_fraction,25870336,1790361245.627511,0.0009765625
intrmotiv/reward/environment_nonzero_fraction,25919488,1790361255.4375052,0.00048828125
intrmotiv/reward/environment_nonzero_fraction,25968640,1790361265.229788,0.0
intrmotiv/reward/environment_nonzero_fraction,26017792,1790361274.9543526,0.00048828125
intrmotiv/reward/environment_nonzero_fraction,26066944,1790361284.970495,0.0
intrmotiv/reward/environment_nonzero_fraction,26116096,1790361294.865809,0.0
intrmotiv/reward/environment_nonzero_fraction,26148864,1790361301.2867587,0.001953125
intrmotiv/reward/environment_nonzero_fraction,26181632,1790361307.9323711,0.00048828125
intrmotiv/reward/environment_nonzero_fraction,26214400,1790361314.464763,0.0
intrmotiv/reward/environment_nonzero_fraction,26263552,1790361324.3009272,0.0
intrmotiv/reward/environment_nonzero_fraction,26312704,1790361334.215321,0.0
intrmotiv/reward/environment_nonzero_fraction,26345472,1790361340.8072846,0.0
intrmotiv/reward/environment_nonzero_fraction,26378240,1790361347.35837,0.001953125
intrmotiv/reward/environment_nonzero_fraction,26427392,1790361357.1978176,0.00048828125
intrmotiv/reward/environment_nonzero_fraction,26476544,1790361367.0532284,0.0
intrmotiv/reward/environment_nonzero_fraction,26525696,1790361377.0136125,0.0
intrmotiv/reward/environment_nonzero_fraction,26558464,1790361383.5641,0.00048828125
intrmotiv/reward/environment_nonzero_fraction,26591232,1790361389.9918196,0.00048828125
intrmotiv/reward/environment_nonzero_fraction,26624000,1790361396.6364253,0.0
intrmotiv/reward/environment_nonzero_fraction,26656768,1790361403.2631905,0.0
intrmotiv/reward/environment_nonzero_fraction,26689536,1790361409.809493,0.0009765625
intrmotiv/reward/environment_nonzero_fraction,26722304,1790361416.3396254,0.0
intrmotiv/reward/environment_nonzero_fraction,26771456,1790361426.1808977,0.0
intrmotiv/reward/environment_nonzero_fraction,26820608,1790361435.8997629,0.0009765625
intrmotiv/reward/environment_nonzero_fraction,26869760,1790361445.549399,0.0009765625
intrmotiv/reward/environment_nonzero_fraction,26918912,1790361455.3410394,0.0
intrmotiv/reward/environment_nonzero_fraction,26951680,1790361461.7749693,0.0
intrmotiv/reward/environment_nonzero_fraction,26984448,1790361468.078836,0.0
intrmotiv/reward/environment_nonzero_fraction,27017216,1790361474.5580168,0.00048828125
intrmotiv/reward/environment_nonzero_fraction,27049984,1790361481.0530338,0.00048828125
intrmotiv/reward/environment_nonzero_fraction,27082752,1790361487.5350516,0.0009765625
intrmotiv/reward/environment_nonzero_fraction,27115520,1790361493.9744523,0.0
intrmotiv/reward/environment_nonzero_fraction,27148288,1790361500.5843244,0.0
intrmotiv/reward/environment_nonzero_fraction,27197440,1790361510.2356057,0.00048828125
intrmotiv/reward/environment_nonzero_fraction,27246592,1790361520.0832856,0.0
intrmotiv/reward/environment_nonzero_fraction,27295744,1790361529.5918798,0.00048828125
intrmotiv/reward/environment_nonzero_fraction,27328512,1790361536.4855804,0.00048828125
intrmotiv/reward/environment_nonzero_fraction,27377664,1790361546.014703,0.0
intrmotiv/reward/environment_nonzero_fraction,27410432,1790361552.5995035,0.0009765625
intrmotiv/reward/environment_nonzero_fraction,27459584,1790361562.299055,0.0
intrmotiv/reward/environment_nonzero_fraction,27508736,1790361572.0393655,0.0009765625
intrmotiv/reward/environment_nonzero_fraction,27557888,1790361581.7012115,0.0
intrmotiv/reward/environment_nonzero_fraction,27607040,1790361591.3677258,0.0
intrmotiv/reward/environment_nonzero_fraction,27639808,1790361597.786511,0.00048828125
intrmotiv/reward/environment_nonzero_fraction,27688960,1790361607.367793,0.00048828125
intrmotiv/reward/environment_nonzero_fraction,27738112,1790361616.9280124,0.00048828125
intrmotiv/reward/environment_nonzero_fraction,27787264,1790361626.7215893,0.0
intrmotiv/reward/environment_nonzero_fraction,27836416,1790361636.6488988,0.00048828125
intrmotiv/reward/environment_nonzero_fraction,27885568,1790361646.314251,0.00146484375
intrmotiv/reward/environment_nonzero_fraction,27934720,1790361656.0388489,0.00048828125
intrmotiv/reward/environment_nonzero_fraction,27983872,1790361665.8195517,0.0
intrmotiv/reward/environment_nonzero_fraction,28033024,1790361675.6821995,0.0
intrmotiv/reward/environment_nonzero_fraction,28082176,1790361685.5362556,0.0009765625
intrmotiv/reward/environment_nonzero_fraction,28131328,1790361695.2120578,0.0
intrmotiv/reward/environment_nonzero_fraction,28180480,1790361705.0131965,0.0009765625
intrmotiv/reward/environment_nonzero_fraction,28229632,1790361714.861565,0.0009765625
intrmotiv/reward/environment_nonzero_fraction,28262400,1790361721.2909098,0.00048828125
intrmotiv/reward/environment_nonzero_fraction,28311552,1790361730.9313664,0.0
intrmotiv/reward/environment_nonzero_fraction,28344320,1790361737.6426682,0.001953125
intrmotiv/reward/environment_nonzero_fraction,28393472,1790361747.3717253,0.0009765625
intrmotiv/reward/environment_nonzero_fraction,28442624,1790361757.1768057,0.00048828125
intrmotiv/reward/environment_nonzero_fraction,28491776,1790361766.8514655,0.0
intrmotiv/reward/environment_nonzero_fraction,28524544,1790361773.2072654,0.0
intrmotiv/reward/environment_nonzero_fraction,28573696,1790361783.3082075,0.0
intrmotiv/reward/environment_nonzero_fraction,28622848,1790361793.0561297,0.00048828125
intrmotiv/reward/environment_nonzero_fraction,28672000,1790361802.8480902,0.0
intrmotiv/reward/environment_nonzero_fraction,28721152,1790361812.6143577,0.0
intrmotiv/reward/environment_nonzero_fraction,28770304,1790361822.3642857,0.0
intrmotiv/reward/environment_nonzero_fraction,28819456,1790361832.0486891,0.0
intrmotiv/reward/environment_nonzero_fraction,28852224,1790361838.783424,0.00048828125
intrmotiv/reward/environment_nonzero_fraction,28901376,1790361848.4574401,0.00048828125
intrmotiv/reward/environment_nonzero_fraction,28950528,1790361858.1055932,0.0009765625
intrmotiv/reward/environment_nonzero_fraction,28999680,1790361868.0166342,0.0
intrmotiv/reward/environment_nonzero_fraction,29048832,1790361878.1094768,0.0009765625
intrmotiv/reward/environment_nonzero_fraction,29097984,1790361887.8167331,0.00048828125
intrmotiv/reward/environment_nonzero_fraction,29147136,1790361897.7326508,0.0
intrmotiv/reward/environment_nonzero_fraction,29196288,1790361907.396745,0.0009765625
intrmotiv/reward/environment_nonzero_fraction,29245440,1790361917.2442055,0.0009765625
intrmotiv/reward/environment_nonzero_fraction,29278208,1790361923.6902618,0.0
intrmotiv/reward/environment_nonzero_fraction,29327360,1790361933.5582347,0.00048828125
intrmotiv/reward/environment_nonzero_fraction,29376512,1790361943.450398,0.0
intrmotiv/reward/environment_nonzero_fraction,29409280,1790361950.0039635,0.0
intrmotiv/reward/environment_nonzero_fraction,29458432,1790361959.823225,0.0
intrmotiv/reward/environment_nonzero_fraction,29491200,1790361966.429684,0.00146484375
intrmotiv/reward/environment_nonzero_fraction,29540352,1790361976.1741257,0.0009765625
intrmotiv/reward/environment_nonzero_fraction,29589504,1790361986.1783197,0.0
intrmotiv/reward/environment_nonzero_fraction,29622272,1790361992.6915398,0.0
intrmotiv/reward/environment_nonzero_fraction,29655040,1790361999.427099,0.00048828125
intrmotiv/reward/environment_nonzero_fraction,29704192,1790362009.3869348,0.0
intrmotiv/reward/environment_nonzero_fraction,29753344,1790362019.3984616,0.0009765625
intrmotiv/reward/environment_nonzero_fraction,29786112,1790362026.0414941,0.0009765625
intrmotiv/reward/environment_nonzero_fraction,29835264,1790362036.1746821,0.0
intrmotiv/reward/environment_nonzero_fraction,29868032,1790362042.782833,0.00048828125
intrmotiv/reward/environment_nonzero_fraction,29917184,1790362052.6652715,0.0
intrmotiv/reward/environment_nonzero_fraction,29949952,1790362059.4414628,0.0
intrmotiv/reward/environment_nonzero_fraction,29999104,1790362069.424625,0.0
intrmotiv/reward/environment_nonzero_fraction,30048256,1790362079.641304,0.0
intrmotiv/reward/environment_nonzero_fraction,30081024,1790362086.3053892,0.001953125
intrmotiv/reward/environment_nonzero_fraction,30130176,1790362096.492623,0.0
intrmotiv/reward/environment_nonzero_fraction,30179328,1790362106.4883897,0.00048828125
intrmotiv/reward/environment_nonzero_fraction,30228480,1790362116.452556,0.00146484375
intrmotiv/reward/environment_nonzero_fraction,30277632,1790362126.594587,0.0
intrmotiv/reward/environment_nonzero_fraction,30326784,1790362136.5986574,0.00048828125
intrmotiv/reward/environment_nonzero_fraction,30375936,1790362146.574683,0.0
intrmotiv/reward/environment_nonzero_fraction,30408704,1790362153.4746304,0.0
intrmotiv/reward/environment_nonzero_fraction,30457856,1790362163.5126536,0.0
intrmotiv/reward/environment_nonzero_fraction,30507008,1790362173.4709396,0.00048828125
intrmotiv/reward/environment_nonzero_fraction,30539776,1790362180.3084254,0.00048828125
intrmotiv/reward/environment_nonzero_fraction,30588928,1790362190.3265626,0.0
intrmotiv/reward/environment_nonzero_fraction,30621696,1790362197.0076387,0.0
intrmotiv/reward/environment_nonzero_fraction,30670848,1790362207.0189083,0.0
intrmotiv/reward/environment_nonzero_fraction,30720000,1790362217.0512471,0.0
intrmotiv/reward/environment_nonzero_fraction,30769152,1790362227.2287395,0.00048828125
intrmotiv/reward/environment_nonzero_fraction,30818304,1790362237.2571557,0.00048828125
intrmotiv/reward/environment_nonzero_fraction,30867456,1790362247.2126987,0.0
intrmotiv/reward/environment_nonzero_fraction,30900224,1790362253.857838,0.00048828125
intrmotiv/reward/environment_nonzero_fraction,30949376,1790362263.794867,0.00048828125
intrmotiv/reward/environment_nonzero_fraction,30998528,1790362273.562092,0.0
intrmotiv/reward/environment_nonzero_fraction,31047680,1790362283.8460343,0.0
intrmotiv/reward/environment_nonzero_fraction,31096832,1790362293.7017229,0.00048828125
intrmotiv/reward/environment_nonzero_fraction,31145984,1790362303.528451,0.0
intrmotiv/reward/environment_nonzero_fraction,31195136,1790362313.4099634,0.0009765625
intrmotiv/reward/environment_nonzero_fraction,31244288,1790362323.275021,0.00048828125
intrmotiv/reward/environment_nonzero_fraction,31293440,1790362333.188327,0.00048828125
intrmotiv/reward/environment_nonzero_fraction,31342592,1790362343.3326666,0.00048828125
intrmotiv/reward/environment_nonzero_fraction,31375360,1790362350.000254,0.0009765625
intrmotiv/reward/environment_nonzero_fraction,31424512,1790362360.0609138,0.0009765625
intrmotiv/reward/environment_nonzero_fraction,31457280,1790362366.6589692,0.0
intrmotiv/reward/environment_nonzero_fraction,31506432,1790362376.5735176,0.0009765625
intrmotiv/reward/environment_nonzero_fraction,31555584,1790362386.4862847,0.00048828125
intrmotiv/reward/environment_nonzero_fraction,31604736,1790362396.4228997,0.0
intrmotiv/reward/environment_nonzero_fraction,31653888,1790362406.3107188,0.0009765625
intrmotiv/reward/environment_nonzero_fraction,31703040,1790362416.2193084,0.0009765625
intrmotiv/reward/environment_nonzero_fraction,31752192,1790362426.1138315,0.00048828125
intrmotiv/reward/environment_nonzero_fraction,31801344,1790362435.9931006,0.00048828125
intrmotiv/reward/environment_nonzero_fraction,31850496,1790362445.9530234,0.0009765625
intrmotiv/reward/environment_nonzero_fraction,31883264,1790362452.5777526,0.0009765625
intrmotiv/reward/environment_nonzero_fraction,31932416,1790362462.576955,0.0
intrmotiv/reward/environment_nonzero_fraction,31981568,1790362472.6268785,0.00146484375
intrmotiv/reward/environment_nonzero_fraction,32030720,1790362482.832748,0.0009765625
intrmotiv/reward/environment_nonzero_fraction,32063488,1790362489.5901868,0.0009765625
intrmotiv/reward/environment_nonzero_fraction,32096256,1790362496.2336428,0.0
intrmotiv/reward/environment_nonzero_fraction,32129024,1790362502.9774334,0.0009765625
intrmotiv/reward/environment_nonzero_fraction,32161792,1790362509.640055,0.0009765625
intrmotiv/reward/environment_nonzero_fraction,32210944,1790362519.6060276,0.0009765625
intrmotiv/reward/environment_nonzero_fraction,32260096,1790362529.4983826,0.0
intrmotiv/reward/environment_nonzero_fraction,32309248,1790362539.4836092,0.00048828125
intrmotiv/reward/environment_nonzero_fraction,32342016,1790362546.1920795,0.00048828125
intrmotiv/reward/environment_nonzero_fraction,32391168,1790362556.0717294,0.0009765625
intrmotiv/reward/environment_nonzero_fraction,32440320,1790362565.787645,0.00048828125
intrmotiv/reward/environment_nonzero_fraction,32473088,1790362572.5132427,0.00048828125
intrmotiv/reward/environment_nonzero_fraction,32522240,1790362582.3730917,0.0009765625
intrmotiv/reward/environment_nonzero_fraction,32571392,1790362592.1934981,0.00048828125
intrmotiv/reward/environment_nonzero_fraction,32604160,1790362598.6638982,0.00048828125
intrmotiv/reward/environment_nonzero_fraction,32653312,1790362608.6373289,0.00048828125
intrmotiv/reward/environment_nonzero_fraction,32702464,1790362618.47347,0.0009765625
intrmotiv/reward/environment_nonzero_fraction,32751616,1790362628.4965568,0.0009765625
intrmotiv/reward/environment_nonzero_fraction,32784384,1790362634.979146,0.00048828125
intrmotiv/reward/environment_nonzero_fraction,32833536,1790362644.955387,0.00146484375
intrmotiv/reward/environment_nonzero_fraction,32882688,1790362654.8886437,0.0
intrmotiv/reward/environment_nonzero_fraction,32915456,1790362661.4679515,0.00048828125
intrmotiv/reward/environment_nonzero_fraction,32964608,1790362671.3289323,0.00048828125
intrmotiv/reward/environment_nonzero_fraction,33013760,1790362681.4377134,0.00048828125
intrmotiv/reward/environment_nonzero_fraction,33062912,1790362691.3948274,0.0
intrmotiv/reward/environment_nonzero_fraction,33112064,1790362701.2859836,0.00048828125
intrmotiv/reward/environment_nonzero_fraction,33161216,1790362711.2305965,0.00146484375
intrmotiv/reward/environment_nonzero_fraction,33210368,1790362721.1151257,0.0
intrmotiv/reward/environment_nonzero_fraction,33259520,1790362731.0868542,0.0009765625
intrmotiv/reward/environment_nonzero_fraction,33292288,1790362737.6244636,0.0009765625
intrmotiv/reward/environment_nonzero_fraction,33341440,1790362747.6760533,0.00048828125
intrmotiv/reward/environment_nonzero_fraction,33390592,1790362757.7365,0.0009765625
intrmotiv/reward/environment_nonzero_fraction,33439744,1790362767.6734028,0.0
intrmotiv/reward/environment_nonzero_fraction,33488896,1790362777.7223449,0.00048828125
intrmotiv/reward/environment_nonzero_fraction,33521664,1790362784.40783,0.0009765625
intrmotiv/reward/environment_nonzero_fraction,33570816,1790362794.2747412,0.0009765625
intrmotiv/reward/environment_nonzero_fraction,33619968,1790362804.1044326,0.00048828125
intrmotiv/reward/environment_nonzero_fraction,33669120,1790362814.0172372,0.0
intrmotiv/reward/environment_nonzero_fraction,33718272,1790362824.2325523,0.0
intrmotiv/reward/environment_nonzero_fraction,33751040,1790362830.8295312,0.00048828125
intrmotiv/reward/environment_nonzero_fraction,33800192,1790362840.7488906,0.0
intrmotiv/reward/environment_nonzero_fraction,33849344,1790362850.789374,0.00048828125
intrmotiv/reward/environment_nonzero_fraction,33882112,1790362857.309962,0.00048828125
intrmotiv/reward/environment_nonzero_fraction,33931264,1790362867.1172326,0.0
intrmotiv/reward/environment_nonzero_fraction,33980416,1790362877.0249264,0.00048828125
intrmotiv/reward/environment_nonzero_fraction,34029568,1790362887.229212,0.0009765625
intrmotiv/reward/environment_nonzero_fraction,34062336,1790362893.8113134,0.00048828125
intrmotiv/reward/environment_nonzero_fraction,34095104,1790362900.2923489,0.0
intrmotiv/reward/environment_nonzero_fraction,34127872,1790362906.9032307,0.0009765625
intrmotiv/reward/environment_nonzero_fraction,34177024,1790362916.7717922,0.00048828125
intrmotiv/reward/environment_nonzero_fraction,34226176,1790362926.397229,0.0
intrmotiv/reward/environment_nonzero_fraction,34275328,1790362936.33308,0.001953125
intrmotiv/reward/environment_nonzero_fraction,34324480,1790362946.1991148,0.0
intrmotiv/reward/environment_nonzero_fraction,34373632,1790362955.9461844,0.0
intrmotiv/reward/environment_nonzero_fraction,34406400,1790362962.6008048,0.00146484375
intrmotiv/reward/environment_nonzero_fraction,34455552,1790362972.339947,0.00048828125
intrmotiv/reward/environment_nonzero_fraction,34504704,1790362982.1163492,0.00048828125
intrmotiv/reward/environment_nonzero_fraction,34537472,1790362988.5999386,0.00048828125
intrmotiv/reward/environment_nonzero_fraction,34586624,1790362998.4843266,0.0009765625
intrmotiv/reward/environment_nonzero_fraction,34635776,1790363008.09307,0.00048828125
intrmotiv/reward/environment_nonzero_fraction,34684928,1790363018.0702944,0.0009765625
intrmotiv/reward/environment_nonzero_fraction,34734080,1790363027.7308724,0.0
intrmotiv/reward/environment_nonzero_fraction,34766848,1790363034.4402819,0.0009765625
intrmotiv/reward/environment_nonzero_fraction,34816000,1790363044.1974287,0.00146484375
intrmotiv/reward/environment_nonzero_fraction,34865152,1790363054.0894263,0.0009765625
intrmotiv/reward/environment_nonzero_fraction,34914304,1790363063.9417236,0.001953125
intrmotiv/reward/environment_nonzero_fraction,34963456,1790363073.7930238,0.00048828125
intrmotiv/reward/environment_nonzero_fraction,34996224,1790363080.1810083,0.00048828125
intrmotiv/reward/environment_nonzero_fraction,35045376,1790363090.3820548,0.00048828125
intrmotiv/reward/environment_nonzero_fraction,35094528,1790363100.1209266,0.0009765625
intrmotiv/reward/environment_nonzero_fraction,35127296,1790363106.6428473,0.0009765625
intrmotiv/reward/environment_nonzero_fraction,35160064,1790363113.1306462,0.00048828125
intrmotiv/reward/environment_nonzero_fraction,35192832,1790363119.7652612,0.00048828125
intrmotiv/reward/environment_nonzero_fraction,35241984,1790363129.5180423,0.001953125
intrmotiv/reward/environment_nonzero_fraction,35291136,1790363139.3510864,0.00048828125
intrmotiv/reward/environment_nonzero_fraction,35340288,1790363149.0803814,0.0
intrmotiv/reward/environment_nonzero_fraction,35389440,1790363158.837411,0.0
intrmotiv/reward/environment_nonzero_fraction,35422208,1790363165.5259125,0.00048828125
intrmotiv/reward/environment_nonzero_fraction,35471360,1790363175.3597105,0.0
intrmotiv/reward/environment_nonzero_fraction,35520512,1790363185.0490189,0.00048828125
intrmotiv/reward/environment_nonzero_fraction,35569664,1790363194.7915196,0.0009765625
intrmotiv/reward/environment_nonzero_fraction,35602432,1790363201.4434154,0.00048828125
intrmotiv/reward/environment_nonzero_fraction,35651584,1790363211.1501424,0.00048828125
intrmotiv/reward/environment_nonzero_fraction,35684352,1790363217.7355769,0.00048828125
intrmotiv/reward/environment_nonzero_fraction,35733504,1790363227.4933374,0.0
intrmotiv/reward/environment_nonzero_fraction,35782656,1790363237.1775815,0.0009765625
intrmotiv/reward/environment_nonzero_fraction,35831808,1790363247.1375701,0.0
intrmotiv/reward/environment_nonzero_fraction,35864576,1790363253.7727566,0.0009765625
intrmotiv/reward/environment_nonzero_fraction,35897344,1790363260.3533533,0.00048828125
intrmotiv/reward/environment_nonzero_fraction,35946496,1790363270.2191195,0.0
intrmotiv/reward/environment_nonzero_fraction,35995648,1790363279.9941154,0.0
intrmotiv/reward/environment_nonzero_fraction,36044800,1790363290.0010338,0.0009765625
intrmotiv/reward/environment_nonzero_fraction,36077568,1790363296.5900264,0.0
intrmotiv/reward/environment_nonzero_fraction,36110336,1790363303.1125922,0.0
intrmotiv/reward/environment_nonzero_fraction,36143104,1790363309.6574962,0.0009765625
intrmotiv/reward/environment_nonzero_fraction,36192256,1790363319.4280143,0.0009765625
intrmotiv/reward/environment_nonzero_fraction,36241408,1790363329.1411886,0.00048828125
intrmotiv/reward/environment_nonzero_fraction,36274176,1790363335.6928062,0.00048828125
intrmotiv/reward/environment_nonzero_fraction,36306944,1790363342.3687983,0.00048828125
intrmotiv/reward/environment_nonzero_fraction,36356096,1790363352.1506777,0.00048828125
intrmotiv/reward/environment_nonzero_fraction,36388864,1790363358.7066486,0.00048828125
intrmotiv/reward/environment_nonzero_fraction,36438016,1790363368.3509767,0.0009765625
intrmotiv/reward/environment_nonzero_fraction,36487168,1790363378.1913104,0.00146484375
intrmotiv/reward/environment_nonzero_fraction,36536320,1790363387.9795096,0.0
intrmotiv/reward/environment_nonzero_fraction,36569088,1790363394.4927027,0.0
intrmotiv/reward/environment_nonzero_fraction,36618240,1790363404.2390468,0.0009765625
intrmotiv/reward/environment_nonzero_fraction,36651008,1790363410.7972698,0.0
intrmotiv/reward/environment_nonzero_fraction,36683776,1790363417.4073668,0.0009765625
intrmotiv/reward/environment_nonzero_fraction,36732928,1790363427.1409748,0.00048828125
intrmotiv/reward/environment_nonzero_fraction,36765696,1790363433.627427,0.0
intrmotiv/reward/environment_nonzero_fraction,36798464,1790363440.1976984,0.00048828125
intrmotiv/reward/environment_nonzero_fraction,36847616,1790363450.246623,0.0009765625
intrmotiv/reward/environment_nonzero_fraction,36896768,1790363459.8019736,0.00048828125
intrmotiv/reward/environment_nonzero_fraction,36929536,1790363466.4654605,0.0
intrmotiv/reward/environment_nonzero_fraction,36978688,1790363476.3287122,0.0
intrmotiv/reward/environment_nonzero_fraction,37011456,1790363483.0559087,0.00048828125
intrmotiv/reward/environment_nonzero_fraction,37060608,1790363492.7064211,0.00146484375
intrmotiv/reward/environment_nonzero_fraction,37109760,1790363502.6540556,0.00048828125
intrmotiv/reward/environment_nonzero_fraction,37158912,1790363512.371908,0.0009765625
intrmotiv/reward/environment_nonzero_fraction,37208064,1790363522.0114086,0.00048828125
intrmotiv/reward/environment_nonzero_fraction,37240832,1790363528.7066805,0.0009765625
intrmotiv/reward/environment_nonzero_fraction,37289984,1790363538.4441652,0.0
intrmotiv/reward/environment_nonzero_fraction,37339136,1790363548.2914896,0.0009765625
intrmotiv/reward/environment_nonzero_fraction,37388288,1790363558.0912063,0.00048828125
intrmotiv/reward/environment_nonzero_fraction,37437440,1790363568.027689,0.0029296875
intrmotiv/reward/environment_nonzero_fraction,37486592,1790363577.8022847,0.0
intrmotiv/reward/environment_nonzero_fraction,37519360,1790363584.2246335,0.00048828125
intrmotiv/reward/environment_nonzero_fraction,37568512,1790363594.033096,0.0
intrmotiv/reward/environment_nonzero_fraction,37617664,1790363603.6490977,0.0009765625
intrmotiv/reward/environment_nonzero_fraction,37666816,1790363613.7836761,0.00048828125
intrmotiv/reward/environment_nonzero_fraction,37715968,1790363623.3265758,0.0
intrmotiv/reward/environment_nonzero_fraction,37748736,1790363630.072454,0.0
intrmotiv/reward/environment_nonzero_fraction,37797888,1790363640.0096157,0.0009765625
intrmotiv/reward/environment_nonzero_fraction,37847040,1790363649.81322,0.0009765625
intrmotiv/reward/environment_nonzero_fraction,37879808,1790363656.3391857,0.0009765625
intrmotiv/reward/environment_nonzero_fraction,37928960,1790363666.284519,0.00146484375
intrmotiv/reward/environment_nonzero_fraction,37978112,1790363675.9481387,0.00048828125
intrmotiv/reward/environment_nonzero_fraction,38027264,1790363686.0308375,0.0009765625
intrmotiv/reward/environment_nonzero_fraction,38076416,1790363695.6522124,0.0009765625
intrmotiv/reward/environment_nonzero_fraction,38125568,1790363705.425962,0.00048828125
intrmotiv/reward/environment_nonzero_fraction,38158336,1790363711.7969031,0.0
intrmotiv/reward/environment_nonzero_fraction,38207488,1790363722.0010796,0.0
intrmotiv/reward/environment_nonzero_fraction,38256640,1790363731.7484732,0.0
intrmotiv/reward/environment_nonzero_fraction,38305792,1790363741.7593899,0.00048828125
intrmotiv/reward/environment_nonzero_fraction,38338560,1790363748.3481858,0.00048828125
intrmotiv/reward/environment_nonzero_fraction,38371328,1790363754.9263868,0.0
intrmotiv/reward/environment_nonzero_fraction,38420480,1790363764.7476044,0.00048828125
intrmotiv/reward/environment_nonzero_fraction,38469632,1790363774.650571,0.0
intrmotiv/reward/environment_nonzero_fraction,38518784,1790363784.5583456,0.00048828125
intrmotiv/reward/environment_nonzero_fraction,38567936,1790363794.438624,0.0009765625
intrmotiv/reward/environment_nonzero_fraction,38617088,1790363804.3799849,0.00048828125
intrmotiv/reward/environment_nonzero_fraction,38666240,1790363814.3743222,0.00048828125
intrmotiv/reward/environment_nonzero_fraction,38699008,1790363821.1433764,0.00146484375
intrmotiv/reward/environment_nonzero_fraction,38731776,1790363827.8294969,0.00048828125
intrmotiv/reward/environment_nonzero_fraction,38780928,1790363837.8407595,0.0
intrmotiv/reward/environment_nonzero_fraction,38813696,1790363844.5830493,0.0
intrmotiv/reward/environment_nonzero_fraction,38862848,1790363854.651424,0.0
intrmotiv/reward/environment_nonzero_fraction,38912000,1790363864.7412012,0.0
intrmotiv/reward/environment_nonzero_fraction,38961152,1790363874.7191164,0.0
intrmotiv/reward/environment_nonzero_fraction,38993920,1790363881.5850377,0.0009765625
intrmotiv/reward/environment_nonzero_fraction,39043072,1790363891.99674,0.00146484375
intrmotiv/reward/environment_nonzero_fraction,39092224,1790363902.0025249,0.00048828125
intrmotiv/reward/environment_nonzero_fraction,39124992,1790363908.769098,0.0
intrmotiv/reward/environment_nonzero_fraction,39174144,1790363918.919193,0.0009765625
intrmotiv/reward/environment_nonzero_fraction,39206912,1790363925.619766,0.0
intrmotiv/reward/environment_nonzero_fraction,39256064,1790363935.501388,0.00048828125
intrmotiv/reward/environment_nonzero_fraction,39288832,1790363942.364605,0.0009765625
intrmotiv/reward/environment_nonzero_fraction,39337984,1790363952.515624,0.0009765625
intrmotiv/reward/environment_nonzero_fraction,39387136,1790363962.6079943,0.0
intrmotiv/reward/environment_nonzero_fraction,39436288,1790363972.6543458,0.00048828125
intrmotiv/reward/environment_nonzero_fraction,39469056,1790363979.3368962,0.0
intrmotiv/reward/environment_nonzero_fraction,39501824,1790363986.1649559,0.0
intrmotiv/reward/environment_nonzero_fraction,39550976,1790363995.7964444,0.0
intrmotiv/reward/environment_nonzero_fraction,39583744,1790364002.425543,0.0
intrmotiv/reward/environment_nonzero_fraction,39632896,1790364012.459096,0.00048828125
intrmotiv/reward/environment_nonzero_fraction,39665664,1790364018.981274,0.0
intrmotiv/reward/environment_nonzero_fraction,39714816,1790364028.8885756,0.00048828125
intrmotiv/reward/environment_nonzero_fraction,39763968,1790364038.7219856,0.0
intrmotiv/reward/environment_nonzero_fraction,39813120,1790364048.7545505,0.0
intrmotiv/reward/environment_nonzero_fraction,39862272,1790364058.7775085,0.0
intrmotiv/reward/environment_nonzero_fraction,39911424,1790364068.6702561,0.0
intrmotiv/reward/environment_nonzero_fraction,39944192,1790364075.2882056,0.00146484375
intrmotiv/reward/environment_nonzero_fraction,39993344,1790364085.2647488,0.00048828125
intrmotiv/reward/environment_nonzero_fraction,40026112,1790364092.151769,0.00048828125
intrmotiv/reward/environment_nonzero_fraction,40075264,1790364102.1042917,0.0009765625
intrmotiv/reward/environment_nonzero_fraction,40124416,1790364111.990688,0.0009765625
intrmotiv/reward/environment_nonzero_fraction,40173568,1790364121.841248,0.0009765625
intrmotiv/reward/environment_nonzero_fraction,40222720,1790364131.6875904,0.0
intrmotiv/reward/environment_nonzero_fraction,40271872,1790364141.888019,0.00048828125
intrmotiv/reward/environment_nonzero_fraction,40304640,1790364148.4668384,0.0009765625
intrmotiv/reward/environment_nonzero_fraction,40353792,1790364158.280594,0.00048828125
intrmotiv/reward/environment_nonzero_fraction,40402944,1790364168.2362094,0.00048828125
intrmotiv/reward/environment_nonzero_fraction,40452096,1790364178.1444654,0.0
intrmotiv/reward/environment_nonzero_fraction,40484864,1790364184.7554383,0.00048828125
intrmotiv/reward/environment_nonzero_fraction,40534016,1790364194.6200655,0.00146484375
intrmotiv/reward/environment_nonzero_fraction,40566784,1790364201.2527754,0.00048828125
intrmotiv/reward/environment_nonzero_fraction,40599552,1790364207.9264977,0.0
intrmotiv/reward/environment_nonzero_fraction,40632320,1790364214.48927,0.0
intrmotiv/reward/environment_nonzero_fraction,40681472,1790364224.4442627,0.0009765625
intrmotiv/reward/environment_nonzero_fraction,40730624,1790364234.3191612,0.00048828125
intrmotiv/reward/environment_nonzero_fraction,40763392,1790364240.7968242,0.00048828125
intrmotiv/reward/environment_nonzero_fraction,40812544,1790364250.4743326,0.00244140625
intrmotiv/reward/environment_nonzero_fraction,40861696,1790364260.0816941,0.00048828125
intrmotiv/reward/environment_nonzero_fraction,40910848,1790364269.925965,0.00048828125
intrmotiv/reward/environment_nonzero_fraction,40960000,1790364279.8627596,0.0009765625
intrmotiv/reward/environment_nonzero_fraction,41009152,1790364290.0143,0.0
intrmotiv/reward/environment_nonzero_fraction,41058304,1790364299.69967,0.00048828125
intrmotiv/reward/environment_nonzero_fraction,41091072,1790364306.198488,0.0
intrmotiv/reward/environment_nonzero_fraction,41140224,1790364315.9298387,0.00048828125
intrmotiv/reward/environment_nonzero_fraction,41189376,1790364325.8298988,0.00048828125
intrmotiv/reward/environment_nonzero_fraction,41238528,1790364335.515761,0.001953125
intrmotiv/reward/environment_nonzero_fraction,41287680,1790364345.1425524,0.00146484375
intrmotiv/reward/environment_nonzero_fraction,41336832,1790364355.0286424,0.00146484375
intrmotiv/reward/environment_nonzero_fraction,41385984,1790364364.7256753,0.00048828125
intrmotiv/reward/environment_nonzero_fraction,41435136,1790364374.7056546,0.0
intrmotiv/reward/environment_nonzero_fraction,41484288,1790364384.5924172,0.0009765625
intrmotiv/reward/environment_nonzero_fraction,41533440,1790364394.2104855,0.00048828125
intrmotiv/reward/environment_nonzero_fraction,41582592,1790364404.0688233,0.00048828125
intrmotiv/reward/environment_nonzero_fraction,41631744,1790364413.7807617,0.0
intrmotiv/reward/environment_nonzero_fraction,41680896,1790364423.650245,0.0
intrmotiv/reward/environment_nonzero_fraction,41730048,1790364433.4511528,0.00048828125
intrmotiv/reward/environment_nonzero_fraction,41779200,1790364443.2509568,0.00048828125
intrmotiv/reward/environment_nonzero_fraction,41828352,1790364452.980394,0.001953125
intrmotiv/reward/environment_nonzero_fraction,41877504,1790364462.8248725,0.0009765625
intrmotiv/reward/environment_nonzero_fraction,41926656,1790364472.6016896,0.00146484375
intrmotiv/reward/environment_nonzero_fraction,41959424,1790364479.2588446,0.00048828125
intrmotiv/reward/environment_nonzero_fraction,42008576,1790364489.3055966,0.0009765625
intrmotiv/reward/environment_nonzero_fraction,42057728,1790364499.2230341,0.00048828125
intrmotiv/reward/environment_nonzero_fraction,42106880,1790364509.0016677,0.00048828125
intrmotiv/reward/environment_nonzero_fraction,42156032,1790364518.945195,0.0
intrmotiv/reward/environment_nonzero_fraction,42205184,1790364528.639264,0.0
intrmotiv/reward/environment_nonzero_fraction,42254336,1790364538.3890698,0.0009765625
intrmotiv/reward/environment_nonzero_fraction,42303488,1790364548.2521648,0.0
intrmotiv/reward/environment_nonzero_fraction,42352640,1790364558.0280223,0.00048828125
intrmotiv/reward/environment_nonzero_fraction,42385408,1790364564.5011308,0.00048828125
intrmotiv/reward/environment_nonzero_fraction,42434560,1790364574.3060699,0.0009765625
intrmotiv/reward/environment_nonzero_fraction,42483712,1790364584.1187916,0.00048828125
intrmotiv/reward/environment_nonzero_fraction,42532864,1790364593.7240043,0.0009765625
intrmotiv/reward/environment_nonzero_fraction,42582016,1790364603.648947,0.0
intrmotiv/reward/environment_nonzero_fraction,42631168,1790364613.4401283,0.0
intrmotiv/reward/environment_nonzero_fraction,42680320,1790364623.1607654,0.0009765625
intrmotiv/reward/environment_nonzero_fraction,42729472,1790364633.0616946,0.0009765625
intrmotiv/reward/environment_nonzero_fraction,42778624,1790364642.5648525,0.0
intrmotiv/reward/environment_nonzero_fraction,42827776,1790364652.3323228,0.00048828125
intrmotiv/reward/environment_nonzero_fraction,42860544,1790364658.7171135,0.0
intrmotiv/reward/environment_nonzero_fraction,42909696,1790364668.4275434,0.00048828125
intrmotiv/reward/environment_nonzero_fraction,42942464,1790364675.0705953,0.0009765625
intrmotiv/reward/environment_nonzero_fraction,42991616,1790364684.839939,0.00048828125
intrmotiv/reward/environment_nonzero_fraction,43024384,1790364691.7896461,0.0009765625
intrmotiv/reward/environment_nonzero_fraction,43073536,1790364701.5772412,0.00048828125
intrmotiv/reward/environment_nonzero_fraction,43122688,1790364711.2203963,0.0
intrmotiv/reward/environment_nonzero_fraction,43171840,1790364721.1167316,0.0009765625
intrmotiv/reward/environment_nonzero_fraction,43220992,1790364730.6356938,0.00048828125
intrmotiv/reward/environment_nonzero_fraction,43270144,1790364740.264574,0.00048828125
intrmotiv/reward/environment_nonzero_fraction,43319296,1790364749.8136206,0.00146484375
intrmotiv/reward/environment_nonzero_fraction,43368448,1790364759.8480053,0.0009765625
intrmotiv/reward/environment_nonzero_fraction,43417600,1790364769.6865344,0.0
intrmotiv/reward/environment_nonzero_fraction,43466752,1790364779.3963032,0.0009765625
intrmotiv/reward/environment_nonzero_fraction,43515904,1790364789.1750813,0.00048828125
intrmotiv/reward/environment_nonzero_fraction,43565056,1790364798.8911169,0.00146484375
intrmotiv/reward/environment_nonzero_fraction,43614208,1790364808.962556,0.0
intrmotiv/reward/environment_nonzero_fraction,43663360,1790364818.8295183,0.00048828125
intrmotiv/reward/environment_nonzero_fraction,43696128,1790364825.3636389,0.0
intrmotiv/reward/environment_nonzero_fraction,43745280,1790364835.102457,0.0009765625
intrmotiv/reward/environment_nonzero_fraction,43794432,1790364844.8789766,0.00048828125
intrmotiv/reward/environment_nonzero_fraction,43843584,1790364854.6337142,0.0009765625
intrmotiv/reward/environment_nonzero_fraction,43892736,1790364864.2247775,0.0
intrmotiv/reward/environment_nonzero_fraction,43941888,1790364874.1370013,0.00048828125
intrmotiv/reward/environment_nonzero_fraction,43991040,1790364883.7535427,0.00048828125
intrmotiv/reward/environment_nonzero_fraction,44040192,1790364893.8494246,0.00048828125
intrmotiv/reward/environment_nonzero_fraction,44089344,1790364903.6421566,0.00048828125
intrmotiv/reward/environment_nonzero_fraction,44138496,1790364913.6240788,0.00048828125
intrmotiv/reward/environment_nonzero_fraction,44187648,1790364923.203242,0.001953125
intrmotiv/reward/environment_nonzero_fraction,44236800,1790364933.1996317,0.0009765625
intrmotiv/reward/environment_nonzero_fraction,44285952,1790364943.1106968,0.0
intrmotiv/reward/environment_nonzero_fraction,44335104,1790364952.7980013,0.00048828125
intrmotiv/reward/environment_nonzero_fraction,44384256,1790364962.8955169,0.0
intrmotiv/reward/environment_nonzero_fraction,44433408,1790364972.751747,0.0
intrmotiv/reward/environment_nonzero_fraction,44482560,1790364982.63359,0.00048828125
intrmotiv/reward/environment_nonzero_fraction,44531712,1790364992.3609269,0.00048828125
intrmotiv/reward/environment_nonzero_fraction,44580864,1790365002.1687531,0.00048828125
intrmotiv/reward/environment_nonzero_fraction,44630016,1790365012.1313193,0.00048828125
intrmotiv/reward/environment_nonzero_fraction,44679168,1790365022.098057,0.00048828125
intrmotiv/reward/environment_nonzero_fraction,44728320,1790365031.9166183,0.00048828125
intrmotiv/reward/environment_nonzero_fraction,44777472,1790365041.8007967,0.0009765625
intrmotiv/reward/environment_nonzero_fraction,44826624,1790365051.798444,0.0
intrmotiv/reward/environment_nonzero_fraction,44875776,1790365061.5666158,0.00048828125
intrmotiv/reward/environment_nonzero_fraction,44924928,1790365071.3731537,0.00048828125
intrmotiv/reward/environment_nonzero_fraction,44974080,1790365081.2748008,0.00048828125
intrmotiv/reward/environment_nonzero_fraction,45006848,1790365088.140036,0.0
intrmotiv/reward/environment_nonzero_fraction,45039616,1790365094.7296886,0.0009765625
intrmotiv/reward/environment_nonzero_fraction,45088768,1790365104.5600646,0.0
intrmotiv/reward/environment_nonzero_fraction,45137920,1790365114.2492757,0.00048828125
intrmotiv/reward/environment_nonzero_fraction,45187072,1790365124.2979712,0.0
intrmotiv/reward/environment_nonzero_fraction,45236224,1790365134.1606593,0.0009765625
intrmotiv/reward/environment_nonzero_fraction,45285376,1790365144.046626,0.0
intrmotiv/reward/environment_nonzero_fraction,45334528,1790365153.8809428,0.00048828125
intrmotiv/reward/environment_nonzero_fraction,45383680,1790365163.7295258,0.00048828125
intrmotiv/reward/environment_nonzero_fraction,45432832,1790365173.5602546,0.0
intrmotiv/reward/environment_nonzero_fraction,45481984,1790365183.3905208,0.00048828125
intrmotiv/reward/environment_nonzero_fraction,45531136,1790365193.2138798,0.0
intrmotiv/reward/environment_nonzero_fraction,45580288,1790365203.0742345,0.001953125
intrmotiv/reward/environment_nonzero_fraction,45629440,1790365212.9465244,0.00048828125
intrmotiv/reward/environment_nonzero_fraction,45678592,1790365222.6854806,0.0
intrmotiv/reward/environment_nonzero_fraction,45727744,1790365232.3305387,0.0
intrmotiv/reward/environment_nonzero_fraction,45776896,1790365242.0526192,0.00146484375
intrmotiv/reward/environment_nonzero_fraction,45826048,1790365251.8735662,0.0
intrmotiv/reward/environment_nonzero_fraction,45875200,1790365261.7320466,0.00048828125
intrmotiv/reward/environment_nonzero_fraction,45924352,1790365271.433791,0.0
intrmotiv/reward/environment_nonzero_fraction,45973504,1790365281.171818,0.00048828125
intrmotiv/reward/environment_nonzero_fraction,46022656,1790365291.1143618,0.00048828125
intrmotiv/reward/environment_nonzero_fraction,46071808,1790365301.171739,0.00048828125
intrmotiv/reward/environment_nonzero_fraction,46120960,1790365310.7843328,0.0
intrmotiv/reward/environment_nonzero_fraction,46170112,1790365320.3612487,0.00048828125
intrmotiv/reward/environment_nonzero_fraction,46219264,1790365330.020907,0.0
intrmotiv/reward/environment_nonzero_fraction,46268416,1790365339.699383,0.00048828125
intrmotiv/reward/environment_nonzero_fraction,46317568,1790365349.468199,0.00146484375
intrmotiv/reward/environment_nonzero_fraction,46366720,1790365359.0612462,0.0
intrmotiv/reward/environment_nonzero_fraction,46415872,1790365368.842924,0.0
intrmotiv/reward/environment_nonzero_fraction,46465024,1790365378.5931199,0.00048828125
intrmotiv/reward/environment_nonzero_fraction,46514176,1790365388.3643355,0.001953125
intrmotiv/reward/environment_nonzero_fraction,46563328,1790365397.989184,0.0
intrmotiv/reward/environment_nonzero_fraction,46612480,1790365407.6723626,0.0009765625
intrmotiv/reward/environment_nonzero_fraction,46661632,1790365417.0658932,0.0
intrmotiv/reward/environment_nonzero_fraction,46710784,1790365426.7973812,0.0009765625
intrmotiv/reward/environment_nonzero_fraction,46759936,1790365436.404551,0.00048828125
intrmotiv/reward/environment_nonzero_fraction,46809088,1790365446.2228093,0.00048828125
intrmotiv/reward/environment_nonzero_fraction,46858240,1790365455.7768447,0.00048828125
intrmotiv/reward/environment_nonzero_fraction,46907392,1790365465.2564995,0.0
intrmotiv/reward/environment_nonzero_fraction,46956544,1790365475.0161352,0.0009765625
intrmotiv/reward/environment_nonzero_fraction,47005696,1790365485.1211438,0.0
intrmotiv/reward/environment_nonzero_fraction,47054848,1790365495.0516753,0.0009765625
intrmotiv/reward/environment_nonzero_fraction,47104000,1790365504.8406138,0.00048828125
intrmotiv/reward/environment_nonzero_fraction,47153152,1790365514.526942,0.00048828125
intrmotiv/reward/environment_nonzero_fraction,47202304,1790365524.4310107,0.0009765625
intrmotiv/reward/environment_nonzero_fraction,47251456,1790365534.1636605,0.00048828125
intrmotiv/reward/environment_nonzero_fraction,47300608,1790365544.051022,0.0
intrmotiv/reward/environment_nonzero_fraction,47349760,1790365553.867495,0.00146484375
intrmotiv/reward/environment_nonzero_fraction,47398912,1790365563.711761,0.00048828125
intrmotiv/reward/environment_nonzero_fraction,47448064,1790365573.3633878,0.00048828125
intrmotiv/reward/environment_nonzero_fraction,47497216,1790365583.0936372,0.00048828125
intrmotiv/reward/environment_nonzero_fraction,47546368,1790365593.1225648,0.0009765625
intrmotiv/reward/environment_nonzero_fraction,47595520,1790365602.89171,0.0
intrmotiv/reward/environment_nonzero_fraction,47644672,1790365612.773198,0.0
intrmotiv/reward/environment_nonzero_fraction,47693824,1790365622.6864533,0.0009765625
intrmotiv/reward/environment_nonzero_fraction,47742976,1790365632.5264206,0.0
intrmotiv/reward/environment_nonzero_fraction,47792128,1790365642.5596383,0.00048828125
intrmotiv/reward/environment_nonzero_fraction,47841280,1790365652.5311947,0.00048828125
intrmotiv/reward/environment_nonzero_fraction,47890432,1790365662.2394087,0.0009765625
intrmotiv/reward/environment_nonzero_fraction,47939584,1790365672.237893,0.0
intrmotiv/reward/environment_nonzero_fraction,47988736,1790365682.262438,0.0
intrmotiv/reward/environment_nonzero_fraction,48037888,1790365692.288758,0.0
intrmotiv/reward/environment_nonzero_fraction,48087040,1790365702.2071652,0.00048828125
intrmotiv/reward/environment_nonzero_fraction,48136192,1790365711.9435081,0.00048828125
intrmotiv/reward/environment_nonzero_fraction,48185344,1790365721.8594244,0.00048828125
intrmotiv/reward/environment_nonzero_fraction,48234496,1790365731.7178137,0.00048828125
intrmotiv/reward/environment_nonzero_fraction,48283648,1790365741.7384772,0.00048828125
intrmotiv/reward/environment_nonzero_fraction,48332800,1790365751.6520615,0.00048828125
intrmotiv/reward/environment_nonzero_fraction,48381952,1790365761.56559,0.0
intrmotiv/reward/environment_nonzero_fraction,48431104,1790365771.34189,0.0
intrmotiv/reward/environment_nonzero_fraction,48480256,1790365781.2136085,0.0009765625
intrmotiv/reward/environment_nonzero_fraction,48529408,1790365790.9381742,0.0
intrmotiv/reward/environment_nonzero_fraction,48578560,1790365800.7326686,0.0
intrmotiv/reward/environment_nonzero_fraction,48627712,1790365810.6729717,0.00146484375
intrmotiv/reward/environment_nonzero_fraction,48676864,1790365820.4436681,0.0009765625
intrmotiv/reward/environment_nonzero_fraction,48726016,1790365830.2694833,0.0
intrmotiv/reward/environment_nonzero_fraction,48775168,1790365840.1451948,0.00048828125
intrmotiv/reward/environment_nonzero_fraction,48824320,1790365850.1162674,0.00048828125
intrmotiv/reward/environment_nonzero_fraction,48873472,1790365859.937861,0.00048828125
intrmotiv/reward/environment_nonzero_fraction,48922624,1790365869.9830353,0.0009765625
intrmotiv/reward/environment_nonzero_fraction,48971776,1790365879.6336458,0.0
intrmotiv/reward/environment_nonzero_fraction,49020928,1790365889.8596659,0.00048828125
intrmotiv/reward/environment_nonzero_fraction,49070080,1790365899.7522733,0.001953125
intrmotiv/reward/environment_nonzero_fraction,49119232,1790365909.5881822,0.0009765625
intrmotiv/reward/environment_nonzero_fraction,49168384,1790365919.2583032,0.0009765625
intrmotiv/reward/environment_nonzero_fraction,49217536,1790365929.266602,0.00048828125
intrmotiv/reward/environment_nonzero_fraction,49266688,1790365939.0404887,0.00048828125
intrmotiv/reward/environment_nonzero_fraction,49315840,1790365948.8935366,0.00146484375
intrmotiv/reward/environment_nonzero_fraction,49364992,1790365958.7042494,0.00048828125
intrmotiv/reward/environment_nonzero_fraction,49414144,1790365968.6787927,0.00146484375
intrmotiv/reward/environment_nonzero_fraction,49463296,1790365978.4422336,0.0009765625
intrmotiv/reward/environment_nonzero_fraction,49512448,1790365988.1581004,0.0
intrmotiv/reward/environment_nonzero_fraction,49561600,1790365998.1401534,0.0
intrmotiv/reward/environment_nonzero_fraction,49610752,1790366007.986663,0.00244140625
intrmotiv/reward/environment_nonzero_fraction,49659904,1790366017.8148146,0.00048828125
intrmotiv/reward/environment_nonzero_fraction,49709056,1790366027.5824718,0.00048828125
intrmotiv/reward/environment_nonzero_fraction,49758208,1790366037.5472004,0.0009765625
intrmotiv/reward/environment_nonzero_fraction,49807360,1790366047.3996508,0.0009765625
intrmotiv/reward/environment_nonzero_fraction,49856512,1790366057.4851515,0.00146484375
intrmotiv/reward/environment_nonzero_fraction,49905664,1790366067.26169,0.001953125
intrmotiv/reward/environment_nonzero_fraction,49954816,1790366077.107949,0.0
intrmotiv/reward/environment_nonzero_fraction,50003968,1790366088.3743532,0.00146484375
intrmotiv/reward/environment_nonzero_fraction,50053120,1790366098.2311451,0.00048828125
intrmotiv/reward/environment_nonzero_fraction,50102272,1790366108.1346788,0.00048828125
intrmotiv/reward/environment_nonzero_fraction,50151424,1790366117.91017,0.0009765625
intrmotiv/reward/environment_nonzero_fraction,50200576,1790366127.671453,0.0
intrmotiv/reward/environment_nonzero_fraction,50249728,1790366137.5803456,0.00048828125
intrmotiv/reward/environment_nonzero_fraction,50298880,1790366147.5510366,0.00048828125
intrmotiv/reward/environment_nonzero_fraction,50348032,1790366157.3112552,0.0
intrmotiv/reward/environment_nonzero_fraction,50397184,1790366167.1361895,0.0009765625
intrmotiv/reward/environment_nonzero_fraction,50446336,1790366177.0858665,0.00146484375
intrmotiv/reward/environment_nonzero_fraction,50495488,1790366187.0808556,0.00048828125
intrmotiv/reward/environment_nonzero_fraction,50544640,1790366196.889599,0.00048828125
intrmotiv/reward/environment_nonzero_fraction,50593792,1790366206.6634378,0.0
intrmotiv/reward/environment_nonzero_fraction,50642944,1790366216.5967278,0.0009765625
intrmotiv/reward/environment_nonzero_fraction,50692096,1790366226.6342134,0.0
intrmotiv/reward/environment_nonzero_fraction,50741248,1790366236.4192698,0.0009765625
intrmotiv/reward/environment_nonzero_fraction,50790400,1790366246.490703,0.00048828125
intrmotiv/reward/environment_nonzero_fraction,50839552,1790366256.3532681,0.00048828125
intrmotiv/reward/environment_nonzero_fraction,50888704,1790366266.2898316,0.00048828125
intrmotiv/reward/environment_nonzero_fraction,50937856,1790366276.0317352,0.0
intrmotiv/reward/environment_nonzero_fraction,50987008,1790366286.051018,0.00048828125
intrmotiv/reward/environment_nonzero_fraction,51036160,1790366296.142424,0.0
intrmotiv/reward/environment_nonzero_fraction,51085312,1790366306.0367093,0.00048828125
intrmotiv/reward/environment_nonzero_fraction,51134464,1790366315.8168714,0.00048828125
intrmotiv/reward/environment_nonzero_fraction,51183616,1790366325.6537004,0.0009765625
intrmotiv/reward/environment_nonzero_fraction,51232768,1790366335.6738584,0.00048828125
intrmotiv/reward/environment_nonzero_fraction,51281920,1790366345.5344765,0.00048828125
intrmotiv/reward/environment_nonzero_fraction,51331072,1790366355.430729,0.0
intrmotiv/reward/environment_nonzero_fraction,51380224,1790366365.3995807,0.00048828125
intrmotiv/reward/environment_nonzero_fraction,51429376,1790366375.3217976,0.0
intrmotiv/reward/environment_nonzero_fraction,51478528,1790366385.1804523,0.0
intrmotiv/reward/environment_nonzero_fraction,51527680,1790366395.1493163,0.0
intrmotiv/reward/environment_nonzero_fraction,51576832,1790366405.0413952,0.00048828125
intrmotiv/reward/environment_nonzero_fraction,51625984,1790366414.9412518,0.00048828125
intrmotiv/reward/environment_nonzero_fraction,51675136,1790366424.6539664,0.00048828125
intrmotiv/reward/environment_nonzero_fraction,51724288,1790366434.4958155,0.0
intrmotiv/reward/environment_nonzero_fraction,51773440,1790366444.4128084,0.0009765625
intrmotiv/reward/environment_nonzero_fraction,51822592,1790366454.2481806,0.0
intrmotiv/reward/environment_nonzero_fraction,51871744,1790366464.2466128,0.00048828125
intrmotiv/reward/environment_nonzero_fraction,51920896,1790366473.895917,0.00048828125
intrmotiv/reward/environment_nonzero_fraction,51970048,1790366483.8383398,0.00048828125
intrmotiv/reward/environment_nonzero_fraction,52019200,1790366493.8986616,0.0
intrmotiv/reward/environment_nonzero_fraction,52068352,1790366503.6777723,0.0
intrmotiv/reward/environment_nonzero_fraction,52117504,1790366513.4313037,0.00048828125
intrmotiv/reward/environment_nonzero_fraction,52166656,1790366523.162814,0.0009765625
intrmotiv/reward/environment_nonzero_fraction,52215808,1790366532.8478653,0.0009765625
intrmotiv/reward/environment_nonzero_fraction,52264960,1790366542.5482135,0.0009765625
intrmotiv/reward/environment_nonzero_fraction,52314112,1790366552.4746883,0.0
intrmotiv/reward/environment_nonzero_fraction,52363264,1790366562.1280077,0.00048828125
intrmotiv/reward/environment_nonzero_fraction,52412416,1790366572.1961076,0.00048828125
intrmotiv/reward/environment_nonzero_fraction,52461568,1790366582.1490393,0.0
intrmotiv/reward/environment_nonzero_fraction,52510720,1790366591.9599726,0.00048828125
intrmotiv/reward/environment_nonzero_fraction,52559872,1790366601.8160892,0.0
intrmotiv/reward/environment_nonzero_fraction,52609024,1790366611.6171906,0.0
intrmotiv/reward/environment_nonzero_fraction,52658176,1790366621.3102674,0.0
intrmotiv/reward/environment_nonzero_fraction,52707328,1790366631.0424407,0.00048828125
intrmotiv/reward/environment_nonzero_fraction,52756480,1790366640.7394814,0.00048828125
intrmotiv/reward/environment_nonzero_fraction,52805632,1790366650.6262565,0.0
intrmotiv/reward/environment_nonzero_fraction,52854784,1790366660.5065727,0.00048828125
intrmotiv/reward/environment_nonzero_fraction,52903936,1790366670.4597754,0.0009765625
intrmotiv/reward/environment_nonzero_fraction,52953088,1790366680.253641,0.0009765625
intrmotiv/reward/environment_nonzero_fraction,53002240,1790366690.3374407,0.00048828125
intrmotiv/reward/environment_nonzero_fraction,53051392,1790366700.3521495,0.0009765625
intrmotiv/reward/environment_nonzero_fraction,53100544,1790366710.2588134,0.00048828125
intrmotiv/reward/environment_nonzero_fraction,53149696,1790366720.1040626,0.00146484375
intrmotiv/reward/environment_nonzero_fraction,53198848,1790366729.798846,0.0
intrmotiv/reward/environment_nonzero_fraction,53248000,1790366739.4715943,0.0
intrmotiv/reward/environment_nonzero_fraction,53297152,1790366749.31077,0.00048828125
intrmotiv/reward/environment_nonzero_fraction,53346304,1790366758.95636,0.0
intrmotiv/reward/environment_nonzero_fraction,53395456,1790366768.7266927,0.0
intrmotiv/reward/environment_nonzero_fraction,53444608,1790366777.9775572,0.00048828125
intrmotiv/reward/environment_nonzero_fraction,53493760,1790366787.8000474,0.00048828125
intrmotiv/reward/environment_nonzero_fraction,53542912,1790366797.4017015,0.00048828125
intrmotiv/reward/environment_nonzero_fraction,53592064,1790366807.077983,0.00048828125
intrmotiv/reward/environment_nonzero_fraction,53641216,1790366816.7296987,0.0
intrmotiv/reward/environment_nonzero_fraction,53690368,1790366826.2969098,0.0
intrmotiv/reward/environment_nonzero_fraction,53739520,1790366835.784779,0.00048828125
intrmotiv/reward/environment_nonzero_fraction,53788672,1790366845.6203694,0.00048828125
intrmotiv/reward/environment_nonzero_fraction,53837824,1790366855.3487575,0.00048828125
intrmotiv/reward/environment_nonzero_fraction,53886976,1790366865.0296144,0.0
intrmotiv/reward/environment_nonzero_fraction,53936128,1790366874.8765209,0.00048828125
intrmotiv/reward/environment_nonzero_fraction,53985280,1790366884.6463542,0.0
intrmotiv/reward/environment_nonzero_fraction,54034432,1790366894.7606568,0.00048828125
intrmotiv/reward/environment_nonzero_fraction,54083584,1790366904.6449697,0.0009765625
intrmotiv/reward/environment_nonzero_fraction,54132736,1790366914.6725578,0.0
intrmotiv/reward/environment_nonzero_fraction,54181888,1790366924.4837127,0.0
intrmotiv/reward/environment_nonzero_fraction,54231040,1790366934.4496505,0.00146484375
intrmotiv/reward/environment_nonzero_fraction,54280192,1790366944.3896477,0.00146484375
intrmotiv/reward/environment_nonzero_fraction,54329344,1790366954.2354777,0.0
intrmotiv/reward/environment_nonzero_fraction,54378496,1790366964.109356,0.00048828125
intrmotiv/reward/environment_nonzero_fraction,54427648,1790366974.0013525,0.0
intrmotiv/reward/environment_nonzero_fraction,54476800,1790366983.7748072,0.00048828125
intrmotiv/reward/environment_nonzero_fraction,54525952,1790366993.485802,0.0
intrmotiv/reward/environment_nonzero_fraction,54575104,1790367003.0343654,0.00048828125
intrmotiv/reward/environment_nonzero_fraction,54624256,1790367012.661761,0.00048828125
intrmotiv/reward/environment_nonzero_fraction,54673408,1790367022.3077,0.0
intrmotiv/reward/environment_nonzero_fraction,54722560,1790367032.064068,0.0
intrmotiv/reward/environment_nonzero_fraction,54771712,1790367041.7115567,0.00048828125
intrmotiv/reward/environment_nonzero_fraction,54820864,1790367051.3964758,0.0009765625
intrmotiv/reward/environment_nonzero_fraction,54870016,1790367061.2896721,0.00048828125
intrmotiv/reward/environment_nonzero_fraction,54919168,1790367070.8992987,0.0
intrmotiv/reward/environment_nonzero_fraction,54968320,1790367080.7644894,0.0
intrmotiv/reward/environment_nonzero_fraction,55017472,1790367090.6075227,0.0009765625
intrmotiv/reward/environment_nonzero_fraction,55066624,1790367100.3636436,0.00048828125
intrmotiv/reward/environment_nonzero_fraction,55115776,1790367109.9915628,0.00048828125
intrmotiv/reward/environment_nonzero_fraction,55164928,1790367119.4051738,0.0
intrmotiv/reward/environment_nonzero_fraction,55214080,1790367129.2070916,0.00048828125
intrmotiv/reward/environment_nonzero_fraction,55263232,1790367138.7905416,0.0
intrmotiv/reward/environment_nonzero_fraction,55312384,1790367148.2987037,0.00048828125
intrmotiv/reward/environment_nonzero_fraction,55361536,1790367158.33603,0.0
intrmotiv/reward/environment_nonzero_fraction,55410688,1790367168.1557732,0.0
intrmotiv/reward/environment_nonzero_fraction,55459840,1790367178.0196488,0.00048828125
intrmotiv/reward/environment_nonzero_fraction,55508992,1790367187.8265178,0.0
intrmotiv/reward/environment_nonzero_fraction,55558144,1790367197.700653,0.0
intrmotiv/reward/environment_nonzero_fraction,55607296,1790367207.593422,0.0
intrmotiv/reward/environment_nonzero_fraction,55656448,1790367217.3672924,0.0
intrmotiv/reward/environment_nonzero_fraction,55705600,1790367227.0536551,0.0
intrmotiv/reward/environment_nonzero_fraction,55754752,1790367236.9142375,0.0
intrmotiv/reward/environment_nonzero_fraction,55803904,1790367246.6469233,0.0009765625
intrmotiv/reward/environment_nonzero_fraction,55853056,1790367256.3241613,0.0
intrmotiv/reward/environment_nonzero_fraction,55902208,1790367266.0558486,0.00048828125
intrmotiv/reward/environment_nonzero_fraction,55951360,1790367275.8145502,0.0
intrmotiv/reward/environment_nonzero_fraction,56000512,1790367285.930806,0.00048828125
intrmotiv/reward/environment_nonzero_fraction,56049664,1790367295.701264,0.00048828125
intrmotiv/reward/environment_nonzero_fraction,56098816,1790367305.6458642,0.00048828125
intrmotiv/reward/environment_nonzero_fraction,56147968,1790367315.4956248,0.00048828125
intrmotiv/reward/environment_nonzero_fraction,56197120,1790367325.4385715,0.0009765625
intrmotiv/reward/environment_nonzero_fraction,56246272,1790367335.3123128,0.0
intrmotiv/reward/environment_nonzero_fraction,56295424,1790367345.109795,0.00048828125
intrmotiv/reward/environment_nonzero_fraction,56344576,1790367354.9595895,0.00048828125
intrmotiv/reward/environment_nonzero_fraction,56393728,1790367364.8875904,0.0
intrmotiv/reward/environment_nonzero_fraction,56442880,1790367374.6882102,0.0
intrmotiv/reward/environment_nonzero_fraction,56492032,1790367384.4436388,0.0009765625
intrmotiv/reward/environment_nonzero_fraction,56541184,1790367394.1913352,0.0
intrmotiv/reward/environment_nonzero_fraction,56590336,1790367404.0146685,0.0
intrmotiv/reward/environment_nonzero_fraction,56639488,1790367413.8940396,0.0
intrmotiv/reward/environment_nonzero_fraction,56688640,1790367423.520663,0.0
intrmotiv/reward/environment_nonzero_fraction,56737792,1790367433.6036577,0.00048828125
intrmotiv/reward/environment_nonzero_fraction,56786944,1790367443.4051661,0.00048828125
intrmotiv/reward/environment_nonzero_fraction,56836096,1790367453.3684485,0.00048828125
intrmotiv/reward/environment_nonzero_fraction,56885248,1790367463.275686,0.00048828125
intrmotiv/reward/environment_nonzero_fraction,56934400,1790367473.2107532,0.00048828125
intrmotiv/reward/environment_nonzero_fraction,56983552,1790367483.1802876,0.00048828125
intrmotiv/reward/environment_nonzero_fraction,57032704,1790367493.352208,0.0
intrmotiv/reward/environment_nonzero_fraction,57081856,1790367503.3885512,0.0
intrmotiv/reward/environment_nonzero_fraction,57131008,1790367513.3754158,0.00048828125
intrmotiv/reward/environment_nonzero_fraction,57180160,1790367523.4901843,0.0
intrmotiv/reward/environment_nonzero_fraction,57229312,1790367533.3904831,0.00048828125
intrmotiv/reward/environment_nonzero_fraction,57278464,1790367543.4394855,0.00048828125
intrmotiv/reward/environment_nonzero_fraction,57327616,1790367553.2715833,0.0009765625
intrmotiv/reward/environment_nonzero_fraction,57376768,1790367563.204281,0.0009765625
intrmotiv/reward/environment_nonzero_fraction,57425920,1790367573.089743,0.0
intrmotiv/reward/environment_nonzero_fraction,57475072,1790367582.9040887,0.00146484375
intrmotiv/reward/environment_nonzero_fraction,57524224,1790367592.7018337,0.0
intrmotiv/reward/environment_nonzero_fraction,57573376,1790367602.5084295,0.0
intrmotiv/reward/environment_nonzero_fraction,57622528,1790367612.2089286,0.0
intrmotiv/reward/environment_nonzero_fraction,57671680,1790367621.931843,0.0
intrmotiv/reward/environment_nonzero_fraction,57720832,1790367631.672635,0.00048828125
intrmotiv/reward/environment_nonzero_fraction,57769984,1790367641.4723446,0.00048828125
intrmotiv/reward/environment_nonzero_fraction,57819136,1790367651.271965,0.0009765625
intrmotiv/reward/environment_nonzero_fraction,57868288,1790367660.9169745,0.0
intrmotiv/reward/environment_nonzero_fraction,57917440,1790367670.6362286,0.00048828125
intrmotiv/reward/environment_nonzero_fraction,57966592,1790367680.2673826,0.0
intrmotiv/reward/environment_nonzero_fraction,58015744,1790367690.4934065,0.0
intrmotiv/reward/environment_nonzero_fraction,58064896,1790367700.148157,0.0009765625
intrmotiv/reward/environment_nonzero_fraction,58114048,1790367709.95055,0.00048828125
intrmotiv/reward/environment_nonzero_fraction,58163200,1790367719.6936045,0.00048828125
intrmotiv/reward/environment_nonzero_fraction,58212352,1790367729.5308342,0.00048828125
intrmotiv/reward/environment_nonzero_fraction,58261504,1790367739.2250953,0.0
intrmotiv/reward/environment_nonzero_fraction,58310656,1790367748.8973656,0.00048828125
intrmotiv/reward/environment_nonzero_fraction,58359808,1790367758.7777295,0.00146484375
intrmotiv/reward/environment_nonzero_fraction,58408960,1790367768.335391,0.00048828125
intrmotiv/reward/environment_nonzero_fraction,58458112,1790367778.279158,0.00146484375
intrmotiv/reward/environment_nonzero_fraction,58507264,1790367787.9891222,0.0
intrmotiv/reward/environment_nonzero_fraction,58556416,1790367797.7320578,0.00048828125
intrmotiv/reward/environment_nonzero_fraction,58605568,1790367807.429049,0.0009765625
intrmotiv/reward/environment_nonzero_fraction,58654720,1790367817.4536903,0.00048828125
intrmotiv/reward/environment_nonzero_fraction,58703872,1790367827.13001,0.00048828125
intrmotiv/reward/environment_nonzero_fraction,58753024,1790367836.9076262,0.0
intrmotiv/reward/environment_nonzero_fraction,58802176,1790367846.5405183,0.0
intrmotiv/reward/environment_nonzero_fraction,58851328,1790367856.2682295,0.00048828125
intrmotiv/reward/environment_nonzero_fraction,58900480,1790367866.0206485,0.0009765625
intrmotiv/reward/environment_nonzero_fraction,58949632,1790367875.853404,0.00048828125
intrmotiv/reward/environment_nonzero_fraction,58998784,1790367885.4764042,0.00048828125
intrmotiv/reward/environment_nonzero_fraction,59047936,1790367895.3676174,0.00048828125
intrmotiv/reward/environment_nonzero_fraction,59097088,1790367905.1667993,0.00146484375
intrmotiv/reward/environment_nonzero_fraction,59146240,1790367914.8677018,0.0
intrmotiv/reward/environment_nonzero_fraction,59195392,1790367924.515305,0.0
intrmotiv/reward/environment_nonzero_fraction,59244544,1790367934.3265886,0.0
intrmotiv/reward/environment_nonzero_fraction,59293696,1790367943.84385,0.00048828125
intrmotiv/reward/environment_nonzero_fraction,59342848,1790367953.4678595,0.00048828125
intrmotiv/reward/environment_nonzero_fraction,59392000,1790367963.1089087,0.0
intrmotiv/reward/environment_nonzero_fraction,59441152,1790367972.7855294,0.00048828125
intrmotiv/reward/environment_nonzero_fraction,59490304,1790367982.3654294,0.001953125
intrmotiv/reward/environment_nonzero_fraction,59539456,1790367992.2746074,0.00048828125
intrmotiv/reward/environment_nonzero_fraction,59588608,1790368002.055298,0.001953125
intrmotiv/reward/environment_nonzero_fraction,59637760,1790368011.8667948,0.0
intrmotiv/reward/environment_nonzero_fraction,59686912,1790368021.6540656,0.00048828125
intrmotiv/reward/environment_nonzero_fraction,59736064,1790368031.3791308,0.0
intrmotiv/reward/environment_nonzero_fraction,59785216,1790368041.1425571,0.00048828125
intrmotiv/reward/environment_nonzero_fraction,59834368,1790368050.8560379,0.00048828125
intrmotiv/reward/environment_nonzero_fraction,59883520,1790368060.5597048,0.0009765625
intrmotiv/reward/environment_nonzero_fraction,59932672,1790368070.1172175,0.00048828125
intrmotiv/reward/environment_nonzero_fraction,59981824,1790368080.0377069,0.0
intrmotiv/reward/environment_nonzero_fraction,60030976,1790368089.8972979,0.00048828125
intrmotiv/reward/environment_nonzero_fraction,60080128,1790368099.9336338,0.00048828125
intrmotiv/reward/environment_nonzero_fraction,60129280,1790368109.547217,0.00048828125
intrmotiv/reward/environment_nonzero_fraction,60178432,1790368119.4248707,0.00048828125
intrmotiv/reward/environment_nonzero_fraction,60227584,1790368129.0321853,0.00244140625
intrmotiv/reward/environment_nonzero_fraction,60276736,1790368138.8977103,0.00048828125
intrmotiv/reward/environment_nonzero_fraction,60325888,1790368148.8559806,0.0
intrmotiv/reward/environment_nonzero_fraction,60375040,1790368158.4188628,0.0009765625
intrmotiv/reward/environment_nonzero_fraction,60424192,1790368167.849873,0.00048828125
intrmotiv/reward/environment_nonzero_fraction,60473344,1790368177.5319653,0.00048828125
intrmotiv/reward/environment_nonzero_fraction,60522496,1790368187.3405144,0.0
intrmotiv/reward/environment_nonzero_fraction,60571648,1790368197.1688528,0.0
intrmotiv/reward/environment_nonzero_fraction,60620800,1790368206.9360428,0.0
intrmotiv/reward/environment_nonzero_fraction,60669952,1790368216.9723957,0.0
intrmotiv/reward/environment_nonzero_fraction,60719104,1790368226.9584491,0.00048828125
intrmotiv/reward/environment_nonzero_fraction,60768256,1790368236.9990041,0.0
intrmotiv/reward/environment_nonzero_fraction,60817408,1790368246.9543295,0.0009765625
intrmotiv/reward/environment_nonzero_fraction,60866560,1790368256.801876,0.00048828125
intrmotiv/reward/environment_nonzero_fraction,60915712,1790368266.7694144,0.00048828125
intrmotiv/reward/environment_nonzero_fraction,60964864,1790368276.8781316,0.00048828125
intrmotiv/reward/environment_nonzero_fraction,61014016,1790368287.1345572,0.0009765625
intrmotiv/reward/environment_nonzero_fraction,61063168,1790368297.344647,0.0009765625
intrmotiv/reward/environment_nonzero_fraction,61112320,1790368307.2867842,0.0009765625
intrmotiv/reward/environment_nonzero_fraction,61161472,1790368317.1388278,0.00048828125
intrmotiv/reward/environment_nonzero_fraction,61210624,1790368327.0759015,0.0009765625
intrmotiv/reward/environment_nonzero_fraction,61259776,1790368336.9862044,0.00048828125
intrmotiv/reward/environment_nonzero_fraction,61308928,1790368346.8844624,0.0
intrmotiv/reward/environment_nonzero_fraction,61358080,1790368356.8063312,0.00048828125
intrmotiv/reward/environment_nonzero_fraction,61407232,1790368366.75037,0.0009765625
intrmotiv/reward/environment_nonzero_fraction,61456384,1790368376.682729,0.00048828125
intrmotiv/reward/environment_nonzero_fraction,61505536,1790368386.5612166,0.0
intrmotiv/reward/environment_nonzero_fraction,61554688,1790368396.6179488,0.00048828125
intrmotiv/reward/environment_nonzero_fraction,61603840,1790368406.3665795,0.00048828125
intrmotiv/reward/environment_nonzero_fraction,61652992,1790368416.1920698,0.0
intrmotiv/reward/environment_nonzero_fraction,61702144,1790368426.064383,0.0
intrmotiv/reward/environment_nonzero_fraction,61751296,1790368435.926204,0.0
intrmotiv/reward/environment_nonzero_fraction,61800448,1790368445.7989557,0.0009765625
intrmotiv/reward/environment_nonzero_fraction,61849600,1790368455.8228705,0.00048828125
intrmotiv/reward/environment_nonzero_fraction,61898752,1790368465.7588015,0.0
intrmotiv/reward/environment_nonzero_fraction,61947904,1790368475.8325527,0.0
intrmotiv/reward/environment_nonzero_fraction,61997056,1790368485.9180515,0.0009765625
intrmotiv/reward/environment_nonzero_fraction,62046208,1790368496.0489256,0.00146484375
intrmotiv/reward/environment_nonzero_fraction,62095360,1790368505.8348484,0.00048828125
intrmotiv/reward/environment_nonzero_fraction,62144512,1790368515.6167467,0.00048828125
intrmotiv/reward/environment_nonzero_fraction,62193664,1790368525.5704083,0.00048828125
intrmotiv/reward/environment_nonzero_fraction,62242816,1790368535.5254848,0.00048828125
intrmotiv/reward/environment_nonzero_fraction,62291968,1790368545.5730264,0.0009765625
intrmotiv/reward/environment_nonzero_fraction,62341120,1790368555.458879,0.00146484375
intrmotiv/reward/environment_nonzero_fraction,62390272,1790368565.408182,0.0009765625
intrmotiv/reward/environment_nonzero_fraction,62439424,1790368575.3671513,0.00048828125
intrmotiv/reward/environment_nonzero_fraction,62488576,1790368585.344631,0.0
intrmotiv/reward/environment_nonzero_fraction,62537728,1790368595.408867,0.0009765625
intrmotiv/reward/environment_nonzero_fraction,62586880,1790368605.438292,0.00048828125
intrmotiv/reward/environment_nonzero_fraction,62636032,1790368615.2294886,0.0009765625
intrmotiv/reward/environment_nonzero_fraction,62685184,1790368625.228392,0.00048828125
intrmotiv/reward/environment_nonzero_fraction,62734336,1790368634.9631479,0.00048828125
intrmotiv/reward/environment_nonzero_fraction,62783488,1790368644.88152,0.00048828125
intrmotiv/reward/environment_nonzero_fraction,62832640,1790368654.544552,0.0
intrmotiv/reward/environment_nonzero_fraction,62881792,1790368664.4175434,0.00146484375
intrmotiv/reward/environment_nonzero_fraction,62930944,1790368674.3620567,0.0
intrmotiv/reward/environment_nonzero_fraction,62980096,1790368684.1777616,0.0009765625
intrmotiv/reward/environment_nonzero_fraction,63029248,1790368694.221741,0.0
intrmotiv/reward/environment_nonzero_fraction,63078400,1790368704.1230595,0.0009765625
intrmotiv/reward/environment_nonzero_fraction,63127552,1790368713.971345,0.0
intrmotiv/reward/environment_nonzero_fraction,63176704,1790368723.8535933,0.00048828125
intrmotiv/reward/environment_nonzero_fraction,63225856,1790368733.5716887,0.00048828125
intrmotiv/reward/environment_nonzero_fraction,63275008,1790368743.3990545,0.00048828125
intrmotiv/reward/environment_nonzero_fraction,63324160,1790368753.2925909,0.00048828125
intrmotiv/reward/environment_nonzero_fraction,63373312,1790368763.0706644,0.0
intrmotiv/reward/environment_nonzero_fraction,63422464,1790368772.9307008,0.0
intrmotiv/reward/environment_nonzero_fraction,63471616,1790368782.6571987,0.00048828125
intrmotiv/reward/environment_nonzero_fraction,63520768,1790368792.6301646,0.0
intrmotiv/reward/environment_nonzero_fraction,63569920,1790368802.4935577,0.00048828125
intrmotiv/reward/environment_nonzero_fraction,63619072,1790368812.4625347,0.0
intrmotiv/reward/environment_nonzero_fraction,63668224,1790368822.095872,0.0
intrmotiv/reward/environment_nonzero_fraction,63717376,1790368831.8266582,0.00048828125
intrmotiv/reward/environment_nonzero_fraction,63766528,1790368841.598265,0.00146484375
intrmotiv/reward/environment_nonzero_fraction,63815680,1790368851.4680836,0.00048828125
intrmotiv/reward/environment_nonzero_fraction,63864832,1790368861.351701,0.0009765625
intrmotiv/reward/environment_nonzero_fraction,63913984,1790368871.189977,0.0009765625
intrmotiv/reward/environment_nonzero_fraction,63963136,1790368880.8980448,0.0
intrmotiv/reward/environment_nonzero_fraction,64012288,1790368891.1400049,0.00048828125
intrmotiv/reward/environment_nonzero_fraction,64061440,1790368900.8764496,0.00048828125
intrmotiv/reward/environment_nonzero_fraction,64110592,1790368910.6560981,0.0
intrmotiv/reward/environment_nonzero_fraction,64159744,1790368920.4173093,0.0
intrmotiv/reward/environment_nonzero_fraction,64208896,1790368930.1278603,0.0009765625
intrmotiv/reward/environment_nonzero_fraction,64258048,1790368939.6329918,0.0
intrmotiv/reward/environment_nonzero_fraction,64307200,1790368949.391748,0.0009765625
intrmotiv/reward/environment_nonzero_fraction,64356352,1790368959.0563257,0.0
intrmotiv/reward/environment_nonzero_fraction,64405504,1790368968.7671876,0.0
intrmotiv/reward/environment_nonzero_fraction,64454656,1790368978.634917,0.00048828125
intrmotiv/reward/environment_nonzero_fraction,64503808,1790368988.3745434,0.0
intrmotiv/reward/environment_nonzero_fraction,64552960,1790368998.368534,0.0
intrmotiv/reward/environment_nonzero_fraction,64602112,1790369008.2316623,0.00048828125
intrmotiv/reward/environment_nonzero_fraction,64651264,1790369018.0831225,0.00048828125
intrmotiv/reward/environment_nonzero_fraction,64700416,1790369027.9569116,0.0
intrmotiv/reward/environment_nonzero_fraction,64749568,1790369037.9314706,0.0009765625
intrmotiv/reward/environment_nonzero_fraction,64798720,1790369047.7569485,0.0
intrmotiv/reward/environment_nonzero_fraction,64847872,1790369057.9345572,0.0009765625
intrmotiv/reward/environment_nonzero_fraction,64897024,1790369067.8745875,0.00048828125
intrmotiv/reward/environment_nonzero_fraction,64946176,1790369077.931877,0.0
intrmotiv/reward/environment_nonzero_fraction,64995328,1790369087.9269423,0.0
intrmotiv/reward/environment_nonzero_fraction,65044480,1790369098.1722531,0.00048828125
intrmotiv/reward/environment_nonzero_fraction,65093632,1790369108.1325638,0.0
intrmotiv/reward/environment_nonzero_fraction,65142784,1790369118.0010538,0.0
intrmotiv/reward/environment_nonzero_fraction,65191936,1790369128.0261788,0.00048828125
intrmotiv/reward/environment_nonzero_fraction,65241088,1790369137.835713,0.0
intrmotiv/reward/environment_nonzero_fraction,65290240,1790369147.6941156,0.00048828125
intrmotiv/reward/environment_nonzero_fraction,65339392,1790369157.5371037,0.0
intrmotiv/reward/environment_nonzero_fraction,65388544,1790369167.3093603,0.0
intrmotiv/reward/environment_nonzero_fraction,65437696,1790369177.218575,0.0
intrmotiv/reward/environment_nonzero_fraction,65486848,1790369187.0569396,0.0
intrmotiv/reward/environment_nonzero_fraction,65536000,1790369196.8441982,0.00048828125
intrmotiv/reward/environment_nonzero_fraction,65585152,1790369206.790469,0.001953125
intrmotiv/reward/environment_nonzero_fraction,65634304,1790369216.7078352,0.00048828125
intrmotiv/reward/environment_nonzero_fraction,65683456,1790369226.7057457,0.0
intrmotiv/reward/environment_nonzero_fraction,65732608,1790369236.5939531,0.0
intrmotiv/reward/environment_nonzero_fraction,65781760,1790369246.4680302,0.0
intrmotiv/reward/environment_nonzero_fraction,65830912,1790369256.197386,0.0
intrmotiv/reward/environment_nonzero_fraction,65880064,1790369266.022329,0.0
intrmotiv/reward/environment_nonzero_fraction,65929216,1790369275.8165398,0.0009765625
intrmotiv/reward/environment_nonzero_fraction,65978368,1790369285.5838583,0.0
intrmotiv/reward/environment_nonzero_fraction,66027520,1790369295.513614,0.0
intrmotiv/reward/environment_nonzero_fraction,66076672,1790369305.2951167,0.0
intrmotiv/reward/environment_nonzero_fraction,66125824,1790369315.1293864,0.0
intrmotiv/reward/environment_nonzero_fraction,66174976,1790369325.1443756,0.00048828125
intrmotiv/reward/environment_nonzero_fraction,66224128,1790369335.0845768,0.0
intrmotiv/reward/environment_nonzero_fraction,66273280,1790369344.999978,0.00048828125
intrmotiv/reward/environment_nonzero_fraction,66322432,1790369355.0084243,0.00048828125
intrmotiv/reward/environment_nonzero_fraction,66371584,1790369364.9865317,0.00048828125
intrmotiv/reward/environment_nonzero_fraction,66420736,1790369375.0788753,0.00048828125
intrmotiv/reward/environment_nonzero_fraction,66469888,1790369385.0580425,0.00146484375
intrmotiv/reward/environment_nonzero_fraction,66519040,1790369394.9620764,0.00048828125
intrmotiv/reward/environment_nonzero_fraction,66568192,1790369404.867415,0.0009765625
intrmotiv/reward/environment_nonzero_fraction,66617344,1790369414.932221,0.00048828125
intrmotiv/reward/environment_nonzero_fraction,66666496,1790369424.9407165,0.0
intrmotiv/reward/environment_nonzero_fraction,66715648,1790369434.8347428,0.00048828125
intrmotiv/reward/environment_nonzero_fraction,66764800,1790369444.9028747,0.0
intrmotiv/reward/environment_nonzero_fraction,66813952,1790369454.8034174,0.0
intrmotiv/reward/environment_nonzero_fraction,66863104,1790369464.7168589,0.0
intrmotiv/reward/environment_nonzero_fraction,66912256,1790369474.6082613,0.0
intrmotiv/reward/environment_nonzero_fraction,66961408,1790369484.5137203,0.00048828125
intrmotiv/reward/environment_nonzero_fraction,67010560,1790369494.661749,0.0
intrmotiv/reward/environment_nonzero_fraction,67059712,1790369504.7203982,0.0
intrmotiv/reward/environment_nonzero_fraction,67108864,1790369514.7012393,0.00048828125
intrmotiv/reward/environment_nonzero_fraction,67158016,1790369524.5985992,0.0
intrmotiv/reward/environment_nonzero_fraction,67207168,1790369534.5977914,0.00048828125
intrmotiv/reward/environment_nonzero_fraction,67256320,1790369544.557385,0.00048828125
intrmotiv/reward/environment_nonzero_fraction,67305472,1790369554.515906,0.0
intrmotiv/reward/environment_nonzero_fraction,67354624,1790369564.3465054,0.0
intrmotiv/reward/environment_nonzero_fraction,67403776,1790369574.1128561,0.00048828125
intrmotiv/reward/environment_nonzero_fraction,67452928,1790369583.9682035,0.00048828125
intrmotiv/reward/environment_nonzero_fraction,67502080,1790369593.744551,0.0
intrmotiv/reward/environment_nonzero_fraction,67551232,1790369603.4837418,0.0
intrmotiv/reward/environment_nonzero_fraction,67600384,1790369613.5701773,0.0
intrmotiv/reward/environment_nonzero_fraction,67649536,1790369623.393433,0.00048828125
intrmotiv/reward/environment_nonzero_fraction,67698688,1790369633.2450383,0.0
intrmotiv/reward/environment_nonzero_fraction,67747840,1790369643.2000284,0.00048828125
intrmotiv/reward/environment_nonzero_fraction,67796992,1790369653.151175,0.0
intrmotiv/reward/environment_nonzero_fraction,67846144,1790369663.1972685,0.00048828125
intrmotiv/reward/environment_nonzero_fraction,67895296,1790369672.9865346,0.0009765625
intrmotiv/reward/environment_nonzero_fraction,67944448,1790369683.09555,0.00048828125
intrmotiv/reward/environment_nonzero_fraction,67993600,1790369693.0015879,0.00146484375
intrmotiv/reward/environment_nonzero_fraction,68042752,1790369703.0992799,0.00048828125
intrmotiv/reward/environment_nonzero_fraction,68091904,1790369712.9553497,0.0
intrmotiv/reward/environment_nonzero_fraction,68141056,1790369722.720053,0.00048828125
intrmotiv/reward/environment_nonzero_fraction,68190208,1790369732.5555801,0.00048828125
intrmotiv/reward/environment_nonzero_fraction,68239360,1790369742.352851,0.0
intrmotiv/reward/environment_nonzero_fraction,68304896,1790369755.3222394,0.0009765625
intrmotiv/reward/environment_nonzero_fraction,68354048,1790369765.3246272,0.0
intrmotiv/reward/environment_nonzero_fraction,68403200,1790369775.2253547,0.00048828125
intrmotiv/reward/environment_nonzero_fraction,68452352,1790369785.1440854,0.0009765625
intrmotiv/reward/environment_nonzero_fraction,68501504,1790369794.8906095,0.0
intrmotiv/reward/environment_nonzero_fraction,68550656,1790369804.6594503,0.0
intrmotiv/reward/environment_nonzero_fraction,68599808,1790369814.5302272,0.0
intrmotiv/reward/environment_nonzero_fraction,68648960,1790369824.3870773,0.00146484375
intrmotiv/reward/environment_nonzero_fraction,68698112,1790369834.2134795,0.0
intrmotiv/reward/environment_nonzero_fraction,68747264,1790369843.9865756,0.0
intrmotiv/reward/environment_nonzero_fraction,68812800,1790369856.9974723,0.0
intrmotiv/reward/environment_nonzero_fraction,68878336,1790369870.0180728,0.00048828125
intrmotiv/reward/environment_nonzero_fraction,68927488,1790369879.8521523,0.0
intrmotiv/reward/environment_nonzero_fraction,68976640,1790369889.6710863,0.0
intrmotiv/reward/environment_nonzero_fraction,69025792,1790369899.6035585,0.0
intrmotiv/reward/environment_nonzero_fraction,69091328,1790369912.6327968,0.0
intrmotiv/reward/environment_nonzero_fraction,69140480,1790369922.3835313,0.0
intrmotiv/reward/environment_nonzero_fraction,69206016,1790369935.364805,0.00048828125
intrmotiv/reward/environment_nonzero_fraction,69255168,1790369945.0282347,0.0
intrmotiv/reward/environment_nonzero_fraction,69304320,1790369954.9177961,0.00048828125
intrmotiv/reward/environment_nonzero_fraction,69369856,1790369967.9329674,0.0
intrmotiv/reward/environment_nonzero_fraction,69419008,1790369977.8807204,0.0
intrmotiv/reward/environment_nonzero_fraction,69468160,1790369987.8170528,0.0
intrmotiv/reward/environment_nonzero_fraction,69517312,1790369997.6775403,0.00048828125
intrmotiv/reward/environment_nonzero_fraction,69566464,1790370007.4742212,0.00048828125
intrmotiv/reward/environment_nonzero_fraction,69615616,1790370017.4503295,0.0
intrmotiv/reward/environment_nonzero_fraction,69664768,1790370027.2079043,0.0009765625
intrmotiv/reward/environment_nonzero_fraction,69713920,1790370037.026354,0.0
intrmotiv/reward/environment_nonzero_fraction,69763072,1790370046.8010855,0.00048828125
intrmotiv/reward/environment_nonzero_fraction,69828608,1790370059.9736373,0.0
intrmotiv/reward/environment_nonzero_fraction,69894144,1790370073.0438461,0.0
intrmotiv/reward/environment_nonzero_fraction,69959680,1790370086.0486548,0.0
intrmotiv/reward/environment_nonzero_fraction,70008832,1790370096.2580929,0.00048828125
intrmotiv/reward/environment_nonzero_fraction,70057984,1790370106.1430333,0.0
intrmotiv/reward/environment_nonzero_fraction,70123520,1790370119.1875231,0.0
intrmotiv/reward/environment_nonzero_fraction,70189056,1790370132.1685252,0.0
intrmotiv/reward/environment_nonzero_fraction,70254592,1790370145.1594458,0.00048828125
intrmotiv/reward/environment_nonzero_fraction,70303744,1790370155.0890713,0.0
intrmotiv/reward/environment_nonzero_fraction,70369280,1790370168.190331,0.0
intrmotiv/reward/environment_nonzero_fraction,70418432,1790370178.0700057,0.0
intrmotiv/reward/environment_nonzero_fraction,70467584,1790370188.0166962,0.00048828125
intrmotiv/reward/environment_nonzero_fraction,70516736,1790370197.9906363,0.00048828125
intrmotiv/reward/environment_nonzero_fraction,70565888,1790370207.919844,0.0
intrmotiv/reward/environment_nonzero_fraction,70615040,1790370217.8282137,0.0009765625
intrmotiv/reward/environment_nonzero_fraction,70680576,1790370230.990647,0.00048828125
intrmotiv/reward/environment_nonzero_fraction,70729728,1790370240.8997698,0.00048828125
intrmotiv/reward/environment_nonzero_fraction,70778880,1790370250.9666772,0.00048828125
intrmotiv/reward/environment_nonzero_fraction,70828032,1790370260.885959,0.0
intrmotiv/reward/environment_nonzero_fraction,70893568,1790370274.0792723,0.00048828125
intrmotiv/reward/environment_nonzero_fraction,70942720,1790370284.0991235,0.00048828125
intrmotiv/reward/environment_nonzero_fraction,70991872,1790370294.2242382,0.00048828125
intrmotiv/reward/environment_nonzero_fraction,71041024,1790370304.4055462,0.0
intrmotiv/reward/environment_nonzero_fraction,71090176,1790370314.3556964,0.00048828125
intrmotiv/reward/environment_nonzero_fraction,71139328,1790370324.4088275,0.0
intrmotiv/reward/environment_nonzero_fraction,71188480,1790370334.4737513,0.00048828125
intrmotiv/reward/environment_nonzero_fraction,71254016,1790370347.6796932,0.00048828125
intrmotiv/reward/environment_nonzero_fraction,71319552,1790370360.851872,0.0
intrmotiv/reward/environment_nonzero_fraction,71385088,1790370374.0278873,0.0
intrmotiv/reward/environment_nonzero_fraction,71434240,1790370383.9801033,0.00048828125
intrmotiv/reward/environment_nonzero_fraction,71499776,1790370397.100984,0.0
intrmotiv/reward/environment_nonzero_fraction,71565312,1790370410.3672957,0.00048828125
intrmotiv/reward/environment_nonzero_fraction,71614464,1790370420.2060833,0.0
intrmotiv/reward/environment_nonzero_fraction,71663616,1790370429.994479,0.0
intrmotiv/reward/environment_nonzero_fraction,71729152,1790370443.1481051,0.0
intrmotiv/reward/environment_nonzero_fraction,71794688,1790370456.360437,0.0
intrmotiv/reward/environment_nonzero_fraction,71843840,1790370466.3127718,0.00048828125
intrmotiv/reward/environment_nonzero_fraction,71909376,1790370479.4120457,0.00048828125
intrmotiv/reward/environment_nonzero_fraction,71958528,1790370489.4499996,0.00048828125
intrmotiv/reward/environment_nonzero_fraction,72007680,1790370499.7514255,0.00048828125
intrmotiv/reward/environment_nonzero_fraction,72056832,1790370509.7263417,0.0
intrmotiv/reward/environment_nonzero_fraction,72105984,1790370519.8587847,0.0009765625
intrmotiv/reward/environment_nonzero_fraction,72155136,1790370529.8495212,0.0
intrmotiv/reward/environment_nonzero_fraction,72204288,1790370539.8061273,0.0
intrmotiv/reward/environment_nonzero_fraction,72253440,1790370549.7559204,0.0
intrmotiv/reward/environment_nonzero_fraction,72318976,1790370562.8578022,0.0
intrmotiv/reward/environment_nonzero_fraction,72384512,1790370575.9290988,0.0009765625
intrmotiv/reward/environment_nonzero_fraction,72450048,1790370589.0679803,0.0
intrmotiv/reward/environment_nonzero_fraction,72515584,1790370602.1261005,0.00048828125
intrmotiv/reward/environment_nonzero_fraction,72581120,1790370615.1563396,0.00048828125
intrmotiv/reward/environment_nonzero_fraction,72646656,1790370628.2941592,0.0
intrmotiv/reward/environment_nonzero_fraction,72712192,1790370641.4557273,0.0
intrmotiv/reward/environment_nonzero_fraction,72777728,1790370654.5942988,0.0
intrmotiv/reward/environment_nonzero_fraction,72843264,1790370667.7664523,0.0
intrmotiv/reward/environment_nonzero_fraction,72908800,1790370680.6934159,0.00048828125
intrmotiv/reward/environment_nonzero_fraction,72974336,1790370693.8386738,0.00048828125
intrmotiv/reward/environment_nonzero_fraction,73023488,1790370703.9563823,0.0009765625
intrmotiv/reward/environment_nonzero_fraction,73089024,1790370717.159401,0.00048828125
intrmotiv/reward/environment_nonzero_fraction,73154560,1790370730.3803186,0.00048828125
intrmotiv/reward/environment_nonzero_fraction,73203712,1790370740.303811,0.00048828125
intrmotiv/reward/environment_nonzero_fraction,73252864,1790370750.1868572,0.00048828125
intrmotiv/reward/environment_nonzero_fraction,73318400,1790370763.3727508,0.0
intrmotiv/reward/environment_nonzero_fraction,73383936,1790370776.394548,0.00146484375
intrmotiv/reward/environment_nonzero_fraction,73449472,1790370789.4326975,0.0
intrmotiv/reward/environment_nonzero_fraction,73515008,1790370802.5038304,0.0
intrmotiv/reward/environment_nonzero_fraction,73564160,1790370812.3239286,0.00048828125
intrmotiv/reward/environment_nonzero_fraction,73629696,1790370825.2700832,0.0
intrmotiv/reward/environment_nonzero_fraction,73695232,1790370838.3962414,0.00048828125
intrmotiv/reward/environment_nonzero_fraction,73744384,1790370848.281211,0.0
intrmotiv/reward/environment_nonzero_fraction,73809920,1790370861.484365,0.00048828125
intrmotiv/reward/environment_nonzero_fraction,73875456,1790370874.8753173,0.0009765625
intrmotiv/reward/environment_nonzero_fraction,73940992,1790370888.1220164,0.0
intrmotiv/reward/environment_nonzero_fraction,73990144,1790370897.9850743,0.0009765625
intrmotiv/reward/environment_nonzero_fraction,74039296,1790370908.1787777,0.00048828125
intrmotiv/reward/environment_nonzero_fraction,74104832,1790370921.4750805,0.0
intrmotiv/reward/environment_nonzero_fraction,74153984,1790370931.555128,0.00146484375
intrmotiv/reward/environment_nonzero_fraction,74219520,1790370944.8045123,0.0
intrmotiv/reward/environment_nonzero_fraction,74268672,1790370954.7422776,0.0
intrmotiv/reward/environment_nonzero_fraction,74334208,1790370968.2725782,0.0
intrmotiv/reward/environment_nonzero_fraction,74399744,1790370981.5840611,0.0
intrmotiv/reward/environment_nonzero_fraction,74448896,1790370991.566939,0.00146484375
intrmotiv/reward/environment_nonzero_fraction,74514432,1790371004.8872402,0.0009765625
intrmotiv/reward/environment_nonzero_fraction,74579968,1790371018.118389,0.0
intrmotiv/reward/environment_nonzero_fraction,74629120,1790371028.170918,0.00048828125
intrmotiv/reward/environment_nonzero_fraction,74694656,1790371041.2581763,0.0009765625
intrmotiv/reward/environment_nonzero_fraction,74743808,1790371051.102859,0.001953125
intrmotiv/reward/environment_nonzero_fraction,74792960,1790371060.9472284,0.00048828125
intrmotiv/reward/environment_nonzero_fraction,74858496,1790371074.130232,0.0
intrmotiv/reward/environment_nonzero_fraction,74907648,1790371084.1243804,0.0
intrmotiv/reward/environment_nonzero_fraction,74973184,1790371097.4145446,0.0
intrmotiv/reward/environment_nonzero_fraction,75022336,1790371108.7058027,0.0
train/env_steps,16384,1790356008.968493,0.0
train/env_steps,32768,1790356020.2140079,16384.0
train/env_steps,49152,1790356029.4876204,32768.0
train/env_steps,65536,1790356034.4486794,49152.0
train/env_steps,98304,1790356043.4374626,81920.0
train/env_steps,131072,1790356051.965801,114688.0
train/env_steps,163840,1790356059.757736,147456.0
train/env_steps,196608,1790356067.2660902,180224.0
train/env_steps,212992,1790356070.8874173,196608.0
train/env_steps,245760,1790356078.0161436,229376.0
train/env_steps,278528,1790356084.7427287,262144.0
train/env_steps,294912,1790356088.4996462,278528.0
train/env_steps,327680,1790356095.422969,311296.0
train/env_steps,360448,1790356102.3428655,344064.0
train/env_steps,393216,1790356109.1761315,376832.0
train/env_steps,425984,1790356116.039453,409600.0
train/env_steps,458752,1790356122.7205694,442368.0
train/env_steps,491520,1790356129.456176,475136.0
train/env_steps,524288,1790356136.1818492,507904.0
train/env_steps,557056,1790356142.8854482,540672.0
train/env_steps,589824,1790356149.6260974,573440.0
train/env_steps,622592,1790356156.2920055,606208.0
train/env_steps,655360,1790356163.0433936,638976.0
train/env_steps,688128,1790356169.7613413,671744.0
train/env_steps,720896,1790356176.5256014,704512.0
train/env_steps,753664,1790356183.4548326,737280.0
train/env_steps,770048,1790356186.905307,753664.0
train/env_steps,802816,1790356193.6473103,786432.0
train/env_steps,835584,1790356200.5719984,819200.0
train/env_steps,868352,1790356207.2762136,851968.0
train/env_steps,901120,1790356214.007207,884736.0
train/env_steps,933888,1790356220.7637532,917504.0
train/env_steps,966656,1790356227.5541966,950272.0
train/env_steps,999424,1790356234.2642047,983040.0
train/env_steps,1032192,1790356241.277147,1015808.0
train/env_steps,1064960,1790356247.8835528,1048576.0
train/env_steps,1097728,1790356254.53525,1081344.0
train/env_steps,1130496,1790356261.2900438,1114112.0
train/env_steps,1163264,1790356267.8965507,1146880.0
train/env_steps,1196032,1790356274.6335213,1179648.0
train/env_steps,1228800,1790356281.4507098,1212416.0
train/env_steps,1261568,1790356288.0327444,1245184.0
train/env_steps,1294336,1790356294.7737687,1277952.0
train/env_steps,1327104,1790356301.5504806,1310720.0
train/env_steps,1359872,1790356308.1605926,1343488.0
train/env_steps,1392640,1790356315.12275,1376256.0
train/env_steps,1425408,1790356321.8376386,1409024.0
train/env_steps,1458176,1790356328.514048,1441792.0
train/env_steps,1490944,1790356335.289654,1474560.0
train/env_steps,1523712,1790356341.9298282,1507328.0
train/env_steps,1556480,1790356348.716693,1540096.0
train/env_steps,1589248,1790356355.5428262,1572864.0
train/env_steps,1622016,1790356362.3841913,1605632.0
train/env_steps,1654784,1790356369.2608106,1638400.0
train/env_steps,1687552,1790356376.013125,1671168.0
train/env_steps,1720320,1790356382.7734048,1703936.0
train/env_steps,1753088,1790356389.5606441,1736704.0
train/env_steps,1785856,1790356396.1760054,1769472.0
train/env_steps,1818624,1790356402.8318594,1802240.0
train/env_steps,1851392,1790356409.558218,1835008.0
train/env_steps,1884160,1790356416.2294264,1867776.0
train/env_steps,1916928,1790356422.9107418,1900544.0
train/env_steps,1949696,1790356429.7093575,1933312.0
train/env_steps,1982464,1790356436.4068098,1966080.0
train/env_steps,2015232,1790356443.6945508,1998848.0
train/env_steps,2031616,1790356447.0769181,2015232.0
train/env_steps,2064384,1790356453.8649886,2048000.0
train/env_steps,2097152,1790356460.6356068,2080768.0
train/env_steps,2129920,1790356467.2859786,2113536.0
train/env_steps,2162688,1790356473.9834247,2146304.0
train/env_steps,2195456,1790356480.767673,2179072.0
train/env_steps,2228224,1790356487.535172,2211840.0
train/env_steps,2260992,1790356494.1508076,2244608.0
train/env_steps,2293760,1790356500.6487842,2277376.0
train/env_steps,2326528,1790356507.314704,2310144.0
train/env_steps,2359296,1790356514.0098526,2342912.0
train/env_steps,2392064,1790356520.5869892,2375680.0
train/env_steps,2424832,1790356527.1657724,2408448.0
train/env_steps,2457600,1790356533.719066,2441216.0
train/env_steps,2490368,1790356540.217471,2473984.0
train/env_steps,2523136,1790356546.8317413,2506752.0
train/env_steps,2555904,1790356553.3921912,2539520.0
train/env_steps,2588672,1790356560.0454142,2572288.0
train/env_steps,2621440,1790356566.6376636,2605056.0
train/env_steps,2654208,1790356573.3585033,2637824.0
train/env_steps,2686976,1790356579.9408352,2670592.0
train/env_steps,2719744,1790356586.5723538,2703360.0
train/env_steps,2752512,1790356593.1997747,2736128.0
train/env_steps,2785280,1790356600.0936098,2768896.0
train/env_steps,2818048,1790356606.8155174,2801664.0
train/env_steps,2850816,1790356613.465442,2834432.0
train/env_steps,2883584,1790356620.1413026,2867200.0
train/env_steps,2916352,1790356626.8117511,2899968.0
train/env_steps,2949120,1790356633.5815918,2932736.0
train/env_steps,2981888,1790356640.2220476,2965504.0
train/env_steps,3014656,1790356647.0967143,2998272.0
train/env_steps,3047424,1790356653.7028255,3031040.0
train/env_steps,3080192,1790356660.3338475,3063808.0
train/env_steps,3112960,1790356666.9173603,3096576.0
train/env_steps,3145728,1790356673.7077744,3129344.0
train/env_steps,3178496,1790356680.211895,3162112.0
train/env_steps,3211264,1790356686.7585902,3194880.0
train/env_steps,3244032,1790356693.3264866,3227648.0
train/env_steps,3276800,1790356699.8456264,3260416.0
train/env_steps,3309568,1790356706.4031758,3293184.0
train/env_steps,3342336,1790356712.8871536,3325952.0
train/env_steps,3375104,1790356719.424792,3358720.0
train/env_steps,3407872,1790356725.944001,3391488.0
train/env_steps,3440640,1790356732.342542,3424256.0
train/env_steps,3473408,1790356738.9202545,3457024.0
train/env_steps,3506176,1790356745.3513196,3489792.0
train/env_steps,3538944,1790356751.7822273,3522560.0
train/env_steps,3571712,1790356758.4170167,3555328.0
train/env_steps,3604480,1790356765.024574,3588096.0
train/env_steps,3637248,1790356771.594405,3620864.0
train/env_steps,3670016,1790356778.2381015,3653632.0
train/env_steps,3702784,1790356784.88446,3686400.0
train/env_steps,3735552,1790356791.6099453,3719168.0
train/env_steps,3768320,1790356798.2916038,3751936.0
train/env_steps,3801088,1790356804.9424155,3784704.0
train/env_steps,3833856,1790356811.6408567,3817472.0
train/env_steps,3866624,1790356818.3562477,3850240.0
train/env_steps,3899392,1790356824.8722491,3883008.0
train/env_steps,3932160,1790356831.39818,3915776.0
train/env_steps,3964928,1790356838.1233256,3948544.0
train/env_steps,3997696,1790356844.8453798,3981312.0
train/env_steps,4030464,1790356851.672469,4014080.0
train/env_steps,4063232,1790356858.2429516,4046848.0
train/env_steps,4096000,1790356864.8529189,4079616.0
train/env_steps,4128768,1790356871.3442018,4112384.0
train/env_steps,4161536,1790356877.8149917,4145152.0
train/env_steps,4194304,1790356884.3350213,4177920.0
train/env_steps,4227072,1790356890.7473555,4210688.0
train/env_steps,4259840,1790356897.267833,4243456.0
train/env_steps,4292608,1790356903.7329102,4276224.0
train/env_steps,4325376,1790356910.178318,4308992.0
train/env_steps,4358144,1790356916.6800075,4341760.0
train/env_steps,4390912,1790356923.3001852,4374528.0
train/env_steps,4423680,1790356929.9384573,4407296.0
train/env_steps,4456448,1790356936.3946085,4440064.0
train/env_steps,4489216,1790356943.126995,4472832.0
train/env_steps,4521984,1790356949.5022507,4505600.0
train/env_steps,4554752,1790356955.9481976,4538368.0
train/env_steps,4587520,1790356962.4995003,4571136.0
train/env_steps,4620288,1790356969.0784295,4603904.0
train/env_steps,4653056,1790356975.463982,4636672.0
train/env_steps,4685824,1790356981.9026601,4669440.0
train/env_steps,4718592,1790356988.3627694,4702208.0
train/env_steps,4751360,1790356994.7756772,4734976.0
train/env_steps,4784128,1790357001.482568,4767744.0
train/env_steps,4816896,1790357007.692807,4800512.0
train/env_steps,4849664,1790357014.3138573,4833280.0
train/env_steps,4882432,1790357020.6222324,4866048.0
train/env_steps,4915200,1790357027.179831,4898816.0
train/env_steps,4947968,1790357033.6340547,4931584.0
train/env_steps,4980736,1790357040.094423,4964352.0
train/env_steps,5013504,1790357047.9908392,4997120.0
train/env_steps,5046272,1790357054.529941,5029888.0
train/env_steps,5079040,1790357060.8594406,5062656.0
train/env_steps,5111808,1790357067.3522222,5095424.0
train/env_steps,5144576,1790357073.9391932,5128192.0
train/env_steps,5177344,1790357080.4767487,5160960.0
train/env_steps,5210112,1790357087.0087652,5193728.0
train/env_steps,5242880,1790357093.2673044,5226496.0
train/env_steps,5275648,1790357099.9277542,5259264.0
train/env_steps,5308416,1790357106.3597138,5292032.0
train/env_steps,5341184,1790357112.9365675,5324800.0
train/env_steps,5373952,1790357119.4530416,5357568.0
train/env_steps,5406720,1790357125.8954308,5390336.0
train/env_steps,5439488,1790357132.4590003,5423104.0
train/env_steps,5472256,1790357139.1638982,5455872.0
train/env_steps,5505024,1790357145.5063593,5488640.0
train/env_steps,5537792,1790357152.0358973,5521408.0
train/env_steps,5570560,1790357158.4945018,5554176.0
train/env_steps,5603328,1790357164.9500124,5586944.0
train/env_steps,5636096,1790357171.0806272,5619712.0
train/env_steps,5668864,1790357177.7628977,5652480.0
train/env_steps,5701632,1790357184.207312,5685248.0
train/env_steps,5734400,1790357190.714023,5718016.0
train/env_steps,5767168,1790357197.3008578,5750784.0
train/env_steps,5799936,1790357203.8588238,5783552.0
train/env_steps,5832704,1790357210.4371717,5816320.0
train/env_steps,5865472,1790357216.817784,5849088.0
train/env_steps,5898240,1790357223.3097317,5881856.0
train/env_steps,5931008,1790357229.9777546,5914624.0
train/env_steps,5963776,1790357236.534969,5947392.0
train/env_steps,5996544,1790357242.953161,5980160.0
train/env_steps,6029312,1790357249.675478,6012928.0
train/env_steps,6062080,1790357256.1813726,6045696.0
train/env_steps,6094848,1790357262.6637514,6078464.0
train/env_steps,6127616,1790357269.285959,6111232.0
train/env_steps,6160384,1790357275.7419198,6144000.0
train/env_steps,6193152,1790357282.2533143,6176768.0
train/env_steps,6225920,1790357288.7637992,6209536.0
train/env_steps,6258688,1790357295.3165789,6242304.0
train/env_steps,6291456,1790357301.8185759,6275072.0
train/env_steps,6324224,1790357308.3888,6307840.0
train/env_steps,6356992,1790357314.8154194,6340608.0
train/env_steps,6389760,1790357321.2856274,6373376.0
train/env_steps,6422528,1790357327.639014,6406144.0
train/env_steps,6455296,1790357334.2717822,6438912.0
train/env_steps,6488064,1790357340.7851806,6471680.0
train/env_steps,6520832,1790357347.1569004,6504448.0
train/env_steps,6553600,1790357353.618611,6537216.0
train/env_steps,6586368,1790357360.098469,6569984.0
train/env_steps,6619136,1790357366.5739117,6602752.0
train/env_steps,6651904,1790357373.1046677,6635520.0
train/env_steps,6684672,1790357379.6907527,6668288.0
train/env_steps,6717440,1790357386.3055794,6701056.0
train/env_steps,6750208,1790357392.846374,6733824.0
train/env_steps,6782976,1790357399.350714,6766592.0
train/env_steps,6815744,1790357405.9060354,6799360.0
train/env_steps,6848512,1790357412.3852015,6832128.0
train/env_steps,6881280,1790357419.0576742,6864896.0
train/env_steps,6914048,1790357425.5319462,6897664.0
train/env_steps,6946816,1790357432.0046306,6930432.0
train/env_steps,6979584,1790357438.2931628,6963200.0
train/env_steps,7012352,1790357445.1141715,6995968.0
train/env_steps,7045120,1790357451.5151496,7028736.0
train/env_steps,7077888,1790357457.8437004,7061504.0
train/env_steps,7110656,1790357464.3037286,7094272.0
train/env_steps,7143424,1790357470.7015586,7127040.0
train/env_steps,7176192,1790357477.1125205,7159808.0
train/env_steps,7208960,1790357483.602871,7192576.0
train/env_steps,7241728,1790357489.6785562,7225344.0
train/env_steps,7274496,1790357496.179747,7258112.0
train/env_steps,7307264,1790357502.5832677,7290880.0
train/env_steps,7340032,1790357508.8824105,7323648.0
train/env_steps,7372800,1790357515.297442,7356416.0
train/env_steps,7405568,1790357521.654955,7389184.0
train/env_steps,7438336,1790357528.113856,7421952.0
train/env_steps,7471104,1790357534.6598866,7454720.0
train/env_steps,7503872,1790357540.9485214,7487488.0
train/env_steps,7536640,1790357547.3132885,7520256.0
train/env_steps,7569408,1790357553.8245666,7553024.0
train/env_steps,7602176,1790357560.3684206,7585792.0
train/env_steps,7634944,1790357566.7642415,7618560.0
train/env_steps,7667712,1790357573.2701163,7651328.0
train/env_steps,7700480,1790357579.7195802,7684096.0
train/env_steps,7733248,1790357586.2491436,7716864.0
train/env_steps,7766016,1790357592.7681477,7749632.0
train/env_steps,7798784,1790357599.289795,7782400.0
train/env_steps,7831552,1790357605.9067464,7815168.0
train/env_steps,7864320,1790357612.5192323,7847936.0
train/env_steps,7897088,1790357619.013253,7880704.0
train/env_steps,7929856,1790357625.5499575,7913472.0
train/env_steps,7962624,1790357632.084306,7946240.0
train/env_steps,7995392,1790357638.8199222,7979008.0
train/env_steps,8028160,1790357645.5112777,8011776.0
train/env_steps,8060928,1790357652.1449757,8044544.0
train/env_steps,8093696,1790357658.718699,8077312.0
train/env_steps,8126464,1790357665.3067157,8110080.0
train/env_steps,8159232,1790357671.8652294,8142848.0
train/env_steps,8192000,1790357678.4944136,8175616.0
train/env_steps,8224768,1790357685.0941794,8208384.0
train/env_steps,8257536,1790357691.5852137,8241152.0
train/env_steps,8290304,1790357698.0881205,8273920.0
train/env_steps,8323072,1790357704.5722647,8306688.0
train/env_steps,8355840,1790357711.0964031,8339456.0
train/env_steps,8388608,1790357717.5737855,8372224.0
train/env_steps,8421376,1790357724.3820012,8404992.0
train/env_steps,8454144,1790357730.9977496,8437760.0
train/env_steps,8486912,1790357737.4766872,8470528.0
train/env_steps,8519680,1790357743.8556418,8503296.0
train/env_steps,8552448,1790357750.7523184,8536064.0
train/env_steps,8585216,1790357757.3214035,8568832.0
train/env_steps,8617984,1790357763.858052,8601600.0
train/env_steps,8650752,1790357770.481861,8634368.0
train/env_steps,8683520,1790357777.0510316,8667136.0
train/env_steps,8716288,1790357783.56636,8699904.0
train/env_steps,8749056,1790357789.9957032,8732672.0
train/env_steps,8781824,1790357796.5818205,8765440.0
train/env_steps,8814592,1790357803.1860943,8798208.0
train/env_steps,8847360,1790357809.7086012,8830976.0
train/env_steps,8880128,1790357816.2469192,8863744.0
train/env_steps,8912896,1790357822.6396563,8896512.0
train/env_steps,8945664,1790357829.327297,8929280.0
train/env_steps,8978432,1790357836.0001981,8962048.0
train/env_steps,9011200,1790357842.8984048,8994816.0
train/env_steps,9043968,1790357849.4635198,9027584.0
train/env_steps,9076736,1790357855.8416836,9060352.0
train/env_steps,9109504,1790357862.5366654,9093120.0
train/env_steps,9142272,1790357869.076422,9125888.0
train/env_steps,9175040,1790357875.6043706,9158656.0
train/env_steps,9207808,1790357882.0665853,9191424.0
train/env_steps,9240576,1790357888.660971,9224192.0
train/env_steps,9273344,1790357895.040347,9256960.0
train/env_steps,9306112,1790357901.4509065,9289728.0
train/env_steps,9338880,1790357907.9641204,9322496.0
train/env_steps,9371648,1790357914.3467963,9355264.0
train/env_steps,9404416,1790357920.842513,9388032.0
train/env_steps,9437184,1790357927.1559792,9420800.0
train/env_steps,9469952,1790357933.67075,9453568.0
train/env_steps,9502720,1790357940.1571367,9486336.0
train/env_steps,9535488,1790357946.6134546,9519104.0
train/env_steps,9568256,1790357952.9862669,9551872.0
train/env_steps,9601024,1790357959.5412455,9584640.0
train/env_steps,9633792,1790357965.9010632,9617408.0
train/env_steps,9666560,1790357972.441891,9650176.0
train/env_steps,9699328,1790357978.9564013,9682944.0
train/env_steps,9732096,1790357985.431925,9715712.0
train/env_steps,9764864,1790357991.8383117,9748480.0
train/env_steps,9797632,1790357998.2639337,9781248.0
train/env_steps,9830400,1790358004.900954,9814016.0
train/env_steps,9863168,1790358011.4095507,9846784.0
train/env_steps,9895936,1790358017.8067734,9879552.0
train/env_steps,9928704,1790358024.3531146,9912320.0
train/env_steps,9961472,1790358031.0349905,9945088.0
train/env_steps,9994240,1790358037.6232443,9977856.0
train/env_steps,10027008,1790358044.4512255,10010624.0
train/env_steps,10059776,1790358050.9936461,10043392.0
train/env_steps,10092544,1790358057.4122944,10076160.0
train/env_steps,10125312,1790358063.994555,10108928.0
train/env_steps,10158080,1790358070.6776927,10141696.0
train/env_steps,10190848,1790358077.282143,10174464.0
train/env_steps,10223616,1790358083.8215375,10207232.0
train/env_steps,10256384,1790358090.2252786,10240000.0
train/env_steps,10289152,1790358096.9284265,10272768.0
train/env_steps,10321920,1790358103.4766123,10305536.0
train/env_steps,10354688,1790358109.921622,10338304.0
train/env_steps,10387456,1790358116.4460616,10371072.0
train/env_steps,10420224,1790358122.8827057,10403840.0
train/env_steps,10452992,1790358129.387219,10436608.0
train/env_steps,10485760,1790358135.7313104,10469376.0
train/env_steps,10518528,1790358142.513191,10502144.0
train/env_steps,10551296,1790358148.9249306,10534912.0
train/env_steps,10584064,1790358155.4339201,10567680.0
train/env_steps,10616832,1790358161.9906037,10600448.0
train/env_steps,10649600,1790358168.2886093,10633216.0
train/env_steps,10682368,1790358174.9557822,10665984.0
train/env_steps,10715136,1790358181.5476334,10698752.0
train/env_steps,10747904,1790358188.2891426,10731520.0
train/env_steps,10780672,1790358194.8223774,10764288.0
train/env_steps,10813440,1790358201.233482,10797056.0
train/env_steps,10846208,1790358207.6524596,10829824.0
train/env_steps,10878976,1790358214.0928442,10862592.0
train/env_steps,10911744,1790358220.689868,10895360.0
train/env_steps,10944512,1790358227.1396706,10928128.0
train/env_steps,10977280,1790358233.4776242,10960896.0
train/env_steps,11010048,1790358240.1570985,10993664.0
train/env_steps,11042816,1790358246.4780998,11026432.0
train/env_steps,11075584,1790358253.038581,11059200.0
train/env_steps,11108352,1790358259.4663544,11091968.0
train/env_steps,11141120,1790358266.006791,11124736.0
train/env_steps,11173888,1790358272.5438976,11157504.0
train/env_steps,11206656,1790358279.277793,11190272.0
train/env_steps,11239424,1790358285.742459,11223040.0
train/env_steps,11272192,1790358292.2419279,11255808.0
train/env_steps,11304960,1790358298.7231607,11288576.0
train/env_steps,11337728,1790358305.1279755,11321344.0
train/env_steps,11370496,1790358311.7997718,11354112.0
train/env_steps,11403264,1790358318.1237586,11386880.0
train/env_steps,11436032,1790358324.5660748,11419648.0
train/env_steps,11468800,1790358331.0194228,11452416.0
train/env_steps,11501568,1790358337.4909785,11485184.0
train/env_steps,11534336,1790358344.0557897,11517952.0
train/env_steps,11567104,1790358350.5497973,11550720.0
train/env_steps,11599872,1790358356.9742165,11583488.0
train/env_steps,11632640,1790358363.2007637,11616256.0
train/env_steps,11665408,1790358369.7198715,11649024.0
train/env_steps,11698176,1790358376.1306221,11681792.0
train/env_steps,11730944,1790358382.6181688,11714560.0
train/env_steps,11763712,1790358389.2728424,11747328.0
train/env_steps,11796480,1790358395.7505074,11780096.0
train/env_steps,11829248,1790358402.4209774,11812864.0
train/env_steps,11862016,1790358408.7609038,11845632.0
train/env_steps,11894784,1790358415.16821,11878400.0
train/env_steps,11927552,1790358421.8812647,11911168.0
train/env_steps,11960320,1790358428.4216697,11943936.0
train/env_steps,11993088,1790358434.7580895,11976704.0
train/env_steps,12025856,1790358441.5508606,12009472.0
train/env_steps,12058624,1790358447.9814825,12042240.0
train/env_steps,12091392,1790358454.5085242,12075008.0
train/env_steps,12124160,1790358461.0964553,12107776.0
train/env_steps,12156928,1790358467.5592415,12140544.0
train/env_steps,12189696,1790358474.2178612,12173312.0
train/env_steps,12222464,1790358480.7054935,12206080.0
train/env_steps,12255232,1790358487.5208046,12238848.0
train/env_steps,12288000,1790358494.2079983,12271616.0
train/env_steps,12320768,1790358500.8055258,12304384.0
train/env_steps,12353536,1790358507.528476,12337152.0
train/env_steps,12386304,1790358514.1516788,12369920.0
train/env_steps,12419072,1790358520.7323334,12402688.0
train/env_steps,12451840,1790358527.3514683,12435456.0
train/env_steps,12484608,1790358533.8672302,12468224.0
train/env_steps,12517376,1790358540.5000265,12500992.0
train/env_steps,12550144,1790358547.2994983,12533760.0
train/env_steps,12582912,1790358553.9440827,12566528.0
train/env_steps,12615680,1790358560.5348477,12599296.0
train/env_steps,12648448,1790358567.1582594,12632064.0
train/env_steps,12681216,1790358573.7677002,12664832.0
train/env_steps,12713984,1790358580.3552687,12697600.0
train/env_steps,12746752,1790358586.9906244,12730368.0
train/env_steps,12779520,1790358593.5273006,12763136.0
train/env_steps,12812288,1790358600.3354554,12795904.0
train/env_steps,12845056,1790358606.9981809,12828672.0
train/env_steps,12877824,1790358613.6200457,12861440.0
train/env_steps,12910592,1790358620.1369402,12894208.0
train/env_steps,12943360,1790358626.782285,12926976.0
train/env_steps,12976128,1790358633.3171792,12959744.0
train/env_steps,13008896,1790358640.322273,12992512.0
train/env_steps,13041664,1790358646.8694973,13025280.0
train/env_steps,13074432,1790358653.5336227,13058048.0
train/env_steps,13107200,1790358660.0116415,13090816.0
train/env_steps,13139968,1790358666.515954,13123584.0
train/env_steps,13172736,1790358673.040473,13156352.0
train/env_steps,13205504,1790358679.6879952,13189120.0
train/env_steps,13238272,1790358686.2921817,13221888.0
train/env_steps,13271040,1790358692.7985158,13254656.0
train/env_steps,13303808,1790358699.4132974,13287424.0
train/env_steps,13336576,1790358706.0290878,13320192.0
train/env_steps,13369344,1790358712.688777,13352960.0
train/env_steps,13402112,1790358719.3681352,13385728.0
train/env_steps,13434880,1790358725.9369743,13418496.0
train/env_steps,13467648,1790358732.4958873,13451264.0
train/env_steps,13500416,1790358739.0911255,13484032.0
train/env_steps,13533184,1790358745.7592132,13516800.0
train/env_steps,13565952,1790358752.3439145,13549568.0
train/env_steps,13598720,1790358758.942253,13582336.0
train/env_steps,13631488,1790358765.599095,13615104.0
train/env_steps,13664256,1790358772.1247203,13647872.0
train/env_steps,13697024,1790358778.7717385,13680640.0
train/env_steps,13729792,1790358785.3627546,13713408.0
train/env_steps,13762560,1790358792.0571926,13746176.0
train/env_steps,13795328,1790358798.7736468,13778944.0
train/env_steps,13828096,1790358805.4582727,13811712.0
train/env_steps,13860864,1790358812.067986,13844480.0
train/env_steps,13893632,1790358818.72662,13877248.0
train/env_steps,13926400,1790358825.3723662,13910016.0
train/env_steps,13959168,1790358832.1898031,13942784.0
train/env_steps,13991936,1790358838.850178,13975552.0
train/env_steps,14024704,1790358845.7301254,14008320.0
train/env_steps,14057472,1790358852.3654933,14041088.0
train/env_steps,14090240,1790358858.8088346,14073856.0
train/env_steps,14123008,1790358865.4512393,14106624.0
train/env_steps,14155776,1790358871.9385984,14139392.0
train/env_steps,14188544,1790358878.560969,14172160.0
train/env_steps,14221312,1790358885.1771023,14204928.0
train/env_steps,14254080,1790358891.7655573,14237696.0
train/env_steps,14286848,1790358898.4246655,14270464.0
train/env_steps,14319616,1790358904.9755332,14303232.0
train/env_steps,14352384,1790358911.853568,14336000.0
train/env_steps,14385152,1790358918.3460393,14368768.0
train/env_steps,14417920,1790358924.9472318,14401536.0
train/env_steps,14450688,1790358931.484324,14434304.0
train/env_steps,14483456,1790358938.033505,14467072.0
train/env_steps,14516224,1790358944.5387106,14499840.0
train/env_steps,14548992,1790358951.1436608,14532608.0
train/env_steps,14581760,1790358957.7414994,14565376.0
train/env_steps,14614528,1790358964.3849623,14598144.0
train/env_steps,14647296,1790358971.0261023,14630912.0
train/env_steps,14680064,1790358977.4667845,14663680.0
train/env_steps,14712832,1790358983.9573567,14696448.0
train/env_steps,14745600,1790358990.518927,14729216.0
train/env_steps,14778368,1790358997.0835268,14761984.0
train/env_steps,14811136,1790359003.638689,14794752.0
train/env_steps,14843904,1790359010.222433,14827520.0
train/env_steps,14876672,1790359016.8373468,14860288.0
train/env_steps,14909440,1790359023.301281,14893056.0
train/env_steps,14942208,1790359029.9771461,14925824.0
train/env_steps,14974976,1790359036.500399,14958592.0
train/env_steps,15007744,1790359043.319762,14991360.0
train/env_steps,15040512,1790359049.7935264,15024128.0
train/env_steps,15073280,1790359056.4477613,15056896.0
train/env_steps,15106048,1790359062.9031456,15089664.0
train/env_steps,15138816,1790359069.5663962,15122432.0
train/env_steps,15171584,1790359076.1328058,15155200.0
train/env_steps,15204352,1790359082.5727098,15187968.0
train/env_steps,15237120,1790359089.2569187,15220736.0
train/env_steps,15269888,1790359095.8413477,15253504.0
train/env_steps,15302656,1790359102.4834263,15286272.0
train/env_steps,15335424,1790359109.158033,15319040.0
train/env_steps,15368192,1790359115.7500815,15351808.0
train/env_steps,15400960,1790359122.3556733,15384576.0
train/env_steps,15433728,1790359128.9881098,15417344.0
train/env_steps,15466496,1790359135.691525,15450112.0
train/env_steps,15499264,1790359142.1801498,15482880.0
train/env_steps,15532032,1790359148.8108134,15515648.0
train/env_steps,15564800,1790359155.350202,15548416.0
train/env_steps,15597568,1790359161.9549243,15581184.0
train/env_steps,15630336,1790359168.6579316,15613952.0
train/env_steps,15663104,1790359175.1485279,15646720.0
train/env_steps,15695872,1790359181.8287933,15679488.0
train/env_steps,15728640,1790359188.5984168,15712256.0
train/env_steps,15761408,1790359195.0932648,15745024.0
train/env_steps,15794176,1790359201.6287985,15777792.0
train/env_steps,15826944,1790359208.180991,15810560.0
train/env_steps,15859712,1790359214.7128494,15843328.0
train/env_steps,15892480,1790359221.2950592,15876096.0
train/env_steps,15925248,1790359228.0414069,15908864.0
train/env_steps,15958016,1790359234.594362,15941632.0
train/env_steps,15990784,1790359241.1772287,15974400.0
train/env_steps,16023552,1790359247.9262767,16007168.0
train/env_steps,16056320,1790359254.4873154,16039936.0
train/env_steps,16089088,1790359261.1592991,16072704.0
train/env_steps,16121856,1790359267.7628613,16105472.0
train/env_steps,16154624,1790359274.318531,16138240.0
train/env_steps,16187392,1790359280.8672109,16171008.0
train/env_steps,16220160,1790359287.3898506,16203776.0
train/env_steps,16252928,1790359294.2208986,16236544.0
train/env_steps,16285696,1790359300.7009172,16269312.0
train/env_steps,16318464,1790359307.3396614,16302080.0
train/env_steps,16351232,1790359313.8951895,16334848.0
train/env_steps,16384000,1790359320.517716,16367616.0
train/env_steps,16416768,1790359326.9779286,16400384.0
train/env_steps,16449536,1790359333.58911,16433152.0
train/env_steps,16482304,1790359340.2633717,16465920.0
train/env_steps,16515072,1790359346.7969034,16498688.0
train/env_steps,16547840,1790359353.2183053,16531456.0
train/env_steps,16580608,1790359359.8971379,16564224.0
train/env_steps,16613376,1790359366.337674,16596992.0
train/env_steps,16646144,1790359372.8518083,16629760.0
train/env_steps,16678912,1790359379.4930544,16662528.0
train/env_steps,16711680,1790359386.092749,16695296.0
train/env_steps,16744448,1790359392.8178697,16728064.0
train/env_steps,16777216,1790359399.5439234,16760832.0
train/env_steps,16809984,1790359406.0212326,16793600.0
train/env_steps,16842752,1790359412.7724059,16826368.0
train/env_steps,16875520,1790359419.3306837,16859136.0
train/env_steps,16908288,1790359426.128625,16891904.0
train/env_steps,16941056,1790359432.612252,16924672.0
train/env_steps,16973824,1790359439.1948097,16957440.0
train/env_steps,17006592,1790359446.067599,16990208.0
train/env_steps,17039360,1790359452.54529,17022976.0
train/env_steps,17072128,1790359459.1452775,17055744.0
train/env_steps,17104896,1790359465.7669642,17088512.0
train/env_steps,17137664,1790359472.3344293,17121280.0
train/env_steps,17170432,1790359479.0331678,17154048.0
train/env_steps,17203200,1790359485.7823327,17186816.0
train/env_steps,17235968,1790359492.366542,17219584.0
train/env_steps,17268736,1790359499.061668,17252352.0
train/env_steps,17301504,1790359505.6897066,17285120.0
train/env_steps,17334272,1790359512.3940866,17317888.0
train/env_steps,17367040,1790359518.960852,17350656.0
train/env_steps,17399808,1790359525.603005,17383424.0
train/env_steps,17432576,1790359532.2749658,17416192.0
train/env_steps,17465344,1790359538.9363616,17448960.0
train/env_steps,17498112,1790359545.5956182,17481728.0
train/env_steps,17530880,1790359552.1915772,17514496.0
train/env_steps,17563648,1790359558.7966557,17547264.0
train/env_steps,17596416,1790359565.408792,17580032.0
train/env_steps,17629184,1790359572.003752,17612800.0
train/env_steps,17661952,1790359578.5527694,17645568.0
train/env_steps,17694720,1790359585.1241398,17678336.0
train/env_steps,17727488,1790359591.6424563,17711104.0
train/env_steps,17760256,1790359598.2518039,17743872.0
train/env_steps,17793024,1790359604.7880216,17776640.0
train/env_steps,17825792,1790359611.318375,17809408.0
train/env_steps,17858560,1790359618.0230813,17842176.0
train/env_steps,17891328,1790359624.7190733,17874944.0
train/env_steps,17924096,1790359631.351332,17907712.0
train/env_steps,17956864,1790359638.0274177,17940480.0
train/env_steps,17989632,1790359644.551708,17973248.0
train/env_steps,18022400,1790359651.4731634,18006016.0
train/env_steps,18055168,1790359658.1367645,18038784.0
train/env_steps,18087936,1790359664.7020817,18071552.0
train/env_steps,18120704,1790359671.406966,18104320.0
train/env_steps,18153472,1790359678.1031373,18137088.0
train/env_steps,18186240,1790359684.6356952,18169856.0
train/env_steps,18219008,1790359691.0830426,18202624.0
train/env_steps,18251776,1790359697.852158,18235392.0
train/env_steps,18284544,1790359704.4536264,18268160.0
train/env_steps,18317312,1790359710.9928067,18300928.0
train/env_steps,18350080,1790359717.6904354,18333696.0
train/env_steps,18382848,1790359724.393709,18366464.0
train/env_steps,18415616,1790359730.9608386,18399232.0
train/env_steps,18448384,1790359737.527575,18432000.0
train/env_steps,18481152,1790359744.1427932,18464768.0
train/env_steps,18513920,1790359751.0361257,18497536.0
train/env_steps,18546688,1790359757.6274571,18530304.0
train/env_steps,18579456,1790359764.253645,18563072.0
train/env_steps,18612224,1790359770.81625,18595840.0
train/env_steps,18644992,1790359777.3847888,18628608.0
train/env_steps,18677760,1790359784.0283704,18661376.0
train/env_steps,18710528,1790359790.5737038,18694144.0
train/env_steps,18743296,1790359797.1705043,18726912.0
train/env_steps,18776064,1790359803.8245332,18759680.0
train/env_steps,18808832,1790359810.4134657,18792448.0
train/env_steps,18841600,1790359817.164311,18825216.0
train/env_steps,18874368,1790359823.7153277,18857984.0
train/env_steps,18907136,1790359830.4675927,18890752.0
train/env_steps,18939904,1790359837.1044655,18923520.0
train/env_steps,18972672,1790359843.7761052,18956288.0
train/env_steps,19005440,1790359850.7126431,18989056.0
train/env_steps,19038208,1790359857.428294,19021824.0
train/env_steps,19070976,1790359863.9254959,19054592.0
train/env_steps,19103744,1790359870.7912366,19087360.0
train/env_steps,19136512,1790359877.4597845,19120128.0
train/env_steps,19169280,1790359884.0998745,19152896.0
train/env_steps,19202048,1790359890.812672,19185664.0
train/env_steps,19234816,1790359897.347554,19218432.0
train/env_steps,19267584,1790359904.0376177,19251200.0
train/env_steps,19300352,1790359910.7336423,19283968.0
train/env_steps,19333120,1790359917.6139607,19316736.0
train/env_steps,19365888,1790359924.265948,19349504.0
train/env_steps,19398656,1790359930.9000373,19382272.0
train/env_steps,19431424,1790359937.6519294,19415040.0
train/env_steps,19464192,1790359944.2697976,19447808.0
train/env_steps,19496960,1790359950.8950937,19480576.0
train/env_steps,19529728,1790359957.7040944,19513344.0
train/env_steps,19562496,1790359964.3352163,19546112.0
train/env_steps,19595264,1790359971.0239785,19578880.0
train/env_steps,19628032,1790359977.7704186,19611648.0
train/env_steps,19660800,1790359984.3698335,19644416.0
train/env_steps,19693568,1790359990.9709644,19677184.0
train/env_steps,19726336,1790359997.5452116,19709952.0
train/env_steps,19759104,1790360004.1303687,19742720.0
train/env_steps,19791872,1790360010.7937465,19775488.0
train/env_steps,19824640,1790360017.4735112,19808256.0
train/env_steps,19857408,1790360024.078396,19841024.0
train/env_steps,19890176,1790360030.671925,19873792.0
train/env_steps,19922944,1790360037.2472997,19906560.0
train/env_steps,19955712,1790360043.8086565,19939328.0
train/env_steps,19988480,1790360050.6205473,19972096.0
train/env_steps,20021248,1790360058.5472088,20004864.0
train/env_steps,20054016,1790360065.3267794,20037632.0
train/env_steps,20086784,1790360071.8819554,20070400.0
train/env_steps,20119552,1790360078.5998363,20103168.0
train/env_steps,20152320,1790360085.174731,20135936.0
train/env_steps,20185088,1790360091.6485152,20168704.0
train/env_steps,20217856,1790360098.2348957,20201472.0
train/env_steps,20250624,1790360104.9308717,20234240.0
train/env_steps,20283392,1790360111.597265,20267008.0
train/env_steps,20316160,1790360118.2472873,20299776.0
train/env_steps,20348928,1790360124.8169653,20332544.0
train/env_steps,20381696,1790360131.4397728,20365312.0
train/env_steps,20414464,1790360138.0432284,20398080.0
train/env_steps,20447232,1790360144.7056339,20430848.0
train/env_steps,20480000,1790360151.3306177,20463616.0
train/env_steps,20512768,1790360157.9541907,20496384.0
train/env_steps,20545536,1790360164.7248085,20529152.0
train/env_steps,20578304,1790360171.477163,20561920.0
train/env_steps,20611072,1790360178.1530523,20594688.0
train/env_steps,20643840,1790360184.8055258,20627456.0
train/env_steps,20676608,1790360191.4505126,20660224.0
train/env_steps,20709376,1790360198.1843367,20692992.0
train/env_steps,20742144,1790360204.9704304,20725760.0
train/env_steps,20774912,1790360211.684848,20758528.0
train/env_steps,20807680,1790360218.340737,20791296.0
train/env_steps,20840448,1790360225.0435624,20824064.0
train/env_steps,20873216,1790360231.791123,20856832.0
train/env_steps,20905984,1790360238.4221077,20889600.0
train/env_steps,20938752,1790360245.1333382,20922368.0
train/env_steps,20971520,1790360251.8136587,20955136.0
train/env_steps,21004288,1790360258.576333,20987904.0
train/env_steps,21037056,1790360265.2237022,21020672.0
train/env_steps,21069824,1790360271.863226,21053440.0
train/env_steps,21102592,1790360278.4466147,21086208.0
train/env_steps,21135360,1790360285.0727968,21118976.0
train/env_steps,21168128,1790360291.744011,21151744.0
train/env_steps,21200896,1790360298.451729,21184512.0
train/env_steps,21233664,1790360305.1147838,21217280.0
train/env_steps,21266432,1790360311.7695305,21250048.0
train/env_steps,21299200,1790360318.4251742,21282816.0
train/env_steps,21331968,1790360325.0881085,21315584.0
train/env_steps,21364736,1790360331.7681456,21348352.0
train/env_steps,21397504,1790360338.5978057,21381120.0
train/env_steps,21430272,1790360345.1612418,21413888.0
train/env_steps,21463040,1790360351.7544076,21446656.0
train/env_steps,21495808,1790360358.545552,21479424.0
train/env_steps,21528576,1790360365.1306205,21512192.0
train/env_steps,21561344,1790360371.8542335,21544960.0
train/env_steps,21594112,1790360378.41748,21577728.0
train/env_steps,21626880,1790360385.0000513,21610496.0
train/env_steps,21659648,1790360391.6610937,21643264.0
train/env_steps,21692416,1790360398.324647,21676032.0
train/env_steps,21725184,1790360404.9800847,21708800.0
train/env_steps,21757952,1790360411.5488448,21741568.0
train/env_steps,21790720,1790360418.1683583,21774336.0
train/env_steps,21823488,1790360424.974179,21807104.0
train/env_steps,21856256,1790360431.4989843,21839872.0
train/env_steps,21889024,1790360438.3516119,21872640.0
train/env_steps,21921792,1790360444.8854432,21905408.0
train/env_steps,21954560,1790360451.5993376,21938176.0
train/env_steps,21987328,1790360458.3321562,21970944.0
train/env_steps,22020096,1790360465.3471804,22003712.0
train/env_steps,22052864,1790360471.9335012,22036480.0
train/env_steps,22085632,1790360478.6005933,22069248.0
train/env_steps,22118400,1790360485.3675761,22102016.0
train/env_steps,22151168,1790360492.0241323,22134784.0
train/env_steps,22183936,1790360498.6234941,22167552.0
train/env_steps,22216704,1790360505.233798,22200320.0
train/env_steps,22249472,1790360511.8858998,22233088.0
train/env_steps,22282240,1790360518.5312786,22265856.0
train/env_steps,22315008,1790360525.2605028,22298624.0
train/env_steps,22347776,1790360531.9600482,22331392.0
train/env_steps,22380544,1790360538.642211,22364160.0
train/env_steps,22413312,1790360545.297759,22396928.0
train/env_steps,22446080,1790360551.97502,22429696.0
train/env_steps,22478848,1790360558.7330678,22462464.0
train/env_steps,22511616,1790360565.5062056,22495232.0
train/env_steps,22544384,1790360572.1548083,22528000.0
train/env_steps,22577152,1790360578.780622,22560768.0
train/env_steps,22609920,1790360585.404522,22593536.0
train/env_steps,22642688,1790360592.3175664,22626304.0
train/env_steps,22675456,1790360598.9722905,22659072.0
train/env_steps,22708224,1790360605.6173446,22691840.0
train/env_steps,22740992,1790360612.2298164,22724608.0
train/env_steps,22773760,1790360618.9046452,22757376.0
train/env_steps,22806528,1790360625.5568178,22790144.0
train/env_steps,22839296,1790360632.2521718,22822912.0
train/env_steps,22872064,1790360638.9456701,22855680.0
train/env_steps,22904832,1790360645.6053588,22888448.0
train/env_steps,22937600,1790360652.2780175,22921216.0
train/env_steps,22970368,1790360659.0936422,22953984.0
train/env_steps,23003136,1790360665.9652596,22986752.0
train/env_steps,23035904,1790360672.6018555,23019520.0
train/env_steps,23068672,1790360679.2374136,23052288.0
train/env_steps,23101440,1790360685.9593651,23085056.0
train/env_steps,23134208,1790360692.6087537,23117824.0
train/env_steps,23166976,1790360699.303369,23150592.0
train/env_steps,23199744,1790360705.987964,23183360.0
train/env_steps,23232512,1790360712.6329474,23216128.0
train/env_steps,23265280,1790360719.3028398,23248896.0
train/env_steps,23298048,1790360725.9787672,23281664.0
train/env_steps,23330816,1790360732.6575894,23314432.0
train/env_steps,23379968,1790360742.6072319,23363584.0
train/env_steps,23412736,1790360749.3236954,23396352.0
train/env_steps,23445504,1790360756.075075,23429120.0
train/env_steps,23478272,1790360762.8404763,23461888.0
train/env_steps,23511040,1790360769.5064018,23494656.0
train/env_steps,23543808,1790360776.1538644,23527424.0
train/env_steps,23576576,1790360782.8496501,23560192.0
train/env_steps,23609344,1790360789.5654633,23592960.0
train/env_steps,23642112,1790360796.443175,23625728.0
train/env_steps,23691264,1790360806.3176663,23674880.0
train/env_steps,23724032,1790360813.0743437,23707648.0
train/env_steps,23756800,1790360819.8851402,23740416.0
train/env_steps,23789568,1790360826.5873208,23773184.0
train/env_steps,23838720,1790360836.5622523,23822336.0
train/env_steps,23887872,1790360846.5517406,23871488.0
train/env_steps,23920640,1790360853.2244952,23904256.0
train/env_steps,23969792,1790360863.14194,23953408.0
train/env_steps,24002560,1790360869.98369,23986176.0
train/env_steps,24035328,1790360876.5154486,24018944.0
train/env_steps,24084480,1790360886.368454,24068096.0
train/env_steps,24117248,1790360893.168694,24100864.0
train/env_steps,24166400,1790360903.079573,24150016.0
train/env_steps,24215552,1790360912.568183,24199168.0
train/env_steps,24264704,1790360922.41334,24248320.0
train/env_steps,24297472,1790360929.2379894,24281088.0
train/env_steps,24346624,1790360939.1726382,24330240.0
train/env_steps,24379392,1790360945.9957783,24363008.0
train/env_steps,24412160,1790360952.8534415,24395776.0
train/env_steps,24461312,1790360962.7260132,24444928.0
train/env_steps,24494080,1790360969.3689954,24477696.0
train/env_steps,24526848,1790360975.9969404,24510464.0
train/env_steps,24576000,1790360985.959844,24559616.0
train/env_steps,24608768,1790360992.5798056,24592384.0
train/env_steps,24657920,1790361002.5974689,24641536.0
train/env_steps,24690688,1790361009.3135014,24674304.0
train/env_steps,24723456,1790361015.9341297,24707072.0
train/env_steps,24756224,1790361022.4618726,24739840.0
train/env_steps,24805376,1790361032.492855,24788992.0
train/env_steps,24854528,1790361042.3696883,24838144.0
train/env_steps,24903680,1790361052.2374134,24887296.0
train/env_steps,24952832,1790361061.8183613,24936448.0
train/env_steps,25001984,1790361072.0325847,24985600.0
train/env_steps,25034752,1790361078.5798535,25018368.0
train/env_steps,25067520,1790361085.1497214,25051136.0
train/env_steps,25100288,1790361091.7203438,25083904.0
train/env_steps,25149440,1790361101.5753965,25133056.0
train/env_steps,25198592,1790361111.4727414,25182208.0
train/env_steps,25247744,1790361121.31469,25231360.0
train/env_steps,25296896,1790361131.1232054,25280512.0
train/env_steps,25329664,1790361137.8999002,25313280.0
train/env_steps,25362432,1790361144.4565408,25346048.0
train/env_steps,25411584,1790361154.2689197,25395200.0
train/env_steps,25460736,1790361164.09414,25444352.0
train/env_steps,25493504,1790361170.5667226,25477120.0
train/env_steps,25526272,1790361177.0599444,25509888.0
train/env_steps,25559040,1790361183.6668217,25542656.0
train/env_steps,25608192,1790361193.6185055,25591808.0
train/env_steps,25657344,1790361203.291303,25640960.0
train/env_steps,25690112,1790361209.8643038,25673728.0
train/env_steps,25739264,1790361219.5363238,25722880.0
train/env_steps,25772032,1790361226.201864,25755648.0
train/env_steps,25821184,1790361235.9510806,25804800.0
train/env_steps,25870336,1790361245.7459779,25853952.0
train/env_steps,25919488,1790361255.5446591,25903104.0
train/env_steps,25968640,1790361265.3545437,25952256.0
train/env_steps,26017792,1790361275.0725374,26001408.0
train/env_steps,26066944,1790361285.0840511,26050560.0
train/env_steps,26116096,1790361294.967961,26099712.0
train/env_steps,26148864,1790361301.4115546,26132480.0
train/env_steps,26181632,1790361308.045945,26165248.0
train/env_steps,26214400,1790361314.576815,26198016.0
train/env_steps,26263552,1790361324.4004612,26247168.0
train/env_steps,26312704,1790361334.3269665,26296320.0
train/env_steps,26345472,1790361340.912833,26329088.0
train/env_steps,26378240,1790361347.4708667,26361856.0
train/env_steps,26427392,1790361357.3066783,26411008.0
train/env_steps,26476544,1790361367.1638243,26460160.0
train/env_steps,26525696,1790361377.1107485,26509312.0
train/env_steps,26558464,1790361383.6691625,26542080.0
train/env_steps,26591232,1790361390.0997927,26574848.0
train/env_steps,26624000,1790361396.7566178,26607616.0
train/env_steps,26656768,1790361403.3966832,26640384.0
train/env_steps,26689536,1790361409.8969965,26673152.0
train/env_steps,26722304,1790361416.4214325,26705920.0
train/env_steps,26771456,1790361426.271502,26755072.0
train/env_steps,26820608,1790361435.9723463,26804224.0
train/env_steps,26869760,1790361445.6442873,26853376.0
train/env_steps,26918912,1790361455.440918,26902528.0
train/env_steps,26951680,1790361461.884017,26935296.0
train/env_steps,26984448,1790361468.1541727,26968064.0
train/env_steps,27017216,1790361474.6743639,27000832.0
train/env_steps,27049984,1790361481.1698487,27033600.0
train/env_steps,27082752,1790361487.642053,27066368.0
train/env_steps,27115520,1790361494.0938518,27099136.0
train/env_steps,27148288,1790361500.7030761,27131904.0
train/env_steps,27197440,1790361510.3610525,27181056.0
train/env_steps,27246592,1790361520.195696,27230208.0
train/env_steps,27295744,1790361529.7031717,27279360.0
train/env_steps,27328512,1790361536.588497,27312128.0
train/env_steps,27377664,1790361546.1217473,27361280.0
train/env_steps,27410432,1790361552.6950984,27394048.0
train/env_steps,27459584,1790361562.3968697,27443200.0
train/env_steps,27508736,1790361572.1582801,27492352.0
train/env_steps,27557888,1790361581.7881644,27541504.0
train/env_steps,27607040,1790361591.4627192,27590656.0
train/env_steps,27639808,1790361597.899489,27623424.0
train/env_steps,27688960,1790361607.4460382,27672576.0
train/env_steps,27738112,1790361617.034758,27721728.0
train/env_steps,27787264,1790361626.8112946,27770880.0
train/env_steps,27836416,1790361636.7494466,27820032.0
train/env_steps,27885568,1790361646.4070544,27869184.0
train/env_steps,27934720,1790361656.1350393,27918336.0
train/env_steps,27983872,1790361665.9302268,27967488.0
train/env_steps,28033024,1790361675.7988021,28016640.0
train/env_steps,28082176,1790361685.6498768,28065792.0
train/env_steps,28131328,1790361695.3324935,28114944.0
train/env_steps,28180480,1790361705.1153536,28164096.0
train/env_steps,28229632,1790361714.960108,28213248.0
train/env_steps,28262400,1790361721.3988135,28246016.0
train/env_steps,28311552,1790361731.0468192,28295168.0
train/env_steps,28344320,1790361737.7617116,28327936.0
train/env_steps,28393472,1790361747.470224,28377088.0
train/env_steps,28442624,1790361757.2713623,28426240.0
train/env_steps,28491776,1790361766.956485,28475392.0
train/env_steps,28524544,1790361773.3174539,28508160.0
train/env_steps,28573696,1790361783.4197328,28557312.0
train/env_steps,28622848,1790361793.1539714,28606464.0
train/env_steps,28672000,1790361802.948535,28655616.0
train/env_steps,28721152,1790361812.7330492,28704768.0
train/env_steps,28770304,1790361822.4690382,28753920.0
train/env_steps,28819456,1790361832.149178,28803072.0
train/env_steps,28852224,1790361838.8862448,28835840.0
train/env_steps,28901376,1790361848.5473876,28884992.0
train/env_steps,28950528,1790361858.2235909,28934144.0
train/env_steps,28999680,1790361868.1078472,28983296.0
train/env_steps,29048832,1790361878.2007146,29032448.0
train/env_steps,29097984,1790361887.8986328,29081600.0
train/env_steps,29147136,1790361897.8283205,29130752.0
train/env_steps,29196288,1790361907.4715927,29179904.0
train/env_steps,29245440,1790361917.3291435,29229056.0
train/env_steps,29278208,1790361923.7840044,29261824.0
train/env_steps,29327360,1790361933.6375012,29310976.0
train/env_steps,29376512,1790361943.5286045,29360128.0
train/env_steps,29409280,1790361950.0959635,29392896.0
train/env_steps,29458432,1790361959.9185495,29442048.0
train/env_steps,29491200,1790361966.541491,29474816.0
train/env_steps,29540352,1790361976.29733,29523968.0
train/env_steps,29589504,1790361986.2890434,29573120.0
train/env_steps,29622272,1790361992.8001842,29605888.0
train/env_steps,29655040,1790361999.5141585,29638656.0
train/env_steps,29704192,1790362009.4748769,29687808.0
train/env_steps,29753344,1790362019.4825718,29736960.0
train/env_steps,29786112,1790362026.121464,29769728.0
train/env_steps,29835264,1790362036.2603858,29818880.0
train/env_steps,29868032,1790362042.8683784,29851648.0
train/env_steps,29917184,1790362052.7430143,29900800.0
train/env_steps,29949952,1790362059.5227952,29933568.0
train/env_steps,29999104,1790362069.5030158,29982720.0
train/env_steps,30048256,1790362079.7419276,30031872.0
train/env_steps,30081024,1790362086.4100928,30064640.0
train/env_steps,30130176,1790362096.6126614,30113792.0
train/env_steps,30179328,1790362106.5771804,30162944.0
train/env_steps,30228480,1790362116.5477235,30212096.0
train/env_steps,30277632,1790362126.6978538,30261248.0
train/env_steps,30326784,1790362136.7177513,30310400.0
train/env_steps,30375936,1790362146.6879442,30359552.0
train/env_steps,30408704,1790362153.584489,30392320.0
train/env_steps,30457856,1790362163.633519,30441472.0
train/env_steps,30507008,1790362173.598853,30490624.0
train/env_steps,30539776,1790362180.4102843,30523392.0
train/env_steps,30588928,1790362190.4183848,30572544.0
train/env_steps,30621696,1790362197.1006958,30605312.0
train/env_steps,30670848,1790362207.1016164,30654464.0
train/env_steps,30720000,1790362217.1288657,30703616.0
train/env_steps,30769152,1790362227.3318985,30752768.0
train/env_steps,30818304,1790362237.3537958,30801920.0
train/env_steps,30867456,1790362247.3176832,30851072.0
train/env_steps,30900224,1790362253.9376101,30883840.0
train/env_steps,30949376,1790362263.8787286,30932992.0
train/env_steps,30998528,1790362273.6818314,30982144.0
train/env_steps,31047680,1790362283.945977,31031296.0
train/env_steps,31096832,1790362293.7993302,31080448.0
train/env_steps,31145984,1790362303.6480932,31129600.0
train/env_steps,31195136,1790362313.5031855,31178752.0
train/env_steps,31244288,1790362323.3997662,31227904.0
train/env_steps,31293440,1790362333.293445,31277056.0
train/env_steps,31342592,1790362343.4250495,31326208.0
train/env_steps,31375360,1790362350.1183677,31358976.0
train/env_steps,31424512,1790362360.142447,31408128.0
train/env_steps,31457280,1790362366.762141,31440896.0
train/env_steps,31506432,1790362376.6994472,31490048.0
train/env_steps,31555584,1790362386.583226,31539200.0
train/env_steps,31604736,1790362396.524283,31588352.0
train/env_steps,31653888,1790362406.4021213,31637504.0
train/env_steps,31703040,1790362416.332987,31686656.0
train/env_steps,31752192,1790362426.2280777,31735808.0
train/env_steps,31801344,1790362436.1068928,31784960.0
train/env_steps,31850496,1790362446.0523705,31834112.0
train/env_steps,31883264,1790362452.695056,31866880.0
train/env_steps,31932416,1790362462.685368,31916032.0
train/env_steps,31981568,1790362472.7441792,31965184.0
train/env_steps,32030720,1790362482.932378,32014336.0
train/env_steps,32063488,1790362489.686451,32047104.0
train/env_steps,32096256,1790362496.3396254,32079872.0
train/env_steps,32129024,1790362503.0974653,32112640.0
train/env_steps,32161792,1790362509.7323058,32145408.0
train/env_steps,32210944,1790362519.7277248,32194560.0
train/env_steps,32260096,1790362529.6236053,32243712.0
train/env_steps,32309248,1790362539.6241467,32292864.0
train/env_steps,32342016,1790362546.3059475,32325632.0
train/env_steps,32391168,1790362556.1750226,32374784.0
train/env_steps,32440320,1790362565.8892453,32423936.0
train/env_steps,32473088,1790362572.6154563,32456704.0
train/env_steps,32522240,1790362582.4760685,32505856.0
train/env_steps,32571392,1790362592.3265395,32555008.0
train/env_steps,32604160,1790362598.784388,32587776.0
train/env_steps,32653312,1790362608.737614,32636928.0
train/env_steps,32702464,1790362618.5753877,32686080.0
train/env_steps,32751616,1790362628.5971315,32735232.0
train/env_steps,32784384,1790362635.0892181,32768000.0
train/env_steps,32833536,1790362645.0685644,32817152.0
train/env_steps,32882688,1790362654.9995294,32866304.0
train/env_steps,32915456,1790362661.569471,32899072.0
train/env_steps,32964608,1790362671.4220257,32948224.0
train/env_steps,33013760,1790362681.5307868,32997376.0
train/env_steps,33062912,1790362691.504944,33046528.0
train/env_steps,33112064,1790362701.4000306,33095680.0
train/env_steps,33161216,1790362711.334859,33144832.0
train/env_steps,33210368,1790362721.2197814,33193984.0
train/env_steps,33259520,1790362731.1810849,33243136.0
train/env_steps,33292288,1790362737.7504094,33275904.0
train/env_steps,33341440,1790362747.770734,33325056.0
train/env_steps,33390592,1790362757.834981,33374208.0
train/env_steps,33439744,1790362767.7763128,33423360.0
train/env_steps,33488896,1790362777.823281,33472512.0
train/env_steps,33521664,1790362784.5118163,33505280.0
train/env_steps,33570816,1790362794.3721066,33554432.0
train/env_steps,33619968,1790362804.2294738,33603584.0
train/env_steps,33669120,1790362814.1341386,33652736.0
train/env_steps,33718272,1790362824.3351007,33701888.0
train/env_steps,33751040,1790362830.9370625,33734656.0
train/env_steps,33800192,1790362840.8368797,33783808.0
train/env_steps,33849344,1790362850.8872483,33832960.0
train/env_steps,33882112,1790362857.4158132,33865728.0
train/env_steps,33931264,1790362867.2324066,33914880.0
train/env_steps,33980416,1790362877.139242,33964032.0
train/env_steps,34029568,1790362887.3278341,34013184.0
train/env_steps,34062336,1790362893.90994,34045952.0
train/env_steps,34095104,1790362900.408614,34078720.0
train/env_steps,34127872,1790362907.0088804,34111488.0
train/env_steps,34177024,1790362916.8664446,34160640.0
train/env_steps,34226176,1790362926.512597,34209792.0
train/env_steps,34275328,1790362936.461313,34258944.0
train/env_steps,34324480,1790362946.2907193,34308096.0
train/env_steps,34373632,1790362956.026113,34357248.0
train/env_steps,34406400,1790362962.7017426,34390016.0
train/env_steps,34455552,1790362972.456862,34439168.0
train/env_steps,34504704,1790362982.2345147,34488320.0
train/env_steps,34537472,1790362988.7122777,34521088.0
train/env_steps,34586624,1790362998.587412,34570240.0
train/env_steps,34635776,1790363008.20184,34619392.0
train/env_steps,34684928,1790363018.1651187,34668544.0
train/env_steps,34734080,1790363027.8402216,34717696.0
train/env_steps,34766848,1790363034.5630543,34750464.0
train/env_steps,34816000,1790363044.2921948,34799616.0
train/env_steps,34865152,1790363054.1814592,34848768.0
train/env_steps,34914304,1790363064.0503855,34897920.0
train/env_steps,34963456,1790363073.8969543,34947072.0
train/env_steps,34996224,1790363080.2832046,34979840.0
train/env_steps,35045376,1790363090.4897823,35028992.0
train/env_steps,35094528,1790363100.2202013,35078144.0
train/env_steps,35127296,1790363106.7395735,35110912.0
train/env_steps,35160064,1790363113.21372,35143680.0
train/env_steps,35192832,1790363119.8698366,35176448.0
train/env_steps,35241984,1790363129.6243677,35225600.0
train/env_steps,35291136,1790363139.460937,35274752.0
train/env_steps,35340288,1790363149.2109554,35323904.0
train/env_steps,35389440,1790363158.9435096,35373056.0
train/env_steps,35422208,1790363165.643904,35405824.0
train/env_steps,35471360,1790363175.487566,35454976.0
train/env_steps,35520512,1790363185.149247,35504128.0
train/env_steps,35569664,1790363194.9005303,35553280.0
train/env_steps,35602432,1790363201.5589428,35586048.0
train/env_steps,35651584,1790363211.261013,35635200.0
train/env_steps,35684352,1790363217.832451,35667968.0
train/env_steps,35733504,1790363227.5978918,35717120.0
train/env_steps,35782656,1790363237.2841918,35766272.0
train/env_steps,35831808,1790363247.2547305,35815424.0
train/env_steps,35864576,1790363253.8591053,35848192.0
train/env_steps,35897344,1790363260.4802303,35880960.0
train/env_steps,35946496,1790363270.3283885,35930112.0
train/env_steps,35995648,1790363280.0992544,35979264.0
train/env_steps,36044800,1790363290.0941973,36028416.0
train/env_steps,36077568,1790363296.6636894,36061184.0
train/env_steps,36110336,1790363303.2047715,36093952.0
train/env_steps,36143104,1790363309.7573817,36126720.0
train/env_steps,36192256,1790363319.511368,36175872.0
train/env_steps,36241408,1790363329.2530067,36225024.0
train/env_steps,36274176,1790363335.802868,36257792.0
train/env_steps,36306944,1790363342.4735909,36290560.0
train/env_steps,36356096,1790363352.2376013,36339712.0
train/env_steps,36388864,1790363358.8263113,36372480.0
train/env_steps,36438016,1790363368.4739172,36421632.0
train/env_steps,36487168,1790363378.286772,36470784.0
train/env_steps,36536320,1790363388.0757606,36519936.0
train/env_steps,36569088,1790363394.589056,36552704.0
train/env_steps,36618240,1790363404.3436513,36601856.0
train/env_steps,36651008,1790363410.8949502,36634624.0
train/env_steps,36683776,1790363417.5199027,36667392.0
train/env_steps,36732928,1790363427.2410564,36716544.0
train/env_steps,36765696,1790363433.745591,36749312.0
train/env_steps,36798464,1790363440.295451,36782080.0
train/env_steps,36847616,1790363450.3527632,36831232.0
train/env_steps,36896768,1790363459.90507,36880384.0
train/env_steps,36929536,1790363466.5861459,36913152.0
train/env_steps,36978688,1790363476.443694,36962304.0
train/env_steps,37011456,1790363483.1693802,36995072.0
train/env_steps,37060608,1790363492.8161407,37044224.0
train/env_steps,37109760,1790363502.7799084,37093376.0
train/env_steps,37158912,1790363512.4939833,37142528.0
train/env_steps,37208064,1790363522.1244688,37191680.0
train/env_steps,37240832,1790363528.8108175,37224448.0
train/env_steps,37289984,1790363538.556295,37273600.0
train/env_steps,37339136,1790363548.3879967,37322752.0
train/env_steps,37388288,1790363558.211615,37371904.0
train/env_steps,37437440,1790363568.1305637,37421056.0
train/env_steps,37486592,1790363577.9009457,37470208.0
train/env_steps,37519360,1790363584.3210132,37502976.0
train/env_steps,37568512,1790363594.1392343,37552128.0
train/env_steps,37617664,1790363603.7579892,37601280.0
train/env_steps,37666816,1790363613.880037,37650432.0
train/env_steps,37715968,1790363623.4465306,37699584.0
train/env_steps,37748736,1790363630.1851428,37732352.0
train/env_steps,37797888,1790363640.1247995,37781504.0
train/env_steps,37847040,1790363649.919635,37830656.0
train/env_steps,37879808,1790363656.431125,37863424.0
train/env_steps,37928960,1790363666.3815842,37912576.0
train/env_steps,37978112,1790363676.0574322,37961728.0
train/env_steps,38027264,1790363686.1468294,38010880.0
train/env_steps,38076416,1790363695.7559984,38060032.0
train/env_steps,38125568,1790363705.521644,38109184.0
train/env_steps,38158336,1790363711.917194,38141952.0
train/env_steps,38207488,1790363722.1033182,38191104.0
train/env_steps,38256640,1790363731.839732,38240256.0
train/env_steps,38305792,1790363741.8751411,38289408.0
train/env_steps,38338560,1790363748.442178,38322176.0
train/env_steps,38371328,1790363755.0243814,38354944.0
train/env_steps,38420480,1790363764.8551981,38404096.0
train/env_steps,38469632,1790363774.7584279,38453248.0
train/env_steps,38518784,1790363784.6344998,38502400.0
train/env_steps,38567936,1790363794.522773,38551552.0
train/env_steps,38617088,1790363804.466981,38600704.0
train/env_steps,38666240,1790363814.4616802,38649856.0
train/env_steps,38699008,1790363821.2243783,38682624.0
train/env_steps,38731776,1790363827.926655,38715392.0
train/env_steps,38780928,1790363837.922382,38764544.0
train/env_steps,38813696,1790363844.6800396,38797312.0
train/env_steps,38862848,1790363854.7595558,38846464.0
train/env_steps,38912000,1790363864.8693163,38895616.0
train/env_steps,38961152,1790363874.8200228,38944768.0
train/env_steps,38993920,1790363881.684778,38977536.0
train/env_steps,39043072,1790363892.0912616,39026688.0
train/env_steps,39092224,1790363902.0912025,39075840.0
train/env_steps,39124992,1790363908.8746035,39108608.0
train/env_steps,39174144,1790363919.0179214,39157760.0
train/env_steps,39206912,1790363925.7304332,39190528.0
train/env_steps,39256064,1790363935.6044638,39239680.0
train/env_steps,39288832,1790363942.4656224,39272448.0
train/env_steps,39337984,1790363952.6151845,39321600.0
train/env_steps,39387136,1790363962.7050972,39370752.0
train/env_steps,39436288,1790363972.7525637,39419904.0
train/env_steps,39469056,1790363979.4409623,39452672.0
train/env_steps,39501824,1790363986.2720578,39485440.0
train/env_steps,39550976,1790363995.9079804,39534592.0
train/env_steps,39583744,1790364002.535669,39567360.0
train/env_steps,39632896,1790364012.5711603,39616512.0
train/env_steps,39665664,1790364019.0867374,39649280.0
train/env_steps,39714816,1790364028.975734,39698432.0
train/env_steps,39763968,1790364038.8140256,39747584.0
train/env_steps,39813120,1790364048.8603919,39796736.0
train/env_steps,39862272,1790364058.8574953,39845888.0
train/env_steps,39911424,1790364068.7694614,39895040.0
train/env_steps,39944192,1790364075.387389,39927808.0
train/env_steps,39993344,1790364085.3768213,39976960.0
train/env_steps,40026112,1790364092.2319937,40009728.0
train/env_steps,40075264,1790364102.1875086,40058880.0
train/env_steps,40124416,1790364112.0818746,40108032.0
train/env_steps,40173568,1790364121.936362,40157184.0
train/env_steps,40222720,1790364131.7848327,40206336.0
train/env_steps,40271872,1790364141.979048,40255488.0
train/env_steps,40304640,1790364148.5521386,40288256.0
train/env_steps,40353792,1790364158.3615823,40337408.0
train/env_steps,40402944,1790364168.3211606,40386560.0
train/env_steps,40452096,1790364178.2594495,40435712.0
train/env_steps,40484864,1790364184.864714,40468480.0
train/env_steps,40534016,1790364194.719498,40517632.0
train/env_steps,40566784,1790364201.3724658,40550400.0
train/env_steps,40599552,1790364208.0433497,40583168.0
train/env_steps,40632320,1790364214.6131556,40615936.0
train/env_steps,40681472,1790364224.5389633,40665088.0
train/env_steps,40730624,1790364234.3993487,40714240.0
train/env_steps,40763392,1790364240.877712,40747008.0
train/env_steps,40812544,1790364250.554843,40796160.0
train/env_steps,40861696,1790364260.1746957,40845312.0
train/env_steps,40910848,1790364270.019352,40894464.0
train/env_steps,40960000,1790364279.9825065,40943616.0
train/env_steps,41009152,1790364290.1276572,40992768.0
train/env_steps,41058304,1790364299.8125315,41041920.0
train/env_steps,41091072,1790364306.2875621,41074688.0
train/env_steps,41140224,1790364316.0313218,41123840.0
train/env_steps,41189376,1790364325.962931,41172992.0
train/env_steps,41238528,1790364335.6014204,41222144.0
train/env_steps,41287680,1790364345.2516046,41271296.0
train/env_steps,41336832,1790364355.133128,41320448.0
train/env_steps,41385984,1790364364.8585563,41369600.0
train/env_steps,41435136,1790364374.8316872,41418752.0
train/env_steps,41484288,1790364384.7002137,41467904.0
train/env_steps,41533440,1790364394.3286479,41517056.0
train/env_steps,41582592,1790364404.1808298,41566208.0
train/env_steps,41631744,1790364413.8944843,41615360.0
train/env_steps,41680896,1790364423.7408235,41664512.0
train/env_steps,41730048,1790364433.5464625,41713664.0
train/env_steps,41779200,1790364443.3426375,41762816.0
train/env_steps,41828352,1790364453.0918102,41811968.0
train/env_steps,41877504,1790364462.9320042,41861120.0
train/env_steps,41926656,1790364472.7054188,41910272.0
train/env_steps,41959424,1790364479.3679616,41943040.0
train/env_steps,42008576,1790364489.386737,41992192.0
train/env_steps,42057728,1790364499.323327,42041344.0
train/env_steps,42106880,1790364509.1051877,42090496.0
train/env_steps,42156032,1790364519.0632913,42139648.0
train/env_steps,42205184,1790364528.7544045,42188800.0
train/env_steps,42254336,1790364538.510492,42237952.0
train/env_steps,42303488,1790364548.3628542,42287104.0
train/env_steps,42352640,1790364558.1462057,42336256.0
train/env_steps,42385408,1790364564.6241589,42369024.0
train/env_steps,42434560,1790364574.4111671,42418176.0
train/env_steps,42483712,1790364584.216528,42467328.0
train/env_steps,42532864,1790364593.832009,42516480.0
train/env_steps,42582016,1790364603.7694595,42565632.0
train/env_steps,42631168,1790364613.5336645,42614784.0
train/env_steps,42680320,1790364623.26243,42663936.0
train/env_steps,42729472,1790364633.1594298,42713088.0
train/env_steps,42778624,1790364642.6656246,42762240.0
train/env_steps,42827776,1790364652.4457026,42811392.0
train/env_steps,42860544,1790364658.815993,42844160.0
train/env_steps,42909696,1790364668.5262148,42893312.0
train/env_steps,42942464,1790364675.1684194,42926080.0
train/env_steps,42991616,1790364684.9354475,42975232.0
train/env_steps,43024384,1790364691.8826423,43008000.0
train/env_steps,43073536,1790364701.6669781,43057152.0
train/env_steps,43122688,1790364711.2952044,43106304.0
train/env_steps,43171840,1790364721.1974194,43155456.0
train/env_steps,43220992,1790364730.7229688,43204608.0
train/env_steps,43270144,1790364740.3513637,43253760.0
train/env_steps,43319296,1790364749.9300246,43302912.0
train/env_steps,43368448,1790364759.9495287,43352064.0
train/env_steps,43417600,1790364769.79575,43401216.0
train/env_steps,43466752,1790364779.5083165,43450368.0
train/env_steps,43515904,1790364789.2827387,43499520.0
train/env_steps,43565056,1790364798.999839,43548672.0
train/env_steps,43614208,1790364809.0861008,43597824.0
train/env_steps,43663360,1790364818.9386618,43646976.0
train/env_steps,43696128,1790364825.4644022,43679744.0
train/env_steps,43745280,1790364835.1984024,43728896.0
train/env_steps,43794432,1790364844.9945452,43778048.0
train/env_steps,43843584,1790364854.742383,43827200.0
train/env_steps,43892736,1790364864.3337111,43876352.0
train/env_steps,43941888,1790364874.247568,43925504.0
train/env_steps,43991040,1790364883.8564446,43974656.0
train/env_steps,44040192,1790364893.9526596,44023808.0
train/env_steps,44089344,1790364903.7729597,44072960.0
train/env_steps,44138496,1790364913.738053,44122112.0
train/env_steps,44187648,1790364923.3123593,44171264.0
train/env_steps,44236800,1790364933.2961135,44220416.0
train/env_steps,44285952,1790364943.1983368,44269568.0
train/env_steps,44335104,1790364952.9000597,44318720.0
train/env_steps,44384256,1790364963.0103703,44367872.0
train/env_steps,44433408,1790364972.8546174,44417024.0
train/env_steps,44482560,1790364982.7234516,44466176.0
train/env_steps,44531712,1790364992.4434934,44515328.0
train/env_steps,44580864,1790365002.2652807,44564480.0
train/env_steps,44630016,1790365012.2511988,44613632.0
train/env_steps,44679168,1790365022.2331822,44662784.0
train/env_steps,44728320,1790365032.0229619,44711936.0
train/env_steps,44777472,1790365041.9064238,44761088.0
train/env_steps,44826624,1790365051.913875,44810240.0
train/env_steps,44875776,1790365061.6717122,44859392.0
train/env_steps,44924928,1790365071.4750905,44908544.0
train/env_steps,44974080,1790365081.3946333,44957696.0
train/env_steps,45006848,1790365088.2513607,44990464.0
train/env_steps,45039616,1790365094.8436515,45023232.0
train/env_steps,45088768,1790365104.6654267,45072384.0
train/env_steps,45137920,1790365114.3451993,45121536.0
train/env_steps,45187072,1790365124.4005785,45170688.0
train/env_steps,45236224,1790365134.2580218,45219840.0
train/env_steps,45285376,1790365144.1526158,45268992.0
train/env_steps,45334528,1790365153.9704776,45318144.0
train/env_steps,45383680,1790365163.807145,45367296.0
train/env_steps,45432832,1790365173.653669,45416448.0
train/env_steps,45481984,1790365183.476776,45465600.0
train/env_steps,45531136,1790365193.3227835,45514752.0
train/env_steps,45580288,1790365203.1543975,45563904.0
train/env_steps,45629440,1790365213.038278,45613056.0
train/env_steps,45678592,1790365222.7856662,45662208.0
train/env_steps,45727744,1790365232.4191444,45711360.0
train/env_steps,45776896,1790365242.1631222,45760512.0
train/env_steps,45826048,1790365251.9637117,45809664.0
train/env_steps,45875200,1790365261.8273861,45858816.0
train/env_steps,45924352,1790365271.5378358,45907968.0
train/env_steps,45973504,1790365281.2767513,45957120.0
train/env_steps,46022656,1790365291.2293062,46006272.0
train/env_steps,46071808,1790365301.2608187,46055424.0
train/env_steps,46120960,1790365310.87753,46104576.0
train/env_steps,46170112,1790365320.4533129,46153728.0
train/env_steps,46219264,1790365330.129963,46202880.0
train/env_steps,46268416,1790365339.7971692,46252032.0
train/env_steps,46317568,1790365349.566781,46301184.0
train/env_steps,46366720,1790365359.200413,46350336.0
train/env_steps,46415872,1790365368.9616966,46399488.0
train/env_steps,46465024,1790365378.682443,46448640.0
train/env_steps,46514176,1790365388.456277,46497792.0
train/env_steps,46563328,1790365398.0806959,46546944.0
train/env_steps,46612480,1790365407.7476287,46596096.0
train/env_steps,46661632,1790365417.1613195,46645248.0
train/env_steps,46710784,1790365426.891748,46694400.0
train/env_steps,46759936,1790365436.4973214,46743552.0
train/env_steps,46809088,1790365446.3125272,46792704.0
train/env_steps,46858240,1790365455.869602,46841856.0
train/env_steps,46907392,1790365465.3504725,46891008.0
train/env_steps,46956544,1790365475.1364563,46940160.0
train/env_steps,47005696,1790365485.2261734,46989312.0
train/env_steps,47054848,1790365495.1682684,47038464.0
train/env_steps,47104000,1790365504.9561977,47087616.0
train/env_steps,47153152,1790365514.6423552,47136768.0
train/env_steps,47202304,1790365524.5424163,47185920.0
train/env_steps,47251456,1790365534.2741702,47235072.0
train/env_steps,47300608,1790365544.137338,47284224.0
train/env_steps,47349760,1790365553.9747818,47333376.0
train/env_steps,47398912,1790365563.822619,47382528.0
train/env_steps,47448064,1790365573.4779248,47431680.0
train/env_steps,47497216,1790365583.2128701,47480832.0
train/env_steps,47546368,1790365593.2459612,47529984.0
train/env_steps,47595520,1790365603.0062866,47579136.0
train/env_steps,47644672,1790365612.8566031,47628288.0
train/env_steps,47693824,1790365622.8017123,47677440.0
train/env_steps,47742976,1790365632.62122,47726592.0
train/env_steps,47792128,1790365642.661825,47775744.0
train/env_steps,47841280,1790365652.6269143,47824896.0
train/env_steps,47890432,1790365662.340241,47874048.0
train/env_steps,47939584,1790365672.3340762,47923200.0
train/env_steps,47988736,1790365682.3535788,47972352.0
train/env_steps,48037888,1790365692.3953586,48021504.0
train/env_steps,48087040,1790365702.30422,48070656.0
train/env_steps,48136192,1790365712.0568168,48119808.0
train/env_steps,48185344,1790365721.964598,48168960.0
train/env_steps,48234496,1790365731.81922,48218112.0
train/env_steps,48283648,1790365741.8256466,48267264.0
train/env_steps,48332800,1790365751.7705708,48316416.0
train/env_steps,48381952,1790365761.6761408,48365568.0
train/env_steps,48431104,1790365771.4332514,48414720.0
train/env_steps,48480256,1790365781.3075502,48463872.0
train/env_steps,48529408,1790365791.023078,48513024.0
train/env_steps,48578560,1790365800.8136795,48562176.0
train/env_steps,48627712,1790365810.7587547,48611328.0
train/env_steps,48676864,1790365820.5450687,48660480.0
train/env_steps,48726016,1790365830.366415,48709632.0
train/env_steps,48775168,1790365840.247908,48758784.0
train/env_steps,48824320,1790365850.2020204,48807936.0
train/env_steps,48873472,1790365860.0285413,48857088.0
train/env_steps,48922624,1790365870.0575337,48906240.0
train/env_steps,48971776,1790365879.718312,48955392.0
train/env_steps,49020928,1790365889.9306726,49004544.0
train/env_steps,49070080,1790365899.843436,49053696.0
train/env_steps,49119232,1790365909.6888144,49102848.0
train/env_steps,49168384,1790365919.3476918,49152000.0
train/env_steps,49217536,1790365929.3454978,49201152.0
train/env_steps,49266688,1790365939.1307242,49250304.0
train/env_steps,49315840,1790365948.9886582,49299456.0
train/env_steps,49364992,1790365958.7840574,49348608.0
train/env_steps,49414144,1790365968.7700648,49397760.0
train/env_steps,49463296,1790365978.5214293,49446912.0
train/env_steps,49512448,1790365988.2390144,49496064.0
train/env_steps,49561600,1790365998.238762,49545216.0
train/env_steps,49610752,1790366008.0766106,49594368.0
train/env_steps,49659904,1790366017.888796,49643520.0
train/env_steps,49709056,1790366027.664369,49692672.0
train/env_steps,49758208,1790366037.6372478,49741824.0
train/env_steps,49807360,1790366047.5068479,49790976.0
train/env_steps,49856512,1790366057.603184,49840128.0
train/env_steps,49905664,1790366067.3757806,49889280.0
train/env_steps,49954816,1790366077.2186995,49938432.0
train/env_steps,50003968,1790366088.4907262,49987584.0
train/env_steps,50053120,1790366098.3334477,50036736.0
train/env_steps,50102272,1790366108.2131543,50085888.0
train/env_steps,50151424,1790366118.0371587,50135040.0
train/env_steps,50200576,1790366127.786141,50184192.0
train/env_steps,50249728,1790366137.6917253,50233344.0
train/env_steps,50298880,1790366147.63205,50282496.0
train/env_steps,50348032,1790366157.401102,50331648.0
train/env_steps,50397184,1790366167.2254066,50380800.0
train/env_steps,50446336,1790366177.1670985,50429952.0
train/env_steps,50495488,1790366187.1750844,50479104.0
train/env_steps,50544640,1790366196.9766247,50528256.0
train/env_steps,50593792,1790366206.7617836,50577408.0
train/env_steps,50642944,1790366216.7035472,50626560.0
train/env_steps,50692096,1790366226.7409246,50675712.0
train/env_steps,50741248,1790366236.5371084,50724864.0
train/env_steps,50790400,1790366246.6028063,50774016.0
train/env_steps,50839552,1790366256.4639363,50823168.0
train/env_steps,50888704,1790366266.375581,50872320.0
train/env_steps,50937856,1790366276.125057,50921472.0
train/env_steps,50987008,1790366286.1414957,50970624.0
train/env_steps,51036160,1790366296.2508407,51019776.0
train/env_steps,51085312,1790366306.1222327,51068928.0
train/env_steps,51134464,1790366315.9069684,51118080.0
train/env_steps,51183616,1790366325.7602012,51167232.0
train/env_steps,51232768,1790366335.7680287,51216384.0
train/env_steps,51281920,1790366345.6404243,51265536.0
train/env_steps,51331072,1790366355.5152895,51314688.0
train/env_steps,51380224,1790366365.5115564,51363840.0
train/env_steps,51429376,1790366375.427059,51412992.0
train/env_steps,51478528,1790366385.2700212,51462144.0
train/env_steps,51527680,1790366395.2330709,51511296.0
train/env_steps,51576832,1790366405.1220696,51560448.0
train/env_steps,51625984,1790366415.0472856,51609600.0
train/env_steps,51675136,1790366424.734293,51658752.0
train/env_steps,51724288,1790366434.5832539,51707904.0
train/env_steps,51773440,1790366444.4923613,51757056.0
train/env_steps,51822592,1790366454.3501368,51806208.0
train/env_steps,51871744,1790366464.3254368,51855360.0
train/env_steps,51920896,1790366473.9809573,51904512.0
train/env_steps,51970048,1790366483.9298723,51953664.0
train/env_steps,52019200,1790366493.9829483,52002816.0
train/env_steps,52068352,1790366503.7506208,52051968.0
train/env_steps,52117504,1790366513.5600924,52101120.0
train/env_steps,52166656,1790366523.2730758,52150272.0
train/env_steps,52215808,1790366532.9778996,52199424.0
train/env_steps,52264960,1790366542.6455698,52248576.0
train/env_steps,52314112,1790366552.5732114,52297728.0
train/env_steps,52363264,1790366562.249629,52346880.0
train/env_steps,52412416,1790366572.2984722,52396032.0
train/env_steps,52461568,1790366582.2536402,52445184.0
train/env_steps,52510720,1790366592.0816188,52494336.0
train/env_steps,52559872,1790366601.9228313,52543488.0
train/env_steps,52609024,1790366611.737326,52592640.0
train/env_steps,52658176,1790366621.43561,52641792.0
train/env_steps,52707328,1790366631.1167488,52690944.0
train/env_steps,52756480,1790366640.8526423,52740096.0
train/env_steps,52805632,1790366650.738616,52789248.0
train/env_steps,52854784,1790366660.618805,52838400.0
train/env_steps,52903936,1790366670.570527,52887552.0
train/env_steps,52953088,1790366680.3420854,52936704.0
train/env_steps,53002240,1790366690.4404619,52985856.0
train/env_steps,53051392,1790366700.4812105,53035008.0
train/env_steps,53100544,1790366710.3813908,53084160.0
train/env_steps,53149696,1790366720.1908147,53133312.0
train/env_steps,53198848,1790366729.8881514,53182464.0
train/env_steps,53248000,1790366739.5617945,53231616.0
train/env_steps,53297152,1790366749.3949735,53280768.0
train/env_steps,53346304,1790366759.0537858,53329920.0
train/env_steps,53395456,1790366768.8018234,53379072.0
train/env_steps,53444608,1790366778.07777,53428224.0
train/env_steps,53493760,1790366787.9085753,53477376.0
train/env_steps,53542912,1790366797.5222287,53526528.0
train/env_steps,53592064,1790366807.202217,53575680.0
train/env_steps,53641216,1790366816.8235464,53624832.0
train/env_steps,53690368,1790366826.3723497,53673984.0
train/env_steps,53739520,1790366835.8866076,53723136.0
train/env_steps,53788672,1790366845.742898,53772288.0
train/env_steps,53837824,1790366855.4553232,53821440.0
train/env_steps,53886976,1790366865.1103446,53870592.0
train/env_steps,53936128,1790366874.9754853,53919744.0
train/env_steps,53985280,1790366884.7216835,53968896.0
train/env_steps,54034432,1790366894.8518188,54018048.0
train/env_steps,54083584,1790366904.7521286,54067200.0
train/env_steps,54132736,1790366914.761351,54116352.0
train/env_steps,54181888,1790366924.5731094,54165504.0
train/env_steps,54231040,1790366934.5258157,54214656.0
train/env_steps,54280192,1790366944.5028567,54263808.0
train/env_steps,54329344,1790366954.3351204,54312960.0
train/env_steps,54378496,1790366964.2010348,54362112.0
train/env_steps,54427648,1790366974.081426,54411264.0
train/env_steps,54476800,1790366983.860329,54460416.0
train/env_steps,54525952,1790366993.6024942,54509568.0
train/env_steps,54575104,1790367003.1439974,54558720.0
train/env_steps,54624256,1790367012.7514296,54607872.0
train/env_steps,54673408,1790367022.419448,54657024.0
train/env_steps,54722560,1790367032.138152,54706176.0
train/env_steps,54771712,1790367041.8259487,54755328.0
train/env_steps,54820864,1790367051.5214844,54804480.0
train/env_steps,54870016,1790367061.3961415,54853632.0
train/env_steps,54919168,1790367070.979159,54902784.0
train/env_steps,54968320,1790367080.872299,54951936.0
train/env_steps,55017472,1790367090.7225041,55001088.0
train/env_steps,55066624,1790367100.4695992,55050240.0
train/env_steps,55115776,1790367110.0916214,55099392.0
train/env_steps,55164928,1790367119.528164,55148544.0
train/env_steps,55214080,1790367129.3262444,55197696.0
train/env_steps,55263232,1790367138.9018726,55246848.0
train/env_steps,55312384,1790367148.3914113,55296000.0
train/env_steps,55361536,1790367158.4587855,55345152.0
train/env_steps,55410688,1790367168.276425,55394304.0
train/env_steps,55459840,1790367178.111076,55443456.0
train/env_steps,55508992,1790367187.955386,55492608.0
train/env_steps,55558144,1790367197.7781367,55541760.0
train/env_steps,55607296,1790367207.6712365,55590912.0
train/env_steps,55656448,1790367217.4456398,55640064.0
train/env_steps,55705600,1790367227.1433043,55689216.0
train/env_steps,55754752,1790367236.9937983,55738368.0
train/env_steps,55803904,1790367246.7405844,55787520.0
train/env_steps,55853056,1790367256.398258,55836672.0
train/env_steps,55902208,1790367266.1704967,55885824.0
train/env_steps,55951360,1790367275.9249275,55934976.0
train/env_steps,56000512,1790367286.0555856,55984128.0
train/env_steps,56049664,1790367295.8139684,56033280.0
train/env_steps,56098816,1790367305.7524674,56082432.0
train/env_steps,56147968,1790367315.6006658,56131584.0
train/env_steps,56197120,1790367325.5510275,56180736.0
train/env_steps,56246272,1790367335.4259074,56229888.0
train/env_steps,56295424,1790367345.2213001,56279040.0
train/env_steps,56344576,1790367355.036492,56328192.0
train/env_steps,56393728,1790367364.9893632,56377344.0
train/env_steps,56442880,1790367374.7848654,56426496.0
train/env_steps,56492032,1790367384.538154,56475648.0
train/env_steps,56541184,1790367394.2996511,56524800.0
train/env_steps,56590336,1790367404.121082,56573952.0
train/env_steps,56639488,1790367413.988714,56623104.0
train/env_steps,56688640,1790367423.612393,56672256.0
train/env_steps,56737792,1790367433.713779,56721408.0
train/env_steps,56786944,1790367443.508562,56770560.0
train/env_steps,56836096,1790367453.4602842,56819712.0
train/env_steps,56885248,1790367463.3771613,56868864.0
train/env_steps,56934400,1790367473.3134973,56918016.0
train/env_steps,56983552,1790367483.3028772,56967168.0
train/env_steps,57032704,1790367493.4679072,57016320.0
train/env_steps,57081856,1790367503.4967551,57065472.0
train/env_steps,57131008,1790367513.4847586,57114624.0
train/env_steps,57180160,1790367523.590573,57163776.0
train/env_steps,57229312,1790367533.4979422,57212928.0
train/env_steps,57278464,1790367543.5278044,57262080.0
train/env_steps,57327616,1790367553.4072936,57311232.0
train/env_steps,57376768,1790367563.308116,57360384.0
train/env_steps,57425920,1790367573.1709328,57409536.0
train/env_steps,57475072,1790367583.0245428,57458688.0
train/env_steps,57524224,1790367592.801684,57507840.0
train/env_steps,57573376,1790367602.5807512,57556992.0
train/env_steps,57622528,1790367612.297701,57606144.0
train/env_steps,57671680,1790367622.0248125,57655296.0
train/env_steps,57720832,1790367631.7493525,57704448.0
train/env_steps,57769984,1790367641.5576324,57753600.0
train/env_steps,57819136,1790367651.3600607,57802752.0
train/env_steps,57868288,1790367660.9957266,57851904.0
train/env_steps,57917440,1790367670.7366428,57901056.0
train/env_steps,57966592,1790367680.384369,57950208.0
train/env_steps,58015744,1790367690.575697,57999360.0
train/env_steps,58064896,1790367700.2325087,58048512.0
train/env_steps,58114048,1790367710.0570545,58097664.0
train/env_steps,58163200,1790367719.7931845,58146816.0
train/env_steps,58212352,1790367729.6314247,58195968.0
train/env_steps,58261504,1790367739.3246293,58245120.0
train/env_steps,58310656,1790367749.0044274,58294272.0
train/env_steps,58359808,1790367758.8770134,58343424.0
train/env_steps,58408960,1790367768.4541068,58392576.0
train/env_steps,58458112,1790367778.3727684,58441728.0
train/env_steps,58507264,1790367788.092222,58490880.0
train/env_steps,58556416,1790367797.8517854,58540032.0
train/env_steps,58605568,1790367807.5424976,58589184.0
train/env_steps,58654720,1790367817.5771174,58638336.0
train/env_steps,58703872,1790367827.2343516,58687488.0
train/env_steps,58753024,1790367837.024707,58736640.0
train/env_steps,58802176,1790367846.6529303,58785792.0
train/env_steps,58851328,1790367856.3835351,58834944.0
train/env_steps,58900480,1790367866.1360147,58884096.0
train/env_steps,58949632,1790367875.9697652,58933248.0
train/env_steps,58998784,1790367885.582967,58982400.0
train/env_steps,59047936,1790367895.4702837,59031552.0
train/env_steps,59097088,1790367905.266621,59080704.0
train/env_steps,59146240,1790367914.98164,59129856.0
train/env_steps,59195392,1790367924.6302872,59179008.0
train/env_steps,59244544,1790367934.4339657,59228160.0
train/env_steps,59293696,1790367943.9356117,59277312.0
train/env_steps,59342848,1790367953.5719728,59326464.0
train/env_steps,59392000,1790367963.227531,59375616.0
train/env_steps,59441152,1790367972.9128404,59424768.0
train/env_steps,59490304,1790367982.4767995,59473920.0
train/env_steps,59539456,1790367992.364716,59523072.0
train/env_steps,59588608,1790368002.1509228,59572224.0
train/env_steps,59637760,1790368011.99478,59621376.0
train/env_steps,59686912,1790368021.743648,59670528.0
train/env_steps,59736064,1790368031.4870024,59719680.0
train/env_steps,59785216,1790368041.2455103,59768832.0
train/env_steps,59834368,1790368050.9625933,59817984.0
train/env_steps,59883520,1790368060.6742802,59867136.0
train/env_steps,59932672,1790368070.2220218,59916288.0
train/env_steps,59981824,1790368080.1487408,59965440.0
train/env_steps,60030976,1790368089.9870565,60014592.0
train/env_steps,60080128,1790368100.0219045,60063744.0
train/env_steps,60129280,1790368109.6416817,60112896.0
train/env_steps,60178432,1790368119.501153,60162048.0
train/env_steps,60227584,1790368129.1192493,60211200.0
train/env_steps,60276736,1790368138.9901814,60260352.0
train/env_steps,60325888,1790368148.9377978,60309504.0
train/env_steps,60375040,1790368158.5081778,60358656.0
train/env_steps,60424192,1790368167.9312465,60407808.0
train/env_steps,60473344,1790368177.616535,60456960.0
train/env_steps,60522496,1790368187.4204834,60506112.0
train/env_steps,60571648,1790368197.256692,60555264.0
train/env_steps,60620800,1790368207.0174127,60604416.0
train/env_steps,60669952,1790368217.0590615,60653568.0
train/env_steps,60719104,1790368227.0403774,60702720.0
train/env_steps,60768256,1790368237.0848315,60751872.0
train/env_steps,60817408,1790368247.0373468,60801024.0
train/env_steps,60866560,1790368256.8753707,60850176.0
train/env_steps,60915712,1790368266.8544192,60899328.0
train/env_steps,60964864,1790368276.9600768,60948480.0
train/env_steps,61014016,1790368287.225433,60997632.0
train/env_steps,61063168,1790368297.4251664,61046784.0
train/env_steps,61112320,1790368307.3649886,61095936.0
train/env_steps,61161472,1790368317.2314177,61145088.0
train/env_steps,61210624,1790368327.1633403,61194240.0
train/env_steps,61259776,1790368337.0706506,61243392.0
train/env_steps,61308928,1790368346.9821396,61292544.0
train/env_steps,61358080,1790368356.8838634,61341696.0
train/env_steps,61407232,1790368366.8340442,61390848.0
train/env_steps,61456384,1790368376.7668405,61440000.0
train/env_steps,61505536,1790368386.6559014,61489152.0
train/env_steps,61554688,1790368396.7013726,61538304.0
train/env_steps,61603840,1790368406.4405968,61587456.0
train/env_steps,61652992,1790368416.2843893,61636608.0
train/env_steps,61702144,1790368426.154208,61685760.0
train/env_steps,61751296,1790368436.0118423,61734912.0
train/env_steps,61800448,1790368445.8808937,61784064.0
train/env_steps,61849600,1790368455.9111147,61833216.0
train/env_steps,61898752,1790368465.8350594,61882368.0
train/env_steps,61947904,1790368475.9143565,61931520.0
train/env_steps,61997056,1790368485.999273,61980672.0
train/env_steps,62046208,1790368496.127229,62029824.0
train/env_steps,62095360,1790368505.9158423,62078976.0
train/env_steps,62144512,1790368515.6969738,62128128.0
train/env_steps,62193664,1790368525.648059,62177280.0
train/env_steps,62242816,1790368535.6092196,62226432.0
train/env_steps,62291968,1790368545.6511943,62275584.0
train/env_steps,62341120,1790368555.534508,62324736.0
train/env_steps,62390272,1790368565.490477,62373888.0
train/env_steps,62439424,1790368575.4407692,62423040.0
train/env_steps,62488576,1790368585.4421556,62472192.0
train/env_steps,62537728,1790368595.5248177,62521344.0
train/env_steps,62586880,1790368605.5435162,62570496.0
train/env_steps,62636032,1790368615.3433723,62619648.0
train/env_steps,62685184,1790368625.3146503,62668800.0
train/env_steps,62734336,1790368635.0724368,62717952.0
train/env_steps,62783488,1790368644.9810562,62767104.0
train/env_steps,62832640,1790368654.6657178,62816256.0
train/env_steps,62881792,1790368664.5285237,62865408.0
train/env_steps,62930944,1790368674.463618,62914560.0
train/env_steps,62980096,1790368684.270186,62963712.0
train/env_steps,63029248,1790368694.3251288,63012864.0
train/env_steps,63078400,1790368704.2465653,63062016.0
train/env_steps,63127552,1790368714.0491576,63111168.0
train/env_steps,63176704,1790368723.9664862,63160320.0
train/env_steps,63225856,1790368733.6478603,63209472.0
train/env_steps,63275008,1790368743.474732,63258624.0
train/env_steps,63324160,1790368753.3693647,63307776.0
train/env_steps,63373312,1790368763.1594188,63356928.0
train/env_steps,63422464,1790368773.0408468,63406080.0
train/env_steps,63471616,1790368782.7690818,63455232.0
train/env_steps,63520768,1790368792.7473145,63504384.0
train/env_steps,63569920,1790368802.5918946,63553536.0
train/env_steps,63619072,1790368812.5851176,63602688.0
train/env_steps,63668224,1790368822.2003033,63651840.0
train/env_steps,63717376,1790368831.9283981,63700992.0
train/env_steps,63766528,1790368841.7040715,63750144.0
train/env_steps,63815680,1790368851.5581532,63799296.0
train/env_steps,63864832,1790368861.4609463,63848448.0
train/env_steps,63913984,1790368871.2940063,63897600.0
train/env_steps,63963136,1790368880.9991643,63946752.0
train/env_steps,64012288,1790368891.2656744,63995904.0
train/env_steps,64061440,1790368900.9986575,64045056.0
train/env_steps,64110592,1790368910.76285,64094208.0
train/env_steps,64159744,1790368920.5261502,64143360.0
train/env_steps,64208896,1790368930.2466078,64192512.0
train/env_steps,64258048,1790368939.7391279,64241664.0
train/env_steps,64307200,1790368949.4992282,64290816.0
train/env_steps,64356352,1790368959.1817217,64339968.0
train/env_steps,64405504,1790368968.8680975,64389120.0
train/env_steps,64454656,1790368978.7278929,64438272.0
train/env_steps,64503808,1790368988.488842,64487424.0
train/env_steps,64552960,1790368998.4724526,64536576.0
train/env_steps,64602112,1790369008.338151,64585728.0
train/env_steps,64651264,1790369018.1879365,64634880.0
train/env_steps,64700416,1790369028.0371687,64684032.0
train/env_steps,64749568,1790369038.0218604,64733184.0
train/env_steps,64798720,1790369047.8714397,64782336.0
train/env_steps,64847872,1790369058.0234108,64831488.0
train/env_steps,64897024,1790369067.9832213,64880640.0
train/env_steps,64946176,1790369078.0396073,64929792.0
train/env_steps,64995328,1790369088.0280037,64978944.0
train/env_steps,65044480,1790369098.2674985,65028096.0
train/env_steps,65093632,1790369108.2263563,65077248.0
train/env_steps,65142784,1790369118.0808163,65126400.0
train/env_steps,65191936,1790369128.1238444,65175552.0
train/env_steps,65241088,1790369137.9300797,65224704.0
train/env_steps,65290240,1790369147.801238,65273856.0
train/env_steps,65339392,1790369157.6282873,65323008.0
train/env_steps,65388544,1790369167.4093826,65372160.0
train/env_steps,65437696,1790369177.3333077,65421312.0
train/env_steps,65486848,1790369187.1565406,65470464.0
train/env_steps,65536000,1790369196.9591196,65519616.0
train/env_steps,65585152,1790369206.890456,65568768.0
train/env_steps,65634304,1790369216.8136077,65617920.0
train/env_steps,65683456,1790369226.8130186,65667072.0
train/env_steps,65732608,1790369236.69769,65716224.0
train/env_steps,65781760,1790369246.5931914,65765376.0
train/env_steps,65830912,1790369256.2915387,65814528.0
train/env_steps,65880064,1790369266.1295722,65863680.0
train/env_steps,65929216,1790369275.9246094,65912832.0
train/env_steps,65978368,1790369285.6932425,65961984.0
train/env_steps,66027520,1790369295.616265,66011136.0
train/env_steps,66076672,1790369305.3961596,66060288.0
train/env_steps,66125824,1790369315.2440867,66109440.0
train/env_steps,66174976,1790369325.2421815,66158592.0
train/env_steps,66224128,1790369335.2049823,66207744.0
train/env_steps,66273280,1790369345.0918467,66256896.0
train/env_steps,66322432,1790369355.113131,66306048.0
train/env_steps,66371584,1790369365.1073678,66355200.0
train/env_steps,66420736,1790369375.176522,66404352.0
train/env_steps,66469888,1790369385.1672263,66453504.0
train/env_steps,66519040,1790369395.075146,66502656.0
train/env_steps,66568192,1790369404.966069,66551808.0
train/env_steps,66617344,1790369415.0330718,66600960.0
train/env_steps,66666496,1790369425.0396144,66650112.0
train/env_steps,66715648,1790369434.9344795,66699264.0
train/env_steps,66764800,1790369444.9862466,66748416.0
train/env_steps,66813952,1790369454.9006758,66797568.0
train/env_steps,66863104,1790369464.8236547,66846720.0
train/env_steps,66912256,1790369474.6967719,66895872.0
train/env_steps,66961408,1790369484.6125925,66945024.0
train/env_steps,67010560,1790369494.7623956,66994176.0
train/env_steps,67059712,1790369504.812054,67043328.0
train/env_steps,67108864,1790369514.7893524,67092480.0
train/env_steps,67158016,1790369524.725778,67141632.0
train/env_steps,67207168,1790369534.712362,67190784.0
train/env_steps,67256320,1790369544.6670895,67239936.0
train/env_steps,67305472,1790369554.6135578,67289088.0
train/env_steps,67354624,1790369564.4671345,67338240.0
train/env_steps,67403776,1790369574.2171478,67387392.0
train/env_steps,67452928,1790369584.0992491,67436544.0
train/env_steps,67502080,1790369593.8280945,67485696.0
train/env_steps,67551232,1790369603.587784,67534848.0
train/env_steps,67600384,1790369613.651372,67584000.0
train/env_steps,67649536,1790369623.4807718,67633152.0
train/env_steps,67698688,1790369633.3519955,67682304.0
train/env_steps,67747840,1790369643.3201354,67731456.0
train/env_steps,67796992,1790369653.255259,67780608.0
train/env_steps,67846144,1790369663.3055036,67829760.0
train/env_steps,67895296,1790369673.0899196,67878912.0
train/env_steps,67944448,1790369683.2004118,67928064.0
train/env_steps,67993600,1790369693.1070726,67977216.0
train/env_steps,68042752,1790369703.2116106,68026368.0
train/env_steps,68091904,1790369713.079294,68075520.0
train/env_steps,68141056,1790369722.8095574,68124672.0
train/env_steps,68190208,1790369732.6580906,68173824.0
train/env_steps,68239360,1790369742.464873,68222976.0
train/env_steps,68304896,1790369755.446011,68288512.0
train/env_steps,68354048,1790369765.4387696,68337664.0
train/env_steps,68403200,1790369775.3303864,68386816.0
train/env_steps,68452352,1790369785.244521,68435968.0
train/env_steps,68501504,1790369795.0103164,68485120.0
train/env_steps,68550656,1790369804.7643583,68534272.0
train/env_steps,68599808,1790369814.6427846,68583424.0
train/env_steps,68648960,1790369824.462216,68632576.0
train/env_steps,68698112,1790369834.3177783,68681728.0
train/env_steps,68747264,1790369844.0780458,68730880.0
train/env_steps,68812800,1790369857.0899167,68796416.0
train/env_steps,68878336,1790369870.1174698,68861952.0
train/env_steps,68927488,1790369879.9650104,68911104.0
train/env_steps,68976640,1790369889.7895136,68960256.0
train/env_steps,69025792,1790369899.686967,69009408.0
train/env_steps,69091328,1790369912.712515,69074944.0
train/env_steps,69140480,1790369922.4618988,69124096.0
train/env_steps,69206016,1790369935.4563682,69189632.0
train/env_steps,69255168,1790369945.1130872,69238784.0
train/env_steps,69304320,1790369955.0228806,69287936.0
train/env_steps,69369856,1790369968.0404377,69353472.0
train/env_steps,69419008,1790369977.9839084,69402624.0
train/env_steps,69468160,1790369987.9254248,69451776.0
train/env_steps,69517312,1790369997.7632575,69500928.0
train/env_steps,69566464,1790370007.5565655,69550080.0
train/env_steps,69615616,1790370017.5319288,69599232.0
train/env_steps,69664768,1790370027.2884989,69648384.0
train/env_steps,69713920,1790370037.1072054,69697536.0
train/env_steps,69763072,1790370046.9048793,69746688.0
train/env_steps,69828608,1790370060.0706053,69812224.0
train/env_steps,69894144,1790370073.1324954,69877760.0
train/env_steps,69959680,1790370086.150298,69943296.0
train/env_steps,70008832,1790370096.3631985,69992448.0
train/env_steps,70057984,1790370106.2640443,70041600.0
train/env_steps,70123520,1790370119.2981157,70107136.0
train/env_steps,70189056,1790370132.2726278,70172672.0
train/env_steps,70254592,1790370145.2768579,70238208.0
train/env_steps,70303744,1790370155.1851585,70287360.0
train/env_steps,70369280,1790370168.2911017,70352896.0
train/env_steps,70418432,1790370178.176057,70402048.0
train/env_steps,70467584,1790370188.0990913,70451200.0
train/env_steps,70516736,1790370198.094987,70500352.0
train/env_steps,70565888,1790370208.0184765,70549504.0
train/env_steps,70615040,1790370217.927332,70598656.0
train/env_steps,70680576,1790370231.1006105,70664192.0
train/env_steps,70729728,1790370241.0140653,70713344.0
train/env_steps,70778880,1790370251.0863945,70762496.0
train/env_steps,70828032,1790370260.9809542,70811648.0
train/env_steps,70893568,1790370274.1696653,70877184.0
train/env_steps,70942720,1790370284.2114594,70926336.0
train/env_steps,70991872,1790370294.3074884,70975488.0
train/env_steps,71041024,1790370304.490723,71024640.0
train/env_steps,71090176,1790370314.458699,71073792.0
train/env_steps,71139328,1790370324.4963212,71122944.0
train/env_steps,71188480,1790370334.5649397,71172096.0
train/env_steps,71254016,1790370347.7828078,71237632.0
train/env_steps,71319552,1790370360.9612396,71303168.0
train/env_steps,71385088,1790370374.1313226,71368704.0
train/env_steps,71434240,1790370384.072787,71417856.0
train/env_steps,71499776,1790370397.2091632,71483392.0
train/env_steps,71565312,1790370410.4612963,71548928.0
train/env_steps,71614464,1790370420.3164022,71598080.0
train/env_steps,71663616,1790370430.0810115,71647232.0
train/env_steps,71729152,1790370443.2585378,71712768.0
train/env_steps,71794688,1790370456.4771543,71778304.0
train/env_steps,71843840,1790370466.4309008,71827456.0
train/env_steps,71909376,1790370479.5186586,71892992.0
train/env_steps,71958528,1790370489.5624814,71942144.0
train/env_steps,72007680,1790370499.870343,71991296.0
train/env_steps,72056832,1790370509.8125787,72040448.0
train/env_steps,72105984,1790370519.938678,72089600.0
train/env_steps,72155136,1790370529.9276469,72138752.0
train/env_steps,72204288,1790370539.8889136,72187904.0
train/env_steps,72253440,1790370549.8426538,72237056.0
train/env_steps,72318976,1790370562.9376,72302592.0
train/env_steps,72384512,1790370576.0257702,72368128.0
train/env_steps,72450048,1790370589.1754107,72433664.0
train/env_steps,72515584,1790370602.2240858,72499200.0
train/env_steps,72581120,1790370615.2520661,72564736.0
train/env_steps,72646656,1790370628.398032,72630272.0
train/env_steps,72712192,1790370641.532042,72695808.0
train/env_steps,72777728,1790370654.6946049,72761344.0
train/env_steps,72843264,1790370667.8958964,72826880.0
train/env_steps,72908800,1790370680.7842631,72892416.0
train/env_steps,72974336,1790370693.9318933,72957952.0
train/env_steps,73023488,1790370704.049447,73007104.0
train/env_steps,73089024,1790370717.2473135,73072640.0
train/env_steps,73154560,1790370730.4615927,73138176.0
train/env_steps,73203712,1790370740.3854854,73187328.0
train/env_steps,73252864,1790370750.2579494,73236480.0
train/env_steps,73318400,1790370763.4520924,73302016.0
train/env_steps,73383936,1790370776.478998,73367552.0
train/env_steps,73449472,1790370789.5192194,73433088.0
train/env_steps,73515008,1790370802.5922308,73498624.0
train/env_steps,73564160,1790370812.4344468,73547776.0
train/env_steps,73629696,1790370825.365117,73613312.0
train/env_steps,73695232,1790370838.4754572,73678848.0
train/env_steps,73744384,1790370848.359158,73728000.0
train/env_steps,73809920,1790370861.5685482,73793536.0
train/env_steps,73875456,1790370874.9602642,73859072.0
train/env_steps,73940992,1790370888.2060714,73924608.0
train/env_steps,73990144,1790370898.069122,73973760.0
train/env_steps,74039296,1790370908.2533243,74022912.0
train/env_steps,74104832,1790370921.5708516,74088448.0
train/env_steps,74153984,1790370931.632571,74137600.0
train/env_steps,74219520,1790370944.889864,74203136.0
train/env_steps,74268672,1790370954.8437219,74252288.0
train/env_steps,74334208,1790370968.3573408,74317824.0
train/env_steps,74399744,1790370981.6616457,74383360.0
train/env_steps,74448896,1790370991.6509576,74432512.0
train/env_steps,74514432,1790371004.967926,74498048.0
train/env_steps,74579968,1790371018.193666,74563584.0
train/env_steps,74629120,1790371028.2480662,74612736.0
train/env_steps,74694656,1790371041.3421705,74678272.0
train/env_steps,74743808,1790371051.2048576,74727424.0
train/env_steps,74792960,1790371061.0352814,74776576.0
train/env_steps,74858496,1790371074.2199464,74842112.0
train/env_steps,74907648,1790371084.2322068,74891264.0
train/env_steps,74973184,1790371097.5097437,74956800.0
train/env_steps,75022336,1790371108.7836828,75005952.0
