source,repeat,prefix_seed,command,target,initial_action_probabilities,commanded,deadline,hit,hit_time,first_distinct,censored,timeout,elapsed,path_length,start_position,endpoint,exact_start_verified,physical_start_distance,physical_minimum_distance,physical_entry_r200,physical_entry_r300,physical_cell_contact
6,0,31001,0,0,"[0.012499997392296791, 0.012499997392296791, 0.9125000238418579, 0.012499997392296791, 0.012499997392296791, 0.012499997392296791, 0.012499997392296791, 0.012499997392296791]",True,64,False,,49,False,True,64,1078.1399956313646,"[250.0, 950.0, 25.125]","[742.1386108398438, 515.9837036132812, 25.125]",True,,,False,False,False
6,0,31001,0,1,"[0.012499997392296791, 0.012499997392296791, 0.9125000238418579, 0.012499997392296791, 0.012499997392296791, 0.012499997392296791, 0.012499997392296791, 0.012499997392296791]",False,64,False,,49,False,True,64,1078.1399956313646,"[250.0, 950.0, 25.125]","[742.1386108398438, 515.9837036132812, 25.125]",True,,,False,False,False
6,0,31001,0,2,"[0.012499997392296791, 0.012499997392296791, 0.9125000238418579, 0.012499997392296791, 0.012499997392296791, 0.012499997392296791, 0.012499997392296791, 0.012499997392296791]",False,64,False,,49,False,True,64,1078.1399956313646,"[250.0, 950.0, 25.125]","[742.1386108398438, 515.9837036132812, 25.125]",True,,,False,False,False
6,0,31001,0,3,"[0.012499997392296791, 0.012499997392296791, 0.9125000238418579, 0.012499997392296791, 0.012499997392296791, 0.012499997392296791, 0.012499997392296791, 0.012499997392296791]",False,64,False,,49,False,True,64,1078.1399956313646,"[250.0, 950.0, 25.125]","[742.1386108398438, 515.9837036132812, 25.125]",True,,,False,False,False
6,0,31001,1,0,"[0.012499997392296791, 0.012499997392296791, 0.9125000238418579, 0.012499997392296791, 0.012499997392296791, 0.012499997392296791, 0.012499997392296791, 0.012499997392296791]",False,64,False,,49,False,True,64,1054.2497648495548,"[250.0, 950.0, 25.125]","[876.4012451171875, 916.3734130859375, 25.125]",True,,,False,False,False
6,0,31001,1,1,"[0.012499997392296791, 0.012499997392296791, 0.9125000238418579, 0.012499997392296791, 0.012499997392296791, 0.012499997392296791, 0.012499997392296791, 0.012499997392296791]",True,64,False,,49,False,True,64,1054.2497648495548,"[250.0, 950.0, 25.125]","[876.4012451171875, 916.3734130859375, 25.125]",True,,,False,False,False
6,0,31001,1,2,"[0.012499997392296791, 0.012499997392296791, 0.9125000238418579, 0.012499997392296791, 0.012499997392296791, 0.012499997392296791, 0.012499997392296791, 0.012499997392296791]",False,64,False,,49,False,True,64,1054.2497648495548,"[250.0, 950.0, 25.125]","[876.4012451171875, 916.3734130859375, 25.125]",True,,,False,False,False
6,0,31001,1,3,"[0.012499997392296791, 0.012499997392296791, 0.9125000238418579, 0.012499997392296791, 0.012499997392296791, 0.012499997392296791, 0.012499997392296791, 0.012499997392296791]",False,64,False,,49,False,True,64,1054.2497648495548,"[250.0, 950.0, 25.125]","[876.4012451171875, 916.3734130859375, 25.125]",True,,,False,False,False
6,0,31001,2,0,"[0.012499997392296791, 0.012499997392296791, 0.9125000238418579, 0.012499997392296791, 0.012499997392296791, 0.012499997392296791, 0.012499997392296791, 0.012499997392296791]",False,64,False,,49,False,True,64,1068.5263343693848,"[250.0, 950.0, 25.125]","[814.0448608398438, 979.3956909179688, 25.125]",True,,,False,False,False
6,0,31001,2,1,"[0.012499997392296791, 0.012499997392296791, 0.9125000238418579, 0.012499997392296791, 0.012499997392296791, 0.012499997392296791, 0.012499997392296791, 0.012499997392296791]",False,64,False,,49,False,True,64,1068.5263343693848,"[250.0, 950.0, 25.125]","[814.0448608398438, 979.3956909179688, 25.125]",True,,,False,False,False
6,0,31001,2,2,"[0.012499997392296791, 0.012499997392296791, 0.9125000238418579, 0.012499997392296791, 0.012499997392296791, 0.012499997392296791, 0.012499997392296791, 0.012499997392296791]",True,64,False,,49,False,True,64,1068.5263343693848,"[250.0, 950.0, 25.125]","[814.0448608398438, 979.3956909179688, 25.125]",True,,,False,False,False
6,0,31001,2,3,"[0.012499997392296791, 0.012499997392296791, 0.9125000238418579, 0.012499997392296791, 0.012499997392296791, 0.012499997392296791, 0.012499997392296791, 0.012499997392296791]",False,64,False,,49,False,True,64,1068.5263343693848,"[250.0, 950.0, 25.125]","[814.0448608398438, 979.3956909179688, 25.125]",True,,,False,False,False
6,0,31001,3,0,"[0.012499997392296791, 0.012499997392296791, 0.9125000238418579, 0.012499997392296791, 0.012499997392296791, 0.012499997392296791, 0.012499997392296791, 0.012499997392296791]",False,64,False,,49,False,True,64,854.5385636441171,"[250.0, 950.0, 25.125]","[972.8609008789062, 956.0877685546875, 25.125]",True,,,False,False,False
6,0,31001,3,1,"[0.012499997392296791, 0.012499997392296791, 0.9125000238418579, 0.012499997392296791, 0.012499997392296791, 0.012499997392296791, 0.012499997392296791, 0.012499997392296791]",False,64,False,,49,False,True,64,854.5385636441171,"[250.0, 950.0, 25.125]","[972.8609008789062, 956.0877685546875, 25.125]",True,,,False,False,False
6,0,31001,3,2,"[0.012499997392296791, 0.012499997392296791, 0.9125000238418579, 0.012499997392296791, 0.012499997392296791, 0.012499997392296791, 0.012499997392296791, 0.012499997392296791]",False,64,False,,49,False,True,64,854.5385636441171,"[250.0, 950.0, 25.125]","[972.8609008789062, 956.0877685546875, 25.125]",True,,,False,False,False
6,0,31001,3,3,"[0.012499997392296791, 0.012499997392296791, 0.9125000238418579, 0.012499997392296791, 0.012499997392296791, 0.012499997392296791, 0.012499997392296791, 0.012499997392296791]",True,64,False,,49,False,True,64,854.5385636441171,"[250.0, 950.0, 25.125]","[972.8609008789062, 956.0877685546875, 25.125]",True,,,False,False,False
6,1,31004,0,0,"[0.012499997392296791, 0.012499997392296791, 0.012499997392296791, 0.012499997392296791, 0.012499997392296791, 0.012499997392296791, 0.012499997392296791, 0.9125000238418579]",True,64,False,,55,False,True,64,1017.0668159655448,"[383.87420654296875, 904.1058349609375, 25.125]","[973.1316528320312, 900.2001953125, 25.125]",True,,,False,False,False
6,1,31004,0,1,"[0.012499997392296791, 0.012499997392296791, 0.012499997392296791, 0.012499997392296791, 0.012499997392296791, 0.012499997392296791, 0.012499997392296791, 0.9125000238418579]",False,64,False,,55,False,True,64,1017.0668159655448,"[383.87420654296875, 904.1058349609375, 25.125]","[973.1316528320312, 900.2001953125, 25.125]",True,,,False,False,False
6,1,31004,0,2,"[0.012499997392296791, 0.012499997392296791, 0.012499997392296791, 0.012499997392296791, 0.012499997392296791, 0.012499997392296791, 0.012499997392296791, 0.9125000238418579]",False,64,False,,55,False,True,64,1017.0668159655448,"[383.87420654296875, 904.1058349609375, 25.125]","[973.1316528320312, 900.2001953125, 25.125]",True,,,False,False,False
6,1,31004,0,3,"[0.012499997392296791, 0.012499997392296791, 0.012499997392296791, 0.012499997392296791, 0.012499997392296791, 0.012499997392296791, 0.012499997392296791, 0.9125000238418579]",False,64,True,45.0,55,False,False,64,1017.0668159655448,"[383.87420654296875, 904.1058349609375, 25.125]","[973.1316528320312, 900.2001953125, 25.125]",True,,,False,False,False
6,1,31004,1,0,"[0.012499997392296791, 0.012499997392296791, 0.9125000238418579, 0.012499997392296791, 0.012499997392296791, 0.012499997392296791, 0.012499997392296791, 0.012499997392296791]",False,64,False,,27,False,True,64,754.1084917160878,"[383.87420654296875, 904.1058349609375, 25.125]","[116.12545013427734, 983.875, 25.125]",True,,,False,False,False
6,1,31004,1,1,"[0.012499997392296791, 0.012499997392296791, 0.9125000238418579, 0.012499997392296791, 0.012499997392296791, 0.012499997392296791, 0.012499997392296791, 0.012499997392296791]",True,64,False,,27,False,True,64,754.1084917160878,"[383.87420654296875, 904.1058349609375, 25.125]","[116.12545013427734, 983.875, 25.125]",True,,,False,False,False
6,1,31004,1,2,"[0.012499997392296791, 0.012499997392296791, 0.9125000238418579, 0.012499997392296791, 0.012499997392296791, 0.012499997392296791, 0.012499997392296791, 0.012499997392296791]",False,64,False,,27,False,True,64,754.1084917160878,"[383.87420654296875, 904.1058349609375, 25.125]","[116.12545013427734, 983.875, 25.125]",True,,,False,False,False
6,1,31004,1,3,"[0.012499997392296791, 0.012499997392296791, 0.9125000238418579, 0.012499997392296791, 0.012499997392296791, 0.012499997392296791, 0.012499997392296791, 0.012499997392296791]",False,64,False,,27,False,True,64,754.1084917160878,"[383.87420654296875, 904.1058349609375, 25.125]","[116.12545013427734, 983.875, 25.125]",True,,,False,False,False
6,1,31004,2,0,"[0.012499997392296791, 0.012499997392296791, 0.012499997392296791, 0.012499997392296791, 0.012499997392296791, 0.012499997392296791, 0.012499997392296791, 0.9125000238418579]",False,64,False,,55,False,True,64,684.1033744573084,"[383.87420654296875, 904.1058349609375, 25.125]","[116.1252212524414, 983.875, 25.125]",True,,,False,False,False
6,1,31004,2,1,"[0.012499997392296791, 0.012499997392296791, 0.012499997392296791, 0.012499997392296791, 0.012499997392296791, 0.012499997392296791, 0.012499997392296791, 0.9125000238418579]",False,64,False,,55,False,True,64,684.1033744573084,"[383.87420654296875, 904.1058349609375, 25.125]","[116.1252212524414, 983.875, 25.125]",True,,,False,False,False
6,1,31004,2,2,"[0.012499997392296791, 0.012499997392296791, 0.012499997392296791, 0.012499997392296791, 0.012499997392296791, 0.012499997392296791, 0.012499997392296791, 0.9125000238418579]",True,64,False,,55,False,True,64,684.1033744573084,"[383.87420654296875, 904.1058349609375, 25.125]","[116.1252212524414, 983.875, 25.125]",True,,,False,False,False
6,1,31004,2,3,"[0.012499997392296791, 0.012499997392296791, 0.012499997392296791, 0.012499997392296791, 0.012499997392296791, 0.012499997392296791, 0.012499997392296791, 0.9125000238418579]",False,64,False,,55,False,True,64,684.1033744573084,"[383.87420654296875, 904.1058349609375, 25.125]","[116.1252212524414, 983.875, 25.125]",True,,,False,False,False
6,1,31004,3,0,"[0.012499997392296791, 0.012499997392296791, 0.9125000238418579, 0.012499997392296791, 0.012499997392296791, 0.012499997392296791, 0.012499997392296791, 0.012499997392296791]",False,64,False,,27,False,True,64,810.7565458148334,"[383.87420654296875, 904.1058349609375, 25.125]","[196.0787353515625, 983.8743896484375, 25.125]",True,,,False,False,False
6,1,31004,3,1,"[0.012499997392296791, 0.012499997392296791, 0.9125000238418579, 0.012499997392296791, 0.012499997392296791, 0.012499997392296791, 0.012499997392296791, 0.012499997392296791]",False,64,False,,27,False,True,64,810.7565458148334,"[383.87420654296875, 904.1058349609375, 25.125]","[196.0787353515625, 983.8743896484375, 25.125]",True,,,False,False,False
6,1,31004,3,2,"[0.012499997392296791, 0.012499997392296791, 0.9125000238418579, 0.012499997392296791, 0.012499997392296791, 0.012499997392296791, 0.012499997392296791, 0.012499997392296791]",False,64,False,,27,False,True,64,810.7565458148334,"[383.87420654296875, 904.1058349609375, 25.125]","[196.0787353515625, 983.8743896484375, 25.125]",True,,,False,False,False
6,1,31004,3,3,"[0.012499997392296791, 0.012499997392296791, 0.9125000238418579, 0.012499997392296791, 0.012499997392296791, 0.012499997392296791, 0.012499997392296791, 0.012499997392296791]",True,64,False,,27,False,True,64,810.7565458148334,"[383.87420654296875, 904.1058349609375, 25.125]","[196.0787353515625, 983.8743896484375, 25.125]",True,,,False,False,False
6,2,31009,0,0,"[0.012499997392296791, 0.012499997392296791, 0.9125000238418579, 0.012499997392296791, 0.012499997392296791, 0.012499997392296791, 0.012499997392296791, 0.012499997392296791]",True,64,False,,24,False,True,64,1086.722737675557,"[950.0, 350.0, 25.125]","[373.4204406738281, 264.6619567871094, 25.125]",True,,,False,False,False
6,2,31009,0,1,"[0.012499997392296791, 0.012499997392296791, 0.9125000238418579, 0.012499997392296791, 0.012499997392296791, 0.012499997392296791, 0.012499997392296791, 0.012499997392296791]",False,64,False,,24,False,True,64,1086.722737675557,"[950.0, 350.0, 25.125]","[373.4204406738281, 264.6619567871094, 25.125]",True,,,False,False,False
6,2,31009,0,2,"[0.012499997392296791, 0.012499997392296791, 0.9125000238418579, 0.012499997392296791, 0.012499997392296791, 0.012499997392296791, 0.012499997392296791, 0.012499997392296791]",False,64,False,,24,False,True,64,1086.722737675557,"[950.0, 350.0, 25.125]","[373.4204406738281, 264.6619567871094, 25.125]",True,,,False,False,False
6,2,31009,0,3,"[0.012499997392296791, 0.012499997392296791, 0.9125000238418579, 0.012499997392296791, 0.012499997392296791, 0.012499997392296791, 0.012499997392296791, 0.012499997392296791]",False,64,True,10.0,24,False,False,64,1086.722737675557,"[950.0, 350.0, 25.125]","[373.4204406738281, 264.6619567871094, 25.125]",True,,,False,False,False
6,2,31009,1,0,"[0.012499997392296791, 0.012499997392296791, 0.9125000238418579, 0.012499997392296791, 0.012499997392296791, 0.012499997392296791, 0.012499997392296791, 0.012499997392296791]",False,64,False,,24,False,True,64,1047.594731979242,"[950.0, 350.0, 25.125]","[223.72959899902344, 116.1257553100586, 25.125]",True,,,False,False,False
6,2,31009,1,1,"[0.012499997392296791, 0.012499997392296791, 0.9125000238418579, 0.012499997392296791, 0.012499997392296791, 0.012499997392296791, 0.012499997392296791, 0.012499997392296791]",True,64,False,,24,False,True,64,1047.594731979242,"[950.0, 350.0, 25.125]","[223.72959899902344, 116.1257553100586, 25.125]",True,,,False,False,False
6,2,31009,1,2,"[0.012499997392296791, 0.012499997392296791, 0.9125000238418579, 0.012499997392296791, 0.012499997392296791, 0.012499997392296791, 0.012499997392296791, 0.012499997392296791]",False,64,False,,24,False,True,64,1047.594731979242,"[950.0, 350.0, 25.125]","[223.72959899902344, 116.1257553100586, 25.125]",True,,,False,False,False
6,2,31009,1,3,"[0.012499997392296791, 0.012499997392296791, 0.9125000238418579, 0.012499997392296791, 0.012499997392296791, 0.012499997392296791, 0.012499997392296791, 0.012499997392296791]",False,64,True,11.0,24,False,False,64,1047.594731979242,"[950.0, 350.0, 25.125]","[223.72959899902344, 116.1257553100586, 25.125]",True,,,False,False,False
6,2,31009,2,0,"[0.012499997392296791, 0.012499997392296791, 0.9125000238418579, 0.012499997392296791, 0.012499997392296791, 0.012499997392296791, 0.012499997392296791, 0.012499997392296791]",False,64,False,,24,False,True,64,1155.587962440936,"[950.0, 350.0, 25.125]","[147.86814880371094, 222.88922119140625, 25.125]",True,,,False,False,False
6,2,31009,2,1,"[0.012499997392296791, 0.012499997392296791, 0.9125000238418579, 0.012499997392296791, 0.012499997392296791, 0.012499997392296791, 0.012499997392296791, 0.012499997392296791]",False,64,False,,24,False,True,64,1155.587962440936,"[950.0, 350.0, 25.125]","[147.86814880371094, 222.88922119140625, 25.125]",True,,,False,False,False
6,2,31009,2,2,"[0.012499997392296791, 0.012499997392296791, 0.9125000238418579, 0.012499997392296791, 0.012499997392296791, 0.012499997392296791, 0.012499997392296791, 0.012499997392296791]",True,64,False,,24,False,True,64,1155.587962440936,"[950.0, 350.0, 25.125]","[147.86814880371094, 222.88922119140625, 25.125]",True,,,False,False,False
6,2,31009,2,3,"[0.012499997392296791, 0.012499997392296791, 0.9125000238418579, 0.012499997392296791, 0.012499997392296791, 0.012499997392296791, 0.012499997392296791, 0.012499997392296791]",False,64,True,11.0,24,False,False,64,1155.587962440936,"[950.0, 350.0, 25.125]","[147.86814880371094, 222.88922119140625, 25.125]",True,,,False,False,False
6,2,31009,3,0,"[0.012499997392296791, 0.012499997392296791, 0.9125000238418579, 0.012499997392296791, 0.012499997392296791, 0.012499997392296791, 0.012499997392296791, 0.012499997392296791]",False,64,False,,24,False,True,64,631.8672104292757,"[950.0, 350.0, 25.125]","[750.1407470703125, 116.12591552734375, 25.125]",True,,,False,False,False
6,2,31009,3,1,"[0.012499997392296791, 0.012499997392296791, 0.9125000238418579, 0.012499997392296791, 0.012499997392296791, 0.012499997392296791, 0.012499997392296791, 0.012499997392296791]",False,64,False,,24,False,True,64,631.8672104292757,"[950.0, 350.0, 25.125]","[750.1407470703125, 116.12591552734375, 25.125]",True,,,False,False,False
6,2,31009,3,2,"[0.012499997392296791, 0.012499997392296791, 0.9125000238418579, 0.012499997392296791, 0.012499997392296791, 0.012499997392296791, 0.012499997392296791, 0.012499997392296791]",False,64,False,,24,False,True,64,631.8672104292757,"[950.0, 350.0, 25.125]","[750.1407470703125, 116.12591552734375, 25.125]",True,,,False,False,False
6,2,31009,3,3,"[0.012499997392296791, 0.012499997392296791, 0.9125000238418579, 0.012499997392296791, 0.012499997392296791, 0.012499997392296791, 0.012499997392296791, 0.012499997392296791]",True,64,True,11.0,24,False,False,64,631.8672104292757,"[950.0, 350.0, 25.125]","[750.1407470703125, 116.12591552734375, 25.125]",True,,,False,False,False
6,3,31010,0,0,"[0.012499997392296791, 0.012499997392296791, 0.9125000238418579, 0.012499997392296791, 0.012499997392296791, 0.012499997392296791, 0.012499997392296791, 0.012499997392296791]",True,64,False,,22,False,True,64,793.6387223558304,"[860.7029418945312, 173.22357177734375, 25.125]","[834.8875732421875, 168.25283813476562, 25.125]",True,,,False,False,False
6,3,31010,0,1,"[0.012499997392296791, 0.012499997392296791, 0.9125000238418579, 0.012499997392296791, 0.012499997392296791, 0.012499997392296791, 0.012499997392296791, 0.012499997392296791]",False,64,False,,22,False,True,64,793.6387223558304,"[860.7029418945312, 173.22357177734375, 25.125]","[834.8875732421875, 168.25283813476562, 25.125]",True,,,False,False,False
6,3,31010,0,2,"[0.012499997392296791, 0.012499997392296791, 0.9125000238418579, 0.012499997392296791, 0.012499997392296791, 0.012499997392296791, 0.012499997392296791, 0.012499997392296791]",False,64,False,,22,False,True,64,793.6387223558304,"[860.7029418945312, 173.22357177734375, 25.125]","[834.8875732421875, 168.25283813476562, 25.125]",True,,,False,False,False
6,3,31010,0,3,"[0.012499997392296791, 0.012499997392296791, 0.9125000238418579, 0.012499997392296791, 0.012499997392296791, 0.012499997392296791, 0.012499997392296791, 0.012499997392296791]",False,64,False,,22,False,True,64,793.6387223558304,"[860.7029418945312, 173.22357177734375, 25.125]","[834.8875732421875, 168.25283813476562, 25.125]",True,,,False,False,False
6,3,31010,1,0,"[0.012499997392296791, 0.012499997392296791, 0.9125000238418579, 0.012499997392296791, 0.012499997392296791, 0.012499997392296791, 0.012499997392296791, 0.012499997392296791]",False,64,False,,22,False,True,64,816.3899551621288,"[860.7029418945312, 173.22357177734375, 25.125]","[983.87451171875, 170.66893005371094, 25.125]",True,,,False,False,False
6,3,31010,1,1,"[0.012499997392296791, 0.012499997392296791, 0.9125000238418579, 0.012499997392296791, 0.012499997392296791, 0.012499997392296791, 0.012499997392296791, 0.012499997392296791]",True,64,False,,22,False,True,64,816.3899551621288,"[860.7029418945312, 173.22357177734375, 25.125]","[983.87451171875, 170.66893005371094, 25.125]",True,,,False,False,False
6,3,31010,1,2,"[0.012499997392296791, 0.012499997392296791, 0.9125000238418579, 0.012499997392296791, 0.012499997392296791, 0.012499997392296791, 0.012499997392296791, 0.012499997392296791]",False,64,False,,22,False,True,64,816.3899551621288,"[860.7029418945312, 173.22357177734375, 25.125]","[983.87451171875, 170.66893005371094, 25.125]",True,,,False,False,False
6,3,31010,1,3,"[0.012499997392296791, 0.012499997392296791, 0.9125000238418579, 0.012499997392296791, 0.012499997392296791, 0.012499997392296791, 0.012499997392296791, 0.012499997392296791]",False,64,False,,22,False,True,64,816.3899551621288,"[860.7029418945312, 173.22357177734375, 25.125]","[983.87451171875, 170.66893005371094, 25.125]",True,,,False,False,False
6,3,31010,2,0,"[0.012499997392296791, 0.012499997392296791, 0.9125000238418579, 0.012499997392296791, 0.012499997392296791, 0.012499997392296791, 0.012499997392296791, 0.012499997392296791]",False,64,False,,22,False,True,64,825.8264259327694,"[860.7029418945312, 173.22357177734375, 25.125]","[896.5997314453125, 255.89918518066406, 25.125]",True,,,False,False,False
6,3,31010,2,1,"[0.012499997392296791, 0.012499997392296791, 0.9125000238418579, 0.012499997392296791, 0.012499997392296791, 0.012499997392296791, 0.012499997392296791, 0.012499997392296791]",False,64,False,,22,False,True,64,825.8264259327694,"[860.7029418945312, 173.22357177734375, 25.125]","[896.5997314453125, 255.89918518066406, 25.125]",True,,,False,False,False
6,3,31010,2,2,"[0.012499997392296791, 0.012499997392296791, 0.9125000238418579, 0.012499997392296791, 0.012499997392296791, 0.012499997392296791, 0.012499997392296791, 0.012499997392296791]",True,64,False,,22,False,True,64,825.8264259327694,"[860.7029418945312, 173.22357177734375, 25.125]","[896.5997314453125, 255.89918518066406, 25.125]",True,,,False,False,False
6,3,31010,2,3,"[0.012499997392296791, 0.012499997392296791, 0.9125000238418579, 0.012499997392296791, 0.012499997392296791, 0.012499997392296791, 0.012499997392296791, 0.012499997392296791]",False,64,False,,22,False,True,64,825.8264259327694,"[860.7029418945312, 173.22357177734375, 25.125]","[896.5997314453125, 255.89918518066406, 25.125]",True,,,False,False,False
6,3,31010,3,0,"[0.012499997392296791, 0.012499997392296791, 0.9125000238418579, 0.012499997392296791, 0.012499997392296791, 0.012499997392296791, 0.012499997392296791, 0.012499997392296791]",False,64,False,,22,False,True,64,883.3237337032118,"[860.7029418945312, 173.22357177734375, 25.125]","[974.3392333984375, 192.91567993164062, 25.125]",True,,,False,False,False
6,3,31010,3,1,"[0.012499997392296791, 0.012499997392296791, 0.9125000238418579, 0.012499997392296791, 0.012499997392296791, 0.012499997392296791, 0.012499997392296791, 0.012499997392296791]",False,64,False,,22,False,True,64,883.3237337032118,"[860.7029418945312, 173.22357177734375, 25.125]","[974.3392333984375, 192.91567993164062, 25.125]",True,,,False,False,False
6,3,31010,3,2,"[0.012499997392296791, 0.012499997392296791, 0.9125000238418579, 0.012499997392296791, 0.012499997392296791, 0.012499997392296791, 0.012499997392296791, 0.012499997392296791]",False,64,False,,22,False,True,64,883.3237337032118,"[860.7029418945312, 173.22357177734375, 25.125]","[974.3392333984375, 192.91567993164062, 25.125]",True,,,False,False,False
6,3,31010,3,3,"[0.012499997392296791, 0.012499997392296791, 0.9125000238418579, 0.012499997392296791, 0.012499997392296791, 0.012499997392296791, 0.012499997392296791, 0.012499997392296791]",True,64,False,,22,False,True,64,883.3237337032118,"[860.7029418945312, 173.22357177734375, 25.125]","[974.3392333984375, 192.91567993164062, 25.125]",True,,,False,False,False
6,4,31013,0,0,"[0.012499997392296791, 0.012499997392296791, 0.012499997392296791, 0.012499997392296791, 0.012499997392296791, 0.012499997392296791, 0.012499997392296791, 0.9125000238418579]",True,64,False,,62,False,True,64,716.2708169691832,"[920.3349609375, 569.1517944335938, 25.125]","[929.0729370117188, 116.12519836425781, 25.125]",True,,,False,False,False
6,4,31013,0,1,"[0.012499997392296791, 0.012499997392296791, 0.012499997392296791, 0.012499997392296791, 0.012499997392296791, 0.012499997392296791, 0.012499997392296791, 0.9125000238418579]",False,64,False,,62,False,True,64,716.2708169691832,"[920.3349609375, 569.1517944335938, 25.125]","[929.0729370117188, 116.12519836425781, 25.125]",True,,,False,False,False
6,4,31013,0,2,"[0.012499997392296791, 0.012499997392296791, 0.012499997392296791, 0.012499997392296791, 0.012499997392296791, 0.012499997392296791, 0.012499997392296791, 0.9125000238418579]",False,64,False,,62,False,True,64,716.2708169691832,"[920.3349609375, 569.1517944335938, 25.125]","[929.0729370117188, 116.12519836425781, 25.125]",True,,,False,False,False
6,4,31013,0,3,"[0.012499997392296791, 0.012499997392296791, 0.012499997392296791, 0.012499997392296791, 0.012499997392296791, 0.012499997392296791, 0.012499997392296791, 0.9125000238418579]",False,64,False,,62,False,True,64,716.2708169691832,"[920.3349609375, 569.1517944335938, 25.125]","[929.0729370117188, 116.12519836425781, 25.125]",True,,,False,False,False
6,4,31013,1,0,"[0.012499997392296791, 0.012499997392296791, 0.012499997392296791, 0.012499997392296791, 0.012499997392296791, 0.012499997392296791, 0.012499997392296791, 0.9125000238418579]",False,64,False,,62,False,True,64,857.3823397701364,"[920.3349609375, 569.1517944335938, 25.125]","[979.770751953125, 206.96878051757812, 25.125]",True,,,False,False,False
6,4,31013,1,1,"[0.012499997392296791, 0.012499997392296791, 0.012499997392296791, 0.012499997392296791, 0.012499997392296791, 0.012499997392296791, 0.012499997392296791, 0.9125000238418579]",True,64,False,,62,False,True,64,857.3823397701364,"[920.3349609375, 569.1517944335938, 25.125]","[979.770751953125, 206.96878051757812, 25.125]",True,,,False,False,False
6,4,31013,1,2,"[0.012499997392296791, 0.012499997392296791, 0.012499997392296791, 0.012499997392296791, 0.012499997392296791, 0.012499997392296791, 0.012499997392296791, 0.9125000238418579]",False,64,True,49.0,62,False,False,64,857.3823397701364,"[920.3349609375, 569.1517944335938, 25.125]","[979.770751953125, 206.96878051757812, 25.125]",True,,,False,False,False
6,4,31013,1,3,"[0.012499997392296791, 0.012499997392296791, 0.012499997392296791, 0.012499997392296791, 0.012499997392296791, 0.012499997392296791, 0.012499997392296791, 0.9125000238418579]",False,64,False,,62,False,True,64,857.3823397701364,"[920.3349609375, 569.1517944335938, 25.125]","[979.770751953125, 206.96878051757812, 25.125]",True,,,False,False,False
6,4,31013,2,0,"[0.012499997392296791, 0.012499997392296791, 0.012499997392296791, 0.012499997392296791, 0.012499997392296791, 0.012499997392296791, 0.012499997392296791, 0.9125000238418579]",False,64,False,,62,False,True,64,770.7612281708807,"[920.3349609375, 569.1517944335938, 25.125]","[868.3179321289062, 123.64176940917969, 25.125]",True,,,False,False,False
6,4,31013,2,1,"[0.012499997392296791, 0.012499997392296791, 0.012499997392296791, 0.012499997392296791, 0.012499997392296791, 0.012499997392296791, 0.012499997392296791, 0.9125000238418579]",False,64,False,,62,False,True,64,770.7612281708807,"[920.3349609375, 569.1517944335938, 25.125]","[868.3179321289062, 123.64176940917969, 25.125]",True,,,False,False,False
6,4,31013,2,2,"[0.012499997392296791, 0.012499997392296791, 0.012499997392296791, 0.012499997392296791, 0.012499997392296791, 0.012499997392296791, 0.012499997392296791, 0.9125000238418579]",True,64,False,,62,False,True,64,770.7612281708807,"[920.3349609375, 569.1517944335938, 25.125]","[868.3179321289062, 123.64176940917969, 25.125]",True,,,False,False,False
6,4,31013,2,3,"[0.012499997392296791, 0.012499997392296791, 0.012499997392296791, 0.012499997392296791, 0.012499997392296791, 0.012499997392296791, 0.012499997392296791, 0.9125000238418579]",False,64,False,,62,False,True,64,770.7612281708807,"[920.3349609375, 569.1517944335938, 25.125]","[868.3179321289062, 123.64176940917969, 25.125]",True,,,False,False,False
6,4,31013,3,0,"[0.012499997392296791, 0.012499997392296791, 0.012499997392296791, 0.012499997392296791, 0.012499997392296791, 0.012499997392296791, 0.012499997392296791, 0.9125000238418579]",False,64,False,,62,False,True,64,838.1717183805159,"[920.3349609375, 569.1517944335938, 25.125]","[983.8740844726562, 116.125, 25.125]",True,,,False,False,False
6,4,31013,3,1,"[0.012499997392296791, 0.012499997392296791, 0.012499997392296791, 0.012499997392296791, 0.012499997392296791, 0.012499997392296791, 0.012499997392296791, 0.9125000238418579]",False,64,False,,62,False,True,64,838.1717183805159,"[920.3349609375, 569.1517944335938, 25.125]","[983.8740844726562, 116.125, 25.125]",True,,,False,False,False
6,4,31013,3,2,"[0.012499997392296791, 0.012499997392296791, 0.012499997392296791, 0.012499997392296791, 0.012499997392296791, 0.012499997392296791, 0.012499997392296791, 0.9125000238418579]",False,64,True,56.0,62,False,False,64,838.1717183805159,"[920.3349609375, 569.1517944335938, 25.125]","[983.8740844726562, 116.125, 25.125]",True,,,False,False,False
6,4,31013,3,3,"[0.012499997392296791, 0.012499997392296791, 0.012499997392296791, 0.012499997392296791, 0.012499997392296791, 0.012499997392296791, 0.012499997392296791, 0.9125000238418579]",True,64,False,,62,False,True,64,838.1717183805159,"[920.3349609375, 569.1517944335938, 25.125]","[983.8740844726562, 116.125, 25.125]",True,,,False,False,False
27,0,31002,0,0,"[0.9125000238418579, 0.012499997392296791, 0.012499997392296791, 0.012499997392296791, 0.012499997392296791, 0.012499997392296791, 0.012499997392296791, 0.012499997392296791]",True,64,False,,23,False,True,64,939.957002929922,"[950.0, 350.0, 25.125]","[535.7054443359375, 176.12030029296875, 25.125]",True,,,False,False,False
27,0,31002,0,1,"[0.9125000238418579, 0.012499997392296791, 0.012499997392296791, 0.012499997392296791, 0.012499997392296791, 0.012499997392296791, 0.012499997392296791, 0.012499997392296791]",False,64,False,,23,False,True,64,939.957002929922,"[950.0, 350.0, 25.125]","[535.7054443359375, 176.12030029296875, 25.125]",True,,,False,False,False
27,0,31002,0,2,"[0.9125000238418579, 0.012499997392296791, 0.012499997392296791, 0.012499997392296791, 0.012499997392296791, 0.012499997392296791, 0.012499997392296791, 0.012499997392296791]",False,64,False,,23,False,True,64,939.957002929922,"[950.0, 350.0, 25.125]","[535.7054443359375, 176.12030029296875, 25.125]",True,,,False,False,False
27,0,31002,0,3,"[0.9125000238418579, 0.012499997392296791, 0.012499997392296791, 0.012499997392296791, 0.012499997392296791, 0.012499997392296791, 0.012499997392296791, 0.012499997392296791]",False,64,False,,23,False,True,64,939.957002929922,"[950.0, 350.0, 25.125]","[535.7054443359375, 176.12030029296875, 25.125]",True,,,False,False,False
27,0,31002,1,0,"[0.9125000238418579, 0.012499997392296791, 0.012499997392296791, 0.012499997392296791, 0.012499997392296791, 0.012499997392296791, 0.012499997392296791, 0.012499997392296791]",False,64,False,,23,False,True,64,884.7211962071517,"[950.0, 350.0, 25.125]","[536.745361328125, 183.87474060058594, 25.125]",True,,,False,False,False
27,0,31002,1,1,"[0.9125000238418579, 0.012499997392296791, 0.012499997392296791, 0.012499997392296791, 0.012499997392296791, 0.012499997392296791, 0.012499997392296791, 0.012499997392296791]",True,64,False,,23,False,True,64,884.7211962071517,"[950.0, 350.0, 25.125]","[536.745361328125, 183.87474060058594, 25.125]",True,,,False,False,False
27,0,31002,1,2,"[0.9125000238418579, 0.012499997392296791, 0.012499997392296791, 0.012499997392296791, 0.012499997392296791, 0.012499997392296791, 0.012499997392296791, 0.012499997392296791]",False,64,False,,23,False,True,64,884.7211962071517,"[950.0, 350.0, 25.125]","[536.745361328125, 183.87474060058594, 25.125]",True,,,False,False,False
27,0,31002,1,3,"[0.9125000238418579, 0.012499997392296791, 0.012499997392296791, 0.012499997392296791, 0.012499997392296791, 0.012499997392296791, 0.012499997392296791, 0.012499997392296791]",False,64,True,19.0,23,False,False,64,884.7211962071517,"[950.0, 350.0, 25.125]","[536.745361328125, 183.87474060058594, 25.125]",True,,,False,False,False
27,0,31002,2,0,"[0.9125000238418579, 0.012499997392296791, 0.012499997392296791, 0.012499997392296791, 0.012499997392296791, 0.012499997392296791, 0.012499997392296791, 0.012499997392296791]",False,64,False,,23,False,True,64,1061.3859476802177,"[950.0, 350.0, 25.125]","[789.8068237304688, 457.6230163574219, 25.125]",True,,,False,False,False
27,0,31002,2,1,"[0.9125000238418579, 0.012499997392296791, 0.012499997392296791, 0.012499997392296791, 0.012499997392296791, 0.012499997392296791, 0.012499997392296791, 0.012499997392296791]",False,64,False,,23,False,True,64,1061.3859476802177,"[950.0, 350.0, 25.125]","[789.8068237304688, 457.6230163574219, 25.125]",True,,,False,False,False
27,0,31002,2,2,"[0.9125000238418579, 0.012499997392296791, 0.012499997392296791, 0.012499997392296791, 0.012499997392296791, 0.012499997392296791, 0.012499997392296791, 0.012499997392296791]",True,64,False,,23,False,True,64,1061.3859476802177,"[950.0, 350.0, 25.125]","[789.8068237304688, 457.6230163574219, 25.125]",True,,,False,False,False
27,0,31002,2,3,"[0.9125000238418579, 0.012499997392296791, 0.012499997392296791, 0.012499997392296791, 0.012499997392296791, 0.012499997392296791, 0.012499997392296791, 0.012499997392296791]",False,64,False,,23,False,True,64,1061.3859476802177,"[950.0, 350.0, 25.125]","[789.8068237304688, 457.6230163574219, 25.125]",True,,,False,False,False
27,0,31002,3,0,"[0.9125000238418579, 0.012499997392296791, 0.012499997392296791, 0.012499997392296791, 0.012499997392296791, 0.012499997392296791, 0.012499997392296791, 0.012499997392296791]",False,64,False,,23,False,True,64,721.4598273383249,"[950.0, 350.0, 25.125]","[749.2755126953125, 128.23435974121094, 25.125]",True,,,False,False,False
27,0,31002,3,1,"[0.9125000238418579, 0.012499997392296791, 0.012499997392296791, 0.012499997392296791, 0.012499997392296791, 0.012499997392296791, 0.012499997392296791, 0.012499997392296791]",False,64,False,,23,False,True,64,721.4598273383249,"[950.0, 350.0, 25.125]","[749.2755126953125, 128.23435974121094, 25.125]",True,,,False,False,False
27,0,31002,3,2,"[0.9125000238418579, 0.012499997392296791, 0.012499997392296791, 0.012499997392296791, 0.012499997392296791, 0.012499997392296791, 0.012499997392296791, 0.012499997392296791]",False,64,False,,23,False,True,64,721.4598273383249,"[950.0, 350.0, 25.125]","[749.2755126953125, 128.23435974121094, 25.125]",True,,,False,False,False
27,0,31002,3,3,"[0.9125000238418579, 0.012499997392296791, 0.012499997392296791, 0.012499997392296791, 0.012499997392296791, 0.012499997392296791, 0.012499997392296791, 0.012499997392296791]",True,64,True,19.0,23,False,False,64,721.4598273383249,"[950.0, 350.0, 25.125]","[749.2755126953125, 128.23435974121094, 25.125]",True,,,False,False,False
27,1,31005,0,0,"[0.012499997392296791, 0.012499997392296791, 0.9125000238418579, 0.012499997392296791, 0.012499997392296791, 0.012499997392296791, 0.012499997392296791, 0.012499997392296791]",True,64,False,,63,False,True,64,820.3805256667856,"[269.3623352050781, 754.9598999023438, 25.125]","[116.12592315673828, 967.3370971679688, 25.125]",True,,,False,False,False
27,1,31005,0,1,"[0.012499997392296791, 0.012499997392296791, 0.9125000238418579, 0.012499997392296791, 0.012499997392296791, 0.012499997392296791, 0.012499997392296791, 0.012499997392296791]",False,64,False,,63,False,True,64,820.3805256667856,"[269.3623352050781, 754.9598999023438, 25.125]","[116.12592315673828, 967.3370971679688, 25.125]",True,,,False,False,False
27,1,31005,0,2,"[0.012499997392296791, 0.012499997392296791, 0.9125000238418579, 0.012499997392296791, 0.012499997392296791, 0.012499997392296791, 0.012499997392296791, 0.012499997392296791]",False,64,False,,63,False,True,64,820.3805256667856,"[269.3623352050781, 754.9598999023438, 25.125]","[116.12592315673828, 967.3370971679688, 25.125]",True,,,False,False,False
27,1,31005,0,3,"[0.012499997392296791, 0.012499997392296791, 0.9125000238418579, 0.012499997392296791, 0.012499997392296791, 0.012499997392296791, 0.012499997392296791, 0.012499997392296791]",False,64,False,,63,False,True,64,820.3805256667856,"[269.3623352050781, 754.9598999023438, 25.125]","[116.12592315673828, 967.3370971679688, 25.125]",True,,,False,False,False
27,1,31005,1,0,"[0.012499997392296791, 0.012499997392296791, 0.9125000238418579, 0.012499997392296791, 0.012499997392296791, 0.012499997392296791, 0.012499997392296791, 0.012499997392296791]",False,64,False,,63,False,True,64,871.6649978381171,"[269.3623352050781, 754.9598999023438, 25.125]","[116.1251449584961, 844.78271484375, 25.125]",True,,,False,False,False
27,1,31005,1,1,"[0.012499997392296791, 0.012499997392296791, 0.9125000238418579, 0.012499997392296791, 0.012499997392296791, 0.012499997392296791, 0.012499997392296791, 0.012499997392296791]",True,64,False,,63,False,True,64,871.6649978381171,"[269.3623352050781, 754.9598999023438, 25.125]","[116.1251449584961, 844.78271484375, 25.125]",True,,,False,False,False
27,1,31005,1,2,"[0.012499997392296791, 0.012499997392296791, 0.9125000238418579, 0.012499997392296791, 0.012499997392296791, 0.012499997392296791, 0.012499997392296791, 0.012499997392296791]",False,64,False,,63,False,True,64,871.6649978381171,"[269.3623352050781, 754.9598999023438, 25.125]","[116.1251449584961, 844.78271484375, 25.125]",True,,,False,False,False
27,1,31005,1,3,"[0.012499997392296791, 0.012499997392296791, 0.9125000238418579, 0.012499997392296791, 0.012499997392296791, 0.012499997392296791, 0.012499997392296791, 0.012499997392296791]",False,64,False,,63,False,True,64,871.6649978381171,"[269.3623352050781, 754.9598999023438, 25.125]","[116.1251449584961, 844.78271484375, 25.125]",True,,,False,False,False
27,1,31005,2,0,"[0.012499997392296791, 0.012499997392296791, 0.9125000238418579, 0.012499997392296791, 0.012499997392296791, 0.012499997392296791, 0.012499997392296791, 0.012499997392296791]",False,64,False,,63,False,True,64,893.6869204621189,"[269.3623352050781, 754.9598999023438, 25.125]","[116.1257095336914, 912.1498413085938, 25.125]",True,,,False,False,False
27,1,31005,2,1,"[0.012499997392296791, 0.012499997392296791, 0.9125000238418579, 0.012499997392296791, 0.012499997392296791, 0.012499997392296791, 0.012499997392296791, 0.012499997392296791]",False,64,False,,63,False,True,64,893.6869204621189,"[269.3623352050781, 754.9598999023438, 25.125]","[116.1257095336914, 912.1498413085938, 25.125]",True,,,False,False,False
27,1,31005,2,2,"[0.012499997392296791, 0.012499997392296791, 0.9125000238418579, 0.012499997392296791, 0.012499997392296791, 0.012499997392296791, 0.012499997392296791, 0.012499997392296791]",True,64,False,,63,False,True,64,893.6869204621189,"[269.3623352050781, 754.9598999023438, 25.125]","[116.1257095336914, 912.1498413085938, 25.125]",True,,,False,False,False
27,1,31005,2,3,"[0.012499997392296791, 0.012499997392296791, 0.9125000238418579, 0.012499997392296791, 0.012499997392296791, 0.012499997392296791, 0.012499997392296791, 0.012499997392296791]",False,64,False,,63,False,True,64,893.6869204621189,"[269.3623352050781, 754.9598999023438, 25.125]","[116.1257095336914, 912.1498413085938, 25.125]",True,,,False,False,False
27,1,31005,3,0,"[0.012499997392296791, 0.012499997392296791, 0.9125000238418579, 0.012499997392296791, 0.012499997392296791, 0.012499997392296791, 0.012499997392296791, 0.012499997392296791]",False,64,False,,63,False,True,64,774.7212680914552,"[269.3623352050781, 754.9598999023438, 25.125]","[116.12578582763672, 830.3388671875, 25.125]",True,,,False,False,False
27,1,31005,3,1,"[0.012499997392296791, 0.012499997392296791, 0.9125000238418579, 0.012499997392296791, 0.012499997392296791, 0.012499997392296791, 0.012499997392296791, 0.012499997392296791]",False,64,False,,63,False,True,64,774.7212680914552,"[269.3623352050781, 754.9598999023438, 25.125]","[116.12578582763672, 830.3388671875, 25.125]",True,,,False,False,False
27,1,31005,3,2,"[0.012499997392296791, 0.012499997392296791, 0.9125000238418579, 0.012499997392296791, 0.012499997392296791, 0.012499997392296791, 0.012499997392296791, 0.012499997392296791]",False,64,False,,63,False,True,64,774.7212680914552,"[269.3623352050781, 754.9598999023438, 25.125]","[116.12578582763672, 830.3388671875, 25.125]",True,,,False,False,False
27,1,31005,3,3,"[0.012499997392296791, 0.012499997392296791, 0.9125000238418579, 0.012499997392296791, 0.012499997392296791, 0.012499997392296791, 0.012499997392296791, 0.012499997392296791]",True,64,False,,63,False,True,64,774.7212680914552,"[269.3623352050781, 754.9598999023438, 25.125]","[116.12578582763672, 830.3388671875, 25.125]",True,,,False,False,False
27,2,31011,0,0,"[0.9125000238418579, 0.012499997392296791, 0.012499997392296791, 0.012499997392296791, 0.012499997392296791, 0.012499997392296791, 0.012499997392296791, 0.012499997392296791]",True,64,False,,57,False,True,64,987.3236522586781,"[850.0, 950.0, 25.125]","[770.9584350585938, 945.6775512695312, 25.125]",True,,,False,False,False
27,2,31011,0,1,"[0.9125000238418579, 0.012499997392296791, 0.012499997392296791, 0.012499997392296791, 0.012499997392296791, 0.012499997392296791, 0.012499997392296791, 0.012499997392296791]",False,64,False,,57,False,True,64,987.3236522586781,"[850.0, 950.0, 25.125]","[770.9584350585938, 945.6775512695312, 25.125]",True,,,False,False,False
27,2,31011,0,2,"[0.9125000238418579, 0.012499997392296791, 0.012499997392296791, 0.012499997392296791, 0.012499997392296791, 0.012499997392296791, 0.012499997392296791, 0.012499997392296791]",False,64,False,,57,False,True,64,987.3236522586781,"[850.0, 950.0, 25.125]","[770.9584350585938, 945.6775512695312, 25.125]",True,,,False,False,False
27,2,31011,0,3,"[0.9125000238418579, 0.012499997392296791, 0.012499997392296791, 0.012499997392296791, 0.012499997392296791, 0.012499997392296791, 0.012499997392296791, 0.012499997392296791]",False,64,True,59.0,57,False,False,64,987.3236522586781,"[850.0, 950.0, 25.125]","[770.9584350585938, 945.6775512695312, 25.125]",True,,,False,False,False
27,2,31011,1,0,"[0.9125000238418579, 0.012499997392296791, 0.012499997392296791, 0.012499997392296791, 0.012499997392296791, 0.012499997392296791, 0.012499997392296791, 0.012499997392296791]",False,64,False,,57,False,True,64,1002.1337578827759,"[850.0, 950.0, 25.125]","[945.3250122070312, 440.5159912109375, 25.125]",True,,,False,False,False
27,2,31011,1,1,"[0.9125000238418579, 0.012499997392296791, 0.012499997392296791, 0.012499997392296791, 0.012499997392296791, 0.012499997392296791, 0.012499997392296791, 0.012499997392296791]",True,64,False,,57,False,True,64,1002.1337578827759,"[850.0, 950.0, 25.125]","[945.3250122070312, 440.5159912109375, 25.125]",True,,,False,False,False
27,2,31011,1,2,"[0.9125000238418579, 0.012499997392296791, 0.012499997392296791, 0.012499997392296791, 0.012499997392296791, 0.012499997392296791, 0.012499997392296791, 0.012499997392296791]",False,64,True,20.0,57,False,False,64,1002.1337578827759,"[850.0, 950.0, 25.125]","[945.3250122070312, 440.5159912109375, 25.125]",True,,,False,False,False
27,2,31011,1,3,"[0.9125000238418579, 0.012499997392296791, 0.012499997392296791, 0.012499997392296791, 0.012499997392296791, 0.012499997392296791, 0.012499997392296791, 0.012499997392296791]",False,64,False,,57,False,True,64,1002.1337578827759,"[850.0, 950.0, 25.125]","[945.3250122070312, 440.5159912109375, 25.125]",True,,,False,False,False
27,2,31011,2,0,"[0.9125000238418579, 0.012499997392296791, 0.012499997392296791, 0.012499997392296791, 0.012499997392296791, 0.012499997392296791, 0.012499997392296791, 0.012499997392296791]",False,64,False,,57,False,True,64,980.0054420941398,"[850.0, 950.0, 25.125]","[374.2833557128906, 449.9508972167969, 25.125]",True,,,False,False,False
27,2,31011,2,1,"[0.9125000238418579, 0.012499997392296791, 0.012499997392296791, 0.012499997392296791, 0.012499997392296791, 0.012499997392296791, 0.012499997392296791, 0.012499997392296791]",False,64,False,,57,False,True,64,980.0054420941398,"[850.0, 950.0, 25.125]","[374.2833557128906, 449.9508972167969, 25.125]",True,,,False,False,False
27,2,31011,2,2,"[0.9125000238418579, 0.012499997392296791, 0.012499997392296791, 0.012499997392296791, 0.012499997392296791, 0.012499997392296791, 0.012499997392296791, 0.012499997392296791]",True,64,False,,57,False,True,64,980.0054420941398,"[850.0, 950.0, 25.125]","[374.2833557128906, 449.9508972167969, 25.125]",True,,,False,False,False
27,2,31011,2,3,"[0.9125000238418579, 0.012499997392296791, 0.012499997392296791, 0.012499997392296791, 0.012499997392296791, 0.012499997392296791, 0.012499997392296791, 0.012499997392296791]",False,64,True,57.0,57,False,False,64,980.0054420941398,"[850.0, 950.0, 25.125]","[374.2833557128906, 449.9508972167969, 25.125]",True,,,False,False,False
27,2,31011,3,0,"[0.9125000238418579, 0.012499997392296791, 0.012499997392296791, 0.012499997392296791, 0.012499997392296791, 0.012499997392296791, 0.012499997392296791, 0.012499997392296791]",False,64,False,,57,False,True,64,997.3545923025176,"[850.0, 950.0, 25.125]","[419.73095703125, 464.9385986328125, 25.125]",True,,,False,False,False
27,2,31011,3,1,"[0.9125000238418579, 0.012499997392296791, 0.012499997392296791, 0.012499997392296791, 0.012499997392296791, 0.012499997392296791, 0.012499997392296791, 0.012499997392296791]",False,64,False,,57,False,True,64,997.3545923025176,"[850.0, 950.0, 25.125]","[419.73095703125, 464.9385986328125, 25.125]",True,,,False,False,False
27,2,31011,3,2,"[0.9125000238418579, 0.012499997392296791, 0.012499997392296791, 0.012499997392296791, 0.012499997392296791, 0.012499997392296791, 0.012499997392296791, 0.012499997392296791]",False,64,False,,57,False,True,64,997.3545923025176,"[850.0, 950.0, 25.125]","[419.73095703125, 464.9385986328125, 25.125]",True,,,False,False,False
27,2,31011,3,3,"[0.9125000238418579, 0.012499997392296791, 0.012499997392296791, 0.012499997392296791, 0.012499997392296791, 0.012499997392296791, 0.012499997392296791, 0.012499997392296791]",True,64,False,,57,False,True,64,997.3545923025176,"[850.0, 950.0, 25.125]","[419.73095703125, 464.9385986328125, 25.125]",True,,,False,False,False
27,3,31014,0,0,"[0.012499997392296791, 0.012499997392296791, 0.012499997392296791, 0.012499997392296791, 0.012499997392296791, 0.012499997392296791, 0.012499997392296791, 0.9125000238418579]",True,64,False,,59,False,True,64,534.5900705075093,"[979.2687377929688, 714.8355712890625, 25.125]","[975.9993286132812, 848.6871337890625, 25.125]",True,,,False,False,False
27,3,31014,0,1,"[0.012499997392296791, 0.012499997392296791, 0.012499997392296791, 0.012499997392296791, 0.012499997392296791, 0.012499997392296791, 0.012499997392296791, 0.9125000238418579]",False,64,False,,59,False,True,64,534.5900705075093,"[979.2687377929688, 714.8355712890625, 25.125]","[975.9993286132812, 848.6871337890625, 25.125]",True,,,False,False,False
27,3,31014,0,2,"[0.012499997392296791, 0.012499997392296791, 0.012499997392296791, 0.012499997392296791, 0.012499997392296791, 0.012499997392296791, 0.012499997392296791, 0.9125000238418579]",False,64,False,,59,False,True,64,534.5900705075093,"[979.2687377929688, 714.8355712890625, 25.125]","[975.9993286132812, 848.6871337890625, 25.125]",True,,,False,False,False
27,3,31014,0,3,"[0.012499997392296791, 0.012499997392296791, 0.012499997392296791, 0.012499997392296791, 0.012499997392296791, 0.012499997392296791, 0.012499997392296791, 0.9125000238418579]",False,64,False,,59,False,True,64,534.5900705075093,"[979.2687377929688, 714.8355712890625, 25.125]","[975.9993286132812, 848.6871337890625, 25.125]",True,,,False,False,False
27,3,31014,1,0,"[0.012499997392296791, 0.012499997392296791, 0.9125000238418579, 0.012499997392296791, 0.012499997392296791, 0.012499997392296791, 0.012499997392296791, 0.012499997392296791]",False,64,False,,59,False,True,64,793.8941328912534,"[979.2687377929688, 714.8355712890625, 25.125]","[595.0586547851562, 937.5444946289062, 25.125]",True,,,False,False,False
27,3,31014,1,1,"[0.012499997392296791, 0.012499997392296791, 0.9125000238418579, 0.012499997392296791, 0.012499997392296791, 0.012499997392296791, 0.012499997392296791, 0.012499997392296791]",True,64,False,,59,False,True,64,793.8941328912534,"[979.2687377929688, 714.8355712890625, 25.125]","[595.0586547851562, 937.5444946289062, 25.125]",True,,,False,False,False
27,3,31014,1,2,"[0.012499997392296791, 0.012499997392296791, 0.9125000238418579, 0.012499997392296791, 0.012499997392296791, 0.012499997392296791, 0.012499997392296791, 0.012499997392296791]",False,64,False,,59,False,True,64,793.8941328912534,"[979.2687377929688, 714.8355712890625, 25.125]","[595.0586547851562, 937.5444946289062, 25.125]",True,,,False,False,False
27,3,31014,1,3,"[0.012499997392296791, 0.012499997392296791, 0.9125000238418579, 0.012499997392296791, 0.012499997392296791, 0.012499997392296791, 0.012499997392296791, 0.012499997392296791]",False,64,False,,59,False,True,64,793.8941328912534,"[979.2687377929688, 714.8355712890625, 25.125]","[595.0586547851562, 937.5444946289062, 25.125]",True,,,False,False,False
27,3,31014,2,0,"[0.012499997392296791, 0.012499997392296791, 0.012499997392296791, 0.012499997392296791, 0.012499997392296791, 0.012499997392296791, 0.012499997392296791, 0.9125000238418579]",False,64,False,,23,False,True,64,595.3430113071119,"[979.2687377929688, 714.8355712890625, 25.125]","[954.4891357421875, 983.8744506835938, 25.125]",True,,,False,False,False
27,3,31014,2,1,"[0.012499997392296791, 0.012499997392296791, 0.012499997392296791, 0.012499997392296791, 0.012499997392296791, 0.012499997392296791, 0.012499997392296791, 0.9125000238418579]",False,64,False,,23,False,True,64,595.3430113071119,"[979.2687377929688, 714.8355712890625, 25.125]","[954.4891357421875, 983.8744506835938, 25.125]",True,,,False,False,False
27,3,31014,2,2,"[0.012499997392296791, 0.012499997392296791, 0.012499997392296791, 0.012499997392296791, 0.012499997392296791, 0.012499997392296791, 0.012499997392296791, 0.9125000238418579]",True,64,False,,23,False,True,64,595.3430113071119,"[979.2687377929688, 714.8355712890625, 25.125]","[954.4891357421875, 983.8744506835938, 25.125]",True,,,False,False,False
27,3,31014,2,3,"[0.012499997392296791, 0.012499997392296791, 0.012499997392296791, 0.012499997392296791, 0.012499997392296791, 0.012499997392296791, 0.012499997392296791, 0.9125000238418579]",False,64,False,,23,False,True,64,595.3430113071119,"[979.2687377929688, 714.8355712890625, 25.125]","[954.4891357421875, 983.8744506835938, 25.125]",True,,,False,False,False
27,3,31014,3,0,"[0.012499997392296791, 0.012499997392296791, 0.9125000238418579, 0.012499997392296791, 0.012499997392296791, 0.012499997392296791, 0.012499997392296791, 0.012499997392296791]",False,64,False,,59,False,True,64,812.0665764131422,"[979.2687377929688, 714.8355712890625, 25.125]","[928.72021484375, 573.63330078125, 25.125]",True,,,False,False,False
27,3,31014,3,1,"[0.012499997392296791, 0.012499997392296791, 0.9125000238418579, 0.012499997392296791, 0.012499997392296791, 0.012499997392296791, 0.012499997392296791, 0.012499997392296791]",False,64,False,,59,False,True,64,812.0665764131422,"[979.2687377929688, 714.8355712890625, 25.125]","[928.72021484375, 573.63330078125, 25.125]",True,,,False,False,False
27,3,31014,3,2,"[0.012499997392296791, 0.012499997392296791, 0.9125000238418579, 0.012499997392296791, 0.012499997392296791, 0.012499997392296791, 0.012499997392296791, 0.012499997392296791]",False,64,True,28.0,59,False,False,64,812.0665764131422,"[979.2687377929688, 714.8355712890625, 25.125]","[928.72021484375, 573.63330078125, 25.125]",True,,,False,False,False
27,3,31014,3,3,"[0.012499997392296791, 0.012499997392296791, 0.9125000238418579, 0.012499997392296791, 0.012499997392296791, 0.012499997392296791, 0.012499997392296791, 0.012499997392296791]",True,64,False,,59,False,True,64,812.0665764131422,"[979.2687377929688, 714.8355712890625, 25.125]","[928.72021484375, 573.63330078125, 25.125]",True,,,False,False,False
27,4,31015,0,0,"[0.012499997392296791, 0.012499997392296791, 0.9125000238418579, 0.012499997392296791, 0.012499997392296791, 0.012499997392296791, 0.012499997392296791, 0.012499997392296791]",True,64,False,,21,False,True,64,663.3465166141832,"[118.04154205322266, 589.0785522460938, 25.125]","[300.5920104980469, 321.5821228027344, 25.125]",True,,,False,False,False
27,4,31015,0,1,"[0.012499997392296791, 0.012499997392296791, 0.9125000238418579, 0.012499997392296791, 0.012499997392296791, 0.012499997392296791, 0.012499997392296791, 0.012499997392296791]",False,64,False,,21,False,True,64,663.3465166141832,"[118.04154205322266, 589.0785522460938, 25.125]","[300.5920104980469, 321.5821228027344, 25.125]",True,,,False,False,False
27,4,31015,0,2,"[0.012499997392296791, 0.012499997392296791, 0.9125000238418579, 0.012499997392296791, 0.012499997392296791, 0.012499997392296791, 0.012499997392296791, 0.012499997392296791]",False,64,False,,21,False,True,64,663.3465166141832,"[118.04154205322266, 589.0785522460938, 25.125]","[300.5920104980469, 321.5821228027344, 25.125]",True,,,False,False,False
27,4,31015,0,3,"[0.012499997392296791, 0.012499997392296791, 0.9125000238418579, 0.012499997392296791, 0.012499997392296791, 0.012499997392296791, 0.012499997392296791, 0.012499997392296791]",False,64,False,,21,False,True,64,663.3465166141832,"[118.04154205322266, 589.0785522460938, 25.125]","[300.5920104980469, 321.5821228027344, 25.125]",True,,,False,False,False
27,4,31015,1,0,"[0.012499997392296791, 0.012499997392296791, 0.9125000238418579, 0.012499997392296791, 0.012499997392296791, 0.012499997392296791, 0.012499997392296791, 0.012499997392296791]",False,64,False,,21,False,True,64,858.6830815673125,"[118.04154205322266, 589.0785522460938, 25.125]","[443.79119873046875, 139.21095275878906, 25.125]",True,,,False,False,False
27,4,31015,1,1,"[0.012499997392296791, 0.012499997392296791, 0.9125000238418579, 0.012499997392296791, 0.012499997392296791, 0.012499997392296791, 0.012499997392296791, 0.012499997392296791]",True,64,False,,21,False,True,64,858.6830815673125,"[118.04154205322266, 589.0785522460938, 25.125]","[443.79119873046875, 139.21095275878906, 25.125]",True,,,False,False,False
27,4,31015,1,2,"[0.012499997392296791, 0.012499997392296791, 0.9125000238418579, 0.012499997392296791, 0.012499997392296791, 0.012499997392296791, 0.012499997392296791, 0.012499997392296791]",False,64,False,,21,False,True,64,858.6830815673125,"[118.04154205322266, 589.0785522460938, 25.125]","[443.79119873046875, 139.21095275878906, 25.125]",True,,,False,False,False
27,4,31015,1,3,"[0.012499997392296791, 0.012499997392296791, 0.9125000238418579, 0.012499997392296791, 0.012499997392296791, 0.012499997392296791, 0.012499997392296791, 0.012499997392296791]",False,64,False,,21,False,True,64,858.6830815673125,"[118.04154205322266, 589.0785522460938, 25.125]","[443.79119873046875, 139.21095275878906, 25.125]",True,,,False,False,False
27,4,31015,2,0,"[0.012499997392296791, 0.012499997392296791, 0.9125000238418579, 0.012499997392296791, 0.012499997392296791, 0.012499997392296791, 0.012499997392296791, 0.012499997392296791]",False,64,False,,21,False,True,64,689.9654383728348,"[118.04154205322266, 589.0785522460938, 25.125]","[120.34616088867188, 149.4691619873047, 25.125]",True,,,False,False,False
27,4,31015,2,1,"[0.012499997392296791, 0.012499997392296791, 0.9125000238418579, 0.012499997392296791, 0.012499997392296791, 0.012499997392296791, 0.012499997392296791, 0.012499997392296791]",False,64,False,,21,False,True,64,689.9654383728348,"[118.04154205322266, 589.0785522460938, 25.125]","[120.34616088867188, 149.4691619873047, 25.125]",True,,,False,False,False
27,4,31015,2,2,"[0.012499997392296791, 0.012499997392296791, 0.9125000238418579, 0.012499997392296791, 0.012499997392296791, 0.012499997392296791, 0.012499997392296791, 0.012499997392296791]",True,64,False,,21,False,True,64,689.9654383728348,"[118.04154205322266, 589.0785522460938, 25.125]","[120.34616088867188, 149.4691619873047, 25.125]",True,,,False,False,False
27,4,31015,2,3,"[0.012499997392296791, 0.012499997392296791, 0.9125000238418579, 0.012499997392296791, 0.012499997392296791, 0.012499997392296791, 0.012499997392296791, 0.012499997392296791]",False,64,False,,21,False,True,64,689.9654383728348,"[118.04154205322266, 589.0785522460938, 25.125]","[120.34616088867188, 149.4691619873047, 25.125]",True,,,False,False,False
27,4,31015,3,0,"[0.012499997392296791, 0.012499997392296791, 0.9125000238418579, 0.012499997392296791, 0.012499997392296791, 0.012499997392296791, 0.012499997392296791, 0.012499997392296791]",False,64,False,,21,False,True,64,759.5059033839541,"[118.04154205322266, 589.0785522460938, 25.125]","[489.66949462890625, 388.9117126464844, 25.125]",True,,,False,False,False
27,4,31015,3,1,"[0.012499997392296791, 0.012499997392296791, 0.9125000238418579, 0.012499997392296791, 0.012499997392296791, 0.012499997392296791, 0.012499997392296791, 0.012499997392296791]",False,64,False,,21,False,True,64,759.5059033839541,"[118.04154205322266, 589.0785522460938, 25.125]","[489.66949462890625, 388.9117126464844, 25.125]",True,,,False,False,False
27,4,31015,3,2,"[0.012499997392296791, 0.012499997392296791, 0.9125000238418579, 0.012499997392296791, 0.012499997392296791, 0.012499997392296791, 0.012499997392296791, 0.012499997392296791]",False,64,False,,21,False,True,64,759.5059033839541,"[118.04154205322266, 589.0785522460938, 25.125]","[489.66949462890625, 388.9117126464844, 25.125]",True,,,False,False,False
27,4,31015,3,3,"[0.012499997392296791, 0.012499997392296791, 0.9125000238418579, 0.012499997392296791, 0.012499997392296791, 0.012499997392296791, 0.012499997392296791, 0.012499997392296791]",True,64,True,45.0,21,False,False,64,759.5059033839541,"[118.04154205322266, 589.0785522460938, 25.125]","[489.66949462890625, 388.9117126464844, 25.125]",True,,,False,False,False
55,0,31000,0,0,"[0.012499997392296791, 0.012499997392296791, 0.9125000238418579, 0.012499997392296791, 0.012499997392296791, 0.012499997392296791, 0.012499997392296791, 0.012499997392296791]",True,64,False,,61,False,True,64,697.8178371588779,"[950.0, 350.0, 25.125]","[763.3406372070312, 116.12770080566406, 25.125]",True,,,False,False,False
55,0,31000,0,1,"[0.012499997392296791, 0.012499997392296791, 0.9125000238418579, 0.012499997392296791, 0.012499997392296791, 0.012499997392296791, 0.012499997392296791, 0.012499997392296791]",False,64,False,,61,False,True,64,697.8178371588779,"[950.0, 350.0, 25.125]","[763.3406372070312, 116.12770080566406, 25.125]",True,,,False,False,False
55,0,31000,0,2,"[0.012499997392296791, 0.012499997392296791, 0.9125000238418579, 0.012499997392296791, 0.012499997392296791, 0.012499997392296791, 0.012499997392296791, 0.012499997392296791]",False,64,False,,61,False,True,64,697.8178371588779,"[950.0, 350.0, 25.125]","[763.3406372070312, 116.12770080566406, 25.125]",True,,,False,False,False
55,0,31000,0,3,"[0.012499997392296791, 0.012499997392296791, 0.9125000238418579, 0.012499997392296791, 0.012499997392296791, 0.012499997392296791, 0.012499997392296791, 0.012499997392296791]",False,64,True,58.0,61,False,False,64,697.8178371588779,"[950.0, 350.0, 25.125]","[763.3406372070312, 116.12770080566406, 25.125]",True,,,False,False,False
55,0,31000,1,0,"[0.012499997392296791, 0.012499997392296791, 0.9125000238418579, 0.012499997392296791, 0.012499997392296791, 0.012499997392296791, 0.012499997392296791, 0.012499997392296791]",False,64,False,,61,False,True,64,668.323162205809,"[950.0, 350.0, 25.125]","[983.8744506835938, 149.09120178222656, 25.125]",True,,,False,False,False
55,0,31000,1,1,"[0.012499997392296791, 0.012499997392296791, 0.9125000238418579, 0.012499997392296791, 0.012499997392296791, 0.012499997392296791, 0.012499997392296791, 0.012499997392296791]",True,64,False,,61,False,True,64,668.323162205809,"[950.0, 350.0, 25.125]","[983.8744506835938, 149.09120178222656, 25.125]",True,,,False,False,False
55,0,31000,1,2,"[0.012499997392296791, 0.012499997392296791, 0.9125000238418579, 0.012499997392296791, 0.012499997392296791, 0.012499997392296791, 0.012499997392296791, 0.012499997392296791]",False,64,False,,61,False,True,64,668.323162205809,"[950.0, 350.0, 25.125]","[983.8744506835938, 149.09120178222656, 25.125]",True,,,False,False,False
55,0,31000,1,3,"[0.012499997392296791, 0.012499997392296791, 0.9125000238418579, 0.012499997392296791, 0.012499997392296791, 0.012499997392296791, 0.012499997392296791, 0.012499997392296791]",False,64,False,,61,False,True,64,668.323162205809,"[950.0, 350.0, 25.125]","[983.8744506835938, 149.09120178222656, 25.125]",True,,,False,False,False
55,0,31000,2,0,"[0.012499997392296791, 0.012499997392296791, 0.9125000238418579, 0.012499997392296791, 0.012499997392296791, 0.012499997392296791, 0.012499997392296791, 0.012499997392296791]",False,64,False,,61,False,True,64,691.6131057307574,"[950.0, 350.0, 25.125]","[833.1640014648438, 202.376220703125, 25.125]",True,,,False,False,False
55,0,31000,2,1,"[0.012499997392296791, 0.012499997392296791, 0.9125000238418579, 0.012499997392296791, 0.012499997392296791, 0.012499997392296791, 0.012499997392296791, 0.012499997392296791]",False,64,False,,61,False,True,64,691.6131057307574,"[950.0, 350.0, 25.125]","[833.1640014648438, 202.376220703125, 25.125]",True,,,False,False,False
55,0,31000,2,2,"[0.012499997392296791, 0.012499997392296791, 0.9125000238418579, 0.012499997392296791, 0.012499997392296791, 0.012499997392296791, 0.012499997392296791, 0.012499997392296791]",True,64,False,,61,False,True,64,691.6131057307574,"[950.0, 350.0, 25.125]","[833.1640014648438, 202.376220703125, 25.125]",True,,,False,False,False
55,0,31000,2,3,"[0.012499997392296791, 0.012499997392296791, 0.9125000238418579, 0.012499997392296791, 0.012499997392296791, 0.012499997392296791, 0.012499997392296791, 0.012499997392296791]",False,64,False,,61,False,True,64,691.6131057307574,"[950.0, 350.0, 25.125]","[833.1640014648438, 202.376220703125, 25.125]",True,,,False,False,False
55,0,31000,3,0,"[0.012499997392296791, 0.012499997392296791, 0.9125000238418579, 0.012499997392296791, 0.012499997392296791, 0.012499997392296791, 0.012499997392296791, 0.012499997392296791]",False,64,False,,61,False,True,64,154.40691633713158,"[950.0, 350.0, 25.125]","[983.8743896484375, 372.2748718261719, 25.125]",True,,,False,False,False
55,0,31000,3,1,"[0.012499997392296791, 0.012499997392296791, 0.9125000238418579, 0.012499997392296791, 0.012499997392296791, 0.012499997392296791, 0.012499997392296791, 0.012499997392296791]",False,64,False,,61,False,True,64,154.40691633713158,"[950.0, 350.0, 25.125]","[983.8743896484375, 372.2748718261719, 25.125]",True,,,False,False,False
55,0,31000,3,2,"[0.012499997392296791, 0.012499997392296791, 0.9125000238418579, 0.012499997392296791, 0.012499997392296791, 0.012499997392296791, 0.012499997392296791, 0.012499997392296791]",False,64,False,,61,False,True,64,154.40691633713158,"[950.0, 350.0, 25.125]","[983.8743896484375, 372.2748718261719, 25.125]",True,,,False,False,False
55,0,31000,3,3,"[0.012499997392296791, 0.012499997392296791, 0.9125000238418579, 0.012499997392296791, 0.012499997392296791, 0.012499997392296791, 0.012499997392296791, 0.012499997392296791]",True,64,False,,61,False,True,64,154.40691633713158,"[950.0, 350.0, 25.125]","[983.8743896484375, 372.2748718261719, 25.125]",True,,,False,False,False
55,1,31006,0,0,"[0.9125000238418579, 0.012499997392296791, 0.012499997392296791, 0.012499997392296791, 0.012499997392296791, 0.012499997392296791, 0.012499997392296791, 0.012499997392296791]",True,64,False,,28,False,True,64,745.2444862119388,"[150.0, 750.0, 25.125]","[123.40779113769531, 983.8748779296875, 25.125]",True,,,False,False,False
55,1,31006,0,1,"[0.9125000238418579, 0.012499997392296791, 0.012499997392296791, 0.012499997392296791, 0.012499997392296791, 0.012499997392296791, 0.012499997392296791, 0.012499997392296791]",False,64,False,,28,False,True,64,745.2444862119388,"[150.0, 750.0, 25.125]","[123.40779113769531, 983.8748779296875, 25.125]",True,,,False,False,False
55,1,31006,0,2,"[0.9125000238418579, 0.012499997392296791, 0.012499997392296791, 0.012499997392296791, 0.012499997392296791, 0.012499997392296791, 0.012499997392296791, 0.012499997392296791]",False,64,False,,28,False,True,64,745.2444862119388,"[150.0, 750.0, 25.125]","[123.40779113769531, 983.8748779296875, 25.125]",True,,,False,False,False
55,1,31006,0,3,"[0.9125000238418579, 0.012499997392296791, 0.012499997392296791, 0.012499997392296791, 0.012499997392296791, 0.012499997392296791, 0.012499997392296791, 0.012499997392296791]",False,64,False,,28,False,True,64,745.2444862119388,"[150.0, 750.0, 25.125]","[123.40779113769531, 983.8748779296875, 25.125]",True,,,False,False,False
55,1,31006,1,0,"[0.9125000238418579, 0.012499997392296791, 0.012499997392296791, 0.012499997392296791, 0.012499997392296791, 0.012499997392296791, 0.012499997392296791, 0.012499997392296791]",False,64,False,,59,False,True,64,813.6614110467377,"[150.0, 750.0, 25.125]","[121.4483642578125, 245.7284393310547, 25.125]",True,,,False,False,False
55,1,31006,1,1,"[0.9125000238418579, 0.012499997392296791, 0.012499997392296791, 0.012499997392296791, 0.012499997392296791, 0.012499997392296791, 0.012499997392296791, 0.012499997392296791]",True,64,False,,59,False,True,64,813.6614110467377,"[150.0, 750.0, 25.125]","[121.4483642578125, 245.7284393310547, 25.125]",True,,,False,False,False
55,1,31006,1,2,"[0.9125000238418579, 0.012499997392296791, 0.012499997392296791, 0.012499997392296791, 0.012499997392296791, 0.012499997392296791, 0.012499997392296791, 0.012499997392296791]",False,64,False,,59,False,True,64,813.6614110467377,"[150.0, 750.0, 25.125]","[121.4483642578125, 245.7284393310547, 25.125]",True,,,False,False,False
55,1,31006,1,3,"[0.9125000238418579, 0.012499997392296791, 0.012499997392296791, 0.012499997392296791, 0.012499997392296791, 0.012499997392296791, 0.012499997392296791, 0.012499997392296791]",False,64,False,,59,False,True,64,813.6614110467377,"[150.0, 750.0, 25.125]","[121.4483642578125, 245.7284393310547, 25.125]",True,,,False,False,False
55,1,31006,2,0,"[0.9125000238418579, 0.012499997392296791, 0.012499997392296791, 0.012499997392296791, 0.012499997392296791, 0.012499997392296791, 0.012499997392296791, 0.012499997392296791]",False,64,False,,1,False,True,64,687.6370429825552,"[150.0, 750.0, 25.125]","[135.57269287109375, 983.8740844726562, 25.125]",True,,,False,False,False
55,1,31006,2,1,"[0.9125000238418579, 0.012499997392296791, 0.012499997392296791, 0.012499997392296791, 0.012499997392296791, 0.012499997392296791, 0.012499997392296791, 0.012499997392296791]",False,64,True,15.0,1,False,False,64,687.6370429825552,"[150.0, 750.0, 25.125]","[135.57269287109375, 983.8740844726562, 25.125]",True,,,False,False,False
55,1,31006,2,2,"[0.9125000238418579, 0.012499997392296791, 0.012499997392296791, 0.012499997392296791, 0.012499997392296791, 0.012499997392296791, 0.012499997392296791, 0.012499997392296791]",True,64,False,,1,False,True,64,687.6370429825552,"[150.0, 750.0, 25.125]","[135.57269287109375, 983.8740844726562, 25.125]",True,,,False,False,False
55,1,31006,2,3,"[0.9125000238418579, 0.012499997392296791, 0.012499997392296791, 0.012499997392296791, 0.012499997392296791, 0.012499997392296791, 0.012499997392296791, 0.012499997392296791]",False,64,False,,1,False,True,64,687.6370429825552,"[150.0, 750.0, 25.125]","[135.57269287109375, 983.8740844726562, 25.125]",True,,,False,False,False
55,1,31006,3,0,"[0.9125000238418579, 0.012499997392296791, 0.012499997392296791, 0.012499997392296791, 0.012499997392296791, 0.012499997392296791, 0.012499997392296791, 0.012499997392296791]",False,64,False,,63,False,True,64,718.5590941685088,"[150.0, 750.0, 25.125]","[150.42486572265625, 964.912109375, 25.125]",True,,,False,False,False
55,1,31006,3,1,"[0.9125000238418579, 0.012499997392296791, 0.012499997392296791, 0.012499997392296791, 0.012499997392296791, 0.012499997392296791, 0.012499997392296791, 0.012499997392296791]",False,64,False,,63,False,True,64,718.5590941685088,"[150.0, 750.0, 25.125]","[150.42486572265625, 964.912109375, 25.125]",True,,,False,False,False
55,1,31006,3,2,"[0.9125000238418579, 0.012499997392296791, 0.012499997392296791, 0.012499997392296791, 0.012499997392296791, 0.012499997392296791, 0.012499997392296791, 0.012499997392296791]",False,64,True,58.0,63,False,False,64,718.5590941685088,"[150.0, 750.0, 25.125]","[150.42486572265625, 964.912109375, 25.125]",True,,,False,False,False
55,1,31006,3,3,"[0.9125000238418579, 0.012499997392296791, 0.012499997392296791, 0.012499997392296791, 0.012499997392296791, 0.012499997392296791, 0.012499997392296791, 0.012499997392296791]",True,64,False,,63,False,True,64,718.5590941685088,"[150.0, 750.0, 25.125]","[150.42486572265625, 964.912109375, 25.125]",True,,,False,False,False
55,2,31007,0,0,"[0.012499997392296791, 0.012499997392296791, 0.9125000238418579, 0.012499997392296791, 0.012499997392296791, 0.012499997392296791, 0.012499997392296791, 0.012499997392296791]",True,64,False,,27,False,True,64,615.489400111909,"[150.0, 650.0, 25.125]","[128.96572875976562, 983.8744506835938, 25.125]",True,,,False,False,False
55,2,31007,0,1,"[0.012499997392296791, 0.012499997392296791, 0.9125000238418579, 0.012499997392296791, 0.012499997392296791, 0.012499997392296791, 0.012499997392296791, 0.012499997392296791]",False,64,False,,27,False,True,64,615.489400111909,"[150.0, 650.0, 25.125]","[128.96572875976562, 983.8744506835938, 25.125]",True,,,False,False,False
55,2,31007,0,2,"[0.012499997392296791, 0.012499997392296791, 0.9125000238418579, 0.012499997392296791, 0.012499997392296791, 0.012499997392296791, 0.012499997392296791, 0.012499997392296791]",False,64,True,57.0,27,False,False,64,615.489400111909,"[150.0, 650.0, 25.125]","[128.96572875976562, 983.8744506835938, 25.125]",True,,,False,False,False
55,2,31007,0,3,"[0.012499997392296791, 0.012499997392296791, 0.9125000238418579, 0.012499997392296791, 0.012499997392296791, 0.012499997392296791, 0.012499997392296791, 0.012499997392296791]",False,64,False,,27,False,True,64,615.489400111909,"[150.0, 650.0, 25.125]","[128.96572875976562, 983.8744506835938, 25.125]",True,,,False,False,False
55,2,31007,1,0,"[0.012499997392296791, 0.012499997392296791, 0.9125000238418579, 0.012499997392296791, 0.012499997392296791, 0.012499997392296791, 0.012499997392296791, 0.012499997392296791]",False,64,False,,27,False,True,64,579.6755238959598,"[150.0, 650.0, 25.125]","[144.1292724609375, 973.0577392578125, 25.125]",True,,,False,False,False
55,2,31007,1,1,"[0.012499997392296791, 0.012499997392296791, 0.9125000238418579, 0.012499997392296791, 0.012499997392296791, 0.012499997392296791, 0.012499997392296791, 0.012499997392296791]",True,64,False,,27,False,True,64,579.6755238959598,"[150.0, 650.0, 25.125]","[144.1292724609375, 973.0577392578125, 25.125]",True,,,False,False,False
55,2,31007,1,2,"[0.012499997392296791, 0.012499997392296791, 0.9125000238418579, 0.012499997392296791, 0.012499997392296791, 0.012499997392296791, 0.012499997392296791, 0.012499997392296791]",False,64,True,48.0,27,False,False,64,579.6755238959598,"[150.0, 650.0, 25.125]","[144.1292724609375, 973.0577392578125, 25.125]",True,,,False,False,False
55,2,31007,1,3,"[0.012499997392296791, 0.012499997392296791, 0.9125000238418579, 0.012499997392296791, 0.012499997392296791, 0.012499997392296791, 0.012499997392296791, 0.012499997392296791]",False,64,False,,27,False,True,64,579.6755238959598,"[150.0, 650.0, 25.125]","[144.1292724609375, 973.0577392578125, 25.125]",True,,,False,False,False
55,2,31007,2,0,"[0.012499997392296791, 0.012499997392296791, 0.9125000238418579, 0.012499997392296791, 0.012499997392296791, 0.012499997392296791, 0.012499997392296791, 0.012499997392296791]",False,64,False,,27,False,True,64,622.0342921619689,"[150.0, 650.0, 25.125]","[159.26101684570312, 983.874267578125, 25.125]",True,,,False,False,False
55,2,31007,2,1,"[0.012499997392296791, 0.012499997392296791, 0.9125000238418579, 0.012499997392296791, 0.012499997392296791, 0.012499997392296791, 0.012499997392296791, 0.012499997392296791]",False,64,False,,27,False,True,64,622.0342921619689,"[150.0, 650.0, 25.125]","[159.26101684570312, 983.874267578125, 25.125]",True,,,False,False,False
55,2,31007,2,2,"[0.012499997392296791, 0.012499997392296791, 0.9125000238418579, 0.012499997392296791, 0.012499997392296791, 0.012499997392296791, 0.012499997392296791, 0.012499997392296791]",True,64,True,57.0,27,False,False,64,622.0342921619689,"[150.0, 650.0, 25.125]","[159.26101684570312, 983.874267578125, 25.125]",True,,,False,False,False
55,2,31007,2,3,"[0.012499997392296791, 0.012499997392296791, 0.9125000238418579, 0.012499997392296791, 0.012499997392296791, 0.012499997392296791, 0.012499997392296791, 0.012499997392296791]",False,64,False,,27,False,True,64,622.0342921619689,"[150.0, 650.0, 25.125]","[159.26101684570312, 983.874267578125, 25.125]",True,,,False,False,False
55,2,31007,3,0,"[0.012499997392296791, 0.012499997392296791, 0.9125000238418579, 0.012499997392296791, 0.012499997392296791, 0.012499997392296791, 0.012499997392296791, 0.012499997392296791]",False,64,False,,27,False,True,64,318.77068212316215,"[150.0, 650.0, 25.125]","[116.12592315673828, 752.2236938476562, 25.125]",True,,,False,False,False
55,2,31007,3,1,"[0.012499997392296791, 0.012499997392296791, 0.9125000238418579, 0.012499997392296791, 0.012499997392296791, 0.012499997392296791, 0.012499997392296791, 0.012499997392296791]",False,64,False,,27,False,True,64,318.77068212316215,"[150.0, 650.0, 25.125]","[116.12592315673828, 752.2236938476562, 25.125]",True,,,False,False,False
55,2,31007,3,2,"[0.012499997392296791, 0.012499997392296791, 0.9125000238418579, 0.012499997392296791, 0.012499997392296791, 0.012499997392296791, 0.012499997392296791, 0.012499997392296791]",False,64,False,,27,False,True,64,318.77068212316215,"[150.0, 650.0, 25.125]","[116.12592315673828, 752.2236938476562, 25.125]",True,,,False,False,False
55,2,31007,3,3,"[0.012499997392296791, 0.012499997392296791, 0.9125000238418579, 0.012499997392296791, 0.012499997392296791, 0.012499997392296791, 0.012499997392296791, 0.012499997392296791]",True,64,False,,27,False,True,64,318.77068212316215,"[150.0, 650.0, 25.125]","[116.12592315673828, 752.2236938476562, 25.125]",True,,,False,False,False
55,3,31008,0,0,"[0.012499997392296791, 0.012499997392296791, 0.9125000238418579, 0.012499997392296791, 0.012499997392296791, 0.012499997392296791, 0.012499997392296791, 0.012499997392296791]",True,64,False,,59,False,True,64,921.4007322818305,"[702.7698364257812, 755.2034912109375, 25.125]","[540.7279663085938, 116.12518310546875, 25.125]",True,,,False,False,False
55,3,31008,0,1,"[0.012499997392296791, 0.012499997392296791, 0.9125000238418579, 0.012499997392296791, 0.012499997392296791, 0.012499997392296791, 0.012499997392296791, 0.012499997392296791]",False,64,False,,59,False,True,64,921.4007322818305,"[702.7698364257812, 755.2034912109375, 25.125]","[540.7279663085938, 116.12518310546875, 25.125]",True,,,False,False,False
55,3,31008,0,2,"[0.012499997392296791, 0.012499997392296791, 0.9125000238418579, 0.012499997392296791, 0.012499997392296791, 0.012499997392296791, 0.012499997392296791, 0.012499997392296791]",False,64,False,,59,False,True,64,921.4007322818305,"[702.7698364257812, 755.2034912109375, 25.125]","[540.7279663085938, 116.12518310546875, 25.125]",True,,,False,False,False
55,3,31008,0,3,"[0.012499997392296791, 0.012499997392296791, 0.9125000238418579, 0.012499997392296791, 0.012499997392296791, 0.012499997392296791, 0.012499997392296791, 0.012499997392296791]",False,64,True,57.0,59,False,False,64,921.4007322818305,"[702.7698364257812, 755.2034912109375, 25.125]","[540.7279663085938, 116.12518310546875, 25.125]",True,,,False,False,False
55,3,31008,1,0,"[0.012499997392296791, 0.012499997392296791, 0.9125000238418579, 0.012499997392296791, 0.012499997392296791, 0.012499997392296791, 0.012499997392296791, 0.012499997392296791]",False,64,False,,59,False,True,64,957.9917288525462,"[702.7698364257812, 755.2034912109375, 25.125]","[788.8341674804688, 116.12554931640625, 25.125]",True,,,False,False,False
55,3,31008,1,1,"[0.012499997392296791, 0.012499997392296791, 0.9125000238418579, 0.012499997392296791, 0.012499997392296791, 0.012499997392296791, 0.012499997392296791, 0.012499997392296791]",True,64,False,,59,False,True,64,957.9917288525462,"[702.7698364257812, 755.2034912109375, 25.125]","[788.8341674804688, 116.12554931640625, 25.125]",True,,,False,False,False
55,3,31008,1,2,"[0.012499997392296791, 0.012499997392296791, 0.9125000238418579, 0.012499997392296791, 0.012499997392296791, 0.012499997392296791, 0.012499997392296791, 0.012499997392296791]",False,64,False,,59,False,True,64,957.9917288525462,"[702.7698364257812, 755.2034912109375, 25.125]","[788.8341674804688, 116.12554931640625, 25.125]",True,,,False,False,False
55,3,31008,1,3,"[0.012499997392296791, 0.012499997392296791, 0.9125000238418579, 0.012499997392296791, 0.012499997392296791, 0.012499997392296791, 0.012499997392296791, 0.012499997392296791]",False,64,False,,59,False,True,64,957.9917288525462,"[702.7698364257812, 755.2034912109375, 25.125]","[788.8341674804688, 116.12554931640625, 25.125]",True,,,False,False,False
55,3,31008,2,0,"[0.012499997392296791, 0.012499997392296791, 0.9125000238418579, 0.012499997392296791, 0.012499997392296791, 0.012499997392296791, 0.012499997392296791, 0.012499997392296791]",False,64,False,,59,False,True,64,1028.5622683453046,"[702.7698364257812, 755.2034912109375, 25.125]","[704.1488037109375, 116.12557983398438, 25.125]",True,,,False,False,False
55,3,31008,2,1,"[0.012499997392296791, 0.012499997392296791, 0.9125000238418579, 0.012499997392296791, 0.012499997392296791, 0.012499997392296791, 0.012499997392296791, 0.012499997392296791]",False,64,False,,59,False,True,64,1028.5622683453046,"[702.7698364257812, 755.2034912109375, 25.125]","[704.1488037109375, 116.12557983398438, 25.125]",True,,,False,False,False
55,3,31008,2,2,"[0.012499997392296791, 0.012499997392296791, 0.9125000238418579, 0.012499997392296791, 0.012499997392296791, 0.012499997392296791, 0.012499997392296791, 0.012499997392296791]",True,64,False,,59,False,True,64,1028.5622683453046,"[702.7698364257812, 755.2034912109375, 25.125]","[704.1488037109375, 116.12557983398438, 25.125]",True,,,False,False,False
55,3,31008,2,3,"[0.012499997392296791, 0.012499997392296791, 0.9125000238418579, 0.012499997392296791, 0.012499997392296791, 0.012499997392296791, 0.012499997392296791, 0.012499997392296791]",False,64,False,,59,False,True,64,1028.5622683453046,"[702.7698364257812, 755.2034912109375, 25.125]","[704.1488037109375, 116.12557983398438, 25.125]",True,,,False,False,False
55,3,31008,3,0,"[0.012499997392296791, 0.012499997392296791, 0.9125000238418579, 0.012499997392296791, 0.012499997392296791, 0.012499997392296791, 0.012499997392296791, 0.012499997392296791]",False,64,False,,59,False,True,64,532.6097895406419,"[702.7698364257812, 755.2034912109375, 25.125]","[550.198974609375, 316.1256103515625, 25.125]",True,,,False,False,False
55,3,31008,3,1,"[0.012499997392296791, 0.012499997392296791, 0.9125000238418579, 0.012499997392296791, 0.012499997392296791, 0.012499997392296791, 0.012499997392296791, 0.012499997392296791]",False,64,False,,59,False,True,64,532.6097895406419,"[702.7698364257812, 755.2034912109375, 25.125]","[550.198974609375, 316.1256103515625, 25.125]",True,,,False,False,False
55,3,31008,3,2,"[0.012499997392296791, 0.012499997392296791, 0.9125000238418579, 0.012499997392296791, 0.012499997392296791, 0.012499997392296791, 0.012499997392296791, 0.012499997392296791]",False,64,False,,59,False,True,64,532.6097895406419,"[702.7698364257812, 755.2034912109375, 25.125]","[550.198974609375, 316.1256103515625, 25.125]",True,,,False,False,False
55,3,31008,3,3,"[0.012499997392296791, 0.012499997392296791, 0.9125000238418579, 0.012499997392296791, 0.012499997392296791, 0.012499997392296791, 0.012499997392296791, 0.012499997392296791]",True,64,False,,59,False,True,64,532.6097895406419,"[702.7698364257812, 755.2034912109375, 25.125]","[550.198974609375, 316.1256103515625, 25.125]",True,,,False,False,False
55,4,31012,0,0,"[0.9125000238418579, 0.012499997392296791, 0.012499997392296791, 0.012499997392296791, 0.012499997392296791, 0.012499997392296791, 0.012499997392296791, 0.012499997392296791]",True,64,False,,14,False,True,64,990.7984913698428,"[950.0, 950.0, 25.125]","[935.3211059570312, 270.8851318359375, 25.125]",True,,,False,False,False
55,4,31012,0,1,"[0.9125000238418579, 0.012499997392296791, 0.012499997392296791, 0.012499997392296791, 0.012499997392296791, 0.012499997392296791, 0.012499997392296791, 0.012499997392296791]",False,64,False,,14,False,True,64,990.7984913698428,"[950.0, 950.0, 25.125]","[935.3211059570312, 270.8851318359375, 25.125]",True,,,False,False,False
55,4,31012,0,2,"[0.9125000238418579, 0.012499997392296791, 0.012499997392296791, 0.012499997392296791, 0.012499997392296791, 0.012499997392296791, 0.012499997392296791, 0.012499997392296791]",False,64,False,,14,False,True,64,990.7984913698428,"[950.0, 950.0, 25.125]","[935.3211059570312, 270.8851318359375, 25.125]",True,,,False,False,False
55,4,31012,0,3,"[0.9125000238418579, 0.012499997392296791, 0.012499997392296791, 0.012499997392296791, 0.012499997392296791, 0.012499997392296791, 0.012499997392296791, 0.012499997392296791]",False,64,False,,14,False,True,64,990.7984913698428,"[950.0, 950.0, 25.125]","[935.3211059570312, 270.8851318359375, 25.125]",True,,,False,False,False
55,4,31012,1,0,"[0.9125000238418579, 0.012499997392296791, 0.012499997392296791, 0.012499997392296791, 0.012499997392296791, 0.012499997392296791, 0.012499997392296791, 0.012499997392296791]",False,64,False,,12,False,True,64,566.3984667029732,"[950.0, 950.0, 25.125]","[983.8746948242188, 877.7512817382812, 25.125]",True,,,False,False,False
55,4,31012,1,1,"[0.9125000238418579, 0.012499997392296791, 0.012499997392296791, 0.012499997392296791, 0.012499997392296791, 0.012499997392296791, 0.012499997392296791, 0.012499997392296791]",True,64,False,,12,False,True,64,566.3984667029732,"[950.0, 950.0, 25.125]","[983.8746948242188, 877.7512817382812, 25.125]",True,,,False,False,False
55,4,31012,1,2,"[0.9125000238418579, 0.012499997392296791, 0.012499997392296791, 0.012499997392296791, 0.012499997392296791, 0.012499997392296791, 0.012499997392296791, 0.012499997392296791]",False,64,False,,12,False,True,64,566.3984667029732,"[950.0, 950.0, 25.125]","[983.8746948242188, 877.7512817382812, 25.125]",True,,,False,False,False
55,4,31012,1,3,"[0.9125000238418579, 0.012499997392296791, 0.012499997392296791, 0.012499997392296791, 0.012499997392296791, 0.012499997392296791, 0.012499997392296791, 0.012499997392296791]",False,64,False,,12,False,True,64,566.3984667029732,"[950.0, 950.0, 25.125]","[983.8746948242188, 877.7512817382812, 25.125]",True,,,False,False,False
55,4,31012,2,0,"[0.9125000238418579, 0.012499997392296791, 0.012499997392296791, 0.012499997392296791, 0.012499997392296791, 0.012499997392296791, 0.012499997392296791, 0.012499997392296791]",False,64,False,,12,False,True,64,438.90350086651245,"[950.0, 950.0, 25.125]","[983.875, 983.8743286132812, 25.125]",True,,,False,False,False
55,4,31012,2,1,"[0.9125000238418579, 0.012499997392296791, 0.012499997392296791, 0.012499997392296791, 0.012499997392296791, 0.012499997392296791, 0.012499997392296791, 0.012499997392296791]",False,64,False,,12,False,True,64,438.90350086651245,"[950.0, 950.0, 25.125]","[983.875, 983.8743286132812, 25.125]",True,,,False,False,False
55,4,31012,2,2,"[0.9125000238418579, 0.012499997392296791, 0.012499997392296791, 0.012499997392296791, 0.012499997392296791, 0.012499997392296791, 0.012499997392296791, 0.012499997392296791]",True,64,False,,12,False,True,64,438.90350086651245,"[950.0, 950.0, 25.125]","[983.875, 983.8743286132812, 25.125]",True,,,False,False,False
55,4,31012,2,3,"[0.9125000238418579, 0.012499997392296791, 0.012499997392296791, 0.012499997392296791, 0.012499997392296791, 0.012499997392296791, 0.012499997392296791, 0.012499997392296791]",False,64,False,,12,False,True,64,438.90350086651245,"[950.0, 950.0, 25.125]","[983.875, 983.8743286132812, 25.125]",True,,,False,False,False
55,4,31012,3,0,"[0.9125000238418579, 0.012499997392296791, 0.012499997392296791, 0.012499997392296791, 0.012499997392296791, 0.012499997392296791, 0.012499997392296791, 0.012499997392296791]",False,64,False,,12,False,True,64,367.64874168709144,"[950.0, 950.0, 25.125]","[983.8743286132812, 978.7092895507812, 25.125]",True,,,False,False,False
55,4,31012,3,1,"[0.9125000238418579, 0.012499997392296791, 0.012499997392296791, 0.012499997392296791, 0.012499997392296791, 0.012499997392296791, 0.012499997392296791, 0.012499997392296791]",False,64,False,,12,False,True,64,367.64874168709144,"[950.0, 950.0, 25.125]","[983.8743286132812, 978.7092895507812, 25.125]",True,,,False,False,False
55,4,31012,3,2,"[0.9125000238418579, 0.012499997392296791, 0.012499997392296791, 0.012499997392296791, 0.012499997392296791, 0.012499997392296791, 0.012499997392296791, 0.012499997392296791]",False,64,False,,12,False,True,64,367.64874168709144,"[950.0, 950.0, 25.125]","[983.8743286132812, 978.7092895507812, 25.125]",True,,,False,False,False
55,4,31012,3,3,"[0.9125000238418579, 0.012499997392296791, 0.012499997392296791, 0.012499997392296791, 0.012499997392296791, 0.012499997392296791, 0.012499997392296791, 0.012499997392296791]",True,64,False,,12,False,True,64,367.64874168709144,"[950.0, 950.0, 25.125]","[983.8743286132812, 978.7092895507812, 25.125]",True,,,False,False,False
61,0,31003,0,0,"[0.012499997392296791, 0.012499997392296791, 0.9125000238418579, 0.012499997392296791, 0.012499997392296791, 0.012499997392296791, 0.012499997392296791, 0.012499997392296791]",True,64,False,,12,False,True,64,860.4554999767112,"[352.37799072265625, 719.2454833984375, 25.125]","[316.12591552734375, 861.6406860351562, 25.125]",True,,,False,False,False
61,0,31003,0,1,"[0.012499997392296791, 0.012499997392296791, 0.9125000238418579, 0.012499997392296791, 0.012499997392296791, 0.012499997392296791, 0.012499997392296791, 0.012499997392296791]",False,64,False,,12,False,True,64,860.4554999767112,"[352.37799072265625, 719.2454833984375, 25.125]","[316.12591552734375, 861.6406860351562, 25.125]",True,,,False,False,False
61,0,31003,0,3,"[0.012499997392296791, 0.012499997392296791, 0.9125000238418579, 0.012499997392296791, 0.012499997392296791, 0.012499997392296791, 0.012499997392296791, 0.012499997392296791]",False,64,False,,12,False,True,64,860.4554999767112,"[352.37799072265625, 719.2454833984375, 25.125]","[316.12591552734375, 861.6406860351562, 25.125]",True,,,False,False,False
61,0,31003,0,4,"[0.012499997392296791, 0.012499997392296791, 0.9125000238418579, 0.012499997392296791, 0.012499997392296791, 0.012499997392296791, 0.012499997392296791, 0.012499997392296791]",False,64,True,34.0,12,False,False,64,860.4554999767112,"[352.37799072265625, 719.2454833984375, 25.125]","[316.12591552734375, 861.6406860351562, 25.125]",True,,,False,False,False
61,0,31003,1,0,"[0.012499997392296791, 0.012499997392296791, 0.9125000238418579, 0.012499997392296791, 0.012499997392296791, 0.012499997392296791, 0.012499997392296791, 0.012499997392296791]",False,64,False,,12,False,True,64,900.182624903614,"[352.37799072265625, 719.2454833984375, 25.125]","[407.2874450683594, 916.1259155273438, 25.125]",True,,,False,False,False
61,0,31003,1,1,"[0.012499997392296791, 0.012499997392296791, 0.9125000238418579, 0.012499997392296791, 0.012499997392296791, 0.012499997392296791, 0.012499997392296791, 0.012499997392296791]",True,64,False,,12,False,True,64,900.182624903614,"[352.37799072265625, 719.2454833984375, 25.125]","[407.2874450683594, 916.1259155273438, 25.125]",True,,,False,False,False
61,0,31003,1,3,"[0.012499997392296791, 0.012499997392296791, 0.9125000238418579, 0.012499997392296791, 0.012499997392296791, 0.012499997392296791, 0.012499997392296791, 0.012499997392296791]",False,64,False,,12,False,True,64,900.182624903614,"[352.37799072265625, 719.2454833984375, 25.125]","[407.2874450683594, 916.1259155273438, 25.125]",True,,,False,False,False
61,0,31003,1,4,"[0.012499997392296791, 0.012499997392296791, 0.9125000238418579, 0.012499997392296791, 0.012499997392296791, 0.012499997392296791, 0.012499997392296791, 0.012499997392296791]",False,64,False,,12,False,True,64,900.182624903614,"[352.37799072265625, 719.2454833984375, 25.125]","[407.2874450683594, 916.1259155273438, 25.125]",True,,,False,False,False
61,0,31003,3,0,"[0.012499997392296791, 0.012499997392296791, 0.9125000238418579, 0.012499997392296791, 0.012499997392296791, 0.012499997392296791, 0.012499997392296791, 0.012499997392296791]",False,64,False,,12,False,True,64,823.5119211299891,"[352.37799072265625, 719.2454833984375, 25.125]","[616.1258544921875, 643.32080078125, 25.125]",True,,,False,False,False
61,0,31003,3,1,"[0.012499997392296791, 0.012499997392296791, 0.9125000238418579, 0.012499997392296791, 0.012499997392296791, 0.012499997392296791, 0.012499997392296791, 0.012499997392296791]",False,64,False,,12,False,True,64,823.5119211299891,"[352.37799072265625, 719.2454833984375, 25.125]","[616.1258544921875, 643.32080078125, 25.125]",True,,,False,False,False
61,0,31003,3,3,"[0.012499997392296791, 0.012499997392296791, 0.9125000238418579, 0.012499997392296791, 0.012499997392296791, 0.012499997392296791, 0.012499997392296791, 0.012499997392296791]",True,64,False,,12,False,True,64,823.5119211299891,"[352.37799072265625, 719.2454833984375, 25.125]","[616.1258544921875, 643.32080078125, 25.125]",True,,,False,False,False
61,0,31003,3,4,"[0.012499997392296791, 0.012499997392296791, 0.9125000238418579, 0.012499997392296791, 0.012499997392296791, 0.012499997392296791, 0.012499997392296791, 0.012499997392296791]",False,64,False,,12,False,True,64,823.5119211299891,"[352.37799072265625, 719.2454833984375, 25.125]","[616.1258544921875, 643.32080078125, 25.125]",True,,,False,False,False
61,0,31003,4,0,"[0.012499997392296791, 0.012499997392296791, 0.9125000238418579, 0.012499997392296791, 0.012499997392296791, 0.012499997392296791, 0.012499997392296791, 0.012499997392296791]",False,64,False,,46,False,True,64,798.9120861687486,"[352.37799072265625, 719.2454833984375, 25.125]","[831.5821533203125, 783.8744506835938, 25.125]",True,,,False,False,False
61,0,31003,4,1,"[0.012499997392296791, 0.012499997392296791, 0.9125000238418579, 0.012499997392296791, 0.012499997392296791, 0.012499997392296791, 0.012499997392296791, 0.012499997392296791]",False,64,False,,46,False,True,64,798.9120861687486,"[352.37799072265625, 719.2454833984375, 25.125]","[831.5821533203125, 783.8744506835938, 25.125]",True,,,False,False,False
61,0,31003,4,3,"[0.012499997392296791, 0.012499997392296791, 0.9125000238418579, 0.012499997392296791, 0.012499997392296791, 0.012499997392296791, 0.012499997392296791, 0.012499997392296791]",False,64,False,,46,False,True,64,798.9120861687486,"[352.37799072265625, 719.2454833984375, 25.125]","[831.5821533203125, 783.8744506835938, 25.125]",True,,,False,False,False
61,0,31003,4,4,"[0.012499997392296791, 0.012499997392296791, 0.9125000238418579, 0.012499997392296791, 0.012499997392296791, 0.012499997392296791, 0.012499997392296791, 0.012499997392296791]",True,64,False,,46,False,True,64,798.9120861687486,"[352.37799072265625, 719.2454833984375, 25.125]","[831.5821533203125, 783.8744506835938, 25.125]",True,,,False,False,False
61,1,31025,0,0,"[0.012499997392296791, 0.012499997392296791, 0.012499997392296791, 0.012499997392296791, 0.9125000238418579, 0.012499997392296791, 0.012499997392296791, 0.012499997392296791]",True,64,False,,22,False,True,64,947.3982410358051,"[377.98065185546875, 960.9821166992188, 25.125]","[983.8745727539062, 954.7341918945312, 25.125]",True,,,False,False,False
61,1,31025,0,1,"[0.012499997392296791, 0.012499997392296791, 0.012499997392296791, 0.012499997392296791, 0.9125000238418579, 0.012499997392296791, 0.012499997392296791, 0.012499997392296791]",False,64,False,,22,False,True,64,947.3982410358051,"[377.98065185546875, 960.9821166992188, 25.125]","[983.8745727539062, 954.7341918945312, 25.125]",True,,,False,False,False
61,1,31025,0,3,"[0.012499997392296791, 0.012499997392296791, 0.012499997392296791, 0.012499997392296791, 0.9125000238418579, 0.012499997392296791, 0.012499997392296791, 0.012499997392296791]",False,64,False,,22,False,True,64,947.3982410358051,"[377.98065185546875, 960.9821166992188, 25.125]","[983.8745727539062, 954.7341918945312, 25.125]",True,,,False,False,False
61,1,31025,0,4,"[0.012499997392296791, 0.012499997392296791, 0.012499997392296791, 0.012499997392296791, 0.9125000238418579, 0.012499997392296791, 0.012499997392296791, 0.012499997392296791]",False,64,True,60.0,22,False,False,64,947.3982410358051,"[377.98065185546875, 960.9821166992188, 25.125]","[983.8745727539062, 954.7341918945312, 25.125]",True,,,False,False,False
61,1,31025,1,0,"[0.012499997392296791, 0.012499997392296791, 0.012499997392296791, 0.012499997392296791, 0.9125000238418579, 0.012499997392296791, 0.012499997392296791, 0.012499997392296791]",False,64,False,,22,False,True,64,864.2363065472805,"[377.98065185546875, 960.9821166992188, 25.125]","[935.0213623046875, 957.4700927734375, 25.125]",True,,,False,False,False
61,1,31025,1,1,"[0.012499997392296791, 0.012499997392296791, 0.012499997392296791, 0.012499997392296791, 0.9125000238418579, 0.012499997392296791, 0.012499997392296791, 0.012499997392296791]",True,64,False,,22,False,True,64,864.2363065472805,"[377.98065185546875, 960.9821166992188, 25.125]","[935.0213623046875, 957.4700927734375, 25.125]",True,,,False,False,False
61,1,31025,1,3,"[0.012499997392296791, 0.012499997392296791, 0.012499997392296791, 0.012499997392296791, 0.9125000238418579, 0.012499997392296791, 0.012499997392296791, 0.012499997392296791]",False,64,False,,22,False,True,64,864.2363065472805,"[377.98065185546875, 960.9821166992188, 25.125]","[935.0213623046875, 957.4700927734375, 25.125]",True,,,False,False,False
61,1,31025,1,4,"[0.012499997392296791, 0.012499997392296791, 0.012499997392296791, 0.012499997392296791, 0.9125000238418579, 0.012499997392296791, 0.012499997392296791, 0.012499997392296791]",False,64,False,,22,False,True,64,864.2363065472805,"[377.98065185546875, 960.9821166992188, 25.125]","[935.0213623046875, 957.4700927734375, 25.125]",True,,,False,False,False
61,1,31025,3,0,"[0.012499997392296791, 0.012499997392296791, 0.012499997392296791, 0.012499997392296791, 0.9125000238418579, 0.012499997392296791, 0.012499997392296791, 0.012499997392296791]",False,64,False,,22,False,True,64,970.2674596195988,"[377.98065185546875, 960.9821166992188, 25.125]","[983.8743896484375, 944.9022827148438, 25.125]",True,,,False,False,False
61,1,31025,3,1,"[0.012499997392296791, 0.012499997392296791, 0.012499997392296791, 0.012499997392296791, 0.9125000238418579, 0.012499997392296791, 0.012499997392296791, 0.012499997392296791]",False,64,False,,22,False,True,64,970.2674596195988,"[377.98065185546875, 960.9821166992188, 25.125]","[983.8743896484375, 944.9022827148438, 25.125]",True,,,False,False,False
61,1,31025,3,3,"[0.012499997392296791, 0.012499997392296791, 0.012499997392296791, 0.012499997392296791, 0.9125000238418579, 0.012499997392296791, 0.012499997392296791, 0.012499997392296791]",True,64,False,,22,False,True,64,970.2674596195988,"[377.98065185546875, 960.9821166992188, 25.125]","[983.8743896484375, 944.9022827148438, 25.125]",True,,,False,False,False
61,1,31025,3,4,"[0.012499997392296791, 0.012499997392296791, 0.012499997392296791, 0.012499997392296791, 0.9125000238418579, 0.012499997392296791, 0.012499997392296791, 0.012499997392296791]",False,64,True,58.0,22,False,False,64,970.2674596195988,"[377.98065185546875, 960.9821166992188, 25.125]","[983.8743896484375, 944.9022827148438, 25.125]",True,,,False,False,False
61,1,31025,4,0,"[0.012499997392296791, 0.012499997392296791, 0.012499997392296791, 0.012499997392296791, 0.012499997392296791, 0.9125000238418579, 0.012499997392296791, 0.012499997392296791]",False,64,False,,12,False,True,64,635.9440745763445,"[377.98065185546875, 960.9821166992188, 25.125]","[557.7617797851562, 727.6997680664062, 25.125]",True,,,False,False,False
61,1,31025,4,1,"[0.012499997392296791, 0.012499997392296791, 0.012499997392296791, 0.012499997392296791, 0.012499997392296791, 0.9125000238418579, 0.012499997392296791, 0.012499997392296791]",False,64,False,,12,False,True,64,635.9440745763445,"[377.98065185546875, 960.9821166992188, 25.125]","[557.7617797851562, 727.6997680664062, 25.125]",True,,,False,False,False
61,1,31025,4,3,"[0.012499997392296791, 0.012499997392296791, 0.012499997392296791, 0.012499997392296791, 0.012499997392296791, 0.9125000238418579, 0.012499997392296791, 0.012499997392296791]",False,64,False,,12,False,True,64,635.9440745763445,"[377.98065185546875, 960.9821166992188, 25.125]","[557.7617797851562, 727.6997680664062, 25.125]",True,,,False,False,False
61,1,31025,4,4,"[0.012499997392296791, 0.012499997392296791, 0.012499997392296791, 0.012499997392296791, 0.012499997392296791, 0.9125000238418579, 0.012499997392296791, 0.012499997392296791]",True,64,True,62.0,12,False,False,64,635.9440745763445,"[377.98065185546875, 960.9821166992188, 25.125]","[557.7617797851562, 727.6997680664062, 25.125]",True,,,False,False,False
61,2,31031,0,0,"[0.012499997392296791, 0.012499997392296791, 0.9125000238418579, 0.012499997392296791, 0.012499997392296791, 0.012499997392296791, 0.012499997392296791, 0.012499997392296791]",True,64,False,,25,False,True,64,760.4606051916444,"[939.31591796875, 326.3995666503906, 25.125]","[837.6104125976562, 116.12589263916016, 25.125]",True,,,False,False,False
61,2,31031,0,1,"[0.012499997392296791, 0.012499997392296791, 0.9125000238418579, 0.012499997392296791, 0.012499997392296791, 0.012499997392296791, 0.012499997392296791, 0.012499997392296791]",False,64,False,,25,False,True,64,760.4606051916444,"[939.31591796875, 326.3995666503906, 25.125]","[837.6104125976562, 116.12589263916016, 25.125]",True,,,False,False,False
61,2,31031,0,3,"[0.012499997392296791, 0.012499997392296791, 0.9125000238418579, 0.012499997392296791, 0.012499997392296791, 0.012499997392296791, 0.012499997392296791, 0.012499997392296791]",False,64,False,,25,False,True,64,760.4606051916444,"[939.31591796875, 326.3995666503906, 25.125]","[837.6104125976562, 116.12589263916016, 25.125]",True,,,False,False,False
61,2,31031,0,4,"[0.012499997392296791, 0.012499997392296791, 0.9125000238418579, 0.012499997392296791, 0.012499997392296791, 0.012499997392296791, 0.012499997392296791, 0.012499997392296791]",False,64,True,59.0,25,False,False,64,760.4606051916444,"[939.31591796875, 326.3995666503906, 25.125]","[837.6104125976562, 116.12589263916016, 25.125]",True,,,False,False,False
61,2,31031,1,0,"[0.012499997392296791, 0.012499997392296791, 0.9125000238418579, 0.012499997392296791, 0.012499997392296791, 0.012499997392296791, 0.012499997392296791, 0.012499997392296791]",False,64,False,,62,False,True,64,649.4939189362109,"[939.31591796875, 326.3995666503906, 25.125]","[788.2896728515625, 116.12577819824219, 25.125]",True,,,False,False,False
61,2,31031,1,1,"[0.012499997392296791, 0.012499997392296791, 0.9125000238418579, 0.012499997392296791, 0.012499997392296791, 0.012499997392296791, 0.012499997392296791, 0.012499997392296791]",True,64,False,,62,False,True,64,649.4939189362109,"[939.31591796875, 326.3995666503906, 25.125]","[788.2896728515625, 116.12577819824219, 25.125]",True,,,False,False,False
61,2,31031,1,3,"[0.012499997392296791, 0.012499997392296791, 0.9125000238418579, 0.012499997392296791, 0.012499997392296791, 0.012499997392296791, 0.012499997392296791, 0.012499997392296791]",False,64,False,,62,False,True,64,649.4939189362109,"[939.31591796875, 326.3995666503906, 25.125]","[788.2896728515625, 116.12577819824219, 25.125]",True,,,False,False,False
61,2,31031,1,4,"[0.012499997392296791, 0.012499997392296791, 0.9125000238418579, 0.012499997392296791, 0.012499997392296791, 0.012499997392296791, 0.012499997392296791, 0.012499997392296791]",False,64,True,57.0,62,False,False,64,649.4939189362109,"[939.31591796875, 326.3995666503906, 25.125]","[788.2896728515625, 116.12577819824219, 25.125]",True,,,False,False,False
61,2,31031,3,0,"[0.012499997392296791, 0.012499997392296791, 0.9125000238418579, 0.012499997392296791, 0.012499997392296791, 0.012499997392296791, 0.012499997392296791, 0.012499997392296791]",False,64,False,,55,False,True,64,740.847782556712,"[939.31591796875, 326.3995666503906, 25.125]","[853.3954467773438, 272.4864807128906, 25.125]",True,,,False,False,False
61,2,31031,3,1,"[0.012499997392296791, 0.012499997392296791, 0.9125000238418579, 0.012499997392296791, 0.012499997392296791, 0.012499997392296791, 0.012499997392296791, 0.012499997392296791]",False,64,False,,55,False,True,64,740.847782556712,"[939.31591796875, 326.3995666503906, 25.125]","[853.3954467773438, 272.4864807128906, 25.125]",True,,,False,False,False
61,2,31031,3,3,"[0.012499997392296791, 0.012499997392296791, 0.9125000238418579, 0.012499997392296791, 0.012499997392296791, 0.012499997392296791, 0.012499997392296791, 0.012499997392296791]",True,64,False,,55,False,True,64,740.847782556712,"[939.31591796875, 326.3995666503906, 25.125]","[853.3954467773438, 272.4864807128906, 25.125]",True,,,False,False,False
61,2,31031,3,4,"[0.012499997392296791, 0.012499997392296791, 0.9125000238418579, 0.012499997392296791, 0.012499997392296791, 0.012499997392296791, 0.012499997392296791, 0.012499997392296791]",False,64,False,,55,False,True,64,740.847782556712,"[939.31591796875, 326.3995666503906, 25.125]","[853.3954467773438, 272.4864807128906, 25.125]",True,,,False,False,False
61,2,31031,4,0,"[0.012499997392296791, 0.012499997392296791, 0.9125000238418579, 0.012499997392296791, 0.012499997392296791, 0.012499997392296791, 0.012499997392296791, 0.012499997392296791]",False,64,False,,55,False,True,64,505.2567623833393,"[939.31591796875, 326.3995666503906, 25.125]","[983.875, 116.12527465820312, 25.125]",True,,,False,False,False
61,2,31031,4,1,"[0.012499997392296791, 0.012499997392296791, 0.9125000238418579, 0.012499997392296791, 0.012499997392296791, 0.012499997392296791, 0.012499997392296791, 0.012499997392296791]",False,64,False,,55,False,True,64,505.2567623833393,"[939.31591796875, 326.3995666503906, 25.125]","[983.875, 116.12527465820312, 25.125]",True,,,False,False,False
61,2,31031,4,3,"[0.012499997392296791, 0.012499997392296791, 0.9125000238418579, 0.012499997392296791, 0.012499997392296791, 0.012499997392296791, 0.012499997392296791, 0.012499997392296791]",False,64,True,55.0,55,False,False,64,505.2567623833393,"[939.31591796875, 326.3995666503906, 25.125]","[983.875, 116.12527465820312, 25.125]",True,,,False,False,False
61,2,31031,4,4,"[0.012499997392296791, 0.012499997392296791, 0.9125000238418579, 0.012499997392296791, 0.012499997392296791, 0.012499997392296791, 0.012499997392296791, 0.012499997392296791]",True,64,True,46.0,55,False,False,64,505.2567623833393,"[939.31591796875, 326.3995666503906, 25.125]","[983.875, 116.12527465820312, 25.125]",True,,,False,False,False
61,3,31033,0,0,"[0.012499997392296791, 0.012499997392296791, 0.9125000238418579, 0.012499997392296791, 0.012499997392296791, 0.012499997392296791, 0.012499997392296791, 0.012499997392296791]",True,64,False,,59,False,True,64,625.6542199015854,"[850.0, 750.0, 25.125]","[854.9690551757812, 916.1251831054688, 25.125]",True,,,False,False,False
61,3,31033,0,1,"[0.012499997392296791, 0.012499997392296791, 0.9125000238418579, 0.012499997392296791, 0.012499997392296791, 0.012499997392296791, 0.012499997392296791, 0.012499997392296791]",False,64,False,,59,False,True,64,625.6542199015854,"[850.0, 750.0, 25.125]","[854.9690551757812, 916.1251831054688, 25.125]",True,,,False,False,False
61,3,31033,0,3,"[0.012499997392296791, 0.012499997392296791, 0.9125000238418579, 0.012499997392296791, 0.012499997392296791, 0.012499997392296791, 0.012499997392296791, 0.012499997392296791]",False,64,False,,59,False,True,64,625.6542199015854,"[850.0, 750.0, 25.125]","[854.9690551757812, 916.1251831054688, 25.125]",True,,,False,False,False
61,3,31033,0,4,"[0.012499997392296791, 0.012499997392296791, 0.9125000238418579, 0.012499997392296791, 0.012499997392296791, 0.012499997392296791, 0.012499997392296791, 0.012499997392296791]",False,64,True,57.0,59,False,False,64,625.6542199015854,"[850.0, 750.0, 25.125]","[854.9690551757812, 916.1251831054688, 25.125]",True,,,False,False,False
61,3,31033,1,0,"[0.012499997392296791, 0.012499997392296791, 0.9125000238418579, 0.012499997392296791, 0.012499997392296791, 0.012499997392296791, 0.012499997392296791, 0.012499997392296791]",False,64,False,,46,False,True,64,738.4166047256664,"[850.0, 750.0, 25.125]","[979.8137817382812, 260.8274230957031, 25.125]",True,,,False,False,False
61,3,31033,1,1,"[0.012499997392296791, 0.012499997392296791, 0.9125000238418579, 0.012499997392296791, 0.012499997392296791, 0.012499997392296791, 0.012499997392296791, 0.012499997392296791]",True,64,False,,46,False,True,64,738.4166047256664,"[850.0, 750.0, 25.125]","[979.8137817382812, 260.8274230957031, 25.125]",True,,,False,False,False
61,3,31033,1,3,"[0.012499997392296791, 0.012499997392296791, 0.9125000238418579, 0.012499997392296791, 0.012499997392296791, 0.012499997392296791, 0.012499997392296791, 0.012499997392296791]",False,64,False,,46,False,True,64,738.4166047256664,"[850.0, 750.0, 25.125]","[979.8137817382812, 260.8274230957031, 25.125]",True,,,False,False,False
61,3,31033,1,4,"[0.012499997392296791, 0.012499997392296791, 0.9125000238418579, 0.012499997392296791, 0.012499997392296791, 0.012499997392296791, 0.012499997392296791, 0.012499997392296791]",False,64,False,,46,False,True,64,738.4166047256664,"[850.0, 750.0, 25.125]","[979.8137817382812, 260.8274230957031, 25.125]",True,,,False,False,False
61,3,31033,3,0,"[0.012499997392296791, 0.012499997392296791, 0.9125000238418579, 0.012499997392296791, 0.012499997392296791, 0.012499997392296791, 0.012499997392296791, 0.012499997392296791]",False,64,False,,46,False,True,64,835.0431549425545,"[850.0, 750.0, 25.125]","[903.2702026367188, 916.1275024414062, 25.125]",True,,,False,False,False
61,3,31033,3,1,"[0.012499997392296791, 0.012499997392296791, 0.9125000238418579, 0.012499997392296791, 0.012499997392296791, 0.012499997392296791, 0.012499997392296791, 0.012499997392296791]",False,64,False,,46,False,True,64,835.0431549425545,"[850.0, 750.0, 25.125]","[903.2702026367188, 916.1275024414062, 25.125]",True,,,False,False,False
61,3,31033,3,3,"[0.012499997392296791, 0.012499997392296791, 0.9125000238418579, 0.012499997392296791, 0.012499997392296791, 0.012499997392296791, 0.012499997392296791, 0.012499997392296791]",True,64,False,,46,False,True,64,835.0431549425545,"[850.0, 750.0, 25.125]","[903.2702026367188, 916.1275024414062, 25.125]",True,,,False,False,False
61,3,31033,3,4,"[0.012499997392296791, 0.012499997392296791, 0.9125000238418579, 0.012499997392296791, 0.012499997392296791, 0.012499997392296791, 0.012499997392296791, 0.012499997392296791]",False,64,True,41.0,46,False,False,64,835.0431549425545,"[850.0, 750.0, 25.125]","[903.2702026367188, 916.1275024414062, 25.125]",True,,,False,False,False
61,3,31033,4,0,"[0.012499997392296791, 0.012499997392296791, 0.9125000238418579, 0.012499997392296791, 0.012499997392296791, 0.012499997392296791, 0.012499997392296791, 0.012499997392296791]",False,64,False,,59,False,True,64,880.4164704637643,"[850.0, 750.0, 25.125]","[952.8251953125, 687.75439453125, 25.125]",True,,,False,False,False
61,3,31033,4,1,"[0.012499997392296791, 0.012499997392296791, 0.9125000238418579, 0.012499997392296791, 0.012499997392296791, 0.012499997392296791, 0.012499997392296791, 0.012499997392296791]",False,64,False,,59,False,True,64,880.4164704637643,"[850.0, 750.0, 25.125]","[952.8251953125, 687.75439453125, 25.125]",True,,,False,False,False
61,3,31033,4,3,"[0.012499997392296791, 0.012499997392296791, 0.9125000238418579, 0.012499997392296791, 0.012499997392296791, 0.012499997392296791, 0.012499997392296791, 0.012499997392296791]",False,64,False,,59,False,True,64,880.4164704637643,"[850.0, 750.0, 25.125]","[952.8251953125, 687.75439453125, 25.125]",True,,,False,False,False
61,3,31033,4,4,"[0.012499997392296791, 0.012499997392296791, 0.9125000238418579, 0.012499997392296791, 0.012499997392296791, 0.012499997392296791, 0.012499997392296791, 0.012499997392296791]",True,64,False,,59,False,True,64,880.4164704637643,"[850.0, 750.0, 25.125]","[952.8251953125, 687.75439453125, 25.125]",True,,,False,False,False
61,4,31034,0,0,"[0.012499997392296791, 0.012499997392296791, 0.9125000238418579, 0.012499997392296791, 0.012499997392296791, 0.012499997392296791, 0.012499997392296791, 0.012499997392296791]",True,64,False,,22,False,True,64,997.242990887703,"[458.8092041015625, 732.8566284179688, 25.125]","[885.7456665039062, 577.3279418945312, 25.125]",True,,,False,False,False
61,4,31034,0,1,"[0.012499997392296791, 0.012499997392296791, 0.9125000238418579, 0.012499997392296791, 0.012499997392296791, 0.012499997392296791, 0.012499997392296791, 0.012499997392296791]",False,64,True,45.0,22,False,False,64,997.242990887703,"[458.8092041015625, 732.8566284179688, 25.125]","[885.7456665039062, 577.3279418945312, 25.125]",True,,,False,False,False
61,4,31034,0,3,"[0.012499997392296791, 0.012499997392296791, 0.9125000238418579, 0.012499997392296791, 0.012499997392296791, 0.012499997392296791, 0.012499997392296791, 0.012499997392296791]",False,64,False,,22,False,True,64,997.242990887703,"[458.8092041015625, 732.8566284179688, 25.125]","[885.7456665039062, 577.3279418945312, 25.125]",True,,,False,False,False
61,4,31034,0,4,"[0.012499997392296791, 0.012499997392296791, 0.9125000238418579, 0.012499997392296791, 0.012499997392296791, 0.012499997392296791, 0.012499997392296791, 0.012499997392296791]",False,64,True,5.0,22,False,False,64,997.242990887703,"[458.8092041015625, 732.8566284179688, 25.125]","[885.7456665039062, 577.3279418945312, 25.125]",True,,,False,False,False
61,4,31034,1,0,"[0.012499997392296791, 0.012499997392296791, 0.9125000238418579, 0.012499997392296791, 0.012499997392296791, 0.012499997392296791, 0.012499997392296791, 0.012499997392296791]",False,64,False,,22,False,True,64,1018.997698070456,"[458.8092041015625, 732.8566284179688, 25.125]","[913.1845092773438, 744.6050415039062, 25.125]",True,,,False,False,False
61,4,31034,1,1,"[0.012499997392296791, 0.012499997392296791, 0.9125000238418579, 0.012499997392296791, 0.012499997392296791, 0.012499997392296791, 0.012499997392296791, 0.012499997392296791]",True,64,False,,22,False,True,64,1018.997698070456,"[458.8092041015625, 732.8566284179688, 25.125]","[913.1845092773438, 744.6050415039062, 25.125]",True,,,False,False,False
61,4,31034,1,3,"[0.012499997392296791, 0.012499997392296791, 0.9125000238418579, 0.012499997392296791, 0.012499997392296791, 0.012499997392296791, 0.012499997392296791, 0.012499997392296791]",False,64,False,,22,False,True,64,1018.997698070456,"[458.8092041015625, 732.8566284179688, 25.125]","[913.1845092773438, 744.6050415039062, 25.125]",True,,,False,False,False
61,4,31034,1,4,"[0.012499997392296791, 0.012499997392296791, 0.9125000238418579, 0.012499997392296791, 0.012499997392296791, 0.012499997392296791, 0.012499997392296791, 0.012499997392296791]",False,64,True,5.0,22,False,False,64,1018.997698070456,"[458.8092041015625, 732.8566284179688, 25.125]","[913.1845092773438, 744.6050415039062, 25.125]",True,,,False,False,False
61,4,31034,3,0,"[0.012499997392296791, 0.012499997392296791, 0.9125000238418579, 0.012499997392296791, 0.012499997392296791, 0.012499997392296791, 0.012499997392296791, 0.012499997392296791]",False,64,False,,22,False,True,64,908.2260264614088,"[458.8092041015625, 732.8566284179688, 25.125]","[884.5001831054688, 772.2177734375, 25.125]",True,,,False,False,False
61,4,31034,3,1,"[0.012499997392296791, 0.012499997392296791, 0.9125000238418579, 0.012499997392296791, 0.012499997392296791, 0.012499997392296791, 0.012499997392296791, 0.012499997392296791]",False,64,False,,22,False,True,64,908.2260264614088,"[458.8092041015625, 732.8566284179688, 25.125]","[884.5001831054688, 772.2177734375, 25.125]",True,,,False,False,False
61,4,31034,3,3,"[0.012499997392296791, 0.012499997392296791, 0.9125000238418579, 0.012499997392296791, 0.012499997392296791, 0.012499997392296791, 0.012499997392296791, 0.012499997392296791]",True,64,False,,22,False,True,64,908.2260264614088,"[458.8092041015625, 732.8566284179688, 25.125]","[884.5001831054688, 772.2177734375, 25.125]",True,,,False,False,False
61,4,31034,3,4,"[0.012499997392296791, 0.012499997392296791, 0.9125000238418579, 0.012499997392296791, 0.012499997392296791, 0.012499997392296791, 0.012499997392296791, 0.012499997392296791]",False,64,True,5.0,22,False,False,64,908.2260264614088,"[458.8092041015625, 732.8566284179688, 25.125]","[884.5001831054688, 772.2177734375, 25.125]",True,,,False,False,False
61,4,31034,4,0,"[0.012499997392296791, 0.012499997392296791, 0.012499997392296791, 0.012499997392296791, 0.012499997392296791, 0.9125000238418579, 0.012499997392296791, 0.012499997392296791]",False,64,False,,55,False,True,64,1194.8176041708161,"[458.8092041015625, 732.8566284179688, 25.125]","[983.8743896484375, 281.62664794921875, 25.125]",True,,,False,False,False
61,4,31034,4,1,"[0.012499997392296791, 0.012499997392296791, 0.012499997392296791, 0.012499997392296791, 0.012499997392296791, 0.9125000238418579, 0.012499997392296791, 0.012499997392296791]",False,64,False,,55,False,True,64,1194.8176041708161,"[458.8092041015625, 732.8566284179688, 25.125]","[983.8743896484375, 281.62664794921875, 25.125]",True,,,False,False,False
61,4,31034,4,3,"[0.012499997392296791, 0.012499997392296791, 0.012499997392296791, 0.012499997392296791, 0.012499997392296791, 0.9125000238418579, 0.012499997392296791, 0.012499997392296791]",False,64,False,,55,False,True,64,1194.8176041708161,"[458.8092041015625, 732.8566284179688, 25.125]","[983.8743896484375, 281.62664794921875, 25.125]",True,,,False,False,False
61,4,31034,4,4,"[0.012499997392296791, 0.012499997392296791, 0.012499997392296791, 0.012499997392296791, 0.012499997392296791, 0.9125000238418579, 0.012499997392296791, 0.012499997392296791]",True,64,True,15.0,55,False,False,64,1194.8176041708161,"[458.8092041015625, 732.8566284179688, 25.125]","[983.8743896484375, 281.62664794921875, 25.125]",True,,,False,False,False
