frame,agent,x,y,z,rot_x,rot_y,rot_z,num_traj
0,0,772.09375,1841.382080078125,25.125,0.0,-30.38818359375,0.0,0
1,0,810.0551147460938,1822.09423828125,25.125,0.0,-30.38818359375,0.0,0
2,0,847.5408325195312,1803.521728515625,25.125,0.0,-13.4912109375,0.0,0
3,0,885.1837768554688,1787.8853759765625,25.125,0.0,-30.38818359375,0.0,0
4,0,922.674560546875,1769.5802001953125,25.125,0.0,-30.38818359375,0.0,0
5,0,957.9521484375,1748.40234375,25.125,0.0,-47.28515625,0.0,0
6,0,990.5828857421875,1721.91015625,25.125,0.0,-47.28515625,0.0,0
7,0,1019.0330200195312,1691.9747314453125,25.125,0.0,-64.1766357421875,0.0,0
8,0,1014.4370727539062,1659.852783203125,25.125,0.0,-64.1766357421875,0.0,0
9,0,983.4442138671875,1631.8798828125,25.125,0.0,-64.1766357421875,0.0,0
10,0,974.5506591796875,1596.061279296875,25.125,0.0,-47.28515625,0.0,0
11,0,962.7417602539062,1553.5604248046875,25.125,0.0,-47.28515625,0.0,0
12,0,967.5213012695312,1514.17236328125,25.125,0.0,-30.38818359375,0.0,0
13,0,992.8234252929688,1479.0338134765625,25.125,0.0,-47.28515625,0.0,0
14,0,992.39501953125,1442.4903564453125,25.125,0.0,-47.28515625,0.0,0
15,0,997.7970581054688,1399.2257080078125,25.125,0.0,-47.28515625,0.0,0
16,0,1015.1939697265625,1361.7562255859375,25.125,0.0,-64.1766357421875,0.0,0
17,0,1031.5333251953125,1324.173583984375,25.125,0.0,-81.0736083984375,0.0,0
18,0,1043.244873046875,1283.903076171875,25.125,0.0,-81.0736083984375,0.0,0
19,0,1050.0216064453125,1243.213134765625,25.125,0.0,-97.9705810546875,0.0,0
20,0,1048.35693359375,1216.1258544921875,25.125,0.0,-114.8675537109375,0.0,0
21,0,1035.9825439453125,1216.1256103515625,25.125,0.0,-114.8675537109375,0.0,0
22,0,1011.5211791992188,1216.125732421875,25.125,0.0,-131.7645263671875,0.0,0
23,0,979.0537109375,1215.2864990234375,25.125,0.0,-114.8675537109375,0.0,0
24,0,950.3662719726562,1188.1248779296875,25.125,0.0,-97.9705810546875,0.0,0
25,0,935.040771484375,1147.2322998046875,25.125,0.0,-81.0736083984375,0.0,0
26,0,933.4774780273438,1104.062744140625,25.125,0.0,-64.1766357421875,0.0,0
27,0,945.4171752929688,1061.7542724609375,25.125,0.0,-47.28515625,0.0,0
28,0,968.7570190429688,1025.7926025390625,25.125,0.0,-30.38818359375,0.0,0
29,0,983.8740844726562,996.9097900390625,25.125,0.0,-13.4912109375,0.0,0
30,0,983.8743896484375,975.4674072265625,25.125,0.0,-13.4912109375,0.0,0
31,0,978.5046997070312,939.7027587890625,25.125,0.0,-13.4912109375,0.0,0
32,0,983.8740844726562,908.0994262695312,25.125,0.0,-13.4912109375,0.0,0
33,0,983.8740844726562,884.7879638671875,25.125,0.0,-13.4912109375,0.0,0
34,0,983.8742065429688,863.0225219726562,25.125,0.0,-30.38818359375,0.0,0
35,0,972.7227172851562,828.120849609375,25.125,0.0,-30.38818359375,0.0,0
36,0,983.3824462890625,790.7195434570312,25.125,0.0,-30.38818359375,0.0,0
37,0,996.5897827148438,756.319091796875,25.125,0.0,-30.38818359375,0.0,0
38,0,1029.7000732421875,726.9097900390625,25.125,0.0,-13.4912109375,0.0,0
39,0,1047.889892578125,716.1259155273438,25.125,0.0,-13.4912109375,0.0,0
40,0,1047.25830078125,716.1259155273438,25.125,0.0,-13.4912109375,0.0,0
41,0,1068.5419921875,716.2093505859375,25.125,0.0,3.40576171875,0.0,0
42,0,1108.9404296875,717.6157836914062,25.125,0.0,3.40576171875,0.0,0
43,0,1150.6962890625,721.6995239257812,25.125,0.0,20.302734375,0.0,0
44,0,1183.87451171875,733.2042846679688,25.125,0.0,37.1942138671875,0.0,0
45,0,1183.874267578125,759.0076904296875,25.125,0.0,37.1942138671875,0.0,0
46,0,1183.8746337890625,795.2588500976562,25.125,0.0,54.0911865234375,0.0,0
47,0,1187.377197265625,840.9374389648438,25.125,0.0,54.0911865234375,0.0,0
48,0,1201.771728515625,880.6900024414062,25.125,0.0,54.0911865234375,0.0,0
49,0,1223.5494384765625,916.4069213867188,25.125,0.0,37.1942138671875,0.0,0
50,0,1253.7039794921875,946.1902465820312,25.125,0.0,20.302734375,0.0,0
51,0,1287.4013671875,969.5301513671875,25.125,0.0,37.1942138671875,0.0,0
52,0,1324.197509765625,983.8746948242188,25.125,0.0,20.302734375,0.0,0
53,0,1369.4617919921875,983.8746337890625,25.125,0.0,37.1942138671875,0.0,0
54,0,1418.344970703125,983.874267578125,25.125,0.0,54.0911865234375,0.0,0
55,0,1460.754638671875,997.2601928710938,25.125,0.0,37.1942138671875,0.0,0
56,0,1497.3560791015625,1019.8070068359375,25.125,0.0,54.0911865234375,0.0,0
57,0,1526.701416015625,1050.496337890625,25.125,0.0,70.9881591796875,0.0,0
58,0,1565.358154296875,1065.34326171875,25.125,0.0,70.9881591796875,0.0,0
59,0,1599.0574951171875,1090.8807373046875,25.125,0.0,87.8851318359375,0.0,0
60,0,1614.181396484375,1133.5286865234375,25.125,0.0,104.7821044921875,0.0,0
61,0,1617.52978515625,1175.900146484375,25.125,0.0,87.8851318359375,0.0,0
62,0,1619.279541015625,1216.5032958984375,25.125,0.0,87.8851318359375,0.0,0
63,0,1644.9130859375,1242.4830322265625,25.125,0.0,87.8851318359375,0.0,0
64,0,1671.0003662109375,1275.7767333984375,25.125,0.0,87.8851318359375,0.0,0
65,0,1706.6815185546875,1301.3702392578125,25.125,0.0,87.8851318359375,0.0,0
66,0,1734.4859619140625,1334.565185546875,25.125,0.0,87.8851318359375,0.0,0
67,0,1745.8349609375,1376.798828125,25.125,0.0,104.7821044921875,0.0,0
68,0,1745.53466796875,1418.7506103515625,25.125,0.0,104.7821044921875,0.0,0
69,0,1737.5313720703125,1459.64599609375,25.125,0.0,121.6790771484375,0.0,0
70,0,1721.8690185546875,1498.8641357421875,25.125,0.0,121.6790771484375,0.0,0
71,0,1703.1439208984375,1535.0640869140625,25.125,0.0,121.6790771484375,0.0,0
72,0,1682.5238037109375,1571.22265625,25.125,0.0,121.6790771484375,0.0,0
73,0,1659.7977294921875,1605.3690185546875,25.125,0.0,138.570556640625,0.0,0
74,0,1633.7559814453125,1637.9869384765625,25.125,0.0,121.6790771484375,0.0,0
75,0,1616.12548828125,1671.90283203125,25.125,0.0,121.6790771484375,0.0,0
76,0,1616.125,1683.8746337890625,25.125,0.0,138.570556640625,0.0,0
77,0,1616.125,1683.8743896484375,25.125,0.0,138.570556640625,0.0,0
78,0,1616.125,1683.8746337890625,25.125,0.0,138.570556640625,0.0,0
79,0,1616.125,1683.874267578125,25.125,0.0,121.6790771484375,0.0,0
80,0,1635.3131103515625,1683.8746337890625,25.125,0.0,121.6790771484375,0.0,0
81,0,1645.308837890625,1683.8741455078125,25.125,0.0,104.7821044921875,0.0,0
82,0,1641.48974609375,1683.8741455078125,25.125,0.0,104.7821044921875,0.0,0
83,0,1661.080810546875,1683.874755859375,25.125,0.0,104.7821044921875,0.0,0
84,0,1676.9925537109375,1683.8741455078125,25.125,0.0,104.7821044921875,0.0,0
85,0,1674.961181640625,1683.8743896484375,25.125,0.0,104.7821044921875,0.0,0
86,0,1668.6370849609375,1683.8741455078125,25.125,0.0,104.7821044921875,0.0,0
87,0,1655.93408203125,1683.87451171875,25.125,0.0,121.6790771484375,0.0,0
88,0,1623.5797119140625,1671.37646484375,25.125,0.0,121.6790771484375,0.0,0
89,0,1616.12548828125,1679.3800048828125,25.125,0.0,121.6790771484375,0.0,0
90,0,1616.125,1683.874267578125,25.125,0.0,121.6790771484375,0.0,0
91,0,1616.125,1683.8741455078125,25.125,0.0,104.7821044921875,0.0,0
92,0,1616.125,1683.87451171875,25.125,0.0,121.6790771484375,0.0,0
93,0,1636.266845703125,1683.87451171875,25.125,0.0,121.6790771484375,0.0,0
94,0,1636.9307861328125,1671.6033935546875,25.125,0.0,121.6790771484375,0.0,0
95,0,1616.12548828125,1679.454345703125,25.125,0.0,121.6790771484375,0.0,0
96,0,1635.0279541015625,1683.8746337890625,25.125,0.0,121.6790771484375,0.0,0
97,0,1676.274658203125,1683.87451171875,25.125,0.0,121.6790771484375,0.0,0
98,0,1693.519287109375,1683.874267578125,25.125,0.0,121.6790771484375,0.0,0
99,0,1679.29833984375,1683.8743896484375,25.125,0.0,138.570556640625,0.0,0
100,0,1645.8243408203125,1683.8743896484375,25.125,0.0,138.570556640625,0.0,0
101,0,1636.0916748046875,1683.87451171875,25.125,0.0,138.570556640625,0.0,0
102,0,1620.538330078125,1683.8746337890625,25.125,0.0,155.467529296875,0.0,0
103,0,1616.1256103515625,1683.875,25.125,0.0,172.364501953125,0.0,0
104,0,1616.1258544921875,1683.495849609375,25.125,0.0,-170.738525390625,0.0,0
105,0,1616.1251220703125,1683.875,25.125,0.0,-170.738525390625,0.0,0
106,0,1616.1251220703125,1683.875,25.125,0.0,-170.738525390625,0.0,0
107,0,1616.1258544921875,1679.9495849609375,25.125,0.0,-153.841552734375,0.0,0
108,0,1616.125,1683.8741455078125,25.125,0.0,-153.841552734375,0.0,0
109,0,1616.125,1683.8741455078125,25.125,0.0,-153.841552734375,0.0,0
110,0,1616.1256103515625,1675.226806640625,25.125,0.0,-153.841552734375,0.0,0
111,0,1616.1258544921875,1655.045654296875,25.125,0.0,-153.841552734375,0.0,0
112,0,1616.125244140625,1661.4075927734375,25.125,0.0,-153.841552734375,0.0,0
113,0,1616.1258544921875,1665.74462890625,25.125,0.0,-153.841552734375,0.0,0
114,0,1616.1258544921875,1655.7252197265625,25.125,0.0,-170.738525390625,0.0,0
115,0,1616.1259765625,1649.02587890625,25.125,0.0,172.364501953125,0.0,0
116,0,1619.144287109375,1671.524658203125,25.125,0.0,172.364501953125,0.0,0
117,0,1623.8302001953125,1683.8743896484375,25.125,0.0,172.364501953125,0.0,0
118,0,1616.1259765625,1683.875,25.125,0.0,172.364501953125,0.0,0
119,0,1616.99072265625,1683.8743896484375,25.125,0.0,172.364501953125,0.0,0
120,0,1616.125,1683.8748779296875,25.125,0.0,172.364501953125,0.0,0
121,0,1616.98974609375,1683.8743896484375,25.125,0.0,172.364501953125,0.0,0
122,0,1617.89404296875,1683.8740234375,25.125,0.0,172.364501953125,0.0,0
123,0,1618.7587890625,1683.8740234375,25.125,0.0,172.364501953125,0.0,0
124,0,1616.1259765625,1683.875,25.125,0.0,172.364501953125,0.0,0
125,0,1616.99072265625,1683.8740234375,25.125,0.0,172.364501953125,0.0,0
126,0,1616.125,1683.874755859375,25.125,0.0,155.467529296875,0.0,0
127,0,1616.125,1683.8746337890625,25.125,0.0,155.467529296875,0.0,0
128,0,1616.125,1683.8748779296875,25.125,0.0,172.364501953125,0.0,0
129,0,1616.1258544921875,1683.495849609375,25.125,0.0,-170.738525390625,0.0,0
130,0,1616.1256103515625,1679.57421875,25.125,0.0,-153.841552734375,0.0,0
131,0,1616.125,1683.8741455078125,25.125,0.0,-153.841552734375,0.0,0
132,0,1616.1258544921875,1675.390625,25.125,0.0,-153.841552734375,0.0,0
133,0,1616.12548828125,1653.2000732421875,25.125,0.0,-136.944580078125,0.0,0
134,0,1616.1256103515625,1651.7076416015625,25.125,0.0,-136.944580078125,0.0,0
135,0,1616.12548828125,1644.8597412109375,25.125,0.0,-136.944580078125,0.0,0
136,0,1616.125732421875,1615.7867431640625,25.125,0.0,-136.944580078125,0.0,0
137,0,1615.66748046875,1577.4471435546875,25.125,0.0,-136.944580078125,0.0,0
138,0,1596.2464599609375,1568.2646484375,25.125,0.0,-136.944580078125,0.0,0
139,0,1563.6845703125,1583.874267578125,25.125,0.0,-136.944580078125,0.0,0
140,0,1524.525146484375,1571.6192626953125,25.125,0.0,-153.841552734375,0.0,0
141,0,1486.337158203125,1557.224853515625,25.125,0.0,-170.738525390625,0.0,0
142,0,1446.8909912109375,1546.61083984375,25.125,0.0,-170.738525390625,0.0,0
143,0,1407.0809326171875,1538.23046875,25.125,0.0,-170.738525390625,0.0,0
144,0,1367.2564697265625,1528.9776611328125,25.125,0.0,-153.841552734375,0.0,0
145,0,1327.5865478515625,1516.1256103515625,25.125,0.0,-136.944580078125,0.0,0
146,0,1287.302001953125,1516.12548828125,25.125,0.0,-120.0531005859375,0.0,0
147,0,1251.7174072265625,1516.1258544921875,25.125,0.0,-103.1561279296875,0.0,0
148,0,1229.8406982421875,1516.1259765625,25.125,0.0,-86.2591552734375,0.0,0
149,0,1218.6396484375,1516.1258544921875,25.125,0.0,-103.1561279296875,0.0,0
150,0,1210.999755859375,1516.1259765625,25.125,0.0,-86.2591552734375,0.0,0
151,0,1212.6441650390625,1516.1256103515625,25.125,0.0,-69.3621826171875,0.0,0
152,0,1224.6964111328125,1516.125732421875,25.125,0.0,-52.4652099609375,0.0,0
153,0,1253.97216796875,1516.1253662109375,25.125,0.0,-35.57373046875,0.0,0
154,0,1297.155517578125,1516.1251220703125,25.125,0.0,-18.6767578125,0.0,0
155,0,1339.5904541015625,1516.1251220703125,25.125,0.0,-18.6767578125,0.0,0
156,0,1383.02001953125,1516.125244140625,25.125,0.0,-18.6767578125,0.0,0
157,0,1424.2083740234375,1516.108154296875,25.125,0.0,-1.77978515625,0.0,0
158,0,1466.04541015625,1517.5499267578125,25.125,0.0,15.1171875,0.0,0
159,0,1506.95458984375,1525.72998046875,25.125,0.0,32.01416015625,0.0,0
160,0,1545.5592041015625,1539.1943359375,25.125,0.0,15.1171875,0.0,0
161,0,1577.4493408203125,1524.5269775390625,25.125,0.0,15.1171875,0.0,0
162,0,1615.4427490234375,1513.36865234375,25.125,0.0,32.01416015625,0.0,0
163,0,1659.4932861328125,1525.974609375,25.125,0.0,48.9111328125,0.0,0
164,0,1694.87646484375,1549.0416259765625,25.125,0.0,48.9111328125,0.0,0
165,0,1734.8658447265625,1549.9140625,25.125,0.0,48.9111328125,0.0,0
166,0,1777.4151611328125,1558.26025390625,25.125,0.0,48.9111328125,0.0,0
167,0,1813.1839599609375,1580.9908447265625,25.125,0.0,48.9111328125,0.0,0
168,0,1845.7242431640625,1607.1453857421875,25.125,0.0,32.01416015625,0.0,0
169,0,1880.343994140625,1629.683349609375,25.125,0.0,15.1171875,0.0,0
170,0,1920.5374755859375,1645.0653076171875,25.125,0.0,-1.77978515625,0.0,0
171,0,1961.7838134765625,1649.556884765625,25.125,0.0,-18.6767578125,0.0,0
172,0,1983.874267578125,1641.4388427734375,25.125,0.0,-35.57373046875,0.0,0
173,0,1983.874267578125,1617.8009033203125,25.125,0.0,-35.57373046875,0.0,0
174,0,1983.874267578125,1584.5657958984375,25.125,0.0,-35.57373046875,0.0,0
175,0,1983.8743896484375,1545.932373046875,25.125,0.0,-52.4652099609375,0.0,0
176,0,1983.875,1516.12548828125,25.125,0.0,-52.4652099609375,0.0,0
177,0,1965.153564453125,1516.1256103515625,25.125,0.0,-52.4652099609375,0.0,0
178,0,1927.3707275390625,1516.1253662109375,25.125,0.0,-52.4652099609375,0.0,0
179,0,1914.1920166015625,1516.125732421875,25.125,0.0,-52.4652099609375,0.0,0
180,0,1927.1123046875,1516.1256103515625,25.125,0.0,-69.3621826171875,0.0,0
181,0,1944.3692626953125,1516.1259765625,25.125,0.0,-86.2591552734375,0.0,0
182,0,1954.9072265625,1516.1259765625,25.125,0.0,-86.2591552734375,0.0,0
183,0,1959.0784912109375,1516.1259765625,25.125,0.0,-86.2591552734375,0.0,0
184,0,1958.419677734375,1516.1258544921875,25.125,0.0,-103.1561279296875,0.0,0
185,0,1957.8958740234375,1516.1256103515625,25.125,0.0,-86.2591552734375,0.0,0
186,0,1958.340087890625,1516.1259765625,25.125,0.0,-86.2591552734375,0.0,0
187,0,1957.68310546875,1516.1256103515625,25.125,0.0,-103.1561279296875,0.0,0
188,0,1934.13818359375,1521.50439453125,25.125,0.0,-103.1561279296875,0.0,0
189,0,1907.9267578125,1516.1259765625,25.125,0.0,-86.2591552734375,0.0,0
190,0,1898.056640625,1516.1259765625,25.125,0.0,-86.2591552734375,0.0,0
191,0,1899.578369140625,1516.1258544921875,25.125,0.0,-69.3621826171875,0.0,0
192,0,1905.1861572265625,1516.1256103515625,25.125,0.0,-86.2591552734375,0.0,0
193,0,1909.5260009765625,1516.1258544921875,25.125,0.0,-69.3621826171875,0.0,0
194,0,1923.5462646484375,1516.12548828125,25.125,0.0,-52.4652099609375,0.0,0
195,0,1952.4912109375,1516.125732421875,25.125,0.0,-52.4652099609375,0.0,0
196,0,1983.875,1516.12548828125,25.125,0.0,-52.4652099609375,0.0,0
197,0,1983.875,1516.12548828125,25.125,0.0,-35.57373046875,0.0,0
198,0,1983.875,1516.125244140625,25.125,0.0,-18.6767578125,0.0,0
199,0,1978.7940673828125,1516.1258544921875,25.125,0.0,-18.6767578125,0.0,0
200,0,1983.874267578125,1516.125,25.125,0.0,-35.57373046875,0.0,0
201,0,1983.8746337890625,1516.125,25.125,0.0,-52.4652099609375,0.0,0
202,0,1983.8743896484375,1516.125,25.125,0.0,-52.4652099609375,0.0,0
203,0,1983.874755859375,1516.125,25.125,0.0,-69.3621826171875,0.0,0
204,0,1983.875,1516.125,25.125,0.0,-86.2591552734375,0.0,0
205,0,1983.875,1516.125,25.125,0.0,-86.2591552734375,0.0,0
206,0,1983.875,1516.125,25.125,0.0,-86.2591552734375,0.0,0
207,0,1983.875,1516.125,25.125,0.0,-86.2591552734375,0.0,0
208,0,1983.1917724609375,1516.1256103515625,25.125,0.0,-103.1561279296875,0.0,0
209,0,1982.71435546875,1516.1259765625,25.125,0.0,-86.2591552734375,0.0,0
210,0,1959.738037109375,1516.125,25.125,0.0,-86.2591552734375,0.0,0
211,0,1936.8973388671875,1516.1259765625,25.125,0.0,-86.2591552734375,0.0,0
212,0,1930.55224609375,1516.1256103515625,25.125,0.0,-86.2591552734375,0.0,0
213,0,1906.61669921875,1516.125,25.125,0.0,-86.2591552734375,0.0,0
214,0,1865.99169921875,1515.941650390625,25.125,0.0,-86.2591552734375,0.0,0
215,0,1843.7677001953125,1491.44970703125,25.125,0.0,-69.3621826171875,0.0,0
216,0,1847.839111328125,1448.7093505859375,25.125,0.0,-52.4652099609375,0.0,0
217,0,1866.6697998046875,1409.5863037109375,25.125,0.0,-35.57373046875,0.0,0
218,0,1885.977783203125,1377.964111328125,25.125,0.0,-18.6767578125,0.0,0
219,0,1916.0535888671875,1354.4605712890625,25.125,0.0,-1.77978515625,0.0,0
220,0,1959.2442626953125,1344.1158447265625,25.125,0.0,15.1171875,0.0,0
221,0,1983.87451171875,1347.92919921875,25.125,0.0,32.01416015625,0.0,0
222,0,1983.8743896484375,1370.084716796875,25.125,0.0,48.9111328125,0.0,0
223,0,1983.875,1383.8741455078125,25.125,0.0,65.8026123046875,0.0,0
224,0,1983.875,1383.8740234375,25.125,0.0,82.6995849609375,0.0,0
225,0,1983.875,1383.8740234375,25.125,0.0,82.6995849609375,0.0,0
226,0,1960.9940185546875,1383.8748779296875,25.125,0.0,82.6995849609375,0.0,0
227,0,1939.9703369140625,1383.8740234375,25.125,0.0,82.6995849609375,0.0,0
228,0,1936.6318359375,1383.8743896484375,25.125,0.0,82.6995849609375,0.0,0
229,0,1936.3707275390625,1383.8741455078125,25.125,0.0,99.5965576171875,0.0,0
230,0,1935.2611083984375,1383.8743896484375,25.125,0.0,99.5965576171875,0.0,0
231,0,1935.249755859375,1383.8740234375,25.125,0.0,82.6995849609375,0.0,0
232,0,1936.07666015625,1383.8740234375,25.125,0.0,82.6995849609375,0.0,0
233,0,1939.34228515625,1383.8741455078125,25.125,0.0,65.8026123046875,0.0,0
234,0,1964.605712890625,1374.339599609375,25.125,0.0,65.8026123046875,0.0,0
235,0,1983.8748779296875,1383.873046875,25.125,0.0,65.8026123046875,0.0,0
236,0,1983.875,1383.8741455078125,25.125,0.0,65.8026123046875,0.0,0
237,0,1983.875,1383.8743896484375,25.125,0.0,65.8026123046875,0.0,0
238,0,1983.875,1383.8741455078125,25.125,0.0,65.8026123046875,0.0,0
239,0,1983.875,1383.8741455078125,25.125,0.0,65.8026123046875,0.0,0
240,0,1983.875,1383.8741455078125,25.125,0.0,65.8026123046875,0.0,0
241,0,1983.875,1383.8741455078125,25.125,0.0,65.8026123046875,0.0,0
242,0,1983.875,1383.87451171875,25.125,0.0,48.9111328125,0.0,0
243,0,1983.875,1383.874267578125,25.125,0.0,48.9111328125,0.0,0
244,0,1983.875,1383.8743896484375,25.125,0.0,65.8026123046875,0.0,0
245,0,1983.8741455078125,1375.830078125,25.125,0.0,65.8026123046875,0.0,0
246,0,1983.875,1383.8743896484375,25.125,0.0,82.6995849609375,0.0,0
247,0,1983.8740234375,1383.0096435546875,25.125,0.0,82.6995849609375,0.0,0
248,0,1983.875,1383.8740234375,25.125,0.0,82.6995849609375,0.0,0
249,0,1983.8740234375,1383.00927734375,25.125,0.0,82.6995849609375,0.0,0
250,0,1983.8740234375,1382.182373046875,25.125,0.0,82.6995849609375,0.0,0
251,0,1983.8743896484375,1381.35546875,25.125,0.0,82.6995849609375,0.0,0
252,0,1983.8746337890625,1383.875,25.125,0.0,65.8026123046875,0.0,0
253,0,1983.8748779296875,1383.875,25.125,0.0,82.6995849609375,0.0,0
254,0,1983.4703369140625,1383.8741455078125,25.125,0.0,99.5965576171875,0.0,0
255,0,1983.875,1383.8748779296875,25.125,0.0,99.5965576171875,0.0,0
256,0,1983.86376953125,1383.8740234375,25.125,0.0,82.6995849609375,0.0,0
257,0,1983.8740234375,1383.047119140625,25.125,0.0,82.6995849609375,0.0,0
258,0,1983.8746337890625,1383.875,25.125,0.0,65.8026123046875,0.0,0
259,0,1983.8748779296875,1383.875,25.125,0.0,82.6995849609375,0.0,0
260,0,1983.8748779296875,1383.875,25.125,0.0,82.6995849609375,0.0,0
261,0,1960.038818359375,1383.8748779296875,25.125,0.0,82.6995849609375,0.0,0
262,0,1938.567626953125,1383.8743896484375,25.125,0.0,82.6995849609375,0.0,0
263,0,1937.5736083984375,1383.8741455078125,25.125,0.0,65.8026123046875,0.0,0
264,0,1946.26123046875,1383.8740234375,25.125,0.0,82.6995849609375,0.0,0
265,0,1953.5291748046875,1383.8740234375,25.125,0.0,82.6995849609375,0.0,0
266,0,1980.1134033203125,1380.879150390625,25.125,0.0,82.6995849609375,0.0,0
267,0,1983.875,1383.8743896484375,25.125,0.0,82.6995849609375,0.0,0
268,0,1983.4873046875,1383.8741455078125,25.125,0.0,99.5965576171875,0.0,0
269,0,1983.4603271484375,1383.8743896484375,25.125,0.0,82.6995849609375,0.0,0
270,0,1983.8746337890625,1383.875,25.125,0.0,65.8026123046875,0.0,0
271,0,1983.8746337890625,1383.875,25.125,0.0,48.9111328125,0.0,0
272,0,1983.8743896484375,1383.875,25.125,0.0,48.9111328125,0.0,0
273,0,1983.8743896484375,1383.875,25.125,0.0,48.9111328125,0.0,0
274,0,1983.874267578125,1383.875,25.125,0.0,32.01416015625,0.0,0
275,0,1983.8741455078125,1383.875,25.125,0.0,15.1171875,0.0,0
276,0,1983.87451171875,1383.875,25.125,0.0,32.01416015625,0.0,0
277,0,1983.87451171875,1363.6890869140625,25.125,0.0,32.01416015625,0.0,0
278,0,1983.8743896484375,1353.2310791015625,25.125,0.0,15.1171875,0.0,0
279,0,1983.8740234375,1354.0982666015625,25.125,0.0,-1.77978515625,0.0,0
280,0,1983.8743896484375,1353.8966064453125,25.125,0.0,-1.77978515625,0.0,0
281,0,1983.8740234375,1353.6856689453125,25.125,0.0,-1.77978515625,0.0,0
282,0,1983.268798828125,1330.8155517578125,25.125,0.0,-1.77978515625,0.0,0
283,0,1982.116943359375,1290.2625732421875,25.125,0.0,-1.77978515625,0.0,0
284,0,1983.8741455078125,1266.017333984375,25.125,0.0,15.1171875,0.0,0
285,0,1978.4627685546875,1280.4434814453125,25.125,0.0,15.1171875,0.0,0
286,0,1983.8741455078125,1306.744384765625,25.125,0.0,15.1171875,0.0,0
287,0,1983.8743896484375,1328.0257568359375,25.125,0.0,15.1171875,0.0,0
288,0,1977.87548828125,1363.72509765625,25.125,0.0,15.1171875,0.0,0
289,0,1983.875,1383.874755859375,25.125,0.0,15.1171875,0.0,0
290,0,1983.8740234375,1383.8463134765625,25.125,0.0,-1.77978515625,0.0,0
291,0,1983.8741455078125,1382.2891845703125,25.125,0.0,-18.6767578125,0.0,0
292,0,1983.8743896484375,1375.1878662109375,25.125,0.0,-18.6767578125,0.0,0
293,0,1976.3662109375,1346.7266845703125,25.125,0.0,-18.6767578125,0.0,0
294,0,1983.8743896484375,1316.6658935546875,25.125,0.0,-1.77978515625,0.0,0
295,0,1983.8740234375,1300.8839111328125,25.125,0.0,-1.77978515625,0.0,0
296,0,1983.8743896484375,1297.4622802734375,25.125,0.0,15.1171875,0.0,0
297,0,1983.874755859375,1274.8128662109375,25.125,0.0,15.1171875,0.0,0
298,0,1983.8748779296875,1233.4962158203125,25.125,0.0,15.1171875,0.0,0
299,0,1983.8748779296875,1190.7130126953125,25.125,0.0,15.1171875,0.0,0
300,0,1983.874267578125,1172.424560546875,25.125,0.0,32.01416015625,0.0,0
301,0,1983.8746337890625,1152.566162109375,25.125,0.0,32.01416015625,0.0,0
302,0,1983.8743896484375,1147.1673583984375,25.125,0.0,48.9111328125,0.0,0
303,0,1983.87451171875,1138.8446044921875,25.125,0.0,48.9111328125,0.0,0
304,0,1983.8743896484375,1144.5552978515625,25.125,0.0,48.9111328125,0.0,0
305,0,1966.36865234375,1172.6405029296875,25.125,0.0,48.9111328125,0.0,0
306,0,1967.169921875,1209.695556640625,25.125,0.0,32.01416015625,0.0,0
307,0,1983.874267578125,1243.8568115234375,25.125,0.0,32.01416015625,0.0,0
308,0,1983.87451171875,1244.698486328125,25.125,0.0,32.01416015625,0.0,0
309,0,1983.87451171875,1213.414306640625,25.125,0.0,32.01416015625,0.0,0
310,0,1983.874755859375,1168.628662109375,25.125,0.0,32.01416015625,0.0,0
311,0,1983.8743896484375,1153.5146484375,25.125,0.0,48.9111328125,0.0,0
312,0,1983.87451171875,1142.3740234375,25.125,0.0,48.9111328125,0.0,0
313,0,1983.8746337890625,1149.0234375,25.125,0.0,65.8026123046875,0.0,0
314,0,1983.8743896484375,1184.299072265625,25.125,0.0,48.9111328125,0.0,0
315,0,1983.8743896484375,1229.9573974609375,25.125,0.0,48.9111328125,0.0,0
316,0,1983.8743896484375,1278.0638427734375,25.125,0.0,48.9111328125,0.0,0
317,0,1983.8746337890625,1327.7733154296875,25.125,0.0,48.9111328125,0.0,0
318,0,1983.874755859375,1375.3555908203125,25.125,0.0,65.8026123046875,0.0,0
319,0,1983.8743896484375,1380.418701171875,25.125,0.0,65.8026123046875,0.0,0
320,0,1983.875,1383.8740234375,25.125,0.0,82.6995849609375,0.0,0
321,0,1983.8743896484375,1383.0849609375,25.125,0.0,82.6995849609375,0.0,0
322,0,1960.035888671875,1383.8748779296875,25.125,0.0,82.6995849609375,0.0,0
323,0,1919.2486572265625,1383.8748779296875,25.125,0.0,82.6995849609375,0.0,0
324,0,1916.3609619140625,1381.1470947265625,25.125,0.0,82.6995849609375,0.0,0
325,0,1928.7467041015625,1383.8741455078125,25.125,0.0,99.5965576171875,0.0,0
326,0,1928.5279541015625,1383.8743896484375,25.125,0.0,99.5965576171875,0.0,0
327,0,1952.2191162109375,1383.8748779296875,25.125,0.0,99.5965576171875,0.0,0
328,0,1983.8743896484375,1383.875,25.125,0.0,99.5965576171875,0.0,0
329,0,1983.8741455078125,1383.875,25.125,0.0,99.5965576171875,0.0,0
330,0,1983.8743896484375,1383.875,25.125,0.0,99.5965576171875,0.0,0
331,0,1982.7235107421875,1383.8741455078125,25.125,0.0,99.5965576171875,0.0,0
332,0,1982.7210693359375,1383.8740234375,25.125,0.0,82.6995849609375,0.0,0
333,0,1983.8740234375,1382.8958740234375,25.125,0.0,82.6995849609375,0.0,0
334,0,1983.875,1383.8741455078125,25.125,0.0,65.8026123046875,0.0,0
335,0,1983.875,1383.8743896484375,25.125,0.0,82.6995849609375,0.0,0
336,0,1983.875,1383.8741455078125,25.125,0.0,65.8026123046875,0.0,0
337,0,1983.875,1383.87451171875,25.125,0.0,48.9111328125,0.0,0
338,0,1983.874267578125,1368.6480712890625,25.125,0.0,48.9111328125,0.0,0
339,0,1983.874267578125,1368.5213623046875,25.125,0.0,32.01416015625,0.0,0
340,0,1983.87451171875,1356.9046630859375,25.125,0.0,32.01416015625,0.0,0
341,0,1983.8741455078125,1350.362548828125,25.125,0.0,15.1171875,0.0,0
342,0,1983.8743896484375,1351.606689453125,25.125,0.0,-1.77978515625,0.0,0
343,0,1983.8741455078125,1350.0294189453125,25.125,0.0,-18.6767578125,0.0,0
344,0,1976.4656982421875,1326.620361328125,25.125,0.0,-18.6767578125,0.0,0
345,0,1963.3330078125,1287.1468505859375,25.125,0.0,-18.6767578125,0.0,0
346,0,1977.2218017578125,1254.3045654296875,25.125,0.0,-18.6767578125,0.0,0
347,0,1983.8740234375,1230.3243408203125,25.125,0.0,-1.77978515625,0.0,0
348,0,1983.2144775390625,1195.9635009765625,25.125,0.0,-1.77978515625,0.0,0
349,0,1982.2900390625,1155.3328857421875,25.125,0.0,-1.77978515625,0.0,0
350,0,1983.8741455078125,1131.087646484375,25.125,0.0,15.1171875,0.0,0
351,0,1983.8743896484375,1127.744873046875,25.125,0.0,-1.77978515625,0.0,0
352,0,1983.1561279296875,1103.7437744140625,25.125,0.0,-1.77978515625,0.0,0
353,0,1981.891357421875,1063.1234130859375,25.125,0.0,-1.77978515625,0.0,0
354,0,1983.8741455078125,1038.6339111328125,25.125,0.0,15.1171875,0.0,0
355,0,1983.8748779296875,1008.2979736328125,25.125,0.0,15.1171875,0.0,0
356,0,1983.874267578125,990.4197387695312,25.125,0.0,32.01416015625,0.0,0
357,0,1983.8741455078125,998.2001953125,25.125,0.0,15.1171875,0.0,0
358,0,1983.8748779296875,982.8547973632812,25.125,0.0,15.1171875,0.0,0
359,0,1983.8748779296875,942.8544921875,25.125,0.0,15.1171875,0.0,0
360,0,1983.8748779296875,901.0517578125,25.125,0.0,15.1171875,0.0,0
361,0,1983.8741455078125,879.7963256835938,25.125,0.0,15.1171875,0.0,0
362,0,1983.8748779296875,852.0531005859375,25.125,0.0,15.1171875,0.0,0
363,0,1983.8748779296875,809.2886962890625,25.125,0.0,15.1171875,0.0,0
364,0,1983.8741455078125,788.0408935546875,25.125,0.0,15.1171875,0.0,0
365,0,1983.8740234375,786.6576538085938,25.125,0.0,-1.77978515625,0.0,0
366,0,1983.8741455078125,785.1005859375,25.125,0.0,-18.6767578125,0.0,0
367,0,1976.4656982421875,761.69140625,25.125,0.0,-18.6767578125,0.0,0
368,0,1963.6365966796875,723.129150390625,25.125,0.0,-18.6767578125,0.0,0
369,0,1950.80419921875,684.5679931640625,25.125,0.0,-18.6767578125,0.0,0
370,0,1937.668212890625,645.0960693359375,25.125,0.0,-18.6767578125,0.0,0
371,0,1950.0941162109375,609.7196655273438,25.125,0.0,-35.57373046875,0.0,0
372,0,1976.97021484375,577.47998046875,25.125,0.0,-52.4652099609375,0.0,0
373,0,1983.8743896484375,542.6609497070312,25.125,0.0,-52.4652099609375,0.0,0
374,0,1983.8743896484375,496.7002868652344,25.125,0.0,-52.4652099609375,0.0,0
375,0,1968.113525390625,453.3894958496094,25.125,0.0,-52.4652099609375,0.0,0
376,0,1964.5869140625,410.4259033203125,25.125,0.0,-69.3621826171875,0.0,0
377,0,1983.8741455078125,391.3104248046875,25.125,0.0,-69.3621826171875,0.0,0
378,0,1962.031982421875,380.1952819824219,25.125,0.0,-69.3621826171875,0.0,0
379,0,1950.3096923828125,348.6916809082031,25.125,0.0,-52.4652099609375,0.0,0
380,0,1967.22607421875,308.8626708984375,25.125,0.0,-35.57373046875,0.0,0
381,0,1983.8741455078125,275.8515930175781,25.125,0.0,-18.6767578125,0.0,0
382,0,1983.8740234375,252.21971130371094,25.125,0.0,-1.77978515625,0.0,0
383,0,1983.8740234375,239.5575408935547,25.125,0.0,-1.77978515625,0.0,0
384,0,1983.8740234375,235.82388305664062,25.125,0.0,-1.77978515625,0.0,0
385,0,1983.8743896484375,236.72947692871094,25.125,0.0,15.1171875,0.0,0
386,0,1983.8741455078125,240.88209533691406,25.125,0.0,15.1171875,0.0,0
387,0,1983.87451171875,251.75526428222656,25.125,0.0,32.01416015625,0.0,0
388,0,1983.874267578125,276.0865478515625,25.125,0.0,32.01416015625,0.0,0
389,0,1983.8743896484375,308.9829406738281,25.125,0.0,48.9111328125,0.0,0
390,0,1983.874267578125,349.9986877441406,25.125,0.0,32.01416015625,0.0,0
391,0,1983.87451171875,355.80853271484375,25.125,0.0,32.01416015625,0.0,0
392,0,1983.8746337890625,361.0011901855469,25.125,0.0,48.9111328125,0.0,0
393,0,1965.6995849609375,388.4473571777344,25.125,0.0,48.9111328125,0.0,0
394,0,1960.9600830078125,427.65380859375,25.125,0.0,65.8026123046875,0.0,0
395,0,1983.8721923828125,445.6156311035156,25.125,0.0,65.8026123046875,0.0,0
396,0,1983.8746337890625,465.7528076171875,25.125,0.0,48.9111328125,0.0,0
397,0,1983.874267578125,470.19305419921875,25.125,0.0,48.9111328125,0.0,0
398,0,1983.8743896484375,480.6002197265625,25.125,0.0,48.9111328125,0.0,0
399,0,1983.8743896484375,514.0281372070312,25.125,0.0,48.9111328125,0.0,0
400,0,1983.874267578125,554.6244506835938,25.125,0.0,32.01416015625,0.0,0
401,0,1983.8743896484375,590.6954345703125,25.125,0.0,15.1171875,0.0,0
402,0,1983.8740234375,614.9156494140625,25.125,0.0,-1.77978515625,0.0,0
403,0,1983.3585205078125,601.9855346679688,25.125,0.0,-1.77978515625,0.0,0
404,0,1983.8741455078125,578.1240844726562,25.125,0.0,-18.6767578125,0.0,0
405,0,1977.0506591796875,544.1370239257812,25.125,0.0,-18.6767578125,0.0,0
406,0,1983.8741455078125,510.1603698730469,25.125,0.0,-18.6767578125,0.0,0
407,0,1983.8741455078125,483.3964538574219,25.125,0.0,-18.6767578125,0.0,0
408,0,1976.7950439453125,445.736572265625,25.125,0.0,-18.6767578125,0.0,0
409,0,1983.8740234375,415.2513732910156,25.125,0.0,-1.77978515625,0.0,0
410,0,1983.24609375,378.5809631347656,25.125,0.0,-1.77978515625,0.0,0
411,0,1982.416259765625,336.9867248535156,25.125,0.0,-1.77978515625,0.0,0
412,0,1981.6065673828125,296.3523254394531,25.125,0.0,-1.77978515625,0.0,0
413,0,1980.7767333984375,254.75808715820312,25.125,0.0,-1.77978515625,0.0,0
414,0,1979.967041015625,214.12364196777344,25.125,0.0,-1.77978515625,0.0,0
415,0,1983.8741455078125,189.8173828125,25.125,0.0,15.1171875,0.0,0
416,0,1983.874755859375,158.94236755371094,25.125,0.0,15.1171875,0.0,0
417,0,1983.8748779296875,117.14093017578125,25.125,0.0,15.1171875,0.0,0
418,0,1983.8741455078125,118.95501708984375,25.125,0.0,15.1171875,0.0,0
419,0,1977.7435302734375,143.81631469726562,25.125,0.0,15.1171875,0.0,0
420,0,1977.6114501953125,144.7391357421875,25.125,0.0,15.1171875,0.0,0
421,0,1983.8743896484375,138.16651916503906,25.125,0.0,15.1171875,0.0,0
422,0,1983.874755859375,116.12586975097656,25.125,0.0,15.1171875,0.0,0
423,0,1983.874755859375,116.125,25.125,0.0,15.1171875,0.0,0
424,0,1983.8740234375,116.83440399169922,25.125,0.0,-1.77978515625,0.0,0
425,0,1983.8740234375,116.63236999511719,25.125,0.0,-1.77978515625,0.0,0
426,0,1983.67236328125,116.12562561035156,25.125,0.0,-1.77978515625,0.0,0
427,0,1983.46142578125,116.12592315673828,25.125,0.0,-1.77978515625,0.0,0
428,0,1983.259765625,116.12562561035156,25.125,0.0,-1.77978515625,0.0,0
429,0,1983.875,116.12503051757812,25.125,0.0,-1.77978515625,0.0,0
430,0,1983.6732177734375,116.12562561035156,25.125,0.0,-1.77978515625,0.0,0
431,0,1983.8740234375,116.125,25.125,0.0,-1.77978515625,0.0,0
432,0,1983.8740234375,116.125,25.125,0.0,-1.77978515625,0.0,0
433,0,1983.8743896484375,116.125,25.125,0.0,-1.77978515625,0.0,0
434,0,1983.8741455078125,116.125,25.125,0.0,-18.6767578125,0.0,0
435,0,1978.8011474609375,116.12559509277344,25.125,0.0,-18.6767578125,0.0,0
436,0,1983.8740234375,116.125,25.125,0.0,-1.77978515625,0.0,0
437,0,1983.8743896484375,116.125,25.125,0.0,-1.77978515625,0.0,0
438,0,1983.6634521484375,116.12592315673828,25.125,0.0,-1.77978515625,0.0,0
439,0,1983.4617919921875,116.12592315673828,25.125,0.0,-1.77978515625,0.0,0
440,0,1983.8741455078125,117.06754302978516,25.125,0.0,15.1171875,0.0,0
441,0,1983.875,116.12589263916016,25.125,0.0,15.1171875,0.0,0
442,0,1983.8743896484375,116.85724639892578,25.125,0.0,-1.77978515625,0.0,0
443,0,1983.8741455078125,116.125,25.125,0.0,-18.6767578125,0.0,0
444,0,1983.8743896484375,116.125,25.125,0.0,-18.6767578125,0.0,0
445,0,1983.8740234375,116.125,25.125,0.0,-1.77978515625,0.0,0
446,0,1983.6722412109375,116.12562561035156,25.125,0.0,-1.77978515625,0.0,0
447,0,1983.8740234375,116.125,25.125,0.0,-1.77978515625,0.0,0
448,0,1983.6722412109375,116.12592315673828,25.125,0.0,-1.77978515625,0.0,0
449,0,1983.8741455078125,116.125,25.125,0.0,-18.6767578125,0.0,0
450,0,1983.8740234375,116.125,25.125,0.0,-1.77978515625,0.0,0
451,0,1983.8743896484375,116.125,25.125,0.0,-18.6767578125,0.0,0
452,0,1978.8056640625,116.1258773803711,25.125,0.0,-18.6767578125,0.0,0
453,0,1967.0220947265625,116.12559509277344,25.125,0.0,-18.6767578125,0.0,0
454,0,1979.8433837890625,116.12529754638672,25.125,0.0,-18.6767578125,0.0,0
455,0,1983.874755859375,138.18028259277344,25.125,0.0,-18.6767578125,0.0,0
456,0,1976.4229736328125,138.1971893310547,25.125,0.0,-18.6767578125,0.0,0
457,0,1983.8740234375,120.24497985839844,25.125,0.0,-1.77978515625,0.0,0
458,0,1983.6373291015625,116.12592315673828,25.125,0.0,-1.77978515625,0.0,0
459,0,1983.4356689453125,116.12592315673828,25.125,0.0,-1.77978515625,0.0,0
460,0,1983.8743896484375,116.125,25.125,0.0,-18.6767578125,0.0,0
461,0,1983.874267578125,116.125,25.125,0.0,-35.57373046875,0.0,0
462,0,1983.8746337890625,116.125,25.125,0.0,-52.4652099609375,0.0,0
463,0,1965.1351318359375,116.12556457519531,25.125,0.0,-52.4652099609375,0.0,0
464,0,1964.3370361328125,130.33328247070312,25.125,0.0,-52.4652099609375,0.0,0
465,0,1983.874267578125,128.09909057617188,25.125,0.0,-35.57373046875,0.0,0
466,0,1983.875,116.12529754638672,25.125,0.0,-18.6767578125,0.0,0
467,0,1983.875,116.1253662109375,25.125,0.0,-35.57373046875,0.0,0
468,0,1983.875,116.12529754638672,25.125,0.0,-18.6767578125,0.0,0
469,0,1983.875,116.1250228881836,25.125,0.0,-1.77978515625,0.0,0
470,0,1983.6640625,116.12592315673828,25.125,0.0,-1.77978515625,0.0,0
471,0,1983.8743896484375,116.125,25.125,0.0,-1.77978515625,0.0,0
472,0,1983.8741455078125,117.06660461425781,25.125,0.0,15.1171875,0.0,0
473,0,1983.875,116.12589263916016,25.125,0.0,15.1171875,0.0,0
474,0,1983.875,116.12589263916016,25.125,0.0,15.1171875,0.0,0
475,0,1983.875,116.12589263916016,25.125,0.0,15.1171875,0.0,0
476,0,1983.8743896484375,119.49211883544922,25.125,0.0,15.1171875,0.0,0
477,0,1983.875,116.12589263916016,25.125,0.0,15.1171875,0.0,0
478,0,1977.757568359375,138.44192504882812,25.125,0.0,15.1171875,0.0,0
479,0,1977.7520751953125,138.07974243164062,25.125,0.0,15.1171875,0.0,0
480,0,1983.875,116.12560272216797,25.125,0.0,15.1171875,0.0,0
481,0,1983.8740234375,116.86946868896484,25.125,0.0,-1.77978515625,0.0,0
482,0,1983.6590576171875,116.12592315673828,25.125,0.0,-1.77978515625,0.0,0
483,0,1983.875,140.06500244140625,25.125,0.0,-1.77978515625,0.0,0
484,0,1983.2928466796875,140.9940185546875,25.125,0.0,-1.77978515625,0.0,0
485,0,1982.2738037109375,116.12562561035156,25.125,0.0,-1.77978515625,0.0,0
486,0,1983.8740234375,116.125,25.125,0.0,-1.77978515625,0.0,0
487,0,1983.67236328125,116.12562561035156,25.125,0.0,-1.77978515625,0.0,0
488,0,1983.8741455078125,116.125,25.125,0.0,-18.6767578125,0.0,0
489,0,1983.8740234375,116.125,25.125,0.0,-1.77978515625,0.0,0
490,0,1983.8741455078125,117.05391693115234,25.125,0.0,15.1171875,0.0,0
491,0,1983.875,116.12589263916016,25.125,0.0,15.1171875,0.0,0
492,0,1983.875,116.12560272216797,25.125,0.0,15.1171875,0.0,0
493,0,1983.875,116.12589263916016,25.125,0.0,15.1171875,0.0,0
494,0,1983.8743896484375,116.85724639892578,25.125,0.0,-1.77978515625,0.0,0
495,0,1983.8740234375,116.64596557617188,25.125,0.0,-1.77978515625,0.0,0
496,0,1983.6722412109375,116.12562561035156,25.125,0.0,-1.77978515625,0.0,0
497,0,1983.4613037109375,116.12592315673828,25.125,0.0,-1.77978515625,0.0,0
498,0,1983.8741455078125,116.125,25.125,0.0,-18.6767578125,0.0,0
499,0,1983.8741455078125,116.125,25.125,0.0,-18.6767578125,0.0,0
500,0,1983.874267578125,116.125,25.125,0.0,-35.57373046875,0.0,0
501,0,1971.3170166015625,116.1255111694336,25.125,0.0,-35.57373046875,0.0,0
502,0,1975.8173828125,116.125732421875,25.125,0.0,-52.4652099609375,0.0,0
503,0,1983.874755859375,116.125,25.125,0.0,-69.3621826171875,0.0,0
504,0,1983.875,116.125,25.125,0.0,-86.2591552734375,0.0,0
505,0,1983.1783447265625,116.1256103515625,25.125,0.0,-103.1561279296875,0.0,0
506,0,1980.435546875,116.12590026855469,25.125,0.0,-103.1561279296875,0.0,0
507,0,1975.720458984375,116.12590026855469,25.125,0.0,-103.1561279296875,0.0,0
508,0,1949.8193359375,121.41755676269531,25.125,0.0,-103.1561279296875,0.0,0
509,0,1919.268798828125,116.12590026855469,25.125,0.0,-103.1561279296875,0.0,0
510,0,1881.8157958984375,120.8857192993164,25.125,0.0,-103.1561279296875,0.0,0
511,0,1846.632080078125,116.12580108642578,25.125,0.0,-120.0531005859375,0.0,0
512,0,1815.9888916015625,116.1256103515625,25.125,0.0,-103.1561279296875,0.0,0
513,0,1795.4652099609375,116.12592315673828,25.125,0.0,-86.2591552734375,0.0,0
514,0,1763.419921875,116.12503814697266,25.125,0.0,-86.2591552734375,0.0,0
515,0,1741.0838623046875,116.12586212158203,25.125,0.0,-69.3621826171875,0.0,0
516,0,1757.7015380859375,123.6641845703125,25.125,0.0,-69.3621826171875,0.0,0
517,0,1789.158935546875,116.12549591064453,25.125,0.0,-52.4652099609375,0.0,0
518,0,1825.269775390625,116.125732421875,25.125,0.0,-52.4652099609375,0.0,0
519,0,1831.046875,116.12538146972656,25.125,0.0,-52.4652099609375,0.0,0
520,0,1803.1807861328125,116.12556457519531,25.125,0.0,-52.4652099609375,0.0,0
521,0,1796.6865234375,116.1253662109375,25.125,0.0,-35.57373046875,0.0,0
522,0,1790.1451416015625,116.1257553100586,25.125,0.0,-35.57373046875,0.0,0
523,0,1793.166259765625,135.0617218017578,25.125,0.0,-35.57373046875,0.0,0
524,0,1822.572265625,140.9378204345703,25.125,0.0,-35.57373046875,0.0,0
525,0,1861.204345703125,127.4893569946289,25.125,0.0,-18.6767578125,0.0,0
526,0,1900.452880859375,116.12559509277344,25.125,0.0,-1.77978515625,0.0,0
527,0,1941.3302001953125,117.46060180664062,25.125,0.0,15.1171875,0.0,0
528,0,1981.825439453125,123.3894271850586,25.125,0.0,15.1171875,0.0,0
529,0,1983.875,116.12589263916016,25.125,0.0,15.1171875,0.0,0
530,0,1983.875,116.12560272216797,25.125,0.0,15.1171875,0.0,0
531,0,1983.8740234375,116.86946868896484,25.125,0.0,-1.77978515625,0.0,0
532,0,1983.8740234375,116.66743469238281,25.125,0.0,-1.77978515625,0.0,0
533,0,1983.8741455078125,116.125,25.125,0.0,-18.6767578125,0.0,0
534,0,1983.8740234375,116.125,25.125,0.0,-1.77978515625,0.0,0
535,0,1983.67236328125,116.12562561035156,25.125,0.0,-1.77978515625,0.0,0
536,0,1983.8741455078125,117.06724548339844,25.125,0.0,15.1171875,0.0,0
537,0,1983.875,116.12560272216797,25.125,0.0,15.1171875,0.0,0
538,0,1983.875,116.12589263916016,25.125,0.0,15.1171875,0.0,0
539,0,1983.875,116.12589263916016,25.125,0.0,15.1171875,0.0,0
540,0,1983.875,116.12589263916016,25.125,0.0,15.1171875,0.0,0
541,0,1983.875,116.12589263916016,25.125,0.0,15.1171875,0.0,0
542,0,1983.875,116.12560272216797,25.125,0.0,15.1171875,0.0,0
543,0,1983.875,116.12589263916016,25.125,0.0,15.1171875,0.0,0
544,0,1977.757568359375,138.44192504882812,25.125,0.0,15.1171875,0.0,0
545,0,1983.874267578125,171.4449005126953,25.125,0.0,32.01416015625,0.0,0
546,0,1983.8746337890625,173.13433837890625,25.125,0.0,32.01416015625,0.0,0
547,0,1983.87451171875,141.93545532226562,25.125,0.0,32.01416015625,0.0,0
548,0,1983.875,116.12578582763672,25.125,0.0,32.01416015625,0.0,0
549,0,1983.875,116.12578582763672,25.125,0.0,32.01416015625,0.0,0
550,0,1971.7752685546875,135.49522399902344,25.125,0.0,32.01416015625,0.0,0
551,0,1971.6104736328125,135.71766662597656,25.125,0.0,32.01416015625,0.0,0
552,0,1983.875,116.12578582763672,25.125,0.0,32.01416015625,0.0,0
553,0,1983.875,116.12553405761719,25.125,0.0,32.01416015625,0.0,0
554,0,1983.875,116.12578582763672,25.125,0.0,32.01416015625,0.0,0
555,0,1972.2724609375,134.7007598876953,25.125,0.0,32.01416015625,0.0,0
556,0,1972.67919921875,134.00552368164062,25.125,0.0,32.01416015625,0.0,0
557,0,1983.87451171875,116.125,25.125,0.0,32.01416015625,0.0,0
558,0,1983.874267578125,127.7994155883789,25.125,0.0,32.01416015625,0.0,0
559,0,1983.874267578125,152.4493408203125,25.125,0.0,32.01416015625,0.0,0
560,0,1983.8746337890625,151.24490356445312,25.125,0.0,32.01416015625,0.0,0
561,0,1983.87451171875,118.69525146484375,25.125,0.0,32.01416015625,0.0,0
562,0,1983.87451171875,124.69684600830078,25.125,0.0,32.01416015625,0.0,0
563,0,1983.874755859375,116.12638092041016,25.125,0.0,32.01416015625,0.0,0
564,0,1983.8741455078125,123.90685272216797,25.125,0.0,15.1171875,0.0,0
565,0,1983.8741455078125,136.97113037109375,25.125,0.0,15.1171875,0.0,0
566,0,1983.874755859375,123.89469909667969,25.125,0.0,15.1171875,0.0,0
567,0,1983.87451171875,118.77330780029297,25.125,0.0,32.01416015625,0.0,0
568,0,1983.8741455078125,134.04307556152344,25.125,0.0,15.1171875,0.0,0
569,0,1983.87451171875,154.19296264648438,25.125,0.0,32.01416015625,0.0,0
570,0,1983.8743896484375,185.48863220214844,25.125,0.0,48.9111328125,0.0,0
571,0,1983.87451171875,193.61183166503906,25.125,0.0,48.9111328125,0.0,0
572,0,1983.874267578125,172.9568328857422,25.125,0.0,48.9111328125,0.0,0
573,0,1983.874267578125,139.30099487304688,25.125,0.0,48.9111328125,0.0,0
574,0,1983.875,116.1256103515625,25.125,0.0,48.9111328125,0.0,0
575,0,1983.8746337890625,134.71633911132812,25.125,0.0,65.8026123046875,0.0,0
576,0,1983.8743896484375,145.16273498535156,25.125,0.0,65.8026123046875,0.0,0
577,0,1983.8748779296875,167.1767578125,25.125,0.0,82.6995849609375,0.0,0
578,0,1983.8743896484375,187.55361938476562,25.125,0.0,82.6995849609375,0.0,0
579,0,1959.655029296875,198.19308471679688,25.125,0.0,82.6995849609375,0.0,0
580,0,1958.2320556640625,201.31932067871094,25.125,0.0,82.6995849609375,0.0,0
581,0,1971.2197265625,225.07899475097656,25.125,0.0,99.5965576171875,0.0,0
582,0,1983.8741455078125,253.44796752929688,25.125,0.0,99.5965576171875,0.0,0
583,0,1980.2528076171875,289.85821533203125,25.125,0.0,99.5965576171875,0.0,0
584,0,1983.8741455078125,320.2582092285156,25.125,0.0,99.5965576171875,0.0,0
585,0,1977.6983642578125,357.1641540527344,25.125,0.0,116.4935302734375,0.0,0
586,0,1949.041259765625,372.8583679199219,25.125,0.0,116.4935302734375,0.0,0
587,0,1912.3402099609375,390.9680480957031,25.125,0.0,133.3905029296875,0.0,0
588,0,1907.44287109375,423.413818359375,25.125,0.0,133.3905029296875,0.0,0
589,0,1928.6024169921875,459.50640869140625,25.125,0.0,133.3905029296875,0.0,0
590,0,1955.114013671875,492.0178527832031,25.125,0.0,133.3905029296875,0.0,0
591,0,1982.972900390625,521.7066040039062,25.125,0.0,133.3905029296875,0.0,0
592,0,1983.87451171875,555.57177734375,25.125,0.0,133.3905029296875,0.0,0
593,0,1983.874267578125,596.4208984375,25.125,0.0,133.3905029296875,0.0,0
594,0,1983.87451171875,640.4307861328125,25.125,0.0,133.3905029296875,0.0,0
595,0,1983.8743896484375,686.9017944335938,25.125,0.0,133.3905029296875,0.0,0
596,0,1966.83447265625,700.7564697265625,25.125,0.0,133.3905029296875,0.0,0
597,0,1934.533203125,717.1393432617188,25.125,0.0,116.4935302734375,0.0,0
598,0,1934.303466796875,746.8208618164062,25.125,0.0,116.4935302734375,0.0,0
599,0,1964.9161376953125,775.4778442382812,25.125,0.0,116.4935302734375,0.0,0
600,0,1975.8594970703125,812.8604736328125,25.125,0.0,116.4935302734375,0.0,0
601,0,1968.361083984375,854.5316162109375,25.125,0.0,116.4935302734375,0.0,0
602,0,1952.8614501953125,893.3971557617188,25.125,0.0,133.3905029296875,0.0,0
603,0,1957.0606689453125,933.8807983398438,25.125,0.0,133.3905029296875,0.0,0
604,0,1952.255615234375,978.0607299804688,25.125,0.0,133.3905029296875,0.0,0
605,0,1958.753662109375,1020.9255981445312,25.125,0.0,133.3905029296875,0.0,0
606,0,1953.8743896484375,1065.17919921875,25.125,0.0,133.3905029296875,0.0,0
607,0,1934.489501953125,1102.778564453125,25.125,0.0,133.3905029296875,0.0,0
608,0,1909.8021240234375,1136.686767578125,25.125,0.0,133.3905029296875,0.0,0
609,0,1883.5177001953125,1167.7640380859375,25.125,0.0,133.3905029296875,0.0,0
610,0,1882.964111328125,1183.87451171875,25.125,0.0,133.3905029296875,0.0,0
611,0,1874.513427734375,1167.455078125,25.125,0.0,133.3905029296875,0.0,0
612,0,1847.9749755859375,1138.768310546875,25.125,0.0,133.3905029296875,0.0,0
613,0,1818.333984375,1116.1256103515625,25.125,0.0,133.3905029296875,0.0,0
614,0,1781.0655517578125,1116.1256103515625,25.125,0.0,133.3905029296875,0.0,0
615,0,1739.095458984375,1102.141845703125,25.125,0.0,133.3905029296875,0.0,0
616,0,1704.0057373046875,1080.101806640625,25.125,0.0,133.3905029296875,0.0,0
617,0,1671.9320068359375,1054.87158203125,25.125,0.0,133.3905029296875,0.0,0
618,0,1640.5338134765625,1027.529296875,25.125,0.0,133.3905029296875,0.0,0
619,0,1610.530029296875,1000.1091918945312,25.125,0.0,133.3905029296875,0.0,0
620,0,1579.884033203125,971.9708862304688,25.125,0.0,133.3905029296875,0.0,0
621,0,1550.650634765625,945.1332397460938,25.125,0.0,133.3905029296875,0.0,0
622,0,1520.004638671875,916.9949340820312,25.125,0.0,133.3905029296875,0.0,0
623,0,1526.615234375,915.3015747070312,25.125,0.0,133.3905029296875,0.0,0
624,0,1556.995849609375,939.2848510742188,25.125,0.0,133.3905029296875,0.0,0
625,0,1560.242919921875,940.5850830078125,25.125,0.0,133.3905029296875,0.0,0
626,0,1535.5396728515625,948.9539794921875,25.125,0.0,133.3905029296875,0.0,0
627,0,1502.974365234375,975.3289184570312,25.125,0.0,133.3905029296875,0.0,0
628,0,1466.06982421875,976.8428344726562,25.125,0.0,133.3905029296875,0.0,0
629,0,1424.8414306640625,987.5635375976562,25.125,0.0,116.4935302734375,0.0,0
630,0,1416.125244140625,1021.42822265625,25.125,0.0,116.4935302734375,0.0,0
631,0,1416.125244140625,1066.74853515625,25.125,0.0,116.4935302734375,0.0,0
632,0,1416.1251220703125,1109.0311279296875,25.125,0.0,99.5965576171875,0.0,0
633,0,1412.6424560546875,1151.74072265625,25.125,0.0,116.4935302734375,0.0,0
634,0,1401.1187744140625,1183.8741455078125,25.125,0.0,116.4935302734375,0.0,0
635,0,1412.89990234375,1183.874755859375,25.125,0.0,116.4935302734375,0.0,0
636,0,1422.1982421875,1183.8741455078125,25.125,0.0,99.5965576171875,0.0,0
637,0,1421.088623046875,1183.8743896484375,25.125,0.0,99.5965576171875,0.0,0
638,0,1419.937744140625,1183.8741455078125,25.125,0.0,99.5965576171875,0.0,0
639,0,1418.828125,1183.8741455078125,25.125,0.0,99.5965576171875,0.0,0
640,0,1441.6234130859375,1183.8748779296875,25.125,0.0,99.5965576171875,0.0,0
641,0,1461.63623046875,1183.8741455078125,25.125,0.0,99.5965576171875,0.0,0
642,0,1463.3914794921875,1183.8743896484375,25.125,0.0,99.5965576171875,0.0,0
643,0,1462.2406005859375,1183.8741455078125,25.125,0.0,99.5965576171875,0.0,0
644,0,1461.1309814453125,1183.8743896484375,25.125,0.0,99.5965576171875,0.0,0
645,0,1459.9801025390625,1183.8741455078125,25.125,0.0,99.5965576171875,0.0,0
646,0,1482.4140625,1183.8748779296875,25.125,0.0,99.5965576171875,0.0,0
647,0,1502.3892822265625,1183.8741455078125,25.125,0.0,99.5965576171875,0.0,0
648,0,1505.564697265625,1183.8740234375,25.125,0.0,82.6995849609375,0.0,0
649,0,1508.681640625,1183.8741455078125,25.125,0.0,65.8026123046875,0.0,0
650,0,1518.279296875,1186.075439453125,25.125,0.0,82.6995849609375,0.0,0
651,0,1524.879638671875,1217.0980224609375,25.125,0.0,99.5965576171875,0.0,0
652,0,1521.997314453125,1260.0166015625,25.125,0.0,116.4935302734375,0.0,0
653,0,1516.12548828125,1301.4825439453125,25.125,0.0,133.3905029296875,0.0,0
654,0,1506.8360595703125,1345.4376220703125,25.125,0.0,150.281982421875,0.0,0
655,0,1476.0860595703125,1378.784423828125,25.125,0.0,167.178955078125,0.0,0
656,0,1435.7650146484375,1398.305908203125,25.125,0.0,-175.924072265625,0.0,0
657,0,1416.1259765625,1404.7237548828125,25.125,0.0,-175.924072265625,0.0,0
658,0,1416.1256103515625,1404.260986328125,25.125,0.0,-175.924072265625,0.0,0
659,0,1416.1259765625,1403.7984619140625,25.125,0.0,-175.924072265625,0.0,0
660,0,1416.1256103515625,1403.335693359375,25.125,0.0,-175.924072265625,0.0,0
661,0,1416.1259765625,1402.8519287109375,25.125,0.0,-175.924072265625,0.0,0
662,0,1416.1256103515625,1402.38916015625,25.125,0.0,-175.924072265625,0.0,0
663,0,1416.1258544921875,1403.0301513671875,25.125,0.0,167.178955078125,0.0,0
664,0,1416.1258544921875,1405.6759033203125,25.125,0.0,167.178955078125,0.0,0
665,0,1416.1258544921875,1410.459716796875,25.125,0.0,167.178955078125,0.0,0
666,0,1416.1258544921875,1417.1695556640625,25.125,0.0,167.178955078125,0.0,0
667,0,1416.1256103515625,1425.8931884765625,25.125,0.0,167.178955078125,0.0,0
668,0,1416.1258544921875,1436.6552734375,25.125,0.0,167.178955078125,0.0,0
669,0,1416.1256103515625,1449.41259765625,25.125,0.0,167.178955078125,0.0,0
670,0,1416.1259765625,1460.3084716796875,25.125,0.0,-175.924072265625,0.0,0
671,0,1416.1256103515625,1459.4197998046875,25.125,0.0,-159.027099609375,0.0,0
672,0,1416.1258544921875,1449.7314453125,25.125,0.0,-159.027099609375,0.0,0
673,0,1416.1258544921875,1432.6861572265625,25.125,0.0,-159.027099609375,0.0,0
674,0,1416.1258544921875,1411.252685546875,25.125,0.0,-159.027099609375,0.0,0
675,0,1416.1258544921875,1388.4693603515625,25.125,0.0,-159.027099609375,0.0,0
676,0,1403.5291748046875,1362.1646728515625,25.125,0.0,-142.130126953125,0.0,0
677,0,1374.5460205078125,1333.232666015625,25.125,0.0,-142.130126953125,0.0,0
678,0,1343.8409423828125,1306.514892578125,25.125,0.0,-142.130126953125,0.0,0
679,0,1315.2628173828125,1281.353759765625,25.125,0.0,-159.027099609375,0.0,0
680,0,1302.6287841796875,1283.8743896484375,25.125,0.0,-159.027099609375,0.0,0
681,0,1270.6304931640625,1272.5416259765625,25.125,0.0,-142.130126953125,0.0,0
682,0,1235.465087890625,1249.76025390625,25.125,0.0,-125.233154296875,0.0,0
683,0,1204.138427734375,1221.9853515625,25.125,0.0,-142.130126953125,0.0,0
684,0,1171.49853515625,1196.8812255859375,25.125,0.0,-159.027099609375,0.0,0
685,0,1133.9052734375,1178.25927734375,25.125,0.0,-175.924072265625,0.0,0
686,0,1116.1258544921875,1170.4473876953125,25.125,0.0,167.178955078125,0.0,0
687,0,1116.12548828125,1175.86865234375,25.125,0.0,150.281982421875,0.0,0
688,0,1116.1258544921875,1195.076171875,25.125,0.0,150.281982421875,0.0,0
689,0,1115.223876953125,1219.2786865234375,25.125,0.0,167.178955078125,0.0,0
690,0,1087.1744384765625,1239.6695556640625,25.125,0.0,167.178955078125,0.0,0
691,0,1047.299072265625,1252.8212890625,25.125,0.0,-175.924072265625,0.0,0
692,0,1006.2110595703125,1257.6632080078125,25.125,0.0,-175.924072265625,0.0,0
693,0,964.4664916992188,1258.21142578125,25.125,0.0,-175.924072265625,0.0,0
694,0,923.8247680664062,1256.7900390625,25.125,0.0,-175.924072265625,0.0,0
695,0,882.2839965820312,1254.47900390625,25.125,0.0,-175.924072265625,0.0,0
696,0,842.3196411132812,1253.7767333984375,25.125,0.0,167.178955078125,0.0,0
697,0,800.6116943359375,1257.9764404296875,25.125,0.0,167.178955078125,0.0,0
698,0,760.4602661132812,1264.6893310546875,25.125,0.0,167.178955078125,0.0,0
699,0,719.6438598632812,1272.8065185546875,25.125,0.0,167.178955078125,0.0,0
700,0,716.1257934570312,1285.4339599609375,25.125,0.0,150.281982421875,0.0,0
701,0,716.1255493164062,1308.6002197265625,25.125,0.0,150.281982421875,0.0,0
702,0,716.1257934570312,1338.238525390625,25.125,0.0,150.281982421875,0.0,0
703,0,716.1254272460938,1372.343017578125,25.125,0.0,133.3905029296875,0.0,0
704,0,716.1256103515625,1415.1492919921875,25.125,0.0,133.3905029296875,0.0,0
705,0,703.7003173828125,1456.76025390625,25.125,0.0,133.3905029296875,0.0,0
706,0,681.799560546875,1493.3026123046875,25.125,0.0,133.3905029296875,0.0,0
707,0,654.7218627929688,1524.8126220703125,25.125,0.0,150.281982421875,0.0,0
708,0,623.51806640625,1552.638916015625,25.125,0.0,133.3905029296875,0.0,0
709,0,594.0584106445312,1580.7144775390625,25.125,0.0,133.3905029296875,0.0,0
710,0,565.4689331054688,1609.6124267578125,25.125,0.0,133.3905029296875,0.0,0
711,0,536.5841674804688,1639.552734375,25.125,0.0,133.3905029296875,0.0,0
712,0,516.1254272460938,1669.472412109375,25.125,0.0,133.3905029296875,0.0,0
713,0,516.1256103515625,1708.962890625,25.125,0.0,133.3905029296875,0.0,0
714,0,507.3662414550781,1751.9779052734375,25.125,0.0,133.3905029296875,0.0,0
715,0,489.261962890625,1789.048095703125,25.125,0.0,116.4935302734375,0.0,0
716,0,470.63214111328125,1825.1710205078125,25.125,0.0,116.4935302734375,0.0,0
717,0,453.6692199707031,1862.50146484375,25.125,0.0,99.5965576171875,0.0,0
718,0,439.66845703125,1901.82666015625,25.125,0.0,116.4935302734375,0.0,0
719,0,424.0677490234375,1939.459228515625,25.125,0.0,116.4935302734375,0.0,0
720,0,408.3604431152344,1978.2220458984375,25.125,0.0,99.5965576171875,0.0,0
721,0,399.438720703125,1983.8743896484375,25.125,0.0,82.6995849609375,0.0,0
722,0,402.40771484375,1983.8741455078125,25.125,0.0,65.8026123046875,0.0,0
723,0,412.1112060546875,1983.8740234375,25.125,0.0,82.6995849609375,0.0,0
724,0,420.4130859375,1983.8740234375,25.125,0.0,82.6995849609375,0.0,0
725,0,429.2201843261719,1983.8741455078125,25.125,0.0,65.8026123046875,0.0,0
726,0,446.713623046875,1983.8743896484375,25.125,0.0,65.8026123046875,0.0,0
727,0,470.47662353515625,1983.8741455078125,25.125,0.0,65.8026123046875,0.0,0
728,0,498.82550048828125,1983.87451171875,25.125,0.0,48.9111328125,0.0,0
729,0,536.2936401367188,1983.874267578125,25.125,0.0,48.9111328125,0.0,0
730,0,576.7817993164062,1970.9312744140625,25.125,0.0,48.9111328125,0.0,0
731,0,613.163818359375,1949.3572998046875,25.125,0.0,48.9111328125,0.0,0
732,0,650.868896484375,1952.0443115234375,25.125,0.0,48.9111328125,0.0,0
733,0,686.6395263671875,1974.773193359375,25.125,0.0,48.9111328125,0.0,0
734,0,720.2827758789062,1983.874267578125,25.125,0.0,48.9111328125,0.0,0
735,0,759.5840454101562,1983.87451171875,25.125,0.0,48.9111328125,0.0,0
736,0,800.3060913085938,1983.8741455078125,25.125,0.0,65.8026123046875,0.0,0
737,0,836.8607177734375,1983.87451171875,25.125,0.0,48.9111328125,0.0,0
738,0,877.6774291992188,1970.213623046875,25.125,0.0,48.9111328125,0.0,0
739,0,915.3441772460938,1977.6614990234375,25.125,0.0,65.8026123046875,0.0,0
740,0,958.600830078125,1982.0079345703125,25.125,0.0,65.8026123046875,0.0,0
741,0,992.7761840820312,1983.8740234375,25.125,0.0,82.6995849609375,0.0,0
742,0,1031.131591796875,1981.2447509765625,25.125,0.0,82.6995849609375,0.0,0
743,0,1057.5810546875,1983.8741455078125,25.125,0.0,99.5965576171875,0.0,0
744,0,1090.8021240234375,1983.8748779296875,25.125,0.0,99.5965576171875,0.0,0
745,0,1110.8804931640625,1983.8741455078125,25.125,0.0,116.4935302734375,0.0,0
746,0,1106.8499755859375,1983.8743896484375,25.125,0.0,99.5965576171875,0.0,0
747,0,1101.726318359375,1983.8741455078125,25.125,0.0,99.5965576171875,0.0,0
748,0,1094.204345703125,1983.8741455078125,25.125,0.0,116.4935302734375,0.0,0
749,0,1107.5975341796875,1983.8746337890625,25.125,0.0,116.4935302734375,0.0,0
750,0,1146.56591796875,1983.8746337890625,25.125,0.0,116.4935302734375,0.0,0
751,0,1167.92529296875,1983.8743896484375,25.125,0.0,99.5965576171875,0.0,0
752,0,1166.79052734375,1983.8741455078125,25.125,0.0,116.4935302734375,0.0,0
753,0,1149.6724853515625,1983.87451171875,25.125,0.0,133.3905029296875,0.0,0
754,0,1116.31689453125,1983.8743896484375,25.125,0.0,133.3905029296875,0.0,0
755,0,1075.9765625,1983.87451171875,25.125,0.0,133.3905029296875,0.0,0
756,0,1065.842529296875,1983.8743896484375,25.125,0.0,133.3905029296875,0.0,0
757,0,1058.4224853515625,1983.8741455078125,25.125,0.0,116.4935302734375,0.0,0
758,0,1070.8729248046875,1983.8746337890625,25.125,0.0,116.4935302734375,0.0,0
759,0,1078.196533203125,1983.8741455078125,25.125,0.0,116.4935302734375,0.0,0
760,0,1096.0841064453125,1983.874755859375,25.125,0.0,116.4935302734375,0.0,0
761,0,1105.3658447265625,1983.8741455078125,25.125,0.0,116.4935302734375,0.0,0
762,0,1122.624267578125,1983.874755859375,25.125,0.0,116.4935302734375,0.0,0
763,0,1131.615234375,1983.8741455078125,25.125,0.0,116.4935302734375,0.0,0
764,0,1149.457275390625,1983.8746337890625,25.125,0.0,116.4935302734375,0.0,0
765,0,1156.327880859375,1983.8743896484375,25.125,0.0,133.3905029296875,0.0,0
766,0,1167.814453125,1983.8743896484375,25.125,0.0,133.3905029296875,0.0,0
767,0,1199.895263671875,1983.87451171875,25.125,0.0,133.3905029296875,0.0,0
768,0,1242.537353515625,1983.8743896484375,25.125,0.0,133.3905029296875,0.0,0
769,0,1288.4537353515625,1983.87451171875,25.125,0.0,133.3905029296875,0.0,0
770,0,1304.975341796875,1983.8741455078125,25.125,0.0,116.4935302734375,0.0,0
771,0,1296.618896484375,1983.8743896484375,25.125,0.0,116.4935302734375,0.0,0
772,0,1308.37841796875,1983.8746337890625,25.125,0.0,116.4935302734375,0.0,0
773,0,1312.3968505859375,1983.874267578125,25.125,0.0,133.3905029296875,0.0,0
774,0,1286.711669921875,1983.87451171875,25.125,0.0,150.281982421875,0.0,0
775,0,1244.0711669921875,1983.8746337890625,25.125,0.0,150.281982421875,0.0,0
776,0,1226.1895751953125,1983.87451171875,25.125,0.0,150.281982421875,0.0,0
777,0,1236.9110107421875,1983.8741455078125,25.125,0.0,150.281982421875,0.0,0
778,0,1226.4937744140625,1983.8748779296875,25.125,0.0,167.178955078125,0.0,0
779,0,1214.179443359375,1983.8741455078125,25.125,0.0,167.178955078125,0.0,0
780,0,1216.1156005859375,1983.8743896484375,25.125,0.0,167.178955078125,0.0,0
781,0,1194.26171875,1983.874755859375,25.125,0.0,167.178955078125,0.0,0
782,0,1153.81201171875,1983.8065185546875,25.125,0.0,-175.924072265625,0.0,0
783,0,1111.9710693359375,1983.8748779296875,25.125,0.0,167.178955078125,0.0,0
784,0,1071.1605224609375,1983.8065185546875,25.125,0.0,-175.924072265625,0.0,0
785,0,1042.85302734375,1983.8743896484375,25.125,0.0,-175.924072265625,0.0,0
786,0,1006.1890258789062,1982.215576171875,25.125,0.0,-175.924072265625,0.0,0
787,0,965.4351196289062,1977.7811279296875,25.125,0.0,-159.027099609375,0.0,0
788,0,924.45263671875,1969.85986328125,25.125,0.0,-175.924072265625,0.0,0
789,0,883.2927856445312,1966.20751953125,25.125,0.0,167.178955078125,0.0,0
790,0,861.205078125,1983.8701171875,25.125,0.0,167.178955078125,0.0,0
791,0,860.2081909179688,1983.8741455078125,25.125,0.0,167.178955078125,0.0,0
792,0,838.6509399414062,1983.8748779296875,25.125,0.0,167.178955078125,0.0,0
793,0,794.959716796875,1983.8746337890625,25.125,0.0,150.281982421875,0.0,0
794,0,777.1956787109375,1983.87451171875,25.125,0.0,150.281982421875,0.0,0
795,0,756.4786987304688,1983.87451171875,25.125,0.0,150.281982421875,0.0,0
796,0,747.4190673828125,1983.87451171875,25.125,0.0,150.281982421875,0.0,0
797,0,761.6404418945312,1983.8741455078125,25.125,0.0,150.281982421875,0.0,0
798,0,756.5529174804688,1983.874267578125,25.125,0.0,133.3905029296875,0.0,0
799,0,728.3220825195312,1983.8743896484375,25.125,0.0,133.3905029296875,0.0,0
800,0,692.4906005859375,1983.8741455078125,25.125,0.0,116.4935302734375,0.0,0
801,0,661.7135620117188,1983.8743896484375,25.125,0.0,99.5965576171875,0.0,0
802,0,643.3905029296875,1983.8740234375,25.125,0.0,82.6995849609375,0.0,0
803,0,642.7733764648438,1983.8743896484375,25.125,0.0,65.8026123046875,0.0,0
804,0,624.5657348632812,1983.8746337890625,25.125,0.0,65.8026123046875,0.0,0
805,0,625.4224243164062,1974.6827392578125,25.125,0.0,65.8026123046875,0.0,0
806,0,658.8623046875,1955.960205078125,25.125,0.0,65.8026123046875,0.0,0
807,0,692.0772094726562,1965.0579833984375,25.125,0.0,65.8026123046875,0.0,0
808,0,721.228515625,1983.87451171875,25.125,0.0,48.9111328125,0.0,0
809,0,757.2340698242188,1969.6514892578125,25.125,0.0,48.9111328125,0.0,0
810,0,797.7376098632812,1971.4989013671875,25.125,0.0,32.01416015625,0.0,0
811,0,837.6498413085938,1983.87451171875,25.125,0.0,32.01416015625,0.0,0
812,0,881.658203125,1983.87451171875,25.125,0.0,48.9111328125,0.0,0
813,0,925.6470947265625,1971.6617431640625,25.125,0.0,48.9111328125,0.0,0
814,0,966.5198364257812,1978.0125732421875,25.125,0.0,48.9111328125,0.0,0
815,0,1006.0030517578125,1983.874267578125,25.125,0.0,48.9111328125,0.0,0
816,0,1049.52734375,1983.8746337890625,25.125,0.0,32.01416015625,0.0,0
817,0,1093.0535888671875,1983.8748779296875,25.125,0.0,15.1171875,0.0,0
818,0,1133.9793701171875,1983.857666015625,25.125,0.0,-1.77978515625,0.0,0
819,0,1175.030029296875,1983.8748779296875,25.125,0.0,15.1171875,0.0,0
820,0,1219.9149169921875,1983.87451171875,25.125,0.0,32.01416015625,0.0,0
821,0,1267.981689453125,1983.87451171875,25.125,0.0,48.9111328125,0.0,0
822,0,1313.29638671875,1983.8741455078125,25.125,0.0,65.8026123046875,0.0,0
823,0,1346.326416015625,1983.8740234375,25.125,0.0,82.6995849609375,0.0,0
824,0,1367.1182861328125,1983.8740234375,25.125,0.0,82.6995849609375,0.0,0
825,0,1377.5106201171875,1983.8741455078125,25.125,0.0,99.5965576171875,0.0,0
826,0,1374.1341552734375,1983.8743896484375,25.125,0.0,116.4935302734375,0.0,0
827,0,1359.0311279296875,1983.8741455078125,25.125,0.0,116.4935302734375,0.0,0
828,0,1335.7593994140625,1983.8743896484375,25.125,0.0,116.4935302734375,0.0,0
829,0,1305.29150390625,1983.8743896484375,25.125,0.0,133.3905029296875,0.0,0
830,0,1266.98681640625,1983.87451171875,25.125,0.0,133.3905029296875,0.0,0
831,0,1223.0845947265625,1983.8743896484375,25.125,0.0,133.3905029296875,0.0,0
832,0,1180.644775390625,1983.8741455078125,25.125,0.0,116.4935302734375,0.0,0
833,0,1143.337890625,1983.8741455078125,25.125,0.0,116.4935302734375,0.0,0
834,0,1113.239990234375,1983.8741455078125,25.125,0.0,99.5965576171875,0.0,0
835,0,1092.55126953125,1983.8743896484375,25.125,0.0,99.5965576171875,0.0,0
836,0,1073.629150390625,1983.8741455078125,25.125,0.0,116.4935302734375,0.0,0
837,0,1047.632080078125,1983.87451171875,25.125,0.0,133.3905029296875,0.0,0
838,0,1009.7296752929688,1983.8743896484375,25.125,0.0,133.3905029296875,0.0,0
839,0,1000.5667114257812,1983.8743896484375,25.125,0.0,133.3905029296875,0.0,0
840,0,986.7750854492188,1983.87451171875,25.125,0.0,150.281982421875,0.0,0
841,0,981.0709838867188,1983.8741455078125,25.125,0.0,150.281982421875,0.0,0
842,0,965.4522705078125,1983.8746337890625,25.125,0.0,150.281982421875,0.0,0
843,0,926.89892578125,1983.874267578125,25.125,0.0,133.3905029296875,0.0,0
844,0,885.9326782226562,1983.8743896484375,25.125,0.0,116.4935302734375,0.0,0
845,0,846.4857788085938,1983.8743896484375,25.125,0.0,133.3905029296875,0.0,0
846,0,803.721923828125,1983.874755859375,25.125,0.0,150.281982421875,0.0,0
847,0,757.2921752929688,1983.8746337890625,25.125,0.0,150.281982421875,0.0,0
848,0,739.39794921875,1983.8741455078125,25.125,0.0,150.281982421875,0.0,0
849,0,750.1197509765625,1983.8741455078125,25.125,0.0,150.281982421875,0.0,0
850,0,743.0628662109375,1983.874267578125,25.125,0.0,133.3905029296875,0.0,0
851,0,747.5810546875,1983.87451171875,25.125,0.0,133.3905029296875,0.0,0
852,0,745.12744140625,1983.8741455078125,25.125,0.0,116.4935302734375,0.0,0
853,0,724.5037231445312,1983.87451171875,25.125,0.0,133.3905029296875,0.0,0
854,0,689.374267578125,1983.8743896484375,25.125,0.0,133.3905029296875,0.0,0
855,0,649.3143310546875,1983.87451171875,25.125,0.0,133.3905029296875,0.0,0
856,0,638.9273071289062,1983.8743896484375,25.125,0.0,133.3905029296875,0.0,0
857,0,626.7003784179688,1983.87451171875,25.125,0.0,150.281982421875,0.0,0
858,0,588.3135375976562,1983.87451171875,25.125,0.0,150.281982421875,0.0,0
859,0,542.9750366210938,1983.8746337890625,25.125,0.0,150.281982421875,0.0,0
860,0,495.3193664550781,1983.87451171875,25.125,0.0,133.3905029296875,0.0,0
861,0,446.50341796875,1983.8743896484375,25.125,0.0,133.3905029296875,0.0,0
862,0,401.9228515625,1983.8743896484375,25.125,0.0,116.4935302734375,0.0,0
863,0,366.61712646484375,1983.8741455078125,25.125,0.0,99.5965576171875,0.0,0
864,0,344.02734375,1983.8741455078125,25.125,0.0,99.5965576171875,0.0,0
865,0,327.5532531738281,1983.8741455078125,25.125,0.0,99.5965576171875,0.0,0
866,0,310.9873962402344,1983.8741455078125,25.125,0.0,116.4935302734375,0.0,0
867,0,290.5614318847656,1983.8743896484375,25.125,0.0,99.5965576171875,0.0,0
868,0,270.9534606933594,1983.8741455078125,25.125,0.0,116.4935302734375,0.0,0
869,0,277.7647705078125,1983.874755859375,25.125,0.0,116.4935302734375,0.0,0
870,0,315.01568603515625,1983.8746337890625,25.125,0.0,116.4935302734375,0.0,0
871,0,359.3564147949219,1983.874755859375,25.125,0.0,116.4935302734375,0.0,0
872,0,374.89105224609375,1983.8743896484375,25.125,0.0,133.3905029296875,0.0,0
873,0,356.7241516113281,1983.874267578125,25.125,0.0,133.3905029296875,0.0,0
874,0,322.9090576171875,1983.8743896484375,25.125,0.0,133.3905029296875,0.0,0
875,0,315.3687438964844,1983.8743896484375,25.125,0.0,133.3905029296875,0.0,0
876,0,308.49383544921875,1983.8743896484375,25.125,0.0,116.4935302734375,0.0,0
877,0,290.76348876953125,1983.8741455078125,25.125,0.0,99.5965576171875,0.0,0
878,0,275.7628479003906,1983.8743896484375,25.125,0.0,99.5965576171875,0.0,0
879,0,262.5085144042969,1983.8741455078125,25.125,0.0,99.5965576171875,0.0,0
880,0,250.64369201660156,1983.8743896484375,25.125,0.0,99.5965576171875,0.0,0
881,0,236.13612365722656,1983.8741455078125,25.125,0.0,116.4935302734375,0.0,0
882,0,211.3233184814453,1983.874267578125,25.125,0.0,133.3905029296875,0.0,0
883,0,175.23114013671875,1983.87451171875,25.125,0.0,133.3905029296875,0.0,0
884,0,135.7662811279297,1983.8741455078125,25.125,0.0,116.4935302734375,0.0,0
885,0,116.12510681152344,1983.875,25.125,0.0,99.5965576171875,0.0,0
886,0,116.12541198730469,1983.875,25.125,0.0,116.4935302734375,0.0,0
887,0,116.12510681152344,1983.875,25.125,0.0,99.5965576171875,0.0,0
888,0,116.12515258789062,1983.875,25.125,0.0,99.5965576171875,0.0,0
889,0,116.12515258789062,1983.875,25.125,0.0,99.5965576171875,0.0,0
890,0,116.12541198730469,1983.875,25.125,0.0,116.4935302734375,0.0,0
891,0,116.1256332397461,1983.875,25.125,0.0,133.3905029296875,0.0,0
892,0,132.4099578857422,1983.87451171875,25.125,0.0,133.3905029296875,0.0,0
893,0,166.65322875976562,1983.8743896484375,25.125,0.0,133.3905029296875,0.0,0
894,0,209.08531188964844,1983.87451171875,25.125,0.0,133.3905029296875,0.0,0
895,0,256.3951110839844,1983.8743896484375,25.125,0.0,133.3905029296875,0.0,0
896,0,268.7720642089844,1983.8746337890625,25.125,0.0,150.281982421875,0.0,0
897,0,239.9956817626953,1983.874755859375,25.125,0.0,167.178955078125,0.0,0
898,0,196.69589233398438,1983.8746337890625,25.125,0.0,150.281982421875,0.0,0
899,0,750.0,1250.0,25.125,0.0,16.490478515625,0.0,0
900,0,771.0220336914062,1256.284912109375,25.125,0.0,16.490478515625,0.0,1
901,0,810.3910522460938,1270.1971435546875,25.125,0.0,33.387451171875,0.0,1
902,0,846.349609375,1283.87451171875,25.125,0.0,50.284423828125,0.0,1
903,0,886.9290161132812,1270.5867919921875,25.125,0.0,50.284423828125,0.0,1
904,0,924.2147827148438,1278.6448974609375,25.125,0.0,67.1759033203125,0.0,1
905,0,952.5606689453125,1313.112548828125,25.125,0.0,84.0728759765625,0.0,1
906,0,989.5074462890625,1336.0343017578125,25.125,0.0,84.0728759765625,0.0,1
907,0,1016.59033203125,1368.5811767578125,25.125,0.0,100.9698486328125,0.0,1
908,0,1024.2781982421875,1412.4456787109375,25.125,0.0,100.9698486328125,0.0,1
909,0,1023.370849609375,1453.666015625,25.125,0.0,100.9698486328125,0.0,1
910,0,1018.5366821289062,1495.1031494140625,25.125,0.0,100.9698486328125,0.0,1
911,0,1014.0081787109375,1535.700927734375,25.125,0.0,84.0728759765625,0.0,1
912,0,1013.853759765625,1577.5406494140625,25.125,0.0,84.0728759765625,0.0,1
913,0,1038.0821533203125,1601.7547607421875,25.125,0.0,84.0728759765625,0.0,1
914,0,1062.1422119140625,1634.6331787109375,25.125,0.0,100.9698486328125,0.0,1
915,0,1068.49365234375,1677.2606201171875,25.125,0.0,100.9698486328125,0.0,1
916,0,1092.535400390625,1709.049072265625,25.125,0.0,100.9698486328125,0.0,1
917,0,1115.01904296875,1747.3251953125,25.125,0.0,84.0728759765625,0.0,1
918,0,1128.1058349609375,1786.0474853515625,25.125,0.0,67.1759033203125,0.0,1
919,0,1142.4210205078125,1825.1568603515625,25.125,0.0,67.1759033203125,0.0,1
920,0,1159.2813720703125,1862.6053466796875,25.125,0.0,50.284423828125,0.0,1
921,0,1191.0025634765625,1871.291259765625,25.125,0.0,50.284423828125,0.0,1
922,0,1230.974365234375,1880.535400390625,25.125,0.0,33.387451171875,0.0,1
923,0,1268.552978515625,1896.3975830078125,25.125,0.0,16.490478515625,0.0,1
924,0,1306.7764892578125,1910.44970703125,25.125,0.0,16.490478515625,0.0,1
925,0,1325.3717041015625,1941.67626953125,25.125,0.0,16.490478515625,0.0,1
926,0,1352.26953125,1976.1102294921875,25.125,0.0,16.490478515625,0.0,1
927,0,1390.305419921875,1983.8746337890625,25.125,0.0,33.387451171875,0.0,1
928,0,1437.795654296875,1983.8746337890625,25.125,0.0,33.387451171875,0.0,1
929,0,1485.926513671875,1983.874267578125,25.125,0.0,50.284423828125,0.0,1
930,0,1498.414306640625,1983.8743896484375,25.125,0.0,50.284423828125,0.0,1
931,0,1509.582275390625,1983.87451171875,25.125,0.0,33.387451171875,0.0,1
932,0,1544.865966796875,1983.8746337890625,25.125,0.0,33.387451171875,0.0,1
933,0,1591.8138427734375,1983.8746337890625,25.125,0.0,33.387451171875,0.0,1
934,0,1634.659912109375,1983.8748779296875,25.125,0.0,16.490478515625,0.0,1
935,0,1677.67529296875,1983.8748779296875,25.125,0.0,16.490478515625,0.0,1
936,0,1721.92138671875,1983.87451171875,25.125,0.0,33.387451171875,0.0,1
937,0,1770.9869384765625,1983.874267578125,25.125,0.0,50.284423828125,0.0,1
938,0,1817.0086669921875,1983.874267578125,25.125,0.0,50.284423828125,0.0,1
939,0,1858.93115234375,1983.8743896484375,25.125,0.0,67.1759033203125,0.0,1
940,0,1890.8416748046875,1983.8740234375,25.125,0.0,84.0728759765625,0.0,1
941,0,1909.48974609375,1983.8743896484375,25.125,0.0,84.0728759765625,0.0,1
942,0,1921.7025146484375,1983.8740234375,25.125,0.0,84.0728759765625,0.0,1
943,0,1928.777587890625,1983.8743896484375,25.125,0.0,84.0728759765625,0.0,1
944,0,1931.4129638671875,1983.8740234375,25.125,0.0,84.0728759765625,0.0,1
945,0,1932.0850830078125,1983.8740234375,25.125,0.0,84.0728759765625,0.0,1
946,0,1932.7877197265625,1983.8740234375,25.125,0.0,84.0728759765625,0.0,1
947,0,1932.3668212890625,1983.8741455078125,25.125,0.0,100.9698486328125,0.0,1
948,0,1927.644775390625,1983.8743896484375,25.125,0.0,117.8668212890625,0.0,1
949,0,1910.3018798828125,1983.8741455078125,25.125,0.0,117.8668212890625,0.0,1
950,0,1885.2254638671875,1983.8743896484375,25.125,0.0,117.8668212890625,0.0,1
951,0,1855.9027099609375,1983.8741455078125,25.125,0.0,117.8668212890625,0.0,1
952,0,1826.3485107421875,1983.8743896484375,25.125,0.0,117.8668212890625,0.0,1
953,0,1794.5482177734375,1983.8741455078125,25.125,0.0,117.8668212890625,0.0,1
954,0,1763.380615234375,1983.8741455078125,25.125,0.0,117.8668212890625,0.0,1
955,0,1731.4755859375,1983.8741455078125,25.125,0.0,117.8668212890625,0.0,1
956,0,1732.2802734375,1983.87451171875,25.125,0.0,117.8668212890625,0.0,1
957,0,1733.740478515625,1983.8743896484375,25.125,0.0,117.8668212890625,0.0,1
958,0,1715.0069580078125,1983.8743896484375,25.125,0.0,134.7637939453125,0.0,1
959,0,1681.0958251953125,1983.87451171875,25.125,0.0,134.7637939453125,0.0,1
960,0,1638.4708251953125,1983.8743896484375,25.125,0.0,134.7637939453125,0.0,1
961,0,1593.342041015625,1983.8743896484375,25.125,0.0,134.7637939453125,0.0,1
962,0,1580.1251220703125,1983.8743896484375,25.125,0.0,134.7637939453125,0.0,1
963,0,1599.7823486328125,1983.8743896484375,25.125,0.0,134.7637939453125,0.0,1
964,0,1601.962158203125,1983.87451171875,25.125,0.0,134.7637939453125,0.0,1
965,0,1574.3302001953125,1983.87451171875,25.125,0.0,151.6607666015625,0.0,1
966,0,1561.830810546875,1983.8743896484375,25.125,0.0,151.6607666015625,0.0,1
967,0,1573.365478515625,1983.8741455078125,25.125,0.0,151.6607666015625,0.0,1
968,0,1566.189697265625,1983.87451171875,25.125,0.0,134.7637939453125,0.0,1
969,0,1535.446533203125,1983.8743896484375,25.125,0.0,134.7637939453125,0.0,1
970,0,1528.88720703125,1983.8743896484375,25.125,0.0,134.7637939453125,0.0,1
971,0,1551.9700927734375,1983.8743896484375,25.125,0.0,134.7637939453125,0.0,1
972,0,1557.54736328125,1983.8741455078125,25.125,0.0,117.8668212890625,0.0,1
973,0,1542.82080078125,1983.8743896484375,25.125,0.0,117.8668212890625,0.0,1
974,0,1518.2786865234375,1983.8741455078125,25.125,0.0,117.8668212890625,0.0,1
975,0,1487.5142822265625,1983.87451171875,25.125,0.0,134.7637939453125,0.0,1
976,0,1447.147216796875,1983.8743896484375,25.125,0.0,134.7637939453125,0.0,1
977,0,1405.468505859375,1983.8743896484375,25.125,0.0,117.8668212890625,0.0,1
978,0,1367.6383056640625,1983.8741455078125,25.125,0.0,117.8668212890625,0.0,1
979,0,1365.2864990234375,1983.87451171875,25.125,0.0,117.8668212890625,0.0,1
980,0,1362.40234375,1983.87451171875,25.125,0.0,134.7637939453125,0.0,1
981,0,1333.9486083984375,1983.87451171875,25.125,0.0,151.6607666015625,0.0,1
982,0,1292.128662109375,1983.8748779296875,25.125,0.0,168.55224609375,0.0,1
983,0,1269.6160888671875,1983.8741455078125,25.125,0.0,168.55224609375,0.0,1
984,0,1239.9390869140625,1983.8748779296875,25.125,0.0,168.55224609375,0.0,1
985,0,1217.4849853515625,1983.8741455078125,25.125,0.0,168.55224609375,0.0,1
986,0,1187.5313720703125,1983.671875,25.125,0.0,-174.55078125,0.0,1
987,0,1145.558837890625,1979.609619140625,25.125,0.0,-157.65380859375,0.0,1
988,0,1105.5623779296875,1971.5616455078125,25.125,0.0,-174.55078125,0.0,1
989,0,1065.3448486328125,1965.198974609375,25.125,0.0,-174.55078125,0.0,1
990,0,1024.9993896484375,1960.1781005859375,25.125,0.0,-174.55078125,0.0,1
991,0,984.5950927734375,1955.77294921875,25.125,0.0,-174.55078125,0.0,1
992,0,942.7011108398438,1953.4305419921875,25.125,0.0,168.55224609375,0.0,1
993,0,920.2393188476562,1976.634765625,25.125,0.0,168.55224609375,0.0,1
994,0,888.7879638671875,1983.6685791015625,25.125,0.0,-174.55078125,0.0,1
995,0,847.9658203125,1983.58349609375,25.125,0.0,168.55224609375,0.0,1
996,0,825.500244140625,1983.8741455078125,25.125,0.0,168.55224609375,0.0,1
997,0,824.0830078125,1983.8741455078125,25.125,0.0,168.55224609375,0.0,1
998,0,802.6177368164062,1983.874755859375,25.125,0.0,151.6607666015625,0.0,1
999,0,761.3750610351562,1983.8743896484375,25.125,0.0,134.7637939453125,0.0,1
1000,0,715.9598388671875,1983.87451171875,25.125,0.0,134.7637939453125,0.0,1
1001,0,703.0404052734375,1983.8743896484375,25.125,0.0,134.7637939453125,0.0,1
1002,0,723.5877685546875,1983.87451171875,25.125,0.0,134.7637939453125,0.0,1
1003,0,725.5486450195312,1983.8743896484375,25.125,0.0,134.7637939453125,0.0,1
1004,0,702.7039794921875,1983.8741455078125,25.125,0.0,117.8668212890625,0.0,1
1005,0,706.60107421875,1983.87451171875,25.125,0.0,117.8668212890625,0.0,1
1006,0,711.9076538085938,1983.8741455078125,25.125,0.0,100.9698486328125,0.0,1
1007,0,710.6024780273438,1983.8743896484375,25.125,0.0,100.9698486328125,0.0,1
1008,0,734.1613159179688,1983.8748779296875,25.125,0.0,100.9698486328125,0.0,1
1009,0,774.216796875,1983.8748779296875,25.125,0.0,100.9698486328125,0.0,1
1010,0,800.0543823242188,1983.8740234375,25.125,0.0,84.0728759765625,0.0,1
1011,0,788.2071533203125,1983.8748779296875,25.125,0.0,84.0728759765625,0.0,1
1012,0,771.3704833984375,1983.8740234375,25.125,0.0,84.0728759765625,0.0,1
1013,0,769.6767578125,1983.8740234375,25.125,0.0,84.0728759765625,0.0,1
1014,0,772.299560546875,1983.8743896484375,25.125,0.0,67.1759033203125,0.0,1
1015,0,784.1036987304688,1983.8741455078125,25.125,0.0,67.1759033203125,0.0,1
1016,0,815.6491088867188,1974.9691162109375,25.125,0.0,67.1759033203125,0.0,1
1017,0,853.1477661132812,1983.8719482421875,25.125,0.0,50.284423828125,0.0,1
1018,0,888.2218017578125,1983.8743896484375,25.125,0.0,67.1759033203125,0.0,1
1019,0,929.07275390625,1976.23486328125,25.125,0.0,67.1759033203125,0.0,1
1020,0,968.024169921875,1964.0194091796875,25.125,0.0,67.1759033203125,0.0,1
1021,0,1005.5960083007812,1975.9049072265625,25.125,0.0,50.284423828125,0.0,1
1022,0,1040.7369384765625,1983.874267578125,25.125,0.0,50.284423828125,0.0,1
1023,0,1082.179931640625,1983.8746337890625,25.125,0.0,33.387451171875,0.0,1
1024,0,1129.904052734375,1983.8746337890625,25.125,0.0,33.387451171875,0.0,1
1025,0,1176.6282958984375,1983.874755859375,25.125,0.0,33.387451171875,0.0,1
1026,0,1221.549560546875,1983.8748779296875,25.125,0.0,16.490478515625,0.0,1
1027,0,1264.7271728515625,1983.8746337890625,25.125,0.0,33.387451171875,0.0,1
1028,0,1313.8900146484375,1983.874267578125,25.125,0.0,50.284423828125,0.0,1
1029,0,1357.7373046875,1973.3134765625,25.125,0.0,50.284423828125,0.0,1
1030,0,1400.4371337890625,1978.4954833984375,25.125,0.0,33.387451171875,0.0,1
1031,0,1439.5570068359375,1967.4991455078125,25.125,0.0,33.387451171875,0.0,1
1032,0,1481.7801513671875,1967.224853515625,25.125,0.0,50.284423828125,0.0,1
1033,0,1520.567138671875,1983.8724365234375,25.125,0.0,33.387451171875,0.0,1
1034,0,1561.4942626953125,1983.87451171875,25.125,0.0,50.284423828125,0.0,1
1035,0,1605.2353515625,1983.874267578125,25.125,0.0,50.284423828125,0.0,1
1036,0,1650.11474609375,1983.8746337890625,25.125,0.0,33.387451171875,0.0,1
1037,0,1696.8468017578125,1983.8746337890625,25.125,0.0,33.387451171875,0.0,1
1038,0,1743.5758056640625,1983.8746337890625,25.125,0.0,33.387451171875,0.0,1
1039,0,1785.582275390625,1966.36181640625,25.125,0.0,33.387451171875,0.0,1
1040,0,1829.6025390625,1963.1964111328125,25.125,0.0,33.387451171875,0.0,1
1041,0,1869.9268798828125,1975.8629150390625,25.125,0.0,33.387451171875,0.0,1
1042,0,1910.2388916015625,1983.8748779296875,25.125,0.0,16.490478515625,0.0,1
1043,0,1952.268798828125,1983.8748779296875,25.125,0.0,16.490478515625,0.0,1
1044,0,1983.875,1983.874755859375,25.125,0.0,16.490478515625,0.0,1
1045,0,1980.0635986328125,1983.8741455078125,25.125,0.0,16.490478515625,0.0,1
1046,0,1983.597900390625,1961.810791015625,25.125,0.0,16.490478515625,0.0,1
1047,0,1983.8748779296875,1920.4539794921875,25.125,0.0,16.490478515625,0.0,1
1048,0,1983.87451171875,1902.557861328125,25.125,0.0,33.387451171875,0.0,1
1049,0,1983.8743896484375,1917.4151611328125,25.125,0.0,50.284423828125,0.0,1
1050,0,1983.87451171875,1918.6572265625,25.125,0.0,50.284423828125,0.0,1
1051,0,1983.8743896484375,1928.814453125,25.125,0.0,50.284423828125,0.0,1
1052,0,1983.87451171875,1928.4775390625,25.125,0.0,50.284423828125,0.0,1
1053,0,1983.874267578125,1936.1407470703125,25.125,0.0,33.387451171875,0.0,1
1054,0,1983.8743896484375,1962.974609375,25.125,0.0,50.284423828125,0.0,1
1055,0,1983.875,1983.8743896484375,25.125,0.0,67.1759033203125,0.0,1
1056,0,1983.8741455078125,1977.000244140625,25.125,0.0,67.1759033203125,0.0,1
1057,0,1983.8743896484375,1960.4766845703125,25.125,0.0,67.1759033203125,0.0,1
1058,0,1983.8741455078125,1937.924072265625,25.125,0.0,67.1759033203125,0.0,1
1059,0,1983.8746337890625,1943.220947265625,25.125,0.0,50.284423828125,0.0,1
1060,0,1983.874267578125,1973.6949462890625,25.125,0.0,33.387451171875,0.0,1
1061,0,1983.87451171875,1976.0152587890625,25.125,0.0,33.387451171875,0.0,1
1062,0,1983.87451171875,1945.314453125,25.125,0.0,33.387451171875,0.0,1
1063,0,1983.8743896484375,1935.5296630859375,25.125,0.0,50.284423828125,0.0,1
1064,0,1983.8746337890625,1958.632568359375,25.125,0.0,50.284423828125,0.0,1
1065,0,1983.875,1983.87451171875,25.125,0.0,33.387451171875,0.0,1
1066,0,1983.875,1983.8746337890625,25.125,0.0,33.387451171875,0.0,1
1067,0,1983.875,1983.874755859375,25.125,0.0,16.490478515625,0.0,1
1068,0,1983.8743896484375,1983.87060546875,25.125,0.0,-0.406494140625,0.0,1
1069,0,1983.8260498046875,1959.87744140625,25.125,0.0,-0.406494140625,0.0,1
1070,0,1983.8740234375,1935.1531982421875,25.125,0.0,-0.406494140625,0.0,1
1071,0,1983.8741455078125,1920.47998046875,25.125,0.0,-17.303466796875,0.0,1
1072,0,1983.874267578125,1900.970458984375,25.125,0.0,-34.1949462890625,0.0,1
1073,0,1971.3294677734375,1866.822021484375,25.125,0.0,-34.1949462890625,0.0,1
1074,0,1976.75439453125,1827.667724609375,25.125,0.0,-51.0919189453125,0.0,1
1075,0,1983.87451171875,1789.5369873046875,25.125,0.0,-34.1949462890625,0.0,1
1076,0,1983.874267578125,1750.188720703125,25.125,0.0,-34.1949462890625,0.0,1
1077,0,1983.8746337890625,1709.4779052734375,25.125,0.0,-51.0919189453125,0.0,1
1078,0,1983.874755859375,1663.5472412109375,25.125,0.0,-67.9888916015625,0.0,1
1079,0,1983.8743896484375,1617.716796875,25.125,0.0,-51.0919189453125,0.0,1
1080,0,1983.874267578125,1569.1650390625,25.125,0.0,-34.1949462890625,0.0,1
1081,0,1983.8743896484375,1523.908935546875,25.125,0.0,-51.0919189453125,0.0,1
1082,0,1983.875,1516.1253662109375,25.125,0.0,-34.1949462890625,0.0,1
1083,0,1971.3507080078125,1516.125732421875,25.125,0.0,-34.1949462890625,0.0,1
1084,0,1945.782958984375,1516.12548828125,25.125,0.0,-34.1949462890625,0.0,1
1085,0,1946.4031982421875,1516.12548828125,25.125,0.0,-34.1949462890625,0.0,1
1086,0,1979.14599609375,1516.125244140625,25.125,0.0,-17.303466796875,0.0,1
1087,0,1983.8741455078125,1516.125,25.125,0.0,-17.303466796875,0.0,1
1088,0,1983.8741455078125,1516.125,25.125,0.0,-17.303466796875,0.0,1
1089,0,1983.87451171875,1516.125,25.125,0.0,-34.1949462890625,0.0,1
1090,0,1983.87451171875,1535.7371826171875,25.125,0.0,-34.1949462890625,0.0,1
1091,0,1983.8746337890625,1540.0989990234375,25.125,0.0,-51.0919189453125,0.0,1
1092,0,1964.9736328125,1516.65869140625,25.125,0.0,-51.0919189453125,0.0,1
1093,0,1960.815673828125,1516.12548828125,25.125,0.0,-51.0919189453125,0.0,1
1094,0,1982.5587158203125,1516.125732421875,25.125,0.0,-51.0919189453125,0.0,1
1095,0,1983.874267578125,1516.125,25.125,0.0,-34.1949462890625,0.0,1
1096,0,1983.874267578125,1516.125,25.125,0.0,-34.1949462890625,0.0,1
1097,0,1983.8741455078125,1516.125,25.125,0.0,-17.303466796875,0.0,1
1098,0,1983.87451171875,1516.125,25.125,0.0,-34.1949462890625,0.0,1
1099,0,1983.874267578125,1516.125,25.125,0.0,-34.1949462890625,0.0,1
1100,0,1983.8746337890625,1516.125,25.125,0.0,-51.0919189453125,0.0,1
1101,0,1965.5919189453125,1516.1256103515625,25.125,0.0,-51.0919189453125,0.0,1
1102,0,1963.173583984375,1516.1253662109375,25.125,0.0,-34.1949462890625,0.0,1
1103,0,1983.874267578125,1516.125,25.125,0.0,-34.1949462890625,0.0,1
1104,0,1983.8743896484375,1516.125,25.125,0.0,-51.0919189453125,0.0,1
1105,0,1983.874267578125,1516.125,25.125,0.0,-34.1949462890625,0.0,1
1106,0,1972.148681640625,1516.125732421875,25.125,0.0,-34.1949462890625,0.0,1
1107,0,1946.1885986328125,1516.12548828125,25.125,0.0,-34.1949462890625,0.0,1
1108,0,1912.7811279296875,1516.125732421875,25.125,0.0,-34.1949462890625,0.0,1
1109,0,1911.274658203125,1516.125244140625,25.125,0.0,-17.303466796875,0.0,1
1110,0,1915.50732421875,1516.1258544921875,25.125,0.0,-17.303466796875,0.0,1
1111,0,1936.4375,1516.125,25.125,0.0,-0.406494140625,0.0,1
1112,0,1977.065673828125,1518.114013671875,25.125,0.0,16.490478515625,0.0,1
1113,0,1983.874267578125,1528.472900390625,25.125,0.0,33.387451171875,0.0,1
1114,0,1983.87451171875,1552.4156494140625,25.125,0.0,33.387451171875,0.0,1
1115,0,1983.8741455078125,1581.8173828125,25.125,0.0,16.490478515625,0.0,1
1116,0,1983.8748779296875,1576.7252197265625,25.125,0.0,16.490478515625,0.0,1
1117,0,1983.8748779296875,1538.6168212890625,25.125,0.0,16.490478515625,0.0,1
1118,0,1983.8748779296875,1516.1263427734375,25.125,0.0,-0.406494140625,0.0,1
1119,0,1983.8740234375,1516.125,25.125,0.0,-0.406494140625,0.0,1
1120,0,1983.8740234375,1516.125,25.125,0.0,-0.406494140625,0.0,1
1121,0,1983.8740234375,1516.125,25.125,0.0,-0.406494140625,0.0,1
1122,0,1983.8741455078125,1517.2984619140625,25.125,0.0,16.490478515625,0.0,1
1123,0,1983.87451171875,1525.8817138671875,25.125,0.0,33.387451171875,0.0,1
1124,0,1983.8746337890625,1516.125732421875,25.125,0.0,33.387451171875,0.0,1
1125,0,1983.87451171875,1527.853759765625,25.125,0.0,33.387451171875,0.0,1
1126,0,1983.874267578125,1554.126953125,25.125,0.0,33.387451171875,0.0,1
1127,0,1983.8746337890625,1553.450927734375,25.125,0.0,33.387451171875,0.0,1
1128,0,1983.8741455078125,1552.217041015625,25.125,0.0,16.490478515625,0.0,1
1129,0,1983.874755859375,1533.7762451171875,25.125,0.0,16.490478515625,0.0,1
1130,0,1983.875,1516.1256103515625,25.125,0.0,16.490478515625,0.0,1
1131,0,1983.875,1516.1258544921875,25.125,0.0,16.490478515625,0.0,1
1132,0,1983.8743896484375,1517.191650390625,25.125,0.0,-0.406494140625,0.0,1
1133,0,1983.8260498046875,1516.1259765625,25.125,0.0,-0.406494140625,0.0,1
1134,0,1983.7799072265625,1516.1256103515625,25.125,0.0,-0.406494140625,0.0,1
1135,0,1983.7315673828125,1516.1259765625,25.125,0.0,-0.406494140625,0.0,1
1136,0,1983.7777099609375,1538.9990234375,25.125,0.0,-0.406494140625,0.0,1
1137,0,1983.7293701171875,1538.5391845703125,25.125,0.0,-0.406494140625,0.0,1
1138,0,1983.8741455078125,1520.8056640625,25.125,0.0,-17.303466796875,0.0,1
1139,0,1978.618896484375,1516.1256103515625,25.125,0.0,-17.303466796875,0.0,1
1140,0,1983.8741455078125,1516.125,25.125,0.0,-17.303466796875,0.0,1
1141,0,1983.8743896484375,1516.125,25.125,0.0,-0.406494140625,0.0,1
1142,0,1983.8741455078125,1516.125,25.125,0.0,-17.303466796875,0.0,1
1143,0,1979.6407470703125,1516.1256103515625,25.125,0.0,-17.303466796875,0.0,1
1144,0,1983.875,1516.12548828125,25.125,0.0,-34.1949462890625,0.0,1
1145,0,1983.875,1516.12548828125,25.125,0.0,-34.1949462890625,0.0,1
1146,0,1983.875,1516.125732421875,25.125,0.0,-51.0919189453125,0.0,1
1147,0,1983.875,1516.125732421875,25.125,0.0,-51.0919189453125,0.0,1
1148,0,1966.3385009765625,1516.1253662109375,25.125,0.0,-51.0919189453125,0.0,1
1149,0,1962.412109375,1516.125732421875,25.125,0.0,-51.0919189453125,0.0,1
1150,0,1950.493408203125,1516.1253662109375,25.125,0.0,-51.0919189453125,0.0,1
1151,0,1950.175537109375,1516.125732421875,25.125,0.0,-51.0919189453125,0.0,1
1152,0,1970.8150634765625,1516.1256103515625,25.125,0.0,-67.9888916015625,0.0,1
1153,0,1983.8748779296875,1516.125,25.125,0.0,-84.8858642578125,0.0,1
1154,0,1983.3155517578125,1516.1258544921875,25.125,0.0,-101.7828369140625,0.0,1
1155,0,1981.310791015625,1516.1258544921875,25.125,0.0,-101.7828369140625,0.0,1
1156,0,1978.340087890625,1516.1258544921875,25.125,0.0,-101.7828369140625,0.0,1
1157,0,1970.9677734375,1516.1256103515625,25.125,0.0,-118.6798095703125,0.0,1
1158,0,1950.9959716796875,1516.1258544921875,25.125,0.0,-118.6798095703125,0.0,1
1159,0,1924.927978515625,1516.1256103515625,25.125,0.0,-118.6798095703125,0.0,1
1160,0,1894.3909912109375,1516.1258544921875,25.125,0.0,-118.6798095703125,0.0,1
1161,0,1860.3902587890625,1508.0611572265625,25.125,0.0,-135.5712890625,0.0,1
1162,0,1825.078125,1484.657958984375,25.125,0.0,-135.5712890625,0.0,1
1163,0,1794.3984375,1456.758544921875,25.125,0.0,-118.6798095703125,0.0,1
1164,0,1768.984130859375,1424.337646484375,25.125,0.0,-118.6798095703125,0.0,1
1165,0,1744.743896484375,1390.3553466796875,25.125,0.0,-135.5712890625,0.0,1
1166,0,1716.4342041015625,1360.006103515625,25.125,0.0,-152.46826171875,0.0,1
1167,0,1684.1962890625,1333.377685546875,25.125,0.0,-135.5712890625,0.0,1
1168,0,1654.38720703125,1307.103515625,25.125,0.0,-135.5712890625,0.0,1
1169,0,1622.4681396484375,1280.0638427734375,25.125,0.0,-152.46826171875,0.0,1
1170,0,1586.7548828125,1258.6187744140625,25.125,0.0,-169.365234375,0.0,1
1171,0,1545.501220703125,1245.6505126953125,25.125,0.0,173.73779296875,0.0,1
1172,0,1516.1259765625,1242.2884521484375,25.125,0.0,173.73779296875,0.0,1
1173,0,1516.1256103515625,1245.0576171875,25.125,0.0,156.8408203125,0.0,1
1174,0,1516.125732421875,1260.1865234375,25.125,0.0,139.94384765625,0.0,1
1175,0,1516.1256103515625,1287.556884765625,25.125,0.0,156.8408203125,0.0,1
1176,0,1516.1258544921875,1316.0850830078125,25.125,0.0,156.8408203125,0.0,1
1177,0,1497.2012939453125,1344.781005859375,25.125,0.0,139.94384765625,0.0,1
1178,0,1465.79345703125,1373.3316650390625,25.125,0.0,156.8408203125,0.0,1
1179,0,1429.0733642578125,1393.97802734375,25.125,0.0,173.73779296875,0.0,1
1180,0,1416.1258544921875,1409.7198486328125,25.125,0.0,156.8408203125,0.0,1
1181,0,1416.1258544921875,1430.32177734375,25.125,0.0,156.8408203125,0.0,1
1182,0,1424.821044921875,1465.318359375,25.125,0.0,156.8408203125,0.0,1
1183,0,1416.125732421875,1503.3939208984375,25.125,0.0,139.94384765625,0.0,1
1184,0,1410.302978515625,1544.27783203125,25.125,0.0,123.0523681640625,0.0,1
1185,0,1391.654052734375,1583.466064453125,25.125,0.0,139.94384765625,0.0,1
1186,0,1365.9456787109375,1616.0396728515625,25.125,0.0,139.94384765625,0.0,1
1187,0,1335.30859375,1644.039306640625,25.125,0.0,156.8408203125,0.0,1
1188,0,1300.5806884765625,1666.187744140625,25.125,0.0,156.8408203125,0.0,1
1189,0,1262.9903564453125,1683.4747314453125,25.125,0.0,173.73779296875,0.0,1
1190,0,1223.2196044921875,1696.3292236328125,25.125,0.0,156.8408203125,0.0,1
1191,0,1185.1512451171875,1712.216064453125,25.125,0.0,139.94384765625,0.0,1
1192,0,1176.201416015625,1743.4754638671875,25.125,0.0,139.94384765625,0.0,1
1193,0,1166.953369140625,1783.2252197265625,25.125,0.0,123.0523681640625,0.0,1
1194,0,1150.7109375,1821.6807861328125,25.125,0.0,106.1553955078125,0.0,1
1195,0,1136.9034423828125,1859.99169921875,25.125,0.0,106.1553955078125,0.0,1
1196,0,1126.2291259765625,1899.6763916015625,25.125,0.0,89.2584228515625,0.0,1
1197,0,1144.4268798828125,1926.0106201171875,25.125,0.0,89.2584228515625,0.0,1
1198,0,1166.802001953125,1960.1778564453125,25.125,0.0,89.2584228515625,0.0,1
1199,0,1179.4971923828125,1983.8741455078125,25.125,0.0,72.3614501953125,0.0,1
1200,0,1210.0831298828125,1976.8858642578125,25.125,0.0,72.3614501953125,0.0,1
1201,0,1243.476318359375,1983.8741455078125,25.125,0.0,72.3614501953125,0.0,1
1202,0,1266.38671875,1983.8743896484375,25.125,0.0,89.2584228515625,0.0,1
1203,0,1301.3389892578125,1983.5479736328125,25.125,0.0,89.2584228515625,0.0,1
1204,0,1331.2703857421875,1983.8741455078125,25.125,0.0,72.3614501953125,0.0,1
1205,0,1352.075439453125,1983.8743896484375,25.125,0.0,89.2584228515625,0.0,1
1206,0,1358.9462890625,1983.8741455078125,25.125,0.0,106.1553955078125,0.0,1
1207,0,1354.39501953125,1983.8743896484375,25.125,0.0,106.1553955078125,0.0,1
1208,0,1344.8587646484375,1983.8741455078125,25.125,0.0,106.1553955078125,0.0,1
1209,0,1330.9776611328125,1983.8743896484375,25.125,0.0,106.1553955078125,0.0,1
1210,0,1317.10009765625,1983.8740234375,25.125,0.0,89.2584228515625,0.0,1
1211,0,1309.0003662109375,1983.8741455078125,25.125,0.0,106.1553955078125,0.0,1
1212,0,1301.22021484375,1983.8740234375,25.125,0.0,89.2584228515625,0.0,1
1213,0,1298.835205078125,1983.8741455078125,25.125,0.0,106.1553955078125,0.0,1
1214,0,1293.39501953125,1983.8743896484375,25.125,0.0,106.1553955078125,0.0,1
1215,0,1283.2576904296875,1983.8741455078125,25.125,0.0,106.1553955078125,0.0,1
1216,0,1268.8258056640625,1983.8743896484375,25.125,0.0,106.1553955078125,0.0,1
1217,0,1251.6197509765625,1983.8741455078125,25.125,0.0,106.1553955078125,0.0,1
1218,0,1230.8433837890625,1983.87451171875,25.125,0.0,123.0523681640625,0.0,1
1219,0,1235.2919921875,1983.87451171875,25.125,0.0,123.0523681640625,0.0,1
1220,0,1233.7049560546875,1983.8743896484375,25.125,0.0,139.94384765625,0.0,1
1221,0,1238.73388671875,1983.874267578125,25.125,0.0,139.94384765625,0.0,1
1222,0,1264.516357421875,1983.874267578125,25.125,0.0,139.94384765625,0.0,1
1223,0,1300.0755615234375,1983.87451171875,25.125,0.0,139.94384765625,0.0,1
1224,0,1308.9447021484375,1983.874267578125,25.125,0.0,123.0523681640625,0.0,1
1225,0,1324.1021728515625,1983.8746337890625,25.125,0.0,123.0523681640625,0.0,1
1226,0,1326.666748046875,1983.8743896484375,25.125,0.0,139.94384765625,0.0,1
1227,0,1300.177734375,1983.8746337890625,25.125,0.0,139.94384765625,0.0,1
1228,0,1293.1185302734375,1983.874267578125,25.125,0.0,139.94384765625,0.0,1
1229,0,1313.35400390625,1983.874267578125,25.125,0.0,139.94384765625,0.0,1
1230,0,1347.344970703125,1983.874267578125,25.125,0.0,139.94384765625,0.0,1
1231,0,1386.3746337890625,1983.874267578125,25.125,0.0,139.94384765625,0.0,1
1232,0,1427.9229736328125,1983.87451171875,25.125,0.0,139.94384765625,0.0,1
1233,0,1437.1104736328125,1983.8743896484375,25.125,0.0,139.94384765625,0.0,1
1234,0,1416.038818359375,1983.87451171875,25.125,0.0,123.0523681640625,0.0,1
1235,0,1384.4595947265625,1983.874267578125,25.125,0.0,123.0523681640625,0.0,1
1236,0,1382.6497802734375,1983.87451171875,25.125,0.0,123.0523681640625,0.0,1
1237,0,1382.780029296875,1983.8741455078125,25.125,0.0,106.1553955078125,0.0,1
1238,0,1401.08642578125,1983.874755859375,25.125,0.0,106.1553955078125,0.0,1
1239,0,1415.82373046875,1983.8743896484375,25.125,0.0,106.1553955078125,0.0,1
1240,0,1440.6090087890625,1983.874755859375,25.125,0.0,106.1553955078125,0.0,1
1241,0,1458.3851318359375,1983.8743896484375,25.125,0.0,106.1553955078125,0.0,1
1242,0,1456.359619140625,1983.8741455078125,25.125,0.0,106.1553955078125,0.0,1
1243,0,1474.3905029296875,1983.8748779296875,25.125,0.0,106.1553955078125,0.0,1
1244,0,1515.9771728515625,1983.8748779296875,25.125,0.0,106.1553955078125,0.0,1
1245,0,1557.9488525390625,1983.8748779296875,25.125,0.0,106.1553955078125,0.0,1
1246,0,1600.9039306640625,1983.8748779296875,25.125,0.0,106.1553955078125,0.0,1
1247,0,1624.77001953125,1983.8740234375,25.125,0.0,89.2584228515625,0.0,1
1248,0,1634.6844482421875,1983.8743896484375,25.125,0.0,89.2584228515625,0.0,1
1249,0,1634.85009765625,1983.8741455078125,25.125,0.0,106.1553955078125,0.0,1
1250,0,1656.1259765625,1983.8748779296875,25.125,0.0,106.1553955078125,0.0,1
1251,0,1675.5919189453125,1983.8740234375,25.125,0.0,89.2584228515625,0.0,1
1252,0,1682.250244140625,1983.8743896484375,25.125,0.0,89.2584228515625,0.0,1
1253,0,1707.6082763671875,1983.5399169921875,25.125,0.0,89.2584228515625,0.0,1
1254,0,1748.246826171875,1983.1419677734375,25.125,0.0,89.2584228515625,0.0,1
1255,0,1778.6854248046875,1983.8741455078125,25.125,0.0,72.3614501953125,0.0,1
1256,0,1802.416015625,1983.8741455078125,25.125,0.0,72.3614501953125,0.0,1
1257,0,1824.4390869140625,1983.8743896484375,25.125,0.0,72.3614501953125,0.0,1
1258,0,1846.110595703125,1983.8741455078125,25.125,0.0,72.3614501953125,0.0,1
1259,0,1881.0618896484375,1977.204345703125,25.125,0.0,72.3614501953125,0.0,1
1260,0,1914.7762451171875,1983.8741455078125,25.125,0.0,72.3614501953125,0.0,1
1261,0,1940.7520751953125,1983.8741455078125,25.125,0.0,72.3614501953125,0.0,1
1262,0,1966.595458984375,1983.874267578125,25.125,0.0,55.4644775390625,0.0,1
1263,0,1983.874267578125,1983.875,25.125,0.0,38.572998046875,0.0,1
1264,0,1983.8743896484375,1983.875,25.125,0.0,21.676025390625,0.0,1
1265,0,1983.8741455078125,1983.875,25.125,0.0,21.676025390625,0.0,1
1266,0,1983.87451171875,1983.875,25.125,0.0,38.572998046875,0.0,1
1267,0,1983.87451171875,1983.875,25.125,0.0,55.4644775390625,0.0,1
1268,0,1983.8746337890625,1983.875,25.125,0.0,55.4644775390625,0.0,1
1269,0,1983.874267578125,1983.875,25.125,0.0,38.572998046875,0.0,1
1270,0,1983.8741455078125,1983.875,25.125,0.0,21.676025390625,0.0,1
1271,0,1983.8746337890625,1962.533935546875,25.125,0.0,21.676025390625,0.0,1
1272,0,1983.874755859375,1920.7991943359375,25.125,0.0,21.676025390625,0.0,1
1273,0,1983.8748779296875,1877.71923828125,25.125,0.0,21.676025390625,0.0,1
1274,0,1983.8740234375,1855.179443359375,25.125,0.0,4.779052734375,0.0,1
1275,0,1982.1529541015625,1870.6646728515625,25.125,0.0,4.779052734375,0.0,1
1276,0,1983.8741455078125,1890.470703125,25.125,0.0,-12.117919921875,0.0,1
1277,0,1983.8743896484375,1891.4586181640625,25.125,0.0,-12.117919921875,0.0,1
1278,0,1978.8175048828125,1867.646240234375,25.125,0.0,-12.117919921875,0.0,1
1279,0,1983.8741455078125,1835.6986083984375,25.125,0.0,-29.014892578125,0.0,1
1280,0,1983.87451171875,1804.1334228515625,25.125,0.0,-29.014892578125,0.0,1
1281,0,1983.8741455078125,1771.8597412109375,25.125,0.0,-29.014892578125,0.0,1
1282,0,1983.87451171875,1736.921630859375,25.125,0.0,-45.911865234375,0.0,1
1283,0,1968.451171875,1696.6956787109375,25.125,0.0,-45.911865234375,0.0,1
1284,0,1973.1944580078125,1657.8941650390625,25.125,0.0,-29.014892578125,0.0,1
1285,0,1976.3101806640625,1613.0299072265625,25.125,0.0,-29.014892578125,0.0,1
1286,0,1983.8741455078125,1573.274658203125,25.125,0.0,-29.014892578125,0.0,1
1287,0,1983.87451171875,1569.726806640625,25.125,0.0,-29.014892578125,0.0,1
1288,0,1983.8741455078125,1571.213134765625,25.125,0.0,-12.117919921875,0.0,1
1289,0,1983.8748779296875,1591.972412109375,25.125,0.0,-12.117919921875,0.0,1
1290,0,1983.8741455078125,1606.7808837890625,25.125,0.0,-29.014892578125,0.0,1
1291,0,1983.87451171875,1596.9825439453125,25.125,0.0,-29.014892578125,0.0,1
1292,0,1983.8743896484375,1571.690673828125,25.125,0.0,-45.911865234375,0.0,1
1293,0,1983.87451171875,1534.390869140625,25.125,0.0,-45.911865234375,0.0,1
1294,0,1983.875,1516.1258544921875,25.125,0.0,-62.8033447265625,0.0,1
1295,0,1963.77392578125,1516.1253662109375,25.125,0.0,-62.8033447265625,0.0,1
1296,0,1921.36328125,1516.1253662109375,25.125,0.0,-62.8033447265625,0.0,1
1297,0,1900.1514892578125,1516.1258544921875,25.125,0.0,-79.7003173828125,0.0,1
1298,0,1897.588134765625,1516.1256103515625,25.125,0.0,-96.5972900390625,0.0,1
1299,0,1897.8897705078125,1516.1258544921875,25.125,0.0,-79.7003173828125,0.0,1
1300,0,1902.3682861328125,1516.1256103515625,25.125,0.0,-62.8033447265625,0.0,1
1301,0,1919.154296875,1516.1258544921875,25.125,0.0,-62.8033447265625,0.0,1
1302,0,1946.2847900390625,1516.12548828125,25.125,0.0,-45.911865234375,0.0,1
1303,0,1983.8424072265625,1531.625244140625,25.125,0.0,-45.911865234375,0.0,1
1304,0,1983.8743896484375,1528.654541015625,25.125,0.0,-45.911865234375,0.0,1
1305,0,1983.875,1516.12548828125,25.125,0.0,-29.014892578125,0.0,1
1306,0,1983.875,1516.125244140625,25.125,0.0,-12.117919921875,0.0,1
1307,0,1983.8743896484375,1516.2291259765625,25.125,0.0,4.779052734375,0.0,1
1308,0,1983.8740234375,1516.796142578125,25.125,0.0,4.779052734375,0.0,1
1309,0,1983.8743896484375,1517.3134765625,25.125,0.0,4.779052734375,0.0,1
1310,0,1983.8740234375,1517.8804931640625,25.125,0.0,4.779052734375,0.0,1
1311,0,1983.8740234375,1518.422607421875,25.125,0.0,4.779052734375,0.0,1
1312,0,1983.8741455078125,1520.7430419921875,25.125,0.0,21.676025390625,0.0,1
1313,0,1983.874267578125,1534.054443359375,25.125,0.0,38.572998046875,0.0,1
1314,0,1983.87451171875,1562.3897705078125,25.125,0.0,38.572998046875,0.0,1
1315,0,1983.874267578125,1599.310791015625,25.125,0.0,38.572998046875,0.0,1
1316,0,1971.6517333984375,1639.613525390625,25.125,0.0,38.572998046875,0.0,1
1317,0,1981.3319091796875,1677.6746826171875,25.125,0.0,21.676025390625,0.0,1
1318,0,1983.8743896484375,1705.43408203125,25.125,0.0,4.779052734375,0.0,1
1319,0,1983.8748779296875,1696.72998046875,25.125,0.0,4.779052734375,0.0,1
1320,0,1983.8740234375,1681.1583251953125,25.125,0.0,4.779052734375,0.0,1
1321,0,1983.8748779296875,1651.51318359375,25.125,0.0,4.779052734375,0.0,1
1322,0,1982.2200927734375,1648.1700439453125,25.125,0.0,4.779052734375,0.0,1
1323,0,1982.791748046875,1636.566650390625,25.125,0.0,4.779052734375,0.0,1
1324,0,1983.8740234375,1619.4029541015625,25.125,0.0,4.779052734375,0.0,1
1325,0,1983.8743896484375,1617.035400390625,25.125,0.0,4.779052734375,0.0,1
1326,0,1983.8740234375,1617.6024169921875,25.125,0.0,4.779052734375,0.0,1
1327,0,1983.875,1595.7470703125,25.125,0.0,4.779052734375,0.0,1
1328,0,1983.875,1554.2144775390625,25.125,0.0,4.779052734375,0.0,1
1329,0,1983.875,1516.127685546875,25.125,0.0,4.779052734375,0.0,1
1330,0,1983.8741455078125,1516.125,25.125,0.0,-12.117919921875,0.0,1
1331,0,1982.1412353515625,1516.1258544921875,25.125,0.0,-12.117919921875,0.0,1
1332,0,1983.8743896484375,1516.2291259765625,25.125,0.0,4.779052734375,0.0,1
1333,0,1983.875,1516.1259765625,25.125,0.0,4.779052734375,0.0,1
1334,0,1983.8743896484375,1518.3134765625,25.125,0.0,21.676025390625,0.0,1
1335,0,1983.875,1516.1258544921875,25.125,0.0,21.676025390625,0.0,1
1336,0,1983.875,1516.1258544921875,25.125,0.0,21.676025390625,0.0,1
1337,0,1975.38330078125,1537.6153564453125,25.125,0.0,21.676025390625,0.0,1
1338,0,1983.8741455078125,1568.785888671875,25.125,0.0,21.676025390625,0.0,1
1339,0,1983.87451171875,1599.1329345703125,25.125,0.0,38.572998046875,0.0,1
1340,0,1983.8743896484375,1601.648193359375,25.125,0.0,38.572998046875,0.0,1
1341,0,1983.8746337890625,1573.7127685546875,25.125,0.0,38.572998046875,0.0,1
1342,0,1983.87451171875,1567.6630859375,25.125,0.0,55.4644775390625,0.0,1
1343,0,1964.56982421875,1589.1370849609375,25.125,0.0,55.4644775390625,0.0,1
1344,0,1964.013916015625,1592.6717529296875,25.125,0.0,55.4644775390625,0.0,1
1345,0,1983.87451171875,1605.341552734375,25.125,0.0,55.4644775390625,0.0,1
1346,0,1983.874267578125,1639.8919677734375,25.125,0.0,38.572998046875,0.0,1
1347,0,1983.87451171875,1681.653564453125,25.125,0.0,55.4644775390625,0.0,1
1348,0,1983.87451171875,1697.6287841796875,25.125,0.0,55.4644775390625,0.0,1
1349,0,1983.87451171875,1716.290283203125,25.125,0.0,55.4644775390625,0.0,1
1350,0,1965.2109375,1748.94873046875,25.125,0.0,55.4644775390625,0.0,1
1351,0,1967.2421875,1756.167236328125,25.125,0.0,55.4644775390625,0.0,1
1352,0,1983.87451171875,1737.808837890625,25.125,0.0,55.4644775390625,0.0,1
1353,0,1983.874755859375,1743.541748046875,25.125,0.0,72.3614501953125,0.0,1
1354,0,1983.8741455078125,1751.4931640625,25.125,0.0,72.3614501953125,0.0,1
1355,0,1983.8746337890625,1771.60791015625,25.125,0.0,55.4644775390625,0.0,1
1356,0,1983.874267578125,1809.8765869140625,25.125,0.0,38.572998046875,0.0,1
1357,0,1983.8746337890625,1817.8299560546875,25.125,0.0,38.572998046875,0.0,1
1358,0,1983.8743896484375,1791.7679443359375,25.125,0.0,38.572998046875,0.0,1
1359,0,1983.8746337890625,1750.9459228515625,25.125,0.0,38.572998046875,0.0,1
1360,0,1983.874267578125,1736.8489990234375,25.125,0.0,38.572998046875,0.0,1
1361,0,1983.8741455078125,1750.5101318359375,25.125,0.0,21.676025390625,0.0,1
1362,0,1983.8746337890625,1740.01025390625,25.125,0.0,21.676025390625,0.0,1
1363,0,1983.8740234375,1728.562744140625,25.125,0.0,4.779052734375,0.0,1
1364,0,1983.8743896484375,1730.4732666015625,25.125,0.0,21.676025390625,0.0,1
1365,0,1983.8746337890625,1712.068115234375,25.125,0.0,21.676025390625,0.0,1
1366,0,1983.8743896484375,1696.88427734375,25.125,0.0,4.779052734375,0.0,1
1367,0,1983.8741455078125,1694.5947265625,25.125,0.0,-12.117919921875,0.0,1
1368,0,1979.1485595703125,1672.008544921875,25.125,0.0,-12.117919921875,0.0,1
1369,0,1970.5672607421875,1631.3739013671875,25.125,0.0,-12.117919921875,0.0,1
1370,0,1962.1683349609375,1591.6114501953125,25.125,0.0,-12.117919921875,0.0,1
1371,0,1980.446533203125,1560.180419921875,25.125,0.0,-12.117919921875,0.0,1
1372,0,1983.8740234375,1541.6995849609375,25.125,0.0,4.779052734375,0.0,1
1373,0,1983.8743896484375,1537.164794921875,25.125,0.0,4.779052734375,0.0,1
1374,0,1983.8741455078125,1536.657958984375,25.125,0.0,-12.117919921875,0.0,1
1375,0,1979.0509033203125,1516.127197265625,25.125,0.0,-12.117919921875,0.0,1
1376,0,1983.8741455078125,1516.125,25.125,0.0,-12.117919921875,0.0,1
1377,0,1983.8743896484375,1516.125,25.125,0.0,-12.117919921875,0.0,1
1378,0,1983.8740234375,1516.251220703125,25.125,0.0,4.779052734375,0.0,1
1379,0,1983.875,1516.125244140625,25.125,0.0,-12.117919921875,0.0,1
1380,0,1981.958251953125,1516.1258544921875,25.125,0.0,-12.117919921875,0.0,1
1381,0,1983.8740234375,1516.239990234375,25.125,0.0,4.779052734375,0.0,1
1382,0,1983.875,1516.1256103515625,25.125,0.0,4.779052734375,0.0,1
1383,0,1983.875,1516.1259765625,25.125,0.0,4.779052734375,0.0,1
1384,0,1983.8743896484375,1516.125,25.125,0.0,-12.117919921875,0.0,1
1385,0,1981.9635009765625,1516.1258544921875,25.125,0.0,-12.117919921875,0.0,1
1386,0,1983.8741455078125,1516.125,25.125,0.0,-29.014892578125,0.0,1
1387,0,1983.8741455078125,1516.125,25.125,0.0,-12.117919921875,0.0,1
1388,0,1982.1412353515625,1516.1258544921875,25.125,0.0,-12.117919921875,0.0,1
1389,0,1983.875,1516.125244140625,25.125,0.0,-29.014892578125,0.0,1
1390,0,1973.6405029296875,1516.1258544921875,25.125,0.0,-29.014892578125,0.0,1
1391,0,1981.724853515625,1516.12548828125,25.125,0.0,-45.911865234375,0.0,1
1392,0,1983.8743896484375,1516.125,25.125,0.0,-45.911865234375,0.0,1
1393,0,1983.87451171875,1516.125,25.125,0.0,-29.014892578125,0.0,1
1394,0,1983.8741455078125,1516.125,25.125,0.0,-12.117919921875,0.0,1
1395,0,1983.8740234375,1516.239990234375,25.125,0.0,4.779052734375,0.0,1
1396,0,1983.8740234375,1516.80712890625,25.125,0.0,4.779052734375,0.0,1
1397,0,1983.875,1516.1259765625,25.125,0.0,4.779052734375,0.0,1
1398,0,1983.875,1516.1256103515625,25.125,0.0,4.779052734375,0.0,1
1399,0,1983.875,1516.1259765625,25.125,0.0,4.779052734375,0.0,1
1400,0,1983.8743896484375,1516.6680908203125,25.125,0.0,4.779052734375,0.0,1
1401,0,1983.874267578125,1516.125,25.125,0.0,-12.117919921875,0.0,1
1402,0,1983.87451171875,1516.125,25.125,0.0,-29.014892578125,0.0,1
1403,0,1973.6424560546875,1516.1258544921875,25.125,0.0,-29.014892578125,0.0,1
1404,0,1981.5755615234375,1516.1256103515625,25.125,0.0,-45.911865234375,0.0,1
1405,0,1973.2813720703125,1516.1256103515625,25.125,0.0,-45.911865234375,0.0,1
1406,0,1972.9866943359375,1516.1258544921875,25.125,0.0,-62.8033447265625,0.0,1
1407,0,1958.4993896484375,1516.125244140625,25.125,0.0,-62.8033447265625,0.0,1
1408,0,1951.1519775390625,1516.1258544921875,25.125,0.0,-62.8033447265625,0.0,1
1409,0,1934.0899658203125,1516.125244140625,25.125,0.0,-62.8033447265625,0.0,1
1410,0,1892.704833984375,1516.1253662109375,25.125,0.0,-62.8033447265625,0.0,1
1411,0,1871.4808349609375,1502.090087890625,25.125,0.0,-79.7003173828125,0.0,1
1412,0,1869.0008544921875,1462.632568359375,25.125,0.0,-79.7003173828125,0.0,1
1413,0,1872.0513916015625,1421.8809814453125,25.125,0.0,-79.7003173828125,0.0,1
1414,0,1877.3931884765625,1381.5458984375,25.125,0.0,-79.7003173828125,0.0,1
1415,0,1885.8770751953125,1340.3759765625,25.125,0.0,-62.8033447265625,0.0,1
1416,0,1902.8319091796875,1316.12548828125,25.125,0.0,-45.911865234375,0.0,1
1417,0,1937.6014404296875,1312.0435791015625,25.125,0.0,-29.014892578125,0.0,1
1418,0,1976.514404296875,1299.7469482421875,25.125,0.0,-12.117919921875,0.0,1
1419,0,1983.8741455078125,1287.7889404296875,25.125,0.0,-12.117919921875,0.0,1
1420,0,1983.8741455078125,1272.08837890625,25.125,0.0,-29.014892578125,0.0,1
1421,0,1983.8741455078125,1247.7381591796875,25.125,0.0,-29.014892578125,0.0,1
1422,0,1983.8741455078125,1218.6683349609375,25.125,0.0,-29.014892578125,0.0,1
1423,0,1973.7880859375,1180.7767333984375,25.125,0.0,-29.014892578125,0.0,1
1424,0,1983.8729248046875,1143.230712890625,25.125,0.0,-29.014892578125,0.0,1
1425,0,1974.5108642578125,1103.2647705078125,25.125,0.0,-29.014892578125,0.0,1
1426,0,1958.7183837890625,1064.453857421875,25.125,0.0,-29.014892578125,0.0,1
1427,0,1969.5025634765625,1031.6646728515625,25.125,0.0,-12.117919921875,0.0,1
1428,0,1983.8740234375,1010.9395751953125,25.125,0.0,4.779052734375,0.0,1
1429,0,1983.8740234375,1005.5978393554688,25.125,0.0,4.779052734375,0.0,1
1430,0,1983.8743896484375,1005.0717163085938,25.125,0.0,-12.117919921875,0.0,1
1431,0,1983.8741455078125,1003.2069702148438,25.125,0.0,-12.117919921875,0.0,1
1432,0,1983.8743896484375,1000.3351440429688,25.125,0.0,-12.117919921875,0.0,1
1433,0,1983.8741455078125,996.3477172851562,25.125,0.0,-12.117919921875,0.0,1
1434,0,1983.8743896484375,994.485595703125,25.125,0.0,4.779052734375,0.0,1
1435,0,1983.8741455078125,996.8063354492188,25.125,0.0,21.676025390625,0.0,1
1436,0,1983.8741455078125,1007.0372314453125,25.125,0.0,21.676025390625,0.0,1
1437,0,1983.8740234375,1022.5794067382812,25.125,0.0,4.779052734375,0.0,1
1438,0,1983.8741455078125,1036.419677734375,25.125,0.0,21.676025390625,0.0,1
1439,0,1983.8743896484375,1052.6065673828125,25.125,0.0,4.779052734375,0.0,1
1440,0,1983.8748779296875,1039.0137939453125,25.125,0.0,4.779052734375,0.0,1
1441,0,1983.875,999.7410278320312,25.125,0.0,4.779052734375,0.0,1
1442,0,1983.8740234375,974.7627563476562,25.125,0.0,4.779052734375,0.0,1
1443,0,1983.8743896484375,964.4794921875,25.125,0.0,-12.117919921875,0.0,1
1444,0,1978.80615234375,934.957275390625,25.125,0.0,-12.117919921875,0.0,1
1445,0,1983.8740234375,907.0357666015625,25.125,0.0,4.779052734375,0.0,1
1446,0,1983.8741455078125,893.537353515625,25.125,0.0,-12.117919921875,0.0,1
1447,0,1979.0184326171875,863.20703125,25.125,0.0,-12.117919921875,0.0,1
1448,0,1971.1995849609375,823.3196411132812,25.125,0.0,-12.117919921875,0.0,1
1449,0,1983.8741455078125,792.3472900390625,25.125,0.0,-12.117919921875,0.0,1
1450,0,1979.521728515625,754.8935546875,25.125,0.0,-12.117919921875,0.0,1
1451,0,1983.8741455078125,723.0820922851562,25.125,0.0,-12.117919921875,0.0,1
1452,0,1983.8743896484375,704.2959594726562,25.125,0.0,4.779052734375,0.0,1
1453,0,1983.875,671.9344482421875,25.125,0.0,4.779052734375,0.0,1
1454,0,1983.875,631.1801147460938,25.125,0.0,4.779052734375,0.0,1
1455,0,1983.8741455078125,602.9424438476562,25.125,0.0,-12.117919921875,0.0,1
1456,0,1983.8741455078125,583.7843627929688,25.125,0.0,-12.117919921875,0.0,1
1457,0,1983.8743896484375,570.4993286132812,25.125,0.0,4.779052734375,0.0,1
1458,0,1983.8748779296875,540.8820190429688,25.125,0.0,4.779052734375,0.0,1
1459,0,1983.8743896484375,516.4588012695312,25.125,0.0,4.779052734375,0.0,1
1460,0,1983.8740234375,509.0644836425781,25.125,0.0,4.779052734375,0.0,1
1461,0,1983.8741455078125,511.34130859375,25.125,0.0,21.676025390625,0.0,1
1462,0,1983.8740234375,518.318603515625,25.125,0.0,4.779052734375,0.0,1
1463,0,1983.8741455078125,519.3342895507812,25.125,0.0,-12.117919921875,0.0,1
1464,0,1983.8743896484375,518.9863891601562,25.125,0.0,4.779052734375,0.0,1
1465,0,1983.8748779296875,495.0355529785156,25.125,0.0,4.779052734375,0.0,1
1466,0,1983.8743896484375,472.5676574707031,25.125,0.0,4.779052734375,0.0,1
1467,0,1982.1041259765625,487.67333984375,25.125,0.0,4.779052734375,0.0,1
1468,0,1983.8743896484375,512.6602783203125,25.125,0.0,21.676025390625,0.0,1
1469,0,1983.8741455078125,537.6968383789062,25.125,0.0,21.676025390625,0.0,1
1470,0,1983.8740234375,559.469970703125,25.125,0.0,4.779052734375,0.0,1
1471,0,1983.8748779296875,546.8297729492188,25.125,0.0,4.779052734375,0.0,1
1472,0,1983.8741455078125,526.0895385742188,25.125,0.0,-12.117919921875,0.0,1
1473,0,1983.8743896484375,509.85089111328125,25.125,0.0,-12.117919921875,0.0,1
1474,0,1983.8741455078125,494.3943176269531,25.125,0.0,-12.117919921875,0.0,1
1475,0,1983.8743896484375,479.71160888671875,25.125,0.0,-12.117919921875,0.0,1
1476,0,1983.8741455078125,461.789306640625,25.125,0.0,-29.014892578125,0.0,1
1477,0,1983.87451171875,434.9416198730469,25.125,0.0,-45.911865234375,0.0,1
1478,0,1967.7493896484375,397.5860900878906,25.125,0.0,-45.911865234375,0.0,1
1479,0,1966.684814453125,356.5224914550781,25.125,0.0,-62.8033447265625,0.0,1
1480,0,1976.4207763671875,315.76971435546875,25.125,0.0,-79.7003173828125,0.0,1
1481,0,1983.8746337890625,275.591796875,25.125,0.0,-62.8033447265625,0.0,1
1482,0,1983.87451171875,228.4945526123047,25.125,0.0,-45.911865234375,0.0,1
1483,0,1983.8741455078125,181.2443084716797,25.125,0.0,-29.014892578125,0.0,1
1484,0,1983.8743896484375,144.3881378173828,25.125,0.0,-12.117919921875,0.0,1
1485,0,1983.8741455078125,118.54817199707031,25.125,0.0,-12.117919921875,0.0,1
1486,0,1983.8740234375,116.24018096923828,25.125,0.0,4.779052734375,0.0,1
1487,0,1981.94580078125,139.150634765625,25.125,0.0,4.779052734375,0.0,1
1488,0,1983.8740234375,165.1432647705078,25.125,0.0,4.779052734375,0.0,1
1489,0,1983.875,154.4808349609375,25.125,0.0,4.779052734375,0.0,1
1490,0,1983.8741455078125,134.7504425048828,25.125,0.0,-12.117919921875,0.0,1
1491,0,1983.8743896484375,122.44159698486328,25.125,0.0,4.779052734375,0.0,1
1492,0,1983.8741455078125,119.23783874511719,25.125,0.0,-12.117919921875,0.0,1
1493,0,1983.8743896484375,116.74394989013672,25.125,0.0,-12.117919921875,0.0,1
1494,0,1983.875,116.12545013427734,25.125,0.0,-29.014892578125,0.0,1
1495,0,1983.875,116.12566375732422,25.125,0.0,-45.911865234375,0.0,1
1496,0,1983.875,116.12545013427734,25.125,0.0,-29.014892578125,0.0,1
1497,0,1983.875,116.12566375732422,25.125,0.0,-45.911865234375,0.0,1
1498,0,1983.87451171875,131.69662475585938,25.125,0.0,-45.911865234375,0.0,1
1499,0,1966.3218994140625,131.39767456054688,25.125,0.0,-45.911865234375,0.0,1
1500,0,1964.7352294921875,116.12545013427734,25.125,0.0,-45.911865234375,0.0,1
1501,0,1983.8746337890625,116.125,25.125,0.0,-62.8033447265625,0.0,1
1502,0,1963.762939453125,116.12528991699219,25.125,0.0,-62.8033447265625,0.0,1
1503,0,1950.7642822265625,116.12590789794922,25.125,0.0,-79.7003173828125,0.0,1
1504,0,1955.02978515625,116.12582397460938,25.125,0.0,-62.8033447265625,0.0,1
1505,0,1939.8714599609375,116.12528991699219,25.125,0.0,-62.8033447265625,0.0,1
1506,0,1900.227783203125,116.12531280517578,25.125,0.0,-62.8033447265625,0.0,1
1507,0,1855.6683349609375,116.1252212524414,25.125,0.0,-62.8033447265625,0.0,1
1508,0,1834.2877197265625,116.12590789794922,25.125,0.0,-79.7003173828125,0.0,1
1509,0,1832.0404052734375,116.12562561035156,25.125,0.0,-96.5972900390625,0.0,1
1510,0,1808.1923828125,118.84323120117188,25.125,0.0,-96.5972900390625,0.0,1
1511,0,1784.1448974609375,116.12590789794922,25.125,0.0,-79.7003173828125,0.0,1
1512,0,1780.1258544921875,116.12590789794922,25.125,0.0,-79.7003173828125,0.0,1
1513,0,1781.3565673828125,116.12590789794922,25.125,0.0,-79.7003173828125,0.0,1
1514,0,1785.8350830078125,116.12555694580078,25.125,0.0,-62.8033447265625,0.0,1
1515,0,1812.2808837890625,126.85431671142578,25.125,0.0,-62.8033447265625,0.0,1
1516,0,1815.59619140625,127.46527862548828,25.125,0.0,-62.8033447265625,0.0,1
1517,0,1783.17578125,116.12541961669922,25.125,0.0,-62.8033447265625,0.0,1
1518,0,1738.9505615234375,116.1252212524414,25.125,0.0,-62.8033447265625,0.0,1
1519,0,1731.04248046875,127.27639770507812,25.125,0.0,-62.8033447265625,0.0,1
1520,0,1748.0147705078125,116.58171081542969,25.125,0.0,-79.7003173828125,0.0,1
1521,0,1760.1529541015625,116.12591552734375,25.125,0.0,-96.5972900390625,0.0,1
1522,0,1787.174072265625,116.12510681152344,25.125,0.0,-96.5972900390625,0.0,1
1523,0,1813.387451171875,116.12561798095703,25.125,0.0,-79.7003173828125,0.0,1
1524,0,1827.8045654296875,116.12591552734375,25.125,0.0,-96.5972900390625,0.0,1
1525,0,1827.2635498046875,116.12557220458984,25.125,0.0,-113.4942626953125,0.0,1
1526,0,1818.5509033203125,116.12591552734375,25.125,0.0,-96.5972900390625,0.0,1
1527,0,1812.1201171875,116.12562561035156,25.125,0.0,-96.5972900390625,0.0,1
1528,0,1811.3037109375,116.12590789794922,25.125,0.0,-79.7003173828125,0.0,1
1529,0,1833.943359375,120.23622131347656,25.125,0.0,-79.7003173828125,0.0,1
1530,0,1874.8013916015625,127.6355209350586,25.125,0.0,-79.7003173828125,0.0,1
1531,0,1878.0279541015625,128.2003631591797,25.125,0.0,-79.7003173828125,0.0,1
1532,0,1870.618408203125,116.12561798095703,25.125,0.0,-79.7003173828125,0.0,1
1533,0,1871.8797607421875,116.12590789794922,25.125,0.0,-79.7003173828125,0.0,1
1534,0,1873.07958984375,116.12561798095703,25.125,0.0,-79.7003173828125,0.0,1
1535,0,1849.4010009765625,116.12516784667969,25.125,0.0,-79.7003173828125,0.0,1
1536,0,1826.3265380859375,116.12591552734375,25.125,0.0,-96.5972900390625,0.0,1
1537,0,1791.797119140625,118.83350372314453,25.125,0.0,-96.5972900390625,0.0,1
1538,0,1765.6473388671875,116.12590789794922,25.125,0.0,-79.7003173828125,0.0,1
1539,0,1778.6356201171875,119.64702606201172,25.125,0.0,-79.7003173828125,0.0,1
1540,0,1805.7529296875,116.12582397460938,25.125,0.0,-62.8033447265625,0.0,1
1541,0,1842.2916259765625,125.88703155517578,25.125,0.0,-62.8033447265625,0.0,1
1542,0,1876.1370849609375,116.12590789794922,25.125,0.0,-79.7003173828125,0.0,1
1543,0,1895.2213134765625,116.12562561035156,25.125,0.0,-96.5972900390625,0.0,1
1544,0,1897.1654052734375,116.12584686279297,25.125,0.0,-113.4942626953125,0.0,1
1545,0,1873.3470458984375,125.40621185302734,25.125,0.0,-113.4942626953125,0.0,1
1546,0,1839.8375244140625,116.12834167480469,25.125,0.0,-113.4942626953125,0.0,1
1547,0,1810.3316650390625,116.12584686279297,25.125,0.0,-113.4942626953125,0.0,1
1548,0,1772.4957275390625,124.4504165649414,25.125,0.0,-113.4942626953125,0.0,1
1549,0,1732.93310546875,137.78758239746094,25.125,0.0,-113.4942626953125,0.0,1
1550,0,1695.0260009765625,152.525390625,25.125,0.0,-113.4942626953125,0.0,1
1551,0,1656.6090087890625,168.49859619140625,25.125,0.0,-113.4942626953125,0.0,1
1552,0,1620.0445556640625,183.9171142578125,25.125,0.0,-113.4942626953125,0.0,1
1553,0,1616.1258544921875,203.2606658935547,25.125,0.0,-113.4942626953125,0.0,1
1554,0,1616.1251220703125,195.2625274658203,25.125,0.0,-96.5972900390625,0.0,1
1555,0,1613.2608642578125,156.24989318847656,25.125,0.0,-113.4942626953125,0.0,1
1556,0,1605.1810302734375,116.22306823730469,25.125,0.0,-96.5972900390625,0.0,1
1557,0,1599.27685546875,116.12562561035156,25.125,0.0,-96.5972900390625,0.0,1
1558,0,1572.9775390625,118.84925842285156,25.125,0.0,-96.5972900390625,0.0,1
1559,0,1547.894775390625,116.12561798095703,25.125,0.0,-79.7003173828125,0.0,1
1560,0,1543.4832763671875,116.12590789794922,25.125,0.0,-79.7003173828125,0.0,1
1561,0,1547.8912353515625,116.12582397460938,25.125,0.0,-62.8033447265625,0.0,1
1562,0,1561.261962890625,116.12590789794922,25.125,0.0,-79.7003173828125,0.0,1
1563,0,1547.797119140625,116.12516784667969,25.125,0.0,-79.7003173828125,0.0,1
1564,0,1532.5181884765625,116.12561798095703,25.125,0.0,-79.7003173828125,0.0,1
1565,0,1531.5391845703125,116.12591552734375,25.125,0.0,-96.5972900390625,0.0,1
1566,0,1530.79150390625,116.12562561035156,25.125,0.0,-96.5972900390625,0.0,1
1567,0,1506.9434814453125,118.84323120117188,25.125,0.0,-96.5972900390625,0.0,1
1568,0,1466.6199951171875,123.40646362304688,25.125,0.0,-96.5972900390625,0.0,1
1569,0,1437.0048828125,116.12591552734375,25.125,0.0,-96.5972900390625,0.0,1
1570,0,1400.8187255859375,118.63581085205078,25.125,0.0,-96.5972900390625,0.0,1
1571,0,1360.36962890625,122.62855529785156,25.125,0.0,-96.5972900390625,0.0,1
1572,0,1319.9495849609375,126.8696060180664,25.125,0.0,-96.5972900390625,0.0,1
1573,0,1279.529541015625,131.11068725585938,25.125,0.0,-96.5972900390625,0.0,1
1574,0,1249.9364013671875,116.12591552734375,25.125,0.0,-96.5972900390625,0.0,1
1575,0,1229.8980712890625,116.12557220458984,25.125,0.0,-113.4942626953125,0.0,1
1576,0,1238.050537109375,116.1253662109375,25.125,0.0,-113.4942626953125,0.0,1
1577,0,1241.7886962890625,116.12548065185547,25.125,0.0,-130.3912353515625,0.0,1
1578,0,1217.5069580078125,116.12549591064453,25.125,0.0,-147.28271484375,0.0,1
1579,0,1175.941650390625,116.1254653930664,25.125,0.0,-147.28271484375,0.0,1
1580,0,1134.4595947265625,133.98468017578125,25.125,0.0,-147.28271484375,0.0,1
1581,0,1091.529052734375,138.02450561523438,25.125,0.0,-147.28271484375,0.0,1
1582,0,1051.18212890625,128.31845092773438,25.125,0.0,-164.1796875,0.0,1
1583,0,1011.2977905273438,116.12584686279297,25.125,0.0,-147.28271484375,0.0,1
1584,0,966.9429931640625,116.12528991699219,25.125,0.0,-147.28271484375,0.0,1
1585,0,919.4013061523438,116.12539672851562,25.125,0.0,-147.28271484375,0.0,1
1586,0,916.1257934570312,116.125,25.125,0.0,-147.28271484375,0.0,1
1587,0,916.12548828125,136.11048889160156,25.125,0.0,-147.28271484375,0.0,1
1588,0,916.1259155273438,146.0986328125,25.125,0.0,-164.1796875,0.0,1
1589,0,916.1256103515625,144.76516723632812,25.125,0.0,178.92333984375,0.0,1
1590,0,916.1259155273438,143.73681640625,25.125,0.0,-164.1796875,0.0,1
1591,0,916.1256103515625,142.11532592773438,25.125,0.0,178.92333984375,0.0,1
1592,0,916.1258544921875,143.5766143798828,25.125,0.0,162.0263671875,0.0,1
1593,0,916.1256103515625,150.31826782226562,25.125,0.0,162.0263671875,0.0,1
1594,0,916.1259155273438,160.261962890625,25.125,0.0,178.92333984375,0.0,1
1595,0,916.1259155273438,161.3047332763672,25.125,0.0,-164.1796875,0.0,1
1596,0,916.1259155273438,156.2286376953125,25.125,0.0,-164.1796875,0.0,1
1597,0,916.1259155273438,146.5128936767578,25.125,0.0,-164.1796875,0.0,1
1598,0,916.1256103515625,132.46939086914062,25.125,0.0,-164.1796875,0.0,1
1599,0,916.1250610351562,116.1278076171875,25.125,0.0,-147.28271484375,0.0,1
1600,0,916.125,116.12533569335938,25.125,0.0,-147.28271484375,0.0,1
1601,0,916.125,116.12570190429688,25.125,0.0,-130.3912353515625,0.0,1
1602,0,916.125,116.12548065185547,25.125,0.0,-130.3912353515625,0.0,1
1603,0,916.125,116.12570190429688,25.125,0.0,-130.3912353515625,0.0,1
1604,0,916.125,116.12549591064453,25.125,0.0,-147.28271484375,0.0,1
1605,0,916.12548828125,136.099365234375,25.125,0.0,-147.28271484375,0.0,1
1606,0,916.1259155273438,146.08750915527344,25.125,0.0,-164.1796875,0.0,1
1607,0,916.1256103515625,144.75404357910156,25.125,0.0,178.92333984375,0.0,1
1608,0,916.1259155273438,144.8818817138672,25.125,0.0,178.92333984375,0.0,1
1609,0,916.1256103515625,143.8614044189453,25.125,0.0,-164.1796875,0.0,1
1610,0,916.1257934570312,135.49993896484375,25.125,0.0,-147.28271484375,0.0,1
1611,0,916.12548828125,146.03614807128906,25.125,0.0,-147.28271484375,0.0,1
1612,0,916.1257934570312,149.52740478515625,25.125,0.0,-147.28271484375,0.0,1
1613,0,916.1259155273438,134.9028778076172,25.125,0.0,-164.1796875,0.0,1
1614,0,916.1256103515625,120.28846740722656,25.125,0.0,178.92333984375,0.0,1
1615,0,916.6323852539062,137.76866149902344,25.125,0.0,178.92333984375,0.0,1
1616,0,917.4088745117188,177.75360107421875,25.125,0.0,178.92333984375,0.0,1
1617,0,916.1259155273438,205.1498260498047,25.125,0.0,178.92333984375,0.0,1
1618,0,916.1256103515625,214.1321563720703,25.125,0.0,-164.1796875,0.0,1
1619,0,916.1257934570312,206.80734252929688,25.125,0.0,-147.28271484375,0.0,1
1620,0,916.1256103515625,182.7186737060547,25.125,0.0,-130.3912353515625,0.0,1
1621,0,916.1256103515625,143.0020294189453,25.125,0.0,-130.3912353515625,0.0,1
1622,0,916.125,116.12584686279297,25.125,0.0,-113.4942626953125,0.0,1
1623,0,916.125,116.12562561035156,25.125,0.0,-96.5972900390625,0.0,1
1624,0,916.5712280273438,116.12590789794922,25.125,0.0,-79.7003173828125,0.0,1
1625,0,916.677490234375,116.12562561035156,25.125,0.0,-96.5972900390625,0.0,1
1626,0,916.125,116.12591552734375,25.125,0.0,-96.5972900390625,0.0,1
1627,0,916.125,116.12557220458984,25.125,0.0,-113.4942626953125,0.0,1
1628,0,916.125,116.12570190429688,25.125,0.0,-130.3912353515625,0.0,1
1629,0,916.125732421875,130.24563598632812,25.125,0.0,-130.3912353515625,0.0,1
1630,0,916.1257934570312,129.7196807861328,25.125,0.0,-147.28271484375,0.0,1
1631,0,916.125,116.12525177001953,25.125,0.0,-164.1796875,0.0,1
1632,0,916.125,116.12516784667969,25.125,0.0,-164.1796875,0.0,1
1633,0,916.125,116.12525177001953,25.125,0.0,-164.1796875,0.0,1
1634,0,916.125,116.12516784667969,25.125,0.0,-164.1796875,0.0,1
1635,0,916.125,116.12525177001953,25.125,0.0,-164.1796875,0.0,1
1636,0,916.125244140625,137.98927307128906,25.125,0.0,-164.1796875,0.0,1
1637,0,916.1259155273438,154.60987854003906,25.125,0.0,-164.1796875,0.0,1
1638,0,916.125244140625,179.78416442871094,25.125,0.0,-164.1796875,0.0,1
1639,0,916.0138549804688,221.50538635253906,25.125,0.0,-164.1796875,0.0,1
1640,0,891.1887817382812,245.5889434814453,25.125,0.0,178.92333984375,0.0,1
1641,0,850.7313232421875,255.6843719482422,25.125,0.0,178.92333984375,0.0,1
1642,0,824.3347778320312,284.9532470703125,25.125,0.0,178.92333984375,0.0,1
1643,0,790.629638671875,312.2717590332031,25.125,0.0,178.92333984375,0.0,1
1644,0,749.2660522460938,325.2424621582031,25.125,0.0,178.92333984375,0.0,1
1645,0,708.734619140625,331.39862060546875,25.125,0.0,178.92333984375,0.0,1
1646,0,667.4656982421875,332.7403564453125,25.125,0.0,-164.1796875,0.0,1
1647,0,626.1181030273438,325.2781066894531,25.125,0.0,-147.28271484375,0.0,1
1648,0,587.4840698242188,311.78765869140625,25.125,0.0,-164.1796875,0.0,1
1649,0,555.4201049804688,326.44683837890625,25.125,0.0,-164.1796875,0.0,1
1650,0,516.9733276367188,343.1732177734375,25.125,0.0,178.92333984375,0.0,1
1651,0,475.5024719238281,350.4372863769531,25.125,0.0,178.92333984375,0.0,1
1652,0,434.9229736328125,354.0364990234375,25.125,0.0,178.92333984375,0.0,1
1653,0,393.3199768066406,358.185791015625,25.125,0.0,162.0263671875,0.0,1
1654,0,353.0765686035156,364.6555480957031,25.125,0.0,178.92333984375,0.0,1
1655,0,311.73956298828125,366.6354064941406,25.125,0.0,-164.1796875,0.0,1
1656,0,270.2217102050781,359.5459899902344,25.125,0.0,-147.28271484375,0.0,1
1657,0,231.51129150390625,346.221923828125,25.125,0.0,-164.1796875,0.0,1
1658,0,190.87808227539062,335.132080078125,25.125,0.0,178.92333984375,0.0,1
1659,0,150.1350860595703,330.03485107421875,25.125,0.0,178.92333984375,0.0,1
1660,0,116.12592315673828,328.232666015625,25.125,0.0,178.92333984375,0.0,1
1661,0,116.1258773803711,329.6639404296875,25.125,0.0,162.0263671875,0.0,1
1662,0,116.1257553100586,339.8987731933594,25.125,0.0,145.12939453125,0.0,1
1663,0,116.12557220458984,366.8868103027344,25.125,0.0,128.232421875,0.0,1
1664,0,116.125,383.87451171875,25.125,0.0,128.232421875,0.0,1
1665,0,116.125,383.874267578125,25.125,0.0,128.232421875,0.0,1
1666,0,116.125,383.87451171875,25.125,0.0,128.232421875,0.0,1
1667,0,116.125,383.8744812011719,25.125,0.0,145.12939453125,0.0,1
1668,0,116.125,383.8746337890625,25.125,0.0,145.12939453125,0.0,1
1669,0,116.125,383.874267578125,25.125,0.0,128.232421875,0.0,1
1670,0,116.125,383.8744812011719,25.125,0.0,145.12939453125,0.0,1
1671,0,116.125,383.874267578125,25.125,0.0,128.232421875,0.0,1
1672,0,116.125,383.874267578125,25.125,0.0,128.232421875,0.0,1
1673,0,116.125,383.8744201660156,25.125,0.0,111.3409423828125,0.0,1
1674,0,116.125,383.8741455078125,25.125,0.0,111.3409423828125,0.0,1
1675,0,116.125,383.8743896484375,25.125,0.0,94.4439697265625,0.0,1
1676,0,116.125,383.87408447265625,25.125,0.0,94.4439697265625,0.0,1
1677,0,138.9230194091797,383.87493896484375,25.125,0.0,94.4439697265625,0.0,1
1678,0,158.1665802001953,383.8741455078125,25.125,0.0,111.3409423828125,0.0,1
1679,0,151.30062866210938,383.874267578125,25.125,0.0,128.232421875,0.0,1
1680,0,128.55453491210938,383.8741455078125,25.125,0.0,111.3409423828125,0.0,1
1681,0,116.12506866455078,383.875,25.125,0.0,94.4439697265625,0.0,1
1682,0,116.12522888183594,383.875,25.125,0.0,111.3409423828125,0.0,1
1683,0,116.12557220458984,383.875,25.125,0.0,128.232421875,0.0,1
1684,0,116.1255111694336,383.875,25.125,0.0,145.12939453125,0.0,1
1685,0,128.9110870361328,383.8742370605469,25.125,0.0,145.12939453125,0.0,1
1686,0,155.64279174804688,383.8742370605469,25.125,0.0,145.12939453125,0.0,1
1687,0,155.4174041748047,383.8744812011719,25.125,0.0,145.12939453125,0.0,1
1688,0,156.8391876220703,383.8742370605469,25.125,0.0,145.12939453125,0.0,1
1689,0,147.57037353515625,383.87451171875,25.125,0.0,128.232421875,0.0,1
1690,0,152.98831176757812,383.8744201660156,25.125,0.0,128.232421875,0.0,1
1691,0,151.65948486328125,383.87451171875,25.125,0.0,128.232421875,0.0,1
1692,0,161.88446044921875,383.8744201660156,25.125,0.0,128.232421875,0.0,1
1693,0,160.98988342285156,383.8746337890625,25.125,0.0,145.12939453125,0.0,1
1694,0,132.24392700195312,383.874267578125,25.125,0.0,128.232421875,0.0,1
1695,0,116.12557220458984,383.875,25.125,0.0,128.232421875,0.0,1
1696,0,116.12533569335938,383.875,25.125,0.0,111.3409423828125,0.0,1
1697,0,116.12506866455078,383.875,25.125,0.0,94.4439697265625,0.0,1
1698,0,116.74308776855469,383.8743896484375,25.125,0.0,77.5469970703125,0.0,1
1699,0,119.1695327758789,383.87408447265625,25.125,0.0,77.5469970703125,0.0,1
1700,0,143.1920623779297,378.8356628417969,25.125,0.0,77.5469970703125,0.0,1
1701,0,175.99725341796875,383.87420654296875,25.125,0.0,60.6500244140625,0.0,1
1702,0,213.31915283203125,374.19976806640625,25.125,0.0,60.6500244140625,0.0,1
1703,0,251.00778198242188,386.3891906738281,25.125,0.0,60.6500244140625,0.0,1
1704,0,293.86956787109375,392.7519836425781,25.125,0.0,60.6500244140625,0.0,1
1705,0,334.6362609863281,410.4874267578125,25.125,0.0,60.6500244140625,0.0,1
1706,0,377.4980773925781,416.8502197265625,25.125,0.0,60.6500244140625,0.0,1
1707,0,417.46240234375,433.93548583984375,25.125,0.0,60.6500244140625,0.0,1
1708,0,461.480712890625,440.06585693359375,25.125,0.0,60.6500244140625,0.0,1
1709,0,502.6335144042969,430.33502197265625,25.125,0.0,60.6500244140625,0.0,1
1710,0,537.788330078125,444.4044189453125,25.125,0.0,77.5469970703125,0.0,1
1711,0,562.0399169921875,478.58978271484375,25.125,0.0,60.6500244140625,0.0,1
1712,0,583.2913208007812,513.2642822265625,25.125,0.0,60.6500244140625,0.0,1
1713,0,617.3246459960938,524.6591796875,25.125,0.0,60.6500244140625,0.0,1
1714,0,655.7310791015625,542.6448364257812,25.125,0.0,60.6500244140625,0.0,1
1715,0,685.7833862304688,573.4718017578125,25.125,0.0,60.6500244140625,0.0,1
1716,0,709.8601684570312,606.5574951171875,25.125,0.0,60.6500244140625,0.0,1
1717,0,733.8374633789062,640.7583618164062,25.125,0.0,43.7530517578125,0.0,1
1718,0,760.3364868164062,671.8464965820312,25.125,0.0,43.7530517578125,0.0,1
1719,0,783.8743286132812,702.3087158203125,25.125,0.0,43.7530517578125,0.0,1
1720,0,791.4191284179688,738.705078125,25.125,0.0,43.7530517578125,0.0,1
1721,0,819.924560546875,747.5678100585938,25.125,0.0,43.7530517578125,0.0,1
1722,0,855.7566528320312,727.4719848632812,25.125,0.0,43.7530517578125,0.0,1
1723,0,895.982177734375,725.4807739257812,25.125,0.0,26.8560791015625,0.0,1
1724,0,936.7825927734375,736.9920654296875,25.125,0.0,26.8560791015625,0.0,1
1725,0,974.6541748046875,752.1621704101562,25.125,0.0,26.8560791015625,0.0,1
1726,0,1012.4903564453125,769.527099609375,25.125,0.0,26.8560791015625,0.0,1
1727,0,1050.2884521484375,783.8748779296875,25.125,0.0,9.964599609375,0.0,1
1728,0,1093.962646484375,783.8746337890625,25.125,0.0,26.8560791015625,0.0,1
1729,0,1136.1881103515625,784.9381713867188,25.125,0.0,9.964599609375,0.0,1
1730,0,1177.0478515625,791.2020874023438,25.125,0.0,26.8560791015625,0.0,1
1731,0,1183.8743896484375,809.2030029296875,25.125,0.0,43.7530517578125,0.0,1
1732,0,1192.228515625,843.7540893554688,25.125,0.0,60.6500244140625,0.0,1
1733,0,1207.6068115234375,882.5403442382812,25.125,0.0,77.5469970703125,0.0,1
1734,0,1221.510009765625,920.8587036132812,25.125,0.0,60.6500244140625,0.0,1
1735,0,1240.8623046875,958.6399536132812,25.125,0.0,43.7530517578125,0.0,1
1736,0,1271.5286865234375,964.8751220703125,25.125,0.0,43.7530517578125,0.0,1
1737,0,1312.6295166015625,970.732177734375,25.125,0.0,26.8560791015625,0.0,1
1738,0,1351.5665283203125,982.806396484375,25.125,0.0,9.964599609375,0.0,1
1739,0,1393.913330078125,983.874755859375,25.125,0.0,26.8560791015625,0.0,1
1740,0,1440.1630859375,987.9696655273438,25.125,0.0,43.7530517578125,0.0,1
1741,0,1479.990234375,1008.6105346679688,25.125,0.0,60.6500244140625,0.0,1
1742,0,1509.8216552734375,1041.8570556640625,25.125,0.0,77.5469970703125,0.0,1
1743,0,1528.57763671875,1079.334228515625,25.125,0.0,77.5469970703125,0.0,1
1744,0,1540.3321533203125,1120.3243408203125,25.125,0.0,94.4439697265625,0.0,1
1745,0,1542.12060546875,1162.5517578125,25.125,0.0,111.3409423828125,0.0,1
1746,0,1534.7894287109375,1204.3499755859375,25.125,0.0,111.3409423828125,0.0,1
1747,0,1521.246337890625,1243.56787109375,25.125,0.0,128.232421875,0.0,1
1748,0,1516.12548828125,1281.7803955078125,25.125,0.0,145.12939453125,0.0,1
1749,0,1516.1258544921875,1318.2606201171875,25.125,0.0,162.0263671875,0.0,1
1750,0,1493.942626953125,1347.0589599609375,25.125,0.0,162.0263671875,0.0,1
1751,0,1457.270751953125,1368.828857421875,25.125,0.0,162.0263671875,0.0,1
1752,0,1419.896728515625,1385.3231201171875,25.125,0.0,162.0263671875,0.0,1
1753,0,1416.1258544921875,1402.3763427734375,25.125,0.0,162.0263671875,0.0,1
1754,0,1416.1258544921875,1421.4661865234375,25.125,0.0,162.0263671875,0.0,1
1755,0,1416.1258544921875,1442.021240234375,25.125,0.0,162.0263671875,0.0,1
1756,0,1416.125732421875,1465.3768310546875,25.125,0.0,145.12939453125,0.0,1
1757,0,1416.12548828125,1496.3515625,25.125,0.0,145.12939453125,0.0,1
1758,0,1412.338134765625,1532.450439453125,25.125,0.0,145.12939453125,0.0,1
1759,0,1385.4300537109375,1565.1041259765625,25.125,0.0,162.0263671875,0.0,1
1760,0,1349.37060546875,1588.7615966796875,25.125,0.0,162.0263671875,0.0,1
1761,0,1312.232666015625,1605.9844970703125,25.125,0.0,162.0263671875,0.0,1
1762,0,1273.3387451171875,1620.9058837890625,25.125,0.0,162.0263671875,0.0,1
1763,0,1234.9697265625,1634.33349609375,25.125,0.0,162.0263671875,0.0,1
1764,0,1196.4715576171875,1647.36279296875,25.125,0.0,162.0263671875,0.0,1
1765,0,1157.0635986328125,1660.69873046875,25.125,0.0,162.0263671875,0.0,1
1766,0,1118.5654296875,1673.72802734375,25.125,0.0,162.0263671875,0.0,1
1767,0,1079.157470703125,1687.06396484375,25.125,0.0,162.0263671875,0.0,1
1768,0,1041.569091796875,1699.78662109375,25.125,0.0,162.0263671875,0.0,1
1769,0,1001.1854858398438,1711.200927734375,25.125,0.0,178.92333984375,0.0,1
1770,0,960.6517944335938,1717.242431640625,25.125,0.0,178.92333984375,0.0,1
1771,0,919.1055908203125,1720.494873046875,25.125,0.0,178.92333984375,0.0,1
1772,0,878.4931030273438,1722.343505859375,25.125,0.0,178.92333984375,0.0,1
1773,0,837.869140625,1723.5799560546875,25.125,0.0,178.92333984375,0.0,1
1774,0,796.285400390625,1724.8289794921875,25.125,0.0,178.92333984375,0.0,1
1775,0,755.6612548828125,1726.0501708984375,25.125,0.0,178.92333984375,0.0,1
1776,0,714.0775146484375,1727.2991943359375,25.125,0.0,178.92333984375,0.0,1
1777,0,674.4129638671875,1728.4925537109375,25.125,0.0,178.92333984375,0.0,1
1778,0,632.4552612304688,1727.640625,25.125,0.0,-164.1796875,0.0,1
1779,0,591.916748046875,1721.635986328125,25.125,0.0,-164.1796875,0.0,1
1780,0,551.2454833984375,1712.578369140625,25.125,0.0,-164.1796875,0.0,1
1781,0,516.1292724609375,1702.513671875,25.125,0.0,-164.1796875,0.0,1
1782,0,516.1256103515625,1689.57568359375,25.125,0.0,-164.1796875,0.0,1
1783,0,516.1259155273438,1673.141845703125,25.125,0.0,-164.1796875,0.0,1
1784,0,516.1256103515625,1655.81640625,25.125,0.0,-164.1796875,0.0,1
1785,0,516.1257934570312,1634.4593505859375,25.125,0.0,-147.28271484375,0.0,1
1786,0,516.1257934570312,1605.662109375,25.125,0.0,-147.28271484375,0.0,1
1787,0,513.8671875,1572.6270751953125,25.125,0.0,-147.28271484375,0.0,1
1788,0,491.9734802246094,1538.331298828125,25.125,0.0,-130.3912353515625,0.0,1
1789,0,467.11846923828125,1506.119384765625,25.125,0.0,-130.3912353515625,0.0,1
1790,0,440.83038330078125,1473.8662109375,25.125,0.0,-130.3912353515625,0.0,1
1791,0,414.79052734375,1442.662353515625,25.125,0.0,-130.3912353515625,0.0,1
1792,0,388.12579345703125,1410.729736328125,25.125,0.0,-130.3912353515625,0.0,1
1793,0,362.0770568847656,1379.533447265625,25.125,0.0,-130.3912353515625,0.0,1
1794,0,335.4123229980469,1347.600830078125,25.125,0.0,-130.3912353515625,0.0,1
1795,0,309.36358642578125,1316.404541015625,25.125,0.0,-130.3912353515625,0.0,1
1796,0,283.3148498535156,1285.208251953125,25.125,0.0,-130.3912353515625,0.0,1
1797,0,257.26611328125,1254.011962890625,25.125,0.0,-130.3912353515625,0.0,1
1798,0,231.21749877929688,1222.815673828125,25.125,0.0,-130.3912353515625,0.0,1
1799,0,1050.0,150.0,25.125,0.0,152.9901123046875,0.0,1
1800,0,1030.5477294921875,159.9722900390625,25.125,0.0,152.9901123046875,0.0,2
1801,0,994.4013671875,180.82704162597656,25.125,0.0,136.0931396484375,0.0,2
1802,0,961.5330200195312,203.27102661132812,25.125,0.0,152.9901123046875,0.0,2
1803,0,950.0147705078125,239.89564514160156,25.125,0.0,152.9901123046875,0.0,2
1804,0,934.2734985351562,279.9945983886719,25.125,0.0,136.0931396484375,0.0,2
1805,0,936.4093017578125,320.38922119140625,25.125,0.0,136.0931396484375,0.0,2
1806,0,930.1101684570312,363.4193420410156,25.125,0.0,136.0931396484375,0.0,2
1807,0,909.12060546875,400.2154846191406,25.125,0.0,136.0931396484375,0.0,2
1808,0,884.607177734375,433.99981689453125,25.125,0.0,119.1961669921875,0.0,2
1809,0,863.7831420898438,469.68218994140625,25.125,0.0,102.3046875,0.0,2
1810,0,848.6924438476562,508.96868896484375,25.125,0.0,102.3046875,0.0,2
1811,0,837.4370727539062,548.109130859375,25.125,0.0,102.3046875,0.0,2
1812,0,829.222412109375,583.8695068359375,25.125,0.0,85.40771484375,0.0,2
1813,0,830.6890258789062,583.8741455078125,25.125,0.0,68.5107421875,0.0,2
1814,0,843.722900390625,583.87451171875,25.125,0.0,51.61376953125,0.0,2
1815,0,869.256103515625,583.8741455078125,25.125,0.0,68.5107421875,0.0,2
1816,0,906.3416137695312,576.1076049804688,25.125,0.0,68.5107421875,0.0,2
1817,0,938.4542846679688,592.6007690429688,25.125,0.0,85.40771484375,0.0,2
1818,0,957.6266479492188,629.6804809570312,25.125,0.0,68.5107421875,0.0,2
1819,0,972.4830932617188,669.0607299804688,25.125,0.0,85.40771484375,0.0,2
1820,0,981.416748046875,709.1140747070312,25.125,0.0,85.40771484375,0.0,2
1821,0,985.4462280273438,751.1971435546875,25.125,0.0,102.3046875,0.0,2
1822,0,980.51708984375,792.9180297851562,25.125,0.0,119.1961669921875,0.0,2
1823,0,967.4931030273438,832.1948852539062,25.125,0.0,119.1961669921875,0.0,2
1824,0,950.7315673828125,869.3832397460938,25.125,0.0,119.1961669921875,0.0,2
1825,0,959.6758422851562,904.838623046875,25.125,0.0,119.1961669921875,0.0,2
1826,0,964.6968383789062,948.2228393554688,25.125,0.0,119.1961669921875,0.0,2
1827,0,954.491455078125,989.0746459960938,25.125,0.0,119.1961669921875,0.0,2
1828,0,938.600830078125,1027.8492431640625,25.125,0.0,119.1961669921875,0.0,2
1829,0,920.6334838867188,1064.36376953125,25.125,0.0,119.1961669921875,0.0,2
1830,0,902.8652954101562,1102.248291015625,25.125,0.0,102.3046875,0.0,2
1831,0,889.7215576171875,1140.976806640625,25.125,0.0,102.3046875,0.0,2
1832,0,880.6936645507812,1181.209716796875,25.125,0.0,85.40771484375,0.0,2
1833,0,879.9453125,1224.1976318359375,25.125,0.0,68.5107421875,0.0,2
1834,0,861.6819458007812,1259.5455322265625,25.125,0.0,68.5107421875,0.0,2
1835,0,847.0491333007812,1283.8740234375,25.125,0.0,85.40771484375,0.0,2
1836,0,846.441162109375,1283.8740234375,25.125,0.0,85.40771484375,0.0,2
1837,0,845.8609619140625,1283.8741455078125,25.125,0.0,102.3046875,0.0,2
1838,0,843.721435546875,1283.8741455078125,25.125,0.0,102.3046875,0.0,2
1839,0,842.9273681640625,1283.8743896484375,25.125,0.0,85.40771484375,0.0,2
1840,0,845.2017822265625,1283.8741455078125,25.125,0.0,68.5107421875,0.0,2
1841,0,855.2984619140625,1283.8743896484375,25.125,0.0,68.5107421875,0.0,2
1842,0,873.7872924804688,1283.8741455078125,25.125,0.0,68.5107421875,0.0,2
1843,0,897.680908203125,1283.87451171875,25.125,0.0,51.61376953125,0.0,2
1844,0,931.9253540039062,1287.4796142578125,25.125,0.0,51.61376953125,0.0,2
1845,0,966.8754272460938,1310.812744140625,25.125,0.0,51.61376953125,0.0,2
1846,0,997.3020629882812,1339.78076171875,25.125,0.0,51.61376953125,0.0,2
1847,0,1025.8509521484375,1368.926513671875,25.125,0.0,34.716796875,0.0,2
1848,0,1058.7398681640625,1394.3558349609375,25.125,0.0,17.81982421875,0.0,2
1849,0,1096.1361083984375,1413.9552001953125,25.125,0.0,17.81982421875,0.0,2
1850,0,1135.1451416015625,1427.7911376953125,25.125,0.0,0.9283447265625,0.0,2
1851,0,1175.92578125,1436.9444580078125,25.125,0.0,17.81982421875,0.0,2
1852,0,1183.8743896484375,1445.4305419921875,25.125,0.0,0.9283447265625,0.0,2
1853,0,1183.8741455078125,1445.9541015625,25.125,0.0,-15.9686279296875,0.0,2
1854,0,1183.8741455078125,1441.048095703125,25.125,0.0,-15.9686279296875,0.0,2
1855,0,1183.874267578125,1427.82568359375,25.125,0.0,-32.8656005859375,0.0,2
1856,0,1183.8741455078125,1405.257080078125,25.125,0.0,-15.9686279296875,0.0,2
1857,0,1183.8743896484375,1384.0,25.125,0.0,-15.9686279296875,0.0,2
1858,0,1183.8741455078125,1363.662353515625,25.125,0.0,-15.9686279296875,0.0,2
1859,0,1183.8743896484375,1344.4791259765625,25.125,0.0,-15.9686279296875,0.0,2
1860,0,1183.8741455078125,1324.9039306640625,25.125,0.0,-15.9686279296875,0.0,2
1861,0,1177.716796875,1290.78857421875,25.125,0.0,-15.9686279296875,0.0,2
1862,0,1194.3707275390625,1258.3489990234375,25.125,0.0,-15.9686279296875,0.0,2
1863,0,1232.6507568359375,1237.1697998046875,25.125,0.0,0.9283447265625,0.0,2
1864,0,1273.4541015625,1227.4127197265625,25.125,0.0,0.9283447265625,0.0,2
1865,0,1300.79150390625,1198.7376708984375,25.125,0.0,0.9283447265625,0.0,2
1866,0,1335.45166015625,1172.6851806640625,25.125,0.0,0.9283447265625,0.0,2
1867,0,1379.2418212890625,1163.428466796875,25.125,0.0,17.81982421875,0.0,2
1868,0,1422.109619140625,1168.6190185546875,25.125,0.0,34.716796875,0.0,2
1869,0,1462.1195068359375,1183.8719482421875,25.125,0.0,51.61376953125,0.0,2
1870,0,1497.896240234375,1183.8741455078125,25.125,0.0,68.5107421875,0.0,2
1871,0,1528.5052490234375,1188.1636962890625,25.125,0.0,68.5107421875,0.0,2
1872,0,1552.83251953125,1220.50146484375,25.125,0.0,85.40771484375,0.0,2
1873,0,1564.802490234375,1262.130615234375,25.125,0.0,102.3046875,0.0,2
1874,0,1592.0501708984375,1295.6026611328125,25.125,0.0,102.3046875,0.0,2
1875,0,1610.768798828125,1334.7210693359375,25.125,0.0,102.3046875,0.0,2
1876,0,1611.1842041015625,1379.4735107421875,25.125,0.0,119.1961669921875,0.0,2
1877,0,1602.5157470703125,1419.769287109375,25.125,0.0,102.3046875,0.0,2
1878,0,1593.1318359375,1460.300537109375,25.125,0.0,102.3046875,0.0,2
1879,0,1582.2249755859375,1499.75537109375,25.125,0.0,119.1961669921875,0.0,2
1880,0,1566.697998046875,1537.6336669921875,25.125,0.0,119.1961669921875,0.0,2
1881,0,1548.78515625,1574.1787109375,25.125,0.0,119.1961669921875,0.0,2
1882,0,1527.754638671875,1583.87451171875,25.125,0.0,119.1961669921875,0.0,2
1883,0,1499.7763671875,1583.8741455078125,25.125,0.0,119.1961669921875,0.0,2
1884,0,1469.3460693359375,1590.0107421875,25.125,0.0,119.1961669921875,0.0,2
1885,0,1439.1612548828125,1619.7576904296875,25.125,0.0,119.1961669921875,0.0,2
1886,0,1414.8193359375,1652.7100830078125,25.125,0.0,119.1961669921875,0.0,2
1887,0,1390.8443603515625,1686.90576171875,25.125,0.0,136.0931396484375,0.0,2
1888,0,1364.357421875,1717.990478515625,25.125,0.0,136.0931396484375,0.0,2
1889,0,1336.26416015625,1747.4066162109375,25.125,0.0,136.0931396484375,0.0,2
1890,0,1307.4991455078125,1776.124755859375,25.125,0.0,136.0931396484375,0.0,2
1891,0,1278.4315185546875,1804.52880859375,25.125,0.0,136.0931396484375,0.0,2
1892,0,1248.6693115234375,1833.595458984375,25.125,0.0,136.0931396484375,0.0,2
1893,0,1219.5943603515625,1861.9918212890625,25.125,0.0,136.0931396484375,0.0,2
1894,0,1190.98193359375,1892.6075439453125,25.125,0.0,119.1961669921875,0.0,2
1895,0,1166.795654296875,1925.6470947265625,25.125,0.0,119.1961669921875,0.0,2
1896,0,1145.9365234375,1962.3577880859375,25.125,0.0,102.3046875,0.0,2
1897,0,1131.0308837890625,1983.8741455078125,25.125,0.0,102.3046875,0.0,2
1898,0,1113.929443359375,1983.87451171875,25.125,0.0,119.1961669921875,0.0,2
1899,0,1120.4652099609375,1983.87451171875,25.125,0.0,119.1961669921875,0.0,2
1900,0,1125.896484375,1983.8743896484375,25.125,0.0,102.3046875,0.0,2
1901,0,1123.3173828125,1983.8741455078125,25.125,0.0,102.3046875,0.0,2
1902,0,1116.234619140625,1983.87451171875,25.125,0.0,119.1961669921875,0.0,2
1903,0,1093.586669921875,1983.8743896484375,25.125,0.0,136.0931396484375,0.0,2
1904,0,1090.4078369140625,1983.8743896484375,25.125,0.0,136.0931396484375,0.0,2
1905,0,1082.8096923828125,1983.8741455078125,25.125,0.0,119.1961669921875,0.0,2
1906,0,1092.8682861328125,1983.87451171875,25.125,0.0,119.1961669921875,0.0,2
1907,0,1095.573974609375,1983.87451171875,25.125,0.0,136.0931396484375,0.0,2
1908,0,1070.7252197265625,1983.8743896484375,25.125,0.0,136.0931396484375,0.0,2
1909,0,1033.8851318359375,1983.87451171875,25.125,0.0,136.0931396484375,0.0,2
1910,0,988.9649658203125,1983.8743896484375,25.125,0.0,136.0931396484375,0.0,2
1911,0,942.3831176757812,1983.8743896484375,25.125,0.0,136.0931396484375,0.0,2
1912,0,893.4564208984375,1983.8743896484375,25.125,0.0,136.0931396484375,0.0,2
1913,0,845.14453125,1983.8743896484375,25.125,0.0,136.0931396484375,0.0,2
1914,0,796.8326416015625,1983.87451171875,25.125,0.0,136.0931396484375,0.0,2
1915,0,747.3782958984375,1983.8743896484375,25.125,0.0,136.0931396484375,0.0,2
1916,0,700.2476806640625,1983.8748779296875,25.125,0.0,152.9901123046875,0.0,2
1917,0,656.8544921875,1983.8748779296875,25.125,0.0,169.8870849609375,0.0,2
1918,0,616.66845703125,1983.8748779296875,25.125,0.0,169.8870849609375,0.0,2
1919,0,574.54345703125,1983.8748779296875,25.125,0.0,169.8870849609375,0.0,2
1920,0,533.387939453125,1983.8748779296875,25.125,0.0,169.8870849609375,0.0,2
1921,0,491.262939453125,1983.8748779296875,25.125,0.0,169.8870849609375,0.0,2
1922,0,468.4629211425781,1983.8741455078125,25.125,0.0,169.8870849609375,0.0,2
1923,0,465.8650207519531,1983.8743896484375,25.125,0.0,169.8870849609375,0.0,2
1924,0,441.8859558105469,1983.5643310546875,25.125,0.0,-173.2159423828125,0.0,2
1925,0,401.3017272949219,1980.7562255859375,25.125,0.0,-173.2159423828125,0.0,2
1926,0,359.49603271484375,1978.5948486328125,25.125,0.0,169.8870849609375,0.0,2
1927,0,318.9915466308594,1982.938720703125,25.125,0.0,152.9901123046875,0.0,2
1928,0,302.8542785644531,1983.8741455078125,25.125,0.0,152.9901123046875,0.0,2
1929,0,284.4013671875,1983.8743896484375,25.125,0.0,136.0931396484375,0.0,2
1930,0,250.1406707763672,1983.8741455078125,25.125,0.0,119.1961669921875,0.0,2
1931,0,216.13128662109375,1983.8741455078125,25.125,0.0,119.1961669921875,0.0,2
1932,0,182.5352783203125,1983.87451171875,25.125,0.0,119.1961669921875,0.0,2
1933,0,181.98480224609375,1983.87451171875,25.125,0.0,119.1961669921875,0.0,2
1934,0,185.06947326660156,1983.8743896484375,25.125,0.0,102.3046875,0.0,2
1935,0,184.35032653808594,1983.8740234375,25.125,0.0,85.40771484375,0.0,2
1936,0,186.58999633789062,1983.8741455078125,25.125,0.0,68.5107421875,0.0,2
1937,0,210.81295776367188,1975.298095703125,25.125,0.0,68.5107421875,0.0,2
1938,0,248.78407287597656,1960.8072509765625,25.125,0.0,68.5107421875,0.0,2
1939,0,279.3623352050781,1974.0335693359375,25.125,0.0,85.40771484375,0.0,2
1940,0,317.4699401855469,1983.430908203125,25.125,0.0,85.40771484375,0.0,2
1941,0,345.9634094238281,1983.8743896484375,25.125,0.0,85.40771484375,0.0,2
1942,0,382.80108642578125,1982.0771484375,25.125,0.0,85.40771484375,0.0,2
1943,0,411.2005310058594,1983.8743896484375,25.125,0.0,85.40771484375,0.0,2
1944,0,448.0382080078125,1982.0771484375,25.125,0.0,85.40771484375,0.0,2
1945,0,488.591064453125,1979.3631591796875,25.125,0.0,85.40771484375,0.0,2
1946,0,513.9180908203125,1983.8741455078125,25.125,0.0,102.3046875,0.0,2
1947,0,517.2332763671875,1983.8741455078125,25.125,0.0,102.3046875,0.0,2
1948,0,539.281005859375,1983.8748779296875,25.125,0.0,102.3046875,0.0,2
1949,0,554.5775756835938,1983.8741455078125,25.125,0.0,119.1961669921875,0.0,2
1950,0,547.7058715820312,1983.8743896484375,25.125,0.0,102.3046875,0.0,2
1951,0,534.3294067382812,1983.8741455078125,25.125,0.0,119.1961669921875,0.0,2
1952,0,543.0556030273438,1983.8746337890625,25.125,0.0,119.1961669921875,0.0,2
1953,0,580.4091186523438,1983.87451171875,25.125,0.0,119.1961669921875,0.0,2
1954,0,594.9037475585938,1983.8743896484375,25.125,0.0,136.0931396484375,0.0,2
1955,0,577.782958984375,1983.87451171875,25.125,0.0,119.1961669921875,0.0,2
1956,0,548.5866088867188,1983.8743896484375,25.125,0.0,136.0931396484375,0.0,2
1957,0,511.37579345703125,1968.4190673828125,25.125,0.0,136.0931396484375,0.0,2
1958,0,504.6571960449219,1971.4580078125,25.125,0.0,136.0931396484375,0.0,2
1959,0,494.8911437988281,1983.87451171875,25.125,0.0,136.0931396484375,0.0,2
1960,0,465.16845703125,1983.8741455078125,25.125,0.0,119.1961669921875,0.0,2
1961,0,433.11871337890625,1983.8741455078125,25.125,0.0,119.1961669921875,0.0,2
1962,0,399.78564453125,1983.8741455078125,25.125,0.0,119.1961669921875,0.0,2
1963,0,399.3503112792969,1983.87451171875,25.125,0.0,119.1961669921875,0.0,2
1964,0,402.3435363769531,1983.8743896484375,25.125,0.0,102.3046875,0.0,2
1965,0,401.610595703125,1983.8740234375,25.125,0.0,85.40771484375,0.0,2
1966,0,402.1316223144531,1983.8743896484375,25.125,0.0,85.40771484375,0.0,2
1967,0,426.0605163574219,1981.9617919921875,25.125,0.0,85.40771484375,0.0,2
1968,0,452.4216003417969,1983.8743896484375,25.125,0.0,85.40771484375,0.0,2
1969,0,467.4803161621094,1983.8740234375,25.125,0.0,85.40771484375,0.0,2
1970,0,472.5966491699219,1983.8741455078125,25.125,0.0,102.3046875,0.0,2
1971,0,495.8022155761719,1983.874755859375,25.125,0.0,102.3046875,0.0,2
1972,0,536.9344482421875,1983.8748779296875,25.125,0.0,102.3046875,0.0,2
1973,0,556.0564575195312,1983.87451171875,25.125,0.0,119.1961669921875,0.0,2
1974,0,577.93115234375,1983.87451171875,25.125,0.0,119.1961669921875,0.0,2
1975,0,590.7821044921875,1983.8743896484375,25.125,0.0,102.3046875,0.0,2
1976,0,588.8937377929688,1983.8741455078125,25.125,0.0,102.3046875,0.0,2
1977,0,610.1661987304688,1983.8748779296875,25.125,0.0,102.3046875,0.0,2
1978,0,631.3732299804688,1983.8740234375,25.125,0.0,85.40771484375,0.0,2
1979,0,645.6783447265625,1983.8741455078125,25.125,0.0,68.5107421875,0.0,2
1980,0,665.4401245117188,1983.8741455078125,25.125,0.0,68.5107421875,0.0,2
1981,0,684.8303833007812,1983.8740234375,25.125,0.0,85.40771484375,0.0,2
1982,0,693.8426513671875,1983.8743896484375,25.125,0.0,102.3046875,0.0,2
1983,0,717.5055541992188,1983.874755859375,25.125,0.0,102.3046875,0.0,2
1984,0,739.4793090820312,1983.8743896484375,25.125,0.0,85.40771484375,0.0,2
1985,0,751.7958374023438,1983.8740234375,25.125,0.0,85.40771484375,0.0,2
1986,0,761.6481323242188,1983.8741455078125,25.125,0.0,68.5107421875,0.0,2
1987,0,792.2199096679688,1975.0169677734375,25.125,0.0,68.5107421875,0.0,2
1988,0,825.9732055664062,1983.8741455078125,25.125,0.0,68.5107421875,0.0,2
1989,0,851.9446411132812,1983.8743896484375,25.125,0.0,85.40771484375,0.0,2
1990,0,867.8536987304688,1983.8740234375,25.125,0.0,85.40771484375,0.0,2
1991,0,852.9070434570312,1983.875,25.125,0.0,85.40771484375,0.0,2
1992,0,831.1045532226562,1983.8741455078125,25.125,0.0,102.3046875,0.0,2
1993,0,817.8858642578125,1983.8743896484375,25.125,0.0,85.40771484375,0.0,2
1994,0,817.8323364257812,1983.8741455078125,25.125,0.0,68.5107421875,0.0,2
1995,0,841.9564819335938,1975.38134765625,25.125,0.0,68.5107421875,0.0,2
1996,0,880.83251953125,1960.5684814453125,25.125,0.0,68.5107421875,0.0,2
1997,0,914.2135620117188,1972.865234375,25.125,0.0,68.5107421875,0.0,2
1998,0,943.7548217773438,1983.87451171875,25.125,0.0,51.61376953125,0.0,2
1999,0,982.25048828125,1983.87451171875,25.125,0.0,34.716796875,0.0,2
2000,0,1028.585693359375,1983.8746337890625,25.125,0.0,34.716796875,0.0,2
