source,repeat,prefix_seed,command,target,initial_action_probabilities,commanded,deadline,hit,hit_time,first_distinct,censored,timeout,elapsed,path_length,start_position,endpoint,exact_start_verified,physical_start_distance,physical_minimum_distance,physical_entry_r200,physical_entry_r300,physical_cell_contact
3,0,31001,0,0,"[0.012499997392296791, 0.012499997392296791, 0.012499997392296791, 0.012499997392296791, 0.012499997392296791, 0.9125000238418579, 0.012499997392296791, 0.012499997392296791]",True,64,False,,25,False,True,64,545.6096964435259,"[256.7400207519531, 949.8460083007812, 25.125]","[327.23553466796875, 787.6177978515625, 25.125]",True,,,False,False,False
3,0,31001,0,1,"[0.012499997392296791, 0.012499997392296791, 0.012499997392296791, 0.012499997392296791, 0.012499997392296791, 0.9125000238418579, 0.012499997392296791, 0.012499997392296791]",False,64,False,,25,False,True,64,545.6096964435259,"[256.7400207519531, 949.8460083007812, 25.125]","[327.23553466796875, 787.6177978515625, 25.125]",True,,,False,False,False
3,0,31001,0,2,"[0.012499997392296791, 0.012499997392296791, 0.012499997392296791, 0.012499997392296791, 0.012499997392296791, 0.9125000238418579, 0.012499997392296791, 0.012499997392296791]",False,64,False,,25,False,True,64,545.6096964435259,"[256.7400207519531, 949.8460083007812, 25.125]","[327.23553466796875, 787.6177978515625, 25.125]",True,,,False,False,False
3,0,31001,0,4,"[0.012499997392296791, 0.012499997392296791, 0.012499997392296791, 0.012499997392296791, 0.012499997392296791, 0.9125000238418579, 0.012499997392296791, 0.012499997392296791]",False,64,False,,25,False,True,64,545.6096964435259,"[256.7400207519531, 949.8460083007812, 25.125]","[327.23553466796875, 787.6177978515625, 25.125]",True,,,False,False,False
3,0,31001,1,0,"[0.012499997392296791, 0.012499997392296791, 0.012499997392296791, 0.012499997392296791, 0.012499997392296791, 0.9125000238418579, 0.012499997392296791, 0.012499997392296791]",False,64,False,,25,False,True,64,601.5248841148759,"[256.7400207519531, 949.8460083007812, 25.125]","[219.91006469726562, 783.8743286132812, 25.125]",True,,,False,False,False
3,0,31001,1,1,"[0.012499997392296791, 0.012499997392296791, 0.012499997392296791, 0.012499997392296791, 0.012499997392296791, 0.9125000238418579, 0.012499997392296791, 0.012499997392296791]",True,64,False,,25,False,True,64,601.5248841148759,"[256.7400207519531, 949.8460083007812, 25.125]","[219.91006469726562, 783.8743286132812, 25.125]",True,,,False,False,False
3,0,31001,1,2,"[0.012499997392296791, 0.012499997392296791, 0.012499997392296791, 0.012499997392296791, 0.012499997392296791, 0.9125000238418579, 0.012499997392296791, 0.012499997392296791]",False,64,True,24.0,25,False,False,64,601.5248841148759,"[256.7400207519531, 949.8460083007812, 25.125]","[219.91006469726562, 783.8743286132812, 25.125]",True,,,False,False,False
3,0,31001,1,4,"[0.012499997392296791, 0.012499997392296791, 0.012499997392296791, 0.012499997392296791, 0.012499997392296791, 0.9125000238418579, 0.012499997392296791, 0.012499997392296791]",False,64,False,,25,False,True,64,601.5248841148759,"[256.7400207519531, 949.8460083007812, 25.125]","[219.91006469726562, 783.8743286132812, 25.125]",True,,,False,False,False
3,0,31001,2,0,"[0.012499997392296791, 0.012499997392296791, 0.012499997392296791, 0.012499997392296791, 0.012499997392296791, 0.9125000238418579, 0.012499997392296791, 0.012499997392296791]",False,64,False,,25,False,True,64,671.3805161844606,"[256.7400207519531, 949.8460083007812, 25.125]","[388.1280517578125, 983.87451171875, 25.125]",True,,,False,False,False
3,0,31001,2,1,"[0.012499997392296791, 0.012499997392296791, 0.012499997392296791, 0.012499997392296791, 0.012499997392296791, 0.9125000238418579, 0.012499997392296791, 0.012499997392296791]",False,64,False,,25,False,True,64,671.3805161844606,"[256.7400207519531, 949.8460083007812, 25.125]","[388.1280517578125, 983.87451171875, 25.125]",True,,,False,False,False
3,0,31001,2,2,"[0.012499997392296791, 0.012499997392296791, 0.012499997392296791, 0.012499997392296791, 0.012499997392296791, 0.9125000238418579, 0.012499997392296791, 0.012499997392296791]",True,64,False,,25,False,True,64,671.3805161844606,"[256.7400207519531, 949.8460083007812, 25.125]","[388.1280517578125, 983.87451171875, 25.125]",True,,,False,False,False
3,0,31001,2,4,"[0.012499997392296791, 0.012499997392296791, 0.012499997392296791, 0.012499997392296791, 0.012499997392296791, 0.9125000238418579, 0.012499997392296791, 0.012499997392296791]",False,64,False,,25,False,True,64,671.3805161844606,"[256.7400207519531, 949.8460083007812, 25.125]","[388.1280517578125, 983.87451171875, 25.125]",True,,,False,False,False
3,0,31001,4,0,"[0.012499997392296791, 0.012499997392296791, 0.012499997392296791, 0.012499997392296791, 0.012499997392296791, 0.9125000238418579, 0.012499997392296791, 0.012499997392296791]",False,64,False,,25,False,True,64,586.3757489935801,"[256.7400207519531, 949.8460083007812, 25.125]","[259.18780517578125, 764.380615234375, 25.125]",True,,,False,False,False
3,0,31001,4,1,"[0.012499997392296791, 0.012499997392296791, 0.012499997392296791, 0.012499997392296791, 0.012499997392296791, 0.9125000238418579, 0.012499997392296791, 0.012499997392296791]",False,64,False,,25,False,True,64,586.3757489935801,"[256.7400207519531, 949.8460083007812, 25.125]","[259.18780517578125, 764.380615234375, 25.125]",True,,,False,False,False
3,0,31001,4,2,"[0.012499997392296791, 0.012499997392296791, 0.012499997392296791, 0.012499997392296791, 0.012499997392296791, 0.9125000238418579, 0.012499997392296791, 0.012499997392296791]",False,64,False,,25,False,True,64,586.3757489935801,"[256.7400207519531, 949.8460083007812, 25.125]","[259.18780517578125, 764.380615234375, 25.125]",True,,,False,False,False
3,0,31001,4,4,"[0.012499997392296791, 0.012499997392296791, 0.012499997392296791, 0.012499997392296791, 0.012499997392296791, 0.9125000238418579, 0.012499997392296791, 0.012499997392296791]",True,64,False,,25,False,True,64,586.3757489935801,"[256.7400207519531, 949.8460083007812, 25.125]","[259.18780517578125, 764.380615234375, 25.125]",True,,,False,False,False
3,1,31002,0,0,"[0.012499997392296791, 0.012499997392296791, 0.012499997392296791, 0.012499997392296791, 0.012499997392296791, 0.9125000238418579, 0.012499997392296791, 0.012499997392296791]",True,64,False,,34,False,True,64,648.815739666667,"[950.0, 350.0, 25.125]","[972.9835815429688, 167.14756774902344, 25.125]",True,,,False,False,False
3,1,31002,0,1,"[0.012499997392296791, 0.012499997392296791, 0.012499997392296791, 0.012499997392296791, 0.012499997392296791, 0.9125000238418579, 0.012499997392296791, 0.012499997392296791]",False,64,False,,34,False,True,64,648.815739666667,"[950.0, 350.0, 25.125]","[972.9835815429688, 167.14756774902344, 25.125]",True,,,False,False,False
3,1,31002,0,2,"[0.012499997392296791, 0.012499997392296791, 0.012499997392296791, 0.012499997392296791, 0.012499997392296791, 0.9125000238418579, 0.012499997392296791, 0.012499997392296791]",False,64,False,,34,False,True,64,648.815739666667,"[950.0, 350.0, 25.125]","[972.9835815429688, 167.14756774902344, 25.125]",True,,,False,False,False
3,1,31002,0,4,"[0.012499997392296791, 0.012499997392296791, 0.012499997392296791, 0.012499997392296791, 0.012499997392296791, 0.9125000238418579, 0.012499997392296791, 0.012499997392296791]",False,64,False,,34,False,True,64,648.815739666667,"[950.0, 350.0, 25.125]","[972.9835815429688, 167.14756774902344, 25.125]",True,,,False,False,False
3,1,31002,1,0,"[0.012499997392296791, 0.012499997392296791, 0.012499997392296791, 0.012499997392296791, 0.012499997392296791, 0.9125000238418579, 0.012499997392296791, 0.012499997392296791]",False,64,True,58.0,34,False,False,64,693.1021851686156,"[950.0, 350.0, 25.125]","[750.6991577148438, 201.6477813720703, 25.125]",True,,,False,False,False
3,1,31002,1,1,"[0.012499997392296791, 0.012499997392296791, 0.012499997392296791, 0.012499997392296791, 0.012499997392296791, 0.9125000238418579, 0.012499997392296791, 0.012499997392296791]",True,64,False,,34,False,True,64,693.1021851686156,"[950.0, 350.0, 25.125]","[750.6991577148438, 201.6477813720703, 25.125]",True,,,False,False,False
3,1,31002,1,2,"[0.012499997392296791, 0.012499997392296791, 0.012499997392296791, 0.012499997392296791, 0.012499997392296791, 0.9125000238418579, 0.012499997392296791, 0.012499997392296791]",False,64,False,,34,False,True,64,693.1021851686156,"[950.0, 350.0, 25.125]","[750.6991577148438, 201.6477813720703, 25.125]",True,,,False,False,False
3,1,31002,1,4,"[0.012499997392296791, 0.012499997392296791, 0.012499997392296791, 0.012499997392296791, 0.012499997392296791, 0.9125000238418579, 0.012499997392296791, 0.012499997392296791]",False,64,False,,34,False,True,64,693.1021851686156,"[950.0, 350.0, 25.125]","[750.6991577148438, 201.6477813720703, 25.125]",True,,,False,False,False
3,1,31002,2,0,"[0.012499997392296791, 0.012499997392296791, 0.012499997392296791, 0.012499997392296791, 0.012499997392296791, 0.9125000238418579, 0.012499997392296791, 0.012499997392296791]",False,64,False,,34,False,True,64,697.7873738250508,"[950.0, 350.0, 25.125]","[983.8746337890625, 116.125, 25.125]",True,,,False,False,False
3,1,31002,2,1,"[0.012499997392296791, 0.012499997392296791, 0.012499997392296791, 0.012499997392296791, 0.012499997392296791, 0.9125000238418579, 0.012499997392296791, 0.012499997392296791]",False,64,False,,34,False,True,64,697.7873738250508,"[950.0, 350.0, 25.125]","[983.8746337890625, 116.125, 25.125]",True,,,False,False,False
3,1,31002,2,2,"[0.012499997392296791, 0.012499997392296791, 0.012499997392296791, 0.012499997392296791, 0.012499997392296791, 0.9125000238418579, 0.012499997392296791, 0.012499997392296791]",True,64,True,45.0,34,False,False,64,697.7873738250508,"[950.0, 350.0, 25.125]","[983.8746337890625, 116.125, 25.125]",True,,,False,False,False
3,1,31002,2,4,"[0.012499997392296791, 0.012499997392296791, 0.012499997392296791, 0.012499997392296791, 0.012499997392296791, 0.9125000238418579, 0.012499997392296791, 0.012499997392296791]",False,64,False,,34,False,True,64,697.7873738250508,"[950.0, 350.0, 25.125]","[983.8746337890625, 116.125, 25.125]",True,,,False,False,False
3,1,31002,4,0,"[0.012499997392296791, 0.012499997392296791, 0.012499997392296791, 0.012499997392296791, 0.012499997392296791, 0.9125000238418579, 0.012499997392296791, 0.012499997392296791]",False,64,False,,34,False,True,64,544.2863980413712,"[950.0, 350.0, 25.125]","[633.2803344726562, 116.12588500976562, 25.125]",True,,,False,False,False
3,1,31002,4,1,"[0.012499997392296791, 0.012499997392296791, 0.012499997392296791, 0.012499997392296791, 0.012499997392296791, 0.9125000238418579, 0.012499997392296791, 0.012499997392296791]",False,64,False,,34,False,True,64,544.2863980413712,"[950.0, 350.0, 25.125]","[633.2803344726562, 116.12588500976562, 25.125]",True,,,False,False,False
3,1,31002,4,2,"[0.012499997392296791, 0.012499997392296791, 0.012499997392296791, 0.012499997392296791, 0.012499997392296791, 0.9125000238418579, 0.012499997392296791, 0.012499997392296791]",False,64,False,,34,False,True,64,544.2863980413712,"[950.0, 350.0, 25.125]","[633.2803344726562, 116.12588500976562, 25.125]",True,,,False,False,False
3,1,31002,4,4,"[0.012499997392296791, 0.012499997392296791, 0.012499997392296791, 0.012499997392296791, 0.012499997392296791, 0.9125000238418579, 0.012499997392296791, 0.012499997392296791]",True,64,False,,34,False,True,64,544.2863980413712,"[950.0, 350.0, 25.125]","[633.2803344726562, 116.12588500976562, 25.125]",True,,,False,False,False
3,2,31006,0,0,"[0.012499997392296791, 0.012499997392296791, 0.012499997392296791, 0.012499997392296791, 0.012499997392296791, 0.9125000238418579, 0.012499997392296791, 0.012499997392296791]",True,64,True,27.0,25,False,False,64,572.5795782982046,"[139.58261108398438, 784.2295532226562, 25.125]","[116.125, 983.8749389648438, 25.125]",True,,,False,False,False
3,2,31006,0,1,"[0.012499997392296791, 0.012499997392296791, 0.012499997392296791, 0.012499997392296791, 0.012499997392296791, 0.9125000238418579, 0.012499997392296791, 0.012499997392296791]",False,64,False,,25,False,True,64,572.5795782982046,"[139.58261108398438, 784.2295532226562, 25.125]","[116.125, 983.8749389648438, 25.125]",True,,,False,False,False
3,2,31006,0,2,"[0.012499997392296791, 0.012499997392296791, 0.012499997392296791, 0.012499997392296791, 0.012499997392296791, 0.9125000238418579, 0.012499997392296791, 0.012499997392296791]",False,64,True,12.0,25,False,False,64,572.5795782982046,"[139.58261108398438, 784.2295532226562, 25.125]","[116.125, 983.8749389648438, 25.125]",True,,,False,False,False
3,2,31006,0,4,"[0.012499997392296791, 0.012499997392296791, 0.012499997392296791, 0.012499997392296791, 0.012499997392296791, 0.9125000238418579, 0.012499997392296791, 0.012499997392296791]",False,64,False,,25,False,True,64,572.5795782982046,"[139.58261108398438, 784.2295532226562, 25.125]","[116.125, 983.8749389648438, 25.125]",True,,,False,False,False
3,2,31006,1,0,"[0.012499997392296791, 0.012499997392296791, 0.012499997392296791, 0.012499997392296791, 0.012499997392296791, 0.9125000238418579, 0.012499997392296791, 0.012499997392296791]",False,64,True,18.0,25,False,False,64,466.8723089977765,"[139.58261108398438, 784.2295532226562, 25.125]","[116.1252670288086, 907.8192749023438, 25.125]",True,,,False,False,False
3,2,31006,1,1,"[0.012499997392296791, 0.012499997392296791, 0.012499997392296791, 0.012499997392296791, 0.012499997392296791, 0.9125000238418579, 0.012499997392296791, 0.012499997392296791]",True,64,False,,25,False,True,64,466.8723089977765,"[139.58261108398438, 784.2295532226562, 25.125]","[116.1252670288086, 907.8192749023438, 25.125]",True,,,False,False,False
3,2,31006,1,2,"[0.012499997392296791, 0.012499997392296791, 0.012499997392296791, 0.012499997392296791, 0.012499997392296791, 0.9125000238418579, 0.012499997392296791, 0.012499997392296791]",False,64,False,,25,False,True,64,466.8723089977765,"[139.58261108398438, 784.2295532226562, 25.125]","[116.1252670288086, 907.8192749023438, 25.125]",True,,,False,False,False
3,2,31006,1,4,"[0.012499997392296791, 0.012499997392296791, 0.012499997392296791, 0.012499997392296791, 0.012499997392296791, 0.9125000238418579, 0.012499997392296791, 0.012499997392296791]",False,64,False,,25,False,True,64,466.8723089977765,"[139.58261108398438, 784.2295532226562, 25.125]","[116.1252670288086, 907.8192749023438, 25.125]",True,,,False,False,False
3,2,31006,2,0,"[0.012499997392296791, 0.012499997392296791, 0.012499997392296791, 0.012499997392296791, 0.012499997392296791, 0.9125000238418579, 0.012499997392296791, 0.012499997392296791]",False,64,True,32.0,25,False,False,64,699.8211857971401,"[139.58261108398438, 784.2295532226562, 25.125]","[322.4936218261719, 919.8621215820312, 25.125]",True,,,False,False,False
3,2,31006,2,1,"[0.012499997392296791, 0.012499997392296791, 0.012499997392296791, 0.012499997392296791, 0.012499997392296791, 0.9125000238418579, 0.012499997392296791, 0.012499997392296791]",False,64,False,,25,False,True,64,699.8211857971401,"[139.58261108398438, 784.2295532226562, 25.125]","[322.4936218261719, 919.8621215820312, 25.125]",True,,,False,False,False
3,2,31006,2,2,"[0.012499997392296791, 0.012499997392296791, 0.012499997392296791, 0.012499997392296791, 0.012499997392296791, 0.9125000238418579, 0.012499997392296791, 0.012499997392296791]",True,64,True,12.0,25,False,False,64,699.8211857971401,"[139.58261108398438, 784.2295532226562, 25.125]","[322.4936218261719, 919.8621215820312, 25.125]",True,,,False,False,False
3,2,31006,2,4,"[0.012499997392296791, 0.012499997392296791, 0.012499997392296791, 0.012499997392296791, 0.012499997392296791, 0.9125000238418579, 0.012499997392296791, 0.012499997392296791]",False,64,False,,25,False,True,64,699.8211857971401,"[139.58261108398438, 784.2295532226562, 25.125]","[322.4936218261719, 919.8621215820312, 25.125]",True,,,False,False,False
3,2,31006,4,0,"[0.012499997392296791, 0.012499997392296791, 0.012499997392296791, 0.012499997392296791, 0.012499997392296791, 0.9125000238418579, 0.012499997392296791, 0.012499997392296791]",False,64,True,51.0,25,False,False,64,570.1174818539771,"[139.58261108398438, 784.2295532226562, 25.125]","[122.46632385253906, 766.7769775390625, 25.125]",True,,,False,False,False
3,2,31006,4,1,"[0.012499997392296791, 0.012499997392296791, 0.012499997392296791, 0.012499997392296791, 0.012499997392296791, 0.9125000238418579, 0.012499997392296791, 0.012499997392296791]",False,64,False,,25,False,True,64,570.1174818539771,"[139.58261108398438, 784.2295532226562, 25.125]","[122.46632385253906, 766.7769775390625, 25.125]",True,,,False,False,False
3,2,31006,4,2,"[0.012499997392296791, 0.012499997392296791, 0.012499997392296791, 0.012499997392296791, 0.012499997392296791, 0.9125000238418579, 0.012499997392296791, 0.012499997392296791]",False,64,True,15.0,25,False,False,64,570.1174818539771,"[139.58261108398438, 784.2295532226562, 25.125]","[122.46632385253906, 766.7769775390625, 25.125]",True,,,False,False,False
3,2,31006,4,4,"[0.012499997392296791, 0.012499997392296791, 0.012499997392296791, 0.012499997392296791, 0.012499997392296791, 0.9125000238418579, 0.012499997392296791, 0.012499997392296791]",True,64,False,,25,False,True,64,570.1174818539771,"[139.58261108398438, 784.2295532226562, 25.125]","[122.46632385253906, 766.7769775390625, 25.125]",True,,,False,False,False
3,3,31009,0,0,"[0.012499997392296791, 0.012499997392296791, 0.012499997392296791, 0.012499997392296791, 0.012499997392296791, 0.9125000238418579, 0.012499997392296791, 0.012499997392296791]",True,64,False,,42,False,True,64,492.0395044939705,"[946.7396850585938, 337.4183044433594, 25.125]","[946.02587890625, 116.12591552734375, 25.125]",True,,,False,False,False
3,3,31009,0,1,"[0.012499997392296791, 0.012499997392296791, 0.012499997392296791, 0.012499997392296791, 0.012499997392296791, 0.9125000238418579, 0.012499997392296791, 0.012499997392296791]",False,64,False,,42,False,True,64,492.0395044939705,"[946.7396850585938, 337.4183044433594, 25.125]","[946.02587890625, 116.12591552734375, 25.125]",True,,,False,False,False
3,3,31009,0,2,"[0.012499997392296791, 0.012499997392296791, 0.012499997392296791, 0.012499997392296791, 0.012499997392296791, 0.9125000238418579, 0.012499997392296791, 0.012499997392296791]",False,64,False,,42,False,True,64,492.0395044939705,"[946.7396850585938, 337.4183044433594, 25.125]","[946.02587890625, 116.12591552734375, 25.125]",True,,,False,False,False
3,3,31009,0,4,"[0.012499997392296791, 0.012499997392296791, 0.012499997392296791, 0.012499997392296791, 0.012499997392296791, 0.9125000238418579, 0.012499997392296791, 0.012499997392296791]",False,64,False,,42,False,True,64,492.0395044939705,"[946.7396850585938, 337.4183044433594, 25.125]","[946.02587890625, 116.12591552734375, 25.125]",True,,,False,False,False
3,3,31009,1,0,"[0.012499997392296791, 0.012499997392296791, 0.012499997392296791, 0.012499997392296791, 0.012499997392296791, 0.9125000238418579, 0.012499997392296791, 0.012499997392296791]",False,64,False,,42,False,True,64,865.3760673435239,"[946.7396850585938, 337.4183044433594, 25.125]","[941.974365234375, 116.12679290771484, 25.125]",True,,,False,False,False
3,3,31009,1,1,"[0.012499997392296791, 0.012499997392296791, 0.012499997392296791, 0.012499997392296791, 0.012499997392296791, 0.9125000238418579, 0.012499997392296791, 0.012499997392296791]",True,64,False,,42,False,True,64,865.3760673435239,"[946.7396850585938, 337.4183044433594, 25.125]","[941.974365234375, 116.12679290771484, 25.125]",True,,,False,False,False
3,3,31009,1,2,"[0.012499997392296791, 0.012499997392296791, 0.012499997392296791, 0.012499997392296791, 0.012499997392296791, 0.9125000238418579, 0.012499997392296791, 0.012499997392296791]",False,64,True,29.0,42,False,False,64,865.3760673435239,"[946.7396850585938, 337.4183044433594, 25.125]","[941.974365234375, 116.12679290771484, 25.125]",True,,,False,False,False
3,3,31009,1,4,"[0.012499997392296791, 0.012499997392296791, 0.012499997392296791, 0.012499997392296791, 0.012499997392296791, 0.9125000238418579, 0.012499997392296791, 0.012499997392296791]",False,64,False,,42,False,True,64,865.3760673435239,"[946.7396850585938, 337.4183044433594, 25.125]","[941.974365234375, 116.12679290771484, 25.125]",True,,,False,False,False
3,3,31009,2,0,"[0.012499997392296791, 0.012499997392296791, 0.012499997392296791, 0.012499997392296791, 0.012499997392296791, 0.9125000238418579, 0.012499997392296791, 0.012499997392296791]",False,64,False,,42,False,True,64,569.0337902088589,"[946.7396850585938, 337.4183044433594, 25.125]","[811.0476684570312, 230.59739685058594, 25.125]",True,,,False,False,False
3,3,31009,2,1,"[0.012499997392296791, 0.012499997392296791, 0.012499997392296791, 0.012499997392296791, 0.012499997392296791, 0.9125000238418579, 0.012499997392296791, 0.012499997392296791]",False,64,False,,42,False,True,64,569.0337902088589,"[946.7396850585938, 337.4183044433594, 25.125]","[811.0476684570312, 230.59739685058594, 25.125]",True,,,False,False,False
3,3,31009,2,2,"[0.012499997392296791, 0.012499997392296791, 0.012499997392296791, 0.012499997392296791, 0.012499997392296791, 0.9125000238418579, 0.012499997392296791, 0.012499997392296791]",True,64,True,40.0,42,False,False,64,569.0337902088589,"[946.7396850585938, 337.4183044433594, 25.125]","[811.0476684570312, 230.59739685058594, 25.125]",True,,,False,False,False
3,3,31009,2,4,"[0.012499997392296791, 0.012499997392296791, 0.012499997392296791, 0.012499997392296791, 0.012499997392296791, 0.9125000238418579, 0.012499997392296791, 0.012499997392296791]",False,64,False,,42,False,True,64,569.0337902088589,"[946.7396850585938, 337.4183044433594, 25.125]","[811.0476684570312, 230.59739685058594, 25.125]",True,,,False,False,False
3,3,31009,4,0,"[0.012499997392296791, 0.012499997392296791, 0.012499997392296791, 0.012499997392296791, 0.012499997392296791, 0.9125000238418579, 0.012499997392296791, 0.012499997392296791]",False,64,False,,42,False,True,64,680.5634182494113,"[946.7396850585938, 337.4183044433594, 25.125]","[742.3659057617188, 245.99505615234375, 25.125]",True,,,False,False,False
3,3,31009,4,1,"[0.012499997392296791, 0.012499997392296791, 0.012499997392296791, 0.012499997392296791, 0.012499997392296791, 0.9125000238418579, 0.012499997392296791, 0.012499997392296791]",False,64,False,,42,False,True,64,680.5634182494113,"[946.7396850585938, 337.4183044433594, 25.125]","[742.3659057617188, 245.99505615234375, 25.125]",True,,,False,False,False
3,3,31009,4,2,"[0.012499997392296791, 0.012499997392296791, 0.012499997392296791, 0.012499997392296791, 0.012499997392296791, 0.9125000238418579, 0.012499997392296791, 0.012499997392296791]",False,64,True,64.0,42,False,False,64,680.5634182494113,"[946.7396850585938, 337.4183044433594, 25.125]","[742.3659057617188, 245.99505615234375, 25.125]",True,,,False,False,False
3,3,31009,4,4,"[0.012499997392296791, 0.012499997392296791, 0.012499997392296791, 0.012499997392296791, 0.012499997392296791, 0.9125000238418579, 0.012499997392296791, 0.012499997392296791]",True,64,False,,42,False,True,64,680.5634182494113,"[946.7396850585938, 337.4183044433594, 25.125]","[742.3659057617188, 245.99505615234375, 25.125]",True,,,False,False,False
3,4,31010,0,0,"[0.012499997392296791, 0.012499997392296791, 0.012499997392296791, 0.012499997392296791, 0.012499997392296791, 0.9125000238418579, 0.012499997392296791, 0.012499997392296791]",True,64,False,,6,False,True,64,760.7041883590904,"[968.4136352539062, 334.71343994140625, 25.125]","[643.5048217773438, 157.2236328125, 25.125]",True,,,False,False,False
3,4,31010,0,1,"[0.012499997392296791, 0.012499997392296791, 0.012499997392296791, 0.012499997392296791, 0.012499997392296791, 0.9125000238418579, 0.012499997392296791, 0.012499997392296791]",False,64,False,,6,False,True,64,760.7041883590904,"[968.4136352539062, 334.71343994140625, 25.125]","[643.5048217773438, 157.2236328125, 25.125]",True,,,False,False,False
3,4,31010,0,2,"[0.012499997392296791, 0.012499997392296791, 0.012499997392296791, 0.012499997392296791, 0.012499997392296791, 0.9125000238418579, 0.012499997392296791, 0.012499997392296791]",False,64,False,,6,False,True,64,760.7041883590904,"[968.4136352539062, 334.71343994140625, 25.125]","[643.5048217773438, 157.2236328125, 25.125]",True,,,False,False,False
3,4,31010,0,4,"[0.012499997392296791, 0.012499997392296791, 0.012499997392296791, 0.012499997392296791, 0.012499997392296791, 0.9125000238418579, 0.012499997392296791, 0.012499997392296791]",False,64,False,,6,False,True,64,760.7041883590904,"[968.4136352539062, 334.71343994140625, 25.125]","[643.5048217773438, 157.2236328125, 25.125]",True,,,False,False,False
3,4,31010,1,0,"[0.012499997392296791, 0.012499997392296791, 0.012499997392296791, 0.012499997392296791, 0.012499997392296791, 0.9125000238418579, 0.012499997392296791, 0.012499997392296791]",False,64,False,,44,False,True,64,789.73909460617,"[968.4136352539062, 334.71343994140625, 25.125]","[839.3482055664062, 702.7684936523438, 25.125]",True,,,False,False,False
3,4,31010,1,1,"[0.012499997392296791, 0.012499997392296791, 0.012499997392296791, 0.012499997392296791, 0.012499997392296791, 0.9125000238418579, 0.012499997392296791, 0.012499997392296791]",True,64,False,,44,False,True,64,789.73909460617,"[968.4136352539062, 334.71343994140625, 25.125]","[839.3482055664062, 702.7684936523438, 25.125]",True,,,False,False,False
3,4,31010,1,2,"[0.012499997392296791, 0.012499997392296791, 0.012499997392296791, 0.012499997392296791, 0.012499997392296791, 0.9125000238418579, 0.012499997392296791, 0.012499997392296791]",False,64,False,,44,False,True,64,789.73909460617,"[968.4136352539062, 334.71343994140625, 25.125]","[839.3482055664062, 702.7684936523438, 25.125]",True,,,False,False,False
3,4,31010,1,4,"[0.012499997392296791, 0.012499997392296791, 0.012499997392296791, 0.012499997392296791, 0.012499997392296791, 0.9125000238418579, 0.012499997392296791, 0.012499997392296791]",False,64,False,,44,False,True,64,789.73909460617,"[968.4136352539062, 334.71343994140625, 25.125]","[839.3482055664062, 702.7684936523438, 25.125]",True,,,False,False,False
3,4,31010,2,0,"[0.012499997392296791, 0.012499997392296791, 0.012499997392296791, 0.012499997392296791, 0.012499997392296791, 0.9125000238418579, 0.012499997392296791, 0.012499997392296791]",False,64,False,,6,False,True,64,781.703825825956,"[968.4136352539062, 334.71343994140625, 25.125]","[622.7186279296875, 154.20774841308594, 25.125]",True,,,False,False,False
3,4,31010,2,1,"[0.012499997392296791, 0.012499997392296791, 0.012499997392296791, 0.012499997392296791, 0.012499997392296791, 0.9125000238418579, 0.012499997392296791, 0.012499997392296791]",False,64,False,,6,False,True,64,781.703825825956,"[968.4136352539062, 334.71343994140625, 25.125]","[622.7186279296875, 154.20774841308594, 25.125]",True,,,False,False,False
3,4,31010,2,2,"[0.012499997392296791, 0.012499997392296791, 0.012499997392296791, 0.012499997392296791, 0.012499997392296791, 0.9125000238418579, 0.012499997392296791, 0.012499997392296791]",True,64,False,,6,False,True,64,781.703825825956,"[968.4136352539062, 334.71343994140625, 25.125]","[622.7186279296875, 154.20774841308594, 25.125]",True,,,False,False,False
3,4,31010,2,4,"[0.012499997392296791, 0.012499997392296791, 0.012499997392296791, 0.012499997392296791, 0.012499997392296791, 0.9125000238418579, 0.012499997392296791, 0.012499997392296791]",False,64,False,,6,False,True,64,781.703825825956,"[968.4136352539062, 334.71343994140625, 25.125]","[622.7186279296875, 154.20774841308594, 25.125]",True,,,False,False,False
3,4,31010,4,0,"[0.012499997392296791, 0.012499997392296791, 0.012499997392296791, 0.012499997392296791, 0.012499997392296791, 0.9125000238418579, 0.012499997392296791, 0.012499997392296791]",False,64,False,,39,False,True,64,713.4871751751489,"[968.4136352539062, 334.71343994140625, 25.125]","[627.8198852539062, 199.62725830078125, 25.125]",True,,,False,False,False
3,4,31010,4,1,"[0.012499997392296791, 0.012499997392296791, 0.012499997392296791, 0.012499997392296791, 0.012499997392296791, 0.9125000238418579, 0.012499997392296791, 0.012499997392296791]",False,64,False,,39,False,True,64,713.4871751751489,"[968.4136352539062, 334.71343994140625, 25.125]","[627.8198852539062, 199.62725830078125, 25.125]",True,,,False,False,False
3,4,31010,4,2,"[0.012499997392296791, 0.012499997392296791, 0.012499997392296791, 0.012499997392296791, 0.012499997392296791, 0.9125000238418579, 0.012499997392296791, 0.012499997392296791]",False,64,False,,39,False,True,64,713.4871751751489,"[968.4136352539062, 334.71343994140625, 25.125]","[627.8198852539062, 199.62725830078125, 25.125]",True,,,False,False,False
3,4,31010,4,4,"[0.012499997392296791, 0.012499997392296791, 0.012499997392296791, 0.012499997392296791, 0.012499997392296791, 0.9125000238418579, 0.012499997392296791, 0.012499997392296791]",True,64,False,,39,False,True,64,713.4871751751489,"[968.4136352539062, 334.71343994140625, 25.125]","[627.8198852539062, 199.62725830078125, 25.125]",True,,,False,False,False
6,0,31004,0,0,"[0.012499997392296791, 0.012499997392296791, 0.012499997392296791, 0.012499997392296791, 0.012499997392296791, 0.9125000238418579, 0.012499997392296791, 0.012499997392296791]",True,64,True,58.0,3,False,False,64,565.3650286901446,"[355.0135498046875, 854.4652709960938, 25.125]","[460.1080627441406, 970.0591430664062, 25.125]",True,,,False,False,False
6,0,31004,0,1,"[0.012499997392296791, 0.012499997392296791, 0.012499997392296791, 0.012499997392296791, 0.012499997392296791, 0.9125000238418579, 0.012499997392296791, 0.012499997392296791]",False,64,False,,3,False,True,64,565.3650286901446,"[355.0135498046875, 854.4652709960938, 25.125]","[460.1080627441406, 970.0591430664062, 25.125]",True,,,False,False,False
6,0,31004,0,2,"[0.012499997392296791, 0.012499997392296791, 0.012499997392296791, 0.012499997392296791, 0.012499997392296791, 0.9125000238418579, 0.012499997392296791, 0.012499997392296791]",False,64,False,,3,False,True,64,565.3650286901446,"[355.0135498046875, 854.4652709960938, 25.125]","[460.1080627441406, 970.0591430664062, 25.125]",True,,,False,False,False
6,0,31004,0,3,"[0.012499997392296791, 0.012499997392296791, 0.012499997392296791, 0.012499997392296791, 0.012499997392296791, 0.9125000238418579, 0.012499997392296791, 0.012499997392296791]",False,64,True,3.0,3,False,False,64,565.3650286901446,"[355.0135498046875, 854.4652709960938, 25.125]","[460.1080627441406, 970.0591430664062, 25.125]",True,,,False,False,False
6,0,31004,1,0,"[0.012499997392296791, 0.012499997392296791, 0.012499997392296791, 0.012499997392296791, 0.012499997392296791, 0.9125000238418579, 0.012499997392296791, 0.012499997392296791]",False,64,False,,3,False,True,64,499.12291745610617,"[355.0135498046875, 854.4652709960938, 25.125]","[538.06640625, 983.8743896484375, 25.125]",True,,,False,False,False
6,0,31004,1,1,"[0.012499997392296791, 0.012499997392296791, 0.012499997392296791, 0.012499997392296791, 0.012499997392296791, 0.9125000238418579, 0.012499997392296791, 0.012499997392296791]",True,64,False,,3,False,True,64,499.12291745610617,"[355.0135498046875, 854.4652709960938, 25.125]","[538.06640625, 983.8743896484375, 25.125]",True,,,False,False,False
6,0,31004,1,2,"[0.012499997392296791, 0.012499997392296791, 0.012499997392296791, 0.012499997392296791, 0.012499997392296791, 0.9125000238418579, 0.012499997392296791, 0.012499997392296791]",False,64,False,,3,False,True,64,499.12291745610617,"[355.0135498046875, 854.4652709960938, 25.125]","[538.06640625, 983.8743896484375, 25.125]",True,,,False,False,False
6,0,31004,1,3,"[0.012499997392296791, 0.012499997392296791, 0.012499997392296791, 0.012499997392296791, 0.012499997392296791, 0.9125000238418579, 0.012499997392296791, 0.012499997392296791]",False,64,True,3.0,3,False,False,64,499.12291745610617,"[355.0135498046875, 854.4652709960938, 25.125]","[538.06640625, 983.8743896484375, 25.125]",True,,,False,False,False
6,0,31004,2,0,"[0.012499997392296791, 0.012499997392296791, 0.012499997392296791, 0.012499997392296791, 0.012499997392296791, 0.9125000238418579, 0.012499997392296791, 0.012499997392296791]",False,64,False,,3,False,True,64,660.4903043061029,"[355.0135498046875, 854.4652709960938, 25.125]","[599.989501953125, 931.0947265625, 25.125]",True,,,False,False,False
6,0,31004,2,1,"[0.012499997392296791, 0.012499997392296791, 0.012499997392296791, 0.012499997392296791, 0.012499997392296791, 0.9125000238418579, 0.012499997392296791, 0.012499997392296791]",False,64,False,,3,False,True,64,660.4903043061029,"[355.0135498046875, 854.4652709960938, 25.125]","[599.989501953125, 931.0947265625, 25.125]",True,,,False,False,False
6,0,31004,2,2,"[0.012499997392296791, 0.012499997392296791, 0.012499997392296791, 0.012499997392296791, 0.012499997392296791, 0.9125000238418579, 0.012499997392296791, 0.012499997392296791]",True,64,False,,3,False,True,64,660.4903043061029,"[355.0135498046875, 854.4652709960938, 25.125]","[599.989501953125, 931.0947265625, 25.125]",True,,,False,False,False
6,0,31004,2,3,"[0.012499997392296791, 0.012499997392296791, 0.012499997392296791, 0.012499997392296791, 0.012499997392296791, 0.9125000238418579, 0.012499997392296791, 0.012499997392296791]",False,64,True,3.0,3,False,False,64,660.4903043061029,"[355.0135498046875, 854.4652709960938, 25.125]","[599.989501953125, 931.0947265625, 25.125]",True,,,False,False,False
6,0,31004,3,0,"[0.012499997392296791, 0.012499997392296791, 0.012499997392296791, 0.012499997392296791, 0.012499997392296791, 0.9125000238418579, 0.012499997392296791, 0.012499997392296791]",False,64,False,,3,False,True,64,503.43325639567973,"[355.0135498046875, 854.4652709960938, 25.125]","[394.2113342285156, 936.272705078125, 25.125]",True,,,False,False,False
6,0,31004,3,1,"[0.012499997392296791, 0.012499997392296791, 0.012499997392296791, 0.012499997392296791, 0.012499997392296791, 0.9125000238418579, 0.012499997392296791, 0.012499997392296791]",False,64,False,,3,False,True,64,503.43325639567973,"[355.0135498046875, 854.4652709960938, 25.125]","[394.2113342285156, 936.272705078125, 25.125]",True,,,False,False,False
6,0,31004,3,2,"[0.012499997392296791, 0.012499997392296791, 0.012499997392296791, 0.012499997392296791, 0.012499997392296791, 0.9125000238418579, 0.012499997392296791, 0.012499997392296791]",False,64,True,34.0,3,False,False,64,503.43325639567973,"[355.0135498046875, 854.4652709960938, 25.125]","[394.2113342285156, 936.272705078125, 25.125]",True,,,False,False,False
6,0,31004,3,3,"[0.012499997392296791, 0.012499997392296791, 0.012499997392296791, 0.012499997392296791, 0.012499997392296791, 0.9125000238418579, 0.012499997392296791, 0.012499997392296791]",True,64,True,3.0,3,False,False,64,503.43325639567973,"[355.0135498046875, 854.4652709960938, 25.125]","[394.2113342285156, 936.272705078125, 25.125]",True,,,False,False,False
6,1,31005,0,0,"[0.012499997392296791, 0.012499997392296791, 0.012499997392296791, 0.012499997392296791, 0.012499997392296791, 0.9125000238418579, 0.012499997392296791, 0.012499997392296791]",True,64,False,,44,False,True,64,686.6941308018583,"[243.07061767578125, 688.6470947265625, 25.125]","[316.0352783203125, 553.6162109375, 25.125]",True,,,False,False,False
6,1,31005,0,1,"[0.012499997392296791, 0.012499997392296791, 0.012499997392296791, 0.012499997392296791, 0.012499997392296791, 0.9125000238418579, 0.012499997392296791, 0.012499997392296791]",False,64,False,,44,False,True,64,686.6941308018583,"[243.07061767578125, 688.6470947265625, 25.125]","[316.0352783203125, 553.6162109375, 25.125]",True,,,False,False,False
6,1,31005,0,2,"[0.012499997392296791, 0.012499997392296791, 0.012499997392296791, 0.012499997392296791, 0.012499997392296791, 0.9125000238418579, 0.012499997392296791, 0.012499997392296791]",False,64,True,14.0,44,False,False,64,686.6941308018583,"[243.07061767578125, 688.6470947265625, 25.125]","[316.0352783203125, 553.6162109375, 25.125]",True,,,False,False,False
6,1,31005,0,3,"[0.012499997392296791, 0.012499997392296791, 0.012499997392296791, 0.012499997392296791, 0.012499997392296791, 0.9125000238418579, 0.012499997392296791, 0.012499997392296791]",False,64,True,58.0,44,False,False,64,686.6941308018583,"[243.07061767578125, 688.6470947265625, 25.125]","[316.0352783203125, 553.6162109375, 25.125]",True,,,False,False,False
6,1,31005,1,0,"[0.012499997392296791, 0.012499997392296791, 0.012499997392296791, 0.012499997392296791, 0.012499997392296791, 0.9125000238418579, 0.012499997392296791, 0.012499997392296791]",False,64,False,,44,False,True,64,588.8375270279199,"[243.07061767578125, 688.6470947265625, 25.125]","[455.2353820800781, 752.1265869140625, 25.125]",True,,,False,False,False
6,1,31005,1,1,"[0.012499997392296791, 0.012499997392296791, 0.012499997392296791, 0.012499997392296791, 0.012499997392296791, 0.9125000238418579, 0.012499997392296791, 0.012499997392296791]",True,64,False,,44,False,True,64,588.8375270279199,"[243.07061767578125, 688.6470947265625, 25.125]","[455.2353820800781, 752.1265869140625, 25.125]",True,,,False,False,False
6,1,31005,1,2,"[0.012499997392296791, 0.012499997392296791, 0.012499997392296791, 0.012499997392296791, 0.012499997392296791, 0.9125000238418579, 0.012499997392296791, 0.012499997392296791]",False,64,True,13.0,44,False,False,64,588.8375270279199,"[243.07061767578125, 688.6470947265625, 25.125]","[455.2353820800781, 752.1265869140625, 25.125]",True,,,False,False,False
6,1,31005,1,3,"[0.012499997392296791, 0.012499997392296791, 0.012499997392296791, 0.012499997392296791, 0.012499997392296791, 0.9125000238418579, 0.012499997392296791, 0.012499997392296791]",False,64,True,45.0,44,False,False,64,588.8375270279199,"[243.07061767578125, 688.6470947265625, 25.125]","[455.2353820800781, 752.1265869140625, 25.125]",True,,,False,False,False
6,1,31005,2,0,"[0.012499997392296791, 0.012499997392296791, 0.012499997392296791, 0.012499997392296791, 0.012499997392296791, 0.9125000238418579, 0.012499997392296791, 0.012499997392296791]",False,64,False,,44,False,True,64,537.610174407143,"[243.07061767578125, 688.6470947265625, 25.125]","[304.6560974121094, 983.8740844726562, 25.125]",True,,,False,False,False
6,1,31005,2,1,"[0.012499997392296791, 0.012499997392296791, 0.012499997392296791, 0.012499997392296791, 0.012499997392296791, 0.9125000238418579, 0.012499997392296791, 0.012499997392296791]",False,64,False,,44,False,True,64,537.610174407143,"[243.07061767578125, 688.6470947265625, 25.125]","[304.6560974121094, 983.8740844726562, 25.125]",True,,,False,False,False
6,1,31005,2,2,"[0.012499997392296791, 0.012499997392296791, 0.012499997392296791, 0.012499997392296791, 0.012499997392296791, 0.9125000238418579, 0.012499997392296791, 0.012499997392296791]",True,64,True,14.0,44,False,False,64,537.610174407143,"[243.07061767578125, 688.6470947265625, 25.125]","[304.6560974121094, 983.8740844726562, 25.125]",True,,,False,False,False
6,1,31005,2,3,"[0.012499997392296791, 0.012499997392296791, 0.012499997392296791, 0.012499997392296791, 0.012499997392296791, 0.9125000238418579, 0.012499997392296791, 0.012499997392296791]",False,64,True,40.0,44,False,False,64,537.610174407143,"[243.07061767578125, 688.6470947265625, 25.125]","[304.6560974121094, 983.8740844726562, 25.125]",True,,,False,False,False
6,1,31005,3,0,"[0.012499997392296791, 0.012499997392296791, 0.012499997392296791, 0.012499997392296791, 0.012499997392296791, 0.9125000238418579, 0.012499997392296791, 0.012499997392296791]",False,64,False,,44,False,True,64,647.655951691325,"[243.07061767578125, 688.6470947265625, 25.125]","[309.18463134765625, 947.3485107421875, 25.125]",True,,,False,False,False
6,1,31005,3,1,"[0.012499997392296791, 0.012499997392296791, 0.012499997392296791, 0.012499997392296791, 0.012499997392296791, 0.9125000238418579, 0.012499997392296791, 0.012499997392296791]",False,64,False,,44,False,True,64,647.655951691325,"[243.07061767578125, 688.6470947265625, 25.125]","[309.18463134765625, 947.3485107421875, 25.125]",True,,,False,False,False
6,1,31005,3,2,"[0.012499997392296791, 0.012499997392296791, 0.012499997392296791, 0.012499997392296791, 0.012499997392296791, 0.9125000238418579, 0.012499997392296791, 0.012499997392296791]",False,64,True,13.0,44,False,False,64,647.655951691325,"[243.07061767578125, 688.6470947265625, 25.125]","[309.18463134765625, 947.3485107421875, 25.125]",True,,,False,False,False
6,1,31005,3,3,"[0.012499997392296791, 0.012499997392296791, 0.012499997392296791, 0.012499997392296791, 0.012499997392296791, 0.9125000238418579, 0.012499997392296791, 0.012499997392296791]",True,64,True,54.0,44,False,False,64,647.655951691325,"[243.07061767578125, 688.6470947265625, 25.125]","[309.18463134765625, 947.3485107421875, 25.125]",True,,,False,False,False
6,2,31007,0,0,"[0.012499997392296791, 0.012499997392296791, 0.012499997392296791, 0.012499997392296791, 0.012499997392296791, 0.9125000238418579, 0.012499997392296791, 0.012499997392296791]",True,64,True,6.0,3,False,False,64,611.5380958135818,"[197.49618530273438, 743.9492797851562, 25.125]","[218.2373046875, 783.8742065429688, 25.125]",True,,,False,False,False
6,2,31007,0,1,"[0.012499997392296791, 0.012499997392296791, 0.012499997392296791, 0.012499997392296791, 0.012499997392296791, 0.9125000238418579, 0.012499997392296791, 0.012499997392296791]",False,64,False,,3,False,True,64,611.5380958135818,"[197.49618530273438, 743.9492797851562, 25.125]","[218.2373046875, 783.8742065429688, 25.125]",True,,,False,False,False
6,2,31007,0,2,"[0.012499997392296791, 0.012499997392296791, 0.012499997392296791, 0.012499997392296791, 0.012499997392296791, 0.9125000238418579, 0.012499997392296791, 0.012499997392296791]",False,64,False,,3,False,True,64,611.5380958135818,"[197.49618530273438, 743.9492797851562, 25.125]","[218.2373046875, 783.8742065429688, 25.125]",True,,,False,False,False
6,2,31007,0,3,"[0.012499997392296791, 0.012499997392296791, 0.012499997392296791, 0.012499997392296791, 0.012499997392296791, 0.9125000238418579, 0.012499997392296791, 0.012499997392296791]",False,64,True,3.0,3,False,False,64,611.5380958135818,"[197.49618530273438, 743.9492797851562, 25.125]","[218.2373046875, 783.8742065429688, 25.125]",True,,,False,False,False
6,2,31007,1,0,"[0.012499997392296791, 0.012499997392296791, 0.012499997392296791, 0.012499997392296791, 0.012499997392296791, 0.9125000238418579, 0.012499997392296791, 0.012499997392296791]",False,64,True,6.0,3,False,False,64,408.3075194320985,"[197.49618530273438, 743.9492797851562, 25.125]","[156.49832153320312, 804.2481079101562, 25.125]",True,,,False,False,False
6,2,31007,1,1,"[0.012499997392296791, 0.012499997392296791, 0.012499997392296791, 0.012499997392296791, 0.012499997392296791, 0.9125000238418579, 0.012499997392296791, 0.012499997392296791]",True,64,False,,3,False,True,64,408.3075194320985,"[197.49618530273438, 743.9492797851562, 25.125]","[156.49832153320312, 804.2481079101562, 25.125]",True,,,False,False,False
6,2,31007,1,2,"[0.012499997392296791, 0.012499997392296791, 0.012499997392296791, 0.012499997392296791, 0.012499997392296791, 0.9125000238418579, 0.012499997392296791, 0.012499997392296791]",False,64,False,,3,False,True,64,408.3075194320985,"[197.49618530273438, 743.9492797851562, 25.125]","[156.49832153320312, 804.2481079101562, 25.125]",True,,,False,False,False
6,2,31007,1,3,"[0.012499997392296791, 0.012499997392296791, 0.012499997392296791, 0.012499997392296791, 0.012499997392296791, 0.9125000238418579, 0.012499997392296791, 0.012499997392296791]",False,64,True,3.0,3,False,False,64,408.3075194320985,"[197.49618530273438, 743.9492797851562, 25.125]","[156.49832153320312, 804.2481079101562, 25.125]",True,,,False,False,False
6,2,31007,2,0,"[0.012499997392296791, 0.012499997392296791, 0.012499997392296791, 0.012499997392296791, 0.012499997392296791, 0.9125000238418579, 0.012499997392296791, 0.012499997392296791]",False,64,True,6.0,3,False,False,64,634.8136739091425,"[197.49618530273438, 743.9492797851562, 25.125]","[183.87432861328125, 849.0093383789062, 25.125]",True,,,False,False,False
6,2,31007,2,1,"[0.012499997392296791, 0.012499997392296791, 0.012499997392296791, 0.012499997392296791, 0.012499997392296791, 0.9125000238418579, 0.012499997392296791, 0.012499997392296791]",False,64,False,,3,False,True,64,634.8136739091425,"[197.49618530273438, 743.9492797851562, 25.125]","[183.87432861328125, 849.0093383789062, 25.125]",True,,,False,False,False
6,2,31007,2,2,"[0.012499997392296791, 0.012499997392296791, 0.012499997392296791, 0.012499997392296791, 0.012499997392296791, 0.9125000238418579, 0.012499997392296791, 0.012499997392296791]",True,64,False,,3,False,True,64,634.8136739091425,"[197.49618530273438, 743.9492797851562, 25.125]","[183.87432861328125, 849.0093383789062, 25.125]",True,,,False,False,False
6,2,31007,2,3,"[0.012499997392296791, 0.012499997392296791, 0.012499997392296791, 0.012499997392296791, 0.012499997392296791, 0.9125000238418579, 0.012499997392296791, 0.012499997392296791]",False,64,True,3.0,3,False,False,64,634.8136739091425,"[197.49618530273438, 743.9492797851562, 25.125]","[183.87432861328125, 849.0093383789062, 25.125]",True,,,False,False,False
6,2,31007,3,0,"[0.012499997392296791, 0.012499997392296791, 0.012499997392296791, 0.012499997392296791, 0.012499997392296791, 0.9125000238418579, 0.012499997392296791, 0.012499997392296791]",False,64,True,6.0,3,False,False,64,635.2070126470609,"[197.49618530273438, 743.9492797851562, 25.125]","[166.98777770996094, 939.611572265625, 25.125]",True,,,False,False,False
6,2,31007,3,1,"[0.012499997392296791, 0.012499997392296791, 0.012499997392296791, 0.012499997392296791, 0.012499997392296791, 0.9125000238418579, 0.012499997392296791, 0.012499997392296791]",False,64,False,,3,False,True,64,635.2070126470609,"[197.49618530273438, 743.9492797851562, 25.125]","[166.98777770996094, 939.611572265625, 25.125]",True,,,False,False,False
6,2,31007,3,2,"[0.012499997392296791, 0.012499997392296791, 0.012499997392296791, 0.012499997392296791, 0.012499997392296791, 0.9125000238418579, 0.012499997392296791, 0.012499997392296791]",False,64,False,,3,False,True,64,635.2070126470609,"[197.49618530273438, 743.9492797851562, 25.125]","[166.98777770996094, 939.611572265625, 25.125]",True,,,False,False,False
6,2,31007,3,3,"[0.012499997392296791, 0.012499997392296791, 0.012499997392296791, 0.012499997392296791, 0.012499997392296791, 0.9125000238418579, 0.012499997392296791, 0.012499997392296791]",True,64,True,3.0,3,False,False,64,635.2070126470609,"[197.49618530273438, 743.9492797851562, 25.125]","[166.98777770996094, 939.611572265625, 25.125]",True,,,False,False,False
6,3,31016,0,0,"[0.012499997392296791, 0.012499997392296791, 0.012499997392296791, 0.012499997392296791, 0.012499997392296791, 0.9125000238418579, 0.012499997392296791, 0.012499997392296791]",True,64,False,,3,False,True,64,728.7196590498509,"[952.5447387695312, 323.649658203125, 25.125]","[945.362060546875, 271.73077392578125, 25.125]",True,,,False,False,False
6,3,31016,0,1,"[0.012499997392296791, 0.012499997392296791, 0.012499997392296791, 0.012499997392296791, 0.012499997392296791, 0.9125000238418579, 0.012499997392296791, 0.012499997392296791]",False,64,False,,3,False,True,64,728.7196590498509,"[952.5447387695312, 323.649658203125, 25.125]","[945.362060546875, 271.73077392578125, 25.125]",True,,,False,False,False
6,3,31016,0,2,"[0.012499997392296791, 0.012499997392296791, 0.012499997392296791, 0.012499997392296791, 0.012499997392296791, 0.9125000238418579, 0.012499997392296791, 0.012499997392296791]",False,64,True,13.0,3,False,False,64,728.7196590498509,"[952.5447387695312, 323.649658203125, 25.125]","[945.362060546875, 271.73077392578125, 25.125]",True,,,False,False,False
6,3,31016,0,3,"[0.012499997392296791, 0.012499997392296791, 0.012499997392296791, 0.012499997392296791, 0.012499997392296791, 0.9125000238418579, 0.012499997392296791, 0.012499997392296791]",False,64,True,2.0,3,False,False,64,728.7196590498509,"[952.5447387695312, 323.649658203125, 25.125]","[945.362060546875, 271.73077392578125, 25.125]",True,,,False,False,False
6,3,31016,1,0,"[0.012499997392296791, 0.012499997392296791, 0.012499997392296791, 0.012499997392296791, 0.012499997392296791, 0.9125000238418579, 0.012499997392296791, 0.012499997392296791]",False,64,False,,3,False,True,64,531.7675613828651,"[952.5447387695312, 323.649658203125, 25.125]","[983.8746337890625, 147.37506103515625, 25.125]",True,,,False,False,False
6,3,31016,1,1,"[0.012499997392296791, 0.012499997392296791, 0.012499997392296791, 0.012499997392296791, 0.012499997392296791, 0.9125000238418579, 0.012499997392296791, 0.012499997392296791]",True,64,False,,3,False,True,64,531.7675613828651,"[952.5447387695312, 323.649658203125, 25.125]","[983.8746337890625, 147.37506103515625, 25.125]",True,,,False,False,False
6,3,31016,1,2,"[0.012499997392296791, 0.012499997392296791, 0.012499997392296791, 0.012499997392296791, 0.012499997392296791, 0.9125000238418579, 0.012499997392296791, 0.012499997392296791]",False,64,False,,3,False,True,64,531.7675613828651,"[952.5447387695312, 323.649658203125, 25.125]","[983.8746337890625, 147.37506103515625, 25.125]",True,,,False,False,False
6,3,31016,1,3,"[0.012499997392296791, 0.012499997392296791, 0.012499997392296791, 0.012499997392296791, 0.012499997392296791, 0.9125000238418579, 0.012499997392296791, 0.012499997392296791]",False,64,True,2.0,3,False,False,64,531.7675613828651,"[952.5447387695312, 323.649658203125, 25.125]","[983.8746337890625, 147.37506103515625, 25.125]",True,,,False,False,False
6,3,31016,2,0,"[0.012499997392296791, 0.012499997392296791, 0.012499997392296791, 0.012499997392296791, 0.012499997392296791, 0.9125000238418579, 0.012499997392296791, 0.012499997392296791]",False,64,False,,3,False,True,64,682.4432030244898,"[952.5447387695312, 323.649658203125, 25.125]","[981.6793212890625, 542.9000854492188, 25.125]",True,,,False,False,False
6,3,31016,2,1,"[0.012499997392296791, 0.012499997392296791, 0.012499997392296791, 0.012499997392296791, 0.012499997392296791, 0.9125000238418579, 0.012499997392296791, 0.012499997392296791]",False,64,False,,3,False,True,64,682.4432030244898,"[952.5447387695312, 323.649658203125, 25.125]","[981.6793212890625, 542.9000854492188, 25.125]",True,,,False,False,False
6,3,31016,2,2,"[0.012499997392296791, 0.012499997392296791, 0.012499997392296791, 0.012499997392296791, 0.012499997392296791, 0.9125000238418579, 0.012499997392296791, 0.012499997392296791]",True,64,False,,3,False,True,64,682.4432030244898,"[952.5447387695312, 323.649658203125, 25.125]","[981.6793212890625, 542.9000854492188, 25.125]",True,,,False,False,False
6,3,31016,2,3,"[0.012499997392296791, 0.012499997392296791, 0.012499997392296791, 0.012499997392296791, 0.012499997392296791, 0.9125000238418579, 0.012499997392296791, 0.012499997392296791]",False,64,True,2.0,3,False,False,64,682.4432030244898,"[952.5447387695312, 323.649658203125, 25.125]","[981.6793212890625, 542.9000854492188, 25.125]",True,,,False,False,False
6,3,31016,3,0,"[0.012499997392296791, 0.012499997392296791, 0.012499997392296791, 0.012499997392296791, 0.012499997392296791, 0.9125000238418579, 0.012499997392296791, 0.012499997392296791]",False,64,False,,3,False,True,64,678.5146323663953,"[952.5447387695312, 323.649658203125, 25.125]","[886.7852172851562, 185.5277862548828, 25.125]",True,,,False,False,False
6,3,31016,3,1,"[0.012499997392296791, 0.012499997392296791, 0.012499997392296791, 0.012499997392296791, 0.012499997392296791, 0.9125000238418579, 0.012499997392296791, 0.012499997392296791]",False,64,False,,3,False,True,64,678.5146323663953,"[952.5447387695312, 323.649658203125, 25.125]","[886.7852172851562, 185.5277862548828, 25.125]",True,,,False,False,False
6,3,31016,3,2,"[0.012499997392296791, 0.012499997392296791, 0.012499997392296791, 0.012499997392296791, 0.012499997392296791, 0.9125000238418579, 0.012499997392296791, 0.012499997392296791]",False,64,True,13.0,3,False,False,64,678.5146323663953,"[952.5447387695312, 323.649658203125, 25.125]","[886.7852172851562, 185.5277862548828, 25.125]",True,,,False,False,False
6,3,31016,3,3,"[0.012499997392296791, 0.012499997392296791, 0.012499997392296791, 0.012499997392296791, 0.012499997392296791, 0.9125000238418579, 0.012499997392296791, 0.012499997392296791]",True,64,True,2.0,3,False,False,64,678.5146323663953,"[952.5447387695312, 323.649658203125, 25.125]","[886.7852172851562, 185.5277862548828, 25.125]",True,,,False,False,False
6,4,31017,0,0,"[0.012499997392296791, 0.012499997392296791, 0.9125000238418579, 0.012499997392296791, 0.012499997392296791, 0.012499997392296791, 0.012499997392296791, 0.012499997392296791]",True,64,True,49.0,30,False,False,64,673.5595372679375,"[422.9276428222656, 783.8742065429688, 25.125]","[274.59912109375, 732.09814453125, 25.125]",True,,,False,False,False
6,4,31017,0,1,"[0.012499997392296791, 0.012499997392296791, 0.9125000238418579, 0.012499997392296791, 0.012499997392296791, 0.012499997392296791, 0.012499997392296791, 0.012499997392296791]",False,64,False,,30,False,True,64,673.5595372679375,"[422.9276428222656, 783.8742065429688, 25.125]","[274.59912109375, 732.09814453125, 25.125]",True,,,False,False,False
6,4,31017,0,2,"[0.012499997392296791, 0.012499997392296791, 0.9125000238418579, 0.012499997392296791, 0.012499997392296791, 0.012499997392296791, 0.012499997392296791, 0.012499997392296791]",False,64,False,,30,False,True,64,673.5595372679375,"[422.9276428222656, 783.8742065429688, 25.125]","[274.59912109375, 732.09814453125, 25.125]",True,,,False,False,False
6,4,31017,0,3,"[0.012499997392296791, 0.012499997392296791, 0.9125000238418579, 0.012499997392296791, 0.012499997392296791, 0.012499997392296791, 0.012499997392296791, 0.012499997392296791]",False,64,True,26.0,30,False,False,64,673.5595372679375,"[422.9276428222656, 783.8742065429688, 25.125]","[274.59912109375, 732.09814453125, 25.125]",True,,,False,False,False
6,4,31017,1,0,"[0.012499997392296791, 0.012499997392296791, 0.012499997392296791, 0.012499997392296791, 0.012499997392296791, 0.9125000238418579, 0.012499997392296791, 0.012499997392296791]",False,64,True,38.0,3,False,False,64,507.9778831665071,"[422.9276428222656, 783.8742065429688, 25.125]","[159.83084106445312, 694.673583984375, 25.125]",True,,,False,False,False
6,4,31017,1,1,"[0.012499997392296791, 0.012499997392296791, 0.012499997392296791, 0.012499997392296791, 0.012499997392296791, 0.9125000238418579, 0.012499997392296791, 0.012499997392296791]",True,64,False,,3,False,True,64,507.9778831665071,"[422.9276428222656, 783.8742065429688, 25.125]","[159.83084106445312, 694.673583984375, 25.125]",True,,,False,False,False
6,4,31017,1,2,"[0.012499997392296791, 0.012499997392296791, 0.012499997392296791, 0.012499997392296791, 0.012499997392296791, 0.9125000238418579, 0.012499997392296791, 0.012499997392296791]",False,64,True,18.0,3,False,False,64,507.9778831665071,"[422.9276428222656, 783.8742065429688, 25.125]","[159.83084106445312, 694.673583984375, 25.125]",True,,,False,False,False
6,4,31017,1,3,"[0.012499997392296791, 0.012499997392296791, 0.012499997392296791, 0.012499997392296791, 0.012499997392296791, 0.9125000238418579, 0.012499997392296791, 0.012499997392296791]",False,64,True,3.0,3,False,False,64,507.9778831665071,"[422.9276428222656, 783.8742065429688, 25.125]","[159.83084106445312, 694.673583984375, 25.125]",True,,,False,False,False
6,4,31017,2,0,"[0.012499997392296791, 0.012499997392296791, 0.9125000238418579, 0.012499997392296791, 0.012499997392296791, 0.012499997392296791, 0.012499997392296791, 0.012499997392296791]",False,64,True,15.0,30,False,False,64,559.1527009625738,"[422.9276428222656, 783.8742065429688, 25.125]","[239.20236206054688, 516.1256103515625, 25.125]",True,,,False,False,False
6,4,31017,2,1,"[0.012499997392296791, 0.012499997392296791, 0.9125000238418579, 0.012499997392296791, 0.012499997392296791, 0.012499997392296791, 0.012499997392296791, 0.012499997392296791]",False,64,False,,30,False,True,64,559.1527009625738,"[422.9276428222656, 783.8742065429688, 25.125]","[239.20236206054688, 516.1256103515625, 25.125]",True,,,False,False,False
6,4,31017,2,2,"[0.012499997392296791, 0.012499997392296791, 0.9125000238418579, 0.012499997392296791, 0.012499997392296791, 0.012499997392296791, 0.012499997392296791, 0.012499997392296791]",True,64,False,,30,False,True,64,559.1527009625738,"[422.9276428222656, 783.8742065429688, 25.125]","[239.20236206054688, 516.1256103515625, 25.125]",True,,,False,False,False
6,4,31017,2,3,"[0.012499997392296791, 0.012499997392296791, 0.9125000238418579, 0.012499997392296791, 0.012499997392296791, 0.012499997392296791, 0.012499997392296791, 0.012499997392296791]",False,64,True,7.0,30,False,False,64,559.1527009625738,"[422.9276428222656, 783.8742065429688, 25.125]","[239.20236206054688, 516.1256103515625, 25.125]",True,,,False,False,False
6,4,31017,3,0,"[0.012499997392296791, 0.012499997392296791, 0.012499997392296791, 0.012499997392296791, 0.012499997392296791, 0.9125000238418579, 0.012499997392296791, 0.012499997392296791]",False,64,False,,3,False,True,64,422.5117267166999,"[422.9276428222656, 783.8742065429688, 25.125]","[336.1836853027344, 881.4017944335938, 25.125]",True,,,False,False,False
6,4,31017,3,1,"[0.012499997392296791, 0.012499997392296791, 0.012499997392296791, 0.012499997392296791, 0.012499997392296791, 0.9125000238418579, 0.012499997392296791, 0.012499997392296791]",False,64,False,,3,False,True,64,422.5117267166999,"[422.9276428222656, 783.8742065429688, 25.125]","[336.1836853027344, 881.4017944335938, 25.125]",True,,,False,False,False
6,4,31017,3,2,"[0.012499997392296791, 0.012499997392296791, 0.012499997392296791, 0.012499997392296791, 0.012499997392296791, 0.9125000238418579, 0.012499997392296791, 0.012499997392296791]",False,64,True,46.0,3,False,False,64,422.5117267166999,"[422.9276428222656, 783.8742065429688, 25.125]","[336.1836853027344, 881.4017944335938, 25.125]",True,,,False,False,False
6,4,31017,3,3,"[0.012499997392296791, 0.012499997392296791, 0.012499997392296791, 0.012499997392296791, 0.012499997392296791, 0.9125000238418579, 0.012499997392296791, 0.012499997392296791]",True,64,True,3.0,3,False,False,64,422.5117267166999,"[422.9276428222656, 783.8742065429688, 25.125]","[336.1836853027344, 881.4017944335938, 25.125]",True,,,False,False,False
19,0,31003,0,0,"[0.012499997392296791, 0.012499997392296791, 0.012499997392296791, 0.012499997392296791, 0.012499997392296791, 0.9125000238418579, 0.012499997392296791, 0.012499997392296791]",True,64,False,,17,False,True,64,394.3187314542458,"[351.4604797363281, 726.2474975585938, 25.125]","[388.8873596191406, 621.218505859375, 25.125]",True,,,False,False,False
19,0,31003,0,1,"[0.012499997392296791, 0.012499997392296791, 0.012499997392296791, 0.012499997392296791, 0.012499997392296791, 0.9125000238418579, 0.012499997392296791, 0.012499997392296791]",False,64,False,,17,False,True,64,394.3187314542458,"[351.4604797363281, 726.2474975585938, 25.125]","[388.8873596191406, 621.218505859375, 25.125]",True,,,False,False,False
19,0,31003,0,2,"[0.012499997392296791, 0.012499997392296791, 0.012499997392296791, 0.012499997392296791, 0.012499997392296791, 0.9125000238418579, 0.012499997392296791, 0.012499997392296791]",False,64,True,14.0,17,False,False,64,394.3187314542458,"[351.4604797363281, 726.2474975585938, 25.125]","[388.8873596191406, 621.218505859375, 25.125]",True,,,False,False,False
19,0,31003,0,3,"[0.012499997392296791, 0.012499997392296791, 0.012499997392296791, 0.012499997392296791, 0.012499997392296791, 0.9125000238418579, 0.012499997392296791, 0.012499997392296791]",False,64,False,,17,False,True,64,394.3187314542458,"[351.4604797363281, 726.2474975585938, 25.125]","[388.8873596191406, 621.218505859375, 25.125]",True,,,False,False,False
19,0,31003,1,0,"[0.012499997392296791, 0.012499997392296791, 0.012499997392296791, 0.012499997392296791, 0.012499997392296791, 0.9125000238418579, 0.012499997392296791, 0.012499997392296791]",False,64,False,,17,False,True,64,411.88362550451114,"[351.4604797363281, 726.2474975585938, 25.125]","[338.38629150390625, 543.3963012695312, 25.125]",True,,,False,False,False
19,0,31003,1,1,"[0.012499997392296791, 0.012499997392296791, 0.012499997392296791, 0.012499997392296791, 0.012499997392296791, 0.9125000238418579, 0.012499997392296791, 0.012499997392296791]",True,64,False,,17,False,True,64,411.88362550451114,"[351.4604797363281, 726.2474975585938, 25.125]","[338.38629150390625, 543.3963012695312, 25.125]",True,,,False,False,False
19,0,31003,1,2,"[0.012499997392296791, 0.012499997392296791, 0.012499997392296791, 0.012499997392296791, 0.012499997392296791, 0.9125000238418579, 0.012499997392296791, 0.012499997392296791]",False,64,True,14.0,17,False,False,64,411.88362550451114,"[351.4604797363281, 726.2474975585938, 25.125]","[338.38629150390625, 543.3963012695312, 25.125]",True,,,False,False,False
19,0,31003,1,3,"[0.012499997392296791, 0.012499997392296791, 0.012499997392296791, 0.012499997392296791, 0.012499997392296791, 0.9125000238418579, 0.012499997392296791, 0.012499997392296791]",False,64,False,,17,False,True,64,411.88362550451114,"[351.4604797363281, 726.2474975585938, 25.125]","[338.38629150390625, 543.3963012695312, 25.125]",True,,,False,False,False
19,0,31003,2,0,"[0.012499997392296791, 0.012499997392296791, 0.012499997392296791, 0.012499997392296791, 0.012499997392296791, 0.9125000238418579, 0.012499997392296791, 0.012499997392296791]",False,64,False,,17,False,True,64,394.3187314542458,"[351.4604797363281, 726.2474975585938, 25.125]","[388.8873596191406, 621.218505859375, 25.125]",True,,,False,False,False
19,0,31003,2,1,"[0.012499997392296791, 0.012499997392296791, 0.012499997392296791, 0.012499997392296791, 0.012499997392296791, 0.9125000238418579, 0.012499997392296791, 0.012499997392296791]",False,64,False,,17,False,True,64,394.3187314542458,"[351.4604797363281, 726.2474975585938, 25.125]","[388.8873596191406, 621.218505859375, 25.125]",True,,,False,False,False
19,0,31003,2,2,"[0.012499997392296791, 0.012499997392296791, 0.012499997392296791, 0.012499997392296791, 0.012499997392296791, 0.9125000238418579, 0.012499997392296791, 0.012499997392296791]",True,64,True,14.0,17,False,False,64,394.3187314542458,"[351.4604797363281, 726.2474975585938, 25.125]","[388.8873596191406, 621.218505859375, 25.125]",True,,,False,False,False
19,0,31003,2,3,"[0.012499997392296791, 0.012499997392296791, 0.012499997392296791, 0.012499997392296791, 0.012499997392296791, 0.9125000238418579, 0.012499997392296791, 0.012499997392296791]",False,64,False,,17,False,True,64,394.3187314542458,"[351.4604797363281, 726.2474975585938, 25.125]","[388.8873596191406, 621.218505859375, 25.125]",True,,,False,False,False
19,0,31003,3,0,"[0.012499997392296791, 0.012499997392296791, 0.012499997392296791, 0.012499997392296791, 0.012499997392296791, 0.9125000238418579, 0.012499997392296791, 0.012499997392296791]",False,64,False,,17,False,True,64,407.7617300831052,"[351.4604797363281, 726.2474975585938, 25.125]","[494.0514831542969, 543.2046508789062, 25.125]",True,,,False,False,False
19,0,31003,3,1,"[0.012499997392296791, 0.012499997392296791, 0.012499997392296791, 0.012499997392296791, 0.012499997392296791, 0.9125000238418579, 0.012499997392296791, 0.012499997392296791]",False,64,False,,17,False,True,64,407.7617300831052,"[351.4604797363281, 726.2474975585938, 25.125]","[494.0514831542969, 543.2046508789062, 25.125]",True,,,False,False,False
19,0,31003,3,2,"[0.012499997392296791, 0.012499997392296791, 0.012499997392296791, 0.012499997392296791, 0.012499997392296791, 0.9125000238418579, 0.012499997392296791, 0.012499997392296791]",False,64,True,14.0,17,False,False,64,407.7617300831052,"[351.4604797363281, 726.2474975585938, 25.125]","[494.0514831542969, 543.2046508789062, 25.125]",True,,,False,False,False
19,0,31003,3,3,"[0.012499997392296791, 0.012499997392296791, 0.012499997392296791, 0.012499997392296791, 0.012499997392296791, 0.9125000238418579, 0.012499997392296791, 0.012499997392296791]",True,64,False,,17,False,True,64,407.7617300831052,"[351.4604797363281, 726.2474975585938, 25.125]","[494.0514831542969, 543.2046508789062, 25.125]",True,,,False,False,False
19,1,31025,0,0,"[0.012499997392296791, 0.012499997392296791, 0.012499997392296791, 0.012499997392296791, 0.012499997392296791, 0.9125000238418579, 0.012499997392296791, 0.012499997392296791]",True,64,True,26.0,63,False,False,64,920.9931493701343,"[275.01885986328125, 181.65103149414062, 25.125]","[295.8445129394531, 308.3074951171875, 25.125]",True,,,False,False,False
19,1,31025,0,1,"[0.012499997392296791, 0.012499997392296791, 0.012499997392296791, 0.012499997392296791, 0.012499997392296791, 0.9125000238418579, 0.012499997392296791, 0.012499997392296791]",False,64,False,,63,False,True,64,920.9931493701343,"[275.01885986328125, 181.65103149414062, 25.125]","[295.8445129394531, 308.3074951171875, 25.125]",True,,,False,False,False
19,1,31025,0,2,"[0.012499997392296791, 0.012499997392296791, 0.012499997392296791, 0.012499997392296791, 0.012499997392296791, 0.9125000238418579, 0.012499997392296791, 0.012499997392296791]",False,64,True,14.0,63,False,False,64,920.9931493701343,"[275.01885986328125, 181.65103149414062, 25.125]","[295.8445129394531, 308.3074951171875, 25.125]",True,,,False,False,False
19,1,31025,0,3,"[0.012499997392296791, 0.012499997392296791, 0.012499997392296791, 0.012499997392296791, 0.012499997392296791, 0.9125000238418579, 0.012499997392296791, 0.012499997392296791]",False,64,True,25.0,63,False,False,64,920.9931493701343,"[275.01885986328125, 181.65103149414062, 25.125]","[295.8445129394531, 308.3074951171875, 25.125]",True,,,False,False,False
19,1,31025,1,0,"[0.012499997392296791, 0.012499997392296791, 0.012499997392296791, 0.012499997392296791, 0.012499997392296791, 0.9125000238418579, 0.012499997392296791, 0.012499997392296791]",False,64,False,,63,False,True,64,640.1576269709194,"[275.01885986328125, 181.65103149414062, 25.125]","[560.0277099609375, 331.8611145019531, 25.125]",True,,,False,False,False
19,1,31025,1,1,"[0.012499997392296791, 0.012499997392296791, 0.012499997392296791, 0.012499997392296791, 0.012499997392296791, 0.9125000238418579, 0.012499997392296791, 0.012499997392296791]",True,64,False,,63,False,True,64,640.1576269709194,"[275.01885986328125, 181.65103149414062, 25.125]","[560.0277099609375, 331.8611145019531, 25.125]",True,,,False,False,False
19,1,31025,1,2,"[0.012499997392296791, 0.012499997392296791, 0.012499997392296791, 0.012499997392296791, 0.012499997392296791, 0.9125000238418579, 0.012499997392296791, 0.012499997392296791]",False,64,True,14.0,63,False,False,64,640.1576269709194,"[275.01885986328125, 181.65103149414062, 25.125]","[560.0277099609375, 331.8611145019531, 25.125]",True,,,False,False,False
19,1,31025,1,3,"[0.012499997392296791, 0.012499997392296791, 0.012499997392296791, 0.012499997392296791, 0.012499997392296791, 0.9125000238418579, 0.012499997392296791, 0.012499997392296791]",False,64,True,46.0,63,False,False,64,640.1576269709194,"[275.01885986328125, 181.65103149414062, 25.125]","[560.0277099609375, 331.8611145019531, 25.125]",True,,,False,False,False
19,1,31025,2,0,"[0.012499997392296791, 0.012499997392296791, 0.012499997392296791, 0.012499997392296791, 0.012499997392296791, 0.9125000238418579, 0.012499997392296791, 0.012499997392296791]",False,64,True,50.0,63,False,False,64,687.2788099218343,"[275.01885986328125, 181.65103149414062, 25.125]","[429.9818420410156, 293.7376708984375, 25.125]",True,,,False,False,False
19,1,31025,2,1,"[0.012499997392296791, 0.012499997392296791, 0.012499997392296791, 0.012499997392296791, 0.012499997392296791, 0.9125000238418579, 0.012499997392296791, 0.012499997392296791]",False,64,False,,63,False,True,64,687.2788099218343,"[275.01885986328125, 181.65103149414062, 25.125]","[429.9818420410156, 293.7376708984375, 25.125]",True,,,False,False,False
19,1,31025,2,2,"[0.012499997392296791, 0.012499997392296791, 0.012499997392296791, 0.012499997392296791, 0.012499997392296791, 0.9125000238418579, 0.012499997392296791, 0.012499997392296791]",True,64,True,14.0,63,False,False,64,687.2788099218343,"[275.01885986328125, 181.65103149414062, 25.125]","[429.9818420410156, 293.7376708984375, 25.125]",True,,,False,False,False
19,1,31025,2,3,"[0.012499997392296791, 0.012499997392296791, 0.012499997392296791, 0.012499997392296791, 0.012499997392296791, 0.9125000238418579, 0.012499997392296791, 0.012499997392296791]",False,64,True,48.0,63,False,False,64,687.2788099218343,"[275.01885986328125, 181.65103149414062, 25.125]","[429.9818420410156, 293.7376708984375, 25.125]",True,,,False,False,False
19,1,31025,3,0,"[0.012499997392296791, 0.012499997392296791, 0.012499997392296791, 0.012499997392296791, 0.012499997392296791, 0.9125000238418579, 0.012499997392296791, 0.012499997392296791]",False,64,False,,63,False,True,64,695.9130520322833,"[275.01885986328125, 181.65103149414062, 25.125]","[556.2628173828125, 324.279296875, 25.125]",True,,,False,False,False
19,1,31025,3,1,"[0.012499997392296791, 0.012499997392296791, 0.012499997392296791, 0.012499997392296791, 0.012499997392296791, 0.9125000238418579, 0.012499997392296791, 0.012499997392296791]",False,64,False,,63,False,True,64,695.9130520322833,"[275.01885986328125, 181.65103149414062, 25.125]","[556.2628173828125, 324.279296875, 25.125]",True,,,False,False,False
19,1,31025,3,2,"[0.012499997392296791, 0.012499997392296791, 0.012499997392296791, 0.012499997392296791, 0.012499997392296791, 0.9125000238418579, 0.012499997392296791, 0.012499997392296791]",False,64,True,14.0,63,False,False,64,695.9130520322833,"[275.01885986328125, 181.65103149414062, 25.125]","[556.2628173828125, 324.279296875, 25.125]",True,,,False,False,False
19,1,31025,3,3,"[0.012499997392296791, 0.012499997392296791, 0.012499997392296791, 0.012499997392296791, 0.012499997392296791, 0.9125000238418579, 0.012499997392296791, 0.012499997392296791]",True,64,True,56.0,63,False,False,64,695.9130520322833,"[275.01885986328125, 181.65103149414062, 25.125]","[556.2628173828125, 324.279296875, 25.125]",True,,,False,False,False
19,2,31026,0,0,"[0.012499997392296791, 0.012499997392296791, 0.012499997392296791, 0.012499997392296791, 0.012499997392296791, 0.012499997392296791, 0.012499997392296791, 0.9125000238418579]",True,64,False,,63,False,True,64,470.92249913155166,"[166.45413208007812, 472.153076171875, 25.125]","[139.83229064941406, 692.2660522460938, 25.125]",True,,,False,False,False
19,2,31026,0,1,"[0.012499997392296791, 0.012499997392296791, 0.012499997392296791, 0.012499997392296791, 0.012499997392296791, 0.012499997392296791, 0.012499997392296791, 0.9125000238418579]",False,64,False,,63,False,True,64,470.92249913155166,"[166.45413208007812, 472.153076171875, 25.125]","[139.83229064941406, 692.2660522460938, 25.125]",True,,,False,False,False
19,2,31026,0,2,"[0.012499997392296791, 0.012499997392296791, 0.012499997392296791, 0.012499997392296791, 0.012499997392296791, 0.012499997392296791, 0.012499997392296791, 0.9125000238418579]",False,64,False,,63,False,True,64,470.92249913155166,"[166.45413208007812, 472.153076171875, 25.125]","[139.83229064941406, 692.2660522460938, 25.125]",True,,,False,False,False
19,2,31026,0,3,"[0.012499997392296791, 0.012499997392296791, 0.012499997392296791, 0.012499997392296791, 0.012499997392296791, 0.012499997392296791, 0.012499997392296791, 0.9125000238418579]",False,64,False,,63,False,True,64,470.92249913155166,"[166.45413208007812, 472.153076171875, 25.125]","[139.83229064941406, 692.2660522460938, 25.125]",True,,,False,False,False
19,2,31026,1,0,"[0.012499997392296791, 0.012499997392296791, 0.012499997392296791, 0.012499997392296791, 0.012499997392296791, 0.012499997392296791, 0.012499997392296791, 0.9125000238418579]",False,64,False,,63,False,True,64,397.74676439372064,"[166.45413208007812, 472.153076171875, 25.125]","[116.12522888183594, 603.7114868164062, 25.125]",True,,,False,False,False
19,2,31026,1,1,"[0.012499997392296791, 0.012499997392296791, 0.012499997392296791, 0.012499997392296791, 0.012499997392296791, 0.012499997392296791, 0.012499997392296791, 0.9125000238418579]",True,64,False,,63,False,True,64,397.74676439372064,"[166.45413208007812, 472.153076171875, 25.125]","[116.12522888183594, 603.7114868164062, 25.125]",True,,,False,False,False
19,2,31026,1,2,"[0.012499997392296791, 0.012499997392296791, 0.012499997392296791, 0.012499997392296791, 0.012499997392296791, 0.012499997392296791, 0.012499997392296791, 0.9125000238418579]",False,64,True,20.0,63,False,False,64,397.74676439372064,"[166.45413208007812, 472.153076171875, 25.125]","[116.12522888183594, 603.7114868164062, 25.125]",True,,,False,False,False
19,2,31026,1,3,"[0.012499997392296791, 0.012499997392296791, 0.012499997392296791, 0.012499997392296791, 0.012499997392296791, 0.012499997392296791, 0.012499997392296791, 0.9125000238418579]",False,64,True,52.0,63,False,False,64,397.74676439372064,"[166.45413208007812, 472.153076171875, 25.125]","[116.12522888183594, 603.7114868164062, 25.125]",True,,,False,False,False
19,2,31026,2,0,"[0.012499997392296791, 0.012499997392296791, 0.012499997392296791, 0.012499997392296791, 0.012499997392296791, 0.9125000238418579, 0.012499997392296791, 0.012499997392296791]",False,64,False,,58,False,True,64,632.8861766846476,"[166.45413208007812, 472.153076171875, 25.125]","[187.67840576171875, 524.1664428710938, 25.125]",True,,,False,False,False
19,2,31026,2,1,"[0.012499997392296791, 0.012499997392296791, 0.012499997392296791, 0.012499997392296791, 0.012499997392296791, 0.9125000238418579, 0.012499997392296791, 0.012499997392296791]",False,64,False,,58,False,True,64,632.8861766846476,"[166.45413208007812, 472.153076171875, 25.125]","[187.67840576171875, 524.1664428710938, 25.125]",True,,,False,False,False
19,2,31026,2,2,"[0.012499997392296791, 0.012499997392296791, 0.012499997392296791, 0.012499997392296791, 0.012499997392296791, 0.9125000238418579, 0.012499997392296791, 0.012499997392296791]",True,64,False,,58,False,True,64,632.8861766846476,"[166.45413208007812, 472.153076171875, 25.125]","[187.67840576171875, 524.1664428710938, 25.125]",True,,,False,False,False
19,2,31026,2,3,"[0.012499997392296791, 0.012499997392296791, 0.012499997392296791, 0.012499997392296791, 0.012499997392296791, 0.9125000238418579, 0.012499997392296791, 0.012499997392296791]",False,64,False,,58,False,True,64,632.8861766846476,"[166.45413208007812, 472.153076171875, 25.125]","[187.67840576171875, 524.1664428710938, 25.125]",True,,,False,False,False
19,2,31026,3,0,"[0.012499997392296791, 0.012499997392296791, 0.012499997392296791, 0.012499997392296791, 0.012499997392296791, 0.012499997392296791, 0.012499997392296791, 0.9125000238418579]",False,64,False,,63,False,True,64,516.1177818354398,"[166.45413208007812, 472.153076171875, 25.125]","[394.6783447265625, 763.1666870117188, 25.125]",True,,,False,False,False
19,2,31026,3,1,"[0.012499997392296791, 0.012499997392296791, 0.012499997392296791, 0.012499997392296791, 0.012499997392296791, 0.012499997392296791, 0.012499997392296791, 0.9125000238418579]",False,64,False,,63,False,True,64,516.1177818354398,"[166.45413208007812, 472.153076171875, 25.125]","[394.6783447265625, 763.1666870117188, 25.125]",True,,,False,False,False
19,2,31026,3,2,"[0.012499997392296791, 0.012499997392296791, 0.012499997392296791, 0.012499997392296791, 0.012499997392296791, 0.012499997392296791, 0.012499997392296791, 0.9125000238418579]",False,64,True,51.0,63,False,False,64,516.1177818354398,"[166.45413208007812, 472.153076171875, 25.125]","[394.6783447265625, 763.1666870117188, 25.125]",True,,,False,False,False
19,2,31026,3,3,"[0.012499997392296791, 0.012499997392296791, 0.012499997392296791, 0.012499997392296791, 0.012499997392296791, 0.012499997392296791, 0.012499997392296791, 0.9125000238418579]",True,64,False,,63,False,True,64,516.1177818354398,"[166.45413208007812, 472.153076171875, 25.125]","[394.6783447265625, 763.1666870117188, 25.125]",True,,,False,False,False
19,3,31028,0,0,"[0.012499997392296791, 0.012499997392296791, 0.012499997392296791, 0.012499997392296791, 0.012499997392296791, 0.9125000238418579, 0.012499997392296791, 0.012499997392296791]",True,64,False,,17,False,True,64,884.8821700633548,"[241.85147094726562, 127.46312713623047, 25.125]","[342.72314453125, 442.0155029296875, 25.125]",True,,,False,False,False
19,3,31028,0,1,"[0.012499997392296791, 0.012499997392296791, 0.012499997392296791, 0.012499997392296791, 0.012499997392296791, 0.9125000238418579, 0.012499997392296791, 0.012499997392296791]",False,64,False,,17,False,True,64,884.8821700633548,"[241.85147094726562, 127.46312713623047, 25.125]","[342.72314453125, 442.0155029296875, 25.125]",True,,,False,False,False
19,3,31028,0,2,"[0.012499997392296791, 0.012499997392296791, 0.012499997392296791, 0.012499997392296791, 0.012499997392296791, 0.9125000238418579, 0.012499997392296791, 0.012499997392296791]",False,64,True,23.0,17,False,False,64,884.8821700633548,"[241.85147094726562, 127.46312713623047, 25.125]","[342.72314453125, 442.0155029296875, 25.125]",True,,,False,False,False
19,3,31028,0,3,"[0.012499997392296791, 0.012499997392296791, 0.012499997392296791, 0.012499997392296791, 0.012499997392296791, 0.9125000238418579, 0.012499997392296791, 0.012499997392296791]",False,64,True,60.0,17,False,False,64,884.8821700633548,"[241.85147094726562, 127.46312713623047, 25.125]","[342.72314453125, 442.0155029296875, 25.125]",True,,,False,False,False
19,3,31028,1,0,"[0.012499997392296791, 0.012499997392296791, 0.012499997392296791, 0.012499997392296791, 0.012499997392296791, 0.9125000238418579, 0.012499997392296791, 0.012499997392296791]",False,64,False,,17,False,True,64,874.2581401442443,"[241.85147094726562, 127.46312713623047, 25.125]","[504.1810302734375, 392.2077941894531, 25.125]",True,,,False,False,False
19,3,31028,1,1,"[0.012499997392296791, 0.012499997392296791, 0.012499997392296791, 0.012499997392296791, 0.012499997392296791, 0.9125000238418579, 0.012499997392296791, 0.012499997392296791]",True,64,False,,17,False,True,64,874.2581401442443,"[241.85147094726562, 127.46312713623047, 25.125]","[504.1810302734375, 392.2077941894531, 25.125]",True,,,False,False,False
19,3,31028,1,2,"[0.012499997392296791, 0.012499997392296791, 0.012499997392296791, 0.012499997392296791, 0.012499997392296791, 0.9125000238418579, 0.012499997392296791, 0.012499997392296791]",False,64,True,23.0,17,False,False,64,874.2581401442443,"[241.85147094726562, 127.46312713623047, 25.125]","[504.1810302734375, 392.2077941894531, 25.125]",True,,,False,False,False
19,3,31028,1,3,"[0.012499997392296791, 0.012499997392296791, 0.012499997392296791, 0.012499997392296791, 0.012499997392296791, 0.9125000238418579, 0.012499997392296791, 0.012499997392296791]",False,64,False,,17,False,True,64,874.2581401442443,"[241.85147094726562, 127.46312713623047, 25.125]","[504.1810302734375, 392.2077941894531, 25.125]",True,,,False,False,False
19,3,31028,2,0,"[0.012499997392296791, 0.012499997392296791, 0.012499997392296791, 0.012499997392296791, 0.012499997392296791, 0.9125000238418579, 0.012499997392296791, 0.012499997392296791]",False,64,False,,17,False,True,64,684.6742199910558,"[241.85147094726562, 127.46312713623047, 25.125]","[554.2332763671875, 183.8740997314453, 25.125]",True,,,False,False,False
19,3,31028,2,1,"[0.012499997392296791, 0.012499997392296791, 0.012499997392296791, 0.012499997392296791, 0.012499997392296791, 0.9125000238418579, 0.012499997392296791, 0.012499997392296791]",False,64,False,,17,False,True,64,684.6742199910558,"[241.85147094726562, 127.46312713623047, 25.125]","[554.2332763671875, 183.8740997314453, 25.125]",True,,,False,False,False
19,3,31028,2,2,"[0.012499997392296791, 0.012499997392296791, 0.012499997392296791, 0.012499997392296791, 0.012499997392296791, 0.9125000238418579, 0.012499997392296791, 0.012499997392296791]",True,64,True,24.0,17,False,False,64,684.6742199910558,"[241.85147094726562, 127.46312713623047, 25.125]","[554.2332763671875, 183.8740997314453, 25.125]",True,,,False,False,False
19,3,31028,2,3,"[0.012499997392296791, 0.012499997392296791, 0.012499997392296791, 0.012499997392296791, 0.012499997392296791, 0.9125000238418579, 0.012499997392296791, 0.012499997392296791]",False,64,False,,17,False,True,64,684.6742199910558,"[241.85147094726562, 127.46312713623047, 25.125]","[554.2332763671875, 183.8740997314453, 25.125]",True,,,False,False,False
19,3,31028,3,0,"[0.012499997392296791, 0.012499997392296791, 0.012499997392296791, 0.012499997392296791, 0.012499997392296791, 0.9125000238418579, 0.012499997392296791, 0.012499997392296791]",False,64,False,,17,False,True,64,712.5642805687405,"[241.85147094726562, 127.46312713623047, 25.125]","[500.6485290527344, 160.64215087890625, 25.125]",True,,,False,False,False
19,3,31028,3,1,"[0.012499997392296791, 0.012499997392296791, 0.012499997392296791, 0.012499997392296791, 0.012499997392296791, 0.9125000238418579, 0.012499997392296791, 0.012499997392296791]",False,64,False,,17,False,True,64,712.5642805687405,"[241.85147094726562, 127.46312713623047, 25.125]","[500.6485290527344, 160.64215087890625, 25.125]",True,,,False,False,False
19,3,31028,3,2,"[0.012499997392296791, 0.012499997392296791, 0.012499997392296791, 0.012499997392296791, 0.012499997392296791, 0.9125000238418579, 0.012499997392296791, 0.012499997392296791]",False,64,True,22.0,17,False,False,64,712.5642805687405,"[241.85147094726562, 127.46312713623047, 25.125]","[500.6485290527344, 160.64215087890625, 25.125]",True,,,False,False,False
19,3,31028,3,3,"[0.012499997392296791, 0.012499997392296791, 0.012499997392296791, 0.012499997392296791, 0.012499997392296791, 0.9125000238418579, 0.012499997392296791, 0.012499997392296791]",True,64,True,53.0,17,False,False,64,712.5642805687405,"[241.85147094726562, 127.46312713623047, 25.125]","[500.6485290527344, 160.64215087890625, 25.125]",True,,,False,False,False
19,4,31031,0,0,"[0.012499997392296791, 0.012499997392296791, 0.012499997392296791, 0.012499997392296791, 0.012499997392296791, 0.9125000238418579, 0.012499997392296791, 0.012499997392296791]",True,64,False,,58,False,True,64,435.47042502538216,"[941.1588745117188, 310.0924072265625, 25.125]","[958.6218872070312, 457.3382873535156, 25.125]",True,,,False,False,False
19,4,31031,0,1,"[0.012499997392296791, 0.012499997392296791, 0.012499997392296791, 0.012499997392296791, 0.012499997392296791, 0.9125000238418579, 0.012499997392296791, 0.012499997392296791]",False,64,False,,58,False,True,64,435.47042502538216,"[941.1588745117188, 310.0924072265625, 25.125]","[958.6218872070312, 457.3382873535156, 25.125]",True,,,False,False,False
19,4,31031,0,2,"[0.012499997392296791, 0.012499997392296791, 0.012499997392296791, 0.012499997392296791, 0.012499997392296791, 0.9125000238418579, 0.012499997392296791, 0.012499997392296791]",False,64,False,,58,False,True,64,435.47042502538216,"[941.1588745117188, 310.0924072265625, 25.125]","[958.6218872070312, 457.3382873535156, 25.125]",True,,,False,False,False
19,4,31031,0,3,"[0.012499997392296791, 0.012499997392296791, 0.012499997392296791, 0.012499997392296791, 0.012499997392296791, 0.9125000238418579, 0.012499997392296791, 0.012499997392296791]",False,64,False,,58,False,True,64,435.47042502538216,"[941.1588745117188, 310.0924072265625, 25.125]","[958.6218872070312, 457.3382873535156, 25.125]",True,,,False,False,False
19,4,31031,1,0,"[0.012499997392296791, 0.012499997392296791, 0.012499997392296791, 0.012499997392296791, 0.012499997392296791, 0.9125000238418579, 0.012499997392296791, 0.012499997392296791]",False,64,False,,58,False,True,64,598.4949108413673,"[941.1588745117188, 310.0924072265625, 25.125]","[894.8449096679688, 276.1177673339844, 25.125]",True,,,False,False,False
19,4,31031,1,1,"[0.012499997392296791, 0.012499997392296791, 0.012499997392296791, 0.012499997392296791, 0.012499997392296791, 0.9125000238418579, 0.012499997392296791, 0.012499997392296791]",True,64,False,,58,False,True,64,598.4949108413673,"[941.1588745117188, 310.0924072265625, 25.125]","[894.8449096679688, 276.1177673339844, 25.125]",True,,,False,False,False
19,4,31031,1,2,"[0.012499997392296791, 0.012499997392296791, 0.012499997392296791, 0.012499997392296791, 0.012499997392296791, 0.9125000238418579, 0.012499997392296791, 0.012499997392296791]",False,64,False,,58,False,True,64,598.4949108413673,"[941.1588745117188, 310.0924072265625, 25.125]","[894.8449096679688, 276.1177673339844, 25.125]",True,,,False,False,False
19,4,31031,1,3,"[0.012499997392296791, 0.012499997392296791, 0.012499997392296791, 0.012499997392296791, 0.012499997392296791, 0.9125000238418579, 0.012499997392296791, 0.012499997392296791]",False,64,True,30.0,58,False,False,64,598.4949108413673,"[941.1588745117188, 310.0924072265625, 25.125]","[894.8449096679688, 276.1177673339844, 25.125]",True,,,False,False,False
19,4,31031,2,0,"[0.012499997392296791, 0.012499997392296791, 0.012499997392296791, 0.012499997392296791, 0.012499997392296791, 0.9125000238418579, 0.012499997392296791, 0.012499997392296791]",False,64,False,,58,False,True,64,430.6121363097,"[941.1588745117188, 310.0924072265625, 25.125]","[711.473388671875, 122.51390838623047, 25.125]",True,,,False,False,False
19,4,31031,2,1,"[0.012499997392296791, 0.012499997392296791, 0.012499997392296791, 0.012499997392296791, 0.012499997392296791, 0.9125000238418579, 0.012499997392296791, 0.012499997392296791]",False,64,False,,58,False,True,64,430.6121363097,"[941.1588745117188, 310.0924072265625, 25.125]","[711.473388671875, 122.51390838623047, 25.125]",True,,,False,False,False
19,4,31031,2,2,"[0.012499997392296791, 0.012499997392296791, 0.012499997392296791, 0.012499997392296791, 0.012499997392296791, 0.9125000238418579, 0.012499997392296791, 0.012499997392296791]",True,64,False,,58,False,True,64,430.6121363097,"[941.1588745117188, 310.0924072265625, 25.125]","[711.473388671875, 122.51390838623047, 25.125]",True,,,False,False,False
19,4,31031,2,3,"[0.012499997392296791, 0.012499997392296791, 0.012499997392296791, 0.012499997392296791, 0.012499997392296791, 0.9125000238418579, 0.012499997392296791, 0.012499997392296791]",False,64,True,35.0,58,False,False,64,430.6121363097,"[941.1588745117188, 310.0924072265625, 25.125]","[711.473388671875, 122.51390838623047, 25.125]",True,,,False,False,False
19,4,31031,3,0,"[0.012499997392296791, 0.012499997392296791, 0.012499997392296791, 0.012499997392296791, 0.012499997392296791, 0.9125000238418579, 0.012499997392296791, 0.012499997392296791]",False,64,False,,58,False,True,64,467.178444588743,"[941.1588745117188, 310.0924072265625, 25.125]","[767.6500854492188, 116.12543487548828, 25.125]",True,,,False,False,False
19,4,31031,3,1,"[0.012499997392296791, 0.012499997392296791, 0.012499997392296791, 0.012499997392296791, 0.012499997392296791, 0.9125000238418579, 0.012499997392296791, 0.012499997392296791]",False,64,False,,58,False,True,64,467.178444588743,"[941.1588745117188, 310.0924072265625, 25.125]","[767.6500854492188, 116.12543487548828, 25.125]",True,,,False,False,False
19,4,31031,3,2,"[0.012499997392296791, 0.012499997392296791, 0.012499997392296791, 0.012499997392296791, 0.012499997392296791, 0.9125000238418579, 0.012499997392296791, 0.012499997392296791]",False,64,False,,58,False,True,64,467.178444588743,"[941.1588745117188, 310.0924072265625, 25.125]","[767.6500854492188, 116.12543487548828, 25.125]",True,,,False,False,False
19,4,31031,3,3,"[0.012499997392296791, 0.012499997392296791, 0.012499997392296791, 0.012499997392296791, 0.012499997392296791, 0.9125000238418579, 0.012499997392296791, 0.012499997392296791]",True,64,True,21.0,58,False,False,64,467.178444588743,"[941.1588745117188, 310.0924072265625, 25.125]","[767.6500854492188, 116.12543487548828, 25.125]",True,,,False,False,False
58,0,31000,0,0,"[0.012499997392296791, 0.012499997392296791, 0.012499997392296791, 0.012499997392296791, 0.012499997392296791, 0.9125000238418579, 0.012499997392296791, 0.012499997392296791]",True,64,False,,6,False,True,64,635.7631875754352,"[950.0, 350.0, 25.125]","[687.697021484375, 116.12555694580078, 25.125]",True,,,False,False,False
58,0,31000,0,1,"[0.012499997392296791, 0.012499997392296791, 0.012499997392296791, 0.012499997392296791, 0.012499997392296791, 0.9125000238418579, 0.012499997392296791, 0.012499997392296791]",False,64,False,,6,False,True,64,635.7631875754352,"[950.0, 350.0, 25.125]","[687.697021484375, 116.12555694580078, 25.125]",True,,,False,False,False
58,0,31000,0,2,"[0.012499997392296791, 0.012499997392296791, 0.012499997392296791, 0.012499997392296791, 0.012499997392296791, 0.9125000238418579, 0.012499997392296791, 0.012499997392296791]",False,64,False,,6,False,True,64,635.7631875754352,"[950.0, 350.0, 25.125]","[687.697021484375, 116.12555694580078, 25.125]",True,,,False,False,False
58,0,31000,0,3,"[0.012499997392296791, 0.012499997392296791, 0.012499997392296791, 0.012499997392296791, 0.012499997392296791, 0.9125000238418579, 0.012499997392296791, 0.012499997392296791]",False,64,True,7.0,6,False,False,64,635.7631875754352,"[950.0, 350.0, 25.125]","[687.697021484375, 116.12555694580078, 25.125]",True,,,False,False,False
58,0,31000,1,0,"[0.012499997392296791, 0.012499997392296791, 0.012499997392296791, 0.012499997392296791, 0.012499997392296791, 0.9125000238418579, 0.012499997392296791, 0.012499997392296791]",False,64,False,,6,False,True,64,416.32305942656427,"[950.0, 350.0, 25.125]","[897.37841796875, 118.11450958251953, 25.125]",True,,,False,False,False
58,0,31000,1,1,"[0.012499997392296791, 0.012499997392296791, 0.012499997392296791, 0.012499997392296791, 0.012499997392296791, 0.9125000238418579, 0.012499997392296791, 0.012499997392296791]",True,64,False,,6,False,True,64,416.32305942656427,"[950.0, 350.0, 25.125]","[897.37841796875, 118.11450958251953, 25.125]",True,,,False,False,False
58,0,31000,1,2,"[0.012499997392296791, 0.012499997392296791, 0.012499997392296791, 0.012499997392296791, 0.012499997392296791, 0.9125000238418579, 0.012499997392296791, 0.012499997392296791]",False,64,False,,6,False,True,64,416.32305942656427,"[950.0, 350.0, 25.125]","[897.37841796875, 118.11450958251953, 25.125]",True,,,False,False,False
58,0,31000,1,3,"[0.012499997392296791, 0.012499997392296791, 0.012499997392296791, 0.012499997392296791, 0.012499997392296791, 0.9125000238418579, 0.012499997392296791, 0.012499997392296791]",False,64,True,7.0,6,False,False,64,416.32305942656427,"[950.0, 350.0, 25.125]","[897.37841796875, 118.11450958251953, 25.125]",True,,,False,False,False
58,0,31000,2,0,"[0.012499997392296791, 0.012499997392296791, 0.012499997392296791, 0.012499997392296791, 0.012499997392296791, 0.9125000238418579, 0.012499997392296791, 0.012499997392296791]",False,64,False,,6,False,True,64,688.7502145624916,"[950.0, 350.0, 25.125]","[836.09765625, 116.12602233886719, 25.125]",True,,,False,False,False
58,0,31000,2,1,"[0.012499997392296791, 0.012499997392296791, 0.012499997392296791, 0.012499997392296791, 0.012499997392296791, 0.9125000238418579, 0.012499997392296791, 0.012499997392296791]",False,64,False,,6,False,True,64,688.7502145624916,"[950.0, 350.0, 25.125]","[836.09765625, 116.12602233886719, 25.125]",True,,,False,False,False
58,0,31000,2,2,"[0.012499997392296791, 0.012499997392296791, 0.012499997392296791, 0.012499997392296791, 0.012499997392296791, 0.9125000238418579, 0.012499997392296791, 0.012499997392296791]",True,64,True,53.0,6,False,False,64,688.7502145624916,"[950.0, 350.0, 25.125]","[836.09765625, 116.12602233886719, 25.125]",True,,,False,False,False
58,0,31000,2,3,"[0.012499997392296791, 0.012499997392296791, 0.012499997392296791, 0.012499997392296791, 0.012499997392296791, 0.9125000238418579, 0.012499997392296791, 0.012499997392296791]",False,64,True,7.0,6,False,False,64,688.7502145624916,"[950.0, 350.0, 25.125]","[836.09765625, 116.12602233886719, 25.125]",True,,,False,False,False
58,0,31000,3,0,"[0.012499997392296791, 0.012499997392296791, 0.012499997392296791, 0.012499997392296791, 0.012499997392296791, 0.9125000238418579, 0.012499997392296791, 0.012499997392296791]",False,64,False,,6,False,True,64,572.8915063272735,"[950.0, 350.0, 25.125]","[891.9677734375, 126.13684844970703, 25.125]",True,,,False,False,False
58,0,31000,3,1,"[0.012499997392296791, 0.012499997392296791, 0.012499997392296791, 0.012499997392296791, 0.012499997392296791, 0.9125000238418579, 0.012499997392296791, 0.012499997392296791]",False,64,False,,6,False,True,64,572.8915063272735,"[950.0, 350.0, 25.125]","[891.9677734375, 126.13684844970703, 25.125]",True,,,False,False,False
58,0,31000,3,2,"[0.012499997392296791, 0.012499997392296791, 0.012499997392296791, 0.012499997392296791, 0.012499997392296791, 0.9125000238418579, 0.012499997392296791, 0.012499997392296791]",False,64,False,,6,False,True,64,572.8915063272735,"[950.0, 350.0, 25.125]","[891.9677734375, 126.13684844970703, 25.125]",True,,,False,False,False
58,0,31000,3,3,"[0.012499997392296791, 0.012499997392296791, 0.012499997392296791, 0.012499997392296791, 0.012499997392296791, 0.9125000238418579, 0.012499997392296791, 0.012499997392296791]",True,64,True,7.0,6,False,False,64,572.8915063272735,"[950.0, 350.0, 25.125]","[891.9677734375, 126.13684844970703, 25.125]",True,,,False,False,False
58,1,31008,0,0,"[0.012499997392296791, 0.012499997392296791, 0.012499997392296791, 0.012499997392296791, 0.012499997392296791, 0.9125000238418579, 0.012499997392296791, 0.012499997392296791]",True,64,False,,41,False,True,64,599.5886316075763,"[850.5901489257812, 697.5487670898438, 25.125]","[920.3599853515625, 546.0120239257812, 25.125]",True,,,False,False,False
58,1,31008,0,1,"[0.012499997392296791, 0.012499997392296791, 0.012499997392296791, 0.012499997392296791, 0.012499997392296791, 0.9125000238418579, 0.012499997392296791, 0.012499997392296791]",False,64,False,,41,False,True,64,599.5886316075763,"[850.5901489257812, 697.5487670898438, 25.125]","[920.3599853515625, 546.0120239257812, 25.125]",True,,,False,False,False
58,1,31008,0,2,"[0.012499997392296791, 0.012499997392296791, 0.012499997392296791, 0.012499997392296791, 0.012499997392296791, 0.9125000238418579, 0.012499997392296791, 0.012499997392296791]",False,64,True,12.0,41,False,False,64,599.5886316075763,"[850.5901489257812, 697.5487670898438, 25.125]","[920.3599853515625, 546.0120239257812, 25.125]",True,,,False,False,False
58,1,31008,0,3,"[0.012499997392296791, 0.012499997392296791, 0.012499997392296791, 0.012499997392296791, 0.012499997392296791, 0.9125000238418579, 0.012499997392296791, 0.012499997392296791]",False,64,False,,41,False,True,64,599.5886316075763,"[850.5901489257812, 697.5487670898438, 25.125]","[920.3599853515625, 546.0120239257812, 25.125]",True,,,False,False,False
58,1,31008,1,0,"[0.012499997392296791, 0.012499997392296791, 0.012499997392296791, 0.012499997392296791, 0.012499997392296791, 0.9125000238418579, 0.012499997392296791, 0.012499997392296791]",False,64,False,,30,False,True,64,482.2699308007343,"[850.5901489257812, 697.5487670898438, 25.125]","[766.151123046875, 817.0908813476562, 25.125]",True,,,False,False,False
58,1,31008,1,1,"[0.012499997392296791, 0.012499997392296791, 0.012499997392296791, 0.012499997392296791, 0.012499997392296791, 0.9125000238418579, 0.012499997392296791, 0.012499997392296791]",True,64,False,,30,False,True,64,482.2699308007343,"[850.5901489257812, 697.5487670898438, 25.125]","[766.151123046875, 817.0908813476562, 25.125]",True,,,False,False,False
58,1,31008,1,2,"[0.012499997392296791, 0.012499997392296791, 0.012499997392296791, 0.012499997392296791, 0.012499997392296791, 0.9125000238418579, 0.012499997392296791, 0.012499997392296791]",False,64,False,,30,False,True,64,482.2699308007343,"[850.5901489257812, 697.5487670898438, 25.125]","[766.151123046875, 817.0908813476562, 25.125]",True,,,False,False,False
58,1,31008,1,3,"[0.012499997392296791, 0.012499997392296791, 0.012499997392296791, 0.012499997392296791, 0.012499997392296791, 0.9125000238418579, 0.012499997392296791, 0.012499997392296791]",False,64,True,14.0,30,False,False,64,482.2699308007343,"[850.5901489257812, 697.5487670898438, 25.125]","[766.151123046875, 817.0908813476562, 25.125]",True,,,False,False,False
58,1,31008,2,0,"[0.012499997392296791, 0.012499997392296791, 0.012499997392296791, 0.012499997392296791, 0.012499997392296791, 0.9125000238418579, 0.012499997392296791, 0.012499997392296791]",False,64,False,,41,False,True,64,730.3311045997698,"[850.5901489257812, 697.5487670898438, 25.125]","[951.0421752929688, 389.3643493652344, 25.125]",True,,,False,False,False
58,1,31008,2,1,"[0.012499997392296791, 0.012499997392296791, 0.012499997392296791, 0.012499997392296791, 0.012499997392296791, 0.9125000238418579, 0.012499997392296791, 0.012499997392296791]",False,64,False,,41,False,True,64,730.3311045997698,"[850.5901489257812, 697.5487670898438, 25.125]","[951.0421752929688, 389.3643493652344, 25.125]",True,,,False,False,False
58,1,31008,2,2,"[0.012499997392296791, 0.012499997392296791, 0.012499997392296791, 0.012499997392296791, 0.012499997392296791, 0.9125000238418579, 0.012499997392296791, 0.012499997392296791]",True,64,False,,41,False,True,64,730.3311045997698,"[850.5901489257812, 697.5487670898438, 25.125]","[951.0421752929688, 389.3643493652344, 25.125]",True,,,False,False,False
58,1,31008,2,3,"[0.012499997392296791, 0.012499997392296791, 0.012499997392296791, 0.012499997392296791, 0.012499997392296791, 0.9125000238418579, 0.012499997392296791, 0.012499997392296791]",False,64,False,,41,False,True,64,730.3311045997698,"[850.5901489257812, 697.5487670898438, 25.125]","[951.0421752929688, 389.3643493652344, 25.125]",True,,,False,False,False
58,1,31008,3,0,"[0.012499997392296791, 0.012499997392296791, 0.012499997392296791, 0.012499997392296791, 0.012499997392296791, 0.9125000238418579, 0.012499997392296791, 0.012499997392296791]",False,64,False,,30,False,True,64,710.5736830999912,"[850.5901489257812, 697.5487670898438, 25.125]","[817.5677490234375, 699.8074951171875, 25.125]",True,,,False,False,False
58,1,31008,3,1,"[0.012499997392296791, 0.012499997392296791, 0.012499997392296791, 0.012499997392296791, 0.012499997392296791, 0.9125000238418579, 0.012499997392296791, 0.012499997392296791]",False,64,False,,30,False,True,64,710.5736830999912,"[850.5901489257812, 697.5487670898438, 25.125]","[817.5677490234375, 699.8074951171875, 25.125]",True,,,False,False,False
58,1,31008,3,2,"[0.012499997392296791, 0.012499997392296791, 0.012499997392296791, 0.012499997392296791, 0.012499997392296791, 0.9125000238418579, 0.012499997392296791, 0.012499997392296791]",False,64,True,48.0,30,False,False,64,710.5736830999912,"[850.5901489257812, 697.5487670898438, 25.125]","[817.5677490234375, 699.8074951171875, 25.125]",True,,,False,False,False
58,1,31008,3,3,"[0.012499997392296791, 0.012499997392296791, 0.012499997392296791, 0.012499997392296791, 0.012499997392296791, 0.9125000238418579, 0.012499997392296791, 0.012499997392296791]",True,64,True,14.0,30,False,False,64,710.5736830999912,"[850.5901489257812, 697.5487670898438, 25.125]","[817.5677490234375, 699.8074951171875, 25.125]",True,,,False,False,False
58,2,31011,0,0,"[0.012499997392296791, 0.012499997392296791, 0.012499997392296791, 0.012499997392296791, 0.012499997392296791, 0.9125000238418579, 0.012499997392296791, 0.012499997392296791]",True,64,False,,30,False,True,64,430.7859124784944,"[402.9290466308594, 983.8749389648438, 25.125]","[116.12538146972656, 983.875, 25.125]",True,,,False,False,False
58,2,31011,0,1,"[0.012499997392296791, 0.012499997392296791, 0.012499997392296791, 0.012499997392296791, 0.012499997392296791, 0.9125000238418579, 0.012499997392296791, 0.012499997392296791]",False,64,False,,30,False,True,64,430.7859124784944,"[402.9290466308594, 983.8749389648438, 25.125]","[116.12538146972656, 983.875, 25.125]",True,,,False,False,False
58,2,31011,0,2,"[0.012499997392296791, 0.012499997392296791, 0.012499997392296791, 0.012499997392296791, 0.012499997392296791, 0.9125000238418579, 0.012499997392296791, 0.012499997392296791]",False,64,True,11.0,30,False,False,64,430.7859124784944,"[402.9290466308594, 983.8749389648438, 25.125]","[116.12538146972656, 983.875, 25.125]",True,,,False,False,False
58,2,31011,0,3,"[0.012499997392296791, 0.012499997392296791, 0.012499997392296791, 0.012499997392296791, 0.012499997392296791, 0.9125000238418579, 0.012499997392296791, 0.012499997392296791]",False,64,True,46.0,30,False,False,64,430.7859124784944,"[402.9290466308594, 983.8749389648438, 25.125]","[116.12538146972656, 983.875, 25.125]",True,,,False,False,False
58,2,31011,1,0,"[0.012499997392296791, 0.012499997392296791, 0.012499997392296791, 0.012499997392296791, 0.012499997392296791, 0.9125000238418579, 0.012499997392296791, 0.012499997392296791]",False,64,False,,30,False,True,64,532.5374221552019,"[402.9290466308594, 983.8749389648438, 25.125]","[193.6676788330078, 983.8749389648438, 25.125]",True,,,False,False,False
58,2,31011,1,1,"[0.012499997392296791, 0.012499997392296791, 0.012499997392296791, 0.012499997392296791, 0.012499997392296791, 0.9125000238418579, 0.012499997392296791, 0.012499997392296791]",True,64,False,,30,False,True,64,532.5374221552019,"[402.9290466308594, 983.8749389648438, 25.125]","[193.6676788330078, 983.8749389648438, 25.125]",True,,,False,False,False
58,2,31011,1,2,"[0.012499997392296791, 0.012499997392296791, 0.012499997392296791, 0.012499997392296791, 0.012499997392296791, 0.9125000238418579, 0.012499997392296791, 0.012499997392296791]",False,64,True,9.0,30,False,False,64,532.5374221552019,"[402.9290466308594, 983.8749389648438, 25.125]","[193.6676788330078, 983.8749389648438, 25.125]",True,,,False,False,False
58,2,31011,1,3,"[0.012499997392296791, 0.012499997392296791, 0.012499997392296791, 0.012499997392296791, 0.012499997392296791, 0.9125000238418579, 0.012499997392296791, 0.012499997392296791]",False,64,False,,30,False,True,64,532.5374221552019,"[402.9290466308594, 983.8749389648438, 25.125]","[193.6676788330078, 983.8749389648438, 25.125]",True,,,False,False,False
58,2,31011,2,0,"[0.012499997392296791, 0.012499997392296791, 0.012499997392296791, 0.012499997392296791, 0.012499997392296791, 0.9125000238418579, 0.012499997392296791, 0.012499997392296791]",False,64,True,63.0,30,False,False,64,679.7034584524796,"[402.9290466308594, 983.8749389648438, 25.125]","[183.87411499023438, 892.0662231445312, 25.125]",True,,,False,False,False
58,2,31011,2,1,"[0.012499997392296791, 0.012499997392296791, 0.012499997392296791, 0.012499997392296791, 0.012499997392296791, 0.9125000238418579, 0.012499997392296791, 0.012499997392296791]",False,64,False,,30,False,True,64,679.7034584524796,"[402.9290466308594, 983.8749389648438, 25.125]","[183.87411499023438, 892.0662231445312, 25.125]",True,,,False,False,False
58,2,31011,2,2,"[0.012499997392296791, 0.012499997392296791, 0.012499997392296791, 0.012499997392296791, 0.012499997392296791, 0.9125000238418579, 0.012499997392296791, 0.012499997392296791]",True,64,True,11.0,30,False,False,64,679.7034584524796,"[402.9290466308594, 983.8749389648438, 25.125]","[183.87411499023438, 892.0662231445312, 25.125]",True,,,False,False,False
58,2,31011,2,3,"[0.012499997392296791, 0.012499997392296791, 0.012499997392296791, 0.012499997392296791, 0.012499997392296791, 0.9125000238418579, 0.012499997392296791, 0.012499997392296791]",False,64,True,35.0,30,False,False,64,679.7034584524796,"[402.9290466308594, 983.8749389648438, 25.125]","[183.87411499023438, 892.0662231445312, 25.125]",True,,,False,False,False
58,2,31011,3,0,"[0.012499997392296791, 0.012499997392296791, 0.012499997392296791, 0.012499997392296791, 0.012499997392296791, 0.9125000238418579, 0.012499997392296791, 0.012499997392296791]",False,64,False,,30,False,True,64,525.4571794923729,"[402.9290466308594, 983.8749389648438, 25.125]","[191.0602264404297, 945.0206909179688, 25.125]",True,,,False,False,False
58,2,31011,3,1,"[0.012499997392296791, 0.012499997392296791, 0.012499997392296791, 0.012499997392296791, 0.012499997392296791, 0.9125000238418579, 0.012499997392296791, 0.012499997392296791]",False,64,False,,30,False,True,64,525.4571794923729,"[402.9290466308594, 983.8749389648438, 25.125]","[191.0602264404297, 945.0206909179688, 25.125]",True,,,False,False,False
58,2,31011,3,2,"[0.012499997392296791, 0.012499997392296791, 0.012499997392296791, 0.012499997392296791, 0.012499997392296791, 0.9125000238418579, 0.012499997392296791, 0.012499997392296791]",False,64,True,11.0,30,False,False,64,525.4571794923729,"[402.9290466308594, 983.8749389648438, 25.125]","[191.0602264404297, 945.0206909179688, 25.125]",True,,,False,False,False
58,2,31011,3,3,"[0.012499997392296791, 0.012499997392296791, 0.012499997392296791, 0.012499997392296791, 0.012499997392296791, 0.9125000238418579, 0.012499997392296791, 0.012499997392296791]",True,64,True,50.0,30,False,False,64,525.4571794923729,"[402.9290466308594, 983.8749389648438, 25.125]","[191.0602264404297, 945.0206909179688, 25.125]",True,,,False,False,False
58,3,31012,0,0,"[0.012499997392296791, 0.012499997392296791, 0.012499997392296791, 0.012499997392296791, 0.012499997392296791, 0.9125000238418579, 0.012499997392296791, 0.012499997392296791]",True,64,False,,30,False,True,64,578.5750524242849,"[919.9912109375, 899.6141357421875, 25.125]","[935.24169921875, 567.8984985351562, 25.125]",True,,,False,False,False
58,3,31012,0,1,"[0.012499997392296791, 0.012499997392296791, 0.012499997392296791, 0.012499997392296791, 0.012499997392296791, 0.9125000238418579, 0.012499997392296791, 0.012499997392296791]",False,64,False,,30,False,True,64,578.5750524242849,"[919.9912109375, 899.6141357421875, 25.125]","[935.24169921875, 567.8984985351562, 25.125]",True,,,False,False,False
58,3,31012,0,2,"[0.012499997392296791, 0.012499997392296791, 0.012499997392296791, 0.012499997392296791, 0.012499997392296791, 0.9125000238418579, 0.012499997392296791, 0.012499997392296791]",False,64,True,37.0,30,False,False,64,578.5750524242849,"[919.9912109375, 899.6141357421875, 25.125]","[935.24169921875, 567.8984985351562, 25.125]",True,,,False,False,False
58,3,31012,0,3,"[0.012499997392296791, 0.012499997392296791, 0.012499997392296791, 0.012499997392296791, 0.012499997392296791, 0.9125000238418579, 0.012499997392296791, 0.012499997392296791]",False,64,True,8.0,30,False,False,64,578.5750524242849,"[919.9912109375, 899.6141357421875, 25.125]","[935.24169921875, 567.8984985351562, 25.125]",True,,,False,False,False
58,3,31012,1,0,"[0.012499997392296791, 0.012499997392296791, 0.012499997392296791, 0.012499997392296791, 0.012499997392296791, 0.9125000238418579, 0.012499997392296791, 0.012499997392296791]",False,64,False,,30,False,True,64,520.5912274582821,"[919.9912109375, 899.6141357421875, 25.125]","[937.866455078125, 713.8602905273438, 25.125]",True,,,False,False,False
58,3,31012,1,1,"[0.012499997392296791, 0.012499997392296791, 0.012499997392296791, 0.012499997392296791, 0.012499997392296791, 0.9125000238418579, 0.012499997392296791, 0.012499997392296791]",True,64,False,,30,False,True,64,520.5912274582821,"[919.9912109375, 899.6141357421875, 25.125]","[937.866455078125, 713.8602905273438, 25.125]",True,,,False,False,False
58,3,31012,1,2,"[0.012499997392296791, 0.012499997392296791, 0.012499997392296791, 0.012499997392296791, 0.012499997392296791, 0.9125000238418579, 0.012499997392296791, 0.012499997392296791]",False,64,True,36.0,30,False,False,64,520.5912274582821,"[919.9912109375, 899.6141357421875, 25.125]","[937.866455078125, 713.8602905273438, 25.125]",True,,,False,False,False
58,3,31012,1,3,"[0.012499997392296791, 0.012499997392296791, 0.012499997392296791, 0.012499997392296791, 0.012499997392296791, 0.9125000238418579, 0.012499997392296791, 0.012499997392296791]",False,64,True,8.0,30,False,False,64,520.5912274582821,"[919.9912109375, 899.6141357421875, 25.125]","[937.866455078125, 713.8602905273438, 25.125]",True,,,False,False,False
58,3,31012,2,0,"[0.012499997392296791, 0.012499997392296791, 0.012499997392296791, 0.012499997392296791, 0.012499997392296791, 0.9125000238418579, 0.012499997392296791, 0.012499997392296791]",False,64,False,,30,False,True,64,607.3069641803978,"[919.9912109375, 899.6141357421875, 25.125]","[922.4443969726562, 836.9502563476562, 25.125]",True,,,False,False,False
58,3,31012,2,1,"[0.012499997392296791, 0.012499997392296791, 0.012499997392296791, 0.012499997392296791, 0.012499997392296791, 0.9125000238418579, 0.012499997392296791, 0.012499997392296791]",False,64,False,,30,False,True,64,607.3069641803978,"[919.9912109375, 899.6141357421875, 25.125]","[922.4443969726562, 836.9502563476562, 25.125]",True,,,False,False,False
58,3,31012,2,2,"[0.012499997392296791, 0.012499997392296791, 0.012499997392296791, 0.012499997392296791, 0.012499997392296791, 0.9125000238418579, 0.012499997392296791, 0.012499997392296791]",True,64,False,,30,False,True,64,607.3069641803978,"[919.9912109375, 899.6141357421875, 25.125]","[922.4443969726562, 836.9502563476562, 25.125]",True,,,False,False,False
58,3,31012,2,3,"[0.012499997392296791, 0.012499997392296791, 0.012499997392296791, 0.012499997392296791, 0.012499997392296791, 0.9125000238418579, 0.012499997392296791, 0.012499997392296791]",False,64,True,8.0,30,False,False,64,607.3069641803978,"[919.9912109375, 899.6141357421875, 25.125]","[922.4443969726562, 836.9502563476562, 25.125]",True,,,False,False,False
58,3,31012,3,0,"[0.012499997392296791, 0.012499997392296791, 0.012499997392296791, 0.012499997392296791, 0.012499997392296791, 0.9125000238418579, 0.012499997392296791, 0.012499997392296791]",False,64,False,,30,False,True,64,585.2629412487129,"[919.9912109375, 899.6141357421875, 25.125]","[901.747314453125, 614.4527587890625, 25.125]",True,,,False,False,False
58,3,31012,3,1,"[0.012499997392296791, 0.012499997392296791, 0.012499997392296791, 0.012499997392296791, 0.012499997392296791, 0.9125000238418579, 0.012499997392296791, 0.012499997392296791]",False,64,False,,30,False,True,64,585.2629412487129,"[919.9912109375, 899.6141357421875, 25.125]","[901.747314453125, 614.4527587890625, 25.125]",True,,,False,False,False
58,3,31012,3,2,"[0.012499997392296791, 0.012499997392296791, 0.012499997392296791, 0.012499997392296791, 0.012499997392296791, 0.9125000238418579, 0.012499997392296791, 0.012499997392296791]",False,64,True,37.0,30,False,False,64,585.2629412487129,"[919.9912109375, 899.6141357421875, 25.125]","[901.747314453125, 614.4527587890625, 25.125]",True,,,False,False,False
58,3,31012,3,3,"[0.012499997392296791, 0.012499997392296791, 0.012499997392296791, 0.012499997392296791, 0.012499997392296791, 0.9125000238418579, 0.012499997392296791, 0.012499997392296791]",True,64,True,8.0,30,False,False,64,585.2629412487129,"[919.9912109375, 899.6141357421875, 25.125]","[901.747314453125, 614.4527587890625, 25.125]",True,,,False,False,False
58,4,31018,0,0,"[0.012499997392296791, 0.012499997392296791, 0.012499997392296791, 0.012499997392296791, 0.012499997392296791, 0.012499997392296791, 0.012499997392296791, 0.9125000238418579]",True,64,False,,50,False,True,64,510.0491293857606,"[649.441162109375, 624.802978515625, 25.125]","[721.5440063476562, 659.8622436523438, 25.125]",True,,,False,False,False
58,4,31018,0,1,"[0.012499997392296791, 0.012499997392296791, 0.012499997392296791, 0.012499997392296791, 0.012499997392296791, 0.012499997392296791, 0.012499997392296791, 0.9125000238418579]",False,64,False,,50,False,True,64,510.0491293857606,"[649.441162109375, 624.802978515625, 25.125]","[721.5440063476562, 659.8622436523438, 25.125]",True,,,False,False,False
58,4,31018,0,2,"[0.012499997392296791, 0.012499997392296791, 0.012499997392296791, 0.012499997392296791, 0.012499997392296791, 0.012499997392296791, 0.012499997392296791, 0.9125000238418579]",False,64,True,14.0,50,False,False,64,510.0491293857606,"[649.441162109375, 624.802978515625, 25.125]","[721.5440063476562, 659.8622436523438, 25.125]",True,,,False,False,False
58,4,31018,0,3,"[0.012499997392296791, 0.012499997392296791, 0.012499997392296791, 0.012499997392296791, 0.012499997392296791, 0.012499997392296791, 0.012499997392296791, 0.9125000238418579]",False,64,False,,50,False,True,64,510.0491293857606,"[649.441162109375, 624.802978515625, 25.125]","[721.5440063476562, 659.8622436523438, 25.125]",True,,,False,False,False
58,4,31018,1,0,"[0.012499997392296791, 0.012499997392296791, 0.012499997392296791, 0.012499997392296791, 0.012499997392296791, 0.012499997392296791, 0.012499997392296791, 0.9125000238418579]",False,64,False,,30,False,True,64,563.7979980087682,"[649.441162109375, 624.802978515625, 25.125]","[508.2776184082031, 568.01611328125, 25.125]",True,,,False,False,False
58,4,31018,1,1,"[0.012499997392296791, 0.012499997392296791, 0.012499997392296791, 0.012499997392296791, 0.012499997392296791, 0.012499997392296791, 0.012499997392296791, 0.9125000238418579]",True,64,False,,30,False,True,64,563.7979980087682,"[649.441162109375, 624.802978515625, 25.125]","[508.2776184082031, 568.01611328125, 25.125]",True,,,False,False,False
58,4,31018,1,2,"[0.012499997392296791, 0.012499997392296791, 0.012499997392296791, 0.012499997392296791, 0.012499997392296791, 0.012499997392296791, 0.012499997392296791, 0.9125000238418579]",False,64,False,,30,False,True,64,563.7979980087682,"[649.441162109375, 624.802978515625, 25.125]","[508.2776184082031, 568.01611328125, 25.125]",True,,,False,False,False
58,4,31018,1,3,"[0.012499997392296791, 0.012499997392296791, 0.012499997392296791, 0.012499997392296791, 0.012499997392296791, 0.012499997392296791, 0.012499997392296791, 0.9125000238418579]",False,64,True,18.0,30,False,False,64,563.7979980087682,"[649.441162109375, 624.802978515625, 25.125]","[508.2776184082031, 568.01611328125, 25.125]",True,,,False,False,False
58,4,31018,2,0,"[0.012499997392296791, 0.012499997392296791, 0.9125000238418579, 0.012499997392296791, 0.012499997392296791, 0.012499997392296791, 0.012499997392296791, 0.012499997392296791]",False,64,False,,30,False,True,64,656.9071988035826,"[649.441162109375, 624.802978515625, 25.125]","[472.9972839355469, 698.42529296875, 25.125]",True,,,False,False,False
58,4,31018,2,1,"[0.012499997392296791, 0.012499997392296791, 0.9125000238418579, 0.012499997392296791, 0.012499997392296791, 0.012499997392296791, 0.012499997392296791, 0.012499997392296791]",False,64,False,,30,False,True,64,656.9071988035826,"[649.441162109375, 624.802978515625, 25.125]","[472.9972839355469, 698.42529296875, 25.125]",True,,,False,False,False
58,4,31018,2,2,"[0.012499997392296791, 0.012499997392296791, 0.9125000238418579, 0.012499997392296791, 0.012499997392296791, 0.012499997392296791, 0.012499997392296791, 0.012499997392296791]",True,64,True,55.0,30,False,False,64,656.9071988035826,"[649.441162109375, 624.802978515625, 25.125]","[472.9972839355469, 698.42529296875, 25.125]",True,,,False,False,False
58,4,31018,2,3,"[0.012499997392296791, 0.012499997392296791, 0.9125000238418579, 0.012499997392296791, 0.012499997392296791, 0.012499997392296791, 0.012499997392296791, 0.012499997392296791]",False,64,True,20.0,30,False,False,64,656.9071988035826,"[649.441162109375, 624.802978515625, 25.125]","[472.9972839355469, 698.42529296875, 25.125]",True,,,False,False,False
58,4,31018,3,0,"[0.012499997392296791, 0.012499997392296791, 0.012499997392296791, 0.012499997392296791, 0.012499997392296791, 0.012499997392296791, 0.012499997392296791, 0.9125000238418579]",False,64,False,,30,False,True,64,596.609821078096,"[649.441162109375, 624.802978515625, 25.125]","[546.7492065429688, 511.6161804199219, 25.125]",True,,,False,False,False
58,4,31018,3,1,"[0.012499997392296791, 0.012499997392296791, 0.012499997392296791, 0.012499997392296791, 0.012499997392296791, 0.012499997392296791, 0.012499997392296791, 0.9125000238418579]",False,64,False,,30,False,True,64,596.609821078096,"[649.441162109375, 624.802978515625, 25.125]","[546.7492065429688, 511.6161804199219, 25.125]",True,,,False,False,False
58,4,31018,3,2,"[0.012499997392296791, 0.012499997392296791, 0.012499997392296791, 0.012499997392296791, 0.012499997392296791, 0.012499997392296791, 0.012499997392296791, 0.9125000238418579]",False,64,True,52.0,30,False,False,64,596.609821078096,"[649.441162109375, 624.802978515625, 25.125]","[546.7492065429688, 511.6161804199219, 25.125]",True,,,False,False,False
58,4,31018,3,3,"[0.012499997392296791, 0.012499997392296791, 0.012499997392296791, 0.012499997392296791, 0.012499997392296791, 0.012499997392296791, 0.012499997392296791, 0.9125000238418579]",True,64,True,23.0,30,False,False,64,596.609821078096,"[649.441162109375, 624.802978515625, 25.125]","[546.7492065429688, 511.6161804199219, 25.125]",True,,,False,False,False
