frame,agent,x,y,z,rot_x,rot_y,rot_z,num_traj
0,0,773.6895141601562,1847.6458740234375,25.125,0.0,3.40576171875,0.0,0
1,0,816.7606201171875,1849.8365478515625,25.125,0.0,20.302734375,0.0,0
2,0,858.2813720703125,1860.80322265625,25.125,0.0,37.1942138671875,0.0,0
3,0,869.9898071289062,1889.365478515625,25.125,0.0,37.1942138671875,0.0,0
4,0,882.622314453125,1928.7586669921875,25.125,0.0,54.0911865234375,0.0,0
5,0,913.215087890625,1939.26904296875,25.125,0.0,54.0911865234375,0.0,0
6,0,950.1292724609375,1957.1202392578125,25.125,0.0,70.9881591796875,0.0,0
7,0,949.5490112304688,1983.8734130859375,25.125,0.0,70.9881591796875,0.0,0
8,0,913.2628784179688,1983.874755859375,25.125,0.0,70.9881591796875,0.0,0
9,0,870.765625,1983.874755859375,25.125,0.0,70.9881591796875,0.0,0
10,0,828.2699584960938,1983.8748779296875,25.125,0.0,70.9881591796875,0.0,0
11,0,811.162353515625,1983.874267578125,25.125,0.0,54.0911865234375,0.0,0
12,0,820.4197387695312,1983.8743896484375,25.125,0.0,70.9881591796875,0.0,0
13,0,834.5997314453125,1983.8740234375,25.125,0.0,87.8851318359375,0.0,0
14,0,838.7969360351562,1983.8741455078125,25.125,0.0,104.7821044921875,0.0,0
15,0,815.15966796875,1977.7972412109375,25.125,0.0,104.7821044921875,0.0,0
16,0,782.3251342773438,1983.874267578125,25.125,0.0,121.6790771484375,0.0,0
17,0,746.3974609375,1983.8746337890625,25.125,0.0,138.570556640625,0.0,0
18,0,701.6371459960938,1983.874755859375,25.125,0.0,155.467529296875,0.0,0
19,0,663.6232299804688,1963.3709716796875,25.125,0.0,155.467529296875,0.0,0
20,0,621.2462768554688,1950.453369140625,25.125,0.0,172.364501953125,0.0,0
21,0,591.3941040039062,1924.6708984375,25.125,0.0,172.364501953125,0.0,0
22,0,572.8860473632812,1904.881103515625,25.125,0.0,172.364501953125,0.0,0
23,0,540.479248046875,1887.2169189453125,25.125,0.0,-170.738525390625,0.0,0
24,0,518.6403198242188,1854.2159423828125,25.125,0.0,-170.738525390625,0.0,0
25,0,491.5728759765625,1820.484375,25.125,0.0,-153.841552734375,0.0,0
26,0,459.837646484375,1794.692138671875,25.125,0.0,-136.944580078125,0.0,0
27,0,429.1008605957031,1765.8468017578125,25.125,0.0,-120.0531005859375,0.0,0
28,0,430.9745788574219,1733.967041015625,25.125,0.0,-120.0531005859375,0.0,0
29,0,461.9281311035156,1716.12548828125,25.125,0.0,-120.0531005859375,0.0,0
30,0,472.01690673828125,1716.12548828125,25.125,0.0,-136.944580078125,0.0,0
31,0,484.29296875,1716.125732421875,25.125,0.0,-136.944580078125,0.0,0
32,0,515.1162109375,1716.125732421875,25.125,0.0,-136.944580078125,0.0,0
33,0,553.7456665039062,1700.0015869140625,25.125,0.0,-136.944580078125,0.0,0
34,0,586.9925537109375,1675.4466552734375,25.125,0.0,-136.944580078125,0.0,0
35,0,592.6873779296875,1640.279541015625,25.125,0.0,-120.0531005859375,0.0,0
36,0,582.001220703125,1599.6224365234375,25.125,0.0,-103.1561279296875,0.0,0
37,0,597.8005981445312,1568.6014404296875,25.125,0.0,-103.1561279296875,0.0,0
38,0,616.2813110351562,1529.8477783203125,25.125,0.0,-86.2591552734375,0.0,0
39,0,626.8057861328125,1490.425537109375,25.125,0.0,-69.3621826171875,0.0,0
40,0,640.9183959960938,1451.62060546875,25.125,0.0,-52.4652099609375,0.0,0
41,0,670.820068359375,1440.9942626953125,25.125,0.0,-52.4652099609375,0.0,0
42,0,709.8165283203125,1455.845947265625,25.125,0.0,-52.4652099609375,0.0,0
43,0,750.9633178710938,1451.2593994140625,25.125,0.0,-35.57373046875,0.0,0
44,0,788.9324951171875,1435.97216796875,25.125,0.0,-18.6767578125,0.0,0
45,0,828.9552612304688,1422.8690185546875,25.125,0.0,-1.77978515625,0.0,0
46,0,870.5672607421875,1417.8399658203125,25.125,0.0,15.1171875,0.0,0
47,0,892.2197265625,1440.8974609375,25.125,0.0,15.1171875,0.0,0
48,0,917.5418701171875,1472.44091796875,25.125,0.0,32.01416015625,0.0,0
49,0,947.9016723632812,1499.6595458984375,25.125,0.0,48.9111328125,0.0,0
50,0,978.0845947265625,1527.0771484375,25.125,0.0,32.01416015625,0.0,0
51,0,1009.361572265625,1553.216064453125,25.125,0.0,48.9111328125,0.0,0
52,0,1038.3323974609375,1584.1832275390625,25.125,0.0,65.8026123046875,0.0,0
53,0,1033.8187255859375,1615.3890380859375,25.125,0.0,65.8026123046875,0.0,0
54,0,1001.4905395507812,1643.1593017578125,25.125,0.0,65.8026123046875,0.0,0
55,0,966.5802612304688,1664.62158203125,25.125,0.0,65.8026123046875,0.0,0
56,0,929.654052734375,1683.93994140625,25.125,0.0,65.8026123046875,0.0,0
57,0,893.0214233398438,1701.5693359375,25.125,0.0,65.8026123046875,0.0,0
58,0,856.166259765625,1718.70361328125,25.125,0.0,65.8026123046875,0.0,0
59,0,838.7244262695312,1752.014404296875,25.125,0.0,82.6995849609375,0.0,0
60,0,810.534423828125,1782.39111328125,25.125,0.0,82.6995849609375,0.0,0
61,0,785.6026611328125,1819.17236328125,25.125,0.0,99.5965576171875,0.0,0
62,0,751.0814208984375,1840.281982421875,25.125,0.0,99.5965576171875,0.0,0
63,0,716.608642578125,1868.1890869140625,25.125,0.0,116.4935302734375,0.0,0
64,0,716.1256103515625,1906.452880859375,25.125,0.0,133.3905029296875,0.0,0
65,0,704.5220336914062,1950.0435791015625,25.125,0.0,150.281982421875,0.0,0
66,0,673.4603881835938,1982.6419677734375,25.125,0.0,167.178955078125,0.0,0
67,0,631.7908935546875,1983.874755859375,25.125,0.0,150.281982421875,0.0,0
68,0,588.8248291015625,1983.8748779296875,25.125,0.0,167.178955078125,0.0,0
69,0,548.0097045898438,1983.8155517578125,25.125,0.0,-175.924072265625,0.0,0
70,0,506.0039367675781,1980.5416259765625,25.125,0.0,-159.027099609375,0.0,0
71,0,465.59716796875,1969.235595703125,25.125,0.0,-142.130126953125,0.0,0
72,0,454.4676513671875,1939.75,25.125,0.0,-142.130126953125,0.0,0
73,0,469.7398986816406,1901.1474609375,25.125,0.0,-142.130126953125,0.0,0
74,0,491.14794921875,1865.0972900390625,25.125,0.0,-142.130126953125,0.0,0
75,0,514.3033447265625,1831.6220703125,25.125,0.0,-142.130126953125,0.0,0
76,0,538.4100952148438,1798.88671875,25.125,0.0,-142.130126953125,0.0,0
77,0,537.9679565429688,1761.2730712890625,25.125,0.0,-125.233154296875,0.0,0
78,0,548.5515747070312,1721.25048828125,25.125,0.0,-125.233154296875,0.0,0
79,0,575.5669555664062,1687.3912353515625,25.125,0.0,-125.233154296875,0.0,0
80,0,583.6771240234375,1647.9027099609375,25.125,0.0,-108.3416748046875,0.0,0
81,0,605.8347778320312,1612.186767578125,25.125,0.0,-108.3416748046875,0.0,0
82,0,640.7041015625,1588.219482421875,25.125,0.0,-108.3416748046875,0.0,0
83,0,678.5191040039062,1570.0863037109375,25.125,0.0,-108.3416748046875,0.0,0
84,0,698.624755859375,1537.0159912109375,25.125,0.0,-91.4447021484375,0.0,0
85,0,729.5730590820312,1509.611328125,25.125,0.0,-91.4447021484375,0.0,0
86,0,758.0616455078125,1475.4866943359375,25.125,0.0,-74.5477294921875,0.0,0
87,0,793.4522705078125,1458.1319580078125,25.125,0.0,-74.5477294921875,0.0,0
88,0,830.6079711914062,1433.6873779296875,25.125,0.0,-57.6507568359375,0.0,0
89,0,860.9539184570312,1416.1256103515625,25.125,0.0,-40.7537841796875,0.0,0
90,0,903.1636352539062,1416.125244140625,25.125,0.0,-23.8568115234375,0.0,0
91,0,944.8624267578125,1414.847412109375,25.125,0.0,-6.96533203125,0.0,0
92,0,985.664794921875,1413.243408203125,25.125,0.0,9.931640625,0.0,0
93,0,1008.7993774414062,1437.5789794921875,25.125,0.0,9.931640625,0.0,0
94,0,1013.3525390625,1479.30810546875,25.125,0.0,9.931640625,0.0,0
95,0,1036.189697265625,1513.551513671875,25.125,0.0,26.82861328125,0.0,0
96,0,1045.9542236328125,1552.30078125,25.125,0.0,26.82861328125,0.0,0
97,0,1038.2569580078125,1595.0257568359375,25.125,0.0,26.82861328125,0.0,0
98,0,1049.665283203125,1633.720947265625,25.125,0.0,43.7255859375,0.0,0
99,0,1046.875,1675.74072265625,25.125,0.0,43.7255859375,0.0,0
100,0,1050.06787109375,1719.0177001953125,25.125,0.0,60.62255859375,0.0,0
101,0,1036.2744140625,1757.238525390625,25.125,0.0,60.62255859375,0.0,0
102,0,1027.077880859375,1800.663330078125,25.125,0.0,77.5140380859375,0.0,0
103,0,1003.1028442382812,1833.2315673828125,25.125,0.0,77.5140380859375,0.0,0
104,0,981.609130859375,1872.1221923828125,25.125,0.0,94.4110107421875,0.0,0
105,0,950.2100830078125,1895.8858642578125,25.125,0.0,94.4110107421875,0.0,0
106,0,907.787353515625,1904.9483642578125,25.125,0.0,94.4110107421875,0.0,0
107,0,876.3343505859375,1930.248291015625,25.125,0.0,111.3079833984375,0.0,0
108,0,836.4381103515625,1943.67529296875,25.125,0.0,111.3079833984375,0.0,0
109,0,794.295654296875,1939.882080078125,25.125,0.0,111.3079833984375,0.0,0
110,0,754.5077514648438,1930.05224609375,25.125,0.0,111.3079833984375,0.0,0
111,0,714.8837280273438,1917.1600341796875,25.125,0.0,111.3079833984375,0.0,0
112,0,672.83740234375,1916.1251220703125,25.125,0.0,111.3079833984375,0.0,0
113,0,628.8424682617188,1916.125244140625,25.125,0.0,111.3079833984375,0.0,0
114,0,585.8508911132812,1916.125244140625,25.125,0.0,111.3079833984375,0.0,0
115,0,547.7669677734375,1934.817138671875,25.125,0.0,128.2049560546875,0.0,0
116,0,507.2809753417969,1936.77001953125,25.125,0.0,128.2049560546875,0.0,0
117,0,467.9783020019531,1920.9959716796875,25.125,0.0,128.2049560546875,0.0,0
118,0,426.8872375488281,1925.0718994140625,25.125,0.0,145.1019287109375,0.0,0
119,0,387.297119140625,1914.8258056640625,25.125,0.0,145.1019287109375,0.0,0
120,0,343.146484375,1909.78173828125,25.125,0.0,161.9989013671875,0.0,0
121,0,302.42791748046875,1913.4287109375,25.125,0.0,178.890380859375,0.0,0
122,0,260.2688293457031,1914.1846923828125,25.125,0.0,-164.212646484375,0.0,0
123,0,239.5321044921875,1890.072265625,25.125,0.0,-164.212646484375,0.0,0
124,0,214.5825958251953,1857.76904296875,25.125,0.0,-147.315673828125,0.0,0
125,0,184.6526641845703,1830.0736083984375,25.125,0.0,-130.418701171875,0.0,0
126,0,157.19480895996094,1799.179931640625,25.125,0.0,-113.521728515625,0.0,0
127,0,136.09751892089844,1761.680908203125,25.125,0.0,-96.624755859375,0.0,0
128,0,148.49400329589844,1733.54150390625,25.125,0.0,-96.624755859375,0.0,0
129,0,168.1363525390625,1697.2252197265625,25.125,0.0,-79.7332763671875,0.0,0
130,0,181.86854553222656,1658.84912109375,25.125,0.0,-62.8363037109375,0.0,0
131,0,213.29067993164062,1644.7347412109375,25.125,0.0,-62.8363037109375,0.0,0
132,0,254.5899658203125,1652.7777099609375,25.125,0.0,-62.8363037109375,0.0,0
133,0,293.1221618652344,1666.70361328125,25.125,0.0,-62.8363037109375,0.0,0
134,0,330.3657531738281,1683.140869140625,25.125,0.0,-62.8363037109375,0.0,0
135,0,367.60394287109375,1675.2593994140625,25.125,0.0,-45.9393310546875,0.0,0
136,0,383.87432861328125,1678.2313232421875,25.125,0.0,-45.9393310546875,0.0,0
137,0,383.8745422363281,1705.0323486328125,25.125,0.0,-45.9393310546875,0.0,0
138,0,383.87420654296875,1711.7303466796875,25.125,0.0,-29.0423583984375,0.0,0
139,0,383.87408447265625,1699.8900146484375,25.125,0.0,-12.1453857421875,0.0,0
140,0,383.87481689453125,1714.282470703125,25.125,0.0,-12.1453857421875,0.0,0
141,0,403.18505859375,1732.376708984375,25.125,0.0,4.74609375,0.0,0
142,0,423.7943115234375,1763.9661865234375,25.125,0.0,4.74609375,0.0,0
143,0,452.6861877441406,1795.5245361328125,25.125,0.0,21.64306640625,0.0,0
144,0,486.2460021972656,1818.921875,25.125,0.0,38.5400390625,0.0,0
145,0,519.0767822265625,1845.3463134765625,25.125,0.0,55.43701171875,0.0,0
146,0,546.018798828125,1877.5159912109375,25.125,0.0,72.333984375,0.0,0
147,0,564.5230102539062,1916.7601318359375,25.125,0.0,89.23095703125,0.0,0
148,0,549.8004760742188,1943.6304931640625,25.125,0.0,89.23095703125,0.0,0
149,0,526.7322998046875,1977.821044921875,25.125,0.0,106.1224365234375,0.0,0
150,0,506.66748046875,1983.874267578125,25.125,0.0,123.0194091796875,0.0,0
151,0,472.3748474121094,1971.779541015625,25.125,0.0,123.0194091796875,0.0,0
152,0,436.2160339355469,1952.83837890625,25.125,0.0,123.0194091796875,0.0,0
153,0,398.1870422363281,1957.3663330078125,25.125,0.0,139.9163818359375,0.0,0
154,0,360.3560485839844,1975.5059814453125,25.125,0.0,156.8133544921875,0.0,0
155,0,321.5592041015625,1983.875,25.125,0.0,173.7103271484375,0.0,0
156,0,279.8320617675781,1983.2781982421875,25.125,0.0,-169.3927001953125,0.0,0
157,0,257.2020263671875,1958.9271240234375,25.125,0.0,-169.3927001953125,0.0,0
158,0,252.7639617919922,1916.1148681640625,25.125,0.0,-169.3927001953125,0.0,0
159,0,231.0571746826172,1882.2080078125,25.125,0.0,-152.501220703125,0.0,0
160,0,200.32688903808594,1855.140869140625,25.125,0.0,-135.604248046875,0.0,0
161,0,197.08030700683594,1819.9869384765625,25.125,0.0,-135.604248046875,0.0,0
162,0,216.5520477294922,1783.6934814453125,25.125,0.0,-135.604248046875,0.0,0
163,0,241.75076293945312,1750.145751953125,25.125,0.0,-135.604248046875,0.0,0
164,0,268.5001220703125,1719.4598388671875,25.125,0.0,-135.604248046875,0.0,0
165,0,296.8860168457031,1689.0325927734375,25.125,0.0,-135.604248046875,0.0,0
166,0,325.0306091308594,1659.7125244140625,25.125,0.0,-135.604248046875,0.0,0
167,0,329.0945739746094,1622.309326171875,25.125,0.0,-118.707275390625,0.0,0
168,0,344.97235107421875,1582.9893798828125,25.125,0.0,-118.707275390625,0.0,0
169,0,354.8166198730469,1540.8173828125,25.125,0.0,-101.810302734375,0.0,0
170,0,380.3362121582031,1508.03662109375,25.125,0.0,-101.810302734375,0.0,0
171,0,416.8144836425781,1488.620361328125,25.125,0.0,-101.810302734375,0.0,0
172,0,456.4297790527344,1474.8260498046875,25.125,0.0,-101.810302734375,0.0,0
173,0,495.7332763671875,1464.2310791015625,25.125,0.0,-101.810302734375,0.0,0
174,0,536.2324829101562,1454.6639404296875,25.125,0.0,-101.810302734375,0.0,0
175,0,575.9027709960938,1445.822021484375,25.125,0.0,-101.810302734375,0.0,0
176,0,599.8998413085938,1416.881591796875,25.125,0.0,-84.913330078125,0.0,0
177,0,634.475341796875,1417.7918701171875,25.125,0.0,-84.913330078125,0.0,0
178,0,666.015380859375,1416.1256103515625,25.125,0.0,-68.0218505859375,0.0,0
179,0,704.7069091796875,1424.183349609375,25.125,0.0,-68.0218505859375,0.0,0
180,0,740.8007202148438,1411.9736328125,25.125,0.0,-51.1248779296875,0.0,0
181,0,783.1339721679688,1411.470458984375,25.125,0.0,-51.1248779296875,0.0,0
182,0,783.8742065429688,1403.16650390625,25.125,0.0,-34.2279052734375,0.0,0
183,0,783.8741455078125,1380.14306640625,25.125,0.0,-17.3309326171875,0.0,0
184,0,783.8740844726562,1361.1290283203125,25.125,0.0,-0.4339599609375,0.0,0
185,0,783.875,1374.774658203125,25.125,0.0,-0.4339599609375,0.0,0
186,0,783.875,1415.04296875,25.125,0.0,-0.4339599609375,0.0,0
187,0,806.9443969726562,1444.3612060546875,25.125,0.0,16.4630126953125,0.0,0
188,0,823.4759521484375,1483.441650390625,25.125,0.0,16.4630126953125,0.0,0
189,0,846.1859130859375,1520.37060546875,25.125,0.0,33.3544921875,0.0,0
190,0,874.3432006835938,1550.0255126953125,25.125,0.0,50.25146484375,0.0,0
191,0,900.4783935546875,1581.8402099609375,25.125,0.0,67.1484375,0.0,0
192,0,920.359375,1618.797119140625,25.125,0.0,84.04541015625,0.0,0
193,0,906.7120971679688,1647.37939453125,25.125,0.0,84.04541015625,0.0,0
194,0,886.3233642578125,1682.4844970703125,25.125,0.0,100.9423828125,0.0,0
195,0,871.5089111328125,1721.5054931640625,25.125,0.0,117.8338623046875,0.0,0
196,0,840.78466796875,1735.4068603515625,25.125,0.0,117.8338623046875,0.0,0
197,0,798.6069946289062,1726.739013671875,25.125,0.0,117.8338623046875,0.0,0
198,0,759.844970703125,1737.380126953125,25.125,0.0,134.7308349609375,0.0,0
199,0,724.8822631835938,1758.69677734375,25.125,0.0,151.6278076171875,0.0,0
200,0,688.4473266601562,1777.797607421875,25.125,0.0,168.5247802734375,0.0,0
201,0,648.4590454101562,1783.740234375,25.125,0.0,-174.5782470703125,0.0,0
202,0,606.451171875,1779.8785400390625,25.125,0.0,-157.6812744140625,0.0,0
203,0,588.6029663085938,1753.6014404296875,25.125,0.0,-157.6812744140625,0.0,0
204,0,566.7105102539062,1718.1304931640625,25.125,0.0,-140.789794921875,0.0,0
205,0,564.1948852539062,1679.21923828125,25.125,0.0,-140.789794921875,0.0,0
206,0,581.1551513671875,1639.3677978515625,25.125,0.0,-140.789794921875,0.0,0
207,0,602.8544311523438,1604.621826171875,25.125,0.0,-140.789794921875,0.0,0
208,0,602.0420532226562,1565.9493408203125,25.125,0.0,-123.892822265625,0.0,0
209,0,588.3197631835938,1527.3408203125,25.125,0.0,-106.995849609375,0.0,0
210,0,576.79833984375,1487.8677978515625,25.125,0.0,-90.098876953125,0.0,0
211,0,595.3662719726562,1460.967529296875,25.125,0.0,-90.098876953125,0.0,0
212,0,635.4991455078125,1449.3560791015625,25.125,0.0,-90.098876953125,0.0,0
213,0,677.090087890625,1444.111572265625,25.125,0.0,-90.098876953125,0.0,0
214,0,717.7261352539062,1441.7728271484375,25.125,0.0,-90.098876953125,0.0,0
215,0,759.32421875,1440.6519775390625,25.125,0.0,-90.098876953125,0.0,0
216,0,788.8871459960938,1417.361083984375,25.125,0.0,-73.201904296875,0.0,0
217,0,825.7203979492188,1420.908935546875,25.125,0.0,-73.201904296875,0.0,0
218,0,861.4932250976562,1416.125732421875,25.125,0.0,-56.304931640625,0.0,0
219,0,900.948486328125,1427.125,25.125,0.0,-56.304931640625,0.0,0
220,0,941.6788940429688,1419.6448974609375,25.125,0.0,-39.4134521484375,0.0,0
221,0,978.4654541015625,1401.728759765625,25.125,0.0,-22.5164794921875,0.0,0
222,0,1011.9718627929688,1412.5064697265625,25.125,0.0,-22.5164794921875,0.0,0
223,0,1038.2099609375,1445.4854736328125,25.125,0.0,-22.5164794921875,0.0,0
224,0,1075.8848876953125,1462.1849365234375,25.125,0.0,-5.6195068359375,0.0,0
225,0,1105.409912109375,1490.5283203125,25.125,0.0,-5.6195068359375,0.0,0
226,0,1140.506591796875,1516.1285400390625,25.125,0.0,11.2774658203125,0.0,0
227,0,1160.5057373046875,1551.32763671875,25.125,0.0,11.2774658203125,0.0,0
228,0,1186.6400146484375,1586.03173828125,25.125,0.0,28.1744384765625,0.0,0
229,0,1195.4842529296875,1626.5989990234375,25.125,0.0,28.1744384765625,0.0,0
230,0,1186.6226806640625,1667.955078125,25.125,0.0,28.1744384765625,0.0,0
231,0,1171.67138671875,1707.1383056640625,25.125,0.0,28.1744384765625,0.0,0
232,0,1181.75146484375,1742.615234375,25.125,0.0,28.1744384765625,0.0,0
233,0,1187.7967529296875,1785.9063720703125,25.125,0.0,28.1744384765625,0.0,0
234,0,1178.5084228515625,1827.033935546875,25.125,0.0,28.1744384765625,0.0,0
235,0,1163.8209228515625,1865.26953125,25.125,0.0,28.1744384765625,0.0,0
236,0,1146.2430419921875,1903.0457763671875,25.125,0.0,28.1744384765625,0.0,0
237,0,1128.3878173828125,1938.4954833984375,25.125,0.0,28.1744384765625,0.0,0
238,0,1109.3521728515625,1975.4908447265625,25.125,0.0,28.1744384765625,0.0,0
239,0,1115.832763671875,1983.8743896484375,25.125,0.0,45.06591796875,0.0,0
240,0,1143.802490234375,1983.8741455078125,25.125,0.0,61.962890625,0.0,0
241,0,1171.7115478515625,1983.8741455078125,25.125,0.0,78.85986328125,0.0,0
242,0,1189.3604736328125,1983.8743896484375,25.125,0.0,95.7568359375,0.0,0
243,0,1190.488037109375,1983.8741455078125,25.125,0.0,112.65380859375,0.0,0
244,0,1176.8480224609375,1983.87451171875,25.125,0.0,129.55078125,0.0,0
245,0,1144.82861328125,1983.87451171875,25.125,0.0,146.4422607421875,0.0,0
246,0,1103.1663818359375,1983.8748779296875,25.125,0.0,163.3392333984375,0.0,0
247,0,1061.1724853515625,1983.8726806640625,25.125,0.0,-179.7637939453125,0.0,0
248,0,1020.2424926757812,1981.899169921875,25.125,0.0,-162.8668212890625,0.0,0
249,0,978.5657958984375,1972.3455810546875,25.125,0.0,-145.9698486328125,0.0,0
250,0,965.4893798828125,1944.1939697265625,25.125,0.0,-145.9698486328125,0.0,0
251,0,977.8107299804688,1904.562255859375,25.125,0.0,-145.9698486328125,0.0,0
252,0,970.7569580078125,1863.944091796875,25.125,0.0,-129.0728759765625,0.0,0
253,0,953.0757446289062,1827.0350341796875,25.125,0.0,-112.181396484375,0.0,0
254,0,937.4168090820312,1787.917724609375,25.125,0.0,-95.284423828125,0.0,0
255,0,929.8856201171875,1747.6646728515625,25.125,0.0,-78.387451171875,0.0,0
256,0,951.4413452148438,1724.656494140625,25.125,0.0,-78.387451171875,0.0,0
257,0,981.44287109375,1697.466552734375,25.125,0.0,-61.490478515625,0.0,0
258,0,1007.4593505859375,1664.831298828125,25.125,0.0,-44.593505859375,0.0,0
259,0,1036.343017578125,1635.2684326171875,25.125,0.0,-27.7020263671875,0.0,0
260,0,1071.379150390625,1612.037841796875,25.125,0.0,-10.8050537109375,0.0,0
261,0,1112.546142578125,1598.129638671875,25.125,0.0,6.0919189453125,0.0,0
262,0,1155.140380859375,1596.1400146484375,25.125,0.0,22.9888916015625,0.0,0
263,0,1173.8072509765625,1620.8017578125,25.125,0.0,22.9888916015625,0.0,0
264,0,1194.7821044921875,1655.092041015625,25.125,0.0,39.8858642578125,0.0,0
265,0,1221.2744140625,1686.0826416015625,25.125,0.0,56.7828369140625,0.0,0
266,0,1218.6611328125,1719.693359375,25.125,0.0,56.7828369140625,0.0,0
267,0,1215.2294921875,1761.162109375,25.125,0.0,73.67431640625,0.0,0
268,0,1219.1717529296875,1802.7431640625,25.125,0.0,90.5712890625,0.0,0
269,0,1244.8270263671875,1829.527587890625,25.125,0.0,90.5712890625,0.0,0
270,0,1267.1656494140625,1865.8905029296875,25.125,0.0,107.46826171875,0.0,0
271,0,1271.3341064453125,1907.831787109375,25.125,0.0,90.5712890625,0.0,0
272,0,1270.4715576171875,1949.9334716796875,25.125,0.0,107.46826171875,0.0,0
273,0,1261.3853759765625,1983.874267578125,25.125,0.0,124.365234375,0.0,0
274,0,1232.7960205078125,1970.745361328125,25.125,0.0,124.365234375,0.0,0
275,0,1194.2760009765625,1974.84521484375,25.125,0.0,141.26220703125,0.0,0
276,0,1153.7435302734375,1966.86962890625,25.125,0.0,141.26220703125,0.0,0
277,0,1109.3067626953125,1964.846435546875,25.125,0.0,158.1591796875,0.0,0
278,0,1068.940673828125,1971.312255859375,25.125,0.0,175.0506591796875,0.0,0
279,0,1026.9249267578125,1974.935546875,25.125,0.0,-168.0523681640625,0.0,0
280,0,985.2096557617188,1970.1856689453125,25.125,0.0,-151.1553955078125,0.0,0
281,0,944.7196044921875,1954.518310546875,25.125,0.0,-134.2584228515625,0.0,0
282,0,910.7534790039062,1928.7623291015625,25.125,0.0,-117.3614501953125,0.0,0
283,0,885.3087768554688,1894.422119140625,25.125,0.0,-100.469970703125,0.0,0
284,0,870.7737426757812,1854.149169921875,25.125,0.0,-83.572998046875,0.0,0
285,0,888.052490234375,1829.385986328125,25.125,0.0,-83.572998046875,0.0,0
286,0,914.9392700195312,1798.359619140625,25.125,0.0,-66.676025390625,0.0,0
287,0,936.7683715820312,1763.9415283203125,25.125,0.0,-49.779052734375,0.0,0
288,0,963.3062744140625,1730.9549560546875,25.125,0.0,-32.882080078125,0.0,0
289,0,994.851806640625,1730.884521484375,25.125,0.0,-32.882080078125,0.0,0
290,0,1027.232666015625,1758.662841796875,25.125,0.0,-32.882080078125,0.0,0
291,0,1066.2972412109375,1768.3177490234375,25.125,0.0,-15.985107421875,0.0,0
292,0,1100.4312744140625,1791.1458740234375,25.125,0.0,-15.985107421875,0.0,0
293,0,1140.7291259765625,1804.14990234375,25.125,0.0,-32.882080078125,0.0,0
294,0,1182.5030517578125,1821.2540283203125,25.125,0.0,-32.882080078125,0.0,0
295,0,1225.5223388671875,1821.773193359375,25.125,0.0,-49.779052734375,0.0,0
296,0,1263.4149169921875,1797.3277587890625,25.125,0.0,-66.676025390625,0.0,0
297,0,1289.82568359375,1761.1988525390625,25.125,0.0,-83.572998046875,0.0,0
298,0,1302.6849365234375,1719.9581298828125,25.125,0.0,-100.469970703125,0.0,0
299,0,1302.2738037109375,1676.00732421875,25.125,0.0,-117.3614501953125,0.0,0
300,0,1289.222412109375,1635.158203125,25.125,0.0,-134.2584228515625,0.0,0
301,0,1264.84814453125,1599.9351806640625,25.125,0.0,-151.1553955078125,0.0,0
302,0,1231.336669921875,1573.222900390625,25.125,0.0,-168.0523681640625,0.0,0
303,0,1191.49951171875,1557.3792724609375,25.125,0.0,175.0506591796875,0.0,0
304,0,1147.8035888671875,1553.9124755859375,25.125,0.0,158.1591796875,0.0,0
305,0,1105.9400634765625,1563.0447998046875,25.125,0.0,141.26220703125,0.0,0
306,0,1067.6832275390625,1584.454345703125,25.125,0.0,124.365234375,0.0,0
307,0,1038.0135498046875,1615.359130859375,25.125,0.0,107.46826171875,0.0,0
308,0,998.3736572265625,1631.0623779296875,25.125,0.0,107.46826171875,0.0,0
309,0,961.080810546875,1653.08984375,25.125,0.0,124.365234375,0.0,0
310,0,920.6986694335938,1657.63623046875,25.125,0.0,124.365234375,0.0,0
311,0,879.6103515625,1644.024658203125,25.125,0.0,124.365234375,0.0,0
312,0,845.0874633789062,1653.4476318359375,25.125,0.0,107.46826171875,0.0,0
313,0,802.4041137695312,1663.9742431640625,25.125,0.0,107.46826171875,0.0,0
314,0,765.315673828125,1684.8936767578125,25.125,0.0,124.365234375,0.0,0
315,0,736.352783203125,1717.1890869140625,25.125,0.0,107.46826171875,0.0,0
316,0,717.6550903320312,1755.491455078125,25.125,0.0,90.5712890625,0.0,0
317,0,710.9746704101562,1783.8743896484375,25.125,0.0,73.67431640625,0.0,0
318,0,718.5458984375,1785.7646484375,25.125,0.0,56.7828369140625,0.0,0
319,0,742.5077514648438,1809.6392822265625,25.125,0.0,39.8858642578125,0.0,0
320,0,746.016357421875,1847.4234619140625,25.125,0.0,39.8858642578125,0.0,0
321,0,757.4161376953125,1886.2901611328125,25.125,0.0,22.9888916015625,0.0,0
322,0,792.8151245117188,1915.86328125,25.125,0.0,6.0919189453125,0.0,0
323,0,834.2091064453125,1930.1248779296875,25.125,0.0,-10.8050537109375,0.0,0
324,0,878.4567260742188,1930.3040771484375,25.125,0.0,-27.7020263671875,0.0,0
325,0,919.4627075195312,1917.33056640625,25.125,0.0,-44.593505859375,0.0,0
326,0,954.7122802734375,1892.8814697265625,25.125,0.0,-61.490478515625,0.0,0
327,0,981.748291015625,1858.371826171875,25.125,0.0,-78.387451171875,0.0,0
328,0,997.207275390625,1818.4342041015625,25.125,0.0,-95.284423828125,0.0,0
329,0,1000.4158935546875,1774.7193603515625,25.125,0.0,-112.181396484375,0.0,0
330,0,991.3799438476562,1733.8533935546875,25.125,0.0,-129.0728759765625,0.0,0
331,0,969.81005859375,1695.655517578125,25.125,0.0,-145.9698486328125,0.0,0
332,0,938.74609375,1666.130859375,25.125,0.0,-162.8668212890625,0.0,0
333,0,899.52392578125,1646.6121826171875,25.125,0.0,-179.7637939453125,0.0,0
334,0,857.3182373046875,1639.51904296875,25.125,0.0,163.3392333984375,0.0,0
335,0,814.84130859375,1644.86572265625,25.125,0.0,146.4422607421875,0.0,0
336,0,774.8095703125,1662.7364501953125,25.125,0.0,129.55078125,0.0,0
337,0,742.503173828125,1690.8116455078125,25.125,0.0,112.65380859375,0.0,0
338,0,701.5924682617188,1702.8525390625,25.125,0.0,112.65380859375,0.0,0
339,0,659.614013671875,1697.9189453125,25.125,0.0,112.65380859375,0.0,0
340,0,620.137451171875,1686.9908447265625,25.125,0.0,112.65380859375,0.0,0
341,0,583.2929077148438,1698.7744140625,25.125,0.0,129.55078125,0.0,0
342,0,551.5093994140625,1727.1729736328125,25.125,0.0,112.65380859375,0.0,0
343,0,525.8206787109375,1760.4161376953125,25.125,0.0,129.55078125,0.0,0
344,0,491.761962890625,1766.580810546875,25.125,0.0,129.55078125,0.0,0
345,0,449.8603210449219,1775.4505615234375,25.125,0.0,146.4422607421875,0.0,0
346,0,412.8010559082031,1795.185791015625,25.125,0.0,129.55078125,0.0,0
347,0,380.9544982910156,1824.6793212890625,25.125,0.0,112.65380859375,0.0,0
348,0,358.7514953613281,1861.11328125,25.125,0.0,95.7568359375,0.0,0
349,0,347.6464538574219,1902.4365234375,25.125,0.0,78.85986328125,0.0,0
350,0,348.8446960449219,1945.28271484375,25.125,0.0,61.962890625,0.0,0
351,0,362.31414794921875,1983.8729248046875,25.125,0.0,45.06591796875,0.0,0
352,0,393.9648132324219,1983.87451171875,25.125,0.0,28.1744384765625,0.0,0
353,0,436.1585388183594,1983.8748779296875,25.125,0.0,11.2774658203125,0.0,0
354,0,477.89227294921875,1983.714111328125,25.125,0.0,-5.6195068359375,0.0,0
355,0,518.9392700195312,1979.8546142578125,25.125,0.0,-22.5164794921875,0.0,0
356,0,560.0444946289062,1967.2919921875,25.125,0.0,-39.4134521484375,0.0,0
357,0,596.199462890625,1945.0323486328125,25.125,0.0,-56.304931640625,0.0,0
358,0,625.1317138671875,1916.12744140625,25.125,0.0,-73.201904296875,0.0,0
359,0,645.2568969726562,1916.1259765625,25.125,0.0,-90.098876953125,0.0,0
360,0,651.3134765625,1916.1256103515625,25.125,0.0,-106.995849609375,0.0,0
361,0,643.02197265625,1916.125732421875,25.125,0.0,-123.892822265625,0.0,0
362,0,617.728515625,1916.1253662109375,25.125,0.0,-140.789794921875,0.0,0
363,0,576.1406860351562,1915.90966796875,25.125,0.0,-157.6812744140625,0.0,0
364,0,535.2389526367188,1911.5450439453125,25.125,0.0,-174.5782470703125,0.0,0
365,0,493.3160400390625,1908.7799072265625,25.125,0.0,168.5247802734375,0.0,0
366,0,451.76739501953125,1913.7681884765625,25.125,0.0,151.6278076171875,0.0,0
367,0,412.2166442871094,1928.9129638671875,25.125,0.0,134.7308349609375,0.0,0
368,0,377.96539306640625,1954.30810546875,25.125,0.0,117.83935546875,0.0,0
369,0,352.1087341308594,1983.8743896484375,25.125,0.0,100.9423828125,0.0,0
370,0,336.06683349609375,1983.8740234375,25.125,0.0,84.04541015625,0.0,0
371,0,335.7444152832031,1983.8743896484375,25.125,0.0,67.1484375,0.0,0
372,0,349.85589599609375,1983.874267578125,25.125,0.0,50.25146484375,0.0,0
373,0,381.294921875,1983.87451171875,25.125,0.0,33.3544921875,0.0,0
374,0,424.94854736328125,1983.8748779296875,25.125,0.0,16.4630126953125,0.0,0
375,0,469.1847229003906,1983.87451171875,25.125,0.0,33.3544921875,0.0,0
376,0,486.34979248046875,1983.87451171875,25.125,0.0,33.3544921875,0.0,0
377,0,474.61663818359375,1983.874267578125,25.125,0.0,33.3544921875,0.0,0
378,0,449.06494140625,1983.87451171875,25.125,0.0,33.3544921875,0.0,0
379,0,416.20947265625,1983.874267578125,25.125,0.0,33.3544921875,0.0,0
380,0,381.3172607421875,1983.87451171875,25.125,0.0,33.3544921875,0.0,0
381,0,344.2208557128906,1983.874267578125,25.125,0.0,33.3544921875,0.0,0
382,0,307.46612548828125,1983.874267578125,25.125,0.0,33.3544921875,0.0,0
383,0,269.842041015625,1983.874267578125,25.125,0.0,33.3544921875,0.0,0
384,0,233.08734130859375,1983.874267578125,25.125,0.0,33.3544921875,0.0,0
385,0,227.24737548828125,1983.87451171875,25.125,0.0,50.25146484375,0.0,0
386,0,215.63302612304688,1983.8743896484375,25.125,0.0,50.25146484375,0.0,0
387,0,182.8352813720703,1983.8746337890625,25.125,0.0,50.25146484375,0.0,0
388,0,170.20970153808594,1983.8741455078125,25.125,0.0,67.1484375,0.0,0
389,0,175.17359924316406,1983.8740234375,25.125,0.0,84.04541015625,0.0,0
390,0,175.6882781982422,1983.8741455078125,25.125,0.0,100.9423828125,0.0,0
391,0,170.8450927734375,1983.8741455078125,25.125,0.0,117.83935546875,0.0,0
392,0,151.34678649902344,1983.87451171875,25.125,0.0,134.7308349609375,0.0,0
393,0,116.12702941894531,1983.8746337890625,25.125,0.0,151.6278076171875,0.0,0
394,0,116.12529754638672,1963.6981201171875,25.125,0.0,151.6278076171875,0.0,0
395,0,116.12590789794922,1951.19189453125,25.125,0.0,168.5247802734375,0.0,0
396,0,116.12562561035156,1951.3963623046875,25.125,0.0,-174.5782470703125,0.0,0
397,0,116.1258544921875,1948.838134765625,25.125,0.0,-157.6812744140625,0.0,0
398,0,124.96868896484375,1924.244873046875,25.125,0.0,-157.6812744140625,0.0,0
399,0,116.12767028808594,1888.1795654296875,25.125,0.0,-140.789794921875,0.0,0
400,0,116.12551879882812,1848.14111328125,25.125,0.0,-123.892822265625,0.0,0
401,0,116.12510681152344,1804.19873046875,25.125,0.0,-106.995849609375,0.0,0
402,0,116.125,1762.17822265625,25.125,0.0,-90.098876953125,0.0,0
403,0,139.5486602783203,1735.6466064453125,25.125,0.0,-90.098876953125,0.0,0
404,0,181.1046600341797,1723.5810546875,25.125,0.0,-90.098876953125,0.0,0
405,0,220.77572631835938,1718.373779296875,25.125,0.0,-90.098876953125,0.0,0
406,0,250.66445922851562,1692.3082275390625,25.125,0.0,-73.201904296875,0.0,0
407,0,271.70556640625,1657.1646728515625,25.125,0.0,-56.304931640625,0.0,0
408,0,305.806640625,1647.4180908203125,25.125,0.0,-56.304931640625,0.0,0
409,0,346.0384826660156,1660.1298828125,25.125,0.0,-56.304931640625,0.0,0
410,0,382.7458190917969,1678.3345947265625,25.125,0.0,-56.304931640625,0.0,0
411,0,383.8742370605469,1703.7078857421875,25.125,0.0,-56.304931640625,0.0,0
412,0,392.660400390625,1735.668701171875,25.125,0.0,-56.304931640625,0.0,0
413,0,421.4220886230469,1767.425537109375,25.125,0.0,-56.304931640625,0.0,0
414,0,452.7246398925781,1793.7357177734375,25.125,0.0,-56.304931640625,0.0,0
415,0,489.138427734375,1792.6151123046875,25.125,0.0,-39.4134521484375,0.0,0
416,0,529.9945678710938,1800.566162109375,25.125,0.0,-39.4134521484375,0.0,0
417,0,565.0540161132812,1824.3568115234375,25.125,0.0,-39.4134521484375,0.0,0
418,0,583.8743896484375,1854.40478515625,25.125,0.0,-39.4134521484375,0.0,0
419,0,583.8744506835938,1863.9954833984375,25.125,0.0,-22.5164794921875,0.0,0
420,0,583.8740844726562,1858.06005859375,25.125,0.0,-5.6195068359375,0.0,0
421,0,583.8743896484375,1857.2093505859375,25.125,0.0,11.2774658203125,0.0,0
422,0,579.12451171875,1880.73681640625,25.125,0.0,11.2774658203125,0.0,0
423,0,583.8742065429688,1912.3641357421875,25.125,0.0,28.1744384765625,0.0,0
424,0,598.07666015625,1945.5035400390625,25.125,0.0,45.06591796875,0.0,0
425,0,621.5390625,1978.8447265625,25.125,0.0,61.962890625,0.0,0
426,0,643.3270874023438,1983.8743896484375,25.125,0.0,78.85986328125,0.0,0
427,0,658.5030517578125,1983.8740234375,25.125,0.0,95.7568359375,0.0,0
428,0,658.635009765625,1983.8743896484375,25.125,0.0,112.65380859375,0.0,0
429,0,644.634765625,1983.874267578125,25.125,0.0,129.55078125,0.0,0
430,0,612.9728393554688,1969.4056396484375,25.125,0.0,129.55078125,0.0,0
431,0,572.5016479492188,1971.6112060546875,25.125,0.0,146.4422607421875,0.0,0
432,0,533.978759765625,1983.8734130859375,25.125,0.0,163.3392333984375,0.0,0
433,0,493.0503845214844,1983.8734130859375,25.125,0.0,-179.7637939453125,0.0,0
434,0,452.1203308105469,1981.8997802734375,25.125,0.0,-162.8668212890625,0.0,0
435,0,411.37103271484375,1972.6717529296875,25.125,0.0,-145.9698486328125,0.0,0
436,0,398.5699157714844,1943.596435546875,25.125,0.0,-145.9698486328125,0.0,0
437,0,411.1865234375,1903.9403076171875,25.125,0.0,-145.9698486328125,0.0,0
438,0,429.9930725097656,1866.443115234375,25.125,0.0,-145.9698486328125,0.0,0
439,0,425.6920471191406,1827.9073486328125,25.125,0.0,-129.0728759765625,0.0,0
440,0,433.94549560546875,1786.505615234375,25.125,0.0,-129.0728759765625,0.0,0
441,0,458.06097412109375,1751.73193359375,25.125,0.0,-129.0728759765625,0.0,0
442,0,486.304931640625,1722.0433349609375,25.125,0.0,-129.0728759765625,0.0,0
443,0,520.6714477539062,1715.54248046875,25.125,0.0,-129.0728759765625,0.0,0
444,0,534.3547973632812,1692.7529296875,25.125,0.0,-112.181396484375,0.0,0
445,0,529.25390625,1651.7869873046875,25.125,0.0,-95.284423828125,0.0,0
446,0,549.02685546875,1623.3245849609375,25.125,0.0,-95.284423828125,0.0,0
447,0,572.6171875,1587.499267578125,25.125,0.0,-78.387451171875,0.0,0
448,0,588.4773559570312,1549.90380859375,25.125,0.0,-61.490478515625,0.0,0
449,0,608.3385009765625,1512.6383056640625,25.125,0.0,-44.593505859375,0.0,0
450,0,639.519775390625,1506.2628173828125,25.125,0.0,-44.593505859375,0.0,0
451,0,676.1172485351562,1526.306884765625,25.125,0.0,-44.593505859375,0.0,0
452,0,716.3987426757812,1527.7052001953125,25.125,0.0,-27.7020263671875,0.0,0
453,0,756.1619873046875,1517.930419921875,25.125,0.0,-10.8050537109375,0.0,0
454,0,797.6056518554688,1510.5,25.125,0.0,6.0919189453125,0.0,0
455,0,839.5198364257812,1511.2353515625,25.125,0.0,22.9888916015625,0.0,0
456,0,881.3321533203125,1522.797119140625,25.125,0.0,39.8858642578125,0.0,0
457,0,892.1585693359375,1551.3250732421875,25.125,0.0,39.8858642578125,0.0,0
458,0,903.1008911132812,1591.016845703125,25.125,0.0,56.7828369140625,0.0,0
459,0,919.6514892578125,1628.266357421875,25.125,0.0,73.67431640625,0.0,0
460,0,932.2307739257812,1667.654052734375,25.125,0.0,90.5712890625,0.0,0
461,0,913.9868774414062,1694.4466552734375,25.125,0.0,90.5712890625,0.0,0
462,0,874.8283081054688,1705.69482421875,25.125,0.0,90.5712890625,0.0,0
463,0,844.7194213867188,1734.0045166015625,25.125,0.0,107.46826171875,0.0,0
464,0,807.118408203125,1750.018798828125,25.125,0.0,107.46826171875,0.0,0
465,0,769.186279296875,1773.015380859375,25.125,0.0,124.365234375,0.0,0
466,0,740.274658203125,1802.478515625,25.125,0.0,124.365234375,0.0,0
467,0,716.1278686523438,1832.98974609375,25.125,0.0,141.26220703125,0.0,0
468,0,716.1258544921875,1865.4501953125,25.125,0.0,158.1591796875,0.0,0
469,0,716.1256103515625,1891.5478515625,25.125,0.0,175.0506591796875,0.0,0
470,0,716.1250610351562,1881.587890625,25.125,0.0,175.0506591796875,0.0,0
471,0,716.1250610351562,1844.0167236328125,25.125,0.0,175.0506591796875,0.0,0
472,0,716.1259155273438,1815.94775390625,25.125,0.0,-168.0523681640625,0.0,0
473,0,720.6259155273438,1780.3165283203125,25.125,0.0,-168.0523681640625,0.0,0
474,0,727.965087890625,1739.348388671875,25.125,0.0,-168.0523681640625,0.0,0
475,0,735.8510131835938,1699.4769287109375,25.125,0.0,-168.0523681640625,0.0,0
476,0,743.7761840820312,1659.6136474609375,25.125,0.0,-168.0523681640625,0.0,0
477,0,751.8897094726562,1618.8089599609375,25.125,0.0,-168.0523681640625,0.0,0
478,0,759.8148803710938,1578.9456787109375,25.125,0.0,-168.0523681640625,0.0,0
479,0,767.9284057617188,1538.1409912109375,25.125,0.0,-168.0523681640625,0.0,0
480,0,750.69970703125,1510.6280517578125,25.125,0.0,175.0506591796875,0.0,0
481,0,707.4891357421875,1502.274169921875,25.125,0.0,158.1591796875,0.0,0
482,0,666.2237548828125,1504.9166259765625,25.125,0.0,175.0506591796875,0.0,0
483,0,624.6842041015625,1510.5997314453125,25.125,0.0,158.1591796875,0.0,0
484,0,584.919677734375,1523.3372802734375,25.125,0.0,141.26220703125,0.0,0
485,0,548.9134521484375,1545.50927734375,25.125,0.0,124.365234375,0.0,0
486,0,519.3231201171875,1577.4971923828125,25.125,0.0,107.46826171875,0.0,0
487,0,515.125,1584.875,25.125,0.0,90.5712890625,0.0,0
488,0,516.2332763671875,1585.7615966796875,25.125,0.0,73.67431640625,0.0,0
489,0,527.0183715820312,1611.0811767578125,25.125,0.0,56.7828369140625,0.0,0
490,0,545.0127563476562,1647.6737060546875,25.125,0.0,73.67431640625,0.0,0
491,0,561.7223510742188,1684.849609375,25.125,0.0,56.7828369140625,0.0,0
492,0,581.1632690429688,1720.6971435546875,25.125,0.0,56.7828369140625,0.0,0
493,0,574.0818481445312,1757.4234619140625,25.125,0.0,56.7828369140625,0.0,0
494,0,568.4987182617188,1799.7532958984375,25.125,0.0,73.67431640625,0.0,0
495,0,571.49853515625,1841.4658203125,25.125,0.0,90.5712890625,0.0,0
496,0,549.7594604492188,1867.876220703125,25.125,0.0,90.5712890625,0.0,0
497,0,508.22607421875,1879.668701171875,25.125,0.0,90.5712890625,0.0,0
498,0,478.5579833984375,1907.013671875,25.125,0.0,107.46826171875,0.0,0
499,0,440.7552185058594,1923.004150390625,25.125,0.0,107.46826171875,0.0,0
500,0,398.4213562011719,1922.143310546875,25.125,0.0,107.46826171875,0.0,0
501,0,358.0615234375,1915.00927734375,25.125,0.0,107.46826171875,0.0,0
502,0,321.6667175292969,1930.95263671875,25.125,0.0,124.365234375,0.0,0
503,0,280.8269958496094,1935.146240234375,25.125,0.0,124.365234375,0.0,0
504,0,237.77825927734375,1946.0428466796875,25.125,0.0,141.26220703125,0.0,0
505,0,197.95941162109375,1938.8868408203125,25.125,0.0,141.26220703125,0.0,0
506,0,153.5266876220703,1936.842529296875,25.125,0.0,158.1591796875,0.0,0
507,0,116.12796020507812,1943.2896728515625,25.125,0.0,175.0506591796875,0.0,0
508,0,116.12505340576172,1924.6591796875,25.125,0.0,175.0506591796875,0.0,0
509,0,116.12590789794922,1901.577880859375,25.125,0.0,-168.0523681640625,0.0,0
510,0,116.12554931640625,1881.5899658203125,25.125,0.0,-151.1553955078125,0.0,0
511,0,116.12564849853516,1852.1492919921875,25.125,0.0,-134.2584228515625,0.0,0
512,0,116.12521362304688,1811.35009765625,25.125,0.0,-117.3614501953125,0.0,0
513,0,116.1250991821289,1767.889404296875,25.125,0.0,-100.469970703125,0.0,0
514,0,139.15933227539062,1736.688232421875,25.125,0.0,-100.469970703125,0.0,0
515,0,177.87646484375,1717.276611328125,25.125,0.0,-100.469970703125,0.0,0
516,0,201.76339721679688,1684.8809814453125,25.125,0.0,-83.572998046875,0.0,0
517,0,235.81846618652344,1662.0059814453125,25.125,0.0,-83.572998046875,0.0,0
518,0,277.531005859375,1654.7666015625,25.125,0.0,-83.572998046875,0.0,0
519,0,309.74896240234375,1630.5760498046875,25.125,0.0,-66.676025390625,0.0,0
520,0,350.06890869140625,1618.7056884765625,25.125,0.0,-66.676025390625,0.0,0
521,0,383.8744201660156,1624.2003173828125,25.125,0.0,-66.676025390625,0.0,0
522,0,383.8743896484375,1608.926513671875,25.125,0.0,-49.779052734375,0.0,0
523,0,383.8742980957031,1605.86279296875,25.125,0.0,-49.779052734375,0.0,0
524,0,383.8742980957031,1628.375244140625,25.125,0.0,-49.779052734375,0.0,0
525,0,383.8742980957031,1662.4691162109375,25.125,0.0,-49.779052734375,0.0,0
526,0,383.87451171875,1701.7998046875,25.125,0.0,-49.779052734375,0.0,0
527,0,391.76611328125,1743.294189453125,25.125,0.0,-49.779052734375,0.0,0
528,0,421.3236083984375,1754.26220703125,25.125,0.0,-32.882080078125,0.0,0
529,0,459.0336608886719,1770.656982421875,25.125,0.0,-32.882080078125,0.0,0
530,0,500.9402160644531,1778.184326171875,25.125,0.0,-15.985107421875,0.0,0
531,0,535.5810546875,1801.2943115234375,25.125,0.0,-15.985107421875,0.0,0
532,0,558.04736328125,1837.1329345703125,25.125,0.0,-15.985107421875,0.0,0
533,0,583.8740844726562,1857.9508056640625,25.125,0.0,0.9063720703125,0.0,0
534,0,583.4727783203125,1889.385009765625,25.125,0.0,0.9063720703125,0.0,0
535,0,582.951904296875,1930.021728515625,25.125,0.0,0.9063720703125,0.0,0
536,0,606.475341796875,1960.3404541015625,25.125,0.0,17.8033447265625,0.0,0
537,0,640.2849731445312,1981.740234375,25.125,0.0,34.7003173828125,0.0,0
538,0,648.9144897460938,1983.874267578125,25.125,0.0,34.7003173828125,0.0,0
539,0,664.2304077148438,1983.87451171875,25.125,0.0,34.7003173828125,0.0,0
540,0,700.7511596679688,1983.874267578125,25.125,0.0,51.5972900390625,0.0,0
541,0,707.4200439453125,1983.8743896484375,25.125,0.0,51.5972900390625,0.0,0
542,0,711.5525512695312,1983.8743896484375,25.125,0.0,68.4942626953125,0.0,0
543,0,724.4221801757812,1983.8740234375,25.125,0.0,85.3857421875,0.0,0
544,0,709.0626220703125,1983.875,25.125,0.0,85.3857421875,0.0,0
545,0,687.1297607421875,1983.8741455078125,25.125,0.0,102.28271484375,0.0,0
546,0,668.15771484375,1983.87451171875,25.125,0.0,119.1796875,0.0,0
547,0,638.8768310546875,1983.8743896484375,25.125,0.0,136.07666015625,0.0,0
548,0,601.7294921875,1968.450439453125,25.125,0.0,136.07666015625,0.0,0
549,0,567.6168823242188,1943.54833984375,25.125,0.0,136.07666015625,0.0,0
550,0,528.6421508789062,1940.2093505859375,25.125,0.0,152.9736328125,0.0,0
551,0,488.651611328125,1949.1748046875,25.125,0.0,169.87060546875,0.0,0
552,0,458.06719970703125,1931.1781005859375,25.125,0.0,169.87060546875,0.0,0
553,0,421.4112243652344,1910.678466796875,25.125,0.0,-173.2379150390625,0.0,0
554,0,381.75360107421875,1897.497314453125,25.125,0.0,-156.3409423828125,0.0,0
555,0,365.8782958984375,1868.3994140625,25.125,0.0,-156.3409423828125,0.0,0
556,0,345.2812805175781,1831.1866455078125,25.125,0.0,-139.4439697265625,0.0,0
557,0,319.67401123046875,1799.4395751953125,25.125,0.0,-122.5469970703125,0.0,0
558,0,323.4584045410156,1764.9625244140625,25.125,0.0,-122.5469970703125,0.0,0
559,0,327.9068908691406,1723.488037109375,25.125,0.0,-105.6500244140625,0.0,0
560,0,324.7033996582031,1682.8052978515625,25.125,0.0,-88.7530517578125,0.0,0
561,0,347.36285400390625,1656.3427734375,25.125,0.0,-88.7530517578125,0.0,0
562,0,374.3266906738281,1624.4141845703125,25.125,0.0,-71.861572265625,0.0,0
563,0,383.8741149902344,1608.55029296875,25.125,0.0,-71.861572265625,0.0,0
564,0,383.8744812011719,1586.4107666015625,25.125,0.0,-54.964599609375,0.0,0
565,0,395.98260498046875,1547.8245849609375,25.125,0.0,-38.067626953125,0.0,0
566,0,423.9019775390625,1514.4527587890625,25.125,0.0,-21.170654296875,0.0,0
567,0,460.49908447265625,1491.60546875,25.125,0.0,-4.273681640625,0.0,0
568,0,488.40576171875,1504.1953125,25.125,0.0,-4.273681640625,0.0,0
569,0,503.01318359375,1542.802001953125,25.125,0.0,-4.273681640625,0.0,0
570,0,533.583984375,1570.3232421875,25.125,0.0,12.6177978515625,0.0,0
571,0,552.8077392578125,1606.455078125,25.125,0.0,12.6177978515625,0.0,0
572,0,555.5784301757812,1649.705078125,25.125,0.0,12.6177978515625,0.0,0
573,0,551.8574829101562,1690.5179443359375,25.125,0.0,12.6177978515625,0.0,0
574,0,545.3034057617188,1730.696533203125,25.125,0.0,12.6177978515625,0.0,0
575,0,562.210205078125,1764.775146484375,25.125,0.0,29.5147705078125,0.0,0
576,0,583.8745727539062,1793.96435546875,25.125,0.0,46.4117431640625,0.0,0
577,0,567.49658203125,1830.4927978515625,25.125,0.0,46.4117431640625,0.0,0
578,0,542.6190795898438,1863.3016357421875,25.125,0.0,46.4117431640625,0.0,0
579,0,542.1197509765625,1901.7794189453125,25.125,0.0,46.4117431640625,0.0,0
580,0,535.4466552734375,1944.4200439453125,25.125,0.0,46.4117431640625,0.0,0
581,0,537.1280517578125,1983.8701171875,25.125,0.0,63.3087158203125,0.0,0
582,0,521.2948608398438,1983.8746337890625,25.125,0.0,63.3087158203125,0.0,0
583,0,509.99993896484375,1983.8743896484375,25.125,0.0,80.2056884765625,0.0,0
584,0,509.9940490722656,1983.8740234375,25.125,0.0,97.1026611328125,0.0,0
585,0,487.1078186035156,1981.059814453125,25.125,0.0,97.1026611328125,0.0,0
586,0,456.7582702636719,1983.8741455078125,25.125,0.0,113.994140625,0.0,0
587,0,426.52789306640625,1983.87451171875,25.125,0.0,130.89111328125,0.0,0
588,0,387.87115478515625,1969.5655517578125,25.125,0.0,130.89111328125,0.0,0
589,0,347.10198974609375,1971.837646484375,25.125,0.0,147.7880859375,0.0,0
590,0,307.29559326171875,1983.8739013671875,25.125,0.0,164.68505859375,0.0,0
591,0,266.4433288574219,1983.859619140625,25.125,0.0,-178.41796875,0.0,0
592,0,240.5006103515625,1960.32373046875,25.125,0.0,-178.41796875,0.0,0
593,0,229.745849609375,1919.441650390625,25.125,0.0,-178.41796875,0.0,0
594,0,225.6322021484375,1878.6724853515625,25.125,0.0,-178.41796875,0.0,0
595,0,224.49661254882812,1837.0252685546875,25.125,0.0,-178.41796875,0.0,0
596,0,224.66090393066406,1796.3743896484375,25.125,0.0,-178.41796875,0.0,0
597,0,225.2425994873047,1754.7747802734375,25.125,0.0,-178.41796875,0.0,0
598,0,225.80960083007812,1714.1351318359375,25.125,0.0,-178.41796875,0.0,0
599,0,226.39129638671875,1672.5355224609375,25.125,0.0,-178.41796875,0.0,0
600,0,226.9582977294922,1631.8958740234375,25.125,0.0,-178.41796875,0.0,0
601,0,204.13180541992188,1616.125244140625,25.125,0.0,-161.52099609375,0.0,0
602,0,188.08761596679688,1616.1258544921875,25.125,0.0,-161.52099609375,0.0,0
603,0,165.59669494628906,1610.81298828125,25.125,0.0,-144.6295166015625,0.0,0
604,0,157.56005859375,1581.65234375,25.125,0.0,-144.6295166015625,0.0,0
605,0,172.61671447753906,1543.0224609375,25.125,0.0,-144.6295166015625,0.0,0
606,0,167.1777801513672,1502.5936279296875,25.125,0.0,-127.7325439453125,0.0,0
607,0,150.53868103027344,1465.1956787109375,25.125,0.0,-110.8355712890625,0.0,0
608,0,132.38450622558594,1427.5443115234375,25.125,0.0,-127.7325439453125,0.0,0
609,0,116.12532806396484,1391.6256103515625,25.125,0.0,-110.8355712890625,0.0,0
610,0,137.71035766601562,1358.23388671875,25.125,0.0,-110.8355712890625,0.0,0
611,0,172.76695251464844,1333.3919677734375,25.125,0.0,-110.8355712890625,0.0,0
612,0,190.57012939453125,1298.687255859375,25.125,0.0,-93.9385986328125,0.0,0
613,0,198.18064880371094,1257.4251708984375,25.125,0.0,-77.0416259765625,0.0,0
614,0,207.9360809326172,1217.467529296875,25.125,0.0,-60.150146484375,0.0,0
615,0,225.97023010253906,1178.5640869140625,25.125,0.0,-43.253173828125,0.0,0
616,0,252.76829528808594,1145.697265625,25.125,0.0,-26.356201171875,0.0,0
617,0,283.33892822265625,1147.4609375,25.125,0.0,-26.356201171875,0.0,0
618,0,312.3735656738281,1178.4276123046875,25.125,0.0,-26.356201171875,0.0,0
619,0,350.1163024902344,1192.422607421875,25.125,0.0,-9.459228515625,0.0,0
620,0,382.01531982421875,1219.7601318359375,25.125,0.0,-9.459228515625,0.0,0
621,0,399.7599182128906,1257.0306396484375,25.125,0.0,-9.459228515625,0.0,0
622,0,411.76617431640625,1297.2037353515625,25.125,0.0,-9.459228515625,0.0,0
623,0,420.71124267578125,1336.91357421875,25.125,0.0,-9.459228515625,0.0,0
624,0,450.0863037109375,1362.5228271484375,25.125,0.0,7.437744140625,0.0,0
625,0,472.3954772949219,1397.2532958984375,25.125,0.0,7.437744140625,0.0,0
626,0,478.861083984375,1439.0821533203125,25.125,0.0,7.437744140625,0.0,0
627,0,503.32720947265625,1472.29150390625,25.125,0.0,24.334716796875,0.0,0
628,0,514.6732788085938,1511.5435791015625,25.125,0.0,24.334716796875,0.0,0
629,0,532.9496459960938,1551.9827880859375,25.125,0.0,41.2261962890625,0.0,0
630,0,556.5406494140625,1584.16650390625,25.125,0.0,58.1231689453125,0.0,0
631,0,551.7374877929688,1618.8570556640625,25.125,0.0,58.1231689453125,0.0,0
632,0,523.5121459960938,1650.111083984375,25.125,0.0,58.1231689453125,0.0,0
633,0,516.1257934570312,1679.8623046875,25.125,0.0,58.1231689453125,0.0,0
634,0,516.1257934570312,1712.538818359375,25.125,0.0,58.1231689453125,0.0,0
635,0,500.706298828125,1746.774169921875,25.125,0.0,58.1231689453125,0.0,0
636,0,470.3528747558594,1776.739013671875,25.125,0.0,58.1231689453125,0.0,0
637,0,437.9629211425781,1801.6112060546875,25.125,0.0,58.1231689453125,0.0,0
638,0,403.5486755371094,1825.0462646484375,25.125,0.0,58.1231689453125,0.0,0
639,0,369.4152526855469,1847.1151123046875,25.125,0.0,58.1231689453125,0.0,0
640,0,335.1985778808594,1869.0501708984375,25.125,0.0,58.1231689453125,0.0,0
641,0,322.42156982421875,1904.4173583984375,25.125,0.0,75.0201416015625,0.0,0
642,0,322.6210021972656,1945.429443359375,25.125,0.0,91.9171142578125,0.0,0
643,0,298.6178283691406,1971.544921875,25.125,0.0,91.9171142578125,0.0,0
644,0,257.67718505859375,1981.8148193359375,25.125,0.0,91.9171142578125,0.0,0
645,0,215.9777374267578,1983.71728515625,25.125,0.0,91.9171142578125,0.0,0
646,0,175.34103393554688,1982.9390869140625,25.125,0.0,91.9171142578125,0.0,0
647,0,144.4651336669922,1983.8741455078125,25.125,0.0,108.8140869140625,0.0,0
648,0,116.12586975097656,1977.0606689453125,25.125,0.0,108.8140869140625,0.0,0
649,0,116.125,1983.874267578125,25.125,0.0,125.7110595703125,0.0,0
650,0,116.125,1983.8743896484375,25.125,0.0,142.6025390625,0.0,0
651,0,116.125,1983.874755859375,25.125,0.0,159.49951171875,0.0,0
652,0,116.125,1983.875,25.125,0.0,176.396484375,0.0,0
653,0,116.12503814697266,1960.897705078125,25.125,0.0,176.396484375,0.0,0
654,0,116.12590026855469,1934.84228515625,25.125,0.0,-166.70654296875,0.0,0
655,0,116.12554168701172,1912.9073486328125,25.125,0.0,-149.8095703125,0.0,0
656,0,127.58183288574219,1877.0399169921875,25.125,0.0,-149.8095703125,0.0,0
657,0,144.9828338623047,1840.14599609375,25.125,0.0,-149.8095703125,0.0,0
658,0,138.61288452148438,1802.375732421875,25.125,0.0,-132.9180908203125,0.0,0
659,0,119.12947082519531,1766.3160400390625,25.125,0.0,-116.0211181640625,0.0,0
660,0,116.12506103515625,1726.5,25.125,0.0,-99.1241455078125,0.0,0
661,0,140.2853546142578,1695.406982421875,25.125,0.0,-99.1241455078125,0.0,0
662,0,178.56121826171875,1677.4439697265625,25.125,0.0,-99.1241455078125,0.0,0
663,0,200.47842407226562,1644.0181884765625,25.125,0.0,-99.1241455078125,0.0,0
664,0,230.447509765625,1616.1251220703125,25.125,0.0,-99.1241455078125,0.0,0
665,0,272.4703674316406,1616.1251220703125,25.125,0.0,-99.1241455078125,0.0,0
666,0,298.5837707519531,1616.1259765625,25.125,0.0,-82.2271728515625,0.0,0
667,0,333.3287048339844,1619.107666015625,25.125,0.0,-82.2271728515625,0.0,0
668,0,365.7013244628906,1599.6097412109375,25.125,0.0,-65.3302001953125,0.0,0
669,0,383.8744201660156,1589.2138671875,25.125,0.0,-65.3302001953125,0.0,0
670,0,388.5396423339844,1570.0535888671875,25.125,0.0,-48.4332275390625,0.0,0
671,0,412.7426452636719,1537.31201171875,25.125,0.0,-31.541748046875,0.0,0
672,0,444.5677185058594,1537.4566650390625,25.125,0.0,-31.541748046875,0.0,0
673,0,485.04461669921875,1540.824951171875,25.125,0.0,-14.644775390625,0.0,0
674,0,526.6446533203125,1537.4212646484375,25.125,0.0,2.252197265625,0.0,0
675,0,567.9422607421875,1538.3736572265625,25.125,0.0,19.149169921875,0.0,0
676,0,587.3976440429688,1563.26318359375,25.125,0.0,19.149169921875,0.0,0
677,0,610.6100463867188,1596.5804443359375,25.125,0.0,36.046142578125,0.0,0
678,0,638.9290771484375,1625.9130859375,25.125,0.0,52.9376220703125,0.0,0
679,0,637.8894653320312,1660.4306640625,25.125,0.0,52.9376220703125,0.0,0
680,0,612.6438598632812,1694.0836181640625,25.125,0.0,52.9376220703125,0.0,0
681,0,582.6407470703125,1723.382568359375,25.125,0.0,52.9376220703125,0.0,0
682,0,574.1556396484375,1761.2330322265625,25.125,0.0,69.8345947265625,0.0,0
683,0,578.3590087890625,1802.9739990234375,25.125,0.0,86.7315673828125,0.0,0
684,0,557.7958374023438,1830.8367919921875,25.125,0.0,86.7315673828125,0.0,0
685,0,518.0442504882812,1845.11669921875,25.125,0.0,86.7315673828125,0.0,0
686,0,489.8949279785156,1875.3148193359375,25.125,0.0,103.6285400390625,0.0,0
687,0,454.5278625488281,1893.7303466796875,25.125,0.0,103.6285400390625,0.0,0
688,0,411.2070007324219,1895.8568115234375,25.125,0.0,103.6285400390625,0.0,0
689,0,370.4490051269531,1891.4873046875,25.125,0.0,103.6285400390625,0.0,0
690,0,335.2676696777344,1909.8021240234375,25.125,0.0,120.5255126953125,0.0,0
691,0,306.5434875488281,1938.9879150390625,25.125,0.0,137.4224853515625,0.0,0
692,0,275.9883117675781,1966.536865234375,25.125,0.0,154.31396484375,0.0,0
693,0,238.6085662841797,1983.8748779296875,25.125,0.0,171.2109375,0.0,0
694,0,197.8668212890625,1983.57275390625,25.125,0.0,-171.89208984375,0.0,0
695,0,155.82557678222656,1978.6195068359375,25.125,0.0,-154.9951171875,0.0,0
696,0,138.95521545410156,1952.8529052734375,25.125,0.0,-154.9951171875,0.0,0
697,0,145.07131958007812,1910.70263671875,25.125,0.0,-154.9951171875,0.0,0
698,0,157.4227294921875,1871.6202392578125,25.125,0.0,-154.9951171875,0.0,0
699,0,172.80990600585938,1832.8946533203125,25.125,0.0,-154.9951171875,0.0,0
700,0,188.98451232910156,1795.595458984375,25.125,0.0,-154.9951171875,0.0,0
701,0,205.66073608398438,1758.5306396484375,25.125,0.0,-154.9951171875,0.0,0
702,0,222.744873046875,1720.5968017578125,25.125,0.0,-154.9951171875,0.0,0
703,0,212.3515625,1686.5015869140625,25.125,0.0,-154.9951171875,0.0,0
704,0,204.80516052246094,1643.958984375,25.125,0.0,-154.9951171875,0.0,0
705,0,212.09727478027344,1616.1256103515625,25.125,0.0,-154.9951171875,0.0,0
706,0,230.07376098632812,1616.1258544921875,25.125,0.0,-154.9951171875,0.0,0
707,0,224.4994659423828,1616.1256103515625,25.125,0.0,-138.09814453125,0.0,0
708,0,227.8282928466797,1616.125732421875,25.125,0.0,-138.09814453125,0.0,0
709,0,254.05935668945312,1616.125732421875,25.125,0.0,-138.09814453125,0.0,0
710,0,259.3904113769531,1616.12548828125,25.125,0.0,-121.201171875,0.0,0
711,0,244.49227905273438,1616.1258544921875,25.125,0.0,-104.3096923828125,0.0,0
712,0,257.059814453125,1616.1251220703125,25.125,0.0,-104.3096923828125,0.0,0
713,0,267.0211486816406,1616.125732421875,25.125,0.0,-121.201171875,0.0,0
714,0,257.16107177734375,1616.1258544921875,25.125,0.0,-104.3096923828125,0.0,0
715,0,240.1714324951172,1616.125732421875,25.125,0.0,-121.201171875,0.0,0
716,0,246.07513427734375,1616.12548828125,25.125,0.0,-121.201171875,0.0,0
717,0,250.282470703125,1616.1256103515625,25.125,0.0,-104.3096923828125,0.0,0
718,0,271.9905700683594,1616.125244140625,25.125,0.0,-104.3096923828125,0.0,0
719,0,292.2196044921875,1616.1256103515625,25.125,0.0,-87.4127197265625,0.0,0
720,0,305.2791442871094,1616.1258544921875,25.125,0.0,-70.5157470703125,0.0,0
721,0,325.2681579589844,1612.2681884765625,25.125,0.0,-53.6187744140625,0.0,0
722,0,361.3983459472656,1616.8934326171875,25.125,0.0,-53.6187744140625,0.0,0
723,0,383.874267578125,1635.8670654296875,25.125,0.0,-53.6187744140625,0.0,0
724,0,383.874267578125,1665.5260009765625,25.125,0.0,-53.6187744140625,0.0,0
725,0,383.874267578125,1700.985107421875,25.125,0.0,-53.6187744140625,0.0,0
726,0,392.3987121582031,1739.106201171875,25.125,0.0,-53.6187744140625,0.0,0
727,0,423.4024658203125,1747.1068115234375,25.125,0.0,-36.7218017578125,0.0,0
728,0,461.8227844238281,1733.0125732421875,25.125,0.0,-19.830322265625,0.0,0
729,0,501.76416015625,1720.0509033203125,25.125,0.0,-2.933349609375,0.0,0
730,0,529.2379760742188,1736.703125,25.125,0.0,-2.933349609375,0.0,0
731,0,543.4491577148438,1777.0662841796875,25.125,0.0,-2.933349609375,0.0,0
732,0,550.8792724609375,1817.3787841796875,25.125,0.0,-2.933349609375,0.0,0
733,0,578.2099609375,1842.6246337890625,25.125,0.0,-2.933349609375,0.0,0
734,0,583.8740844726562,1855.1124267578125,25.125,0.0,13.963623046875,0.0,0
735,0,578.2310791015625,1885.5399169921875,25.125,0.0,13.963623046875,0.0,0
736,0,569.0277709960938,1926.1182861328125,25.125,0.0,13.963623046875,0.0,0
737,0,584.7364501953125,1960.4017333984375,25.125,0.0,30.860595703125,0.0,0
738,0,590.9647827148438,1983.874267578125,25.125,0.0,30.860595703125,0.0,0
739,0,575.9790649414062,1983.874267578125,25.125,0.0,30.860595703125,0.0,0
740,0,581.3112182617188,1983.874267578125,25.125,0.0,47.757568359375,0.0,0
741,0,606.9890747070312,1983.8741455078125,25.125,0.0,64.654541015625,0.0,0
742,0,604.150146484375,1983.874755859375,25.125,0.0,64.654541015625,0.0,0
743,0,569.4556274414062,1983.8746337890625,25.125,0.0,64.654541015625,0.0,0
744,0,548.5537109375,1983.8743896484375,25.125,0.0,81.5460205078125,0.0,0
745,0,544.9356079101562,1983.8741455078125,25.125,0.0,98.4429931640625,0.0,0
746,0,522.3088989257812,1980.55908203125,25.125,0.0,98.4429931640625,0.0,0
747,0,481.2432556152344,1974.48193359375,25.125,0.0,98.4429931640625,0.0,0
748,0,441.04278564453125,1968.520751953125,25.125,0.0,98.4429931640625,0.0,0
749,0,399.8927001953125,1962.418701171875,25.125,0.0,98.4429931640625,0.0,0
750,0,367.2246398925781,1980.76953125,25.125,0.0,115.3399658203125,0.0,0
751,0,328.87518310546875,1977.0458984375,25.125,0.0,115.3399658203125,0.0,0
752,0,290.1861267089844,1963.7900390625,25.125,0.0,115.3399658203125,0.0,0
753,0,252.59764099121094,1948.2098388671875,25.125,0.0,115.3399658203125,0.0,0
754,0,214.6277618408203,1931.1920166015625,25.125,0.0,115.3399658203125,0.0,0
755,0,177.68467712402344,1914.249267578125,25.125,0.0,115.3399658203125,0.0,0
756,0,140.22805786132812,1923.340576171875,25.125,0.0,132.2369384765625,0.0,0
757,0,116.12579345703125,1946.3812255859375,25.125,0.0,149.1339111328125,0.0,0
758,0,116.12547302246094,1941.96728515625,25.125,0.0,149.1339111328125,0.0,0
759,0,116.12590026855469,1937.9244384765625,25.125,0.0,166.0308837890625,0.0,0
760,0,116.12515258789062,1917.02978515625,25.125,0.0,166.0308837890625,0.0,0
761,0,116.12592315673828,1896.7232666015625,25.125,0.0,-177.07763671875,0.0,0
762,0,116.1255874633789,1884.3265380859375,25.125,0.0,-160.1806640625,0.0,0
763,0,116.12574005126953,1863.6395263671875,25.125,0.0,-143.28369140625,0.0,0
764,0,116.12554931640625,1830.76416015625,25.125,0.0,-126.38671875,0.0,0
765,0,116.12518310546875,1786.7041015625,25.125,0.0,-109.48974609375,0.0,0
766,0,116.1250228881836,1745.43359375,25.125,0.0,-92.5982666015625,0.0,0
767,0,117.35293579101562,1704.59228515625,25.125,0.0,-75.7012939453125,0.0,0
768,0,125.22552490234375,1662.676513671875,25.125,0.0,-58.8043212890625,0.0,0
769,0,142.528076171875,1624.1109619140625,25.125,0.0,-41.9073486328125,0.0,0
770,0,170.32778930664062,1590.5335693359375,25.125,0.0,-25.0103759765625,0.0,0
771,0,183.87437438964844,1566.5001220703125,25.125,0.0,-8.1134033203125,0.0,0
772,0,183.87408447265625,1552.2877197265625,25.125,0.0,8.778076171875,0.0,0
773,0,183.87416076660156,1554.1363525390625,25.125,0.0,25.675048828125,0.0,0
774,0,173.30564880371094,1580.234619140625,25.125,0.0,25.675048828125,0.0,0
775,0,183.57530212402344,1614.507080078125,25.125,0.0,25.675048828125,0.0,0
776,0,190.84475708007812,1656.1881103515625,25.125,0.0,25.675048828125,0.0,0
777,0,182.9200439453125,1698.53564453125,25.125,0.0,25.675048828125,0.0,0
778,0,194.74757385253906,1736.82958984375,25.125,0.0,42.572021484375,0.0,0
779,0,217.8570556640625,1771.8089599609375,25.125,0.0,59.468994140625,0.0,0
780,0,237.89268493652344,1806.6097412109375,25.125,0.0,76.365966796875,0.0,0
781,0,251.69512939453125,1847.2376708984375,25.125,0.0,93.262939453125,0.0,0
782,0,254.86087036132812,1889.5238037109375,25.125,0.0,110.1544189453125,0.0,0
783,0,246.1284637451172,1932.2890625,25.125,0.0,127.0513916015625,0.0,0
784,0,226.09141540527344,1970.0609130859375,25.125,0.0,143.9483642578125,0.0,0
785,0,194.00401306152344,1983.874755859375,25.125,0.0,160.8453369140625,0.0,0
786,0,151.81272888183594,1983.875,25.125,0.0,177.7423095703125,0.0,0
787,0,124.3392333984375,1960.4564208984375,25.125,0.0,177.7423095703125,0.0,0
788,0,116.12589263916016,1933.5264892578125,25.125,0.0,-165.3662109375,0.0,0
789,0,121.61911010742188,1897.910888671875,25.125,0.0,-165.3662109375,0.0,0
790,0,130.26356506347656,1858.1656494140625,25.125,0.0,-165.3662109375,0.0,0
791,0,116.12633514404297,1823.5863037109375,25.125,0.0,-148.46923828125,0.0,0
792,0,126.69049072265625,1784.93408203125,25.125,0.0,-148.46923828125,0.0,0
793,0,118.02977752685547,1744.707275390625,25.125,0.0,-131.572265625,0.0,0
794,0,116.12516784667969,1702.834228515625,25.125,0.0,-114.67529296875,0.0,0
795,0,116.12507629394531,1659.869384765625,25.125,0.0,-97.7783203125,0.0,0
796,0,139.29710388183594,1629.93408203125,25.125,0.0,-97.7783203125,0.0,0
797,0,163.42185974121094,1592.9783935546875,25.125,0.0,-80.88134765625,0.0,0
798,0,178.48619079589844,1554.9952392578125,25.125,0.0,-63.9898681640625,0.0,0
799,0,183.87437438964844,1514.9261474609375,25.125,0.0,-47.0928955078125,0.0,0
800,0,183.87432861328125,1502.68798828125,25.125,0.0,-47.0928955078125,0.0,0
801,0,183.87454223632812,1521.9483642578125,25.125,0.0,-47.0928955078125,0.0,0
802,0,183.87432861328125,1556.8560791015625,25.125,0.0,-47.0928955078125,0.0,0
803,0,183.87454223632812,1597.7034912109375,25.125,0.0,-47.0928955078125,0.0,0
804,0,183.87420654296875,1610.0587158203125,25.125,0.0,-30.1959228515625,0.0,0
805,0,183.8743896484375,1600.2755126953125,25.125,0.0,-13.2989501953125,0.0,0
806,0,183.87478637695312,1615.7933349609375,25.125,0.0,-13.2989501953125,0.0,0
807,0,188.23745727539062,1655.1605224609375,25.125,0.0,-13.2989501953125,0.0,0
808,0,195.48806762695312,1695.2066650390625,25.125,0.0,-13.2989501953125,0.0,0
809,0,203.8934326171875,1734.9798583984375,25.125,0.0,-13.2989501953125,0.0,0
810,0,212.7899932861328,1774.63671875,25.125,0.0,-13.2989501953125,0.0,0
811,0,242.6339111328125,1798.4251708984375,25.125,0.0,3.5980224609375,0.0,0
812,0,281.6133117675781,1811.12548828125,25.125,0.0,20.489501953125,0.0,0
813,0,320.845947265625,1826.3798828125,25.125,0.0,37.386474609375,0.0,0
814,0,356.25567626953125,1848.8126220703125,25.125,0.0,54.283447265625,0.0,0
815,0,386.01239013671875,1880.398681640625,25.125,0.0,71.180419921875,0.0,0
816,0,405.7342834472656,1918.2315673828125,25.125,0.0,88.077392578125,0.0,0
817,0,413.9845886230469,1960.1668701171875,25.125,0.0,104.974365234375,0.0,0
818,0,414.2578125,1983.8740234375,25.125,0.0,88.077392578125,0.0,0
819,0,413.368408203125,1983.8743896484375,25.125,0.0,104.974365234375,0.0,0
820,0,412.3097229003906,1983.8740234375,25.125,0.0,88.077392578125,0.0,0
821,0,411.40936279296875,1983.8743896484375,25.125,0.0,104.974365234375,0.0,0
822,0,410.3506774902344,1983.8740234375,25.125,0.0,88.077392578125,0.0,0
823,0,411.9549255371094,1983.8741455078125,25.125,0.0,71.180419921875,0.0,0
824,0,422.918212890625,1983.874267578125,25.125,0.0,54.283447265625,0.0,0
825,0,445.8175964355469,1983.8741455078125,25.125,0.0,71.180419921875,0.0,0
826,0,471.74603271484375,1983.87451171875,25.125,0.0,54.283447265625,0.0,0
827,0,471.5311279296875,1983.87451171875,25.125,0.0,54.283447265625,0.0,0
828,0,471.5059814453125,1983.8743896484375,25.125,0.0,71.180419921875,0.0,0
829,0,453.3681640625,1983.874755859375,25.125,0.0,71.180419921875,0.0,0
830,0,436.88897705078125,1983.8743896484375,25.125,0.0,88.077392578125,0.0,0
831,0,430.8003845214844,1983.8741455078125,25.125,0.0,104.974365234375,0.0,0
832,0,404.8028869628906,1977.785400390625,25.125,0.0,104.974365234375,0.0,0
833,0,370.068359375,1983.874267578125,25.125,0.0,121.8658447265625,0.0,0
834,0,331.2005615234375,1973.1932373046875,25.125,0.0,121.8658447265625,0.0,0
835,0,291.8189697265625,1981.0272216796875,25.125,0.0,138.7628173828125,0.0,0
836,0,249.9552001953125,1983.874755859375,25.125,0.0,155.6597900390625,0.0,0
837,0,209.03582763671875,1983.875,25.125,0.0,172.5567626953125,0.0,0
838,0,167.32896423339844,1983.365478515625,25.125,0.0,-170.5462646484375,0.0,0
839,0,144.3531951904297,1959.0782470703125,25.125,0.0,-170.5462646484375,0.0,0
840,0,139.23580932617188,1916.3585205078125,25.125,0.0,-170.5462646484375,0.0,0
841,0,116.94639587402344,1882.82861328125,25.125,0.0,-153.6492919921875,0.0,0
842,0,123.3020248413086,1844.7127685546875,25.125,0.0,-153.6492919921875,0.0,0
843,0,137.43190002441406,1805.2879638671875,25.125,0.0,-153.6492919921875,0.0,0
844,0,153.54100036621094,1767.9149169921875,25.125,0.0,-153.6492919921875,0.0,0
845,0,171.09075927734375,1730.184326171875,25.125,0.0,-153.6492919921875,0.0,0
846,0,188.23858642578125,1694.397216796875,25.125,0.0,-153.6492919921875,0.0,0
847,0,177.955078125,1659.2349853515625,25.125,0.0,-153.6492919921875,0.0,0
848,0,170.75437927246094,1617.5662841796875,25.125,0.0,-153.6492919921875,0.0,0
849,0,149.5347137451172,1580.557861328125,25.125,0.0,-170.5462646484375,0.0,0
850,0,116.12696075439453,1557.481201171875,25.125,0.0,-153.6492919921875,0.0,0
851,0,116.12545776367188,1531.0997314453125,25.125,0.0,-136.7578125,0.0,0
852,0,116.12545776367188,1491.333984375,25.125,0.0,-119.86083984375,0.0,0
853,0,116.12508392333984,1448.35888671875,25.125,0.0,-102.9638671875,0.0,0
854,0,139.7688751220703,1415.39208984375,25.125,0.0,-102.9638671875,0.0,0
855,0,160.47171020507812,1378.462646484375,25.125,0.0,-86.06689453125,0.0,0
856,0,172.82618713378906,1338.451171875,25.125,0.0,-69.169921875,0.0,0
857,0,183.9219512939453,1299.15576171875,25.125,0.0,-86.06689453125,0.0,0
858,0,214.50778198242188,1274.282958984375,25.125,0.0,-86.06689453125,0.0,0
859,0,245.69728088378906,1244.1656494140625,25.125,0.0,-69.169921875,0.0,0
860,0,268.55535888671875,1210.2462158203125,25.125,0.0,-52.2784423828125,0.0,0
861,0,294.50469970703125,1177.042724609375,25.125,0.0,-35.3814697265625,0.0,0
862,0,326.34552001953125,1176.107421875,25.125,0.0,-35.3814697265625,0.0,0
863,0,359.870849609375,1202.6253662109375,25.125,0.0,-35.3814697265625,0.0,0
864,0,383.8741149902344,1210.361328125,25.125,0.0,-18.4844970703125,0.0,0
865,0,383.87408447265625,1207.727783203125,25.125,0.0,-1.5875244140625,0.0,0
866,0,383.8741149902344,1208.689697265625,25.125,0.0,15.3094482421875,0.0,0
867,0,383.8743896484375,1212.835693359375,25.125,0.0,15.3094482421875,0.0,0
868,0,393.2475280761719,1224.5357666015625,25.125,0.0,32.2064208984375,0.0,0
869,0,426.8333740234375,1244.81689453125,25.125,0.0,15.3094482421875,0.0,0
870,0,444.8626403808594,1280.77978515625,25.125,0.0,15.3094482421875,0.0,0
871,0,445.4149169921875,1323.0660400390625,25.125,0.0,15.3094482421875,0.0,0
872,0,464.91748046875,1359.319091796875,25.125,0.0,32.2064208984375,0.0,0
873,0,493.4647521972656,1388.6434326171875,25.125,0.0,49.097900390625,0.0,0
874,0,520.272216796875,1419.8997802734375,25.125,0.0,65.994873046875,0.0,0
875,0,540.7432250976562,1456.510498046875,25.125,0.0,82.891845703125,0.0,0
876,0,551.5496215820312,1497.5091552734375,25.125,0.0,99.788818359375,0.0,0
877,0,550.722412109375,1541.1380615234375,25.125,0.0,116.685791015625,0.0,0
878,0,537.9009399414062,1581.920654296875,25.125,0.0,133.582763671875,0.0,0
879,0,516.1278686523438,1618.1171875,25.125,0.0,150.4742431640625,0.0,0
880,0,516.1253051757812,1618.348388671875,25.125,0.0,150.4742431640625,0.0,0
881,0,516.1259155273438,1615.9534912109375,25.125,0.0,167.3712158203125,0.0,0
882,0,516.1259155273438,1617.283935546875,25.125,0.0,-175.7318115234375,0.0,0
883,0,516.1256103515625,1615.15234375,25.125,0.0,-158.8348388671875,0.0,0
884,0,516.125732421875,1602.3780517578125,25.125,0.0,-141.9378662109375,0.0,0
885,0,514.78369140625,1572.4443359375,25.125,0.0,-125.04638671875,0.0,0
886,0,529.4197387695312,1534.3216552734375,25.125,0.0,-125.04638671875,0.0,0
887,0,535.3360595703125,1492.1607666015625,25.125,0.0,-108.1494140625,0.0,0
888,0,531.7169799804688,1450.447509765625,25.125,0.0,-91.25244140625,0.0,0
889,0,552.7892456054688,1423.4788818359375,25.125,0.0,-91.25244140625,0.0,0
890,0,583.8740844726562,1410.6507568359375,25.125,0.0,-91.25244140625,0.0,0
891,0,583.8740844726562,1406.866943359375,25.125,0.0,-91.25244140625,0.0,0
892,0,583.8748168945312,1384.033203125,25.125,0.0,-74.35546875,0.0,0
893,0,583.8740844726562,1366.5858154296875,25.125,0.0,-74.35546875,0.0,0
894,0,583.8743896484375,1368.6048583984375,25.125,0.0,-74.35546875,0.0,0
895,0,583.87451171875,1349.3292236328125,25.125,0.0,-57.45849609375,0.0,0
896,0,583.8744506835938,1341.401123046875,25.125,0.0,-57.45849609375,0.0,0
897,0,583.8742065429688,1357.385986328125,25.125,0.0,-57.45849609375,0.0,0
898,0,583.8742065429688,1384.4339599609375,25.125,0.0,-57.45849609375,0.0,0
899,0,750.0,1250.0,25.125,0.0,16.490478515625,0.0,0
900,0,743.7151489257812,1271.02197265625,25.125,0.0,16.490478515625,0.0,1
901,0,758.9503173828125,1303.749755859375,25.125,0.0,33.387451171875,0.0,1
902,0,783.872314453125,1332.5556640625,25.125,0.0,50.284423828125,0.0,1
903,0,783.874755859375,1372.2452392578125,25.125,0.0,67.1759033203125,0.0,1
904,0,762.990966796875,1409.4134521484375,25.125,0.0,67.1759033203125,0.0,1
905,0,730.1173095703125,1436.0703125,25.125,0.0,67.1759033203125,0.0,1
906,0,713.7720336914062,1472.94091796875,25.125,0.0,84.0728759765625,0.0,1
907,0,708.0732421875,1513.4913330078125,25.125,0.0,100.9698486328125,0.0,1
908,0,701.5372924804688,1554.5986328125,25.125,0.0,100.9698486328125,0.0,1
909,0,674.1107177734375,1576.4053955078125,25.125,0.0,100.9698486328125,0.0,1
910,0,631.0640869140625,1580.43603515625,25.125,0.0,100.9698486328125,0.0,1
911,0,590.1685180664062,1577.8516845703125,25.125,0.0,100.9698486328125,0.0,1
912,0,555.79833984375,1597.6973876953125,25.125,0.0,117.8668212890625,0.0,1
913,0,528.415283203125,1628.1531982421875,25.125,0.0,134.7637939453125,0.0,1
914,0,516.1255493164062,1658.3515625,25.125,0.0,151.6607666015625,0.0,1
915,0,516.1259155273438,1687.06591796875,25.125,0.0,168.55224609375,0.0,1
916,0,516.1256103515625,1705.3232421875,25.125,0.0,-174.55078125,0.0,1
917,0,516.1258544921875,1707.2506103515625,25.125,0.0,-157.65380859375,0.0,1
918,0,516.12548828125,1694.4547119140625,25.125,0.0,-140.7568359375,0.0,1
919,0,531.03466796875,1662.3798828125,25.125,0.0,-140.7568359375,0.0,1
920,0,525.0370483398438,1627.01611328125,25.125,0.0,-157.65380859375,0.0,1
921,0,518.2723388671875,1583.8621826171875,25.125,0.0,-157.65380859375,0.0,1
922,0,524.5874633789062,1542.5185546875,25.125,0.0,-157.65380859375,0.0,1
923,0,510.8909912109375,1505.1417236328125,25.125,0.0,-140.7568359375,0.0,1
924,0,486.459228515625,1472.2493896484375,25.125,0.0,-123.85986328125,0.0,1
925,0,463.9251708984375,1437.8382568359375,25.125,0.0,-106.962890625,0.0,1
926,0,447.81634521484375,1398.080322265625,25.125,0.0,-90.0714111328125,0.0,1
927,0,463.6043701171875,1371.5382080078125,25.125,0.0,-90.0714111328125,0.0,1
928,0,504.33154296875,1359.576171875,25.125,0.0,-90.0714111328125,0.0,1
929,0,533.7681884765625,1332.0760498046875,25.125,0.0,-73.1744384765625,0.0,1
930,0,572.4749755859375,1315.6602783203125,25.125,0.0,-73.1744384765625,0.0,1
931,0,583.8741455078125,1316.733642578125,25.125,0.0,-73.1744384765625,0.0,1
932,0,583.8746337890625,1298.626220703125,25.125,0.0,-56.2774658203125,0.0,1
933,0,583.874267578125,1259.986572265625,25.125,0.0,-39.3804931640625,0.0,1
934,0,583.8744506835938,1222.1907958984375,25.125,0.0,-22.4835205078125,0.0,1
935,0,583.8746337890625,1221.0950927734375,25.125,0.0,-22.4835205078125,0.0,1
936,0,583.8746337890625,1255.3131103515625,25.125,0.0,-22.4835205078125,0.0,1
937,0,583.8740844726562,1277.4207763671875,25.125,0.0,-5.592041015625,0.0,1
938,0,583.8749389648438,1307.7232666015625,25.125,0.0,-5.592041015625,0.0,1
939,0,583.8743896484375,1335.0838623046875,25.125,0.0,11.304931640625,0.0,1
940,0,583.8742065429688,1357.1097412109375,25.125,0.0,28.201904296875,0.0,1
941,0,583.8745727539062,1386.11865234375,25.125,0.0,45.098876953125,0.0,1
942,0,584.9929809570312,1427.490234375,25.125,0.0,61.995849609375,0.0,1
943,0,594.4724731445312,1467.39111328125,25.125,0.0,61.995849609375,0.0,1
944,0,607.75439453125,1506.947998046875,25.125,0.0,78.892822265625,0.0,1
945,0,592.6426391601562,1536.9781494140625,25.125,0.0,78.892822265625,0.0,1
946,0,554.4022216796875,1556.8033447265625,25.125,0.0,78.892822265625,0.0,1
947,0,515.5227661132812,1569.7227783203125,25.125,0.0,78.892822265625,0.0,1
948,0,491.3736267089844,1583.8743896484375,25.125,0.0,95.7843017578125,0.0,1
949,0,474.35003662109375,1583.8741455078125,25.125,0.0,112.6812744140625,0.0,1
950,0,450.6753845214844,1583.87451171875,25.125,0.0,129.5782470703125,0.0,1
951,0,413.9308776855469,1583.87451171875,25.125,0.0,146.4752197265625,0.0,1
952,0,371.5149230957031,1584.205322265625,25.125,0.0,163.3721923828125,0.0,1
953,0,329.85406494140625,1587.611328125,25.125,0.0,-179.736328125,0.0,1
954,0,316.1258850097656,1587.290771484375,25.125,0.0,-162.83935546875,0.0,1
955,0,323.2543029785156,1563.114501953125,25.125,0.0,-162.83935546875,0.0,1
956,0,316.1257629394531,1529.3153076171875,25.125,0.0,-145.9423828125,0.0,1
957,0,316.1253967285156,1491.6417236328125,25.125,0.0,-129.04541015625,0.0,1
958,0,332.8634948730469,1450.5733642578125,25.125,0.0,-129.04541015625,0.0,1
959,0,358.593994140625,1417.7818603515625,25.125,0.0,-129.04541015625,0.0,1
960,0,364.3644104003906,1377.6737060546875,25.125,0.0,-112.1484375,0.0,1
961,0,383.1127014160156,1341.226318359375,25.125,0.0,-112.1484375,0.0,1
962,0,416.1997375488281,1314.7161865234375,25.125,0.0,-112.1484375,0.0,1
963,0,451.8146667480469,1294.4166259765625,25.125,0.0,-112.1484375,0.0,1
964,0,488.5675354003906,1276.9127197265625,25.125,0.0,-112.1484375,0.0,1
965,0,526.67236328125,1260.1839599609375,25.125,0.0,-112.1484375,0.0,1
966,0,545.1227416992188,1227.3162841796875,25.125,0.0,-95.25146484375,0.0,1
967,0,551.9440307617188,1185.9022216796875,25.125,0.0,-78.3599853515625,0.0,1
968,0,560.8580322265625,1145.7684326171875,25.125,0.0,-61.4630126953125,0.0,1
969,0,573.7150268554688,1106.0399169921875,25.125,0.0,-78.3599853515625,0.0,1
970,0,582.6649780273438,1065.71630859375,25.125,0.0,-95.25146484375,0.0,1
971,0,583.0347290039062,1023.67529296875,25.125,0.0,-112.1484375,0.0,1
972,0,572.626220703125,982.4722900390625,25.125,0.0,-129.04541015625,0.0,1
973,0,580.548583984375,941.827392578125,25.125,0.0,-129.04541015625,0.0,1
974,0,605.2080078125,906.1914672851562,25.125,0.0,-129.04541015625,0.0,1
975,0,633.4551391601562,876.5028076171875,25.125,0.0,-129.04541015625,0.0,1
976,0,664.2692260742188,848.455078125,25.125,0.0,-129.04541015625,0.0,1
977,0,667.2969360351562,814.9014282226562,25.125,0.0,-145.9423828125,0.0,1
978,0,670.3143920898438,772.1987915039062,25.125,0.0,-145.9423828125,0.0,1
979,0,656.6031494140625,734.5117797851562,25.125,0.0,-162.83935546875,0.0,1
980,0,624.6854248046875,706.766845703125,25.125,0.0,-145.9423828125,0.0,1
981,0,616.7477416992188,670.9905395507812,25.125,0.0,-145.9423828125,0.0,1
982,0,629.5865478515625,630.615234375,25.125,0.0,-145.9423828125,0.0,1
983,0,622.6017456054688,590.0256958007812,25.125,0.0,-129.04541015625,0.0,1
984,0,630.032958984375,549.82421875,25.125,0.0,-129.04541015625,0.0,1
985,0,654.6918334960938,514.1876220703125,25.125,0.0,-129.04541015625,0.0,1
986,0,682.9072265625,484.4598693847656,25.125,0.0,-129.04541015625,0.0,1
987,0,689.6729125976562,445.365234375,25.125,0.0,-112.1484375,0.0,1
988,0,708.609619140625,408.9231872558594,25.125,0.0,-112.1484375,0.0,1
989,0,741.7443237304688,382.5303039550781,25.125,0.0,-112.1484375,0.0,1
990,0,755.5596923828125,345.92236328125,25.125,0.0,-112.1484375,0.0,1
991,0,753.318603515625,304.4992980957031,25.125,0.0,-95.25146484375,0.0,1
992,0,751.664794921875,262.626220703125,25.125,0.0,-78.3599853515625,0.0,1
993,0,757.1962890625,221.26564025878906,25.125,0.0,-61.4630126953125,0.0,1
994,0,783.873779296875,205.78416442871094,25.125,0.0,-61.4630126953125,0.0,1
995,0,783.8742065429688,215.27381896972656,25.125,0.0,-61.4630126953125,0.0,1
996,0,797.6279296875,216.12564086914062,25.125,0.0,-44.5660400390625,0.0,1
997,0,828.78857421875,232.3167724609375,25.125,0.0,-44.5660400390625,0.0,1
998,0,860.8270263671875,257.8032531738281,25.125,0.0,-44.5660400390625,0.0,1
999,0,899.2946166992188,261.1089782714844,25.125,0.0,-27.6690673828125,0.0,1
1000,0,939.1279296875,251.527587890625,25.125,0.0,-10.7720947265625,0.0,1
1001,0,969.8728637695312,269.03765869140625,25.125,0.0,-10.7720947265625,0.0,1
1002,0,1006.7061767578125,288.9869384765625,25.125,0.0,6.1248779296875,0.0,1
1003,0,1046.558349609375,301.5482482910156,25.125,0.0,23.016357421875,0.0,1
1004,0,1062.82275390625,331.3591613769531,25.125,0.0,23.016357421875,0.0,1
1005,0,1083.4454345703125,368.6406555175781,25.125,0.0,39.913330078125,0.0,1
1006,0,1109.16796875,400.3050231933594,25.125,0.0,56.810302734375,0.0,1
1007,0,1106.1087646484375,434.0341796875,25.125,0.0,56.810302734375,0.0,1
1008,0,1102.6063232421875,476.4918518066406,25.125,0.0,73.707275390625,0.0,1
1009,0,1106.364990234375,516.1427001953125,25.125,0.0,90.604248046875,0.0,1
1010,0,1106.5052490234375,558.40576171875,25.125,0.0,107.4957275390625,0.0,1
1011,0,1100.10888671875,583.8741455078125,25.125,0.0,107.4957275390625,0.0,1
1012,0,1071.4532470703125,576.5512084960938,25.125,0.0,107.4957275390625,0.0,1
1013,0,1036.002685546875,583.874267578125,25.125,0.0,124.3927001953125,0.0,1
1014,0,996.6438598632812,572.5646362304688,25.125,0.0,124.3927001953125,0.0,1
1015,0,958.9774780273438,553.9437866210938,25.125,0.0,124.3927001953125,0.0,1
1016,0,923.953369140625,533.1625366210938,25.125,0.0,124.3927001953125,0.0,1
1017,0,885.097412109375,536.9005126953125,25.125,0.0,141.2896728515625,0.0,1
1018,0,845.6380615234375,529.5723876953125,25.125,0.0,141.2896728515625,0.0,1
1019,0,801.1837158203125,527.6224975585938,25.125,0.0,158.1866455078125,0.0,1
1020,0,760.820556640625,534.0673828125,25.125,0.0,175.0836181640625,0.0,1
1021,0,732.0183715820312,513.9473876953125,25.125,0.0,175.0836181640625,0.0,1
1022,0,697.4251098632812,490.3844299316406,25.125,0.0,-168.0194091796875,0.0,1
1023,0,660.0130615234375,474.04541015625,25.125,0.0,-151.1279296875,0.0,1
1024,0,647.1287841796875,441.62060546875,25.125,0.0,-151.1279296875,0.0,1
1025,0,631.2958374023438,402.9750061035156,25.125,0.0,-134.23095703125,0.0,1
1026,0,608.66357421875,367.85614013671875,25.125,0.0,-117.333984375,0.0,1
1027,0,614.6211547851562,335.29180908203125,25.125,0.0,-117.333984375,0.0,1
1028,0,645.6676025390625,305.3820495605469,25.125,0.0,-117.333984375,0.0,1
1029,0,659.0733032226562,267.27874755859375,25.125,0.0,-100.43701171875,0.0,1
1030,0,661.6513061523438,225.44482421875,25.125,0.0,-83.5400390625,0.0,1
1031,0,666.821533203125,184.64004516601562,25.125,0.0,-66.64306640625,0.0,1
1032,0,679.9254150390625,144.8318634033203,25.125,0.0,-49.7515869140625,0.0,1
1033,0,710.025634765625,134.98960876464844,25.125,0.0,-49.7515869140625,0.0,1
1034,0,749.40234375,125.36833190917969,25.125,0.0,-32.8546142578125,0.0,1
1035,0,783.8696899414062,116.12500762939453,25.125,0.0,-15.9576416015625,0.0,1
1036,0,783.8740844726562,116.1401596069336,25.125,0.0,0.9393310546875,0.0,1
1037,0,783.8741455078125,117.55842590332031,25.125,0.0,17.8363037109375,0.0,1
1038,0,776.7898559570312,140.97239685058594,25.125,0.0,17.8363037109375,0.0,1
1039,0,783.87451171875,174.6508331298828,25.125,0.0,34.727783203125,0.0,1
1040,0,771.83544921875,214.3845977783203,25.125,0.0,34.727783203125,0.0,1
1041,0,777.9857788085938,254.37872314453125,25.125,0.0,51.624755859375,0.0,1
1042,0,795.334228515625,292.53765869140625,25.125,0.0,68.521728515625,0.0,1
1043,0,809.949462890625,330.98284912109375,25.125,0.0,85.418701171875,0.0,1
1044,0,793.6766967773438,359.26116943359375,25.125,0.0,85.418701171875,0.0,1
1045,0,771.7068481445312,393.7108459472656,25.125,0.0,102.315673828125,0.0,1
1046,0,737.7591552734375,413.450439453125,25.125,0.0,102.315673828125,0.0,1
1047,0,702.5803833007812,438.8561706542969,25.125,0.0,119.212646484375,0.0,1
1048,0,662.7990112304688,446.9620056152344,25.125,0.0,119.212646484375,0.0,1
1049,0,620.5878295898438,437.2141418457031,25.125,0.0,119.212646484375,0.0,1
1050,0,582.5484619140625,421.97247314453125,25.125,0.0,119.212646484375,0.0,1
1051,0,545.0587158203125,403.7809753417969,25.125,0.0,119.212646484375,0.0,1
1052,0,509.0722961425781,384.8678283691406,25.125,0.0,119.212646484375,0.0,1
1053,0,472.5404052734375,364.96331787109375,25.125,0.0,119.212646484375,0.0,1
1054,0,440.5101623535156,374.0240173339844,25.125,0.0,102.315673828125,0.0,1
1055,0,400.8297424316406,386.739990234375,25.125,0.0,102.315673828125,0.0,1
1056,0,365.7787780761719,410.49993896484375,25.125,0.0,119.212646484375,0.0,1
1057,0,325.8770446777344,418.595947265625,25.125,0.0,119.212646484375,0.0,1
1058,0,283.98016357421875,433.3058776855469,25.125,0.0,136.1041259765625,0.0,1
1059,0,249.0004119873047,454.4563903808594,25.125,0.0,153.0010986328125,0.0,1
1060,0,216.12969970703125,473.6005554199219,25.125,0.0,169.8980712890625,0.0,1
1061,0,216.1251678466797,460.5320739746094,25.125,0.0,169.8980712890625,0.0,1
1062,0,216.12510681152344,420.13665771484375,25.125,0.0,169.8980712890625,0.0,1
1063,0,216.12591552734375,394.2359313964844,25.125,0.0,-173.2049560546875,0.0,1
1064,0,218.78329467773438,359.64312744140625,25.125,0.0,-173.2049560546875,0.0,1
1065,0,198.90435791015625,327.53778076171875,25.125,0.0,-156.3079833984375,0.0,1
1066,0,166.76841735839844,302.0499267578125,25.125,0.0,-139.4110107421875,0.0,1
1067,0,135.25799560546875,274.1643371582031,25.125,0.0,-122.51953125,0.0,1
1068,0,135.98171997070312,242.21141052246094,25.125,0.0,-122.51953125,0.0,1
1069,0,132.50021362304688,201.50550842285156,25.125,0.0,-139.4110107421875,0.0,1
1070,0,135.42471313476562,157.33941650390625,25.125,0.0,-139.4110107421875,0.0,1
1071,0,129.33306884765625,116.1278076171875,25.125,0.0,-122.51953125,0.0,1
1072,0,116.12570190429688,116.125,25.125,0.0,-139.4110107421875,0.0,1
1073,0,116.12533569335938,116.125,25.125,0.0,-122.51953125,0.0,1
1074,0,135.38172912597656,116.12549591064453,25.125,0.0,-122.51953125,0.0,1
1075,0,175.3970489501953,116.12533569335938,25.125,0.0,-122.51953125,0.0,1
1076,0,194.99937438964844,116.12589263916016,25.125,0.0,-105.62255859375,0.0,1
1077,0,194.9935302734375,116.12562561035156,25.125,0.0,-88.7255859375,0.0,1
1078,0,218.98512268066406,116.68577575683594,25.125,0.0,-88.7255859375,0.0,1
1079,0,259.5593566894531,117.58296966552734,25.125,0.0,-88.7255859375,0.0,1
1080,0,290.2943420410156,116.1258773803711,25.125,0.0,-71.82861328125,0.0,1
1081,0,327.31982421875,122.76103973388672,25.125,0.0,-71.82861328125,0.0,1
1082,0,357.6428527832031,116.12562561035156,25.125,0.0,-88.7255859375,0.0,1
1083,0,395.1607971191406,116.61866760253906,25.125,0.0,-88.7255859375,0.0,1
1084,0,434.8362121582031,117.26322937011719,25.125,0.0,-88.7255859375,0.0,1
1085,0,465.54840087890625,116.1258773803711,25.125,0.0,-71.82861328125,0.0,1
1086,0,492.4704284667969,116.1257553100586,25.125,0.0,-54.931640625,0.0,1
1087,0,530.1210327148438,128.80087280273438,25.125,0.0,-54.931640625,0.0,1
1088,0,569.8289184570312,123.33250427246094,25.125,0.0,-38.0401611328125,0.0,1
1089,0,610.0048828125,131.65028381347656,25.125,0.0,-38.0401611328125,0.0,1
1090,0,654.289306640625,134.23153686523438,25.125,0.0,-21.1431884765625,0.0,1
1091,0,690.0692749023438,153.13502502441406,25.125,0.0,-21.1431884765625,0.0,1
1092,0,731.64990234375,168.58743286132812,25.125,0.0,-4.2462158203125,0.0,1
1093,0,759.9921875,196.09475708007812,25.125,0.0,-4.2462158203125,0.0,1
1094,0,795.5297241210938,222.9307861328125,25.125,0.0,12.6507568359375,0.0,1
1095,0,814.8718872070312,258.5038757324219,25.125,0.0,12.6507568359375,0.0,1
1096,0,817.5948486328125,301.7501220703125,25.125,0.0,12.6507568359375,0.0,1
1097,0,813.75244140625,342.538818359375,25.125,0.0,12.6507568359375,0.0,1
1098,0,831.8324584960938,376.7183837890625,25.125,0.0,29.5477294921875,0.0,1
1099,0,862.1607666015625,405.6951904296875,25.125,0.0,46.4447021484375,0.0,1
1100,0,890.2369384765625,435.7657165527344,25.125,0.0,63.336181640625,0.0,1
1101,0,912.8663940429688,472.2311706542969,25.125,0.0,80.233154296875,0.0,1
1102,0,925.4014282226562,511.7276306152344,25.125,0.0,97.130126953125,0.0,1
1103,0,906.5038452148438,536.5175170898438,25.125,0.0,97.130126953125,0.0,1
1104,0,865.6159057617188,543.098388671875,25.125,0.0,97.130126953125,0.0,1
1105,0,823.6859741210938,543.1441650390625,25.125,0.0,97.130126953125,0.0,1
1106,0,791.2713012695312,564.3134155273438,25.125,0.0,114.027099609375,0.0,1
1107,0,765.7418212890625,596.3876342773438,25.125,0.0,130.924072265625,0.0,1
1108,0,730.6627197265625,601.6220703125,25.125,0.0,130.924072265625,0.0,1
1109,0,692.3582153320312,583.8807983398438,25.125,0.0,130.924072265625,0.0,1
1110,0,657.4611206054688,560.627197265625,25.125,0.0,130.924072265625,0.0,1
1111,0,618.7247924804688,560.2910766601562,25.125,0.0,147.8155517578125,0.0,1
1112,0,579.67041015625,572.7195434570312,25.125,0.0,164.7125244140625,0.0,1
1113,0,539.8310546875,582.861572265625,25.125,0.0,-178.3905029296875,0.0,1
1114,0,516.1256103515625,584.91943359375,25.125,0.0,-161.4935302734375,0.0,1
1115,0,523.8126831054688,561.0390625,25.125,0.0,-161.4935302734375,0.0,1
1116,0,510.68316650390625,527.1861572265625,25.125,0.0,-144.5965576171875,0.0,1
1117,0,483.2357177734375,495.51971435546875,25.125,0.0,-127.6995849609375,0.0,1
1118,0,458.32391357421875,462.7619323730469,25.125,0.0,-110.80810546875,0.0,1
1119,0,465.9932861328125,431.08544921875,25.125,0.0,-110.80810546875,0.0,1
1120,0,499.3373107910156,405.8909912109375,25.125,0.0,-110.80810546875,0.0,1
1121,0,517.0490112304688,369.712158203125,25.125,0.0,-93.9111328125,0.0,1
1122,0,524.3463745117188,329.4089050292969,25.125,0.0,-77.01416015625,0.0,1
1123,0,534.0997314453125,289.4639892578125,25.125,0.0,-60.1171875,0.0,1
1124,0,563.733642578125,275.4177551269531,25.125,0.0,-60.1171875,0.0,1
1125,0,604.353759765625,285.34112548828125,25.125,0.0,-60.1171875,0.0,1
1126,0,643.0694580078125,301.4615173339844,25.125,0.0,-60.1171875,0.0,1
1127,0,679.4490966796875,319.72064208984375,25.125,0.0,-60.1171875,0.0,1
1128,0,717.8483276367188,313.03485107421875,25.125,0.0,-43.22021484375,0.0,1
1129,0,753.7195434570312,293.2428894042969,25.125,0.0,-26.3232421875,0.0,1
1130,0,787.4397583007812,301.3419189453125,25.125,0.0,-26.3232421875,0.0,1
1131,0,816.0993041992188,332.3116149902344,25.125,0.0,-26.3232421875,0.0,1
1132,0,838.8707885742188,366.38739013671875,25.125,0.0,-26.3232421875,0.0,1
1133,0,859.5059204101562,402.5911560058594,25.125,0.0,-26.3232421875,0.0,1
1134,0,878.4462890625,438.5623779296875,25.125,0.0,-26.3232421875,0.0,1
1135,0,897.5050048828125,475.5460205078125,25.125,0.0,-26.3232421875,0.0,1
1136,0,931.6158447265625,491.67633056640625,25.125,0.0,-9.4317626953125,0.0,1
1137,0,963.5304565429688,519.6006469726562,25.125,0.0,-9.4317626953125,0.0,1
1138,0,981.6257934570312,557.7916259765625,25.125,0.0,-9.4317626953125,0.0,1
1139,0,1013.591064453125,582.1590576171875,25.125,0.0,7.4652099609375,0.0,1
1140,0,1035.945556640625,583.8740844726562,25.125,0.0,7.4652099609375,0.0,1
1141,0,1039.937744140625,583.8743896484375,25.125,0.0,7.4652099609375,0.0,1
1142,0,1039.0535888671875,583.8740844726562,25.125,0.0,7.4652099609375,0.0,1
1143,0,1061.0472412109375,583.874755859375,25.125,0.0,24.3621826171875,0.0,1
1144,0,1104.89013671875,583.8743896484375,25.125,0.0,41.2591552734375,0.0,1
1145,0,1119.567138671875,583.8743286132812,25.125,0.0,41.2591552734375,0.0,1
1146,0,1101.417236328125,583.8743286132812,25.125,0.0,41.2591552734375,0.0,1
1147,0,1068.8616943359375,583.8743286132812,25.125,0.0,41.2591552734375,0.0,1
1148,0,1060.76953125,583.8744506835938,25.125,0.0,58.1561279296875,0.0,1
1149,0,1045.403076171875,583.87451171875,25.125,0.0,58.1561279296875,0.0,1
1150,0,1037.189208984375,583.8743896484375,25.125,0.0,75.047607421875,0.0,1
1151,0,1038.1666259765625,583.8740844726562,25.125,0.0,91.944580078125,0.0,1
1152,0,1015.2941284179688,583.0817260742188,25.125,0.0,91.944580078125,0.0,1
1153,0,973.8042602539062,581.6543579101562,25.125,0.0,91.944580078125,0.0,1
1154,0,943.4461059570312,603.6132202148438,25.125,0.0,108.841552734375,0.0,1
1155,0,920.101318359375,638.5153198242188,25.125,0.0,125.738525390625,0.0,1
1156,0,916.125732421875,646.8926391601562,25.125,0.0,125.738525390625,0.0,1
1157,0,916.12548828125,659.2899169921875,25.125,0.0,142.635498046875,0.0,1
1158,0,916.1258544921875,686.1212158203125,25.125,0.0,159.532470703125,0.0,1
1159,0,916.125244140625,682.2531127929688,25.125,0.0,159.532470703125,0.0,1
1160,0,916.125244140625,645.2120971679688,25.125,0.0,159.532470703125,0.0,1
1161,0,916.1259155273438,622.3995361328125,25.125,0.0,176.4239501953125,0.0,1
1162,0,916.1259155273438,613.142333984375,25.125,0.0,-166.6790771484375,0.0,1
1163,0,916.1257934570312,600.3016967773438,25.125,0.0,-149.7821044921875,0.0,1
1164,0,927.6009521484375,568.8142700195312,25.125,0.0,-149.7821044921875,0.0,1
1165,0,919.938232421875,529.7163696289062,25.125,0.0,-132.8851318359375,0.0,1
1166,0,924.7808227539062,488.8369445800781,25.125,0.0,-132.8851318359375,0.0,1
1167,0,946.9712524414062,451.6003112792969,25.125,0.0,-132.8851318359375,0.0,1
1168,0,950.0241088867188,412.3655700683594,25.125,0.0,-115.9881591796875,0.0,1
1169,0,941.4777221679688,371.29779052734375,25.125,0.0,-99.0911865234375,0.0,1
1170,0,935.5208740234375,330.6014709472656,25.125,0.0,-82.19970703125,0.0,1
1171,0,937.6620483398438,287.7767639160156,25.125,0.0,-65.302734375,0.0,1
1172,0,950.2557373046875,247.31298828125,25.125,0.0,-48.40576171875,0.0,1
1173,0,973.3993530273438,211.51205444335938,25.125,0.0,-31.5087890625,0.0,1
1174,0,1004.4490966796875,210.51634216308594,25.125,0.0,-31.5087890625,0.0,1
1175,0,1044.6551513671875,213.26097106933594,25.125,0.0,-14.61181640625,0.0,1
1176,0,1083.8726806640625,209.62506103515625,25.125,0.0,2.2796630859375,0.0,1
1177,0,1082.9940185546875,230.21505737304688,25.125,0.0,2.2796630859375,0.0,1
1178,0,1081.330078125,271.5136413574219,25.125,0.0,2.2796630859375,0.0,1
1179,0,1083.8741455078125,302.12353515625,25.125,0.0,19.1766357421875,0.0,1
1180,0,1076.678955078125,340.39837646484375,25.125,0.0,19.1766357421875,0.0,1
1181,0,1090.817626953125,376.6001892089844,25.125,0.0,36.0736083984375,0.0,1
1182,0,1116.8787841796875,408.2434997558594,25.125,0.0,52.9705810546875,0.0,1
1183,0,1114.6771240234375,443.60931396484375,25.125,0.0,52.9705810546875,0.0,1
1184,0,1112.961181640625,485.5737609863281,25.125,0.0,69.8675537109375,0.0,1
1185,0,1119.18798828125,526.8978881835938,25.125,0.0,86.7645263671875,0.0,1
1186,0,1121.790771484375,568.06298828125,25.125,0.0,103.656005859375,0.0,1
1187,0,1115.3143310546875,583.8742065429688,25.125,0.0,120.552978515625,0.0,1
1188,0,1087.2867431640625,572.0286254882812,25.125,0.0,120.552978515625,0.0,1
1189,0,1051.356689453125,552.9495239257812,25.125,0.0,120.552978515625,0.0,1
1190,0,1012.9834594726562,559.0226440429688,25.125,0.0,137.449951171875,0.0,1
1191,0,976.9205932617188,578.4759521484375,25.125,0.0,154.346923828125,0.0,1
1192,0,942.6968383789062,569.3743286132812,25.125,0.0,154.346923828125,0.0,1
1193,0,914.5953369140625,537.911865234375,25.125,0.0,154.346923828125,0.0,1
1194,0,891.7357177734375,502.7416076660156,25.125,0.0,154.346923828125,0.0,1
1195,0,856.3181762695312,486.9866638183594,25.125,0.0,171.243896484375,0.0,1
1196,0,825.2837524414062,459.8554992675781,25.125,0.0,171.243896484375,0.0,1
1197,0,807.3865966796875,421.4928283691406,25.125,0.0,171.243896484375,0.0,1
1198,0,775.57568359375,396.70062255859375,25.125,0.0,-171.859130859375,0.0,1
1199,0,736.7354125976562,380.9303283691406,25.125,0.0,-154.9676513671875,0.0,1
1200,0,699.6771240234375,363.0978698730469,25.125,0.0,-138.0706787109375,0.0,1
1201,0,665.3699340820312,337.35650634765625,25.125,0.0,-121.1737060546875,0.0,1
1202,0,665.2174072265625,306.37298583984375,25.125,0.0,-121.1737060546875,0.0,1
1203,0,693.8077392578125,274.9505310058594,25.125,0.0,-121.1737060546875,0.0,1
1204,0,704.686279296875,236.14407348632812,25.125,0.0,-104.2767333984375,0.0,1
1205,0,728.5228881835938,202.69232177734375,25.125,0.0,-104.2767333984375,0.0,1
1206,0,764.9827880859375,181.1754608154297,25.125,0.0,-104.2767333984375,0.0,1
1207,0,783.8743896484375,165.3017120361328,25.125,0.0,-104.2767333984375,0.0,1
1208,0,780.9649047851562,131.330322265625,25.125,0.0,-87.3797607421875,0.0,1
1209,0,781.8928833007812,116.1255874633789,25.125,0.0,-70.48828125,0.0,1
1210,0,783.8744506835938,116.125,25.125,0.0,-53.59130859375,0.0,1
1211,0,783.8744506835938,116.125,25.125,0.0,-53.59130859375,0.0,1
1212,0,783.874267578125,116.125,25.125,0.0,-36.6943359375,0.0,1
1213,0,783.8744506835938,134.0143280029297,25.125,0.0,-36.6943359375,0.0,1
1214,0,783.8746337890625,171.8241729736328,25.125,0.0,-36.6943359375,0.0,1
1215,0,783.87451171875,218.43882751464844,25.125,0.0,-36.6943359375,0.0,1
1216,0,804.2831420898438,238.36917114257812,25.125,0.0,-19.79736328125,0.0,1
1217,0,834.3936767578125,264.0155944824219,25.125,0.0,-19.79736328125,0.0,1
1218,0,872.5347900390625,281.28961181640625,25.125,0.0,-2.900390625,0.0,1
1219,0,913.7102661132812,289.02252197265625,25.125,0.0,13.99658203125,0.0,1
1220,0,934.1915893554688,316.6215515136719,25.125,0.0,13.99658203125,0.0,1
1221,0,935.8460083007812,359.73480224609375,25.125,0.0,13.99658203125,0.0,1
1222,0,931.0040893554688,400.4113464355469,25.125,0.0,13.99658203125,0.0,1
1223,0,923.3622436523438,440.3899841308594,25.125,0.0,13.99658203125,0.0,1
1224,0,939.5087280273438,474.82177734375,25.125,0.0,30.8880615234375,0.0,1
1225,0,968.1934814453125,504.134521484375,25.125,0.0,47.7850341796875,0.0,1
1226,0,969.12451171875,539.6484375,25.125,0.0,47.7850341796875,0.0,1
1227,0,946.9820556640625,575.5759887695312,25.125,0.0,47.7850341796875,0.0,1
1228,0,919.7374267578125,607.4578247070312,25.125,0.0,47.7850341796875,0.0,1
1229,0,923.2271728515625,644.7976684570312,25.125,0.0,64.6820068359375,0.0,1
1230,0,935.8463134765625,684.5684814453125,25.125,0.0,81.5789794921875,0.0,1
1231,0,920.0093383789062,713.8443603515625,25.125,0.0,81.5789794921875,0.0,1
1232,0,881.885009765625,731.5496826171875,25.125,0.0,81.5789794921875,0.0,1
1233,0,841.5265502929688,742.9982299804688,25.125,0.0,81.5789794921875,0.0,1
1234,0,816.3200073242188,771.1653442382812,25.125,0.0,98.4759521484375,0.0,1
1235,0,799.8197021484375,809.7662353515625,25.125,0.0,115.367431640625,0.0,1
1236,0,781.5521240234375,846.5888671875,25.125,0.0,132.264404296875,0.0,1
1237,0,755.5286254882812,880.6510620117188,25.125,0.0,149.161376953125,0.0,1
1238,0,724.5575561523438,880.6808471679688,25.125,0.0,149.161376953125,0.0,1
1239,0,684.271240234375,877.4976196289062,25.125,0.0,166.058349609375,0.0,1
1240,0,651.0311279296875,855.523193359375,25.125,0.0,166.058349609375,0.0,1
1241,0,629.8782348632812,818.9007568359375,25.125,0.0,166.058349609375,0.0,1
1242,0,595.6143188476562,802.8854370117188,25.125,0.0,149.161376953125,0.0,1
1243,0,557.8510131835938,784.3206176757812,25.125,0.0,149.161376953125,0.0,1
1244,0,514.8287963867188,775.6508178710938,25.125,0.0,166.058349609375,0.0,1
1245,0,481.66925048828125,752.37646484375,25.125,0.0,166.058349609375,0.0,1
1246,0,440.7596435546875,738.021484375,25.125,0.0,149.161376953125,0.0,1
1247,0,399.4154052734375,719.7217407226562,25.125,0.0,149.161376953125,0.0,1
1248,0,365.4411926269531,716.1255493164062,25.125,0.0,149.161376953125,0.0,1
1249,0,330.4150695800781,716.1257934570312,25.125,0.0,149.161376953125,0.0,1
1250,0,316.1253356933594,716.125,25.125,0.0,149.161376953125,0.0,1
1251,0,316.12548828125,716.125,25.125,0.0,149.161376953125,0.0,1
1252,0,316.1253356933594,716.125,25.125,0.0,149.161376953125,0.0,1
1253,0,316.1258850097656,724.0264282226562,25.125,0.0,166.058349609375,0.0,1
1254,0,316.12579345703125,739.3095092773438,25.125,0.0,149.161376953125,0.0,1
1255,0,316.1256103515625,767.6365966796875,25.125,0.0,132.264404296875,0.0,1
1256,0,316.12567138671875,773.7495727539062,25.125,0.0,132.264404296875,0.0,1
1257,0,316.1254577636719,751.8663940429688,25.125,0.0,132.264404296875,0.0,1
1258,0,316.1256408691406,716.125244140625,25.125,0.0,132.264404296875,0.0,1
1259,0,316.12554931640625,730.4618530273438,25.125,0.0,149.161376953125,0.0,1
1260,0,316.1258850097656,754.529296875,25.125,0.0,166.058349609375,0.0,1
1261,0,316.1252136230469,747.002197265625,25.125,0.0,166.058349609375,0.0,1
1262,0,316.125,716.1259155273438,25.125,0.0,166.058349609375,0.0,1
1263,0,316.12591552734375,716.6112060546875,25.125,0.0,-177.044677734375,0.0,1
1264,0,316.1255798339844,716.125,25.125,0.0,-160.147705078125,0.0,1
1265,0,321.9736633300781,716.1258544921875,25.125,0.0,-160.147705078125,0.0,1
1266,0,316.12548828125,716.125,25.125,0.0,-143.2562255859375,0.0,1
1267,0,316.12554931640625,716.125,25.125,0.0,-126.3592529296875,0.0,1
1268,0,316.12548828125,716.125,25.125,0.0,-143.2562255859375,0.0,1
1269,0,329.62640380859375,716.125732421875,25.125,0.0,-143.2562255859375,0.0,1
1270,0,324.7709655761719,716.1255493164062,25.125,0.0,-143.2562255859375,0.0,1
1271,0,316.12554931640625,716.125,25.125,0.0,-126.3592529296875,0.0,1
1272,0,316.12530517578125,716.125,25.125,0.0,-109.4622802734375,0.0,1
1273,0,337.7361145019531,716.1251831054688,25.125,0.0,-109.4622802734375,0.0,1
1274,0,355.6055908203125,716.1259155273438,25.125,0.0,-92.5653076171875,0.0,1
1275,0,361.56561279296875,716.1256103515625,25.125,0.0,-75.6683349609375,0.0,1
1276,0,388.3622741699219,722.1348876953125,25.125,0.0,-75.6683349609375,0.0,1
1277,0,422.49822998046875,716.1255493164062,25.125,0.0,-58.7713623046875,0.0,1
1278,0,462.31005859375,726.9298706054688,25.125,0.0,-58.7713623046875,0.0,1
1279,0,501.6901550292969,718.889892578125,25.125,0.0,-41.8798828125,0.0,1
1280,0,541.639892578125,711.55224609375,25.125,0.0,-24.98291015625,0.0,1
1281,0,581.1065673828125,701.2822265625,25.125,0.0,-8.0859375,0.0,1
1282,0,621.8928833007812,694.6950073242188,25.125,0.0,8.81103515625,0.0,1
1283,0,645.6668090820312,716.61572265625,25.125,0.0,8.81103515625,0.0,1
1284,0,651.0091552734375,758.0084228515625,25.125,0.0,8.81103515625,0.0,1
1285,0,649.75927734375,799.9114990234375,25.125,0.0,8.81103515625,0.0,1
1286,0,670.04150390625,832.8707885742188,25.125,0.0,25.7080078125,0.0,1
1287,0,680.1689453125,873.9091186523438,25.125,0.0,25.7080078125,0.0,1
1288,0,696.6177978515625,914.005859375,25.125,0.0,42.5994873046875,0.0,1
1289,0,695.3057250976562,954.5532836914062,25.125,0.0,42.5994873046875,0.0,1
1290,0,676.5451049804688,992.5120849609375,25.125,0.0,42.5994873046875,0.0,1
1291,0,677.0598754882812,1032.8116455078125,25.125,0.0,59.4964599609375,0.0,1
1292,0,693.719970703125,1072.967529296875,25.125,0.0,42.5994873046875,0.0,1
1293,0,715.9611206054688,1107.3968505859375,25.125,0.0,59.4964599609375,0.0,1
1294,0,709.7098999023438,1142.2713623046875,25.125,0.0,59.4964599609375,0.0,1
1295,0,680.6885986328125,1172.8389892578125,25.125,0.0,59.4964599609375,0.0,1
1296,0,644.9418334960938,1183.87451171875,25.125,0.0,59.4964599609375,0.0,1
1297,0,599.9241943359375,1183.8746337890625,25.125,0.0,59.4964599609375,0.0,1
1298,0,579.275390625,1190.564697265625,25.125,0.0,76.3934326171875,0.0,1
1299,0,551.5679321289062,1209.634765625,25.125,0.0,76.3934326171875,0.0,1
1300,0,513.3285522460938,1224.4012451171875,25.125,0.0,76.3934326171875,0.0,1
1301,0,473.44549560546875,1236.4576416015625,25.125,0.0,76.3934326171875,0.0,1
1302,0,434.1744079589844,1246.961669921875,25.125,0.0,76.3934326171875,0.0,1
1303,0,393.8517761230469,1257.2015380859375,25.125,0.0,76.3934326171875,0.0,1
1304,0,354.45648193359375,1267.19189453125,25.125,0.0,76.3934326171875,0.0,1
1305,0,330.9515686035156,1297.7259521484375,25.125,0.0,93.2904052734375,0.0,1
1306,0,297.8724670410156,1322.51025390625,25.125,0.0,93.2904052734375,0.0,1
1307,0,256.6124572753906,1332.127197265625,25.125,0.0,93.2904052734375,0.0,1
1308,0,225.25343322753906,1358.8623046875,25.125,0.0,110.1873779296875,0.0,1
1309,0,188.10206604003906,1373.0726318359375,25.125,0.0,110.1873779296875,0.0,1
1310,0,148.95823669433594,1394.2677001953125,25.125,0.0,127.0843505859375,0.0,1
1311,0,119.45364379882812,1424.6014404296875,25.125,0.0,110.1873779296875,0.0,1
1312,0,116.12555694580078,1464.5445556640625,25.125,0.0,127.0843505859375,0.0,1
1313,0,116.12574005126953,1479.2032470703125,25.125,0.0,127.0843505859375,0.0,1
1314,0,116.12550354003906,1492.5914306640625,25.125,0.0,143.975830078125,0.0,1
1315,0,116.12586975097656,1519.1998291015625,25.125,0.0,160.872802734375,0.0,1
1316,0,116.12520599365234,1513.741943359375,25.125,0.0,160.872802734375,0.0,1
1317,0,116.12592315673828,1503.4014892578125,25.125,0.0,177.769775390625,0.0,1
1318,0,116.1250228881836,1479.8204345703125,25.125,0.0,177.769775390625,0.0,1
1319,0,116.1250228881836,1438.211181640625,25.125,0.0,177.769775390625,0.0,1
1320,0,116.12589263916016,1409.435546875,25.125,0.0,-165.333251953125,0.0,1
1321,0,116.12578582763672,1384.437744140625,25.125,0.0,-148.436279296875,0.0,1
1322,0,116.1256103515625,1352.153564453125,25.125,0.0,-131.539306640625,0.0,1
1323,0,132.0003204345703,1313.80810546875,25.125,0.0,-131.539306640625,0.0,1
1324,0,157.64529418945312,1280.02197265625,25.125,0.0,-131.539306640625,0.0,1
1325,0,185.6810760498047,1250.382080078125,25.125,0.0,-131.539306640625,0.0,1
1326,0,191.17864990234375,1211.510498046875,25.125,0.0,-114.6478271484375,0.0,1
1327,0,183.8516387939453,1172.1925048828125,25.125,0.0,-97.7508544921875,0.0,1
1328,0,178.76161193847656,1130.41357421875,25.125,0.0,-80.8538818359375,0.0,1
1329,0,200.6100616455078,1107.002685546875,25.125,0.0,-80.8538818359375,0.0,1
1330,0,230.54495239257812,1077.66845703125,25.125,0.0,-63.9569091796875,0.0,1
1331,0,267.99755859375,1066.3856201171875,25.125,0.0,-63.9569091796875,0.0,1
1332,0,283.87445068359375,1074.751708984375,25.125,0.0,-63.9569091796875,0.0,1
1333,0,283.8743591308594,1064.252685546875,25.125,0.0,-47.0599365234375,0.0,1
1334,0,283.87445068359375,1034.0885009765625,25.125,0.0,-30.16845703125,0.0,1
1335,0,283.8741149902344,1003.1270751953125,25.125,0.0,-13.271484375,0.0,1
1336,0,283.8747863769531,1008.3409423828125,25.125,0.0,-13.271484375,0.0,1
1337,0,283.87408447265625,1021.6072998046875,25.125,0.0,3.62548828125,0.0,1
1338,0,283.8741455078125,1030.0322265625,25.125,0.0,20.5224609375,0.0,1
1339,0,275.6966552734375,1058.6458740234375,25.125,0.0,20.5224609375,0.0,1
1340,0,283.874267578125,1095.6181640625,25.125,0.0,37.41943359375,0.0,1
1341,0,288.15582275390625,1135.5697021484375,25.125,0.0,54.31640625,0.0,1
1342,0,276.6997985839844,1176.9913330078125,25.125,0.0,54.31640625,0.0,1
1343,0,271.9311218261719,1220.09130859375,25.125,0.0,71.2078857421875,0.0,1
1344,0,250.6763916015625,1255.809326171875,25.125,0.0,71.2078857421875,0.0,1
1345,0,216.0028839111328,1280.0687255859375,25.125,0.0,71.2078857421875,0.0,1
1346,0,179.25079345703125,1298.2196044921875,25.125,0.0,71.2078857421875,0.0,1
1347,0,159.43569946289062,1331.611083984375,25.125,0.0,88.1048583984375,0.0,1
1348,0,128.7714080810547,1359.179931640625,25.125,0.0,88.1048583984375,0.0,1
1349,0,116.12516021728516,1395.5616455078125,25.125,0.0,105.0018310546875,0.0,1
1350,0,116.12532043457031,1439.378173828125,25.125,0.0,121.8988037109375,0.0,1
1351,0,116.12569427490234,1488.3607177734375,25.125,0.0,138.7957763671875,0.0,1
1352,0,116.12541198730469,1501.6796875,25.125,0.0,138.7957763671875,0.0,1
1353,0,116.1256103515625,1479.0518798828125,25.125,0.0,138.7957763671875,0.0,1
1354,0,116.12583923339844,1471.68798828125,25.125,0.0,155.687255859375,0.0,1
1355,0,116.12561798095703,1478.9527587890625,25.125,0.0,172.584228515625,0.0,1
1356,0,116.12590789794922,1481.7890625,25.125,0.0,-170.518798828125,0.0,1
1357,0,119.91712188720703,1458.9530029296875,25.125,0.0,-170.518798828125,0.0,1
1358,0,126.77616119384766,1417.981201171875,25.125,0.0,-170.518798828125,0.0,1
1359,0,116.12555694580078,1384.915283203125,25.125,0.0,-153.621826171875,0.0,1
1360,0,116.12567138671875,1350.9515380859375,25.125,0.0,-136.724853515625,0.0,1
1361,0,116.12537384033203,1309.2476806640625,25.125,0.0,-119.827880859375,0.0,1
1362,0,116.1251220703125,1265.2630615234375,25.125,0.0,-102.9364013671875,0.0,1
1363,0,116.19154357910156,1224.4483642578125,25.125,0.0,-86.0394287109375,0.0,1
1364,0,139.8164520263672,1199.37255859375,25.125,0.0,-86.0394287109375,0.0,1
1365,0,168.05471801757812,1168.5947265625,25.125,0.0,-69.1424560546875,0.0,1
1366,0,189.67959594726562,1133.9874267578125,25.125,0.0,-52.2454833984375,0.0,1
1367,0,215.1893310546875,1100.3204345703125,25.125,0.0,-35.3485107421875,0.0,1
1368,0,246.88668823242188,1072.735107421875,25.125,0.0,-18.4515380859375,0.0,1
1369,0,283.873046875,1053.4619140625,25.125,0.0,-1.56005859375,0.0,1
1370,0,283.8749694824219,1067.1605224609375,25.125,0.0,-1.56005859375,0.0,1
1371,0,283.8741149902344,1083.2459716796875,25.125,0.0,-18.4515380859375,0.0,1
1372,0,283.87408447265625,1082.7161865234375,25.125,0.0,-1.56005859375,0.0,1
1373,0,283.8749694824219,1105.703857421875,25.125,0.0,-1.56005859375,0.0,1
1374,0,294.2930603027344,1132.122314453125,25.125,0.0,15.3369140625,0.0,1
1375,0,305.19427490234375,1168.8739013671875,25.125,0.0,15.3369140625,0.0,1
1376,0,303.0594482421875,1211.4246826171875,25.125,0.0,15.3369140625,0.0,1
1377,0,320.84423828125,1246.75,25.125,0.0,32.23388671875,0.0,1
1378,0,326.3753356933594,1288.45263671875,25.125,0.0,32.23388671875,0.0,1
1379,0,314.57061767578125,1329.0537109375,25.125,0.0,32.23388671875,0.0,1
1380,0,322.69427490234375,1369.45556640625,25.125,0.0,49.130859375,0.0,1
1381,0,316.5870056152344,1409.8858642578125,25.125,0.0,49.130859375,0.0,1
1382,0,315.88885498046875,1453.337158203125,25.125,0.0,66.02783203125,0.0,1
1383,0,297.594482421875,1483.8746337890625,25.125,0.0,66.02783203125,0.0,1
1384,0,257.6146545410156,1483.874755859375,25.125,0.0,66.02783203125,0.0,1
1385,0,235.63397216796875,1483.8740234375,25.125,0.0,82.9193115234375,0.0,1
1386,0,230.60208129882812,1483.8741455078125,25.125,0.0,99.8162841796875,0.0,1
1387,0,224.38905334472656,1483.8741455078125,25.125,0.0,116.7132568359375,0.0,1
1388,0,196.78616333007812,1473.4185791015625,25.125,0.0,116.7132568359375,0.0,1
1389,0,159.5531768798828,1481.8775634765625,25.125,0.0,133.6102294921875,0.0,1
1390,0,123.95399475097656,1504.0950927734375,25.125,0.0,150.5072021484375,0.0,1
1391,0,116.1256103515625,1525.6317138671875,25.125,0.0,167.4041748046875,0.0,1
1392,0,116.12592315673828,1541.535888671875,25.125,0.0,-175.704345703125,0.0,1
1393,0,116.1255874633789,1542.8475341796875,25.125,0.0,-158.807373046875,0.0,1
1394,0,116.12572479248047,1530.2789306640625,25.125,0.0,-141.910400390625,0.0,1
1395,0,116.12553405761719,1500.426025390625,25.125,0.0,-125.013427734375,0.0,1
1396,0,116.12516784667969,1457.0606689453125,25.125,0.0,-108.116455078125,0.0,1
1397,0,116.12501525878906,1415.9237060546875,25.125,0.0,-91.219482421875,0.0,1
1398,0,117.7195816040039,1375.0498046875,25.125,0.0,-74.3280029296875,0.0,1
1399,0,126.43769073486328,1333.259521484375,25.125,0.0,-57.4310302734375,0.0,1
1400,0,144.6254119873047,1295.086181640625,25.125,0.0,-40.5340576171875,0.0,1
1401,0,173.19760131835938,1262.1500244140625,25.125,0.0,-23.6370849609375,0.0,1
1402,0,208.2616729736328,1239.512451171875,25.125,0.0,-6.7401123046875,0.0,1
1403,0,236.85122680664062,1251.4473876953125,25.125,0.0,-6.7401123046875,0.0,1
1404,0,272.1405944824219,1270.8670654296875,25.125,0.0,10.1513671875,0.0,1
1405,0,311.3762512207031,1285.0758056640625,25.125,0.0,27.04833984375,0.0,1
1406,0,325.5960998535156,1315.5736083984375,25.125,0.0,27.04833984375,0.0,1
1407,0,343.04254150390625,1353.2305908203125,25.125,0.0,43.9453125,0.0,1
1408,0,367.0213317871094,1387.42724609375,25.125,0.0,60.84228515625,0.0,1
1409,0,361.54400634765625,1420.9635009765625,25.125,0.0,60.84228515625,0.0,1
1410,0,354.988037109375,1463.1734619140625,25.125,0.0,77.7392578125,0.0,1
1411,0,355.8912658691406,1503.9622802734375,25.125,0.0,94.63623046875,0.0,1
1412,0,353.13897705078125,1545.1798095703125,25.125,0.0,111.5277099609375,0.0,1
1413,0,341.7011413574219,1585.646484375,25.125,0.0,128.4246826171875,0.0,1
1414,0,320.1676330566406,1622.2381591796875,25.125,0.0,145.3216552734375,0.0,1
1415,0,288.5159912109375,1652.315673828125,25.125,0.0,162.2186279296875,0.0,1
1416,0,250.43084716796875,1671.7557373046875,25.125,0.0,179.1156005859375,0.0,1
1417,0,207.33509826660156,1679.50732421875,25.125,0.0,-163.9874267578125,0.0,1
1418,0,164.83718872070312,1674.540283203125,25.125,0.0,-147.095947265625,0.0,1
1419,0,124.7439956665039,1656.9744873046875,25.125,0.0,-130.198974609375,0.0,1
1420,0,116.1253662109375,1625.032958984375,25.125,0.0,-113.302001953125,0.0,1
1421,0,116.12506103515625,1583.3211669921875,25.125,0.0,-96.405029296875,0.0,1
1422,0,116.69488525390625,1542.5606689453125,25.125,0.0,-79.508056640625,0.0,1
1423,0,122.5788803100586,1501.507568359375,25.125,0.0,-62.6165771484375,0.0,1
1424,0,150.5889892578125,1485.7379150390625,25.125,0.0,-62.6165771484375,0.0,1
1425,0,187.11163330078125,1467.777099609375,25.125,0.0,-45.7196044921875,0.0,1
1426,0,220.94644165039062,1443.3271484375,25.125,0.0,-28.8226318359375,0.0,1
1427,0,256.73614501953125,1422.6295166015625,25.125,0.0,-11.9256591796875,0.0,1
1428,0,297.7150573730469,1409.445068359375,25.125,0.0,4.9713134765625,0.0,1
1429,0,340.11480712890625,1407.3714599609375,25.125,0.0,21.8682861328125,0.0,1
1430,0,381.7253723144531,1416.916748046875,25.125,0.0,38.759765625,0.0,1
1431,0,393.45428466796875,1444.72705078125,25.125,0.0,38.759765625,0.0,1
1432,0,378.03277587890625,1483.038330078125,25.125,0.0,38.759765625,0.0,1
1433,0,381.5963134765625,1524.1181640625,25.125,0.0,55.65673828125,0.0,1
1434,0,370.9812316894531,1563.666748046875,25.125,0.0,55.65673828125,0.0,1
1435,0,365.5262756347656,1607.7718505859375,25.125,0.0,72.5537109375,0.0,1
1436,0,344.3422546386719,1642.3538818359375,25.125,0.0,72.5537109375,0.0,1
1437,0,308.27923583984375,1666.3555908203125,25.125,0.0,72.5537109375,0.0,1
1438,0,271.0623779296875,1683.483642578125,25.125,0.0,72.5537109375,0.0,1
1439,0,232.96856689453125,1697.8211669921875,25.125,0.0,72.5537109375,0.0,1
1440,0,194.51107788085938,1711.00146484375,25.125,0.0,72.5537109375,0.0,1
1441,0,155.8914794921875,1723.6661376953125,25.125,0.0,72.5537109375,0.0,1
1442,0,116.35477447509766,1736.6146240234375,25.125,0.0,72.5537109375,0.0,1
1443,0,119.02799987792969,1767.7276611328125,25.125,0.0,89.45068359375,0.0,1
1444,0,119.53495788574219,1809.914306640625,25.125,0.0,106.34765625,0.0,1
1445,0,116.12540435791016,1850.5352783203125,25.125,0.0,89.45068359375,0.0,1
1446,0,118.32323455810547,1892.4232177734375,25.125,0.0,72.5537109375,0.0,1
1447,0,127.85360717773438,1933.1064453125,25.125,0.0,55.65673828125,0.0,1
1448,0,147.14688110351562,1970.75048828125,25.125,0.0,38.759765625,0.0,1
1449,0,178.02113342285156,1983.8746337890625,25.125,0.0,21.8682861328125,0.0,1
1450,0,219.41880798339844,1983.875,25.125,0.0,4.9713134765625,0.0,1
1451,0,261.1614685058594,1983.015625,25.125,0.0,-11.9256591796875,0.0,1
1452,0,302.1479187011719,1976.3277587890625,25.125,0.0,-28.8226318359375,0.0,1
1453,0,342.0638427734375,1959.908447265625,25.125,0.0,-45.7196044921875,0.0,1
1454,0,375.7892150878906,1933.982666015625,25.125,0.0,-62.6165771484375,0.0,1
1455,0,401.579345703125,1898.71875,25.125,0.0,-79.508056640625,0.0,1
1456,0,415.9447326660156,1858.4393310546875,25.125,0.0,-96.405029296875,0.0,1
1457,0,418.2183837890625,1815.697021484375,25.125,0.0,-113.302001953125,0.0,1
1458,0,438.0870056152344,1777.85546875,25.125,0.0,-113.302001953125,0.0,1
1459,0,446.1292419433594,1737.7034912109375,25.125,0.0,-130.198974609375,0.0,1
1460,0,426.2977294921875,1716.12548828125,25.125,0.0,-147.095947265625,0.0,1
1461,0,419.8653564453125,1716.125732421875,25.125,0.0,-147.095947265625,0.0,1
1462,0,436.5888671875,1716.125732421875,25.125,0.0,-147.095947265625,0.0,1
1463,0,433.8641357421875,1716.125732421875,25.125,0.0,-130.198974609375,0.0,1
1464,0,410.67095947265625,1716.1256103515625,25.125,0.0,-113.302001953125,0.0,1
1465,0,416.452392578125,1716.1253662109375,25.125,0.0,-113.302001953125,0.0,1
1466,0,424.73529052734375,1716.1256103515625,25.125,0.0,-96.405029296875,0.0,1
1467,0,448.5841064453125,1716.1251220703125,25.125,0.0,-96.405029296875,0.0,1
1468,0,488.3551940917969,1716.125,25.125,0.0,-96.405029296875,0.0,1
1469,0,515.8873291015625,1716.1258544921875,25.125,0.0,-79.508056640625,0.0,1
1470,0,551.1406860351562,1720.1207275390625,25.125,0.0,-79.508056640625,0.0,1
1471,0,585.177001953125,1701.10986328125,25.125,0.0,-62.6165771484375,0.0,1
1472,0,612.50634765625,1670.578369140625,25.125,0.0,-45.7196044921875,0.0,1
1473,0,641.5862426757812,1641.4964599609375,25.125,0.0,-28.8226318359375,0.0,1
1474,0,674.218017578125,1644.7694091796875,25.125,0.0,-28.8226318359375,0.0,1
1475,0,703.7825927734375,1674.3353271484375,25.125,0.0,-28.8226318359375,0.0,1
1476,0,728.470458984375,1708.2325439453125,25.125,0.0,-28.8226318359375,0.0,1
1477,0,749.5196533203125,1741.94091796875,25.125,0.0,-28.8226318359375,0.0,1
1478,0,770.459228515625,1777.9007568359375,25.125,0.0,-28.8226318359375,0.0,1
1479,0,790.5162353515625,1813.25048828125,25.125,0.0,-28.8226318359375,0.0,1
1480,0,826.1586303710938,1827.8094482421875,25.125,0.0,-11.9256591796875,0.0,1
1481,0,858.647216796875,1853.158203125,25.125,0.0,-11.9256591796875,0.0,1
1482,0,878.6954345703125,1890.46044921875,25.125,0.0,-11.9256591796875,0.0,1
1483,0,913.3033447265625,1910.6146240234375,25.125,0.0,-11.9256591796875,0.0,1
1484,0,946.3771362304688,1938.6195068359375,25.125,0.0,-11.9256591796875,0.0,1
1485,0,985.0416870117188,1960.4869384765625,25.125,0.0,4.9713134765625,0.0,1
1486,0,1008.8812866210938,1983.8740234375,25.125,0.0,4.9713134765625,0.0,1
1487,0,1041.208740234375,1983.8746337890625,25.125,0.0,21.8682861328125,0.0,1
1488,0,1086.963623046875,1983.8743896484375,25.125,0.0,38.759765625,0.0,1
1489,0,1103.22998046875,1983.87451171875,25.125,0.0,38.759765625,0.0,1
1490,0,1086.9010009765625,1983.874267578125,25.125,0.0,38.759765625,0.0,1
1491,0,1056.2611083984375,1983.87451171875,25.125,0.0,38.759765625,0.0,1
1492,0,1050.52392578125,1983.874267578125,25.125,0.0,55.65673828125,0.0,1
1493,0,1036.865234375,1983.8746337890625,25.125,0.0,55.65673828125,0.0,1
1494,0,999.02294921875,1983.87451171875,25.125,0.0,55.65673828125,0.0,1
1495,0,952.58349609375,1983.8746337890625,25.125,0.0,55.65673828125,0.0,1
1496,0,932.443359375,1983.8741455078125,25.125,0.0,72.5537109375,0.0,1
1497,0,932.5814208984375,1983.8740234375,25.125,0.0,89.45068359375,0.0,1
1498,0,909.5916137695312,1983.875,25.125,0.0,89.45068359375,0.0,1
1499,0,882.307373046875,1983.8741455078125,25.125,0.0,106.34765625,0.0,1
1500,0,858.0036010742188,1983.87451171875,25.125,0.0,123.2391357421875,0.0,1
1501,0,821.244384765625,1971.534423828125,25.125,0.0,123.2391357421875,0.0,1
1502,0,781.9779663085938,1977.82275390625,25.125,0.0,140.1361083984375,0.0,1
1503,0,740.5621948242188,1970.25,25.125,0.0,140.1361083984375,0.0,1
1504,0,705.4458618164062,1946.6278076171875,25.125,0.0,140.1361083984375,0.0,1
1505,0,665.456787109375,1941.807861328125,25.125,0.0,157.0330810546875,0.0,1
1506,0,625.008056640625,1948.18310546875,25.125,0.0,173.9300537109375,0.0,1
1507,0,584.0675048828125,1952.0421142578125,25.125,0.0,-169.1729736328125,0.0,1
1508,0,541.402099609375,1947.6966552734375,25.125,0.0,-152.2760009765625,0.0,1
1509,0,501.5951843261719,1933.122802734375,25.125,0.0,-135.384521484375,0.0,1
1510,0,493.59869384765625,1903.0462646484375,25.125,0.0,-135.384521484375,0.0,1
1511,0,487.0296325683594,1863.2899169921875,25.125,0.0,-118.487548828125,0.0,1
1512,0,500.1736755371094,1825.5164794921875,25.125,0.0,-118.487548828125,0.0,1
1513,0,510.3368835449219,1783.3802490234375,25.125,0.0,-101.590576171875,0.0,1
1514,0,511.4562683105469,1742.490478515625,25.125,0.0,-84.693603515625,0.0,1
1515,0,535.4340209960938,1718.0556640625,25.125,0.0,-84.693603515625,0.0,1
1516,0,564.2947387695312,1687.9415283203125,25.125,0.0,-67.796630859375,0.0,1
1517,0,587.2694702148438,1653.05908203125,25.125,0.0,-50.899658203125,0.0,1
1518,0,620.493408203125,1645.7899169921875,25.125,0.0,-50.899658203125,0.0,1
1519,0,662.0471801757812,1636.2301025390625,25.125,0.0,-34.0081787109375,0.0,1
1520,0,700.4434204101562,1645.6151123046875,25.125,0.0,-34.0081787109375,0.0,1
1521,0,744.5381469726562,1651.35107421875,25.125,0.0,-17.1112060546875,0.0,1
1522,0,778.91015625,1672.7701416015625,25.125,0.0,-17.1112060546875,0.0,1
1523,0,802.2372436523438,1708.11083984375,25.125,0.0,-17.1112060546875,0.0,1
1524,0,837.2381591796875,1727.923095703125,25.125,0.0,-0.2142333984375,0.0,1
1525,0,877.0308227539062,1737.549072265625,25.125,0.0,16.6827392578125,0.0,1
1526,0,896.2769775390625,1767.26123046875,25.125,0.0,16.6827392578125,0.0,1
1527,0,895.9456787109375,1809.4566650390625,25.125,0.0,16.6827392578125,0.0,1
1528,0,889.1058349609375,1850.8345947265625,25.125,0.0,16.6827392578125,0.0,1
1529,0,879.6390380859375,1890.42333984375,25.125,0.0,16.6827392578125,0.0,1
1530,0,894.8746948242188,1926.302490234375,25.125,0.0,33.5797119140625,0.0,1
1531,0,899.6519775390625,1967.1595458984375,25.125,0.0,33.5797119140625,0.0,1
1532,0,885.6221923828125,1983.87451171875,25.125,0.0,33.5797119140625,0.0,1
1533,0,890.5946655273438,1983.874267578125,25.125,0.0,50.47119140625,0.0,1
1534,0,884.865234375,1983.8746337890625,25.125,0.0,50.47119140625,0.0,1
1535,0,884.552490234375,1983.8741455078125,25.125,0.0,67.3681640625,0.0,1
1536,0,867.494384765625,1983.8746337890625,25.125,0.0,67.3681640625,0.0,1
1537,0,853.38037109375,1983.8740234375,25.125,0.0,84.26513671875,0.0,1
1538,0,852.156005859375,1983.8741455078125,25.125,0.0,101.162109375,0.0,1
1539,0,847.2762451171875,1983.8743896484375,25.125,0.0,118.05908203125,0.0,1
1540,0,819.5233764648438,1972.3861083984375,25.125,0.0,118.05908203125,0.0,1
1541,0,782.0889892578125,1979.85595703125,25.125,0.0,134.9560546875,0.0,1
1542,0,741.0497436523438,1983.8746337890625,25.125,0.0,151.8475341796875,0.0,1
1543,0,702.231689453125,1965.2584228515625,25.125,0.0,151.8475341796875,0.0,1
1544,0,659.09814453125,1955.0643310546875,25.125,0.0,168.7445068359375,0.0,1
1545,0,618.2388305664062,1953.993408203125,25.125,0.0,-174.3585205078125,0.0,1
1546,0,576.3029174804688,1949.70556640625,25.125,0.0,-157.4615478515625,0.0,1
1547,0,536.241455078125,1937.2376708984375,25.125,0.0,-140.5645751953125,0.0,1
1548,0,525.819580078125,1908.1522216796875,25.125,0.0,-140.5645751953125,0.0,1
1549,0,542.32958984375,1868.9801025390625,25.125,0.0,-140.5645751953125,0.0,1
1550,0,564.0925903320312,1834.2596435546875,25.125,0.0,-140.5645751953125,0.0,1
1551,0,563.0928955078125,1794.580810546875,25.125,0.0,-123.6676025390625,0.0,1
1552,0,549.81689453125,1756.840087890625,25.125,0.0,-106.776123046875,0.0,1
1553,0,538.1785278320312,1716.3822021484375,25.125,0.0,-89.879150390625,0.0,1
1554,0,534.5855102539062,1674.61865234375,25.125,0.0,-72.982177734375,0.0,1
1555,0,541.814453125,1631.8477783203125,25.125,0.0,-56.085205078125,0.0,1
1556,0,569.1160278320312,1618.1455078125,25.125,0.0,-56.085205078125,0.0,1
1557,0,608.7025146484375,1630.295166015625,25.125,0.0,-56.085205078125,0.0,1
1558,0,646.2485961914062,1649.009033203125,25.125,0.0,-56.085205078125,0.0,1
1559,0,681.2784423828125,1669.7449951171875,25.125,0.0,-56.085205078125,0.0,1
1560,0,719.9797973632812,1665.7672119140625,25.125,0.0,-39.188232421875,0.0,1
1561,0,760.3986206054688,1673.212158203125,25.125,0.0,-39.188232421875,0.0,1
1562,0,795.3939208984375,1697.1163330078125,25.125,0.0,-39.188232421875,0.0,1
1563,0,832.3526000976562,1697.2630615234375,25.125,0.0,-56.085205078125,0.0,1
1564,0,875.4591674804688,1698.50244140625,25.125,0.0,-56.085205078125,0.0,1
1565,0,915.8232421875,1713.0252685546875,25.125,0.0,-56.085205078125,0.0,1
1566,0,952.078857421875,1731.9383544921875,25.125,0.0,-56.085205078125,0.0,1
1567,0,987.6986694335938,1753.5174560546875,25.125,0.0,-56.085205078125,0.0,1
1568,0,1021.8735961914062,1775.5247802734375,25.125,0.0,-56.085205078125,0.0,1
1569,0,1060.3489990234375,1772.16015625,25.125,0.0,-39.188232421875,0.0,1
1570,0,1100.8616943359375,1779.8087158203125,25.125,0.0,-39.188232421875,0.0,1
1571,0,1144.24755859375,1781.723876953125,25.125,0.0,-22.2967529296875,0.0,1
1572,0,1180.385498046875,1800.015380859375,25.125,0.0,-22.2967529296875,0.0,1
1573,0,1206.783935546875,1833.114501953125,25.125,0.0,-22.2967529296875,0.0,1
1574,0,1244.6182861328125,1849.7708740234375,25.125,0.0,-5.3997802734375,0.0,1
1575,0,1273.9979248046875,1878.2080078125,25.125,0.0,-5.3997802734375,0.0,1
1576,0,1309.9853515625,1904.2666015625,25.125,0.0,11.4971923828125,0.0,1
1577,0,1329.8499755859375,1939.37548828125,25.125,0.0,11.4971923828125,0.0,1
1578,0,1356.5662841796875,1974.7974853515625,25.125,0.0,28.3941650390625,0.0,1
1579,0,1364.9803466796875,1983.8741455078125,25.125,0.0,28.3941650390625,0.0,1
1580,0,1380.4246826171875,1983.87451171875,25.125,0.0,45.2911376953125,0.0,1
1581,0,1380.54638671875,1983.8743896484375,25.125,0.0,45.2911376953125,0.0,1
1582,0,1354.311279296875,1983.87451171875,25.125,0.0,45.2911376953125,0.0,1
1583,0,1314.9425048828125,1983.8743896484375,25.125,0.0,45.2911376953125,0.0,1
1584,0,1271.0562744140625,1983.87451171875,25.125,0.0,45.2911376953125,0.0,1
1585,0,1223.7076416015625,1983.8743896484375,25.125,0.0,45.2911376953125,0.0,1
1586,0,1207.411865234375,1983.8741455078125,25.125,0.0,62.1881103515625,0.0,1
1587,0,1186.33447265625,1983.87451171875,25.125,0.0,62.1881103515625,0.0,1
1588,0,1144.6181640625,1983.8746337890625,25.125,0.0,62.1881103515625,0.0,1
1589,0,1123.547607421875,1983.8743896484375,25.125,0.0,79.07958984375,0.0,1
1590,0,1121.423583984375,1983.8740234375,25.125,0.0,95.9765625,0.0,1
1591,0,1118.7952880859375,1983.8743896484375,25.125,0.0,112.87353515625,0.0,1
1592,0,1103.9931640625,1983.874267578125,25.125,0.0,129.7705078125,0.0,1
1593,0,1071.9171142578125,1969.3173828125,25.125,0.0,129.7705078125,0.0,1
1594,0,1035.4351806640625,1975.950439453125,25.125,0.0,112.87353515625,0.0,1
1595,0,1002.9112548828125,1983.874267578125,25.125,0.0,129.7705078125,0.0,1
1596,0,967.03271484375,1983.8741455078125,25.125,0.0,112.87353515625,0.0,1
1597,0,927.292236328125,1976.4864501953125,25.125,0.0,112.87353515625,0.0,1
1598,0,888.3173828125,1964.3179931640625,25.125,0.0,112.87353515625,0.0,1
1599,0,850.197265625,1950.123291015625,25.125,0.0,112.87353515625,0.0,1
1600,0,813.8170776367188,1960.570068359375,25.125,0.0,129.7705078125,0.0,1
1601,0,771.4556274414062,1960.40576171875,25.125,0.0,129.7705078125,0.0,1
1602,0,732.7149047851562,1943.424072265625,25.125,0.0,129.7705078125,0.0,1
1603,0,691.636474609375,1946.17431640625,25.125,0.0,146.66748046875,0.0,1
1604,0,652.3633422851562,1934.83642578125,25.125,0.0,146.66748046875,0.0,1
1605,0,618.865234375,1916.125732421875,25.125,0.0,146.66748046875,0.0,1
1606,0,580.4092407226562,1924.97998046875,25.125,0.0,163.564453125,0.0,1
1607,0,548.232177734375,1909.645751953125,25.125,0.0,163.564453125,0.0,1
1608,0,508.37628173828125,1892.7891845703125,25.125,0.0,-179.5440673828125,0.0,1
1609,0,469.4259338378906,1884.3626708984375,25.125,0.0,-162.6470947265625,0.0,1
1610,0,429.11431884765625,1871.9085693359375,25.125,0.0,-145.7501220703125,0.0,1
1611,0,392.3372497558594,1851.654296875,25.125,0.0,-128.8531494140625,0.0,1
1612,0,360.83453369140625,1821.788818359375,25.125,0.0,-111.9561767578125,0.0,1
1613,0,339.1274719238281,1785.07666015625,25.125,0.0,-95.064697265625,0.0,1
1614,0,328.5147705078125,1743.6417236328125,25.125,0.0,-78.167724609375,0.0,1
1615,0,330.36419677734375,1699.888916015625,25.125,0.0,-61.270751953125,0.0,1
1616,0,344.53729248046875,1659.5211181640625,25.125,0.0,-44.373779296875,0.0,1
1617,0,370.4849548339844,1624.2659912109375,25.125,0.0,-27.476806640625,0.0,1
1618,0,383.8743896484375,1598.5821533203125,25.125,0.0,-10.579833984375,0.0,1
1619,0,386.54022216796875,1581.91015625,25.125,0.0,6.3116455078125,0.0,1
1620,0,391.3733825683594,1583.8740234375,25.125,0.0,6.3116455078125,0.0,1
1621,0,414.6936340332031,1583.8746337890625,25.125,0.0,23.2086181640625,0.0,1
1622,0,458.3153381347656,1583.8743896484375,25.125,0.0,40.1055908203125,0.0,1
1623,0,504.85968017578125,1583.87451171875,25.125,0.0,57.0025634765625,0.0,1
1624,0,544.91064453125,1597.40673828125,25.125,0.0,73.8995361328125,0.0,1
1625,0,570.168212890625,1634.91357421875,25.125,0.0,90.791015625,0.0,1
1626,0,557.7177734375,1661.6953125,25.125,0.0,90.791015625,0.0,1
1627,0,519.3748168945312,1672.7099609375,25.125,0.0,90.791015625,0.0,1
1628,0,516.1253051757812,1701.880615234375,25.125,0.0,107.68798828125,0.0,1
1629,0,512.37158203125,1745.2078857421875,25.125,0.0,124.5849609375,0.0,1
1630,0,494.8612365722656,1785.947998046875,25.125,0.0,141.48193359375,0.0,1
1631,0,465.57049560546875,1791.86669921875,25.125,0.0,141.48193359375,0.0,1
1632,0,431.6739196777344,1768.5201416015625,25.125,0.0,141.48193359375,0.0,1
1633,0,401.49737548828125,1739.3701171875,25.125,0.0,141.48193359375,0.0,1
1634,0,374.27740478515625,1709.093994140625,25.125,0.0,141.48193359375,0.0,1
1635,0,347.51409912109375,1677.227294921875,25.125,0.0,141.48193359375,0.0,1
1636,0,321.85809326171875,1645.7064208984375,25.125,0.0,141.48193359375,0.0,1
1637,0,296.22552490234375,1616.126953125,25.125,0.0,141.48193359375,0.0,1
1638,0,261.0965576171875,1627.45166015625,25.125,0.0,158.37890625,0.0,1
1639,0,227.66078186035156,1616.1258544921875,25.125,0.0,158.37890625,0.0,1
1640,0,187.99354553222656,1626.4857177734375,25.125,0.0,141.48193359375,0.0,1
1641,0,147.78839111328125,1618.6270751953125,25.125,0.0,141.48193359375,0.0,1
1642,0,116.12586212158203,1616.5313720703125,25.125,0.0,158.37890625,0.0,1
1643,0,116.12548828125,1630.14306640625,25.125,0.0,141.48193359375,0.0,1
1644,0,116.12552642822266,1661.6129150390625,25.125,0.0,124.5849609375,0.0,1
1645,0,116.12572479248047,1703.682373046875,25.125,0.0,141.48193359375,0.0,1
1646,0,116.12547302246094,1748.6121826171875,25.125,0.0,124.5849609375,0.0,1
1647,0,116.12572479248047,1796.6036376953125,25.125,0.0,141.48193359375,0.0,1
1648,0,116.12527465820312,1843.956298828125,25.125,0.0,124.5849609375,0.0,1
1649,0,116.12572479248047,1893.3509521484375,25.125,0.0,141.48193359375,0.0,1
1650,0,116.12557983398438,1936.339599609375,25.125,0.0,158.37890625,0.0,1
1651,0,116.12572479248047,1973.7845458984375,25.125,0.0,141.48193359375,0.0,1
1652,0,116.1253890991211,1979.3382568359375,25.125,0.0,141.48193359375,0.0,1
1653,0,116.125,1983.874267578125,25.125,0.0,124.5849609375,0.0,1
1654,0,116.12576293945312,1971.9031982421875,25.125,0.0,124.5849609375,0.0,1
1655,0,116.12519073486328,1979.232177734375,25.125,0.0,107.68798828125,0.0,1
1656,0,116.125,1983.8740234375,25.125,0.0,90.791015625,0.0,1
1657,0,116.12562561035156,1983.7841796875,25.125,0.0,90.791015625,0.0,1
1658,0,116.125,1983.8741455078125,25.125,0.0,107.68798828125,0.0,1
1659,0,116.125,1983.87451171875,25.125,0.0,124.5849609375,0.0,1
1660,0,116.12576293945312,1971.1168212890625,25.125,0.0,124.5849609375,0.0,1
1661,0,116.12576293945312,1944.4268798828125,25.125,0.0,124.5849609375,0.0,1
1662,0,116.12572479248047,1942.6937255859375,25.125,0.0,141.48193359375,0.0,1
1663,0,116.12586212158203,1963.1927490234375,25.125,0.0,158.37890625,0.0,1
1664,0,116.12522888183594,1956.4765625,25.125,0.0,158.37890625,0.0,1
1665,0,116.12592315673828,1947.166259765625,25.125,0.0,175.27587890625,0.0,1
1666,0,116.12505340576172,1924.1983642578125,25.125,0.0,175.27587890625,0.0,1
1667,0,116.12590026855469,1898.626953125,25.125,0.0,-167.8326416015625,0.0,1
1668,0,116.12554931640625,1877.6026611328125,25.125,0.0,-150.9356689453125,0.0,1
1669,0,116.12564086914062,1847.626708984375,25.125,0.0,-134.0386962890625,0.0,1
1670,0,116.12528228759766,1806.5281982421875,25.125,0.0,-117.1417236328125,0.0,1
1671,0,116.1250991821289,1763.125,25.125,0.0,-100.2447509765625,0.0,1
1672,0,116.3067855834961,1722.3721923828125,25.125,0.0,-83.3477783203125,0.0,1
1673,0,120.4255599975586,1681.279541015625,25.125,0.0,-66.456298828125,0.0,1
1674,0,146.74990844726562,1663.71826171875,25.125,0.0,-66.456298828125,0.0,1
1675,0,180.35659790039062,1640.6517333984375,25.125,0.0,-66.456298828125,0.0,1
1676,0,207.3702850341797,1616.125732421875,25.125,0.0,-49.559326171875,0.0,1
1677,0,242.45555114746094,1616.1253662109375,25.125,0.0,-32.662353515625,0.0,1
1678,0,288.3675537109375,1616.125732421875,25.125,0.0,-49.559326171875,0.0,1
1679,0,334.5265197753906,1614.1380615234375,25.125,0.0,-32.662353515625,0.0,1
1680,0,376.3503112792969,1629.396728515625,25.125,0.0,-32.662353515625,0.0,1
1681,0,383.8741149902344,1635.0015869140625,25.125,0.0,-15.765380859375,0.0,1
1682,0,383.87481689453125,1656.046630859375,25.125,0.0,-15.765380859375,0.0,1
1683,0,383.8748474121094,1698.2261962890625,25.125,0.0,-15.765380859375,0.0,1
1684,0,385.0516357421875,1738.971923828125,25.125,0.0,-15.765380859375,0.0,1
1685,0,411.4774169921875,1762.6785888671875,25.125,0.0,1.131591796875,0.0,1
1686,0,450.85638427734375,1774.2672119140625,25.125,0.0,18.0230712890625,0.0,1
1687,0,469.2471923828125,1804.76806640625,25.125,0.0,18.0230712890625,0.0,1
1688,0,467.8616638183594,1846.939697265625,25.125,0.0,18.0230712890625,0.0,1
1689,0,485.09381103515625,1883.37255859375,25.125,0.0,34.9200439453125,0.0,1
1690,0,488.7495422363281,1925.2957763671875,25.125,0.0,34.9200439453125,0.0,1
1691,0,475.0787353515625,1965.315673828125,25.125,0.0,34.9200439453125,0.0,1
1692,0,453.75360107421875,1983.874267578125,25.125,0.0,34.9200439453125,0.0,1
1693,0,453.580322265625,1983.87451171875,25.125,0.0,51.8170166015625,0.0,1
1694,0,474.5709228515625,1983.8741455078125,25.125,0.0,68.7139892578125,0.0,1
1695,0,495.1813659667969,1983.8740234375,25.125,0.0,85.6109619140625,0.0,1
1696,0,481.68731689453125,1983.8748779296875,25.125,0.0,85.6109619140625,0.0,1
1697,0,460.3291931152344,1983.8741455078125,25.125,0.0,102.5079345703125,0.0,1
1698,0,426.4784851074219,1978.9169921875,25.125,0.0,102.5079345703125,0.0,1
1699,0,385.6107482910156,1971.0572509765625,25.125,0.0,102.5079345703125,0.0,1
1700,0,351.5299987792969,1983.87451171875,25.125,0.0,119.3994140625,0.0,1
1701,0,320.88812255859375,1983.8741455078125,25.125,0.0,102.5079345703125,0.0,1
1702,0,301.7585144042969,1983.8743896484375,25.125,0.0,85.6109619140625,0.0,1
1703,0,292.3133239746094,1983.8741455078125,25.125,0.0,102.5079345703125,0.0,1
1704,0,264.2896728515625,1978.75,25.125,0.0,102.5079345703125,0.0,1
1705,0,223.57598876953125,1970.19580078125,25.125,0.0,102.5079345703125,0.0,1
1706,0,183.81712341308594,1961.770263671875,25.125,0.0,102.5079345703125,0.0,1
1707,0,149.94898986816406,1978.069580078125,25.125,0.0,119.3994140625,0.0,1
1708,0,116.12580108642578,1979.015869140625,25.125,0.0,119.3994140625,0.0,1
1709,0,116.125,1983.87451171875,25.125,0.0,136.29638671875,0.0,1
1710,0,116.12564086914062,1967.0313720703125,25.125,0.0,136.29638671875,0.0,1
1711,0,116.12582397460938,1963.32958984375,25.125,0.0,153.193359375,0.0,1
1712,0,116.12590789794922,1974.6783447265625,25.125,0.0,170.09033203125,0.0,1
1713,0,116.12500762939453,1983.8748779296875,25.125,0.0,170.09033203125,0.0,1
1714,0,116.12510681152344,1961.1094970703125,25.125,0.0,170.09033203125,0.0,1
1715,0,116.1250991821289,1919.208251953125,25.125,0.0,170.09033203125,0.0,1
1716,0,116.12561798095703,1893.285888671875,25.125,0.0,-173.0126953125,0.0,1
1717,0,116.12590789794922,1881.0921630859375,25.125,0.0,170.09033203125,0.0,1
1718,0,116.12510681152344,1855.4111328125,25.125,0.0,170.09033203125,0.0,1
1719,0,116.12591552734375,1830.916015625,25.125,0.0,-173.0126953125,0.0,1
1720,0,116.12584686279297,1813.6534423828125,25.125,0.0,-156.11572265625,0.0,1
1721,0,116.12570190429688,1789.0030517578125,25.125,0.0,-139.2242431640625,0.0,1
1722,0,116.12584686279297,1756.7606201171875,25.125,0.0,-156.11572265625,0.0,1
1723,0,116.12547302246094,1723.732666015625,25.125,0.0,-139.2242431640625,0.0,1
1724,0,116.12549591064453,1682.17626953125,25.125,0.0,-122.3272705078125,0.0,1
1725,0,134.18618774414062,1641.28173828125,25.125,0.0,-122.3272705078125,0.0,1
1726,0,138.3800811767578,1597.4456787109375,25.125,0.0,-122.3272705078125,0.0,1
1727,0,128.7028045654297,1557.15673828125,25.125,0.0,-105.4302978515625,0.0,1
1728,0,145.19293212890625,1524.5859375,25.125,0.0,-105.4302978515625,0.0,1
1729,0,181.1937255859375,1502.30859375,25.125,0.0,-105.4302978515625,0.0,1
1730,0,181.70619201660156,1467.792724609375,25.125,0.0,-88.5333251953125,0.0,1
1731,0,182.41851806640625,1426.5369873046875,25.125,0.0,-71.6363525390625,0.0,1
1732,0,207.21949768066406,1406.7547607421875,25.125,0.0,-71.6363525390625,0.0,1
1733,0,249.91766357421875,1408.1705322265625,25.125,0.0,-71.6363525390625,0.0,1
1734,0,286.4462890625,1391.234375,25.125,0.0,-54.744873046875,0.0,1
1735,0,328.3367614746094,1387.889892578125,25.125,0.0,-54.744873046875,0.0,1
1736,0,370.5536804199219,1378.3502197265625,25.125,0.0,-37.847900390625,0.0,1
1737,0,411.2550048828125,1386.9013671875,25.125,0.0,-37.847900390625,0.0,1
1738,0,454.4871520996094,1390.0352783203125,25.125,0.0,-20.950927734375,0.0,1
1739,0,490.21905517578125,1409.2772216796875,25.125,0.0,-20.950927734375,0.0,1
1740,0,515.8441162109375,1442.98291015625,25.125,0.0,-20.950927734375,0.0,1
1741,0,535.3742065429688,1479.0220947265625,25.125,0.0,-20.950927734375,0.0,1
1742,0,570.4075317382812,1497.6925048828125,25.125,0.0,-4.053955078125,0.0,1
1743,0,610.7339477539062,1504.859130859375,25.125,0.0,12.843017578125,0.0,1
1744,0,651.6395263671875,1514.781005859375,25.125,0.0,29.739990234375,0.0,1
1745,0,689.7158203125,1532.2999267578125,25.125,0.0,46.6314697265625,0.0,1
1746,0,723.3080444335938,1559.7279052734375,25.125,0.0,63.5284423828125,0.0,1
1747,0,747.758544921875,1594.638427734375,25.125,0.0,80.4254150390625,0.0,1
1748,0,761.479736328125,1635.1083984375,25.125,0.0,97.3223876953125,0.0,1
1749,0,763.00830078125,1677.8507080078125,25.125,0.0,114.2193603515625,0.0,1
1750,0,752.1492919921875,1719.2735595703125,25.125,0.0,131.11083984375,0.0,1
1751,0,723.1124267578125,1729.6114501953125,25.125,0.0,131.11083984375,0.0,1
1752,0,684.0269775390625,1739.0123291015625,25.125,0.0,148.0078125,0.0,1
1753,0,645.451171875,1754.9317626953125,25.125,0.0,164.90478515625,0.0,1
1754,0,614.4243774414062,1742.04296875,25.125,0.0,164.90478515625,0.0,1
1755,0,591.9288330078125,1705.3011474609375,25.125,0.0,164.90478515625,0.0,1
1756,0,576.3333740234375,1667.415283203125,25.125,0.0,164.90478515625,0.0,1
1757,0,544.4109497070312,1645.496337890625,25.125,0.0,-178.1982421875,0.0,1
1758,0,518.55712890625,1612.065673828125,25.125,0.0,-178.1982421875,0.0,1
1759,0,515.5317993164062,1581.8526611328125,25.125,0.0,-161.30126953125,0.0,1
1760,0,519.1094970703125,1543.0958251953125,25.125,0.0,-161.30126953125,0.0,1
1761,0,503.5252990722656,1506.751708984375,25.125,0.0,-144.404296875,0.0,1
1762,0,500.56451416015625,1464.7646484375,25.125,0.0,-144.404296875,0.0,1
1763,0,514.8626708984375,1425.0206298828125,25.125,0.0,-144.404296875,0.0,1
1764,0,509.6154479980469,1385.1959228515625,25.125,0.0,-127.5128173828125,0.0,1
1765,0,492.71746826171875,1346.838623046875,25.125,0.0,-110.6158447265625,0.0,1
1766,0,478.60101318359375,1308.1990966796875,25.125,0.0,-93.7188720703125,0.0,1
1767,0,472.0016174316406,1265.804443359375,25.125,0.0,-76.8218994140625,0.0,1
1768,0,492.5405578613281,1243.7083740234375,25.125,0.0,-76.8218994140625,0.0,1
1769,0,534.839599609375,1240.970947265625,25.125,0.0,-76.8218994140625,0.0,1
1770,0,569.7396240234375,1220.7850341796875,25.125,0.0,-59.9249267578125,0.0,1
1771,0,583.8742065429688,1214.01416015625,25.125,0.0,-59.9249267578125,0.0,1
1772,0,583.8743286132812,1199.42626953125,25.125,0.0,-43.0279541015625,0.0,1
1773,0,589.9474487304688,1169.2607421875,25.125,0.0,-26.136474609375,0.0,1
1774,0,623.13232421875,1141.32177734375,25.125,0.0,-9.239501953125,0.0,1
1775,0,660.062744140625,1122.94091796875,25.125,0.0,-26.136474609375,0.0,1
1776,0,697.050048828125,1103.094482421875,25.125,0.0,-43.0279541015625,0.0,1
1777,0,730.3976440429688,1081.350341796875,25.125,0.0,-26.136474609375,0.0,1
1778,0,765.5374145507812,1058.8056640625,25.125,0.0,-43.0279541015625,0.0,1
1779,0,797.14599609375,1031.87109375,25.125,0.0,-59.9249267578125,0.0,1
1780,0,837.4979248046875,1024.0689697265625,25.125,0.0,-59.9249267578125,0.0,1
1781,0,878.5560302734375,1034.2647705078125,25.125,0.0,-59.9249267578125,0.0,1
1782,0,916.3729858398438,1050.0576171875,25.125,0.0,-59.9249267578125,0.0,1
1783,0,955.2638549804688,1042.426025390625,25.125,0.0,-43.0279541015625,0.0,1
1784,0,996.0765380859375,1047.2508544921875,25.125,0.0,-43.0279541015625,0.0,1
1785,0,1040.431640625,1045.959228515625,25.125,0.0,-26.136474609375,0.0,1
1786,0,1080.1009521484375,1034.5477294921875,25.125,0.0,-26.136474609375,0.0,1
1787,0,1115.788330078125,1046.7540283203125,25.125,0.0,-26.136474609375,0.0,1
1788,0,1157.343994140625,1057.814697265625,25.125,0.0,-9.239501953125,0.0,1
1789,0,1188.47802734375,1083.486572265625,25.125,0.0,-9.239501953125,0.0,1
1790,0,1226.067626953125,1107.0592041015625,25.125,0.0,7.657470703125,0.0,1
1791,0,1248.459228515625,1140.8699951171875,25.125,0.0,7.657470703125,0.0,1
1792,0,1254.94775390625,1183.7166748046875,25.125,0.0,7.657470703125,0.0,1
1793,0,1254.76123046875,1224.6971435546875,25.125,0.0,7.657470703125,0.0,1
1794,0,1276.5517578125,1257.7564697265625,25.125,0.0,24.554443359375,0.0,1
1795,0,1308.589111328125,1283.2576904296875,25.125,0.0,41.451416015625,0.0,1
1796,0,1343.4957275390625,1295.38818359375,25.125,0.0,58.3428955078125,0.0,1
1797,0,1347.22216796875,1323.851318359375,25.125,0.0,58.3428955078125,0.0,1
1798,0,1320.12353515625,1354.2119140625,25.125,0.0,58.3428955078125,0.0,1
1799,0,1050.0,150.0,25.125,0.0,152.9901123046875,0.0,1
1800,0,1029.2489013671875,157.24659729003906,25.125,0.0,169.8870849609375,0.0,2
1801,0,987.929931640625,165.02862548828125,25.125,0.0,-173.2159423828125,0.0,2
1802,0,963.9288330078125,145.61595153808594,25.125,0.0,-173.2159423828125,0.0,2
1803,0,931.15283203125,120.04656219482422,25.125,0.0,-173.2159423828125,0.0,2
1804,0,916.4193115234375,116.12591552734375,25.125,0.0,-173.2159423828125,0.0,2
1805,0,917.1878662109375,116.12562561035156,25.125,0.0,-173.2159423828125,0.0,2
1806,0,917.9564208984375,116.12591552734375,25.125,0.0,-173.2159423828125,0.0,2
1807,0,918.7249755859375,116.12562561035156,25.125,0.0,-173.2159423828125,0.0,2
1808,0,919.5286865234375,116.12591552734375,25.125,0.0,-173.2159423828125,0.0,2
1809,0,916.1255493164062,116.125,25.125,0.0,-156.324462890625,0.0,2
1810,0,916.1256713867188,116.125,25.125,0.0,-139.427490234375,0.0,2
1811,0,930.26123046875,116.12570190429688,25.125,0.0,-139.427490234375,0.0,2
1812,0,961.668212890625,116.12570190429688,25.125,0.0,-139.427490234375,0.0,2
1813,0,999.72705078125,116.12570190429688,25.125,0.0,-139.427490234375,0.0,2
1814,0,1009.74951171875,116.12552642822266,25.125,0.0,-122.530517578125,0.0,2
1815,0,1024.9317626953125,116.12549591064453,25.125,0.0,-122.530517578125,0.0,2
1816,0,1032.571533203125,116.12560272216797,25.125,0.0,-105.633544921875,0.0,2
1817,0,1030.672607421875,116.12592315673828,25.125,0.0,-88.736572265625,0.0,2
1818,0,1053.553955078125,116.66741180419922,25.125,0.0,-88.736572265625,0.0,2
1819,0,1095.0570068359375,117.5877914428711,25.125,0.0,-88.736572265625,0.0,2
1820,0,1135.687255859375,118.47728729248047,25.125,0.0,-88.736572265625,0.0,2
1821,0,1166.4114990234375,116.1258773803711,25.125,0.0,-71.839599609375,0.0,2
1822,0,1203.436767578125,122.75991821289062,25.125,0.0,-71.839599609375,0.0,2
1823,0,1239.5224609375,116.1255111694336,25.125,0.0,-54.9481201171875,0.0,2
1824,0,1278.526123046875,116.12557220458984,25.125,0.0,-38.0511474609375,0.0,2
1825,0,1319.153076171875,132.54151916503906,25.125,0.0,-38.0511474609375,0.0,2
1826,0,1362.546630859375,136.1304473876953,25.125,0.0,-21.1541748046875,0.0,2
1827,0,1403.0218505859375,130.3341522216797,25.125,0.0,-4.2572021484375,0.0,2
1828,0,1445.0772705078125,127.24851989746094,25.125,0.0,12.6397705078125,0.0,2
1829,0,1486.7305908203125,132.52960205078125,25.125,0.0,29.5367431640625,0.0,2
1830,0,1527.0213623046875,148.72413635253906,25.125,0.0,46.42822265625,0.0,2
1831,0,1534.4720458984375,178.2734832763672,25.125,0.0,46.42822265625,0.0,2
1832,0,1510.7410888671875,183.87457275390625,25.125,0.0,46.42822265625,0.0,2
1833,0,1472.0552978515625,185.7142791748047,25.125,0.0,46.42822265625,0.0,2
1834,0,1433.6734619140625,202.6534423828125,25.125,0.0,46.42822265625,0.0,2
1835,0,1423.98681640625,236.0274658203125,25.125,0.0,63.3251953125,0.0,2
1836,0,1431.7734375,276.3703308105469,25.125,0.0,80.22216796875,0.0,2
1837,0,1437.90869140625,317.95855712890625,25.125,0.0,97.119140625,0.0,2
1838,0,1436.1982421875,359.7979431152344,25.125,0.0,114.01611328125,0.0,2
1839,0,1410.871826171875,377.56048583984375,25.125,0.0,114.01611328125,0.0,2
1840,0,1375.37109375,398.73870849609375,25.125,0.0,130.9075927734375,0.0,2
1841,0,1343.9954833984375,424.7666015625,25.125,0.0,147.8045654296875,0.0,2
1842,0,1316.1258544921875,448.221435546875,25.125,0.0,164.7015380859375,0.0,2
1843,0,1316.1251220703125,440.1201171875,25.125,0.0,164.7015380859375,0.0,2
1844,0,1316.1259765625,426.81744384765625,25.125,0.0,-178.4014892578125,0.0,2
1845,0,1316.1258544921875,420.7848205566406,25.125,0.0,-161.5045166015625,0.0,2
1846,0,1323.846923828125,393.28411865234375,25.125,0.0,-161.5045166015625,0.0,2
1847,0,1310.864990234375,357.7386169433594,25.125,0.0,-144.6075439453125,0.0,2
1848,0,1307.6298828125,316.4088134765625,25.125,0.0,-144.6075439453125,0.0,2
1849,0,1321.887939453125,275.5083923339844,25.125,0.0,-144.6075439453125,0.0,2
1850,0,1341.14306640625,239.3359375,25.125,0.0,-144.6075439453125,0.0,2
1851,0,1337.218505859375,199.86399841308594,25.125,0.0,-127.716064453125,0.0,2
1852,0,1345.1273193359375,160.63128662109375,25.125,0.0,-127.716064453125,0.0,2
1853,0,1347.860595703125,116.22151947021484,25.125,0.0,-110.819091796875,0.0,2
1854,0,1365.9041748046875,116.12532806396484,25.125,0.0,-110.819091796875,0.0,2
1855,0,1381.4332275390625,116.12592315673828,25.125,0.0,-93.922119140625,0.0,2
1856,0,1384.4173583984375,116.12590026855469,25.125,0.0,-77.025146484375,0.0,2
1857,0,1391.036865234375,116.12554168701172,25.125,0.0,-60.128173828125,0.0,2
1858,0,1420.002685546875,128.135498046875,25.125,0.0,-60.128173828125,0.0,2
1859,0,1457.7939453125,121.35143280029297,25.125,0.0,-43.2366943359375,0.0,2
1860,0,1499.631103515625,126.60152435302734,25.125,0.0,-43.2366943359375,0.0,2
1861,0,1536.00390625,148.1847686767578,25.125,0.0,-43.2366943359375,0.0,2
1862,0,1567.6981201171875,174.16734313964844,25.125,0.0,-43.2366943359375,0.0,2
1863,0,1606.2432861328125,178.58102416992188,25.125,0.0,-26.3397216796875,0.0,2
1864,0,1644.0845947265625,195.1732635498047,25.125,0.0,-26.3397216796875,0.0,2
1865,0,1673.3887939453125,227.084228515625,25.125,0.0,-26.3397216796875,0.0,2
1866,0,1683.8743896484375,240.72113037109375,25.125,0.0,-9.4427490234375,0.0,2
1867,0,1683.8740234375,241.01409912109375,25.125,0.0,7.4542236328125,0.0,2
1868,0,1683.8743896484375,240.7876739501953,25.125,0.0,-9.4427490234375,0.0,2
1869,0,1683.8740234375,240.79505920410156,25.125,0.0,7.4542236328125,0.0,2
1870,0,1683.8741455078125,244.0937957763672,25.125,0.0,24.3511962890625,0.0,2
1871,0,1674.2330322265625,269.58746337890625,25.125,0.0,24.3511962890625,0.0,2
1872,0,1658.18359375,306.93218994140625,25.125,0.0,24.3511962890625,0.0,2
1873,0,1667.4493408203125,343.49755859375,25.125,0.0,41.2481689453125,0.0,2
1874,0,1666.1312255859375,385.8301086425781,25.125,0.0,41.2481689453125,0.0,2
1875,0,1648.1126708984375,424.0816955566406,25.125,0.0,41.2481689453125,0.0,2
1876,0,1624.665283203125,458.8495788574219,25.125,0.0,41.2481689453125,0.0,2
1877,0,1624.188232421875,497.5732116699219,25.125,0.0,58.1396484375,0.0,2
1878,0,1636.863525390625,537.5588989257812,25.125,0.0,75.03662109375,0.0,2
1879,0,1622.3966064453125,568.9284057617188,25.125,0.0,75.03662109375,0.0,2
1880,0,1605.58837890625,583.8743896484375,25.125,0.0,91.93359375,0.0,2
1881,0,1595.6575927734375,583.8741455078125,25.125,0.0,108.83056640625,0.0,2
1882,0,950.0,250.0,25.125,0.0,171.8975830078125,0.0,2
1883,0,753.7443237304688,167.489013671875,25.125,0.0,85.9515380859375,0.0,3
1884,0,756.4721069335938,208.82733154296875,25.125,0.0,102.8485107421875,0.0,3
1885,0,734.3910522460938,230.59722900390625,25.125,0.0,102.8485107421875,0.0,3
1886,0,691.86328125,233.37493896484375,25.125,0.0,102.8485107421875,0.0,3
1887,0,657.0767822265625,253.66714477539062,25.125,0.0,119.7454833984375,0.0,3
1888,0,616.6678466796875,261.2326965332031,25.125,0.0,119.7454833984375,0.0,3
1889,0,578.82958984375,280.0553894042969,25.125,0.0,102.8485107421875,0.0,3
1890,0,553.343017578125,313.88934326171875,25.125,0.0,119.7454833984375,0.0,3
1891,0,532.5507202148438,350.55657958984375,25.125,0.0,102.8485107421875,0.0,3
1892,0,519.5303955078125,390.4106140136719,25.125,0.0,85.9515380859375,0.0,3
1893,0,512.7696533203125,431.7430114746094,25.125,0.0,102.8485107421875,0.0,3
1894,0,507.2039794921875,472.1949157714844,25.125,0.0,85.9515380859375,0.0,3
1895,0,507.8699035644531,514.7645874023438,25.125,0.0,69.06005859375,0.0,3
1896,0,518.3276977539062,555.6566162109375,25.125,0.0,52.1630859375,0.0,3
1897,0,539.28564453125,592.683349609375,25.125,0.0,35.26611328125,0.0,3
1898,0,569.8512573242188,622.5230102539062,25.125,0.0,18.369140625,0.0,3
1899,0,604.063232421875,645.20556640625,25.125,0.0,35.26611328125,0.0,3
1900,0,639.902587890625,666.7801513671875,25.125,0.0,18.369140625,0.0,3
1901,0,656.3526611328125,701.8287353515625,25.125,0.0,18.369140625,0.0,3
1902,0,678.799560546875,740.1389770507812,25.125,0.0,35.26611328125,0.0,3
1903,0,706.1060791015625,770.5518798828125,25.125,0.0,52.1630859375,0.0,3
1904,0,734.6600341796875,801.0604248046875,25.125,0.0,35.26611328125,0.0,3
1905,0,767.2823486328125,826.8861083984375,25.125,0.0,18.369140625,0.0,3
1906,0,805.4818115234375,844.9320068359375,25.125,0.0,1.47216796875,0.0,3
1907,0,844.9414672851562,855.9791259765625,25.125,0.0,18.369140625,0.0,3
1908,0,884.6063842773438,865.739501953125,25.125,0.0,1.47216796875,0.0,3
1909,0,910.7657470703125,895.4332275390625,25.125,0.0,1.47216796875,0.0,3
1910,0,944.9524536132812,919.8461303710938,25.125,0.0,-15.4248046875,0.0,3
1911,0,983.87109375,926.2243041992188,25.125,0.0,1.47216796875,0.0,3
1912,0,983.8740844726562,925.704345703125,25.125,0.0,-15.4248046875,0.0,3
1913,0,983.8742065429688,917.5625,25.125,0.0,-32.3162841796875,0.0,3
1914,0,983.8743896484375,893.1241455078125,25.125,0.0,-49.2132568359375,0.0,3
1915,0,983.8744506835938,856.788330078125,25.125,0.0,-32.3162841796875,0.0,3
1916,0,983.8740844726562,821.6324462890625,25.125,0.0,-15.4248046875,0.0,3
1917,0,983.8743896484375,798.9605102539062,25.125,0.0,1.47216796875,0.0,3
1918,0,983.8741455078125,792.1497802734375,25.125,0.0,18.369140625,0.0,3
1919,0,976.60888671875,814.7609252929688,25.125,0.0,18.369140625,0.0,3
1920,0,963.4984130859375,854.2409057617188,25.125,0.0,18.369140625,0.0,3
1921,0,950.685546875,892.8081665039062,25.125,0.0,18.369140625,0.0,3
1922,0,937.8726806640625,931.3754272460938,25.125,0.0,18.369140625,0.0,3
1923,0,924.7572021484375,970.8536987304688,25.125,0.0,18.369140625,0.0,3
1924,0,937.3064575195312,1006.1873779296875,25.125,0.0,35.26611328125,0.0,3
1925,0,940.3043823242188,1048.54736328125,25.125,0.0,35.26611328125,0.0,3
1926,0,926.796630859375,1087.593994140625,25.125,0.0,35.26611328125,0.0,3
1927,0,932.866943359375,1128.3819580078125,25.125,0.0,52.1630859375,0.0,3
1928,0,954.03076171875,1165.2349853515625,25.125,0.0,35.26611328125,0.0,3
1929,0,981.087158203125,1197.318603515625,25.125,0.0,52.1630859375,0.0,3
1930,0,987.5098266601562,1232.7177734375,25.125,0.0,35.26611328125,0.0,3
1931,0,1014.672607421875,1267.0697021484375,25.125,0.0,18.369140625,0.0,3
1932,0,1029.1585693359375,1308.9296875,25.125,0.0,18.369140625,0.0,3
1933,0,1054.887451171875,1342.29541015625,25.125,0.0,1.47216796875,0.0,3
1934,0,1079.960205078125,1380.9420166015625,25.125,0.0,1.47216796875,0.0,3
1935,0,1112.760986328125,1405.013671875,25.125,0.0,-15.4248046875,0.0,3
1936,0,1155.613525390625,1411.494873046875,25.125,0.0,1.47216796875,0.0,3
1937,0,1183.8741455078125,1412.435791015625,25.125,0.0,-15.4248046875,0.0,3
1938,0,1183.874267578125,1404.683837890625,25.125,0.0,-32.3162841796875,0.0,3
1939,0,1183.8741455078125,1385.650146484375,25.125,0.0,-15.4248046875,0.0,3
1940,0,1183.8743896484375,1369.2896728515625,25.125,0.0,1.47216796875,0.0,3
1941,0,1183.8741455078125,1366.072998046875,25.125,0.0,18.369140625,0.0,3
1942,0,1176.556884765625,1389.150390625,25.125,0.0,18.369140625,0.0,3
1943,0,1163.6527099609375,1428.6993408203125,25.125,0.0,18.369140625,0.0,3
1944,0,1178.3729248046875,1458.362060546875,25.125,0.0,1.47216796875,0.0,3
1945,0,1183.8741455078125,1476.59912109375,25.125,0.0,18.369140625,0.0,3
1946,0,1183.874267578125,1498.4073486328125,25.125,0.0,35.26611328125,0.0,3
1947,0,1171.238037109375,1533.3636474609375,25.125,0.0,35.26611328125,0.0,3
1948,0,1176.78271484375,1573.7628173828125,25.125,0.0,52.1630859375,0.0,3
1949,0,1193.57470703125,1611.09228515625,25.125,0.0,69.06005859375,0.0,3
1950,0,1181.8330078125,1644.4248046875,25.125,0.0,69.06005859375,0.0,3
1951,0,1148.1585693359375,1669.77734375,25.125,0.0,69.06005859375,0.0,3
1952,0,1130.5283203125,1707.03515625,25.125,0.0,85.9515380859375,0.0,3
1953,0,1101.4241943359375,1735.770263671875,25.125,0.0,85.9515380859375,0.0,3
1954,0,1061.724853515625,1750.4970703125,25.125,0.0,85.9515380859375,0.0,3
1955,0,1034.2911376953125,1780.1038818359375,25.125,0.0,102.8485107421875,0.0,3
1956,0,1015.7963256835938,1816.6514892578125,25.125,0.0,119.7454833984375,0.0,3
1957,0,982.510009765625,1828.6551513671875,25.125,0.0,119.7454833984375,0.0,3
1958,0,943.376220703125,1843.6845703125,25.125,0.0,136.6424560546875,0.0,3
1959,0,902.7667846679688,1839.865966796875,25.125,0.0,136.6424560546875,0.0,3
1960,0,866.3560791015625,1818.352294921875,25.125,0.0,136.6424560546875,0.0,3
1961,0,833.8441772460938,1791.8369140625,25.125,0.0,136.6424560546875,0.0,3
1962,0,804.1560668945312,1763.975341796875,25.125,0.0,136.6424560546875,0.0,3
1963,0,766.4093017578125,1759.0992431640625,25.125,0.0,153.5394287109375,0.0,3
1964,0,728.5545654296875,1742.646484375,25.125,0.0,153.5394287109375,0.0,3
1965,0,699.7754516601562,1711.574951171875,25.125,0.0,153.5394287109375,0.0,3
1966,0,660.9302368164062,1697.6065673828125,25.125,0.0,170.430908203125,0.0,3
1967,0,620.0999145507812,1694.6873779296875,25.125,0.0,-172.672119140625,0.0,3
1968,0,596.2279663085938,1668.6641845703125,25.125,0.0,-172.672119140625,0.0,3
1969,0,567.3884887695312,1638.242919921875,25.125,0.0,-155.775146484375,0.0,3
1970,0,555.4331665039062,1599.197021484375,25.125,0.0,-155.775146484375,0.0,3
1971,0,561.4983520507812,1557.36181640625,25.125,0.0,-155.775146484375,0.0,3
1972,0,548.4710083007812,1519.348876953125,25.125,0.0,-138.878173828125,0.0,3
1973,0,524.9968872070312,1485.7880859375,25.125,0.0,-121.981201171875,0.0,3
1974,0,503.4922180175781,1450.707275390625,25.125,0.0,-105.084228515625,0.0,3
1975,0,488.58404541015625,1410.4501953125,25.125,0.0,-88.1927490234375,0.0,3
1976,0,484.2758483886719,1368.2652587890625,25.125,0.0,-71.2957763671875,0.0,3
1977,0,491.83013916015625,1325.265625,25.125,0.0,-54.3988037109375,0.0,3
1978,0,519.0762329101562,1312.126220703125,25.125,0.0,-54.3988037109375,0.0,3
1979,0,559.0313720703125,1325.8726806640625,25.125,0.0,-54.3988037109375,0.0,3
1980,0,583.874267578125,1319.9781494140625,25.125,0.0,-37.5018310546875,0.0,3
1981,0,583.8743896484375,1296.3515625,25.125,0.0,-20.6048583984375,0.0,3
1982,0,583.8746948242188,1302.5029296875,25.125,0.0,-20.6048583984375,0.0,3
1983,0,583.8743896484375,1312.4681396484375,25.125,0.0,-3.7078857421875,0.0,3
1984,0,583.8749389648438,1337.3848876953125,25.125,0.0,-3.7078857421875,0.0,3
1985,0,583.875,1378.079345703125,25.125,0.0,-3.7078857421875,0.0,3
1986,0,583.8740844726562,1406.6302490234375,25.125,0.0,13.18359375,0.0,3
1987,0,593.5128784179688,1429.65234375,25.125,0.0,30.08056640625,0.0,3
1988,0,624.0833129882812,1457.3494873046875,25.125,0.0,46.9775390625,0.0,3
1989,0,652.2825927734375,1487.4169921875,25.125,0.0,63.87451171875,0.0,3
1990,0,674.3408813476562,1523.145263671875,25.125,0.0,80.771484375,0.0,3
1991,0,687.068603515625,1564.68115234375,25.125,0.0,97.6629638671875,0.0,3
1992,0,687.919677734375,1606.3646240234375,25.125,0.0,114.5599365234375,0.0,3
1993,0,662.7445678710938,1624.4503173828125,25.125,0.0,114.5599365234375,0.0,3
1994,0,627.8499145507812,1644.431640625,25.125,0.0,131.4569091796875,0.0,3
1995,0,587.884765625,1645.1815185546875,25.125,0.0,131.4569091796875,0.0,3
1996,0,544.7496948242188,1650.117919921875,25.125,0.0,148.3538818359375,0.0,3
1997,0,516.1253051757812,1637.6668701171875,25.125,0.0,148.3538818359375,0.0,3
1998,0,516.12548828125,1599.2796630859375,25.125,0.0,148.3538818359375,0.0,3
1999,0,511.72418212890625,1580.1568603515625,25.125,0.0,165.2508544921875,0.0,3
2000,0,494.4595642089844,1552.5374755859375,25.125,0.0,165.2508544921875,0.0,3
