_step,_timestamp,train/env_steps,intrmotiv/reward/environment_mean
1,1790325425.855882,0.0,0.0
2,1790325445.8556428,16384.0,0.0
3,1790325465.8555615,32768.0,0.0002353583
4,1790325475.8552463,49152.0,0.0
5,1790325495.855554,65536.0,0.0
6,1790325515.8568084,81920.0,0.0002353583
7,1790325535.855477,98304.0,0.0
8,1790325555.855599,114688.0,0.0
9,1790325575.8561664,131072.0,0.0
10,1790325585.856372,147456.0,0.0002353583
11,1790325605.8567462,163840.0,0.0
12,1790325625.8557177,180224.0,0.0
13,1790325645.855615,196608.0,0.0
14,1790325665.8557165,212992.0,0.0
15,1790325685.8553631,229376.0,0.0
16,1790325705.855393,245760.0,0.0002353583
17,1790325725.855435,262144.0,0.0002353583
18,1790325745.855396,278528.0,0.0002353583
19,1790325755.8554504,294912.0,0.0
20,1790325775.8553133,311296.0,0.0
21,1790325795.8566046,327680.0,0.0
22,1790325815.8562088,344064.0,0.0
23,1790325835.8560991,360448.0,0.0002353583
24,1790325855.855327,376832.0,0.0002353583
25,1790325875.8553398,393216.0,0.0
26,1790325895.85668,409600.0,0.0002353583
27,1790325905.8569832,425984.0,0.0
28,1790325925.8561478,442368.0,0.0
29,1790325945.8564048,458752.0,0.0
30,1790325965.864127,475136.0,0.0002353583
31,1790325985.8571851,491520.0,0.0002353583
32,1790326005.8562355,507904.0,0.0
33,1790326025.8555658,524288.0,0.0002353583
34,1790326035.8563538,540672.0,0.0007060749
35,1790326055.855479,557056.0,0.0002353583
36,1790326075.8558564,573440.0,0.0
37,1790326095.856102,589824.0,0.0
38,1790326115.8554518,606208.0,0.0002353583
39,1790326125.8555558,622592.0,0.0
40,1790326145.8564546,638976.0,0.0
41,1790326165.85569,655360.0,0.0
42,1790326185.8572075,671744.0,0.0
43,1790326205.856331,688128.0,0.0
44,1790326215.856451,704512.0,0.0002353583
45,1790326235.8602157,720896.0,0.0
46,1790326255.8586187,737280.0,0.0
47,1790326275.860687,753664.0,0.0002353583
48,1790326285.860652,770048.0,0.0
49,1790326305.8596113,786432.0,0.0
50,1790326325.8603656,802816.0,0.0
51,1790326345.860107,819200.0,0.0
52,1790326365.8608513,835584.0,0.0
53,1790326375.861606,851968.0,0.0
54,1790326395.8601766,868352.0,0.0
55,1790326415.8608675,884736.0,0.0
56,1790326435.8584435,901120.0,0.0
57,1790326445.861081,917504.0,0.0
58,1790326465.8592262,933888.0,0.0
59,1790326485.861582,950272.0,0.0004707166
60,1790326505.8600078,966656.0,0.0002353583
61,1790326525.8597138,983040.0,0.0
62,1790326535.862002,999424.0,0.0
63,1790326555.8576329,1015808.0,0.0
64,1790326575.86032,1032192.0,0.0
65,1790326595.8586404,1048576.0,0.0
66,1790326615.8576958,1064960.0,0.0
67,1790326625.859942,1081344.0,0.0
68,1790326645.8594832,1097728.0,0.0
69,1790326665.8602662,1114112.0,0.0
70,1790326685.860704,1130496.0,0.0
71,1790326705.8605242,1146880.0,0.0
72,1790326725.8611274,1163264.0,0.0
73,1790326735.8582528,1179648.0,0.0002353583
74,1790326755.8581803,1196032.0,0.0002353583
75,1790326775.8584473,1212416.0,0.0
76,1790326795.8582923,1228800.0,0.0002353583
77,1790326805.8594568,1245184.0,0.0
78,1790326825.8596237,1261568.0,0.0002353583
79,1790326845.864836,1277952.0,0.0
80,1790326865.8595862,1294336.0,0.0
81,1790326885.8581352,1310720.0,0.0
82,1790326895.8577292,1327104.0,0.0
83,1790326915.8581426,1343488.0,0.0
84,1790326935.8620524,1359872.0,0.0
85,1790326955.8574862,1376256.0,0.0
86,1790326975.8604474,1392640.0,0.0002353583
87,1790326995.8605652,1409024.0,0.0
88,1790327005.8612432,1425408.0,0.0
89,1790327025.8583395,1441792.0,0.0
90,1790327045.8610003,1458176.0,0.0
91,1790327065.860206,1474560.0,0.0
92,1790327085.8611138,1490944.0,0.0
93,1790327095.8610923,1507328.0,0.0
94,1790327115.8608005,1523712.0,0.0
95,1790327135.859518,1540096.0,0.0002353583
96,1790327155.8581493,1556480.0,0.0
97,1790327175.8592007,1572864.0,0.0002353583
98,1790327195.8600943,1589248.0,0.0
99,1790327205.857996,1605632.0,0.0
100,1790327225.8591096,1622016.0,0.0
101,1790327245.8583765,1638400.0,0.0
102,1790327265.8605769,1654784.0,0.0002353583
103,1790327285.8598874,1671168.0,0.0004707166
104,1790327305.8606734,1687552.0,0.0
105,1790327315.8603518,1703936.0,0.0
106,1790327335.8598902,1720320.0,0.0
107,1790327355.8603623,1736704.0,0.0002353583
108,1790327375.860635,1753088.0,0.0
109,1790327395.8607392,1769472.0,0.0
110,1790327405.8615024,1785856.0,0.0
111,1790327425.8614018,1802240.0,0.0
112,1790327445.860421,1818624.0,0.0
113,1790327465.859995,1835008.0,0.0
114,1790327485.862264,1851392.0,0.0
115,1790327495.857628,1867776.0,0.0
116,1790327515.8609087,1884160.0,0.0
117,1790327535.8604474,1900544.0,0.0
118,1790327555.8602808,1916928.0,0.0
119,1790327575.8591857,1933312.0,0.0
120,1790327585.8579571,1949696.0,0.0
121,1790327605.8609858,1966080.0,0.0
122,1790327625.8605351,1982464.0,0.0004707166
123,1790327645.8607132,1998848.0,0.0
124,1790327665.8608208,2015232.0,0.0
125,1790327675.8596654,2031616.0,0.0
126,1790327695.8592937,2048000.0,0.0
127,1790327715.8614762,2064384.0,0.0002353583
128,1790327735.861659,2080768.0,0.0
129,1790327755.8580625,2097152.0,0.0
130,1790327765.8597984,2113536.0,0.0
131,1790327785.8598697,2129920.0,0.0
132,1790327805.8596735,2146304.0,0.0
133,1790327825.859625,2162688.0,0.0
134,1790327845.859721,2179072.0,0.0
135,1790327855.8579235,2195456.0,0.0
136,1790327875.8603003,2211840.0,0.0
137,1790327895.8586657,2228224.0,0.0
138,1790327915.8583865,2244608.0,0.0
139,1790327935.8600445,2260992.0,0.0
140,1790327945.8601856,2277376.0,0.0
141,1790327965.860782,2293760.0,0.0
142,1790327985.8605497,2310144.0,0.0002353583
143,1790328005.8604567,2326528.0,0.0
144,1790328025.8578174,2342912.0,0.0002353583
145,1790328035.8606153,2359296.0,0.0
146,1790328055.8606727,2375680.0,0.0
147,1790328075.860048,2392064.0,0.0
148,1790328095.8601086,2408448.0,0.0
149,1790328115.858147,2424832.0,0.0002353583
150,1790328125.8609805,2441216.0,0.0
151,1790328145.8608134,2457600.0,0.0002353583
152,1790328165.8596938,2473984.0,0.0
153,1790328185.859831,2490368.0,0.0
154,1790328205.8616977,2506752.0,0.0
155,1790328215.8597972,2523136.0,0.0
156,1790328235.8600388,2539520.0,0.0
157,1790328255.858502,2555904.0,0.0002353583
158,1790328275.8582664,2572288.0,0.0
159,1790328295.8589804,2588672.0,0.0
160,1790328305.860963,2605056.0,0.0
161,1790328325.8576665,2621440.0,0.0
162,1790328345.8606122,2637824.0,0.0
163,1790328365.8604472,2654208.0,0.0002353583
164,1790328385.860558,2670592.0,0.0
165,1790328395.859921,2686976.0,0.0
166,1790328415.8604977,2703360.0,0.0
167,1790328435.8626487,2719744.0,0.0
168,1790328455.860155,2736128.0,0.0
169,1790328475.8586645,2752512.0,0.0
170,1790328485.861656,2768896.0,0.0
171,1790328505.8615005,2785280.0,0.0
172,1790328525.8601437,2801664.0,0.0002353583
173,1790328545.8604767,2818048.0,0.0
174,1790328565.8599858,2834432.0,0.0004707166
175,1790328575.8591752,2850816.0,0.0
176,1790328595.8598032,2867200.0,0.0
177,1790328615.8600793,2883584.0,0.0
178,1790328635.8615067,2899968.0,0.0
179,1790328655.8602548,2916352.0,0.0
180,1790328665.8587704,2932736.0,0.0
181,1790328685.8602638,2949120.0,0.0
182,1790328705.8602831,2965504.0,0.0
183,1790328725.8607066,2981888.0,0.0
184,1790328745.861896,2998272.0,0.0
185,1790328755.8611774,3014656.0,0.0
186,1790328775.8602097,3031040.0,0.0
187,1790328795.8600588,3047424.0,0.0002353583
188,1790328815.860753,3063808.0,0.0
189,1790328835.8593557,3080192.0,0.0
190,1790328845.8603497,3096576.0,0.0
191,1790328865.8592055,3112960.0,0.0
192,1790328885.8618648,3129344.0,0.0
193,1790328905.8611605,3145728.0,0.0002353583
194,1790328925.8580077,3162112.0,0.0
195,1790328935.8589792,3178496.0,0.0
196,1790328955.8583057,3194880.0,0.0
197,1790328975.8589947,3211264.0,0.0
198,1790328995.8600469,3227648.0,0.0
199,1790329015.8580754,3244032.0,0.0
200,1790329025.8580904,3260416.0,0.0002353583
201,1790329045.8602338,3276800.0,0.0
202,1790329065.860336,3293184.0,0.0
203,1790329085.8618588,3309568.0,0.0
204,1790329105.857965,3325952.0,0.0
205,1790329115.860906,3342336.0,0.0
206,1790329135.8613524,3358720.0,0.0
207,1790329155.8604083,3375104.0,0.0
208,1790329175.8608892,3391488.0,0.0
209,1790329195.8602252,3407872.0,0.0
210,1790329215.8583703,3424256.0,0.0
211,1790329225.8604858,3440640.0,0.0
212,1790329245.8600135,3457024.0,0.0
213,1790329265.858049,3473408.0,0.0004707166
214,1790329285.8602064,3489792.0,0.0002353583
215,1790329305.860031,3506176.0,0.0
216,1790329315.8600886,3522560.0,0.0
217,1790329335.859966,3538944.0,0.0002353583
218,1790329355.8617575,3555328.0,0.0
219,1790329375.8593547,3571712.0,0.0
220,1790329385.8587573,3588096.0,0.0
221,1790329405.857841,3604480.0,0.0002353583
222,1790329425.8583035,3620864.0,0.0
223,1790329445.8611324,3637248.0,0.0002353583
224,1790329465.8600566,3653632.0,0.0
225,1790329475.8583057,3670016.0,0.0
226,1790329495.858833,3686400.0,0.0
227,1790329515.8611164,3702784.0,0.0
228,1790329535.8604963,3719168.0,0.0002353583
229,1790329555.8598623,3735552.0,0.0
230,1790329565.8593462,3751936.0,0.0
231,1790329585.8576748,3768320.0,0.0002353583
232,1790329605.8593063,3784704.0,0.0
233,1790329625.8602176,3801088.0,0.0
234,1790329645.8603036,3817472.0,0.0
235,1790329665.859232,3833856.0,0.0002353583
236,1790329675.859913,3850240.0,0.0
237,1790329695.8586063,3866624.0,0.0
238,1790329715.8606832,3883008.0,0.0
239,1790329735.86098,3899392.0,0.0
240,1790329755.8593411,3915776.0,0.0
241,1790329765.85946,3932160.0,0.0004707166
242,1790329785.8586814,3948544.0,0.0
243,1790329805.85935,3964928.0,0.0
244,1790329825.8609211,3981312.0,0.0
245,1790329835.8598027,3997696.0,0.0
246,1790329855.859832,4014080.0,0.0
247,1790329875.860446,4030464.0,0.0
248,1790329895.859016,4046848.0,0.0
249,1790329915.8602366,4063232.0,0.0
250,1790329935.8595576,4079616.0,0.0
251,1790329945.8596385,4096000.0,0.0
252,1790329965.8598492,4112384.0,0.0
253,1790329985.8602977,4128768.0,0.0
254,1790330005.86083,4145152.0,0.0
255,1790330025.8592136,4161536.0,0.0
256,1790330035.858861,4177920.0,0.0
257,1790330055.8580997,4194304.0,0.0
258,1790330075.8583324,4210688.0,0.0
259,1790330095.8600187,4227072.0,0.0
260,1790330115.8592355,4243456.0,0.0
261,1790330125.8608606,4259840.0,0.0
262,1790330145.8603203,4276224.0,0.0
263,1790330165.8622534,4292608.0,0.0
264,1790330185.863829,4308992.0,0.0
265,1790330205.8603537,4325376.0,0.0
266,1790330215.858306,4341760.0,0.0002353583
267,1790330235.8596594,4358144.0,0.0
268,1790330255.8608155,4374528.0,0.0
269,1790330275.8595858,4390912.0,0.0002353583
270,1790330295.8581932,4407296.0,0.0002353583
271,1790330315.85763,4423680.0,0.0
272,1790330325.8602335,4440064.0,0.0
273,1790330345.8594038,4456448.0,0.0
274,1790330365.8583834,4472832.0,0.0002353583
275,1790330385.8600695,4489216.0,0.0
276,1790330405.8594775,4505600.0,0.0
277,1790330415.8592594,4521984.0,0.0
278,1790330435.8584366,4538368.0,0.0
279,1790330455.859135,4554752.0,0.0
280,1790330475.8584802,4571136.0,0.0
281,1790330495.8595436,4587520.0,0.0002353583
282,1790330505.8587508,4603904.0,0.0
283,1790330525.859075,4620288.0,0.0
284,1790330545.857992,4636672.0,0.0
285,1790330565.8579662,4653056.0,0.0002353583
286,1790330585.8608282,4669440.0,0.0
287,1790330595.8582995,4685824.0,0.0002353583
288,1790330615.8580475,4702208.0,0.0004707166
289,1790330635.86243,4718592.0,0.0004707166
290,1790330655.8630383,4734976.0,0.0
291,1790330675.8583395,4751360.0,0.0002353583
292,1790330685.8582666,4767744.0,0.0
293,1790330705.8590815,4784128.0,0.0002353583
294,1790330725.8584948,4800512.0,0.0
295,1790330745.8602045,4816896.0,0.0
296,1790330765.8578672,4833280.0,0.0
297,1790330785.8578222,4849664.0,0.0
298,1790330795.858719,4866048.0,0.0002353583
299,1790330815.858987,4882432.0,0.0
300,1790330835.8593168,4898816.0,0.0
301,1790330855.8593194,4915200.0,0.0
302,1790330875.8608198,4931584.0,0.0
303,1790330885.8609247,4947968.0,0.0
304,1790330905.8594837,4964352.0,0.0002353583
305,1790330925.8604944,4980736.0,0.0
306,1790330945.8594477,4997120.0,0.0
307,1790330955.8584394,5013504.0,0.0002353583
308,1790330975.859532,5029888.0,0.0
309,1790330995.8588178,5046272.0,0.0
310,1790331015.858193,5062656.0,0.0002353583
311,1790331035.8594282,5079040.0,0.0002353583
312,1790331055.8580923,5095424.0,0.0
313,1790331065.858051,5111808.0,0.0002353583
314,1790331085.8596995,5128192.0,0.0004707166
315,1790331105.8603055,5144576.0,0.0009414332
316,1790331125.8599014,5160960.0,0.0002353583
317,1790331135.8577905,5177344.0,0.0004707166
318,1790331155.8598948,5193728.0,0.0002353583
319,1790331175.8593287,5210112.0,0.0
320,1790331195.857669,5226496.0,0.0
321,1790331215.859177,5242880.0,0.0
322,1790331235.8596272,5259264.0,0.0002353583
323,1790331245.8589556,5275648.0,0.0
324,1790331265.8575883,5292032.0,0.0
325,1790331285.8621955,5308416.0,0.0
326,1790331305.859479,5324800.0,0.0
327,1790331325.8590398,5341184.0,0.0002353583
328,1790331345.858311,5357568.0,0.0
329,1790331355.860127,5373952.0,0.0
330,1790331375.8603442,5390336.0,0.0002353583
331,1790331395.8603325,5406720.0,0.0002353583
332,1790331415.8596046,5423104.0,0.0
333,1790331435.8586233,5439488.0,0.0004707166
334,1790331445.86025,5455872.0,0.0
335,1790331465.858662,5472256.0,0.0002353583
336,1790331485.8603587,5488640.0,0.0
337,1790331505.8581855,5505024.0,0.0
338,1790331525.8581991,5521408.0,0.0002353583
339,1790331535.8601327,5537792.0,0.0
340,1790331555.8611996,5554176.0,0.0
341,1790331575.863145,5570560.0,0.0
342,1790331595.8597,5586944.0,0.0
343,1790331615.859187,5603328.0,0.0002353583
344,1790331625.8589172,5619712.0,0.0004707166
345,1790331645.8607595,5636096.0,0.0
346,1790331665.85924,5652480.0,0.0
347,1790331685.8598742,5668864.0,0.0007060749
348,1790331705.858318,5685248.0,0.0002353583
349,1790331715.8601725,5701632.0,0.0
350,1790331735.8605142,5718016.0,0.0
351,1790331755.8585916,5734400.0,0.0
352,1790331775.8609066,5750784.0,0.0
353,1790331795.85839,5767168.0,0.0002353583
354,1790331805.8583002,5783552.0,0.0002353583
355,1790331825.8577905,5799936.0,0.0
356,1790331845.8592129,5816320.0,0.0
357,1790331865.858488,5832704.0,0.0002353583
358,1790331885.8593311,5849088.0,0.0
359,1790331895.85776,5865472.0,0.0004707166
360,1790331915.8598652,5881856.0,0.0002353583
361,1790331935.8581889,5898240.0,0.0004707166
362,1790331955.8578188,5914624.0,0.0
363,1790331975.8593757,5931008.0,0.0
364,1790331985.8595655,5947392.0,0.0002353583
365,1790332005.8605256,5963776.0,0.0002353583
366,1790332025.8578925,5980160.0,0.0002353583
367,1790332045.8574889,5996544.0,0.0
368,1790332065.860368,6012928.0,0.0002353583
369,1790332075.8603382,6029312.0,0.0
370,1790332095.8603506,6045696.0,0.0002353583
371,1790332115.8602643,6062080.0,0.0002353583
372,1790332135.8578286,6078464.0,0.0
373,1790332155.8595235,6094848.0,0.0
374,1790332165.859932,6111232.0,0.0
375,1790332185.8597145,6127616.0,0.0
376,1790332205.8603177,6144000.0,0.0002353583
377,1790332225.860138,6160384.0,0.0002353583
378,1790332245.8609395,6176768.0,0.0
379,1790332255.8604372,6193152.0,0.0002353583
380,1790332275.8605936,6209536.0,0.0
381,1790332295.860412,6225920.0,0.0002353583
382,1790332315.858216,6242304.0,0.0
383,1790332335.8591433,6258688.0,0.0002353583
384,1790332355.860376,6275072.0,0.0002353583
385,1790332375.8579032,6291456.0,0.0
386,1790332395.8601122,6307840.0,0.0
387,1790332415.8584423,6324224.0,0.0002353583
388,1790332435.8612802,6340608.0,0.0
389,1790332445.8588846,6356992.0,0.0
390,1790332465.8580587,6373376.0,0.0
391,1790332485.8591404,6389760.0,0.0
392,1790332505.858014,6406144.0,0.0002353583
393,1790332525.861855,6422528.0,0.0002353583
394,1790332545.8582711,6438912.0,0.0
395,1790332565.8587945,6455296.0,0.0
396,1790332585.8583543,6471680.0,0.0
397,1790332605.8584874,6488064.0,0.0009414332
398,1790332615.8634584,6504448.0,0.0002353583
399,1790332635.8576484,6520832.0,0.0
400,1790332655.8596604,6537216.0,0.0
401,1790332675.8578286,6553600.0,0.0
402,1790332695.8576007,6569984.0,0.0002353583
403,1790332715.8592598,6586368.0,0.0002353583
404,1790332735.861383,6602752.0,0.0
405,1790332755.8581724,6619136.0,0.0
406,1790332765.8591022,6635520.0,0.0
407,1790332785.857873,6651904.0,0.0
408,1790332805.858117,6668288.0,0.0002353583
409,1790332825.8575125,6684672.0,0.0002353583
410,1790332845.8584092,6701056.0,0.0002353583
411,1790332865.8572824,6717440.0,0.0002353583
412,1790332885.8571055,6733824.0,0.0
413,1790332905.858381,6750208.0,0.0002353583
414,1790332925.857613,6766592.0,0.0
415,1790332935.8578715,6782976.0,0.0
416,1790332955.859031,6799360.0,0.0
417,1790332975.8575623,6815744.0,0.0
418,1790332995.8573637,6832128.0,0.0
419,1790333015.8581038,6848512.0,0.0002353583
420,1790333035.86003,6864896.0,0.0
421,1790333055.8581235,6881280.0,0.0004707166
422,1790333075.857855,6897664.0,0.0004707166
423,1790333095.8597498,6914048.0,0.0
424,1790333105.8589177,6930432.0,0.0
425,1790333125.8573985,6946816.0,0.0002353583
426,1790333145.8591154,6963200.0,0.0
427,1790333165.8572495,6979584.0,0.0004707166
428,1790333185.857152,6995968.0,0.0002353583
429,1790333205.8574183,7012352.0,0.0002353583
430,1790333225.8584836,7028736.0,0.0
431,1790333245.8597305,7045120.0,0.0
432,1790333255.859294,7061504.0,0.0
433,1790333275.859186,7077888.0,0.0002353583
434,1790333295.858154,7094272.0,0.0
435,1790333315.858351,7110656.0,0.0
436,1790333335.8603418,7127040.0,0.0
437,1790333355.8577032,7143424.0,0.0002353583
438,1790333375.858605,7159808.0,0.0
439,1790333395.857463,7176192.0,0.0004707166
440,1790333405.8590703,7192576.0,0.0
441,1790333425.8573012,7208960.0,0.0
442,1790333445.8578775,7225344.0,0.0
443,1790333465.8610065,7241728.0,0.0002353583
444,1790333485.8603354,7258112.0,0.0
445,1790333505.857933,7274496.0,0.0
446,1790333535.8610258,7290880.0,0.0004707166
447,1790333545.8592305,7307264.0,0.0
448,1790333565.8609805,7323648.0,0.0002353583
449,1790333585.8574786,7340032.0,0.0
450,1790333605.8585138,7356416.0,0.0002353583
451,1790333625.8578837,7372800.0,0.0002353583
452,1790333655.857833,7389184.0,0.0
453,1790333675.859179,7405568.0,0.0002353583
454,1790333695.8593528,7421952.0,0.0
455,1790333715.858965,7438336.0,0.0002353583
456,1790333735.862564,7454720.0,0.0009414332
457,1790333755.8602417,7471104.0,0.0
458,1790333775.8603518,7487488.0,0.0002353583
459,1790333795.8602903,7503872.0,0.0002353583
460,1790333815.857607,7520256.0,0.0
461,1790333835.859435,7536640.0,0.0004707166
462,1790333845.8579,7553024.0,0.0002353583
463,1790333865.8604214,7569408.0,0.0
464,1790333885.8574555,7585792.0,0.0
465,1790333905.8598108,7602176.0,0.0
466,1790333925.8602955,7618560.0,0.0007060749
467,1790333945.8588064,7634944.0,0.0
468,1790333965.8591554,7651328.0,0.0
469,1790333985.8578317,7667712.0,0.0
470,1790334005.8600328,7684096.0,0.0002353583
471,1790334025.8578424,7700480.0,0.0
472,1790334045.8577943,7716864.0,0.0004707166
473,1790334065.8590531,7733248.0,0.0002353583
474,1790334075.858934,7749632.0,0.0
475,1790334095.8577392,7766016.0,0.0
476,1790334115.8578024,7782400.0,0.0
477,1790334135.8576305,7798784.0,0.0
478,1790334155.8574457,7815168.0,0.0
479,1790334175.8574684,7831552.0,0.0
480,1790334195.8576689,7847936.0,0.0002353583
481,1790334205.8586648,7864320.0,0.0002353583
482,1790334225.8576794,7880704.0,0.0004707166
483,1790334245.8579056,7897088.0,0.0
484,1790334265.8596642,7913472.0,0.0002353583
485,1790334285.8575935,7929856.0,0.0004707166
486,1790334305.8573964,7946240.0,0.0002353583
487,1790334325.8575358,7962624.0,0.0
488,1790334345.8573656,7979008.0,0.0
489,1790334365.858698,7995392.0,0.0002353583
490,1790334375.8580365,8011776.0,0.0
491,1790334395.8576815,8028160.0,0.0
492,1790334415.8573935,8044544.0,0.0002353583
493,1790334435.8574512,8060928.0,0.0
494,1790334455.857446,8077312.0,0.0002353583
495,1790334475.8586698,8093696.0,0.0
496,1790334495.8579657,8110080.0,0.0002353583
497,1790334515.8583283,8126464.0,0.0002353583
498,1790334535.8602543,8142848.0,0.0002353583
499,1790334545.8600397,8159232.0,0.0002353583
500,1790334565.8588192,8175616.0,0.0
501,1790334585.857724,8192000.0,0.0
502,1790334605.8575616,8208384.0,0.0004707166
503,1790334625.8576405,8224768.0,0.0
504,1790334645.8621402,8241152.0,0.0002353583
505,1790334665.8602169,8257536.0,0.0002353583
506,1790334685.857433,8273920.0,0.0002353583
507,1790334705.8579369,8290304.0,0.0
508,1790334725.860503,8306688.0,0.0
509,1790334745.8576264,8323072.0,0.0
510,1790334755.859395,8339456.0,0.0
511,1790334775.857622,8355840.0,0.0
512,1790334795.860019,8372224.0,0.0
513,1790334815.8593554,8388608.0,0.0002353583
514,1790334835.8583505,8404992.0,0.0
515,1790334855.8574634,8421376.0,0.0002353583
516,1790334875.8593695,8437760.0,0.0002353583
517,1790334895.8584878,8454144.0,0.0002353583
518,1790334905.8584476,8470528.0,0.0
519,1790334925.85791,8486912.0,0.0002353583
520,1790334945.8598137,8503296.0,0.0002353583
521,1790334965.859789,8519680.0,0.0
522,1790334985.859936,8536064.0,0.0
523,1790335005.8576827,8552448.0,0.0002353583
524,1790335025.8574543,8568832.0,0.0002353583
525,1790335045.8589268,8585216.0,0.0
526,1790335065.8575387,8601600.0,0.0
527,1790335085.8593264,8617984.0,0.0
528,1790335105.857614,8634368.0,0.0002353583
529,1790335115.857651,8650752.0,0.0
530,1790335135.8573854,8667136.0,0.0
531,1790335155.8591576,8683520.0,0.0
532,1790335175.857639,8699904.0,0.0
533,1790335195.857647,8716288.0,0.0
534,1790335215.8582969,8732672.0,0.0
535,1790335235.8601384,8749056.0,0.0
536,1790335255.8585362,8765440.0,0.0
537,1790335275.8580167,8781824.0,0.0
538,1790335285.8575935,8798208.0,0.0
539,1790335315.857789,8814592.0,0.0
540,1790335325.8577106,8830976.0,0.0
541,1790335345.8598602,8847360.0,0.0
542,1790335365.8586805,8863744.0,0.0
543,1790335385.8599648,8880128.0,0.0002353583
544,1790335405.8596818,8896512.0,0.0
545,1790335425.857789,8912896.0,0.0002353583
546,1790335445.857656,8929280.0,0.0002353583
547,1790335455.858364,8945664.0,0.0
548,1790335475.8578925,8962048.0,0.0002353583
549,1790335495.860967,8978432.0,0.0
550,1790335515.858992,8994816.0,0.0002353583
551,1790335535.857832,9011200.0,0.0002353583
552,1790335555.8576689,9027584.0,0.0002353583
553,1790335575.8593311,9043968.0,0.0
554,1790335585.8582373,9060352.0,0.0002353583
555,1790335605.858554,9076736.0,0.0
556,1790335625.8596346,9093120.0,0.0
557,1790335645.8572328,9109504.0,0.0002353583
558,1790335665.8596313,9125888.0,0.0002353583
559,1790335685.8597782,9142272.0,0.0
560,1790335705.859463,9158656.0,0.0
561,1790335715.857936,9175040.0,0.0004707166
562,1790335735.8575382,9191424.0,0.0
563,1790335755.8605194,9207808.0,0.0
564,1790335775.8592288,9224192.0,0.0
565,1790335795.8592317,9240576.0,0.0
566,1790335815.8586528,9256960.0,0.0
567,1790335835.8575056,9273344.0,0.0002353583
568,1790335855.8571937,9289728.0,0.0
569,1790335865.8591475,9306112.0,0.0
570,1790335885.8578346,9322496.0,0.0
571,1790335905.8596036,9338880.0,0.0002353583
572,1790335925.858843,9355264.0,0.0
573,1790335945.857403,9371648.0,0.0
574,1790335965.8573818,9388032.0,0.0
575,1790335985.8578682,9404416.0,0.0
576,1790336005.8576205,9420800.0,0.0002353583
577,1790336025.857731,9437184.0,0.0
578,1790336045.860672,9453568.0,0.0
579,1790336065.8580055,9469952.0,0.0002353583
580,1790336085.857653,9486336.0,0.0
581,1790336095.858424,9502720.0,0.0
582,1790336115.859259,9519104.0,0.0
583,1790336135.8575988,9535488.0,0.0
584,1790336155.8576849,9551872.0,0.0002353583
585,1790336175.8587842,9568256.0,0.0
586,1790336195.857862,9584640.0,0.0
587,1790336215.8585272,9601024.0,0.0
588,1790336235.8580835,9617408.0,0.0
589,1790336255.8579874,9633792.0,0.0
590,1790336275.8582911,9650176.0,0.0
591,1790336285.858261,9666560.0,0.0002353583
592,1790336305.8594627,9682944.0,0.0
593,1790336325.8582098,9699328.0,0.0007060749
594,1790336345.8584766,9715712.0,0.0002353583
595,1790336365.858697,9732096.0,0.0
596,1790336385.8603125,9748480.0,0.0002353583
597,1790336405.8599784,9764864.0,0.0
598,1790336425.86209,9781248.0,0.0
599,1790336445.8575697,9797632.0,0.0
600,1790336465.8583598,9814016.0,0.0
601,1790336485.8573906,9830400.0,0.0
602,1790336505.8601758,9846784.0,0.0002353583
603,1790336525.85766,9863168.0,0.0
604,1790336545.8584118,9879552.0,0.0
605,1790336565.8574018,9895936.0,0.0
606,1790336585.8572185,9912320.0,0.0
607,1790336605.8639383,9928704.0,0.0
608,1790336615.860185,9945088.0,0.0002353583
609,1790336635.8600652,9961472.0,0.0002353583
610,1790336655.8599966,9977856.0,0.0
611,1790336675.8577569,9994240.0,0.0
612,1790336695.8575406,10010624.0,0.0
613,1790336715.8605716,10027008.0,0.0
614,1790336735.8595586,10043392.0,0.0002353583
615,1790336755.8614326,10059776.0,0.0
616,1790336775.8593447,10076160.0,0.0
617,1790336795.8570976,10092544.0,0.0
618,1790336815.8572645,10108928.0,0.0002353583
619,1790336835.8594627,10125312.0,0.0
620,1790336845.8575475,10141696.0,0.0002353583
621,1790336865.8591578,10158080.0,0.0002353583
622,1790336885.8575082,10174464.0,0.0
623,1790336905.8581414,10190848.0,0.0004707166
624,1790336925.8600078,10207232.0,0.0
625,1790336945.8588643,10223616.0,0.0
626,1790336965.8576348,10240000.0,0.0004707166
627,1790336985.8593435,10256384.0,0.0
628,1790337005.857814,10272768.0,0.0
629,1790337025.8576283,10289152.0,0.0002353583
630,1790337035.857644,10305536.0,0.0002353583
631,1790337055.8589382,10321920.0,0.0002353583
632,1790337075.857388,10338304.0,0.0004707166
633,1790337095.8574984,10354688.0,0.0
634,1790337115.858794,10371072.0,0.0
635,1790337135.8590066,10387456.0,0.0
636,1790337155.8585544,10403840.0,0.0004707166
637,1790337175.8611715,10420224.0,0.0002353583
638,1790337195.8590815,10436608.0,0.0
639,1790337215.859885,10452992.0,0.0
640,1790337225.8597064,10469376.0,0.0002353583
641,1790337245.8575103,10485760.0,0.0004707166
642,1790337265.8576128,10502144.0,0.0
643,1790337285.8574822,10518528.0,0.0
644,1790337305.8587728,10534912.0,0.0
645,1790337325.857401,10551296.0,0.0
646,1790337345.858761,10567680.0,0.0002353583
647,1790337365.8580608,10584064.0,0.0002353583
648,1790337385.8577476,10600448.0,0.0
649,1790337395.8596077,10616832.0,0.0
650,1790337415.8577795,10633216.0,0.0004707166
651,1790337435.8589163,10649600.0,0.0002353583
652,1790337455.858054,10665984.0,0.0
653,1790337475.8592792,10682368.0,0.0002353583
654,1790337495.8585024,10698752.0,0.0007060749
655,1790337515.8573449,10715136.0,0.0002353583
656,1790337535.8575137,10731520.0,0.0
657,1790337555.858885,10747904.0,0.0
658,1790337575.8575623,10764288.0,0.0004707166
659,1790337595.8572328,10780672.0,0.0007060749
660,1790337615.8585858,10797056.0,0.0002353583
661,1790337625.8585944,10813440.0,0.0002353583
662,1790337645.857551,10829824.0,0.0004707166
663,1790337665.860582,10846208.0,0.0
664,1790337685.85894,10862592.0,0.0002353583
665,1790337705.8590362,10878976.0,0.0
666,1790337725.8597422,10895360.0,0.0
667,1790337745.8576794,10911744.0,0.0
668,1790337765.8579352,10928128.0,0.0002353583
669,1790337775.8592637,10944512.0,0.0
670,1790337795.8575418,10960896.0,0.0
671,1790337815.8601713,10977280.0,0.0002353583
672,1790337835.862042,10993664.0,0.0
673,1790337855.8591852,11010048.0,0.0
674,1790337875.8602996,11026432.0,0.0007060749
675,1790337895.8576636,11042816.0,0.0
676,1790337915.8577616,11059200.0,0.0
677,1790337935.8576996,11075584.0,0.0
678,1790337955.8584452,11091968.0,0.0002353583
679,1790337975.8595202,11108352.0,0.0
680,1790337995.8584025,11124736.0,0.0004707166
681,1790338015.85753,11141120.0,0.0002353583
682,1790338035.8593607,11157504.0,0.0
683,1790338055.8574653,11173888.0,0.0
684,1790338065.858575,11190272.0,0.0002353583
685,1790338085.8589697,11206656.0,0.0
686,1790338105.8587017,11223040.0,0.0
687,1790338125.8585072,11239424.0,0.0002353583
688,1790338145.85752,11255808.0,0.0
689,1790338165.8576658,11272192.0,0.0002353583
690,1790338185.8581653,11288576.0,0.0002353583
691,1790338205.8581471,11304960.0,0.0009414332
692,1790338225.8606455,11321344.0,0.0
693,1790338245.8603444,11337728.0,0.0
694,1790338265.857942,11354112.0,0.0004707166
695,1790338285.859856,11370496.0,0.0004707166
696,1790338305.859487,11386880.0,0.0004707166
697,1790338325.8584087,11403264.0,0.0002353583
698,1790338345.857255,11419648.0,0.0
699,1790338365.8575797,11436032.0,0.0004707166
700,1790338385.8606372,11452416.0,0.0
701,1790338395.8592331,11468800.0,0.0002353583
702,1790338415.8575468,11485184.0,0.0
703,1790338435.8579507,11501568.0,0.0
704,1790338455.8575785,11517952.0,0.0004707166
705,1790338475.858487,11534336.0,0.0002353583
706,1790338495.85916,11550720.0,0.0002353583
707,1790338515.8575556,11567104.0,0.0
708,1790338535.8574898,11583488.0,0.0
709,1790338555.8605423,11599872.0,0.0
710,1790338575.857299,11616256.0,0.0
711,1790338595.8577986,11632640.0,0.0002353583
712,1790338615.8577557,11649024.0,0.0
713,1790338635.859154,11665408.0,0.0
714,1790338655.8584535,11681792.0,0.0
715,1790338675.8582027,11698176.0,0.0
716,1790338685.8574717,11714560.0,0.0002353583
717,1790338705.8585818,11730944.0,0.0
718,1790338725.857349,11747328.0,0.0
719,1790338745.857604,11763712.0,0.0002353583
720,1790338765.858065,11780096.0,0.0
721,1790338785.85752,11796480.0,0.0
722,1790338805.8573954,11812864.0,0.0002353583
723,1790338825.8579128,11829248.0,0.0
724,1790338845.8600173,11845632.0,0.0002353583
725,1790338865.8575203,11862016.0,0.0
726,1790338885.857685,11878400.0,0.0
727,1790338915.8576272,11894784.0,0.0
728,1790338935.8576071,11911168.0,0.0
729,1790338955.8598597,11927552.0,0.0
730,1790338965.8588524,11943936.0,0.0
731,1790338995.8575628,11960320.0,0.0
732,1790339015.8571844,11976704.0,0.0002353583
733,1790339035.857474,11993088.0,0.0
734,1790339055.8576844,12009472.0,0.0002353583
735,1790339075.8574426,12025856.0,0.0
736,1790339095.8576946,12042240.0,0.0002353583
737,1790339105.8593323,12058624.0,0.0002353583
738,1790339125.8585303,12075008.0,0.0002353583
739,1790339145.8587615,12091392.0,0.0
740,1790339165.8606975,12107776.0,0.0
741,1790339185.85901,12124160.0,0.0
742,1790339205.8605044,12140544.0,0.0
743,1790339235.8573384,12156928.0,0.0
744,1790339255.857309,12173312.0,0.0
745,1790339275.8583565,12189696.0,0.0
746,1790339295.8574336,12206080.0,0.0007060749
747,1790339305.8581212,12222464.0,0.0
748,1790339325.8605254,12238848.0,0.0
749,1790339345.857919,12255232.0,0.0004707166
750,1790339365.8579671,12271616.0,0.0
751,1790339385.8601031,12288000.0,0.0
752,1790339405.8583386,12304384.0,0.0
753,1790339425.8588588,12320768.0,0.0
754,1790339445.857418,12337152.0,0.0002353583
755,1790339465.8581192,12353536.0,0.0
756,1790339485.8571684,12369920.0,0.0002353583
757,1790339505.8601038,12386304.0,0.0
758,1790339525.857622,12402688.0,0.0
759,1790339545.857627,12419072.0,0.0
760,1790339565.8601456,12435456.0,0.0002353583
761,1790339585.862935,12451840.0,0.0
762,1790339605.858771,12468224.0,0.0
763,1790339615.8575726,12484608.0,0.0
764,1790339635.8575482,12500992.0,0.0
765,1790339655.8575628,12517376.0,0.0
766,1790339675.857942,12533760.0,0.0002353583
767,1790339695.8586287,12550144.0,0.0
768,1790339715.857859,12566528.0,0.0
769,1790339735.859686,12582912.0,0.0
770,1790339755.8575816,12599296.0,0.0
771,1790339775.858229,12615680.0,0.0002353583
772,1790339795.857846,12632064.0,0.0
773,1790339815.857412,12648448.0,0.0002353583
774,1790339835.858381,12664832.0,0.0002353583
775,1790339855.85738,12681216.0,0.0
776,1790339875.8591192,12697600.0,0.0002353583
777,1790339895.8573935,12713984.0,0.0002353583
778,1790339905.8586862,12730368.0,0.0
779,1790339925.8602269,12746752.0,0.0004707166
780,1790339945.85754,12763136.0,0.0002353583
781,1790339965.857895,12779520.0,0.0
782,1790339985.859943,12795904.0,0.0
783,1790340005.8582473,12812288.0,0.0
784,1790340025.8580706,12828672.0,0.0
785,1790340045.8572607,12845056.0,0.0
786,1790340065.8582702,12861440.0,0.0
787,1790340085.8580332,12877824.0,0.0
788,1790340095.8575392,12894208.0,0.0002353583
789,1790340115.8574378,12910592.0,0.0
790,1790340135.8615808,12926976.0,0.0
791,1790340155.8574488,12943360.0,0.0002353583
792,1790340175.8579898,12959744.0,0.0
793,1790340195.8577166,12976128.0,0.0
794,1790340215.8570993,12992512.0,0.0
795,1790340235.8604386,13008896.0,0.0004707166
796,1790340255.8577464,13025280.0,0.0
797,1790340275.85753,13041664.0,0.0002353583
798,1790340295.8573153,13058048.0,0.0
799,1790340315.8599246,13074432.0,0.0
800,1790340325.8594356,13090816.0,0.0
801,1790340345.8575983,13107200.0,0.0
802,1790340365.8574562,13123584.0,0.0002353583
803,1790340385.857553,13139968.0,0.0
804,1790340405.858005,13156352.0,0.0002353583
805,1790340425.857254,13172736.0,0.0
806,1790340445.8573992,13189120.0,0.0
807,1790340465.8593042,13205504.0,0.0
808,1790340485.8590715,13221888.0,0.0
809,1790340505.8572917,13238272.0,0.0
810,1790340515.8578498,13254656.0,0.0004707166
811,1790340535.8576496,13271040.0,0.0002353583
812,1790340555.8594556,13287424.0,0.0
813,1790340575.8591125,13303808.0,0.0
814,1790340595.857328,13320192.0,0.0002353583
815,1790340615.8583837,13336576.0,0.0
816,1790340635.8573732,13352960.0,0.0
817,1790340655.8572931,13369344.0,0.0
818,1790340675.8597753,13385728.0,0.0002353583
819,1790340685.857926,13402112.0,0.0
820,1790340705.8598576,13418496.0,0.0
821,1790340725.8587885,13434880.0,0.0
822,1790340745.8592644,13451264.0,0.0
823,1790340765.8574162,13467648.0,0.0009414332
824,1790340785.8571525,13484032.0,0.0004707166
825,1790340805.859252,13500416.0,0.0
826,1790340825.8573658,13516800.0,0.0002353583
827,1790340845.8577406,13533184.0,0.0002353583
828,1790340865.8606396,13549568.0,0.0002353583
829,1790340885.8586853,13565952.0,0.0
830,1790340905.8572302,13582336.0,0.0
831,1790340915.857825,13598720.0,0.0
832,1790340935.8590126,13615104.0,0.0
833,1790340955.8578134,13631488.0,0.0
834,1790340975.8592863,13647872.0,0.0007060749
835,1790340995.860114,13664256.0,0.0
836,1790341015.8601978,13680640.0,0.0
837,1790341035.8598769,13697024.0,0.0
838,1790341055.8577363,13713408.0,0.0
839,1790341075.8580868,13729792.0,0.0
840,1790341095.8599246,13746176.0,0.0002353583
841,1790341115.8586864,13762560.0,0.0
842,1790341135.858862,13778944.0,0.0
843,1790341145.8615017,13795328.0,0.0
844,1790341165.859114,13811712.0,0.0
845,1790341185.858721,13828096.0,0.0
846,1790341205.8579905,13844480.0,0.0
847,1790341225.8593082,13860864.0,0.0004707166
848,1790341245.860486,13877248.0,0.0
849,1790341265.8600852,13893632.0,0.0002353583
850,1790341285.8599737,13910016.0,0.0
851,1790341305.8602169,13926400.0,0.0002353583
852,1790341325.859281,13942784.0,0.0002353583
853,1790341345.8603444,13959168.0,0.0
854,1790341365.8592424,13975552.0,0.0
855,1790341385.8602247,13991936.0,0.0
856,1790341405.8591125,14008320.0,0.0
857,1790341415.8585193,14024704.0,0.0004707166
858,1790341435.8577113,14041088.0,0.0
859,1790341455.858903,14057472.0,0.0
860,1790341475.8596306,14073856.0,0.0
861,1790341495.8600943,14090240.0,0.0009414332
862,1790341515.857214,14106624.0,0.0
863,1790341535.858955,14123008.0,0.0
864,1790341555.8574543,14139392.0,0.0
865,1790341575.8576522,14155776.0,0.0002353583
866,1790341585.85893,14172160.0,0.0
867,1790341605.8573658,14188544.0,0.0
868,1790341625.8576448,14204928.0,0.0
869,1790341645.8572628,14221312.0,0.0
870,1790341665.8583603,14237696.0,0.0002353583
871,1790341685.857607,14254080.0,0.0004707166
872,1790341705.8580968,14270464.0,0.0
873,1790341725.859228,14286848.0,0.0
874,1790341735.857967,14303232.0,0.0002353583
875,1790341755.857126,14319616.0,0.0002353583
876,1790341775.8603363,14336000.0,0.0
877,1790341795.8596642,14352384.0,0.0
878,1790341815.857624,14368768.0,0.0
879,1790341835.857412,14385152.0,0.0
880,1790341855.8575125,14401536.0,0.0
881,1790341875.8575768,14417920.0,0.0002353583
882,1790341885.857441,14434304.0,0.0
883,1790341905.858749,14450688.0,0.0
884,1790341925.8585925,14467072.0,0.0002353583
885,1790341945.8576956,14483456.0,0.0
886,1790341965.859314,14499840.0,0.0
887,1790341985.8574314,14516224.0,0.0
888,1790342005.8598895,14532608.0,0.0
889,1790342015.8574617,14548992.0,0.0
890,1790342035.8590944,14565376.0,0.0
891,1790342055.859939,14581760.0,0.0
892,1790342075.8602915,14598144.0,0.0
893,1790342095.8588078,14614528.0,0.0
894,1790342115.857277,14630912.0,0.0
895,1790342135.858741,14647296.0,0.0
896,1790342155.8573606,14663680.0,0.0
897,1790342175.8602006,14680064.0,0.0
898,1790342185.860578,14696448.0,0.0
899,1790342205.857706,14712832.0,0.0
900,1790342225.857381,14729216.0,0.0002353583
901,1790342245.8572788,14745600.0,0.0
902,1790342265.8586414,14761984.0,0.0
903,1790342285.8583071,14778368.0,0.0
904,1790342305.8583057,14794752.0,0.0
905,1790342325.857376,14811136.0,0.0
906,1790342345.862614,14827520.0,0.0
907,1790342365.8578072,14843904.0,0.0
908,1790342385.857432,14860288.0,0.0
909,1790342405.859066,14876672.0,0.0
910,1790342425.8591998,14893056.0,0.0
911,1790342445.8584406,14909440.0,0.0
912,1790342465.857821,14925824.0,0.0
913,1790342485.8588626,14942208.0,0.0004707166
914,1790342505.8584845,14958592.0,0.0
915,1790342525.8572557,14974976.0,0.0
916,1790342545.8592496,14991360.0,0.0002353583
917,1790342565.8575325,15007744.0,0.0
918,1790342585.8573906,15024128.0,0.0004707166
919,1790342605.8589084,15040512.0,0.0002353583
920,1790342625.8573632,15056896.0,0.0
921,1790342645.8605657,15073280.0,0.0002353583
922,1790342665.8583658,15089664.0,0.0002353583
923,1790342685.8581166,15106048.0,0.0002353583
924,1790342705.8588295,15122432.0,0.0
925,1790342725.8571482,15138816.0,0.0
926,1790342745.8588448,15155200.0,0.0
927,1790342755.8605464,15171584.0,0.0
928,1790342775.857298,15187968.0,0.0
929,1790342795.858996,15204352.0,0.0002353583
930,1790342815.8575027,15220736.0,0.0007060749
931,1790342835.8597462,15237120.0,0.0
932,1790342855.857288,15253504.0,0.0004707166
933,1790342875.859769,15269888.0,0.0
934,1790342895.8591747,15286272.0,0.0
935,1790342915.8578358,15302656.0,0.0
936,1790342935.8603034,15319040.0,0.0
937,1790342955.8599803,15335424.0,0.0002353583
938,1790342975.8597865,15351808.0,0.0
939,1790342995.857964,15368192.0,0.0002353583
940,1790343015.8594875,15384576.0,0.0
941,1790343035.8577373,15400960.0,0.0
942,1790343055.857241,15417344.0,0.0
943,1790343075.8584654,15433728.0,0.0002353583
944,1790343095.8575542,15450112.0,0.0
945,1790343115.8602076,15466496.0,0.0002353583
946,1790343135.857265,15482880.0,0.0
947,1790343155.8596876,15499264.0,0.0
948,1790343175.861036,15515648.0,0.0
949,1790343195.858501,15532032.0,0.0
950,1790343205.8572862,15548416.0,0.0
951,1790343225.85744,15564800.0,0.0002353583
952,1790343245.8605554,15581184.0,0.0
953,1790343265.857305,15597568.0,0.0002353583
954,1790343285.857566,15613952.0,0.0
955,1790343305.8574166,15630336.0,0.0
956,1790343325.8573284,15646720.0,0.0
957,1790343345.8581636,15663104.0,0.0
958,1790343365.8578222,15679488.0,0.0
959,1790343385.85825,15695872.0,0.0
960,1790343405.8572836,15712256.0,0.0002353583
961,1790343425.85722,15728640.0,0.0
962,1790343445.8595824,15745024.0,0.0
963,1790343465.8580856,15761408.0,0.0
964,1790343485.857592,15777792.0,0.0
965,1790343505.858311,15794176.0,0.0
966,1790343525.857624,15810560.0,0.0
967,1790343545.861339,15826944.0,0.0
968,1790343565.8577824,15843328.0,0.0002353583
969,1790343585.8605494,15859712.0,0.0
970,1790343605.8593855,15876096.0,0.0002353583
971,1790343625.857476,15892480.0,0.0
972,1790343635.8605492,15908864.0,0.0
973,1790343655.8605618,15925248.0,0.0
974,1790343675.8579826,15941632.0,0.0
975,1790343695.8574345,15958016.0,0.0
976,1790343715.8605912,15974400.0,0.0
977,1790343735.8583868,15990784.0,0.0004707166
978,1790343755.8573864,16007168.0,0.0002353583
979,1790343775.8600318,16023552.0,0.0
980,1790343795.8587906,16039936.0,0.0002353583
981,1790343815.857778,16056320.0,0.0
982,1790343835.8572755,16072704.0,0.0
983,1790343855.8576565,16089088.0,0.0
984,1790343875.8586245,16105472.0,0.0
985,1790343895.858496,16121856.0,0.0
986,1790343915.8591225,16138240.0,0.0
987,1790343935.859502,16154624.0,0.0
988,1790343955.8584929,16171008.0,0.0
989,1790343975.8581505,16187392.0,0.0
990,1790343995.8589768,16203776.0,0.0
991,1790344015.857927,16220160.0,0.0002353583
992,1790344035.8593905,16236544.0,0.0002353583
993,1790344055.8572016,16252928.0,0.0
994,1790344075.8577042,16269312.0,0.0004707166
995,1790344095.859388,16285696.0,0.0004707166
996,1790344115.8589745,16302080.0,0.0
997,1790344135.8601928,16318464.0,0.0
998,1790344145.857174,16334848.0,0.0
999,1790344165.857111,16351232.0,0.0
1000,1790344185.8605783,16367616.0,0.0
1001,1790344205.8603847,16384000.0,0.0
1002,1790344225.857641,16400384.0,0.0002353583
1003,1790344245.8577223,16416768.0,0.0
1004,1790344265.8578432,16433152.0,0.0
1005,1790344285.8596475,16449536.0,0.0004707166
1006,1790344305.8573346,16465920.0,0.0004707166
1007,1790344325.8582628,16482304.0,0.0
1008,1790344345.8575034,16498688.0,0.0
1009,1790344365.8601978,16515072.0,0.0
1010,1790344385.8568275,16531456.0,0.0002353583
1011,1790344405.857892,16547840.0,0.0
1012,1790344425.8590715,16564224.0,0.0
1013,1790344435.8600554,16580608.0,0.0
1014,1790344455.8577654,16596992.0,0.0002353583
1015,1790344475.857344,16613376.0,0.0
1016,1790344495.8572447,16629760.0,0.0
1017,1790344515.8584836,16646144.0,0.0
1018,1790344535.8575096,16662528.0,0.0
1019,1790344555.8590517,16678912.0,0.0002353583
1020,1790344575.8592422,16695296.0,0.0
1021,1790344595.8606372,16711680.0,0.0
1022,1790344615.8574777,16728064.0,0.0002353583
1023,1790344625.8572066,16744448.0,0.0
1024,1790344645.8574555,16760832.0,0.0
1025,1790344665.8602753,16777216.0,0.0002353583
1026,1790344685.8612614,16793600.0,0.0002353583
1027,1790344705.8588717,16809984.0,0.0
1028,1790344725.8582287,16826368.0,0.0002353583
1029,1790344745.8599854,16842752.0,0.0
1030,1790344765.857308,16859136.0,0.0
1031,1790344785.858044,16875520.0,0.0
1032,1790344805.8587563,16891904.0,0.0002353583
1033,1790344825.859689,16908288.0,0.0
1034,1790344845.857875,16924672.0,0.0002353583
1035,1790344865.8601732,16941056.0,0.0
1036,1790344885.8579247,16957440.0,0.0002353583
1037,1790344905.858434,16973824.0,0.0004707166
1038,1790344925.858964,16990208.0,0.0
1039,1790344945.8577416,17006592.0,0.0
1040,1790344965.8598497,17022976.0,0.0
1041,1790344985.8576093,17039360.0,0.0
1042,1790345005.8579707,17055744.0,0.0
1043,1790345015.857762,17072128.0,0.0
1044,1790345035.8608658,17088512.0,0.0002353583
1045,1790345065.8576827,17104896.0,0.0002353583
1046,1790345075.858049,17121280.0,0.0
1047,1790345095.858437,17137664.0,0.0002353583
1048,1790345115.859213,17154048.0,0.0
1049,1790345135.8574958,17170432.0,0.0
1050,1790345155.857937,17186816.0,0.0
1051,1790345175.8604586,17203200.0,0.0
1052,1790345195.8572946,17219584.0,0.0002353583
1053,1790345215.8572776,17235968.0,0.0
1054,1790345235.8579712,17252352.0,0.0
1055,1790345255.857762,17268736.0,0.0002353583
1056,1790345275.8606896,17285120.0,0.0
1057,1790345295.858994,17301504.0,0.0
1058,1790345315.8597038,17317888.0,0.0
1059,1790345335.8578007,17334272.0,0.0
1060,1790345355.8575325,17350656.0,0.0
1061,1790345375.8582642,17367040.0,0.0
1062,1790345395.8585749,17383424.0,0.0002353583
1063,1790345415.8582275,17399808.0,0.0
1064,1790345425.8599622,17416192.0,0.0002353583
1065,1790345445.8583558,17432576.0,0.0004707166
1066,1790345465.8585384,17448960.0,0.0
1067,1790345485.8573008,17465344.0,0.0
1068,1790345515.859375,17481728.0,0.0002353583
1069,1790345535.8587174,17498112.0,0.0
1070,1790345555.858819,17514496.0,0.0
1071,1790345575.8574672,17530880.0,0.0
1072,1790345595.860103,17547264.0,0.0
1073,1790345615.857371,17563648.0,0.0002353583
1074,1790345635.857918,17580032.0,0.0002353583
1075,1790345655.8574784,17596416.0,0.0002353583
1076,1790345675.8573816,17612800.0,0.0
1077,1790345695.8579383,17629184.0,0.0
1078,1790345715.8603995,17645568.0,0.0
1079,1790345735.8576612,17661952.0,0.0
1080,1790345755.8602846,17678336.0,0.0002353583
1081,1790345775.8579297,17694720.0,0.0
1082,1790345795.8594165,17711104.0,0.0
1083,1790345815.8578925,17727488.0,0.0
1084,1790345835.8593397,17743872.0,0.0002353583
1085,1790345855.857726,17760256.0,0.0
1086,1790345875.8576963,17776640.0,0.0
1087,1790345895.8576698,17793024.0,0.0
1088,1790345915.860665,17809408.0,0.0
1089,1790345935.8573394,17825792.0,0.0
1090,1790345955.857356,17842176.0,0.0
1091,1790345975.8586664,17858560.0,0.0
1092,1790345995.857646,17874944.0,0.0
1093,1790346015.8586338,17891328.0,0.0
1094,1790346035.8578806,17907712.0,0.0
1095,1790346055.8592396,17924096.0,0.0
1096,1790346075.8585885,17940480.0,0.0002353583
1097,1790346095.8594437,17956864.0,0.0
1098,1790346125.858493,17973248.0,0.0
1099,1790346135.858653,17989632.0,0.0
1100,1790346155.857863,18006016.0,0.0002353583
1101,1790346175.8593595,18022400.0,0.0
1102,1790346195.8600187,18038784.0,0.0
1103,1790346215.8598974,18055168.0,0.0
1104,1790346245.8597076,18071552.0,0.0002353583
1105,1790346255.8597617,18087936.0,0.0
1106,1790346275.8594904,18104320.0,0.0
1107,1790346295.8582146,18120704.0,0.0002353583
1108,1790346325.8581266,18137088.0,0.0
1109,1790346345.8598604,18153472.0,0.0
1110,1790346365.860588,18169856.0,0.0
1111,1790346385.8580563,18186240.0,0.0
1112,1790346405.860087,18202624.0,0.0
1113,1790346425.859202,18219008.0,0.0
1114,1790346445.8578024,18235392.0,0.0
1115,1790346465.8595424,18251776.0,0.0
1116,1790346485.860214,18268160.0,0.0002353583
1117,1790346495.8599386,18284544.0,0.0
1118,1790346515.8592904,18300928.0,0.0002353583
1119,1790346535.857979,18317312.0,0.0
1120,1790346555.8581855,18333696.0,0.0
1121,1790346575.8595157,18350080.0,0.0
1122,1790346595.8578186,18366464.0,0.0
1123,1790346615.858318,18382848.0,0.0
1124,1790346635.8577762,18399232.0,0.0
1125,1790346655.860622,18415616.0,0.0
1126,1790346665.8590388,18432000.0,0.0002353583
1127,1790346685.8582118,18448384.0,0.0002353583
1128,1790346705.8578362,18464768.0,0.0002353583
1129,1790346725.8577151,18481152.0,0.0004707166
1130,1790346745.8590083,18497536.0,0.0
1131,1790346765.8603437,18513920.0,0.0
1132,1790346785.8597827,18530304.0,0.0
1133,1790346805.857685,18546688.0,0.0
1134,1790346825.859716,18563072.0,0.0002353583
1135,1790346835.8584073,18579456.0,0.0
1136,1790346855.8601313,18595840.0,0.0
1137,1790346875.8592882,18612224.0,0.0002353583
1138,1790346895.8588777,18628608.0,0.0
1139,1790346915.857792,18644992.0,0.0
1140,1790346935.858292,18661376.0,0.0
1141,1790346955.857502,18677760.0,0.0
1142,1790346965.8569946,18694144.0,0.0004707166
1143,1790346985.8594346,18710528.0,0.0
1144,1790347005.85783,18726912.0,0.0
1145,1790347025.8582544,18743296.0,0.0004707166
1146,1790347045.857128,18759680.0,0.0
1147,1790347065.8588247,18776064.0,0.0004707166
1148,1790347085.857522,18792448.0,0.0002353583
1149,1790347105.857338,18808832.0,0.0002353583
1150,1790347125.8579378,18825216.0,0.0
1151,1790347135.860218,18841600.0,0.0
1152,1790347155.8589978,18857984.0,0.0
1153,1790347175.857798,18874368.0,0.0002353583
1154,1790347195.859486,18890752.0,0.0
1155,1790347215.8589647,18907136.0,0.0002353583
1156,1790347235.8583677,18923520.0,0.0
1157,1790347255.8577724,18939904.0,0.0
1158,1790347275.8583252,18956288.0,0.0
1159,1790347285.857359,18972672.0,0.0
1160,1790347305.8578718,18989056.0,0.0
1161,1790347325.857593,19005440.0,0.0
1162,1790347345.8578012,19021824.0,0.0
1163,1790347365.861761,19038208.0,0.0
1164,1790347385.8592982,19054592.0,0.0
1165,1790347405.860447,19070976.0,0.0
1166,1790347425.8575635,19087360.0,0.0
1167,1790347445.8576548,19103744.0,0.0
1168,1790347455.8583355,19120128.0,0.0
1169,1790347475.8572514,19136512.0,0.0
1170,1790347495.857888,19152896.0,0.0
1171,1790347515.8581123,19169280.0,0.0002353583
1172,1790347535.8597286,19185664.0,0.0
1173,1790347555.8591433,19202048.0,0.0002353583
1174,1790347575.8590672,19218432.0,0.0
1175,1790347595.8579783,19234816.0,0.0
1176,1790347615.859877,19251200.0,0.0
1177,1790347635.8576016,19267584.0,0.0
1178,1790347645.8575306,19283968.0,0.0
1179,1790347665.8601663,19300352.0,0.0
1180,1790347685.8586197,19316736.0,0.0
1181,1790347705.857808,19333120.0,0.0
1182,1790347725.8608627,19349504.0,0.0
1183,1790347745.8575594,19365888.0,0.0009414332
1184,1790347765.8577118,19382272.0,0.0002353583
1185,1790347785.859444,19398656.0,0.0002353583
1186,1790347805.859471,19415040.0,0.0004707166
1187,1790347815.8575263,19431424.0,0.0002353583
1188,1790347835.859431,19447808.0,0.0004707166
1189,1790347855.8588784,19464192.0,0.0002353583
1190,1790347875.8582246,19480576.0,0.0002353583
1191,1790347895.8575656,19496960.0,0.0002353583
1192,1790347915.8580456,19513344.0,0.0002353583
1193,1790347935.8579323,19529728.0,0.0004707166
1194,1790347955.8583689,19546112.0,0.0
1195,1790347975.8595483,19562496.0,0.0
1196,1790347995.859665,19578880.0,0.0002353583
1197,1790348005.860571,19595264.0,0.0004707166
1198,1790348025.860129,19611648.0,0.0002353583
1199,1790348045.8602705,19628032.0,0.0
1200,1790348065.8587985,19644416.0,0.0002353583
1201,1790348085.8597963,19660800.0,0.0
1202,1790348105.8585987,19677184.0,0.0002353583
1203,1790348125.8572826,19693568.0,0.0
1204,1790348145.8571088,19709952.0,0.0
1205,1790348165.8599713,19726336.0,0.0002353583
1206,1790348185.8575754,19742720.0,0.0
1207,1790348205.8575437,19759104.0,0.0002353583
1208,1790348225.8582127,19775488.0,0.0
1209,1790348235.8576207,19791872.0,0.0
1210,1790348255.8580928,19808256.0,0.0
1211,1790348275.860326,19824640.0,0.0
1212,1790348295.8600898,19841024.0,0.0
1213,1790348315.8595045,19857408.0,0.0
1214,1790348335.8577216,19873792.0,0.0
1215,1790348355.857692,19890176.0,0.0
1216,1790348375.8583262,19906560.0,0.0002353583
1217,1790348395.8598611,19922944.0,0.0
1218,1790348415.8591287,19939328.0,0.0
1219,1790348425.8573706,19955712.0,0.0
1220,1790348445.8574097,19972096.0,0.0002353583
1221,1790348465.858182,19988480.0,0.0
1222,1790348485.8573313,20004864.0,0.0
1223,1790348505.8573976,20021248.0,0.0
1224,1790348525.8587265,20037632.0,0.0
1225,1790348545.8595543,20054016.0,0.0
1226,1790348565.8574646,20070400.0,0.0
1227,1790348585.8577209,20086784.0,0.0
1228,1790348605.8607652,20103168.0,0.0
1229,1790348615.8578255,20119552.0,0.0
1230,1790348635.858595,20135936.0,0.0
1231,1790348655.8582487,20152320.0,0.0
1232,1790348675.8582923,20168704.0,0.0
1233,1790348695.8607297,20185088.0,0.0
1234,1790348715.8589156,20201472.0,0.0
1235,1790348735.857646,20217856.0,0.0002353583
1236,1790348755.8586752,20234240.0,0.0002353583
1237,1790348765.8601303,20250624.0,0.0
1238,1790348785.8598316,20267008.0,0.0002353583
1239,1790348805.8608842,20283392.0,0.0
1240,1790348825.857434,20299776.0,0.0
1241,1790348845.8578386,20316160.0,0.0
1242,1790348865.8589227,20332544.0,0.0
1243,1790348885.8574736,20348928.0,0.0
1244,1790348905.8601546,20365312.0,0.0
1245,1790348925.8573697,20381696.0,0.0
1246,1790348945.8578465,20398080.0,0.0
1247,1790348965.8595076,20414464.0,0.0
1248,1790348975.860114,20430848.0,0.0
1249,1790348995.8590548,20447232.0,0.0
1250,1790349015.8599305,20463616.0,0.0
1251,1790349035.8592424,20480000.0,0.0002353583
1252,1790349055.8603234,20496384.0,0.0
1253,1790349075.8575535,20512768.0,0.0
1254,1790349095.8574817,20529152.0,0.0
1255,1790349115.8573003,20545536.0,0.0
1256,1790349135.8585029,20561920.0,0.0
1257,1790349145.8589804,20578304.0,0.0
1258,1790349165.85829,20594688.0,0.0
1259,1790349185.858277,20611072.0,0.0002353583
1260,1790349205.857345,20627456.0,0.0
1261,1790349225.85912,20643840.0,0.0002353583
1262,1790349245.8572974,20660224.0,0.0
1263,1790349265.8576784,20676608.0,0.0
1264,1790349275.8574188,20692992.0,0.0
1265,1790349295.8586175,20709376.0,0.0004707166
1266,1790349315.86001,20725760.0,0.0
1267,1790349335.857514,20742144.0,0.0
1268,1790349355.857407,20758528.0,0.0002353583
1269,1790349375.8578277,20774912.0,0.0
1270,1790349395.857106,20791296.0,0.0
1271,1790349415.8604512,20807680.0,0.0002353583
1272,1790349435.8575325,20824064.0,0.0002353583
1273,1790349445.8603945,20840448.0,0.0
1274,1790349465.85758,20856832.0,0.0
1275,1790349485.858206,20873216.0,0.0
1276,1790349505.8576832,20889600.0,0.0
1277,1790349525.8599286,20905984.0,0.0
1278,1790349545.8574123,20922368.0,0.0
1279,1790349565.8591206,20938752.0,0.0
1280,1790349585.8592105,20955136.0,0.0
1281,1790349605.8591354,20971520.0,0.0002353583
1282,1790349615.859347,20987904.0,0.0
1283,1790349635.8607626,21004288.0,0.0002353583
1284,1790349655.8594172,21020672.0,0.0
1285,1790349675.8575282,21037056.0,0.0
1286,1790349695.857741,21053440.0,0.0
1287,1790349715.857406,21069824.0,0.0
1288,1790349735.858889,21086208.0,0.0002353583
1289,1790349755.860175,21102592.0,0.0
1290,1790349765.8588536,21118976.0,0.0
1291,1790349785.8591666,21135360.0,0.0
1292,1790349805.857494,21151744.0,0.0
1293,1790349825.857205,21168128.0,0.0002353583
1294,1790349845.8575482,21184512.0,0.0002353583
1295,1790349865.8572247,21200896.0,0.0
1296,1790349885.8571343,21217280.0,0.0002353583
1297,1790349905.858486,21233664.0,0.0
1298,1790349925.860437,21250048.0,0.0
1299,1790349935.858473,21266432.0,0.0
1300,1790349955.8576798,21282816.0,0.0
1301,1790349975.8572483,21299200.0,0.0
1302,1790349995.8582747,21315584.0,0.0
1303,1790350015.857405,21331968.0,0.0
1304,1790350035.857474,21348352.0,0.0
1305,1790350055.8603585,21364736.0,0.0
1306,1790350075.8600366,21381120.0,0.0
1307,1790350095.8573384,21397504.0,0.0
1308,1790350115.8574543,21413888.0,0.0
1309,1790350125.8573296,21430272.0,0.0
1310,1790350145.8593357,21446656.0,0.0
1311,1790350165.8579814,21463040.0,0.0
1312,1790350185.8576322,21479424.0,0.0
1313,1790350205.8588798,21495808.0,0.0
1314,1790350225.857817,21512192.0,0.0
1315,1790350245.857561,21528576.0,0.0
1316,1790350265.8573835,21544960.0,0.0002353583
1317,1790350285.857581,21561344.0,0.0
1318,1790350295.8583384,21577728.0,0.0
1319,1790350315.8572536,21594112.0,0.0
1320,1790350335.8575766,21610496.0,0.0004707166
1321,1790350355.8587651,21626880.0,0.0
1322,1790350375.857406,21643264.0,0.0
1323,1790350395.8573225,21659648.0,0.0002353583
1324,1790350415.8575995,21676032.0,0.0002353583
1325,1790350435.8585615,21692416.0,0.0
1326,1790350445.8589425,21708800.0,0.0
1327,1790350465.8589249,21725184.0,0.0
1328,1790350485.857132,21741568.0,0.0002353583
1329,1790350505.8585308,21757952.0,0.0002353583
1330,1790350525.857479,21774336.0,0.0
1331,1790350545.8589282,21790720.0,0.0002353583
1332,1790350565.8579755,21807104.0,0.0
1333,1790350585.8595445,21823488.0,0.0
1334,1790350595.8576992,21839872.0,0.0
1335,1790350615.857672,21856256.0,0.0
1336,1790350635.8576276,21872640.0,0.0002353583
1337,1790350655.858851,21889024.0,0.0
1338,1790350675.859686,21905408.0,0.0
1339,1790350695.858986,21921792.0,0.0
1340,1790350715.8571095,21938176.0,0.0
1341,1790350735.8573084,21954560.0,0.0
1342,1790350755.8577435,21970944.0,0.0
1343,1790350765.857724,21987328.0,0.0002353583
1344,1790350785.857654,22003712.0,0.0
1345,1790350805.85948,22020096.0,0.0002353583
1346,1790350825.8577034,22036480.0,0.0
1347,1790350845.8575325,22052864.0,0.0002353583
1348,1790350865.8573709,22069248.0,0.0002353583
1349,1790350885.8574517,22085632.0,0.0002353583
1350,1790350905.8573527,22102016.0,0.0
1351,1790350915.8574214,22118400.0,0.0002353583
1352,1790350935.857525,22134784.0,0.0
1353,1790350955.8578076,22151168.0,0.0
1354,1790350975.8591988,22167552.0,0.0002353583
1355,1790350995.8574195,22183936.0,0.0
1356,1790351015.8577695,22200320.0,0.0002353583
1357,1790351035.8577478,22216704.0,0.0
1358,1790351055.8609776,22233088.0,0.0002353583
1359,1790351065.8604128,22249472.0,0.0
1360,1790351085.8620791,22265856.0,0.0
1361,1790351105.858803,22282240.0,0.0
1362,1790351125.8577776,22298624.0,0.0
1363,1790351145.8577316,22315008.0,0.0002353583
1364,1790351165.8576808,22331392.0,0.0
1365,1790351185.8573086,22347776.0,0.0
1366,1790351205.857911,22364160.0,0.0
1367,1790351215.8601463,22380544.0,0.0
1368,1790351235.8603284,22396928.0,0.0002353583
1369,1790351255.8595495,22413312.0,0.0002353583
1370,1790351275.857713,22429696.0,0.0
1371,1790351295.8601215,22446080.0,0.0
1372,1790351315.8579304,22462464.0,0.0
1373,1790351335.8605714,22478848.0,0.0002353583
1374,1790351345.8575606,22495232.0,0.0
1375,1790351365.8602188,22511616.0,0.0
1376,1790351385.8604245,22528000.0,0.0002353583
1377,1790351405.8602896,22544384.0,0.0
1378,1790351425.857535,22560768.0,0.0
1379,1790351445.8572876,22577152.0,0.0002353583
1380,1790351465.859614,22593536.0,0.0
1381,1790351485.8579428,22609920.0,0.0
1382,1790351505.857925,22626304.0,0.0
1383,1790351515.857823,22642688.0,0.0002353583
1384,1790351535.8605044,22659072.0,0.0002353583
1385,1790351555.8610992,22675456.0,0.0002353583
1386,1790351575.860525,22691840.0,0.0
1387,1790351595.8578346,22708224.0,0.0002353583
1388,1790351615.8601506,22724608.0,0.0
1389,1790351635.8604944,22740992.0,0.0002353583
1390,1790351655.8578932,22757376.0,0.0004707166
1391,1790351665.8577774,22773760.0,0.0002353583
1392,1790351685.8576856,22790144.0,0.0
1393,1790351705.858617,22806528.0,0.0
1394,1790351725.857934,22822912.0,0.0002353583
1395,1790351745.859127,22839296.0,0.0
1396,1790351765.858241,22855680.0,0.0
1397,1790351785.85783,22872064.0,0.0
1398,1790351805.8589833,22888448.0,0.0
1399,1790351825.8601067,22904832.0,0.0
1400,1790351835.860553,22921216.0,0.0
1401,1790351855.8587673,22937600.0,0.0002353583
1402,1790351875.8579288,22953984.0,0.0
1403,1790351895.8604035,22970368.0,0.0002353583
1404,1790351915.860862,22986752.0,0.0002353583
1405,1790351935.8683949,23003136.0,0.0
1406,1790351955.858302,23019520.0,0.0
1407,1790351975.8602211,23035904.0,0.0
1408,1790351985.8586493,23052288.0,0.0
1409,1790352005.8606324,23068672.0,0.0
1410,1790352025.8587055,23085056.0,0.0
1411,1790352045.8590844,23101440.0,0.0
1412,1790352065.8569958,23117824.0,0.0004707166
1413,1790352085.8576374,23134208.0,0.0002353583
1414,1790352105.8591516,23150592.0,0.0002353583
1415,1790352125.8588305,23166976.0,0.0
1416,1790352145.8586173,23183360.0,0.0
1417,1790352155.8611414,23199744.0,0.0
1418,1790352175.8590631,23216128.0,0.0002353583
1419,1790352195.8590844,23232512.0,0.0002353583
1420,1790352215.8597429,23248896.0,0.0002353583
1421,1790352235.861308,23265280.0,0.0
1422,1790352255.858257,23281664.0,0.0
1423,1790352275.8589962,23298048.0,0.0
1424,1790352295.8577275,23314432.0,0.0002353583
1425,1790352305.8600223,23330816.0,0.0
1426,1790352325.860221,23347200.0,0.0
1427,1790352345.857507,23363584.0,0.0002353583
1428,1790352365.857628,23379968.0,0.0
1429,1790352385.8577914,23396352.0,0.0
1430,1790352405.857498,23412736.0,0.0
1431,1790352425.8582652,23429120.0,0.0
1432,1790352445.8579175,23445504.0,0.0
1433,1790352465.858653,23461888.0,0.0
1434,1790352475.8583302,23478272.0,0.0002353583
1435,1790352495.8589203,23494656.0,0.0004707166
1436,1790352515.8575091,23511040.0,0.0
1437,1790352535.8597186,23527424.0,0.0
1438,1790352555.8602445,23543808.0,0.0
1439,1790352575.8597038,23560192.0,0.0
1440,1790352585.858823,23576576.0,0.0002353583
1441,1790352605.857507,23592960.0,0.0
1442,1790352625.8589,23609344.0,0.0
1443,1790352645.85735,23625728.0,0.0
1444,1790352665.8573692,23642112.0,0.0
1445,1790352685.858176,23658496.0,0.0002353583
1446,1790352705.8571818,23674880.0,0.0
1447,1790352725.8589923,23691264.0,0.0002353583
1448,1790352745.85794,23707648.0,0.0002353583
1449,1790352755.857598,23724032.0,0.0002353583
1450,1790352775.8577087,23740416.0,0.0
1451,1790352795.8575108,23756800.0,0.0002353583
1452,1790352815.85934,23773184.0,0.0
1453,1790352835.8571692,23789568.0,0.0
1454,1790352855.8584733,23805952.0,0.0
1455,1790352875.8573344,23822336.0,0.0
1456,1790352895.857231,23838720.0,0.0
1457,1790352905.8573363,23855104.0,0.0002353583
1458,1790352925.8570602,23871488.0,0.0002353583
1459,1790352945.858987,23887872.0,0.0002353583
1460,1790352965.8590462,23904256.0,0.0
1461,1790352985.8596575,23920640.0,0.0
1462,1790353005.857349,23937024.0,0.0
1463,1790353025.859506,23953408.0,0.0
1464,1790353045.8587306,23969792.0,0.0
1465,1790353055.8575332,23986176.0,0.0
1466,1790353075.8579812,24002560.0,0.0002353583
1467,1790353095.8575969,24018944.0,0.0002353583
1468,1790353115.857638,24035328.0,0.0
1469,1790353135.8595445,24051712.0,0.0
1470,1790353155.8575203,24068096.0,0.0
1471,1790353175.8575466,24084480.0,0.0
1472,1790353195.8596723,24100864.0,0.0
1473,1790353205.858525,24117248.0,0.0004707166
1474,1790353225.8573112,24133632.0,0.0
1475,1790353245.8574986,24150016.0,0.0002353583
1476,1790353265.8584385,24166400.0,0.0
1477,1790353285.858321,24182784.0,0.0002353583
1478,1790353305.8593688,24199168.0,0.0
1479,1790353325.858287,24215552.0,0.0
1480,1790353335.8573449,24231936.0,0.0
1481,1790353355.8575375,24248320.0,0.0
1482,1790353375.8577998,24264704.0,0.0
1483,1790353395.860279,24281088.0,0.0
1484,1790353415.8583212,24297472.0,0.0
1485,1790353435.8581772,24313856.0,0.0
1486,1790353455.8587084,24330240.0,0.0
1487,1790353465.8588216,24346624.0,0.0
1488,1790353485.8587313,24363008.0,0.0002353583
1489,1790353505.8586648,24379392.0,0.0
1490,1790353525.858348,24395776.0,0.0002353583
1491,1790353545.8586042,24412160.0,0.0
1492,1790353565.8598487,24428544.0,0.0
1493,1790353585.8578289,24444928.0,0.0
1494,1790353605.8588924,24461312.0,0.0
1495,1790353615.859914,24477696.0,0.0
1496,1790353635.8572574,24494080.0,0.0
1497,1790353655.85865,24510464.0,0.0
1498,1790353675.8574257,24526848.0,0.0002353583
1499,1790353695.858601,24543232.0,0.0
1500,1790353715.8586917,24559616.0,0.0
1501,1790353735.8572364,24576000.0,0.0
1502,1790353745.85969,24592384.0,0.0004707166
1503,1790353765.8605604,24608768.0,0.0
1504,1790353785.8599946,24625152.0,0.0
1505,1790353805.8582237,24641536.0,0.0
1506,1790353825.857941,24657920.0,0.0
1507,1790353845.8575182,24674304.0,0.0004707166
1508,1790353865.8573892,24690688.0,0.0
1509,1790353885.8572516,24707072.0,0.0
1510,1790353895.857683,24723456.0,0.0
1511,1790353915.8574915,24739840.0,0.0
1512,1790353935.8578632,24756224.0,0.0
1513,1790353955.8574708,24772608.0,0.0002353583
1514,1790353975.8585827,24788992.0,0.0
1515,1790353995.8579795,24805376.0,0.0
1516,1790354015.8590226,24821760.0,0.0
1517,1790354035.8586628,24838144.0,0.0
1518,1790354045.8582494,24854528.0,0.0
1519,1790354065.8586247,24870912.0,0.0002353583
1520,1790354085.857894,24887296.0,0.0
1521,1790354105.8582406,24903680.0,0.0
1522,1790354125.858223,24920064.0,0.0
1523,1790354145.8572805,24936448.0,0.0
1524,1790354165.8611553,24952832.0,0.0
1525,1790354185.8573694,24969216.0,0.0002353583
1526,1790354195.8593276,24985600.0,0.0002353583
1527,1790354215.860409,25001984.0,0.0
1528,1790354235.8582387,25018368.0,0.0002353583
1529,1790354255.8573575,25034752.0,0.0
1530,1790354275.858193,25051136.0,0.0
1531,1790354295.8591614,25067520.0,0.0
1532,1790354315.8586864,25083904.0,0.0
1533,1790354325.859779,25100288.0,0.0
1534,1790354345.8591745,25116672.0,0.0002353583
1535,1790354365.860262,25133056.0,0.0002353583
1536,1790354385.8591464,25149440.0,0.0
1537,1790354405.8575103,25165824.0,0.0
1538,1790354425.857422,25182208.0,0.0002353583
1539,1790354445.85775,25198592.0,0.0
1540,1790354465.8594563,25214976.0,0.0002353583
1541,1790354475.8577688,25231360.0,0.0
1542,1790354495.85823,25247744.0,0.0002353583
1543,1790354515.8582706,25264128.0,0.0
1544,1790354535.8591976,25280512.0,0.0
1545,1790354555.8602278,25296896.0,0.0
1546,1790354575.8599546,25313280.0,0.0
1547,1790354595.8593645,25329664.0,0.0002353583
1548,1790354605.8582046,25346048.0,0.0
1549,1790354625.8574076,25362432.0,0.0
1550,1790354645.8575866,25378816.0,0.0002353583
1551,1790354665.858579,25395200.0,0.0
1552,1790354685.8575482,25411584.0,0.0
1553,1790354705.8575475,25427968.0,0.0
1554,1790354725.8572364,25444352.0,0.0
1555,1790354745.860072,25460736.0,0.0
1556,1790354755.8590794,25477120.0,0.0002353583
1557,1790354775.860126,25493504.0,0.0
1558,1790354795.858241,25509888.0,0.0
1559,1790354815.8582203,25526272.0,0.0004707166
1560,1790354835.858973,25542656.0,0.0002353583
1561,1790354855.8576975,25559040.0,0.0
1562,1790354875.8578467,25575424.0,0.0
1563,1790354885.8577523,25591808.0,0.0
1564,1790354905.8578055,25608192.0,0.0
1565,1790354925.859438,25624576.0,0.0004707166
1566,1790354945.859138,25640960.0,0.0002353583
1567,1790354965.860755,25657344.0,0.0
1568,1790354985.8575485,25673728.0,0.0004707166
1569,1790355005.8605187,25690112.0,0.0
1570,1790355025.857692,25706496.0,0.0
1571,1790355045.8593931,25722880.0,0.0
1572,1790355055.8575275,25739264.0,0.0002353583
1573,1790355075.858986,25755648.0,0.0
1574,1790355095.859041,25772032.0,0.0
1575,1790355115.8582964,25788416.0,0.0002353583
1576,1790355135.859039,25804800.0,0.0
1577,1790355155.8585126,25821184.0,0.0
1578,1790355175.8583107,25837568.0,0.0
1579,1790355185.8583324,25853952.0,0.0002353583
1580,1790355205.858905,25870336.0,0.0002353583
1581,1790355225.857818,25886720.0,0.0
1582,1790355245.8597715,25903104.0,0.0002353583
1583,1790355265.8573802,25919488.0,0.0
1584,1790355285.8573892,25935872.0,0.0
1585,1790355295.859481,25952256.0,0.0
1586,1790355315.8572836,25968640.0,0.0
1587,1790355335.8592696,25985024.0,0.0
1588,1790355355.857195,26001408.0,0.0
1589,1790355375.8598852,26017792.0,0.0
1590,1790355395.857923,26034176.0,0.0002353583
1591,1790355405.8583274,26050560.0,0.0002353583
1592,1790355425.8576472,26066944.0,0.0
1593,1790355445.857603,26083328.0,0.0002353583
1594,1790355465.8579228,26099712.0,0.0002353583
1595,1790355485.8584263,26116096.0,0.0
1596,1790355505.8575182,26132480.0,0.0
1597,1790355525.8590322,26148864.0,0.0
1598,1790355535.8582647,26165248.0,0.0
1599,1790355555.8572152,26181632.0,0.0002353583
1600,1790355575.858902,26198016.0,0.0002353583
1601,1790355595.8575726,26214400.0,0.0002353583
1602,1790355615.8573897,26230784.0,0.0004707166
1603,1790355635.8574812,26247168.0,0.0
1604,1790355655.8584049,26263552.0,0.0
1605,1790355665.860774,26279936.0,0.0
1606,1790355685.8606546,26296320.0,0.0
1607,1790355705.8572588,26312704.0,0.0
1608,1790355725.8592048,26329088.0,0.0
1609,1790355745.8574572,26345472.0,0.0
1610,1790355765.857755,26361856.0,0.0002353583
1611,1790355785.8587065,26378240.0,0.0
1612,1790355795.860279,26394624.0,0.0
1613,1790355815.8575945,26411008.0,0.0
1614,1790355835.8572602,26427392.0,0.0
1615,1790355855.860989,26443776.0,0.0
1616,1790355875.857369,26460160.0,0.0
1617,1790355895.858022,26476544.0,0.0002353583
1618,1790355905.8585153,26492928.0,0.0
1619,1790355925.85835,26509312.0,0.0002353583
1620,1790355945.8575463,26525696.0,0.0
1621,1790355965.858312,26542080.0,0.0004707166
1622,1790355985.8576272,26558464.0,0.0002353583
1623,1790356005.857581,26574848.0,0.0
1624,1790356025.857409,26591232.0,0.0002353583
1625,1790356035.857793,26607616.0,0.0
1626,1790356055.8589978,26624000.0,0.0
1627,1790356075.8582084,26640384.0,0.0002353583
1628,1790356095.85727,26656768.0,0.0002353583
1629,1790356115.8575313,26673152.0,0.0
1630,1790356135.857169,26689536.0,0.0
1631,1790356155.857138,26705920.0,0.0
1632,1790356165.8601086,26722304.0,0.0002353583
1633,1790356185.8595943,26738688.0,0.0
1634,1790356205.8586824,26755072.0,0.0
1635,1790356225.8581576,26771456.0,0.0
1636,1790356245.8581102,26787840.0,0.0
1637,1790356265.85739,26804224.0,0.0
1638,1790356275.8599267,26820608.0,0.0002353583
1639,1790356295.859363,26836992.0,0.0
1640,1790356315.858031,26853376.0,0.0
1641,1790356335.8597777,26869760.0,0.0
1642,1790356355.858229,26886144.0,0.0
1643,1790356375.8595006,26902528.0,0.0002353583
1644,1790356395.8582475,26918912.0,0.0
1645,1790356415.8607843,26935296.0,0.0
1646,1790356425.857401,26951680.0,0.0
1647,1790356445.8578372,26968064.0,0.0002353583
1648,1790356465.8576562,26984448.0,0.0
1649,1790356485.8572204,27000832.0,0.0
1650,1790356505.85788,27017216.0,0.0
1651,1790356525.857801,27033600.0,0.0
1652,1790356535.8572435,27049984.0,0.0
1653,1790356555.857406,27066368.0,0.0002353583
1654,1790356575.8578658,27082752.0,0.0
1655,1790356595.858255,27099136.0,0.0
1656,1790356615.8573997,27115520.0,0.0
1657,1790356635.859939,27131904.0,0.0004707166
1658,1790356655.8574147,27148288.0,0.0002353583
1659,1790356665.8594253,27164672.0,0.0
1660,1790356685.857458,27181056.0,0.0004707166
1661,1790356705.859561,27197440.0,0.0
1662,1790356725.8575456,27213824.0,0.0
1663,1790356745.8578386,27230208.0,0.0
1664,1790356765.858555,27246592.0,0.0
1665,1790356785.8576112,27262976.0,0.0002353583
1666,1790356795.8593557,27279360.0,0.0
1667,1790356815.8601432,27295744.0,0.0
1668,1790356835.8577094,27312128.0,0.0
1669,1790356855.857337,27328512.0,0.0002353583
1670,1790356875.8609214,27344896.0,0.0
1671,1790356895.859208,27361280.0,0.0
1672,1790356915.858958,27377664.0,0.0002353583
1673,1790356925.8592565,27394048.0,0.0002353583
1674,1790356945.8590686,27410432.0,0.0002353583
1675,1790356965.8575954,27426816.0,0.0002353583
1676,1790356985.857541,27443200.0,0.0
1677,1790357005.8574495,27459584.0,0.0
1678,1790357025.8575184,27475968.0,0.0
1679,1790357045.8574324,27492352.0,0.0002353583
1680,1790357055.8576949,27508736.0,0.0
1681,1790357075.8572743,27525120.0,0.0
1682,1790357095.860206,27541504.0,0.0
1683,1790357115.857763,27557888.0,0.0002353583
1684,1790357135.857566,27574272.0,0.0002353583
1685,1790357155.85752,27590656.0,0.0002353583
1686,1790357165.8573196,27607040.0,0.0
1687,1790357185.8572593,27623424.0,0.0002353583
1688,1790357205.8593795,27639808.0,0.0002353583
1689,1790357225.8581126,27656192.0,0.0
1690,1790357245.857646,27672576.0,0.0
1691,1790357265.8573308,27688960.0,0.0
1692,1790357285.857538,27705344.0,0.0
1693,1790357305.8576703,27721728.0,0.0002353583
1694,1790357325.8573112,27738112.0,0.0
1695,1790357335.8587947,27754496.0,0.0
1696,1790357355.8575027,27770880.0,0.0
1697,1790357375.8587725,27787264.0,0.0
1698,1790357395.8573956,27803648.0,0.0002353583
1699,1790357415.8580828,27820032.0,0.0
1700,1790357425.8591764,27836416.0,0.0
1701,1790357445.8604467,27852800.0,0.0002353583
1702,1790357465.8575609,27869184.0,0.0
1703,1790357485.857557,27885568.0,0.0
1704,1790357505.8573437,27901952.0,0.0
1705,1790357525.8573806,27918336.0,0.0
1706,1790357545.857501,27934720.0,0.0
1707,1790357555.8575532,27951104.0,0.0002353583
1708,1790357575.8580475,27967488.0,0.0
1709,1790357595.8579168,27983872.0,0.0002353583
1710,1790357615.857306,28000256.0,0.0
1711,1790357635.859011,28016640.0,0.0
1712,1790357655.8576064,28033024.0,0.0
1713,1790357665.857737,28049408.0,0.0
1714,1790357685.8575776,28065792.0,0.0002353583
1715,1790357705.8575296,28082176.0,0.0
1716,1790357725.8606615,28098560.0,0.0
1717,1790357745.8606403,28114944.0,0.0002353583
1718,1790357765.8594248,28131328.0,0.0
1719,1790357785.8594706,28147712.0,0.0
1720,1790357805.8598812,28164096.0,0.0
1721,1790357815.8583136,28180480.0,0.0
1722,1790357835.8586795,28196864.0,0.0
1723,1790357855.860297,28213248.0,0.0002353583
1724,1790357875.8605242,28229632.0,0.0004707166
1725,1790357895.8603606,28246016.0,0.0
1726,1790357915.8576815,28262400.0,0.0
1727,1790357935.8594751,28278784.0,0.0
1728,1790357945.859342,28295168.0,0.0002353583
1729,1790357965.8573902,28311552.0,0.0002353583
1730,1790357985.8570457,28327936.0,0.0
1731,1790358005.857626,28344320.0,0.0
1732,1790358025.860048,28360704.0,0.0
1733,1790358045.8596258,28377088.0,0.0
1734,1790358065.857566,28393472.0,0.0002353583
1735,1790358075.859972,28409856.0,0.0
1736,1790358095.8606873,28426240.0,0.0
1737,1790358115.857788,28442624.0,0.0
1738,1790358135.8577917,28459008.0,0.0
1739,1790358155.85731,28475392.0,0.0
1740,1790358175.8574555,28491776.0,0.0
1741,1790358185.8584368,28508160.0,0.0002353583
1742,1790358205.8607273,28524544.0,0.0002353583
1743,1790358225.8575182,28540928.0,0.0
1744,1790358245.8585255,28557312.0,0.0002353583
1745,1790358265.8580348,28573696.0,0.0
1746,1790358275.8623328,28590080.0,0.0
1747,1790358295.8589382,28606464.0,0.0
1748,1790358315.8579018,28622848.0,0.0
1749,1790358335.8594043,28639232.0,0.0
1750,1790358355.8586705,28655616.0,0.0
1751,1790358365.8573763,28672000.0,0.0
1752,1790358385.8572583,28688384.0,0.0
1753,1790358405.857778,28704768.0,0.0002353583
1754,1790358425.8572884,28721152.0,0.0
1755,1790358445.8589704,28737536.0,0.0
1756,1790358455.8585382,28753920.0,0.0
1757,1790358475.8574808,28770304.0,0.0
1758,1790358495.8577144,28786688.0,0.0
1759,1790358515.8591518,28803072.0,0.0002353583
1760,1790358535.8572726,28819456.0,0.0
1761,1790358555.857477,28835840.0,0.0
1762,1790358565.8575652,28852224.0,0.0
1763,1790358585.857371,28868608.0,0.0
1764,1790358605.8595338,28884992.0,0.0
1765,1790358625.857387,28901376.0,0.0002353583
1766,1790358645.8577783,28917760.0,0.0
1767,1790358655.8575144,28934144.0,0.0
1768,1790358675.8576944,28950528.0,0.0
1769,1790358695.857755,28966912.0,0.0
1770,1790358715.8588047,28983296.0,0.0
1771,1790358735.858385,28999680.0,0.0
1772,1790358745.8588758,29016064.0,0.0
1773,1790358765.8585773,29032448.0,0.0
1774,1790358785.8600016,29048832.0,0.0007060749
1775,1790358805.8600893,29065216.0,0.0
1776,1790358825.8594885,29081600.0,0.0002353583
1777,1790358835.8593693,29097984.0,0.0
1778,1790358855.8601005,29114368.0,0.0
1779,1790358875.857332,29130752.0,0.0002353583
1780,1790358895.8579051,29147136.0,0.0
1781,1790358915.857453,29163520.0,0.0
1782,1790358925.858616,29179904.0,0.0
1783,1790358945.8607066,29196288.0,0.0002353583
1784,1790358965.857293,29212672.0,0.0
1785,1790358985.857478,29229056.0,0.0
1786,1790359005.8610098,29245440.0,0.0002353583
1787,1790359025.8586676,29261824.0,0.0
1788,1790359035.8596334,29278208.0,0.0002353583
1789,1790359055.8577626,29294592.0,0.0002353583
1790,1790359075.857762,29310976.0,0.0002353583
1791,1790359095.8605025,29327360.0,0.0002353583
1792,1790359115.8586347,29343744.0,0.0
1793,1790359125.85961,29360128.0,0.0
1794,1790359145.8577323,29376512.0,0.0
1795,1790359165.8588686,29392896.0,0.0
1796,1790359185.861367,29409280.0,0.0002353583
1797,1790359205.8578043,29425664.0,0.0
1798,1790359215.8580902,29442048.0,0.0
1799,1790359235.8582046,29458432.0,0.0
1800,1790359255.859919,29474816.0,0.0007060749
1801,1790359275.8573947,29491200.0,0.0
1802,1790359295.8595965,29507584.0,0.0
1803,1790359305.8600235,29523968.0,0.0
1804,1790359325.860207,29540352.0,0.0
1805,1790359345.8594038,29556736.0,0.0
1806,1790359365.857794,29573120.0,0.0
1807,1790359385.8576956,29589504.0,0.0
1808,1790359395.859727,29605888.0,0.0
1809,1790359415.8594675,29622272.0,0.0
1810,1790359435.8578968,29638656.0,0.0
1811,1790359455.8595564,29655040.0,0.0
1812,1790359475.8624437,29671424.0,0.0
1813,1790359485.8605754,29687808.0,0.0
1814,1790359505.8587277,29704192.0,0.0
1815,1790359525.8576722,29720576.0,0.0
1816,1790359545.8574994,29736960.0,0.0
1817,1790359565.8604023,29753344.0,0.0002353583
1818,1790359585.8616655,29769728.0,0.0002353583
1819,1790359595.858085,29786112.0,0.0
1820,1790359615.8603015,29802496.0,0.0
1821,1790359635.8589268,29818880.0,0.0
1822,1790359655.8585303,29835264.0,0.0002353583
1823,1790359665.8576891,29851648.0,0.0
1824,1790359685.8576386,29868032.0,0.0
1825,1790359705.8634276,29884416.0,0.0
1826,1790359725.8590314,29900800.0,0.0
1827,1790359745.8589025,29917184.0,0.0
1828,1790359765.8607311,29933568.0,0.0002353583
1829,1790359775.8601592,29949952.0,0.0002353583
1830,1790359795.8626297,29966336.0,0.0
1831,1790359815.8601935,29982720.0,0.0
1832,1790359835.8573675,29999104.0,0.0
1833,1790359845.8601778,30015488.0,0.0
1834,1790359865.8618336,30031872.0,0.0
1835,1790359885.8575792,30048256.0,0.0
1836,1790359905.85919,30064640.0,0.0
1837,1790359925.8573613,30081024.0,0.0002353583
1838,1790359945.8591726,30097408.0,0.0
1839,1790359955.8574562,30113792.0,0.0
1840,1790359975.8594372,30130176.0,0.0
1841,1790359995.857262,30146560.0,0.0
1842,1790360015.8573303,30162944.0,0.0
1843,1790360035.857821,30179328.0,0.0
1844,1790360045.8579752,30195712.0,0.0
1845,1790360065.86088,30212096.0,0.0
1846,1790360085.8591433,30228480.0,0.0002353583
1847,1790360105.8586,30244864.0,0.0
1848,1790360125.8584006,30261248.0,0.0
1849,1790360135.858122,30277632.0,0.0002353583
1850,1790360155.8606467,30294016.0,0.0004707166
1851,1790360175.8604207,30310400.0,0.0
1852,1790360195.8606408,30326784.0,0.0
1853,1790360215.857771,30343168.0,0.0
1854,1790360225.8605745,30359552.0,0.0
1855,1790360245.861123,30375936.0,0.0002353583
1856,1790360265.859553,30392320.0,0.0
1857,1790360285.8602705,30408704.0,0.0
1858,1790360305.8575184,30425088.0,0.0
1859,1790360315.858291,30441472.0,0.0
1860,1790360335.8580902,30457856.0,0.0
1861,1790360355.85771,30474240.0,0.0
1862,1790360375.8582458,30490624.0,0.0
1863,1790360395.8575642,30507008.0,0.0002353583
1864,1790360405.8574777,30523392.0,0.0
1865,1790360425.858837,30539776.0,0.0002353583
1866,1790360445.8601632,30556160.0,0.0
1867,1790360465.8606102,30572544.0,0.0
1868,1790360485.8596804,30588928.0,0.0
1869,1790360495.8575287,30605312.0,0.0002353583
1870,1790360515.860293,30621696.0,0.0
1871,1790360535.8600338,30638080.0,0.0
1872,1790360555.857985,30654464.0,0.0002353583
1873,1790360575.860037,30670848.0,0.0
1874,1790360595.8577518,30687232.0,0.0
1875,1790360605.8587632,30703616.0,0.0002353583
1876,1790360625.858047,30720000.0,0.0002353583
1877,1790360645.8601418,30736384.0,0.0002353583
1878,1790360665.8576064,30752768.0,0.0
1879,1790360675.8606732,30769152.0,0.0002353583
1880,1790360695.8583846,30785536.0,0.0
1881,1790360715.857666,30801920.0,0.0
1882,1790360735.8577583,30818304.0,0.0
1883,1790360755.859756,30834688.0,0.0
1884,1790360775.8578436,30851072.0,0.0
1885,1790360785.860155,30867456.0,0.0
1886,1790360805.8601885,30883840.0,0.0
1887,1790360825.857858,30900224.0,0.0004707166
1888,1790360845.8583171,30916608.0,0.0
1889,1790360865.85999,30932992.0,0.0
1890,1790360875.85792,30949376.0,0.0
1891,1790360895.8577778,30965760.0,0.0
1892,1790360915.8581064,30982144.0,0.0
1893,1790360935.8577442,30998528.0,0.0
1894,1790360955.8590543,31014912.0,0.0002353583
1895,1790360965.8592515,31031296.0,0.0
1896,1790360985.860411,31047680.0,0.0
1897,1790361005.8573148,31064064.0,0.0
1898,1790361025.8605814,31080448.0,0.0004707166
1899,1790361045.8623254,31096832.0,0.0
1900,1790361065.8579288,31113216.0,0.0
1901,1790361075.8580728,31129600.0,0.0
1902,1790361095.8604157,31145984.0,0.0
1903,1790361115.8583057,31162368.0,0.0002353583
1904,1790361125.8621843,31178752.0,0.0
1905,1790361145.860407,31195136.0,0.0002353583
1906,1790361165.8596551,31211520.0,0.0
1907,1790361185.8592775,31227904.0,0.0
1908,1790361205.8595734,31244288.0,0.0002353583
1909,1790361215.860588,31260672.0,0.0
1910,1790361235.8577323,31277056.0,0.0002353583
1911,1790361255.857943,31293440.0,0.0
1912,1790361275.8606818,31309824.0,0.0
1913,1790361295.860533,31326208.0,0.0
1914,1790361305.8600852,31342592.0,0.0
1915,1790361325.8580716,31358976.0,0.0
1916,1790361345.859812,31375360.0,0.0
1917,1790361365.85791,31391744.0,0.0
1918,1790361385.8610132,31408128.0,0.0
1919,1790361395.8640788,31424512.0,0.0002353583
1920,1790361415.8600624,31440896.0,0.0
1921,1790361435.8576353,31457280.0,0.0004707166
1922,1790361455.8573976,31473664.0,0.0
1923,1790361465.8603003,31490048.0,0.0002353583
1924,1790361485.860405,31506432.0,0.0
1925,1790361505.8577473,31522816.0,0.0002353583
1926,1790361525.8575327,31539200.0,0.0
1927,1790361545.8589785,31555584.0,0.0002353583
1928,1790361565.8594236,31571968.0,0.0
1929,1790361575.863633,31588352.0,0.0002353583
1930,1790361595.8591373,31604736.0,0.0004707166
1931,1790361615.8600457,31621120.0,0.0
1932,1790361635.861271,31637504.0,0.0
1933,1790361655.8588166,31653888.0,0.0
1934,1790361665.8606095,31670272.0,0.0
1935,1790361685.8588529,31686656.0,0.0
1936,1790361705.859298,31703040.0,0.0
1937,1790361725.8593984,31719424.0,0.0
1938,1790361745.8602505,31735808.0,0.0
1939,1790361755.8602903,31752192.0,0.0
1940,1790361775.859125,31768576.0,0.0002353583
1941,1790361795.859582,31784960.0,0.0
1942,1790361815.8573372,31801344.0,0.0
1943,1790361835.8582602,31817728.0,0.0002353583
1944,1790361845.860519,31834112.0,0.0
1945,1790361865.8596425,31850496.0,0.0
1946,1790361885.8595216,31866880.0,0.0
1947,1790361905.8576567,31883264.0,0.0
1948,1790361925.858488,31899648.0,0.0004707166
1949,1790361945.8601916,31916032.0,0.0002353583
1950,1790361955.8587394,31932416.0,0.0
1951,1790361975.8584793,31948800.0,0.0
1952,1790361995.8583474,31965184.0,0.0
1953,1790362015.8586264,31981568.0,0.0
1954,1790362035.8586383,31997952.0,0.0
1955,1790362045.8573942,32014336.0,0.0
1956,1790362065.85874,32030720.0,0.0
1957,1790362085.8592076,32047104.0,0.0
1958,1790362105.8592288,32063488.0,0.0
1959,1790362125.85709,32079872.0,0.0
1960,1790362135.860493,32096256.0,0.0
1961,1790362155.8590467,32112640.0,0.0
1962,1790362175.8579164,32129024.0,0.0
1963,1790362195.858585,32145408.0,0.0004707166
1964,1790362215.8575103,32161792.0,0.0002353583
1965,1790362225.8604734,32178176.0,0.0004707166
1966,1790362245.8575077,32194560.0,0.0002353583
1967,1790362265.85734,32210944.0,0.0
1968,1790362285.8580663,32227328.0,0.0004707166
1969,1790362305.8592486,32243712.0,0.0
1970,1790362315.860118,32260096.0,0.0
1971,1790362335.8589427,32276480.0,0.0
1972,1790362355.8606222,32292864.0,0.0002353583
1973,1790362375.8592105,32309248.0,0.0
1974,1790362395.8574016,32325632.0,0.0002353583
1975,1790362405.860401,32342016.0,0.0
1976,1790362425.858165,32358400.0,0.0002353583
1977,1790362445.8600965,32374784.0,0.0
1978,1790362465.859072,32391168.0,0.0
1979,1790362485.857703,32407552.0,0.0
1980,1790362495.860071,32423936.0,0.0
1981,1790362515.8594227,32440320.0,0.0
1982,1790362535.8581398,32456704.0,0.0
1983,1790362555.858074,32473088.0,0.0
1984,1790362575.858127,32489472.0,0.0002353583
1985,1790362585.8628428,32505856.0,0.0
1986,1790362605.8591485,32522240.0,0.0002353583
1987,1790362625.858266,32538624.0,0.0
1988,1790362645.8603027,32555008.0,0.0
1989,1790362655.8604877,32571392.0,0.0002353583
1990,1790362675.8620634,32587776.0,0.0002353583
1991,1790362695.8572824,32604160.0,0.0
1992,1790362715.8587224,32620544.0,0.0
1993,1790362735.8603818,32636928.0,0.0002353583
1994,1790362755.858693,32653312.0,0.0
1995,1790362765.8613446,32669696.0,0.0
1996,1790362785.858086,32686080.0,0.0
1997,1790362805.861871,32702464.0,0.0
1998,1790362825.857571,32718848.0,0.0
1999,1790362845.857806,32735232.0,0.0
2000,1790362855.8601058,32751616.0,0.0002353583
2001,1790362875.8592453,32768000.0,0.0
2002,1790362895.8593988,32784384.0,0.0
2003,1790362915.8578136,32800768.0,0.0
2004,1790362935.858976,32817152.0,0.0002353583
2005,1790362945.8600302,32833536.0,0.0
2006,1790362965.8579948,32849920.0,0.0
2007,1790362985.8580391,32866304.0,0.0
2008,1790363005.8586397,32882688.0,0.0002353583
2009,1790363025.85734,32899072.0,0.0004707166
2010,1790363035.859197,32915456.0,0.0
2011,1790363055.857183,32931840.0,0.0004707166
2012,1790363075.8588378,32948224.0,0.0002353583
2013,1790363095.8593786,32964608.0,0.0004707166
2014,1790363115.8602574,32980992.0,0.0004707166
2015,1790363125.8605545,32997376.0,0.0002353583
2016,1790363145.8594573,33013760.0,0.0
2017,1790363165.8595846,33030144.0,0.0
2018,1790363185.858106,33046528.0,0.0002353583
2019,1790363205.8587918,33062912.0,0.0
2020,1790363215.857538,33079296.0,0.0
2021,1790363235.8583314,33095680.0,0.0002353583
2022,1790363255.8594506,33112064.0,0.0
2023,1790363275.8598657,33128448.0,0.0
2024,1790363295.8600123,33144832.0,0.0
2025,1790363305.860216,33161216.0,0.0
2026,1790363325.8581874,33177600.0,0.0
2027,1790363345.8610618,33193984.0,0.0002353583
2028,1790363365.858833,33210368.0,0.0
2029,1790363385.859443,33226752.0,0.0
2030,1790363395.8602982,33243136.0,0.0
2031,1790363415.8611846,33259520.0,0.0
2032,1790363435.8573494,33275904.0,0.0002353583
2033,1790363455.8572457,33292288.0,0.0
2034,1790363475.858585,33308672.0,0.0002353583
2035,1790363495.8574014,33325056.0,0.0
2036,1790363505.859434,33341440.0,0.0
2037,1790363525.8607335,33357824.0,0.0002353583
2038,1790363545.8578749,33374208.0,0.0
2039,1790363565.8577027,33390592.0,0.0002353583
2040,1790363585.857615,33406976.0,0.0
2041,1790363605.8603446,33423360.0,0.0
2042,1790363615.8595755,33439744.0,0.0
2043,1790363635.860665,33456128.0,0.0
2044,1790363655.8597128,33472512.0,0.0
2045,1790363675.8575768,33488896.0,0.0
2046,1790363695.8598282,33505280.0,0.0
2047,1790363705.8573663,33521664.0,0.0
2048,1790363725.8578975,33538048.0,0.0
2049,1790363745.8595335,33554432.0,0.0002353583
2050,1790363765.8571875,33570816.0,0.0
2051,1790363785.8589854,33587200.0,0.0
2052,1790363805.8592794,33603584.0,0.0002353583
2053,1790363815.8601928,33619970.0,0.0007060749
2054,1790363835.859045,33636350.0,0.0
2055,1790363855.8602152,33652736.0,0.0
2056,1790363875.8590589,33669120.0,0.0002353583
2057,1790363895.857803,33685504.0,0.0
2058,1790363905.8577423,33701890.0,0.0004707166
2059,1790363925.8595238,33718270.0,0.0002353583
2060,1790363945.8580394,33734656.0,0.0002353583
2061,1790363965.859144,33751040.0,0.0
2062,1790363985.8576992,33767424.0,0.0
2063,1790363995.8614323,33783810.0,0.0002353583
2064,1790364015.8607757,33800190.0,0.0
2065,1790364035.8588474,33816576.0,0.0
2066,1790364055.86056,33832960.0,0.0
2067,1790364075.8604305,33849344.0,0.0002353583
2068,1790364095.8606937,33865730.0,0.0
2069,1790364105.8582346,33882110.0,0.0
2070,1790364125.8593078,33898496.0,0.0
2071,1790364145.8603897,33914880.0,0.0
2072,1790364165.859657,33931264.0,0.0
2073,1790364185.8587475,33947650.0,0.0
2074,1790364195.8601506,33964030.0,0.0
2075,1790364215.85752,33980416.0,0.0
2076,1790364235.857528,33996800.0,0.0
2077,1790364255.8573694,34013184.0,0.0
2078,1790364265.8597982,34029570.0,0.0
2079,1790364285.8588777,34045950.0,0.0
2080,1790364305.8586936,34062336.0,0.0
2081,1790364325.8596485,34078720.0,0.0002353583
2082,1790364345.8579037,34095104.0,0.0
2083,1790364365.8600633,34111490.0,0.0
2084,1790364385.858096,34127870.0,0.0002353583
2085,1790364395.8577628,34144256.0,0.0
2086,1790364415.8572106,34160640.0,0.0
2087,1790364435.8578477,34177024.0,0.0002353583
2088,1790364455.8584116,34193410.0,0.0
2089,1790364475.8602903,34209790.0,0.0
2090,1790364485.8578024,34226176.0,0.0
2091,1790364505.859763,34242560.0,0.0002353583
2092,1790364525.8603797,34258944.0,0.0
2093,1790364545.8598764,34275330.0,0.0002353583
2094,1790364565.8573463,34291710.0,0.0
2095,1790364575.857239,34308096.0,0.0
2096,1790364595.8590806,34324480.0,0.0004707166
2097,1790364615.8578317,34340864.0,0.0002353583
2098,1790364635.8579855,34357250.0,0.0004707166
2099,1790364655.8576798,34373630.0,0.0
2100,1790364665.858035,34390016.0,0.0
2101,1790364685.8584812,34406400.0,0.0
2102,1790364705.8576417,34422784.0,0.0
2103,1790364725.8582125,34439170.0,0.0
2104,1790364745.859171,34455550.0,0.0
2105,1790364755.8580496,34471936.0,0.0
2106,1790364775.8580518,34488320.0,0.0
2107,1790364795.8585837,34504704.0,0.0
2108,1790364815.858079,34521090.0,0.0
2109,1790364835.8579822,34537470.0,0.0
2110,1790364845.862583,34553856.0,0.0
2111,1790364865.857998,34570240.0,0.0
2112,1790364885.858132,34586624.0,0.0
2113,1790364905.858923,34603010.0,0.0
2114,1790364925.8576946,34619390.0,0.0
2115,1790364935.857457,34635776.0,0.0
2116,1790364955.8597622,34652160.0,0.0
2117,1790364975.858312,34668544.0,0.0002353583
2118,1790364995.8577251,34684930.0,0.0
2119,1790365015.8572445,34701310.0,0.0
2120,1790365035.8590634,34717696.0,0.0002353583
2121,1790365045.8574028,34734080.0,0.0
2122,1790365065.8589363,34750464.0,0.0
2123,1790365085.859148,34766850.0,0.0002353583
2124,1790365105.8603065,34783230.0,0.0
2125,1790365115.859756,34799616.0,0.0002353583
2126,1790365135.860614,34816000.0,0.0
2127,1790365155.8599217,34832384.0,0.0002353583
2128,1790365175.8574314,34848770.0,0.0
2129,1790365185.8592134,34865150.0,0.0002353583
2130,1790365205.859933,34881536.0,0.0
2131,1790365225.857442,34897920.0,0.0002353583
2132,1790365245.8571186,34914304.0,0.0
2133,1790365265.859276,34930690.0,0.0002353583
2134,1790365285.857422,34947070.0,0.0
2135,1790365295.8576536,34963456.0,0.0
2136,1790365315.8608744,34979840.0,0.0
2137,1790365335.860504,34996224.0,0.0004707166
2138,1790365355.8600452,35012610.0,0.0
2139,1790365365.8582911,35028990.0,0.0
2140,1790365385.857982,35045376.0,0.0004707166
2141,1790365405.8604355,35061760.0,0.0002353583
2142,1790365425.8606665,35078144.0,0.0002353583
2143,1790365445.857529,35094530.0,0.0002353583
2144,1790365455.859504,35110910.0,0.0002353583
2145,1790365475.860556,35127296.0,0.0
2146,1790365495.858854,35143680.0,0.0
2147,1790365515.858641,35160064.0,0.0002353583
2148,1790365535.859205,35176450.0,0.0
2149,1790365545.859523,35192830.0,0.0
2150,1790365565.8588483,35209216.0,0.0002353583
2151,1790365585.8587422,35225600.0,0.0002353583
2152,1790365605.8578706,35241984.0,0.0002353583
2153,1790365625.8580546,35258370.0,0.0
2154,1790365635.8572242,35274750.0,0.0
2155,1790365655.858875,35291136.0,0.0
2156,1790365675.8602376,35307520.0,0.0
2157,1790365695.8608189,35323904.0,0.0
2158,1790365715.8572338,35340290.0,0.0002353583
2159,1790365725.8587115,35356670.0,0.0
2160,1790365745.8603652,35373056.0,0.0
2161,1790365765.8587215,35389440.0,0.0002353583
2162,1790365785.8602066,35405824.0,0.0
2163,1790365805.8576298,35422210.0,0.0
2164,1790365825.8607695,35438590.0,0.0
2165,1790365835.859367,35454976.0,0.0
2166,1790365855.8577406,35471360.0,0.0
2167,1790365875.8572257,35487744.0,0.0
2168,1790365895.859467,35504130.0,0.0
2169,1790365905.8603432,35520510.0,0.0
2170,1790365925.857956,35536896.0,0.0
2171,1790365945.8592412,35553280.0,0.0
2172,1790365965.8602593,35569664.0,0.0
2173,1790365975.8582137,35586050.0,0.0
2174,1790365995.8587894,35602430.0,0.0
2175,1790366015.8587384,35618816.0,0.0002353583
2176,1790366035.8591535,35635200.0,0.0
2177,1790366055.8597827,35651584.0,0.0
2178,1790366075.8578663,35667970.0,0.0
2179,1790366085.859132,35684350.0,0.0
2180,1790366105.8573833,35700736.0,0.0
2181,1790366125.8598285,35717120.0,0.0002353583
2182,1790366145.859884,35733504.0,0.0
2183,1790366165.860654,35749890.0,0.0
2184,1790366175.8588943,35766270.0,0.0002353583
2185,1790366195.8593273,35782656.0,0.0002353583
2186,1790366215.859875,35799040.0,0.0
2187,1790366235.8585482,35815424.0,0.0002353583
2188,1790366255.8597057,35831810.0,0.0004707166
2189,1790366265.8579142,35848190.0,0.0
2190,1790366285.859191,35864576.0,0.0
2191,1790366305.8580134,35880960.0,0.0
2192,1790366325.8607106,35897344.0,0.0
2193,1790366345.8602898,35913730.0,0.0
2194,1790366355.860177,35930110.0,0.0
2195,1790366375.8595965,35946496.0,0.0
2196,1790366395.862761,35962880.0,0.0
2197,1790366415.8589368,35979264.0,0.0
2198,1790366435.859033,35995650.0,0.0
2199,1790366445.857829,36012030.0,0.0
2200,1790366465.8616009,36028416.0,0.0002353583
2201,1790366485.86092,36044800.0,0.0
2202,1790366505.8574135,36061184.0,0.0
2203,1790366525.8579116,36077570.0,0.0
2204,1790366545.8592594,36093950.0,0.0
2205,1790366555.8572755,36110336.0,0.0
2206,1790366575.860318,36126720.0,0.0
2207,1790366595.8606994,36143104.0,0.0002353583
2208,1790366615.8605886,36159490.0,0.0
2209,1790366625.8629062,36175870.0,0.0
2210,1790366645.8599396,36192256.0,0.0
2211,1790366665.8605003,36208640.0,0.0
2212,1790366685.8584929,36225024.0,0.0
2213,1790366705.8602986,36241410.0,0.0
2214,1790366715.8620064,36257790.0,0.0
2215,1790366735.8599553,36274176.0,0.0004707166
2216,1790366755.859979,36290560.0,0.0
2217,1790366775.8605309,36306944.0,0.0
2218,1790366795.860221,36323330.0,0.0
2219,1790366805.8617709,36339710.0,0.0
2220,1790366825.8595424,36356096.0,0.0
2221,1790366845.860888,36372480.0,0.0
2222,1790366865.8600545,36388864.0,0.0
2223,1790366885.858548,36405250.0,0.0
2224,1790366905.8587017,36421630.0,0.0
2225,1790366915.8611114,36438016.0,0.0
2226,1790366935.859957,36454400.0,0.0002353583
2227,1790366955.8591287,36470784.0,0.0
2228,1790366975.8586352,36487170.0,0.0
2229,1790366995.8590956,36503550.0,0.0
2230,1790367005.8599317,36519936.0,0.0002353583
2231,1790367025.8602302,36536320.0,0.0
2232,1790367045.8601887,36552704.0,0.0
2233,1790367065.8653574,36569090.0,0.0
2234,1790367085.8599217,36585470.0,0.0
2235,1790367095.860169,36601856.0,0.0
2236,1790367115.857736,36618240.0,0.0
2237,1790367135.8613048,36634624.0,0.0
2238,1790367155.860193,36651010.0,0.0
2239,1790367175.857274,36667390.0,0.0
2240,1790367185.859503,36683776.0,0.0004707166
2241,1790367205.857478,36700160.0,0.0
2242,1790367225.859665,36716544.0,0.0
2243,1790367245.8576095,36732930.0,0.0002353583
2244,1790367265.8591397,36749310.0,0.0
2245,1790367275.8608165,36765696.0,0.0
2246,1790367295.8593447,36782080.0,0.0
2247,1790367315.8577302,36798464.0,0.0002353583
2248,1790367335.8575234,36814850.0,0.0002353583
2249,1790367355.859826,36831230.0,0.0
2250,1790367365.860356,36847616.0,0.0002353583
2251,1790367385.8595915,36864000.0,0.0
2252,1790367405.8617003,36880384.0,0.0002353583
2253,1790367425.8599691,36896770.0,0.0
2254,1790367435.861076,36913150.0,0.0
2255,1790367455.8607342,36929536.0,0.0
2256,1790367475.860482,36945920.0,0.0
2257,1790367495.858482,36962304.0,0.0
2258,1790367515.8573508,36978690.0,0.0
2259,1790367535.8576488,36995070.0,0.0
2260,1790367545.8603213,37011456.0,0.0
2261,1790367565.8582978,37027840.0,0.0
2262,1790367585.8596437,37044224.0,0.0
2263,1790367605.8593552,37060610.0,0.0
2264,1790367625.8601203,37076990.0,0.0
2265,1790367635.8595822,37093376.0,0.0
2266,1790367655.860133,37109760.0,0.0
2267,1790367675.8598633,37126144.0,0.0
2268,1790367695.8607876,37142530.0,0.0
2269,1790367715.8608775,37158910.0,0.0
2270,1790367725.860055,37175296.0,0.0002353583
2271,1790367745.8607426,37191680.0,0.0
2272,1790367765.8622131,37208064.0,0.0
2273,1790367785.8606918,37224450.0,0.0002353583
2274,1790367805.860235,37240830.0,0.0
2275,1790367815.860788,37257216.0,0.0
2276,1790367835.8604434,37273600.0,0.0
2277,1790367855.860814,37289984.0,0.0
2278,1790367875.8604136,37306370.0,0.0
2279,1790367895.8600185,37322750.0,0.0
2280,1790367905.8603914,37339136.0,0.0002353583
2281,1790367925.8592544,37355520.0,0.0002353583
2282,1790367945.8604789,37371904.0,0.0
2283,1790367965.8573256,37388290.0,0.0
2284,1790367985.860367,37404670.0,0.0002353583
2285,1790367995.8592012,37421056.0,0.0
2286,1790368015.8610065,37437440.0,0.0
2287,1790368035.8591225,37453824.0,0.0
2288,1790368055.859855,37470210.0,0.0
2289,1790368075.8618348,37486590.0,0.0
2290,1790368085.8601868,37502976.0,0.0004707166
2291,1790368105.857296,37519360.0,0.0
2292,1790368125.8615527,37535744.0,0.0
2293,1790368145.8616602,37552130.0,0.0
2294,1790368165.8610978,37568510.0,0.0
2295,1790368175.86145,37584896.0,0.0002353583
2296,1790368195.8587444,37601280.0,0.0
2297,1790368215.8603892,37617664.0,0.0
2298,1790368235.8595412,37634050.0,0.0
2299,1790368255.8601046,37650430.0,0.0
2300,1790368265.866554,37666816.0,0.0002353583
2301,1790368285.8594198,37683200.0,0.0
2302,1790368305.8595157,37699584.0,0.0
2303,1790368325.8598845,37715970.0,0.0
2304,1790368345.8601396,37732350.0,0.0
2305,1790368355.8602335,37748736.0,0.0
2306,1790368375.860386,37765120.0,0.0
2307,1790368395.8573115,37781504.0,0.0
2308,1790368415.8601558,37797890.0,0.0002353583
2309,1790368435.85719,37814270.0,0.0
2310,1790368445.8604395,37830656.0,0.0004707166
2311,1790368465.8615816,37847040.0,0.0
2312,1790368485.8578663,37863424.0,0.0
2313,1790368505.858925,37879810.0,0.0
2314,1790368525.8610651,37896190.0,0.0
2315,1790368535.8600965,37912576.0,0.0002353583
2316,1790368555.8596537,37928960.0,0.0
2317,1790368575.860502,37945344.0,0.0
2318,1790368595.8593464,37961730.0,0.0002353583
2319,1790368615.86227,37978110.0,0.0
2320,1790368625.8605332,37994496.0,0.0
2321,1790368645.8615596,38010880.0,0.0
2322,1790368665.860305,38027264.0,0.0
2323,1790368685.8602903,38043650.0,0.0
2324,1790368705.859864,38060030.0,0.0
2325,1790368715.8591335,38076416.0,0.0
2326,1790368735.8604398,38092800.0,0.0
2327,1790368755.8602586,38109184.0,0.0002353583
2328,1790368775.8603413,38125570.0,0.0
2329,1790368795.8598795,38141950.0,0.0
2330,1790368805.859861,38158336.0,0.0
2331,1790368825.8597293,38174720.0,0.0004707166
2332,1790368845.8587558,38191104.0,0.0
2333,1790368865.8600354,38207490.0,0.0
2334,1790368885.8575375,38223870.0,0.0002353583
2335,1790368895.8590913,38240256.0,0.0
2336,1790368915.8573616,38256640.0,0.0
2337,1790368935.86025,38273024.0,0.0002353583
2338,1790368955.8602414,38289410.0,0.0
2339,1790368975.8608713,38305790.0,0.0
2340,1790368995.8576095,38322176.0,0.0002353583
2341,1790369005.8602512,38338560.0,0.0
2342,1790369025.8606122,38354944.0,0.0
2343,1790369045.8598375,38371330.0,0.0
2344,1790369065.8585277,38387710.0,0.0
2345,1790369075.858494,38404096.0,0.0
2346,1790369095.859684,38420480.0,0.0002353583
2347,1790369115.8600087,38436864.0,0.0
2348,1790369135.86096,38453250.0,0.0004707166
2349,1790369155.8606615,38469630.0,0.0
2350,1790369165.8602192,38486016.0,0.0
2351,1790369185.8607416,38502400.0,0.0002353583
2352,1790369205.8604047,38518784.0,0.0
2353,1790369225.859596,38535170.0,0.0
2354,1790369245.8607345,38551550.0,0.0
2355,1790369255.8585017,38567936.0,0.0
2356,1790369275.8592584,38584320.0,0.0
2357,1790369295.8588424,38600704.0,0.0002353583
2358,1790369315.8603518,38617090.0,0.0
2359,1790369335.8603349,38633470.0,0.0
2360,1790369345.859606,38649856.0,0.0002353583
2361,1790369365.8601956,38666240.0,0.0002353583
2362,1790369385.8607538,38682624.0,0.0
2363,1790369405.8594615,38699010.0,0.0002353583
2364,1790369425.8584948,38715390.0,0.0
2365,1790369435.859521,38731776.0,0.0
2366,1790369455.8595946,38748160.0,0.0002353583
2367,1790369475.8589168,38764544.0,0.0
2368,1790369495.8590808,38780930.0,0.0
2369,1790369515.8597324,38797310.0,0.0
2370,1790369525.8634126,38813696.0,0.0
2371,1790369545.8602283,38830080.0,0.0
2372,1790369565.8588526,38846464.0,0.0
2373,1790369585.860321,38862850.0,0.0002353583
2374,1790369605.859069,38879230.0,0.0
2375,1790369615.862726,38895616.0,0.0
2376,1790369635.8597207,38912000.0,0.0
2377,1790369655.8605137,38928384.0,0.0
2378,1790369675.860318,38944770.0,0.0002353583
2379,1790369695.8605783,38961150.0,0.0
2380,1790369705.860276,38977536.0,0.0
2381,1790369725.859587,38993920.0,0.0
2382,1790369745.8602812,39010304.0,0.0
2383,1790369765.8600235,39026690.0,0.0
2384,1790369785.8570964,39043070.0,0.0
2385,1790369805.8608236,39059456.0,0.0
2386,1790369815.859789,39075840.0,0.0002353583
2387,1790369835.8598886,39092224.0,0.0
2388,1790369855.8603778,39108610.0,0.0
2389,1790369875.8616257,39124990.0,0.0
2390,1790369895.860158,39141376.0,0.0
2391,1790369905.8609226,39157760.0,0.0002353583
2392,1790369925.8611093,39174144.0,0.0
2393,1790369945.8579028,39190530.0,0.0004707166
2394,1790369965.8610682,39206910.0,0.0004707166
2395,1790369985.860471,39223296.0,0.0
2396,1790369995.859748,39239680.0,0.0
2397,1790370015.859553,39256064.0,0.0
2398,1790370035.860179,39272450.0,0.0002353583
2399,1790370055.858798,39288830.0,0.0007060749
2400,1790370075.8603232,39305216.0,0.0002353583
2401,1790370085.8609242,39321600.0,0.0002353583
2402,1790370105.8578165,39337984.0,0.0002353583
2403,1790370125.859714,39354370.0,0.0
2404,1790370145.8600502,39370750.0,0.0
2405,1790370165.8602345,39387136.0,0.0
2406,1790370175.8601444,39403520.0,0.0
2407,1790370195.8600693,39419904.0,0.0
2408,1790370215.8602374,39436290.0,0.0
2409,1790370235.859652,39452670.0,0.0
2410,1790370255.8628802,39469056.0,0.0002353583
2411,1790370275.8610878,39485440.0,0.0
2412,1790370285.860721,39501824.0,0.0002353583
2413,1790370305.8592384,39518210.0,0.0
2414,1790370325.859961,39534590.0,0.0
2415,1790370345.8584116,39550976.0,0.0002353583
2416,1790370365.8620665,39567360.0,0.0002353583
2417,1790370375.8600988,39583744.0,0.0002353583
2418,1790370395.8593326,39600130.0,0.0002353583
2419,1790370415.8602092,39616510.0,0.0
2420,1790370435.8594651,39632896.0,0.0004707166
2421,1790370455.8613443,39649280.0,0.0
2422,1790370465.859892,39665664.0,0.0002353583
2423,1790370485.8600922,39682050.0,0.0002353583
2424,1790370505.859921,39698430.0,0.0002353583
2425,1790370525.8605964,39714816.0,0.0004707166
2426,1790370545.857808,39731200.0,0.0
2427,1790370555.8619351,39747584.0,0.0
2428,1790370575.8593369,39763970.0,0.0
2429,1790370595.8609266,39780350.0,0.0
2430,1790370615.859001,39796736.0,0.0
2431,1790370635.8583195,39813120.0,0.0
2432,1790370645.861565,39829504.0,0.0002353583
2433,1790370665.8584335,39845890.0,0.0
2434,1790370685.8581495,39862270.0,0.0002353583
2435,1790370705.860292,39878656.0,0.0
2436,1790370725.8595965,39895040.0,0.0
2437,1790370735.859497,39911424.0,0.0
2438,1790370755.8591478,39927810.0,0.0002353583
2439,1790370775.8590517,39944190.0,0.0
2440,1790370795.8604925,39960576.0,0.0
2441,1790370815.8598504,39976960.0,0.0
2442,1790370825.8600955,39993344.0,0.0004707166
2443,1790370845.8600607,40009730.0,0.0
2444,1790370865.8600054,40026110.0,0.0
2445,1790370885.860761,40042496.0,0.0002353583
2446,1790370895.85961,40058880.0,0.0
2447,1790370925.857581,40075264.0,0.0
2448,1790370935.860128,40091650.0,0.0
2449,1790370955.8630133,40108030.0,0.0
2450,1790370975.8579948,40124416.0,0.0
2451,1790370995.8601637,40140800.0,0.0
2452,1790371015.8607566,40157184.0,0.0
2453,1790371025.861358,40173570.0,0.0
2454,1790371045.8593369,40189950.0,0.0
2455,1790371065.858235,40206336.0,0.0
2456,1790371085.8605187,40222720.0,0.0002353583
2457,1790371105.8599918,40239104.0,0.0
2458,1790371125.8603506,40255490.0,0.0002353583
2459,1790371135.8603082,40271870.0,0.0
2460,1790371155.857693,40288256.0,0.0
2461,1790371175.8600144,40304640.0,0.0
2462,1790371195.8606036,40321024.0,0.0
2463,1790371215.8581808,40337410.0,0.0
2464,1790371235.8600254,40353790.0,0.0
2465,1790371245.8604782,40370176.0,0.0
2466,1790371265.860658,40386560.0,0.0
2467,1790371285.859141,40402944.0,0.0
2468,1790371305.8590932,40419330.0,0.0
2469,1790371325.860597,40435710.0,0.0002353583
2470,1790371345.8597636,40452096.0,0.0002353583
2471,1790371355.8617222,40468480.0,0.0
2472,1790371375.859786,40484864.0,0.0
2473,1790371395.860401,40501250.0,0.0002353583
2474,1790371415.8603525,40517630.0,0.0
2475,1790371425.8625398,40534016.0,0.0
2476,1790371445.8587284,40550400.0,0.0002353583
2477,1790371465.860303,40566784.0,0.0002353583
2478,1790371485.8606904,40583170.0,0.0
2479,1790371505.8602216,40599550.0,0.0
2480,1790371525.85764,40615936.0,0.0002353583
2481,1790371535.8581436,40632320.0,0.0002353583
2482,1790371555.859838,40648704.0,0.0
2483,1790371575.857776,40665090.0,0.0
2484,1790371595.8586783,40681470.0,0.0
2485,1790371615.8599305,40697856.0,0.0
2486,1790371635.8585267,40714240.0,0.0002353583
2487,1790371645.8616142,40730624.0,0.0002353583
2488,1790371665.859061,40747010.0,0.0002353583
2489,1790371685.857345,40763390.0,0.0
2490,1790371705.860608,40779776.0,0.0
2491,1790371725.8603034,40796160.0,0.0
2492,1790371735.8586397,40812544.0,0.0002353583
2493,1790371755.860547,40828930.0,0.0
2494,1790371775.8602142,40845310.0,0.0
2495,1790371795.8601904,40861696.0,0.0002353583
2496,1790371815.859943,40878080.0,0.0002353583
2497,1790371825.860302,40894464.0,0.0
2498,1790371845.8602865,40910850.0,0.0
2499,1790371865.860776,40927230.0,0.0
2500,1790371885.859687,40943616.0,0.0
2501,1790371905.859854,40960000.0,0.0
2502,1790371915.8594315,40976384.0,0.0
2503,1790371935.859368,40992770.0,0.0
2504,1790371955.859208,41009150.0,0.0
2505,1790371975.8577187,41025536.0,0.0004707166
2506,1790371985.8593738,41041920.0,0.0
2507,1790372005.8586657,41058304.0,0.0
2508,1790372025.8583455,41074690.0,0.0002353583
2509,1790372045.8588085,41091070.0,0.0
2510,1790372065.8601618,41107456.0,0.0
2511,1790372085.8603787,41123840.0,0.0002353583
2512,1790372095.860885,41140224.0,0.0
2513,1790372115.8599658,41156610.0,0.0
2514,1790372135.8589926,41172990.0,0.0
2515,1790372155.8609111,41189376.0,0.0
2516,1790372175.8606105,41205760.0,0.0002353583
2517,1790372195.85729,41222144.0,0.0
2518,1790372205.8606365,41238530.0,0.0002353583
2519,1790372225.8582177,41254910.0,0.0
2520,1790372245.860299,41271296.0,0.0002353583
2521,1790372265.85945,41287680.0,0.0
2522,1790372275.8603575,41304064.0,0.0004707166
2523,1790372295.8576078,41320450.0,0.0004707166
2524,1790372315.8605113,41336830.0,0.0002353583
2525,1790372335.8599858,41353216.0,0.0002353583
2526,1790372355.8591137,41369600.0,0.0002353583
2527,1790372365.8572702,41385984.0,0.0
2528,1790372385.8593194,41402370.0,0.0
2529,1790372405.8596222,41418750.0,0.0002353583
2530,1790372425.8586087,41435136.0,0.0
2531,1790372445.860786,41451520.0,0.0
2532,1790372465.85785,41467904.0,0.0002353583
2533,1790372475.8573627,41484290.0,0.0
2534,1790372495.8575835,41500670.0,0.0
2535,1790372515.8591084,41517056.0,0.0002353583
2536,1790372535.8574462,41533440.0,0.0
2537,1790372555.8582132,41549824.0,0.0
2538,1790372565.861349,41566210.0,0.0002353583
2539,1790372585.8576026,41582590.0,0.0
2540,1790372605.8593414,41598976.0,0.0
2541,1790372625.8574436,41615360.0,0.0
2542,1790372645.8611567,41631744.0,0.0
2543,1790372665.859444,41648130.0,0.0004707166
2544,1790372675.8602035,41664510.0,0.0
2545,1790372695.8599052,41680896.0,0.0
2546,1790372715.858686,41697280.0,0.0
2547,1790372735.8605497,41713664.0,0.0002353583
2548,1790372745.859974,41730050.0,0.0
2549,1790372765.8602092,41746430.0,0.0
2550,1790372785.8606546,41762816.0,0.0
2551,1790372805.8573017,41779200.0,0.0
2552,1790372825.8593435,41795584.0,0.0
2553,1790372835.858317,41811970.0,0.0002353583
2554,1790372855.8587596,41828350.0,0.0002353583
2555,1790372875.8603203,41844736.0,0.0
2556,1790372895.8590674,41861120.0,0.0
2557,1790372915.8590026,41877504.0,0.0
2558,1790372935.8589425,41893890.0,0.0
2559,1790372945.859253,41910270.0,0.0
2560,1790372965.8594542,41926656.0,0.0
2561,1790372985.8607545,41943040.0,0.0
2562,1790373005.859186,41959424.0,0.0002353583
2563,1790373025.857648,41975810.0,0.0
2564,1790373035.8607564,41992190.0,0.0
2565,1790373055.8593862,42008576.0,0.0
2566,1790373075.857386,42024960.0,0.0002353583
2567,1790373095.860763,42041344.0,0.0002353583
2568,1790373115.8604789,42057730.0,0.0
2569,1790373135.8604116,42074110.0,0.0
2570,1790373145.860799,42090496.0,0.0002353583
2571,1790373165.8580723,42106880.0,0.0
2572,1790373185.857711,42123264.0,0.0
2573,1790373205.8589928,42139650.0,0.0
2574,1790373225.8576665,42156030.0,0.0
2575,1790373235.8577948,42172416.0,0.0
2576,1790373255.8575068,42188800.0,0.0
2577,1790373275.8579357,42205184.0,0.0
2578,1790373295.8599627,42221570.0,0.0002353583
2579,1790373315.860234,42237950.0,0.0
2580,1790373335.8594398,42254336.0,0.0
2581,1790373345.8601935,42270720.0,0.0
2582,1790373365.859609,42287104.0,0.0
2583,1790373385.8582344,42303490.0,0.0
2584,1790373405.8604078,42319870.0,0.0
2585,1790373425.861438,42336256.0,0.0
2586,1790373435.8608654,42352640.0,0.0
2587,1790373455.8600776,42369024.0,0.0002353583
2588,1790373475.8580408,42385410.0,0.0
2589,1790373495.8601654,42401790.0,0.0
2590,1790373515.8604715,42418176.0,0.0
2591,1790373525.8600252,42434560.0,0.0
2592,1790373545.858522,42450944.0,0.0
2593,1790373565.8606925,42467330.0,0.0
2594,1790373585.859347,42483710.0,0.0
2595,1790373605.8591688,42500096.0,0.0
2596,1790373615.8578296,42516480.0,0.0
2597,1790373635.8575623,42532864.0,0.0
2598,1790373655.8575296,42549250.0,0.0002353583
2599,1790373675.8591723,42565630.0,0.0
2600,1790373695.8602808,42582016.0,0.0
2601,1790373705.8610368,42598400.0,0.0002353583
2602,1790373725.8585384,42614784.0,0.0
2603,1790373745.8593442,42631170.0,0.0
2604,1790373765.8581889,42647550.0,0.0002353583
2605,1790373775.8606012,42663936.0,0.0
2606,1790373795.860628,42680320.0,0.0
2607,1790373815.8578453,42696704.0,0.0
2608,1790373835.8597217,42713090.0,0.0004707166
2609,1790373855.857674,42729470.0,0.0002353583
2610,1790373865.8575704,42745856.0,0.0
2611,1790373885.8592355,42762240.0,0.0
2612,1790373905.8603249,42778624.0,0.0
2613,1790373925.859569,42795010.0,0.0002353583
2614,1790373945.858206,42811390.0,0.0
2615,1790373965.8592355,42827776.0,0.0
2616,1790373975.857303,42844160.0,0.0
2617,1790373995.8573766,42860544.0,0.0002353583
2618,1790374015.8574047,42876930.0,0.0002353583
2619,1790374035.8582385,42893310.0,0.0
2620,1790374045.8594942,42909696.0,0.0002353583
2621,1790374065.8587916,42926080.0,0.0
2622,1790374085.8605645,42942464.0,0.0
2623,1790374105.8590765,42958850.0,0.0
2624,1790374125.8573415,42975230.0,0.0
2625,1790374145.8596573,42991616.0,0.0002353583
2626,1790374155.860571,43008000.0,0.0
2627,1790374175.8575072,43024384.0,0.0
2628,1790374195.857525,43040770.0,0.0
2629,1790374215.8592684,43057150.0,0.0
2630,1790374225.860268,43073536.0,0.0
2631,1790374245.8577695,43089920.0,0.0
2632,1790374265.8577578,43106304.0,0.0002353583
2633,1790374285.8654828,43122690.0,0.0002353583
2634,1790374305.860251,43139070.0,0.0
2635,1790374325.8579257,43155456.0,0.0002353583
2636,1790374335.860538,43171840.0,0.0007060749
2637,1790374355.8601346,43188224.0,0.0
2638,1790374375.8605475,43204610.0,0.0
2639,1790374395.8589048,43220990.0,0.0
2640,1790374415.860314,43237376.0,0.0004707166
2641,1790374425.859303,43253760.0,0.0
2642,1790374445.859959,43270144.0,0.0
2643,1790374465.860715,43286530.0,0.0
2644,1790374485.8607347,43302910.0,0.0
2645,1790374505.8582718,43319296.0,0.0
2646,1790374515.8579876,43335680.0,0.0
2647,1790374535.8602774,43352064.0,0.0
2648,1790374555.8573902,43368450.0,0.0
2649,1790374575.857592,43384830.0,0.0
2650,1790374595.8584526,43401216.0,0.0004707166
2651,1790374605.8582664,43417600.0,0.0002353583
2652,1790374625.8597963,43433984.0,0.0
2653,1790374645.859795,43450370.0,0.0
2654,1790374665.8581347,43466750.0,0.0
2655,1790374685.8599122,43483136.0,0.0
2656,1790374695.8583603,43499520.0,0.0
2657,1790374715.858981,43515904.0,0.0
2658,1790374735.85912,43532290.0,0.0
2659,1790374755.860302,43548670.0,0.0
2660,1790374775.8590596,43565056.0,0.0
2661,1790374785.860179,43581440.0,0.0002353583
2662,1790374805.8574996,43597824.0,0.0
2663,1790374825.8573678,43614210.0,0.0
2664,1790374845.857402,43630590.0,0.0
2665,1790374865.858272,43646976.0,0.0
2666,1790374875.860801,43663360.0,0.0002353583
2667,1790374895.860129,43679744.0,0.0
2668,1790374915.8599668,43696130.0,0.0002353583
2669,1790374935.8574584,43712510.0,0.0002353583
2670,1790374955.8576193,43728896.0,0.0
2671,1790374965.8603902,43745280.0,0.0
2672,1790374985.860128,43761664.0,0.0004707166
2673,1790375005.860713,43778050.0,0.0
2674,1790375025.860664,43794430.0,0.0
2675,1790375045.8622456,43810816.0,0.0
2676,1790375065.8576589,43827200.0,0.0002353583
2677,1790375075.8607297,43843584.0,0.0
2678,1790375095.8603718,43859970.0,0.0
2679,1790375115.8577776,43876350.0,0.0
2680,1790375135.8573692,43892736.0,0.0002353583
2681,1790375145.85839,43909120.0,0.0
2682,1790375165.858512,43925504.0,0.0
2683,1790375185.8574088,43941890.0,0.0004707166
2684,1790375205.85755,43958270.0,0.0002353583
2685,1790375225.858967,43974656.0,0.0002353583
2686,1790375245.8596804,43991040.0,0.0
2687,1790375255.859569,44007424.0,0.0002353583
2688,1790375275.859713,44023810.0,0.0002353583
2689,1790375295.8600843,44040190.0,0.0
2690,1790375315.8572445,44056576.0,0.0
2691,1790375335.8588564,44072960.0,0.0
2692,1790375345.8578029,44089344.0,0.0
2693,1790375365.857552,44105730.0,0.0002353583
2694,1790375385.8572583,44122110.0,0.0
2695,1790375405.8573198,44138496.0,0.0
2696,1790375425.858903,44154880.0,0.0004707166
2697,1790375435.8601675,44171264.0,0.0002353583
2698,1790375455.8598742,44187650.0,0.0
2699,1790375475.859759,44204030.0,0.0
2700,1790375495.857556,44220416.0,0.0
2701,1790375515.8592143,44236800.0,0.0
2702,1790375525.857477,44253184.0,0.0
2703,1790375545.85877,44269570.0,0.0
2704,1790375565.85963,44285950.0,0.0
2705,1790375585.858994,44302336.0,0.0
2706,1790375605.8573613,44318720.0,0.0
2707,1790375615.8576443,44335104.0,0.0
2708,1790375635.8578627,44351490.0,0.0
2709,1790375655.860356,44367870.0,0.0
2710,1790375675.8587537,44384256.0,0.0002353583
2711,1790375695.857679,44400640.0,0.0
2712,1790375705.8575916,44417024.0,0.0004707166
2713,1790375725.8575895,44433410.0,0.0
2714,1790375745.8597827,44449790.0,0.0002353583
2715,1790375765.8575497,44466176.0,0.0
2716,1790375775.857448,44482560.0,0.0
2717,1790375795.8589664,44498944.0,0.0
2718,1790375815.8593004,44515330.0,0.0
2719,1790375835.860278,44531710.0,0.0
2720,1790375855.8605728,44548096.0,0.0
2721,1790375875.8601434,44564480.0,0.0
2722,1790375885.8576598,44580864.0,0.0002353583
2723,1790375905.8603852,44597250.0,0.0
2724,1790375925.8602722,44613630.0,0.0
2725,1790375945.8594048,44630016.0,0.0
2726,1790375965.8576827,44646400.0,0.0
2727,1790375975.8589766,44662784.0,0.0
2728,1790375995.8578594,44679170.0,0.0
2729,1790376015.857649,44695550.0,0.0
2730,1790376035.8594608,44711936.0,0.0
2731,1790376055.860111,44728320.0,0.0
2732,1790376065.8617475,44744704.0,0.0
2733,1790376085.8597026,44761090.0,0.0
2734,1790376105.8597956,44777470.0,0.0002353583
2735,1790376125.8596768,44793856.0,0.0
2736,1790376145.8579094,44810240.0,0.0
2737,1790376155.8591151,44826624.0,0.0
2738,1790376175.8581514,44843010.0,0.0
2739,1790376195.858932,44859390.0,0.0
2740,1790376215.859061,44875776.0,0.0
2741,1790376235.8591216,44892160.0,0.0
2742,1790376245.857358,44908544.0,0.0002353583
2743,1790376265.8584957,44924930.0,0.0
2744,1790376285.85719,44941310.0,0.0
2745,1790376305.8604462,44957696.0,0.0002353583
2746,1790376325.8603945,44974080.0,0.0
2747,1790376335.857814,44990464.0,0.0
2748,1790376355.8602915,45006850.0,0.0
2749,1790376375.8597293,45023230.0,0.0002353583
2750,1790376395.8599598,45039616.0,0.0
2751,1790376415.859346,45056000.0,0.0
2752,1790376425.858979,45072384.0,0.0004707166
2753,1790376445.857606,45088770.0,0.0002353583
2754,1790376465.8591084,45105150.0,0.0
2755,1790376485.857559,45121536.0,0.0002353583
2756,1790376505.8601303,45137920.0,0.0
2757,1790376515.857529,45154304.0,0.0002353583
2758,1790376535.859848,45170690.0,0.0002353583
2759,1790376555.8576388,45187070.0,0.0
2760,1790376575.8573997,45203456.0,0.0
2761,1790376595.8598132,45219840.0,0.0
2762,1790376605.8599677,45236224.0,0.0
2763,1790376625.8593392,45252610.0,0.0
2764,1790376645.8596375,45268990.0,0.0
2765,1790376665.86007,45285376.0,0.0
2766,1790376685.8588464,45301760.0,0.0007060749
2767,1790376695.8590364,45318144.0,0.0
2768,1790376715.8586795,45334530.0,0.0
2769,1790376735.857975,45350910.0,0.0007060749
2770,1790376755.8576157,45367296.0,0.0004707166
2771,1790376765.859224,45383680.0,0.0
2772,1790376785.858932,45400064.0,0.0
2773,1790376805.8581393,45416450.0,0.0
2774,1790376825.8602688,45432830.0,0.0002353583
2775,1790376845.8604157,45449216.0,0.0
2776,1790376865.857997,45465600.0,0.0002353583
2777,1790376875.8573852,45481984.0,0.0
2778,1790376895.860072,45498370.0,0.0
2779,1790376915.8592074,45514750.0,0.0002353583
2780,1790376935.8592453,45531136.0,0.0
2781,1790376955.8592012,45547520.0,0.0
2782,1790376965.857232,45563904.0,0.0
2783,1790376985.8587346,45580290.0,0.0
2784,1790377005.8576095,45596670.0,0.0002353583
2785,1790377025.8600357,45613056.0,0.0002353583
2786,1790377045.8587236,45629440.0,0.0
2787,1790377055.8599408,45645824.0,0.0002353583
2788,1790377075.8575711,45662210.0,0.0
2789,1790377095.8574042,45678590.0,0.0
2790,1790377115.8580668,45694976.0,0.0
2791,1790377135.8574135,45711360.0,0.0
2792,1790377145.8571434,45727744.0,0.0
2793,1790377165.85919,45744130.0,0.0
2794,1790377185.8596337,45760510.0,0.0002353583
2795,1790377205.8601894,45776896.0,0.0
2796,1790377225.8603892,45793280.0,0.0002353583
2797,1790377235.8598766,45809664.0,0.0
2798,1790377255.858776,45826050.0,0.0
2799,1790377275.860119,45842430.0,0.0
2800,1790377295.8578105,45858816.0,0.0
2801,1790377305.860085,45875200.0,0.0
2802,1790377325.858367,45891584.0,0.0
2803,1790377345.8631856,45907970.0,0.0
2804,1790377365.859939,45924350.0,0.0002353583
2805,1790377385.8589551,45940736.0,0.0004707166
2806,1790377405.8577766,45957120.0,0.0
2807,1790377415.8601992,45973504.0,0.0002353583
2808,1790377435.8585286,45989890.0,0.0007060749
2809,1790377455.8589191,46006270.0,0.0002353583
2810,1790377475.8586862,46022656.0,0.0002353583
2811,1790377495.8600638,46039040.0,0.0002353583
2812,1790377505.862827,46055424.0,0.0002353583
2813,1790377525.8573036,46071810.0,0.0004707166
2814,1790377545.858893,46088190.0,0.0002353583
2815,1790377565.85948,46104576.0,0.0004707166
2816,1790377585.857298,46120960.0,0.0
2817,1790377605.859147,46137344.0,0.0
2818,1790377615.8592508,46153730.0,0.0
2819,1790377635.8571372,46170110.0,0.0
2820,1790377655.8571055,46186496.0,0.0
2821,1790377675.860315,46202880.0,0.0
2822,1790377685.861345,46219264.0,0.0002353583
2823,1790377705.859134,46235650.0,0.0
2824,1790377725.8608074,46252030.0,0.0002353583
2825,1790377745.8593192,46268416.0,0.0002353583
2826,1790377765.8607714,46284800.0,0.0
2827,1790377785.8601325,46301184.0,0.0
2828,1790377795.8592596,46317570.0,0.0002353583
2829,1790377815.858068,46333950.0,0.0
2830,1790377835.8588583,46350336.0,0.0
2831,1790377855.859927,46366720.0,0.0
2832,1790377875.857294,46383104.0,0.0
2833,1790377885.8573332,46399490.0,0.0
2834,1790377905.857472,46415870.0,0.0
2835,1790377925.8592544,46432256.0,0.0
2836,1790377945.8588276,46448640.0,0.0002353583
2837,1790377965.8592129,46465024.0,0.0
2838,1790377975.8584776,46481410.0,0.0
2839,1790377995.8595765,46497790.0,0.0
2840,1790378015.8609698,46514176.0,0.0
2841,1790378035.8575168,46530560.0,0.0002353583
2842,1790378055.857824,46546944.0,0.0
2843,1790378065.859306,46563330.0,0.0
2844,1790378085.8577125,46579710.0,0.0
2845,1790378105.8594923,46596096.0,0.0
2846,1790378125.8610475,46612480.0,0.0002353583
2847,1790378145.861665,46628864.0,0.0002353583
2848,1790378155.858288,46645250.0,0.0
2849,1790378175.8568356,46661630.0,0.0
2850,1790378195.85769,46678016.0,0.0
2851,1790378215.857425,46694400.0,0.0
2852,1790378235.8591032,46710784.0,0.0
2853,1790378245.8585858,46727170.0,0.0
2854,1790378265.8628175,46743550.0,0.0002353583
2855,1790378285.8592951,46759936.0,0.0002353583
2856,1790378295.8588562,46776320.0,0.0
2857,1790378315.859691,46792704.0,0.0002353583
2858,1790378335.8573754,46809090.0,0.0
2859,1790378355.8599036,46825470.0,0.0
2860,1790378375.8579087,46841856.0,0.0
2861,1790378395.859935,46858240.0,0.0
2862,1790378415.8582864,46874624.0,0.0002353583
2863,1790378425.858901,46891010.0,0.0002353583
2864,1790378445.859911,46907390.0,0.0002353583
2865,1790378465.8591378,46923776.0,0.0
2866,1790378485.8598938,46940160.0,0.0002353583
2867,1790378505.85821,46956544.0,0.0
2868,1790378515.8582933,46972930.0,0.0
2869,1790378535.8583734,46989310.0,0.0
2870,1790378555.857527,47005696.0,0.0
2871,1790378575.8597283,47022080.0,0.0
2872,1790378585.8603778,47038464.0,0.0002353583
2873,1790378605.858662,47054850.0,0.0
2874,1790378625.859293,47071230.0,0.0
2875,1790378645.8577244,47087616.0,0.0007060749
2876,1790378665.8582196,47104000.0,0.0
2877,1790378685.860235,47120384.0,0.0
2878,1790378695.8573253,47136770.0,0.0004707166
2879,1790378715.8577943,47153150.0,0.0
2880,1790378735.859907,47169536.0,0.0002353583
2881,1790378755.859972,47185920.0,0.0
2882,1790378775.8599849,47202304.0,0.0
2883,1790378795.859081,47218690.0,0.0
2884,1790378805.8589983,47235070.0,0.0
2885,1790378825.8586333,47251456.0,0.0
2886,1790378845.8583572,47267840.0,0.0
2887,1790378865.860397,47284224.0,0.0
2888,1790378885.8576276,47300610.0,0.0002353583
2889,1790378895.8600378,47316990.0,0.0002353583
2890,1790378915.8587532,47333376.0,0.0
2891,1790378935.85724,47349760.0,0.0002353583
2892,1790378955.8591871,47366144.0,0.0
2893,1790378975.8601403,47382530.0,0.0002353583
2894,1790378985.8573856,47398910.0,0.0
2895,1790379005.858288,47415296.0,0.0002353583
2896,1790379025.8593607,47431680.0,0.0
2897,1790379045.8595674,47448064.0,0.0
2898,1790379065.8579588,47464450.0,0.0
2899,1790379085.859326,47480830.0,0.0
2900,1790379095.858134,47497216.0,0.0
2901,1790379115.860243,47513600.0,0.0002353583
2902,1790379135.8599672,47529984.0,0.0002353583
2903,1790379155.86278,47546370.0,0.0
2904,1790379165.8598914,47562750.0,0.0
2905,1790379185.860556,47579136.0,0.0
2906,1790379205.861172,47595520.0,0.0
2907,1790379225.8602371,47611904.0,0.0
2908,1790379245.857953,47628290.0,0.0
2909,1790379255.860474,47644670.0,0.0002353583
2910,1790379275.8598902,47661056.0,0.0
2911,1790379295.8573928,47677440.0,0.0
2912,1790379315.8602087,47693824.0,0.0002353583
2913,1790379335.8592262,47710210.0,0.0
2914,1790379345.8578875,47726590.0,0.0002353583
2915,1790379365.8594503,47742976.0,0.0
2916,1790379385.859818,47759360.0,0.0002353583
2917,1790379405.857651,47775744.0,0.0
2918,1790379425.85988,47792130.0,0.0
2919,1790379435.8600705,47808510.0,0.0002353583
2920,1790379455.8602748,47824896.0,0.0
2921,1790379475.858785,47841280.0,0.0
2922,1790379495.8600218,47857664.0,0.0
2923,1790379515.8596363,47874050.0,0.0004707166
2924,1790379525.857582,47890430.0,0.0
2925,1790379545.8578808,47906816.0,0.0
2926,1790379565.8640404,47923200.0,0.0
2927,1790379585.8600228,47939584.0,0.0002353583
2928,1790379605.8576183,47955970.0,0.0
2929,1790379615.860129,47972350.0,0.0
2930,1790379635.8572645,47988736.0,0.0002353583
2931,1790379655.857509,48005120.0,0.0
2932,1790379675.8599353,48021504.0,0.0
2933,1790379695.8593976,48037890.0,0.0002353583
2934,1790379705.8600602,48054270.0,0.0
2935,1790379725.8598456,48070656.0,0.0
2936,1790379745.8574638,48087040.0,0.0
2937,1790379765.8593397,48103424.0,0.0
2938,1790379785.858214,48119810.0,0.0
2939,1790379795.860038,48136190.0,0.0
2940,1790379815.8604016,48152576.0,0.0004707166
2941,1790379835.8601978,48168960.0,0.0
2942,1790379855.8597057,48185344.0,0.0
2943,1790379875.857425,48201730.0,0.0
2944,1790379885.8589325,48218110.0,0.0
2945,1790379905.8571634,48234496.0,0.0002353583
2946,1790379925.8606973,48250880.0,0.0
2947,1790379945.8599565,48267264.0,0.0
2948,1790379965.8572776,48283650.0,0.0
2949,1790379975.8574536,48300030.0,0.0
2950,1790379995.8572297,48316416.0,0.0
2951,1790380015.859507,48332800.0,0.0
2952,1790380035.860132,48349184.0,0.0
2953,1790380055.8609085,48365570.0,0.0
2954,1790380075.8597715,48381950.0,0.0
2955,1790380085.858023,48398336.0,0.0
2956,1790380105.8598282,48414720.0,0.0
2957,1790380125.8600063,48431104.0,0.0
2958,1790380145.8578537,48447490.0,0.0
2959,1790380165.857833,48463870.0,0.0
2960,1790380175.8574698,48480256.0,0.0
2961,1790380195.8585584,48496640.0,0.0
2962,1790380215.8601818,48513024.0,0.0
2963,1790380235.8592224,48529410.0,0.0004707166
2964,1790380245.8603046,48545790.0,0.0
2965,1790380265.8591018,48562176.0,0.0002353583
2966,1790380285.8601034,48578560.0,0.0002353583
2967,1790380305.8591726,48594944.0,0.0
2968,1790380325.8588324,48611330.0,0.0
2969,1790380335.860722,48627710.0,0.0002353583
2970,1790380355.8574078,48644096.0,0.0
2971,1790380375.859095,48660480.0,0.0002353583
2972,1790380395.8594744,48676864.0,0.0004707166
2973,1790380415.8590877,48693250.0,0.0
2974,1790380425.8576255,48709630.0,0.0
2975,1790380445.8591816,48726016.0,0.0
2976,1790380465.8599334,48742400.0,0.0
2977,1790380485.8577156,48758784.0,0.0
2978,1790380505.859727,48775170.0,0.0
2979,1790380515.8602464,48791550.0,0.0
2980,1790380535.859996,48807936.0,0.0
2981,1790380555.8605838,48824320.0,0.0
2982,1790380575.8588417,48840704.0,0.0
2983,1790380595.8575275,48857090.0,0.0
2984,1790380605.8586624,48873470.0,0.0
2985,1790380625.857723,48889856.0,0.0
2986,1790380645.859095,48906240.0,0.0
2987,1790380665.8589332,48922624.0,0.0004707166
2988,1790380685.8575842,48939010.0,0.0
2989,1790380695.857872,48955390.0,0.0
2990,1790380715.8589785,48971776.0,0.0
2991,1790380735.8599432,48988160.0,0.0
2992,1790380755.8590744,49004544.0,0.0
2993,1790380775.8609831,49020930.0,0.0
2994,1790380785.8576505,49037310.0,0.0
2995,1790380805.8588204,49053696.0,0.0
2996,1790380825.860671,49070080.0,0.0
2997,1790380845.8578267,49086464.0,0.0
2998,1790380865.8570535,49102850.0,0.0002353583
2999,1790380885.8604512,49119230.0,0.0002353583
3000,1790380895.8604476,49135616.0,0.0
3001,1790380915.8602595,49152000.0,0.0
3002,1790380935.8577795,49168384.0,0.0
3003,1790380955.8591738,49184770.0,0.0
3004,1790380965.8609128,49201150.0,0.0002353583
3005,1790380985.857698,49217536.0,0.0002353583
3006,1790381005.8603344,49233920.0,0.0
3007,1790381025.8591423,49250304.0,0.0
3008,1790381045.858713,49266690.0,0.0
3009,1790381065.8603327,49283070.0,0.0
3010,1790381075.8603723,49299456.0,0.0002353583
3011,1790381095.8586376,49315840.0,0.0002353583
3012,1790381115.859354,49332224.0,0.0
3013,1790381135.8590896,49348610.0,0.0002353583
3014,1790381145.8575752,49364990.0,0.0
3015,1790381165.857477,49381376.0,0.0
3016,1790381185.857205,49397760.0,0.0
3017,1790381205.857752,49414144.0,0.0
3018,1790381225.860373,49430530.0,0.0002353583
3019,1790381245.8590722,49446910.0,0.0
3020,1790381255.8589735,49463296.0,0.0002353583
3021,1790381275.859186,49479680.0,0.0
3022,1790381295.8574097,49496064.0,0.0
3023,1790381315.8603532,49512450.0,0.0002353583
3024,1790381335.8608649,49528830.0,0.0002353583
3025,1790381345.860319,49545216.0,0.0
3026,1790381365.85752,49561600.0,0.0
3027,1790381385.859932,49577984.0,0.0
3028,1790381405.8576682,49594370.0,0.0
3029,1790381425.8576136,49610750.0,0.0
3030,1790381435.859516,49627136.0,0.0002353583
3031,1790381455.860488,49643520.0,0.0
3032,1790381475.8598711,49659904.0,0.0
3033,1790381495.8592458,49676290.0,0.0002353583
3034,1790381515.8572288,49692670.0,0.0002353583
3035,1790381525.8579078,49709056.0,0.0002353583
3036,1790381545.8590417,49725440.0,0.0007060749
3037,1790381565.8575692,49741824.0,0.0
3038,1790381585.8590991,49758210.0,0.0002353583
3039,1790381605.8576732,49774590.0,0.0002353583
3040,1790381615.8598535,49790976.0,0.0
3041,1790381635.8578343,49807360.0,0.0
3042,1790381655.8601053,49823744.0,0.0002353583
3043,1790381675.8604405,49840130.0,0.0
3044,1790381695.8598723,49856510.0,0.0
3045,1790381705.8594532,49872896.0,0.0
3046,1790381725.857663,49889280.0,0.0
3047,1790381745.857503,49905664.0,0.0
3048,1790381765.8600652,49922050.0,0.0
3049,1790381785.857659,49938430.0,0.0002353583
3050,1790381795.857226,49954816.0,0.0
3051,1790381815.8587098,49971200.0,0.0004707166
3052,1790381835.8602765,49987584.0,0.0
3053,1790381855.860121,50003970.0,0.0
3054,1790381875.857345,50020350.0,0.0
3055,1790381885.8575833,50036736.0,0.0
3056,1790381905.8598278,50053120.0,0.0
3057,1790381925.8576035,50069504.0,0.0
3058,1790381945.8586926,50085890.0,0.0002353583
3059,1790381965.8584156,50102270.0,0.0002353583
3060,1790381975.860131,50118656.0,0.0
3061,1790381995.8578784,50135040.0,0.0009414332
3062,1790382015.860386,50151424.0,0.0
3063,1790382035.8606417,50167810.0,0.0002353583
3064,1790382055.8575578,50184190.0,0.0
3065,1790382065.8602178,50200576.0,0.0
3066,1790382085.8602805,50216960.0,0.0002353583
3067,1790382105.857571,50233344.0,0.0
3068,1790382125.8577538,50249730.0,0.0
3069,1790382145.8573482,50266110.0,0.0
3070,1790382155.858042,50282496.0,0.0
3071,1790382175.8572657,50298880.0,0.0002353583
3072,1790382195.858936,50315264.0,0.0
3073,1790382215.8607,50331650.0,0.0
3074,1790382235.8606043,50348030.0,0.0
3075,1790382245.8570294,50364416.0,0.0
3076,1790382265.857121,50380800.0,0.0
3077,1790382285.857514,50397184.0,0.0002353583
3078,1790382305.8593502,50413570.0,0.0002353583
3079,1790382325.8598056,50429950.0,0.0
3080,1790382335.860529,50446336.0,0.0004707166
3081,1790382355.8608537,50462720.0,0.0
3082,1790382375.8605428,50479104.0,0.0002353583
3083,1790382395.8570805,50495490.0,0.0
3084,1790382415.8590093,50511870.0,0.0002353583
3085,1790382425.8577416,50528256.0,0.0
3086,1790382445.858827,50544640.0,0.0004707166
3087,1790382465.860503,50561024.0,0.0
3088,1790382485.858888,50577410.0,0.0
3089,1790382495.8590727,50593790.0,0.0
3090,1790382515.8582838,50610176.0,0.0
3091,1790382535.859766,50626560.0,0.0
3092,1790382555.8593552,50642944.0,0.0
3093,1790382575.8572843,50659330.0,0.0
3094,1790382585.8592672,50675710.0,0.0
3095,1790382605.8594348,50692096.0,0.0
3096,1790382625.860527,50708480.0,0.0
3097,1790382645.858419,50724864.0,0.0
3098,1790382665.859908,50741250.0,0.0004707166
3099,1790382675.857738,50757630.0,0.0002353583
3100,1790382695.8605485,50774016.0,0.0
3101,1790382715.857375,50790400.0,0.0
3102,1790382735.8602445,50806784.0,0.0
3103,1790382755.8600817,50823170.0,0.0002353583
3104,1790382765.858317,50839550.0,0.0004707166
3105,1790382785.860497,50855936.0,0.0007060749
3106,1790382805.857524,50872320.0,0.0
3107,1790382825.858336,50888704.0,0.0
3108,1790382845.8589294,50905090.0,0.0002353583
3109,1790382855.8580885,50921470.0,0.0
3110,1790382875.8614726,50937856.0,0.0002353583
3111,1790382895.8582597,50954240.0,0.0
3112,1790382915.8587964,50970624.0,0.0002353583
3113,1790382935.8593798,50987010.0,0.0007060749
3114,1790382945.8572657,51003390.0,0.0
3115,1790382965.8590932,51019776.0,0.0
3116,1790382985.8603938,51036160.0,0.0
3117,1790383005.8590338,51052544.0,0.0
3118,1790383025.858703,51068930.0,0.0002353583
3119,1790383035.857613,51085310.0,0.0002353583
3120,1790383055.858975,51101696.0,0.0
3121,1790383075.8576849,51118080.0,0.0004707166
3122,1790383095.8603735,51134464.0,0.0
3123,1790383115.8607526,51150850.0,0.0
3124,1790383125.857599,51167230.0,0.0
3125,1790383145.859978,51183616.0,0.0004707166
3126,1790383165.8578093,51200000.0,0.0
3127,1790383185.8590462,51216384.0,0.0
3128,1790383195.8585806,51232770.0,0.0002353583
3129,1790383215.8589046,51249150.0,0.0
3130,1790383235.8601246,51265536.0,0.0004707166
3131,1790383255.8604138,51281920.0,0.0
3132,1790383275.8617136,51298304.0,0.0002353583
3133,1790383285.8601346,51314690.0,0.0002353583
3134,1790383305.86046,51331070.0,0.0
3135,1790383325.860551,51347456.0,0.0002353583
3136,1790383345.860078,51363840.0,0.0002353583
3137,1790383365.8597767,51380224.0,0.0
3138,1790383375.8615324,51396610.0,0.0002353583
3139,1790383395.8593392,51412990.0,0.0002353583
3140,1790383415.8616638,51429376.0,0.0002353583
3141,1790383435.8580716,51445760.0,0.0002353583
3142,1790383455.8615098,51462144.0,0.0
3143,1790383465.858269,51478530.0,0.0
3144,1790383485.8584676,51494910.0,0.0
3145,1790383505.8601167,51511296.0,0.0
3146,1790383525.8592126,51527680.0,0.0004707166
3147,1790383545.8577497,51544064.0,0.0
3148,1790383555.8603735,51560450.0,0.0
3149,1790383575.858684,51576830.0,0.0
3150,1790383595.8601606,51593216.0,0.0
3151,1790383615.8606608,51609600.0,0.0002353583
3152,1790383635.858153,51625984.0,0.0004707166
3153,1790383645.8601277,51642370.0,0.0002353583
3154,1790383665.8602374,51658750.0,0.0002353583
3155,1790383685.8582036,51675136.0,0.0
3156,1790383705.8586996,51691520.0,0.0
3157,1790383725.860877,51707904.0,0.0004707166
3158,1790383745.8605173,51724290.0,0.0
3159,1790383755.8636074,51740670.0,0.0
3160,1790383775.860475,51757056.0,0.0002353583
3161,1790383795.8599908,51773440.0,0.0
3162,1790383815.8577616,51789824.0,0.0007060749
3163,1790383825.85869,51806210.0,0.0002353583
3164,1790383845.8579564,51822590.0,0.0
3165,1790383865.8604102,51838976.0,0.0004707166
3166,1790383885.8585317,51855360.0,0.0
3167,1790383905.860674,51871744.0,0.0
3168,1790383925.85826,51888130.0,0.0
3169,1790383945.860619,51904510.0,0.0002353583
3170,1790383955.8587124,51920896.0,0.0004707166
3171,1790383975.860425,51937280.0,0.0002353583
3172,1790383995.8590522,51953664.0,0.0004707166
3173,1790384015.8608856,51970050.0,0.0002353583
3174,1790384025.8592167,51986430.0,0.0
3175,1790384045.857858,52002816.0,0.0
3176,1790384065.8587036,52019200.0,0.0
3177,1790384085.8580208,52035584.0,0.0
3178,1790384105.860667,52051970.0,0.0
3179,1790384115.8575575,52068350.0,0.0004707166
3180,1790384135.858603,52084736.0,0.0
3181,1790384155.8590996,52101120.0,0.0002353583
3182,1790384175.8605795,52117504.0,0.0
3183,1790384195.859515,52133890.0,0.0002353583
3184,1790384205.8586285,52150270.0,0.0007060749
3185,1790384225.8586864,52166656.0,0.0
3186,1790384245.8591926,52183040.0,0.0002353583
3187,1790384265.8595607,52199424.0,0.0002353583
3188,1790384285.8598444,52215810.0,0.0
3189,1790384295.8587658,52232190.0,0.0
3190,1790384315.858274,52248576.0,0.0002353583
3191,1790384335.857772,52264960.0,0.0
3192,1790384355.8601303,52281344.0,0.0002353583
3193,1790384375.8592172,52297730.0,0.0002353583
3194,1790384385.862176,52314110.0,0.0002353583
3195,1790384405.8585775,52330496.0,0.0
3196,1790384425.8602104,52346880.0,0.0
3197,1790384445.8581717,52363264.0,0.0
3198,1790384465.8582444,52379650.0,0.0007060749
3199,1790384475.858245,52396030.0,0.0002353583
3200,1790384495.858914,52412416.0,0.0
3201,1790384515.8601327,52428800.0,0.0
3202,1790384535.8578715,52445184.0,0.0007060749
3203,1790384555.8590589,52461570.0,0.0002353583
3204,1790384565.8608398,52477950.0,0.0002353583
3205,1790384585.8592477,52494336.0,0.0002353583
3206,1790384605.8600214,52510720.0,0.0002353583
3207,1790384625.861126,52527104.0,0.0002353583
3208,1790384645.8586664,52543490.0,0.0
3209,1790384655.8606637,52559870.0,0.0
3210,1790384675.8590908,52576256.0,0.0
3211,1790384695.858825,52592640.0,0.0002353583
3212,1790384715.8601775,52609024.0,0.0002353583
3213,1790384725.8575692,52625410.0,0.0
3214,1790384745.8601904,52641790.0,0.0002353583
3215,1790384765.860042,52658176.0,0.0
3216,1790384785.8601067,52674560.0,0.0002353583
3217,1790384805.8578482,52690944.0,0.0
3218,1790384825.8583398,52707330.0,0.0002353583
3219,1790384835.8578725,52723710.0,0.0
3220,1790384855.858934,52740096.0,0.0
3221,1790384875.8591344,52756480.0,0.0
3222,1790384895.857972,52772864.0,0.0
3223,1790384905.8578146,52789250.0,0.0002353583
3224,1790384925.857975,52805630.0,0.0
3225,1790384945.8589394,52822016.0,0.0
3226,1790384965.857431,52838400.0,0.0
3227,1790384985.8601382,52854784.0,0.0
3228,1790384995.8601198,52871170.0,0.0002353583
3229,1790385015.859023,52887550.0,0.0002353583
3230,1790385035.8591251,52903936.0,0.0
3231,1790385055.8577754,52920320.0,0.0004707166
3232,1790385075.8589382,52936704.0,0.0002353583
3233,1790385085.861443,52953090.0,0.0
3234,1790385105.8607242,52969470.0,0.0
3235,1790385125.8601365,52985856.0,0.0
3236,1790385145.8605275,53002240.0,0.0
3237,1790385165.8603292,53018624.0,0.0002353583
3238,1790385185.8575964,53035010.0,0.0002353583
3239,1790385195.8593123,53051390.0,0.0
3240,1790385215.8607633,53067776.0,0.0
3241,1790385235.8591275,53084160.0,0.0
3242,1790385255.8591156,53100544.0,0.0
3243,1790385275.8587468,53116930.0,0.0
3244,1790385285.8590808,53133310.0,0.0
3245,1790385305.8578267,53149696.0,0.0
3246,1790385325.8581896,53166080.0,0.0007060749
3247,1790385345.8582182,53182464.0,0.0
3248,1790385355.860083,53198850.0,0.0002353583
3249,1790385375.8588612,53215230.0,0.0
3250,1790385395.8618686,53231616.0,0.0
3251,1790385415.858277,53248000.0,0.0002353583
3252,1790385435.859284,53264384.0,0.0004707166
3253,1790385455.8596728,53280770.0,0.0
3254,1790385465.857943,53297150.0,0.0
3255,1790385485.8588629,53313536.0,0.0
3256,1790385505.8599207,53329920.0,0.0
3257,1790385525.8603563,53346304.0,0.0002353583
3259,1790385555.860016,53379070.0,0.0002353583
3260,1790385575.857376,53395456.0,0.0
3261,1790385595.859194,53411840.0,0.0002353583
3262,1790385615.857339,53428224.0,0.0
3263,1790385625.8570669,53444610.0,0.0002353583
3264,1790385645.8574476,53460990.0,0.0007060749
3265,1790385665.8599722,53477376.0,0.0
3266,1790385685.8602662,53493760.0,0.0
3267,1790385705.860218,53510144.0,0.0
3268,1790385725.8599665,53526530.0,0.0
3269,1790385745.8576262,53542910.0,0.0004707166
3270,1790385755.8602102,53559296.0,0.0
3271,1790385775.8577936,53575680.0,0.0004707166
3272,1790385795.8599007,53592064.0,0.0
3274,1790385835.858797,53624830.0,0.0
3275,1790385845.858791,53641216.0,0.0002353583
3276,1790385865.8599355,53657600.0,0.0
3278,1790385905.857782,53690370.0,0.0002353583
3280,1790385935.8600385,53723136.0,0.0
3281,1790385955.8579986,53739520.0,0.0002353583
3282,1790385975.858521,53755904.0,0.0002353583
3283,1790385995.858631,53772290.0,0.0
3284,1790386015.857722,53788670.0,0.0
3285,1790386025.85784,53805056.0,0.0002353583
3286,1790386045.860989,53821440.0,0.0
3287,1790386065.858664,53837824.0,0.0
3288,1790386085.8605075,53854210.0,0.0
3289,1790386105.8599946,53870590.0,0.0
3290,1790386115.859855,53886976.0,0.0
3291,1790386135.8588722,53903360.0,0.0
3292,1790386155.8594878,53919744.0,0.0
3293,1790386175.8599248,53936130.0,0.0
3294,1790386195.8600364,53952510.0,0.0
3295,1790386205.859876,53968896.0,0.0007060749
3296,1790386225.8592286,53985280.0,0.0
3297,1790386245.8615048,54001664.0,0.0002353583
3298,1790386265.8585331,54018050.0,0.0004707166
3299,1790386285.8574996,54034430.0,0.0
3300,1790386295.8602767,54050816.0,0.0002353583
3301,1790386315.8574831,54067200.0,0.0
3302,1790386335.8577592,54083584.0,0.0002353583
3303,1790386355.8600595,54099970.0,0.0
3304,1790386375.8597648,54116350.0,0.0
3305,1790386385.8612266,54132736.0,0.0002353583
3306,1790386405.8590808,54149120.0,0.0004707166
3307,1790386425.8575132,54165504.0,0.0
3308,1790386445.858359,54181890.0,0.0004707166
3309,1790386465.858428,54198270.0,0.0
3310,1790386475.8599565,54214656.0,0.0
3311,1790386495.8586416,54231040.0,0.0
3312,1790386515.8577452,54247424.0,0.0004707166
3313,1790386535.857865,54263810.0,0.0004707166
3314,1790386555.857727,54280190.0,0.0
3315,1790386565.8592594,54296576.0,0.0002353583
3316,1790386585.8603065,54312960.0,0.0
3317,1790386605.8577702,54329344.0,0.0002353583
3318,1790386625.860591,54345730.0,0.0
3319,1790386645.8620732,54362110.0,0.0
3320,1790386655.8594956,54378496.0,0.0002353583
3321,1790386675.8597298,54394880.0,0.0002353583
3322,1790386695.857503,54411264.0,0.0002353583
3323,1790386715.8590071,54427650.0,0.0
3324,1790386735.8602967,54444030.0,0.0002353583
3325,1790386755.8593652,54460416.0,0.0
3326,1790386765.8607054,54476800.0,0.0
3327,1790386785.859223,54493184.0,0.0
3328,1790386805.8603082,54509570.0,0.0002353583
3329,1790386825.8586411,54525950.0,0.0
3330,1790386845.8572617,54542336.0,0.0
3331,1790386865.8578863,54558720.0,0.0002353583
3332,1790386875.85722,54575104.0,0.0002353583
3333,1790386895.8584733,54591490.0,0.0002353583
3334,1790386915.8591626,54607870.0,0.0
3335,1790386935.8588817,54624256.0,0.0004707166
3337,1790386965.8596942,54657024.0,0.0004707166
3338,1790386985.8596463,54673410.0,0.0
3340,1790387025.8599296,54706176.0,0.0
3341,1790387035.8575258,54722560.0,0.0002353583
3342,1790387055.857436,54738944.0,0.0004707166
3343,1790387075.8584816,54755330.0,0.0
3344,1790387095.8586197,54771710.0,0.0
3345,1790387115.857661,54788096.0,0.0
3347,1790387145.8590455,54820864.0,0.0
3348,1790387165.8586023,54837250.0,0.0004707166
3350,1790387205.8599007,54870016.0,0.0002353583
3351,1790387225.860733,54886400.0,0.0
3352,1790387235.859043,54902784.0,0.0002353583
3353,1790387255.8576217,54919170.0,0.0002353583
3354,1790387275.8604054,54935550.0,0.0
3355,1790387295.8621287,54951936.0,0.0002353583
3356,1790387305.8608549,54968320.0,0.0002353583
3357,1790387325.8586688,54984704.0,0.0002353583
3358,1790387345.8577075,55001090.0,0.0
3359,1790387365.8593612,55017470.0,0.0002353583
3360,1790387385.8607886,55033856.0,0.0
3361,1790387395.8594844,55050240.0,0.0002353583
3362,1790387415.859723,55066624.0,0.0
3363,1790387435.8590262,55083010.0,0.0
3364,1790387455.8602812,55099390.0,0.0002353583
3365,1790387475.8573134,55115776.0,0.0
3366,1790387495.8575206,55132160.0,0.0002353583
3367,1790387505.857693,55148544.0,0.0
3368,1790387525.8577237,55164930.0,0.0
3369,1790387545.8587954,55181310.0,0.0
3370,1790387565.858177,55197696.0,0.0
3371,1790387585.8609798,55214080.0,0.0
3372,1790387595.859547,55230464.0,0.0
3373,1790387615.8591087,55246850.0,0.0002353583
3374,1790387635.8606458,55263230.0,0.0002353583
3375,1790387655.8605397,55279616.0,0.0
3376,1790387665.8584015,55296000.0,0.0002353583
3377,1790387685.8604286,55312384.0,0.0004707166
3378,1790387705.8589375,55328770.0,0.0
3379,1790387725.859829,55345150.0,0.0
3380,1790387745.8603606,55361536.0,0.0
3381,1790387755.8586977,55377920.0,0.0002353583
3382,1790387775.860061,55394304.0,0.0002353583
3383,1790387795.8600297,55410690.0,0.0002353583
3384,1790387815.8599975,55427070.0,0.0
3385,1790387835.859133,55443456.0,0.0
3386,1790387845.8581629,55459840.0,0.0
3387,1790387865.8622935,55476224.0,0.0002353583
3388,1790387885.857484,55492610.0,0.0004707166
3389,1790387905.8596654,55508990.0,0.0002353583
3390,1790387925.8600073,55525376.0,0.0
3391,1790387935.8582103,55541760.0,0.0002353583
3392,1790387955.8580554,55558144.0,0.0
3393,1790387975.8574293,55574530.0,0.0002353583
3394,1790387995.859697,55590910.0,0.0
3395,1790388015.8604453,55607296.0,0.0
3396,1790388025.8605063,55623680.0,0.0002353583
3397,1790388045.864231,55640064.0,0.0
3398,1790388065.8574252,55656450.0,0.0
3399,1790388085.8603468,55672830.0,0.0
3401,1790388115.8604448,55705600.0,0.0002353583
3403,1790388155.858527,55738370.0,0.0
3405,1790388195.8591032,55771136.0,0.0
3406,1790388205.8592148,55787520.0,0.0
3407,1790388225.8598125,55803904.0,0.0
3408,1790388245.859436,55820290.0,0.0002353583
3409,1790388265.8586347,55836670.0,0.0002353583
3410,1790388285.8589728,55853056.0,0.0
3411,1790388295.86035,55869440.0,0.0004707166
3412,1790388315.860727,55885824.0,0.0002353583
3413,1790388335.86086,55902210.0,0.0
3414,1790388355.8604846,55918590.0,0.0002353583
3415,1790388375.8607452,55934976.0,0.0004707166
3416,1790388385.8578198,55951360.0,0.0
3417,1790388405.8573115,55967744.0,0.0
3418,1790388425.8594768,55984130.0,0.0
3419,1790388445.8577015,56000510.0,0.0004707166
3420,1790388465.8599746,56016896.0,0.0
3421,1790388475.8601086,56033280.0,0.0
3422,1790388495.8605783,56049664.0,0.0
3423,1790388515.861096,56066050.0,0.0
3424,1790388535.8590589,56082430.0,0.0
3425,1790388555.8677535,56098816.0,0.0
3426,1790388565.857313,56115200.0,0.0
3427,1790388585.8593,56131584.0,0.0002353583
3428,1790388605.860494,56147970.0,0.0
3429,1790388625.8595858,56164350.0,0.0004707166
3430,1790388645.859095,56180736.0,0.0
3431,1790388655.857897,56197120.0,0.0
3432,1790388675.8600338,56213504.0,0.0002353583
3433,1790388695.8597157,56229890.0,0.0002353583
3434,1790388715.8609912,56246270.0,0.0
3435,1790388735.8589602,56262656.0,0.0002353583
3436,1790388745.8610637,56279040.0,0.0002353583
3437,1790388765.860493,56295424.0,0.0002353583
3438,1790388785.859928,56311810.0,0.0
3439,1790388805.8579092,56328190.0,0.0002353583
3440,1790388825.85922,56344576.0,0.0
3441,1790388835.8597665,56360960.0,0.0002353583
3442,1790388855.8601887,56377344.0,0.0
3443,1790388875.860234,56393730.0,0.0
3444,1790388895.8603237,56410110.0,0.0
3445,1790388915.8573787,56426496.0,0.0
3446,1790388925.859902,56442880.0,0.0
3448,1790388965.8583336,56475650.0,0.0002353583
3449,1790388985.8578715,56492030.0,0.0
3450,1790389005.8601232,56508416.0,0.0002353583
3451,1790389015.8604383,56524800.0,0.0
3452,1790389035.8608718,56541184.0,0.0007060749
3453,1790389055.8609211,56557570.0,0.0004707166
3454,1790389075.8620942,56573950.0,0.0
3456,1790389105.8590343,56606720.0,0.0
3458,1790389145.858536,56639490.0,0.0
3460,1790389185.8605075,56672256.0,0.0002353583
3462,1790389215.8585494,56705024.0,0.0002353583
3463,1790389235.8637729,56721410.0,0.0
3464,1790389255.8602226,56737790.0,0.0
3465,1790389275.861667,56754176.0,0.0
3466,1790389285.8597963,56770560.0,0.0
3467,1790389305.8606374,56786944.0,0.0004707166
3468,1790389325.8577764,56803330.0,0.0
3469,1790389345.8575168,56819710.0,0.0004707166
3470,1790389365.8598075,56836096.0,0.0004707166
3471,1790389375.8602393,56852480.0,0.0002353583
3472,1790389395.8607066,56868864.0,0.0002353583
3473,1790389415.8593175,56885250.0,0.0
3474,1790389435.8573947,56901630.0,0.0002353583
3475,1790389455.8594174,56918016.0,0.0002353583
3476,1790389465.8575287,56934400.0,0.0004707166
3477,1790389485.8574665,56950784.0,0.0
3478,1790389505.860737,56967170.0,0.0002353583
3479,1790389525.8592074,56983550.0,0.0002353583
3480,1790389545.8583112,56999936.0,0.0002353583
3481,1790389555.861402,57016320.0,0.0
3482,1790389575.8573534,57032704.0,0.0002353583
3483,1790389595.8596792,57049090.0,0.0004707166
3484,1790389615.859347,57065470.0,0.0002353583
3485,1790389635.8590243,57081856.0,0.0
3486,1790389645.8586946,57098240.0,0.0
3487,1790389665.8577423,57114624.0,0.0
3488,1790389685.860501,57131010.0,0.0002353583
3489,1790389705.8610277,57147390.0,0.0002353583
3490,1790389725.858041,57163776.0,0.0002353583
3491,1790389735.8584766,57180160.0,0.0
3492,1790389765.8605225,57196544.0,0.0
3493,1790389775.8591893,57212930.0,0.0004707166
3494,1790389795.8597257,57229310.0,0.0002353583
3495,1790389815.8590827,57245696.0,0.0
3496,1790389835.8597064,57262080.0,0.0
3497,1790389855.858111,57278464.0,0.0004707166
3498,1790389875.8580403,57294850.0,0.0004707166
3499,1790389885.8594265,57311230.0,0.0
3500,1790389905.8588357,57327616.0,0.0
3502,1790389945.8581955,57360384.0,0.0
3503,1790389965.8585424,57376770.0,0.0
3505,1790389995.8607316,57409536.0,0.0004707166
3506,1790390015.8584676,57425920.0,0.0002353583
3507,1790390035.8585875,57442304.0,0.0002353583
3508,1790390055.8581483,57458690.0,0.0002353583
3509,1790390065.860391,57475070.0,0.0
3510,1790390085.860315,57491456.0,0.0002353583
3511,1790390105.860026,57507840.0,0.0002353583
3513,1790390145.8575983,57540610.0,0.0004707166
3514,1790390155.8598952,57556990.0,0.0004707166
3515,1790390175.8600202,57573376.0,0.0
3516,1790390195.8603013,57589760.0,0.0
3517,1790390215.8574755,57606144.0,0.0
3518,1790390235.8598175,57622530.0,0.0
3519,1790390245.858313,57638910.0,0.0002353583
3520,1790390265.857967,57655296.0,0.0007060749
3521,1790390285.8572156,57671680.0,0.0004707166
3523,1790390325.860602,57704450.0,0.0002353583
3525,1790390355.859069,57737216.0,0.0
3527,1790390395.8595724,57769984.0,0.0
3528,1790390405.8610458,57786370.0,0.0002353583
3529,1790390425.8596346,57802750.0,0.0002353583
3530,1790390445.8590338,57819136.0,0.0002353583
3532,1790390485.8573933,57851904.0,0.0002353583
3534,1790390515.859275,57884670.0,0.0
3536,1790390555.859731,57917440.0,0.0
3538,1790390585.8602538,57950210.0,0.0002353583
3540,1790390625.8615673,57982976.0,0.0
3541,1790390645.8577063,57999360.0,0.0009414332
3543,1790390675.8603446,58032130.0,0.0002353583
3545,1790390715.85888,58064896.0,0.0
3546,1790390735.8587418,58081280.0,0.0002353583
3547,1790390755.8582098,58097664.0,0.0
3548,1790390775.8573842,58114050.0,0.0
3549,1790390795.858796,58130430.0,0.0002353583
3550,1790390805.8574898,58146816.0,0.0
3552,1790390845.8598063,58179584.0,0.0
3554,1790390885.8606455,58212350.0,0.0002353583
3556,1790390915.8605273,58245120.0,0.0
3558,1790390955.8575647,58277890.0,0.0002353583
3560,1790390985.8601458,58310656.0,0.0
3561,1790391005.86015,58327040.0,0.0007060749
3562,1790391025.8584216,58343424.0,0.0
3563,1790391045.859034,58359810.0,0.0
3564,1790391055.8601706,58376190.0,0.0
3565,1790391075.859062,58392576.0,0.0002353583
3566,1790391095.860328,58408960.0,0.0002353583
3568,1790391135.8590298,58441730.0,0.0002353583
3570,1790391165.8616614,58474496.0,0.0
3571,1790391185.8572478,58490880.0,0.0
3573,1790391225.8573277,58523650.0,0.0
3575,1790391255.8579924,58556416.0,0.0
3576,1790391275.8575394,58572800.0,0.0
3578,1790391315.8596227,58605570.0,0.0002353583
3580,1790391345.8590353,58638336.0,0.0
3582,1790391385.8574634,58671104.0,0.0007060749
3584,1790391415.857403,58703870.0,0.0
3586,1790391455.8603938,58736640.0,0.0
3587,1790391475.85842,58753024.0,0.0
3589,1790391505.8588235,58785790.0,0.0002353583
3591,1790391545.8599834,58818560.0,0.0
3593,1790391585.858894,58851330.0,0.0002353583
3594,1790391595.8594778,58867710.0,0.0007060749
3595,1790391615.85947,58884096.0,0.0
3596,1790391635.8591418,58900480.0,0.0
3597,1790391655.8585267,58916864.0,0.0
3598,1790391665.859224,58933250.0,0.0002353583
3599,1790391685.8586037,58949630.0,0.0
3600,1790391705.859013,58966016.0,0.0
3601,1790391725.8575022,58982400.0,0.0
3603,1790391755.8597198,59015170.0,0.0
3605,1790391795.8574226,59047936.0,0.0
3607,1790391835.860221,59080704.0,0.0007060749
3609,1790391865.8602197,59113470.0,0.0002353583
3610,1790391885.858197,59129856.0,0.0
3612,1790391925.8604274,59162624.0,0.0004707166
3614,1790391955.8602717,59195390.0,0.0
3616,1790391995.8579187,59228160.0,0.0
3618,1790392035.8589864,59260930.0,0.0
3619,1790392045.8592346,59277310.0,0.0002353583
3621,1790392085.8595347,59310080.0,0.0
3622,1790392105.860692,59326464.0,0.0002353583
3624,1790392135.856722,59359230.0,0.0002353583
3625,1790392155.8584385,59375616.0,0.0007060749
3627,1790392195.8579829,59408384.0,0.0002353583
3629,1790392225.859788,59441150.0,0.0004707166
3631,1790392265.865265,59473920.0,0.0
3632,1790392285.857785,59490304.0,0.0
3634,1790392315.857619,59523070.0,0.0007060749
3635,1790392335.8599088,59539456.0,0.0
3637,1790392365.859532,59572224.0,0.0002353583
3638,1790392385.8594742,59588610.0,0.0002353583
3639,1790392405.860299,59604990.0,0.0002353583
3640,1790392425.8599703,59621376.0,0.0
3641,1790392445.8592036,59637760.0,0.0004707166
3642,1790392455.8593037,59654144.0,0.0
3643,1790392475.8597636,59670530.0,0.0
3644,1790392495.8574195,59686910.0,0.0002353583
3645,1790392515.8574555,59703296.0,0.0004707166
3646,1790392535.8574977,59719680.0,0.0
3647,1790392545.8573449,59736064.0,0.0004707166
3649,1790392585.858416,59768830.0,0.0002353583
3650,1790392605.857289,59785216.0,0.0002353583
3651,1790392625.859442,59801600.0,0.0004707166
3653,1790392655.859867,59834370.0,0.0002353583
3655,1790392695.8594165,59867136.0,0.0002353583
3656,1790392715.858838,59883520.0,0.0002353583
3657,1790392725.8574033,59899904.0,0.0002353583
3658,1790392745.859062,59916290.0,0.0
3659,1790392765.8579917,59932670.0,0.0
3660,1790392785.858875,59949056.0,0.0002353583
3661,1790392795.8587258,59965440.0,0.0004707166
3662,1790392815.8594456,59981824.0,0.0
3663,1790392835.8601823,59998210.0,0.0002353583
3664,1790392855.8590565,60014590.0,0.0004707166
3665,1790392875.8588362,60030976.0,0.0
3666,1790392895.8576236,60047360.0,0.0007060749
3667,1790392905.8600252,60063744.0,0.0004707166
3668,1790392925.8575225,60080130.0,0.0
3669,1790392945.8580384,60096510.0,0.0002353583
3670,1790392965.8589916,60112896.0,0.0002353583
3671,1790392985.859326,60129280.0,0.0002353583
3672,1790392995.8605125,60145664.0,0.0004707166
3673,1790393015.857455,60162050.0,0.0
3674,1790393035.8585684,60178430.0,0.0002353583
3675,1790393055.8592603,60194816.0,0.0
3676,1790393065.8589215,60211200.0,0.0
3677,1790393085.8590937,60227584.0,0.0002353583
3678,1790393105.858109,60243970.0,0.0
3679,1790393125.8576472,60260350.0,0.0
3680,1790393145.8590567,60276736.0,0.0004707166
3681,1790393155.8586516,60293120.0,0.0
3682,1790393175.8590136,60309504.0,0.0
3683,1790393195.8580391,60325890.0,0.0
3684,1790393215.8576343,60342270.0,0.0
3685,1790393235.859477,60358656.0,0.0007060749
3686,1790393255.857881,60375040.0,0.0002353583
3687,1790393265.8592362,60391424.0,0.0002353583
3688,1790393285.857841,60407810.0,0.0
3689,1790393305.8576994,60424190.0,0.0007060749
3690,1790393325.8590856,60440576.0,0.0002353583
3691,1790393345.8597531,60456960.0,0.0002353583
3692,1790393355.8601649,60473344.0,0.0002353583
3693,1790393375.8579166,60489730.0,0.0
3694,1790393395.857957,60506110.0,0.0
3695,1790393415.8592105,60522496.0,0.0
3696,1790393435.857461,60538880.0,0.0
3697,1790393455.8577116,60555264.0,0.0
3698,1790393465.8593132,60571650.0,0.0002353583
3699,1790393485.8573873,60588030.0,0.0004707166
3700,1790393505.8588936,60604416.0,0.0
3701,1790393525.8592026,60620800.0,0.0
3702,1790393545.8586843,60637184.0,0.0
3703,1790393555.859543,60653570.0,0.0002353583
3704,1790393575.8580325,60669950.0,0.0002353583
3705,1790393595.8579988,60686336.0,0.0002353583
3706,1790393615.8573372,60702720.0,0.0
3707,1790393635.8598387,60719104.0,0.0002353583
3708,1790393655.8572934,60735490.0,0.0004707166
3709,1790393665.8575077,60751870.0,0.0002353583
3710,1790393685.8598204,60768256.0,0.0002353583
3711,1790393705.8573809,60784640.0,0.0002353583
3712,1790393725.8593905,60801024.0,0.0002353583
3713,1790393745.8593836,60817410.0,0.0
3714,1790393755.859141,60833790.0,0.0002353583
3715,1790393775.8578649,60850176.0,0.0
3716,1790393795.8578184,60866560.0,0.0002353583
3717,1790393815.8573716,60882944.0,0.0
3718,1790393825.8595736,60899330.0,0.0004707166
3719,1790393845.8602102,60915710.0,0.0002353583
3720,1790393865.8576624,60932096.0,0.0
3721,1790393885.8577025,60948480.0,0.0002353583
3722,1790393905.858874,60964864.0,0.0
3723,1790393925.8596723,60981250.0,0.0
3724,1790393935.8578997,60997630.0,0.0004707166
3725,1790393955.8585265,61014016.0,0.0002353583
3726,1790393975.8574495,61030400.0,0.0004707166
3727,1790393995.8577266,61046784.0,0.0002353583
3728,1790394005.8597984,61063170.0,0.0
3729,1790394025.8577795,61079550.0,0.0
3730,1790394045.8586526,61095936.0,0.0
3731,1790394065.8598793,61112320.0,0.0002353583
3732,1790394075.8605013,61128704.0,0.0004707166
3733,1790394095.8594823,61145090.0,0.0007060749
3734,1790394115.8576288,61161470.0,0.0004707166
3735,1790394135.8577008,61177856.0,0.0
3736,1790394155.8603742,61194240.0,0.0002353583
3737,1790394175.858884,61210624.0,0.0
3738,1790394185.8612063,61227010.0,0.0002353583
3739,1790394205.858025,61243390.0,0.0002353583
3740,1790394225.8578773,61259776.0,0.0002353583
3741,1790394245.8596363,61276160.0,0.0004707166
3742,1790394255.859996,61292544.0,0.0002353583
3743,1790394275.8598824,61308930.0,0.0002353583
3744,1790394295.8575463,61325310.0,0.0002353583
3745,1790394315.857271,61341696.0,0.0004707166
3746,1790394335.85908,61358080.0,0.0004707166
3747,1790394345.8597183,61374464.0,0.0004707166
3748,1790394365.8577497,61390850.0,0.0004707166
3749,1790394385.8602247,61407230.0,0.0002353583
3750,1790394405.859861,61423616.0,0.0
3751,1790394425.857008,61440000.0,0.0002353583
3752,1790394435.8597422,61456384.0,0.0
3753,1790394455.8576417,61472770.0,0.0002353583
3754,1790394475.8576386,61489150.0,0.0002353583
3755,1790394495.8598096,61505536.0,0.0
3756,1790394515.857462,61521920.0,0.0004707166
3757,1790394525.8574984,61538304.0,0.0004707166
3758,1790394545.8577251,61554690.0,0.0007060749
3759,1790394565.8571243,61571070.0,0.0
3760,1790394585.85997,61587456.0,0.0002353583
3761,1790394595.8607004,61603840.0,0.0004707166
3762,1790394615.8572876,61620224.0,0.0002353583
3763,1790394635.857206,61636610.0,0.0
3764,1790394655.859571,61652990.0,0.0002353583
3765,1790394675.8572905,61669376.0,0.0004707166
3766,1790394685.859836,61685760.0,0.0
3767,1790394705.8573384,61702144.0,0.0
3768,1790394725.8593454,61718530.0,0.0002353583
3769,1790394745.8608427,61734910.0,0.0002353583
3770,1790394765.8576095,61751296.0,0.0002353583
3771,1790394785.8583417,61767680.0,0.0
3772,1790394795.8576603,61784064.0,0.0004707166
3773,1790394815.8600156,61800450.0,0.0
3774,1790394835.857398,61816830.0,0.0
3775,1790394855.8583713,61833216.0,0.0002353583
3776,1790394875.8574562,61849600.0,0.0002353583
3777,1790394895.8575566,61865984.0,0.0002353583
3778,1790394915.8584125,61882370.0,0.0002353583
3779,1790394935.8582382,61898750.0,0.0
3780,1790394945.8595605,61915136.0,0.0004707166
3781,1790394965.8584034,61931520.0,0.0004707166
3782,1790394985.8570626,61947904.0,0.0
3783,1790395005.8572836,61964290.0,0.0002353583
3784,1790395025.857349,61980670.0,0.0002353583
3785,1790395035.8598783,61997056.0,0.0
3786,1790395055.8576486,62013440.0,0.0
3787,1790395075.8571756,62029824.0,0.0
3788,1790395095.8577356,62046210.0,0.0002353583
3789,1790395105.857378,62062590.0,0.0002353583
3790,1790395125.8571658,62078976.0,0.0002353583
3791,1790395145.857781,62095360.0,0.0
3792,1790395165.859339,62111744.0,0.0004707166
3793,1790395175.860442,62128130.0,0.0
3794,1790395195.8594575,62144510.0,0.0009414332
3795,1790395215.8600123,62160896.0,0.0004707166
3796,1790395235.8571565,62177280.0,0.0002353583
3797,1790395255.857167,62193664.0,0.0
3798,1790395275.85719,62210050.0,0.0
3799,1790395285.8582687,62226430.0,0.0
3800,1790395305.859354,62242816.0,0.0
3801,1790395325.8590727,62259200.0,0.0014121498
3802,1790395345.8600287,62275584.0,0.0
3803,1790395365.8605783,62291970.0,0.0
3804,1790395375.858343,62308350.0,0.0004707166
3805,1790395395.860082,62324736.0,0.0
3806,1790395415.8575838,62341120.0,0.0
3807,1790395435.8575127,62357504.0,0.0002353583
3808,1790395445.8574848,62373890.0,0.0
3809,1790395465.8583648,62390270.0,0.0
3810,1790395485.8595192,62406656.0,0.0004707166
3811,1790395505.8600242,62423040.0,0.0
3812,1790395525.8581614,62439424.0,0.0002353583
3813,1790395545.8599114,62455810.0,0.0004707166
3814,1790395555.8586345,62472190.0,0.0002353583
3815,1790395575.8573637,62488576.0,0.0004707166
3816,1790395595.8580232,62504960.0,0.0002353583
3817,1790395615.8582084,62521344.0,0.0002353583
3818,1790395635.8579335,62537730.0,0.0004707166
3819,1790395655.859382,62554110.0,0.0002353583
3820,1790395665.8586535,62570496.0,0.0
3821,1790395685.8598847,62586880.0,0.0002353583
3822,1790395705.8571246,62603264.0,0.0002353583
3823,1790395725.8593676,62619650.0,0.0007060749
3825,1790395755.858427,62652416.0,0.0002353583
3826,1790395775.8576405,62668800.0,0.0007060749
3827,1790395795.8574393,62685184.0,0.0004707166
3828,1790395805.8573384,62701570.0,0.0002353583
3829,1790395825.8594754,62717950.0,0.0007060749
3830,1790395845.858062,62734336.0,0.0002353583
3831,1790395865.857392,62750720.0,0.0004707166
3832,1790395875.8602345,62767104.0,0.0
3833,1790395895.8573902,62783490.0,0.0
3834,1790395915.85947,62799870.0,0.0004707166
3835,1790395935.8600342,62816256.0,0.0002353583
3836,1790395955.8601282,62832640.0,0.0
3837,1790395975.8576136,62849024.0,0.0004707166
3838,1790395985.8577082,62865410.0,0.0
3839,1790396005.8601687,62881790.0,0.0
3840,1790396025.8592474,62898176.0,0.0004707166
3841,1790396045.8570566,62914560.0,0.0002353583
3842,1790396055.859754,62930944.0,0.0
3843,1790396075.8575318,62947330.0,0.0002353583
3844,1790396095.8577068,62963710.0,0.0004707166
3845,1790396115.857214,62980096.0,0.0002353583
3846,1790396135.8600025,62996480.0,0.0002353583
3847,1790396145.8608067,63012864.0,0.0002353583
3848,1790396165.857169,63029250.0,0.0002353583
3849,1790396185.859161,63045630.0,0.0
3850,1790396205.8576355,63062016.0,0.0
3851,1790396225.8597062,63078400.0,0.0002353583
3852,1790396235.8607929,63094784.0,0.0004707166
3853,1790396255.8590865,63111170.0,0.0009414332
3854,1790396275.8574898,63127550.0,0.0004707166
3855,1790396295.8603225,63143936.0,0.0002353583
3856,1790396315.861164,63160320.0,0.0002353583
3857,1790396335.8575711,63176704.0,0.0002353583
3858,1790396355.8581045,63193090.0,0.0002353583
3859,1790396365.8573394,63209470.0,0.0002353583
3860,1790396385.8579812,63225856.0,0.0
3862,1790396425.8574193,63258624.0,0.0009414332
3864,1790396455.8574357,63291390.0,0.0
3865,1790396475.8592088,63307776.0,0.0004707166
3866,1790396495.8587914,63324160.0,0.0007060749
3867,1790396515.85988,63340544.0,0.0007060749
3869,1790396545.8574984,63373310.0,0.0004707166
3871,1790396585.8576553,63406080.0,0.0004707166
3873,1790396615.8576863,63438850.0,0.0004707166
3875,1790396655.8574717,63471616.0,0.0002353583
3876,1790396675.8585703,63488000.0,0.0
3878,1790396705.8573856,63520770.0,0.0
3879,1790396725.8574932,63537150.0,0.0002353583
3880,1790396745.8579016,63553536.0,0.0002353583
3881,1790396755.8607156,63569920.0,0.0004707166
3882,1790396775.8637478,63586304.0,0.0
3883,1790396795.8575222,63602690.0,0.0002353583
3884,1790396815.8577616,63619070.0,0.0007060749
3885,1790396835.8577752,63635456.0,0.0004707166
3886,1790396855.857581,63651840.0,0.0
3887,1790396865.8577938,63668224.0,0.0
3888,1790396885.857339,63684610.0,0.0002353583
3889,1790396905.8580017,63700990.0,0.0002353583
3890,1790396915.8589048,63717376.0,0.0002353583
3891,1790396935.8600404,63733760.0,0.0002353583
3892,1790396955.8576698,63750144.0,0.0
3893,1790396975.857482,63766530.0,0.0
3894,1790396995.8578422,63782910.0,0.0
3895,1790397005.8599613,63799296.0,0.0
3896,1790397025.8582947,63815680.0,0.0002353583
3897,1790397045.8582404,63832064.0,0.0002353583
3898,1790397065.8586154,63848450.0,0.0
3899,1790397075.8585749,63864830.0,0.0002353583
3900,1790397095.8581517,63881216.0,0.0
3901,1790397115.8571842,63897600.0,0.0007060749
3902,1790397135.863408,63913984.0,0.0002353583
3903,1790397155.8581762,63930370.0,0.0004707166
3904,1790397175.858244,63946750.0,0.0
3905,1790397195.8581123,63963136.0,0.0002353583
3906,1790397205.8590963,63979520.0,0.0002353583
3907,1790397225.8581798,63995904.0,0.0002353583
3908,1790397245.8592355,64012290.0,0.0
3909,1790397265.859029,64028670.0,0.0007060749
3910,1790397285.8578794,64045056.0,0.0004707166
3911,1790397295.8588328,64061440.0,0.0004707166
3912,1790397315.857694,64077824.0,0.0002353583
3913,1790397335.8596935,64094210.0,0.0002353583
3914,1790397345.8607547,64110590.0,0.0002353583
3915,1790397365.8575623,64126976.0,0.0002353583
3916,1790397385.8596013,64143360.0,0.0
3917,1790397405.8591444,64159744.0,0.0
3918,1790397425.8593988,64176130.0,0.0002353583
3919,1790397435.8585365,64192510.0,0.0002353583
3920,1790397455.8600438,64208896.0,0.0004707166
3921,1790397475.8572176,64225280.0,0.0002353583
3922,1790397495.8588295,64241664.0,0.0
3923,1790397505.8637168,64258050.0,0.0014121498
3924,1790397525.8591373,64274430.0,0.0002353583
3925,1790397545.8592534,64290816.0,0.0
3926,1790397565.8575697,64307200.0,0.0004707166
3927,1790397575.8593369,64323584.0,0.0002353583
3928,1790397595.859777,64339970.0,0.0007060749
3929,1790397615.8580227,64356350.0,0.0
3930,1790397635.857072,64372736.0,0.0002353583
3931,1790397655.8576343,64389120.0,0.0002353583
3932,1790397665.86028,64405504.0,0.0007060749
3933,1790397685.8591368,64421890.0,0.0004707166
3934,1790397705.8588958,64438270.0,0.0004707166
3935,1790397725.8572805,64454656.0,0.0007060749
3936,1790397735.8614058,64471040.0,0.0
3937,1790397755.8582249,64487424.0,0.0004707166
3938,1790397775.859649,64503810.0,0.0002353583
3939,1790397795.8578885,64520190.0,0.0
3940,1790397815.8577304,64536576.0,0.0
3941,1790397825.857906,64552960.0,0.0
3942,1790397845.858878,64569344.0,0.0
3943,1790397865.8575263,64585730.0,0.0
3944,1790397885.859943,64602110.0,0.0007060749
3945,1790397895.8607447,64618496.0,0.0
3946,1790397915.8595562,64634880.0,0.0
3947,1790397935.8576655,64651264.0,0.0002353583
3948,1790397955.857509,64667650.0,0.0007060749
3949,1790397965.8601482,64684030.0,0.0002353583
3950,1790397985.8582458,64700416.0,0.0002353583
3951,1790398005.8586693,64716800.0,0.0
3952,1790398025.858761,64733184.0,0.0
3953,1790398045.8574102,64749570.0,0.0
3954,1790398055.85709,64765950.0,0.0002353583
3955,1790398075.8586907,64782336.0,0.0002353583
3956,1790398095.8574457,64798720.0,0.0002353583
3957,1790398115.860117,64815104.0,0.0
3958,1790398125.8592415,64831490.0,0.0002353583
3959,1790398145.8580046,64847870.0,0.0004707166
3960,1790398165.857484,64864256.0,0.0002353583
3961,1790398185.8579557,64880640.0,0.0002353583
3962,1790398205.8588698,64897024.0,0.0002353583
3963,1790398215.8575723,64913410.0,0.0
3964,1790398235.858194,64929790.0,0.0002353583
3965,1790398255.8582163,64946176.0,0.0
3966,1790398265.8598833,64962560.0,0.0002353583
3967,1790398285.8589702,64978944.0,0.0002353583
3968,1790398305.8573604,64995330.0,0.0002353583
3969,1790398325.8569756,65011710.0,0.0
3970,1790398335.8598156,65028096.0,0.0
3971,1790398355.8616984,65044480.0,0.0002353583
3972,1790398375.8592217,65060864.0,0.0004707166
3973,1790398395.8581376,65077250.0,0.0004707166
3974,1790398405.8601732,65093630.0,0.0002353583
3975,1790398425.8601284,65110016.0,0.0002353583
3976,1790398445.8575628,65126400.0,0.0
3977,1790398465.857442,65142784.0,0.0
3978,1790398485.8570924,65159170.0,0.0002353583
3979,1790398495.8602955,65175550.0,0.0
3980,1790398515.857782,65191936.0,0.0
3981,1790398535.8578117,65208320.0,0.0
3982,1790398555.8573244,65224704.0,0.0
3983,1790398565.859592,65241090.0,0.0
3984,1790398585.8602436,65257470.0,0.0002353583
3985,1790398605.8576157,65273856.0,0.0
3986,1790398625.8578348,65290240.0,0.0002353583
3987,1790398635.8599846,65306624.0,0.0002353583
3988,1790398655.8573422,65323010.0,0.0002353583
3989,1790398675.8588572,65339390.0,0.0004707166
3990,1790398695.8583603,65355776.0,0.0004707166
3991,1790398715.8574548,65372160.0,0.0
3992,1790398725.859794,65388544.0,0.0
3993,1790398745.8584073,65404930.0,0.0002353583
3994,1790398765.858604,65421310.0,0.0
3995,1790398785.861576,65437696.0,0.0
3996,1790398795.8596332,65454080.0,0.0004707166
3997,1790398815.8601265,65470464.0,0.0
3998,1790398835.8595765,65486850.0,0.0002353583
3999,1790398855.8571548,65503230.0,0.0002353583
4000,1790398875.8575552,65519616.0,0.0
4001,1790398885.860526,65536000.0,0.0
4002,1790398905.8606434,65552384.0,0.0
4003,1790398925.8586638,65568770.0,0.0004707166
4004,1790398945.8587337,65585150.0,0.0002353583
4005,1790398965.8581097,65601536.0,0.0002353583
4006,1790398975.8603275,65617920.0,0.0
4007,1790398995.8590312,65634304.0,0.0002353583
4008,1790399015.8585856,65650690.0,0.0002353583
4009,1790399035.8574004,65667070.0,0.0007060749
4010,1790399045.8600326,65683456.0,0.0007060749
4011,1790399065.8597944,65699840.0,0.0004707166
4012,1790399085.8576305,65716224.0,0.0002353583
4013,1790399105.85759,65732610.0,0.0002353583
4014,1790399115.8606129,65748990.0,0.0
4015,1790399135.8593495,65765376.0,0.0
4016,1790399155.859877,65781760.0,0.0007060749
4017,1790399175.8584778,65798144.0,0.0002353583
4018,1790399185.8605578,65814530.0,0.0002353583
4019,1790399205.857767,65830910.0,0.0
4020,1790399225.8573184,65847296.0,0.0004707166
4021,1790399245.859034,65863680.0,0.0004707166
4022,1790399265.857722,65880064.0,0.0
4023,1790399275.8598397,65896450.0,0.0
4024,1790399295.8576164,65912830.0,0.0002353583
4025,1790399315.858894,65929216.0,0.0002353583
4026,1790399335.8601897,65945600.0,0.0002353583
4027,1790399345.860325,65961984.0,0.0002353583
4028,1790399365.8606684,65978370.0,0.0007060749
4029,1790399385.8597612,65994750.0,0.0007060749
4030,1790399405.8579865,66011136.0,0.0002353583
4031,1790399425.86049,66027520.0,0.0
4032,1790399435.86012,66043904.0,0.0002353583
4033,1790399455.859086,66060290.0,0.0004707166
4034,1790399475.860442,66076670.0,0.0
4035,1790399495.8577046,66093056.0,0.0002353583
4036,1790399515.8593254,66109440.0,0.0
4037,1790399525.8604958,66125824.0,0.0
4038,1790399545.857602,66142210.0,0.0
4039,1790399565.857654,66158590.0,0.0002353583
4040,1790399585.8579004,66174976.0,0.0002353583
4041,1790399595.8597758,66191360.0,0.0
4042,1790399615.8573554,66207744.0,0.0004707166
4043,1790399635.8597214,66224130.0,0.0004707166
4044,1790399655.860351,66240510.0,0.0002353583
4045,1790399665.859877,66256896.0,0.0011767915
4046,1790399685.8597429,66273280.0,0.0002353583
4047,1790399705.8589292,66289664.0,0.0002353583
4048,1790399725.8601604,66306050.0,0.0
4049,1790399735.860483,66322430.0,0.0002353583
4050,1790399755.8608694,66338816.0,0.0002353583
4051,1790399775.859984,66355200.0,0.0002353583
4052,1790399795.8605385,66371584.0,0.0002353583
4053,1790399815.8592412,66387970.0,0.0
4054,1790399835.8602111,66404350.0,0.0
4055,1790399845.8582306,66420736.0,0.0004707166
4056,1790399865.8587306,66437120.0,0.0002353583
4057,1790399885.8572154,66453504.0,0.0007060749
4058,1790399905.858691,66469890.0,0.0
4059,1790399925.8597846,66486270.0,0.0
4060,1790399935.859392,66502656.0,0.0004707166
4061,1790399955.8576348,66519040.0,0.0002353583
4062,1790399975.8589034,66535424.0,0.0004707166
4063,1790399995.860849,66551810.0,0.0002353583
4064,1790400005.8600602,66568190.0,0.0
4065,1790400025.8606884,66584576.0,0.0007060749
4066,1790400045.857873,66600960.0,0.0004707166
4067,1790400065.8603525,66617344.0,0.0002353583
4068,1790400075.8597407,66633730.0,0.0
4069,1790400095.8573203,66650110.0,0.0002353583
4070,1790400115.857854,66666496.0,0.0004707166
4071,1790400135.8596623,66682880.0,0.0002353583
4072,1790400155.8602915,66699264.0,0.0004707166
4073,1790400165.8590724,66715650.0,0.0
4074,1790400185.8587732,66732030.0,0.0002353583
4075,1790400205.8593447,66748416.0,0.0
4076,1790400225.859021,66764800.0,0.0
4077,1790400235.8603396,66781184.0,0.0
4078,1790400255.8574114,66797570.0,0.0
4079,1790400275.8579147,66813950.0,0.0004707166
4080,1790400295.85909,66830336.0,0.0002353583
4081,1790400305.858112,66846720.0,0.0002353583
4082,1790400325.8573563,66863104.0,0.0
4083,1790400345.859894,66879490.0,0.0
4084,1790400365.8597968,66895870.0,0.0002353583
4085,1790400375.860742,66912256.0,0.0
4086,1790400395.857804,66928640.0,0.0
4087,1790400415.8574526,66945024.0,0.0004707166
4088,1790400435.8574595,66961410.0,0.0
4089,1790400455.8576584,66977790.0,0.0
4090,1790400475.857679,66994176.0,0.0
4091,1790400485.857422,67010560.0,0.0002353583
4092,1790400505.8578503,67026944.0,0.0
4093,1790400525.8577724,67043330.0,0.0002353583
4094,1790400545.8576586,67059710.0,0.0002353583
4095,1790400555.8573077,67076096.0,0.0
4096,1790400575.8573787,67092480.0,0.0
4097,1790400595.8598008,67108864.0,0.0002353583
4098,1790400615.8578048,67125250.0,0.0002353583
4099,1790400625.860169,67141630.0,0.0002353583
4100,1790400645.8579004,67158020.0,0.0007060749
4101,1790400665.857155,67174400.0,0.0004707166
4102,1790400685.857331,67190780.0,0.0
4103,1790400695.8610969,67207170.0,0.0004707166
4104,1790400715.857784,67223550.0,0.0
4105,1790400735.8580828,67239940.0,0.0002353583
4106,1790400755.8580194,67256320.0,0.0
4107,1790400765.8599973,67272700.0,0.0
4108,1790400785.8599322,67289090.0,0.0
4109,1790400805.8574054,67305470.0,0.0009414332
4110,1790400825.8593383,67321860.0,0.0
4111,1790400845.8572352,67338240.0,0.0004707166
4112,1790400855.859937,67354620.0,0.0
4113,1790400875.8576505,67371010.0,0.0
4114,1790400895.858013,67387390.0,0.0
4115,1790400915.8586154,67403780.0,0.0
4116,1790400935.8598146,67420160.0,0.0004707166
4117,1790400945.8605742,67436540.0,0.0007060749
4118,1790400965.8573933,67452930.0,0.0
4119,1790400985.8574262,67469310.0,0.0002353583
4120,1790401005.858647,67485700.0,0.0002353583
4121,1790401015.861261,67502080.0,0.0007060749
4122,1790401035.8598523,67518460.0,0.0002353583
4123,1790401055.8597243,67534850.0,0.0
4124,1790401075.857572,67551230.0,0.0002353583
4125,1790401095.8578937,67567620.0,0.0002353583
4126,1790401105.8594117,67584000.0,0.0
4127,1790401125.8601415,67600380.0,0.0009414332
4128,1790401145.859733,67616770.0,0.0004707166
4129,1790401165.8603964,67633150.0,0.0004707166
4130,1790401175.8601975,67649540.0,0.0007060749
4131,1790401195.8590808,67665920.0,0.0002353583
4132,1790401215.8580718,67682300.0,0.0007060749
4133,1790401235.8600128,67698690.0,0.0
4134,1790401245.8601155,67715070.0,0.0002353583
4135,1790401265.8602867,67731460.0,0.0004707166
4136,1790401285.857731,67747840.0,0.0011767915
4137,1790401305.860469,67764220.0,0.0
4138,1790401325.8589995,67780610.0,0.0
4139,1790401335.8590443,67796990.0,0.0
4140,1790401355.8599925,67813380.0,0.0002353583
4141,1790401375.8601756,67829760.0,0.0002353583
4142,1790401395.8575332,67846140.0,0.0002353583
4143,1790401405.86054,67862530.0,0.0002353583
4144,1790401425.8604455,67878910.0,0.0
4145,1790401445.857437,67895300.0,0.0
4146,1790401465.8603451,67911680.0,0.0002353583
4147,1790401475.8604252,67928060.0,0.0004707166
4148,1790401495.85822,67944450.0,0.0
4149,1790401515.858821,67960830.0,0.0
4150,1790401535.8576963,67977220.0,0.0
4151,1790401545.8595984,67993600.0,0.0004707166
4152,1790401565.8600953,68009980.0,0.0004707166
4153,1790401585.8576238,68026370.0,0.0004707166
4154,1790401605.8574207,68042750.0,0.0007060749
4155,1790401625.8605402,68059140.0,0.0
4156,1790401635.859819,68075520.0,0.0004707166
4157,1790401655.857403,68091900.0,0.0
4158,1790401675.8582304,68108290.0,0.0
4159,1790401695.8576293,68124670.0,0.0002353583
4160,1790401705.860607,68141060.0,0.0011767915
4161,1790401725.8600695,68157440.0,0.0002353583
4162,1790401745.8588376,68173820.0,0.0
4163,1790401765.8591394,68190210.0,0.0
4164,1790401785.8598514,68206590.0,0.0002353583
4165,1790401795.8601587,68222980.0,0.0004707166
4166,1790401815.8577452,68239360.0,0.0004707166
4167,1790401835.8592849,68255740.0,0.0002353583
4168,1790401855.857322,68272130.0,0.0
4169,1790401865.8599637,68288510.0,0.0002353583
4170,1790401885.8596606,68304900.0,0.0002353583
4171,1790401905.8592556,68321280.0,0.0002353583
4172,1790401925.8599842,68337660.0,0.0002353583
4173,1790401945.8570435,68354050.0,0.0002353583
4174,1790401955.861284,68370430.0,0.0
4175,1790401975.8606858,68386820.0,0.0002353583
4176,1790401995.8599582,68403200.0,0.0009414332
4177,1790402015.858201,68419580.0,0.0
4178,1790402035.8576975,68435970.0,0.0
4179,1790402045.8587315,68452350.0,0.0002353583
4180,1790402065.8575037,68468740.0,0.0
4181,1790402085.8603387,68485120.0,0.0
4182,1790402105.8594112,68501500.0,0.0
4183,1790402115.8590963,68517890.0,0.0002353583
4184,1790402135.8602607,68534270.0,0.0
4185,1790402155.8597066,68550660.0,0.0
4186,1790402175.860052,68567040.0,0.0
4187,1790402185.8603182,68583420.0,0.0
4188,1790402205.859807,68599810.0,0.0002353583
4189,1790402225.8612726,68616190.0,0.0004707166
4190,1790402245.8571837,68632580.0,0.0
4191,1790402265.858451,68648960.0,0.0009414332
4192,1790402275.8589742,68665340.0,0.0
4193,1790402295.85996,68681730.0,0.0007060749
4194,1790402315.8587744,68698110.0,0.0002353583
4195,1790402335.8583877,68714500.0,0.0004707166
4196,1790402345.8599677,68730880.0,0.0007060749
4197,1790402365.859064,68747260.0,0.0
4198,1790402385.8579583,68763650.0,0.0009414332
4199,1790402405.8585572,68780030.0,0.0
4200,1790402415.8603525,68796420.0,0.0
4201,1790402435.859029,68812800.0,0.0
4202,1790402455.8586702,68829180.0,0.0004707166
4203,1790402475.857587,68845570.0,0.0
4204,1790402485.8605912,68861950.0,0.0
4205,1790402505.8592412,68878340.0,0.0002353583
4206,1790402525.8606308,68894720.0,0.0004707166
4207,1790402545.8618522,68911100.0,0.0
4208,1790402565.8574388,68927490.0,0.0
4209,1790402575.8603053,68943870.0,0.0
4210,1790402595.859606,68960260.0,0.0002353583
4211,1790402615.8593392,68976640.0,0.0
4212,1790402635.8576615,68993020.0,0.0004707166
4213,1790402645.8601155,69009410.0,0.0002353583
4214,1790402665.860708,69025790.0,0.0
4215,1790402685.859193,69042180.0,0.0002353583
4216,1790402705.857955,69058560.0,0.0
4217,1790402715.8613098,69074940.0,0.0002353583
4218,1790402735.859459,69091330.0,0.0
4219,1790402755.8588486,69107710.0,0.0007060749
4220,1790402775.8592074,69124100.0,0.0
4221,1790402795.857977,69140480.0,0.0
4222,1790402805.8595428,69156860.0,0.0007060749
4223,1790402825.8601823,69173250.0,0.0
4224,1790402845.857162,69189630.0,0.0004707166
4225,1790402865.8574743,69206020.0,0.0002353583
4226,1790402875.8604283,69222400.0,0.0002353583
4227,1790402895.857304,69238780.0,0.0002353583
4228,1790402915.8578725,69255170.0,0.0002353583
4229,1790402935.859104,69271550.0,0.0004707166
4230,1790402955.8573108,69287940.0,0.0004707166
4231,1790402965.8601828,69304320.0,0.0002353583
4232,1790402985.8599129,69320700.0,0.0007060749
4233,1790403005.859099,69337090.0,0.0004707166
4234,1790403025.8599217,69353470.0,0.0009414332
4235,1790403035.860185,69369860.0,0.0002353583
4236,1790403055.8578238,69386240.0,0.0004707166
4237,1790403075.8576076,69402620.0,0.0002353583
4238,1790403095.863408,69419010.0,0.0002353583
4239,1790403115.8585646,69435390.0,0.0004707166
4240,1790403125.8569772,69451780.0,0.0
4241,1790403145.8603275,69468160.0,0.0007060749
4242,1790403165.8621774,69484540.0,0.0
4243,1790403175.8596551,69500930.0,0.0002353583
4244,1790403195.8589203,69517310.0,0.0007060749
4245,1790403215.8576488,69533700.0,0.0002353583
4246,1790403235.857037,69550080.0,0.0004707166
4247,1790403245.8602197,69566460.0,0.0002353583
4248,1790403265.85755,69582850.0,0.0002353583
4249,1790403285.8597348,69599230.0,0.0004707166
4250,1790403305.8589652,69615620.0,0.0004707166
4251,1790403315.8607285,69632000.0,0.0002353583
4252,1790403335.8591783,69648380.0,0.0002353583
4253,1790403355.857408,69664770.0,0.0002353583
4254,1790403375.857479,69681150.0,0.0002353583
4255,1790403385.860066,69697540.0,0.0004707166
4256,1790403405.8575635,69713920.0,0.0
4257,1790403425.861544,69730300.0,0.0002353583
4258,1790403435.8598814,69746690.0,0.0
4259,1790403455.857374,69763070.0,0.0002353583
4260,1790403475.857406,69779460.0,0.0002353583
4261,1790403495.857241,69795840.0,0.0
4262,1790403505.8607194,69812220.0,0.0002353583
4263,1790403525.86019,69828610.0,0.0004707166
4264,1790403545.8591266,69844990.0,0.0002353583
4265,1790403565.8573697,69861380.0,0.0002353583
4266,1790403575.8603072,69877760.0,0.0002353583
4267,1790403595.8572624,69894140.0,0.0
4268,1790403615.8597777,69910530.0,0.0002353583
4269,1790403635.8572702,69926910.0,0.0
4270,1790403645.8612144,69943300.0,0.0
4271,1790403665.8599553,69959680.0,0.0004707166
4272,1790403685.8599153,69976060.0,0.0007060749
4273,1790403705.860629,69992450.0,0.0011767915
4274,1790403715.860744,70008830.0,0.0004707166
4275,1790403735.8594408,70025220.0,0.0004707166
4276,1790403755.858943,70041600.0,0.0002353583
4277,1790403775.864978,70057980.0,0.0
4278,1790403785.8600452,70074370.0,0.0002353583
4279,1790403805.8596098,70090750.0,0.0002353583
4280,1790403825.8571365,70107140.0,0.0002353583
4281,1790403835.8598225,70123520.0,0.001647508
4282,1790403855.8568752,70139900.0,0.0004707166
4283,1790403875.8605297,70156290.0,0.0009414332
4284,1790403895.8595417,70172670.0,0.0004707166
4285,1790403905.8610528,70189060.0,0.0004707166
4286,1790403925.8585055,70205440.0,0.0004707166
4287,1790403945.8599665,70221820.0,0.0002353583
4288,1790403965.859816,70238210.0,0.0004707166
4289,1790403975.8613634,70254590.0,0.0002353583
4290,1790403995.860109,70270980.0,0.0002353583
4291,1790404015.8572764,70287360.0,0.0
4292,1790404035.8579264,70303740.0,0.0
4293,1790404055.8578677,70320130.0,0.0002353583
4294,1790404065.8586705,70336510.0,0.0004707166
4295,1790404085.8601866,70352900.0,0.0002353583
4296,1790404105.8603425,70369280.0,0.0
4297,1790404115.859525,70385660.0,0.0004707166
4298,1790404135.85997,70402050.0,0.0002353583
4299,1790404155.859772,70418430.0,0.0002353583
4300,1790404165.860244,70434820.0,0.0
4301,1790404185.8586612,70451200.0,0.0002353583
4302,1790404205.860172,70467580.0,0.0002353583
4303,1790404225.8589928,70483970.0,0.0
4304,1790404235.8599665,70500350.0,0.0
4305,1790404255.8601897,70516740.0,0.0004707166
4306,1790404275.8591158,70533120.0,0.0004707166
4307,1790404295.8594368,70549500.0,0.0004707166
4308,1790404305.8597624,70565890.0,0.0
4309,1790404325.8570151,70582270.0,0.0
4310,1790404345.8584807,70598660.0,0.0004707166
4311,1790404365.8572836,70615040.0,0.0002353583
4312,1790404375.8600743,70631420.0,0.0002353583
4313,1790404395.8598409,70647810.0,0.0007060749
4314,1790404415.8604949,70664190.0,0.0
4315,1790404435.8577187,70680580.0,0.0007060749
4316,1790404445.8577845,70696960.0,0.0002353583
4317,1790404465.8610165,70713340.0,0.0002353583
4318,1790404485.8599527,70729730.0,0.0004707166
4319,1790404495.8601558,70746110.0,0.0
4320,1790404515.857802,70762500.0,0.0004707166
4321,1790404535.8580134,70778880.0,0.0
4322,1790404555.859409,70795260.0,0.0
4323,1790404565.8606963,70811650.0,0.0002353583
4324,1790404585.859008,70828030.0,0.0004707166
4325,1790404605.8602903,70844420.0,0.0007060749
4326,1790404625.8576486,70860800.0,0.0007060749
4327,1790404635.8592978,70877180.0,0.0002353583
4328,1790404655.857497,70893570.0,0.0004707166
4329,1790404675.860311,70909950.0,0.0004707166
4330,1790404695.8582404,70926340.0,0.0002353583
4331,1790404705.8594923,70942720.0,0.0007060749
4332,1790404725.8575556,70959100.0,0.0002353583
4333,1790404745.860831,70975490.0,0.0
4334,1790404765.8603072,70991870.0,0.0004707166
4335,1790404775.8589375,71008260.0,0.0002353583
4336,1790404795.8604405,71024640.0,0.0002353583
4337,1790404815.8596864,71041020.0,0.0004707166
4338,1790404835.8600922,71057410.0,0.0002353583
4339,1790404845.8599176,71073790.0,0.0002353583
4340,1790404865.8619306,71090180.0,0.0
4341,1790404885.8601255,71106560.0,0.0004707166
4342,1790404905.8575473,71122940.0,0.0
4343,1790404915.859804,71139330.0,0.0002353583
4344,1790404935.8614104,71155710.0,0.0002353583
4345,1790404955.857734,71172100.0,0.0002353583
4346,1790404975.857704,71188480.0,0.0
4347,1790404985.8603582,71204860.0,0.0002353583
4348,1790405005.8574214,71221250.0,0.0004707166
4349,1790405025.8602915,71237630.0,0.0004707166
4350,1790405045.857737,71254020.0,0.0004707166
4351,1790405055.8604274,71270400.0,0.0
4352,1790405075.8577814,71286780.0,0.0004707166
4353,1790405095.857849,71303170.0,0.0004707166
4354,1790405115.8604856,71319550.0,0.0
4355,1790405125.8596046,71335940.0,0.0004707166
4356,1790405145.8615575,71352320.0,0.0004707166
4357,1790405165.8580744,71368700.0,0.0
4358,1790405185.861159,71385090.0,0.0007060749
4359,1790405195.8588662,71401470.0,0.0004707166
4360,1790405215.8592114,71417860.0,0.0
4361,1790405235.8582628,71434240.0,0.0002353583
4362,1790405255.8578746,71450620.0,0.0002353583
4363,1790405265.8596644,71467010.0,0.0004707166
4364,1790405285.8598328,71483390.0,0.0
4365,1790405305.8595726,71499780.0,0.0007060749
4366,1790405325.857631,71516160.0,0.0004707166
4367,1790405335.8594513,71532540.0,0.0002353583
4368,1790405355.85927,71548930.0,0.0002353583
4369,1790405375.857925,71565310.0,0.0002353583
4370,1790405395.8599553,71581700.0,0.0
4371,1790405405.862505,71598080.0,0.0004707166
4372,1790405425.8589015,71614460.0,0.0014121498
4373,1790405445.8582177,71630850.0,0.0002353583
4374,1790405465.8621216,71647230.0,0.0
4375,1790405475.859713,71663620.0,0.0
4376,1790405495.8600204,71680000.0,0.0
4377,1790405515.8601778,71696380.0,0.0
4378,1790405535.861109,71712770.0,0.0004707166
4379,1790405545.860422,71729150.0,0.0004707166
4380,1790405565.8598597,71745540.0,0.0
4381,1790405585.8654418,71761920.0,0.0007060749
4382,1790405605.858767,71778300.0,0.0009414332
4383,1790405625.859974,71794690.0,0.0002353583
4384,1790405635.8600802,71811070.0,0.0002353583
4385,1790405655.8602445,71827460.0,0.0002353583
4386,1790405675.8598285,71843840.0,0.0002353583
4387,1790405695.8596013,71860220.0,0.0004707166
4388,1790405705.8611977,71876610.0,0.0002353583
4389,1790405725.859961,71892990.0,0.0004707166
4390,1790405745.8587554,71909380.0,0.0009414332
4391,1790405765.8581526,71925760.0,0.0004707166
4392,1790405775.8598363,71942140.0,0.0002353583
4393,1790405795.8577762,71958530.0,0.0009414332
4394,1790405815.861939,71974910.0,0.0004707166
4395,1790405835.8586574,71991300.0,0.0002353583
4396,1790405845.8596995,72007680.0,0.0
4397,1790405865.860777,72024060.0,0.0002353583
4398,1790405885.8595653,72040450.0,0.0004707166
4399,1790405905.8578472,72056830.0,0.0004707166
4400,1790405915.8605356,72073220.0,0.0004707166
4401,1790405935.8579795,72089600.0,0.0007060749
4402,1790405955.8573956,72105980.0,0.0004707166
4403,1790405965.8595216,72122370.0,0.0002353583
4404,1790405985.860831,72138750.0,0.0002353583
4405,1790406005.8593664,72155140.0,0.0
4406,1790406025.8583698,72171520.0,0.0004707166
4407,1790406045.8584538,72187900.0,0.0002353583
4408,1790406055.8598175,72204290.0,0.0009414332
4409,1790406075.8585343,72220670.0,0.0002353583
4410,1790406095.857922,72237060.0,0.0004707166
4411,1790406105.85967,72253440.0,0.0
4412,1790406125.8599184,72269820.0,0.0002353583
4413,1790406145.8597045,72286210.0,0.0007060749
4414,1790406165.859682,72302590.0,0.0004707166
4415,1790406185.860088,72318980.0,0.0004707166
4416,1790406195.8596644,72335360.0,0.0002353583
4417,1790406215.8592005,72351740.0,0.0002353583
4418,1790406235.8572586,72368130.0,0.0004707166
4419,1790406245.8600368,72384510.0,0.0
4420,1790406265.8593986,72400900.0,0.0002353583
4421,1790406285.860292,72417280.0,0.0002353583
4422,1790406305.8598275,72433660.0,0.0
4423,1790406315.8598568,72450050.0,0.0002353583
4424,1790406335.8602512,72466430.0,0.0002353583
4425,1790406355.8584511,72482820.0,0.0004707166
4426,1790406375.860398,72499200.0,0.0004707166
4427,1790406385.859568,72515580.0,0.0
4428,1790406405.8612676,72531970.0,0.0
4429,1790406425.8597968,72548350.0,0.0
4430,1790406445.85879,72564740.0,0.0
4431,1790406455.8602011,72581120.0,0.0004707166
4432,1790406475.8599844,72597500.0,0.0004707166
4433,1790406495.8583071,72613890.0,0.0
4434,1790406515.8618512,72630270.0,0.0
4435,1790406525.8597314,72646660.0,0.0002353583
4436,1790406545.8576,72663040.0,0.0002353583
4437,1790406565.8580968,72679420.0,0.0002353583
4438,1790406585.8591423,72695810.0,0.0
4439,1790406595.8602874,72712190.0,0.0002353583
4440,1790406615.8577034,72728580.0,0.0002353583
4441,1790406635.8580906,72744960.0,0.0
4442,1790406655.8595922,72761340.0,0.0004707166
4443,1790406665.864444,72777730.0,0.0002353583
4444,1790406685.859759,72794110.0,0.0007060749
4445,1790406705.860261,72810500.0,0.0002353583
4446,1790406725.859661,72826880.0,0.0002353583
4447,1790406735.8608506,72843260.0,0.0002353583
4448,1790406755.8598952,72859650.0,0.0
4449,1790406775.858693,72876030.0,0.0002353583
4450,1790406795.860124,72892420.0,0.0004707166
4451,1790406805.8596537,72908800.0,0.0002353583
4452,1790406825.8602114,72925180.0,0.0002353583
4453,1790406845.860064,72941570.0,0.0002353583
4454,1790406865.8606906,72957950.0,0.0
4455,1790406885.8597522,72974340.0,0.0
4456,1790406895.8601296,72990720.0,0.0002353583
4457,1790406915.8596008,73007100.0,0.0
4458,1790406935.860634,73023490.0,0.0
4459,1790406955.8602097,73039870.0,0.0004707166
4460,1790406965.8605757,73056260.0,0.0002353583
4461,1790406985.860048,73072640.0,0.0002353583
4462,1790407005.857777,73089020.0,0.0002353583
4463,1790407025.8587315,73105410.0,0.0
4464,1790407035.8601644,73121790.0,0.0007060749
4465,1790407055.859521,73138180.0,0.0004707166
4466,1790407075.8579528,73154560.0,0.0009414332
4467,1790407095.8574286,73170940.0,0.0004707166
4468,1790407115.857494,73187330.0,0.0002353583
4469,1790407125.8598902,73203710.0,0.0004707166
4470,1790407145.8597324,73220100.0,0.0004707166
4471,1790407165.86048,73236480.0,0.0002353583
4472,1790407185.860009,73252860.0,0.0002353583
4473,1790407195.858111,73269250.0,0.0
4474,1790407215.8590076,73285630.0,0.0
4475,1790407235.8574944,73302020.0,0.0002353583
4476,1790407255.8602614,73318400.0,0.0009414332
4477,1790407265.8613532,73334780.0,0.0002353583
4478,1790407285.8588262,73351170.0,0.0002353583
4479,1790407305.8594823,73367550.0,0.0
4480,1790407325.860136,73383940.0,0.0002353583
4481,1790407335.8595276,73400320.0,0.0007060749
4482,1790407355.8586135,73416700.0,0.0007060749
4483,1790407375.860072,73433090.0,0.0007060749
4484,1790407385.8598096,73449470.0,0.0004707166
4485,1790407405.863022,73465860.0,0.0004707166
4486,1790407425.8601809,73482240.0,0.0
4487,1790407445.8599226,73498620.0,0.0
4488,1790407455.8599827,73515010.0,0.0004707166
4489,1790407475.859062,73531390.0,0.0004707166
4490,1790407495.8600469,73547780.0,0.0
4491,1790407515.856968,73564160.0,0.0
4492,1790407525.8602335,73580540.0,0.0002353583
4493,1790407545.8604822,73596930.0,0.0004707166
4494,1790407565.8572452,73613310.0,0.0004707166
4495,1790407585.8597682,73629700.0,0.0
4496,1790407595.8599286,73646080.0,0.0002353583
4497,1790407615.8602755,73662460.0,0.0009414332
4498,1790407635.8573587,73678850.0,0.0002353583
4499,1790407655.8573134,73695230.0,0.0014121498
4500,1790407665.860075,73711620.0,0.0007060749
4501,1790407685.8582842,73728000.0,0.0004707166
4502,1790407705.8575077,73744380.0,0.0002353583
4503,1790407715.8597672,73760770.0,0.0002353583
4504,1790407735.8586278,73777150.0,0.0
4505,1790407755.8581288,73793540.0,0.0002353583
4506,1790407775.8601522,73809920.0,0.0004707166
4507,1790407795.8579612,73826300.0,0.0
4508,1790407805.859102,73842690.0,0.0009414332
4509,1790407825.85761,73859070.0,0.0002353583
4510,1790407845.8573642,73875460.0,0.0007060749
4511,1790407855.8598456,73891840.0,0.0004707166
4512,1790407875.8571002,73908220.0,0.0002353583
4513,1790407895.8580213,73924610.0,0.0004707166
4514,1790407915.8596203,73940990.0,0.0
4515,1790407925.8603778,73957380.0,0.0004707166
4516,1790407945.8595035,73973760.0,0.0002353583
4517,1790407965.8607335,73990140.0,0.0002353583
4518,1790407985.8612146,74006530.0,0.0002353583
4519,1790407995.859885,74022910.0,0.0002353583
4520,1790408015.8578155,74039300.0,0.0004707166
4521,1790408035.8573964,74055680.0,0.0002353583
4522,1790408055.8602908,74072060.0,0.0002353583
4523,1790408065.8603702,74088450.0,0.0
4524,1790408085.8626783,74104830.0,0.0002353583
4525,1790408105.860329,74121220.0,0.0007060749
4526,1790408125.859811,74137600.0,0.0002353583
4527,1790408135.8595428,74153980.0,0.0
4528,1790408155.8571002,74170370.0,0.0
4529,1790408175.8589995,74186750.0,0.0
4530,1790408185.8640866,74203140.0,0.0004707166
4531,1790408205.8592148,74219520.0,0.0002353583
4532,1790408225.861351,74235900.0,0.0004707166
4533,1790408245.8575032,74252290.0,0.0004707166
4534,1790408255.860288,74268670.0,0.0002353583
4535,1790408275.8598795,74285060.0,0.0
4536,1790408295.8624334,74301440.0,0.0
4537,1790408305.861205,74317820.0,0.0002353583
4538,1790408325.860196,74334210.0,0.0002353583
4539,1790408345.8573751,74350590.0,0.0004707166
4540,1790408365.857645,74366980.0,0.0004707166
4541,1790408375.8608942,74383360.0,0.0004707166
4542,1790408395.858481,74399740.0,0.0009414332
4543,1790408415.8602788,74416130.0,0.0009414332
4544,1790408435.8603935,74432510.0,0.0002353583
4545,1790408445.8598807,74448900.0,0.0002353583
4546,1790408465.8593662,74465280.0,0.0002353583
4547,1790408485.8576264,74481660.0,0.0007060749
4548,1790408505.8578312,74498050.0,0.0011767915
4549,1790408515.8601353,74514430.0,0.0
4550,1790408535.858402,74530820.0,0.0
4551,1790408555.8572724,74547200.0,0.0002353583
4552,1790408565.8602097,74563580.0,0.0004707166
4553,1790408585.862403,74579970.0,0.0002353583
4554,1790408605.859004,74596350.0,0.0002353583
4555,1790408625.860604,74612740.0,0.0002353583
4556,1790408635.8604276,74629120.0,0.0
4557,1790408655.8577094,74645500.0,0.0007060749
4558,1790408675.8577816,74661890.0,0.0007060749
4559,1790408695.859671,74678270.0,0.0007060749
4560,1790408705.8603885,74694660.0,0.0007060749
4561,1790408725.859359,74711040.0,0.0002353583
4562,1790408745.8579264,74727420.0,0.0004707166
4563,1790408765.8592129,74743810.0,0.0004707166
4564,1790408775.8599832,74760190.0,0.0011767915
4565,1790408795.8586378,74776580.0,0.0002353583
4566,1790408815.8576195,74792960.0,0.0004707166
4567,1790408835.8584073,74809340.0,0.0002353583
4568,1790408845.8578384,74825730.0,0.0004707166
4569,1790408865.859177,74842110.0,0.0004707166
4570,1790408885.8598957,74858500.0,0.0
4571,1790408895.860437,74874880.0,0.0
4572,1790408915.8598144,74891260.0,0.0
4573,1790408935.859918,74907650.0,0.0009414332
4574,1790408955.8571374,74924030.0,0.0002353583
4575,1790408965.8604462,74940420.0,0.0002353583
4576,1790408985.8590548,74956800.0,0.0004707166
4577,1790409005.8573463,74973180.0,0.0
4578,1790409025.8590796,74989570.0,0.0
4579,1790409026.7903707,75005950.0,0.0002353583
