_step,_timestamp,train/env_steps,intrmotiv/reward/environment_mean
1,1790306554.9141166,0.0,0.0002353583
2,1790306574.9132235,16384.0,0.0002353583
3,1790306594.9129949,32768.0,0.0
4,1790306614.9134066,49152.0,0.0002353583
5,1790306634.9132004,65536.0,0.0
6,1790306654.912983,81920.0,0.0
7,1790306664.914138,98304.0,0.0002353583
8,1790306684.9143558,114688.0,0.0
9,1790306704.913325,131072.0,0.0002353583
10,1790306724.913587,147456.0,0.0
11,1790306744.9143052,163840.0,0.0
12,1790306764.913124,180224.0,0.0
13,1790306784.913183,196608.0,0.0
14,1790306804.9131637,212992.0,0.0
15,1790306824.9148333,229376.0,0.0002353583
16,1790306844.913628,245760.0,0.0
17,1790306854.9132276,262144.0,0.0
18,1790306874.91298,278528.0,0.0
19,1790306894.9131596,294912.0,0.0
20,1790306914.9141617,311296.0,0.0
21,1790306934.9151692,327680.0,0.0
22,1790306954.9132962,344064.0,0.0
23,1790306974.914387,360448.0,0.0002353583
24,1790306994.9132478,376832.0,0.0
25,1790307004.9142144,393216.0,0.0
26,1790307024.9140868,409600.0,0.0
27,1790307044.9147336,425984.0,0.0002353583
28,1790307064.9131758,442368.0,0.0
29,1790307084.91433,458752.0,0.0
30,1790307104.913044,475136.0,0.0004707166
31,1790307124.9131896,491520.0,0.0002353583
32,1790307144.9135468,507904.0,0.0
33,1790307154.9140234,524288.0,0.0
34,1790307174.914401,540672.0,0.0
35,1790307194.9135163,557056.0,0.0
36,1790307214.9137068,573440.0,0.0
37,1790307234.9133298,589824.0,0.0
38,1790307254.9132626,606208.0,0.0
39,1790307264.9143538,622592.0,0.0002353583
40,1790307284.9142308,638976.0,0.0
41,1790307304.9136324,655360.0,0.0002353583
42,1790307324.9132144,671744.0,0.0002353583
43,1790307344.9140878,688128.0,0.0
44,1790307354.9130476,704512.0,0.0
45,1790307374.9143186,720896.0,0.0
46,1790307394.9137042,737280.0,0.0
47,1790307414.9156003,753664.0,0.0
48,1790307434.915264,770048.0,0.0
49,1790307454.918132,786432.0,0.0
50,1790307464.9176023,802816.0,0.0
51,1790307484.9171617,819200.0,0.0002353583
52,1790307504.91535,835584.0,0.0
53,1790307524.9154117,851968.0,0.0002353583
54,1790307544.9152186,868352.0,0.0
55,1790307554.9182343,884736.0,0.0002353583
56,1790307574.9174762,901120.0,0.0002353583
57,1790307594.9172442,917504.0,0.0
58,1790307614.915612,933888.0,0.0
59,1790307634.9153469,950272.0,0.0002353583
60,1790307654.91567,966656.0,0.0
61,1790307664.9178731,983040.0,0.0
62,1790307684.9152217,999424.0,0.0
63,1790307704.917701,1015808.0,0.0007060749
64,1790307724.916325,1032192.0,0.0002353583
65,1790307744.915723,1048576.0,0.0
66,1790307754.9177008,1064960.0,0.0
67,1790307774.9220011,1081344.0,0.0
68,1790307794.9152422,1097728.0,0.0
69,1790307814.916175,1114112.0,0.0
70,1790307834.915894,1130496.0,0.0
71,1790307844.9178534,1146880.0,0.0002353583
72,1790307864.918,1163264.0,0.0002353583
73,1790307884.9165962,1179648.0,0.0
74,1790307904.917508,1196032.0,0.0
75,1790307924.915761,1212416.0,0.0
76,1790307944.9161062,1228800.0,0.0
77,1790307964.9158597,1245184.0,0.0
78,1790307974.9156065,1261568.0,0.0
79,1790307994.9177723,1277952.0,0.0
80,1790308014.9159744,1294336.0,0.0
81,1790308034.9165978,1310720.0,0.0002353583
82,1790308054.9162714,1327104.0,0.0004707166
83,1790308074.9157643,1343488.0,0.0
84,1790308094.918872,1359872.0,0.0
85,1790308104.9193215,1376256.0,0.0
86,1790308124.9180195,1392640.0,0.0
87,1790308144.9159963,1409024.0,0.0004707166
88,1790308164.9153657,1425408.0,0.0004707166
89,1790308184.9148583,1441792.0,0.0002353583
90,1790308204.9156125,1458176.0,0.0
91,1790308224.9152906,1474560.0,0.0
92,1790308234.9180336,1490944.0,0.0
93,1790308254.9189782,1507328.0,0.0002353583
94,1790308274.9157395,1523712.0,0.0
95,1790308294.9164803,1540096.0,0.0002353583
96,1790308314.915981,1556480.0,0.0
97,1790308334.916878,1572864.0,0.0
98,1790308354.9152696,1589248.0,0.0002353583
99,1790308364.918182,1605632.0,0.0
100,1790308384.918969,1622016.0,0.0
101,1790308404.9160364,1638400.0,0.0
102,1790308424.9155562,1654784.0,0.0
103,1790308444.915237,1671168.0,0.0
104,1790308464.9153495,1687552.0,0.0002353583
105,1790308484.9152255,1703936.0,0.0
106,1790308494.918512,1720320.0,0.0
107,1790308514.9158833,1736704.0,0.0002353583
108,1790308534.9160793,1753088.0,0.0
109,1790308554.91557,1769472.0,0.0
110,1790308574.9152744,1785856.0,0.0
111,1790308594.9154754,1802240.0,0.0004707166
112,1790308604.9180193,1818624.0,0.0002353583
113,1790308624.9179325,1835008.0,0.0
114,1790308644.9151645,1851392.0,0.0
115,1790308664.9157534,1867776.0,0.0
116,1790308684.9179275,1884160.0,0.0
117,1790308704.915891,1900544.0,0.0
118,1790308724.916276,1916928.0,0.0
119,1790308734.9206853,1933312.0,0.0002353583
120,1790308754.916802,1949696.0,0.0004707166
121,1790308774.9149988,1966080.0,0.0002353583
122,1790308794.9154556,1982464.0,0.0
123,1790308814.9161906,1998848.0,0.0002353583
124,1790308824.9179194,2015232.0,0.0
125,1790308844.9158118,2031616.0,0.0
126,1790308864.91546,2048000.0,0.0
127,1790308884.9157472,2064384.0,0.0
128,1790308904.9156227,2080768.0,0.0
129,1790308924.9154437,2097152.0,0.0002353583
130,1790308934.9195762,2113536.0,0.0
131,1790308954.9215193,2129920.0,0.0002353583
132,1790308974.9155846,2146304.0,0.0
133,1790308994.915692,2162688.0,0.0
134,1790309014.9151702,2179072.0,0.0
135,1790309034.9152167,2195456.0,0.0
136,1790309054.9156125,2211840.0,0.0
137,1790309064.9156797,2228224.0,0.0
138,1790309084.9156916,2244608.0,0.0002353583
139,1790309104.915708,2260992.0,0.0
140,1790309124.917134,2277376.0,0.0
141,1790309144.915765,2293760.0,0.0
142,1790309154.9181364,2310144.0,0.0004707166
143,1790309174.9182916,2326528.0,0.0
144,1790309194.9154575,2342912.0,0.0
145,1790309214.9159212,2359296.0,0.0
146,1790309234.91527,2375680.0,0.0
147,1790309254.9158733,2392064.0,0.0
148,1790309264.9176464,2408448.0,0.0
149,1790309284.9162943,2424832.0,0.0002353583
150,1790309304.915369,2441216.0,0.0
151,1790309324.915147,2457600.0,0.0
152,1790309344.916633,2473984.0,0.0002353583
153,1790309354.917694,2490368.0,0.0
154,1790309374.915795,2506752.0,0.0004707166
155,1790309394.9161012,2523136.0,0.0
156,1790309414.9155354,2539520.0,0.0
157,1790309434.9156387,2555904.0,0.0002353583
158,1790309454.9161878,2572288.0,0.0002353583
159,1790309464.9183486,2588672.0,0.0
160,1790309484.9173155,2605056.0,0.0
161,1790309504.916421,2621440.0,0.0
162,1790309524.9152114,2637824.0,0.0002353583
163,1790309544.9150877,2654208.0,0.0
164,1790309554.9178908,2670592.0,0.0
165,1790309574.9183753,2686976.0,0.0002353583
166,1790309594.9163082,2703360.0,0.0
167,1790309614.917128,2719744.0,0.0
168,1790309634.9166985,2736128.0,0.0
169,1790309654.917848,2752512.0,0.0
170,1790309664.9176328,2768896.0,0.0
171,1790309684.9157617,2785280.0,0.0
172,1790309704.9161038,2801664.0,0.0
173,1790309724.915961,2818048.0,0.0
174,1790309744.915589,2834432.0,0.0
175,1790309764.9153934,2850816.0,0.0
176,1790309774.918197,2867200.0,0.0002353583
177,1790309794.91637,2883584.0,0.0
178,1790309814.9162076,2899968.0,0.0
179,1790309834.9153333,2916352.0,0.0002353583
180,1790309854.9162984,2932736.0,0.0002353583
181,1790309864.9175634,2949120.0,0.0
182,1790309884.9183831,2965504.0,0.0002353583
183,1790309904.9168952,2981888.0,0.0
184,1790309924.9151115,2998272.0,0.0
185,1790309944.9161744,3014656.0,0.0
186,1790309964.915431,3031040.0,0.0
187,1790309974.9188318,3047424.0,0.0
188,1790309994.9153988,3063808.0,0.0007060749
189,1790310014.916802,3080192.0,0.0
190,1790310034.9179015,3096576.0,0.0002353583
191,1790310054.915277,3112960.0,0.0002353583
192,1790310074.916068,3129344.0,0.0
193,1790310084.9183369,3145728.0,0.0002353583
194,1790310104.9176505,3162112.0,0.0
195,1790310124.9154985,3178496.0,0.0002353583
196,1790310144.9153798,3194880.0,0.0
197,1790310164.9154978,3211264.0,0.0
198,1790310174.9198666,3227648.0,0.0
199,1790310194.9153693,3244032.0,0.0002353583
200,1790310214.915947,3260416.0,0.0
201,1790310234.9155712,3276800.0,0.0
202,1790310254.9152458,3293184.0,0.0002353583
203,1790310264.9180434,3309568.0,0.0004707166
204,1790310284.9154172,3325952.0,0.0
205,1790310304.9158535,3342336.0,0.0002353583
206,1790310324.9152763,3358720.0,0.0004707166
207,1790310344.9155316,3375104.0,0.0
208,1790310354.9176047,3391488.0,0.0
209,1790310374.9178772,3407872.0,0.0
210,1790310394.9164405,3424256.0,0.0
211,1790310414.917427,3440640.0,0.0002353583
212,1790310434.9151623,3457024.0,0.0
213,1790310444.919041,3473408.0,0.0002353583
214,1790310464.918439,3489792.0,0.0
215,1790310484.9152997,3506176.0,0.0002353583
216,1790310504.9158006,3522560.0,0.0002353583
217,1790310524.9174857,3538944.0,0.0002353583
218,1790310544.915922,3555328.0,0.0
219,1790310554.9186325,3571712.0,0.0
220,1790310574.9173696,3588096.0,0.0
221,1790310594.9155688,3604480.0,0.0
222,1790310614.9153087,3620864.0,0.0
223,1790310634.91584,3637248.0,0.0
224,1790310644.9158912,3653632.0,0.0
225,1790310664.9178402,3670016.0,0.0
226,1790310684.915497,3686400.0,0.0
227,1790310704.9152577,3702784.0,0.0
228,1790310724.915521,3719168.0,0.0
229,1790310734.9180367,3735552.0,0.0002353583
230,1790310754.9169178,3751936.0,0.0002353583
231,1790310774.9153094,3768320.0,0.0
232,1790310794.9168084,3784704.0,0.0
233,1790310814.915867,3801088.0,0.0
234,1790310824.9170918,3817472.0,0.0002353583
235,1790310844.9182134,3833856.0,0.0002353583
236,1790310864.915673,3850240.0,0.0002353583
237,1790310884.9156342,3866624.0,0.0
238,1790310904.9155045,3883008.0,0.0
239,1790310914.9187782,3899392.0,0.0002353583
240,1790310934.9217932,3915776.0,0.0
241,1790310954.918537,3932160.0,0.0002353583
242,1790310974.9153376,3948544.0,0.0
243,1790310994.917202,3964928.0,0.0004707166
244,1790311004.9177272,3981312.0,0.0
245,1790311024.9186094,3997696.0,0.0
246,1790311044.9157934,4014080.0,0.0
247,1790311064.9153771,4030464.0,0.0
248,1790311084.9158282,4046848.0,0.0
249,1790311104.9154418,4063232.0,0.0
250,1790311114.917869,4079616.0,0.0
251,1790311134.9170213,4096000.0,0.0002353583
252,1790311154.9183602,4112384.0,0.0
253,1790311174.91565,4128768.0,0.0002353583
254,1790311194.916474,4145152.0,0.0
255,1790311214.9162996,4161536.0,0.0
256,1790311224.9175107,4177920.0,0.0004707166
257,1790311244.916326,4194304.0,0.0002353583
258,1790311264.9153235,4210688.0,0.0
259,1790311284.9156203,4227072.0,0.0
260,1790311304.9150352,4243456.0,0.0
261,1790311314.918666,4259840.0,0.0002353583
262,1790311334.9179618,4276224.0,0.0
263,1790311354.918942,4292608.0,0.0002353583
264,1790311374.9162226,4308992.0,0.0
265,1790311394.9157698,4325376.0,0.0
266,1790311404.9174695,4341760.0,0.0
267,1790311424.9147966,4358144.0,0.0004707166
268,1790311444.9161527,4374528.0,0.0
269,1790311464.9161615,4390912.0,0.0
270,1790311484.915707,4407296.0,0.0
271,1790311504.9161568,4423680.0,0.0004707166
272,1790311514.918476,4440064.0,0.0
273,1790311534.9152842,4456448.0,0.0
274,1790311554.9160268,4472832.0,0.0
275,1790311574.9157505,4489216.0,0.0
276,1790311594.9155033,4505600.0,0.0
277,1790311604.9185667,4521984.0,0.0
278,1790311624.916231,4538368.0,0.0
279,1790311644.915977,4554752.0,0.0
280,1790311664.9152925,4571136.0,0.0007060749
281,1790311684.9180732,4587520.0,0.0
282,1790311694.9180884,4603904.0,0.0
283,1790311714.9178662,4620288.0,0.0
284,1790311734.9163103,4636672.0,0.0004707166
285,1790311754.9156144,4653056.0,0.0
286,1790311774.9156673,4669440.0,0.0
287,1790311794.9153166,4685824.0,0.0002353583
288,1790311804.9182558,4702208.0,0.0002353583
289,1790311824.916664,4718592.0,0.0
290,1790311844.9154885,4734976.0,0.0002353583
291,1790311864.9165423,4751360.0,0.0002353583
292,1790311884.915525,4767744.0,0.0002353583
293,1790311894.9186082,4784128.0,0.0
294,1790311914.9182618,4800512.0,0.0002353583
295,1790311934.9158027,4816896.0,0.0
296,1790311954.9163246,4833280.0,0.0
297,1790311974.9156864,4849664.0,0.0004707166
298,1790311994.9152384,4866048.0,0.0
299,1790312004.9207482,4882432.0,0.0004707166
300,1790312024.917102,4898816.0,0.0
301,1790312044.9167745,4915200.0,0.0
302,1790312064.915285,4931584.0,0.0002353583
303,1790312084.9162943,4947968.0,0.0
304,1790312094.9181633,4964352.0,0.0
305,1790312114.9183917,4980736.0,0.0
306,1790312134.9152002,4997120.0,0.0
307,1790312154.9159591,5013504.0,0.0
308,1790312174.9158237,5029888.0,0.0
309,1790312194.915286,5046272.0,0.0
310,1790312204.9179246,5062656.0,0.0002353583
311,1790312224.9166331,5079040.0,0.0
312,1790312244.9162226,5095424.0,0.0002353583
313,1790312264.9150422,5111808.0,0.0007060749
314,1790312284.915186,5128192.0,0.0
315,1790312294.9176042,5144576.0,0.0
316,1790312314.9177384,5160960.0,0.0
317,1790312334.9154992,5177344.0,0.0004707166
318,1790312354.9157364,5193728.0,0.0002353583
319,1790312374.9158144,5210112.0,0.0
320,1790312394.9164891,5226496.0,0.0002353583
321,1790312404.917415,5242880.0,0.0002353583
322,1790312424.915511,5259264.0,0.0002353583
323,1790312444.9159129,5275648.0,0.0
324,1790312464.9166222,5292032.0,0.0
325,1790312484.9161265,5308416.0,0.0002353583
326,1790312494.919977,5324800.0,0.0002353583
327,1790312514.9167335,5341184.0,0.0002353583
328,1790312534.920493,5357568.0,0.0002353583
329,1790312554.9153955,5373952.0,0.0004707166
330,1790312574.916266,5390336.0,0.0
331,1790312584.9181995,5406720.0,0.0
332,1790312604.91726,5423104.0,0.0
333,1790312624.9173765,5439488.0,0.0
334,1790312644.9178038,5455872.0,0.0
335,1790312664.9156609,5472256.0,0.0
336,1790312684.9151168,5488640.0,0.0
337,1790312694.9177213,5505024.0,0.0002353583
338,1790312714.9183614,5521408.0,0.0
339,1790312734.9159915,5537792.0,0.0002353583
340,1790312754.9158936,5554176.0,0.0002353583
341,1790312774.916652,5570560.0,0.0
342,1790312784.9193697,5586944.0,0.0002353583
343,1790312804.9179292,5603328.0,0.0
344,1790312824.9153771,5619712.0,0.0
345,1790312844.9152455,5636096.0,0.0002353583
346,1790312864.916531,5652480.0,0.0004707166
347,1790312884.9156768,5668864.0,0.0
348,1790312894.9190056,5685248.0,0.0002353583
349,1790312914.9162853,5701632.0,0.0
350,1790312934.9152358,5718016.0,0.0002353583
351,1790312954.916643,5734400.0,0.0
352,1790312974.9171546,5750784.0,0.0
353,1790312984.918185,5767168.0,0.0
354,1790313004.9167645,5783552.0,0.0
355,1790313024.91535,5799936.0,0.0
356,1790313044.916654,5816320.0,0.0002353583
357,1790313064.9157152,5832704.0,0.0
358,1790313074.9182107,5849088.0,0.0
359,1790313094.9151456,5865472.0,0.0002353583
360,1790313114.915111,5881856.0,0.0
361,1790313134.9162247,5898240.0,0.0
362,1790313154.9154122,5914624.0,0.0
363,1790313164.917831,5931008.0,0.0
364,1790313184.9178352,5947392.0,0.0
365,1790313204.9155989,5963776.0,0.0
366,1790313224.9170969,5980160.0,0.0
367,1790313244.9156923,5996544.0,0.0
368,1790313264.9180696,6012928.0,0.0002353583
369,1790313274.9184034,6029312.0,0.0002353583
370,1790313294.918468,6045696.0,0.0
371,1790313314.9156716,6062080.0,0.0
372,1790313334.916154,6078464.0,0.0002353583
373,1790313354.915293,6094848.0,0.0
374,1790313364.918533,6111232.0,0.0002353583
375,1790313384.9179392,6127616.0,0.0002353583
376,1790313404.915859,6144000.0,0.0002353583
377,1790313424.9155474,6160384.0,0.0
378,1790313444.9157422,6176768.0,0.0002353583
379,1790313464.9154036,6193152.0,0.0
380,1790313474.917681,6209536.0,0.0
381,1790313494.9181166,6225920.0,0.0
382,1790313514.9151535,6242304.0,0.0004707166
383,1790313534.9157755,6258688.0,0.0002353583
384,1790313554.9171023,6275072.0,0.0
385,1790313564.9183152,6291456.0,0.0004707166
386,1790313584.9182055,6307840.0,0.0002353583
387,1790313604.91548,6324224.0,0.0002353583
388,1790313624.9165316,6340608.0,0.0
389,1790313644.9159863,6356992.0,0.0
390,1790313664.9157698,6373376.0,0.0
391,1790313674.9175124,6389760.0,0.0
392,1790313694.9159918,6406144.0,0.0
393,1790313714.915233,6422528.0,0.0002353583
394,1790313734.915305,6438912.0,0.0002353583
395,1790313754.915727,6455296.0,0.0
396,1790313764.918371,6471680.0,0.0004707166
397,1790313784.916013,6488064.0,0.0
398,1790313804.9154243,6504448.0,0.0
399,1790313824.9157624,6520832.0,0.0
400,1790313844.9151063,6537216.0,0.0
401,1790313854.9182873,6553600.0,0.0
402,1790313874.9162357,6569984.0,0.0002353583
403,1790313894.916968,6586368.0,0.0
404,1790313914.9154315,6602752.0,0.0
405,1790313934.9162345,6619136.0,0.0002353583
406,1790313944.9182334,6635520.0,0.0002353583
407,1790313964.9181309,6651904.0,0.0004707166
408,1790313984.9153187,6668288.0,0.0
409,1790314004.9158497,6684672.0,0.0002353583
410,1790314024.91525,6701056.0,0.0002353583
411,1790314044.9157064,6717440.0,0.0
412,1790314054.918466,6733824.0,0.0004707166
413,1790314074.9177363,6750208.0,0.0
414,1790314094.918594,6766592.0,0.0
415,1790314114.915911,6782976.0,0.0
416,1790314134.916127,6799360.0,0.0
417,1790314144.9178653,6815744.0,0.0002353583
418,1790314164.918505,6832128.0,0.0
419,1790314184.9156387,6848512.0,0.0
420,1790314204.915285,6864896.0,0.0
421,1790314224.920362,6881280.0,0.0002353583
422,1790314234.918655,6897664.0,0.0
423,1790314254.9177618,6914048.0,0.0
424,1790314274.91589,6930432.0,0.0
425,1790314294.9156928,6946816.0,0.0
426,1790314314.915364,6963200.0,0.0004707166
427,1790314334.9150956,6979584.0,0.0
428,1790314344.9179957,6995968.0,0.0002353583
429,1790314364.918038,7012352.0,0.0
430,1790314384.9150915,7028736.0,0.0002353583
431,1790314404.9148731,7045120.0,0.0
432,1790314424.9152362,7061504.0,0.0004707166
433,1790314434.917637,7077888.0,0.0002353583
434,1790314454.9172106,7094272.0,0.0002353583
435,1790314474.9150617,7110656.0,0.0002353583
436,1790314494.9152982,7127040.0,0.0002353583
437,1790314514.9162166,7143424.0,0.0
438,1790314534.9165783,7159808.0,0.0002353583
439,1790314544.9178462,7176192.0,0.0002353583
440,1790314564.918127,7192576.0,0.0
441,1790314584.915249,7208960.0,0.0
442,1790314604.9162948,7225344.0,0.0
443,1790314624.9155226,7241728.0,0.0002353583
444,1790314634.921816,7258112.0,0.0002353583
445,1790314654.9181836,7274496.0,0.0002353583
446,1790314674.9152205,7290880.0,0.0002353583
447,1790314694.915362,7307264.0,0.0
448,1790314714.915313,7323648.0,0.0004707166
449,1790314724.9197943,7340032.0,0.0
450,1790314744.917622,7356416.0,0.0002353583
451,1790314764.918,7372800.0,0.0004707166
452,1790314784.9156384,7389184.0,0.0
453,1790314804.9153728,7405568.0,0.0004707166
454,1790314824.9156222,7421952.0,0.0004707166
455,1790314834.9178586,7438336.0,0.0
456,1790314854.9179258,7454720.0,0.0
457,1790314874.9156096,7471104.0,0.0002353583
458,1790314894.917647,7487488.0,0.0
459,1790314914.9152951,7503872.0,0.0004707166
460,1790314934.9153268,7520256.0,0.0004707166
461,1790314944.918145,7536640.0,0.0004707166
462,1790314964.915353,7553024.0,0.0002353583
463,1790314984.9155648,7569408.0,0.0002353583
464,1790315004.9154055,7585792.0,0.0
465,1790315024.9157355,7602176.0,0.0
466,1790315034.9198968,7618560.0,0.0002353583
467,1790315054.9167695,7634944.0,0.0004707166
468,1790315074.9184575,7651328.0,0.0002353583
469,1790315094.9150712,7667712.0,0.0
470,1790315114.9154942,7684096.0,0.0
471,1790315134.917601,7700480.0,0.0004707166
472,1790315144.9194255,7716864.0,0.0
473,1790315164.9153202,7733248.0,0.0004707166
474,1790315184.915588,7749632.0,0.0002353583
475,1790315204.9153695,7766016.0,0.0
476,1790315224.9152458,7782400.0,0.0004707166
477,1790315234.917648,7798784.0,0.0002353583
478,1790315254.9173918,7815168.0,0.0
479,1790315274.9169774,7831552.0,0.0
480,1790315294.9171455,7847936.0,0.0
481,1790315314.9159188,7864320.0,0.0007060749
482,1790315324.9177852,7880704.0,0.0
483,1790315344.9152071,7897088.0,0.0002353583
484,1790315364.9160566,7913472.0,0.0
485,1790315384.9188616,7929856.0,0.0002353583
486,1790315404.918633,7946240.0,0.0007060749
487,1790315424.9165568,7962624.0,0.0
488,1790315434.9179702,7979008.0,0.0002353583
489,1790315454.9154062,7995392.0,0.0
490,1790315474.916706,8011776.0,0.0002353583
491,1790315494.9155345,8028160.0,0.0002353583
492,1790315514.915076,8044544.0,0.0004707166
493,1790315524.9184108,8060928.0,0.0002353583
494,1790315544.916749,8077312.0,0.0
495,1790315564.9155638,8093696.0,0.0
496,1790315584.9162142,8110080.0,0.0002353583
497,1790315604.9158895,8126464.0,0.0002353583
498,1790315624.9162018,8142848.0,0.0007060749
499,1790315634.9176729,8159232.0,0.0004707166
500,1790315654.9154177,8175616.0,0.0
501,1790315674.91568,8192000.0,0.0002353583
502,1790315694.9153922,8208384.0,0.0002353583
503,1790315714.9165232,8224768.0,0.0
504,1790315724.921411,8241152.0,0.0
505,1790315744.9155684,8257536.0,0.0002353583
506,1790315764.9161031,8273920.0,0.0002353583
507,1790315784.9181674,8290304.0,0.0004707166
508,1790315804.918223,8306688.0,0.0
509,1790315814.9169312,8323072.0,0.0
510,1790315834.9172904,8339456.0,0.0002353583
511,1790315854.9187987,8355840.0,0.0
512,1790315874.9168048,8372224.0,0.0
513,1790315894.9165857,8388608.0,0.0
514,1790315904.92092,8404992.0,0.0
515,1790315924.9215505,8421376.0,0.0004707166
516,1790315944.9157088,8437760.0,0.0
517,1790315964.9165204,8454144.0,0.0
518,1790315984.915594,8470528.0,0.0002353583
519,1790316004.9157262,8486912.0,0.0002353583
520,1790316014.9179945,8503296.0,0.0
521,1790316034.9165006,8519680.0,0.0
522,1790316054.9158905,8536064.0,0.0002353583
523,1790316074.91603,8552448.0,0.0002353583
524,1790316094.9153762,8568832.0,0.0
525,1790316104.918013,8585216.0,0.0
526,1790316124.9181104,8601600.0,0.0
527,1790316144.9154637,8617984.0,0.0004707166
528,1790316164.915702,8634368.0,0.0002353583
529,1790316184.916203,8650752.0,0.0
530,1790316194.9178698,8667136.0,0.0
531,1790316214.9180045,8683520.0,0.0004707166
532,1790316234.9160028,8699904.0,0.0002353583
533,1790316254.9150844,8716288.0,0.0002353583
534,1790316274.9151368,8732672.0,0.0002353583
535,1790316294.9155822,8749056.0,0.0002353583
536,1790316304.9184806,8765440.0,0.0002353583
537,1790316324.9156804,8781824.0,0.0
538,1790316344.9155414,8798208.0,0.0004707166
539,1790316364.9155169,8814592.0,0.0002353583
540,1790316384.9153445,8830976.0,0.0
541,1790316394.918073,8847360.0,0.0004707166
542,1790316414.9153905,8863744.0,0.0002353583
543,1790316434.915439,8880128.0,0.0
544,1790316454.916325,8896512.0,0.0
545,1790316474.9163363,8912896.0,0.0002353583
546,1790316484.9178207,8929280.0,0.0
547,1790316504.9149811,8945664.0,0.0
548,1790316524.9170673,8962048.0,0.0004707166
549,1790316544.9182093,8978432.0,0.0
550,1790316564.9155936,8994816.0,0.0004707166
551,1790316574.9184525,9011200.0,0.0002353583
552,1790316594.9167044,9027584.0,0.0002353583
553,1790316614.9153512,9043968.0,0.0002353583
554,1790316634.9156663,9060352.0,0.0004707166
555,1790316654.916144,9076736.0,0.0002353583
556,1790316664.9178443,9093120.0,0.0002353583
557,1790316684.91699,9109504.0,0.0007060749
558,1790316704.9181485,9125888.0,0.0002353583
559,1790316724.9178658,9142272.0,0.0
560,1790316744.915197,9158656.0,0.0002353583
561,1790316764.9160526,9175040.0,0.0007060749
562,1790316774.9152496,9191424.0,0.0
563,1790316794.9163294,9207808.0,0.0
564,1790316814.915237,9224192.0,0.0007060749
565,1790316834.915552,9240576.0,0.0004707166
566,1790316854.915513,9256960.0,0.0
567,1790316864.918152,9273344.0,0.0
568,1790316884.9160466,9289728.0,0.0
569,1790316904.915447,9306112.0,0.0
570,1790316924.9177375,9322496.0,0.0004707166
571,1790316944.9169934,9338880.0,0.0
572,1790316954.9172783,9355264.0,0.0002353583
573,1790316974.917394,9371648.0,0.0002353583
574,1790316994.9161973,9388032.0,0.0004707166
575,1790317014.9165125,9404416.0,0.0004707166
576,1790317034.9153132,9420800.0,0.0
577,1790317044.9180863,9437184.0,0.0
578,1790317064.9171135,9453568.0,0.0
579,1790317084.9167464,9469952.0,0.0
580,1790317104.9164195,9486336.0,0.0
581,1790317124.9157171,9502720.0,0.0
582,1790317134.9187157,9519104.0,0.0002353583
583,1790317154.91853,9535488.0,0.0
584,1790317174.915835,9551872.0,0.0
585,1790317194.9176865,9568256.0,0.0004707166
586,1790317214.9162116,9584640.0,0.0002353583
587,1790317224.9183888,9601024.0,0.0002353583
588,1790317244.9196756,9617408.0,0.0004707166
589,1790317264.915214,9633792.0,0.0007060749
590,1790317284.9156954,9650176.0,0.0004707166
591,1790317304.915454,9666560.0,0.0004707166
592,1790317314.918398,9682944.0,0.0
593,1790317334.9181826,9699328.0,0.0
594,1790317354.9161646,9715712.0,0.0
595,1790317374.9159706,9732096.0,0.0004707166
596,1790317394.9159858,9748480.0,0.0004707166
597,1790317404.9166803,9764864.0,0.0002353583
598,1790317424.9183908,9781248.0,0.0002353583
599,1790317444.916505,9797632.0,0.0004707166
600,1790317464.9151108,9814016.0,0.0002353583
601,1790317484.915138,9830400.0,0.0002353583
602,1790317504.915565,9846784.0,0.0002353583
603,1790317514.917939,9863168.0,0.0004707166
604,1790317534.9182756,9879552.0,0.0004707166
605,1790317554.9152856,9895936.0,0.0004707166
606,1790317574.9161534,9912320.0,0.0
607,1790317594.915797,9928704.0,0.0002353583
608,1790317604.9186122,9945088.0,0.0002353583
609,1790317624.915433,9961472.0,0.0007060749
610,1790317644.9173155,9977856.0,0.0
611,1790317664.9157517,9994240.0,0.0002353583
612,1790317684.915727,10010624.0,0.0002353583
613,1790317704.9152856,10027008.0,0.0
614,1790317714.9181416,10043392.0,0.0002353583
615,1790317734.916378,10059776.0,0.0007060749
616,1790317754.9163103,10076160.0,0.0002353583
617,1790317774.9153025,10092544.0,0.0004707166
618,1790317794.9149983,10108928.0,0.0002353583
619,1790317804.9178789,10125312.0,0.0002353583
620,1790317824.917318,10141696.0,0.0002353583
621,1790317844.915875,10158080.0,0.0
622,1790317864.9152443,10174464.0,0.0002353583
623,1790317884.9156346,10190848.0,0.0
624,1790317894.917941,10207232.0,0.0002353583
625,1790317914.9157696,10223616.0,0.0
626,1790317934.9161627,10240000.0,0.0002353583
627,1790317954.9167974,10256384.0,0.0
628,1790317974.915395,10272768.0,0.0002353583
629,1790317984.9185424,10289152.0,0.0007060749
630,1790318004.9177756,10305536.0,0.0004707166
631,1790318024.9154675,10321920.0,0.0
632,1790318044.9164045,10338304.0,0.0002353583
633,1790318064.915567,10354688.0,0.0002353583
634,1790318074.9179227,10371072.0,0.0004707166
635,1790318094.91818,10387456.0,0.0
636,1790318114.9154687,10403840.0,0.0002353583
637,1790318134.9160812,10420224.0,0.0
638,1790318154.9156446,10436608.0,0.0004707166
639,1790318174.91577,10452992.0,0.0002353583
640,1790318184.9185228,10469376.0,0.0004707166
641,1790318204.9156575,10485760.0,0.0
642,1790318224.9164994,10502144.0,0.0004707166
643,1790318244.915517,10518528.0,0.0004707166
644,1790318264.9153962,10534912.0,0.0
645,1790318274.9177785,10551296.0,0.0002353583
646,1790318294.9202306,10567680.0,0.0002353583
647,1790318314.9164996,10584064.0,0.0002353583
648,1790318334.916493,10600448.0,0.0
649,1790318354.918109,10616832.0,0.0002353583
650,1790318364.918337,10633216.0,0.0
651,1790318384.918201,10649600.0,0.0007060749
652,1790318404.915625,10665984.0,0.0002353583
653,1790318424.9157462,10682368.0,0.0002353583
654,1790318444.9160137,10698752.0,0.0002353583
655,1790318464.915404,10715136.0,0.0
656,1790318474.918327,10731520.0,0.0002353583
657,1790318494.9170609,10747904.0,0.0
658,1790318514.915548,10764288.0,0.0007060749
659,1790318534.91744,10780672.0,0.0
660,1790318554.9166093,10797056.0,0.0
661,1790318564.9185753,10813440.0,0.0
662,1790318584.917517,10829824.0,0.0
663,1790318604.9159782,10846208.0,0.0002353583
664,1790318624.9162233,10862592.0,0.0002353583
665,1790318644.9156208,10878976.0,0.0002353583
666,1790318664.9188766,10895360.0,0.0002353583
667,1790318674.9164574,10911744.0,0.0002353583
668,1790318694.9160357,10928128.0,0.0007060749
669,1790318714.9152246,10944512.0,0.0009414332
670,1790318734.916008,10960896.0,0.0002353583
671,1790318754.9154596,10977280.0,0.0002353583
672,1790318764.9184902,10993664.0,0.0002353583
673,1790318784.9192936,11010048.0,0.0002353583
674,1790318804.9158974,11026432.0,0.0002353583
675,1790318824.9181166,11042816.0,0.0
676,1790318844.915804,11059200.0,0.0
677,1790318854.91787,11075584.0,0.0002353583
678,1790318874.916149,11091968.0,0.0007060749
679,1790318894.9161274,11108352.0,0.0004707166
680,1790318914.9156103,11124736.0,0.0002353583
681,1790318934.9154117,11141120.0,0.0004707166
682,1790318944.9181333,11157504.0,0.0002353583
683,1790318964.9197097,11173888.0,0.0002353583
684,1790318984.91537,11190272.0,0.0
685,1790319004.9170291,11206656.0,0.0002353583
686,1790319024.9173355,11223040.0,0.0002353583
687,1790319044.915558,11239424.0,0.0002353583
688,1790319054.918606,11255808.0,0.0002353583
689,1790319074.915137,11272192.0,0.0
690,1790319094.9185777,11288576.0,0.0004707166
691,1790319114.917483,11304960.0,0.0
692,1790319134.9155743,11321344.0,0.0
693,1790319144.918313,11337728.0,0.0004707166
694,1790319164.91777,11354112.0,0.0
695,1790319184.915429,11370496.0,0.0
696,1790319204.9152722,11386880.0,0.0
697,1790319224.9177723,11403264.0,0.0004707166
698,1790319234.9187405,11419648.0,0.0
699,1790319254.9175882,11436032.0,0.0
700,1790319274.915192,11452416.0,0.0
701,1790319294.9152508,11468800.0,0.0002353583
702,1790319314.9155805,11485184.0,0.0002353583
703,1790319334.9165215,11501568.0,0.0
704,1790319344.918781,11517952.0,0.0
705,1790319364.915856,11534336.0,0.0
706,1790319384.9157882,11550720.0,0.0002353583
707,1790319404.9155605,11567104.0,0.0
708,1790319424.9154816,11583488.0,0.0004707166
709,1790319434.917943,11599872.0,0.0002353583
710,1790319454.9170723,11616256.0,0.0002353583
711,1790319474.915071,11632640.0,0.0004707166
712,1790319494.915295,11649024.0,0.0002353583
713,1790319514.915136,11665408.0,0.0002353583
714,1790319524.915067,11681792.0,0.0004707166
715,1790319544.9161055,11698176.0,0.0002353583
716,1790319564.9156656,11714560.0,0.0009414332
717,1790319584.9156637,11730944.0,0.0
718,1790319604.915885,11747328.0,0.0
719,1790319614.9187596,11763712.0,0.0
720,1790319634.9185307,11780096.0,0.0004707166
721,1790319654.9155622,11796480.0,0.0004707166
722,1790319674.915692,11812864.0,0.0
723,1790319694.9152834,11829248.0,0.0002353583
724,1790319704.917873,11845632.0,0.0002353583
725,1790319724.9195678,11862016.0,0.0
726,1790319744.917461,11878400.0,0.0
727,1790319764.9153492,11894784.0,0.0
728,1790319784.9157214,11911168.0,0.0007060749
729,1790319804.91669,11927552.0,0.0002353583
730,1790319814.9182968,11943936.0,0.0002353583
731,1790319834.917605,11960320.0,0.0002353583
732,1790319854.9170816,11976704.0,0.0002353583
733,1790319874.9155111,11993088.0,0.0004707166
734,1790319894.9153953,12009472.0,0.0
735,1790319904.9181824,12025856.0,0.0
736,1790319924.9168425,12042240.0,0.0007060749
737,1790319944.9160008,12058624.0,0.0002353583
738,1790319964.9154274,12075008.0,0.0004707166
739,1790319984.9157126,12091392.0,0.0002353583
740,1790319994.918389,12107776.0,0.0002353583
741,1790320014.9179804,12124160.0,0.0007060749
742,1790320034.9153216,12140544.0,0.0004707166
743,1790320054.915902,12156928.0,0.0002353583
744,1790320074.9163027,12173312.0,0.0
745,1790320094.9153628,12189696.0,0.0004707166
746,1790320104.9181724,12206080.0,0.0
747,1790320124.9160824,12222464.0,0.0004707166
748,1790320144.9159267,12238848.0,0.0002353583
749,1790320164.915578,12255232.0,0.0004707166
750,1790320184.915512,12271616.0,0.0
751,1790320194.9173195,12288000.0,0.0002353583
752,1790320214.9199653,12304384.0,0.0
753,1790320234.9157736,12320768.0,0.0004707166
754,1790320254.9161212,12337152.0,0.0002353583
755,1790320274.9164715,12353536.0,0.0004707166
756,1790320284.9172988,12369920.0,0.0
757,1790320304.9180546,12386304.0,0.0007060749
758,1790320324.916962,12402688.0,0.0002353583
759,1790320344.9155262,12419072.0,0.0002353583
760,1790320364.916148,12435456.0,0.0007060749
761,1790320384.9165947,12451840.0,0.0004707166
762,1790320394.918283,12468224.0,0.0004707166
763,1790320414.9163852,12484608.0,0.0
764,1790320434.9155216,12500992.0,0.0004707166
765,1790320454.9155045,12517376.0,0.0
766,1790320474.9151957,12533760.0,0.0004707166
767,1790320484.9180284,12550144.0,0.0002353583
768,1790320504.9178638,12566528.0,0.0
769,1790320524.9172804,12582912.0,0.0002353583
770,1790320544.9160829,12599296.0,0.0
771,1790320564.9161897,12615680.0,0.0002353583
772,1790320574.9184215,12632064.0,0.0
773,1790320594.9178195,12648448.0,0.0002353583
774,1790320614.915233,12664832.0,0.0004707166
775,1790320634.9158814,12681216.0,0.0002353583
776,1790320654.916217,12697600.0,0.0
777,1790320664.918431,12713984.0,0.0
778,1790320684.9168413,12730368.0,0.0002353583
779,1790320704.9158874,12746752.0,0.0
780,1790320724.9166543,12763136.0,0.0004707166
781,1790320744.9159234,12779520.0,0.0002353583
782,1790320754.9177625,12795904.0,0.0002353583
783,1790320774.9182014,12812288.0,0.0004707166
784,1790320794.91548,12828672.0,0.0002353583
785,1790320814.917451,12845056.0,0.0
786,1790320834.9159408,12861440.0,0.0004707166
787,1790320844.918853,12877824.0,0.0002353583
788,1790320864.9180715,12894208.0,0.0002353583
789,1790320884.9155765,12910592.0,0.0004707166
790,1790320904.9156208,12926976.0,0.0002353583
791,1790320924.9149346,12943360.0,0.0
792,1790320944.9181542,12959744.0,0.0
793,1790320954.917902,12976128.0,0.0002353583
794,1790320974.9175675,12992512.0,0.0002353583
795,1790320994.915287,13008896.0,0.0004707166
796,1790321014.9177053,13025280.0,0.0
797,1790321034.9155416,13041664.0,0.0004707166
798,1790321044.9185765,13058048.0,0.0002353583
799,1790321064.9169295,13074432.0,0.0004707166
800,1790321084.918042,13090816.0,0.0004707166
801,1790321104.9160478,13107200.0,0.0002353583
802,1790321124.9162145,13123584.0,0.0
803,1790321134.9178638,13139968.0,0.0002353583
804,1790321154.918009,13156352.0,0.0004707166
805,1790321174.915747,13172736.0,0.0
806,1790321194.9155474,13189120.0,0.0004707166
807,1790321214.9167593,13205504.0,0.0002353583
808,1790321224.9183402,13221888.0,0.0002353583
809,1790321244.9191685,13238272.0,0.0
810,1790321264.915095,13254656.0,0.0002353583
811,1790321284.9153428,13271040.0,0.0002353583
812,1790321304.9152246,13287424.0,0.0002353583
813,1790321324.9160028,13303808.0,0.0002353583
814,1790321334.9179108,13320192.0,0.0004707166
815,1790321354.9153678,13336576.0,0.0
816,1790321374.9158998,13352960.0,0.0
817,1790321394.9153976,13369344.0,0.0
818,1790321414.9156215,13385728.0,0.0
819,1790321424.918816,13402112.0,0.0
820,1790321444.9179316,13418496.0,0.0
821,1790321464.9153955,13434880.0,0.0002353583
822,1790321484.916648,13451264.0,0.0002353583
823,1790321504.9192996,13467648.0,0.0004707166
824,1790321514.9185524,13484032.0,0.0009414332
825,1790321534.9179633,13500416.0,0.0
826,1790321554.9161396,13516800.0,0.0004707166
827,1790321574.9166856,13533184.0,0.0004707166
828,1790321594.9153802,13549568.0,0.0
829,1790321614.9155407,13565952.0,0.0007060749
830,1790321624.916397,13582336.0,0.0
831,1790321644.9161606,13598720.0,0.0002353583
832,1790321664.9157584,13615104.0,0.0009414332
833,1790321684.9165957,13631488.0,0.0002353583
834,1790321704.9155033,13647872.0,0.0004707166
835,1790321714.918146,13664256.0,0.0
836,1790321734.916765,13680640.0,0.0
837,1790321754.9159954,13697024.0,0.0002353583
838,1790321774.9172795,13713408.0,0.0004707166
839,1790321794.9149787,13729792.0,0.0004707166
840,1790321804.9180202,13746176.0,0.0002353583
841,1790321824.918216,13762560.0,0.0007060749
842,1790321844.915125,13778944.0,0.0004707166
843,1790321864.916184,13795328.0,0.0004707166
844,1790321884.9157245,13811712.0,0.0002353583
845,1790321894.9182086,13828096.0,0.0
846,1790321914.9184334,13844480.0,0.0002353583
847,1790321934.9213388,13860864.0,0.0
848,1790321954.9151206,13877248.0,0.0
849,1790321974.915627,13893632.0,0.0007060749
850,1790321984.9178495,13910016.0,0.0002353583
851,1790322004.9186397,13926400.0,0.0004707166
852,1790322024.9160738,13942784.0,0.0002353583
853,1790322044.9159882,13959168.0,0.0004707166
854,1790322064.9152555,13975552.0,0.0002353583
855,1790322084.9153674,13991936.0,0.0
856,1790322094.9187703,14008320.0,0.0002353583
857,1790322114.9181356,14024704.0,0.0002353583
858,1790322134.9152591,14041088.0,0.0002353583
859,1790322154.915197,14057472.0,0.0002353583
860,1790322174.9164038,14073856.0,0.0002353583
861,1790322184.9186883,14090240.0,0.0002353583
862,1790322204.917914,14106624.0,0.0004707166
863,1790322224.9157825,14123008.0,0.0004707166
864,1790322244.9157138,14139392.0,0.0007060749
865,1790322264.9157734,14155776.0,0.0
866,1790322284.9167452,14172160.0,0.0007060749
867,1790322294.917816,14188544.0,0.0002353583
868,1790322314.9180849,14204928.0,0.0007060749
869,1790322334.9159126,14221312.0,0.0002353583
870,1790322354.9158738,14237696.0,0.0004707166
871,1790322374.9159136,14254080.0,0.0007060749
872,1790322394.9153078,14270464.0,0.0002353583
873,1790322404.9167056,14286848.0,0.0
874,1790322424.9152973,14303232.0,0.0
875,1790322444.9155178,14319616.0,0.0002353583
876,1790322464.9157524,14336000.0,0.0
877,1790322484.9165032,14352384.0,0.0002353583
878,1790322494.9179797,14368768.0,0.0
879,1790322514.9148662,14385152.0,0.0
880,1790322534.9157891,14401536.0,0.0004707166
881,1790322554.9157882,14417920.0,0.0009414332
882,1790322574.9157522,14434304.0,0.0002353583
883,1790322594.9184945,14450688.0,0.0002353583
884,1790322604.9177084,14467072.0,0.0002353583
885,1790322624.9152946,14483456.0,0.0002353583
886,1790322644.9161513,14499840.0,0.0004707166
887,1790322664.9155958,14516224.0,0.0009414332
888,1790322684.9166048,14532608.0,0.0
889,1790322694.917762,14548992.0,0.0
890,1790322714.9159644,14565376.0,0.0002353583
891,1790322734.9158027,14581760.0,0.0007060749
892,1790322754.9156418,14598144.0,0.0007060749
893,1790322774.9152944,14614528.0,0.0004707166
894,1790322784.9184449,14630912.0,0.0004707166
895,1790322804.917646,14647296.0,0.0004707166
896,1790322824.915831,14663680.0,0.0
897,1790322844.9157932,14680064.0,0.0002353583
898,1790322864.9173462,14696448.0,0.0
899,1790322874.9174516,14712832.0,0.0
900,1790322894.9156237,14729216.0,0.0002353583
901,1790322914.9159102,14745600.0,0.0002353583
902,1790322934.9154603,14761984.0,0.0007060749
903,1790322954.915398,14778368.0,0.0
904,1790322964.918434,14794752.0,0.0002353583
905,1790322984.9181783,14811136.0,0.0
906,1790323004.9159224,14827520.0,0.0007060749
907,1790323024.9158163,14843904.0,0.0002353583
908,1790323044.9162574,14860288.0,0.0002353583
909,1790323054.9184382,14876672.0,0.0
910,1790323074.918574,14893056.0,0.0002353583
911,1790323094.915572,14909440.0,0.0
912,1790323114.9158397,14925824.0,0.0004707166
913,1790323134.9155636,14942208.0,0.0002353583
914,1790323154.916669,14958592.0,0.0004707166
915,1790323174.9152424,14974976.0,0.0002353583
916,1790323184.9180396,14991360.0,0.0002353583
917,1790323204.9156132,15007744.0,0.0004707166
918,1790323224.9152944,15024128.0,0.0002353583
919,1790323244.9151957,15040512.0,0.0002353583
920,1790323264.9155676,15056896.0,0.0002353583
921,1790323274.917509,15073280.0,0.0
922,1790323294.915481,15089664.0,0.0
923,1790323314.915426,15106048.0,0.0002353583
924,1790323334.9173944,15122432.0,0.0004707166
925,1790323344.9176834,15138816.0,0.0002353583
926,1790323364.9178717,15155200.0,0.0
927,1790323384.9158573,15171584.0,0.0002353583
928,1790323404.9153824,15187968.0,0.0002353583
929,1790323424.9153209,15204352.0,0.0
930,1790323444.915461,15220736.0,0.0002353583
931,1790323454.9194572,15237120.0,0.0002353583
932,1790323474.9154267,15253504.0,0.0004707166
933,1790323494.9161685,15269888.0,0.0
934,1790323514.9160392,15286272.0,0.0004707166
935,1790323534.9153268,15302656.0,0.0002353583
936,1790323544.9183595,15319040.0,0.0
937,1790323564.9175656,15335424.0,0.0002353583
938,1790323584.9156888,15351808.0,0.0002353583
939,1790323604.9148448,15368192.0,0.0002353583
940,1790323624.9155624,15384576.0,0.0007060749
941,1790323634.9159312,15400960.0,0.0002353583
942,1790323654.9178524,15417344.0,0.0
943,1790323674.9150834,15433728.0,0.0004707166
944,1790323694.915519,15450112.0,0.0
945,1790323714.9156244,15466496.0,0.0
946,1790323734.916157,15482880.0,0.0007060749
947,1790323744.918669,15499264.0,0.0
948,1790323764.915877,15515648.0,0.0002353583
949,1790323784.9156086,15532032.0,0.0002353583
950,1790323804.9162056,15548416.0,0.0002353583
951,1790323814.9173326,15564800.0,0.0004707166
952,1790323834.9154198,15581184.0,0.0002353583
953,1790323854.9164264,15597568.0,0.0007060749
954,1790323874.9158947,15613952.0,0.0
955,1790323894.915659,15630336.0,0.0
956,1790323914.9152026,15646720.0,0.0
957,1790323924.9171495,15663104.0,0.0
958,1790323944.9153426,15679488.0,0.0
959,1790323964.915769,15695872.0,0.0002353583
960,1790323984.9153607,15712256.0,0.0007060749
961,1790324004.915723,15728640.0,0.0002353583
962,1790324024.915248,15745024.0,0.0007060749
963,1790324034.9151726,15761408.0,0.0002353583
964,1790324054.9157605,15777792.0,0.0002353583
965,1790324074.9152503,15794176.0,0.0002353583
966,1790324094.9167078,15810560.0,0.0
967,1790324114.9183724,15826944.0,0.0002353583
968,1790324124.918289,15843328.0,0.0
969,1790324144.9155724,15859712.0,0.0007060749
970,1790324164.9168994,15876096.0,0.0
971,1790324184.9161303,15892480.0,0.0002353583
972,1790324204.915877,15908864.0,0.0004707166
973,1790324214.918188,15925248.0,0.0004707166
974,1790324234.9182248,15941632.0,0.0004707166
975,1790324254.9158688,15958016.0,0.0004707166
976,1790324274.9153464,15974400.0,0.0
977,1790324294.9154346,15990784.0,0.0
978,1790324304.9191444,16007168.0,0.0002353583
979,1790324324.9177167,16023552.0,0.0002353583
980,1790324344.9171531,16039936.0,0.0002353583
981,1790324364.9156544,16056320.0,0.0009414332
982,1790324384.9173324,16072704.0,0.0004707166
983,1790324404.9157708,16089088.0,0.0
984,1790324414.9181116,16105472.0,0.0002353583
985,1790324434.9179976,16121856.0,0.0007060749
986,1790324454.9152749,16138240.0,0.0002353583
987,1790324474.9154928,16154624.0,0.0004707166
988,1790324494.9159305,16171008.0,0.0007060749
989,1790324514.9149325,16187392.0,0.0
990,1790324524.9173155,16203776.0,0.0004707166
991,1790324544.919442,16220160.0,0.0
992,1790324564.915096,16236544.0,0.0
993,1790324584.915441,16252928.0,0.0
994,1790324604.9153562,16269312.0,0.0002353583
995,1790324614.9180157,16285696.0,0.0002353583
996,1790324634.918546,16302080.0,0.0004707166
997,1790324654.9164555,16318464.0,0.0002353583
998,1790324674.916033,16334848.0,0.0002353583
999,1790324694.9159677,16351232.0,0.0002353583
1000,1790324704.918026,16367616.0,0.0002353583
1001,1790324724.9186168,16384000.0,0.0002353583
1002,1790324744.915614,16400384.0,0.0004707166
1003,1790324764.9156132,16416768.0,0.0
1004,1790324784.915345,16433152.0,0.0004707166
1005,1790324794.9183316,16449536.0,0.0002353583
1006,1790324814.9189365,16465920.0,0.0002353583
1007,1790324834.9154458,16482304.0,0.0002353583
1008,1790324854.9159937,16498688.0,0.0002353583
1009,1790324874.9152007,16515072.0,0.0002353583
1010,1790324884.9180348,16531456.0,0.0
1011,1790324904.921609,16547840.0,0.0
1012,1790324924.915866,16564224.0,0.0
1013,1790324944.91528,16580608.0,0.0002353583
1014,1790324964.9166198,16596992.0,0.0007060749
1015,1790324984.9164257,16613376.0,0.0009414332
1016,1790324994.91778,16629760.0,0.0
1017,1790325014.9160635,16646144.0,0.0007060749
1018,1790325034.915247,16662528.0,0.0002353583
1019,1790325054.9165895,16678912.0,0.0004707166
1020,1790325074.9161158,16695296.0,0.0007060749
1021,1790325084.9180906,16711680.0,0.0
1022,1790325104.9160533,16728064.0,0.0002353583
1023,1790325124.915593,16744448.0,0.0004707166
1024,1790325144.9157033,16760832.0,0.0007060749
1025,1790325164.915884,16777216.0,0.0009414332
1026,1790325184.9168482,16793600.0,0.0
1027,1790325194.9179947,16809984.0,0.0002353583
1028,1790325214.9152963,16826368.0,0.0007060749
1029,1790325234.915519,16842752.0,0.0004707166
1030,1790325254.9157183,16859136.0,0.0002353583
1031,1790325274.9163363,16875520.0,0.0011767915
1032,1790325284.9185417,16891904.0,0.0004707166
1033,1790325304.918181,16908288.0,0.0002353583
1034,1790325324.915547,16924672.0,0.0002353583
1035,1790325344.9153457,16941056.0,0.0002353583
1036,1790325364.9158323,16957440.0,0.0009414332
1037,1790325384.9152472,16973824.0,0.0
1038,1790325394.9180264,16990208.0,0.0
1039,1790325414.917169,17006592.0,0.0007060749
1040,1790325434.9152489,17022976.0,0.0004707166
1041,1790325454.9174187,17039360.0,0.0
1042,1790325474.918771,17055744.0,0.0
1043,1790325484.9179344,17072128.0,0.0
1044,1790325504.9195294,17088512.0,0.0
1045,1790325524.91543,17104896.0,0.0002353583
1046,1790325544.9161298,17121280.0,0.0007060749
1047,1790325564.915275,17137664.0,0.0002353583
1048,1790325584.9158974,17154048.0,0.0002353583
1049,1790325594.9189107,17170432.0,0.0002353583
1050,1790325614.9184518,17186816.0,0.0004707166
1051,1790325634.9166358,17203200.0,0.0
1052,1790325654.9175158,17219584.0,0.0002353583
1053,1790325674.915426,17235968.0,0.0004707166
1054,1790325684.918398,17252352.0,0.0002353583
1055,1790325704.915516,17268736.0,0.0
1056,1790325724.916751,17285120.0,0.0
1057,1790325744.9160018,17301504.0,0.0004707166
1058,1790325764.9165013,17317888.0,0.0004707166
1059,1790325774.9178858,17334272.0,0.0
1060,1790325794.918232,17350656.0,0.0004707166
1061,1790325814.9155874,17367040.0,0.0
1062,1790325834.915118,17383424.0,0.0
1063,1790325854.9152749,17399808.0,0.0
1064,1790325874.9164646,17416192.0,0.0002353583
1065,1790325894.915628,17432576.0,0.0
1066,1790325904.9176755,17448960.0,0.0004707166
1067,1790325924.9160793,17465344.0,0.0004707166
1068,1790325944.916495,17481728.0,0.0002353583
1069,1790325964.9157708,17498112.0,0.0002353583
1070,1790325984.9157665,17514496.0,0.0002353583
1071,1790325994.9180825,17530880.0,0.0
1072,1790326014.9160318,17547264.0,0.0002353583
1073,1790326034.9171844,17563648.0,0.0004707166
1074,1790326054.9165127,17580032.0,0.0004707166
1075,1790326074.9166725,17596416.0,0.0007060749
1076,1790326084.9184108,17612800.0,0.0002353583
1077,1790326104.9165742,17629184.0,0.0004707166
1078,1790326124.9162045,17645568.0,0.0007060749
1079,1790326144.9152489,17661952.0,0.0004707166
1080,1790326164.9179635,17678336.0,0.0002353583
1081,1790326184.9157355,17694720.0,0.0
1082,1790326194.9180267,17711104.0,0.0004707166
1083,1790326214.9163322,17727488.0,0.0002353583
1084,1790326234.9153583,17743872.0,0.0004707166
1085,1790326254.9165456,17760256.0,0.0
1086,1790326274.9153357,17776640.0,0.0004707166
1087,1790326284.9176962,17793024.0,0.0007060749
1088,1790326304.9184325,17809408.0,0.0002353583
1089,1790326324.9155734,17825792.0,0.0004707166
1090,1790326344.9160612,17842176.0,0.0
1091,1790326364.916051,17858560.0,0.0002353583
1092,1790326374.9181678,17874944.0,0.0
1093,1790326394.9152875,17891328.0,0.0002353583
1094,1790326414.9165986,17907712.0,0.0
1095,1790326434.9198267,17924096.0,0.0002353583
1096,1790326454.915582,17940480.0,0.0002353583
1097,1790326464.9182892,17956864.0,0.0002353583
1098,1790326484.9174502,17973248.0,0.0
1099,1790326504.9158268,17989632.0,0.0007060749
1100,1790326524.9157488,18006016.0,0.0002353583
1101,1790326544.918625,18022400.0,0.0002353583
1102,1790326564.9155068,18038784.0,0.0002353583
1103,1790326574.9189386,18055168.0,0.0
1104,1790326594.9178655,18071552.0,0.0
1105,1790326614.9154875,18087936.0,0.0002353583
1106,1790326634.9179382,18104320.0,0.0007060749
1107,1790326654.9159074,18120704.0,0.0002353583
1108,1790326664.9183218,18137088.0,0.0
1109,1790326684.9156733,18153472.0,0.0007060749
1110,1790326704.915774,18169856.0,0.0
1111,1790326724.9154062,18186240.0,0.0
1112,1790326744.915939,18202624.0,0.0002353583
1113,1790326754.9177792,18219008.0,0.0002353583
1114,1790326774.9163153,18235392.0,0.0004707166
1115,1790326794.9158895,18251776.0,0.0004707166
1116,1790326814.9155393,18268160.0,0.0002353583
1117,1790326834.9162357,18284544.0,0.0004707166
1118,1790326844.918057,18300928.0,0.0004707166
1119,1790326864.9152966,18317312.0,0.0004707166
1120,1790326884.9152694,18333696.0,0.0007060749
1121,1790326904.9156792,18350080.0,0.0007060749
1122,1790326924.9192374,18366464.0,0.0007060749
1123,1790326934.9174914,18382848.0,0.0004707166
1124,1790326954.9165647,18399232.0,0.0004707166
1125,1790326974.9157734,18415616.0,0.0002353583
1126,1790326994.9155526,18432000.0,0.0004707166
1127,1790327014.9163363,18448384.0,0.0002353583
1128,1790327024.917742,18464768.0,0.0002353583
1129,1790327044.9181468,18481152.0,0.0002353583
1130,1790327064.9169466,18497536.0,0.0002353583
1131,1790327084.9163394,18513920.0,0.0
1132,1790327104.915759,18530304.0,0.0009414332
1133,1790327124.9167075,18546688.0,0.0007060749
1134,1790327144.9160836,18563072.0,0.0004707166
1135,1790327154.917682,18579456.0,0.0002353583
1136,1790327174.9155304,18595840.0,0.0009414332
1137,1790327194.915372,18612224.0,0.0004707166
1138,1790327214.915582,18628608.0,0.0009414332
1139,1790327234.9164803,18644992.0,0.0007060749
1140,1790327244.917838,18661376.0,0.0
1141,1790327264.9183369,18677760.0,0.0009414332
1142,1790327284.9155843,18694144.0,0.0002353583
1143,1790327304.9170437,18710528.0,0.0002353583
1144,1790327324.9156032,18726912.0,0.0004707166
1145,1790327334.9180677,18743296.0,0.0002353583
1146,1790327354.9179213,18759680.0,0.0004707166
1147,1790327374.916222,18776064.0,0.0
1148,1790327394.9160328,18792448.0,0.0
1149,1790327414.9154725,18808832.0,0.0007060749
1150,1790327424.9188511,18825216.0,0.0
1151,1790327444.917235,18841600.0,0.0002353583
1152,1790327464.9166484,18857984.0,0.0004707166
1153,1790327484.9154382,18874368.0,0.0004707166
1154,1790327504.915257,18890752.0,0.0007060749
1155,1790327514.918073,18907136.0,0.0
1156,1790327534.9183197,18923520.0,0.0007060749
1157,1790327554.9155588,18939904.0,0.0002353583
1158,1790327574.9154797,18956288.0,0.0002353583
1159,1790327594.9152477,18972672.0,0.0007060749
1160,1790327614.9167364,18989056.0,0.0
1161,1790327624.9186125,19005440.0,0.0
1162,1790327644.9155226,19021824.0,0.0
1163,1790327664.9163103,19038208.0,0.0002353583
1164,1790327684.915243,19054592.0,0.0
1165,1790327704.9154742,19070976.0,0.0009414332
1166,1790327724.9158857,19087360.0,0.0002353583
1167,1790327734.9183047,19103744.0,0.0007060749
1168,1790327754.9152417,19120128.0,0.0004707166
1169,1790327774.9151003,19136512.0,0.0
1170,1790327794.9160476,19152896.0,0.0002353583
1171,1790327814.9247715,19169280.0,0.0004707166
1172,1790327824.9177334,19185664.0,0.0002353583
1173,1790327844.9163668,19202048.0,0.0004707166
1174,1790327864.9161513,19218432.0,0.0
1175,1790327884.9175446,19234816.0,0.0002353583
1176,1790327904.9173112,19251200.0,0.0004707166
1177,1790327914.9192717,19267584.0,0.0
1178,1790327934.918628,19283968.0,0.0
1179,1790327954.915563,19300352.0,0.0002353583
1180,1790327974.9201372,19316736.0,0.0009414332
1181,1790327994.9186368,19333120.0,0.0004707166
1182,1790328004.9185152,19349504.0,0.0007060749
1183,1790328024.9187205,19365888.0,0.0002353583
1184,1790328044.9172924,19382272.0,0.0007060749
1185,1790328064.916249,19398656.0,0.0002353583
1186,1790328084.9169226,19415040.0,0.0004707166
1187,1790328104.91568,19431424.0,0.0
1188,1790328114.9184427,19447808.0,0.0009414332
1189,1790328134.918374,19464192.0,0.0
1190,1790328154.9165072,19480576.0,0.0002353583
1191,1790328174.9167273,19496960.0,0.0004707166
1192,1790328194.9167235,19513344.0,0.0004707166
1193,1790328204.9173098,19529728.0,0.0004707166
1194,1790328224.917371,19546112.0,0.0
1195,1790328244.918028,19562496.0,0.0007060749
1196,1790328264.915538,19578880.0,0.0
1197,1790328284.9154823,19595264.0,0.0002353583
1198,1790328294.9184914,19611648.0,0.0
1199,1790328314.918339,19628032.0,0.0
1200,1790328334.915626,19644416.0,0.0002353583
1201,1790328354.9155142,19660800.0,0.0
1202,1790328374.9174445,19677184.0,0.0007060749
1203,1790328384.9178882,19693568.0,0.0002353583
1204,1790328404.9181387,19709952.0,0.0004707166
1205,1790328424.9161763,19726336.0,0.0
1206,1790328444.9163537,19742720.0,0.0002353583
1207,1790328464.9161654,19759104.0,0.0
1208,1790328474.918013,19775488.0,0.0
1209,1790328494.9186616,19791872.0,0.0002353583
1210,1790328514.9155664,19808256.0,0.0002353583
1211,1790328534.9205933,19824640.0,0.0
1212,1790328554.9159596,19841024.0,0.0002353583
1213,1790328574.9162169,19857408.0,0.0
1214,1790328584.9182644,19873792.0,0.0002353583
1215,1790328604.9170835,19890176.0,0.0002353583
1216,1790328624.9163146,19906560.0,0.0004707166
1217,1790328644.9176035,19922944.0,0.0
1218,1790328664.9156013,19939328.0,0.0
1219,1790328674.9175315,19955712.0,0.0
1220,1790328694.9153316,19972096.0,0.0009414332
1221,1790328714.918755,19988480.0,0.0007060749
1222,1790328734.9163394,20004864.0,0.0009414332
1223,1790328754.9175336,20021248.0,0.0002353583
1224,1790328764.9168303,20037632.0,0.0002353583
1225,1790328784.9191964,20054016.0,0.0
1226,1790328804.9152477,20070400.0,0.0004707166
1227,1790328824.9151936,20086784.0,0.0002353583
1228,1790328844.920633,20103168.0,0.0002353583
1229,1790328864.9185283,20119552.0,0.0004707166
1230,1790328874.915182,20135936.0,0.0007060749
1231,1790328894.9157894,20152320.0,0.0002353583
1232,1790328914.9180746,20168704.0,0.0009414332
1233,1790328934.9167423,20185088.0,0.0
1234,1790328954.9153066,20201472.0,0.0002353583
1235,1790328964.9179316,20217856.0,0.0002353583
1236,1790328984.9173243,20234240.0,0.0
1237,1790329004.9191544,20250624.0,0.0004707166
1238,1790329024.9174693,20267008.0,0.0009414332
1239,1790329044.916141,20283392.0,0.0
1240,1790329064.916274,20299776.0,0.0007060749
1241,1790329074.9178317,20316160.0,0.0
1242,1790329094.9157724,20332544.0,0.0002353583
1243,1790329114.9156127,20348928.0,0.0
1244,1790329134.915383,20365312.0,0.0002353583
1245,1790329154.9154046,20381696.0,0.0002353583
1246,1790329164.919833,20398080.0,0.0002353583
1247,1790329184.9180534,20414464.0,0.0
1248,1790329204.915136,20430848.0,0.0002353583
1249,1790329224.9163532,20447232.0,0.0002353583
1250,1790329244.915565,20463616.0,0.0004707166
1251,1790329254.9191043,20480000.0,0.0
1252,1790329274.9167435,20496384.0,0.0007060749
1253,1790329294.9154265,20512768.0,0.0004707166
1254,1790329314.915339,20529152.0,0.0002353583
1255,1790329334.917349,20545536.0,0.0002353583
1256,1790329344.9184554,20561920.0,0.0002353583
1257,1790329364.918233,20578304.0,0.0002353583
1258,1790329384.9155548,20594688.0,0.0
1259,1790329404.915504,20611072.0,0.0002353583
1260,1790329424.915795,20627456.0,0.0002353583
1261,1790329434.9185607,20643840.0,0.0
1262,1790329454.9181516,20660224.0,0.0002353583
1263,1790329474.915939,20676608.0,0.0002353583
1264,1790329494.915427,20692992.0,0.0
1265,1790329514.9155602,20709376.0,0.0
1266,1790329534.9190838,20725760.0,0.0
1267,1790329544.9183924,20742144.0,0.0002353583
1268,1790329564.9178178,20758528.0,0.0002353583
1269,1790329584.9162078,20774912.0,0.0
1270,1790329604.9202962,20791296.0,0.0
1271,1790329624.9157965,20807680.0,0.0
1272,1790329634.918342,20824064.0,0.0002353583
1273,1790329654.9174538,20840448.0,0.0002353583
1274,1790329674.917061,20856832.0,0.0
1275,1790329694.9156995,20873216.0,0.0
1276,1790329714.9157782,20889600.0,0.0
1277,1790329724.9177036,20905984.0,0.0
1278,1790329744.918416,20922368.0,0.0002353583
1279,1790329764.9156065,20938752.0,0.0007060749
1280,1790329784.9161675,20955136.0,0.0
1281,1790329804.9181788,20971520.0,0.0
1282,1790329824.9153433,20987904.0,0.0002353583
1283,1790329834.917806,21004288.0,0.0
1284,1790329854.915852,21020672.0,0.0002353583
1285,1790329874.9156072,21037056.0,0.0004707166
1286,1790329894.9158137,21053440.0,0.0004707166
1287,1790329914.915171,21069824.0,0.0007060749
1288,1790329924.917849,21086208.0,0.0002353583
1289,1790329944.916122,21102592.0,0.0004707166
1290,1790329964.9155684,21118976.0,0.0004707166
1291,1790329984.915121,21135360.0,0.0004707166
1292,1790330004.9151194,21151744.0,0.0
1293,1790330014.9181745,21168128.0,0.0004707166
1294,1790330034.918378,21184512.0,0.0
1295,1790330054.9164152,21200896.0,0.0004707166
1296,1790330074.9152863,21217280.0,0.0
1297,1790330094.9160004,21233664.0,0.0
1298,1790330104.9182365,21250048.0,0.0004707166
1299,1790330124.9177291,21266432.0,0.0002353583
1300,1790330144.9159875,21282816.0,0.0004707166
1301,1790330164.9154806,21299200.0,0.0
1302,1790330184.9160886,21315584.0,0.0002353583
1303,1790330204.9166346,21331968.0,0.0004707166
1304,1790330214.9182022,21348352.0,0.0002353583
1305,1790330234.915354,21364736.0,0.0002353583
1306,1790330254.9160306,21381120.0,0.0002353583
1307,1790330274.9158587,21397504.0,0.0007060749
1308,1790330294.9160476,21413888.0,0.0002353583
1309,1790330304.9189117,21430272.0,0.0002353583
1310,1790330324.9171169,21446656.0,0.0002353583
1311,1790330344.9153075,21463040.0,0.0
1312,1790330364.91573,21479424.0,0.0004707166
1313,1790330384.9153793,21495808.0,0.0002353583
1314,1790330394.9179666,21512192.0,0.0
1315,1790330414.918229,21528576.0,0.0004707166
1316,1790330434.915677,21544960.0,0.0002353583
1317,1790330454.9154067,21561344.0,0.0002353583
1318,1790330474.915748,21577728.0,0.0004707166
1319,1790330494.9157302,21594112.0,0.0004707166
1320,1790330504.9184167,21610496.0,0.0007060749
1321,1790330524.9157832,21626880.0,0.0
1322,1790330544.9152317,21643264.0,0.0
1323,1790330564.915585,21659648.0,0.0002353583
1324,1790330584.9160476,21676032.0,0.0
1325,1790330594.9172754,21692416.0,0.0
1326,1790330614.916572,21708800.0,0.0
1327,1790330634.915967,21725184.0,0.0
1328,1790330654.916931,21741568.0,0.0
1329,1790330674.9153306,21757952.0,0.0
1330,1790330684.9185042,21774336.0,0.0
1331,1790330704.9185996,21790720.0,0.0
1332,1790330724.9168353,21807104.0,0.0
1333,1790330744.9158251,21823488.0,0.0
1334,1790330764.916407,21839872.0,0.0
1335,1790330774.9178698,21856256.0,0.0
1336,1790330794.9182727,21872640.0,0.0
1337,1790330814.9174805,21889024.0,0.0002353583
1338,1790330834.915393,21905408.0,0.0
1339,1790330854.9158812,21921792.0,0.0004707166
1340,1790330874.9152162,21938176.0,0.0004707166
1341,1790330884.9175496,21954560.0,0.0002353583
1342,1790330904.9160266,21970944.0,0.0
1343,1790330924.917603,21987328.0,0.0
1344,1790330944.916506,22003712.0,0.0011767915
1345,1790330964.9154823,22020096.0,0.0002353583
1346,1790330974.9177697,22036480.0,0.0004707166
1347,1790330994.9218051,22052864.0,0.0004707166
1348,1790331014.9161282,22069248.0,0.0007060749
1349,1790331034.915659,22085632.0,0.0007060749
1350,1790331054.9154243,22102016.0,0.0002353583
1351,1790331064.9219756,22118400.0,0.0004707166
1352,1790331084.9154222,22134784.0,0.0009414332
1353,1790331104.9168355,22151168.0,0.0004707166
1354,1790331124.9153516,22167552.0,0.0004707166
1355,1790331144.9151778,22183936.0,0.0009414332
1356,1790331154.9184546,22200320.0,0.0009414332
1357,1790331174.9184082,22216704.0,0.0002353583
1358,1790331194.9169178,22233088.0,0.0002353583
1359,1790331214.9155307,22249472.0,0.0004707166
1360,1790331234.9155843,22265856.0,0.0004707166
1361,1790331244.9179723,22282240.0,0.0
1362,1790331264.9176054,22298624.0,0.0
1363,1790331284.9157434,22315008.0,0.0002353583
1364,1790331304.9154675,22331392.0,0.0002353583
1365,1790331324.915901,22347776.0,0.0
1366,1790331334.9183805,22364160.0,0.0
1367,1790331354.9183345,22380544.0,0.0011767915
1368,1790331374.9181204,22396928.0,0.0004707166
1369,1790331394.917025,22413312.0,0.0
1370,1790331414.9155388,22429696.0,0.0
1371,1790331434.915763,22446080.0,0.0
1372,1790331444.9181452,22462464.0,0.0002353583
1373,1790331464.9171743,22478848.0,0.0002353583
1374,1790331484.9156516,22495232.0,0.0
1375,1790331504.9151194,22511616.0,0.0002353583
1376,1790331524.9156702,22528000.0,0.0002353583
1377,1790331544.9155073,22544384.0,0.0
1378,1790331554.9178696,22560768.0,0.0
1379,1790331574.9154105,22577152.0,0.0
1380,1790331594.9153376,22593536.0,0.0
1381,1790331614.9165864,22609920.0,0.0
1382,1790331634.9160607,22626304.0,0.0002353583
1383,1790331644.9225516,22642688.0,0.0002353583
1384,1790331664.9158688,22659072.0,0.0
1385,1790331684.9156127,22675456.0,0.0002353583
1386,1790331704.9158535,22691840.0,0.0002353583
1387,1790331714.9184246,22708224.0,0.0
1388,1790331734.9177,22724608.0,0.0
1389,1790331754.916978,22740992.0,0.0
1390,1790331774.9152465,22757376.0,0.0
1391,1790331794.9162517,22773760.0,0.0
1392,1790331814.9167252,22790144.0,0.0002353583
1393,1790331824.9182992,22806528.0,0.0002353583
1394,1790331844.9151564,22822912.0,0.0002353583
1395,1790331864.9156778,22839296.0,0.0
1396,1790331884.915385,22855680.0,0.0004707166
1397,1790331904.915167,22872064.0,0.0004707166
1398,1790331914.91842,22888448.0,0.0009414332
1399,1790331934.915702,22904832.0,0.0009414332
1400,1790331954.915471,22921216.0,0.0
1401,1790331974.9158354,22937600.0,0.0007060749
1402,1790331994.9153666,22953984.0,0.0004707166
1403,1790332014.9150634,22970368.0,0.0007060749
1404,1790332024.9182162,22986752.0,0.0004707166
1405,1790332044.9155202,23003136.0,0.0009414332
1406,1790332064.915673,23019520.0,0.0004707166
1407,1790332084.9157925,23035904.0,0.0007060749
1408,1790332104.9157388,23052288.0,0.0009414332
1409,1790332124.9162416,23068672.0,0.0
1410,1790332134.9183974,23085056.0,0.0002353583
1411,1790332154.915579,23101440.0,0.0002353583
1412,1790332174.9159656,23117824.0,0.0009414332
1413,1790332194.916666,23134208.0,0.0004707166
1414,1790332214.9155114,23150592.0,0.0002353583
1415,1790332224.918389,23166976.0,0.0
1416,1790332244.9165058,23183360.0,0.0004707166
1417,1790332264.9151115,23199744.0,0.0009414332
1418,1790332284.9158504,23216128.0,0.0004707166
1419,1790332304.9152775,23232512.0,0.0
1420,1790332314.9172254,23248896.0,0.0007060749
1421,1790332334.915527,23265280.0,0.0004707166
1422,1790332354.9161742,23281664.0,0.0002353583
1423,1790332374.9165874,23298048.0,0.0
1424,1790332394.9156458,23314432.0,0.0002353583
1425,1790332414.916445,23330816.0,0.0
1426,1790332424.918084,23347200.0,0.0002353583
1427,1790332444.915243,23363584.0,0.0002353583
1428,1790332464.9160993,23379968.0,0.0004707166
1429,1790332484.915334,23396352.0,0.0002353583
1430,1790332494.918225,23412736.0,0.0002353583
1431,1790332514.9178011,23429120.0,0.0002353583
1432,1790332534.916762,23445504.0,0.0
1433,1790332554.915182,23461888.0,0.0
1434,1790332574.9154804,23478272.0,0.0002353583
1435,1790332584.9170933,23494656.0,0.0002353583
1436,1790332604.9152672,23511040.0,0.0004707166
1437,1790332624.9158914,23527424.0,0.0
1438,1790332644.9174175,23543808.0,0.0002353583
1439,1790332664.9152014,23560192.0,0.0002353583
1440,1790332674.9183571,23576576.0,0.0002353583
1441,1790332694.9183846,23592960.0,0.0007060749
1442,1790332714.915632,23609344.0,0.0002353583
1443,1790332734.915395,23625728.0,0.0002353583
1444,1790332754.9159346,23642112.0,0.0004707166
1445,1790332774.9151971,23658496.0,0.0
1446,1790332784.9154294,23674880.0,0.0002353583
1447,1790332804.9159842,23691264.0,0.0002353583
1448,1790332824.9153414,23707648.0,0.0
1449,1790332844.9173532,23724032.0,0.0004707166
1450,1790332864.9152408,23740416.0,0.0004707166
1451,1790332884.9160173,23756800.0,0.0011767915
1452,1790332894.91739,23773184.0,0.0002353583
1453,1790332914.915589,23789568.0,0.0002353583
1454,1790332934.915707,23805952.0,0.0002353583
1455,1790332954.9158833,23822336.0,0.0004707166
1456,1790332974.9175098,23838720.0,0.0
1457,1790332994.9159095,23855104.0,0.0002353583
1458,1790333004.9180186,23871488.0,0.0007060749
1459,1790333024.9177363,23887872.0,0.0002353583
1460,1790333044.9155807,23904256.0,0.0
1461,1790333064.9153838,23920640.0,0.0
1462,1790333084.9167578,23937024.0,0.0
1463,1790333104.918369,23953408.0,0.0
1464,1790333114.9176848,23969792.0,0.0
1465,1790333134.915561,23986176.0,0.0
1466,1790333154.9180412,24002560.0,0.0004707166
1467,1790333174.9159462,24018944.0,0.0
1468,1790333194.9162238,24035328.0,0.0004707166
1469,1790333214.9174109,24051712.0,0.0
1470,1790333224.915459,24068096.0,0.0
1471,1790333244.9155953,24084480.0,0.0004707166
1472,1790333264.9156437,24100864.0,0.0004707166
1473,1790333284.9151485,24117248.0,0.0002353583
1474,1790333304.915789,24133632.0,0.0002353583
1475,1790333314.9156132,24150016.0,0.0004707166
1476,1790333334.9171135,24166400.0,0.0004707166
1477,1790333354.915621,24182784.0,0.0002353583
1478,1790333374.9150834,24199168.0,0.0002353583
1479,1790333394.915677,24215552.0,0.0004707166
1480,1790333414.915947,24231936.0,0.0004707166
1481,1790333424.917969,24248320.0,0.0002353583
1482,1790333444.9190316,24264704.0,0.0002353583
1483,1790333464.9150765,24281088.0,0.0002353583
1484,1790333484.9171154,24297472.0,0.0
1485,1790333504.9160745,24313856.0,0.0002353583
1486,1790333514.9184124,24330240.0,0.0007060749
1487,1790333534.916926,24346624.0,0.0
1488,1790333554.917173,24363008.0,0.0004707166
1489,1790333574.91536,24379392.0,0.0004707166
1490,1790333594.915141,24395776.0,0.0
1491,1790333604.9177425,24412160.0,0.0002353583
1492,1790333624.9176564,24428544.0,0.0004707166
1493,1790333644.9185252,24444928.0,0.0004707166
1494,1790333664.9157853,24461312.0,0.0
1495,1790333684.915845,24477696.0,0.0
1496,1790333704.9163144,24494080.0,0.0002353583
1497,1790333714.9185398,24510464.0,0.0002353583
1498,1790333734.916862,24526848.0,0.0004707166
1499,1790333754.916644,24543232.0,0.0
1500,1790333774.9156914,24559616.0,0.0
1501,1790333794.9153328,24576000.0,0.0002353583
1502,1790333804.9161012,24592384.0,0.0002353583
1503,1790333824.915022,24608768.0,0.0007060749
1504,1790333844.9168267,24625152.0,0.0002353583
1505,1790333864.915465,24641536.0,0.0007060749
1506,1790333884.9150567,24657920.0,0.0011767915
1507,1790333894.918696,24674304.0,0.0007060749
1508,1790333914.9190216,24690688.0,0.0007060749
1509,1790333934.916217,24707072.0,0.0007060749
1510,1790333954.9151092,24723456.0,0.0
1511,1790333974.9155898,24739840.0,0.0
1512,1790333994.9154062,24756224.0,0.0002353583
1513,1790334004.9183004,24772608.0,0.0
1514,1790334024.918507,24788992.0,0.0
1515,1790334044.9161956,24805376.0,0.0002353583
1516,1790334064.9172914,24821760.0,0.0002353583
1517,1790334084.9156451,24838144.0,0.0
1518,1790334094.9190788,24854528.0,0.0002353583
1519,1790334114.9174678,24870912.0,0.0
1520,1790334134.9155858,24887296.0,0.0004707166
1521,1790334154.915276,24903680.0,0.0007060749
1522,1790334174.9153948,24920064.0,0.0002353583
1523,1790334194.915244,24936448.0,0.0002353583
1524,1790334204.9182498,24952832.0,0.0002353583
1525,1790334224.9187622,24969216.0,0.0002353583
1526,1790334244.9157546,24985600.0,0.0004707166
1527,1790334264.9154067,25001984.0,0.0004707166
1528,1790334284.9156032,25018368.0,0.0002353583
1529,1790334304.9162269,25034752.0,0.0007060749
1530,1790334314.9188309,25051136.0,0.0
1531,1790334334.9170036,25067520.0,0.0002353583
1532,1790334354.915869,25083904.0,0.0004707166
1533,1790334374.9160807,25100288.0,0.0004707166
1534,1790334394.915612,25116672.0,0.0007060749
1535,1790334414.9170723,25133056.0,0.0002353583
1536,1790334424.9184847,25149440.0,0.0004707166
1537,1790334444.9156466,25165824.0,0.0004707166
1538,1790334464.9169364,25182208.0,0.0
1539,1790334484.9181294,25198592.0,0.0002353583
1540,1790334504.9156394,25214976.0,0.0002353583
1541,1790334514.917884,25231360.0,0.0004707166
1542,1790334534.9186902,25247744.0,0.0004707166
1543,1790334554.9156115,25264128.0,0.0004707166
1544,1790334574.9154058,25280512.0,0.0002353583
1545,1790334594.915214,25296896.0,0.0004707166
1546,1790334614.915711,25313280.0,0.0004707166
1547,1790334624.9179804,25329664.0,0.0
1548,1790334644.918351,25346048.0,0.0004707166
1549,1790334664.9155507,25362432.0,0.0002353583
1550,1790334684.9169831,25378816.0,0.0007060749
1551,1790334704.9166725,25395200.0,0.0002353583
1552,1790334714.917616,25411584.0,0.0004707166
1553,1790334734.9181082,25427968.0,0.0002353583
1554,1790334754.9157472,25444352.0,0.0004707166
1555,1790334774.9152708,25460736.0,0.0002353583
1556,1790334794.9173594,25477120.0,0.0004707166
1557,1790334804.917821,25493504.0,0.0
1558,1790334824.9179966,25509888.0,0.0009414332
1559,1790334844.917542,25526272.0,0.0002353583
1560,1790334864.9158642,25542656.0,0.0
1561,1790334884.919038,25559040.0,0.0004707166
1562,1790334904.915324,25575424.0,0.0
1563,1790334914.9187837,25591808.0,0.0002353583
1564,1790334934.9170506,25608192.0,0.0002353583
1565,1790334954.915212,25624576.0,0.0
1566,1790334974.915641,25640960.0,0.0002353583
1567,1790334994.9151857,25657344.0,0.0
1568,1790335004.917827,25673728.0,0.0002353583
1569,1790335024.9154706,25690112.0,0.0004707166
1570,1790335044.9169457,25706496.0,0.0002353583
1571,1790335064.9153433,25722880.0,0.0002353583
1572,1790335084.9162853,25739264.0,0.0002353583
1573,1790335104.9157517,25755648.0,0.0002353583
1574,1790335114.9177594,25772032.0,0.0002353583
1575,1790335134.917165,25788416.0,0.0002353583
1576,1790335154.9152718,25804800.0,0.0002353583
1577,1790335174.91553,25821184.0,0.0009414332
1578,1790335194.9155831,25837568.0,0.0
1579,1790335204.9180472,25853952.0,0.0004707166
1580,1790335224.9177032,25870336.0,0.0004707166
1581,1790335244.91561,25886720.0,0.0009414332
1582,1790335264.9161897,25903104.0,0.0002353583
1583,1790335284.9165373,25919488.0,0.0004707166
1584,1790335294.9183602,25935872.0,0.0004707166
1585,1790335314.918054,25952256.0,0.0002353583
1586,1790335334.9153445,25968640.0,0.0007060749
1587,1790335354.9162564,25985024.0,0.0
1588,1790335374.916299,26001408.0,0.0004707166
1589,1790335384.918454,26017792.0,0.0004707166
1590,1790335404.919392,26034176.0,0.0
1591,1790335424.9159925,26050560.0,0.0
1592,1790335444.9150443,26066944.0,0.0002353583
1593,1790335464.9156394,26083328.0,0.0002353583
1594,1790335484.9165294,26099712.0,0.0002353583
1595,1790335494.9179032,26116096.0,0.0002353583
1596,1790335514.916785,26132480.0,0.0002353583
1597,1790335534.9177055,26148864.0,0.0004707166
1598,1790335554.916336,26165248.0,0.0004707166
1599,1790335574.9176135,26181632.0,0.0002353583
1600,1790335584.918372,26198016.0,0.0
1601,1790335604.9177887,26214400.0,0.0004707166
1602,1790335624.916057,26230784.0,0.0
1603,1790335644.915238,26247168.0,0.0002353583
1604,1790335664.9166725,26263552.0,0.0007060749
1605,1790335684.9156823,26279936.0,0.0004707166
1606,1790335694.918844,26296320.0,0.0002353583
1607,1790335714.918402,26312704.0,0.0009414332
1608,1790335734.9160686,26329088.0,0.0007060749
1609,1790335754.9151757,26345472.0,0.0002353583
1610,1790335774.9164715,26361856.0,0.0002353583
1611,1790335794.9153323,26378240.0,0.0004707166
1612,1790335804.9181564,26394624.0,0.0009414332
1613,1790335824.915375,26411008.0,0.0002353583
1614,1790335844.9167626,26427392.0,0.0
1615,1790335864.9185278,26443776.0,0.0
1616,1790335884.9165814,26460160.0,0.0004707166
1617,1790335894.9185252,26476544.0,0.0
1618,1790335914.918671,26492928.0,0.0002353583
1619,1790335934.91533,26509312.0,0.0002353583
1620,1790335954.9154434,26525696.0,0.0004707166
1621,1790335974.9151423,26542080.0,0.0004707166
1622,1790335994.9161255,26558464.0,0.0004707166
1623,1790336004.916644,26574848.0,0.0002353583
1624,1790336024.9157903,26591232.0,0.0007060749
1625,1790336044.9161017,26607616.0,0.0002353583
1626,1790336064.9158602,26624000.0,0.0
1627,1790336084.9150946,26640384.0,0.0
1628,1790336094.920794,26656768.0,0.0
1629,1790336114.9159875,26673152.0,0.0
1630,1790336134.916062,26689536.0,0.0004707166
1631,1790336154.9175117,26705920.0,0.0002353583
1632,1790336174.9160595,26722304.0,0.0002353583
1633,1790336184.917193,26738688.0,0.0009414332
1634,1790336204.9181898,26755072.0,0.0007060749
1635,1790336224.9154637,26771456.0,0.0004707166
1636,1790336244.9163609,26787840.0,0.0
1637,1790336264.915261,26804224.0,0.0004707166
1638,1790336274.9183288,26820608.0,0.0002353583
1639,1790336294.918361,26836992.0,0.0002353583
1640,1790336314.9155383,26853376.0,0.0007060749
1641,1790336334.9157648,26869760.0,0.0002353583
1642,1790336354.9154084,26886144.0,0.0007060749
1643,1790336374.915546,26902528.0,0.0002353583
1644,1790336384.918816,26918912.0,0.0002353583
1645,1790336404.915371,26935296.0,0.0004707166
1646,1790336424.915499,26951680.0,0.0004707166
1647,1790336444.9163213,26968064.0,0.0009414332
1648,1790336464.915336,26984448.0,0.0002353583
1649,1790336474.9181025,27000832.0,0.0002353583
1650,1790336494.9175217,27017216.0,0.0004707166
1651,1790336514.915517,27033600.0,0.0004707166
1652,1790336534.915314,27049984.0,0.0002353583
1653,1790336554.9159465,27066368.0,0.0
1654,1790336574.9152684,27082752.0,0.0004707166
1655,1790336584.9185803,27099136.0,0.0
1656,1790336604.9199915,27115520.0,0.0002353583
1657,1790336624.9180236,27131904.0,0.0
1658,1790336644.915999,27148288.0,0.0
1659,1790336664.916401,27164672.0,0.0004707166
1660,1790336674.9195356,27181056.0,0.0002353583
1661,1790336694.9175072,27197440.0,0.0004707166
1662,1790336714.9156616,27213824.0,0.0
1663,1790336734.9168622,27230208.0,0.0
1664,1790336754.915562,27246592.0,0.0004707166
1665,1790336764.91889,27262976.0,0.0004707166
1666,1790336784.91878,27279360.0,0.0002353583
1667,1790336804.9158094,27295744.0,0.0
1668,1790336824.9162,27312128.0,0.0002353583
1669,1790336844.9156897,27328512.0,0.0002353583
1670,1790336854.9172113,27344896.0,0.0004707166
1671,1790336874.9194174,27361280.0,0.0007060749
1672,1790336894.9151883,27377664.0,0.0
1673,1790336914.9165237,27394048.0,0.0
1674,1790336934.9179933,27410432.0,0.0002353583
1675,1790336954.915759,27426816.0,0.0
1676,1790336964.918562,27443200.0,0.0004707166
1677,1790336984.9184158,27459584.0,0.0004707166
1678,1790337004.9177103,27475968.0,0.0002353583
1679,1790337024.9157195,27492352.0,0.0002353583
1680,1790337044.9154198,27508736.0,0.0007060749
1681,1790337054.9206767,27525120.0,0.0002353583
1682,1790337074.918883,27541504.0,0.0004707166
1683,1790337094.9167712,27557888.0,0.0002353583
1684,1790337114.9152825,27574272.0,0.0004707166
1685,1790337134.9154058,27590656.0,0.0
1686,1790337144.915106,27607040.0,0.0
1687,1790337164.9179423,27623424.0,0.0002353583
1688,1790337184.9150958,27639808.0,0.0
1689,1790337204.9156,27656192.0,0.0007060749
1690,1790337224.915319,27672576.0,0.0004707166
1691,1790337244.9157643,27688960.0,0.0002353583
1692,1790337254.9183528,27705344.0,0.0
1693,1790337274.915436,27721728.0,0.0011767915
1694,1790337294.9186163,27738112.0,0.0
1695,1790337314.9153357,27754496.0,0.0
1696,1790337334.9160812,27770880.0,0.0007060749
1697,1790337344.9175391,27787264.0,0.0002353583
1698,1790337364.917987,27803648.0,0.0004707166
1699,1790337384.9160502,27820032.0,0.0002353583
1700,1790337404.9160497,27836416.0,0.0002353583
1701,1790337424.9156082,27852800.0,0.0004707166
1702,1790337434.915448,27869184.0,0.0002353583
1703,1790337454.918481,27885568.0,0.0002353583
1704,1790337474.9154456,27901952.0,0.0004707166
1705,1790337494.91581,27918336.0,0.0007060749
1706,1790337514.9156835,27934720.0,0.0011767915
1707,1790337534.915611,27951104.0,0.0002353583
1708,1790337544.9192414,27967488.0,0.0
1709,1790337564.9168885,27983872.0,0.0007060749
1710,1790337584.9169354,28000256.0,0.0002353583
1711,1790337604.91672,28016640.0,0.0
1712,1790337624.9151163,28033024.0,0.0
1713,1790337634.9187794,28049408.0,0.0002353583
1714,1790337654.9186697,28065792.0,0.0004707166
1715,1790337674.9168234,28082176.0,0.0007060749
1716,1790337694.9156082,28098560.0,0.0004707166
1717,1790337714.915735,28114944.0,0.0002353583
1718,1790337724.9183786,28131328.0,0.0004707166
1719,1790337744.9178252,28147712.0,0.0
1720,1790337764.9163392,28164096.0,0.0004707166
1721,1790337784.9155405,28180480.0,0.0
1722,1790337804.9161708,28196864.0,0.0004707166
1723,1790337824.9154058,28213248.0,0.0004707166
1724,1790337834.9184432,28229632.0,0.0002353583
1725,1790337854.9185314,28246016.0,0.0
1726,1790337874.9162614,28262400.0,0.0004707166
1727,1790337894.916064,28278784.0,0.0004707166
1728,1790337914.9164398,28295168.0,0.0
1729,1790337924.9201405,28311552.0,0.0002353583
1730,1790337944.9182246,28327936.0,0.0009414332
1731,1790337964.9157493,28344320.0,0.0002353583
1732,1790337984.917527,28360704.0,0.0002353583
1733,1790338004.9154232,28377088.0,0.0
1734,1790338014.9182942,28393472.0,0.0004707166
1735,1790338034.918528,28409856.0,0.0
1736,1790338054.9156766,28426240.0,0.0002353583
1737,1790338074.9150383,28442624.0,0.0
1738,1790338094.9162056,28459008.0,0.0007060749
1739,1790338114.9153762,28475392.0,0.0002353583
1740,1790338124.9187467,28491776.0,0.0004707166
1741,1790338144.9183185,28508160.0,0.0004707166
1742,1790338164.9156334,28524544.0,0.0
1743,1790338184.9157484,28540928.0,0.0
1744,1790338204.9161048,28557312.0,0.0007060749
1745,1790338214.91959,28573696.0,0.0
1746,1790338234.9195151,28590080.0,0.0004707166
1747,1790338254.91528,28606464.0,0.0004707166
1748,1790338274.9154844,28622848.0,0.0004707166
1749,1790338294.915383,28639232.0,0.0
1750,1790338304.917852,28655616.0,0.0
1751,1790338324.91668,28672000.0,0.0002353583
1752,1790338344.9155424,28688384.0,0.0002353583
1753,1790338364.9172182,28704768.0,0.0
1754,1790338384.9159155,28721152.0,0.0002353583
1755,1790338394.9180572,28737536.0,0.0
1756,1790338414.9179747,28753920.0,0.0002353583
1757,1790338434.915379,28770304.0,0.0
1758,1790338454.9150753,28786688.0,0.0
1759,1790338474.915828,28803072.0,0.0002353583
1760,1790338484.9166005,28819456.0,0.0002353583
1761,1790338504.917525,28835840.0,0.0004707166
1762,1790338524.91525,28852224.0,0.0002353583
1763,1790338544.915819,28868608.0,0.0007060749
1764,1790338564.9155536,28884992.0,0.0
1765,1790338584.9157414,28901376.0,0.0
1766,1790338594.918111,28917760.0,0.0002353583
1767,1790338614.9152794,28934144.0,0.0002353583
1768,1790338634.9154842,28950528.0,0.0
1769,1790338654.9155984,28966912.0,0.0002353583
1770,1790338674.915441,28983296.0,0.0002353583
1771,1790338684.9168563,28999680.0,0.0
1772,1790338704.918918,29016064.0,0.0007060749
1773,1790338724.917152,29032448.0,0.0
1774,1790338744.91531,29048832.0,0.0002353583
1775,1790338764.916106,29065216.0,0.0004707166
1776,1790338784.916169,29081600.0,0.0004707166
1777,1790338794.9214864,29097984.0,0.0009414332
1778,1790338814.9184222,29114368.0,0.0004707166
1779,1790338834.915322,29130752.0,0.0002353583
1780,1790338854.9166722,29147136.0,0.0
1781,1790338874.9154258,29163520.0,0.0002353583
1782,1790338894.9157686,29179904.0,0.0004707166
1783,1790338904.9188008,29196288.0,0.0011767915
1784,1790338924.9163811,29212672.0,0.0009414332
1785,1790338944.915591,29229056.0,0.0
1786,1790338964.9154732,29245440.0,0.0
1787,1790338984.9154625,29261824.0,0.0
1788,1790338994.918187,29278208.0,0.0004707166
1789,1790339014.9159474,29294592.0,0.0
1790,1790339034.9152646,29310976.0,0.0
1791,1790339054.9177604,29327360.0,0.0009414332
1792,1790339074.9156897,29343744.0,0.0007060749
1793,1790339084.9180124,29360128.0,0.0004707166
1794,1790339104.9175773,29376512.0,0.0002353583
1795,1790339124.915557,29392896.0,0.0004707166
1796,1790339144.9159083,29409280.0,0.0007060749
1797,1790339164.9151983,29425664.0,0.0002353583
1798,1790339184.9156,29442048.0,0.0004707166
1799,1790339194.9177282,29458432.0,0.0009414332
1800,1790339214.9169197,29474816.0,0.0002353583
1801,1790339234.9150455,29491200.0,0.0004707166
1802,1790339254.91547,29507584.0,0.0004707166
1803,1790339274.91559,29523968.0,0.0007060749
1804,1790339294.9165251,29540352.0,0.0002353583
1805,1790339304.9188273,29556736.0,0.0002353583
1806,1790339324.9153714,29573120.0,0.0002353583
1807,1790339344.915527,29589504.0,0.0004707166
1808,1790339364.9161675,29605888.0,0.0004707166
1809,1790339374.9185522,29622272.0,0.0004707166
1810,1790339394.918905,29638656.0,0.0007060749
1811,1790339414.915548,29655040.0,0.0004707166
1812,1790339434.9161098,29671424.0,0.0
1813,1790339454.9162707,29687808.0,0.0002353583
1814,1790339474.9148288,29704192.0,0.0
1815,1790339484.9175572,29720576.0,0.0002353583
1816,1790339504.9162204,29736960.0,0.0002353583
1817,1790339524.9167087,29753344.0,0.0007060749
1818,1790339544.9163833,29769728.0,0.0
1819,1790339564.9156575,29786112.0,0.0007060749
1820,1790339574.9179244,29802496.0,0.0
1821,1790339594.917739,29818880.0,0.0002353583
1822,1790339614.915284,29835264.0,0.0
1823,1790339634.9193664,29851648.0,0.0002353583
1824,1790339654.9157686,29868032.0,0.0
1825,1790339674.917939,29884416.0,0.0
1826,1790339684.9183478,29900800.0,0.0002353583
1827,1790339704.9156785,29917184.0,0.0002353583
1828,1790339724.915374,29933568.0,0.0
1829,1790339744.9157236,29949952.0,0.0004707166
1830,1790339764.9153829,29966336.0,0.0
1831,1790339774.9172173,29982720.0,0.0002353583
1832,1790339794.917693,29999104.0,0.0002353583
1833,1790339814.9156244,30015488.0,0.0
1834,1790339834.9153426,30031872.0,0.0
1835,1790339854.91527,30048256.0,0.0
1836,1790339874.9168086,30064640.0,0.0002353583
1837,1790339884.9179356,30081024.0,0.0004707166
1838,1790339904.9155655,30097408.0,0.0004707166
1839,1790339924.915305,30113792.0,0.0007060749
1840,1790339944.9158792,30130176.0,0.0
1841,1790339954.9177873,30146560.0,0.0004707166
1842,1790339974.9178636,30162944.0,0.0002353583
1843,1790339994.9153447,30179328.0,0.0007060749
1844,1790340014.91634,30195712.0,0.0004707166
1845,1790340034.9214113,30212096.0,0.0002353583
1846,1790340054.9156332,30228480.0,0.0002353583
1847,1790340064.9177055,30244864.0,0.0002353583
1848,1790340084.915355,30261248.0,0.0002353583
1849,1790340104.9155793,30277632.0,0.0002353583
1850,1790340124.9152286,30294016.0,0.0009414332
1851,1790340144.9163632,30310400.0,0.0007060749
1852,1790340154.9179115,30326784.0,0.0004707166
1853,1790340174.9181075,30343168.0,0.0007060749
1854,1790340194.9160757,30359552.0,0.0002353583
1855,1790340214.9164402,30375936.0,0.0
1856,1790340234.9156756,30392320.0,0.0
1857,1790340244.919725,30408704.0,0.0
1858,1790340264.9176612,30425088.0,0.0004707166
1859,1790340284.9151754,30441472.0,0.0002353583
1860,1790340304.9153397,30457856.0,0.0
1861,1790340324.9151838,30474240.0,0.0004707166
1862,1790340334.920545,30490624.0,0.0
1863,1790340354.9173856,30507008.0,0.0004707166
1864,1790340374.9155643,30523392.0,0.0
1865,1790340394.915675,30539776.0,0.0004707166
1866,1790340414.9151874,30556160.0,0.0
1867,1790340424.9183145,30572544.0,0.0004707166
1868,1790340444.9151404,30588928.0,0.0004707166
1869,1790340464.9151895,30605312.0,0.0002353583
1870,1790340484.916001,30621696.0,0.0002353583
1871,1790340504.915554,30638080.0,0.0
1872,1790340524.9155097,30654464.0,0.0004707166
1873,1790340534.9175627,30670848.0,0.0
1874,1790340554.9164314,30687232.0,0.0002353583
1875,1790340574.915322,30703616.0,0.0
1876,1790340594.9165924,30720000.0,0.0002353583
1877,1790340614.915735,30736384.0,0.0002353583
1878,1790340624.9188042,30752768.0,0.0
1879,1790340644.9158409,30769152.0,0.0002353583
1880,1790340664.9157684,30785536.0,0.0002353583
1881,1790340684.915773,30801920.0,0.0002353583
1882,1790340704.9158044,30818304.0,0.0
1883,1790340714.9199898,30834688.0,0.0004707166
1884,1790340734.915683,30851072.0,0.0004707166
1885,1790340754.916437,30867456.0,0.0002353583
1886,1790340774.916785,30883840.0,0.0004707166
1887,1790340794.9157312,30900224.0,0.0007060749
1888,1790340804.918785,30916608.0,0.0002353583
1889,1790340824.9177592,30932992.0,0.0002353583
1890,1790340844.9162562,30949376.0,0.0002353583
1891,1790340864.9153488,30965760.0,0.0002353583
1892,1790340884.9156709,30982144.0,0.0004707166
1893,1790340894.918317,30998528.0,0.0002353583
1894,1790340914.916399,31014912.0,0.0002353583
1895,1790340934.9152594,31031296.0,0.0007060749
1896,1790340954.9152226,31047680.0,0.0
1897,1790340974.916023,31064064.0,0.0002353583
1898,1790340984.9183288,31080448.0,0.0004707166
1899,1790341004.916579,31096832.0,0.0004707166
1900,1790341024.9165237,31113216.0,0.0009414332
1901,1790341044.9155898,31129600.0,0.0007060749
1902,1790341064.9168077,31145984.0,0.0004707166
1903,1790341084.9168236,31162368.0,0.0007060749
1904,1790341094.9182158,31178752.0,0.0
1905,1790341114.9199686,31195136.0,0.0002353583
1906,1790341134.9156,31211520.0,0.0002353583
1907,1790341154.9210303,31227904.0,0.0002353583
1908,1790341174.915861,31244288.0,0.0002353583
1909,1790341184.915494,31260672.0,0.0
1910,1790341204.9193852,31277056.0,0.0
1911,1790341224.9157798,31293440.0,0.0007060749
1912,1790341244.9154675,31309824.0,0.0002353583
1913,1790341264.9160862,31326208.0,0.0002353583
1914,1790341284.9169335,31342592.0,0.0
1915,1790341294.9185717,31358976.0,0.0
1916,1790341314.9156363,31375360.0,0.0007060749
1917,1790341334.9153905,31391744.0,0.0002353583
1918,1790341354.9156673,31408128.0,0.0002353583
1919,1790341374.9151366,31424512.0,0.0004707166
1920,1790341384.918541,31440896.0,0.0004707166
1921,1790341404.915695,31457280.0,0.0007060749
1922,1790341424.9155793,31473664.0,0.0002353583
1923,1790341444.915734,31490048.0,0.0002353583
1924,1790341464.915727,31506432.0,0.0002353583
1925,1790341474.91808,31522816.0,0.0002353583
1926,1790341494.9182577,31539200.0,0.0
1927,1790341514.9157078,31555584.0,0.0002353583
1928,1790341534.9161284,31571968.0,0.0002353583
1929,1790341554.9154882,31588352.0,0.0004707166
1930,1790341574.9155457,31604736.0,0.0
1931,1790341584.9183023,31621120.0,0.0004707166
1932,1790341604.9179685,31637504.0,0.0002353583
1933,1790341624.9164598,31653888.0,0.0009414332
1934,1790341644.9163,31670272.0,0.0
1935,1790341664.91668,31686656.0,0.0
1936,1790341684.9153514,31703040.0,0.0002353583
1937,1790341694.918229,31719424.0,0.0
1938,1790341714.9178762,31735808.0,0.0002353583
1939,1790341734.9152808,31752192.0,0.0007060749
1940,1790341754.9153576,31768576.0,0.0004707166
1941,1790341774.917122,31784960.0,0.0
1942,1790341784.9195316,31801344.0,0.0002353583
1943,1790341804.918118,31817728.0,0.0004707166
1944,1790341824.9152029,31834112.0,0.0002353583
1945,1790341844.9157755,31850496.0,0.0002353583
1946,1790341864.9162269,31866880.0,0.0002353583
1947,1790341874.9182396,31883264.0,0.0
1948,1790341894.9191,31899648.0,0.0002353583
1949,1790341914.9157047,31916032.0,0.0002353583
1950,1790341934.9151657,31932416.0,0.0007060749
1951,1790341954.915241,31948800.0,0.0002353583
1952,1790341974.9157915,31965184.0,0.0002353583
1953,1790341984.9173782,31981568.0,0.0002353583
1954,1790342004.9175503,31997952.0,0.0002353583
1955,1790342024.915359,32014336.0,0.0002353583
1956,1790342044.9168174,32030720.0,0.0007060749
1957,1790342064.9154346,32047104.0,0.0
1958,1790342074.91771,32063488.0,0.0002353583
1959,1790342094.9158742,32079872.0,0.0002353583
1960,1790342114.915249,32096256.0,0.0002353583
1961,1790342134.917283,32112640.0,0.0007060749
1962,1790342154.9159634,32129024.0,0.0
1963,1790342164.918403,32145408.0,0.0002353583
1964,1790342184.9190445,32161792.0,0.0002353583
1965,1790342204.9166138,32178176.0,0.0
1966,1790342224.916545,32194560.0,0.0
1967,1790342244.9175787,32210944.0,0.0
1968,1790342264.9172862,32227328.0,0.0
1969,1790342274.9180007,32243712.0,0.0002353583
1970,1790342294.9153216,32260096.0,0.0002353583
1971,1790342314.915305,32276480.0,0.0
1972,1790342334.9165614,32292864.0,0.0002353583
1973,1790342354.91517,32309248.0,0.0004707166
1974,1790342364.917309,32325632.0,0.0002353583
1975,1790342384.9164815,32342016.0,0.0007060749
1976,1790342404.9165747,32358400.0,0.0004707166
1977,1790342424.915846,32374784.0,0.0004707166
1978,1790342444.9153285,32391168.0,0.0004707166
1979,1790342454.918018,32407552.0,0.0002353583
1980,1790342474.9154613,32423936.0,0.0011767915
1981,1790342494.9184556,32440320.0,0.0
1982,1790342514.9155664,32456704.0,0.0002353583
1983,1790342534.9158478,32473088.0,0.0007060749
1984,1790342544.9189804,32489472.0,0.0002353583
1985,1790342564.9184127,32505856.0,0.0
1986,1790342584.91579,32522240.0,0.0004707166
1987,1790342604.9153452,32538624.0,0.0002353583
1988,1790342624.915326,32555008.0,0.0
1989,1790342644.9157228,32571392.0,0.0
1990,1790342654.9183674,32587776.0,0.0007060749
1991,1790342674.91565,32604160.0,0.0
1992,1790342694.9168253,32620544.0,0.0007060749
1993,1790342714.9152448,32636928.0,0.0002353583
1994,1790342734.91576,32653312.0,0.0
1995,1790342744.9175713,32669696.0,0.0
1996,1790342764.9180262,32686080.0,0.0002353583
1997,1790342784.915903,32702464.0,0.0
1998,1790342804.9154077,32718848.0,0.0
1999,1790342824.9155798,32735232.0,0.0009414332
2000,1790342834.9186692,32751616.0,0.0004707166
2001,1790342854.9175634,32768000.0,0.0
2002,1790342874.9154754,32784384.0,0.0
2003,1790342894.9155445,32800768.0,0.0002353583
2004,1790342914.915522,32817152.0,0.0
2005,1790342934.918247,32833536.0,0.0
2006,1790342944.9189851,32849920.0,0.0
2007,1790342964.9167297,32866304.0,0.0009414332
2008,1790342984.9186044,32882688.0,0.0
2009,1790343004.9156313,32899072.0,0.0
2010,1790343024.9153323,32915456.0,0.0007060749
2011,1790343034.9184294,32931840.0,0.0
2012,1790343054.9158063,32948224.0,0.0
2013,1790343074.9153223,32964608.0,0.0
2014,1790343094.9156623,32980992.0,0.0
2015,1790343114.9158492,32997376.0,0.0007060749
2016,1790343124.9178889,33013760.0,0.0004707166
2017,1790343144.9184244,33030144.0,0.0
2018,1790343164.9154303,33046528.0,0.0002353583
2019,1790343184.9152994,33062912.0,0.0
2020,1790343204.915589,33079296.0,0.0
2021,1790343214.9179046,33095680.0,0.0004707166
2022,1790343234.9183724,33112064.0,0.0002353583
2023,1790343254.9155483,33128448.0,0.0002353583
2024,1790343274.915437,33144832.0,0.0
2025,1790343294.915166,33161216.0,0.0011767915
2026,1790343314.91564,33177600.0,0.0002353583
2027,1790343324.9177315,33193984.0,0.0002353583
2028,1790343344.9169452,33210368.0,0.0
2029,1790343364.9184248,33226752.0,0.0
2030,1790343384.9155936,33243136.0,0.0002353583
2031,1790343404.9151485,33259520.0,0.0009414332
2032,1790343424.9159386,33275904.0,0.0004707166
2033,1790343434.918263,33292288.0,0.0002353583
2034,1790343454.915516,33308672.0,0.0002353583
2035,1790343474.9153762,33325056.0,0.0002353583
2036,1790343494.9161851,33341440.0,0.0002353583
2037,1790343514.9160628,33357824.0,0.0
2038,1790343524.9187317,33374208.0,0.0002353583
2039,1790343544.9167144,33390592.0,0.0
2040,1790343564.9160056,33406976.0,0.0004707166
2041,1790343584.9158573,33423360.0,0.0002353583
2042,1790343604.9154687,33439744.0,0.0002353583
2043,1790343614.9203515,33456128.0,0.0
2044,1790343634.91733,33472512.0,0.0
2045,1790343654.916156,33488896.0,0.0004707166
2046,1790343674.9163232,33505280.0,0.0
2047,1790343694.9153318,33521664.0,0.0009414332
2048,1790343704.917603,33538048.0,0.0004707166
2049,1790343724.91761,33554432.0,0.0002353583
2050,1790343744.9163234,33570816.0,0.0002353583
2051,1790343764.9157135,33587200.0,0.0007060749
2052,1790343784.9153063,33603584.0,0.0002353583
2053,1790343804.9157104,33619970.0,0.0002353583
2054,1790343814.9186814,33636350.0,0.0
2055,1790343834.9161663,33652736.0,0.0
2056,1790343854.915532,33669120.0,0.0
2057,1790343874.9157135,33685504.0,0.0
2058,1790343894.9159815,33701890.0,0.0007060749
2059,1790343904.9202204,33718270.0,0.0007060749
2060,1790343924.9163904,33734656.0,0.0004707166
2061,1790343944.9153502,33751040.0,0.0
2062,1790343964.915862,33767424.0,0.0007060749
2063,1790343984.9172225,33783810.0,0.0
2064,1790344004.9166307,33800190.0,0.0004707166
2065,1790344014.9181323,33816576.0,0.0004707166
2066,1790344034.9154742,33832960.0,0.0
2067,1790344054.9161775,33849344.0,0.0002353583
2068,1790344074.915782,33865730.0,0.0004707166
2069,1790344094.9151433,33882110.0,0.0007060749
2070,1790344104.9153285,33898496.0,0.0002353583
2071,1790344124.9157636,33914880.0,0.0004707166
2072,1790344144.916047,33931264.0,0.0004707166
2073,1790344164.917652,33947650.0,0.0002353583
2074,1790344184.915738,33964030.0,0.0007060749
2075,1790344194.91708,33980416.0,0.0002353583
2076,1790344214.9169705,33996800.0,0.0002353583
2077,1790344234.9155734,34013184.0,0.0009414332
2078,1790344254.9160063,34029570.0,0.0002353583
2079,1790344274.915751,34045950.0,0.0004707166
2080,1790344284.918748,34062336.0,0.0002353583
2081,1790344304.9173584,34078720.0,0.0004707166
2082,1790344324.9169614,34095104.0,0.0002353583
2083,1790344344.9155817,34111490.0,0.0011767915
2084,1790344364.917169,34127870.0,0.0002353583
2085,1790344384.9158468,34144256.0,0.0
2086,1790344394.918869,34160640.0,0.0004707166
2087,1790344414.9190612,34177024.0,0.0002353583
2088,1790344434.91531,34193410.0,0.0007060749
2089,1790344454.917039,34209790.0,0.0002353583
2090,1790344474.915998,34226176.0,0.0002353583
2091,1790344484.9174068,34242560.0,0.0002353583
2092,1790344504.918789,34258944.0,0.0002353583
2093,1790344524.915487,34275330.0,0.0007060749
2094,1790344544.915562,34291710.0,0.0002353583
2095,1790344564.9185507,34308096.0,0.0002353583
2096,1790344574.9180305,34324480.0,0.0
2097,1790344594.9171882,34340864.0,0.0004707166
2098,1790344614.9162076,34357250.0,0.0002353583
2099,1790344634.915418,34373630.0,0.0004707166
2100,1790344654.916828,34390016.0,0.0
2101,1790344674.9153583,34406400.0,0.0007060749
2102,1790344684.9168794,34422784.0,0.0004707166
2103,1790344704.919407,34439170.0,0.0009414332
2104,1790344724.915388,34455550.0,0.0007060749
2105,1790344744.917802,34471936.0,0.0002353583
2106,1790344764.9164937,34488320.0,0.0009414332
2107,1790344774.9179287,34504704.0,0.0002353583
2108,1790344794.9181104,34521090.0,0.0007060749
2109,1790344814.9162767,34537470.0,0.0002353583
2110,1790344834.9167523,34553856.0,0.0009414332
2111,1790344854.915373,34570240.0,0.0
2112,1790344874.9159608,34586624.0,0.0009414332
2113,1790344884.918052,34603010.0,0.0
2114,1790344904.9191077,34619390.0,0.0002353583
2115,1790344924.915869,34635776.0,0.0009414332
2116,1790344944.9153948,34652160.0,0.0009414332
2117,1790344964.9157157,34668544.0,0.0
2118,1790344974.917411,34684930.0,0.0002353583
2119,1790344994.9180927,34701310.0,0.0004707166
2120,1790345014.9161582,34717696.0,0.0002353583
2121,1790345034.9178948,34734080.0,0.0002353583
2122,1790345054.916232,34750464.0,0.0002353583
2123,1790345064.9176502,34766850.0,0.0002353583
2124,1790345084.9182267,34783230.0,0.0002353583
2125,1790345104.917378,34799616.0,0.0007060749
2126,1790345124.915265,34816000.0,0.0
2127,1790345144.9166036,34832384.0,0.0
2128,1790345164.9161968,34848770.0,0.0002353583
2129,1790345174.9184375,34865150.0,0.0002353583
2130,1790345194.9152074,34881536.0,0.0004707166
2131,1790345214.915245,34897920.0,0.0004707166
2132,1790345234.9151957,34914304.0,0.0007060749
2133,1790345254.9152417,34930690.0,0.0
2134,1790345274.915559,34947070.0,0.0007060749
2135,1790345284.917776,34963456.0,0.0002353583
2136,1790345304.915243,34979840.0,0.0
2137,1790345324.9152503,34996224.0,0.0004707166
2138,1790345344.9176111,35012610.0,0.0002353583
2139,1790345364.9157772,35028990.0,0.0002353583
2140,1790345374.918307,35045376.0,0.0
2141,1790345394.9159634,35061760.0,0.0009414332
2142,1790345414.918242,35078144.0,0.0002353583
2143,1790345434.9162867,35094530.0,0.0002353583
2144,1790345454.9156473,35110910.0,0.0
2145,1790345474.9171784,35127296.0,0.0002353583
2146,1790345484.9167943,35143680.0,0.0
2147,1790345504.9167376,35160064.0,0.0002353583
2148,1790345524.9154692,35176450.0,0.0009414332
2149,1790345544.916156,35192830.0,0.0007060749
2150,1790345564.915513,35209216.0,0.0002353583
2151,1790345574.918343,35225600.0,0.0002353583
2152,1790345594.9171848,35241984.0,0.0007060749
2153,1790345614.9155324,35258370.0,0.0002353583
2154,1790345634.915515,35274750.0,0.0004707166
2155,1790345654.916425,35291136.0,0.0
2156,1790345664.9181924,35307520.0,0.0002353583
2157,1790345684.9181943,35323904.0,0.0
2158,1790345704.9150226,35340290.0,0.0004707166
2159,1790345724.9154203,35356670.0,0.0002353583
2160,1790345744.915712,35373056.0,0.0002353583
2161,1790345764.915677,35389440.0,0.0007060749
2162,1790345774.9187224,35405824.0,0.0002353583
2163,1790345794.9184768,35422210.0,0.0002353583
2164,1790345814.9192562,35438590.0,0.0
2165,1790345834.9163413,35454976.0,0.0004707166
2166,1790345854.9154572,35471360.0,0.0004707166
2167,1790345864.9186263,35487744.0,0.0004707166
2168,1790345884.9198728,35504130.0,0.0004707166
2169,1790345904.915573,35520510.0,0.0007060749
2170,1790345924.9158366,35536896.0,0.0004707166
2171,1790345944.9157302,35553280.0,0.0002353583
2172,1790345964.915422,35569664.0,0.0
2173,1790345984.9166114,35586050.0,0.0007060749
2174,1790345994.9194283,35602430.0,0.0002353583
2175,1790346014.9171672,35618816.0,0.0002353583
2176,1790346034.9185808,35635200.0,0.0007060749
2177,1790346054.9161673,35651584.0,0.0002353583
2178,1790346064.9184437,35667970.0,0.0004707166
2179,1790346084.9185567,35684350.0,0.0004707166
2180,1790346104.9162345,35700736.0,0.0
2181,1790346124.916747,35717120.0,0.0009414332
2182,1790346144.9165273,35733504.0,0.0004707166
2183,1790346154.9180725,35749890.0,0.0004707166
2184,1790346174.9183035,35766270.0,0.0
2185,1790346194.916123,35782656.0,0.0007060749
2186,1790346214.9156508,35799040.0,0.0
2187,1790346234.91582,35815424.0,0.0002353583
2188,1790346254.9150624,35831810.0,0.0
2189,1790346264.9182675,35848190.0,0.0
2190,1790346284.9161785,35864576.0,0.0004707166
2191,1790346304.91513,35880960.0,0.0
2192,1790346324.9156916,35897344.0,0.0007060749
2193,1790346344.9156263,35913730.0,0.0009414332
2194,1790346354.9185824,35930110.0,0.0002353583
2195,1790346374.9177625,35946496.0,0.0
2196,1790346394.9157524,35962880.0,0.0009414332
2197,1790346414.9177213,35979264.0,0.0002353583
2198,1790346434.9152162,35995650.0,0.0
2199,1790346454.9155574,36012030.0,0.0
2200,1790346464.9194143,36028416.0,0.0002353583
2201,1790346484.915275,36044800.0,0.0002353583
2202,1790346504.9154425,36061184.0,0.0007060749
2203,1790346524.91522,36077570.0,0.0009414332
2204,1790346544.9178417,36093950.0,0.0004707166
2205,1790346554.9178507,36110336.0,0.0004707166
2206,1790346574.9154522,36126720.0,0.0002353583
2207,1790346594.9173322,36143104.0,0.0002353583
2208,1790346614.9156246,36159490.0,0.0011767915
2209,1790346634.915415,36175870.0,0.0004707166
2210,1790346644.917668,36192256.0,0.0004707166
2211,1790346664.9163437,36208640.0,0.0
2212,1790346684.9171257,36225024.0,0.0004707166
2213,1790346704.9175167,36241410.0,0.0007060749
2214,1790346724.9159122,36257790.0,0.0002353583
2215,1790346734.9184637,36274176.0,0.0004707166
2216,1790346754.9199052,36290560.0,0.0002353583
2217,1790346774.9160094,36306944.0,0.0004707166
2218,1790346794.9165986,36323330.0,0.0002353583
2219,1790346814.915539,36339710.0,0.0002353583
2220,1790346834.9155138,36356096.0,0.0009414332
2221,1790346844.9181676,36372480.0,0.0
2222,1790346864.9180808,36388864.0,0.0002353583
2223,1790346884.9156551,36405250.0,0.0007060749
2224,1790346904.9155252,36421630.0,0.0
2225,1790346924.9158137,36438016.0,0.0007060749
2226,1790346944.9170218,36454400.0,0.0002353583
2227,1790346954.916673,36470784.0,0.0007060749
2228,1790346974.9153247,36487170.0,0.0004707166
2229,1790346994.9151082,36503550.0,0.0004707166
2230,1790347014.9159713,36519936.0,0.0
2231,1790347034.9154675,36536320.0,0.0
2232,1790347044.9185743,36552704.0,0.0004707166
2233,1790347064.915895,36569090.0,0.0002353583
2234,1790347084.9152832,36585470.0,0.0004707166
2235,1790347104.9157472,36601856.0,0.0004707166
2236,1790347124.9168303,36618240.0,0.0004707166
2237,1790347134.9191272,36634624.0,0.0
2238,1790347154.9154396,36651010.0,0.0
2239,1790347174.9151573,36667390.0,0.0007060749
2240,1790347194.9156814,36683776.0,0.0009414332
2241,1790347214.9163115,36700160.0,0.0002353583
2242,1790347224.918795,36716544.0,0.0002353583
2243,1790347244.917064,36732930.0,0.0007060749
2244,1790347264.9155571,36749310.0,0.0002353583
2245,1790347284.9160554,36765696.0,0.0009414332
2246,1790347304.9161863,36782080.0,0.0002353583
2247,1790347314.9176447,36798464.0,0.0002353583
2248,1790347334.9184415,36814850.0,0.0007060749
2249,1790347354.9154143,36831230.0,0.0002353583
2250,1790347374.9155347,36847616.0,0.0002353583
2251,1790347394.9162352,36864000.0,0.0002353583
2252,1790347414.915674,36880384.0,0.0004707166
2253,1790347424.9175043,36896770.0,0.0002353583
2254,1790347444.9164164,36913150.0,0.0
2255,1790347464.9153447,36929536.0,0.0002353583
2256,1790347484.9152153,36945920.0,0.0002353583
2257,1790347504.9159174,36962304.0,0.0002353583
2258,1790347524.9164774,36978690.0,0.0004707166
2259,1790347534.9173412,36995070.0,0.0002353583
2260,1790347554.915163,37011456.0,0.0
2261,1790347574.9161885,37027840.0,0.0002353583
2262,1790347594.915474,37044224.0,0.0
2263,1790347604.9182014,37060610.0,0.0011767915
2264,1790347624.9163787,37076990.0,0.0002353583
2265,1790347644.9164803,37093376.0,0.0002353583
2266,1790347664.915325,37109760.0,0.0002353583
2267,1790347684.91533,37126144.0,0.0007060749
2268,1790347704.915664,37142530.0,0.0004707166
2269,1790347714.9171758,37158910.0,0.0007060749
2270,1790347734.9156096,37175296.0,0.0004707166
2271,1790347754.915467,37191680.0,0.0002353583
2272,1790347774.915661,37208064.0,0.0002353583
2273,1790347784.9196188,37224450.0,0.0004707166
2274,1790347804.9188766,37240830.0,0.0007060749
2275,1790347824.9159176,37257216.0,0.0
2276,1790347844.9152792,37273600.0,0.0002353583
2277,1790347864.915939,37289984.0,0.0009414332
2278,1790347884.9158745,37306370.0,0.0002353583
2279,1790347894.9186857,37322750.0,0.0002353583
2280,1790347914.9153178,37339136.0,0.0002353583
2281,1790347934.9156258,37355520.0,0.0007060749
2282,1790347954.9183009,37371904.0,0.0
2283,1790347974.915805,37388290.0,0.0004707166
2284,1790347984.917725,37404670.0,0.0
2285,1790348004.9152586,37421056.0,0.0004707166
2286,1790348024.915504,37437440.0,0.0004707166
2287,1790348044.9151633,37453824.0,0.0
2288,1790348064.9158213,37470210.0,0.0002353583
2289,1790348074.9191916,37486590.0,0.0004707166
2290,1790348094.9162042,37502976.0,0.0004707166
2291,1790348114.9153674,37519360.0,0.0002353583
2292,1790348134.9189217,37535744.0,0.0011767915
2293,1790348154.9162755,37552130.0,0.0004707166
2294,1790348164.919243,37568510.0,0.0011767915
2295,1790348184.91789,37584896.0,0.0
2296,1790348204.915161,37601280.0,0.0004707166
2297,1790348224.9152114,37617664.0,0.0004707166
2298,1790348244.9156592,37634050.0,0.0002353583
2299,1790348264.9154737,37650430.0,0.0002353583
2300,1790348274.9182024,37666816.0,0.0
2301,1790348294.9173815,37683200.0,0.0007060749
2302,1790348314.9160533,37699584.0,0.0004707166
2303,1790348334.9153285,37715970.0,0.0002353583
2304,1790348354.9174628,37732350.0,0.0
2305,1790348364.9179146,37748736.0,0.0
2306,1790348384.9188895,37765120.0,0.0
2307,1790348404.9160826,37781504.0,0.0002353583
2308,1790348424.9171393,37797890.0,0.0
2309,1790348444.915516,37814270.0,0.0004707166
2310,1790348454.918712,37830656.0,0.0009414332
2311,1790348474.9182591,37847040.0,0.0004707166
2312,1790348494.9149456,37863424.0,0.0002353583
2313,1790348514.915785,37879810.0,0.0002353583
2314,1790348534.9158244,37896190.0,0.0002353583
2315,1790348554.9152305,37912576.0,0.0007060749
2316,1790348564.9159198,37928960.0,0.0
2317,1790348584.916244,37945344.0,0.0004707166
2318,1790348604.916788,37961730.0,0.0002353583
2319,1790348624.9170084,37978110.0,0.0002353583
2320,1790348644.9155605,37994496.0,0.0
2321,1790348654.9180534,38010880.0,0.0007060749
2322,1790348674.9176297,38027264.0,0.0002353583
2323,1790348694.9157803,38043650.0,0.0
2324,1790348714.91537,38060030.0,0.0
2325,1790348734.9188564,38076416.0,0.0
2326,1790348744.9182951,38092800.0,0.0
2327,1790348764.918084,38109184.0,0.0
2328,1790348784.9173725,38125570.0,0.0
2329,1790348804.916391,38141950.0,0.0
2330,1790348824.9166954,38158336.0,0.0
2331,1790348844.9157248,38174720.0,0.0002353583
2332,1790348854.9182336,38191104.0,0.0002353583
2333,1790348874.918612,38207490.0,0.0004707166
2334,1790348894.9160202,38223870.0,0.0004707166
2335,1790348914.9170284,38240256.0,0.0009414332
2336,1790348934.9152305,38256640.0,0.0004707166
2337,1790348944.9153993,38273024.0,0.0002353583
2338,1790348964.918062,38289410.0,0.0002353583
2339,1790348984.9158976,38305790.0,0.0
2340,1790349004.9155817,38322176.0,0.0004707166
2341,1790349024.9170198,38338560.0,0.0009414332
2342,1790349044.9152634,38354944.0,0.0004707166
2343,1790349054.9180255,38371330.0,0.0004707166
2344,1790349074.9151523,38387710.0,0.0
2345,1790349094.9166255,38404096.0,0.0004707166
2346,1790349114.9154575,38420480.0,0.0011767915
2347,1790349134.919131,38436864.0,0.0002353583
2348,1790349144.918465,38453250.0,0.0002353583
2349,1790349164.9180615,38469630.0,0.0004707166
2350,1790349184.9163046,38486016.0,0.0004707166
2351,1790349204.9159365,38502400.0,0.0009414332
2352,1790349224.9168048,38518784.0,0.0002353583
2353,1790349244.9161086,38535170.0,0.0
2354,1790349254.917512,38551550.0,0.0004707166
2355,1790349274.9178042,38567936.0,0.0004707166
2356,1790349294.9154718,38584320.0,0.0002353583
2357,1790349314.9156418,38600704.0,0.0002353583
2358,1790349334.9159336,38617090.0,0.0002353583
2359,1790349344.9187348,38633470.0,0.0002353583
2360,1790349364.9180057,38649856.0,0.0002353583
2361,1790349384.9167469,38666240.0,0.0002353583
2362,1790349404.915365,38682624.0,0.0011767915
2363,1790349424.9160326,38699010.0,0.0
2364,1790349444.916002,38715390.0,0.0002353583
2365,1790349454.918759,38731776.0,0.0011767915
2366,1790349474.9155414,38748160.0,0.0002353583
2367,1790349494.916388,38764544.0,0.0004707166
2368,1790349514.915633,38780930.0,0.0004707166
2369,1790349534.9158304,38797310.0,0.0002353583
2370,1790349544.9178915,38813696.0,0.0002353583
2371,1790349564.9184675,38830080.0,0.0
2372,1790349584.9151518,38846464.0,0.0002353583
2373,1790349604.9154782,38862850.0,0.0007060749
2374,1790349624.9168084,38879230.0,0.0004707166
2375,1790349644.9154978,38895616.0,0.0004707166
2376,1790349654.9177852,38912000.0,0.0
2377,1790349674.9172266,38928384.0,0.0002353583
2378,1790349694.916307,38944770.0,0.0
2379,1790349714.9154856,38961150.0,0.0002353583
2380,1790349734.9163415,38977536.0,0.0004707166
2381,1790349744.9177682,38993920.0,0.0002353583
2382,1790349764.915438,39010304.0,0.0004707166
2383,1790349784.9156554,39026690.0,0.0004707166
2384,1790349804.9182312,39043070.0,0.0002353583
2385,1790349824.9154074,39059456.0,0.0002353583
2386,1790349834.917756,39075840.0,0.0002353583
2387,1790349854.9185762,39092224.0,0.0004707166
2388,1790349874.9153852,39108610.0,0.0004707166
2389,1790349894.916269,39124990.0,0.0004707166
2390,1790349914.91564,39141376.0,0.0
2391,1790349934.9152842,39157760.0,0.0002353583
2392,1790349944.9182966,39174144.0,0.0002353583
2393,1790349964.9157612,39190530.0,0.0004707166
2394,1790349984.9154916,39206910.0,0.0002353583
2395,1790350004.9154906,39223296.0,0.0002353583
2396,1790350024.9161062,39239680.0,0.0009414332
2397,1790350044.9172795,39256064.0,0.0
2398,1790350054.9176383,39272450.0,0.0004707166
2399,1790350074.9159875,39288830.0,0.0007060749
2400,1790350094.9159117,39305216.0,0.0002353583
2401,1790350114.9154186,39321600.0,0.0
2402,1790350134.915336,39337984.0,0.0
2403,1790350144.9184172,39354370.0,0.0002353583
2404,1790350164.9161687,39370750.0,0.0
2405,1790350184.918618,39387136.0,0.0
2406,1790350204.9169002,39403520.0,0.0004707166
2407,1790350224.9173694,39419904.0,0.0
2408,1790350234.918027,39436290.0,0.0
2409,1790350254.915624,39452670.0,0.0002353583
2410,1790350274.9159951,39469056.0,0.0004707166
2411,1790350294.9153812,39485440.0,0.0007060749
2412,1790350314.9159284,39501824.0,0.0002353583
2413,1790350324.9176118,39518210.0,0.0
2414,1790350344.9153364,39534590.0,0.0004707166
2415,1790350364.9159155,39550976.0,0.0004707166
2416,1790350384.915207,39567360.0,0.0009414332
2417,1790350404.9162407,39583744.0,0.0002353583
2418,1790350424.9165835,39600130.0,0.0002353583
2419,1790350434.9182477,39616510.0,0.0
2420,1790350454.9180777,39632896.0,0.0004707166
2421,1790350474.9157288,39649280.0,0.0004707166
2422,1790350494.9178224,39665664.0,0.0002353583
2423,1790350514.9152098,39682050.0,0.0002353583
2424,1790350534.9155786,39698430.0,0.0004707166
2425,1790350544.9184012,39714816.0,0.0004707166
2426,1790350564.9155538,39731200.0,0.0
2427,1790350584.9171824,39747584.0,0.0
2428,1790350604.9171762,39763970.0,0.0
2429,1790350624.9160428,39780350.0,0.0
2430,1790350634.918425,39796736.0,0.0004707166
2431,1790350654.91812,39813120.0,0.0004707166
2432,1790350674.9155955,39829504.0,0.0002353583
2433,1790350694.917188,39845890.0,0.0014121498
2434,1790350714.9152806,39862270.0,0.0009414332
2435,1790350734.915572,39878656.0,0.0002353583
2436,1790350744.9164026,39895040.0,0.0
2437,1790350764.917049,39911424.0,0.0009414332
2438,1790350784.9154751,39927810.0,0.0
2439,1790350804.915452,39944190.0,0.0007060749
2440,1790350824.916948,39960576.0,0.0
2441,1790350844.9169147,39976960.0,0.0004707166
2442,1790350854.9182243,39993344.0,0.0002353583
2443,1790350874.915193,40009730.0,0.0002353583
2444,1790350894.9188268,40026110.0,0.0
2445,1790350914.9155858,40042496.0,0.0002353583
2446,1790350934.9166243,40058880.0,0.0007060749
2447,1790350944.9179976,40075264.0,0.0007060749
2448,1790350964.9186354,40091650.0,0.0002353583
2449,1790350984.9167817,40108030.0,0.0002353583
2450,1790351004.9152431,40124416.0,0.0002353583
2451,1790351024.9167442,40140800.0,0.0
2452,1790351034.9188244,40157184.0,0.0004707166
2453,1790351054.9181442,40173570.0,0.0
2454,1790351074.9171157,40189950.0,0.0002353583
2455,1790351094.9150417,40206336.0,0.0
2456,1790351114.915979,40222720.0,0.0002353583
2457,1790351134.9152975,40239104.0,0.0002353583
2458,1790351144.9183977,40255490.0,0.0002353583
2459,1790351164.917823,40271870.0,0.0
2460,1790351184.9152436,40288256.0,0.0002353583
2461,1790351204.9153905,40304640.0,0.0
2462,1790351224.9182525,40321024.0,0.0004707166
2463,1790351244.9155705,40337410.0,0.0002353583
2464,1790351254.9181125,40353790.0,0.0
2465,1790351274.9154842,40370176.0,0.0011767915
2466,1790351294.915349,40386560.0,0.0002353583
2467,1790351314.9153037,40402944.0,0.0
2468,1790351334.9153998,40419330.0,0.0002353583
2469,1790351344.9179635,40435710.0,0.0004707166
2470,1790351364.9172952,40452096.0,0.0002353583
2471,1790351384.9153745,40468480.0,0.0004707166
2472,1790351404.9154396,40484864.0,0.0002353583
2473,1790351424.9151762,40501250.0,0.0002353583
2474,1790351444.9159627,40517630.0,0.0007060749
2475,1790351454.9183545,40534016.0,0.0009414332
2476,1790351474.9164982,40550400.0,0.0004707166
2477,1790351494.9153771,40566784.0,0.0002353583
2478,1790351514.915459,40583170.0,0.0
2479,1790351534.915678,40599550.0,0.0
2480,1790351544.9176488,40615936.0,0.0002353583
2481,1790351564.918021,40632320.0,0.0
2482,1790351584.915346,40648704.0,0.0002353583
2483,1790351604.9168797,40665090.0,0.0002353583
2484,1790351624.9164546,40681470.0,0.0
2485,1790351634.9182534,40697856.0,0.0007060749
2486,1790351654.918255,40714240.0,0.0
2487,1790351674.9177744,40730624.0,0.0004707166
2488,1790351694.916141,40747010.0,0.0004707166
2489,1790351714.916683,40763390.0,0.0
2490,1790351734.9183407,40779776.0,0.0002353583
2491,1790351744.9186704,40796160.0,0.0004707166
2492,1790351764.9198914,40812544.0,0.0007060749
2493,1790351784.915449,40828930.0,0.0002353583
2494,1790351804.9162817,40845310.0,0.0
2495,1790351824.915642,40861696.0,0.0002353583
2496,1790351844.9151893,40878080.0,0.0002353583
2497,1790351854.9181006,40894464.0,0.0002353583
2498,1790351874.9177227,40910850.0,0.0002353583
2499,1790351894.915673,40927230.0,0.0
2500,1790351914.9151535,40943616.0,0.0014121498
2501,1790351934.915402,40960000.0,0.0009414332
2502,1790351954.916272,40976384.0,0.0004707166
2503,1790351964.9177458,40992770.0,0.0007060749
2504,1790351984.9180405,41009150.0,0.0007060749
2505,1790352004.9155612,41025536.0,0.0007060749
2506,1790352024.916682,41041920.0,0.0
2507,1790352044.9171183,41058304.0,0.0007060749
2508,1790352064.915425,41074690.0,0.0
2509,1790352074.917791,41091070.0,0.0004707166
2510,1790352094.9157588,41107456.0,0.0
2511,1790352114.916142,41123840.0,0.0002353583
2512,1790352134.9171877,41140224.0,0.0007060749
2513,1790352154.9163032,41156610.0,0.0002353583
2514,1790352164.918311,41172990.0,0.0004707166
2515,1790352184.9182422,41189376.0,0.0002353583
2516,1790352204.9162838,41205760.0,0.0007060749
2517,1790352224.9151776,41222144.0,0.0002353583
2518,1790352244.9160285,41238530.0,0.0009414332
2519,1790352264.9154935,41254910.0,0.0004707166
2520,1790352274.916965,41271296.0,0.0002353583
2521,1790352294.9156086,41287680.0,0.0002353583
2522,1790352314.9167788,41304064.0,0.0002353583
2523,1790352334.917893,41320450.0,0.0007060749
2524,1790352354.9194963,41336830.0,0.0002353583
2525,1790352364.9178352,41353216.0,0.0004707166
2526,1790352384.918533,41369600.0,0.0002353583
2527,1790352404.9153872,41385984.0,0.0007060749
2528,1790352424.915794,41402370.0,0.0004707166
2529,1790352444.9175296,41418750.0,0.0007060749
2530,1790352464.915529,41435136.0,0.0007060749
2531,1790352474.9190214,41451520.0,0.0002353583
2532,1790352494.915797,41467904.0,0.0004707166
2533,1790352514.9162724,41484290.0,0.0002353583
2534,1790352534.9156077,41500670.0,0.0
2535,1790352554.916306,41517056.0,0.0
2536,1790352574.9176154,41533440.0,0.0004707166
2537,1790352584.9179382,41549824.0,0.0
2538,1790352604.918078,41566210.0,0.0
2539,1790352624.915531,41582590.0,0.0002353583
2540,1790352644.9156034,41598976.0,0.0002353583
2541,1790352664.9159436,41615360.0,0.0004707166
2542,1790352674.9181762,41631744.0,0.0002353583
2543,1790352694.9184625,41648130.0,0.0002353583
2544,1790352714.9155242,41664510.0,0.0007060749
2545,1790352734.915192,41680896.0,0.0002353583
2546,1790352754.9152894,41697280.0,0.0004707166
2547,1790352774.915884,41713664.0,0.0002353583
2548,1790352784.9186635,41730050.0,0.0004707166
2549,1790352804.9159887,41746430.0,0.0002353583
2550,1790352824.916084,41762816.0,0.0009414332
2551,1790352844.91539,41779200.0,0.0007060749
2552,1790352864.915558,41795584.0,0.0002353583
2553,1790352874.9183662,41811970.0,0.0002353583
2554,1790352894.9178944,41828350.0,0.0007060749
2555,1790352914.9162705,41844736.0,0.0002353583
2556,1790352934.9164462,41861120.0,0.0009414332
2557,1790352954.915419,41877504.0,0.0
2558,1790352974.9156735,41893890.0,0.0002353583
2559,1790352984.9182673,41910270.0,0.0009414332
2560,1790353004.9171464,41926656.0,0.0002353583
2561,1790353024.9156709,41943040.0,0.0007060749
2562,1790353044.9157195,41959424.0,0.0
2563,1790353064.9162166,41975810.0,0.0007060749
2564,1790353074.9189708,41992190.0,0.0004707166
2565,1790353094.9183586,42008576.0,0.0009414332
2566,1790353114.9152298,42024960.0,0.0007060749
2567,1790353134.9170468,42041344.0,0.0002353583
2568,1790353154.92124,42057730.0,0.0011767915
2569,1790353174.915434,42074110.0,0.0
2570,1790353184.917985,42090496.0,0.0
2571,1790353204.9178014,42106880.0,0.0007060749
2572,1790353224.9154124,42123264.0,0.0002353583
2573,1790353244.9176164,42139650.0,0.0002353583
2574,1790353264.9156897,42156030.0,0.0
2575,1790353274.9177864,42172416.0,0.0004707166
2576,1790353294.9182928,42188800.0,0.0007060749
2577,1790353314.915409,42205184.0,0.0007060749
2578,1790353334.9156103,42221570.0,0.0002353583
2579,1790353354.915829,42237950.0,0.0004707166
2580,1790353374.916694,42254336.0,0.0
2581,1790353384.918331,42270720.0,0.0002353583
2582,1790353404.9151926,42287104.0,0.0004707166
2583,1790353424.91535,42303490.0,0.0009414332
2584,1790353444.915724,42319870.0,0.0002353583
2585,1790353464.915273,42336256.0,0.0009414332
2586,1790353474.9182892,42352640.0,0.0002353583
2587,1790353494.9190063,42369024.0,0.0007060749
2588,1790353514.9163606,42385410.0,0.0004707166
2589,1790353534.9154525,42401790.0,0.0002353583
2590,1790353554.9166417,42418176.0,0.0
2591,1790353574.9153438,42434560.0,0.0002353583
2592,1790353584.9178169,42450944.0,0.0
2593,1790353604.915648,42467330.0,0.0
2594,1790353624.918751,42483710.0,0.0004707166
2595,1790353644.915369,42500096.0,0.0002353583
2596,1790353664.9153495,42516480.0,0.0002353583
2597,1790353674.91844,42532864.0,0.0002353583
2598,1790353694.9165907,42549250.0,0.0002353583
2599,1790353714.9169676,42565630.0,0.0
2600,1790353734.915864,42582016.0,0.0002353583
2601,1790353754.9155955,42598400.0,0.0004707166
2602,1790353774.9165387,42614784.0,0.0007060749
2603,1790353784.9177644,42631170.0,0.0002353583
2604,1790353804.9160612,42647550.0,0.0
2605,1790353824.9163828,42663936.0,0.0002353583
2606,1790353844.9176254,42680320.0,0.0002353583
2607,1790353864.9162445,42696704.0,0.0002353583
2608,1790353884.9154322,42713090.0,0.0
2609,1790353894.917697,42729470.0,0.0007060749
2610,1790353914.9152632,42745856.0,0.0004707166
2611,1790353934.9155009,42762240.0,0.0
2612,1790353954.9160397,42778624.0,0.0007060749
2613,1790353974.9156015,42795010.0,0.0009414332
2614,1790353984.9178948,42811390.0,0.0004707166
2615,1790354004.9181464,42827776.0,0.0004707166
2616,1790354024.915746,42844160.0,0.0004707166
2617,1790354044.9168518,42860544.0,0.0
2618,1790354064.917353,42876930.0,0.0004707166
2619,1790354074.926242,42893310.0,0.0
2620,1790354094.9153988,42909696.0,0.0004707166
2621,1790354114.9156487,42926080.0,0.0004707166
2622,1790354134.9185188,42942464.0,0.0002353583
2623,1790354154.9159796,42958850.0,0.0002353583
2624,1790354174.9175217,42975230.0,0.0002353583
2625,1790354184.9185138,42991616.0,0.0
2626,1790354204.9151883,43008000.0,0.0
2627,1790354224.916314,43024384.0,0.0
2628,1790354244.915566,43040770.0,0.0007060749
2629,1790354264.916358,43057150.0,0.0004707166
2630,1790354284.9175556,43073536.0,0.0002353583
2631,1790354294.9169157,43089920.0,0.0004707166
2632,1790354314.9157803,43106304.0,0.0002353583
2633,1790354334.91529,43122690.0,0.0002353583
2634,1790354354.9176023,43139070.0,0.0
2635,1790354374.9155834,43155456.0,0.0
2636,1790354384.9155033,43171840.0,0.0002353583
2637,1790354404.9186916,43188224.0,0.0
2638,1790354424.915342,43204610.0,0.0002353583
2639,1790354444.9171364,43220990.0,0.0009414332
2640,1790354464.9161336,43237376.0,0.0
2641,1790354484.9171336,43253760.0,0.0002353583
2642,1790354494.9180117,43270144.0,0.0007060749
2643,1790354514.9154148,43286530.0,0.0004707166
2644,1790354534.9180987,43302910.0,0.0002353583
2645,1790354554.9163878,43319296.0,0.0002353583
2646,1790354574.916351,43335680.0,0.0
2647,1790354584.9187224,43352064.0,0.0
2648,1790354604.918615,43368450.0,0.0002353583
2649,1790354624.9154463,43384830.0,0.0002353583
2650,1790354644.9172733,43401216.0,0.0004707166
2651,1790354664.916095,43417600.0,0.0
2652,1790354684.915371,43433984.0,0.0002353583
2653,1790354694.920536,43450370.0,0.0004707166
2654,1790354714.9172158,43466750.0,0.0
2655,1790354734.9155724,43483136.0,0.0004707166
2656,1790354754.915541,43499520.0,0.0002353583
2657,1790354774.9153492,43515904.0,0.0002353583
2658,1790354784.9178371,43532290.0,0.0007060749
2659,1790354804.917789,43548670.0,0.0
2660,1790354824.9156213,43565056.0,0.0004707166
2661,1790354844.915984,43581440.0,0.0009414332
2662,1790354864.9181044,43597824.0,0.0004707166
2663,1790354874.9177551,43614210.0,0.0
2664,1790354894.918075,43630590.0,0.0007060749
2665,1790354914.916808,43646976.0,0.0
2666,1790354934.9151726,43663360.0,0.0
2667,1790354954.915818,43679744.0,0.0004707166
2668,1790354974.9152644,43696130.0,0.0007060749
2669,1790354984.9154215,43712510.0,0.0002353583
2670,1790355004.9152927,43728896.0,0.0004707166
2671,1790355024.9154427,43745280.0,0.0007060749
2672,1790355044.91753,43761664.0,0.0
2673,1790355064.916387,43778050.0,0.0009414332
2674,1790355074.91827,43794430.0,0.0004707166
2675,1790355094.9186442,43810816.0,0.0004707166
2676,1790355114.9181771,43827200.0,0.0004707166
2677,1790355134.9159615,43843584.0,0.0004707166
2678,1790355154.9155753,43859970.0,0.0
2679,1790355174.9153028,43876350.0,0.0004707166
2680,1790355184.9183786,43892736.0,0.0004707166
2681,1790355204.917348,43909120.0,0.0007060749
2682,1790355224.915722,43925504.0,0.0004707166
2683,1790355244.9169145,43941890.0,0.0
2684,1790355264.9157033,43958270.0,0.0002353583
2685,1790355274.9151442,43974656.0,0.0004707166
2686,1790355294.9181647,43991040.0,0.0002353583
2687,1790355314.915337,44007424.0,0.0002353583
2688,1790355334.915418,44023810.0,0.0002353583
2689,1790355354.91751,44040190.0,0.0
2690,1790355374.9155726,44056576.0,0.0
2691,1790355384.9185998,44072960.0,0.0002353583
2692,1790355404.917129,44089344.0,0.0002353583
2693,1790355424.9179091,44105730.0,0.0
2694,1790355444.9150646,44122110.0,0.0004707166
2695,1790355464.916024,44138496.0,0.0002353583
2696,1790355484.916409,44154880.0,0.0007060749
2697,1790355494.9170015,44171264.0,0.0
2698,1790355514.9154649,44187650.0,0.0002353583
2699,1790355534.9165266,44204030.0,0.0
2700,1790355554.9162192,44220416.0,0.0004707166
2701,1790355574.9158,44236800.0,0.0004707166
2702,1790355584.9177086,44253184.0,0.0007060749
2703,1790355604.91697,44269570.0,0.0
2704,1790355624.915267,44285950.0,0.0
2705,1790355644.9191947,44302336.0,0.0
2706,1790355664.9160688,44318720.0,0.0
2707,1790355674.9180336,44335104.0,0.0004707166
2708,1790355694.918233,44351490.0,0.0004707166
2709,1790355714.915805,44367870.0,0.0
2710,1790355734.915285,44384256.0,0.0002353583
2711,1790355754.915448,44400640.0,0.0007060749
2712,1790355774.9181027,44417024.0,0.0
2713,1790355784.920485,44433410.0,0.0
2714,1790355804.919019,44449790.0,0.0009414332
2715,1790355824.9153185,44466176.0,0.0004707166
2716,1790355844.9159884,44482560.0,0.0002353583
2717,1790355864.9165587,44498944.0,0.0002353583
2718,1790355884.9155264,44515330.0,0.0004707166
2719,1790355894.9178667,44531710.0,0.0002353583
2720,1790355914.9175427,44548096.0,0.0002353583
2721,1790355934.9158924,44564480.0,0.0004707166
2722,1790355954.9158485,44580864.0,0.0009414332
2723,1790355974.915373,44597250.0,0.0002353583
2724,1790355994.9153037,44613630.0,0.0002353583
2725,1790356004.917694,44630016.0,0.0007060749
2726,1790356024.9159353,44646400.0,0.0
2727,1790356044.9155264,44662784.0,0.0
2728,1790356064.915749,44679170.0,0.0002353583
2729,1790356084.915846,44695550.0,0.0002353583
2730,1790356094.917898,44711936.0,0.0004707166
2731,1790356114.91786,44728320.0,0.0
2732,1790356134.915708,44744704.0,0.0004707166
2733,1790356154.9175506,44761090.0,0.0002353583
2734,1790356174.9172273,44777470.0,0.0
2735,1790356194.9165125,44793856.0,0.0004707166
2736,1790356204.9183304,44810240.0,0.0009414332
2737,1790356224.9156802,44826624.0,0.0002353583
2738,1790356244.9155953,44843010.0,0.0
2739,1790356264.9155831,44859390.0,0.0004707166
2740,1790356284.9154394,44875776.0,0.0004707166
2741,1790356294.9153168,44892160.0,0.0002353583
2742,1790356314.9152827,44908544.0,0.0004707166
2743,1790356334.916171,44924930.0,0.0
2744,1790356354.9166462,44941310.0,0.0007060749
2745,1790356374.915488,44957696.0,0.0002353583
2746,1790356394.9153848,44974080.0,0.0002353583
2747,1790356404.917915,44990464.0,0.0004707166
2748,1790356424.9178808,45006850.0,0.0
2749,1790356444.9169388,45023230.0,0.0
2750,1790356464.9153168,45039616.0,0.0004707166
2751,1790356484.9188144,45056000.0,0.0002353583
2752,1790356494.9181547,45072384.0,0.0004707166
2753,1790356514.919091,45088770.0,0.0002353583
2754,1790356534.9160614,45105150.0,0.0004707166
2755,1790356554.9152403,45121536.0,0.0002353583
2756,1790356574.9154994,45137920.0,0.0002353583
2757,1790356594.9156277,45154304.0,0.0
2758,1790356604.91799,45170690.0,0.0002353583
2759,1790356624.9179678,45187070.0,0.0002353583
2760,1790356644.9183216,45203456.0,0.0
2761,1790356664.915393,45219840.0,0.0004707166
2762,1790356684.9155772,45236224.0,0.0007060749
2763,1790356704.916801,45252610.0,0.0007060749
2764,1790356714.918781,45268990.0,0.0
2765,1790356734.9182093,45285376.0,0.0007060749
2766,1790356754.9170744,45301760.0,0.0007060749
2767,1790356774.916474,45318144.0,0.0002353583
2768,1790356794.916813,45334530.0,0.0004707166
2769,1790356814.9165494,45350910.0,0.0004707166
2770,1790356824.917772,45367296.0,0.0002353583
2771,1790356844.9169152,45383680.0,0.0
2772,1790356864.9156597,45400064.0,0.0002353583
2773,1790356884.9156766,45416450.0,0.0
2774,1790356904.9182577,45432830.0,0.0
2775,1790356914.918393,45449216.0,0.0002353583
2776,1790356934.917173,45465600.0,0.0004707166
2777,1790356954.9163294,45481984.0,0.0004707166
2778,1790356974.9166,45498370.0,0.0004707166
2779,1790356994.9153411,45514750.0,0.0007060749
2780,1790357004.9159214,45531136.0,0.0
2781,1790357024.9181104,45547520.0,0.0002353583
2782,1790357044.9152846,45563904.0,0.0004707166
2783,1790357064.9155788,45580290.0,0.0002353583
2784,1790357084.9160688,45596670.0,0.0004707166
2785,1790357104.916658,45613056.0,0.0004707166
2786,1790357114.9181485,45629440.0,0.0002353583
2787,1790357134.91735,45645824.0,0.0014121498
2788,1790357154.918234,45662210.0,0.0002353583
2789,1790357174.9153368,45678590.0,0.0
2790,1790357194.917941,45694976.0,0.0007060749
2791,1790357214.9149787,45711360.0,0.0002353583
2792,1790357224.9179385,45727744.0,0.0
2793,1790357244.9152915,45744130.0,0.0004707166
2794,1790357264.915263,45760510.0,0.0007060749
2795,1790357284.9155228,45776896.0,0.0
2796,1790357304.9155242,45793280.0,0.0002353583
2797,1790357324.9164703,45809664.0,0.0004707166
2798,1790357334.9172456,45826050.0,0.0002353583
2799,1790357354.9156835,45842430.0,0.0002353583
2800,1790357374.9162374,45858816.0,0.0
2801,1790357394.9157307,45875200.0,0.0002353583
2802,1790357414.9151034,45891584.0,0.0007060749
2803,1790357424.917917,45907970.0,0.0011767915
2804,1790357444.9179587,45924350.0,0.0004707166
2805,1790357464.915825,45940736.0,0.0
2806,1790357484.916201,45957120.0,0.0
2807,1790357504.917167,45973504.0,0.0002353583
2808,1790357524.9159017,45989890.0,0.0
2809,1790357534.9222016,46006270.0,0.0
2810,1790357554.9155085,46022656.0,0.0004707166
2811,1790357574.91615,46039040.0,0.0
2812,1790357594.915672,46055424.0,0.0007060749
2813,1790357614.9155054,46071810.0,0.0
2814,1790357624.9181197,46088190.0,0.0
2815,1790357644.9186823,46104576.0,0.0002353583
2816,1790357664.9154916,46120960.0,0.0002353583
2817,1790357684.9174984,46137344.0,0.0007060749
2818,1790357704.9155354,46153730.0,0.0
2819,1790357724.9153771,46170110.0,0.0004707166
2820,1790357734.9182591,46186496.0,0.0
2821,1790357754.9183898,46202880.0,0.0004707166
2822,1790357774.9156592,46219264.0,0.0004707166
2823,1790357794.915607,46235650.0,0.0004707166
2824,1790357814.9168284,46252030.0,0.0
2825,1790357834.915769,46268416.0,0.0
2826,1790357844.9195838,46284800.0,0.0004707166
2827,1790357864.9165618,46301184.0,0.0
2828,1790357884.917544,46317570.0,0.0
2829,1790357904.9154286,46333950.0,0.0007060749
2830,1790357924.9157374,46350336.0,0.0
2831,1790357934.9176347,46366720.0,0.0
2832,1790357954.918483,46383104.0,0.0007060749
2833,1790357974.9153411,46399490.0,0.0007060749
2834,1790357994.9151747,46415870.0,0.0004707166
2835,1790358014.915628,46432256.0,0.0007060749
2836,1790358034.916643,46448640.0,0.0
2837,1790358044.919013,46465024.0,0.0
2838,1790358064.9155807,46481410.0,0.0002353583
2839,1790358084.9161298,46497790.0,0.0002353583
2840,1790358104.915522,46514176.0,0.0
2841,1790358124.9163496,46530560.0,0.0004707166
2842,1790358144.915496,46546944.0,0.0002353583
2843,1790358154.9181924,46563330.0,0.0011767915
2844,1790358174.918301,46579710.0,0.0002353583
2845,1790358194.9170532,46596096.0,0.0002353583
2846,1790358214.9185116,46612480.0,0.0
2847,1790358234.9160824,46628864.0,0.0004707166
2848,1790358244.9181793,46645250.0,0.0002353583
2849,1790358264.9183464,46661630.0,0.0002353583
2850,1790358284.9158857,46678016.0,0.0002353583
2851,1790358304.9167864,46694400.0,0.0009414332
2852,1790358324.916716,46710784.0,0.0002353583
2853,1790358334.9162338,46727170.0,0.0004707166
2854,1790358354.9177558,46743550.0,0.0
2855,1790358374.9161546,46759936.0,0.0
2856,1790358394.9157436,46776320.0,0.0007060749
2857,1790358414.9155288,46792704.0,0.0009414332
2858,1790358434.91572,46809090.0,0.0004707166
2859,1790358444.91668,46825470.0,0.0007060749
2860,1790358464.917993,46841856.0,0.0004707166
2861,1790358484.9179037,46858240.0,0.0004707166
2862,1790358504.9171343,46874624.0,0.0002353583
2863,1790358524.915472,46891010.0,0.0002353583
2864,1790358544.9152715,46907390.0,0.0002353583
2865,1790358554.918073,46923776.0,0.0007060749
2866,1790358574.9166963,46940160.0,0.0009414332
2867,1790358594.9156485,46956544.0,0.0002353583
2868,1790358614.9155676,46972930.0,0.0002353583
2869,1790358634.915948,46989310.0,0.0002353583
2870,1790358644.9166331,47005696.0,0.0002353583
2871,1790358664.918586,47022080.0,0.0007060749
2872,1790358684.9153924,47038464.0,0.0004707166
2873,1790358704.918006,47054850.0,0.0
2874,1790358724.9179015,47071230.0,0.0002353583
2875,1790358744.91561,47087616.0,0.0004707166
2876,1790358754.9171188,47104000.0,0.0004707166
2877,1790358774.9180665,47120384.0,0.0004707166
2878,1790358794.9173706,47136770.0,0.0007060749
2879,1790358814.9158332,47153150.0,0.0
2880,1790358834.9150412,47169536.0,0.0
2881,1790358854.9158208,47185920.0,0.0004707166
2882,1790358864.9181032,47202304.0,0.0002353583
2883,1790358884.9176068,47218690.0,0.0
2884,1790358904.9154212,47235070.0,0.0002353583
2885,1790358924.9158678,47251456.0,0.0
2886,1790358944.9167876,47267840.0,0.0002353583
2887,1790358954.915448,47284224.0,0.0
2888,1790358974.917883,47300610.0,0.0007060749
2889,1790358994.9170427,47316990.0,0.0002353583
2890,1790359014.9158323,47333376.0,0.0004707166
2891,1790359034.9155085,47349760.0,0.0004707166
2892,1790359054.9157896,47366144.0,0.0002353583
2893,1790359064.918511,47382530.0,0.0002353583
2894,1790359084.916674,47398910.0,0.0004707166
2895,1790359104.9165514,47415296.0,0.0002353583
2896,1790359124.9160156,47431680.0,0.0009414332
2897,1790359144.9165254,47448064.0,0.0004707166
2898,1790359154.9186938,47464450.0,0.0
2899,1790359174.9185245,47480830.0,0.0
2900,1790359194.9157102,47497216.0,0.0002353583
2901,1790359214.9151278,47513600.0,0.0009414332
2902,1790359234.9154744,47529984.0,0.0002353583
2903,1790359254.916019,47546370.0,0.0004707166
2904,1790359264.9179285,47562750.0,0.0002353583
2905,1790359284.9157622,47579136.0,0.0004707166
2906,1790359304.9156983,47595520.0,0.0002353583
2907,1790359324.9157052,47611904.0,0.0002353583
2908,1790359344.915784,47628290.0,0.0004707166
2909,1790359364.9162452,47644670.0,0.0004707166
2910,1790359374.9196498,47661056.0,0.0007060749
2911,1790359394.9154708,47677440.0,0.0004707166
2912,1790359414.9172711,47693824.0,0.0007060749
2913,1790359434.9163382,47710210.0,0.0
2914,1790359454.9154954,47726590.0,0.0004707166
2915,1790359464.9173422,47742976.0,0.0007060749
2916,1790359484.9180105,47759360.0,0.0004707166
2917,1790359504.9168878,47775744.0,0.0011767915
2918,1790359524.915762,47792130.0,0.0004707166
2919,1790359544.915551,47808510.0,0.0
2920,1790359564.915923,47824896.0,0.0004707166
2921,1790359574.9181118,47841280.0,0.0004707166
2922,1790359594.915464,47857664.0,0.0
2923,1790359614.915595,47874050.0,0.0004707166
2924,1790359634.9167717,47890430.0,0.0009414332
2925,1790359654.9164777,47906816.0,0.0
2926,1790359664.917789,47923200.0,0.0
2927,1790359684.9158418,47939584.0,0.0
2928,1790359704.9161105,47955970.0,0.0004707166
2929,1790359724.916453,47972350.0,0.0004707166
2930,1790359744.9156146,47988736.0,0.0
2931,1790359754.9176965,48005120.0,0.0002353583
2932,1790359774.915706,48021504.0,0.0004707166
2933,1790359794.9181218,48037890.0,0.0
2934,1790359814.9158497,48054270.0,0.0004707166
2935,1790359834.9159913,48070656.0,0.0
2936,1790359854.9147422,48087040.0,0.0004707166
2937,1790359864.9183123,48103424.0,0.0002353583
2938,1790359884.9160397,48119810.0,0.0
2939,1790359904.9159856,48136190.0,0.0002353583
2940,1790359924.9166903,48152576.0,0.0
2941,1790359944.9159904,48168960.0,0.0
2942,1790359954.916971,48185344.0,0.0
2943,1790359974.9187722,48201730.0,0.0002353583
2944,1790359994.915866,48218110.0,0.0
2945,1790360014.9153037,48234496.0,0.0002353583
2946,1790360034.91653,48250880.0,0.0002353583
2947,1790360054.9160948,48267264.0,0.0004707166
2948,1790360064.9151192,48283650.0,0.0007060749
2949,1790360084.915655,48300030.0,0.0002353583
2950,1790360104.9156978,48316416.0,0.0009414332
2951,1790360124.9157183,48332800.0,0.0011767915
2952,1790360144.915361,48349184.0,0.0002353583
2953,1790360164.9154537,48365570.0,0.0009414332
2954,1790360174.9182415,48381950.0,0.0004707166
2955,1790360194.9163864,48398336.0,0.0004707166
2956,1790360214.916128,48414720.0,0.0004707166
2957,1790360234.9166183,48431104.0,0.0
2958,1790360254.917415,48447490.0,0.0
2959,1790360274.915721,48463870.0,0.0004707166
2960,1790360284.9178257,48480256.0,0.0
2961,1790360304.9154048,48496640.0,0.0009414332
2962,1790360324.915354,48513024.0,0.0004707166
2963,1790360344.915337,48529410.0,0.0007060749
2964,1790360364.9167216,48545790.0,0.0
2965,1790360374.918068,48562176.0,0.0002353583
2966,1790360394.9181278,48578560.0,0.0004707166
2967,1790360414.9156363,48594944.0,0.0007060749
2968,1790360434.915318,48611330.0,0.0002353583
2969,1790360454.9153862,48627710.0,0.0002353583
2970,1790360474.9166868,48644096.0,0.0004707166
2971,1790360484.9178343,48660480.0,0.0
2972,1790360504.9185383,48676864.0,0.0007060749
2973,1790360524.9174793,48693250.0,0.0004707166
2974,1790360544.9157052,48709630.0,0.0
2975,1790360564.915319,48726016.0,0.0
2976,1790360574.9201083,48742400.0,0.0002353583
2977,1790360594.9226878,48758784.0,0.0007060749
2978,1790360614.9155118,48775170.0,0.0002353583
2979,1790360634.9169035,48791550.0,0.0002353583
2980,1790360654.9162405,48807936.0,0.0
2981,1790360674.9167912,48824320.0,0.0004707166
2982,1790360684.9181125,48840704.0,0.0002353583
2983,1790360704.916773,48857090.0,0.0002353583
2984,1790360724.915641,48873470.0,0.0004707166
2985,1790360744.9156754,48889856.0,0.0009414332
2986,1790360764.9161122,48906240.0,0.0002353583
2987,1790360774.9179354,48922624.0,0.0
2988,1790360794.9186673,48939010.0,0.0
2989,1790360814.915472,48955390.0,0.0002353583
2990,1790360834.9153686,48971776.0,0.0004707166
2991,1790360854.9186893,48988160.0,0.0004707166
2992,1790360874.9153905,49004544.0,0.0002353583
2993,1790360884.9160707,49020930.0,0.0009414332
2994,1790360904.9179127,49037310.0,0.0002353583
2995,1790360924.9153495,49053696.0,0.0004707166
2996,1790360944.916061,49070080.0,0.0009414332
2997,1790360964.91563,49086464.0,0.0002353583
2998,1790360984.9152193,49102850.0,0.0002353583
2999,1790360994.9180744,49119230.0,0.0
3000,1790361014.9151902,49135616.0,0.0002353583
3001,1790361034.9152818,49152000.0,0.0004707166
3002,1790361054.9162157,49168384.0,0.0004707166
3003,1790361074.9159324,49184770.0,0.0004707166
3004,1790361084.9188333,49201150.0,0.0004707166
3005,1790361104.917916,49217536.0,0.0007060749
3006,1790361124.9153194,49233920.0,0.0004707166
3007,1790361144.916904,49250304.0,0.0009414332
3008,1790361164.9151976,49266690.0,0.0002353583
3009,1790361174.918408,49283070.0,0.0004707166
3010,1790361194.9178884,49299456.0,0.0002353583
3011,1790361214.9152973,49315840.0,0.0
3012,1790361234.9175353,49332224.0,0.0004707166
3013,1790361254.915121,49348610.0,0.0002353583
3014,1790361274.915426,49364990.0,0.0007060749
3015,1790361284.917658,49381376.0,0.0004707166
3016,1790361304.9179356,49397760.0,0.0002353583
3017,1790361324.915385,49414144.0,0.0
3018,1790361344.917345,49430530.0,0.0004707166
3019,1790361364.915702,49446910.0,0.0002353583
3020,1790361374.917637,49463296.0,0.0002353583
3021,1790361394.9155498,49479680.0,0.0
3022,1790361414.9163952,49496064.0,0.0004707166
3023,1790361434.915562,49512450.0,0.0004707166
3024,1790361454.9159403,49528830.0,0.0004707166
3025,1790361474.915062,49545216.0,0.0007060749
3026,1790361484.920453,49561600.0,0.0002353583
3027,1790361504.9152758,49577984.0,0.0004707166
3028,1790361524.915821,49594370.0,0.0002353583
3029,1790361544.9154804,49610750.0,0.0002353583
3030,1790361564.91552,49627136.0,0.0002353583
3031,1790361574.9177854,49643520.0,0.0
3032,1790361594.917842,49659904.0,0.0004707166
3033,1790361614.9162464,49676290.0,0.0009414332
3034,1790361634.9171114,49692670.0,0.0002353583
3035,1790361654.9151812,49709056.0,0.0002353583
3036,1790361674.9151442,49725440.0,0.0002353583
3037,1790361684.9178772,49741824.0,0.0009414332
3038,1790361704.9162357,49758210.0,0.0004707166
3039,1790361724.9153557,49774590.0,0.0004707166
3040,1790361744.915827,49790976.0,0.0002353583
3041,1790361764.915345,49807360.0,0.0
3042,1790361774.917777,49823744.0,0.0007060749
3043,1790361794.9184697,49840130.0,0.0
3044,1790361814.9154675,49856510.0,0.0
3045,1790361834.9157636,49872896.0,0.0002353583
3046,1790361854.9156666,49889280.0,0.0
3047,1790361874.9150598,49905664.0,0.0
3048,1790361884.918029,49922050.0,0.0002353583
3049,1790361904.9183493,49938430.0,0.0002353583
3050,1790361924.9175117,49954816.0,0.0004707166
3051,1790361944.916221,49971200.0,0.0004707166
3052,1790361964.9162295,49987584.0,0.0002353583
3053,1790361984.915131,50003970.0,0.0
3054,1790361994.9169905,50020350.0,0.0002353583
3055,1790362014.9152603,50036736.0,0.0002353583
3056,1790362034.9151788,50053120.0,0.0002353583
3057,1790362054.9169257,50069504.0,0.0007060749
3058,1790362074.916784,50085890.0,0.0009414332
3059,1790362084.9179034,50102270.0,0.0
3060,1790362104.916376,50118656.0,0.0004707166
3061,1790362124.9165828,50135040.0,0.0
3062,1790362144.9158628,50151424.0,0.0002353583
3063,1790362164.9155774,50167810.0,0.0002353583
3064,1790362174.918025,50184190.0,0.0002353583
3065,1790362194.9180193,50200576.0,0.0002353583
3066,1790362214.915593,50216960.0,0.0002353583
3067,1790362234.9155424,50233344.0,0.0004707166
3068,1790362254.9169257,50249730.0,0.0007060749
3069,1790362264.9171708,50266110.0,0.0002353583
3070,1790362284.914907,50282496.0,0.0004707166
3071,1790362304.9163268,50298880.0,0.0004707166
3072,1790362324.915638,50315264.0,0.0002353583
3073,1790362344.9156013,50331650.0,0.0002353583
3074,1790362354.9173172,50348030.0,0.0014121498
3075,1790362374.9182725,50364416.0,0.0007060749
3076,1790362394.9157612,50380800.0,0.0007060749
3077,1790362414.9148967,50397184.0,0.0002353583
3078,1790362434.9152808,50413570.0,0.0002353583
3079,1790362454.9163935,50429950.0,0.0002353583
3080,1790362464.9183457,50446336.0,0.0002353583
3081,1790362484.9179318,50462720.0,0.0
3082,1790362504.915345,50479104.0,0.0002353583
3083,1790362524.9153492,50495490.0,0.0004707166
3084,1790362544.9154534,50511870.0,0.0002353583
3085,1790362564.9155543,50528256.0,0.0002353583
3086,1790362574.9165685,50544640.0,0.0002353583
3087,1790362594.9155402,50561024.0,0.0009414332
3088,1790362614.9162047,50577410.0,0.0002353583
3089,1790362634.9154644,50593790.0,0.0004707166
3090,1790362654.9152863,50610176.0,0.0007060749
3091,1790362664.917765,50626560.0,0.0007060749
3092,1790362684.918908,50642944.0,0.0004707166
3093,1790362704.9151127,50659330.0,0.0002353583
3094,1790362724.9167144,50675710.0,0.0004707166
3095,1790362744.9154904,50692096.0,0.0011767915
3096,1790362764.9181688,50708480.0,0.0007060749
3097,1790362774.9156206,50724864.0,0.0002353583
3098,1790362794.9155102,50741250.0,0.0002353583
3099,1790362814.915477,50757630.0,0.0004707166
3100,1790362834.9161422,50774016.0,0.0002353583
3101,1790362854.9167,50790400.0,0.0
3102,1790362864.918233,50806784.0,0.0
3103,1790362884.92002,50823170.0,0.0
3104,1790362904.9152167,50839550.0,0.0009414332
3105,1790362924.9156637,50855936.0,0.0007060749
3106,1790362944.9156775,50872320.0,0.0002353583
3107,1790362954.9151902,50888704.0,0.0002353583
3108,1790362974.916745,50905090.0,0.0002353583
3109,1790362994.9154928,50921470.0,0.0007060749
3110,1790363014.915908,50937856.0,0.0
3111,1790363034.9151628,50954240.0,0.0002353583
3112,1790363054.915981,50970624.0,0.0007060749
3113,1790363064.9187007,50987010.0,0.0011767915
3114,1790363084.9204636,51003390.0,0.0007060749
3115,1790363104.915166,51019776.0,0.0002353583
3116,1790363124.915787,51036160.0,0.0002353583
3117,1790363144.9155464,51052544.0,0.0004707166
3118,1790363164.9151611,51068930.0,0.0007060749
3119,1790363174.919136,51085310.0,0.0004707166
3120,1790363194.915437,51101696.0,0.0002353583
3121,1790363214.91554,51118080.0,0.0002353583
3122,1790363234.9163792,51134464.0,0.0002353583
3123,1790363254.9166262,51150850.0,0.0002353583
3124,1790363264.9190776,51167230.0,0.0004707166
3125,1790363284.915239,51183616.0,0.0004707166
3126,1790363304.915338,51200000.0,0.0002353583
3127,1790363324.9153645,51216384.0,0.0
3128,1790363344.915175,51232770.0,0.0002353583
3129,1790363354.9180734,51249150.0,0.0009414332
3130,1790363374.915701,51265536.0,0.0004707166
3131,1790363394.9149733,51281920.0,0.0002353583
3132,1790363414.9167373,51298304.0,0.0004707166
3133,1790363434.915337,51314690.0,0.0002353583
3134,1790363444.9202943,51331070.0,0.0007060749
3135,1790363464.9183853,51347456.0,0.0002353583
3136,1790363484.9159915,51363840.0,0.0002353583
3137,1790363504.9157836,51380224.0,0.0002353583
3138,1790363524.915615,51396610.0,0.0002353583
3139,1790363544.9150946,51412990.0,0.0002353583
3140,1790363554.9179003,51429376.0,0.0004707166
3141,1790363574.9188492,51445760.0,0.0004707166
3142,1790363594.9155383,51462144.0,0.0004707166
3143,1790363614.9166672,51478530.0,0.0
3144,1790363634.9161804,51494910.0,0.0004707166
3145,1790363654.9158208,51511296.0,0.0
3146,1790363664.9184394,51527680.0,0.0007060749
3147,1790363684.9185083,51544064.0,0.0007060749
3148,1790363704.915491,51560450.0,0.0
3149,1790363724.9155517,51576830.0,0.0002353583
3150,1790363744.915631,51593216.0,0.0
3151,1790363764.9152975,51609600.0,0.0004707166
3152,1790363774.918502,51625984.0,0.0004707166
3153,1790363794.9161696,51642370.0,0.0007060749
3154,1790363814.9151547,51658750.0,0.0004707166
3155,1790363834.915491,51675136.0,0.0004707166
3156,1790363854.915773,51691520.0,0.0004707166
3157,1790363864.918167,51707904.0,0.0002353583
3158,1790363884.9188404,51724290.0,0.0
3159,1790363904.9151278,51740670.0,0.0002353583
3160,1790363924.9163208,51757056.0,0.0004707166
3161,1790363944.9156606,51773440.0,0.0007060749
3162,1790363954.91828,51789824.0,0.0002353583
3163,1790363974.9155934,51806210.0,0.0002353583
3164,1790363994.9155357,51822590.0,0.0004707166
3165,1790364014.9190142,51838976.0,0.0
3166,1790364034.9180882,51855360.0,0.0002353583
3167,1790364044.918247,51871744.0,0.0004707166
3168,1790364064.918461,51888130.0,0.0
3169,1790364084.916577,51904510.0,0.0002353583
3170,1790364104.915172,51920896.0,0.0004707166
3171,1790364124.9149833,51937280.0,0.0002353583
3172,1790364144.9154434,51953664.0,0.0004707166
3173,1790364164.9157064,51970050.0,0.0011767915
3174,1790364174.9178228,51986430.0,0.0004707166
3175,1790364194.9193628,52002816.0,0.0007060749
3176,1790364214.9155712,52019200.0,0.0009414332
3177,1790364234.9159746,52035584.0,0.0002353583
3178,1790364254.9152577,52051970.0,0.0007060749
3179,1790364274.9151251,52068350.0,0.0002353583
3180,1790364284.9181554,52084736.0,0.0007060749
3181,1790364304.9157083,52101120.0,0.0004707166
3182,1790364324.9151208,52117504.0,0.0
3183,1790364344.9155717,52133890.0,0.0004707166
3184,1790364364.9152722,52150270.0,0.0002353583
3185,1790364374.9222724,52166656.0,0.0004707166
3186,1790364394.9180913,52183040.0,0.0002353583
3187,1790364414.9164808,52199424.0,0.0
3188,1790364434.9151764,52215810.0,0.0011767915
3189,1790364454.916206,52232190.0,0.0002353583
3190,1790364474.9165564,52248576.0,0.0007060749
3191,1790364484.9182413,52264960.0,0.0004707166
3192,1790364504.9196346,52281344.0,0.0
3193,1790364524.9154408,52297730.0,0.0007060749
3194,1790364544.9150798,52314110.0,0.0004707166
3195,1790364564.9155922,52330496.0,0.0
3196,1790364574.918183,52346880.0,0.0002353583
3197,1790364594.9156268,52363264.0,0.0002353583
3198,1790364614.9164429,52379650.0,0.0002353583
3199,1790364634.9158068,52396030.0,0.0002353583
3200,1790364654.9160986,52412416.0,0.0011767915
3201,1790364674.915709,52428800.0,0.0007060749
3202,1790364684.918464,52445184.0,0.0009414332
3203,1790364704.917397,52461570.0,0.0
3204,1790364724.915269,52477950.0,0.0004707166
3205,1790364744.9157343,52494336.0,0.0002353583
3206,1790364764.9159608,52510720.0,0.0007060749
3207,1790364784.91515,52527104.0,0.0004707166
3208,1790364794.9175088,52543490.0,0.0004707166
3209,1790364814.9152343,52559870.0,0.0009414332
3210,1790364834.9156115,52576256.0,0.0007060749
3211,1790364854.915376,52592640.0,0.0002353583
3212,1790364874.9154425,52609024.0,0.0007060749
3213,1790364884.9195173,52625410.0,0.0007060749
3214,1790364904.917821,52641790.0,0.0002353583
3215,1790364924.916374,52658176.0,0.0002353583
3216,1790364944.9156835,52674560.0,0.0009414332
3217,1790364964.9158914,52690944.0,0.0
3218,1790364974.917338,52707330.0,0.0002353583
3219,1790364994.9184842,52723710.0,0.0009414332
3220,1790365014.9152222,52740096.0,0.0009414332
3221,1790365034.9153464,52756480.0,0.0
3222,1790365054.9158063,52772864.0,0.0002353583
3223,1790365074.91522,52789250.0,0.0002353583
3224,1790365084.916162,52805630.0,0.0
3225,1790365104.9172208,52822016.0,0.0002353583
3226,1790365124.9159868,52838400.0,0.0004707166
3227,1790365144.915279,52854784.0,0.0002353583
3228,1790365164.9151692,52871170.0,0.0002353583
3229,1790365184.915262,52887550.0,0.0
3230,1790365194.9175436,52903936.0,0.0
3231,1790365214.917485,52920320.0,0.0004707166
3232,1790365234.9154327,52936704.0,0.0004707166
3233,1790365254.9152994,52953090.0,0.0007060749
3234,1790365274.9154367,52969470.0,0.0002353583
3235,1790365284.918013,52985856.0,0.0
3236,1790365304.9177897,53002240.0,0.0002353583
3237,1790365324.9157412,53018624.0,0.0007060749
3238,1790365344.9171798,53035010.0,0.0007060749
3239,1790365364.9163096,53051390.0,0.0002353583
3240,1790365374.918339,53067776.0,0.0009414332
3241,1790365394.9186196,53084160.0,0.0004707166
3242,1790365414.9152737,53100544.0,0.0002353583
3243,1790365434.9155147,53116930.0,0.0002353583
3244,1790365454.9175837,53133310.0,0.0002353583
3245,1790365474.915314,53149696.0,0.0007060749
3246,1790365484.9152927,53166080.0,0.0
3247,1790365504.9184542,53182464.0,0.0002353583
3248,1790365524.9154654,53198850.0,0.0004707166
3249,1790365544.9161582,53215230.0,0.0002353583
3250,1790365564.9163048,53231616.0,0.0002353583
3251,1790365574.9180098,53248000.0,0.0007060749
3252,1790365594.9181206,53264384.0,0.0002353583
3253,1790365614.9152412,53280770.0,0.0002353583
3254,1790365634.9162877,53297150.0,0.0002353583
3255,1790365654.9152362,53313536.0,0.0007060749
3256,1790365674.9152987,53329920.0,0.0007060749
3257,1790365684.9186344,53346304.0,0.0004707166
3258,1790365704.9152515,53362690.0,0.0004707166
3259,1790365724.9154196,53379070.0,0.0002353583
3260,1790365744.9178326,53395456.0,0.0
3261,1790365764.9156835,53411840.0,0.0002353583
3262,1790365774.917398,53428224.0,0.0004707166
3263,1790365794.9182308,53444610.0,0.0007060749
3264,1790365814.9173849,53460990.0,0.0007060749
3265,1790365834.9158494,53477376.0,0.0009414332
3266,1790365854.915495,53493760.0,0.0002353583
3267,1790365874.9155016,53510144.0,0.0002353583
3268,1790365894.9157302,53526530.0,0.0004707166
3269,1790365904.9174943,53542910.0,0.0002353583
3270,1790365924.9153378,53559296.0,0.0
3271,1790365944.9152038,53575680.0,0.0004707166
3272,1790365964.915877,53592064.0,0.0007060749
3273,1790365984.915175,53608450.0,0.0004707166
3274,1790365994.9153786,53624830.0,0.0
3275,1790366014.9178455,53641216.0,0.0
3276,1790366034.9153872,53657600.0,0.0002353583
3277,1790366054.915213,53673984.0,0.0002353583
3278,1790366074.9150567,53690370.0,0.0004707166
3279,1790366084.915029,53706750.0,0.0007060749
3280,1790366104.9181025,53723136.0,0.0002353583
3281,1790366124.9186566,53739520.0,0.0004707166
3282,1790366144.9157245,53755904.0,0.0004707166
3283,1790366164.9160783,53772290.0,0.0002353583
3284,1790366184.9152465,53788670.0,0.0004707166
3285,1790366194.9157605,53805056.0,0.0
3286,1790366214.9154365,53821440.0,0.0002353583
3287,1790366234.9154036,53837824.0,0.0002353583
3288,1790366254.915487,53854210.0,0.0007060749
3289,1790366274.9156556,53870590.0,0.0002353583
3290,1790366284.915434,53886976.0,0.0002353583
3291,1790366304.91815,53903360.0,0.0007060749
3292,1790366324.917264,53919744.0,0.0014121498
3293,1790366344.915365,53936130.0,0.0009414332
3294,1790366364.915439,53952510.0,0.0002353583
3295,1790366384.9151225,53968896.0,0.0
3296,1790366394.9177852,53985280.0,0.0004707166
3297,1790366414.9167864,54001664.0,0.0004707166
3298,1790366434.9159603,54018050.0,0.0
3299,1790366454.9152074,54034430.0,0.0002353583
3300,1790366474.9153144,54050816.0,0.0002353583
3301,1790366484.9183064,54067200.0,0.0014121498
3302,1790366504.9186792,54083584.0,0.0007060749
3303,1790366524.9156315,54099970.0,0.0
3304,1790366544.9155493,54116350.0,0.0007060749
3305,1790366564.9153528,54132736.0,0.0007060749
3306,1790366584.9165232,54149120.0,0.0007060749
3307,1790366594.9193146,54165504.0,0.0002353583
3308,1790366614.9157577,54181890.0,0.0004707166
3309,1790366634.9155502,54198270.0,0.0004707166
3310,1790366654.9157116,54214656.0,0.0004707166
3311,1790366674.9155097,54231040.0,0.0007060749
3312,1790366694.916043,54247424.0,0.0007060749
3313,1790366704.9179091,54263810.0,0.0011767915
3314,1790366724.9155676,54280190.0,0.0007060749
3315,1790366744.915486,54296576.0,0.0
3316,1790366764.9156203,54312960.0,0.0007060749
3317,1790366784.915312,54329344.0,0.0002353583
3318,1790366794.918089,54345730.0,0.0002353583
3319,1790366814.918123,54362110.0,0.0002353583
3320,1790366834.9175298,54378496.0,0.0
3321,1790366854.915486,54394880.0,0.0007060749
3322,1790366874.915134,54411264.0,0.0
3323,1790366894.9151776,54427650.0,0.0
3324,1790366904.9182792,54444030.0,0.0002353583
3325,1790366924.917043,54460416.0,0.0004707166
3326,1790366944.9154837,54476800.0,0.0007060749
3327,1790366964.914947,54493184.0,0.0002353583
3328,1790366984.9149437,54509570.0,0.0
3329,1790367004.915619,54525950.0,0.0009414332
3330,1790367014.9184203,54542336.0,0.0002353583
3331,1790367034.915806,54558720.0,0.0002353583
3332,1790367054.9182258,54575104.0,0.0007060749
3333,1790367074.915096,54591490.0,0.0007060749
3334,1790367094.9150538,54607870.0,0.0
3335,1790367104.9210887,54624256.0,0.0002353583
3336,1790367124.917304,54640640.0,0.0002353583
3337,1790367144.9152095,54657024.0,0.0002353583
3338,1790367164.9162643,54673410.0,0.0002353583
3339,1790367184.9152803,54689790.0,0.0004707166
3340,1790367194.918433,54706176.0,0.0009414332
3341,1790367214.9181814,54722560.0,0.0002353583
3342,1790367234.915311,54738944.0,0.0004707166
3343,1790367254.9152005,54755330.0,0.0002353583
3344,1790367274.9155324,54771710.0,0.0
3345,1790367294.915907,54788096.0,0.0004707166
3346,1790367304.918343,54804480.0,0.0002353583
3347,1790367324.9179437,54820864.0,0.0004707166
3348,1790367344.9162214,54837250.0,0.0
3349,1790367364.9167063,54853630.0,0.0004707166
3350,1790367384.914936,54870016.0,0.0007060749
3351,1790367404.9160128,54886400.0,0.0007060749
3352,1790367414.9180062,54902784.0,0.0007060749
3353,1790367434.9171462,54919170.0,0.0002353583
3354,1790367454.9158587,54935550.0,0.0002353583
3355,1790367474.9166822,54951936.0,0.0
3356,1790367494.9152982,54968320.0,0.0002353583
3357,1790367514.9157152,54984704.0,0.0009414332
3358,1790367524.9153268,55001090.0,0.0004707166
3359,1790367544.915432,55017470.0,0.0004707166
3360,1790367564.915375,55033856.0,0.0004707166
3361,1790367584.9154882,55050240.0,0.0009414332
3362,1790367604.915203,55066624.0,0.0007060749
3363,1790367624.9154,55083010.0,0.0
3364,1790367634.9190187,55099390.0,0.0007060749
3365,1790367654.9162064,55115776.0,0.0
3366,1790367674.9151545,55132160.0,0.0
3367,1790367694.9155111,55148544.0,0.0
3368,1790367714.9157274,55164930.0,0.0
3369,1790367724.9178138,55181310.0,0.0002353583
3370,1790367744.917665,55197696.0,0.0
3371,1790367764.9154058,55214080.0,0.0002353583
3372,1790367784.9170458,55230464.0,0.0004707166
3373,1790367804.915553,55246850.0,0.0
3374,1790367814.9181516,55263230.0,0.0002353583
3375,1790367834.9174795,55279616.0,0.0
3376,1790367854.9152975,55296000.0,0.0
3377,1790367874.9168303,55312384.0,0.0
3378,1790367894.9154365,55328770.0,0.0007060749
3379,1790367904.9172564,55345150.0,0.0002353583
3380,1790367924.9183097,55361536.0,0.0002353583
3381,1790367944.91599,55377920.0,0.0002353583
3382,1790367964.9162128,55394304.0,0.0004707166
3383,1790367984.9153056,55410690.0,0.0004707166
3384,1790367994.9181564,55427070.0,0.0
3385,1790368014.917915,55443456.0,0.0004707166
3386,1790368034.915561,55459840.0,0.0002353583
3387,1790368054.915264,55476224.0,0.0002353583
3388,1790368074.9154558,55492610.0,0.0004707166
3389,1790368094.915115,55508990.0,0.0004707166
3390,1790368104.9178488,55525376.0,0.0007060749
3391,1790368124.9176655,55541760.0,0.0004707166
3392,1790368144.9152625,55558144.0,0.0004707166
3393,1790368164.9153965,55574530.0,0.0002353583
3394,1790368184.9151886,55590910.0,0.0002353583
3395,1790368204.9160872,55607296.0,0.0007060749
3396,1790368214.9185417,55623680.0,0.0
3397,1790368234.9179244,55640064.0,0.0
3398,1790368254.9187658,55656450.0,0.0004707166
3399,1790368274.9196038,55672830.0,0.0002353583
3400,1790368294.9158812,55689216.0,0.0004707166
3401,1790368304.9185884,55705600.0,0.0004707166
3402,1790368324.9179835,55721984.0,0.0
3403,1790368344.9154,55738370.0,0.0
3404,1790368364.9170768,55754750.0,0.0
3405,1790368384.915334,55771136.0,0.0
3406,1790368404.9176064,55787520.0,0.0011767915
3407,1790368414.917614,55803904.0,0.0002353583
3408,1790368434.9154766,55820290.0,0.0004707166
3409,1790368454.917959,55836670.0,0.0007060749
3410,1790368474.9153674,55853056.0,0.0002353583
3411,1790368494.9165068,55869440.0,0.0002353583
3412,1790368504.9180677,55885824.0,0.0004707166
3413,1790368524.9168797,55902210.0,0.0004707166
3414,1790368544.918137,55918590.0,0.0007060749
3415,1790368564.9181688,55934976.0,0.0002353583
3416,1790368584.9153397,55951360.0,0.0
3417,1790368604.9165752,55967744.0,0.0004707166
3418,1790368614.9193995,55984130.0,0.0007060749
3419,1790368634.9182875,56000510.0,0.0004707166
3420,1790368654.916288,56016896.0,0.0004707166
3421,1790368674.9155004,56033280.0,0.0004707166
3422,1790368684.91811,56049664.0,0.0
3423,1790368704.9183445,56066050.0,0.0002353583
3424,1790368724.9151154,56082430.0,0.0004707166
3425,1790368744.9155777,56098816.0,0.0004707166
3426,1790368764.9157486,56115200.0,0.0002353583
3427,1790368784.9152672,56131584.0,0.0004707166
3428,1790368804.9157648,56147970.0,0.0007060749
3429,1790368814.9176877,56164350.0,0.0002353583
3430,1790368834.9154038,56180736.0,0.0007060749
3431,1790368854.9155724,56197120.0,0.0004707166
3432,1790368874.9163122,56213504.0,0.0
3433,1790368894.9150393,56229890.0,0.0004707166
3434,1790368914.9152558,56246270.0,0.0
3435,1790368924.916391,56262656.0,0.0002353583
3436,1790368944.9155078,56279040.0,0.0007060749
3437,1790368964.9164257,56295424.0,0.0007060749
3438,1790368984.916786,56311810.0,0.0009414332
3439,1790369004.9154017,56328190.0,0.0004707166
3440,1790369014.9160888,56344576.0,0.0002353583
3441,1790369034.9152186,56360960.0,0.0007060749
3442,1790369054.9151194,56377344.0,0.0004707166
3443,1790369074.9165802,56393730.0,0.0004707166
3444,1790369094.9167626,56410110.0,0.0004707166
3445,1790369104.9181774,56426496.0,0.0002353583
3446,1790369124.9152832,56442880.0,0.0002353583
3447,1790369144.915793,56459264.0,0.0009414332
3448,1790369164.9158328,56475650.0,0.0
3449,1790369184.9161277,56492030.0,0.0002353583
3450,1790369194.9173143,56508416.0,0.0004707166
3451,1790369214.9169848,56524800.0,0.0002353583
3452,1790369234.9155922,56541184.0,0.0004707166
3453,1790369254.915539,56557570.0,0.0002353583
3454,1790369274.9156215,56573950.0,0.0002353583
3455,1790369294.917968,56590336.0,0.0007060749
3456,1790369304.9185674,56606720.0,0.0
3457,1790369324.9174497,56623104.0,0.0
3458,1790369344.9152486,56639490.0,0.0002353583
3459,1790369364.915724,56655870.0,0.0004707166
3460,1790369384.9157045,56672256.0,0.0007060749
3461,1790369404.9165146,56688640.0,0.0002353583
3462,1790369414.9207127,56705024.0,0.0004707166
3463,1790369434.9155142,56721410.0,0.0004707166
3464,1790369454.9152873,56737790.0,0.0004707166
3465,1790369474.916051,56754176.0,0.0002353583
3466,1790369494.9150157,56770560.0,0.0
3467,1790369504.9186404,56786944.0,0.0002353583
3468,1790369524.9156215,56803330.0,0.0007060749
3469,1790369544.9152594,56819710.0,0.0004707166
3470,1790369564.915491,56836096.0,0.0
3471,1790369584.9164631,56852480.0,0.0004707166
3472,1790369604.9169033,56868864.0,0.0002353583
3473,1790369614.9178114,56885250.0,0.0004707166
3474,1790369634.9163888,56901630.0,0.0
3475,1790369654.9202757,56918016.0,0.0
3476,1790369674.9161928,56934400.0,0.0009414332
3477,1790369694.9158666,56950784.0,0.0
3478,1790369704.9178684,56967170.0,0.0007060749
3479,1790369724.9180489,56983550.0,0.0007060749
3480,1790369744.9154663,56999936.0,0.0004707166
3481,1790369764.9178874,57016320.0,0.0004707166
3482,1790369784.917774,57032704.0,0.0002353583
3483,1790369804.915679,57049090.0,0.0002353583
3484,1790369814.9163136,57065470.0,0.0004707166
3485,1790369834.9147506,57081856.0,0.0002353583
3486,1790369854.9155562,57098240.0,0.0009414332
3487,1790369874.917109,57114624.0,0.0
3488,1790369894.9159417,57131010.0,0.0
3489,1790369914.915649,57147390.0,0.0004707166
3490,1790369924.9177184,57163776.0,0.0007060749
3491,1790369944.9182346,57180160.0,0.0002353583
3492,1790369964.9156592,57196544.0,0.0
3493,1790369984.9174428,57212930.0,0.0009414332
3494,1790370004.916226,57229310.0,0.0009414332
3495,1790370024.915559,57245696.0,0.0009414332
3496,1790370034.9184835,57262080.0,0.0
3497,1790370054.915911,57278464.0,0.0002353583
3498,1790370074.918923,57294850.0,0.0004707166
3499,1790370094.9158227,57311230.0,0.0004707166
3500,1790370114.9168775,57327616.0,0.0002353583
3501,1790370124.916855,57344000.0,0.0004707166
3502,1790370144.9176855,57360384.0,0.0007060749
3503,1790370164.9174592,57376770.0,0.0002353583
3504,1790370184.9152377,57393150.0,0.0002353583
3505,1790370204.9154055,57409536.0,0.0009414332
3506,1790370224.9159598,57425920.0,0.0004707166
3507,1790370234.917568,57442304.0,0.0007060749
3508,1790370254.915967,57458690.0,0.0004707166
3509,1790370274.9172378,57475070.0,0.0002353583
3510,1790370294.9177675,57491456.0,0.0002353583
3511,1790370314.915203,57507840.0,0.0
3512,1790370324.9178178,57524224.0,0.0
3513,1790370344.9177234,57540610.0,0.0009414332
3514,1790370364.91644,57556990.0,0.0004707166
3515,1790370384.917812,57573376.0,0.0002353583
3516,1790370404.915275,57589760.0,0.0007060749
3517,1790370424.9152496,57606144.0,0.0007060749
3518,1790370434.9180048,57622530.0,0.0007060749
3519,1790370454.9158804,57638910.0,0.0002353583
3520,1790370474.916324,57655296.0,0.0007060749
3521,1790370494.9159186,57671680.0,0.0002353583
3522,1790370514.9151268,57688064.0,0.0007060749
3523,1790370524.9178953,57704450.0,0.0004707166
3524,1790370544.9190953,57720830.0,0.0002353583
3525,1790370564.9152515,57737216.0,0.0002353583
3526,1790370584.9154074,57753600.0,0.0004707166
3527,1790370604.9161491,57769984.0,0.0011767915
3528,1790370624.9154694,57786370.0,0.0009414332
3529,1790370634.919325,57802750.0,0.0
3530,1790370654.915403,57819136.0,0.0002353583
3531,1790370674.9151137,57835520.0,0.0007060749
3532,1790370694.917971,57851904.0,0.0004707166
3533,1790370714.916558,57868290.0,0.0002353583
3534,1790370724.9182854,57884670.0,0.0
3535,1790370744.917566,57901056.0,0.0004707166
3536,1790370764.916561,57917440.0,0.0002353583
3537,1790370784.9161794,57933824.0,0.0004707166
3538,1790370804.915604,57950210.0,0.0
3539,1790370824.915788,57966590.0,0.0002353583
3540,1790370834.9176257,57982976.0,0.0002353583
3541,1790370854.915203,57999360.0,0.0002353583
3542,1790370874.916019,58015744.0,0.0009414332
3543,1790370894.9156682,58032130.0,0.0011767915
3544,1790370914.915265,58048510.0,0.0002353583
3545,1790370924.918147,58064896.0,0.0004707166
3546,1790370944.915457,58081280.0,0.0002353583
3547,1790370964.915327,58097664.0,0.0009414332
3548,1790370984.915669,58114050.0,0.0011767915
3549,1790371004.9152672,58130430.0,0.0
3550,1790371024.9155672,58146816.0,0.0002353583
3551,1790371034.917973,58163200.0,0.0004707166
3552,1790371054.918446,58179584.0,0.0002353583
3553,1790371074.91605,58195970.0,0.0002353583
3554,1790371094.9154496,58212350.0,0.0002353583
3555,1790371114.9155204,58228736.0,0.0009414332
3556,1790371134.915448,58245120.0,0.0004707166
3557,1790371144.9199252,58261504.0,0.0002353583
3558,1790371164.915495,58277890.0,0.0004707166
3559,1790371184.9181275,58294270.0,0.0007060749
3560,1790371204.915695,58310656.0,0.0
3561,1790371224.9188583,58327040.0,0.0009414332
3562,1790371234.9185283,58343424.0,0.0002353583
3563,1790371254.918563,58359810.0,0.0
3564,1790371274.9154394,58376190.0,0.0002353583
3565,1790371294.9162965,58392576.0,0.0
3566,1790371314.9155807,58408960.0,0.0004707166
3567,1790371334.915974,58425344.0,0.0002353583
3568,1790371344.9175892,58441730.0,0.0004707166
3569,1790371364.9163878,58458110.0,0.0002353583
3570,1790371384.9168196,58474496.0,0.0
3571,1790371404.915979,58490880.0,0.0004707166
3572,1790371424.9162078,58507264.0,0.0004707166
3573,1790371444.9153883,58523650.0,0.0002353583
3574,1790371454.9181435,58540030.0,0.0
3575,1790371474.915806,58556416.0,0.0004707166
3576,1790371494.9176047,58572800.0,0.0007060749
3577,1790371514.916886,58589184.0,0.0007060749
3578,1790371534.9152498,58605570.0,0.0007060749
3579,1790371544.9186726,58621950.0,0.0002353583
3580,1790371564.9200082,58638336.0,0.0004707166
3581,1790371584.916566,58654720.0,0.0004707166
3582,1790371604.9159815,58671104.0,0.0004707166
3583,1790371624.915393,58687490.0,0.0011767915
3584,1790371644.9161818,58703870.0,0.0002353583
3585,1790371654.916814,58720256.0,0.0002353583
3586,1790371674.9178102,58736640.0,0.0011767915
3587,1790371694.915866,58753024.0,0.0007060749
3588,1790371714.9163027,58769410.0,0.0002353583
3589,1790371734.918678,58785790.0,0.0
3590,1790371744.9183755,58802176.0,0.0004707166
3591,1790371764.917696,58818560.0,0.0004707166
3592,1790371784.915367,58834944.0,0.0
3593,1790371804.9153104,58851330.0,0.0002353583
3594,1790371824.9150712,58867710.0,0.0002353583
3595,1790371844.916516,58884096.0,0.0004707166
3596,1790371854.9185548,58900480.0,0.0004707166
3597,1790371874.9176996,58916864.0,0.0007060749
3598,1790371894.9158225,58933250.0,0.0
3599,1790371914.9153292,58949630.0,0.0007060749
3600,1790371934.9163437,58966016.0,0.0007060749
3601,1790371944.9180238,58982400.0,0.0004707166
3602,1790371964.915018,58998784.0,0.0
3603,1790371984.915685,59015170.0,0.0009414332
3604,1790372004.9154265,59031550.0,0.0004707166
3605,1790372024.915799,59047936.0,0.0
3606,1790372044.9191744,59064320.0,0.0009414332
3607,1790372054.9180558,59080704.0,0.0
3608,1790372074.9186585,59097090.0,0.0004707166
3609,1790372094.9157565,59113470.0,0.0004707166
3610,1790372114.9159992,59129856.0,0.0
3611,1790372134.9162478,59146240.0,0.0004707166
3612,1790372144.9187517,59162624.0,0.0014121498
3613,1790372164.9185286,59179010.0,0.0002353583
3614,1790372184.9152138,59195390.0,0.0
3615,1790372204.916217,59211776.0,0.0002353583
3616,1790372224.9193313,59228160.0,0.0004707166
3617,1790372244.9157124,59244544.0,0.0014121498
3618,1790372254.9182286,59260930.0,0.0002353583
3619,1790372274.91545,59277310.0,0.0004707166
3620,1790372294.9157672,59293696.0,0.0002353583
3621,1790372314.91578,59310080.0,0.0004707166
3622,1790372334.9166589,59326464.0,0.0002353583
3623,1790372354.915216,59342850.0,0.0007060749
3624,1790372364.9166982,59359230.0,0.0004707166
3625,1790372384.915499,59375616.0,0.0011767915
3626,1790372404.916504,59392000.0,0.0011767915
3627,1790372424.9154325,59408384.0,0.0007060749
3628,1790372444.9152412,59424770.0,0.0
3629,1790372454.917505,59441150.0,0.0002353583
3630,1790372474.9154527,59457536.0,0.0002353583
3631,1790372494.9163415,59473920.0,0.0
3632,1790372514.9154897,59490304.0,0.0002353583
3633,1790372534.915421,59506690.0,0.0
3634,1790372544.918221,59523070.0,0.0002353583
3635,1790372564.915631,59539456.0,0.0002353583
3636,1790372584.9151833,59555840.0,0.0002353583
3637,1790372604.9164398,59572224.0,0.0
3638,1790372624.916262,59588610.0,0.0009414332
3639,1790372634.9179678,59604990.0,0.0004707166
3640,1790372654.917982,59621376.0,0.0002353583
3641,1790372674.9153,59637760.0,0.0002353583
3642,1790372694.9154484,59654144.0,0.0002353583
3643,1790372714.9163263,59670530.0,0.0
3644,1790372734.9160924,59686910.0,0.0007060749
3645,1790372744.915533,59703296.0,0.0004707166
3646,1790372764.9160876,59719680.0,0.0009414332
3647,1790372784.9150903,59736064.0,0.0004707166
3648,1790372804.9161243,59752450.0,0.0004707166
3649,1790372824.9184332,59768830.0,0.0004707166
3650,1790372834.9189918,59785216.0,0.0002353583
3651,1790372854.91593,59801600.0,0.0002353583
3652,1790372874.9154148,59817984.0,0.0
3653,1790372894.915454,59834370.0,0.0007060749
3654,1790372914.915588,59850750.0,0.0
3655,1790372924.915214,59867136.0,0.0014121498
3656,1790372944.9154325,59883520.0,0.0002353583
3657,1790372964.9161837,59899904.0,0.0002353583
3658,1790372984.9168324,59916290.0,0.0
3659,1790373004.915513,59932670.0,0.0004707166
3660,1790373014.919553,59949056.0,0.0009414332
3661,1790373034.9153388,59965440.0,0.0002353583
3662,1790373054.9155228,59981824.0,0.0
3663,1790373074.9155607,59998210.0,0.0011767915
3664,1790373094.915867,60014590.0,0.0
3665,1790373104.9174688,60030976.0,0.0007060749
3666,1790373124.9152396,60047360.0,0.0004707166
3667,1790373144.914922,60063744.0,0.0
3668,1790373164.9163444,60080130.0,0.0007060749
3669,1790373184.9164484,60096510.0,0.0
3670,1790373204.916229,60112896.0,0.0002353583
3671,1790373214.9181716,60129280.0,0.0009414332
3672,1790373234.9153318,60145664.0,0.0007060749
3673,1790373254.915737,60162050.0,0.0002353583
3674,1790373274.91505,60178430.0,0.0007060749
3675,1790373294.9157555,60194816.0,0.0
3676,1790373304.9175372,60211200.0,0.0004707166
3677,1790373324.9165952,60227584.0,0.0004707166
3678,1790373344.9150956,60243970.0,0.0002353583
3679,1790373364.9174883,60260350.0,0.0002353583
3680,1790373384.9150686,60276736.0,0.0
3681,1790373394.9183142,60293120.0,0.0002353583
3682,1790373414.9179382,60309504.0,0.0007060749
3683,1790373434.9162295,60325890.0,0.0014121498
3684,1790373454.9153702,60342270.0,0.0002353583
3685,1790373474.915437,60358656.0,0.0002353583
3686,1790373484.9177864,60375040.0,0.0
3687,1790373504.9164925,60391424.0,0.0002353583
3688,1790373524.915672,60407810.0,0.0
3689,1790373544.9163167,60424190.0,0.0007060749
3690,1790373564.9158385,60440576.0,0.0004707166
3691,1790373584.915519,60456960.0,0.0004707166
3692,1790373604.915338,60473344.0,0.0011767915
3693,1790373614.917605,60489730.0,0.0009414332
3694,1790373634.9158714,60506110.0,0.0007060749
3695,1790373654.9151988,60522496.0,0.0004707166
3696,1790373674.9162977,60538880.0,0.0002353583
3697,1790373694.9157426,60555264.0,0.0002353583
3698,1790373704.9155765,60571650.0,0.0002353583
3699,1790373724.9150994,60588030.0,0.0002353583
3700,1790373744.9155798,60604416.0,0.0004707166
3701,1790373764.9162145,60620800.0,0.0004707166
3702,1790373784.915707,60637184.0,0.0007060749
3703,1790373794.9164534,60653570.0,0.0004707166
3704,1790373814.9155018,60669950.0,0.0004707166
3705,1790373834.9156835,60686336.0,0.0004707166
3706,1790373854.9161506,60702720.0,0.0004707166
3707,1790373874.91573,60719104.0,0.0004707166
3708,1790373884.9187589,60735490.0,0.0
3709,1790373904.9162982,60751870.0,0.0002353583
3710,1790373924.916193,60768256.0,0.0004707166
3711,1790373944.9161236,60784640.0,0.0002353583
3712,1790373964.9153275,60801024.0,0.0002353583
3713,1790373974.9184806,60817410.0,0.0007060749
3714,1790373994.9153335,60833790.0,0.0
3715,1790374014.9159105,60850176.0,0.0007060749
3716,1790374034.9157412,60866560.0,0.0002353583
3717,1790374054.915493,60882944.0,0.0
3718,1790374064.9168797,60899330.0,0.0002353583
3719,1790374084.9202006,60915710.0,0.0002353583
3720,1790374104.915699,60932096.0,0.0
3721,1790374124.9154804,60948480.0,0.0002353583
3722,1790374144.9152918,60964864.0,0.0007060749
3723,1790374164.9155426,60981250.0,0.0
3724,1790374174.918234,60997630.0,0.0004707166
3725,1790374194.916752,61014016.0,0.0009414332
3726,1790374214.9163897,61030400.0,0.0009414332
3727,1790374234.9151747,61046784.0,0.0004707166
3728,1790374254.9152534,61063170.0,0.0007060749
3729,1790374264.9176762,61079550.0,0.0011767915
3730,1790374284.9178164,61095936.0,0.0004707166
3731,1790374304.915603,61112320.0,0.0002353583
3732,1790374324.9173708,61128704.0,0.0
3733,1790374344.9165316,61145090.0,0.0
3734,1790374354.9178932,61161470.0,0.0007060749
3735,1790374374.9171906,61177856.0,0.0
3736,1790374394.9166317,61194240.0,0.0004707166
3737,1790374414.917047,61210624.0,0.0014121498
3738,1790374434.915678,61227010.0,0.0009414332
3739,1790374454.9162734,61243390.0,0.0002353583
3740,1790374464.9171383,61259776.0,0.0
3741,1790374484.915825,61276160.0,0.0002353583
3742,1790374504.9152207,61292544.0,0.0007060749
3743,1790374524.915522,61308930.0,0.0002353583
3744,1790374534.9183514,61325310.0,0.0004707166
3745,1790374554.917866,61341696.0,0.0014121498
3746,1790374574.9152648,61358080.0,0.0009414332
3747,1790374594.9171083,61374464.0,0.0002353583
3748,1790374614.9151614,61390850.0,0.0
3749,1790374624.921106,61407230.0,0.0
3750,1790374644.9177282,61423616.0,0.0007060749
3751,1790374664.9151573,61440000.0,0.0002353583
3752,1790374684.9166803,61456384.0,0.0002353583
3753,1790374704.9160936,61472770.0,0.0002353583
3754,1790374724.91627,61489150.0,0.0004707166
3755,1790374734.9154625,61505536.0,0.0002353583
3756,1790374754.915881,61521920.0,0.0007060749
3757,1790374774.915827,61538304.0,0.0009414332
3758,1790374794.9162982,61554690.0,0.0002353583
3759,1790374814.915811,61571070.0,0.0004707166
3760,1790374824.9182186,61587456.0,0.0004707166
3761,1790374844.9162097,61603840.0,0.0007060749
3762,1790374864.9157772,61620224.0,0.0002353583
3763,1790374884.915667,61636610.0,0.0014121498
3764,1790374904.9162338,61652990.0,0.0002353583
3765,1790374914.9179978,61669376.0,0.0002353583
3766,1790374934.9176445,61685760.0,0.0
3767,1790374954.915667,61702144.0,0.0004707166
3768,1790374974.915254,61718530.0,0.0
3769,1790374994.9157045,61734910.0,0.0007060749
3770,1790375014.9159691,61751296.0,0.0009414332
3771,1790375024.9163463,61767680.0,0.0004707166
3772,1790375044.918496,61784064.0,0.0
3773,1790375064.9155018,61800450.0,0.0004707166
3774,1790375084.9155793,61816830.0,0.0002353583
3775,1790375104.9158883,61833216.0,0.0
3776,1790375114.9156013,61849600.0,0.0009414332
3777,1790375134.9160347,61865984.0,0.0
3778,1790375154.91604,61882370.0,0.0009414332
3779,1790375174.9158273,61898750.0,0.0007060749
3780,1790375194.9164474,61915136.0,0.0002353583
3781,1790375214.9167714,61931520.0,0.0002353583
3782,1790375224.9174428,61947904.0,0.0
3783,1790375244.9160264,61964290.0,0.0
3784,1790375264.9172337,61980670.0,0.0002353583
3785,1790375284.9155788,61997056.0,0.0002353583
3786,1790375304.915512,62013440.0,0.0004707166
3787,1790375314.9161367,62029824.0,0.0
3788,1790375334.9177475,62046210.0,0.0
3789,1790375354.9160838,62062590.0,0.0007060749
3790,1790375374.9163885,62078976.0,0.0004707166
3791,1790375394.9182365,62095360.0,0.0004707166
3792,1790375404.9177444,62111744.0,0.0002353583
3793,1790375424.918193,62128130.0,0.0004707166
3794,1790375444.9157653,62144510.0,0.0007060749
3795,1790375464.915714,62160896.0,0.0
3796,1790375484.9153745,62177280.0,0.0004707166
3797,1790375494.9167504,62193664.0,0.0009414332
3798,1790375514.917723,62210050.0,0.0002353583
3799,1790375534.9173024,62226430.0,0.0004707166
3800,1790375554.9162023,62242816.0,0.0
3801,1790375574.915624,62259200.0,0.0004707166
3802,1790375584.9178722,62275584.0,0.0004707166
3803,1790375604.9181569,62291970.0,0.0004707166
3804,1790375624.915708,62308350.0,0.0014121498
3805,1790375644.9158156,62324736.0,0.0004707166
3806,1790375664.9159417,62341120.0,0.0004707166
3807,1790375684.916117,62357504.0,0.0002353583
3808,1790375694.9162755,62373890.0,0.0009414332
3809,1790375714.915708,62390270.0,0.0009414332
3810,1790375734.9154592,62406656.0,0.0007060749
3811,1790375754.9154277,62423040.0,0.0007060749
3812,1790375774.9158158,62439424.0,0.0002353583
3813,1790375794.9161117,62455810.0,0.0002353583
3814,1790375804.9181025,62472190.0,0.0
3815,1790375824.9157405,62488576.0,0.0007060749
3816,1790375844.9180267,62504960.0,0.0
3817,1790375864.9150474,62521344.0,0.0009414332
3818,1790375884.917696,62537730.0,0.0
3819,1790375904.9152436,62554110.0,0.0009414332
3820,1790375914.9181545,62570496.0,0.0002353583
3821,1790375934.91569,62586880.0,0.0009414332
3822,1790375954.9161656,62603264.0,0.0007060749
3823,1790375974.915414,62619650.0,0.0002353583
3824,1790375994.9153397,62636030.0,0.0002353583
3825,1790376014.915639,62652416.0,0.0009414332
3826,1790376024.9152918,62668800.0,0.0007060749
3827,1790376044.9156308,62685184.0,0.0002353583
3828,1790376064.9158516,62701570.0,0.0004707166
3829,1790376084.9178948,62717950.0,0.0007060749
3830,1790376104.9152768,62734336.0,0.0009414332
3831,1790376114.9180317,62750720.0,0.0002353583
3832,1790376134.9168596,62767104.0,0.0009414332
3833,1790376154.915877,62783490.0,0.0002353583
3834,1790376174.915409,62799870.0,0.0011767915
3835,1790376194.9153,62816256.0,0.0007060749
3836,1790376204.9179769,62832640.0,0.0007060749
3837,1790376224.918836,62849024.0,0.0009414332
3838,1790376244.9157476,62865410.0,0.0
3839,1790376264.915324,62881790.0,0.0004707166
3840,1790376284.9151268,62898176.0,0.0007060749
3841,1790376304.9162445,62914560.0,0.0009414332
3842,1790376314.9167516,62930944.0,0.0002353583
3843,1790376334.915842,62947330.0,0.0004707166
3844,1790376354.9151132,62963710.0,0.0002353583
3845,1790376374.9159958,62980096.0,0.0009414332
3846,1790376394.91635,62996480.0,0.0002353583
3847,1790376404.9189975,63012864.0,0.0002353583
3848,1790376424.915525,63029250.0,0.0007060749
3849,1790376444.9152462,63045630.0,0.0002353583
3850,1790376464.9153745,63062016.0,0.0
3851,1790376484.9152994,63078400.0,0.0009414332
3852,1790376494.9170294,63094784.0,0.0002353583
3853,1790376514.9171565,63111170.0,0.0011767915
3854,1790376534.9170306,63127550.0,0.0007060749
3855,1790376554.9169185,63143936.0,0.0004707166
3856,1790376574.9158504,63160320.0,0.0002353583
3857,1790376594.9156165,63176704.0,0.0002353583
3858,1790376604.918295,63193090.0,0.0004707166
3859,1790376624.9156573,63209470.0,0.0
3860,1790376644.9171822,63225856.0,0.0002353583
3861,1790376664.9153843,63242240.0,0.0002353583
3862,1790376684.9153354,63258624.0,0.0
3863,1790376694.9166207,63275010.0,0.0007060749
3864,1790376714.9177363,63291390.0,0.0
3865,1790376734.9177055,63307776.0,0.0004707166
3866,1790376754.9155378,63324160.0,0.0011767915
3867,1790376774.915281,63340544.0,0.0007060749
3868,1790376794.9154782,63356930.0,0.0004707166
3869,1790376804.919262,63373310.0,0.0009414332
3870,1790376824.9151666,63389696.0,0.0004707166
3871,1790376844.915192,63406080.0,0.0002353583
3872,1790376864.9168842,63422464.0,0.0002353583
3873,1790376884.9152014,63438850.0,0.0
3874,1790376894.91831,63455230.0,0.0004707166
3875,1790376914.915382,63471616.0,0.0
3876,1790376934.915496,63488000.0,0.0002353583
3877,1790376954.9177413,63504384.0,0.0002353583
3878,1790376974.9162738,63520770.0,0.0
3879,1790376984.9180684,63537150.0,0.0
3880,1790377004.9158487,63553536.0,0.0002353583
3881,1790377024.9163413,63569920.0,0.0
3882,1790377044.9151363,63586304.0,0.0002353583
3883,1790377064.9150643,63602690.0,0.0
3884,1790377074.9183877,63619070.0,0.0004707166
3885,1790377094.9161763,63635456.0,0.0002353583
3886,1790377114.9163373,63651840.0,0.0004707166
3887,1790377134.9152658,63668224.0,0.0004707166
3888,1790377154.9154067,63684610.0,0.0002353583
3889,1790377174.9153705,63700990.0,0.0002353583
3890,1790377184.9176114,63717376.0,0.0004707166
3891,1790377204.916251,63733760.0,0.0007060749
3892,1790377224.915264,63750144.0,0.0002353583
3893,1790377244.915529,63766530.0,0.0011767915
3894,1790377264.91554,63782910.0,0.0002353583
3895,1790377274.9184008,63799296.0,0.0004707166
3896,1790377294.91673,63815680.0,0.0007060749
3897,1790377314.9160025,63832064.0,0.0
3898,1790377334.9159634,63848450.0,0.0009414332
3899,1790377354.915739,63864830.0,0.0007060749
3900,1790377364.919242,63881216.0,0.0011767915
3901,1790377384.9155805,63897600.0,0.0002353583
3902,1790377404.9164412,63913984.0,0.0004707166
3903,1790377424.916732,63930370.0,0.0002353583
3904,1790377444.915211,63946750.0,0.0
3905,1790377454.9187312,63963136.0,0.0007060749
3906,1790377474.9169796,63979520.0,0.0002353583
3907,1790377494.9152553,63995904.0,0.0007060749
3908,1790377514.916354,64012290.0,0.0007060749
3909,1790377534.9159925,64028670.0,0.0002353583
3910,1790377554.916045,64045056.0,0.0004707166
3911,1790377564.9178412,64061440.0,0.0
3912,1790377584.917683,64077824.0,0.0004707166
3913,1790377604.915118,64094210.0,0.0004707166
3914,1790377624.9155266,64110590.0,0.0002353583
3915,1790377644.9150162,64126976.0,0.0
3916,1790377654.9173608,64143360.0,0.0004707166
3917,1790377674.918007,64159744.0,0.0002353583
3918,1790377694.9155746,64176130.0,0.0002353583
3919,1790377714.9152331,64192510.0,0.0002353583
3920,1790377734.916597,64208896.0,0.0004707166
3921,1790377754.9153106,64225280.0,0.0
3922,1790377764.9153917,64241664.0,0.0002353583
3923,1790377784.915524,64258050.0,0.0002353583
3924,1790377804.9154568,64274430.0,0.0014121498
3925,1790377824.915482,64290816.0,0.0002353583
3926,1790377844.9156716,64307200.0,0.0
3927,1790377854.917176,64323584.0,0.0004707166
3928,1790377874.9178655,64339970.0,0.0004707166
3929,1790377894.9165003,64356350.0,0.0004707166
3930,1790377914.915128,64372736.0,0.0004707166
3931,1790377934.916886,64389120.0,0.0002353583
3932,1790377954.915655,64405504.0,0.0007060749
3933,1790377964.9155498,64421890.0,0.0002353583
3934,1790377984.9161325,64438270.0,0.0
3935,1790378004.9161644,64454656.0,0.0007060749
3936,1790378024.9158998,64471040.0,0.0
3937,1790378044.9154506,64487424.0,0.0004707166
3938,1790378054.9181814,64503810.0,0.0004707166
3939,1790378074.91458,64520190.0,0.0004707166
3940,1790378094.9151876,64536576.0,0.0002353583
3941,1790378114.9170604,64552960.0,0.0009414332
3942,1790378134.9157555,64569344.0,0.0004707166
3943,1790378154.918613,64585730.0,0.0002353583
3944,1790378164.918357,64602110.0,0.0
3945,1790378184.9151464,64618496.0,0.0002353583
3946,1790378204.9155135,64634880.0,0.0007060749
3947,1790378224.9154322,64651264.0,0.0007060749
3948,1790378244.915252,64667650.0,0.0007060749
3949,1790378264.9165237,64684030.0,0.0002353583
3950,1790378274.9156914,64700416.0,0.0004707166
3951,1790378294.9161627,64716800.0,0.0007060749
3952,1790378314.9169104,64733184.0,0.0004707166
3953,1790378334.915926,64749570.0,0.0002353583
3954,1790378354.9155445,64765950.0,0.0009414332
3955,1790378364.9177887,64782336.0,0.0007060749
3956,1790378384.9158378,64798720.0,0.0004707166
3957,1790378404.915495,64815104.0,0.0007060749
3958,1790378424.91693,64831490.0,0.0
3959,1790378444.917505,64847870.0,0.0004707166
3960,1790378454.917854,64864256.0,0.0
3961,1790378474.916179,64880640.0,0.0007060749
3962,1790378494.9160657,64897024.0,0.0002353583
3963,1790378514.915692,64913410.0,0.0
3964,1790378534.9164948,64929790.0,0.0002353583
3965,1790378544.917417,64946176.0,0.0
3966,1790378564.9152906,64962560.0,0.0
3967,1790378584.9150677,64978944.0,0.0002353583
3968,1790378604.915427,64995330.0,0.0007060749
3969,1790378624.915425,65011710.0,0.0007060749
3970,1790378634.9171324,65028096.0,0.0002353583
3971,1790378654.9165342,65044480.0,0.0002353583
3972,1790378674.9179463,65060864.0,0.0009414332
3973,1790378694.9192965,65077250.0,0.0007060749
3974,1790378714.9155197,65093630.0,0.0004707166
3975,1790378734.915813,65110016.0,0.0004707166
3976,1790378744.917996,65126400.0,0.0004707166
3977,1790378764.9165795,65142784.0,0.0004707166
3978,1790378784.9154346,65159170.0,0.0004707166
3979,1790378804.9156144,65175550.0,0.0009414332
3980,1790378824.9151652,65191936.0,0.0002353583
3981,1790378834.9177,65208320.0,0.0007060749
3982,1790378854.9151776,65224704.0,0.0
3983,1790378874.9152298,65241090.0,0.0007060749
3984,1790378894.9154356,65257470.0,0.0007060749
3985,1790378914.9158309,65273856.0,0.0004707166
3986,1790378934.9172325,65290240.0,0.0007060749
3987,1790378944.9177794,65306624.0,0.0007060749
3988,1790378964.9153495,65323010.0,0.0004707166
3989,1790378984.9153078,65339390.0,0.0007060749
3990,1790379004.9152143,65355776.0,0.0007060749
3991,1790379024.915261,65372160.0,0.0002353583
3992,1790379034.9187765,65388544.0,0.0004707166
3993,1790379054.9154136,65404930.0,0.0002353583
3994,1790379074.9151323,65421310.0,0.0007060749
3995,1790379094.916028,65437696.0,0.0002353583
3996,1790379114.9151385,65454080.0,0.0004707166
3997,1790379124.9176478,65470464.0,0.0004707166
3998,1790379144.918254,65486850.0,0.0009414332
3999,1790379164.9162,65503230.0,0.0009414332
4000,1790379184.915223,65519616.0,0.0
4001,1790379204.9151351,65536000.0,0.0004707166
4002,1790379224.9154358,65552384.0,0.0002353583
4003,1790379234.9184628,65568770.0,0.0002353583
4004,1790379254.917827,65585150.0,0.0004707166
4005,1790379274.9162247,65601536.0,0.0007060749
4006,1790379294.916313,65617920.0,0.0
4007,1790379314.915442,65634304.0,0.0002353583
4008,1790379324.916916,65650690.0,0.0011767915
4009,1790379344.915158,65667070.0,0.0002353583
4010,1790379364.9156628,65683456.0,0.0
4011,1790379384.9151638,65699840.0,0.0007060749
4012,1790379404.915012,65716224.0,0.0009414332
4013,1790379414.9175243,65732610.0,0.0004707166
4014,1790379434.915638,65748990.0,0.0002353583
4015,1790379454.9155846,65765376.0,0.0002353583
4016,1790379474.9164128,65781760.0,0.0007060749
4017,1790379494.9163203,65798144.0,0.0
4018,1790379504.9178245,65814530.0,0.0002353583
4019,1790379524.9165936,65830910.0,0.0007060749
4020,1790379544.9161272,65847296.0,0.0007060749
4021,1790379564.915098,65863680.0,0.0007060749
4022,1790379584.915327,65880064.0,0.0002353583
4023,1790379594.9171658,65896450.0,0.0004707166
4024,1790379614.9171484,65912830.0,0.0009414332
4025,1790379634.9150214,65929216.0,0.0004707166
4026,1790379654.9157977,65945600.0,0.0004707166
4027,1790379674.915203,65961984.0,0.0002353583
4028,1790379694.9176705,65978370.0,0.0004707166
4029,1790379704.9187818,65994750.0,0.0007060749
4030,1790379724.916482,66011136.0,0.0004707166
4031,1790379744.9158869,66027520.0,0.0002353583
4032,1790379764.9155583,66043904.0,0.0
4033,1790379784.915431,66060290.0,0.0
4034,1790379804.915693,66076670.0,0.0004707166
4035,1790379814.9181397,66093056.0,0.0009414332
4036,1790379834.9157968,66109440.0,0.0002353583
4037,1790379854.9164972,66125824.0,0.0004707166
4038,1790379874.915534,66142210.0,0.0
4039,1790379894.9154966,66158590.0,0.0002353583
4040,1790379904.918265,66174976.0,0.0002353583
4041,1790379924.9178631,66191360.0,0.0002353583
4042,1790379944.9172645,66207744.0,0.0004707166
4043,1790379964.9156344,66224130.0,0.0002353583
4044,1790379984.916791,66240510.0,0.0
4045,1790380004.916275,66256896.0,0.0009414332
4046,1790380014.9182217,66273280.0,0.0007060749
4047,1790380034.9152174,66289664.0,0.0004707166
4048,1790380054.9153256,66306050.0,0.0004707166
4049,1790380074.9155746,66322430.0,0.0
4050,1790380094.9159389,66338816.0,0.0002353583
4051,1790380114.915545,66355200.0,0.0
4052,1790380124.9165137,66371584.0,0.0002353583
4053,1790380144.9153745,66387970.0,0.0009414332
4054,1790380164.9151216,66404350.0,0.0004707166
4055,1790380184.9157033,66420736.0,0.0004707166
4056,1790380204.915017,66437120.0,0.0004707166
4057,1790380214.915422,66453504.0,0.0002353583
4058,1790380234.9150853,66469890.0,0.0007060749
4059,1790380254.9170446,66486270.0,0.0004707166
4060,1790380274.9153054,66502656.0,0.0
4061,1790380284.9178526,66519040.0,0.0009414332
4062,1790380304.922248,66535424.0,0.0004707166
4063,1790380324.916534,66551810.0,0.0004707166
4064,1790380344.915579,66568190.0,0.0004707166
4065,1790380364.9155571,66584576.0,0.0
4066,1790380384.915923,66600960.0,0.0002353583
4067,1790380394.9185803,66617344.0,0.0002353583
4068,1790380414.9203365,66633730.0,0.0004707166
4069,1790380434.9164803,66650110.0,0.0009414332
4070,1790380454.9154058,66666496.0,0.0002353583
4071,1790380474.915155,66682880.0,0.0004707166
4072,1790380484.9186387,66699264.0,0.0009414332
4073,1790380504.9159987,66715650.0,0.0004707166
4074,1790380524.9151225,66732030.0,0.0004707166
4075,1790380544.9152944,66748416.0,0.0004707166
4076,1790380564.9159,66764800.0,0.0002353583
4077,1790380574.9186292,66781184.0,0.0002353583
4078,1790380594.9175725,66797570.0,0.0004707166
4079,1790380614.9162593,66813950.0,0.0002353583
4080,1790380634.915555,66830336.0,0.0004707166
4081,1790380654.9154751,66846720.0,0.0011767915
4082,1790380674.9155605,66863104.0,0.0004707166
4083,1790380684.917428,66879490.0,0.0007060749
4084,1790380704.916578,66895870.0,0.0004707166
4085,1790380724.9153254,66912256.0,0.0009414332
4086,1790380744.9149585,66928640.0,0.0004707166
4087,1790380764.915315,66945024.0,0.0
4088,1790380784.9153538,66961410.0,0.0004707166
4089,1790380794.9175537,66977790.0,0.0002353583
4090,1790380814.915297,66994176.0,0.0004707166
4091,1790380834.9157784,67010560.0,0.0002353583
4092,1790380854.9153776,67026944.0,0.0004707166
4093,1790380874.9152184,67043330.0,0.0007060749
4094,1790380884.9198527,67059710.0,0.0007060749
4095,1790380904.915533,67076096.0,0.0
4096,1790380924.9177842,67092480.0,0.0007060749
4097,1790380944.9173698,67108864.0,0.0004707166
4098,1790380964.9153862,67125250.0,0.0004707166
4099,1790380984.91567,67141630.0,0.0007060749
4100,1790380994.9176402,67158020.0,0.0004707166
4101,1790381014.9152026,67174400.0,0.0002353583
4102,1790381034.9151194,67190780.0,0.0002353583
4103,1790381054.9152722,67207170.0,0.0
4104,1790381064.916648,67223550.0,0.0002353583
4105,1790381084.9183342,67239940.0,0.0002353583
4106,1790381104.91582,67256320.0,0.0009414332
4107,1790381124.9155252,67272700.0,0.0009414332
4108,1790381144.918496,67289090.0,0.0004707166
4109,1790381164.9151533,67305470.0,0.0002353583
4110,1790381174.9177654,67321860.0,0.0007060749
4111,1790381194.915657,67338240.0,0.0004707166
4112,1790381214.9176743,67354620.0,0.0007060749
4113,1790381234.9154823,67371010.0,0.0002353583
4114,1790381254.9152384,67387390.0,0.0004707166
4115,1790381274.9151552,67403780.0,0.0002353583
4116,1790381284.9209185,67420160.0,0.0007060749
4117,1790381304.9156995,67436540.0,0.0
4118,1790381324.915846,67452930.0,0.0002353583
4119,1790381344.9154718,67469310.0,0.0002353583
4120,1790381364.9153702,67485700.0,0.0002353583
4121,1790381374.9184122,67502080.0,0.0004707166
4122,1790381394.9162102,67518460.0,0.0004707166
4123,1790381414.9158406,67534850.0,0.0004707166
4124,1790381434.9189072,67551230.0,0.0009414332
4125,1790381454.9152417,67567620.0,0.0004707166
4126,1790381464.9177086,67584000.0,0.0007060749
4127,1790381484.9174554,67600380.0,0.0007060749
4128,1790381504.916175,67616770.0,0.0
4129,1790381524.9158108,67633150.0,0.0004707166
4130,1790381544.9152522,67649540.0,0.0007060749
4131,1790381554.9183517,67665920.0,0.0009414332
4132,1790381574.9154797,67682300.0,0.0007060749
4133,1790381594.9155402,67698690.0,0.0014121498
4134,1790381614.9152026,67715070.0,0.0004707166
4135,1790381634.915612,67731460.0,0.0004707166
4136,1790381654.917849,67747840.0,0.0007060749
4137,1790381664.9176078,67764220.0,0.0004707166
4138,1790381684.9157748,67780610.0,0.0002353583
4139,1790381704.9157355,67796990.0,0.0004707166
4140,1790381724.915761,67813380.0,0.0
4141,1790381744.9153993,67829760.0,0.0011767915
4142,1790381754.9167914,67846140.0,0.0009414332
4143,1790381774.9156654,67862530.0,0.0002353583
4144,1790381794.9158263,67878910.0,0.0004707166
4145,1790381814.916383,67895300.0,0.0
4146,1790381834.9171844,67911680.0,0.0
4147,1790381854.9164224,67928060.0,0.0007060749
4148,1790381864.9217863,67944450.0,0.0004707166
4149,1790381884.915605,67960830.0,0.0004707166
4150,1790381904.915846,67977220.0,0.0004707166
4151,1790381924.9162858,67993600.0,0.0011767915
4152,1790381944.9174583,68009980.0,0.0
4153,1790381954.917721,68026370.0,0.0
4154,1790381974.9156094,68042750.0,0.0004707166
4155,1790381994.9155183,68059140.0,0.0
4156,1790382014.9155643,68075520.0,0.0
4157,1790382034.9162936,68091900.0,0.0004707166
4158,1790382054.9154022,68108290.0,0.0002353583
4159,1790382064.9181955,68124670.0,0.0002353583
4160,1790382084.9154365,68141060.0,0.0004707166
4161,1790382104.9156845,68157440.0,0.0004707166
4162,1790382124.9152565,68173820.0,0.0
4163,1790382144.9162903,68190210.0,0.0
4164,1790382164.9150655,68206590.0,0.0002353583
4165,1790382174.9178965,68222980.0,0.0007060749
4166,1790382194.915401,68239360.0,0.0
4167,1790382214.9151604,68255740.0,0.0002353583
4168,1790382234.9153352,68272130.0,0.0002353583
4169,1790382244.9182937,68288510.0,0.0004707166
4170,1790382264.915395,68304900.0,0.0009414332
4171,1790382284.9165878,68321280.0,0.0002353583
4172,1790382304.9160914,68337660.0,0.0
4173,1790382324.9163682,68354050.0,0.0011767915
4174,1790382344.916851,68370430.0,0.0
4175,1790382354.9196162,68386820.0,0.0002353583
4176,1790382374.915021,68403200.0,0.0004707166
4177,1790382394.915288,68419580.0,0.0002353583
4178,1790382414.9164405,68435970.0,0.0002353583
4179,1790382434.9153433,68452350.0,0.0011767915
4180,1790382444.91568,68468740.0,0.0
4181,1790382464.9185,68485120.0,0.0002353583
4182,1790382484.916114,68501500.0,0.0009414332
4183,1790382504.9156735,68517890.0,0.0
4184,1790382524.9160404,68534270.0,0.0011767915
4185,1790382544.9155476,68550660.0,0.0004707166
4186,1790382554.9183202,68567040.0,0.0004707166
4187,1790382574.9165163,68583420.0,0.0004707166
4188,1790382594.9168491,68599810.0,0.0
4189,1790382614.9160604,68616190.0,0.0
4190,1790382634.9158669,68632580.0,0.0002353583
4191,1790382644.9213052,68648960.0,0.0004707166
4192,1790382664.916776,68665340.0,0.0002353583
4193,1790382684.915315,68681730.0,0.0
4194,1790382704.9190955,68698110.0,0.0002353583
4195,1790382724.9195335,68714500.0,0.0004707166
4196,1790382734.9183693,68730880.0,0.0002353583
4197,1790382754.917809,68747260.0,0.0004707166
4198,1790382774.915692,68763650.0,0.0004707166
4199,1790382794.9181468,68780030.0,0.0002353583
4200,1790382814.9158626,68796420.0,0.0007060749
4201,1790382834.9153955,68812800.0,0.0
4202,1790382844.9213066,68829180.0,0.0002353583
4203,1790382864.9153218,68845570.0,0.0007060749
4204,1790382884.9152412,68861950.0,0.0002353583
4205,1790382904.915486,68878340.0,0.0007060749
4206,1790382924.9154809,68894720.0,0.0
4207,1790382934.9190924,68911100.0,0.0004707166
4208,1790382954.9164426,68927490.0,0.0004707166
4209,1790382974.9152718,68943870.0,0.0
4210,1790382994.915568,68960260.0,0.0002353583
4211,1790383014.9155655,68976640.0,0.0007060749
4212,1790383024.9181292,68993020.0,0.0002353583
4213,1790383044.9172547,69009410.0,0.0007060749
4214,1790383064.917319,69025790.0,0.0002353583
4215,1790383084.9157958,69042180.0,0.0
4216,1790383104.9160228,69058560.0,0.0007060749
4217,1790383114.918234,69074940.0,0.0004707166
4218,1790383134.9184,69091330.0,0.0009414332
4219,1790383154.9157767,69107710.0,0.0002353583
4220,1790383174.9151003,69124100.0,0.0004707166
4221,1790383194.920337,69140480.0,0.0
4222,1790383214.9150424,69156860.0,0.0002353583
4223,1790383224.917331,69173250.0,0.0007060749
4224,1790383244.9155655,69189630.0,0.0004707166
4225,1790383264.9159737,69206020.0,0.0002353583
4226,1790383284.9163122,69222400.0,0.0007060749
4227,1790383304.915574,69238780.0,0.0004707166
4228,1790383314.9176042,69255170.0,0.0002353583
4229,1790383334.918624,69271550.0,0.0
4230,1790383354.9160075,69287940.0,0.0002353583
4231,1790383374.9160588,69304320.0,0.0
4232,1790383394.9174454,69320700.0,0.0004707166
4233,1790383414.91636,69337090.0,0.0
4234,1790383424.9187052,69353470.0,0.0002353583
4235,1790383444.9157193,69369860.0,0.0002353583
4236,1790383464.915728,69386240.0,0.0004707166
4237,1790383484.9171867,69402620.0,0.0002353583
4238,1790383504.9192994,69419010.0,0.0004707166
4239,1790383514.918157,69435390.0,0.0004707166
4240,1790383534.9150937,69451780.0,0.0004707166
4241,1790383554.91535,69468160.0,0.0
4242,1790383574.915683,69484540.0,0.0004707166
4243,1790383594.9153285,69500930.0,0.0007060749
4244,1790383604.918979,69517310.0,0.0004707166
4245,1790383624.9169254,69533700.0,0.0007060749
4246,1790383644.9156308,69550080.0,0.0004707166
4247,1790383664.9159777,69566460.0,0.0002353583
4248,1790383684.915176,69582850.0,0.0002353583
4249,1790383704.9159036,69599230.0,0.0004707166
4250,1790383724.9163036,69615620.0,0.0004707166
4251,1790383734.916511,69632000.0,0.0
4252,1790383754.9150465,69648380.0,0.0009414332
4253,1790383774.9153848,69664770.0,0.0011767915
4254,1790383794.9155078,69681150.0,0.0004707166
4255,1790383814.9165723,69697540.0,0.0
4256,1790383824.921033,69713920.0,0.0004707166
4257,1790383844.9153004,69730300.0,0.0
4258,1790383864.9155183,69746690.0,0.0
4259,1790383884.91577,69763070.0,0.0
4260,1790383904.9154713,69779460.0,0.0
4261,1790383914.9205189,69795840.0,0.0011767915
4262,1790383934.9161572,69812220.0,0.0004707166
4263,1790383954.9157274,69828610.0,0.0004707166
4264,1790383974.9156988,69844990.0,0.0
4265,1790383994.9171565,69861380.0,0.0002353583
4266,1790384004.9177155,69877760.0,0.0002353583
4267,1790384024.918895,69894140.0,0.0004707166
4268,1790384044.915447,69910530.0,0.0004707166
4269,1790384064.9162333,69926910.0,0.0007060749
4270,1790384084.9151225,69943300.0,0.0002353583
4271,1790384104.9157715,69959680.0,0.0007060749
4272,1790384114.918521,69976060.0,0.0002353583
4273,1790384134.9165125,69992450.0,0.0
4274,1790384154.9151738,70008830.0,0.0004707166
4275,1790384174.9153852,70025220.0,0.0004707166
4276,1790384194.915483,70041600.0,0.0009414332
4277,1790384204.9179132,70057980.0,0.0004707166
4278,1790384224.915845,70074370.0,0.0002353583
4279,1790384244.9163616,70090750.0,0.0007060749
4280,1790384264.9156787,70107140.0,0.0004707166
4281,1790384284.9161386,70123520.0,0.0004707166
4282,1790384294.9176047,70139900.0,0.0004707166
4283,1790384314.9157948,70156290.0,0.0007060749
4284,1790384334.915309,70172670.0,0.0004707166
4285,1790384354.916605,70189060.0,0.0
4286,1790384374.9162886,70205440.0,0.0004707166
4287,1790384384.916541,70221820.0,0.0002353583
4288,1790384404.9177887,70238210.0,0.0007060749
4289,1790384424.915599,70254590.0,0.0009414332
4290,1790384444.9157026,70270980.0,0.0004707166
4291,1790384464.9151447,70287360.0,0.0002353583
4292,1790384484.915117,70303740.0,0.0
4293,1790384494.9181924,70320130.0,0.0011767915
4294,1790384514.9168427,70336510.0,0.0002353583
4295,1790384534.9161658,70352900.0,0.0002353583
4296,1790384554.915015,70369280.0,0.0
4297,1790384574.9162252,70385660.0,0.0002353583
4298,1790384584.917726,70402050.0,0.0007060749
4299,1790384604.9189098,70418430.0,0.0007060749
4300,1790384624.9155693,70434820.0,0.0002353583
4301,1790384644.9158862,70451200.0,0.0002353583
4302,1790384664.9154105,70467580.0,0.0002353583
4303,1790384684.9152546,70483970.0,0.0007060749
4304,1790384694.9185743,70500350.0,0.0004707166
4305,1790384714.9154303,70516740.0,0.0007060749
4306,1790384734.9153357,70533120.0,0.0004707166
4307,1790384754.9160793,70549500.0,0.0007060749
4308,1790384774.9161024,70565890.0,0.0004707166
4309,1790384784.919989,70582270.0,0.0002353583
4310,1790384804.9175975,70598660.0,0.0004707166
4311,1790384824.9164388,70615040.0,0.0002353583
4312,1790384844.9154,70631420.0,0.0002353583
4313,1790384864.9155283,70647810.0,0.0007060749
4314,1790384874.918143,70664190.0,0.0
4315,1790384894.9177504,70680580.0,0.0004707166
4316,1790384914.9158075,70696960.0,0.0002353583
4317,1790384934.916706,70713340.0,0.0002353583
4318,1790384954.9155345,70729730.0,0.0
4319,1790384964.918084,70746110.0,0.0
4320,1790384984.9173462,70762500.0,0.0002353583
4321,1790385004.9161117,70778880.0,0.0009414332
4322,1790385024.9165428,70795260.0,0.0
4323,1790385044.9151814,70811650.0,0.0002353583
4324,1790385064.915345,70828030.0,0.0004707166
4325,1790385074.9179008,70844420.0,0.0
4326,1790385094.9155,70860800.0,0.0002353583
4327,1790385114.9154222,70877180.0,0.0002353583
4328,1790385134.915903,70893570.0,0.0007060749
4329,1790385154.9165332,70909950.0,0.0
4330,1790385164.9186194,70926340.0,0.0004707166
4331,1790385184.9183142,70942720.0,0.0009414332
4332,1790385204.9164066,70959100.0,0.0004707166
4333,1790385224.915098,70975490.0,0.0009414332
4334,1790385244.9154997,70991870.0,0.0004707166
4335,1790385254.9154842,71008260.0,0.0007060749
4336,1790385274.916333,71024640.0,0.0009414332
4337,1790385294.915178,71041020.0,0.001647508
4338,1790385314.9156454,71057410.0,0.0004707166
4339,1790385334.9151487,71073790.0,0.0002353583
4340,1790385344.9170682,71090180.0,0.0002353583
4341,1790385364.9155638,71106560.0,0.0014121498
4342,1790385384.9151156,71122940.0,0.0004707166
4343,1790385404.9154549,71139330.0,0.0002353583
4344,1790385424.9150746,71155710.0,0.0007060749
4345,1790385444.915874,71172100.0,0.0009414332
4346,1790385454.9188569,71188480.0,0.0004707166
4347,1790385474.9160836,71204860.0,0.0009414332
4348,1790385494.9153478,71221250.0,0.0002353583
4349,1790385514.9156551,71237630.0,0.0004707166
4350,1790385534.915722,71254020.0,0.0004707166
4351,1790385544.917337,71270400.0,0.0002353583
4352,1790385564.9153898,71286780.0,0.0007060749
4353,1790385584.916729,71303170.0,0.0002353583
4354,1790385604.9160726,71319550.0,0.0004707166
4355,1790385624.9205658,71335940.0,0.0007060749
4356,1790385634.918424,71352320.0,0.0
4357,1790385654.916274,71368700.0,0.0002353583
4358,1790385674.9152942,71385090.0,0.0002353583
4359,1790385694.91581,71401470.0,0.0002353583
4360,1790385714.9159305,71417860.0,0.0007060749
4361,1790385724.9176033,71434240.0,0.0
4362,1790385744.917786,71450620.0,0.0002353583
4363,1790385764.9152591,71467010.0,0.0004707166
4364,1790385784.915379,71483390.0,0.0004707166
4365,1790385804.915872,71499780.0,0.0002353583
4366,1790385824.9160814,71516160.0,0.0004707166
4367,1790385834.918344,71532540.0,0.0002353583
4368,1790385854.9160948,71548930.0,0.0011767915
4369,1790385874.915122,71565310.0,0.0
4370,1790385894.9152896,71581700.0,0.0
4371,1790385914.9164617,71598080.0,0.0002353583
4372,1790385924.917182,71614460.0,0.0
4373,1790385944.9152832,71630850.0,0.0004707166
4374,1790385964.9187703,71647230.0,0.0002353583
4375,1790385984.9151556,71663620.0,0.0004707166
4376,1790386004.914922,71680000.0,0.0004707166
4377,1790386024.9163482,71696380.0,0.0
4378,1790386034.917831,71712770.0,0.0004707166
4379,1790386054.9165273,71729150.0,0.0007060749
4380,1790386074.915899,71745540.0,0.0002353583
4381,1790386094.9166903,71761920.0,0.0002353583
4382,1790386114.915769,71778300.0,0.0014121498
4383,1790386124.9171698,71794690.0,0.0004707166
4384,1790386144.9165947,71811070.0,0.0004707166
4385,1790386164.915967,71827460.0,0.0004707166
4386,1790386184.9160645,71843840.0,0.0
4387,1790386204.9151738,71860220.0,0.0004707166
4388,1790386214.918147,71876610.0,0.0002353583
4389,1790386234.9152906,71892990.0,0.0004707166
4390,1790386254.915544,71909380.0,0.0
4391,1790386274.9189775,71925760.0,0.0002353583
4392,1790386294.916546,71942140.0,0.0007060749
4393,1790386314.9182618,71958530.0,0.0
4394,1790386324.9162626,71974910.0,0.0004707166
4395,1790386344.915434,71991300.0,0.0002353583
4396,1790386364.915835,72007680.0,0.0004707166
4397,1790386384.916381,72024060.0,0.0007060749
4398,1790386404.9158409,72040450.0,0.0
4399,1790386414.916859,72056830.0,0.0007060749
4400,1790386434.9156268,72073220.0,0.0
4401,1790386454.9151385,72089600.0,0.0002353583
4402,1790386474.9156632,72105980.0,0.0002353583
4403,1790386494.9175518,72122370.0,0.0
4404,1790386504.9171865,72138750.0,0.0
4405,1790386524.9155862,72155140.0,0.0002353583
4406,1790386544.916289,72171520.0,0.0009414332
4407,1790386564.9157171,72187900.0,0.0002353583
4408,1790386584.916156,72204290.0,0.0007060749
4409,1790386594.917759,72220670.0,0.0002353583
4410,1790386614.916244,72237060.0,0.0
4411,1790386634.9160872,72253440.0,0.0002353583
4412,1790386654.9152348,72269820.0,0.0004707166
4413,1790386674.9161444,72286210.0,0.0009414332
4414,1790386684.9166443,72302590.0,0.0002353583
4415,1790386704.9167447,72318980.0,0.0002353583
4416,1790386724.9156942,72335360.0,0.0002353583
4417,1790386744.9164505,72351740.0,0.0002353583
4418,1790386764.9154754,72368130.0,0.0004707166
4419,1790386784.9165978,72384510.0,0.0002353583
4420,1790386794.9179397,72400900.0,0.0007060749
4421,1790386814.9155924,72417280.0,0.0002353583
4422,1790386834.9165652,72433660.0,0.0004707166
4423,1790386854.9154358,72450050.0,0.0004707166
4424,1790386874.91586,72466430.0,0.0004707166
4425,1790386884.9163218,72482820.0,0.0002353583
4426,1790386904.9151757,72499200.0,0.0002353583
4427,1790386924.9151342,72515580.0,0.0007060749
4428,1790386944.9151692,72531970.0,0.0
4429,1790386964.9177172,72548350.0,0.0011767915
4430,1790386974.917895,72564740.0,0.0
4431,1790386994.9154212,72581120.0,0.0
4432,1790387014.9155705,72597500.0,0.0
4433,1790387034.9149988,72613890.0,0.0
4434,1790387054.9157813,72630270.0,0.0007060749
4435,1790387064.918119,72646660.0,0.0007060749
4436,1790387084.915731,72663040.0,0.0
4437,1790387104.9153814,72679420.0,0.0004707166
4438,1790387124.9168415,72695810.0,0.0007060749
4439,1790387144.9154017,72712190.0,0.0002353583
4440,1790387154.919097,72728580.0,0.0007060749
4441,1790387174.9152591,72744960.0,0.0002353583
4442,1790387194.9151344,72761340.0,0.0
4443,1790387214.9157412,72777730.0,0.0004707166
4444,1790387234.915331,72794110.0,0.0007060749
4445,1790387254.916023,72810500.0,0.0007060749
4446,1790387264.9177558,72826880.0,0.0
4447,1790387284.915102,72843260.0,0.0004707166
4448,1790387304.9158735,72859650.0,0.0
4449,1790387324.918485,72876030.0,0.0004707166
4450,1790387344.915985,72892420.0,0.0002353583
4451,1790387354.9175532,72908800.0,0.0004707166
4452,1790387374.9171271,72925180.0,0.0
4453,1790387394.915339,72941570.0,0.0004707166
4454,1790387414.9152408,72957950.0,0.0007060749
4455,1790387434.9152987,72974340.0,0.0004707166
4456,1790387444.920806,72990720.0,0.0004707166
4457,1790387464.915388,73007100.0,0.0004707166
4458,1790387484.915532,73023490.0,0.0004707166
4459,1790387504.9166417,73039870.0,0.0014121498
4460,1790387524.915346,73056260.0,0.0
4461,1790387534.9177735,73072640.0,0.0
4462,1790387554.9156091,73089020.0,0.0002353583
4463,1790387574.9161885,73105410.0,0.0009414332
4464,1790387594.9151328,73121790.0,0.0004707166
4465,1790387614.9175436,73138180.0,0.0002353583
4466,1790387634.91551,73154560.0,0.0007060749
4467,1790387644.91827,73170940.0,0.0002353583
4468,1790387664.9158351,73187330.0,0.0004707166
4469,1790387684.9159603,73203710.0,0.0004707166
4470,1790387704.9166083,73220100.0,0.0002353583
4471,1790387724.9155324,73236480.0,0.0007060749
4472,1790387744.916463,73252860.0,0.0002353583
4473,1790387754.9178,73269250.0,0.0002353583
4474,1790387774.9155655,73285630.0,0.0
4475,1790387794.9156277,73302020.0,0.0
4476,1790387814.9155588,73318400.0,0.0004707166
4477,1790387834.9188762,73334780.0,0.0007060749
4478,1790387844.9167094,73351170.0,0.0002353583
4479,1790387864.9149976,73367550.0,0.0
4480,1790387884.9150867,73383940.0,0.0
4481,1790387904.915388,73400320.0,0.0
4482,1790387924.9153004,73416700.0,0.0
4483,1790387934.9151137,73433090.0,0.0002353583
4484,1790387954.9152186,73449470.0,0.0002353583
4485,1790387974.91547,73465860.0,0.0004707166
4486,1790387994.9158864,73482240.0,0.0002353583
4487,1790388014.9156697,73498620.0,0.0002353583
4488,1790388024.918435,73515010.0,0.0002353583
4489,1790388044.915542,73531390.0,0.0004707166
4490,1790388064.9155097,73547780.0,0.0007060749
4491,1790388084.915337,73564160.0,0.0004707166
4492,1790388104.9153738,73580540.0,0.0
4493,1790388114.917596,73596930.0,0.0004707166
4494,1790388134.915381,73613310.0,0.0007060749
4495,1790388154.917171,73629700.0,0.0002353583
4496,1790388174.9153855,73646080.0,0.0004707166
4497,1790388194.915845,73662460.0,0.0004707166
4498,1790388204.9182534,73678850.0,0.0009414332
4499,1790388224.9157786,73695230.0,0.0009414332
4500,1790388244.915527,73711620.0,0.0007060749
4501,1790388264.918687,73728000.0,0.0004707166
4502,1790388284.915288,73744380.0,0.0002353583
4503,1790388294.9176233,73760770.0,0.0011767915
4504,1790388314.9169393,73777150.0,0.0009414332
4505,1790388334.916644,73793540.0,0.0007060749
4506,1790388354.915444,73809920.0,0.0004707166
4507,1790388374.9154088,73826300.0,0.0011767915
4508,1790388384.9170177,73842690.0,0.0007060749
4509,1790388404.9162524,73859070.0,0.0
4510,1790388424.9162652,73875460.0,0.0002353583
4511,1790388444.9153175,73891840.0,0.0007060749
4512,1790388464.9154208,73908220.0,0.0009414332
4513,1790388484.916155,73924610.0,0.0004707166
4514,1790388494.91654,73940990.0,0.0007060749
4515,1790388514.918011,73957380.0,0.0009414332
4516,1790388534.915849,73973760.0,0.0002353583
4517,1790388554.9156606,73990140.0,0.0004707166
4518,1790388574.9157748,74006530.0,0.0004707166
4519,1790388584.9182787,74022910.0,0.0007060749
4520,1790388604.9150276,74039300.0,0.0002353583
4521,1790388624.9156115,74055680.0,0.0
4522,1790388644.9162972,74072060.0,0.0002353583
4523,1790388664.9155238,74088450.0,0.0002353583
4524,1790388684.9156473,74104830.0,0.0002353583
4525,1790388694.9158278,74121220.0,0.0
4526,1790388714.915357,74137600.0,0.0004707166
4527,1790388734.9165533,74153980.0,0.0002353583
4528,1790388754.915473,74170370.0,0.0002353583
4529,1790388774.9152443,74186750.0,0.0009414332
4530,1790388784.923007,74203140.0,0.0002353583
4531,1790388804.9152863,74219520.0,0.0002353583
4532,1790388824.9164011,74235900.0,0.0004707166
4533,1790388844.9154055,74252290.0,0.0009414332
4534,1790388864.9151585,74268670.0,0.0007060749
4535,1790388874.9168324,74285060.0,0.0002353583
4536,1790388894.9172246,74301440.0,0.0004707166
4537,1790388914.916379,74317820.0,0.0004707166
4538,1790388934.915265,74334210.0,0.0004707166
4539,1790388954.9153645,74350590.0,0.0002353583
4540,1790388974.9155648,74366980.0,0.0009414332
4541,1790388984.915481,74383360.0,0.0
4542,1790389004.918497,74399740.0,0.0007060749
4543,1790389024.9159298,74416130.0,0.0004707166
4544,1790389044.9155087,74432510.0,0.0
4545,1790389064.9150672,74448900.0,0.0004707166
4546,1790389084.9163013,74465280.0,0.0011767915
4547,1790389094.9158878,74481660.0,0.0002353583
4548,1790389114.91517,74498050.0,0.0007060749
4549,1790389134.915585,74514430.0,0.0007060749
4550,1790389154.915598,74530820.0,0.0004707166
4551,1790389174.9155912,74547200.0,0.0004707166
4552,1790389184.9157238,74563580.0,0.0007060749
4553,1790389204.9154408,74579970.0,0.0002353583
4554,1790389224.9160664,74596350.0,0.0002353583
4555,1790389244.9184809,74612740.0,0.0009414332
4556,1790389264.91696,74629120.0,0.0004707166
4557,1790389274.9183056,74645500.0,0.0004707166
4558,1790389294.9162269,74661890.0,0.0002353583
4559,1790389314.9155564,74678270.0,0.0
4560,1790389334.916003,74694660.0,0.0
4561,1790389354.9160142,74711040.0,0.0002353583
4562,1790389364.9175954,74727420.0,0.0007060749
4563,1790389384.915996,74743810.0,0.0002353583
4564,1790389404.9151585,74760190.0,0.0011767915
4565,1790389424.9156327,74776580.0,0.0004707166
4566,1790389444.9156091,74792960.0,0.0002353583
4567,1790389464.9158,74809340.0,0.0007060749
4568,1790389474.9179258,74825730.0,0.0004707166
4569,1790389494.9174128,74842110.0,0.0
4570,1790389514.9152498,74858500.0,0.0007060749
4571,1790389534.9158216,74874880.0,0.0002353583
4572,1790389554.9150603,74891260.0,0.0002353583
4573,1790389564.9151993,74907650.0,0.0007060749
4574,1790389584.915683,74924030.0,0.0011767915
4575,1790389604.9151309,74940420.0,0.0004707166
4576,1790389624.9158711,74956800.0,0.0007060749
4577,1790389644.9162202,74973180.0,0.0002353583
4578,1790389654.9171593,74989570.0,0.0002353583
4579,1790389664.963808,75005950.0,0.0004707166
