_step,_timestamp,train/env_steps,intrmotiv/reward/environment_mean
1,1790356173.744121,0.0,0.0
2,1790356193.7442973,16384.0,0.0
3,1790356213.7443037,32768.0,0.0002353583
4,1790356233.744241,49152.0,0.0
5,1790356243.744665,65536.0,0.0
6,1790356263.744121,81920.0,0.0002353583
7,1790356283.7442317,98304.0,0.0002353583
8,1790356303.7441308,114688.0,0.0002353583
9,1790356323.745145,131072.0,0.0
10,1790356343.744146,147456.0,0.0
11,1790356363.7440822,163840.0,0.0
12,1790356383.7448754,180224.0,0.0
13,1790356403.744045,196608.0,0.0007060749
14,1790356423.7441392,212992.0,0.0
15,1790356443.7440262,229376.0,0.0002353583
16,1790356463.7443492,245760.0,0.0
17,1790356483.7444017,262144.0,0.0
18,1790356503.744059,278528.0,0.0002353583
19,1790356523.7450633,294912.0,0.0002353583
20,1790356543.7442443,311296.0,0.0
21,1790356563.7442467,327680.0,0.0
22,1790356573.7442312,344064.0,0.0004707166
23,1790356593.7440934,360448.0,0.0
24,1790356613.7442584,376832.0,0.0
25,1790356633.7441895,393216.0,0.0
26,1790356653.7445042,409600.0,0.0
27,1790356673.7447944,425984.0,0.0002353583
28,1790356693.744032,442368.0,0.0
29,1790356713.74431,458752.0,0.0
30,1790356733.7440872,475136.0,0.0
31,1790356753.744136,491520.0,0.0
32,1790356773.7448075,507904.0,0.0
33,1790356793.744198,524288.0,0.0004707166
34,1790356813.744343,540672.0,0.0
35,1790356823.7442038,557056.0,0.0
36,1790356843.744444,573440.0,0.0
37,1790356863.7441869,589824.0,0.0
38,1790356883.7442603,606208.0,0.0
39,1790356903.7441616,622592.0,0.0
40,1790356913.744829,638976.0,0.0002353583
41,1790356933.7488835,655360.0,0.0
42,1790356953.7442513,671744.0,0.0
43,1790356973.744336,688128.0,0.0
44,1790356983.7442791,704512.0,0.0002353583
45,1790357003.744412,720896.0,0.0
46,1790357023.7447352,737280.0,0.0004707166
47,1790357043.747642,753664.0,0.0002353583
48,1790357063.7468052,770048.0,0.0002353583
49,1790357073.7464163,786432.0,0.0002353583
50,1790357093.7466278,802816.0,0.0004707166
51,1790357113.7461247,819200.0,0.0004707166
52,1790357133.7466912,835584.0,0.0002353583
53,1790357143.7465663,851968.0,0.0
54,1790357163.746409,868352.0,0.0004707166
55,1790357183.7470784,884736.0,0.0
56,1790357203.746788,901120.0,0.0
57,1790357223.7464883,917504.0,0.0
58,1790357233.746503,933888.0,0.0
59,1790357253.7465138,950272.0,0.0
60,1790357273.746482,966656.0,0.0002353583
61,1790357293.7463968,983040.0,0.0
62,1790357313.7468133,999424.0,0.0
63,1790357323.7465892,1015808.0,0.0
64,1790357343.7463825,1032192.0,0.0002353583
65,1790357363.7467587,1048576.0,0.0
66,1790357383.7466686,1064960.0,0.0
67,1790357403.7466784,1081344.0,0.0002353583
68,1790357413.7468495,1097728.0,0.0002353583
69,1790357433.7465043,1114112.0,0.0002353583
70,1790357453.7464128,1130496.0,0.0002353583
71,1790357473.7471735,1146880.0,0.0
72,1790357483.7471688,1163264.0,0.0002353583
73,1790357503.746437,1179648.0,0.0
74,1790357523.7469783,1196032.0,0.0004707166
75,1790357543.7464063,1212416.0,0.0
76,1790357563.746381,1228800.0,0.0
77,1790357583.7467616,1245184.0,0.0
78,1790357593.7467792,1261568.0,0.0
79,1790357613.7470732,1277952.0,0.0
80,1790357633.7464476,1294336.0,0.0
81,1790357653.746582,1310720.0,0.0
82,1790357673.7464929,1327104.0,0.0002353583
83,1790357683.746239,1343488.0,0.0004707166
84,1790357703.7475562,1359872.0,0.0
85,1790357723.7483149,1376256.0,0.0
86,1790357743.7465646,1392640.0,0.0
87,1790357763.7467575,1409024.0,0.0
88,1790357773.7468705,1425408.0,0.0004707166
89,1790357793.7464693,1441792.0,0.0002353583
90,1790357813.7466838,1458176.0,0.0
91,1790357833.7466218,1474560.0,0.0
92,1790357853.7494516,1490944.0,0.0
93,1790357863.7467222,1507328.0,0.0
94,1790357883.7471242,1523712.0,0.0002353583
95,1790357903.7494354,1540096.0,0.0
96,1790357923.746588,1556480.0,0.0
97,1790357943.7462792,1572864.0,0.0
98,1790357953.7464411,1589248.0,0.0
99,1790357973.7464604,1605632.0,0.0
100,1790357993.7468598,1622016.0,0.0002353583
101,1790358013.746323,1638400.0,0.0
102,1790358033.7460234,1654784.0,0.0
103,1790358043.74674,1671168.0,0.0002353583
104,1790358063.747075,1687552.0,0.0002353583
105,1790358083.746365,1703936.0,0.0
106,1790358103.7469585,1720320.0,0.0
107,1790358113.7473712,1736704.0,0.0
108,1790358133.7511275,1753088.0,0.0002353583
109,1790358153.746621,1769472.0,0.0
110,1790358163.7476597,1785856.0,0.0
111,1790358183.7466872,1802240.0,0.0002353583
112,1790358203.7462664,1818624.0,0.0004707166
113,1790358223.746599,1835008.0,0.0
114,1790358233.746363,1851392.0,0.0002353583
115,1790358253.7465243,1867776.0,0.0
116,1790358273.746919,1884160.0,0.0
117,1790358293.7463577,1900544.0,0.0002353583
118,1790358303.74806,1916928.0,0.0
119,1790358323.7495513,1933312.0,0.0
120,1790358343.7486205,1949696.0,0.0
121,1790358363.7483847,1966080.0,0.0004707166
122,1790358383.7463632,1982464.0,0.0
123,1790358403.7480493,1998848.0,0.0
124,1790358423.7463768,2015232.0,0.0
125,1790358443.748444,2031616.0,0.0
126,1790358463.7493956,2048000.0,0.0004707166
127,1790358473.746732,2064384.0,0.0004707166
128,1790358493.7484944,2080768.0,0.0
129,1790358513.7471042,2097152.0,0.0
130,1790358533.7474487,2113536.0,0.0
131,1790358553.7469354,2129920.0,0.0
132,1790358563.746729,2146304.0,0.0002353583
133,1790358583.7467966,2162688.0,0.0
134,1790358603.7475524,2179072.0,0.0
135,1790358623.7475047,2195456.0,0.0002353583
136,1790358643.748148,2211840.0,0.0
137,1790358653.7469876,2228224.0,0.0002353583
138,1790358673.746592,2244608.0,0.0
139,1790358693.748529,2260992.0,0.0
140,1790358713.7480094,2277376.0,0.0002353583
141,1790358733.7477407,2293760.0,0.0
142,1790358743.747185,2310144.0,0.0
143,1790358763.747641,2326528.0,0.0
144,1790358783.7483373,2342912.0,0.0
145,1790358803.74671,2359296.0,0.0
146,1790358823.7472763,2375680.0,0.0002353583
147,1790358833.7483597,2392064.0,0.0
148,1790358853.7515678,2408448.0,0.0009414332
149,1790358873.748207,2424832.0,0.0002353583
150,1790358893.7465394,2441216.0,0.0
151,1790358913.7480695,2457600.0,0.0
152,1790358923.7471094,2473984.0,0.0
153,1790358943.7466664,2490368.0,0.0
154,1790358963.7465603,2506752.0,0.0002353583
155,1790358983.747368,2523136.0,0.0002353583
156,1790359003.7484555,2539520.0,0.0002353583
157,1790359023.748495,2555904.0,0.0
158,1790359033.7471366,2572288.0,0.0004707166
159,1790359053.7469213,2588672.0,0.0
160,1790359073.7486763,2605056.0,0.0002353583
161,1790359093.748626,2621440.0,0.0004707166
162,1790359113.7481396,2637824.0,0.0002353583
163,1790359123.7482183,2654208.0,0.0
164,1790359143.7482555,2670592.0,0.0002353583
165,1790359163.7484672,2686976.0,0.0002353583
166,1790359183.7465658,2703360.0,0.0002353583
167,1790359203.7480278,2719744.0,0.0
168,1790359213.74814,2736128.0,0.0004707166
169,1790359233.7482648,2752512.0,0.0002353583
170,1790359253.7479498,2768896.0,0.0
171,1790359273.7487762,2785280.0,0.0
172,1790359293.7469127,2801664.0,0.0002353583
173,1790359313.7480223,2818048.0,0.0
174,1790359323.7467692,2834432.0,0.0002353583
175,1790359343.746652,2850816.0,0.0002353583
176,1790359363.7482462,2867200.0,0.0
177,1790359383.7467792,2883584.0,0.0
178,1790359403.747698,2899968.0,0.0
179,1790359413.7478125,2916352.0,0.0002353583
180,1790359433.7485282,2932736.0,0.0
181,1790359453.7471087,2949120.0,0.0
182,1790359473.7498624,2965504.0,0.0
183,1790359493.7483356,2981888.0,0.0
184,1790359503.7475853,2998272.0,0.0002353583
185,1790359523.7485187,3014656.0,0.0002353583
186,1790359543.7470412,3031040.0,0.0002353583
187,1790359563.746252,3047424.0,0.0
188,1790359583.747709,3063808.0,0.0
189,1790359603.7466588,3080192.0,0.0
190,1790359613.747362,3096576.0,0.0
191,1790359633.7464645,3112960.0,0.0
192,1790359653.7464895,3129344.0,0.0
193,1790359673.7469378,3145728.0,0.0
194,1790359693.7476408,3162112.0,0.0
195,1790359713.746455,3178496.0,0.0
196,1790359723.7472298,3194880.0,0.0004707166
197,1790359743.7472422,3211264.0,0.0
198,1790359763.7481415,3227648.0,0.0
199,1790359783.747822,3244032.0,0.0002353583
200,1790359803.7467115,3260416.0,0.0
201,1790359823.747516,3276800.0,0.0004707166
202,1790359843.746533,3293184.0,0.0002353583
203,1790359853.7480152,3309568.0,0.0002353583
204,1790359873.747917,3325952.0,0.0007060749
205,1790359893.7475662,3342336.0,0.0
206,1790359913.746909,3358720.0,0.0
207,1790359933.7482123,3375104.0,0.0002353583
208,1790359943.7463555,3391488.0,0.0002353583
209,1790359963.7475042,3407872.0,0.0002353583
210,1790359983.746517,3424256.0,0.0
211,1790360003.7466192,3440640.0,0.0
212,1790360023.7485442,3457024.0,0.0
213,1790360043.7483048,3473408.0,0.0002353583
214,1790360063.7484496,3489792.0,0.0
215,1790360073.7517653,3506176.0,0.0
216,1790360093.74765,3522560.0,0.0
217,1790360113.7479715,3538944.0,0.0
218,1790360133.748354,3555328.0,0.0002353583
219,1790360153.7482362,3571712.0,0.0
220,1790360163.7469113,3588096.0,0.0002353583
221,1790360183.7477322,3604480.0,0.0
222,1790360203.7470956,3620864.0,0.0
223,1790360223.748433,3637248.0,0.0002353583
224,1790360243.7472951,3653632.0,0.0004707166
225,1790360263.7482777,3670016.0,0.0
226,1790360283.746892,3686400.0,0.0002353583
227,1790360293.746694,3702784.0,0.0002353583
228,1790360313.7471662,3719168.0,0.0002353583
229,1790360333.747161,3735552.0,0.0002353583
230,1790360353.746423,3751936.0,0.0
231,1790360373.7465684,3768320.0,0.0
232,1790360383.7484653,3784704.0,0.0
233,1790360403.7491243,3801088.0,0.0
234,1790360423.747564,3817472.0,0.0002353583
235,1790360443.7484376,3833856.0,0.0
236,1790360463.748569,3850240.0,0.0002353583
237,1790360483.7466383,3866624.0,0.0007060749
238,1790360503.7484128,3883008.0,0.0002353583
239,1790360523.7466884,3899392.0,0.0
240,1790360533.7465646,3915776.0,0.0002353583
241,1790360553.7464838,3932160.0,0.0002353583
242,1790360573.7474089,3948544.0,0.0
243,1790360593.7465775,3964928.0,0.0004707166
244,1790360613.746831,3981312.0,0.0
245,1790360633.7466936,3997696.0,0.0002353583
246,1790360643.7477274,4014080.0,0.0002353583
247,1790360663.7478642,4030464.0,0.0004707166
248,1790360683.7481804,4046848.0,0.0002353583
249,1790360703.747842,4063232.0,0.0
250,1790360723.747488,4079616.0,0.0002353583
251,1790360743.7464087,4096000.0,0.0
252,1790360753.7465117,4112384.0,0.0
253,1790360773.7485087,4128768.0,0.0
254,1790360793.7484252,4145152.0,0.0
255,1790360813.7476857,4161536.0,0.0
256,1790360833.7479804,4177920.0,0.0002353583
257,1790360853.7472413,4194304.0,0.0
258,1790360863.746936,4210688.0,0.0
259,1790360883.7483304,4227072.0,0.0
260,1790360903.7482264,4243456.0,0.0002353583
261,1790360923.7472577,4259840.0,0.0002353583
262,1790360943.7474504,4276224.0,0.0002353583
263,1790360953.7468455,4292608.0,0.0
264,1790360973.74727,4308992.0,0.0004707166
265,1790360993.7486129,4325376.0,0.0
266,1790361013.7478297,4341760.0,0.0002353583
267,1790361033.7469077,4358144.0,0.0002353583
268,1790361053.748655,4374528.0,0.0004707166
269,1790361063.7491665,4390912.0,0.0004707166
270,1790361083.7466202,4407296.0,0.0
271,1790361103.7471852,4423680.0,0.0002353583
272,1790361123.746403,4440064.0,0.0002353583
273,1790361143.7484558,4456448.0,0.0004707166
274,1790361163.7474573,4472832.0,0.0002353583
275,1790361183.7467554,4489216.0,0.0004707166
276,1790361193.746857,4505600.0,0.0
277,1790361213.7467196,4521984.0,0.0002353583
278,1790361233.748395,4538368.0,0.0002353583
279,1790361253.7487082,4554752.0,0.0002353583
280,1790361273.747832,4571136.0,0.0
281,1790361293.746951,4587520.0,0.0002353583
282,1790361303.748984,4603904.0,0.0002353583
283,1790361323.746453,4620288.0,0.0002353583
284,1790361343.7466836,4636672.0,0.0002353583
285,1790361363.748754,4653056.0,0.0002353583
286,1790361383.74755,4669440.0,0.0009414332
287,1790361403.7487922,4685824.0,0.0004707166
288,1790361413.748801,4702208.0,0.0
289,1790361433.7464547,4718592.0,0.0004707166
290,1790361453.74677,4734976.0,0.0002353583
291,1790361473.7474363,4751360.0,0.0002353583
292,1790361493.7470014,4767744.0,0.0004707166
293,1790361513.7488503,4784128.0,0.0002353583
294,1790361533.7482078,4800512.0,0.0007060749
295,1790361543.7482224,4816896.0,0.0
296,1790361563.746783,4833280.0,0.0
297,1790361583.746831,4849664.0,0.0
298,1790361603.7478518,4866048.0,0.0
299,1790361623.748513,4882432.0,0.0002353583
300,1790361643.7471223,4898816.0,0.0002353583
301,1790361653.7496617,4915200.0,0.0
302,1790361673.7461689,4931584.0,0.0002353583
303,1790361693.7465403,4947968.0,0.0
304,1790361713.7467492,4964352.0,0.0002353583
305,1790361733.746726,4980736.0,0.0
306,1790361753.7469254,4997120.0,0.0
307,1790361773.749689,5013504.0,0.0002353583
308,1790361783.7481215,5029888.0,0.0
309,1790361803.7478704,5046272.0,0.0004707166
310,1790361823.7479174,5062656.0,0.0002353583
311,1790361843.7473536,5079040.0,0.0
312,1790361863.747636,5095424.0,0.0002353583
313,1790361873.750005,5111808.0,0.0002353583
314,1790361893.7498832,5128192.0,0.0004707166
315,1790361913.748858,5144576.0,0.0
316,1790361933.7467918,5160960.0,0.0007060749
317,1790361953.747892,5177344.0,0.0
318,1790361973.747666,5193728.0,0.0
319,1790361983.7496502,5210112.0,0.0002353583
320,1790362003.7469976,5226496.0,0.0
321,1790362023.7490482,5242880.0,0.0
322,1790362043.7488668,5259264.0,0.0002353583
323,1790362063.7478125,5275648.0,0.0
324,1790362083.7464328,5292032.0,0.0002353583
325,1790362093.7496767,5308416.0,0.0002353583
326,1790362113.7483428,5324800.0,0.0002353583
327,1790362133.7468123,5341184.0,0.0002353583
328,1790362153.7492514,5357568.0,0.0002353583
329,1790362173.747779,5373952.0,0.0002353583
330,1790362193.748918,5390336.0,0.0
331,1790362203.751096,5406720.0,0.0002353583
332,1790362223.747446,5423104.0,0.0002353583
333,1790362243.7490342,5439488.0,0.0007060749
334,1790362263.7469852,5455872.0,0.0004707166
335,1790362283.746894,5472256.0,0.0004707166
336,1790362303.7482405,5488640.0,0.0
337,1790362313.749678,5505024.0,0.0
338,1790362333.746107,5521408.0,0.0
339,1790362353.7463093,5537792.0,0.0004707166
340,1790362373.7468257,5554176.0,0.0004707166
341,1790362393.7468808,5570560.0,0.0
342,1790362413.7467406,5586944.0,0.0002353583
343,1790362423.750504,5603328.0,0.0
344,1790362443.7485487,5619712.0,0.0002353583
345,1790362463.7476442,5636096.0,0.0
346,1790362483.7493117,5652480.0,0.0
347,1790362503.7474184,5668864.0,0.0
348,1790362523.7474413,5685248.0,0.0
349,1790362533.7471745,5701632.0,0.0
350,1790362553.7488675,5718016.0,0.0004707166
351,1790362573.7465572,5734400.0,0.0002353583
352,1790362593.747715,5750784.0,0.0002353583
353,1790362613.7493472,5767168.0,0.0002353583
354,1790362633.7479248,5783552.0,0.0002353583
355,1790362643.7522752,5799936.0,0.0004707166
356,1790362663.7480686,5816320.0,0.0
357,1790362683.7493632,5832704.0,0.0004707166
358,1790362703.7477992,5849088.0,0.0002353583
359,1790362723.7478678,5865472.0,0.0
360,1790362743.748418,5881856.0,0.0004707166
361,1790362753.748738,5898240.0,0.0002353583
362,1790362773.7466323,5914624.0,0.0002353583
363,1790362793.746894,5931008.0,0.0002353583
364,1790362813.746891,5947392.0,0.0
365,1790362833.7478087,5963776.0,0.0002353583
366,1790362853.7470243,5980160.0,0.0004707166
367,1790362873.747897,5996544.0,0.0009414332
368,1790362883.7464006,6012928.0,0.0007060749
369,1790362903.749669,6029312.0,0.0
370,1790362923.746644,6045696.0,0.0002353583
371,1790362943.7478542,6062080.0,0.0002353583
372,1790362963.746597,6078464.0,0.0
373,1790362983.74696,6094848.0,0.0002353583
374,1790362993.746701,6111232.0,0.0002353583
375,1790363013.7469606,6127616.0,0.0002353583
376,1790363033.7464204,6144000.0,0.0007060749
377,1790363053.7485824,6160384.0,0.0004707166
378,1790363073.7468836,6176768.0,0.0
379,1790363093.746878,6193152.0,0.0
380,1790363113.74825,6209536.0,0.0002353583
381,1790363133.7469118,6225920.0,0.0007060749
382,1790363143.7508607,6242304.0,0.0004707166
383,1790363163.7483635,6258688.0,0.0
384,1790363183.748379,6275072.0,0.0007060749
385,1790363203.748954,6291456.0,0.0004707166
386,1790363223.7477174,6307840.0,0.0002353583
387,1790363243.7487109,6324224.0,0.0002353583
388,1790363253.7466335,6340608.0,0.0002353583
389,1790363273.7475548,6356992.0,0.0
390,1790363293.7485356,6373376.0,0.0
391,1790363313.7475312,6389760.0,0.0002353583
392,1790363333.747602,6406144.0,0.0002353583
393,1790363343.7468123,6422528.0,0.0
394,1790363363.7490456,6438912.0,0.0002353583
395,1790363383.749537,6455296.0,0.0
396,1790363403.747207,6471680.0,0.0002353583
397,1790363423.7466166,6488064.0,0.0004707166
398,1790363443.748392,6504448.0,0.0002353583
399,1790363463.746452,6520832.0,0.0002353583
400,1790363473.7470095,6537216.0,0.0
401,1790363493.746972,6553600.0,0.0
402,1790363513.7466738,6569984.0,0.0004707166
403,1790363533.7465136,6586368.0,0.0
404,1790363553.7482774,6602752.0,0.0
405,1790363573.7487786,6619136.0,0.0002353583
406,1790363593.7464635,6635520.0,0.0
407,1790363603.747994,6651904.0,0.0
408,1790363623.7485745,6668288.0,0.0002353583
409,1790363643.7480912,6684672.0,0.0004707166
410,1790363663.7466974,6701056.0,0.0004707166
411,1790363683.7483068,6717440.0,0.0
412,1790363693.7476437,6733824.0,0.0
413,1790363713.7484243,6750208.0,0.0
414,1790363733.7480807,6766592.0,0.0
415,1790363753.7462728,6782976.0,0.0002353583
416,1790363773.7488146,6799360.0,0.0002353583
417,1790363793.7479093,6815744.0,0.0002353583
418,1790363803.7484255,6832128.0,0.0
419,1790363823.7473364,6848512.0,0.0002353583
420,1790363843.748442,6864896.0,0.0
421,1790363863.747974,6881280.0,0.0004707166
422,1790363883.7475069,6897664.0,0.0002353583
423,1790363903.748432,6914048.0,0.0002353583
424,1790363913.7467103,6930432.0,0.0
425,1790363933.7489965,6946816.0,0.0004707166
426,1790363953.748075,6963200.0,0.0
427,1790363973.7468624,6979584.0,0.0002353583
428,1790363993.7467947,6995968.0,0.0
429,1790364003.7472773,7012352.0,0.0002353583
430,1790364023.7470613,7028736.0,0.0002353583
431,1790364043.7472425,7045120.0,0.0002353583
432,1790364063.747541,7061504.0,0.0002353583
433,1790364083.747133,7077888.0,0.0002353583
434,1790364103.7467997,7094272.0,0.0002353583
435,1790364113.7510486,7110656.0,0.0
436,1790364133.7467165,7127040.0,0.0004707166
437,1790364153.7489908,7143424.0,0.0
438,1790364173.748,7159808.0,0.0002353583
439,1790364193.7479496,7176192.0,0.0002353583
440,1790364213.7471943,7192576.0,0.0002353583
441,1790364233.7481434,7208960.0,0.0
442,1790364243.7469163,7225344.0,0.0
443,1790364263.7466657,7241728.0,0.0004707166
444,1790364283.7474368,7258112.0,0.0002353583
445,1790364303.749143,7274496.0,0.0004707166
446,1790364323.7475226,7290880.0,0.0002353583
447,1790364343.7479372,7307264.0,0.0
448,1790364353.7488267,7323648.0,0.0002353583
449,1790364373.7475982,7340032.0,0.0
450,1790364393.748325,7356416.0,0.0004707166
451,1790364413.7484422,7372800.0,0.0
452,1790364433.746946,7389184.0,0.0002353583
453,1790364453.7464378,7405568.0,0.0
454,1790364473.746318,7421952.0,0.0002353583
455,1790364483.7493808,7438336.0,0.0
456,1790364503.7492063,7454720.0,0.0
457,1790364523.7468257,7471104.0,0.0
458,1790364543.7489135,7487488.0,0.0
459,1790364563.747874,7503872.0,0.0002353583
460,1790364583.7488146,7520256.0,0.0007060749
461,1790364593.748499,7536640.0,0.0
462,1790364613.7476711,7553024.0,0.0002353583
463,1790364633.7468324,7569408.0,0.0009414332
464,1790364653.7466297,7585792.0,0.0002353583
465,1790364673.7471657,7602176.0,0.0002353583
466,1790364693.7484193,7618560.0,0.0002353583
467,1790364703.7466383,7634944.0,0.0
468,1790364723.7481852,7651328.0,0.0
469,1790364743.7474945,7667712.0,0.0002353583
470,1790364763.7465072,7684096.0,0.0004707166
471,1790364783.7471454,7700480.0,0.0002353583
472,1790364803.7474613,7716864.0,0.0002353583
473,1790364813.7478027,7733248.0,0.0
474,1790364833.7477136,7749632.0,0.0002353583
475,1790364853.7481682,7766016.0,0.0
476,1790364873.7470918,7782400.0,0.0007060749
477,1790364893.746247,7798784.0,0.0002353583
478,1790364913.747853,7815168.0,0.0002353583
479,1790364923.7466648,7831552.0,0.0
480,1790364943.748113,7847936.0,0.0
481,1790364963.7492836,7864320.0,0.0002353583
482,1790364983.7484643,7880704.0,0.0
483,1790365003.747307,7897088.0,0.0
484,1790365023.752483,7913472.0,0.0
485,1790365033.7469685,7929856.0,0.0002353583
486,1790365053.7473264,7946240.0,0.0004707166
487,1790365073.749068,7962624.0,0.0004707166
488,1790365093.747942,7979008.0,0.0
489,1790365113.7472172,7995392.0,0.0002353583
490,1790365133.7465088,8011776.0,0.0
491,1790365143.7479727,8028160.0,0.0
492,1790365163.747273,8044544.0,0.0
493,1790365183.7483208,8060928.0,0.0
494,1790365203.7464912,8077312.0,0.0
495,1790365223.746552,8093696.0,0.0004707166
496,1790365233.7462838,8110080.0,0.0
497,1790365253.746418,8126464.0,0.0
498,1790365273.747582,8142848.0,0.0
499,1790365293.7480414,8159232.0,0.0
500,1790365313.746896,8175616.0,0.0002353583
501,1790365333.7466006,8192000.0,0.0
502,1790365343.748189,8208384.0,0.0002353583
503,1790365363.750742,8224768.0,0.0004707166
504,1790365383.748398,8241152.0,0.0
505,1790365403.7476275,8257536.0,0.0
506,1790365423.7482345,8273920.0,0.0002353583
507,1790365443.7474854,8290304.0,0.0
508,1790365463.7494016,8306688.0,0.0
509,1790365473.747414,8323072.0,0.0002353583
510,1790365493.7464535,8339456.0,0.0
511,1790365513.7467363,8355840.0,0.0007060749
512,1790365533.74677,8372224.0,0.0
513,1790365553.7479138,8388608.0,0.0002353583
514,1790365563.749589,8404992.0,0.0009414332
515,1790365583.7466228,8421376.0,0.0002353583
516,1790365603.7468178,8437760.0,0.0002353583
517,1790365623.7468,8454144.0,0.0
518,1790365643.749806,8470528.0,0.0002353583
519,1790365663.7484791,8486912.0,0.0002353583
520,1790365673.751458,8503296.0,0.0
521,1790365693.7465525,8519680.0,0.0002353583
522,1790365713.7472374,8536064.0,0.0
523,1790365733.746681,8552448.0,0.0002353583
524,1790365753.7475462,8568832.0,0.0004707166
525,1790365773.7479827,8585216.0,0.0
526,1790365793.7467582,8601600.0,0.0002353583
527,1790365803.748124,8617984.0,0.0002353583
528,1790365823.7477286,8634368.0,0.0002353583
529,1790365843.7483768,8650752.0,0.0004707166
530,1790365863.748366,8667136.0,0.0002353583
531,1790365883.7481909,8683520.0,0.0
532,1790365903.7484062,8699904.0,0.0002353583
533,1790365913.749228,8716288.0,0.0
534,1790365933.746906,8732672.0,0.0002353583
535,1790365953.7465138,8749056.0,0.0
536,1790365973.7466033,8765440.0,0.0002353583
537,1790365993.746761,8781824.0,0.0
538,1790366013.7477198,8798208.0,0.0
539,1790366033.7484305,8814592.0,0.0002353583
540,1790366043.7466972,8830976.0,0.0002353583
541,1790366063.7479248,8847360.0,0.0002353583
542,1790366083.7470474,8863744.0,0.0004707166
543,1790366103.7469726,8880128.0,0.0
544,1790366123.7464333,8896512.0,0.0
545,1790366133.7524047,8912896.0,0.0
546,1790366153.747368,8929280.0,0.0002353583
547,1790366173.7476788,8945664.0,0.0004707166
548,1790366193.746866,8962048.0,0.0
549,1790366213.7486155,8978432.0,0.0
550,1790366223.7500317,8994816.0,0.0002353583
551,1790366243.7467136,9011200.0,0.0004707166
552,1790366263.7477746,9027584.0,0.0
553,1790366283.748252,9043968.0,0.0004707166
554,1790366303.7486968,9060352.0,0.0002353583
555,1790366323.7465332,9076736.0,0.0002353583
556,1790366343.7480035,9093120.0,0.0002353583
557,1790366353.7476003,9109504.0,0.0007060749
558,1790366373.7484026,9125888.0,0.0002353583
559,1790366393.7466109,9142272.0,0.0002353583
560,1790366413.747641,9158656.0,0.0004707166
561,1790366433.7463095,9175040.0,0.0004707166
562,1790366453.7481017,9191424.0,0.0004707166
563,1790366473.7474854,9207808.0,0.0002353583
564,1790366483.747881,9224192.0,0.0004707166
565,1790366503.748845,9240576.0,0.0004707166
566,1790366523.7487595,9256960.0,0.0
567,1790366543.7472384,9273344.0,0.0
568,1790366563.7470045,9289728.0,0.0
569,1790366583.7471683,9306112.0,0.0004707166
570,1790366603.74712,9322496.0,0.0002353583
571,1790366613.7467906,9338880.0,0.0004707166
572,1790366633.7472477,9355264.0,0.0
573,1790366653.7463553,9371648.0,0.0004707166
574,1790366673.747678,9388032.0,0.0
575,1790366693.7463503,9404416.0,0.0002353583
576,1790366703.749602,9420800.0,0.0002353583
577,1790366723.746743,9437184.0,0.0002353583
578,1790366743.749178,9453568.0,0.0002353583
579,1790366763.7465608,9469952.0,0.0002353583
580,1790366783.7477283,9486336.0,0.0002353583
581,1790366803.7468345,9502720.0,0.0
582,1790366823.7486353,9519104.0,0.0004707166
583,1790366833.7468977,9535488.0,0.0002353583
584,1790366853.7463322,9551872.0,0.0004707166
585,1790366873.7473774,9568256.0,0.0002353583
586,1790366893.7464988,9584640.0,0.0
587,1790366913.7476828,9601024.0,0.0002353583
588,1790366933.7469096,9617408.0,0.0
589,1790366943.746359,9633792.0,0.0004707166
590,1790366963.747928,9650176.0,0.0
591,1790366983.7469244,9666560.0,0.0
592,1790367003.748546,9682944.0,0.0002353583
593,1790367023.7469285,9699328.0,0.0
594,1790367043.7487483,9715712.0,0.0002353583
595,1790367053.7464466,9732096.0,0.0007060749
596,1790367073.746987,9748480.0,0.0002353583
597,1790367093.7484882,9764864.0,0.0007060749
598,1790367113.7470286,9781248.0,0.0004707166
599,1790367133.747121,9797632.0,0.0
600,1790367143.7478924,9814016.0,0.0
601,1790367163.7485468,9830400.0,0.0002353583
602,1790367183.7476616,9846784.0,0.0
603,1790367203.746911,9863168.0,0.0
604,1790367223.747418,9879552.0,0.0007060749
605,1790367233.7501798,9895936.0,0.0
606,1790367253.747795,9912320.0,0.0004707166
607,1790367273.746496,9928704.0,0.0
608,1790367293.747944,9945088.0,0.0002353583
609,1790367313.747522,9961472.0,0.0
610,1790367333.7463229,9977856.0,0.0004707166
611,1790367343.7479262,9994240.0,0.0
612,1790367363.7475553,10010624.0,0.0
613,1790367383.7484753,10027008.0,0.0002353583
614,1790367403.7469451,10043392.0,0.0
615,1790367423.7485542,10059776.0,0.0004707166
616,1790367433.749044,10076160.0,0.0
617,1790367453.7478597,10092544.0,0.0002353583
618,1790367473.7492657,10108928.0,0.0
619,1790367493.7482822,10125312.0,0.0002353583
620,1790367513.747815,10141696.0,0.0
621,1790367533.7511437,10158080.0,0.0002353583
622,1790367543.7497694,10174464.0,0.0
623,1790367563.7479308,10190848.0,0.0004707166
624,1790367583.7465274,10207232.0,0.0002353583
625,1790367603.7516418,10223616.0,0.0004707166
626,1790367623.7465098,10240000.0,0.0002353583
627,1790367643.7478087,10256384.0,0.0004707166
628,1790367653.7495656,10272768.0,0.0
629,1790367673.7484388,10289152.0,0.0
630,1790367693.7495856,10305536.0,0.0002353583
631,1790367713.7469366,10321920.0,0.0
632,1790367733.7484508,10338304.0,0.0
633,1790367753.7467449,10354688.0,0.0004707166
634,1790367773.7484486,10371072.0,0.0
635,1790367783.7480383,10387456.0,0.0
636,1790367803.746955,10403840.0,0.0
637,1790367823.7464669,10420224.0,0.0002353583
638,1790367843.7469296,10436608.0,0.0002353583
639,1790367863.7480156,10452992.0,0.0002353583
640,1790367883.7503903,10469376.0,0.0
641,1790367893.7471268,10485760.0,0.0
642,1790367913.7472963,10502144.0,0.0
643,1790367933.746349,10518528.0,0.0
644,1790367953.746906,10534912.0,0.0004707166
645,1790367973.748373,10551296.0,0.0002353583
646,1790367983.7477975,10567680.0,0.0004707166
647,1790368003.7490492,10584064.0,0.0002353583
648,1790368023.747415,10600448.0,0.0004707166
649,1790368043.7487826,10616832.0,0.0
650,1790368063.7477405,10633216.0,0.0
651,1790368083.7483284,10649600.0,0.0
652,1790368093.7495594,10665984.0,0.0
653,1790368113.7483451,10682368.0,0.0004707166
654,1790368133.7466676,10698752.0,0.0
655,1790368153.746707,10715136.0,0.0
656,1790368173.7464852,10731520.0,0.0
657,1790368193.748336,10747904.0,0.0
658,1790368203.74877,10764288.0,0.0
659,1790368223.746377,10780672.0,0.0
660,1790368243.7467048,10797056.0,0.0
661,1790368263.746725,10813440.0,0.0002353583
662,1790368283.7463284,10829824.0,0.0002353583
663,1790368303.7479093,10846208.0,0.0002353583
664,1790368313.747926,10862592.0,0.0002353583
665,1790368333.7474062,10878976.0,0.0
666,1790368353.746362,10895360.0,0.0
667,1790368373.7481158,10911744.0,0.0002353583
668,1790368393.7470772,10928128.0,0.0002353583
669,1790368413.7469394,10944512.0,0.0002353583
670,1790368423.74936,10960896.0,0.0
671,1790368443.74684,10977280.0,0.0
672,1790368463.749508,10993664.0,0.0
673,1790368483.747265,11010048.0,0.0
674,1790368503.7462618,11026432.0,0.0004707166
675,1790368523.7473576,11042816.0,0.0002353583
676,1790368533.7487564,11059200.0,0.0007060749
677,1790368553.7483983,11075584.0,0.0004707166
678,1790368573.7475216,11091968.0,0.0
679,1790368593.7463224,11108352.0,0.0004707166
680,1790368613.7478852,11124736.0,0.0
681,1790368633.7469769,11141120.0,0.0
682,1790368643.7498314,11157504.0,0.0009414332
683,1790368663.74759,11173888.0,0.0
684,1790368683.747132,11190272.0,0.0
685,1790368703.748951,11206656.0,0.0002353583
686,1790368723.7490542,11223040.0,0.0004707166
687,1790368743.74958,11239424.0,0.0004707166
688,1790368753.749012,11255808.0,0.0007060749
689,1790368773.7483113,11272192.0,0.0
690,1790368793.7462804,11288576.0,0.0002353583
691,1790368813.746146,11304960.0,0.0002353583
692,1790368833.7478611,11321344.0,0.0
693,1790368843.7517438,11337728.0,0.0002353583
694,1790368863.747704,11354112.0,0.0002353583
695,1790368883.7474318,11370496.0,0.0
696,1790368903.746831,11386880.0,0.0002353583
697,1790368923.7472148,11403264.0,0.0002353583
698,1790368943.7488918,11419648.0,0.0002353583
699,1790368953.7515836,11436032.0,0.0
700,1790368973.747542,11452416.0,0.0002353583
701,1790368993.748047,11468800.0,0.0004707166
702,1790369013.7464998,11485184.0,0.0
703,1790369033.747357,11501568.0,0.0
704,1790369043.7490234,11517952.0,0.0
705,1790369063.746667,11534336.0,0.0002353583
706,1790369083.747532,11550720.0,0.0
707,1790369103.7479222,11567104.0,0.0
708,1790369123.747892,11583488.0,0.0002353583
709,1790369143.747002,11599872.0,0.0
710,1790369163.747869,11616256.0,0.0009414332
711,1790369173.7479758,11632640.0,0.0
712,1790369193.746642,11649024.0,0.0004707166
713,1790369213.7475224,11665408.0,0.0002353583
714,1790369233.749261,11681792.0,0.0
715,1790369253.7492995,11698176.0,0.0002353583
716,1790369273.749042,11714560.0,0.0
717,1790369283.7466702,11730944.0,0.0
718,1790369303.746866,11747328.0,0.0002353583
719,1790369323.7463946,11763712.0,0.0007060749
720,1790369343.7473197,11780096.0,0.0
721,1790369363.7465174,11796480.0,0.0002353583
722,1790369373.751205,11812864.0,0.0002353583
723,1790369393.746749,11829248.0,0.0009414332
724,1790369413.7475188,11845632.0,0.0002353583
725,1790369433.7476757,11862016.0,0.0002353583
726,1790369453.746578,11878400.0,0.0004707166
727,1790369473.7471886,11894784.0,0.0002353583
728,1790369493.747199,11911168.0,0.0002353583
729,1790369503.748489,11927552.0,0.0002353583
730,1790369523.748016,11943936.0,0.0
731,1790369543.74677,11960320.0,0.0
732,1790369563.7479565,11976704.0,0.0002353583
733,1790369583.7471268,11993088.0,0.0
734,1790369593.7508502,12009472.0,0.0004707166
735,1790369613.7465184,12025856.0,0.0
736,1790369633.7496188,12042240.0,0.0004707166
737,1790369653.7474847,12058624.0,0.0002353583
738,1790369673.7463982,12075008.0,0.0004707166
739,1790369693.7469451,12091392.0,0.0007060749
740,1790369713.747857,12107776.0,0.0002353583
741,1790369723.74903,12124160.0,0.0002353583
742,1790369743.7464812,12140544.0,0.0004707166
743,1790369763.7465942,12156928.0,0.0
744,1790369783.749357,12173312.0,0.0002353583
745,1790369803.748326,12189696.0,0.0011767915
746,1790369823.746678,12206080.0,0.0
747,1790369833.747578,12222464.0,0.0
748,1790369853.7478838,12238848.0,0.0
749,1790369873.7466798,12255232.0,0.0002353583
750,1790369893.7462745,12271616.0,0.0007060749
751,1790369913.7476008,12288000.0,0.0
752,1790369923.749435,12304384.0,0.0002353583
753,1790369943.7521296,12320768.0,0.0002353583
754,1790369963.7479615,12337152.0,0.0004707166
755,1790369983.7483523,12353536.0,0.0002353583
756,1790370003.7488365,12369920.0,0.0
757,1790370013.7516875,12386304.0,0.0
758,1790370033.7497227,12402688.0,0.0002353583
759,1790370053.7495725,12419072.0,0.0
760,1790370073.7487438,12435456.0,0.0002353583
761,1790370093.747992,12451840.0,0.0002353583
762,1790370103.7496407,12468224.0,0.0
763,1790370123.7463322,12484608.0,0.0
764,1790370143.7468734,12500992.0,0.0
765,1790370163.7496245,12517376.0,0.0004707166
766,1790370183.746576,12533760.0,0.0
767,1790370203.7479296,12550144.0,0.0
768,1790370213.7526543,12566528.0,0.0007060749
769,1790370233.7468126,12582912.0,0.0002353583
770,1790370253.748853,12599296.0,0.0
771,1790370273.747969,12615680.0,0.0004707166
772,1790370293.751308,12632064.0,0.0004707166
773,1790370313.7462463,12648448.0,0.0
774,1790370323.7494676,12664832.0,0.0
775,1790370343.7466288,12681216.0,0.0
776,1790370363.7484634,12697600.0,0.0
777,1790370383.7505329,12713984.0,0.0
778,1790370403.7487414,12730368.0,0.0
779,1790370413.750069,12746752.0,0.0004707166
780,1790370433.7490723,12763136.0,0.0002353583
781,1790370453.7480624,12779520.0,0.0
782,1790370473.746915,12795904.0,0.0002353583
783,1790370493.7465203,12812288.0,0.0
784,1790370503.7495773,12828672.0,0.0
785,1790370523.7469835,12845056.0,0.0004707166
786,1790370543.7476466,12861440.0,0.0
787,1790370563.748775,12877824.0,0.0
788,1790370583.7469766,12894208.0,0.0002353583
789,1790370603.7474225,12910592.0,0.0
790,1790370613.7494504,12926976.0,0.0
791,1790370633.749897,12943360.0,0.0002353583
792,1790370653.7476544,12959744.0,0.0002353583
793,1790370673.747266,12976128.0,0.0004707166
794,1790370693.7499745,12992512.0,0.0
795,1790370713.7473695,13008896.0,0.0002353583
796,1790370733.7472785,13025280.0,0.0002353583
797,1790370743.7468553,13041664.0,0.0002353583
798,1790370763.7479336,13058048.0,0.0002353583
799,1790370783.7467303,13074432.0,0.0004707166
800,1790370803.7462234,13090816.0,0.0002353583
801,1790370823.7469316,13107200.0,0.0
802,1790370833.7496002,13123584.0,0.0002353583
803,1790370853.7474177,13139968.0,0.0004707166
804,1790370873.7470536,13156352.0,0.0007060749
805,1790370893.7482734,13172736.0,0.0
806,1790370913.749108,13189120.0,0.0007060749
807,1790370933.7488754,13205504.0,0.0002353583
808,1790370943.7495265,13221888.0,0.0002353583
809,1790370963.7473888,13238272.0,0.0004707166
810,1790370983.7467418,13254656.0,0.0
811,1790371003.7483194,13271040.0,0.0002353583
812,1790371023.7472062,13287424.0,0.0002353583
813,1790371033.7494576,13303808.0,0.0
814,1790371053.7463624,13320192.0,0.0007060749
815,1790371073.7481172,13336576.0,0.0004707166
816,1790371093.7476122,13352960.0,0.0007060749
817,1790371113.7464333,13369344.0,0.0002353583
818,1790371133.7463408,13385728.0,0.0004707166
819,1790371143.7489989,13402112.0,0.0
820,1790371163.7464845,13418496.0,0.0
821,1790371183.7471104,13434880.0,0.0
822,1790371203.746843,13451264.0,0.0002353583
823,1790371223.7476487,13467648.0,0.0
824,1790371243.7483,13484032.0,0.0004707166
825,1790371253.7522228,13500416.0,0.0004707166
826,1790371273.7469587,13516800.0,0.0002353583
827,1790371293.7477398,13533184.0,0.0002353583
828,1790371313.7470517,13549568.0,0.0007060749
829,1790371333.7466495,13565952.0,0.0
830,1790371353.7478392,13582336.0,0.0004707166
831,1790371373.7475212,13598720.0,0.0004707166
832,1790371383.7515814,13615104.0,0.0
833,1790371403.7479987,13631488.0,0.0
834,1790371423.746136,13647872.0,0.0004707166
835,1790371443.749929,13664256.0,0.0
836,1790371463.748278,13680640.0,0.0
837,1790371473.749402,13697024.0,0.0
838,1790371493.7487545,13713408.0,0.0004707166
839,1790371513.7474985,13729792.0,0.0
840,1790371533.749985,13746176.0,0.0002353583
841,1790371553.7522273,13762560.0,0.0002353583
842,1790371573.7479618,13778944.0,0.0
843,1790371593.7481186,13795328.0,0.0002353583
844,1790371603.749238,13811712.0,0.0
845,1790371623.751312,13828096.0,0.0002353583
846,1790371643.7482965,13844480.0,0.0004707166
847,1790371663.7474778,13860864.0,0.0002353583
848,1790371683.746565,13877248.0,0.0002353583
849,1790371703.7466345,13893632.0,0.0004707166
850,1790371713.7491837,13910016.0,0.0002353583
851,1790371733.746302,13926400.0,0.0
852,1790371753.7498908,13942784.0,0.0
853,1790371773.747078,13959168.0,0.0
854,1790371793.7469923,13975552.0,0.0002353583
855,1790371813.748691,13991936.0,0.0002353583
856,1790371823.7476568,14008320.0,0.0007060749
857,1790371843.7467074,14024704.0,0.0004707166
858,1790371863.7480285,14041088.0,0.0002353583
859,1790371883.7469397,14057472.0,0.0007060749
860,1790371903.7463448,14073856.0,0.0004707166
861,1790371913.7488656,14090240.0,0.0002353583
862,1790371933.747757,14106624.0,0.0002353583
863,1790371953.7470634,14123008.0,0.0002353583
864,1790371973.748144,14139392.0,0.0
865,1790371993.7482986,14155776.0,0.0007060749
866,1790372013.7497149,14172160.0,0.0
867,1790372033.7464745,14188544.0,0.0007060749
868,1790372043.7504284,14204928.0,0.0
869,1790372063.7478983,14221312.0,0.0
870,1790372083.74643,14237696.0,0.0002353583
871,1790372103.7466416,14254080.0,0.0002353583
872,1790372123.7476091,14270464.0,0.0007060749
873,1790372143.7482417,14286848.0,0.0004707166
874,1790372153.748319,14303232.0,0.0
875,1790372173.7480662,14319616.0,0.0
876,1790372193.747593,14336000.0,0.0007060749
877,1790372213.7472484,14352384.0,0.0
878,1790372233.7473938,14368768.0,0.0004707166
879,1790372253.7490337,14385152.0,0.0
880,1790372263.7467196,14401536.0,0.0
881,1790372283.7477646,14417920.0,0.0004707166
882,1790372303.7482314,14434304.0,0.0004707166
883,1790372323.7474654,14450688.0,0.0004707166
884,1790372343.747988,14467072.0,0.0002353583
885,1790372353.752312,14483456.0,0.0002353583
886,1790372373.748142,14499840.0,0.0002353583
887,1790372393.7486677,14516224.0,0.0
888,1790372413.7480998,14532608.0,0.0004707166
889,1790372433.7469125,14548992.0,0.0004707166
890,1790372443.749872,14565376.0,0.0004707166
891,1790372463.7481694,14581760.0,0.0004707166
892,1790372483.747892,14598144.0,0.0
893,1790372503.7480423,14614528.0,0.0004707166
894,1790372523.746617,14630912.0,0.0
895,1790372543.748175,14647296.0,0.0002353583
896,1790372553.747008,14663680.0,0.0002353583
897,1790372573.748526,14680064.0,0.0002353583
898,1790372593.7491903,14696448.0,0.0
899,1790372613.7464776,14712832.0,0.0
900,1790372633.7488627,14729216.0,0.0002353583
901,1790372653.747568,14745600.0,0.0
902,1790372673.7487483,14761984.0,0.0
903,1790372683.7485535,14778368.0,0.0004707166
904,1790372703.7482429,14794752.0,0.0
905,1790372723.749323,14811136.0,0.0002353583
906,1790372743.7479174,14827520.0,0.0
907,1790372763.7475655,14843904.0,0.0004707166
908,1790372773.750921,14860288.0,0.0
909,1790372793.7470312,14876672.0,0.0
910,1790372813.7471185,14893056.0,0.0007060749
911,1790372833.751238,14909440.0,0.0007060749
912,1790372853.747017,14925824.0,0.0
913,1790372873.7465546,14942208.0,0.0
914,1790372883.751901,14958592.0,0.0004707166
915,1790372903.7481935,14974976.0,0.0
916,1790372923.7473648,14991360.0,0.0004707166
917,1790372943.7479353,15007744.0,0.0
918,1790372963.7469056,15024128.0,0.0002353583
919,1790372983.746512,15040512.0,0.0004707166
920,1790372993.7491713,15056896.0,0.0002353583
921,1790373013.7462733,15073280.0,0.0002353583
922,1790373033.748668,15089664.0,0.0007060749
923,1790373053.7467537,15106048.0,0.0007060749
924,1790373073.7467165,15122432.0,0.0009414332
925,1790373093.746395,15138816.0,0.0
926,1790373103.7490444,15155200.0,0.0004707166
927,1790373123.7467442,15171584.0,0.0002353583
928,1790373143.746395,15187968.0,0.0002353583
929,1790373163.7469766,15204352.0,0.0
930,1790373183.7479267,15220736.0,0.0002353583
931,1790373193.74914,15237120.0,0.0004707166
932,1790373213.7485094,15253504.0,0.0
933,1790373233.74658,15269888.0,0.0
934,1790373253.748839,15286272.0,0.0
935,1790373273.7474196,15302656.0,0.0004707166
936,1790373293.7471888,15319040.0,0.0009414332
937,1790373303.7495384,15335424.0,0.0007060749
938,1790373323.7467344,15351808.0,0.0004707166
939,1790373343.750374,15368192.0,0.0
940,1790373363.7476225,15384576.0,0.0007060749
941,1790373383.7472386,15400960.0,0.0002353583
942,1790373403.748496,15417344.0,0.0
943,1790373413.7483556,15433728.0,0.0002353583
944,1790373433.7467823,15450112.0,0.0
945,1790373453.7469337,15466496.0,0.0002353583
946,1790373473.7463698,15482880.0,0.0002353583
947,1790373493.746246,15499264.0,0.0004707166
948,1790373513.7487066,15515648.0,0.0002353583
949,1790373523.748964,15532032.0,0.0004707166
950,1790373543.7470405,15548416.0,0.0004707166
951,1790373563.7473643,15564800.0,0.0004707166
952,1790373583.7498102,15581184.0,0.0002353583
953,1790373603.750512,15597568.0,0.0
954,1790373613.749653,15613952.0,0.0002353583
955,1790373633.7464466,15630336.0,0.0
956,1790373653.7465942,15646720.0,0.0002353583
957,1790373673.74889,15663104.0,0.0
958,1790373693.746425,15679488.0,0.0002353583
959,1790373713.7487645,15695872.0,0.0
960,1790373723.7510314,15712256.0,0.0002353583
961,1790373743.7468262,15728640.0,0.0
962,1790373763.74771,15745024.0,0.0
963,1790373783.747064,15761408.0,0.0
964,1790373803.748449,15777792.0,0.0002353583
965,1790373813.7481327,15794176.0,0.0
966,1790373833.7463892,15810560.0,0.0002353583
967,1790373853.7483912,15826944.0,0.0
968,1790373873.7473698,15843328.0,0.0002353583
969,1790373893.7465158,15859712.0,0.0
970,1790373913.7463956,15876096.0,0.0002353583
971,1790373923.7480962,15892480.0,0.0
972,1790373943.749642,15908864.0,0.0
973,1790373963.747131,15925248.0,0.0
974,1790373983.747807,15941632.0,0.0002353583
975,1790374003.7472754,15958016.0,0.0
976,1790374023.7487142,15974400.0,0.0
977,1790374033.7490325,15990784.0,0.0002353583
978,1790374053.7460768,16007168.0,0.0
979,1790374073.749416,16023552.0,0.0
980,1790374093.7473197,16039936.0,0.0
981,1790374113.7479942,16056320.0,0.0004707166
982,1790374133.7464302,16072704.0,0.0002353583
983,1790374143.7523575,16089088.0,0.0002353583
984,1790374163.7474804,16105472.0,0.0002353583
985,1790374183.7467842,16121856.0,0.0004707166
986,1790374203.7477126,16138240.0,0.0002353583
987,1790374223.747618,16154624.0,0.0004707166
988,1790374243.7494771,16171008.0,0.0
989,1790374253.749478,16187392.0,0.0
990,1790374273.7485638,16203776.0,0.0002353583
991,1790374293.7470624,16220160.0,0.0
992,1790374313.7462437,16236544.0,0.0002353583
993,1790374333.7465425,16252928.0,0.0002353583
994,1790374353.746404,16269312.0,0.0002353583
995,1790374363.7503943,16285696.0,0.0002353583
996,1790374383.749452,16302080.0,0.0007060749
997,1790374403.747831,16318464.0,0.0004707166
998,1790374423.7484772,16334848.0,0.0
999,1790374443.7487907,16351232.0,0.0007060749
1000,1790374463.7480867,16367616.0,0.0002353583
1001,1790374483.7486224,16384000.0,0.0002353583
1002,1790374493.750658,16400384.0,0.0
1003,1790374513.748238,16416768.0,0.0002353583
1004,1790374533.748142,16433152.0,0.0002353583
1005,1790374553.7476208,16449536.0,0.0
1006,1790374573.7485805,16465920.0,0.0
1007,1790374593.747323,16482304.0,0.0002353583
1008,1790374613.7476697,16498688.0,0.0004707166
1009,1790374623.7477975,16515072.0,0.0002353583
1010,1790374643.74645,16531456.0,0.0002353583
1011,1790374663.746905,16547840.0,0.0
1012,1790374683.7476275,16564224.0,0.0
1013,1790374693.7496448,16580608.0,0.0004707166
1014,1790374713.748474,16596992.0,0.0002353583
1015,1790374733.7478845,16613376.0,0.0002353583
1016,1790374753.747168,16629760.0,0.0
1017,1790374773.7493918,16646144.0,0.0007060749
1018,1790374793.747776,16662528.0,0.0002353583
1019,1790374803.7484744,16678912.0,0.0
1020,1790374823.7467213,16695296.0,0.0004707166
1021,1790374843.7483554,16711680.0,0.0002353583
1022,1790374863.7475493,16728064.0,0.0004707166
1023,1790374883.748103,16744448.0,0.0004707166
1024,1790374893.7525077,16760832.0,0.0
1025,1790374913.749733,16777216.0,0.0004707166
1026,1790374933.7483923,16793600.0,0.0004707166
1027,1790374953.747712,16809984.0,0.0002353583
1028,1790374973.7470613,16826368.0,0.0004707166
1029,1790374993.7491364,16842752.0,0.0
1030,1790375003.7488685,16859136.0,0.0002353583
1031,1790375023.7464504,16875520.0,0.0002353583
1032,1790375043.7468016,16891904.0,0.0
1033,1790375063.7474763,16908288.0,0.0
1034,1790375083.746418,16924672.0,0.0004707166
1035,1790375093.7512312,16941056.0,0.0
1036,1790375113.7476132,16957440.0,0.0002353583
1037,1790375133.7479584,16973824.0,0.0004707166
1038,1790375153.748562,16990208.0,0.0002353583
1039,1790375173.7470584,17006592.0,0.0
1040,1790375193.7464635,17022976.0,0.0002353583
1041,1790375203.7521336,17039360.0,0.0
1042,1790375223.7466202,17055744.0,0.0004707166
1043,1790375243.7484171,17072128.0,0.0002353583
1044,1790375263.7469478,17088512.0,0.0
1045,1790375283.7478013,17104896.0,0.0
1046,1790375293.748592,17121280.0,0.0002353583
1047,1790375313.7480242,17137664.0,0.0002353583
1048,1790375333.7463093,17154048.0,0.0004707166
1049,1790375353.746765,17170432.0,0.0
1050,1790375373.7491918,17186816.0,0.0
1051,1790375383.746367,17203200.0,0.0002353583
1052,1790375403.7503154,17219584.0,0.0002353583
1053,1790375423.7473974,17235968.0,0.0002353583
1054,1790375443.7466753,17252352.0,0.0002353583
1055,1790375463.748397,17268736.0,0.0007060749
1056,1790375483.748701,17285120.0,0.0004707166
1057,1790375493.7494404,17301504.0,0.0
1058,1790375513.749864,17317888.0,0.0002353583
1059,1790375533.746591,17334272.0,0.0
1060,1790375553.7481751,17350656.0,0.0002353583
1061,1790375573.7471986,17367040.0,0.0002353583
1062,1790375593.747836,17383424.0,0.0
1063,1790375613.7488546,17399808.0,0.0007060749
1064,1790375623.748427,17416192.0,0.0
1065,1790375643.7467918,17432576.0,0.0002353583
1066,1790375663.7485042,17448960.0,0.0
1067,1790375683.7465336,17465344.0,0.0
1068,1790375703.748586,17481728.0,0.0002353583
1069,1790375713.7494028,17498112.0,0.0004707166
1070,1790375733.750955,17514496.0,0.0004707166
1071,1790375753.747417,17530880.0,0.0004707166
1072,1790375773.7470367,17547264.0,0.0
1073,1790375793.747561,17563648.0,0.0002353583
1074,1790375813.7474406,17580032.0,0.0
1075,1790375823.749519,17596416.0,0.0011767915
1076,1790375843.747403,17612800.0,0.0007060749
1077,1790375863.747616,17629184.0,0.0002353583
1078,1790375883.748705,17645568.0,0.0002353583
1079,1790375903.7487516,17661952.0,0.0004707166
1080,1790375913.750695,17678336.0,0.0004707166
1081,1790375933.7468705,17694720.0,0.0
1082,1790375953.7469244,17711104.0,0.0002353583
1083,1790375973.7477567,17727488.0,0.0002353583
1084,1790375993.74782,17743872.0,0.0002353583
1085,1790376003.750503,17760256.0,0.0007060749
1086,1790376023.7471375,17776640.0,0.0004707166
1087,1790376043.7478082,17793024.0,0.0002353583
1088,1790376063.74703,17809408.0,0.0007060749
1089,1790376083.7471137,17825792.0,0.0004707166
1090,1790376093.7479548,17842176.0,0.0002353583
1091,1790376113.7502732,17858560.0,0.0
1092,1790376133.7478323,17874944.0,0.0002353583
1093,1790376153.7469192,17891328.0,0.0
1094,1790376173.7480412,17907712.0,0.0002353583
1095,1790376193.7482767,17924096.0,0.0
1096,1790376213.7465096,17940480.0,0.0002353583
1097,1790376223.7486844,17956864.0,0.0002353583
1098,1790376243.7491338,17973248.0,0.0002353583
1099,1790376263.7470355,17989632.0,0.0004707166
1100,1790376283.7475228,18006016.0,0.0002353583
1101,1790376303.74807,18022400.0,0.0004707166
1102,1790376323.7468288,18038784.0,0.0002353583
1103,1790376343.7476442,18055168.0,0.0002353583
1104,1790376353.750957,18071552.0,0.0011767915
1105,1790376373.7464275,18087936.0,0.0002353583
1106,1790376393.7465248,18104320.0,0.0009414332
1107,1790376413.7483428,18120704.0,0.0004707166
1108,1790376433.7488246,18137088.0,0.0002353583
1109,1790376443.7487447,18153472.0,0.0
1110,1790376463.746906,18169856.0,0.0002353583
1111,1790376483.7471194,18186240.0,0.0004707166
1112,1790376503.7466154,18202624.0,0.0002353583
1113,1790376523.7495947,18219008.0,0.0002353583
1114,1790376533.751607,18235392.0,0.0002353583
1115,1790376553.751938,18251776.0,0.0002353583
1116,1790376573.7471354,18268160.0,0.0
1117,1790376593.7484224,18284544.0,0.0002353583
1118,1790376613.7482748,18300928.0,0.0
1119,1790376623.7497094,18317312.0,0.0
1120,1790376643.747853,18333696.0,0.0002353583
1121,1790376663.7475493,18350080.0,0.0002353583
1122,1790376683.746434,18366464.0,0.0
1123,1790376703.750769,18382848.0,0.0
1124,1790376723.748325,18399232.0,0.0002353583
1125,1790376733.7514744,18415616.0,0.0
1126,1790376753.7469332,18432000.0,0.0
1127,1790376773.746684,18448384.0,0.0004707166
1128,1790376793.7477703,18464768.0,0.0004707166
1129,1790376813.747496,18481152.0,0.0
1130,1790376823.751628,18497536.0,0.0002353583
1131,1790376843.748569,18513920.0,0.0002353583
1132,1790376863.747065,18530304.0,0.0007060749
1133,1790376883.748978,18546688.0,0.0002353583
1134,1790376903.748268,18563072.0,0.0007060749
1135,1790376923.7473743,18579456.0,0.0004707166
1136,1790376933.7494068,18595840.0,0.0
1137,1790376953.7473798,18612224.0,0.0
1138,1790376973.7474325,18628608.0,0.0
1139,1790376993.746991,18644992.0,0.0002353583
1140,1790377013.7489731,18661376.0,0.0
1141,1790377033.746384,18677760.0,0.0002353583
1142,1790377043.7492485,18694144.0,0.0
1143,1790377063.7468803,18710528.0,0.0004707166
1144,1790377083.74709,18726912.0,0.0007060749
1145,1790377103.7474542,18743296.0,0.0004707166
1146,1790377123.7478578,18759680.0,0.0004707166
1147,1790377143.7468495,18776064.0,0.0002353583
1148,1790377163.746462,18792448.0,0.0007060749
1149,1790377173.7498174,18808832.0,0.0004707166
1150,1790377193.7461202,18825216.0,0.0007060749
1151,1790377213.7481134,18841600.0,0.0002353583
1152,1790377233.7470589,18857984.0,0.0
1153,1790377253.747228,18874368.0,0.0
1154,1790377263.751283,18890752.0,0.0
1155,1790377283.751724,18907136.0,0.0007060749
1156,1790377303.746675,18923520.0,0.0
1157,1790377323.7464898,18939904.0,0.0002353583
1158,1790377343.7482998,18956288.0,0.0002353583
1159,1790377363.7478368,18972672.0,0.0002353583
1160,1790377373.7500856,18989056.0,0.0
1161,1790377393.7474558,19005440.0,0.0004707166
1162,1790377413.7473855,19021824.0,0.0004707166
1163,1790377433.7466388,19038208.0,0.0002353583
1164,1790377453.746594,19054592.0,0.0004707166
1165,1790377473.7470715,19070976.0,0.0009414332
1166,1790377483.7532887,19087360.0,0.0007060749
1167,1790377503.7464197,19103744.0,0.0004707166
1168,1790377523.7485094,19120128.0,0.0
1169,1790377543.7482383,19136512.0,0.0004707166
1170,1790377563.7472942,19152896.0,0.0002353583
1171,1790377573.749305,19169280.0,0.0007060749
1172,1790377593.7479317,19185664.0,0.0
1173,1790377613.7470276,19202048.0,0.0007060749
1174,1790377633.7465572,19218432.0,0.0004707166
1175,1790377653.7468944,19234816.0,0.0004707166
1176,1790377663.7487435,19251200.0,0.0002353583
1177,1790377683.7494488,19267584.0,0.0007060749
1178,1790377703.7482562,19283968.0,0.0004707166
1179,1790377723.746516,19300352.0,0.0007060749
1180,1790377743.7482882,19316736.0,0.0002353583
1181,1790377763.7463543,19333120.0,0.0002353583
1182,1790377773.7512517,19349504.0,0.0
1183,1790377793.7489414,19365888.0,0.0002353583
1184,1790377813.7472289,19382272.0,0.0
1185,1790377833.747777,19398656.0,0.0007060749
1186,1790377853.7473495,19415040.0,0.0004707166
1187,1790377863.7488625,19431424.0,0.0002353583
1188,1790377883.7500362,19447808.0,0.0007060749
1189,1790377903.7466393,19464192.0,0.0
1190,1790377923.7470882,19480576.0,0.0
1191,1790377943.7485452,19496960.0,0.0002353583
1192,1790377953.7498813,19513344.0,0.0002353583
1193,1790377973.7464151,19529728.0,0.0002353583
1194,1790377993.7465365,19546112.0,0.0
1195,1790378013.7471178,19562496.0,0.0002353583
1196,1790378033.7477508,19578880.0,0.0007060749
1197,1790378053.7490184,19595264.0,0.0002353583
1198,1790378063.7524166,19611648.0,0.0004707166
1199,1790378083.746458,19628032.0,0.0004707166
1200,1790378103.7485824,19644416.0,0.0002353583
1201,1790378123.7482324,19660800.0,0.0002353583
1202,1790378143.746697,19677184.0,0.0
1203,1790378163.7512052,19693568.0,0.0007060749
1204,1790378173.748881,19709952.0,0.0002353583
1205,1790378193.7493186,19726336.0,0.0004707166
1206,1790378213.749884,19742720.0,0.0004707166
1207,1790378233.748767,19759104.0,0.0002353583
1208,1790378253.747757,19775488.0,0.0004707166
1209,1790378273.746321,19791872.0,0.0004707166
1210,1790378283.7488909,19808256.0,0.0002353583
1211,1790378303.746465,19824640.0,0.0004707166
1212,1790378323.7468567,19841024.0,0.0
1213,1790378343.7472768,19857408.0,0.0004707166
1214,1790378363.746955,19873792.0,0.0004707166
1215,1790378383.749032,19890176.0,0.0004707166
1216,1790378393.7496655,19906560.0,0.0
1217,1790378413.7500925,19922944.0,0.0
1218,1790378433.746857,19939328.0,0.0004707166
1219,1790378453.746289,19955712.0,0.0004707166
1220,1790378473.747604,19972096.0,0.0
1221,1790378493.748116,19988480.0,0.0004707166
1222,1790378503.7500246,20004864.0,0.0002353583
1223,1790378523.7466128,20021248.0,0.0
1224,1790378543.7481463,20037632.0,0.0007060749
1225,1790378563.7480714,20054016.0,0.0002353583
1226,1790378583.748176,20070400.0,0.0
1227,1790378603.748786,20086784.0,0.0002353583
1228,1790378613.7478666,20103168.0,0.0002353583
1229,1790378633.7464654,20119552.0,0.0002353583
1230,1790378653.746425,20135936.0,0.0004707166
1231,1790378673.7475216,20152320.0,0.0
1232,1790378683.7477062,20168704.0,0.0
1233,1790378703.7498813,20185088.0,0.0
1234,1790378723.7463307,20201472.0,0.0
1235,1790378743.7468908,20217856.0,0.0002353583
1236,1790378763.748386,20234240.0,0.0004707166
1237,1790378783.7492476,20250624.0,0.0004707166
1238,1790378793.7498474,20267008.0,0.0
1239,1790378813.750518,20283392.0,0.0
1240,1790378833.7490458,20299776.0,0.0002353583
1241,1790378853.746518,20316160.0,0.0002353583
1242,1790378873.7483838,20332544.0,0.0
1243,1790378893.7498152,20348928.0,0.0
1244,1790378903.7501264,20365312.0,0.0
1245,1790378923.7486258,20381696.0,0.0002353583
1246,1790378943.7458863,20398080.0,0.0002353583
1247,1790378963.7477596,20414464.0,0.0004707166
1248,1790378983.7483697,20430848.0,0.0002353583
1249,1790379003.7479105,20447232.0,0.0
1250,1790379013.7492435,20463616.0,0.0
1251,1790379033.7533276,20480000.0,0.0002353583
1252,1790379053.7463555,20496384.0,0.0004707166
1253,1790379073.7479424,20512768.0,0.0
1254,1790379093.7483015,20529152.0,0.0004707166
1255,1790379113.7502975,20545536.0,0.0
1256,1790379123.7542722,20561920.0,0.0
1257,1790379143.7463386,20578304.0,0.0002353583
1258,1790379163.7466402,20594688.0,0.0002353583
1259,1790379183.7466226,20611072.0,0.0002353583
1260,1790379203.7473638,20627456.0,0.0002353583
1261,1790379223.746585,20643840.0,0.0
1262,1790379233.7493024,20660224.0,0.0
1263,1790379253.7478547,20676608.0,0.0007060749
1264,1790379273.7461865,20692992.0,0.0
1265,1790379293.7481313,20709376.0,0.0002353583
1266,1790379313.7478063,20725760.0,0.0
1267,1790379333.7466004,20742144.0,0.0
1268,1790379353.746942,20758528.0,0.0002353583
1269,1790379363.7510383,20774912.0,0.0002353583
1270,1790379383.7467585,20791296.0,0.0002353583
1271,1790379403.7469287,20807680.0,0.0
1272,1790379423.746345,20824064.0,0.0002353583
1273,1790379443.7473974,20840448.0,0.0004707166
1274,1790379463.7494023,20856832.0,0.0002353583
1275,1790379473.7489638,20873216.0,0.0
1276,1790379493.7465975,20889600.0,0.0002353583
1277,1790379513.7466393,20905984.0,0.0004707166
1278,1790379533.7476037,20922368.0,0.0
1279,1790379553.747189,20938752.0,0.0007060749
1280,1790379573.747375,20955136.0,0.0007060749
1281,1790379593.7492657,20971520.0,0.0007060749
1282,1790379603.7463808,20987904.0,0.0
1283,1790379623.746911,21004288.0,0.0002353583
1284,1790379643.7479737,21020672.0,0.0
1285,1790379663.7477636,21037056.0,0.0
1286,1790379683.7481194,21053440.0,0.0
1287,1790379693.751836,21069824.0,0.0
1288,1790379713.748526,21086208.0,0.0002353583
1289,1790379733.7464309,21102592.0,0.0002353583
1290,1790379753.7471492,21118976.0,0.0004707166
1291,1790379773.747115,21135360.0,0.0002353583
1292,1790379783.749621,21151744.0,0.0002353583
1293,1790379803.747308,21168128.0,0.0004707166
1294,1790379823.747996,21184512.0,0.0
1295,1790379843.7477362,21200896.0,0.0
1296,1790379863.748701,21217280.0,0.0
1297,1790379873.7494135,21233664.0,0.0
1298,1790379893.7468348,21250048.0,0.0002353583
1299,1790379913.7464187,21266432.0,0.0002353583
1300,1790379933.7471075,21282816.0,0.0004707166
1301,1790379953.746485,21299200.0,0.0002353583
1302,1790379973.7484078,21315584.0,0.0
1303,1790379983.7483938,21331968.0,0.0
1304,1790380003.747082,21348352.0,0.0
1305,1790380023.7484546,21364736.0,0.0004707166
1306,1790380043.7480905,21381120.0,0.0002353583
1307,1790380063.7465808,21397504.0,0.0002353583
1308,1790380073.7510078,21413888.0,0.0
1309,1790380093.7462418,21430272.0,0.0
1310,1790380113.7482786,21446656.0,0.0
1311,1790380133.7490146,21463040.0,0.0007060749
1312,1790380153.7486436,21479424.0,0.0
1313,1790380163.7495823,21495808.0,0.0
1314,1790380183.746381,21512192.0,0.0002353583
1315,1790380203.7486455,21528576.0,0.0
1316,1790380223.7478285,21544960.0,0.0004707166
1317,1790380233.7523837,21561344.0,0.0
1318,1790380253.7509353,21577728.0,0.0
1319,1790380273.7467315,21594112.0,0.0
1320,1790380293.7464724,21610496.0,0.0
1321,1790380313.7466714,21626880.0,0.0004707166
1322,1790380333.7489874,21643264.0,0.0
1323,1790380353.747612,21659648.0,0.0
1324,1790380373.7476935,21676032.0,0.0
1325,1790380383.7522988,21692416.0,0.0
1326,1790380403.7475097,21708800.0,0.0007060749
1327,1790380423.7465923,21725184.0,0.0
1328,1790380443.7485547,21741568.0,0.0
1329,1790380463.7469826,21757952.0,0.0002353583
1330,1790380483.7492332,21774336.0,0.0
1331,1790380503.7463973,21790720.0,0.0
1332,1790380513.7472618,21807104.0,0.0004707166
1333,1790380533.7460637,21823488.0,0.0
1334,1790380553.7465968,21839872.0,0.0002353583
1335,1790380573.7465358,21856256.0,0.0004707166
1336,1790380593.7472987,21872640.0,0.0
1337,1790380613.746812,21889024.0,0.0
1338,1790380623.75119,21905408.0,0.0
1339,1790380643.7462478,21921792.0,0.0002353583
1340,1790380663.749148,21938176.0,0.0002353583
1341,1790380683.747068,21954560.0,0.0004707166
1342,1790380703.7474077,21970944.0,0.0002353583
1343,1790380713.7493,21987328.0,0.0002353583
1344,1790380733.7472358,22003712.0,0.0002353583
1345,1790380753.7492557,22020096.0,0.0
1346,1790380773.748573,22036480.0,0.0
1347,1790380793.7472167,22052864.0,0.0002353583
1348,1790380813.748983,22069248.0,0.0002353583
1349,1790380833.746533,22085632.0,0.0004707166
1350,1790380843.7488952,22102016.0,0.0002353583
1351,1790380863.746901,22118400.0,0.0002353583
1352,1790380883.7468345,22134784.0,0.0004707166
1353,1790380903.747091,22151168.0,0.0002353583
1354,1790380923.748615,22167552.0,0.0002353583
1355,1790380943.7478693,22183936.0,0.0002353583
1356,1790380953.7485187,22200320.0,0.0007060749
1357,1790380973.7475271,22216704.0,0.0004707166
1358,1790380993.7476337,22233088.0,0.0
1359,1790381013.7486389,22249472.0,0.0004707166
1360,1790381033.7474792,22265856.0,0.0004707166
1361,1790381043.748897,22282240.0,0.0002353583
1362,1790381063.7481492,22298624.0,0.0002353583
1363,1790381083.748078,22315008.0,0.0002353583
1364,1790381103.7482035,22331392.0,0.0
1365,1790381123.747023,22347776.0,0.0002353583
1366,1790381143.7469974,22364160.0,0.0
1367,1790381153.7500343,22380544.0,0.0002353583
1368,1790381173.7476726,22396928.0,0.0009414332
1369,1790381193.7470486,22413312.0,0.0
1370,1790381213.7471828,22429696.0,0.0004707166
1371,1790381233.746715,22446080.0,0.0011767915
1372,1790381253.7489276,22462464.0,0.0
1373,1790381263.7477558,22478848.0,0.0004707166
1374,1790381283.7466135,22495232.0,0.0
1375,1790381303.7485616,22511616.0,0.0002353583
1376,1790381323.748567,22528000.0,0.0002353583
1377,1790381343.7467763,22544384.0,0.0007060749
1378,1790381363.7483065,22560768.0,0.0004707166
1379,1790381373.749293,22577152.0,0.0004707166
1380,1790381393.7466896,22593536.0,0.0
1381,1790381413.748857,22609920.0,0.0
1382,1790381433.748038,22626304.0,0.0004707166
1383,1790381453.7468712,22642688.0,0.0
1384,1790381473.7469685,22659072.0,0.0002353583
1385,1790381483.748506,22675456.0,0.0
1386,1790381503.7487192,22691840.0,0.0002353583
1387,1790381523.746355,22708224.0,0.0002353583
1388,1790381543.7468145,22724608.0,0.0004707166
1389,1790381563.7466934,22740992.0,0.0
1390,1790381573.7474778,22757376.0,0.0
1391,1790381593.7485344,22773760.0,0.0
1392,1790381613.7480829,22790144.0,0.0
1393,1790381633.747646,22806528.0,0.0007060749
1394,1790381653.7482808,22822912.0,0.0007060749
1395,1790381663.749693,22839296.0,0.0
1396,1790381683.748038,22855680.0,0.0002353583
1397,1790381703.7476225,22872064.0,0.0007060749
1398,1790381723.7480173,22888448.0,0.0
1399,1790381743.7477984,22904832.0,0.0007060749
1400,1790381763.7474153,22921216.0,0.0002353583
1401,1790381773.7503111,22937600.0,0.0004707166
1402,1790381793.7465012,22953984.0,0.0
1403,1790381813.746596,22970368.0,0.0
1404,1790381833.7486985,22986752.0,0.0004707166
1405,1790381853.747522,23003136.0,0.0002353583
1406,1790381873.7465858,23019520.0,0.0002353583
1407,1790381883.748211,23035904.0,0.0002353583
1408,1790381903.7465897,23052288.0,0.0002353583
1409,1790381923.7476988,23068672.0,0.0004707166
1410,1790381943.7477095,23085056.0,0.0
1411,1790381963.7468634,23101440.0,0.0002353583
1412,1790381973.750992,23117824.0,0.0
1413,1790381993.7465472,23134208.0,0.0
1414,1790382013.7466435,23150592.0,0.0002353583
1415,1790382033.7481349,23166976.0,0.0002353583
1416,1790382053.7481017,23183360.0,0.0002353583
1417,1790382073.7471845,23199744.0,0.0
1418,1790382083.7465167,23216128.0,0.0009414332
1419,1790382103.7479696,23232512.0,0.0002353583
1420,1790382123.7473602,23248896.0,0.0007060749
1421,1790382143.7474356,23265280.0,0.0004707166
1422,1790382163.7491832,23281664.0,0.0
1423,1790382183.7465415,23298048.0,0.0002353583
1424,1790382193.7460132,23314432.0,0.0002353583
1425,1790382213.7503295,23330816.0,0.0
1426,1790382233.7466643,23347200.0,0.0004707166
1427,1790382253.7477963,23363584.0,0.0007060749
1428,1790382273.74786,23379968.0,0.0002353583
1429,1790382293.7489808,23396352.0,0.0
1430,1790382313.7473855,23412736.0,0.0002353583
1431,1790382323.7503676,23429120.0,0.0
1432,1790382343.7464929,23445504.0,0.0004707166
1433,1790382363.7474124,23461888.0,0.0002353583
1434,1790382383.7480562,23478272.0,0.0011767915
1435,1790382403.7473402,23494656.0,0.0004707166
1436,1790382413.7495449,23511040.0,0.0004707166
1437,1790382433.748996,23527424.0,0.0
1438,1790382453.747385,23543808.0,0.0004707166
1439,1790382473.7493937,23560192.0,0.0002353583
1440,1790382493.7485511,23576576.0,0.0
1441,1790382513.7466269,23592960.0,0.0
1442,1790382523.7521825,23609344.0,0.0
1443,1790382543.748651,23625728.0,0.0
1444,1790382563.7468212,23642112.0,0.0007060749
1445,1790382583.7500205,23658496.0,0.0007060749
1446,1790382603.7494605,23674880.0,0.0002353583
1447,1790382613.7466087,23691264.0,0.0
1448,1790382633.7463958,23707648.0,0.0007060749
1449,1790382653.74813,23724032.0,0.0002353583
1450,1790382673.7484608,23740416.0,0.0002353583
1451,1790382693.7488384,23756800.0,0.0002353583
1452,1790382703.7492254,23773184.0,0.0
1453,1790382723.7484555,23789568.0,0.0
1454,1790382743.747923,23805952.0,0.0004707166
1455,1790382763.747832,23822336.0,0.0002353583
1456,1790382783.746916,23838720.0,0.0002353583
1457,1790382803.7470849,23855104.0,0.0
1458,1790382823.7473671,23871488.0,0.0
1459,1790382833.7464302,23887872.0,0.0
1460,1790382853.7468183,23904256.0,0.0
1461,1790382873.7472856,23920640.0,0.0002353583
1462,1790382893.746948,23937024.0,0.0004707166
1463,1790382913.7483437,23953408.0,0.0002353583
1464,1790382933.7495358,23969792.0,0.0002353583
1465,1790382943.748799,23986176.0,0.0004707166
1466,1790382963.7484732,24002560.0,0.0002353583
1467,1790382983.7483478,24018944.0,0.0002353583
1468,1790383003.7477176,24035328.0,0.0002353583
1469,1790383023.746422,24051712.0,0.0002353583
1470,1790383043.7490184,24068096.0,0.0002353583
1471,1790383063.748081,24084480.0,0.0
1472,1790383073.7465358,24100864.0,0.0002353583
1473,1790383093.7465694,24117248.0,0.0002353583
1474,1790383113.747424,24133632.0,0.0
1475,1790383133.7463665,24150016.0,0.0002353583
1476,1790383153.7469065,24166400.0,0.0002353583
1477,1790383163.7478411,24182784.0,0.0011767915
1478,1790383183.748428,24199168.0,0.0
1479,1790383203.7479556,24215552.0,0.0002353583
1480,1790383223.7477517,24231936.0,0.0
1481,1790383243.7466097,24248320.0,0.0
1482,1790383253.7465196,24264704.0,0.0
1483,1790383273.7469146,24281088.0,0.0002353583
1484,1790383293.746809,24297472.0,0.0002353583
1485,1790383313.7493925,24313856.0,0.0
1486,1790383333.7469697,24330240.0,0.0
1487,1790383343.7463672,24346624.0,0.0002353583
1488,1790383363.746662,24363008.0,0.0
1489,1790383383.7472477,24379392.0,0.0
1490,1790383403.7485557,24395776.0,0.0002353583
1491,1790383423.7462835,24412160.0,0.0
1492,1790383443.746497,24428544.0,0.0002353583
1493,1790383453.7508686,24444928.0,0.0
1494,1790383473.7484224,24461312.0,0.0004707166
1495,1790383493.7471287,24477696.0,0.0004707166
1496,1790383513.7489114,24494080.0,0.0
1497,1790383533.749269,24510464.0,0.0002353583
1498,1790383553.7470407,24526848.0,0.0
1499,1790383563.7480187,24543232.0,0.0
1500,1790383583.7463446,24559616.0,0.0
1501,1790383603.7480617,24576000.0,0.0002353583
1502,1790383623.7469857,24592384.0,0.0004707166
1503,1790383643.746165,24608768.0,0.0002353583
1504,1790383663.746359,24625152.0,0.0002353583
1505,1790383673.750112,24641536.0,0.0
1506,1790383693.7480795,24657920.0,0.0
1507,1790383713.7465332,24674304.0,0.0002353583
1508,1790383733.746731,24690688.0,0.0004707166
1509,1790383753.746564,24707072.0,0.0004707166
1510,1790383773.7490568,24723456.0,0.0002353583
1511,1790383783.7517056,24739840.0,0.0
1512,1790383803.7486155,24756224.0,0.0002353583
1513,1790383823.7478688,24772608.0,0.0
1514,1790383843.7489347,24788992.0,0.0002353583
1515,1790383863.746477,24805376.0,0.0002353583
1516,1790383883.7489004,24821760.0,0.0002353583
1517,1790383893.749673,24838144.0,0.0
1518,1790383913.7487965,24854528.0,0.0004707166
1519,1790383933.7458863,24870912.0,0.0002353583
1520,1790383953.747699,24887296.0,0.0
1521,1790383973.748105,24903680.0,0.0002353583
1522,1790383993.746807,24920064.0,0.0
1523,1790384003.748103,24936448.0,0.0002353583
1524,1790384023.748129,24952832.0,0.0007060749
1525,1790384043.7485664,24969216.0,0.0004707166
1526,1790384063.7466822,24985600.0,0.0002353583
1527,1790384083.748659,25001984.0,0.0
1528,1790384093.750445,25018368.0,0.0
1529,1790384113.7464776,25034752.0,0.0
1530,1790384133.7468486,25051136.0,0.0
1531,1790384153.7465246,25067520.0,0.0
1532,1790384173.7469883,25083904.0,0.0007060749
1533,1790384193.747066,25100288.0,0.0
1534,1790384203.7488868,25116672.0,0.0
1535,1790384223.7478323,25133056.0,0.0
1536,1790384243.7465243,25149440.0,0.0
1537,1790384263.7474847,25165824.0,0.0002353583
1538,1790384283.7493165,25182208.0,0.0002353583
1539,1790384303.74842,25198592.0,0.0002353583
1540,1790384313.749661,25214976.0,0.0004707166
1541,1790384333.7466934,25231360.0,0.0002353583
1542,1790384353.7478168,25247744.0,0.0
1543,1790384373.7467618,25264128.0,0.0
1544,1790384393.7484071,25280512.0,0.0004707166
1545,1790384403.7489188,25296896.0,0.0
1546,1790384423.746472,25313280.0,0.0
1547,1790384443.7469969,25329664.0,0.0
1548,1790384463.7483616,25346048.0,0.0007060749
1549,1790384483.7474566,25362432.0,0.0002353583
1550,1790384503.7469575,25378816.0,0.0
1551,1790384513.7480438,25395200.0,0.0
1552,1790384533.747819,25411584.0,0.0
1553,1790384553.747131,25427968.0,0.0
1554,1790384573.7469635,25444352.0,0.0004707166
1555,1790384593.748271,25460736.0,0.0
1556,1790384613.748479,25477120.0,0.0002353583
1557,1790384623.7471125,25493504.0,0.0
1558,1790384643.750707,25509888.0,0.0
1559,1790384663.749223,25526272.0,0.0
1560,1790384683.7475777,25542656.0,0.0
1561,1790384703.7507627,25559040.0,0.0007060749
1562,1790384713.7514825,25575424.0,0.0002353583
1563,1790384733.7488587,25591808.0,0.0004707166
1564,1790384753.7486868,25608192.0,0.0
1565,1790384773.7466528,25624576.0,0.0002353583
1566,1790384793.7467022,25640960.0,0.0002353583
1567,1790384803.7480595,25657344.0,0.0007060749
1568,1790384823.7533898,25673728.0,0.0002353583
1569,1790384843.7480035,25690112.0,0.0002353583
1570,1790384863.7478106,25706496.0,0.0004707166
1571,1790384883.748965,25722880.0,0.0
1572,1790384903.747034,25739264.0,0.0
1573,1790384923.7467256,25755648.0,0.0
1574,1790384943.747591,25772032.0,0.0
1575,1790384953.7506194,25788416.0,0.0007060749
1576,1790384973.7484553,25804800.0,0.0
1577,1790384993.7485406,25821184.0,0.0004707166
1578,1790385013.7474833,25837568.0,0.0007060749
1579,1790385033.7479424,25853952.0,0.0002353583
1580,1790385053.7474377,25870336.0,0.0
1581,1790385063.7490268,25886720.0,0.0002353583
1582,1790385083.7482936,25903104.0,0.0002353583
1583,1790385103.746413,25919488.0,0.0
1584,1790385123.748586,25935872.0,0.0007060749
1585,1790385143.7484782,25952256.0,0.0
1586,1790385153.7467177,25968640.0,0.0009414332
1587,1790385173.746474,25985024.0,0.0004707166
1588,1790385193.7484324,26001408.0,0.0004707166
1589,1790385213.7481363,26017792.0,0.0004707166
1590,1790385233.7469614,26034176.0,0.0004707166
1591,1790385253.7465189,26050560.0,0.0
1592,1790385263.7476158,26066944.0,0.0004707166
1593,1790385283.7461834,26083328.0,0.0004707166
1594,1790385303.747961,26099712.0,0.0004707166
1595,1790385323.7465818,26116096.0,0.0007060749
1596,1790385333.7480154,26132480.0,0.0002353583
1597,1790385353.7468648,26148864.0,0.0
1598,1790385373.7478707,26165248.0,0.0007060749
1599,1790385393.7485824,26181632.0,0.0
1600,1790385413.7470293,26198016.0,0.0004707166
1601,1790385423.753424,26214400.0,0.0
1602,1790385443.748539,26230784.0,0.0002353583
1603,1790385463.747456,26247168.0,0.0002353583
1604,1790385483.746744,26263552.0,0.0
1605,1790385503.7480938,26279936.0,0.0004707166
1606,1790385523.748694,26296320.0,0.0002353583
1607,1790385533.7466104,26312704.0,0.0004707166
1608,1790385553.7489789,26329088.0,0.0002353583
1609,1790385573.7465658,26345472.0,0.0
1610,1790385593.7467844,26361856.0,0.0004707166
1611,1790385613.7495775,26378240.0,0.0004707166
1612,1790385623.7477255,26394624.0,0.0
1613,1790385643.7492962,26411008.0,0.0002353583
1614,1790385663.7487452,26427392.0,0.0002353583
1615,1790385683.746627,26443776.0,0.0007060749
1616,1790385703.746766,26460160.0,0.0002353583
1617,1790385713.749849,26476544.0,0.0002353583
1618,1790385733.746799,26492928.0,0.0002353583
1619,1790385753.7475405,26509312.0,0.0002353583
1620,1790385773.7480395,26525696.0,0.0002353583
1621,1790385793.747059,26542080.0,0.0004707166
1622,1790385813.748251,26558464.0,0.0002353583
1623,1790385833.7465963,26574848.0,0.0002353583
1624,1790385843.7485886,26591232.0,0.0007060749
1625,1790385863.7465646,26607616.0,0.0002353583
1626,1790385883.7478454,26624000.0,0.0002353583
1627,1790385903.747047,26640384.0,0.0002353583
1628,1790385923.746869,26656768.0,0.0002353583
1629,1790385943.7458923,26673152.0,0.0004707166
1630,1790385953.747112,26689536.0,0.0007060749
1631,1790385973.7475464,26705920.0,0.0002353583
1632,1790385993.752591,26722304.0,0.0007060749
1633,1790386013.7487934,26738688.0,0.0
1634,1790386033.7462928,26755072.0,0.0002353583
1635,1790386053.7470765,26771456.0,0.0002353583
1636,1790386063.750577,26787840.0,0.0007060749
1637,1790386083.748162,26804224.0,0.0
1638,1790386103.7465408,26820608.0,0.0002353583
1639,1790386123.7470577,26836992.0,0.0004707166
1640,1790386143.7483225,26853376.0,0.0
1641,1790386153.7462857,26869760.0,0.0
1642,1790386173.7483656,26886144.0,0.0
1643,1790386193.7483454,26902528.0,0.0
1644,1790386213.7471614,26918912.0,0.0
1645,1790386233.7494924,26935296.0,0.0002353583
1646,1790386243.7491312,26951680.0,0.0002353583
1647,1790386263.7480173,26968064.0,0.0007060749
1648,1790386283.749971,26984448.0,0.0004707166
1649,1790386303.7477694,27000832.0,0.0002353583
1650,1790386323.7489283,27017216.0,0.0002353583
1651,1790386343.746388,27033600.0,0.0004707166
1652,1790386353.748904,27049984.0,0.0004707166
1653,1790386373.746566,27066368.0,0.0002353583
1654,1790386393.7475498,27082752.0,0.0
1655,1790386413.7463632,27099136.0,0.0004707166
1656,1790386433.7476275,27115520.0,0.0
1657,1790386443.7477214,27131904.0,0.0002353583
1658,1790386463.748392,27148288.0,0.0004707166
1659,1790386483.7486274,27164672.0,0.0
1660,1790386503.74728,27181056.0,0.0002353583
1661,1790386523.746391,27197440.0,0.0
1662,1790386533.751691,27213824.0,0.0004707166
1663,1790386553.7485087,27230208.0,0.0002353583
1664,1790386573.7484946,27246592.0,0.0002353583
1665,1790386593.74767,27262976.0,0.0004707166
1666,1790386613.7483687,27279360.0,0.0
1667,1790386633.7487435,27295744.0,0.0004707166
1668,1790386653.7489035,27312128.0,0.0
1669,1790386663.7478316,27328512.0,0.0002353583
1670,1790386683.747146,27344896.0,0.0004707166
1671,1790386703.748184,27361280.0,0.0004707166
1672,1790386723.7481737,27377664.0,0.0007060749
1673,1790386743.7471075,27394048.0,0.0007060749
1674,1790386753.747094,27410432.0,0.0002353583
1675,1790386773.7465718,27426816.0,0.0002353583
1676,1790386793.7486267,27443200.0,0.0004707166
1677,1790386813.7467215,27459584.0,0.0002353583
1678,1790386833.74938,27475968.0,0.0
1679,1790386843.7471125,27492352.0,0.0
1680,1790386863.7478297,27508736.0,0.0002353583
1681,1790386883.7478178,27525120.0,0.0004707166
1682,1790386903.7476594,27541504.0,0.0
1683,1790386923.7472951,27557888.0,0.0002353583
1684,1790386943.7482555,27574272.0,0.0
1685,1790386953.7482872,27590656.0,0.0002353583
1686,1790386973.7466211,27607040.0,0.0002353583
1687,1790386993.7482114,27623424.0,0.0
1688,1790387013.748077,27639808.0,0.0004707166
1689,1790387033.748047,27656192.0,0.0
1690,1790387043.7470884,27672576.0,0.0007060749
1691,1790387063.7466462,27688960.0,0.0002353583
1692,1790387083.7474778,27705344.0,0.0009414332
1693,1790387103.747178,27721728.0,0.0
1694,1790387123.7471702,27738112.0,0.0002353583
1695,1790387143.7465637,27754496.0,0.0004707166
1696,1790387153.7493987,27770880.0,0.0004707166
1697,1790387173.7471323,27787264.0,0.0
1698,1790387193.7480645,27803648.0,0.0002353583
1699,1790387213.7467558,27820032.0,0.0002353583
1700,1790387233.7479906,27836416.0,0.0
1701,1790387243.7473316,27852800.0,0.0
1702,1790387263.7491982,27869184.0,0.0
1703,1790387283.747593,27885568.0,0.0
1704,1790387303.7465775,27901952.0,0.0004707166
1705,1790387323.7483497,27918336.0,0.0007060749
1706,1790387343.7487776,27934720.0,0.0
1707,1790387353.747008,27951104.0,0.0002353583
1708,1790387373.747736,27967488.0,0.0004707166
1709,1790387393.7480164,27983872.0,0.0004707166
1710,1790387413.7470891,28000256.0,0.0002353583
1711,1790387433.7473502,28016640.0,0.0
1712,1790387453.7473023,28033024.0,0.0002353583
1713,1790387473.7488005,28049408.0,0.0002353583
1714,1790387483.7465203,28065792.0,0.0
1715,1790387503.7467513,28082176.0,0.0002353583
1716,1790387523.749577,28098560.0,0.0
1717,1790387543.7463806,28114944.0,0.0002353583
1718,1790387563.7462585,28131328.0,0.0004707166
1719,1790387573.747017,28147712.0,0.0
1720,1790387593.748145,28164096.0,0.0002353583
1721,1790387613.7473028,28180480.0,0.0004707166
1722,1790387633.7476509,28196864.0,0.0002353583
1723,1790387653.747722,28213248.0,0.0002353583
1724,1790387663.7466676,28229632.0,0.0002353583
1725,1790387683.7463765,28246016.0,0.0
1726,1790387703.7469392,28262400.0,0.0002353583
1727,1790387723.7494233,28278784.0,0.0009414332
1728,1790387743.7466414,28295168.0,0.0004707166
1729,1790387753.7536929,28311552.0,0.0
1730,1790387773.7479742,28327936.0,0.0004707166
1731,1790387793.7466478,28344320.0,0.0007060749
1732,1790387813.7485857,28360704.0,0.0002353583
1733,1790387833.7474954,28377088.0,0.0004707166
1734,1790387853.7485216,28393472.0,0.0007060749
1735,1790387873.7465296,28409856.0,0.0
1736,1790387883.746477,28426240.0,0.0007060749
1737,1790387903.7466629,28442624.0,0.0002353583
1738,1790387923.7469778,28459008.0,0.0004707166
1739,1790387943.7479088,28475392.0,0.0
1740,1790387963.748848,28491776.0,0.0
1741,1790387983.74833,28508160.0,0.0
1742,1790387993.74739,28524544.0,0.0004707166
1743,1790388013.746493,28540928.0,0.0002353583
1744,1790388033.7482114,28557312.0,0.0009414332
1745,1790388053.7468266,28573696.0,0.0007060749
1746,1790388073.746784,28590080.0,0.0004707166
1747,1790388083.7468517,28606464.0,0.0
1748,1790388103.7464633,28622848.0,0.0009414332
1749,1790388123.748255,28639232.0,0.0004707166
1750,1790388143.7478957,28655616.0,0.0
1751,1790388163.7499042,28672000.0,0.0
1752,1790388183.7474253,28688384.0,0.0
1753,1790388193.747331,28704768.0,0.0002353583
1754,1790388213.7474766,28721152.0,0.0002353583
1755,1790388233.7483387,28737536.0,0.0002353583
1756,1790388253.749117,28753920.0,0.0004707166
1757,1790388273.7484674,28770304.0,0.0004707166
1758,1790388283.7465203,28786688.0,0.0
1759,1790388303.7484696,28803072.0,0.0004707166
1760,1790388323.7476726,28819456.0,0.0002353583
1761,1790388343.746502,28835840.0,0.0002353583
1762,1790388363.7470813,28852224.0,0.0
1763,1790388373.7499113,28868608.0,0.0004707166
1764,1790388393.7466314,28884992.0,0.0
1765,1790388413.748569,28901376.0,0.0002353583
1766,1790388433.7479954,28917760.0,0.0002353583
1767,1790388453.7470074,28934144.0,0.0004707166
1768,1790388473.7471404,28950528.0,0.0
1769,1790388493.7472007,28966912.0,0.0002353583
1770,1790388503.7472427,28983296.0,0.0004707166
1771,1790388523.746838,28999680.0,0.0
1772,1790388543.7486062,29016064.0,0.0
1773,1790388563.7476125,29032448.0,0.0
1774,1790388583.7478669,29048832.0,0.0002353583
1775,1790388603.7468386,29065216.0,0.0
1776,1790388623.7467792,29081600.0,0.0004707166
1777,1790388633.7478237,29097984.0,0.0002353583
1778,1790388653.7465706,29114368.0,0.0004707166
1779,1790388673.7500422,29130752.0,0.0004707166
1780,1790388693.7474697,29147136.0,0.0007060749
1781,1790388703.746591,29163520.0,0.0
1782,1790388723.7483776,29179904.0,0.0
1783,1790388743.748929,29196288.0,0.0002353583
1784,1790388763.7467277,29212672.0,0.0002353583
1785,1790388783.7481816,29229056.0,0.0002353583
1786,1790388803.748246,29245440.0,0.0002353583
1787,1790388823.7471368,29261824.0,0.0002353583
1788,1790388833.748146,29278208.0,0.0
1789,1790388853.7480674,29294592.0,0.0002353583
1790,1790388873.7479892,29310976.0,0.0002353583
1791,1790388893.748736,29327360.0,0.0
1792,1790388913.74642,29343744.0,0.0002353583
1793,1790388923.7492704,29360128.0,0.0004707166
1794,1790388943.7466877,29376512.0,0.0002353583
1795,1790388963.7487698,29392896.0,0.0002353583
1796,1790388983.7472796,29409280.0,0.0007060749
1797,1790389003.7467358,29425664.0,0.0002353583
1798,1790389013.7468274,29442048.0,0.0007060749
1799,1790389033.748751,29458432.0,0.0004707166
1800,1790389053.7466676,29474816.0,0.0002353583
1801,1790389073.747844,29491200.0,0.0
1802,1790389093.7483864,29507584.0,0.0002353583
1803,1790389103.7477624,29523968.0,0.0
1804,1790389123.7467518,29540352.0,0.0002353583
1805,1790389143.746389,29556736.0,0.0002353583
1806,1790389163.7479324,29573120.0,0.0011767915
1807,1790389183.7484903,29589504.0,0.0007060749
1808,1790389193.7524846,29605888.0,0.0004707166
1809,1790389213.746655,29622272.0,0.0004707166
1810,1790389233.7481215,29638656.0,0.0002353583
1811,1790389253.7487218,29655040.0,0.0002353583
1812,1790389273.7536013,29671424.0,0.0007060749
1813,1790389293.7474785,29687808.0,0.0007060749
1814,1790389303.7467988,29704192.0,0.0004707166
1815,1790389323.746322,29720576.0,0.0
1816,1790389343.7510407,29736960.0,0.0007060749
1817,1790389363.7464285,29753344.0,0.0
1818,1790389383.7463562,29769728.0,0.0007060749
1819,1790389403.7480152,29786112.0,0.0004707166
1820,1790389413.7477872,29802496.0,0.0007060749
1821,1790389433.7465415,29818880.0,0.0002353583
1822,1790389453.7478385,29835264.0,0.0
1823,1790389473.7473223,29851648.0,0.0002353583
1824,1790389493.7468371,29868032.0,0.0004707166
1825,1790389513.7498722,29884416.0,0.0002353583
1826,1790389523.749792,29900800.0,0.0007060749
1827,1790389543.748281,29917184.0,0.0
1828,1790389563.748818,29933568.0,0.0004707166
1829,1790389583.7477,29949952.0,0.0
1830,1790389603.749392,29966336.0,0.0002353583
1831,1790389623.7470756,29982720.0,0.0007060749
1832,1790389633.750064,29999104.0,0.0002353583
1833,1790389653.7478633,30015488.0,0.0002353583
1834,1790389673.748542,30031872.0,0.0
1835,1790389693.7469893,30048256.0,0.0004707166
1836,1790389713.746698,30064640.0,0.0002353583
1837,1790389733.7466247,30081024.0,0.0004707166
1838,1790389743.7485137,30097408.0,0.0002353583
1839,1790389763.7466006,30113792.0,0.0007060749
1840,1790389783.7463377,30130176.0,0.0004707166
1841,1790389803.7475102,30146560.0,0.0004707166
1842,1790389823.7469058,30162944.0,0.0
1843,1790389843.7488554,30179328.0,0.0002353583
1844,1790389853.748145,30195712.0,0.0002353583
1845,1790389873.746915,30212096.0,0.0002353583
1846,1790389893.747768,30228480.0,0.0007060749
1847,1790389913.7477825,30244864.0,0.0002353583
1848,1790389933.7465096,30261248.0,0.0002353583
1849,1790389943.7495606,30277632.0,0.0002353583
1850,1790389963.7468543,30294016.0,0.0007060749
1851,1790389983.7482042,30310400.0,0.0
1852,1790390003.748334,30326784.0,0.0
1853,1790390023.7489896,30343168.0,0.0
1854,1790390043.746769,30359552.0,0.0
1855,1790390053.7485352,30375936.0,0.0004707166
1856,1790390073.7485626,30392320.0,0.0004707166
1857,1790390093.7484827,30408704.0,0.0
1858,1790390113.7475874,30425088.0,0.0002353583
1859,1790390133.7468224,30441472.0,0.0004707166
1860,1790390143.7500966,30457856.0,0.0002353583
1861,1790390163.7464614,30474240.0,0.0002353583
1862,1790390183.7475936,30490624.0,0.0
1863,1790390203.7464983,30507008.0,0.0
1864,1790390223.747821,30523392.0,0.0004707166
1865,1790390243.7465231,30539776.0,0.0
1866,1790390253.7489998,30556160.0,0.0002353583
1867,1790390273.7471876,30572544.0,0.0004707166
1868,1790390293.74776,30588928.0,0.0
1869,1790390313.7478986,30605312.0,0.0009414332
1870,1790390333.7474723,30621696.0,0.0
1871,1790390353.748314,30638080.0,0.0002353583
1872,1790390373.7479386,30654464.0,0.0004707166
1873,1790390383.7464411,30670848.0,0.0004707166
1874,1790390403.748696,30687232.0,0.0
1875,1790390423.746353,30703616.0,0.0004707166
1876,1790390443.7467752,30720000.0,0.0002353583
1877,1790390463.7488832,30736384.0,0.0002353583
1878,1790390473.7496564,30752768.0,0.0004707166
1879,1790390493.7464886,30769152.0,0.0002353583
1880,1790390513.7465634,30785536.0,0.0
1881,1790390533.746501,30801920.0,0.0
1882,1790390553.74641,30818304.0,0.0
1883,1790390573.7468138,30834688.0,0.0002353583
1884,1790390583.7463808,30851072.0,0.0004707166
1885,1790390603.7475245,30867456.0,0.0
1886,1790390623.7472584,30883840.0,0.0
1887,1790390643.7466133,30900224.0,0.0002353583
1888,1790390663.748449,30916608.0,0.0007060749
1889,1790390683.7478402,30932992.0,0.0002353583
1890,1790390693.746777,30949376.0,0.0002353583
1891,1790390713.7485251,30965760.0,0.0002353583
1892,1790390733.7466445,30982144.0,0.0004707166
1893,1790390753.7465625,30998528.0,0.0004707166
1894,1790390773.748131,31014912.0,0.0002353583
1895,1790390783.749231,31031296.0,0.0002353583
1896,1790390803.746455,31047680.0,0.0002353583
1897,1790390823.7480574,31064064.0,0.0002353583
1898,1790390843.7473605,31080448.0,0.0002353583
1899,1790390863.7479887,31096832.0,0.0002353583
1900,1790390883.7480931,31113216.0,0.0007060749
1901,1790390893.7497482,31129600.0,0.0002353583
1902,1790390913.7464857,31145984.0,0.0009414332
1903,1790390933.7483215,31162368.0,0.0002353583
1904,1790390953.7475855,31178752.0,0.0004707166
1905,1790390973.7503738,31195136.0,0.0002353583
1906,1790390993.7470725,31211520.0,0.0002353583
1907,1790391013.7470942,31227904.0,0.0002353583
1908,1790391023.7501674,31244288.0,0.0007060749
1909,1790391043.7471912,31260672.0,0.0004707166
1910,1790391063.747316,31277056.0,0.0
1911,1790391083.7466495,31293440.0,0.0002353583
1912,1790391103.74811,31309824.0,0.0002353583
1913,1790391123.748502,31326208.0,0.0002353583
1914,1790391133.7465842,31342592.0,0.0002353583
1915,1790391153.7477026,31358976.0,0.0004707166
1916,1790391173.747169,31375360.0,0.0002353583
1917,1790391193.7464137,31391744.0,0.0002353583
1918,1790391213.746703,31408128.0,0.0004707166
1919,1790391223.749222,31424512.0,0.0002353583
1920,1790391243.746814,31440896.0,0.0002353583
1921,1790391263.74831,31457280.0,0.0
1922,1790391283.7478662,31473664.0,0.0
1923,1790391303.7465515,31490048.0,0.0
1924,1790391323.747482,31506432.0,0.0
1925,1790391343.751001,31522816.0,0.0002353583
1926,1790391363.747126,31539200.0,0.0
1927,1790391373.748847,31555584.0,0.0004707166
1928,1790391393.746604,31571968.0,0.0
1929,1790391413.7464645,31588352.0,0.0009414332
1930,1790391433.747597,31604736.0,0.0
1931,1790391453.7480063,31621120.0,0.0002353583
1932,1790391463.747535,31637504.0,0.0004707166
1933,1790391483.7476702,31653888.0,0.0004707166
1934,1790391503.7478974,31670272.0,0.0007060749
1935,1790391523.7480636,31686656.0,0.0004707166
1936,1790391543.7472334,31703040.0,0.0
1937,1790391563.746616,31719424.0,0.0
1938,1790391573.7470949,31735808.0,0.0
1939,1790391593.7469769,31752192.0,0.0004707166
1940,1790391613.7502944,31768576.0,0.0002353583
1941,1790391633.753195,31784960.0,0.0007060749
1942,1790391653.747116,31801344.0,0.0002353583
1943,1790391663.7509654,31817728.0,0.0002353583
1944,1790391683.7475033,31834112.0,0.0002353583
1945,1790391703.746473,31850496.0,0.0004707166
1946,1790391723.7473557,31866880.0,0.0002353583
1947,1790391743.74872,31883264.0,0.0
1948,1790391763.7468858,31899648.0,0.0
1949,1790391773.7494066,31916032.0,0.0002353583
1950,1790391793.748622,31932416.0,0.0
1951,1790391813.7481203,31948800.0,0.0002353583
1952,1790391833.748279,31965184.0,0.0002353583
1953,1790391853.7492137,31981568.0,0.0002353583
1954,1790391873.746794,31997952.0,0.0004707166
1955,1790391883.7501955,32014336.0,0.0004707166
1956,1790391903.7489858,32030720.0,0.0
1957,1790391923.747165,32047104.0,0.0
1958,1790391943.7489057,32063488.0,0.0002353583
1959,1790391963.7477942,32079872.0,0.0
1960,1790391983.7465186,32096256.0,0.0
1961,1790392003.7466416,32112640.0,0.0
1962,1790392013.7476628,32129024.0,0.0004707166
1963,1790392033.749056,32145408.0,0.0
1964,1790392053.7478848,32161792.0,0.0002353583
1965,1790392073.7475536,32178176.0,0.0
1966,1790392093.7483804,32194560.0,0.0002353583
1967,1790392103.7482684,32210944.0,0.0
1968,1790392123.7474182,32227328.0,0.0004707166
1969,1790392143.7465372,32243712.0,0.0002353583
1970,1790392163.748353,32260096.0,0.0002353583
1971,1790392183.7468247,32276480.0,0.0002353583
1972,1790392203.746604,32292864.0,0.0002353583
1973,1790392213.7479558,32309248.0,0.0
1974,1790392233.7501435,32325632.0,0.0
1975,1790392253.7467172,32342016.0,0.0002353583
1976,1790392273.7468903,32358400.0,0.0
1977,1790392293.748891,32374784.0,0.0002353583
1978,1790392303.74905,32391168.0,0.0
1979,1790392323.7508974,32407552.0,0.0
1980,1790392343.7479975,32423936.0,0.0002353583
1981,1790392363.7468524,32440320.0,0.0002353583
1982,1790392383.74932,32456704.0,0.0004707166
1983,1790392403.746389,32473088.0,0.0002353583
1984,1790392413.7492008,32489472.0,0.0007060749
1985,1790392433.7463284,32505856.0,0.0
1986,1790392453.7468617,32522240.0,0.0004707166
1987,1790392473.7465894,32538624.0,0.0
1988,1790392493.7463868,32555008.0,0.0002353583
1989,1790392503.750431,32571392.0,0.0
1990,1790392523.748543,32587776.0,0.0004707166
1991,1790392543.747162,32604160.0,0.0
1992,1790392563.7474823,32620544.0,0.0
1993,1790392583.747915,32636928.0,0.0002353583
1994,1790392603.7485716,32653312.0,0.0007060749
1995,1790392623.7476983,32669696.0,0.0004707166
1996,1790392633.7476697,32686080.0,0.0004707166
1997,1790392653.7487743,32702464.0,0.0
1998,1790392673.7466004,32718848.0,0.0004707166
1999,1790392693.7467394,32735232.0,0.0004707166
2000,1790392713.7481854,32751616.0,0.0
2001,1790392723.749238,32768000.0,0.0002353583
2002,1790392743.746847,32784384.0,0.0
2003,1790392763.746842,32800768.0,0.0002353583
2004,1790392783.747985,32817152.0,0.0002353583
2005,1790392803.747708,32833536.0,0.0002353583
2006,1790392823.7466717,32849920.0,0.0004707166
2007,1790392833.7464845,32866304.0,0.0007060749
2008,1790392853.7466185,32882688.0,0.0
2009,1790392873.7482896,32899072.0,0.0002353583
2010,1790392893.7484603,32915456.0,0.0
2011,1790392913.746729,32931840.0,0.0
2012,1790392923.747217,32948224.0,0.0
2013,1790392943.7483964,32964608.0,0.0002353583
2014,1790392963.7488208,32980992.0,0.0009414332
2015,1790392983.7484567,32997376.0,0.0004707166
2016,1790393003.746642,33013760.0,0.0
2017,1790393013.7504013,33030144.0,0.0002353583
2018,1790393033.7490163,33046528.0,0.0
2019,1790393053.7477012,33062912.0,0.0004707166
2020,1790393073.749076,33079296.0,0.0
2021,1790393093.748324,33095680.0,0.0
2022,1790393103.7471015,33112064.0,0.0
2023,1790393123.746638,33128448.0,0.0002353583
2024,1790393143.746786,33144832.0,0.0002353583
2025,1790393163.7470372,33161216.0,0.0
2026,1790393183.7485774,33177600.0,0.0004707166
2027,1790393203.7467148,33193984.0,0.0
2028,1790393223.7493484,33210368.0,0.0002353583
2029,1790393233.750008,33226752.0,0.0002353583
2030,1790393253.7465196,33243136.0,0.0
2031,1790393273.7484782,33259520.0,0.0
2032,1790393293.7463312,33275904.0,0.0004707166
2033,1790393313.7466276,33292288.0,0.0002353583
2034,1790393333.7465594,33308672.0,0.0
2035,1790393353.746688,33325056.0,0.0002353583
2036,1790393363.74811,33341440.0,0.0002353583
2037,1790393383.7477496,33357824.0,0.0002353583
2038,1790393403.7470624,33374208.0,0.0
2039,1790393423.748927,33390592.0,0.0
2040,1790393443.746559,33406976.0,0.0007060749
2041,1790393463.747286,33423360.0,0.0
2042,1790393483.7464504,33439744.0,0.0004707166
2043,1790393503.7470088,33456128.0,0.0004707166
2044,1790393523.746232,33472512.0,0.0
2045,1790393533.7478318,33488896.0,0.0002353583
2046,1790393553.7463117,33505280.0,0.0002353583
2047,1790393573.7464924,33521664.0,0.0002353583
2048,1790393593.7482162,33538048.0,0.0002353583
2049,1790393613.746729,33554432.0,0.0004707166
2050,1790393623.748093,33570816.0,0.0004707166
2051,1790393643.7490337,33587200.0,0.0002353583
2052,1790393663.7481244,33603584.0,0.0002353583
2053,1790393683.7463026,33619970.0,0.0002353583
2054,1790393703.746596,33636350.0,0.0
2055,1790393723.7470903,33652736.0,0.0007060749
2056,1790393743.747128,33669120.0,0.0004707166
2057,1790393763.7478137,33685504.0,0.0
2058,1790393773.747028,33701890.0,0.0
2059,1790393793.7485623,33718270.0,0.0
2060,1790393813.7492032,33734656.0,0.0
2061,1790393833.7464397,33751040.0,0.0007060749
2062,1790393853.746522,33767424.0,0.0002353583
2063,1790393873.7470255,33783810.0,0.0
2064,1790393883.751823,33800190.0,0.0
2065,1790393903.7469385,33816576.0,0.0
2066,1790393923.747412,33832960.0,0.0002353583
2067,1790393943.7465165,33849344.0,0.0
2068,1790393963.7468092,33865730.0,0.0009414332
2069,1790393983.747689,33882110.0,0.0
2070,1790394003.7469096,33898496.0,0.0002353583
2071,1790394013.7500925,33914880.0,0.0
2072,1790394033.7476451,33931264.0,0.0
2073,1790394053.747821,33947650.0,0.0002353583
2074,1790394073.7466984,33964030.0,0.0002353583
2075,1790394093.7477987,33980416.0,0.0011767915
2076,1790394113.7466943,33996800.0,0.0
2077,1790394133.7465043,34013184.0,0.0002353583
2078,1790394153.748468,34029570.0,0.0
2079,1790394163.7480829,34045950.0,0.0002353583
2080,1790394183.7481794,34062336.0,0.0007060749
2081,1790394203.7484908,34078720.0,0.0
2082,1790394223.7485206,34095104.0,0.0002353583
2083,1790394243.750256,34111490.0,0.0
2084,1790394263.7481892,34127870.0,0.0002353583
2085,1790394283.748145,34144256.0,0.0
2086,1790394293.7475278,34160640.0,0.0
2087,1790394313.7471,34177024.0,0.0
2088,1790394333.747035,34193410.0,0.0002353583
2089,1790394353.7461991,34209790.0,0.0002353583
2090,1790394373.7472596,34226176.0,0.0002353583
2091,1790394393.7466643,34242560.0,0.0002353583
2092,1790394403.747933,34258944.0,0.0004707166
2093,1790394423.7509816,34275330.0,0.0
2094,1790394443.7482612,34291710.0,0.0002353583
2095,1790394463.7468584,34308096.0,0.0002353583
2096,1790394483.7482738,34324480.0,0.0007060749
2097,1790394503.7479808,34340864.0,0.0002353583
2098,1790394513.7463508,34357250.0,0.0
2099,1790394533.7474892,34373630.0,0.0002353583
2100,1790394553.7463768,34390016.0,0.0
2101,1790394573.7486467,34406400.0,0.0
2102,1790394593.7471874,34422784.0,0.0
2103,1790394613.7467558,34439170.0,0.0
2104,1790394623.746245,34455550.0,0.0002353583
2105,1790394643.7464778,34471936.0,0.0004707166
2106,1790394663.7474854,34488320.0,0.0004707166
2107,1790394683.7462523,34504704.0,0.0004707166
2108,1790394703.7477212,34521090.0,0.0002353583
2109,1790394723.748339,34537470.0,0.0002353583
2110,1790394743.7472715,34553856.0,0.0
2111,1790394763.746926,34570240.0,0.0
2112,1790394783.7468734,34586624.0,0.0
2113,1790394803.7481651,34603010.0,0.0
2114,1790394813.751386,34619390.0,0.0004707166
2115,1790394833.748217,34635776.0,0.0
2116,1790394853.747914,34652160.0,0.0
2117,1790394873.7475848,34668544.0,0.0002353583
2118,1790394893.7493513,34684930.0,0.0002353583
2119,1790394913.747822,34701310.0,0.0
2120,1790394923.750463,34717696.0,0.0
2121,1790394943.7466471,34734080.0,0.0002353583
2122,1790394963.747471,34750464.0,0.0
2123,1790394983.747632,34766850.0,0.0002353583
2124,1790395003.748776,34783230.0,0.0002353583
2125,1790395023.7480347,34799616.0,0.0004707166
2126,1790395033.7476234,34816000.0,0.0004707166
2127,1790395053.7470582,34832384.0,0.0004707166
2128,1790395073.747316,34848770.0,0.0
2129,1790395093.7495697,34865150.0,0.0004707166
2130,1790395113.7464666,34881536.0,0.0
2131,1790395133.7468364,34897920.0,0.0004707166
2132,1790395153.7474513,34914304.0,0.0004707166
2133,1790395173.748184,34930690.0,0.0002353583
2134,1790395183.7493813,34947070.0,0.0002353583
2135,1790395203.7479928,34963456.0,0.0
2136,1790395223.7482347,34979840.0,0.0
2137,1790395243.748404,34996224.0,0.0002353583
2138,1790395263.746738,35012610.0,0.0007060749
2139,1790395283.746652,35028990.0,0.0
2140,1790395303.7476742,35045376.0,0.0004707166
2141,1790395313.7465646,35061760.0,0.0004707166
2142,1790395333.7466447,35078144.0,0.0
2143,1790395353.746453,35094530.0,0.0
2144,1790395373.7463691,35110910.0,0.0007060749
2145,1790395393.7479744,35127296.0,0.0002353583
2146,1790395403.7487102,35143680.0,0.0002353583
2147,1790395423.7479756,35160064.0,0.0004707166
2148,1790395443.7463748,35176450.0,0.0002353583
2149,1790395463.7479568,35192830.0,0.0002353583
2150,1790395483.7469535,35209216.0,0.0002353583
2151,1790395503.746563,35225600.0,0.0
2152,1790395513.7526212,35241984.0,0.0
2153,1790395533.746637,35258370.0,0.0
2154,1790395553.746668,35274750.0,0.0
2155,1790395573.7468944,35291136.0,0.0002353583
2156,1790395593.7466068,35307520.0,0.0
2157,1790395613.7463677,35323904.0,0.0004707166
2158,1790395623.750188,35340290.0,0.0002353583
2159,1790395643.746791,35356670.0,0.0009414332
2160,1790395663.7463124,35373056.0,0.0
2161,1790395683.7469568,35389440.0,0.0004707166
2162,1790395703.7470212,35405824.0,0.0009414332
2163,1790395723.7474613,35422210.0,0.0
2164,1790395743.746529,35438590.0,0.0002353583
2165,1790395763.7463317,35454976.0,0.0002353583
2166,1790395773.749297,35471360.0,0.0002353583
2167,1790395793.7470508,35487744.0,0.0
2168,1790395813.751787,35504130.0,0.0002353583
2169,1790395833.7508073,35520510.0,0.0
2170,1790395853.7507255,35536896.0,0.0002353583
2171,1790395863.7495463,35553280.0,0.0
2172,1790395883.7483084,35569664.0,0.0007060749
2173,1790395903.7465277,35586050.0,0.0
2174,1790395923.7476227,35602430.0,0.0002353583
2175,1790395943.7476544,35618816.0,0.0
2176,1790395963.7477496,35635200.0,0.0002353583
2177,1790395983.7466977,35651584.0,0.0002353583
2178,1790395993.7480202,35667970.0,0.0002353583
2179,1790396013.7475414,35684350.0,0.0
2180,1790396033.747672,35700736.0,0.0004707166
2181,1790396053.7478487,35717120.0,0.0004707166
2182,1790396073.7465963,35733504.0,0.0
2183,1790396093.747489,35749890.0,0.0004707166
2184,1790396103.7470694,35766270.0,0.0007060749
2185,1790396123.7471745,35782656.0,0.0004707166
2186,1790396143.74711,35799040.0,0.0
2187,1790396163.7468016,35815424.0,0.0
2188,1790396183.7467575,35831810.0,0.0004707166
2189,1790396193.7493155,35848190.0,0.0004707166
2190,1790396213.7464888,35864576.0,0.0002353583
2191,1790396233.748232,35880960.0,0.0004707166
2192,1790396253.7466888,35897344.0,0.0
2193,1790396273.7481475,35913730.0,0.0002353583
2194,1790396293.746755,35930110.0,0.0
2195,1790396303.748093,35946496.0,0.0002353583
2196,1790396323.746733,35962880.0,0.0
2197,1790396343.7479672,35979264.0,0.0002353583
2198,1790396363.748223,35995650.0,0.0002353583
2199,1790396383.7491915,36012030.0,0.0002353583
2200,1790396393.748179,36028416.0,0.0004707166
2201,1790396413.7469144,36044800.0,0.0004707166
2202,1790396433.7483418,36061184.0,0.0
2203,1790396453.7469752,36077570.0,0.0
2204,1790396473.7466242,36093950.0,0.0002353583
2205,1790396493.7465873,36110336.0,0.0002353583
2206,1790396513.747173,36126720.0,0.0
2207,1790396533.748353,36143104.0,0.0
2208,1790396543.7463682,36159490.0,0.0
2209,1790396563.7466505,36175870.0,0.0
2210,1790396583.7472427,36192256.0,0.0004707166
2211,1790396603.7512648,36208640.0,0.0
2212,1790396623.7466097,36225024.0,0.0004707166
2213,1790396643.7486174,36241410.0,0.0
2214,1790396653.7507827,36257790.0,0.0002353583
2215,1790396673.7470412,36274176.0,0.0011767915
2216,1790396693.747883,36290560.0,0.0
2217,1790396713.7483065,36306944.0,0.0004707166
2218,1790396733.747841,36323330.0,0.0002353583
2219,1790396753.7471795,36339710.0,0.0002353583
2220,1790396773.7470815,36356096.0,0.0011767915
2221,1790396793.7478957,36372480.0,0.0004707166
2222,1790396803.746392,36388864.0,0.0002353583
2223,1790396823.7464526,36405250.0,0.0004707166
2224,1790396843.747892,36421630.0,0.0004707166
2225,1790396863.7473383,36438016.0,0.0
2226,1790396873.748177,36454400.0,0.0004707166
2227,1790396893.7461658,36470784.0,0.0
2228,1790396913.7466614,36487170.0,0.0004707166
2229,1790396933.7467566,36503550.0,0.0
2230,1790396953.7492387,36519936.0,0.0
2231,1790396973.7466023,36536320.0,0.0002353583
2232,1790396983.749222,36552704.0,0.0007060749
2233,1790397003.7476256,36569090.0,0.0002353583
2234,1790397023.7481265,36585470.0,0.0002353583
2235,1790397043.7469275,36601856.0,0.0
2236,1790397063.748171,36618240.0,0.0002353583
2237,1790397083.747146,36634624.0,0.0007060749
2238,1790397103.7469273,36651010.0,0.0002353583
2239,1790397113.749017,36667390.0,0.0
2240,1790397133.7466767,36683776.0,0.0004707166
2241,1790397153.7490158,36700160.0,0.0007060749
2242,1790397173.7485497,36716544.0,0.0004707166
2243,1790397193.7490337,36732930.0,0.0
2244,1790397203.7488728,36749310.0,0.0
2245,1790397223.7480817,36765696.0,0.0007060749
2246,1790397243.74867,36782080.0,0.0002353583
2247,1790397263.7486095,36798464.0,0.0002353583
2248,1790397283.7470546,36814850.0,0.0002353583
2249,1790397293.7464707,36831230.0,0.0002353583
2250,1790397313.7465675,36847616.0,0.0002353583
2251,1790397333.746591,36864000.0,0.0004707166
2252,1790397353.749159,36880384.0,0.0002353583
2253,1790397373.7479606,36896770.0,0.0002353583
2254,1790397393.7464533,36913150.0,0.0002353583
2255,1790397403.7482634,36929536.0,0.0
2256,1790397423.7483315,36945920.0,0.0009414332
2257,1790397443.7475364,36962304.0,0.0
2258,1790397463.7474627,36978690.0,0.0009414332
2259,1790397483.7474906,36995070.0,0.0002353583
2260,1790397503.7498567,37011456.0,0.0
2261,1790397513.7478857,37027840.0,0.0
2262,1790397533.746338,37044224.0,0.0009414332
2263,1790397553.7463984,37060610.0,0.0002353583
2264,1790397573.7470443,37076990.0,0.0004707166
2265,1790397593.74684,37093376.0,0.0002353583
2266,1790397613.7491343,37109760.0,0.0002353583
2267,1790397623.7469516,37126144.0,0.0002353583
2268,1790397643.7480328,37142530.0,0.0002353583
2269,1790397663.7465298,37158910.0,0.0
2270,1790397683.7486722,37175296.0,0.0
2271,1790397703.7480474,37191680.0,0.0
2272,1790397723.7464592,37208064.0,0.0004707166
2273,1790397733.751465,37224450.0,0.0
2274,1790397753.747064,37240830.0,0.0002353583
2275,1790397773.7486262,37257216.0,0.0
2276,1790397793.7473853,37273600.0,0.0
2277,1790397813.7481658,37289984.0,0.0
2278,1790397833.7467625,37306370.0,0.0004707166
2279,1790397853.746555,37322750.0,0.0004707166
2280,1790397873.7479482,37339136.0,0.0
2281,1790397883.746867,37355520.0,0.0004707166
2282,1790397903.7480364,37371904.0,0.0
2283,1790397923.7476764,37388290.0,0.0002353583
2284,1790397943.747408,37404670.0,0.0
2285,1790397963.7480123,37421056.0,0.0
2286,1790397983.747303,37437440.0,0.0004707166
2287,1790397993.746436,37453824.0,0.0002353583
2288,1790398013.7465963,37470210.0,0.0
2289,1790398033.7472942,37486590.0,0.0002353583
2290,1790398053.747846,37502976.0,0.0
2291,1790398073.7467463,37519360.0,0.0
2292,1790398083.7478,37535744.0,0.0
2293,1790398103.7471015,37552130.0,0.0004707166
2294,1790398123.748324,37568510.0,0.0002353583
2295,1790398143.746817,37584896.0,0.0002353583
2296,1790398163.74734,37601280.0,0.0
2297,1790398183.7480292,37617664.0,0.0
2298,1790398193.750831,37634050.0,0.0004707166
2299,1790398213.7484698,37650430.0,0.0002353583
2300,1790398233.7488651,37666816.0,0.0
2301,1790398253.749874,37683200.0,0.0002353583
2302,1790398273.746759,37699584.0,0.0002353583
2303,1790398283.7477057,37715970.0,0.0
2304,1790398303.7490942,37732350.0,0.0
2305,1790398323.7484045,37748736.0,0.0004707166
2306,1790398343.747861,37765120.0,0.0
2307,1790398363.7489555,37781504.0,0.0004707166
2308,1790398383.74854,37797890.0,0.0004707166
2309,1790398403.7466192,37814270.0,0.0004707166
2310,1790398413.749885,37830656.0,0.0002353583
2311,1790398433.7468228,37847040.0,0.0
2312,1790398453.7465065,37863424.0,0.0004707166
2313,1790398473.748012,37879810.0,0.0002353583
2314,1790398493.7470083,37896190.0,0.0
2315,1790398513.7487197,37912576.0,0.0002353583
2316,1790398523.7496166,37928960.0,0.0
2317,1790398543.7471876,37945344.0,0.0004707166
2318,1790398563.7469895,37961730.0,0.0
2319,1790398583.7477343,37978110.0,0.0002353583
2320,1790398593.7490914,37994496.0,0.0004707166
2321,1790398613.74838,38010880.0,0.0002353583
2322,1790398633.7488046,38027264.0,0.0002353583
2323,1790398653.7475176,38043650.0,0.0004707166
2324,1790398663.7509866,38060030.0,0.0002353583
2325,1790398683.747164,38076416.0,0.0007060749
2326,1790398703.7488315,38092800.0,0.0
2327,1790398713.7497966,38109184.0,0.0
2328,1790398733.749522,38125570.0,0.0
2329,1790398753.746533,38141950.0,0.0002353583
2330,1790398763.7496102,38158336.0,0.0002353583
2331,1790398783.7492526,38174720.0,0.0002353583
2332,1790398803.7469492,38191104.0,0.0002353583
2333,1790398823.747742,38207490.0,0.0002353583
2334,1790398833.7482069,38223870.0,0.0
2335,1790398853.7467518,38240256.0,0.0
2336,1790398873.7465396,38256640.0,0.0002353583
2337,1790398883.7477963,38273024.0,0.0002353583
2338,1790398903.7507758,38289410.0,0.0
2339,1790398923.748435,38305790.0,0.0
2340,1790398943.74628,38322176.0,0.0002353583
2341,1790398953.7467196,38338560.0,0.0002353583
2342,1790398973.7462294,38354944.0,0.0002353583
2343,1790398993.7487342,38371330.0,0.0
2344,1790399003.7494104,38387710.0,0.0
2345,1790399023.7466352,38404096.0,0.0002353583
2346,1790399043.74653,38420480.0,0.0
2347,1790399063.7481449,38436864.0,0.0002353583
2348,1790399073.7495933,38453250.0,0.0004707166
2349,1790399093.746874,38469630.0,0.0002353583
2350,1790399113.7501488,38486016.0,0.0004707166
2351,1790399133.7479985,38502400.0,0.0002353583
2352,1790399143.7489264,38518784.0,0.0004707166
2353,1790399163.7464285,38535170.0,0.0002353583
2354,1790399183.7465591,38551550.0,0.0
2355,1790399203.7466154,38567936.0,0.0
2356,1790399213.7491229,38584320.0,0.0002353583
2357,1790399233.7468328,38600704.0,0.0004707166
2358,1790399253.7465837,38617090.0,0.0004707166
2359,1790399263.74811,38633470.0,0.0002353583
2360,1790399283.7467136,38649856.0,0.0
2361,1790399303.7465444,38666240.0,0.0002353583
2362,1790399313.7502656,38682624.0,0.0002353583
2363,1790399333.7467377,38699010.0,0.0
2364,1790399353.746471,38715390.0,0.0
2365,1790399373.7463522,38731776.0,0.0
2366,1790399383.7497368,38748160.0,0.0004707166
2367,1790399403.751066,38764544.0,0.0004707166
2368,1790399423.7463567,38780930.0,0.0
2369,1790399443.746651,38797310.0,0.0
2370,1790399453.7477274,38813696.0,0.0
2371,1790399473.7497876,38830080.0,0.0002353583
2372,1790399493.7464926,38846464.0,0.0
2373,1790399513.7467053,38862850.0,0.0
2374,1790399523.74786,38879230.0,0.0
2375,1790399543.7502656,38895616.0,0.0004707166
2376,1790399563.7466211,38912000.0,0.0002353583
2377,1790399583.7482874,38928384.0,0.0004707166
2378,1790399593.7504275,38944770.0,0.0007060749
2379,1790399613.7492058,38961150.0,0.0002353583
2380,1790399633.7465124,38977536.0,0.0002353583
2381,1790399643.7493005,38993920.0,0.0004707166
2382,1790399663.7470822,39010304.0,0.0004707166
2383,1790399683.7466662,39026690.0,0.0
2384,1790399703.747426,39043070.0,0.0
2385,1790399713.7492688,39059456.0,0.0004707166
2386,1790399733.746615,39075840.0,0.0007060749
2387,1790399753.7465718,39092224.0,0.0002353583
2388,1790399773.7461936,39108610.0,0.0002353583
2389,1790399783.7498317,39124990.0,0.0004707166
2390,1790399803.746964,39141376.0,0.0
2391,1790399823.7467878,39157760.0,0.0004707166
2392,1790399843.7463644,39174144.0,0.0
2393,1790399853.749781,39190530.0,0.0
2394,1790399873.7501314,39206910.0,0.0
2395,1790399893.7484715,39223296.0,0.0
2396,1790399913.746218,39239680.0,0.0002353583
2397,1790399923.7488797,39256064.0,0.0002353583
2398,1790399943.746117,39272450.0,0.0004707166
2399,1790399963.7465606,39288830.0,0.0002353583
2400,1790399983.7470806,39305216.0,0.0
2401,1790399993.7479906,39321600.0,0.0002353583
2402,1790400013.7464066,39337984.0,0.0002353583
2403,1790400033.7468572,39354370.0,0.0004707166
2404,1790400053.7462747,39370750.0,0.0
2405,1790400063.7491686,39387136.0,0.0004707166
2406,1790400083.746303,39403520.0,0.0
2407,1790400103.7472277,39419904.0,0.0002353583
2408,1790400123.7467632,39436290.0,0.0004707166
2409,1790400133.749527,39452670.0,0.0002353583
2410,1790400153.7465582,39469056.0,0.0007060749
2411,1790400173.7474897,39485440.0,0.0
2412,1790400193.74661,39501824.0,0.0002353583
2413,1790400203.749744,39518210.0,0.0002353583
2414,1790400223.7464075,39534590.0,0.0002353583
2415,1790400243.7467685,39550976.0,0.0002353583
2416,1790400263.7462392,39567360.0,0.0004707166
2417,1790400273.7491715,39583744.0,0.0
2418,1790400293.7500772,39600130.0,0.0002353583
2419,1790400313.7481663,39616510.0,0.0004707166
2420,1790400333.7466743,39632896.0,0.0002353583
2421,1790400343.7482166,39649280.0,0.0002353583
2422,1790400363.7473085,39665664.0,0.0
2423,1790400383.746259,39682050.0,0.0002353583
2424,1790400393.7463913,39698430.0,0.0007060749
2425,1790400413.74951,39714816.0,0.0004707166
2426,1790400433.7483678,39731200.0,0.0004707166
2427,1790400453.7466486,39747584.0,0.0
2428,1790400463.7493205,39763970.0,0.0
2429,1790400483.7496684,39780350.0,0.0002353583
2430,1790400503.7487888,39796736.0,0.0
2431,1790400523.7468498,39813120.0,0.0002353583
2432,1790400533.7482374,39829504.0,0.0002353583
2433,1790400553.747723,39845890.0,0.0002353583
2434,1790400573.7473,39862270.0,0.0
2435,1790400593.7464614,39878656.0,0.0
2436,1790400603.7482836,39895040.0,0.0
2437,1790400623.7495012,39911424.0,0.0004707166
2438,1790400643.7468495,39927810.0,0.0
2439,1790400663.746559,39944190.0,0.0007060749
2440,1790400673.7499914,39960576.0,0.0
2441,1790400693.7465456,39976960.0,0.0
2442,1790400713.7465255,39993344.0,0.0
2443,1790400733.7463546,40009730.0,0.0002353583
2444,1790400743.746639,40026110.0,0.0004707166
2445,1790400763.7464075,40042496.0,0.0002353583
2446,1790400783.746578,40058880.0,0.0002353583
2447,1790400793.7499151,40075264.0,0.0
2448,1790400813.7491689,40091650.0,0.0004707166
2449,1790400833.7466278,40108030.0,0.0004707166
2450,1790400853.7465618,40124416.0,0.0004707166
2451,1790400863.7486455,40140800.0,0.0002353583
2452,1790400883.747079,40157184.0,0.0
2453,1790400903.7471824,40173570.0,0.0004707166
2454,1790400923.7463567,40189950.0,0.0
2455,1790400933.7480245,40206336.0,0.0
2456,1790400953.748057,40222720.0,0.0002353583
2457,1790400973.7460692,40239104.0,0.0009414332
2458,1790400983.7490685,40255490.0,0.0002353583
2459,1790401003.7481146,40271870.0,0.0
2460,1790401023.7464995,40288256.0,0.0
2461,1790401043.7476828,40304640.0,0.0
2462,1790401053.7468224,40321024.0,0.0002353583
2463,1790401073.7479298,40337410.0,0.0
2464,1790401093.7463045,40353790.0,0.0007060749
2465,1790401113.7464688,40370176.0,0.0
2466,1790401123.7467782,40386560.0,0.0002353583
2467,1790401143.7469478,40402944.0,0.0004707166
2468,1790401163.74679,40419330.0,0.0
2469,1790401183.7500372,40435710.0,0.0
2470,1790401193.7491057,40452096.0,0.0004707166
2471,1790401213.7480714,40468480.0,0.0004707166
2472,1790401233.747527,40484864.0,0.0002353583
2473,1790401253.7462032,40501250.0,0.0
2474,1790401263.748953,40517630.0,0.0
2475,1790401283.7463338,40534016.0,0.0002353583
2476,1790401303.7504668,40550400.0,0.0004707166
2477,1790401323.7461443,40566784.0,0.0002353583
2478,1790401333.7493317,40583170.0,0.0002353583
2479,1790401353.7463026,40599550.0,0.0002353583
2480,1790401373.7468908,40615936.0,0.0
2481,1790401383.7497716,40632320.0,0.0
2482,1790401403.74608,40648704.0,0.0002353583
2483,1790401423.7465537,40665090.0,0.0002353583
2484,1790401443.7469025,40681470.0,0.0009414332
2485,1790401453.7492027,40697856.0,0.0004707166
2486,1790401473.74814,40714240.0,0.0004707166
2487,1790401493.7478082,40730624.0,0.0
2488,1790401513.748806,40747010.0,0.0
2489,1790401523.747471,40763390.0,0.0
2490,1790401543.7465267,40779776.0,0.0002353583
2491,1790401563.748074,40796160.0,0.0002353583
2492,1790401583.7479105,40812544.0,0.0002353583
2493,1790401593.7484505,40828930.0,0.0002353583
2494,1790401613.7463975,40845310.0,0.0
2495,1790401633.7469184,40861696.0,0.0
2496,1790401653.7490427,40878080.0,0.0
2497,1790401663.7466357,40894464.0,0.0004707166
2498,1790401683.7465274,40910850.0,0.0004707166
2499,1790401703.747164,40927230.0,0.0
2500,1790401713.7466002,40943616.0,0.0002353583
2501,1790401733.7490172,40960000.0,0.0002353583
2502,1790401753.74662,40976384.0,0.0
2503,1790401773.746513,40992770.0,0.0002353583
2504,1790401783.7462137,41009150.0,0.0002353583
2505,1790401803.7463772,41025536.0,0.0004707166
2506,1790401823.7466702,41041920.0,0.0002353583
2507,1790401833.7466557,41058304.0,0.0
2508,1790401853.7480998,41074690.0,0.0
2509,1790401873.7468524,41091070.0,0.0004707166
2510,1790401893.7472558,41107456.0,0.0
2511,1790401903.7473402,41123840.0,0.0
2512,1790401923.748037,41140224.0,0.0
2513,1790401943.7487326,41156610.0,0.0004707166
2514,1790401963.7490902,41172990.0,0.0002353583
2515,1790401973.749355,41189376.0,0.0002353583
2516,1790401993.7487614,41205760.0,0.0
2517,1790402013.7462387,41222144.0,0.0004707166
2518,1790402033.7462866,41238530.0,0.0002353583
2519,1790402043.74897,41254910.0,0.0
2520,1790402063.7492938,41271296.0,0.0
2521,1790402083.747547,41287680.0,0.0
2522,1790402103.7462702,41304064.0,0.0
2523,1790402113.747492,41320450.0,0.0004707166
2524,1790402133.7494874,41336830.0,0.0
2525,1790402153.7465737,41353216.0,0.0
2526,1790402173.7463875,41369600.0,0.0002353583
2527,1790402183.7490404,41385984.0,0.0002353583
2528,1790402203.7491727,41402370.0,0.0002353583
2529,1790402223.7465649,41418750.0,0.0
2530,1790402243.7486658,41435136.0,0.0002353583
2531,1790402253.7486951,41451520.0,0.0002353583
2532,1790402273.74914,41467904.0,0.0
2533,1790402293.747697,41484290.0,0.0
2534,1790402313.749436,41500670.0,0.0
2535,1790402323.7489393,41517056.0,0.0002353583
2536,1790402343.747116,41533440.0,0.0004707166
2537,1790402363.7474084,41549824.0,0.0004707166
2538,1790402383.746388,41566210.0,0.0
2539,1790402393.7492094,41582590.0,0.0
2540,1790402413.7463837,41598976.0,0.0004707166
2541,1790402433.7466142,41615360.0,0.0
2542,1790402453.7468345,41631744.0,0.0004707166
2543,1790402463.749017,41648130.0,0.0
2544,1790402483.746714,41664510.0,0.0002353583
2545,1790402503.7496464,41680896.0,0.0
2546,1790402523.7464542,41697280.0,0.0002353583
2547,1790402533.7477658,41713664.0,0.0
2548,1790402553.74894,41730050.0,0.0004707166
2549,1790402573.7486022,41746430.0,0.0002353583
2550,1790402593.7490983,41762816.0,0.0002353583
2551,1790402603.7495675,41779200.0,0.0007060749
2552,1790402623.750456,41795584.0,0.0
2553,1790402643.746136,41811970.0,0.0
2554,1790402663.7463808,41828350.0,0.0
2555,1790402673.748981,41844736.0,0.0002353583
2556,1790402693.7497425,41861120.0,0.0
2557,1790402713.7463503,41877504.0,0.0004707166
2558,1790402733.7478502,41893890.0,0.0002353583
2559,1790402743.7495425,41910270.0,0.0
2560,1790402763.7488384,41926656.0,0.0002353583
2561,1790402783.746461,41943040.0,0.0
2562,1790402803.7470129,41959424.0,0.0002353583
2563,1790402813.7493975,41975810.0,0.0002353583
2564,1790402833.7463925,41992190.0,0.0002353583
2565,1790402853.7464018,42008576.0,0.0
2566,1790402863.7491198,42024960.0,0.0004707166
2567,1790402883.749037,42041344.0,0.0
2568,1790402903.7465026,42057730.0,0.0
2569,1790402923.7486448,42074110.0,0.0002353583
2570,1790402943.7473826,42090496.0,0.0002353583
2571,1790402953.7490304,42106880.0,0.0002353583
2572,1790402973.7480056,42123264.0,0.0
2573,1790402993.748867,42139650.0,0.0002353583
2574,1790403013.746569,42156030.0,0.0004707166
2575,1790403023.7499864,42172416.0,0.0002353583
2576,1790403043.74623,42188800.0,0.0007060749
2577,1790403063.7490587,42205184.0,0.0002353583
2578,1790403073.7489097,42221570.0,0.0
2579,1790403093.749696,42237950.0,0.0007060749
2580,1790403113.748451,42254336.0,0.0
2581,1790403133.7484117,42270720.0,0.0
2582,1790403143.7506473,42287104.0,0.0002353583
2583,1790403163.7494884,42303490.0,0.0004707166
2584,1790403183.7491488,42319870.0,0.0002353583
2585,1790403203.748103,42336256.0,0.0002353583
2586,1790403213.749414,42352640.0,0.0007060749
2587,1790403233.74641,42369024.0,0.0009414332
2588,1790403253.746509,42385410.0,0.0002353583
2589,1790403273.7461278,42401790.0,0.0004707166
2590,1790403283.7488332,42418176.0,0.0004707166
2591,1790403303.7470074,42434560.0,0.0
2592,1790403323.7492585,42450944.0,0.0004707166
2593,1790403343.7467806,42467330.0,0.0002353583
2594,1790403353.749256,42483710.0,0.0004707166
2595,1790403373.7491198,42500096.0,0.0
2596,1790403393.7484534,42516480.0,0.0007060749
2597,1790403413.7497506,42532864.0,0.0002353583
2598,1790403423.74905,42549250.0,0.0004707166
2599,1790403443.7468612,42565630.0,0.0
2600,1790403463.7481694,42582016.0,0.0
2601,1790403473.749086,42598400.0,0.0
2602,1790403493.74837,42614784.0,0.0002353583
2603,1790403513.7473905,42631170.0,0.0002353583
2604,1790403533.7463164,42647550.0,0.0002353583
2605,1790403543.749052,42663936.0,0.0004707166
2606,1790403563.7462518,42680320.0,0.0002353583
2607,1790403583.746308,42696704.0,0.0002353583
2608,1790403603.746416,42713090.0,0.0002353583
2609,1790403613.7488525,42729470.0,0.0004707166
2610,1790403633.7480571,42745856.0,0.0
2611,1790403653.747049,42762240.0,0.0004707166
2612,1790403673.747007,42778624.0,0.0002353583
2613,1790403683.748203,42795010.0,0.0
2614,1790403703.7464018,42811390.0,0.0004707166
2615,1790403723.746138,42827776.0,0.0
2616,1790403743.746418,42844160.0,0.0002353583
2617,1790403753.7489364,42860544.0,0.0
2618,1790403773.7463572,42876930.0,0.0002353583
2619,1790403793.746709,42893310.0,0.0004707166
2620,1790403813.7461302,42909696.0,0.0004707166
2621,1790403823.7462876,42926080.0,0.0004707166
2622,1790403843.7480931,42942464.0,0.0
2623,1790403863.7474115,42958850.0,0.0009414332
2624,1790403883.7493048,42975230.0,0.0002353583
2625,1790403893.749751,42991616.0,0.0
2626,1790403913.7461314,43008000.0,0.0
2627,1790403933.747205,43024384.0,0.0002353583
2628,1790403953.7464557,43040770.0,0.0
2629,1790403963.7489395,43057150.0,0.0004707166
2630,1790403983.747141,43073536.0,0.0002353583
2631,1790404003.7473643,43089920.0,0.0007060749
2632,1790404023.7461226,43106304.0,0.0007060749
2633,1790404033.748065,43122690.0,0.0004707166
2634,1790404053.7464306,43139070.0,0.0
2635,1790404073.7469015,43155456.0,0.0007060749
2636,1790404093.7467265,43171840.0,0.0
2637,1790404103.7489953,43188224.0,0.0002353583
2638,1790404123.7489595,43204610.0,0.0
2639,1790404143.7495515,43220990.0,0.0004707166
2640,1790404163.746389,43237376.0,0.0002353583
2641,1790404173.7508898,43253760.0,0.0002353583
2642,1790404193.748491,43270144.0,0.0002353583
2643,1790404213.746318,43286530.0,0.0
2644,1790404233.7468724,43302910.0,0.0002353583
2645,1790404243.749416,43319296.0,0.0
2646,1790404263.7467637,43335680.0,0.0
2647,1790404283.7463725,43352064.0,0.0002353583
2648,1790404303.746087,43368450.0,0.0002353583
2649,1790404313.7493494,43384830.0,0.0004707166
2650,1790404333.7485795,43401216.0,0.0
2651,1790404353.7475648,43417600.0,0.0002353583
2652,1790404373.7466726,43433984.0,0.0002353583
2653,1790404383.7496865,43450370.0,0.0
2654,1790404403.7492058,43466750.0,0.0002353583
2655,1790404423.7468302,43483136.0,0.0002353583
2656,1790404443.7461438,43499520.0,0.0
2657,1790404463.7471738,43515904.0,0.0002353583
2658,1790404473.7490077,43532290.0,0.0002353583
2659,1790404493.7480226,43548670.0,0.0
2660,1790404513.7486258,43565056.0,0.0002353583
2661,1790404523.7495046,43581440.0,0.0
2662,1790404543.7467844,43597824.0,0.0002353583
2663,1790404563.746457,43614210.0,0.0004707166
2664,1790404583.746364,43630590.0,0.0002353583
2665,1790404593.7485294,43646976.0,0.0002353583
2666,1790404613.7463758,43663360.0,0.0002353583
2667,1790404633.748195,43679744.0,0.0002353583
2668,1790404653.7496831,43696130.0,0.0002353583
2669,1790404663.7491934,43712510.0,0.0002353583
2670,1790404683.7462437,43728896.0,0.0002353583
2671,1790404703.7492216,43745280.0,0.0004707166
2672,1790404723.749437,43761664.0,0.0
2673,1790404733.7488725,43778050.0,0.0
2674,1790404753.7484872,43794430.0,0.0004707166
2675,1790404773.746231,43810816.0,0.0
2676,1790404793.74658,43827200.0,0.0002353583
2677,1790404803.7489302,43843584.0,0.0002353583
2678,1790404823.7464185,43859970.0,0.0
2679,1790404843.7472155,43876350.0,0.0002353583
2680,1790404853.746166,43892736.0,0.0002353583
2681,1790404873.751092,43909120.0,0.0004707166
2682,1790404893.75007,43925504.0,0.0007060749
2683,1790404913.7482822,43941890.0,0.0
2684,1790404923.7489462,43958270.0,0.0
2685,1790404943.7464375,43974656.0,0.0
2686,1790404963.7476163,43991040.0,0.0
2687,1790404983.7469988,44007424.0,0.0002353583
2688,1790404993.749562,44023810.0,0.0002353583
2689,1790405013.748039,44040190.0,0.0004707166
2690,1790405033.7463644,44056576.0,0.0
2691,1790405043.7493467,44072960.0,0.0004707166
2692,1790405063.7498868,44089344.0,0.0002353583
2693,1790405083.746989,44105730.0,0.0004707166
2694,1790405103.7466936,44122110.0,0.0002353583
2695,1790405113.7497878,44138496.0,0.0
2696,1790405133.746771,44154880.0,0.0
2697,1790405153.7466364,44171264.0,0.0002353583
2698,1790405173.74668,44187650.0,0.0004707166
2699,1790405183.748387,44204030.0,0.0002353583
2700,1790405203.7464812,44220416.0,0.0004707166
2701,1790405223.747655,44236800.0,0.0002353583
2702,1790405243.748781,44253184.0,0.0007060749
2703,1790405253.750321,44269570.0,0.0007060749
2704,1790405273.749723,44285950.0,0.0002353583
2705,1790405293.7464204,44302336.0,0.0002353583
2706,1790405303.7468936,44318720.0,0.0004707166
2707,1790405323.750463,44335104.0,0.0004707166
2708,1790405343.7464485,44351490.0,0.0002353583
2709,1790405363.7478974,44367870.0,0.0007060749
2710,1790405373.750924,44384256.0,0.0007060749
2711,1790405393.7494156,44400640.0,0.0002353583
2712,1790405413.747854,44417024.0,0.0002353583
2713,1790405433.746439,44433410.0,0.0
2714,1790405443.7482028,44449790.0,0.0004707166
2715,1790405463.746411,44466176.0,0.0002353583
2716,1790405483.7480724,44482560.0,0.0002353583
2717,1790405503.747959,44498944.0,0.0
2718,1790405513.7491426,44515330.0,0.0004707166
2719,1790405533.7511718,44531710.0,0.0
2720,1790405553.746328,44548096.0,0.0004707166
2721,1790405573.7461312,44564480.0,0.0002353583
2722,1790405583.7490616,44580864.0,0.0002353583
2723,1790405603.7466414,44597250.0,0.0004707166
2724,1790405623.7480466,44613630.0,0.0
2725,1790405643.746392,44630016.0,0.0007060749
2726,1790405653.7490828,44646400.0,0.0
2727,1790405673.74706,44662784.0,0.0
2728,1790405693.7464578,44679170.0,0.0
2729,1790405713.7465258,44695550.0,0.0
2730,1790405723.7489865,44711936.0,0.0
2731,1790405743.74727,44728320.0,0.0
2732,1790405763.746332,44744704.0,0.0
2733,1790405783.7463152,44761090.0,0.0004707166
2734,1790405793.7474167,44777470.0,0.0
2735,1790405813.746301,44793856.0,0.0007060749
2736,1790405833.7478218,44810240.0,0.0004707166
2737,1790405843.7494802,44826624.0,0.0004707166
2738,1790405863.7478485,44843010.0,0.0002353583
2739,1790405883.748132,44859390.0,0.0002353583
2740,1790405903.748617,44875776.0,0.0002353583
2741,1790405913.7491088,44892160.0,0.0004707166
2742,1790405933.7491684,44908544.0,0.0004707166
2743,1790405953.7495005,44924930.0,0.0002353583
2744,1790405973.7490685,44941310.0,0.0002353583
2745,1790405983.7493887,44957696.0,0.0002353583
2746,1790406003.7489712,44974080.0,0.0002353583
2747,1790406023.746595,44990464.0,0.0002353583
2748,1790406043.747236,45006850.0,0.0
2749,1790406053.750004,45023230.0,0.0
2750,1790406073.7491348,45039616.0,0.0004707166
2751,1790406093.7468731,45056000.0,0.0004707166
2752,1790406113.7463012,45072384.0,0.0
2753,1790406123.7486362,45088770.0,0.0
2754,1790406143.7483587,45105150.0,0.0
2755,1790406163.7494392,45121536.0,0.0
2756,1790406183.7477942,45137920.0,0.0
2757,1790406203.7465658,45154304.0,0.0
2758,1790406213.749064,45170690.0,0.0002353583
2759,1790406233.7467144,45187070.0,0.0002353583
2760,1790406253.746405,45203456.0,0.0004707166
2761,1790406263.7489288,45219840.0,0.0002353583
2762,1790406283.7493846,45236224.0,0.0
2763,1790406303.7465813,45252610.0,0.0002353583
2764,1790406323.746269,45268990.0,0.0002353583
2765,1790406333.750404,45285376.0,0.0002353583
2766,1790406353.747723,45301760.0,0.0004707166
2767,1790406373.7471356,45318144.0,0.0002353583
2768,1790406393.7465465,45334530.0,0.0
2769,1790406403.7491686,45350910.0,0.0002353583
2770,1790406423.7472975,45367296.0,0.0
2771,1790406443.746626,45383680.0,0.0
2772,1790406463.7473876,45400064.0,0.0002353583
2773,1790406483.7462094,45416450.0,0.0002353583
2774,1790406493.7498744,45432830.0,0.0002353583
2775,1790406513.74704,45449216.0,0.0
2776,1790406533.7465436,45465600.0,0.0002353583
2777,1790406543.75171,45481984.0,0.0002353583
2778,1790406563.746714,45498370.0,0.0002353583
2779,1790406583.747128,45514750.0,0.0002353583
2780,1790406603.746554,45531136.0,0.0002353583
2781,1790406613.7491972,45547520.0,0.0
2782,1790406633.7490482,45563904.0,0.0002353583
2783,1790406653.7472265,45580290.0,0.0002353583
2784,1790406673.74633,45596670.0,0.0002353583
2785,1790406683.7491744,45613056.0,0.0
2786,1790406703.7496202,45629440.0,0.0002353583
2787,1790406723.746667,45645824.0,0.0
2788,1790406733.7493804,45662210.0,0.0
2789,1790406753.7464314,45678590.0,0.0002353583
2790,1790406773.7463057,45694976.0,0.0002353583
2791,1790406793.746527,45711360.0,0.0004707166
2792,1790406803.7505977,45727744.0,0.0004707166
2793,1790406823.7466369,45744130.0,0.0002353583
2794,1790406843.7485468,45760510.0,0.0002353583
2795,1790406863.746961,45776896.0,0.0
2796,1790406873.7495768,45793280.0,0.0
2797,1790406893.748996,45809664.0,0.0007060749
2798,1790406913.747669,45826050.0,0.0002353583
2799,1790406933.747748,45842430.0,0.0002353583
2800,1790406943.748939,45858816.0,0.0002353583
2801,1790406963.7488492,45875200.0,0.0
2802,1790406983.7466166,45891584.0,0.0002353583
2803,1790407003.7483013,45907970.0,0.0
2804,1790407013.7490425,45924350.0,0.0
2805,1790407033.7489731,45940736.0,0.0
2806,1790407053.7466998,45957120.0,0.0
2807,1790407073.747019,45973504.0,0.0
2808,1790407083.7493024,45989890.0,0.0
2809,1790407103.7465744,46006270.0,0.0004707166
2810,1790407123.7463336,46022656.0,0.0002353583
2811,1790407143.7477536,46039040.0,0.0
2812,1790407163.747031,46055424.0,0.0002353583
2813,1790407173.747738,46071810.0,0.0
2814,1790407193.7464066,46088190.0,0.0002353583
2815,1790407213.746277,46104576.0,0.0
2816,1790407223.7469244,46120960.0,0.0
2817,1790407243.7495024,46137344.0,0.0
2818,1790407263.7468398,46153730.0,0.0004707166
2819,1790407283.7467463,46170110.0,0.0002353583
2820,1790407303.7475371,46186496.0,0.0
2821,1790407313.749011,46202880.0,0.0
2822,1790407333.746906,46219264.0,0.0007060749
2823,1790407353.7463336,46235650.0,0.0002353583
2824,1790407363.749327,46252030.0,0.0002353583
2825,1790407383.7465918,46268416.0,0.0
2826,1790407403.7471995,46284800.0,0.0
2827,1790407423.7467608,46301184.0,0.0
2828,1790407433.749273,46317570.0,0.0004707166
2829,1790407453.7474422,46333950.0,0.0
2830,1790407473.746263,46350336.0,0.0004707166
2831,1790407493.7465086,46366720.0,0.0
2832,1790407503.7493908,46383104.0,0.0002353583
2833,1790407523.7487552,46399490.0,0.0
2834,1790407543.7472794,46415870.0,0.0
2835,1790407563.746673,46432256.0,0.0
2836,1790407583.7463334,46448640.0,0.0002353583
2837,1790407593.7494037,46465024.0,0.0
2838,1790407613.7464042,46481410.0,0.0002353583
2839,1790407633.7461874,46497790.0,0.0002353583
2840,1790407653.749201,46514176.0,0.0
2841,1790407663.7490957,46530560.0,0.0004707166
2842,1790407683.748113,46546944.0,0.0004707166
2843,1790407703.7487166,46563330.0,0.0
2844,1790407723.7470014,46579710.0,0.0002353583
2845,1790407733.7490275,46596096.0,0.0002353583
2846,1790407753.7479932,46612480.0,0.0
2847,1790407773.7477248,46628864.0,0.0
2848,1790407793.7476273,46645250.0,0.0
2849,1790407803.7492962,46661630.0,0.0004707166
2850,1790407823.746738,46678016.0,0.0004707166
2851,1790407843.7464664,46694400.0,0.0
2852,1790407853.7496552,46710784.0,0.0002353583
2853,1790407873.7494068,46727170.0,0.0007060749
2854,1790407893.7493742,46743550.0,0.0004707166
2855,1790407913.749513,46759936.0,0.0
2856,1790407923.7494266,46776320.0,0.0
2857,1790407943.7494447,46792704.0,0.0
2858,1790407963.747608,46809090.0,0.0
2859,1790407983.7461429,46825470.0,0.0002353583
2860,1790408003.7467046,46841856.0,0.0004707166
2861,1790408013.7493908,46858240.0,0.0002353583
2862,1790408033.7476847,46874624.0,0.0002353583
2863,1790408053.7480438,46891010.0,0.0002353583
2864,1790408073.7480538,46907390.0,0.0
2865,1790408083.7488725,46923776.0,0.0
2866,1790408103.7488773,46940160.0,0.0002353583
2867,1790408123.7480204,46956544.0,0.0004707166
2868,1790408143.7464836,46972930.0,0.0
2869,1790408153.7495332,46989310.0,0.0004707166
2870,1790408173.7473288,47005696.0,0.0002353583
2871,1790408193.7466245,47022080.0,0.0
2872,1790408213.7468736,47038464.0,0.0002353583
2873,1790408223.748843,47054850.0,0.0
2874,1790408243.7485616,47071230.0,0.0002353583
2875,1790408263.7478323,47087616.0,0.0002353583
2876,1790408273.751724,47104000.0,0.0
2877,1790408293.7504473,47120384.0,0.0004707166
2878,1790408313.7485938,47136770.0,0.0
2879,1790408333.7485528,47153150.0,0.0
2880,1790408353.7467778,47169536.0,0.0002353583
2881,1790408363.7488096,47185920.0,0.0
2882,1790408383.746786,47202304.0,0.0002353583
2883,1790408403.7464406,47218690.0,0.0
2884,1790408423.7472706,47235070.0,0.0002353583
2885,1790408433.7495902,47251456.0,0.0002353583
2886,1790408453.7467215,47267840.0,0.0002353583
2887,1790408473.7466516,47284224.0,0.0
2888,1790408483.7488806,47300610.0,0.0002353583
2889,1790408503.7496495,47316990.0,0.0007060749
2890,1790408523.746473,47333376.0,0.0007060749
2891,1790408543.746969,47349760.0,0.0002353583
2892,1790408553.749308,47366144.0,0.0004707166
2893,1790408573.7502532,47382530.0,0.0
2894,1790408593.7506044,47398910.0,0.0
2895,1790408613.7464373,47415296.0,0.0
2896,1790408633.746937,47431680.0,0.0002353583
2897,1790408643.7496006,47448064.0,0.0004707166
2898,1790408663.7463212,47464450.0,0.0002353583
2899,1790408683.7488894,47480830.0,0.0
2900,1790408703.7465022,47497216.0,0.0004707166
2901,1790408713.7494416,47513600.0,0.0
2902,1790408733.746922,47529984.0,0.0004707166
2903,1790408753.7468915,47546370.0,0.0
2904,1790408773.746318,47562750.0,0.0004707166
2905,1790408783.7486997,47579136.0,0.0002353583
2906,1790408803.7501109,47595520.0,0.0002353583
2907,1790408823.7460504,47611904.0,0.0
2908,1790408843.746709,47628290.0,0.0002353583
2909,1790408853.7485058,47644670.0,0.0
2910,1790408873.7506478,47661056.0,0.0002353583
2911,1790408893.7463555,47677440.0,0.0002353583
2912,1790408913.747009,47693824.0,0.0002353583
2913,1790408933.7470565,47710210.0,0.0
2914,1790408943.7489102,47726590.0,0.0004707166
2915,1790408963.7462444,47742976.0,0.0
2916,1790408983.7464268,47759360.0,0.0004707166
2917,1790408993.7494197,47775744.0,0.0002353583
2918,1790409013.7477353,47792130.0,0.0002353583
2919,1790409033.7466357,47808510.0,0.0
2920,1790409053.7464602,47824896.0,0.0
2921,1790409063.7492127,47841280.0,0.0
2922,1790409083.7465348,47857664.0,0.0
2923,1790409103.7488048,47874050.0,0.0002353583
2924,1790409113.7490928,47890430.0,0.0
2925,1790409133.749127,47906816.0,0.0004707166
2926,1790409153.7476704,47923200.0,0.0004707166
2927,1790409173.749176,47939584.0,0.0
2928,1790409183.7488346,47955970.0,0.0
2929,1790409203.7483072,47972350.0,0.0
2930,1790409223.747716,47988736.0,0.0
2931,1790409243.74729,48005120.0,0.0002353583
2932,1790409253.7491126,48021504.0,0.0
2933,1790409273.7462783,48037890.0,0.0002353583
2934,1790409293.7485428,48054270.0,0.0
2935,1790409313.7491927,48070656.0,0.0009414332
2936,1790409323.749956,48087040.0,0.0
2937,1790409343.7481723,48103424.0,0.0002353583
2938,1790409363.7465856,48119810.0,0.0004707166
2939,1790409383.7491689,48136190.0,0.0002353583
2940,1790409393.7495298,48152576.0,0.0002353583
2941,1790409413.747948,48168960.0,0.0002353583
2942,1790409433.7479105,48185344.0,0.0007060749
2943,1790409453.7476923,48201730.0,0.0
2944,1790409463.7491436,48218110.0,0.0
2945,1790409483.7480996,48234496.0,0.0
2946,1790409503.7486243,48250880.0,0.0002353583
2947,1790409523.748191,48267264.0,0.0
2948,1790409533.750106,48283650.0,0.0009414332
2949,1790409553.7481008,48300030.0,0.0002353583
2950,1790409573.7458005,48316416.0,0.0
2951,1790409593.746555,48332800.0,0.0
2952,1790409603.749416,48349184.0,0.0002353583
2953,1790409623.7473807,48365570.0,0.0
2954,1790409643.746637,48381950.0,0.0
2955,1790409653.7494504,48398336.0,0.0004707166
2956,1790409673.7488189,48414720.0,0.0002353583
2957,1790409693.7462354,48431104.0,0.0004707166
2958,1790409713.746418,48447490.0,0.0002353583
2959,1790409733.7479782,48463870.0,0.0
2960,1790409743.7488313,48480256.0,0.0
2961,1790409763.7469609,48496640.0,0.0004707166
2962,1790409783.7466145,48513024.0,0.0002353583
2963,1790409793.7495897,48529410.0,0.0
2964,1790409813.746639,48545790.0,0.0002353583
2965,1790409833.7464771,48562176.0,0.0004707166
2966,1790409853.7468276,48578560.0,0.0
2967,1790409863.7492104,48594944.0,0.0002353583
2968,1790409883.746363,48611330.0,0.0002353583
2969,1790409903.7465737,48627710.0,0.0007060749
2970,1790409923.7467177,48644096.0,0.0002353583
2971,1790409933.7490828,48660480.0,0.0007060749
2972,1790409953.7465518,48676864.0,0.0
2973,1790409973.7466414,48693250.0,0.0
2974,1790409993.7464058,48709630.0,0.0002353583
2975,1790410003.7490373,48726016.0,0.0002353583
2976,1790410023.746318,48742400.0,0.0002353583
2977,1790410043.746533,48758784.0,0.0002353583
2978,1790410053.74919,48775170.0,0.0
2979,1790410073.7485964,48791550.0,0.0
2980,1790410093.747798,48807936.0,0.0004707166
2981,1790410113.7462697,48824320.0,0.0002353583
2982,1790410123.746054,48840704.0,0.0002353583
2983,1790410143.746956,48857090.0,0.0002353583
2984,1790410163.746147,48873470.0,0.0
2985,1790410183.7461274,48889856.0,0.0
2986,1790410193.7458217,48906240.0,0.0004707166
2987,1790410213.7469296,48922624.0,0.0
2988,1790410233.7466002,48939010.0,0.0002353583
2989,1790410253.746747,48955390.0,0.0002353583
2990,1790410263.7491755,48971776.0,0.0002353583
2991,1790410283.7466836,48988160.0,0.0
2992,1790410303.7461329,49004544.0,0.0007060749
2993,1790410323.7466683,49020930.0,0.0007060749
2994,1790410333.7496574,49037310.0,0.0002353583
2995,1790410353.7461686,49053696.0,0.0
2996,1790410373.746433,49070080.0,0.0004707166
2997,1790410383.7489293,49086464.0,0.0002353583
2998,1790410403.7523742,49102850.0,0.0
2999,1790410423.746365,49119230.0,0.0002353583
3000,1790410443.7467062,49135616.0,0.0007060749
3001,1790410463.7462935,49152000.0,0.0004707166
3002,1790410473.746343,49168384.0,0.0002353583
3003,1790410493.7465,49184770.0,0.0004707166
3004,1790410513.7463014,49201150.0,0.0004707166
3005,1790410533.7464151,49217536.0,0.0
3006,1790410543.7491727,49233920.0,0.0
3007,1790410563.7463503,49250304.0,0.0002353583
3008,1790410583.746326,49266690.0,0.0
3009,1790410603.7459984,49283070.0,0.0
3010,1790410613.7487807,49299456.0,0.0
3011,1790410633.7463477,49315840.0,0.0002353583
3012,1790410653.7477896,49332224.0,0.0
3013,1790410673.7475717,49348610.0,0.0002353583
3014,1790410683.7490258,49364990.0,0.0002353583
3015,1790410703.7463353,49381376.0,0.0
3016,1790410723.7465138,49397760.0,0.0007060749
3017,1790410743.7465448,49414144.0,0.0004707166
3018,1790410753.7463632,49430530.0,0.0004707166
3019,1790410773.7492166,49446910.0,0.0004707166
3020,1790410793.7461035,49463296.0,0.0004707166
3021,1790410813.747578,49479680.0,0.0004707166
3022,1790410823.7490563,49496064.0,0.0
3023,1790410843.7462635,49512450.0,0.0002353583
3024,1790410863.747418,49528830.0,0.0011767915
3025,1790410883.7467484,49545216.0,0.0004707166
3026,1790410893.7492225,49561600.0,0.0002353583
3027,1790410913.7461145,49577984.0,0.0
3028,1790410933.7465267,49594370.0,0.0
3029,1790410953.7463589,49610750.0,0.0
3030,1790410963.7499022,49627136.0,0.0
3031,1790410983.748118,49643520.0,0.0002353583
3032,1790411003.7466166,49659904.0,0.0002353583
3033,1790411023.746258,49676290.0,0.0004707166
3034,1790411033.74809,49692670.0,0.0004707166
3035,1790411053.7475088,49709056.0,0.0004707166
3036,1790411073.7475376,49725440.0,0.0004707166
3037,1790411093.7464635,49741824.0,0.0
3038,1790411103.7476764,49758210.0,0.0002353583
3039,1790411123.7463658,49774590.0,0.0004707166
3040,1790411143.746639,49790976.0,0.0
3041,1790411153.7497854,49807360.0,0.0002353583
3042,1790411173.749268,49823744.0,0.0
3043,1790411193.7464745,49840130.0,0.0002353583
3044,1790411213.7465668,49856510.0,0.0004707166
3045,1790411223.7487423,49872896.0,0.0
3046,1790411243.7466736,49889280.0,0.0002353583
3047,1790411263.746281,49905664.0,0.0007060749
3048,1790411283.746291,49922050.0,0.0
3049,1790411293.7478335,49938430.0,0.0
3050,1790411313.746603,49954816.0,0.0002353583
3051,1790411333.7463264,49971200.0,0.0
3052,1790411353.750002,49987584.0,0.0
3053,1790411363.7493794,50003970.0,0.0002353583
3054,1790411383.7467806,50020350.0,0.0002353583
3055,1790411403.746177,50036736.0,0.0002353583
3056,1790411413.7504528,50053120.0,0.0
3057,1790411433.7465029,50069504.0,0.0002353583
3058,1790411453.7461307,50085890.0,0.0004707166
3059,1790411473.7462747,50102270.0,0.0
3060,1790411483.7492518,50118656.0,0.0004707166
3061,1790411503.7461236,50135040.0,0.0002353583
3062,1790411523.7461474,50151424.0,0.0
3063,1790411533.7494297,50167810.0,0.0002353583
3064,1790411553.7465358,50184190.0,0.0
3065,1790411573.748791,50200576.0,0.0
3066,1790411593.7461877,50216960.0,0.0
3067,1790411603.7494082,50233344.0,0.0002353583
3068,1790411623.746315,50249730.0,0.0
3069,1790411643.7467046,50266110.0,0.0002353583
3070,1790411663.746498,50282496.0,0.0
3071,1790411673.74878,50298880.0,0.0002353583
3072,1790411693.7493217,50315264.0,0.0004707166
3073,1790411713.749107,50331650.0,0.0002353583
3074,1790411723.7495763,50348030.0,0.0
3075,1790411743.746781,50364416.0,0.0004707166
3076,1790411763.7462673,50380800.0,0.0
3077,1790411783.7487383,50397184.0,0.0002353583
3078,1790411793.748992,50413570.0,0.0002353583
3079,1790411813.746569,50429950.0,0.0007060749
3080,1790411833.7466793,50446336.0,0.0002353583
3081,1790411853.7485716,50462720.0,0.0002353583
3082,1790411863.7490406,50479104.0,0.0
3083,1790411883.7480595,50495490.0,0.0004707166
3084,1790411903.747533,50511870.0,0.0002353583
3085,1790411923.7466376,50528256.0,0.0007060749
3086,1790411933.7490065,50544640.0,0.0007060749
3087,1790411953.7470496,50561024.0,0.0004707166
3088,1790411973.7467096,50577410.0,0.0002353583
3089,1790411983.74939,50593790.0,0.0
3090,1790412003.7481866,50610176.0,0.0007060749
3091,1790412023.746771,50626560.0,0.0
3092,1790412043.7461212,50642944.0,0.0004707166
3093,1790412063.746699,50659330.0,0.0002353583
3094,1790412073.748173,50675710.0,0.0011767915
3095,1790412093.7466123,50692096.0,0.0002353583
3096,1790412113.7465537,50708480.0,0.0
3097,1790412133.7466822,50724864.0,0.0002353583
3098,1790412143.7488964,50741250.0,0.0002353583
3099,1790412163.7472396,50757630.0,0.0
3100,1790412183.7467735,50774016.0,0.0002353583
3101,1790412193.7489386,50790400.0,0.0002353583
3102,1790412213.747414,50806784.0,0.0
3103,1790412233.7460933,50823170.0,0.0002353583
3104,1790412253.7465432,50839550.0,0.0002353583
3105,1790412263.7508554,50855936.0,0.0
3106,1790412283.751309,50872320.0,0.0
3107,1790412303.7466164,50888704.0,0.0002353583
3108,1790412323.7462816,50905090.0,0.0002353583
3109,1790412333.747302,50921470.0,0.0002353583
3110,1790412353.7493672,50937856.0,0.0004707166
3111,1790412373.7463973,50954240.0,0.0
3112,1790412393.7479374,50970624.0,0.0
3113,1790412403.7497394,50987010.0,0.0007060749
3114,1790412423.7488952,51003390.0,0.0004707166
3115,1790412443.7472792,51019776.0,0.0
3116,1790412463.750512,51036160.0,0.0002353583
3117,1790412473.749333,51052544.0,0.0
3118,1790412493.7475607,51068930.0,0.0002353583
3119,1790412513.74727,51085310.0,0.0
3120,1790412533.7480507,51101696.0,0.0
3121,1790412543.7508657,51118080.0,0.0004707166
3122,1790412563.7463794,51134464.0,0.0002353583
3123,1790412583.7470489,51150850.0,0.0002353583
3124,1790412603.7465537,51167230.0,0.0
3125,1790412613.7486167,51183616.0,0.0002353583
3126,1790412633.7493834,51200000.0,0.0
3127,1790412653.749343,51216384.0,0.0002353583
3128,1790412673.749328,51232770.0,0.0002353583
3129,1790412683.749056,51249150.0,0.0009414332
3130,1790412703.7465105,51265536.0,0.0002353583
3131,1790412723.7465887,51281920.0,0.0
3132,1790412743.7493496,51298304.0,0.0
3133,1790412753.7504308,51314690.0,0.0004707166
3134,1790412773.7469685,51331070.0,0.0
3135,1790412793.746289,51347456.0,0.0
3136,1790412813.746806,51363840.0,0.0004707166
3137,1790412823.7494946,51380224.0,0.0
3138,1790412843.7464178,51396610.0,0.0002353583
3139,1790412863.7465017,51412990.0,0.0002353583
3140,1790412883.7492898,51429376.0,0.0002353583
3141,1790412893.7481158,51445760.0,0.0002353583
3142,1790412913.7479916,51462144.0,0.0
3143,1790412933.7466087,51478530.0,0.0004707166
3144,1790412943.750142,51494910.0,0.0
3145,1790412963.7480776,51511296.0,0.0009414332
3146,1790412983.7485862,51527680.0,0.0002353583
3147,1790413003.7505434,51544064.0,0.0
3148,1790413013.7493389,51560450.0,0.0002353583
3149,1790413033.7479546,51576830.0,0.0002353583
3150,1790413053.7471333,51593216.0,0.0
3151,1790413073.7461348,51609600.0,0.0002353583
3152,1790413083.7496033,51625984.0,0.0002353583
3153,1790413103.7465012,51642370.0,0.0007060749
3154,1790413123.746804,51658750.0,0.0002353583
3155,1790413133.7477508,51675136.0,0.0009414332
3156,1790413153.7479637,51691520.0,0.0
3157,1790413173.7467718,51707904.0,0.0
3158,1790413193.7463222,51724290.0,0.0
3159,1790413203.74967,51740670.0,0.0002353583
3160,1790413223.74631,51757056.0,0.0
3161,1790413243.746247,51773440.0,0.0002353583
3162,1790413263.7465384,51789824.0,0.0002353583
3163,1790413273.7495997,51806210.0,0.0002353583
3164,1790413293.7462797,51822590.0,0.0002353583
3165,1790413313.7473526,51838976.0,0.0002353583
3166,1790413323.7465916,51855360.0,0.0004707166
3167,1790413343.7463734,51871744.0,0.0
3168,1790413363.746531,51888130.0,0.0
3169,1790413383.7464652,51904510.0,0.0
3170,1790413393.7485127,51920896.0,0.0
3171,1790413413.746446,51937280.0,0.0007060749
3172,1790413433.751029,51953664.0,0.0002353583
3173,1790413453.7477195,51970050.0,0.0004707166
3174,1790413463.749624,51986430.0,0.0002353583
3175,1790413483.7467415,52002816.0,0.0
3176,1790413503.7471645,52019200.0,0.0
3177,1790413523.7463913,52035584.0,0.0
3178,1790413533.749452,52051970.0,0.0
3179,1790413553.7463424,52068350.0,0.0004707166
3180,1790413573.7468436,52084736.0,0.0007060749
3181,1790413593.7464218,52101120.0,0.0004707166
3182,1790413603.749018,52117504.0,0.0
3183,1790413623.74692,52133890.0,0.0004707166
3184,1790413643.7468455,52150270.0,0.0002353583
3185,1790413653.7493796,52166656.0,0.0002353583
3186,1790413673.7466536,52183040.0,0.0
3187,1790413693.7467828,52199424.0,0.0002353583
3188,1790413713.747252,52215810.0,0.0
3189,1790413723.749721,52232190.0,0.0007060749
3190,1790413743.7490587,52248576.0,0.0002353583
3191,1790413763.7498522,52264960.0,0.0002353583
3192,1790413783.748696,52281344.0,0.0002353583
3193,1790413793.7476623,52297730.0,0.0002353583
3194,1790413813.7478082,52314110.0,0.0
3195,1790413833.7487123,52330496.0,0.0002353583
3196,1790413853.7481022,52346880.0,0.0
3197,1790413863.749753,52363264.0,0.0
3198,1790413883.7482803,52379650.0,0.0
3199,1790413903.7479022,52396030.0,0.0004707166
3200,1790413923.7465603,52412416.0,0.0004707166
3201,1790413933.7511418,52428800.0,0.0
3202,1790413953.7491972,52445184.0,0.0002353583
3203,1790413973.7464747,52461570.0,0.0002353583
3204,1790413983.7496166,52477950.0,0.0002353583
3205,1790414003.749278,52494336.0,0.0002353583
3206,1790414023.7469363,52510720.0,0.0004707166
3207,1790414043.746474,52527104.0,0.0
3208,1790414053.7489598,52543490.0,0.0002353583
3209,1790414073.7462862,52559870.0,0.0
3210,1790414093.7465885,52576256.0,0.0002353583
3211,1790414103.7496307,52592640.0,0.0004707166
3212,1790414123.7489674,52609024.0,0.0
3213,1790414143.7460566,52625410.0,0.0002353583
3214,1790414163.7464151,52641790.0,0.0002353583
3215,1790414173.749113,52658176.0,0.0002353583
3216,1790414193.7473924,52674560.0,0.0
3217,1790414213.7461426,52690944.0,0.0002353583
3218,1790414233.7465005,52707330.0,0.0
3219,1790414243.7496862,52723710.0,0.0
3220,1790414263.746109,52740096.0,0.0004707166
3221,1790414283.7463982,52756480.0,0.0002353583
3222,1790414293.7502036,52772864.0,0.0002353583
3223,1790414313.7487042,52789250.0,0.0
3224,1790414333.7491176,52805630.0,0.0002353583
3225,1790414353.7475967,52822016.0,0.0
3226,1790414363.7490015,52838400.0,0.0
3227,1790414383.7464905,52854784.0,0.0002353583
3228,1790414403.7489536,52871170.0,0.0
3229,1790414423.7464733,52887550.0,0.0002353583
3230,1790414433.7494593,52903936.0,0.0
3231,1790414453.746875,52920320.0,0.0
3232,1790414473.7470052,52936704.0,0.0
3233,1790414483.7502294,52953090.0,0.0
3234,1790414503.7465112,52969470.0,0.0004707166
3235,1790414523.7462518,52985856.0,0.0007060749
3236,1790414543.7463238,53002240.0,0.0002353583
3237,1790414553.7489858,53018624.0,0.0002353583
3238,1790414573.7483623,53035010.0,0.0
3239,1790414593.7462718,53051390.0,0.0
3240,1790414613.7462282,53067776.0,0.0
3241,1790414623.7486897,53084160.0,0.0
3242,1790414643.7464857,53100544.0,0.0
3243,1790414663.7490866,53116930.0,0.0
3244,1790414683.7465062,53133310.0,0.0
3245,1790414693.746106,53149696.0,0.0
3246,1790414713.7490685,53166080.0,0.0
3247,1790414733.7466352,53182464.0,0.0
3248,1790414743.7490478,53198850.0,0.0
3249,1790414763.7486784,53215230.0,0.0007060749
3250,1790414783.7460337,53231616.0,0.0
3251,1790414803.7467754,53248000.0,0.0
3252,1790414813.7497177,53264384.0,0.0
3253,1790414833.749669,53280770.0,0.0002353583
3254,1790414853.746564,53297150.0,0.0002353583
3255,1790414873.748068,53313536.0,0.0002353583
3256,1790414883.7480564,53329920.0,0.0
3257,1790414903.747753,53346304.0,0.0002353583
3258,1790414923.7484276,53362690.0,0.0002353583
3259,1790414943.7487514,53379070.0,0.0007060749
3260,1790414953.7491157,53395456.0,0.0
3261,1790414973.746353,53411840.0,0.0002353583
3262,1790414993.746696,53428224.0,0.0002353583
3263,1790415003.747388,53444610.0,0.0002353583
3264,1790415023.7472525,53460990.0,0.0
3265,1790415043.7492402,53477376.0,0.0002353583
3266,1790415063.7464046,53493760.0,0.0
3267,1790415073.7493217,53510144.0,0.0002353583
3268,1790415093.7483776,53526530.0,0.0002353583
3269,1790415113.7490685,53542910.0,0.0002353583
3270,1790415123.7492528,53559296.0,0.0
3271,1790415143.7521098,53575680.0,0.0004707166
3272,1790415163.7477558,53592064.0,0.0
3273,1790415183.7474582,53608450.0,0.0002353583
3274,1790415203.746351,53624830.0,0.0002353583
3275,1790415213.749207,53641216.0,0.0002353583
3276,1790415233.7494743,53657600.0,0.0002353583
3277,1790415253.748726,53673984.0,0.0004707166
3278,1790415263.7493834,53690370.0,0.0007060749
3279,1790415283.7478952,53706750.0,0.0002353583
3280,1790415303.7463834,53723136.0,0.0
3281,1790415323.7481186,53739520.0,0.0004707166
3282,1790415333.7475598,53755904.0,0.0004707166
3283,1790415353.7490163,53772290.0,0.0
3284,1790415373.7466314,53788670.0,0.0002353583
3285,1790415393.7488935,53805056.0,0.0004707166
3286,1790415403.7495325,53821440.0,0.0002353583
3287,1790415423.7461803,53837824.0,0.0
3288,1790415443.7465732,53854210.0,0.0
3289,1790415453.749542,53870590.0,0.0
3290,1790415473.7510245,53886976.0,0.0002353583
3291,1790415493.7461734,53903360.0,0.0002353583
3292,1790415513.7464511,53919744.0,0.0002353583
3293,1790415523.7489138,53936130.0,0.0002353583
3294,1790415543.746355,53952510.0,0.0
3295,1790415563.7464836,53968896.0,0.0
3296,1790415573.7489278,53985280.0,0.0
3297,1790415593.749199,54001664.0,0.0002353583
3298,1790415613.7461624,54018050.0,0.0004707166
3299,1790415633.7478049,54034430.0,0.0004707166
3300,1790415653.7487214,54050816.0,0.0002353583
3301,1790415663.7493262,54067200.0,0.0002353583
3302,1790415683.7462912,54083584.0,0.0
3303,1790415703.7472613,54099970.0,0.0007060749
3304,1790415713.749223,54116350.0,0.0002353583
3305,1790415733.7493942,54132736.0,0.0002353583
3306,1790415753.7471097,54149120.0,0.0
3307,1790415773.7468338,54165504.0,0.0
3308,1790415783.7492588,54181890.0,0.0002353583
3309,1790415803.7462933,54198270.0,0.0
3310,1790415823.74643,54214656.0,0.0002353583
3311,1790415843.748091,54231040.0,0.0
3312,1790415853.7493017,54247424.0,0.0002353583
3313,1790415873.7463846,54263810.0,0.0002353583
3314,1790415893.7463846,54280190.0,0.0
3315,1790415913.746053,54296576.0,0.0002353583
3316,1790415923.749011,54312960.0,0.0004707166
3317,1790415943.7467709,54329344.0,0.0004707166
3318,1790415963.7469332,54345730.0,0.0002353583
3319,1790415983.747764,54362110.0,0.0004707166
3320,1790415993.7492938,54378496.0,0.0004707166
3321,1790416013.7470205,54394880.0,0.0
3322,1790416033.7468803,54411264.0,0.0
3323,1790416053.7464545,54427650.0,0.0
3324,1790416063.7501206,54444030.0,0.0002353583
3325,1790416083.7494316,54460416.0,0.0002353583
3326,1790416103.7488203,54476800.0,0.0004707166
3327,1790416123.747461,54493184.0,0.0002353583
3328,1790416133.7490058,54509570.0,0.0004707166
3329,1790416153.7495775,54525950.0,0.0007060749
3330,1790416173.7475035,54542336.0,0.0002353583
3331,1790416193.7466605,54558720.0,0.0
3332,1790416213.7489414,54575104.0,0.0004707166
3333,1790416223.7494752,54591490.0,0.0002353583
3334,1790416243.746238,54607870.0,0.0
3335,1790416263.7484756,54624256.0,0.0
3336,1790416273.748898,54640640.0,0.0002353583
3337,1790416293.7463884,54657024.0,0.0
3338,1790416313.7490242,54673410.0,0.0004707166
3339,1790416333.7492905,54689790.0,0.0
3340,1790416343.7493253,54706176.0,0.0
3341,1790416363.748247,54722560.0,0.0002353583
3342,1790416383.7466595,54738944.0,0.0
3343,1790416403.748407,54755330.0,0.0004707166
3344,1790416413.7492194,54771710.0,0.0002353583
3345,1790416433.7482524,54788096.0,0.0004707166
3346,1790416453.7483096,54804480.0,0.0002353583
3347,1790416473.749501,54820864.0,0.0002353583
3348,1790416483.749651,54837250.0,0.0004707166
3349,1790416503.748611,54853630.0,0.0
3350,1790416523.7465413,54870016.0,0.0004707166
3351,1790416543.7467306,54886400.0,0.0
3352,1790416553.749321,54902784.0,0.0002353583
3353,1790416573.7463458,54919170.0,0.0002353583
3354,1790416593.7487748,54935550.0,0.0007060749
3355,1790416613.747989,54951936.0,0.0002353583
3356,1790416623.7495413,54968320.0,0.0004707166
3357,1790416643.7468593,54984704.0,0.0002353583
3358,1790416663.746796,55001090.0,0.0
3359,1790416683.7464566,55017470.0,0.0002353583
3360,1790416693.7488728,55033856.0,0.0002353583
3361,1790416713.7463858,55050240.0,0.0
3362,1790416733.7469566,55066624.0,0.0004707166
3363,1790416743.74893,55083010.0,0.0
3364,1790416763.748701,55099390.0,0.0
3365,1790416783.7461324,55115776.0,0.0004707166
3366,1790416803.746251,55132160.0,0.0002353583
3367,1790416813.7488708,55148544.0,0.0004707166
3368,1790416833.7471344,55164930.0,0.0
3369,1790416853.749308,55181310.0,0.0002353583
3370,1790416873.749435,55197696.0,0.0002353583
3371,1790416883.7489903,55214080.0,0.0002353583
3372,1790416903.7465808,55230464.0,0.0
3373,1790416923.748804,55246850.0,0.0
3374,1790416943.7489936,55263230.0,0.0
3375,1790416953.749262,55279616.0,0.0
3376,1790416973.7470958,55296000.0,0.0
3377,1790416993.7501483,55312384.0,0.0002353583
3378,1790417013.7465222,55328770.0,0.0
3379,1790417023.7492204,55345150.0,0.0
3380,1790417043.7461336,55361536.0,0.0004707166
3381,1790417063.746147,55377920.0,0.0
3382,1790417083.746637,55394304.0,0.0
3383,1790417093.7504542,55410690.0,0.0002353583
3384,1790417113.746533,55427070.0,0.0002353583
3385,1790417133.7466962,55443456.0,0.0
3386,1790417143.748655,55459840.0,0.0002353583
3387,1790417163.7491803,55476224.0,0.0
3388,1790417183.750888,55492610.0,0.0004707166
3389,1790417203.746828,55508990.0,0.0002353583
3390,1790417213.750838,55525376.0,0.0004707166
3391,1790417233.7490034,55541760.0,0.0
3392,1790417253.7477658,55558144.0,0.0009414332
3393,1790417273.7465467,55574530.0,0.0002353583
3394,1790417283.7491755,55590910.0,0.0
3395,1790417303.749201,55607296.0,0.0004707166
3396,1790417323.7491264,55623680.0,0.0004707166
3397,1790417343.7474234,55640064.0,0.0
3398,1790417353.7495332,55656450.0,0.0002353583
3399,1790417373.7466366,55672830.0,0.0
3400,1790417393.746547,55689216.0,0.0004707166
3401,1790417413.7487683,55705600.0,0.0002353583
3402,1790417423.7508998,55721984.0,0.0002353583
3403,1790417443.7466772,55738370.0,0.0002353583
3404,1790417463.7466462,55754750.0,0.0004707166
3405,1790417473.7494109,55771136.0,0.0004707166
3406,1790417493.7496543,55787520.0,0.0
3407,1790417513.7465775,55803904.0,0.0002353583
3408,1790417533.7465382,55820290.0,0.0002353583
3409,1790417553.7468789,55836670.0,0.0
3410,1790417563.7498,55853056.0,0.0
3411,1790417583.7465658,55869440.0,0.0002353583
3412,1790417603.746362,55885824.0,0.0
3413,1790417623.7489378,55902210.0,0.0002353583
3414,1790417633.7478976,55918590.0,0.0
3415,1790417653.7489245,55934976.0,0.0002353583
3416,1790417673.7467556,55951360.0,0.0002353583
3417,1790417683.7495866,55967744.0,0.0002353583
3418,1790417703.7475996,55984130.0,0.0004707166
3419,1790417723.7461271,56000510.0,0.0
3420,1790417743.749411,56016896.0,0.0
3421,1790417753.746441,56033280.0,0.0
3422,1790417773.7461836,56049664.0,0.0002353583
3423,1790417793.7466204,56066050.0,0.0007060749
3424,1790417813.7462013,56082430.0,0.0002353583
3425,1790417823.74666,56098816.0,0.0004707166
3426,1790417843.7466035,56115200.0,0.0002353583
3427,1790417863.747707,56131584.0,0.0
3428,1790417883.7487314,56147970.0,0.0002353583
3429,1790417893.7490373,56164350.0,0.0
3430,1790417913.7483714,56180736.0,0.0
3431,1790417933.7481053,56197120.0,0.0
3432,1790417943.7493894,56213504.0,0.0002353583
3433,1790417963.748799,56229890.0,0.0
3434,1790417983.7491362,56246270.0,0.0
3435,1790418003.746461,56262656.0,0.0002353583
3436,1790418013.7489858,56279040.0,0.0004707166
3437,1790418033.746654,56295424.0,0.0002353583
3438,1790418053.7489707,56311810.0,0.0002353583
3439,1790418063.7497215,56328190.0,0.0
3440,1790418083.7467191,56344576.0,0.0
3441,1790418103.7466035,56360960.0,0.0004707166
3442,1790418123.7482772,56377344.0,0.0
3443,1790418133.7515385,56393730.0,0.0002353583
3444,1790418153.7462,56410110.0,0.0002353583
3445,1790418173.7461867,56426496.0,0.0007060749
3446,1790418183.7489808,56442880.0,0.0004707166
3447,1790418203.7502017,56459264.0,0.0
3448,1790418223.7491794,56475650.0,0.0
3449,1790418243.748316,56492030.0,0.0002353583
3450,1790418253.7494128,56508416.0,0.0002353583
3451,1790418273.7460454,56524800.0,0.0
3452,1790418293.746426,56541184.0,0.0002353583
3453,1790418313.7460833,56557570.0,0.0004707166
3454,1790418323.7494771,56573950.0,0.0002353583
3455,1790418343.7465603,56590336.0,0.0
3456,1790418363.7467003,56606720.0,0.0002353583
3457,1790418383.7463343,56623104.0,0.0007060749
3458,1790418393.7488313,56639490.0,0.0007060749
3459,1790418413.746412,56655870.0,0.0002353583
3460,1790418433.7463708,56672256.0,0.0002353583
3461,1790418453.746118,56688640.0,0.0004707166
3462,1790418463.7491944,56705024.0,0.0002353583
3463,1790418483.7464786,56721410.0,0.0002353583
3464,1790418503.7462738,56737790.0,0.0007060749
3465,1790418523.746593,56754176.0,0.0004707166
3466,1790418533.7494078,56770560.0,0.0
3467,1790418553.746669,56786944.0,0.0002353583
3468,1790418573.746641,56803330.0,0.0002353583
3469,1790418593.7467642,56819710.0,0.0004707166
3470,1790418603.7463992,56836096.0,0.0004707166
3471,1790418623.747893,56852480.0,0.0004707166
3472,1790418643.7463005,56868864.0,0.0002353583
3473,1790418663.748454,56885250.0,0.0002353583
3474,1790418673.7491934,56901630.0,0.0
3475,1790418693.74885,56918016.0,0.0007060749
3476,1790418713.7471478,56934400.0,0.0
3477,1790418733.748349,56950784.0,0.0002353583
3478,1790418743.7489035,56967170.0,0.0002353583
3479,1790418763.7480068,56983550.0,0.0002353583
3480,1790418783.7489247,56999936.0,0.0004707166
3481,1790418803.747552,57016320.0,0.0
3482,1790418813.7489953,57032704.0,0.0004707166
3483,1790418833.7464442,57049090.0,0.0004707166
3484,1790418853.7494905,57065470.0,0.0
3485,1790418873.7463078,57081856.0,0.0
3486,1790418883.7494302,57098240.0,0.0002353583
3487,1790418903.747712,57114624.0,0.0
3488,1790418923.7462416,57131010.0,0.0002353583
3489,1790418943.7461836,57147390.0,0.0004707166
3490,1790418953.747958,57163776.0,0.0002353583
3491,1790418973.7476263,57180160.0,0.0002353583
3492,1790418993.746483,57196544.0,0.0
3493,1790419013.7480128,57212930.0,0.0002353583
3494,1790419023.748895,57229310.0,0.0007060749
3495,1790419043.746673,57245696.0,0.0002353583
3496,1790419063.7462935,57262080.0,0.0
3497,1790419083.7465963,57278464.0,0.0
3498,1790419093.7478724,57294850.0,0.0004707166
3499,1790419113.74638,57311230.0,0.0
3500,1790419133.7481852,57327616.0,0.0
3501,1790419153.7480688,57344000.0,0.0
3502,1790419163.74858,57360384.0,0.0004707166
3503,1790419183.7463553,57376770.0,0.0002353583
3504,1790419203.7473676,57393150.0,0.0
3505,1790419213.7492049,57409536.0,0.0004707166
3506,1790419233.7497282,57425920.0,0.0002353583
3507,1790419253.746696,57442304.0,0.0002353583
3508,1790419273.7463286,57458690.0,0.0
3509,1790419293.7488148,57475070.0,0.0004707166
3510,1790419303.7492,57491456.0,0.0
3511,1790419323.746307,57507840.0,0.0007060749
3512,1790419343.746569,57524224.0,0.0002353583
3513,1790419353.7491806,57540610.0,0.0002353583
3514,1790419373.7494557,57556990.0,0.0
3515,1790419393.74613,57573376.0,0.0002353583
3516,1790419413.74952,57589760.0,0.0004707166
3517,1790419423.749026,57606144.0,0.0
3518,1790419443.7489896,57622530.0,0.0002353583
3519,1790419463.7486198,57638910.0,0.0009414332
3520,1790419483.7471783,57655296.0,0.0004707166
3521,1790419503.7462938,57671680.0,0.0002353583
3522,1790419513.7491703,57688064.0,0.0
3523,1790419533.7462952,57704450.0,0.0004707166
3524,1790419553.7462437,57720830.0,0.0002353583
3525,1790419563.7510967,57737216.0,0.0002353583
3526,1790419583.7495468,57753600.0,0.0004707166
3527,1790419603.7480671,57769984.0,0.0
3528,1790419623.74814,57786370.0,0.0004707166
3529,1790419633.749607,57802750.0,0.0
3530,1790419653.749328,57819136.0,0.0007060749
3531,1790419673.7461731,57835520.0,0.0002353583
3532,1790419693.7480896,57851904.0,0.0002353583
3533,1790419703.748062,57868290.0,0.0002353583
3534,1790419723.7482965,57884670.0,0.0002353583
3535,1790419743.7466202,57901056.0,0.0
3536,1790419763.7481308,57917440.0,0.0002353583
3537,1790419773.7495615,57933824.0,0.0
3538,1790419793.7481012,57950210.0,0.0002353583
3539,1790419813.746838,57966590.0,0.0
3540,1790419833.74862,57982976.0,0.0002353583
3541,1790419843.7493186,57999360.0,0.0
3542,1790419863.746757,58015744.0,0.0007060749
3543,1790419883.7464542,58032130.0,0.0002353583
3544,1790419903.7466178,58048510.0,0.0002353583
3545,1790419913.7489593,58064896.0,0.0002353583
3546,1790419933.7474158,58081280.0,0.0002353583
3547,1790419953.74647,58097664.0,0.0004707166
3548,1790419973.7465112,58114050.0,0.0002353583
3549,1790419983.749895,58130430.0,0.0
3550,1790420003.7489486,58146816.0,0.0002353583
3551,1790420023.748414,58163200.0,0.0
3552,1790420033.749916,58179584.0,0.0
3553,1790420053.749529,58195970.0,0.0002353583
3554,1790420073.746505,58212350.0,0.0
3555,1790420093.7468877,58228736.0,0.0
3556,1790420103.7488325,58245120.0,0.0
3557,1790420123.7491305,58261504.0,0.0004707166
3558,1790420143.7475047,58277890.0,0.0
3559,1790420163.746353,58294270.0,0.0004707166
3560,1790420173.7484052,58310656.0,0.0
3561,1790420193.7466972,58327040.0,0.0
3562,1790420213.7465506,58343424.0,0.0002353583
3563,1790420223.7465303,58359810.0,0.0002353583
3564,1790420243.7483802,58376190.0,0.0004707166
3565,1790420263.7473843,58392576.0,0.0
3566,1790420283.7471623,58408960.0,0.0
3567,1790420293.7489476,58425344.0,0.0002353583
3568,1790420313.7481716,58441730.0,0.0002353583
3569,1790420333.746267,58458110.0,0.0007060749
3570,1790420353.7481256,58474496.0,0.0004707166
3571,1790420363.7493205,58490880.0,0.0
3572,1790420383.7491658,58507264.0,0.0004707166
3573,1790420403.7476485,58523650.0,0.0002353583
3574,1790420423.7460272,58540030.0,0.0004707166
3575,1790420433.7493708,58556416.0,0.0002353583
3576,1790420453.7492669,58572800.0,0.0004707166
3577,1790420473.748478,58589184.0,0.0002353583
3578,1790420483.7498116,58605570.0,0.0002353583
3579,1790420503.7495682,58621950.0,0.0004707166
3580,1790420523.7482874,58638336.0,0.0002353583
3581,1790420543.7501209,58654720.0,0.0002353583
3582,1790420553.747964,58671104.0,0.0
3583,1790420573.7459843,58687490.0,0.0004707166
3584,1790420593.7479262,58703870.0,0.0002353583
3585,1790420613.7469418,58720256.0,0.0002353583
3586,1790420623.7495646,58736640.0,0.0004707166
3587,1790420643.746777,58753024.0,0.0002353583
3588,1790420663.7481418,58769410.0,0.0
3589,1790420683.7466908,58785790.0,0.0
3590,1790420693.7494855,58802176.0,0.0
3591,1790420713.7493422,58818560.0,0.0
3592,1790420733.7492309,58834944.0,0.0002353583
3593,1790420753.749333,58851330.0,0.0
3594,1790420773.7465546,58867710.0,0.0009414332
3595,1790420783.7487905,58884096.0,0.0002353583
3596,1790420803.748869,58900480.0,0.0002353583
3597,1790420823.746211,58916864.0,0.0002353583
3598,1790420843.746331,58933250.0,0.0004707166
3599,1790420853.7497923,58949630.0,0.0004707166
3600,1790420873.7464087,58966016.0,0.0
3601,1790420893.746745,58982400.0,0.0
3602,1790420913.7506516,58998784.0,0.0002353583
3603,1790420923.7492423,59015170.0,0.0
3604,1790420943.7465107,59031550.0,0.0
3605,1790420963.747033,59047936.0,0.0
3606,1790420983.746524,59064320.0,0.0002353583
3607,1790420993.7493434,59080704.0,0.0004707166
3608,1790421013.7491765,59097090.0,0.0002353583
3609,1790421033.750053,59113470.0,0.0
3610,1790421053.7478027,59129856.0,0.0
3611,1790421063.7503362,59146240.0,0.0
3612,1790421083.7495894,59162624.0,0.0
3613,1790421103.7463655,59179010.0,0.0007060749
3614,1790421123.748819,59195390.0,0.0002353583
3615,1790421133.7492828,59211776.0,0.0002353583
3616,1790421153.7511256,59228160.0,0.0002353583
3617,1790421173.7472725,59244544.0,0.0007060749
3618,1790421193.7463937,59260930.0,0.0002353583
3619,1790421203.749409,59277310.0,0.0004707166
3620,1790421223.7496128,59293696.0,0.0002353583
3621,1790421243.7464433,59310080.0,0.0004707166
3622,1790421263.7461386,59326464.0,0.0
3623,1790421273.7488697,59342850.0,0.0004707166
3624,1790421293.7462847,59359230.0,0.0002353583
3625,1790421313.7460606,59375616.0,0.0002353583
3626,1790421333.7495685,59392000.0,0.0009414332
3627,1790421343.7497704,59408384.0,0.0
3628,1790421363.749666,59424770.0,0.0
3629,1790421383.7465005,59441150.0,0.0
3630,1790421403.7488644,59457536.0,0.0004707166
3631,1790421413.7491348,59473920.0,0.0
3632,1790421433.7490392,59490304.0,0.0
3633,1790421453.7467237,59506690.0,0.0002353583
3634,1790421473.7482646,59523070.0,0.0
3635,1790421493.746265,59539456.0,0.0004707166
3636,1790421503.749056,59555840.0,0.0007060749
3637,1790421523.746644,59572224.0,0.0002353583
3638,1790421543.746391,59588610.0,0.0
3639,1790421563.746299,59604990.0,0.0
3640,1790421573.7490263,59621376.0,0.0
3641,1790421593.7489226,59637760.0,0.0002353583
3642,1790421613.7467022,59654144.0,0.0004707166
3643,1790421633.7464745,59670530.0,0.0
3644,1790421643.749303,59686910.0,0.0002353583
3645,1790421663.7491136,59703296.0,0.0002353583
3646,1790421683.7479048,59719680.0,0.0
3647,1790421693.749292,59736064.0,0.0002353583
3648,1790421713.7489955,59752450.0,0.0
3649,1790421733.7463338,59768830.0,0.0
3650,1790421753.749118,59785216.0,0.0004707166
3651,1790421773.7464342,59801600.0,0.0002353583
3652,1790421783.7492888,59817984.0,0.0002353583
3653,1790421803.7485063,59834370.0,0.0002353583
3654,1790421823.7494605,59850750.0,0.0007060749
3655,1790421843.7487211,59867136.0,0.0002353583
3656,1790421853.7491298,59883520.0,0.0002353583
3657,1790421873.7472198,59899904.0,0.0009414332
3658,1790421893.751907,59916290.0,0.0002353583
3659,1790421913.7485192,59932670.0,0.0004707166
3660,1790421923.7487962,59949056.0,0.0
3661,1790421943.7484553,59965440.0,0.0
3662,1790421963.7470498,59981824.0,0.0002353583
3663,1790421983.7494252,59998210.0,0.0002353583
3664,1790421993.7486403,60014590.0,0.0
3665,1790422013.7461078,60030976.0,0.0004707166
3666,1790422033.748474,60047360.0,0.0002353583
3667,1790422043.7461128,60063744.0,0.0
3668,1790422063.7494657,60080130.0,0.0
3669,1790422083.747241,60096510.0,0.0
3670,1790422103.7479353,60112896.0,0.0
3671,1790422113.7492187,60129280.0,0.0
3672,1790422133.746111,60145664.0,0.0002353583
3673,1790422153.7462018,60162050.0,0.0
3674,1790422163.7488055,60178430.0,0.0002353583
3675,1790422183.7462173,60194816.0,0.0
3676,1790422203.747296,60211200.0,0.0002353583
3677,1790422223.7465837,60227584.0,0.0
3678,1790422233.7492552,60243970.0,0.0
3679,1790422253.7464137,60260350.0,0.0004707166
3680,1790422273.7476742,60276736.0,0.0004707166
3681,1790422293.746538,60293120.0,0.0002353583
3682,1790422303.7480612,60309504.0,0.0
3683,1790422323.7463691,60325890.0,0.0002353583
3684,1790422343.748982,60342270.0,0.0
3685,1790422363.7463765,60358656.0,0.0002353583
3686,1790422373.749384,60375040.0,0.0
3687,1790422393.748002,60391424.0,0.0002353583
3688,1790422413.746977,60407810.0,0.0002353583
3689,1790422423.7490969,60424190.0,0.0
3690,1790422443.7460766,60440576.0,0.0
3691,1790422463.7486029,60456960.0,0.0
3692,1790422483.748912,60473344.0,0.0004707166
3693,1790422493.7494736,60489730.0,0.0
3694,1790422513.7467852,60506110.0,0.0
3695,1790422533.746902,60522496.0,0.0
3696,1790422553.746225,60538880.0,0.0007060749
3697,1790422563.748939,60555264.0,0.0002353583
3698,1790422583.7473063,60571650.0,0.0002353583
3699,1790422603.7463655,60588030.0,0.0004707166
3700,1790422623.7461216,60604416.0,0.0
3701,1790422633.7484937,60620800.0,0.0004707166
3702,1790422653.7489836,60637184.0,0.0
3703,1790422673.746869,60653570.0,0.0004707166
3704,1790422683.7485745,60669950.0,0.0004707166
3705,1790422703.7493322,60686336.0,0.0004707166
3706,1790422723.746218,60702720.0,0.0
3707,1790422743.7459795,60719104.0,0.0
3708,1790422753.7474632,60735490.0,0.0002353583
3709,1790422773.7465837,60751870.0,0.0002353583
3710,1790422793.7463417,60768256.0,0.0
3711,1790422813.7464364,60784640.0,0.0007060749
3712,1790422823.748966,60801024.0,0.0
3713,1790422843.750311,60817410.0,0.0
3714,1790422863.7495997,60833790.0,0.0002353583
3715,1790422873.7492592,60850176.0,0.0002353583
3716,1790422893.7490697,60866560.0,0.0
3717,1790422913.7461343,60882944.0,0.0004707166
3718,1790422933.7467756,60899330.0,0.0002353583
3719,1790422943.747861,60915710.0,0.0004707166
3720,1790422963.747723,60932096.0,0.0004707166
3721,1790422983.7492404,60948480.0,0.0
3722,1790422993.7488365,60964864.0,0.0
3723,1790423013.7490182,60981250.0,0.0
3724,1790423033.7491724,60997630.0,0.0002353583
3725,1790423053.7470996,61014016.0,0.0004707166
3726,1790423063.7486846,61030400.0,0.0
3727,1790423083.7463148,61046784.0,0.0004707166
3728,1790423103.746359,61063170.0,0.0004707166
3729,1790423123.7463458,61079550.0,0.0
3730,1790423133.7497053,61095936.0,0.0002353583
3731,1790423153.7461982,61112320.0,0.0002353583
3732,1790423173.7463183,61128704.0,0.0
3733,1790423183.748916,61145090.0,0.0
3734,1790423203.748139,61161470.0,0.0
3735,1790423223.748366,61177856.0,0.0004707166
3736,1790423243.7467566,61194240.0,0.0002353583
3737,1790423253.749062,61210624.0,0.0
3738,1790423273.749355,61227010.0,0.0002353583
3739,1790423293.7479126,61243390.0,0.0002353583
3740,1790423313.746463,61259776.0,0.0004707166
3741,1790423333.746654,61276160.0,0.0004707166
3742,1790423343.7491767,61292544.0,0.0004707166
3743,1790423363.7463162,61308930.0,0.0
3744,1790423383.746261,61325310.0,0.0007060749
3745,1790423403.7474265,61341696.0,0.0
3746,1790423413.750355,61358080.0,0.0
3747,1790423433.746807,61374464.0,0.0002353583
3748,1790423453.7464786,61390850.0,0.0
3749,1790423463.748888,61407230.0,0.0004707166
3750,1790423483.7503145,61423616.0,0.0
3751,1790423503.7466042,61440000.0,0.0002353583
3752,1790423523.747363,61456384.0,0.0
3753,1790423533.7492294,61472770.0,0.0002353583
3754,1790423553.7463348,61489150.0,0.0
3755,1790423573.746308,61505536.0,0.0002353583
3756,1790423593.747708,61521920.0,0.0002353583
3757,1790423603.7488136,61538304.0,0.0
3758,1790423623.7463646,61554690.0,0.0002353583
3759,1790423643.746481,61571070.0,0.0
3760,1790423663.746333,61587456.0,0.0002353583
3761,1790423673.7495449,61603840.0,0.0002353583
3762,1790423693.7478635,61620224.0,0.0
3763,1790423713.7466,61636610.0,0.0
3764,1790423733.747287,61652990.0,0.0
3765,1790423743.7477093,61669376.0,0.0004707166
3766,1790423763.746473,61685760.0,0.0
3767,1790423783.7464204,61702144.0,0.0002353583
3768,1790423793.7497616,61718530.0,0.0004707166
3769,1790423813.7491972,61734910.0,0.0007060749
3770,1790423833.746565,61751296.0,0.0007060749
3771,1790423853.7465334,61767680.0,0.0
3772,1790423863.7503617,61784064.0,0.0
3773,1790423883.7484202,61800450.0,0.0
3774,1790423903.7468278,61816830.0,0.0002353583
3775,1790423923.7462957,61833216.0,0.0002353583
3776,1790423933.7488153,61849600.0,0.0
3777,1790423953.7462902,61865984.0,0.0
3778,1790423973.7472312,61882370.0,0.0002353583
3779,1790423983.7499695,61898750.0,0.0
3780,1790424003.7494698,61915136.0,0.0
3781,1790424023.746485,61931520.0,0.0
3782,1790424043.7467463,61947904.0,0.0002353583
3783,1790424053.750209,61964290.0,0.0002353583
3784,1790424073.7488873,61980670.0,0.0
3785,1790424093.7491672,61997056.0,0.0
3786,1790424113.7483692,62013440.0,0.0002353583
3787,1790424123.7488537,62029824.0,0.0002353583
3788,1790424143.7492282,62046210.0,0.0
3789,1790424163.7464533,62062590.0,0.0002353583
3790,1790424183.746555,62078976.0,0.0002353583
3791,1790424193.7496457,62095360.0,0.0002353583
3792,1790424213.749349,62111744.0,0.0
3793,1790424233.7466004,62128130.0,0.0
3794,1790424253.7461402,62144510.0,0.0002353583
3795,1790424263.748819,62160896.0,0.0
3796,1790424283.749026,62177280.0,0.0002353583
3797,1790424303.746437,62193664.0,0.0004707166
3798,1790424323.7469783,62210050.0,0.0002353583
3799,1790424333.7485046,62226430.0,0.0004707166
3800,1790424353.7487445,62242816.0,0.0
3801,1790424373.7469912,62259200.0,0.0
3802,1790424393.7485025,62275584.0,0.0002353583
3803,1790424403.749766,62291970.0,0.0004707166
3804,1790424423.7480536,62308350.0,0.0004707166
3805,1790424443.7470558,62324736.0,0.0004707166
3806,1790424463.7491932,62341120.0,0.0
3807,1790424473.749896,62357504.0,0.0002353583
3808,1790424493.74811,62373890.0,0.0007060749
3809,1790424513.7463565,62390270.0,0.0
3810,1790424533.7462738,62406656.0,0.0002353583
3811,1790424543.748738,62423040.0,0.0002353583
3812,1790424563.7465603,62439424.0,0.0002353583
3813,1790424583.7482083,62455810.0,0.0002353583
3814,1790424603.7490888,62472190.0,0.0
3815,1790424613.749079,62488576.0,0.0
3816,1790424633.7491426,62504960.0,0.0002353583
3817,1790424653.7468529,62521344.0,0.0
3818,1790424663.747728,62537730.0,0.0004707166
3819,1790424683.7490747,62554110.0,0.0002353583
3820,1790424703.7471411,62570496.0,0.0
3821,1790424723.748148,62586880.0,0.0004707166
3822,1790424733.7491376,62603264.0,0.0
3823,1790424753.7511125,62619650.0,0.0002353583
3824,1790424773.7467182,62636030.0,0.0
3825,1790424793.7464669,62652416.0,0.0002353583
3826,1790424813.7470891,62668800.0,0.0
3827,1790424823.7489097,62685184.0,0.0007060749
3828,1790424843.7478576,62701570.0,0.0
3829,1790424863.749899,62717950.0,0.0
3830,1790424873.7511375,62734336.0,0.0
3831,1790424893.747891,62750720.0,0.0002353583
3832,1790424913.7489295,62767104.0,0.0002353583
3833,1790424933.7467167,62783490.0,0.0
3834,1790424953.7462275,62799870.0,0.0004707166
3835,1790424963.7493706,62816256.0,0.0
3836,1790424983.746878,62832640.0,0.0007060749
3837,1790425003.7489495,62849024.0,0.0004707166
3838,1790425023.750996,62865410.0,0.0004707166
3839,1790425033.751093,62881790.0,0.0004707166
3840,1790425053.7465858,62898176.0,0.0
3841,1790425073.746456,62914560.0,0.0
3842,1790425093.7464285,62930944.0,0.0004707166
3843,1790425103.7483833,62947330.0,0.0004707166
3844,1790425123.7476923,62963710.0,0.0002353583
3845,1790425143.7465334,62980096.0,0.0
3846,1790425153.752323,62996480.0,0.0
3847,1790425173.7492535,63012864.0,0.0
3848,1790425193.746506,63029250.0,0.0
3849,1790425213.7481384,63045630.0,0.0002353583
3850,1790425223.747533,63062016.0,0.0
3851,1790425243.746682,63078400.0,0.0002353583
3852,1790425263.7465043,63094784.0,0.0
3853,1790425273.750425,63111170.0,0.0
3854,1790425293.7466218,63127550.0,0.0002353583
3855,1790425313.7466278,63143936.0,0.0
3856,1790425333.7466085,63160320.0,0.0002353583
3857,1790425343.7492423,63176704.0,0.0
3858,1790425363.746618,63193090.0,0.0002353583
3859,1790425383.7466536,63209470.0,0.0
3860,1790425403.7464037,63225856.0,0.0004707166
3861,1790425413.7494824,63242240.0,0.0002353583
3862,1790425433.7468452,63258624.0,0.0004707166
3863,1790425453.74847,63275010.0,0.0002353583
3864,1790425473.749197,63291390.0,0.0
3865,1790425493.7496948,63307776.0,0.0
3866,1790425503.7495544,63324160.0,0.0
3867,1790425523.747106,63340544.0,0.0
3868,1790425543.7470503,63356930.0,0.0002353583
3869,1790425553.748795,63373310.0,0.0
3870,1790425573.7491257,63389696.0,0.0002353583
3871,1790425593.7490933,63406080.0,0.0002353583
3872,1790425613.746612,63422464.0,0.0002353583
3873,1790425623.7499154,63438850.0,0.0004707166
3874,1790425643.7494712,63455230.0,0.0002353583
3875,1790425663.7470012,63471616.0,0.0004707166
3876,1790425683.7469492,63488000.0,0.0
3877,1790425703.746375,63504384.0,0.0
3878,1790425713.7490876,63520770.0,0.0004707166
3879,1790425733.7490268,63537150.0,0.0
3880,1790425753.747476,63553536.0,0.0002353583
3881,1790425773.7464488,63569920.0,0.0
3882,1790425783.748027,63586304.0,0.0
3883,1790425803.7462504,63602690.0,0.0
3884,1790425823.7473562,63619070.0,0.0002353583
3885,1790425833.7491643,63635456.0,0.0009414332
3886,1790425853.7461677,63651840.0,0.0
3887,1790425873.7499926,63668224.0,0.0009414332
3888,1790425893.747752,63684610.0,0.0002353583
3889,1790425903.749323,63700990.0,0.0
3890,1790425923.7489057,63717376.0,0.0009414332
3891,1790425943.74789,63733760.0,0.0002353583
3892,1790425953.7492423,63750144.0,0.0
3893,1790425973.7507005,63766530.0,0.0002353583
3894,1790425993.746172,63782910.0,0.0002353583
3895,1790426013.7463458,63799296.0,0.0004707166
3896,1790426023.7490993,63815680.0,0.0002353583
3897,1790426043.7493691,63832064.0,0.0004707166
3898,1790426063.7477129,63848450.0,0.0004707166
3899,1790426083.7470014,63864830.0,0.0
3900,1790426103.7465546,63881216.0,0.0
3901,1790426113.7490094,63897600.0,0.0002353583
3902,1790426133.7465513,63913984.0,0.0
3903,1790426153.7463772,63930370.0,0.0
3904,1790426163.7490215,63946750.0,0.0002353583
3905,1790426183.748917,63963136.0,0.0
3906,1790426203.7465954,63979520.0,0.0002353583
3907,1790426223.7494287,63995904.0,0.0002353583
3908,1790426233.7493005,64012290.0,0.0
3909,1790426253.7492096,64028670.0,0.0002353583
3910,1790426273.747786,64045056.0,0.0004707166
3911,1790426293.7464695,64061440.0,0.0002353583
3912,1790426303.7490127,64077824.0,0.0004707166
3913,1790426323.7465434,64094210.0,0.0
3914,1790426343.746909,64110590.0,0.0002353583
3915,1790426363.7463012,64126976.0,0.0004707166
3916,1790426373.750811,64143360.0,0.0002353583
3917,1790426393.7466114,64159744.0,0.0002353583
3918,1790426413.7482743,64176130.0,0.0004707166
3919,1790426423.7490437,64192510.0,0.0004707166
3920,1790426443.749122,64208896.0,0.0
3921,1790426463.7463467,64225280.0,0.0002353583
3922,1790426483.748464,64241664.0,0.0004707166
3923,1790426493.7500577,64258050.0,0.0004707166
3924,1790426513.7501342,64274430.0,0.0004707166
3925,1790426533.7495792,64290816.0,0.0
3926,1790426553.746378,64307200.0,0.0002353583
3927,1790426563.749024,64323584.0,0.0
3928,1790426583.7462146,64339970.0,0.0004707166
3929,1790426603.746513,64356350.0,0.0002353583
3930,1790426623.7472303,64372736.0,0.0002353583
3931,1790426633.749532,64389120.0,0.0004707166
3932,1790426653.7469215,64405504.0,0.0
3933,1790426673.7464914,64421890.0,0.0002353583
3934,1790426683.750054,64438270.0,0.0002353583
3935,1790426703.7460685,64454656.0,0.0
3936,1790426723.7477803,64471040.0,0.0007060749
3937,1790426743.746731,64487424.0,0.0002353583
3938,1790426753.7489126,64503810.0,0.0002353583
3939,1790426773.746585,64520190.0,0.0
3940,1790426793.7469428,64536576.0,0.0
3941,1790426803.7495515,64552960.0,0.0
3942,1790426823.747165,64569344.0,0.0
3943,1790426843.7463243,64585730.0,0.0
3944,1790426863.7464223,64602110.0,0.0
3945,1790426873.7493565,64618496.0,0.0002353583
3946,1790426893.746655,64634880.0,0.0
3947,1790426913.7461834,64651264.0,0.0
3948,1790426923.7483456,64667650.0,0.0
3949,1790426943.7487292,64684030.0,0.0004707166
3950,1790426963.7481897,64700416.0,0.0
3951,1790426983.7487938,64716800.0,0.0
3952,1790426993.7489717,64733184.0,0.0
3953,1790427013.7466764,64749570.0,0.0
3954,1790427033.746343,64765950.0,0.0
3955,1790427053.746552,64782336.0,0.0
3956,1790427063.7478905,64798720.0,0.0
3957,1790427083.7495496,64815104.0,0.0004707166
3958,1790427103.746209,64831490.0,0.0
3959,1790427123.7465904,64847870.0,0.0
3960,1790427133.7482395,64864256.0,0.0007060749
3961,1790427153.7466576,64880640.0,0.0
3962,1790427173.7483363,64897024.0,0.0
3963,1790427193.7473402,64913410.0,0.0004707166
3964,1790427203.748889,64929790.0,0.0002353583
3965,1790427223.7470765,64946176.0,0.0
3966,1790427243.7483432,64962560.0,0.0
3967,1790427263.7476,64978944.0,0.0
3968,1790427273.7507842,64995330.0,0.0
3969,1790427293.7467628,65011710.0,0.0002353583
3970,1790427313.746833,65028096.0,0.0
3971,1790427333.746127,65044480.0,0.0
3972,1790427343.7502782,65060864.0,0.0
3973,1790427363.7470906,65077250.0,0.0002353583
3974,1790427383.746394,65093630.0,0.0002353583
3975,1790427393.7497246,65110016.0,0.0002353583
3976,1790427413.7493403,65126400.0,0.0
3977,1790427433.7464166,65142784.0,0.0
3978,1790427453.7463405,65159170.0,0.0004707166
3979,1790427463.7487054,65175550.0,0.0
3980,1790427483.7487266,65191936.0,0.0002353583
3981,1790427503.7465448,65208320.0,0.0004707166
3982,1790427523.746934,65224704.0,0.0002353583
3983,1790427533.74897,65241090.0,0.0
3984,1790427553.7486534,65257470.0,0.0
3985,1790427573.746645,65273856.0,0.0
3986,1790427593.7495518,65290240.0,0.0002353583
3987,1790427603.749092,65306624.0,0.0
3988,1790427623.7509367,65323010.0,0.0
3989,1790427643.7468088,65339390.0,0.0
3990,1790427663.7465646,65355776.0,0.0004707166
3991,1790427673.749409,65372160.0,0.0002353583
3992,1790427693.7492654,65388544.0,0.0007060749
3993,1790427713.747686,65404930.0,0.0
3994,1790427733.746456,65421310.0,0.0002353583
3995,1790427743.7493367,65437696.0,0.0007060749
3996,1790427763.7461655,65454080.0,0.0002353583
3997,1790427783.7461076,65470464.0,0.0
3998,1790427803.7462687,65486850.0,0.0
3999,1790427813.7487645,65503230.0,0.0
4000,1790427833.7464356,65519616.0,0.0007060749
4001,1790427853.7474685,65536000.0,0.0
4002,1790427873.7460542,65552384.0,0.0
4003,1790427883.748495,65568770.0,0.0
4004,1790427903.746505,65585150.0,0.0
4005,1790427923.74635,65601536.0,0.0
4006,1790427943.7481897,65617920.0,0.0
4007,1790427953.7488108,65634304.0,0.0002353583
4008,1790427973.747346,65650690.0,0.0004707166
4009,1790427993.749335,65667070.0,0.0
4010,1790428013.7484689,65683456.0,0.0
4011,1790428023.749615,65699840.0,0.0
4012,1790428043.7483218,65716224.0,0.0
4013,1790428063.74901,65732610.0,0.0
4014,1790428083.7467716,65748990.0,0.0
4015,1790428093.7486072,65765376.0,0.0
4016,1790428113.7463622,65781760.0,0.0002353583
4017,1790428133.7478597,65798144.0,0.0
4018,1790428143.7492993,65814530.0,0.0
4019,1790428163.7471657,65830910.0,0.0
4020,1790428183.746122,65847296.0,0.0007060749
4021,1790428203.7464986,65863680.0,0.0
4022,1790428213.7493644,65880064.0,0.0002353583
4023,1790428233.7475846,65896450.0,0.0
4024,1790428253.74778,65912830.0,0.0
4025,1790428273.7467248,65929216.0,0.0004707166
4026,1790428283.7492497,65945600.0,0.0002353583
4027,1790428303.7471058,65961984.0,0.0
4028,1790428323.7485814,65978370.0,0.0002353583
4029,1790428343.7482345,65994750.0,0.0002353583
4030,1790428353.748915,66011136.0,0.0
4031,1790428373.746415,66027520.0,0.0002353583
4032,1790428393.7466447,66043904.0,0.0002353583
4033,1790428413.746524,66060290.0,0.0
4034,1790428423.7488692,66076670.0,0.0
4035,1790428443.746795,66093056.0,0.0
4036,1790428463.7485118,66109440.0,0.0002353583
4037,1790428483.7465088,66125824.0,0.0002353583
4038,1790428493.747295,66142210.0,0.0002353583
4039,1790428513.747857,66158590.0,0.0004707166
4040,1790428533.7488513,66174976.0,0.0
4041,1790428543.7492087,66191360.0,0.0
4042,1790428563.7474377,66207744.0,0.0
4043,1790428583.7466106,66224130.0,0.0002353583
4044,1790428603.746284,66240510.0,0.0
4045,1790428613.748727,66256896.0,0.0002353583
4046,1790428633.748701,66273280.0,0.0002353583
4047,1790428653.7482474,66289664.0,0.0002353583
4048,1790428673.746539,66306050.0,0.0002353583
4049,1790428683.7493804,66322430.0,0.0007060749
4050,1790428703.747312,66338816.0,0.0
4051,1790428723.74834,66355200.0,0.0
4052,1790428743.7488692,66371584.0,0.0004707166
4053,1790428753.7488294,66387970.0,0.0004707166
4054,1790428773.7465584,66404350.0,0.0
4055,1790428793.7472734,66420736.0,0.0004707166
4056,1790428813.746557,66437120.0,0.0002353583
4057,1790428823.7496614,66453504.0,0.0002353583
4058,1790428843.746576,66469890.0,0.0
4059,1790428863.7464652,66486270.0,0.0004707166
4060,1790428873.7491205,66502656.0,0.0004707166
4061,1790428893.7463014,66519040.0,0.0002353583
4062,1790428913.7467458,66535424.0,0.0002353583
4063,1790428933.746561,66551810.0,0.0004707166
4064,1790428943.749109,66568190.0,0.0
4065,1790428963.7462971,66584576.0,0.0
4066,1790428983.7463038,66600960.0,0.0002353583
4067,1790429003.746194,66617344.0,0.0002353583
4068,1790429013.7502,66633730.0,0.0002353583
4069,1790429033.7481823,66650110.0,0.0002353583
4070,1790429053.7461393,66666496.0,0.0002353583
4071,1790429073.7460148,66682880.0,0.0004707166
4072,1790429083.7495718,66699264.0,0.0
4073,1790429103.7491465,66715650.0,0.0004707166
4074,1790429123.746626,66732030.0,0.0002353583
4075,1790429143.7464433,66748416.0,0.0002353583
4076,1790429153.7489605,66764800.0,0.0
4077,1790429173.7469585,66781184.0,0.0
4078,1790429193.7464557,66797570.0,0.0
4079,1790429213.746547,66813950.0,0.0
4080,1790429223.748145,66830336.0,0.0002353583
4081,1790429243.7469835,66846720.0,0.0007060749
4082,1790429263.7463949,66863104.0,0.0
4083,1790429273.7462904,66879490.0,0.0
4084,1790429293.749186,66895870.0,0.0002353583
4085,1790429313.746561,66912256.0,0.0
4086,1790429333.746595,66928640.0,0.0002353583
4087,1790429343.7479851,66945024.0,0.0002353583
4088,1790429363.7493205,66961410.0,0.0
4089,1790429383.7469814,66977790.0,0.0002353583
4090,1790429403.7468476,66994176.0,0.0002353583
4091,1790429413.7466133,67010560.0,0.0002353583
4092,1790429433.7493696,67026944.0,0.0002353583
4093,1790429453.7468932,67043330.0,0.0
4094,1790429473.74635,67059710.0,0.0002353583
4095,1790429483.750009,67076096.0,0.0
4096,1790429503.7467966,67092480.0,0.0002353583
4097,1790429523.7464669,67108864.0,0.0002353583
4098,1790429543.7461202,67125250.0,0.0
4099,1790429553.7492006,67141630.0,0.0004707166
4100,1790429573.7466366,67158020.0,0.0004707166
4101,1790429593.7463598,67174400.0,0.0002353583
4102,1790429613.7463183,67190780.0,0.0
4103,1790429623.7490296,67207170.0,0.0002353583
4104,1790429643.7468965,67223550.0,0.0
4105,1790429663.746957,67239940.0,0.0004707166
4106,1790429683.7467709,67256320.0,0.0
4107,1790429693.7496507,67272700.0,0.0
4108,1790429713.7468371,67289090.0,0.0
4109,1790429733.7465096,67305470.0,0.0
4110,1790429743.7495327,67321860.0,0.0002353583
4111,1790429763.746562,67338240.0,0.0007060749
4112,1790429783.7480314,67354620.0,0.0002353583
4113,1790429803.7461677,67371010.0,0.0
4114,1790429813.7490656,67387390.0,0.0002353583
4115,1790429833.7466388,67403780.0,0.0004707166
4116,1790429853.7497036,67420160.0,0.0
4117,1790429863.7489922,67436540.0,0.0002353583
4118,1790429883.748139,67452930.0,0.0002353583
4119,1790429903.7465184,67469310.0,0.0002353583
4120,1790429923.7474046,67485700.0,0.0004707166
4121,1790429933.7491038,67502080.0,0.0004707166
4122,1790429953.7492626,67518460.0,0.0
4123,1790429973.746183,67534850.0,0.0
4124,1790429993.746344,67551230.0,0.0002353583
4125,1790430003.7493205,67567620.0,0.0
4126,1790430023.747015,67584000.0,0.0002353583
4127,1790430043.7465932,67600380.0,0.0002353583
4128,1790430063.7466836,67616770.0,0.0002353583
4129,1790430073.7489035,67633150.0,0.0002353583
4130,1790430093.7487292,67649540.0,0.0002353583
4131,1790430113.746096,67665920.0,0.0002353583
4132,1790430133.7461357,67682300.0,0.0
4133,1790430143.7493348,67698690.0,0.0002353583
4134,1790430163.746378,67715070.0,0.0
4135,1790430183.746425,67731460.0,0.0
4136,1790430203.746613,67747840.0,0.0002353583
4137,1790430213.74923,67764220.0,0.0004707166
4138,1790430233.746488,67780610.0,0.0
4139,1790430253.7470825,67796990.0,0.0
4140,1790430273.7462325,67813380.0,0.0002353583
4141,1790430283.7462456,67829760.0,0.0002353583
4142,1790430303.74636,67846140.0,0.0
4143,1790430323.7461994,67862530.0,0.0
4144,1790430343.7463112,67878910.0,0.0
4145,1790430353.7475345,67895300.0,0.0
4146,1790430373.7470586,67911680.0,0.0004707166
4147,1790430393.7485664,67928060.0,0.0
4148,1790430413.7476196,67944450.0,0.0002353583
4149,1790430423.7517476,67960830.0,0.0
4150,1790430443.748631,67977220.0,0.0
4151,1790430463.7463143,67993600.0,0.0007060749
4152,1790430483.7462518,68009980.0,0.0
4153,1790430493.748863,68026370.0,0.0002353583
4154,1790430513.7462182,68042750.0,0.0002353583
4155,1790430533.7490618,68059140.0,0.0002353583
4156,1790430553.747802,68075520.0,0.0002353583
4157,1790430563.7481723,68091900.0,0.0004707166
4158,1790430583.7465348,68108290.0,0.0004707166
4159,1790430603.7483296,68124670.0,0.0007060749
4160,1790430613.7493274,68141060.0,0.0
4161,1790430633.749659,68157440.0,0.0002353583
4162,1790430653.746428,68173820.0,0.0004707166
4163,1790430673.746291,68190210.0,0.0002353583
4164,1790430683.7492635,68206590.0,0.0002353583
4165,1790430703.7464678,68222980.0,0.0
4166,1790430723.746794,68239360.0,0.0002353583
4167,1790430743.7474368,68255740.0,0.0002353583
4168,1790430753.7493804,68272130.0,0.0
4169,1790430773.7476218,68288510.0,0.0002353583
4170,1790430793.7491796,68304900.0,0.0007060749
4171,1790430803.7495096,68321280.0,0.0
4172,1790430823.7494662,68337660.0,0.0004707166
4173,1790430843.746339,68354050.0,0.0002353583
4174,1790430863.7465968,68370430.0,0.0002353583
4175,1790430873.7493243,68386820.0,0.0002353583
4176,1790430893.7488143,68403200.0,0.0
4177,1790430913.7469494,68419580.0,0.0002353583
4178,1790430933.7465143,68435970.0,0.0
4179,1790430943.7489083,68452350.0,0.0
4180,1790430963.749494,68468740.0,0.0
4181,1790430983.7463424,68485120.0,0.0
4182,1790431003.7488968,68501500.0,0.0
4183,1790431013.749086,68517890.0,0.0
4184,1790431033.7465522,68534270.0,0.0002353583
4185,1790431053.746598,68550660.0,0.0004707166
4186,1790431073.7467537,68567040.0,0.0004707166
4187,1790431083.7495325,68583420.0,0.0
4188,1790431103.7479236,68599810.0,0.0002353583
4189,1790431123.7476285,68616190.0,0.0002353583
4190,1790431133.7485416,68632580.0,0.0002353583
4191,1790431153.7461247,68648960.0,0.0
4192,1790431173.7477996,68665340.0,0.0
4193,1790431193.746091,68681730.0,0.0002353583
4194,1790431203.7477555,68698110.0,0.0
4195,1790431223.7463813,68714500.0,0.0
4196,1790431243.7467177,68730880.0,0.0
4197,1790431253.7487135,68747260.0,0.0002353583
4198,1790431273.7499366,68763650.0,0.0002353583
4199,1790431293.7469437,68780030.0,0.0
4200,1790431313.746759,68796420.0,0.0
4201,1790431323.750757,68812800.0,0.0004707166
4202,1790431343.7490375,68829180.0,0.0007060749
4203,1790431363.747619,68845570.0,0.0002353583
4204,1790431383.7476194,68861950.0,0.0002353583
4205,1790431393.7492833,68878340.0,0.0002353583
4206,1790431413.7463512,68894720.0,0.0
4207,1790431433.7482257,68911100.0,0.0004707166
4208,1790431453.746846,68927490.0,0.0002353583
4209,1790431463.7480018,68943870.0,0.0
4210,1790431483.7477024,68960260.0,0.0002353583
4211,1790431503.748305,68976640.0,0.0007060749
4212,1790431523.7463064,68993020.0,0.0002353583
4213,1790431533.7492173,69009410.0,0.0
4214,1790431553.74952,69025790.0,0.0
4215,1790431573.7465594,69042180.0,0.0002353583
4216,1790431593.7462926,69058560.0,0.0002353583
4217,1790431603.7496831,69074940.0,0.0007060749
4218,1790431623.7496517,69091330.0,0.0002353583
4219,1790431643.746611,69107710.0,0.0002353583
4220,1790431663.7472725,69124100.0,0.0
4221,1790431673.7497,69140480.0,0.0
4222,1790431693.746616,69156860.0,0.0
4223,1790431713.746549,69173250.0,0.0
4224,1790431723.7487917,69189630.0,0.0002353583
4225,1790431743.7506294,69206020.0,0.0002353583
4226,1790431763.7467558,69222400.0,0.0004707166
4227,1790431783.7463622,69238780.0,0.0
4228,1790431803.7464352,69255170.0,0.0002353583
4229,1790431813.748582,69271550.0,0.0002353583
4230,1790431833.7469594,69287940.0,0.0
4231,1790431853.7473755,69304320.0,0.0004707166
4232,1790431863.7494285,69320700.0,0.0004707166
4233,1790431883.751104,69337090.0,0.0
4234,1790431903.7466936,69353470.0,0.0002353583
4235,1790431913.7492898,69369860.0,0.0002353583
4236,1790431933.7478852,69386240.0,0.0002353583
4237,1790431953.747846,69402620.0,0.0
4238,1790431973.7496896,69419010.0,0.0002353583
4239,1790431983.7492554,69435390.0,0.0004707166
4240,1790432003.7494316,69451780.0,0.0
4241,1790432023.748562,69468160.0,0.0002353583
4242,1790432043.7465816,69484540.0,0.0002353583
4243,1790432053.748943,69500930.0,0.0
4244,1790432073.7465646,69517310.0,0.0002353583
4245,1790432093.746919,69533700.0,0.0002353583
4246,1790432113.746312,69550080.0,0.0002353583
4247,1790432123.748832,69566460.0,0.0
4248,1790432143.7467458,69582850.0,0.0002353583
4249,1790432163.746321,69599230.0,0.0002353583
4250,1790432173.7491117,69615620.0,0.0004707166
4251,1790432193.7477498,69632000.0,0.0002353583
4252,1790432213.746317,69648380.0,0.0
4253,1790432233.7472656,69664770.0,0.0
4254,1790432243.7487476,69681150.0,0.0
4255,1790432263.7496982,69697540.0,0.0004707166
4256,1790432283.7481637,69713920.0,0.0002353583
4257,1790432303.746645,69730300.0,0.0002353583
4258,1790432323.74656,69746690.0,0.0
4259,1790432333.7480166,69763070.0,0.0004707166
4260,1790432353.7472706,69779460.0,0.0
4261,1790432373.746279,69795840.0,0.0004707166
4262,1790432393.7496414,69812220.0,0.0002353583
4263,1790432403.7495456,69828610.0,0.0002353583
4264,1790432423.7491007,69844990.0,0.0004707166
4265,1790432443.7470863,69861380.0,0.0
4266,1790432463.7462025,69877760.0,0.0002353583
4267,1790432473.750134,69894140.0,0.0004707166
4268,1790432493.7482462,69910530.0,0.0004707166
4269,1790432513.74711,69926910.0,0.0
4270,1790432523.7487454,69943300.0,0.0002353583
4271,1790432543.7495227,69959680.0,0.0002353583
4272,1790432563.7465382,69976060.0,0.0004707166
4273,1790432583.7466698,69992450.0,0.0002353583
4274,1790432593.749643,70008830.0,0.0002353583
4275,1790432613.7470129,70025220.0,0.0
4276,1790432633.7465727,70041600.0,0.0
4277,1790432643.748834,70057980.0,0.0002353583
4278,1790432663.7489626,70074370.0,0.0002353583
4279,1790432683.7471185,70090750.0,0.0
4280,1790432703.7462935,70107140.0,0.0
4281,1790432713.7500763,70123520.0,0.0
4282,1790432733.749272,70139900.0,0.0
4283,1790432753.7465956,70156290.0,0.0002353583
4284,1790432773.7467637,70172670.0,0.0
4285,1790432783.7489896,70189060.0,0.0
4286,1790432803.7486656,70205440.0,0.0002353583
4287,1790432823.7489226,70221820.0,0.0002353583
4288,1790432843.7480564,70238210.0,0.0
4289,1790432863.7482824,70254590.0,0.0
4290,1790432873.749479,70270980.0,0.0002353583
4291,1790432893.74677,70287360.0,0.0002353583
4292,1790432913.748102,70303740.0,0.0
4293,1790432923.7494469,70320130.0,0.0
4294,1790432943.7482762,70336510.0,0.0
4295,1790432963.7465177,70352900.0,0.0004707166
4296,1790432983.746487,70369280.0,0.0002353583
4297,1790432993.7498686,70385660.0,0.0
4298,1790433013.746679,70402050.0,0.0002353583
4299,1790433033.7491243,70418430.0,0.0
4300,1790433053.7480035,70434820.0,0.0
4301,1790433063.7497702,70451200.0,0.0002353583
4302,1790433083.7468922,70467580.0,0.0002353583
4303,1790433103.7472205,70483970.0,0.0004707166
4304,1790433123.7471194,70500350.0,0.0
4305,1790433133.749305,70516740.0,0.0
4306,1790433153.7466383,70533120.0,0.0002353583
4307,1790433173.7464108,70549500.0,0.0004707166
4308,1790433193.7462034,70565890.0,0.0
4309,1790433203.7487488,70582270.0,0.0
4310,1790433223.7463503,70598660.0,0.0
4311,1790433243.747105,70615040.0,0.0
4312,1790433263.7493634,70631420.0,0.0
4313,1790433273.7486167,70647810.0,0.0007060749
4314,1790433293.7481868,70664190.0,0.0007060749
4315,1790433313.7479234,70680580.0,0.0002353583
4316,1790433323.7497594,70696960.0,0.0002353583
4317,1790433343.7491372,70713340.0,0.0002353583
4318,1790433363.747861,70729730.0,0.0002353583
4319,1790433383.7479386,70746110.0,0.0
4320,1790433393.7491343,70762500.0,0.0
4321,1790433413.7486637,70778880.0,0.0002353583
4322,1790433433.748664,70795260.0,0.0002353583
4323,1790433453.7482803,70811650.0,0.0
4324,1790433463.7492812,70828030.0,0.0004707166
4325,1790433483.7490947,70844420.0,0.0
4326,1790433503.7463045,70860800.0,0.0
4327,1790433523.746838,70877180.0,0.0002353583
4328,1790433533.7479334,70893570.0,0.0004707166
4329,1790433553.7497432,70909950.0,0.0002353583
4330,1790433573.74902,70926340.0,0.0002353583
4331,1790433593.746506,70942720.0,0.0
4332,1790433603.749013,70959100.0,0.0
4333,1790433623.7465954,70975490.0,0.0002353583
4334,1790433643.7465358,70991870.0,0.0
4335,1790433663.746847,71008260.0,0.0002353583
4336,1790433673.7478957,71024640.0,0.0004707166
4337,1790433693.748807,71041020.0,0.0004707166
4338,1790433713.7494729,71057410.0,0.0
4339,1790433733.7490604,71073790.0,0.0004707166
4340,1790433743.7494042,71090180.0,0.0002353583
4341,1790433763.7468052,71106560.0,0.0002353583
4342,1790433783.7484462,71122940.0,0.0007060749
4343,1790433803.746396,71139330.0,0.0
4344,1790433813.7492902,71155710.0,0.0002353583
4345,1790433833.7483158,71172100.0,0.0004707166
4346,1790433853.746597,71188480.0,0.0004707166
4347,1790433863.748823,71204860.0,0.0002353583
4348,1790433883.746683,71221250.0,0.0002353583
4349,1790433903.7472036,71237630.0,0.0
4350,1790433923.7489326,71254020.0,0.0
4351,1790433933.7494285,71270400.0,0.0002353583
4352,1790433953.746853,71286780.0,0.0
4353,1790433973.7461276,71303170.0,0.0
4354,1790433993.7460828,71319550.0,0.0
4355,1790434003.7499309,71335940.0,0.0004707166
4356,1790434023.74778,71352320.0,0.0002353583
4357,1790434043.748102,71368700.0,0.0
4358,1790434063.7483623,71385090.0,0.0
4359,1790434073.7486722,71401470.0,0.0
4360,1790434093.7466583,71417860.0,0.0
4361,1790434113.7485988,71434240.0,0.0002353583
4362,1790434133.7468586,71450620.0,0.0
4363,1790434143.748612,71467010.0,0.0002353583
4364,1790434163.7486815,71483390.0,0.0
4365,1790434183.7479105,71499780.0,0.0002353583
4366,1790434203.746383,71516160.0,0.0002353583
4367,1790434213.7491195,71532540.0,0.0
4368,1790434233.7465615,71548930.0,0.0
4369,1790434253.746642,71565310.0,0.0
4370,1790434263.7495725,71581700.0,0.0
4371,1790434283.7479105,71598080.0,0.0
4372,1790434303.7460272,71614460.0,0.0
4373,1790434323.7460828,71630850.0,0.0007060749
4374,1790434343.7460487,71647230.0,0.0
4375,1790434353.7496765,71663620.0,0.0
4376,1790434373.746316,71680000.0,0.0002353583
4377,1790434393.7470844,71696380.0,0.0
4378,1790434413.7463503,71712770.0,0.0
4379,1790434423.748576,71729150.0,0.0
4380,1790434443.7486582,71745540.0,0.0
4381,1790434463.7461662,71761920.0,0.0
4382,1790434483.7462635,71778300.0,0.0
4383,1790434493.7482505,71794690.0,0.0
4384,1790434513.748557,71811070.0,0.0
4385,1790434533.746423,71827460.0,0.0004707166
4386,1790434553.7462382,71843840.0,0.0
4387,1790434563.7501304,71860220.0,0.0002353583
4388,1790434583.7468054,71876610.0,0.0
4389,1790434603.7471952,71892990.0,0.0
4390,1790434623.748835,71909380.0,0.0
4391,1790434643.749464,71925760.0,0.0
4392,1790434653.7493618,71942140.0,0.0007060749
4393,1790434673.7465973,71958530.0,0.0
4394,1790434693.7490785,71974910.0,0.0002353583
4395,1790434713.746479,71991300.0,0.0002353583
4396,1790434723.74955,72007680.0,0.0002353583
4397,1790434743.7466214,72024060.0,0.0009414332
4398,1790434763.746566,72040450.0,0.0002353583
4399,1790434773.749388,72056830.0,0.0002353583
4400,1790434793.7491796,72073220.0,0.0004707166
4401,1790434813.7467732,72089600.0,0.0
4402,1790434833.7463503,72105980.0,0.0
4403,1790434843.7489927,72122370.0,0.0004707166
4404,1790434863.748851,72138750.0,0.0002353583
4405,1790434883.7466958,72155140.0,0.0007060749
4406,1790434903.7463925,72171520.0,0.0
4407,1790434913.7492166,72187900.0,0.0002353583
4408,1790434933.74837,72204290.0,0.0002353583
4409,1790434953.7467456,72220670.0,0.0002353583
4410,1790434973.7464874,72237060.0,0.0004707166
4411,1790434983.7488077,72253440.0,0.0004707166
4412,1790435003.7508943,72269820.0,0.0
4413,1790435023.7480493,72286210.0,0.0
4414,1790435043.746673,72302590.0,0.0002353583
4415,1790435053.7509396,72318980.0,0.0007060749
4416,1790435073.7461972,72335360.0,0.0
4417,1790435093.7460518,72351740.0,0.0002353583
4418,1790435113.746304,72368130.0,0.0002353583
4419,1790435123.747488,72384510.0,0.0
4420,1790435143.746483,72400900.0,0.0
4421,1790435163.7467103,72417280.0,0.0002353583
4422,1790435183.7465618,72433660.0,0.0004707166
4423,1790435193.748852,72450050.0,0.0009414332
4424,1790435213.7464063,72466430.0,0.0007060749
4425,1790435233.7465374,72482820.0,0.0
4426,1790435243.7489934,72499200.0,0.0004707166
4427,1790435263.7493846,72515580.0,0.0004707166
4428,1790435283.748222,72531970.0,0.0
4429,1790435303.746434,72548350.0,0.0
4430,1790435313.746323,72564740.0,0.0002353583
4431,1790435333.7492688,72581120.0,0.0
4432,1790435353.746179,72597500.0,0.0002353583
4433,1790435373.7482386,72613890.0,0.0002353583
4434,1790435383.7490003,72630270.0,0.0002353583
4435,1790435403.7466722,72646660.0,0.0004707166
4436,1790435423.746731,72663040.0,0.0
4437,1790435443.748296,72679420.0,0.0004707166
4438,1790435453.7497888,72695810.0,0.0
4439,1790435473.7464314,72712190.0,0.0
4440,1790435493.748715,72728580.0,0.0
4441,1790435513.7468395,72744960.0,0.0
4442,1790435523.7494516,72761340.0,0.0002353583
4443,1790435543.7494197,72777730.0,0.0004707166
4444,1790435563.747297,72794110.0,0.0004707166
4445,1790435583.746464,72810500.0,0.0002353583
4446,1790435593.7495692,72826880.0,0.0007060749
4447,1790435613.746496,72843260.0,0.0002353583
4448,1790435633.7465522,72859650.0,0.0004707166
4449,1790435653.7462912,72876030.0,0.0
4450,1790435663.7493594,72892420.0,0.0002353583
4451,1790435683.7463558,72908800.0,0.0
4452,1790435703.7473462,72925180.0,0.0
4453,1790435723.7464528,72941570.0,0.0
4454,1790435733.7500722,72957950.0,0.0002353583
4455,1790435753.7475295,72974340.0,0.0002353583
4456,1790435773.7464314,72990720.0,0.0004707166
4457,1790435783.7490268,73007100.0,0.0
4458,1790435803.749247,73023490.0,0.0
4459,1790435823.749357,73039870.0,0.0
4460,1790435843.7465994,73056260.0,0.0
4461,1790435853.749442,73072640.0,0.0004707166
4462,1790435873.7466588,73089020.0,0.0002353583
4463,1790435893.7460778,73105410.0,0.0002353583
4464,1790435903.749394,73121790.0,0.0
4465,1790435923.7483354,73138180.0,0.0
4466,1790435943.747093,73154560.0,0.0007060749
4467,1790435963.7491472,73170940.0,0.0002353583
4468,1790435973.7497044,73187330.0,0.0
4469,1790435993.747295,73203710.0,0.0
4470,1790436013.7465515,73220100.0,0.0
4471,1790436033.7467952,73236480.0,0.0
4472,1790436043.7503984,73252860.0,0.0
4473,1790436063.748492,73269250.0,0.0
4474,1790436083.747312,73285630.0,0.0
4475,1790436093.7490275,73302020.0,0.0002353583
4476,1790436113.7490351,73318400.0,0.0002353583
4477,1790436133.7490618,73334780.0,0.0
4478,1790436153.7470536,73351170.0,0.0
4479,1790436163.749559,73367550.0,0.0
4480,1790436183.749672,73383940.0,0.0
4481,1790436203.74903,73400320.0,0.0
4482,1790436223.748768,73416700.0,0.0007060749
4483,1790436233.7491765,73433090.0,0.0004707166
4484,1790436253.7487164,73449470.0,0.0
4485,1790436273.7463486,73465860.0,0.0004707166
4486,1790436293.746814,73482240.0,0.0004707166
4487,1790436303.7488654,73498620.0,0.0
4488,1790436323.7499382,73515010.0,0.0002353583
4489,1790436343.7464442,73531390.0,0.0
4490,1790436363.7482307,73547780.0,0.0002353583
4491,1790436373.749329,73564160.0,0.0002353583
4492,1790436393.746591,73580540.0,0.0002353583
4493,1790436413.7465403,73596930.0,0.0
4494,1790436423.7503023,73613310.0,0.0002353583
4495,1790436443.7488225,73629700.0,0.0004707166
4496,1790436463.7463126,73646080.0,0.0
4497,1790436483.7466078,73662460.0,0.0
4498,1790436493.7488089,73678850.0,0.0
4499,1790436513.74966,73695230.0,0.0
4500,1790436533.746992,73711620.0,0.0002353583
4501,1790436553.747467,73728000.0,0.0004707166
4502,1790436563.7496808,73744380.0,0.0004707166
4503,1790436583.749491,73760770.0,0.0
4504,1790436603.7480738,73777150.0,0.0002353583
4505,1790436623.749272,73793540.0,0.0
4506,1790436633.748842,73809920.0,0.0004707166
4507,1790436653.746426,73826300.0,0.0
4508,1790436673.7478735,73842690.0,0.0
4509,1790436693.74658,73859070.0,0.0002353583
4510,1790436703.7488604,73875460.0,0.0
4511,1790436723.7466612,73891840.0,0.0
4512,1790436743.7473154,73908220.0,0.0
4513,1790436753.749195,73924610.0,0.0004707166
4514,1790436773.749086,73940990.0,0.0
4515,1790436793.7476065,73957380.0,0.0
4516,1790436813.746249,73973760.0,0.0
4517,1790436823.750996,73990140.0,0.0007060749
4518,1790436843.7497518,74006530.0,0.0002353583
4519,1790436863.7489047,74022910.0,0.0
4520,1790436883.74924,74039300.0,0.0
4521,1790436893.748859,74055680.0,0.0002353583
4522,1790436913.746726,74072060.0,0.0004707166
4523,1790436933.746297,74088450.0,0.0
4524,1790436953.7488244,74104830.0,0.0004707166
4525,1790436963.7492127,74121220.0,0.0
4526,1790436983.746475,74137600.0,0.0
4527,1790437003.7466016,74153980.0,0.0
4528,1790437013.749242,74170370.0,0.0
4529,1790437033.7505293,74186750.0,0.0
4530,1790437053.7469287,74203140.0,0.0
4531,1790437073.7466092,74219520.0,0.0002353583
4532,1790437083.74989,74235900.0,0.0004707166
4533,1790437103.7462387,74252290.0,0.0004707166
4534,1790437123.7468011,74268670.0,0.0
4535,1790437133.7494757,74285060.0,0.0002353583
4536,1790437153.7491722,74301440.0,0.0002353583
4537,1790437173.7501836,74317820.0,0.0
4538,1790437193.7467308,74334210.0,0.0002353583
4539,1790437203.749752,74350590.0,0.0002353583
4540,1790437223.7479165,74366980.0,0.0
4541,1790437243.7486162,74383360.0,0.0002353583
4542,1790437263.7465427,74399740.0,0.0002353583
4543,1790437273.7489543,74416130.0,0.0
4544,1790437293.74633,74432510.0,0.0
4545,1790437313.746919,74448900.0,0.0002353583
4546,1790437333.746373,74465280.0,0.0
4547,1790437343.74911,74481660.0,0.0
4548,1790437363.747534,74498050.0,0.0002353583
4549,1790437383.747883,74514430.0,0.0
4550,1790437403.7486806,74530820.0,0.0002353583
4551,1790437413.7492216,74547200.0,0.0
4552,1790437433.7463307,74563580.0,0.0002353583
4553,1790437453.747437,74579970.0,0.0009414332
4554,1790437473.7483957,74596350.0,0.0004707166
4555,1790437483.7495933,74612740.0,0.0002353583
4556,1790437503.7466435,74629120.0,0.0002353583
4557,1790437523.7479265,74645500.0,0.0
4558,1790437543.7502272,74661890.0,0.0
4559,1790437553.7496278,74678270.0,0.0002353583
4560,1790437573.7484665,74694660.0,0.0007060749
4561,1790437593.7462072,74711040.0,0.0002353583
4562,1790437613.746087,74727420.0,0.0002353583
4563,1790437623.7517676,74743810.0,0.0002353583
4564,1790437643.7465754,74760190.0,0.0
4565,1790437663.7468555,74776580.0,0.0002353583
4566,1790437683.7467756,74792960.0,0.0002353583
4567,1790437693.7489908,74809340.0,0.0002353583
4568,1790437713.746421,74825730.0,0.0002353583
4569,1790437733.7465413,74842110.0,0.0002353583
4570,1790437753.746344,74858500.0,0.0004707166
4571,1790437763.7496088,74874880.0,0.0002353583
4572,1790437783.7463808,74891260.0,0.0004707166
4573,1790437803.7468529,74907650.0,0.0004707166
4574,1790437823.7478583,74924030.0,0.0
4575,1790437833.7489088,74940420.0,0.0
4576,1790437853.746471,74956800.0,0.0007060749
4577,1790437873.746582,74973180.0,0.0
4578,1790437893.7464044,74989570.0,0.0007060749
4579,1790437893.9792953,75005950.0,0.0002353583
