frame,agent,x,y,z,rot_x,rot_y,rot_z,num_traj
0,0,773.2239379882812,1844.51171875,25.125,0.0,-13.4912109375,0.0,0
1,0,791.7661743164062,1813.990234375,25.125,0.0,-13.4912109375,0.0,0
2,0,819.3109741210938,1781.146484375,25.125,0.0,-13.4912109375,0.0,0
3,0,854.5994873046875,1759.61865234375,25.125,0.0,-30.38818359375,0.0,0
4,0,890.3135375976562,1767.357421875,25.125,0.0,-30.38818359375,0.0,0
5,0,931.5357055664062,1768.6080322265625,25.125,0.0,-47.28515625,0.0,0
6,0,970.90576171875,1750.9566650390625,25.125,0.0,-30.38818359375,0.0,0
7,0,982.7955932617188,1718.729736328125,25.125,0.0,-30.38818359375,0.0,0
8,0,993.4590454101562,1713.0333251953125,25.125,0.0,-30.38818359375,0.0,0
9,0,1023.7243041992188,1708.4776611328125,25.125,0.0,-47.28515625,0.0,0
10,0,1058.8299560546875,1687.0687255859375,25.125,0.0,-30.38818359375,0.0,0
11,0,1094.0443115234375,1693.8111572265625,25.125,0.0,-30.38818359375,0.0,0
12,0,1133.91796875,1695.0438232421875,25.125,0.0,-47.28515625,0.0,0
13,0,1173.30615234375,1671.4273681640625,25.125,0.0,-64.1766357421875,0.0,0
14,0,1201.4161376953125,1639.8819580078125,25.125,0.0,-64.1766357421875,0.0,0
15,0,1224.1788330078125,1604.6824951171875,25.125,0.0,-64.1766357421875,0.0,0
16,0,1243.868896484375,1569.0623779296875,25.125,0.0,-64.1766357421875,0.0,0
17,0,1262.5162353515625,1532.9378662109375,25.125,0.0,-64.1766357421875,0.0,0
18,0,1282.378662109375,1516.1258544921875,25.125,0.0,-64.1766357421875,0.0,0
19,0,1306.9364013671875,1516.1256103515625,25.125,0.0,-64.1766357421875,0.0,0
20,0,1344.2576904296875,1525.830078125,25.125,0.0,-64.1766357421875,0.0,0
21,0,1378.9844970703125,1516.126953125,25.125,0.0,-64.1766357421875,0.0,0
22,0,1411.94970703125,1516.1258544921875,25.125,0.0,-64.1766357421875,0.0,0
23,0,1450.589599609375,1524.9417724609375,25.125,0.0,-64.1766357421875,0.0,0
24,0,1454.5172119140625,1522.7437744140625,25.125,0.0,-64.1766357421875,0.0,0
25,0,1423.5052490234375,1506.3232421875,25.125,0.0,-64.1766357421875,0.0,0
26,0,1422.537109375,1474.7237548828125,25.125,0.0,-47.28515625,0.0,0
27,0,1442.060302734375,1437.5267333984375,25.125,0.0,-64.1766357421875,0.0,0
28,0,1459.34423828125,1400.23583984375,25.125,0.0,-81.0736083984375,0.0,0
29,0,1469.6273193359375,1358.6083984375,25.125,0.0,-97.9705810546875,0.0,0
30,0,1471.468505859375,1318.283447265625,25.125,0.0,-97.9705810546875,0.0,0
31,0,1471.629150390625,1316.1258544921875,25.125,0.0,-81.0736083984375,0.0,0
32,0,1471.5472412109375,1316.1258544921875,25.125,0.0,-97.9705810546875,0.0,0
33,0,1467.9942626953125,1316.1258544921875,25.125,0.0,-114.8675537109375,0.0,0
34,0,1454.131591796875,1316.1258544921875,25.125,0.0,-114.8675537109375,0.0,0
35,0,1429.68115234375,1316.12548828125,25.125,0.0,-131.7645263671875,0.0,0
36,0,1391.5269775390625,1316.12548828125,25.125,0.0,-148.6614990234375,0.0,0
37,0,1348.89697265625,1313.121337890625,25.125,0.0,-165.552978515625,0.0,0
38,0,1316.1259765625,1307.74853515625,25.125,0.0,177.550048828125,0.0,0
39,0,1316.1258544921875,1309.178955078125,25.125,0.0,160.653076171875,0.0,0
40,0,1316.1259765625,1313.5352783203125,25.125,0.0,177.550048828125,0.0,0
41,0,1316.1258544921875,1315.54296875,25.125,0.0,160.653076171875,0.0,0
42,0,1316.1256103515625,1319.9326171875,25.125,0.0,177.550048828125,0.0,0
43,0,1316.125,1297.13623046875,25.125,0.0,177.550048828125,0.0,0
44,0,1309.339599609375,1277.08203125,25.125,0.0,160.653076171875,0.0,0
45,0,1287.4630126953125,1249.2291259765625,25.125,0.0,160.653076171875,0.0,0
46,0,1253.1109619140625,1236.369384765625,25.125,0.0,143.756103515625,0.0,0
47,0,1210.662353515625,1252.0233154296875,25.125,0.0,126.859130859375,0.0,0
48,0,1177.6329345703125,1280.50341796875,25.125,0.0,109.962158203125,0.0,0
49,0,1155.56005859375,1317.5970458984375,25.125,0.0,93.0706787109375,0.0,0
50,0,1145.71630859375,1359.4735107421875,25.125,0.0,76.1737060546875,0.0,0
51,0,1148.6392822265625,1402.293212890625,25.125,0.0,59.2767333984375,0.0,0
52,0,1164.354248046875,1443.2669677734375,25.125,0.0,42.3797607421875,0.0,0
53,0,1183.8743896484375,1477.160400390625,25.125,0.0,25.4827880859375,0.0,0
54,0,1183.8746337890625,1475.861083984375,25.125,0.0,25.4827880859375,0.0,0
55,0,1174.3956298828125,1484.1524658203125,25.125,0.0,25.4827880859375,0.0,0
56,0,1183.8726806640625,1511.1121826171875,25.125,0.0,25.4827880859375,0.0,0
57,0,1184.8746337890625,1515.125,25.125,0.0,25.4827880859375,0.0,0
58,0,1174.992431640625,1535.9693603515625,25.125,0.0,25.4827880859375,0.0,0
59,0,1186.8756103515625,1565.0394287109375,25.125,0.0,8.59130859375,0.0,0
60,0,1209.2830810546875,1557.9117431640625,25.125,0.0,8.59130859375,0.0,0
61,0,1224.7340087890625,1520.12548828125,25.125,0.0,8.59130859375,0.0,0
62,0,1255.7127685546875,1518.847900390625,25.125,0.0,8.59130859375,0.0,0
63,0,1278.806640625,1546.1273193359375,25.125,0.0,8.59130859375,0.0,0
64,0,1306.8338623046875,1577.5526123046875,25.125,0.0,25.4827880859375,0.0,0
65,0,1343.550048828125,1600.0770263671875,25.125,0.0,8.59130859375,0.0,0
66,0,1382.5550537109375,1613.9525146484375,25.125,0.0,8.59130859375,0.0,0
67,0,1423.276123046875,1621.7271728515625,25.125,0.0,-8.3056640625,0.0,0
68,0,1447.191650390625,1601.269287109375,25.125,0.0,-8.3056640625,0.0,0
69,0,1476.248046875,1572.7520751953125,25.125,0.0,-25.20263671875,0.0,0
70,0,1511.6494140625,1550.2813720703125,25.125,0.0,-25.20263671875,0.0,0
71,0,1547.4443359375,1530.90087890625,25.125,0.0,-25.20263671875,0.0,0
72,0,1584.6171875,1512.194580078125,25.125,0.0,-25.20263671875,0.0,0
73,0,1618.3822021484375,1521.6300048828125,25.125,0.0,-25.20263671875,0.0,0
74,0,1660.257568359375,1525.5740966796875,25.125,0.0,-42.099609375,0.0,0
75,0,1700.037841796875,1508.9818115234375,25.125,0.0,-42.099609375,0.0,0
76,0,1708.27880859375,1478.5894775390625,25.125,0.0,-42.099609375,0.0,0
77,0,1721.8641357421875,1441.3175048828125,25.125,0.0,-25.20263671875,0.0,0
78,0,1750.666748046875,1410.998291015625,25.125,0.0,-42.099609375,0.0,0
79,0,1786.4915771484375,1410.4130859375,25.125,0.0,-42.099609375,0.0,0
80,0,1828.356689453125,1405.6575927734375,25.125,0.0,-42.099609375,0.0,0
81,0,1866.6724853515625,1383.1868896484375,25.125,0.0,-58.99658203125,0.0,0
82,0,1895.2437744140625,1350.9114990234375,25.125,0.0,-75.8935546875,0.0,0
83,0,1934.235595703125,1332.9693603515625,25.125,0.0,-75.8935546875,0.0,0
84,0,1970.27978515625,1308.781005859375,25.125,0.0,-58.99658203125,0.0,0
85,0,1983.87451171875,1277.323486328125,25.125,0.0,-42.099609375,0.0,0
86,0,1983.874267578125,1237.50732421875,25.125,0.0,-42.099609375,0.0,0
87,0,1983.8743896484375,1198.44189453125,25.125,0.0,-25.20263671875,0.0,0
88,0,1983.874267578125,1160.174560546875,25.125,0.0,-42.099609375,0.0,0
89,0,1983.874267578125,1119.0924072265625,25.125,0.0,-42.099609375,0.0,0
90,0,1983.8746337890625,1072.9334716796875,25.125,0.0,-58.99658203125,0.0,0
91,0,1983.874267578125,1055.0740966796875,25.125,0.0,-58.99658203125,0.0,0
92,0,1983.87451171875,1037.293701171875,25.125,0.0,-42.099609375,0.0,0
93,0,1983.8741455078125,1005.2748413085938,25.125,0.0,-25.20263671875,0.0,0
94,0,1983.8743896484375,977.3543090820312,25.125,0.0,-8.3056640625,0.0,0
95,0,1983.8748779296875,985.62353515625,25.125,0.0,-8.3056640625,0.0,0
96,0,1983.8743896484375,996.3557739257812,25.125,0.0,-25.20263671875,0.0,0
97,0,1973.6107177734375,974.5078125,25.125,0.0,-25.20263671875,0.0,0
98,0,1983.8734130859375,945.1698608398438,25.125,0.0,-8.3056640625,0.0,0
99,0,1983.8741455078125,925.3560791015625,25.125,0.0,-8.3056640625,0.0,0
100,0,1983.8748779296875,938.4706420898438,25.125,0.0,-8.3056640625,0.0,0
101,0,1983.875,977.8685302734375,25.125,0.0,-8.3056640625,0.0,0
102,0,1983.8741455078125,998.4827270507812,25.125,0.0,-25.20263671875,0.0,0
103,0,1983.8743896484375,992.897216796875,25.125,0.0,-25.20263671875,0.0,0
104,0,1983.8746337890625,1007.4556274414062,25.125,0.0,-25.20263671875,0.0,0
105,0,1983.8743896484375,1016.28466796875,25.125,0.0,-25.20263671875,0.0,0
106,0,1973.586181640625,993.303955078125,25.125,0.0,-25.20263671875,0.0,0
107,0,1982.6312255859375,957.9837036132812,25.125,0.0,-42.099609375,0.0,0
108,0,1972.409912109375,917.3189086914062,25.125,0.0,-42.099609375,0.0,0
109,0,1951.2801513671875,881.6386108398438,25.125,0.0,-42.099609375,0.0,0
110,0,1955.526611328125,846.0592651367188,25.125,0.0,-25.20263671875,0.0,0
111,0,1983.874755859375,814.1402587890625,25.125,0.0,-42.099609375,0.0,0
112,0,1983.8746337890625,777.4684448242188,25.125,0.0,-58.99658203125,0.0,0
113,0,1983.8748779296875,733.3475952148438,25.125,0.0,-75.8935546875,0.0,0
114,0,1983.8748779296875,691.6965942382812,25.125,0.0,-75.8935546875,0.0,0
115,0,1961.2724609375,658.7831420898438,25.125,0.0,-75.8935546875,0.0,0
116,0,1943.810546875,619.0093383789062,25.125,0.0,-75.8935546875,0.0,0
117,0,1940.0552978515625,577.6668701171875,25.125,0.0,-92.7850341796875,0.0,0
118,0,1937.6265869140625,536.135986328125,25.125,0.0,-92.7850341796875,0.0,0
119,0,1933.4541015625,495.41925048828125,25.125,0.0,-109.6820068359375,0.0,0
120,0,1921.933837890625,454.2832946777344,25.125,0.0,-126.5789794921875,0.0,0
121,0,1905.36572265625,416.9185791015625,25.125,0.0,-109.6820068359375,0.0,0
122,0,1891.18798828125,377.2060852050781,25.125,0.0,-92.7850341796875,0.0,0
123,0,1885.1976318359375,335.6471252441406,25.125,0.0,-75.8935546875,0.0,0
124,0,1861.70166015625,302.31231689453125,25.125,0.0,-75.8935546875,0.0,0
125,0,1844.345947265625,262.3987731933594,25.125,0.0,-75.8935546875,0.0,0
126,0,1842.705810546875,220.08297729492188,25.125,0.0,-75.8935546875,0.0,0
127,0,1867.7769775390625,198.67396545410156,25.125,0.0,-75.8935546875,0.0,0
128,0,1897.907958984375,170.9232177734375,25.125,0.0,-75.8935546875,0.0,0
129,0,1937.3895263671875,153.08978271484375,25.125,0.0,-75.8935546875,0.0,0
130,0,1968.7081298828125,124.95410919189453,25.125,0.0,-92.7850341796875,0.0,0
131,0,1982.028564453125,116.12592315673828,25.125,0.0,-92.7850341796875,0.0,0
132,0,1983.8740234375,116.125,25.125,0.0,-92.7850341796875,0.0,0
133,0,1983.5582275390625,116.12562561035156,25.125,0.0,-92.7850341796875,0.0,0
134,0,1981.78515625,116.12586975097656,25.125,0.0,-109.6820068359375,0.0,0
135,0,1977.087158203125,116.12562561035156,25.125,0.0,-92.7850341796875,0.0,0
136,0,1977.5604248046875,116.12589263916016,25.125,0.0,-75.8935546875,0.0,0
137,0,1981.024169921875,116.1256103515625,25.125,0.0,-75.8935546875,0.0,0
138,0,1983.8741455078125,120.18643188476562,25.125,0.0,-75.8935546875,0.0,0
139,0,1983.8741455078125,127.36022186279297,25.125,0.0,-75.8935546875,0.0,0
140,0,1983.8192138671875,116.12592315673828,25.125,0.0,-92.7850341796875,0.0,0
141,0,1983.875,116.12589263916016,25.125,0.0,-75.8935546875,0.0,0
142,0,1983.875,116.12553405761719,25.125,0.0,-58.99658203125,0.0,0
143,0,1983.875,116.12561798095703,25.125,0.0,-42.099609375,0.0,0
144,0,1983.8746337890625,132.78512573242188,25.125,0.0,-42.099609375,0.0,0
145,0,1983.87451171875,131.9573974609375,25.125,0.0,-58.99658203125,0.0,0
146,0,1963.8223876953125,116.12532043457031,25.125,0.0,-58.99658203125,0.0,0
147,0,1921.785400390625,116.12540435791016,25.125,0.0,-58.99658203125,0.0,0
148,0,1912.0477294921875,128.21597290039062,25.125,0.0,-58.99658203125,0.0,0
149,0,1934.8316650390625,121.971435546875,25.125,0.0,-42.099609375,0.0,0
150,0,1968.579345703125,116.12579345703125,25.125,0.0,-58.99658203125,0.0,0
151,0,1971.3792724609375,116.12532043457031,25.125,0.0,-58.99658203125,0.0,0
152,0,1975.970458984375,116.12561798095703,25.125,0.0,-42.099609375,0.0,0
153,0,1983.8743896484375,116.125,25.125,0.0,-25.20263671875,0.0,0
154,0,1983.8746337890625,137.69639587402344,25.125,0.0,-25.20263671875,0.0,0
155,0,1983.874755859375,179.54258728027344,25.125,0.0,-25.20263671875,0.0,0
156,0,1983.874755859375,224.5465087890625,25.125,0.0,-25.20263671875,0.0,0
157,0,1983.8741455078125,243.17581176757812,25.125,0.0,-25.20263671875,0.0,0
158,0,1983.874267578125,233.30422973632812,25.125,0.0,-42.099609375,0.0,0
159,0,1983.8741455078125,207.55587768554688,25.125,0.0,-25.20263671875,0.0,0
160,0,1983.8743896484375,182.13784790039062,25.125,0.0,-8.3056640625,0.0,0
161,0,1983.8741455078125,164.13209533691406,25.125,0.0,-8.3056640625,0.0,0
162,0,1983.8748779296875,177.1711883544922,25.125,0.0,-8.3056640625,0.0,0
163,0,1983.8741455078125,193.33360290527344,25.125,0.0,-8.3056640625,0.0,0
164,0,1983.8748779296875,220.87757873535156,25.125,0.0,-8.3056640625,0.0,0
165,0,1983.8741455078125,240.63096618652344,25.125,0.0,-25.20263671875,0.0,0
166,0,1983.8741455078125,234.27655029296875,25.125,0.0,-25.20263671875,0.0,0
167,0,1983.8743896484375,219.27691650390625,25.125,0.0,-8.3056640625,0.0,0
168,0,1983.8741455078125,206.00624084472656,25.125,0.0,-8.3056640625,0.0,0
169,0,1983.8748779296875,221.19760131835938,25.125,0.0,-8.3056640625,0.0,0
170,0,1983.8748779296875,261.9238586425781,25.125,0.0,-8.3056640625,0.0,0
171,0,1983.8743896484375,287.9985656738281,25.125,0.0,8.59130859375,0.0,0
172,0,1983.8741455078125,305.097412109375,25.125,0.0,8.59130859375,0.0,0
173,0,1980.4495849609375,337.3673400878906,25.125,0.0,8.59130859375,0.0,0
174,0,1974.82568359375,378.5897216796875,25.125,0.0,8.59130859375,0.0,0
175,0,1983.8741455078125,411.4538879394531,25.125,0.0,25.4827880859375,0.0,0
176,0,1975.099609375,449.7908020019531,25.125,0.0,25.4827880859375,0.0,0
177,0,1977.160888671875,453.50244140625,25.125,0.0,25.4827880859375,0.0,0
178,0,1983.87451171875,454.518310546875,25.125,0.0,42.3797607421875,0.0,0
179,0,1967.52099609375,480.6530456542969,25.125,0.0,42.3797607421875,0.0,0
180,0,1965.90087890625,518.47216796875,25.125,0.0,59.2767333984375,0.0,0
181,0,1983.874267578125,533.564697265625,25.125,0.0,59.2767333984375,0.0,0
182,0,1983.87451171875,552.2567749023438,25.125,0.0,59.2767333984375,0.0,0
183,0,1983.8746337890625,593.6795043945312,25.125,0.0,59.2767333984375,0.0,0
184,0,1983.8746337890625,639.401123046875,25.125,0.0,59.2767333984375,0.0,0
185,0,1983.8748779296875,682.6104736328125,25.125,0.0,76.1737060546875,0.0,0
186,0,1983.8204345703125,724.430908203125,25.125,0.0,93.0706787109375,0.0,0
187,0,1960.14599609375,749.76318359375,25.125,0.0,93.0706787109375,0.0,0
188,0,1931.6959228515625,781.899658203125,25.125,0.0,109.962158203125,0.0,0
189,0,1916.125,819.911376953125,25.125,0.0,93.0706787109375,0.0,0
190,0,1939.4886474609375,847.7506713867188,25.125,0.0,93.0706787109375,0.0,0
191,0,1962.6248779296875,883.4115600585938,25.125,0.0,93.0706787109375,0.0,0
192,0,1969.5474853515625,926.388427734375,25.125,0.0,109.962158203125,0.0,0
193,0,1947.0506591796875,946.8373413085938,25.125,0.0,109.962158203125,0.0,0
194,0,1945.9969482421875,958.801513671875,25.125,0.0,109.962158203125,0.0,0
195,0,1953.4580078125,992.3475341796875,25.125,0.0,93.0706787109375,0.0,0
196,0,1952.425048828125,1033.726318359375,25.125,0.0,109.962158203125,0.0,0
197,0,1972.21142578125,1069.61865234375,25.125,0.0,109.962158203125,0.0,0
198,0,1982.38427734375,1110.48876953125,25.125,0.0,126.859130859375,0.0,0
199,0,1973.028076171875,1151.7769775390625,25.125,0.0,109.962158203125,0.0,0
200,0,1983.87109375,1185.34814453125,25.125,0.0,109.962158203125,0.0,0
201,0,1983.8743896484375,1213.11328125,25.125,0.0,109.962158203125,0.0,0
202,0,1973.6690673828125,1250.8748779296875,25.125,0.0,126.859130859375,0.0,0
203,0,1955.022216796875,1287.6881103515625,25.125,0.0,126.859130859375,0.0,0
204,0,1921.95947265625,1296.507080078125,25.125,0.0,126.859130859375,0.0,0
205,0,1916.125244140625,1311.5615234375,25.125,0.0,109.962158203125,0.0,0
206,0,1910.515869140625,1351.177490234375,25.125,0.0,109.962158203125,0.0,0
207,0,1899.9288330078125,1383.8741455078125,25.125,0.0,109.962158203125,0.0,0
208,0,1886.7977294921875,1383.8743896484375,25.125,0.0,93.0706787109375,0.0,0
209,0,1875.1739501953125,1398.158935546875,25.125,0.0,109.962158203125,0.0,0
210,0,1844.010009765625,1409.553466796875,25.125,0.0,109.962158203125,0.0,0
211,0,1801.5548095703125,1404.5870361328125,25.125,0.0,109.962158203125,0.0,0
212,0,1761.9111328125,1394.692138671875,25.125,0.0,109.962158203125,0.0,0
213,0,1759.1080322265625,1395.4404296875,25.125,0.0,109.962158203125,0.0,0
214,0,1749.235595703125,1392.2513427734375,25.125,0.0,109.962158203125,0.0,0
215,0,1726.5106201171875,1409.776123046875,25.125,0.0,93.0706787109375,0.0,0
216,0,1716.220703125,1450.99365234375,25.125,0.0,76.1737060546875,0.0,0
217,0,1718.962158203125,1493.888427734375,25.125,0.0,59.2767333984375,0.0,0
218,0,1744.487548828125,1509.543212890625,25.125,0.0,59.2767333984375,0.0,0
219,0,1747.6611328125,1521.5003662109375,25.125,0.0,59.2767333984375,0.0,0
220,0,1752.14404296875,1553.217041015625,25.125,0.0,42.3797607421875,0.0,0
221,0,1775.579833984375,1587.81201171875,25.125,0.0,42.3797607421875,0.0,0
222,0,1809.0386962890625,1591.1622314453125,25.125,0.0,42.3797607421875,0.0,0
223,0,1844.9656982421875,1569.3546142578125,25.125,0.0,42.3797607421875,0.0,0
224,0,1885.063232421875,1569.478515625,25.125,0.0,42.3797607421875,0.0,0
225,0,1923.0203857421875,1591.1392822265625,25.125,0.0,59.2767333984375,0.0,0
226,0,1925.2740478515625,1620.7508544921875,25.125,0.0,59.2767333984375,0.0,0
227,0,1897.574462890625,1651.0413818359375,25.125,0.0,59.2767333984375,0.0,0
228,0,1891.8702392578125,1687.5540771484375,25.125,0.0,42.3797607421875,0.0,0
229,0,1915.512939453125,1726.2464599609375,25.125,0.0,25.4827880859375,0.0,0
230,0,1945.33544921875,1754.9407958984375,25.125,0.0,42.3797607421875,0.0,0
231,0,1976.138671875,1782.9007568359375,25.125,0.0,42.3797607421875,0.0,0
232,0,1983.8741455078125,1810.97509765625,25.125,0.0,25.4827880859375,0.0,0
233,0,1974.7197265625,1849.7935791015625,25.125,0.0,25.4827880859375,0.0,0
234,0,1983.8741455078125,1885.4190673828125,25.125,0.0,25.4827880859375,0.0,0
235,0,1983.8743896484375,1917.316162109375,25.125,0.0,25.4827880859375,0.0,0
236,0,1983.8741455078125,1945.4095458984375,25.125,0.0,8.59130859375,0.0,0
237,0,1983.8743896484375,1960.826171875,25.125,0.0,-8.3056640625,0.0,0
238,0,1983.8741455078125,1959.7459716796875,25.125,0.0,-25.20263671875,0.0,0
239,0,1983.8741455078125,1946.12255859375,25.125,0.0,-25.20263671875,0.0,0
240,0,1983.874267578125,1920.968505859375,25.125,0.0,-42.099609375,0.0,0
241,0,1983.8741455078125,1887.89501953125,25.125,0.0,-25.20263671875,0.0,0
242,0,1983.8743896484375,1856.3302001953125,25.125,0.0,-25.20263671875,0.0,0
243,0,1983.874267578125,1822.858642578125,25.125,0.0,-42.099609375,0.0,0
244,0,1983.8746337890625,1817.3626708984375,25.125,0.0,-42.099609375,0.0,0
245,0,1983.8741455078125,1811.6142578125,25.125,0.0,-25.20263671875,0.0,0
246,0,1983.874755859375,1823.0635986328125,25.125,0.0,-25.20263671875,0.0,0
247,0,1983.874267578125,1827.36669921875,25.125,0.0,-42.099609375,0.0,0
248,0,1983.8741455078125,1807.755859375,25.125,0.0,-25.20263671875,0.0,0
249,0,1974.21826171875,1771.4639892578125,25.125,0.0,-25.20263671875,0.0,0
250,0,1959.51171875,1733.4697265625,25.125,0.0,-25.20263671875,0.0,0
251,0,1968.87353515625,1696.4197998046875,25.125,0.0,-42.099609375,0.0,0
252,0,1983.874267578125,1660.7679443359375,25.125,0.0,-42.099609375,0.0,0
253,0,1983.87451171875,1621.367919921875,25.125,0.0,-42.099609375,0.0,0
254,0,1983.874267578125,1577.6346435546875,25.125,0.0,-42.099609375,0.0,0
255,0,1983.8743896484375,1536.7330322265625,25.125,0.0,-25.20263671875,0.0,0
256,0,1983.875,1516.1251220703125,25.125,0.0,-8.3056640625,0.0,0
257,0,1983.8741455078125,1516.4423828125,25.125,0.0,8.59130859375,0.0,0
258,0,1983.8741455078125,1520.3448486328125,25.125,0.0,25.4827880859375,0.0,0
259,0,1983.8741455078125,1534.9185791015625,25.125,0.0,25.4827880859375,0.0,0
260,0,1983.8743896484375,1557.45654296875,25.125,0.0,25.4827880859375,0.0,0
261,0,1983.8741455078125,1581.250244140625,25.125,0.0,8.59130859375,0.0,0
262,0,1983.8743896484375,1601.1214599609375,25.125,0.0,25.4827880859375,0.0,0
263,0,1983.8741455078125,1625.894287109375,25.125,0.0,25.4827880859375,0.0,0
264,0,1983.874267578125,1655.561767578125,25.125,0.0,42.3797607421875,0.0,0
265,0,1983.8741455078125,1690.9412841796875,25.125,0.0,25.4827880859375,0.0,0
266,0,1983.8741455078125,1720.7691650390625,25.125,0.0,8.59130859375,0.0,0
267,0,1983.8743896484375,1737.6260986328125,25.125,0.0,-8.3056640625,0.0,0
268,0,1983.8748779296875,1768.0933837890625,25.125,0.0,-8.3056640625,0.0,0
269,0,1983.8743896484375,1791.4559326171875,25.125,0.0,-8.3056640625,0.0,0
270,0,1983.8741455078125,1795.359130859375,25.125,0.0,-8.3056640625,0.0,0
271,0,1980.68701171875,1772.731201171875,25.125,0.0,-8.3056640625,0.0,0
272,0,1983.8741455078125,1741.9827880859375,25.125,0.0,-25.20263671875,0.0,0
273,0,1983.8741455078125,1713.61181640625,25.125,0.0,-25.20263671875,0.0,0
274,0,1974.986328125,1676.111328125,25.125,0.0,-25.20263671875,0.0,0
275,0,1983.872802734375,1638.28564453125,25.125,0.0,-42.099609375,0.0,0
276,0,1970.1397705078125,1599.0379638671875,25.125,0.0,-42.099609375,0.0,0
277,0,1973.560302734375,1592.5084228515625,25.125,0.0,-42.099609375,0.0,0
278,0,1983.8746337890625,1617.7738037109375,25.125,0.0,-42.099609375,0.0,0
279,0,1967.5294189453125,1621.6290283203125,25.125,0.0,-42.099609375,0.0,0
280,0,1966.0865478515625,1594.9775390625,25.125,0.0,-58.99658203125,0.0,0
281,0,1952.6439208984375,1558.8011474609375,25.125,0.0,-58.99658203125,0.0,0
282,0,1923.263671875,1528.7923583984375,25.125,0.0,-58.99658203125,0.0,0
283,0,1922.8094482421875,1523.588623046875,25.125,0.0,-58.99658203125,0.0,0
284,0,1953.2947998046875,1540.29443359375,25.125,0.0,-58.99658203125,0.0,0
285,0,1983.87451171875,1535.07275390625,25.125,0.0,-42.099609375,0.0,0
286,0,1983.875,1516.1253662109375,25.125,0.0,-25.20263671875,0.0,0
287,0,1983.875,1516.1253662109375,25.125,0.0,-42.099609375,0.0,0
288,0,1983.8743896484375,1533.4874267578125,25.125,0.0,-42.099609375,0.0,0
289,0,1983.8743896484375,1568.783447265625,25.125,0.0,-42.099609375,0.0,0
290,0,1983.874267578125,1578.59326171875,25.125,0.0,-42.099609375,0.0,0
291,0,1983.8741455078125,1560.6951904296875,25.125,0.0,-25.20263671875,0.0,0
292,0,1983.874755859375,1567.1942138671875,25.125,0.0,-25.20263671875,0.0,0
293,0,1983.8741455078125,1574.5430908203125,25.125,0.0,-8.3056640625,0.0,0
294,0,1983.8743896484375,1573.6033935546875,25.125,0.0,-8.3056640625,0.0,0
295,0,1983.8741455078125,1573.7449951171875,25.125,0.0,8.59130859375,0.0,0
296,0,1983.8743896484375,1573.6468505859375,25.125,0.0,-8.3056640625,0.0,0
297,0,1983.8741455078125,1573.7884521484375,25.125,0.0,8.59130859375,0.0,0
298,0,1983.8741455078125,1574.76025390625,25.125,0.0,8.59130859375,0.0,0
299,0,1983.8741455078125,1575.776611328125,25.125,0.0,8.59130859375,0.0,0
300,0,1983.8741455078125,1575.6563720703125,25.125,0.0,-8.3056640625,0.0,0
301,0,1980.5836181640625,1552.7874755859375,25.125,0.0,-8.3056640625,0.0,0
302,0,1974.7723388671875,1516.1285400390625,25.125,0.0,-8.3056640625,0.0,0
303,0,1974.9609375,1539.099365234375,25.125,0.0,-8.3056640625,0.0,0
304,0,1983.8741455078125,1559.96875,25.125,0.0,-8.3056640625,0.0,0
305,0,1983.8743896484375,1562.336669921875,25.125,0.0,-8.3056640625,0.0,0
306,0,1983.8741455078125,1561.3538818359375,25.125,0.0,-8.3056640625,0.0,0
307,0,1983.8748779296875,1583.9666748046875,25.125,0.0,-8.3056640625,0.0,0
308,0,1983.8741455078125,1604.6558837890625,25.125,0.0,-8.3056640625,0.0,0
309,0,1983.8741455078125,1606.9447021484375,25.125,0.0,-8.3056640625,0.0,0
310,0,1980.5836181640625,1584.0758056640625,25.125,0.0,-8.3056640625,0.0,0
311,0,1983.8741455078125,1556.198974609375,25.125,0.0,-8.3056640625,0.0,0
312,0,1983.8743896484375,1541.9757080078125,25.125,0.0,8.59130859375,0.0,0
313,0,1983.8741455078125,1541.081787109375,25.125,0.0,8.59130859375,0.0,0
314,0,1983.8741455078125,1540.9615478515625,25.125,0.0,-8.3056640625,0.0,0
315,0,1983.8741455078125,1539.9788818359375,25.125,0.0,-8.3056640625,0.0,0
316,0,1983.8748779296875,1562.5916748046875,25.125,0.0,-8.3056640625,0.0,0
317,0,1983.8743896484375,1586.0279541015625,25.125,0.0,8.59130859375,0.0,0
318,0,1983.8741455078125,1601.40283203125,25.125,0.0,8.59130859375,0.0,0
319,0,1983.8748779296875,1587.456298828125,25.125,0.0,8.59130859375,0.0,0
320,0,1983.8741455078125,1567.838623046875,25.125,0.0,-8.3056640625,0.0,0
321,0,1983.8743896484375,1555.0089111328125,25.125,0.0,-8.3056640625,0.0,0
322,0,1980.3974609375,1523.1597900390625,25.125,0.0,-8.3056640625,0.0,0
323,0,1983.8741455078125,1516.125,25.125,0.0,-25.20263671875,0.0,0
324,0,1983.8741455078125,1516.125,25.125,0.0,-8.3056640625,0.0,0
325,0,1983.8748779296875,1538.73779296875,25.125,0.0,-8.3056640625,0.0,0
326,0,1980.980224609375,1539.3668212890625,25.125,0.0,-8.3056640625,0.0,0
327,0,1974.826171875,1516.1258544921875,25.125,0.0,-8.3056640625,0.0,0
328,0,1969.89013671875,1516.1256103515625,25.125,0.0,-8.3056640625,0.0,0
329,0,1983.8741455078125,1516.125,25.125,0.0,-8.3056640625,0.0,0
330,0,1983.8743896484375,1516.125,25.125,0.0,-25.20263671875,0.0,0
331,0,1983.8746337890625,1537.696533203125,25.125,0.0,-25.20263671875,0.0,0
332,0,1983.874267578125,1546.880859375,25.125,0.0,-42.099609375,0.0,0
333,0,1983.87451171875,1524.21435546875,25.125,0.0,-58.99658203125,0.0,0
334,0,1963.9609375,1516.12548828125,25.125,0.0,-58.99658203125,0.0,0
335,0,1955.72021484375,1516.12548828125,25.125,0.0,-58.99658203125,0.0,0
336,0,1979.6153564453125,1528.7587890625,25.125,0.0,-58.99658203125,0.0,0
337,0,1983.87451171875,1553.10595703125,25.125,0.0,-58.99658203125,0.0,0
338,0,1983.87451171875,1550.68994140625,25.125,0.0,-58.99658203125,0.0,0
339,0,1983.874267578125,1519.7120361328125,25.125,0.0,-42.099609375,0.0,0
340,0,1983.875,1516.1256103515625,25.125,0.0,-42.099609375,0.0,0
341,0,1983.8743896484375,1532.5458984375,25.125,0.0,-42.099609375,0.0,0
342,0,1983.87451171875,1534.21044921875,25.125,0.0,-42.099609375,0.0,0
343,0,1983.8743896484375,1543.852294921875,25.125,0.0,-42.099609375,0.0,0
344,0,1983.8743896484375,1544.876708984375,25.125,0.0,-25.20263671875,0.0,0
345,0,1983.8741455078125,1529.4600830078125,25.125,0.0,-25.20263671875,0.0,0
346,0,1983.8743896484375,1516.125,25.125,0.0,-25.20263671875,0.0,0
347,0,1983.874267578125,1516.125,25.125,0.0,-42.099609375,0.0,0
348,0,1983.8741455078125,1516.125,25.125,0.0,-25.20263671875,0.0,0
349,0,1983.8746337890625,1536.7967529296875,25.125,0.0,-25.20263671875,0.0,0
350,0,1983.8741455078125,1551.2469482421875,25.125,0.0,-8.3056640625,0.0,0
351,0,1983.8743896484375,1551.967041015625,25.125,0.0,8.59130859375,0.0,0
352,0,1980.3074951171875,1575.76806640625,25.125,0.0,8.59130859375,0.0,0
353,0,1983.8743896484375,1600.5941162109375,25.125,0.0,-8.3056640625,0.0,0
354,0,1980.9990234375,1586.9400634765625,25.125,0.0,-8.3056640625,0.0,0
355,0,1983.8743896484375,1560.7012939453125,25.125,0.0,-25.20263671875,0.0,0
356,0,1983.8741455078125,1533.2442626953125,25.125,0.0,-25.20263671875,0.0,0
357,0,1983.8741455078125,1516.125,25.125,0.0,-25.20263671875,0.0,0
358,0,1983.8743896484375,1516.125,25.125,0.0,-8.3056640625,0.0,0
359,0,1983.8741455078125,1516.4423828125,25.125,0.0,8.59130859375,0.0,0
360,0,1983.8743896484375,1517.4141845703125,25.125,0.0,8.59130859375,0.0,0
361,0,1983.8741455078125,1517.30615234375,25.125,0.0,-8.3056640625,0.0,0
362,0,1983.8748779296875,1540.171875,25.125,0.0,-8.3056640625,0.0,0
363,0,1983.8741455078125,1557.861083984375,25.125,0.0,-25.20263671875,0.0,0
364,0,1983.874267578125,1548.220458984375,25.125,0.0,-42.099609375,0.0,0
365,0,1983.87451171875,1517.040283203125,25.125,0.0,-58.99658203125,0.0,0
366,0,1983.875,1516.125732421875,25.125,0.0,-58.99658203125,0.0,0
367,0,1964.307861328125,1516.1253662109375,25.125,0.0,-58.99658203125,0.0,0
368,0,1953.6136474609375,1516.1258544921875,25.125,0.0,-75.8935546875,0.0,0
369,0,1954.18701171875,1516.1256103515625,25.125,0.0,-92.7850341796875,0.0,0
370,0,1953.856689453125,1516.1259765625,25.125,0.0,-92.7850341796875,0.0,0
371,0,1952.077880859375,1516.1256103515625,25.125,0.0,-109.6820068359375,0.0,0
372,0,1972.411376953125,1516.1253662109375,25.125,0.0,-109.6820068359375,0.0,0
373,0,1983.662109375,1516.1259765625,25.125,0.0,-92.7850341796875,0.0,0
374,0,1983.874755859375,1516.125,25.125,0.0,-75.8935546875,0.0,0
375,0,1983.8741455078125,1518.859375,25.125,0.0,-75.8935546875,0.0,0
376,0,1983.875,1516.1256103515625,25.125,0.0,-75.8935546875,0.0,0
377,0,1983.8226318359375,1516.1259765625,25.125,0.0,-92.7850341796875,0.0,0
378,0,1983.5068359375,1516.1256103515625,25.125,0.0,-92.7850341796875,0.0,0
379,0,1981.65283203125,1516.1258544921875,25.125,0.0,-109.6820068359375,0.0,0
380,0,1973.3544921875,1516.1256103515625,25.125,0.0,-109.6820068359375,0.0,0
381,0,1960.564697265625,1516.1259765625,25.125,0.0,-92.7850341796875,0.0,0
382,0,1950.3953857421875,1516.1258544921875,25.125,0.0,-109.6820068359375,0.0,0
383,0,1937.5316162109375,1516.1259765625,25.125,0.0,-92.7850341796875,0.0,0
384,0,1907.3782958984375,1517.227783203125,25.125,0.0,-92.7850341796875,0.0,0
385,0,1879.6458740234375,1513.88330078125,25.125,0.0,-92.7850341796875,0.0,0
386,0,1843.22607421875,1507.0714111328125,25.125,0.0,-92.7850341796875,0.0,0
387,0,1815.79443359375,1482.2586669921875,25.125,0.0,-92.7850341796875,0.0,0
388,0,1803.6256103515625,1439.150634765625,25.125,0.0,-75.8935546875,0.0,0
389,0,1801.491455078125,1397.9835205078125,25.125,0.0,-92.7850341796875,0.0,0
390,0,1825.0823974609375,1369.872314453125,25.125,0.0,-92.7850341796875,0.0,0
391,0,1848.36181640625,1334.460205078125,25.125,0.0,-92.7850341796875,0.0,0
392,0,1881.1146240234375,1316.125,25.125,0.0,-92.7850341796875,0.0,0
393,0,1909.99365234375,1316.1258544921875,25.125,0.0,-75.8935546875,0.0,0
394,0,1930.7506103515625,1301.8323974609375,25.125,0.0,-75.8935546875,0.0,0
395,0,1950.0545654296875,1265.117431640625,25.125,0.0,-58.99658203125,0.0,0
396,0,1981.4429931640625,1253.455322265625,25.125,0.0,-58.99658203125,0.0,0
397,0,1983.874267578125,1266.785400390625,25.125,0.0,-58.99658203125,0.0,0
398,0,1983.874267578125,1291.77880859375,25.125,0.0,-58.99658203125,0.0,0
399,0,1983.874755859375,1288.1806640625,25.125,0.0,-75.8935546875,0.0,0
400,0,1983.8748779296875,1251.695556640625,25.125,0.0,-75.8935546875,0.0,0
401,0,1961.2528076171875,1218.792724609375,25.125,0.0,-75.8935546875,0.0,0
402,0,1940.878173828125,1179.4085693359375,25.125,0.0,-92.7850341796875,0.0,0
403,0,1931.740234375,1139.1650390625,25.125,0.0,-92.7850341796875,0.0,0
404,0,1926.541748046875,1097.7686767578125,25.125,0.0,-92.7850341796875,0.0,0
405,0,1925.0628662109375,1057.644775390625,25.125,0.0,-75.8935546875,0.0,0
406,0,1931.767578125,1015.2667846679688,25.125,0.0,-58.99658203125,0.0,0
407,0,1944.2584228515625,976.3247680664062,25.125,0.0,-75.8935546875,0.0,0
408,0,1976.2447509765625,956.6107788085938,25.125,0.0,-75.8935546875,0.0,0
409,0,1983.807373046875,928.3709716796875,25.125,0.0,-92.7850341796875,0.0,0
410,0,1980.8480224609375,887.4148559570312,25.125,0.0,-109.6820068359375,0.0,0
411,0,1983.8741455078125,851.946533203125,25.125,0.0,-109.6820068359375,0.0,0
412,0,1983.8743896484375,823.864501953125,25.125,0.0,-109.6820068359375,0.0,0
413,0,1973.728271484375,786.1175537109375,25.125,0.0,-126.5789794921875,0.0,0
414,0,1952.7906494140625,749.3989868164062,25.125,0.0,-143.4759521484375,0.0,0
415,0,1922.6156005859375,719.3291625976562,25.125,0.0,-160.3729248046875,0.0,0
416,0,1908.275390625,680.3798217773438,25.125,0.0,-160.3729248046875,0.0,0
417,0,1887.3773193359375,642.3006591796875,25.125,0.0,-143.4759521484375,0.0,0
418,0,1858.3828125,611.5531616210938,25.125,0.0,-143.4759521484375,0.0,0
419,0,1827.6463623046875,584.7704467773438,25.125,0.0,-143.4759521484375,0.0,0
420,0,1793.48974609375,560.1743774414062,25.125,0.0,-160.3729248046875,0.0,0
421,0,1758.2137451171875,539.7085571289062,25.125,0.0,-143.4759521484375,0.0,0
422,0,1720.431640625,545.48095703125,25.125,0.0,-143.4759521484375,0.0,0
423,0,1686.851806640625,571.1834106445312,25.125,0.0,-143.4759521484375,0.0,0
424,0,1648.047119140625,575.4733276367188,25.125,0.0,-143.4759521484375,0.0,0
425,0,1605.914794921875,583.874267578125,25.125,0.0,-143.4759521484375,0.0,0
426,0,750.0,1250.0,25.125,0.0,16.490478515625,0.0,0
427,0,567.9083251953125,549.466552734375,25.125,0.0,6.1248779296875,0.0,1
428,0,609.0629272460938,549.6256103515625,25.125,0.0,-10.7666015625,0.0,1
429,0,648.7984008789062,546.1780395507812,25.125,0.0,-10.7666015625,0.0,1
430,0,690.3951416015625,542.1759643554688,25.125,0.0,6.1248779296875,0.0,1
431,0,731.9520263671875,544.337158203125,25.125,0.0,23.0218505859375,0.0,1
432,0,772.1283569335938,553.7048950195312,25.125,0.0,23.0218505859375,0.0,1
433,0,810.8207397460938,566.564697265625,25.125,0.0,23.0218505859375,0.0,1
434,0,845.003173828125,554.0798950195312,25.125,0.0,23.0218505859375,0.0,1
435,0,887.0108642578125,547.818359375,25.125,0.0,39.9188232421875,0.0,1
436,0,927.273193359375,560.1559448242188,25.125,0.0,23.0218505859375,0.0,1
437,0,962.1831665039062,546.8197021484375,25.125,0.0,23.0218505859375,0.0,1
438,0,1002.81884765625,533.7572021484375,25.125,0.0,6.1248779296875,0.0,1
439,0,1027.7705078125,553.797607421875,25.125,0.0,6.1248779296875,0.0,1
440,0,1039.650390625,553.2307739257812,25.125,0.0,6.1248779296875,0.0,1
441,0,1069.202880859375,544.4957885742188,25.125,0.0,23.0218505859375,0.0,1
442,0,1110.0855712890625,549.2926025390625,25.125,0.0,6.1248779296875,0.0,1
443,0,1150.388427734375,556.2269897460938,25.125,0.0,23.0218505859375,0.0,1
444,0,1190.9283447265625,566.1126708984375,25.125,0.0,6.1248779296875,0.0,1
445,0,1231.0267333984375,573.3341674804688,25.125,0.0,6.1248779296875,0.0,1
446,0,1272.133544921875,581.0274658203125,25.125,0.0,23.0218505859375,0.0,1
447,0,1311.4527587890625,594.8820190429688,25.125,0.0,39.9188232421875,0.0,1
448,0,1321.129638671875,625.3438720703125,25.125,0.0,39.9188232421875,0.0,1
449,0,1333.506103515625,663.8666381835938,25.125,0.0,39.9188232421875,0.0,1
450,0,1358.459716796875,697.3738403320312,25.125,0.0,39.9188232421875,0.0,1
451,0,1386.92724609375,726.6815795898438,25.125,0.0,39.9188232421875,0.0,1
452,0,1416.9114990234375,754.17626953125,25.125,0.0,39.9188232421875,0.0,1
453,0,1448.298095703125,781.490966796875,25.125,0.0,39.9188232421875,0.0,1
454,0,1453.0491943359375,783.87451171875,25.125,0.0,39.9188232421875,0.0,1
455,0,1465.026611328125,783.8743896484375,25.125,0.0,39.9188232421875,0.0,1
456,0,1496.7867431640625,783.8742065429688,25.125,0.0,56.8157958984375,0.0,1
457,0,1499.4393310546875,783.87451171875,25.125,0.0,56.8157958984375,0.0,1
458,0,1509.1597900390625,771.448486328125,25.125,0.0,56.8157958984375,0.0,1
459,0,1540.4296875,776.1087646484375,25.125,0.0,39.9188232421875,0.0,1
460,0,1576.086669921875,800.215087890625,25.125,0.0,56.8157958984375,0.0,1
461,0,1604.246337890625,829.2112426757812,25.125,0.0,56.8157958984375,0.0,1
462,0,1628.930908203125,863.770751953125,25.125,0.0,73.7127685546875,0.0,1
463,0,1665.1990966796875,880.8548583984375,25.125,0.0,73.7127685546875,0.0,1
464,0,1670.8719482421875,891.6809692382812,25.125,0.0,73.7127685546875,0.0,1
465,0,1669.0018310546875,921.69140625,25.125,0.0,56.8157958984375,0.0,1
466,0,1681.583251953125,960.780517578125,25.125,0.0,73.7127685546875,0.0,1
467,0,1713.7362060546875,979.4890747070312,25.125,0.0,73.7127685546875,0.0,1
468,0,1749.3740234375,1002.8557739257812,25.125,0.0,56.8157958984375,0.0,1
469,0,1779.1478271484375,1032.2236328125,25.125,0.0,39.9188232421875,0.0,1
470,0,1783.87451171875,1062.7479248046875,25.125,0.0,39.9188232421875,0.0,1
471,0,1770.0816650390625,1102.1405029296875,25.125,0.0,39.9188232421875,0.0,1
472,0,1772.5672607421875,1108.303466796875,25.125,0.0,39.9188232421875,0.0,1
473,0,1783.874267578125,1115.4520263671875,25.125,0.0,39.9188232421875,0.0,1
474,0,1799.3885498046875,1144.2408447265625,25.125,0.0,56.8157958984375,0.0,1
475,0,1821.25341796875,1178.500732421875,25.125,0.0,56.8157958984375,0.0,1
476,0,1849.3604736328125,1183.8743896484375,25.125,0.0,39.9188232421875,0.0,1
477,0,1885.7073974609375,1167.11669921875,25.125,0.0,39.9188232421875,0.0,1
478,0,1928.1007080078125,1163.7801513671875,25.125,0.0,23.0218505859375,0.0,1
479,0,1963.943603515625,1146.4608154296875,25.125,0.0,23.0218505859375,0.0,1
480,0,1976.082763671875,1148.977783203125,25.125,0.0,23.0218505859375,0.0,1
481,0,1983.8740234375,1169.3583984375,25.125,0.0,6.1248779296875,0.0,1
482,0,1983.8748779296875,1156.3870849609375,25.125,0.0,6.1248779296875,0.0,1
483,0,1983.8741455078125,1142.3304443359375,25.125,0.0,23.0218505859375,0.0,1
484,0,1974.907470703125,1163.096435546875,25.125,0.0,23.0218505859375,0.0,1
485,0,1983.8740234375,1192.011474609375,25.125,0.0,6.1248779296875,0.0,1
486,0,1981.5853271484375,1228.57080078125,25.125,0.0,6.1248779296875,0.0,1
487,0,1983.8741455078125,1261.1136474609375,25.125,0.0,23.0218505859375,0.0,1
488,0,1983.8741455078125,1289.1109619140625,25.125,0.0,23.0218505859375,0.0,1
489,0,1983.8741455078125,1316.24853515625,25.125,0.0,23.0218505859375,0.0,1
490,0,1975.5762939453125,1353.3404541015625,25.125,0.0,23.0218505859375,0.0,1
491,0,1962.3961181640625,1383.8743896484375,25.125,0.0,23.0218505859375,0.0,1
492,0,1975.58447265625,1383.8748779296875,25.125,0.0,6.1248779296875,0.0,1
493,0,1983.8748779296875,1360.5010986328125,25.125,0.0,6.1248779296875,0.0,1
494,0,1983.8741455078125,1341.6336669921875,25.125,0.0,23.0218505859375,0.0,1
495,0,1983.8743896484375,1346.8521728515625,25.125,0.0,23.0218505859375,0.0,1
496,0,1983.8740234375,1359.595458984375,25.125,0.0,6.1248779296875,0.0,1
497,0,1983.8741455078125,1372.85986328125,25.125,0.0,23.0218505859375,0.0,1
498,0,1974.9110107421875,1383.8741455078125,25.125,0.0,23.0218505859375,0.0,1
499,0,1983.8729248046875,1383.874755859375,25.125,0.0,39.9188232421875,0.0,1
500,0,1983.8743896484375,1383.875,25.125,0.0,23.0218505859375,0.0,1
501,0,1983.8740234375,1383.875,25.125,0.0,6.1248779296875,0.0,1
502,0,1983.8743896484375,1383.875,25.125,0.0,6.1248779296875,0.0,1
503,0,1983.8748779296875,1360.0223388671875,25.125,0.0,6.1248779296875,0.0,1
504,0,1981.7623291015625,1359.0045166015625,25.125,0.0,6.1248779296875,0.0,1
505,0,1983.8741455078125,1378.0672607421875,25.125,0.0,23.0218505859375,0.0,1
506,0,1983.875,1383.8746337890625,25.125,0.0,23.0218505859375,0.0,1
507,0,1983.875,1383.8746337890625,25.125,0.0,39.9188232421875,0.0,1
508,0,1969.899658203125,1383.874267578125,25.125,0.0,39.9188232421875,0.0,1
509,0,1970.6214599609375,1383.87451171875,25.125,0.0,56.8157958984375,0.0,1
510,0,1983.87451171875,1383.875,25.125,0.0,56.8157958984375,0.0,1
511,0,1983.87451171875,1372.1943359375,25.125,0.0,56.8157958984375,0.0,1
512,0,1963.3709716796875,1372.8636474609375,25.125,0.0,56.8157958984375,0.0,1
513,0,1955.55712890625,1383.874267578125,25.125,0.0,56.8157958984375,0.0,1
514,0,1968.9202880859375,1383.8741455078125,25.125,0.0,73.7127685546875,0.0,1
515,0,1983.8741455078125,1377.58740234375,25.125,0.0,73.7127685546875,0.0,1
516,0,1983.875,1383.87451171875,25.125,0.0,56.8157958984375,0.0,1
517,0,1983.874267578125,1372.1978759765625,25.125,0.0,56.8157958984375,0.0,1
518,0,1964.158203125,1372.4525146484375,25.125,0.0,56.8157958984375,0.0,1
519,0,1926.4381103515625,1383.87451171875,25.125,0.0,56.8157958984375,0.0,1
520,0,1919.7864990234375,1371.0679931640625,25.125,0.0,56.8157958984375,0.0,1
521,0,1944.260498046875,1376.054931640625,25.125,0.0,39.9188232421875,0.0,1
522,0,1979.5482177734375,1383.874267578125,25.125,0.0,56.8157958984375,0.0,1
523,0,1983.874755859375,1383.875,25.125,0.0,73.7127685546875,0.0,1
524,0,1983.8741455078125,1380.085693359375,25.125,0.0,73.7127685546875,0.0,1
525,0,1983.8743896484375,1371.5828857421875,25.125,0.0,73.7127685546875,0.0,1
526,0,1983.865234375,1383.8707275390625,25.125,0.0,90.604248046875,0.0,1
527,0,1983.875,1383.8743896484375,25.125,0.0,73.7127685546875,0.0,1
528,0,1983.875,1383.874267578125,25.125,0.0,56.8157958984375,0.0,1
529,0,1983.875,1383.87451171875,25.125,0.0,56.8157958984375,0.0,1
530,0,1983.875,1383.8743896484375,25.125,0.0,39.9188232421875,0.0,1
531,0,1983.875,1383.8743896484375,25.125,0.0,39.9188232421875,0.0,1
532,0,1983.875,1383.874267578125,25.125,0.0,56.8157958984375,0.0,1
533,0,1983.875,1383.8741455078125,25.125,0.0,73.7127685546875,0.0,1
534,0,1961.77880859375,1383.8748779296875,25.125,0.0,73.7127685546875,0.0,1
535,0,1948.5196533203125,1383.874267578125,25.125,0.0,56.8157958984375,0.0,1
536,0,1961.626953125,1383.87451171875,25.125,0.0,56.8157958984375,0.0,1
537,0,1983.87451171875,1383.875,25.125,0.0,56.8157958984375,0.0,1
538,0,1983.87451171875,1383.875,25.125,0.0,56.8157958984375,0.0,1
539,0,1983.874267578125,1383.875,25.125,0.0,39.9188232421875,0.0,1
540,0,1983.874267578125,1383.875,25.125,0.0,39.9188232421875,0.0,1
541,0,1983.87451171875,1383.875,25.125,0.0,39.9188232421875,0.0,1
542,0,1983.874267578125,1383.875,25.125,0.0,39.9188232421875,0.0,1
543,0,1983.8746337890625,1383.875,25.125,0.0,56.8157958984375,0.0,1
544,0,1983.874267578125,1383.875,25.125,0.0,39.9188232421875,0.0,1
545,0,1983.87451171875,1383.875,25.125,0.0,39.9188232421875,0.0,1
546,0,1983.87451171875,1383.875,25.125,0.0,56.8157958984375,0.0,1
547,0,1983.87451171875,1383.875,25.125,0.0,56.8157958984375,0.0,1
548,0,1983.874755859375,1383.875,25.125,0.0,73.7127685546875,0.0,1
549,0,1983.865234375,1383.8740234375,25.125,0.0,90.604248046875,0.0,1
550,0,1982.59814453125,1383.8743896484375,25.125,0.0,107.501220703125,0.0,1
551,0,1980.1356201171875,1383.8740234375,25.125,0.0,90.604248046875,0.0,1
552,0,1957.145751953125,1383.7071533203125,25.125,0.0,90.604248046875,0.0,1
553,0,1915.63330078125,1383.5419921875,25.125,0.0,90.604248046875,0.0,1
554,0,1911.917724609375,1383.6697998046875,25.125,0.0,90.604248046875,0.0,1
555,0,1922.8939208984375,1383.8740234375,25.125,0.0,90.604248046875,0.0,1
556,0,1922.725830078125,1383.8741455078125,25.125,0.0,107.501220703125,0.0,1
557,0,1916.4794921875,1383.8741455078125,25.125,0.0,107.501220703125,0.0,1
558,0,1901.48681640625,1383.874267578125,25.125,0.0,124.398193359375,0.0,1
559,0,1877.1263427734375,1385.9974365234375,25.125,0.0,107.501220703125,0.0,1
560,0,1851.525390625,1414.0411376953125,25.125,0.0,124.398193359375,0.0,1
561,0,1828.6195068359375,1448.21484375,25.125,0.0,107.501220703125,0.0,1
562,0,1810.476318359375,1486.11279296875,25.125,0.0,107.501220703125,0.0,1
563,0,1795.89208984375,1524.12646484375,25.125,0.0,107.501220703125,0.0,1
564,0,1780.7353515625,1562.08544921875,25.125,0.0,124.398193359375,0.0,1
565,0,1763.301025390625,1598.9298095703125,25.125,0.0,107.501220703125,0.0,1
566,0,1748.1966552734375,1636.779541015625,25.125,0.0,107.501220703125,0.0,1
567,0,1736.06884765625,1677.08203125,25.125,0.0,90.604248046875,0.0,1
568,0,1728.1585693359375,1717.095458984375,25.125,0.0,107.501220703125,0.0,1
569,0,1716.1251220703125,1757.554443359375,25.125,0.0,124.398193359375,0.0,1
570,0,1734.107177734375,1795.37353515625,25.125,0.0,124.398193359375,0.0,1
571,0,1737.4559326171875,1838.083984375,25.125,0.0,124.398193359375,0.0,1
572,0,1721.203857421875,1878.6072998046875,25.125,0.0,141.295166015625,0.0,1
573,0,1693.2037353515625,1911.4888916015625,25.125,0.0,158.192138671875,0.0,1
574,0,1680.590087890625,1951.6387939453125,25.125,0.0,158.192138671875,0.0,1
575,0,1656.68896484375,1983.872314453125,25.125,0.0,175.089111328125,0.0,1
576,0,1614.9813232421875,1983.013916015625,25.125,0.0,-168.0194091796875,0.0,1
577,0,1573.97314453125,1976.3818359375,25.125,0.0,-151.1224365234375,0.0,1
578,0,1534.137451171875,1962.4718017578125,25.125,0.0,-151.1224365234375,0.0,1
579,0,1497.0855712890625,1945.502197265625,25.125,0.0,-151.1224365234375,0.0,1
580,0,1484.675048828125,1916.1287841796875,25.125,0.0,-151.1224365234375,0.0,1
581,0,1464.5697021484375,1916.125244140625,25.125,0.0,-168.0194091796875,0.0,1
582,0,1423.93017578125,1916.1251220703125,25.125,0.0,-168.0194091796875,0.0,1
583,0,1391.9561767578125,1938.995849609375,25.125,0.0,-168.0194091796875,0.0,1
584,0,1352.6728515625,1954.7666015625,25.125,0.0,-151.1224365234375,0.0,1
585,0,1309.50341796875,1951.0772705078125,25.125,0.0,-168.0194091796875,0.0,1
586,0,1287.9776611328125,1924.349365234375,25.125,0.0,-168.0194091796875,0.0,1
587,0,1260.6500244140625,1891.460205078125,25.125,0.0,-151.1224365234375,0.0,1
588,0,1228.976318359375,1893.8780517578125,25.125,0.0,-151.1224365234375,0.0,1
589,0,1187.2362060546875,1896.08349609375,25.125,0.0,-151.1224365234375,0.0,1
590,0,1170.64306640625,1871.09228515625,25.125,0.0,-151.1224365234375,0.0,1
591,0,1150.16845703125,1836.771240234375,25.125,0.0,-151.1224365234375,0.0,1
592,0,1119.8822021484375,1836.5396728515625,25.125,0.0,-151.1224365234375,0.0,1
593,0,1110.966796875,1828.1265869140625,25.125,0.0,-151.1224365234375,0.0,1
594,0,1102.441162109375,1833.652099609375,25.125,0.0,-151.1224365234375,0.0,1
595,0,1073.302734375,1834.6619873046875,25.125,0.0,-134.2254638671875,0.0,1
596,0,1032.646728515625,1842.1943359375,25.125,0.0,-134.2254638671875,0.0,1
597,0,996.56591796875,1863.3912353515625,25.125,0.0,-134.2254638671875,0.0,1
598,0,959.4447631835938,1859.4561767578125,25.125,0.0,-117.3284912109375,0.0,1
599,0,916.59619140625,1855.596435546875,25.125,0.0,-117.3284912109375,0.0,1
600,0,877.672607421875,1838.3648681640625,25.125,0.0,-117.3284912109375,0.0,1
601,0,848.3855590820312,1807.75390625,25.125,0.0,-117.3284912109375,0.0,1
602,0,852.1731567382812,1775.8780517578125,25.125,0.0,-117.3284912109375,0.0,1
603,0,858.6968994140625,1734.5362548828125,25.125,0.0,-100.4315185546875,0.0,1
604,0,856.5006103515625,1693.617431640625,25.125,0.0,-100.4315185546875,0.0,1
605,0,851.263671875,1652.282470703125,25.125,0.0,-100.4315185546875,0.0,1
606,0,846.731689453125,1611.6553955078125,25.125,0.0,-83.5345458984375,0.0,1
607,0,848.9208374023438,1569.060791015625,25.125,0.0,-66.64306640625,0.0,1
608,0,874.4376831054688,1551.1148681640625,25.125,0.0,-66.64306640625,0.0,1
609,0,877.0263671875,1539.2464599609375,25.125,0.0,-66.64306640625,0.0,1
610,0,875.0053100585938,1505.9771728515625,25.125,0.0,-66.64306640625,0.0,1
611,0,858.9212036132812,1470.55859375,25.125,0.0,-66.64306640625,0.0,1
612,0,851.4467163085938,1427.6904296875,25.125,0.0,-49.74609375,0.0,1
613,0,868.640869140625,1416.125732421875,25.125,0.0,-49.74609375,0.0,1
614,0,902.869384765625,1431.115234375,25.125,0.0,-49.74609375,0.0,1
615,0,941.2144775390625,1426.9351806640625,25.125,0.0,-49.74609375,0.0,1
616,0,949.4608154296875,1399.3936767578125,25.125,0.0,-49.74609375,0.0,1
617,0,957.603759765625,1359.95166015625,25.125,0.0,-49.74609375,0.0,1
618,0,986.2571411132812,1349.455810546875,25.125,0.0,-49.74609375,0.0,1
619,0,1025.0538330078125,1335.9078369140625,25.125,0.0,-49.74609375,0.0,1
620,0,1031.649169921875,1307.149169921875,25.125,0.0,-49.74609375,0.0,1
621,0,1042.2099609375,1268.345458984375,25.125,0.0,-32.84912109375,0.0,1
622,0,1067.3214111328125,1235.17724609375,25.125,0.0,-49.74609375,0.0,1
623,0,1096.9603271484375,1216.12548828125,25.125,0.0,-32.84912109375,0.0,1
624,0,1137.7381591796875,1210.6612548828125,25.125,0.0,-49.74609375,0.0,1
625,0,1182.34423828125,1213.970947265625,25.125,0.0,-49.74609375,0.0,1
626,0,1226.24365234375,1207.58056640625,25.125,0.0,-32.84912109375,0.0,1
627,0,1264.6199951171875,1193.4886474609375,25.125,0.0,-15.9521484375,0.0,1
628,0,1304.0545654296875,1180.0843505859375,25.125,0.0,-15.9521484375,0.0,1
629,0,1322.8453369140625,1150.28955078125,25.125,0.0,-15.9521484375,0.0,1
630,0,1347.728515625,1116.1263427734375,25.125,0.0,-32.84912109375,0.0,1
631,0,1386.5546875,1116.1251220703125,25.125,0.0,-15.9521484375,0.0,1
632,0,1428.4910888671875,1116.1075439453125,25.125,0.0,0.94482421875,0.0,1
633,0,1469.4462890625,1118.264404296875,25.125,0.0,17.8363037109375,0.0,1
634,0,1509.8299560546875,1123.8946533203125,25.125,0.0,0.94482421875,0.0,1
635,0,1551.376708984375,1127.46630859375,25.125,0.0,0.94482421875,0.0,1
636,0,1577.47607421875,1152.6031494140625,25.125,0.0,0.94482421875,0.0,1
637,0,1613.28173828125,1175.3963623046875,25.125,0.0,-15.9521484375,0.0,1
638,0,1655.0650634765625,1180.52587890625,25.125,0.0,0.94482421875,0.0,1
639,0,1695.7080078125,1184.594970703125,25.125,0.0,17.8363037109375,0.0,1
640,0,1736.0418701171875,1194.985107421875,25.125,0.0,34.7332763671875,0.0,1
641,0,1773.4898681640625,1214.618408203125,25.125,0.0,51.6302490234375,0.0,1
642,0,1783.874267578125,1242.8651123046875,25.125,0.0,34.7332763671875,0.0,1
643,0,1783.8746337890625,1243.9136962890625,25.125,0.0,34.7332763671875,0.0,1
644,0,1770.370849609375,1253.2332763671875,25.125,0.0,34.7332763671875,0.0,1
645,0,1777.36328125,1279.66845703125,25.125,0.0,17.8363037109375,0.0,1
646,0,1783.8740234375,1301.3831787109375,25.125,0.0,0.94482421875,0.0,1
647,0,1783.875,1288.15625,25.125,0.0,0.94482421875,0.0,1
648,0,1783.8740234375,1268.831298828125,25.125,0.0,0.94482421875,0.0,1
649,0,1783.8741455078125,1264.88134765625,25.125,0.0,17.8363037109375,0.0,1
650,0,1776.787109375,1287.7491455078125,25.125,0.0,17.8363037109375,0.0,1
651,0,1764.2708740234375,1327.4222412109375,25.125,0.0,17.8363037109375,0.0,1
652,0,1777.3094482421875,1362.5201416015625,25.125,0.0,34.7332763671875,0.0,1
653,0,1808.990234375,1392.5455322265625,25.125,0.0,17.8363037109375,0.0,1
654,0,1847.0916748046875,1411.9244384765625,25.125,0.0,0.94482421875,0.0,1
655,0,1883.8714599609375,1423.53271484375,25.125,0.0,17.8363037109375,0.0,1
656,0,1883.874267578125,1440.40087890625,25.125,0.0,34.7332763671875,0.0,1
657,0,1883.87451171875,1468.43896484375,25.125,0.0,34.7332763671875,0.0,1
658,0,1883.874267578125,1502.3402099609375,25.125,0.0,34.7332763671875,0.0,1
659,0,1892.606689453125,1538.916259765625,25.125,0.0,34.7332763671875,0.0,1
660,0,1922.8629150390625,1571.818603515625,25.125,0.0,17.8363037109375,0.0,1
661,0,1958.441650390625,1593.9249267578125,25.125,0.0,17.8363037109375,0.0,1
662,0,1983.8741455078125,1611.4290771484375,25.125,0.0,17.8363037109375,0.0,1
663,0,1983.874267578125,1632.56689453125,25.125,0.0,34.7332763671875,0.0,1
664,0,1983.874267578125,1663.327880859375,25.125,0.0,34.7332763671875,0.0,1
665,0,1983.8743896484375,1700.4168701171875,25.125,0.0,51.6302490234375,0.0,1
666,0,1983.87451171875,1743.5911865234375,25.125,0.0,34.7332763671875,0.0,1
667,0,1983.87451171875,1752.27880859375,25.125,0.0,34.7332763671875,0.0,1
668,0,1983.8743896484375,1755.833984375,25.125,0.0,17.8363037109375,0.0,1
669,0,1976.4124755859375,1784.4737548828125,25.125,0.0,17.8363037109375,0.0,1
670,0,1983.87451171875,1819.9036865234375,25.125,0.0,34.7332763671875,0.0,1
671,0,1972.055419921875,1860.15673828125,25.125,0.0,34.7332763671875,0.0,1
672,0,1978.2950439453125,1900.1666259765625,25.125,0.0,51.6302490234375,0.0,1
673,0,1969.78369140625,1941.30810546875,25.125,0.0,51.6302490234375,0.0,1
674,0,1970.223876953125,1983.874267578125,25.125,0.0,51.6302490234375,0.0,1
675,0,1983.8746337890625,1983.875,25.125,0.0,51.6302490234375,0.0,1
676,0,1983.8743896484375,1983.875,25.125,0.0,51.6302490234375,0.0,1
677,0,1983.874755859375,1983.875,25.125,0.0,68.5272216796875,0.0,1
678,0,1983.8748779296875,1983.875,25.125,0.0,85.4241943359375,0.0,1
679,0,1961.077880859375,1983.875,25.125,0.0,85.4241943359375,0.0,1
680,0,1961.354736328125,1982.3843994140625,25.125,0.0,85.4241943359375,0.0,1
681,0,1952.5181884765625,1982.87646484375,25.125,0.0,85.4241943359375,0.0,1
682,0,1936.7318115234375,1983.8740234375,25.125,0.0,85.4241943359375,0.0,1
683,0,1936.86572265625,1983.8741455078125,25.125,0.0,68.5272216796875,0.0,1
684,0,1949.6534423828125,1983.87451171875,25.125,0.0,51.6302490234375,0.0,1
685,0,1975.753173828125,1983.8741455078125,25.125,0.0,68.5272216796875,0.0,1
686,0,1983.874755859375,1983.875,25.125,0.0,68.5272216796875,0.0,1
687,0,1983.8743896484375,1983.875,25.125,0.0,51.6302490234375,0.0,1
688,0,1983.8746337890625,1983.875,25.125,0.0,68.5272216796875,0.0,1
689,0,1983.8743896484375,1983.875,25.125,0.0,51.6302490234375,0.0,1
690,0,1983.874267578125,1983.875,25.125,0.0,34.7332763671875,0.0,1
691,0,1983.8746337890625,1965.1314697265625,25.125,0.0,34.7332763671875,0.0,1
692,0,1983.8741455078125,1956.8294677734375,25.125,0.0,17.8363037109375,0.0,1
693,0,1983.8743896484375,1962.765380859375,25.125,0.0,17.8363037109375,0.0,1
694,0,1983.874755859375,1944.7701416015625,25.125,0.0,17.8363037109375,0.0,1
695,0,1977.3974609375,1945.0955810546875,25.125,0.0,17.8363037109375,0.0,1
696,0,1978.4866943359375,1935.362060546875,25.125,0.0,17.8363037109375,0.0,1
697,0,1983.8740234375,1922.0914306640625,25.125,0.0,0.94482421875,0.0,1
698,0,1983.8741455078125,1917.7659912109375,25.125,0.0,-15.9521484375,0.0,1
699,0,1983.8740234375,1914.1026611328125,25.125,0.0,0.94482421875,0.0,1
700,0,1983.8743896484375,1914.2100830078125,25.125,0.0,0.94482421875,0.0,1
701,0,1983.8741455078125,1915.6529541015625,25.125,0.0,17.8363037109375,0.0,1
702,0,1976.697265625,1939.100341796875,25.125,0.0,17.8363037109375,0.0,1
703,0,1983.8741455078125,1970.6807861328125,25.125,0.0,17.8363037109375,0.0,1
704,0,1983.87451171875,1983.875,25.125,0.0,34.7332763671875,0.0,1
705,0,1983.8741455078125,1983.875,25.125,0.0,17.8363037109375,0.0,1
706,0,1983.874267578125,1983.875,25.125,0.0,34.7332763671875,0.0,1
707,0,1971.111572265625,1983.874267578125,25.125,0.0,34.7332763671875,0.0,1
708,0,1944.3927001953125,1983.874267578125,25.125,0.0,34.7332763671875,0.0,1
709,0,1944.03125,1983.8746337890625,25.125,0.0,34.7332763671875,0.0,1
710,0,1977.060546875,1983.874755859375,25.125,0.0,17.8363037109375,0.0,1
711,0,1980.8868408203125,1983.8743896484375,25.125,0.0,17.8363037109375,0.0,1
712,0,1983.874267578125,1983.875,25.125,0.0,34.7332763671875,0.0,1
713,0,1983.8743896484375,1983.875,25.125,0.0,51.6302490234375,0.0,1
714,0,1983.8746337890625,1983.875,25.125,0.0,68.5272216796875,0.0,1
715,0,1983.8746337890625,1983.875,25.125,0.0,68.5272216796875,0.0,1
716,0,1962.53173828125,1983.874755859375,25.125,0.0,68.5272216796875,0.0,1
717,0,1945.8885498046875,1983.8740234375,25.125,0.0,85.4241943359375,0.0,1
718,0,1946.516357421875,1983.8743896484375,25.125,0.0,68.5272216796875,0.0,1
719,0,1959.9537353515625,1983.874267578125,25.125,0.0,51.6302490234375,0.0,1
720,0,1983.87451171875,1983.875,25.125,0.0,34.7332763671875,0.0,1
721,0,1971.102294921875,1983.874267578125,25.125,0.0,34.7332763671875,0.0,1
722,0,1976.8673095703125,1983.87451171875,25.125,0.0,34.7332763671875,0.0,1
723,0,1983.87451171875,1964.5960693359375,25.125,0.0,34.7332763671875,0.0,1
724,0,1970.53076171875,1963.776123046875,25.125,0.0,34.7332763671875,0.0,1
725,0,1977.44482421875,1983.873291015625,25.125,0.0,17.8363037109375,0.0,1
726,0,1983.8740234375,1983.875,25.125,0.0,0.94482421875,0.0,1
727,0,1983.8743896484375,1983.875,25.125,0.0,17.8363037109375,0.0,1
728,0,1983.874267578125,1983.875,25.125,0.0,34.7332763671875,0.0,1
729,0,1971.779052734375,1983.87451171875,25.125,0.0,34.7332763671875,0.0,1
730,0,1979.72119140625,1983.874755859375,25.125,0.0,17.8363037109375,0.0,1
731,0,1983.8741455078125,1983.875,25.125,0.0,17.8363037109375,0.0,1
732,0,1983.8743896484375,1983.875,25.125,0.0,0.94482421875,0.0,1
733,0,1983.8740234375,1983.875,25.125,0.0,0.94482421875,0.0,1
734,0,1983.8743896484375,1983.875,25.125,0.0,17.8363037109375,0.0,1
735,0,1983.8741455078125,1983.875,25.125,0.0,17.8363037109375,0.0,1
736,0,1983.87451171875,1983.875,25.125,0.0,34.7332763671875,0.0,1
737,0,1983.8743896484375,1983.875,25.125,0.0,51.6302490234375,0.0,1
738,0,1983.8746337890625,1983.875,25.125,0.0,68.5272216796875,0.0,1
739,0,1983.8743896484375,1983.875,25.125,0.0,51.6302490234375,0.0,1
740,0,1983.874267578125,1970.4139404296875,25.125,0.0,51.6302490234375,0.0,1
741,0,1983.87451171875,1972.21728515625,25.125,0.0,34.7332763671875,0.0,1
742,0,1983.875,1983.87451171875,25.125,0.0,34.7332763671875,0.0,1
743,0,1983.875,1983.87451171875,25.125,0.0,51.6302490234375,0.0,1
744,0,1965.3739013671875,1983.8743896484375,25.125,0.0,51.6302490234375,0.0,1
745,0,1963.0274658203125,1983.8746337890625,25.125,0.0,34.7332763671875,0.0,1
746,0,1983.874267578125,1983.875,25.125,0.0,34.7332763671875,0.0,1
747,0,1983.8741455078125,1983.875,25.125,0.0,17.8363037109375,0.0,1
748,0,1979.034423828125,1983.8741455078125,25.125,0.0,17.8363037109375,0.0,1
749,0,1983.8740234375,1983.875,25.125,0.0,0.94482421875,0.0,1
750,0,1983.8743896484375,1982.8343505859375,25.125,0.0,-15.9521484375,0.0,1
751,0,1983.8740234375,1981.19189453125,25.125,0.0,0.94482421875,0.0,1
752,0,1983.8743896484375,1980.1512451171875,25.125,0.0,-15.9521484375,0.0,1
753,0,1983.874755859375,1983.875,25.125,0.0,-15.9521484375,0.0,1
754,0,1983.8748779296875,1983.875,25.125,0.0,-15.9521484375,0.0,1
755,0,1983.8741455078125,1979.8182373046875,25.125,0.0,-15.9521484375,0.0,1
756,0,1983.874267578125,1967.9400634765625,25.125,0.0,-32.84912109375,0.0,1
757,0,1983.874267578125,1942.7958984375,25.125,0.0,-32.84912109375,0.0,1
758,0,1983.874267578125,1911.495849609375,25.125,0.0,-32.84912109375,0.0,1
759,0,1983.87451171875,1877.2227783203125,25.125,0.0,-32.84912109375,0.0,1
760,0,1983.8743896484375,1838.2099609375,25.125,0.0,-49.74609375,0.0,1
761,0,1968.747802734375,1798.60302734375,25.125,0.0,-49.74609375,0.0,1
762,0,1943.217529296875,1764.377685546875,25.125,0.0,-49.74609375,0.0,1
763,0,1938.0208740234375,1725.05224609375,25.125,0.0,-66.64306640625,0.0,1
764,0,1946.9224853515625,1683.5831298828125,25.125,0.0,-66.64306640625,0.0,1
765,0,1957.84814453125,1644.320068359375,25.125,0.0,-83.5345458984375,0.0,1
766,0,1983.871337890625,1620.943603515625,25.125,0.0,-83.5345458984375,0.0,1
767,0,1983.8746337890625,1588.1077880859375,25.125,0.0,-66.64306640625,0.0,1
768,0,1963.0267333984375,1551.39892578125,25.125,0.0,-66.64306640625,0.0,1
769,0,1929.398681640625,1524.3402099609375,25.125,0.0,-66.64306640625,0.0,1
770,0,1913.4869384765625,1516.1256103515625,25.125,0.0,-83.5345458984375,0.0,1
771,0,1911.1502685546875,1516.1258544921875,25.125,0.0,-100.4315185546875,0.0,1
772,0,1906.632080078125,1516.1258544921875,25.125,0.0,-117.3284912109375,0.0,1
773,0,1886.9605712890625,1516.1256103515625,25.125,0.0,-134.2254638671875,0.0,1
774,0,1883.8743896484375,1502.638671875,25.125,0.0,-134.2254638671875,0.0,1
775,0,1870.5462646484375,1469.2734375,25.125,0.0,-117.3284912109375,0.0,1
776,0,1837.096923828125,1456.2171630859375,25.125,0.0,-117.3284912109375,0.0,1
777,0,1801.9696044921875,1435.09423828125,25.125,0.0,-100.4315185546875,0.0,1
778,0,1806.41748046875,1407.49853515625,25.125,0.0,-100.4315185546875,0.0,1
779,0,1818.100830078125,1371.7349853515625,25.125,0.0,-100.4315185546875,0.0,1
780,0,1816.572021484375,1328.1790771484375,25.125,0.0,-117.3284912109375,0.0,1
781,0,1803.9190673828125,1316.1258544921875,25.125,0.0,-117.3284912109375,0.0,1
782,0,1780.730712890625,1315.3043212890625,25.125,0.0,-117.3284912109375,0.0,1
783,0,1744.3592529296875,1321.5323486328125,25.125,0.0,-117.3284912109375,0.0,1
784,0,1739.40234375,1318.97021484375,25.125,0.0,-117.3284912109375,0.0,1
785,0,1735.66943359375,1291.8333740234375,25.125,0.0,-134.2254638671875,0.0,1
786,0,1710.7119140625,1257.735595703125,25.125,0.0,-151.1224365234375,0.0,1
787,0,1678.5205078125,1229.9649658203125,25.125,0.0,-151.1224365234375,0.0,1
788,0,1643.0667724609375,1208.36962890625,25.125,0.0,-168.0194091796875,0.0,1
789,0,1603.0447998046875,1195.0135498046875,25.125,0.0,175.089111328125,0.0,1
790,0,1560.5728759765625,1192.5987548828125,25.125,0.0,158.192138671875,0.0,1
791,0,1541.334228515625,1216.1046142578125,25.125,0.0,158.192138671875,0.0,1
792,0,1518.521484375,1250.28271484375,25.125,0.0,141.295166015625,0.0,1
793,0,1516.1253662109375,1285.8819580078125,25.125,0.0,124.398193359375,0.0,1
794,0,1515.6226806640625,1330.3138427734375,25.125,0.0,107.501220703125,0.0,1
795,0,1491.699462890625,1350.704833984375,25.125,0.0,107.501220703125,0.0,1
796,0,1463.1590576171875,1379.7132568359375,25.125,0.0,90.604248046875,0.0,1
797,0,1449.526123046875,1420.2117919921875,25.125,0.0,90.604248046875,0.0,1
798,0,1445.1905517578125,1461.9439697265625,25.125,0.0,73.7127685546875,0.0,1
799,0,1449.1463623046875,1503.1275634765625,25.125,0.0,73.7127685546875,0.0,1
800,0,1475.8720703125,1523.084228515625,25.125,0.0,73.7127685546875,0.0,1
801,0,1518.9307861328125,1523.181884765625,25.125,0.0,73.7127685546875,0.0,1
802,0,1523.378173828125,1526.8922119140625,25.125,0.0,73.7127685546875,0.0,1
803,0,1515.650146484375,1556.087890625,25.125,0.0,90.604248046875,0.0,1
804,0,1513.283935546875,1583.8743896484375,25.125,0.0,90.604248046875,0.0,1
805,0,1489.291015625,1583.7021484375,25.125,0.0,90.604248046875,0.0,1
806,0,1461.40576171875,1598.3389892578125,25.125,0.0,107.501220703125,0.0,1
807,0,1440.50732421875,1634.144775390625,25.125,0.0,107.501220703125,0.0,1
808,0,1425.8897705078125,1673.0927734375,25.125,0.0,90.604248046875,0.0,1
809,0,1395.3037109375,1699.37548828125,25.125,0.0,90.604248046875,0.0,1
810,0,1365.4974365234375,1732.3985595703125,25.125,0.0,107.501220703125,0.0,1
811,0,1344.83740234375,1767.677734375,25.125,0.0,124.398193359375,0.0,1
812,0,1320.9984130859375,1802.4669189453125,25.125,0.0,141.295166015625,0.0,1
813,0,1292.981689453125,1832.4942626953125,25.125,0.0,141.295166015625,0.0,1
814,0,1262.16162109375,1860.558349609375,25.125,0.0,141.295166015625,0.0,1
815,0,1231.1798095703125,1886.8851318359375,25.125,0.0,141.295166015625,0.0,1
816,0,1198.3646240234375,1911.5028076171875,25.125,0.0,158.192138671875,0.0,1
817,0,1160.9180908203125,1930.1661376953125,25.125,0.0,175.089111328125,0.0,1
818,0,1121.0665283203125,1941.086669921875,25.125,0.0,175.089111328125,0.0,1
819,0,1080.2501220703125,1949.80615234375,25.125,0.0,158.192138671875,0.0,1
820,0,1041.1754150390625,1961.547119140625,25.125,0.0,158.192138671875,0.0,1
821,0,1001.954833984375,1975.50732421875,25.125,0.0,158.192138671875,0.0,1
822,0,962.454833984375,1983.874755859375,25.125,0.0,158.192138671875,0.0,1
823,0,943.11083984375,1983.8741455078125,25.125,0.0,158.192138671875,0.0,1
824,0,919.283203125,1983.8746337890625,25.125,0.0,158.192138671875,0.0,1
825,0,877.042236328125,1983.8748779296875,25.125,0.0,158.192138671875,0.0,1
826,0,857.573486328125,1983.8741455078125,25.125,0.0,158.192138671875,0.0,1
827,0,834.39013671875,1983.8746337890625,25.125,0.0,141.295166015625,0.0,1
828,0,797.9987182617188,1966.102783203125,25.125,0.0,141.295166015625,0.0,1
829,0,759.3290405273438,1966.8714599609375,25.125,0.0,124.398193359375,0.0,1
830,0,722.7131958007812,1983.874267578125,25.125,0.0,124.398193359375,0.0,1
831,0,684.6640625,1983.8743896484375,25.125,0.0,141.295166015625,0.0,1
832,0,643.5299682617188,1967.066162109375,25.125,0.0,141.295166015625,0.0,1
833,0,603.4658813476562,1969.0264892578125,25.125,0.0,124.398193359375,0.0,1
834,0,595.9913330078125,1983.8746337890625,25.125,0.0,124.398193359375,0.0,1
835,0,587.3275756835938,1983.8743896484375,25.125,0.0,141.295166015625,0.0,1
836,0,554.5477905273438,1983.874755859375,25.125,0.0,158.192138671875,0.0,1
837,0,507.7135925292969,1983.8743896484375,25.125,0.0,141.295166015625,0.0,1
838,0,458.77581787109375,1983.87451171875,25.125,0.0,141.295166015625,0.0,1
839,0,441.8468933105469,1983.874267578125,25.125,0.0,141.295166015625,0.0,1
840,0,429.297119140625,1966.322021484375,25.125,0.0,141.295166015625,0.0,1
841,0,395.146728515625,1959.778076171875,25.125,0.0,158.192138671875,0.0,1
842,0,353.74652099609375,1968.29150390625,25.125,0.0,158.192138671875,0.0,1
843,0,336.7289123535156,1983.8743896484375,25.125,0.0,158.192138671875,0.0,1
844,0,314.3083190917969,1983.8743896484375,25.125,0.0,141.295166015625,0.0,1
845,0,275.7838134765625,1983.8746337890625,25.125,0.0,141.295166015625,0.0,1
846,0,262.387939453125,1983.874267578125,25.125,0.0,141.295166015625,0.0,1
847,0,249.92172241210938,1983.874267578125,25.125,0.0,124.398193359375,0.0,1
848,0,224.8426971435547,1983.8741455078125,25.125,0.0,107.501220703125,0.0,1
849,0,204.750732421875,1983.8740234375,25.125,0.0,90.604248046875,0.0,1
850,0,218.17599487304688,1983.875,25.125,0.0,90.604248046875,0.0,1
851,0,258.4448547363281,1983.875,25.125,0.0,90.604248046875,0.0,1
852,0,287.789794921875,1983.8743896484375,25.125,0.0,73.7127685546875,0.0,1
853,0,307.9461669921875,1983.8740234375,25.125,0.0,90.604248046875,0.0,1
854,0,295.1630554199219,1983.7408447265625,25.125,0.0,90.604248046875,0.0,1
855,0,275.2294616699219,1983.8740234375,25.125,0.0,90.604248046875,0.0,1
856,0,289.22857666015625,1983.875,25.125,0.0,90.604248046875,0.0,1
857,0,309.1322326660156,1983.8740234375,25.125,0.0,90.604248046875,0.0,1
858,0,313.24835205078125,1983.8741455078125,25.125,0.0,107.501220703125,0.0,1
859,0,311.1502990722656,1983.8743896484375,25.125,0.0,90.604248046875,0.0,1
860,0,309.7608947753906,1983.8741455078125,25.125,0.0,107.501220703125,0.0,1
861,0,303.6072692871094,1983.8743896484375,25.125,0.0,107.501220703125,0.0,1
862,0,288.2324523925781,1983.874267578125,25.125,0.0,124.398193359375,0.0,1
863,0,258.7513427734375,1983.8743896484375,25.125,0.0,141.295166015625,0.0,1
864,0,217.06248474121094,1983.8743896484375,25.125,0.0,141.295166015625,0.0,1
865,0,171.91433715820312,1983.874755859375,25.125,0.0,158.192138671875,0.0,1
866,0,135.2398223876953,1962.671142578125,25.125,0.0,158.192138671875,0.0,1
867,0,116.12572479248047,1954.1539306640625,25.125,0.0,141.295166015625,0.0,1
868,0,116.12548828125,1972.43212890625,25.125,0.0,141.295166015625,0.0,1
869,0,116.125,1983.8746337890625,25.125,0.0,158.192138671875,0.0,1
870,0,116.125,1983.874755859375,25.125,0.0,158.192138671875,0.0,1
871,0,116.125,1983.8748779296875,25.125,0.0,175.089111328125,0.0,1
872,0,116.12507629394531,1961.112548828125,25.125,0.0,175.089111328125,0.0,1
873,0,116.12590026855469,1936.0751953125,25.125,0.0,-168.0194091796875,0.0,1
874,0,120.67784118652344,1901.15380859375,25.125,0.0,-168.0194091796875,0.0,1
875,0,116.12554931640625,1867.1663818359375,25.125,0.0,-151.1224365234375,0.0,1
876,0,116.12580871582031,1834.21826171875,25.125,0.0,-151.1224365234375,0.0,1
877,0,116.12543487548828,1799.4068603515625,25.125,0.0,-134.2254638671875,0.0,1
878,0,131.505859375,1759.192138671875,25.125,0.0,-134.2254638671875,0.0,1
879,0,131.80535888671875,1717.6021728515625,25.125,0.0,-117.3284912109375,0.0,1
880,0,147.87515258789062,1678.9376220703125,25.125,0.0,-117.3284912109375,0.0,1
881,0,178.63485717773438,1649.938232421875,25.125,0.0,-117.3284912109375,0.0,1
882,0,188.98934936523438,1616.12890625,25.125,0.0,-117.3284912109375,0.0,1
883,0,181.8055419921875,1611.65185546875,25.125,0.0,-100.4315185546875,0.0,1
884,0,169.1606903076172,1579.12939453125,25.125,0.0,-117.3284912109375,0.0,1
885,0,154.0847930908203,1540.18994140625,25.125,0.0,-100.4315185546875,0.0,1
886,0,142.87411499023438,1500.9307861328125,25.125,0.0,-100.4315185546875,0.0,1
887,0,133.64889526367188,1460.3299560546875,25.125,0.0,-100.4315185546875,0.0,1
888,0,123.66576385498047,1420.665771484375,25.125,0.0,-117.3284912109375,0.0,1
889,0,116.12564086914062,1380.3909912109375,25.125,0.0,-134.2254638671875,0.0,1
890,0,116.12580871582031,1338.8375244140625,25.125,0.0,-151.1224365234375,0.0,1
891,0,116.1256103515625,1304.138427734375,25.125,0.0,-168.0194091796875,0.0,1
892,0,116.12590789794922,1279.8489990234375,25.125,0.0,-168.0194091796875,0.0,1
893,0,116.12554931640625,1258.3453369140625,25.125,0.0,-151.1224365234375,0.0,1
894,0,116.12580871582031,1230.8385009765625,25.125,0.0,-151.1224365234375,0.0,1
895,0,126.35139465332031,1193.5908203125,25.125,0.0,-151.1224365234375,0.0,1
896,0,142.83084106445312,1155.172119140625,25.125,0.0,-151.1224365234375,0.0,1
897,0,135.4853057861328,1117.3695068359375,25.125,0.0,-134.2254638671875,0.0,1
898,0,116.1264877319336,1080.96240234375,25.125,0.0,-117.3284912109375,0.0,1
899,0,116.12582397460938,1069.1358642578125,25.125,0.0,-117.3284912109375,0.0,1
900,0,116.12555694580078,1080.1890869140625,25.125,0.0,-117.3284912109375,0.0,1
901,0,116.12582397460938,1101.9752197265625,25.125,0.0,-117.3284912109375,0.0,1
902,0,116.12511444091797,1095.7032470703125,25.125,0.0,-100.4315185546875,0.0,1
903,0,116.12510681152344,1057.2039794921875,25.125,0.0,-100.4315185546875,0.0,1
904,0,116.12561798095703,1034.4571533203125,25.125,0.0,-100.4315185546875,0.0,1
905,0,116.12513732910156,1002.8295288085938,25.125,0.0,-100.4315185546875,0.0,1
906,0,116.12510681152344,961.6417236328125,25.125,0.0,-100.4315185546875,0.0,1
907,0,116.31552124023438,919.9223022460938,25.125,0.0,-83.5345458984375,0.0,1
908,0,140.1087188720703,895.9424438476562,25.125,0.0,-83.5345458984375,0.0,1
909,0,167.0677947998047,864.3001098632812,25.125,0.0,-83.5345458984375,0.0,1
910,0,182.25091552734375,824.1543579101562,25.125,0.0,-83.5345458984375,0.0,1
911,0,184.8749237060547,815.125,25.125,0.0,-83.5345458984375,0.0,1
912,0,184.8746337890625,815.125,25.125,0.0,-66.64306640625,0.0,1
913,0,194.4253692626953,822.6195068359375,25.125,0.0,-66.64306640625,0.0,1
914,0,222.84654235839844,816.125732421875,25.125,0.0,-49.74609375,0.0,1
915,0,260.9183044433594,816.12548828125,25.125,0.0,-32.84912109375,0.0,1
916,0,276.08453369140625,816.1255493164062,25.125,0.0,-32.84912109375,0.0,1
917,0,293.0018005371094,816.125732421875,25.125,0.0,-49.74609375,0.0,1
918,0,322.85052490234375,814.0867309570312,25.125,0.0,-66.64306640625,0.0,1
919,0,349.53192138671875,783.986572265625,25.125,0.0,-83.5345458984375,0.0,1
920,0,384.8699035644531,761.6703491210938,25.125,0.0,-83.5345458984375,0.0,1
921,0,388.71673583984375,749.7152709960938,25.125,0.0,-83.5345458984375,0.0,1
922,0,378.992431640625,719.5935668945312,25.125,0.0,-83.5345458984375,0.0,1
923,0,399.56884765625,718.2603149414062,25.125,0.0,-83.5345458984375,0.0,1
924,0,439.67266845703125,722.6886596679688,25.125,0.0,-83.5345458984375,0.0,1
925,0,471.7026672363281,716.1255493164062,25.125,0.0,-66.64306640625,0.0,1
926,0,503.355224609375,716.125732421875,25.125,0.0,-49.74609375,0.0,1
927,0,542.0538330078125,710.035888671875,25.125,0.0,-32.84912109375,0.0,1
928,0,581.1866455078125,695.2904052734375,25.125,0.0,-15.9521484375,0.0,1
929,0,599.6099853515625,664.4667358398438,25.125,0.0,-15.9521484375,0.0,1
930,0,599.9889526367188,621.0923461914062,25.125,0.0,-15.9521484375,0.0,1
931,0,620.8557739257812,590.651611328125,25.125,0.0,0.94482421875,0.0,1
932,0,644.83349609375,553.622314453125,25.125,0.0,0.94482421875,0.0,1
933,0,676.5908813476562,525.084228515625,25.125,0.0,-15.9521484375,0.0,1
934,0,715.4432983398438,508.0938720703125,25.125,0.0,0.94482421875,0.0,1
935,0,758.6903686523438,502.20086669921875,25.125,0.0,17.8363037109375,0.0,1
936,0,779.4351806640625,524.2859497070312,25.125,0.0,17.8363037109375,0.0,1
937,0,791.98291015625,524.466064453125,25.125,0.0,17.8363037109375,0.0,1
938,0,824.061767578125,518.1661987304688,25.125,0.0,17.8363037109375,0.0,1
939,0,864.950927734375,523.7689819335938,25.125,0.0,17.8363037109375,0.0,1
940,0,904.7440795898438,535.253662109375,25.125,0.0,34.7332763671875,0.0,1
941,0,941.8084716796875,555.2914428710938,25.125,0.0,51.6302490234375,0.0,1
942,0,983.8849487304688,556.302978515625,25.125,0.0,51.6302490234375,0.0,1
943,0,1026.5999755859375,563.5736694335938,25.125,0.0,34.7332763671875,0.0,1
944,0,1039.10009765625,583.874267578125,25.125,0.0,34.7332763671875,0.0,1
945,0,1056.6964111328125,583.8748168945312,25.125,0.0,17.8363037109375,0.0,1
946,0,1084.9339599609375,560.8507080078125,25.125,0.0,17.8363037109375,0.0,1
947,0,1105.5760498046875,524.8005981445312,25.125,0.0,17.8363037109375,0.0,1
948,0,1139.7958984375,507.835693359375,25.125,0.0,17.8363037109375,0.0,1
949,0,1182.1400146484375,508.91693115234375,25.125,0.0,17.8363037109375,0.0,1
950,0,1178.2197265625,534.2213745117188,25.125,0.0,17.8363037109375,0.0,1
951,0,1194.57568359375,566.5682373046875,25.125,0.0,17.8363037109375,0.0,1
952,0,1222.3646240234375,562.5961303710938,25.125,0.0,17.8363037109375,0.0,1
953,0,1231.8931884765625,570.5806274414062,25.125,0.0,17.8363037109375,0.0,1
954,0,1225.1873779296875,607.65380859375,25.125,0.0,17.8363037109375,0.0,1
955,0,1240.7303466796875,644.1100463867188,25.125,0.0,34.7332763671875,0.0,1
956,0,1244.7042236328125,683.8739013671875,25.125,0.0,34.7332763671875,0.0,1
957,0,1260.5399169921875,683.8748168945312,25.125,0.0,17.8363037109375,0.0,1
958,0,1301.555419921875,683.8744506835938,25.125,0.0,34.7332763671875,0.0,1
959,0,1318.46337890625,689.6541137695312,25.125,0.0,34.7332763671875,0.0,1
960,0,1316.12548828125,721.6463012695312,25.125,0.0,34.7332763671875,0.0,1
961,0,1331.285888671875,760.4583129882812,25.125,0.0,51.6302490234375,0.0,1
962,0,1355.4930419921875,795.6141357421875,25.125,0.0,34.7332763671875,0.0,1
963,0,1383.8740234375,824.6326904296875,25.125,0.0,34.7332763671875,0.0,1
964,0,1383.8741455078125,853.8869018554688,25.125,0.0,17.8363037109375,0.0,1
965,0,1383.8741455078125,879.0855102539062,25.125,0.0,17.8363037109375,0.0,1
966,0,1383.8743896484375,898.9771728515625,25.125,0.0,0.94482421875,0.0,1
967,0,1383.4764404296875,931.9684448242188,25.125,0.0,0.94482421875,0.0,1
968,0,1406.626220703125,958.9943237304688,25.125,0.0,0.94482421875,0.0,1
969,0,1430.777099609375,994.9152221679688,25.125,0.0,0.94482421875,0.0,1
970,0,1464.240478515625,1019.0188598632812,25.125,0.0,-15.9521484375,0.0,1
971,0,1510.376953125,1019.7977905273438,25.125,0.0,-32.84912109375,0.0,1
972,0,1551.316650390625,1034.2322998046875,25.125,0.0,-32.84912109375,0.0,1
973,0,1595.734375,1037.7064208984375,25.125,0.0,-32.84912109375,0.0,1
974,0,1635.9757080078125,1027.7657470703125,25.125,0.0,-15.9521484375,0.0,1
975,0,1668.0286865234375,1043.1151123046875,25.125,0.0,-15.9521484375,0.0,1
976,0,1707.706787109375,1054.0,25.125,0.0,-32.84912109375,0.0,1
977,0,1749.1673583984375,1046.6849365234375,25.125,0.0,-15.9521484375,0.0,1
978,0,1783.8740234375,1038.5904541015625,25.125,0.0,0.94482421875,0.0,1
979,0,1783.8743896484375,1039.02734375,25.125,0.0,17.8363037109375,0.0,1
980,0,1783.8740234375,1042.3253173828125,25.125,0.0,0.94482421875,0.0,1
981,0,1783.4656982421875,1065.2060546875,25.125,0.0,0.94482421875,0.0,1
982,0,1783.8741455078125,1086.9334716796875,25.125,0.0,-15.9521484375,0.0,1
983,0,1783.8741455078125,1086.6807861328125,25.125,0.0,-15.9521484375,0.0,1
984,0,1783.8748779296875,1106.6097412109375,25.125,0.0,-15.9521484375,0.0,1
985,0,1793.970703125,1119.35986328125,25.125,0.0,-32.84912109375,0.0,1
986,0,1821.5772705078125,1136.712646484375,25.125,0.0,-32.84912109375,0.0,1
987,0,1828.115234375,1135.4429931640625,25.125,0.0,-32.84912109375,0.0,1
988,0,1842.7254638671875,1116.12548828125,25.125,0.0,-32.84912109375,0.0,1
989,0,1879.8499755859375,1116.125732421875,25.125,0.0,-49.74609375,0.0,1
990,0,1918.39013671875,1116.1258544921875,25.125,0.0,-66.64306640625,0.0,1
991,0,1951.0986328125,1095.0118408203125,25.125,0.0,-66.64306640625,0.0,1
992,0,1975.348876953125,1058.3402099609375,25.125,0.0,-83.5345458984375,0.0,1
993,0,1983.875,1018.5313110351562,25.125,0.0,-83.5345458984375,0.0,1
994,0,1983.874755859375,975.5,25.125,0.0,-66.64306640625,0.0,1
995,0,1983.875,934.7172241210938,25.125,0.0,-83.5345458984375,0.0,1
996,0,1983.8748779296875,892.903076171875,25.125,0.0,-83.5345458984375,0.0,1
997,0,1983.874755859375,850.8551025390625,25.125,0.0,-66.64306640625,0.0,1
998,0,1983.874755859375,806.359130859375,25.125,0.0,-66.64306640625,0.0,1
999,0,1983.8743896484375,760.1267700195312,25.125,0.0,-49.74609375,0.0,1
1000,0,1969.2103271484375,716.2440185546875,25.125,0.0,-49.74609375,0.0,1
1001,0,1967.80908203125,672.2998657226562,25.125,0.0,-66.64306640625,0.0,1
1002,0,1977.193115234375,632.084716796875,25.125,0.0,-66.64306640625,0.0,1
1003,0,1983.874755859375,591.0384521484375,25.125,0.0,-66.64306640625,0.0,1
1004,0,1983.8743896484375,572.0419921875,25.125,0.0,-66.64306640625,0.0,1
1005,0,1983.8743896484375,548.6319580078125,25.125,0.0,-49.74609375,0.0,1
1006,0,1983.874755859375,508.0964050292969,25.125,0.0,-66.64306640625,0.0,1
1007,0,1983.8743896484375,460.7267761230469,25.125,0.0,-49.74609375,0.0,1
1008,0,1983.874755859375,414.6730651855469,25.125,0.0,-66.64306640625,0.0,1
1009,0,1983.875,372.8954162597656,25.125,0.0,-83.5345458984375,0.0,1
1010,0,1983.874755859375,329.8641052246094,25.125,0.0,-66.64306640625,0.0,1
1011,0,1983.8748779296875,286.3808288574219,25.125,0.0,-66.64306640625,0.0,1
1012,0,1962.3148193359375,248.189453125,25.125,0.0,-66.64306640625,0.0,1
1013,0,1963.8714599609375,236.3734130859375,25.125,0.0,-66.64306640625,0.0,1
1014,0,1955.6343994140625,227.93276977539062,25.125,0.0,-66.64306640625,0.0,1
1015,0,1945.53271484375,196.43136596679688,25.125,0.0,-83.5345458984375,0.0,1
1016,0,1946.917236328125,154.63877868652344,25.125,0.0,-66.64306640625,0.0,1
1017,0,1956.4061279296875,116.12770080566406,25.125,0.0,-66.64306640625,0.0,1
1018,0,1973.0135498046875,116.12557220458984,25.125,0.0,-66.64306640625,0.0,1
1019,0,1983.8741455078125,125.51875305175781,25.125,0.0,-66.64306640625,0.0,1
1020,0,1962.367919921875,125.61290740966797,25.125,0.0,-66.64306640625,0.0,1
1021,0,1949.819091796875,116.12584686279297,25.125,0.0,-66.64306640625,0.0,1
1022,0,1957.6324462890625,116.12584686279297,25.125,0.0,-66.64306640625,0.0,1
1023,0,1983.871826171875,125.40623474121094,25.125,0.0,-66.64306640625,0.0,1
1024,0,1983.8741455078125,143.9111328125,25.125,0.0,-66.64306640625,0.0,1
1025,0,1983.8746337890625,137.88363647460938,25.125,0.0,-49.74609375,0.0,1
1026,0,1983.874267578125,116.125,25.125,0.0,-32.84912109375,0.0,1
1027,0,1983.8746337890625,135.26284790039062,25.125,0.0,-32.84912109375,0.0,1
1028,0,1983.87451171875,176.25160217285156,25.125,0.0,-32.84912109375,0.0,1
1029,0,1971.209228515625,186.17706298828125,25.125,0.0,-32.84912109375,0.0,1
1030,0,1979.863037109375,168.40391540527344,25.125,0.0,-15.9521484375,0.0,1
1031,0,1983.874755859375,178.38272094726562,25.125,0.0,-15.9521484375,0.0,1
1032,0,1983.87451171875,186.2672882080078,25.125,0.0,-32.84912109375,0.0,1
1033,0,1983.8743896484375,168.4818115234375,25.125,0.0,-49.74609375,0.0,1
1034,0,1966.547607421875,136.03077697753906,25.125,0.0,-49.74609375,0.0,1
1035,0,1968.30859375,129.97525024414062,25.125,0.0,-49.74609375,0.0,1
1036,0,1961.3099365234375,121.93793487548828,25.125,0.0,-49.74609375,0.0,1
1037,0,1966.127685546875,125.425048828125,25.125,0.0,-49.74609375,0.0,1
1038,0,1983.874267578125,150.20867919921875,25.125,0.0,-49.74609375,0.0,1
1039,0,1983.8743896484375,150.62271118164062,25.125,0.0,-49.74609375,0.0,1
1040,0,1983.8743896484375,122.2363052368164,25.125,0.0,-49.74609375,0.0,1
1041,0,1983.87451171875,122.44416809082031,25.125,0.0,-49.74609375,0.0,1
1042,0,1983.874267578125,148.0768280029297,25.125,0.0,-49.74609375,0.0,1
1043,0,1983.8746337890625,150.6851043701172,25.125,0.0,-49.74609375,0.0,1
1044,0,1983.874267578125,157.32301330566406,25.125,0.0,-49.74609375,0.0,1
1045,0,1983.87451171875,184.02066040039062,25.125,0.0,-49.74609375,0.0,1
1046,0,1983.874267578125,221.00326538085938,25.125,0.0,-49.74609375,0.0,1
1047,0,1983.874267578125,261.39471435546875,25.125,0.0,-49.74609375,0.0,1
1048,0,1965.1734619140625,273.0727233886719,25.125,0.0,-49.74609375,0.0,1
1049,0,1964.1458740234375,283.8890075683594,25.125,0.0,-49.74609375,0.0,1
1050,0,1983.874755859375,277.9228515625,25.125,0.0,-66.64306640625,0.0,1
1051,0,1962.4144287109375,253.75291442871094,25.125,0.0,-66.64306640625,0.0,1
1052,0,1961.8740234375,247.22402954101562,25.125,0.0,-66.64306640625,0.0,1
1053,0,1951.6781005859375,241.12171936035156,25.125,0.0,-66.64306640625,0.0,1
1054,0,1946.310791015625,212.9754180908203,25.125,0.0,-49.74609375,0.0,1
1055,0,1962.0166015625,174.09375,25.125,0.0,-66.64306640625,0.0,1
1056,0,1951.2193603515625,140.53997802734375,25.125,0.0,-66.64306640625,0.0,1
1057,0,1943.20361328125,116.12584686279297,25.125,0.0,-66.64306640625,0.0,1
1058,0,1955.392822265625,116.12570190429688,25.125,0.0,-49.74609375,0.0,1
1059,0,1983.8748779296875,116.12545776367188,25.125,0.0,-49.74609375,0.0,1
1060,0,1983.875,116.12584686279297,25.125,0.0,-66.64306640625,0.0,1
1061,0,1983.875,116.12548065185547,25.125,0.0,-49.74609375,0.0,1
1062,0,1965.9012451171875,116.12559509277344,25.125,0.0,-49.74609375,0.0,1
1063,0,1929.5489501953125,116.12559509277344,25.125,0.0,-49.74609375,0.0,1
1064,0,1918.3978271484375,116.12570190429688,25.125,0.0,-49.74609375,0.0,1
1065,0,1939.5543212890625,116.12550354003906,25.125,0.0,-32.84912109375,0.0,1
1066,0,1977.9874267578125,116.12548065185547,25.125,0.0,-49.74609375,0.0,1
1067,0,1973.127685546875,116.12559509277344,25.125,0.0,-49.74609375,0.0,1
1068,0,1976.176025390625,131.18719482421875,25.125,0.0,-49.74609375,0.0,1
1069,0,1983.8746337890625,126.56832122802734,25.125,0.0,-66.64306640625,0.0,1
1070,0,1983.8748779296875,116.125,25.125,0.0,-83.5345458984375,0.0,1
1071,0,1960.0267333984375,116.12510681152344,25.125,0.0,-83.5345458984375,0.0,1
1072,0,1958.998291015625,118.36825561523438,25.125,0.0,-83.5345458984375,0.0,1
1073,0,1983.8740234375,123.04081726074219,25.125,0.0,-83.5345458984375,0.0,1
1074,0,1983.875,116.12584686279297,25.125,0.0,-66.64306640625,0.0,1
1075,0,1983.8743896484375,123.420654296875,25.125,0.0,-66.64306640625,0.0,1
1076,0,1983.8746337890625,116.125,25.125,0.0,-66.64306640625,0.0,1
1077,0,1983.8743896484375,123.41980743408203,25.125,0.0,-66.64306640625,0.0,1
1078,0,1961.612548828125,121.39659118652344,25.125,0.0,-66.64306640625,0.0,1
1079,0,1960.1998291015625,123.49917602539062,25.125,0.0,-66.64306640625,0.0,1
1080,0,1983.8741455078125,138.786376953125,25.125,0.0,-66.64306640625,0.0,1
1081,0,1983.8741455078125,159.60809326171875,25.125,0.0,-66.64306640625,0.0,1
1082,0,1983.8741455078125,184.29830932617188,25.125,0.0,-66.64306640625,0.0,1
1083,0,1983.8741455078125,209.8990020751953,25.125,0.0,-66.64306640625,0.0,1
1084,0,1962.34912109375,217.72096252441406,25.125,0.0,-66.64306640625,0.0,1
1085,0,1962.263427734375,225.12643432617188,25.125,0.0,-66.64306640625,0.0,1
1086,0,1983.8743896484375,242.61923217773438,25.125,0.0,-66.64306640625,0.0,1
1087,0,1983.8741455078125,265.37554931640625,25.125,0.0,-66.64306640625,0.0,1
1088,0,1983.8741455078125,290.1902770996094,25.125,0.0,-66.64306640625,0.0,1
1089,0,1983.8741455078125,316.1378479003906,25.125,0.0,-66.64306640625,0.0,1
1090,0,1962.3912353515625,324.06915283203125,25.125,0.0,-66.64306640625,0.0,1
1091,0,1961.6904296875,331.18426513671875,25.125,0.0,-66.64306640625,0.0,1
1092,0,1983.8741455078125,349.0152893066406,25.125,0.0,-66.64306640625,0.0,1
1093,0,1983.8743896484375,371.1957092285156,25.125,0.0,-66.64306640625,0.0,1
1094,0,1983.8741455078125,396.5771789550781,25.125,0.0,-66.64306640625,0.0,1
1095,0,1983.874755859375,391.3328552246094,25.125,0.0,-66.64306640625,0.0,1
1096,0,1983.874755859375,353.9219055175781,25.125,0.0,-66.64306640625,0.0,1
1097,0,1983.8743896484375,307.6918640136719,25.125,0.0,-49.74609375,0.0,1
1098,0,1983.874755859375,261.6203918457031,25.125,0.0,-66.64306640625,0.0,1
1099,0,1983.874755859375,218.1302947998047,25.125,0.0,-66.64306640625,0.0,1
1100,0,1983.8743896484375,199.08250427246094,25.125,0.0,-66.64306640625,0.0,1
1101,0,1983.8748779296875,173.75637817382812,25.125,0.0,-83.5345458984375,0.0,1
1102,0,1983.8743896484375,151.5889892578125,25.125,0.0,-83.5345458984375,0.0,1
1103,0,1983.8740234375,147.17599487304688,25.125,0.0,-83.5345458984375,0.0,1
1104,0,1983.8743896484375,147.90850830078125,25.125,0.0,-83.5345458984375,0.0,1
1105,0,1983.8740234375,148.67454528808594,25.125,0.0,-83.5345458984375,0.0,1
1106,0,1961.126708984375,146.0877227783203,25.125,0.0,-83.5345458984375,0.0,1
1107,0,1936.9381103515625,120.02128601074219,25.125,0.0,-100.4315185546875,0.0,1
1108,0,1902.5330810546875,118.61573028564453,25.125,0.0,-100.4315185546875,0.0,1
1109,0,1899.1171875,117.64839935302734,25.125,0.0,-100.4315185546875,0.0,1
1110,0,1934.4378662109375,116.12510681152344,25.125,0.0,-100.4315185546875,0.0,1
1111,0,1975.6258544921875,116.12506866455078,25.125,0.0,-100.4315185546875,0.0,1
1112,0,1983.875,116.12591552734375,25.125,0.0,-83.5345458984375,0.0,1
1113,0,1961.1298828125,116.12510681152344,25.125,0.0,-83.5345458984375,0.0,1
1114,0,1961.2938232421875,118.39556884765625,25.125,0.0,-83.5345458984375,0.0,1
1115,0,1983.8740234375,122.95601654052734,25.125,0.0,-83.5345458984375,0.0,1
1116,0,1960.8865966796875,122.33415222167969,25.125,0.0,-83.5345458984375,0.0,1
1117,0,1939.5137939453125,116.12591552734375,25.125,0.0,-83.5345458984375,0.0,1
1118,0,1908.447021484375,116.12504577636719,25.125,0.0,-83.5345458984375,0.0,1
1119,0,1884.121826171875,116.12591552734375,25.125,0.0,-83.5345458984375,0.0,1
1120,0,1898.12109375,118.22443389892578,25.125,0.0,-83.5345458984375,0.0,1
1121,0,1894.0899658203125,117.91480255126953,25.125,0.0,-83.5345458984375,0.0,1
1122,0,1901.4979248046875,118.80630493164062,25.125,0.0,-83.5345458984375,0.0,1
1123,0,1940.046630859375,123.23981475830078,25.125,0.0,-83.5345458984375,0.0,1
1124,0,1980.4158935546875,127.92515563964844,25.125,0.0,-83.5345458984375,0.0,1
1125,0,1966.024658203125,127.74589538574219,25.125,0.0,-83.5345458984375,0.0,1
1126,0,1926.183349609375,123.94003295898438,25.125,0.0,-83.5345458984375,0.0,1
1127,0,1922.9034423828125,123.827880859375,25.125,0.0,-83.5345458984375,0.0,1
1128,0,1940.8297119140625,116.12584686279297,25.125,0.0,-66.64306640625,0.0,1
1129,0,1974.0628662109375,125.15830993652344,25.125,0.0,-66.64306640625,0.0,1
1130,0,1983.8741455078125,141.9488525390625,25.125,0.0,-66.64306640625,0.0,1
1131,0,1983.8741455078125,164.07432556152344,25.125,0.0,-66.64306640625,0.0,1
1132,0,1983.8741455078125,189.46554565429688,25.125,0.0,-66.64306640625,0.0,1
1133,0,1983.8741455078125,215.39535522460938,25.125,0.0,-66.64306640625,0.0,1
1134,0,1962.34912109375,223.2606658935547,25.125,0.0,-66.64306640625,0.0,1
1135,0,1949.4010009765625,198.83541870117188,25.125,0.0,-66.64306640625,0.0,1
1136,0,1970.0556640625,184.4413604736328,25.125,0.0,-66.64306640625,0.0,1
1137,0,1983.8741455078125,191.81100463867188,25.125,0.0,-66.64306640625,0.0,1
1138,0,1983.8741455078125,209.022705078125,25.125,0.0,-66.64306640625,0.0,1
1139,0,1983.8743896484375,202.05128479003906,25.125,0.0,-49.74609375,0.0,1
1140,0,1983.874267578125,203.01487731933594,25.125,0.0,-49.74609375,0.0,1
1141,0,1983.87451171875,226.92921447753906,25.125,0.0,-49.74609375,0.0,1
1142,0,1983.8743896484375,227.81581115722656,25.125,0.0,-49.74609375,0.0,1
1143,0,1965.9952392578125,202.40585327148438,25.125,0.0,-49.74609375,0.0,1
1144,0,1963.4300537109375,163.72467041015625,25.125,0.0,-49.74609375,0.0,1
1145,0,1980.241455078125,125.96598052978516,25.125,0.0,-49.74609375,0.0,1
1146,0,1983.874267578125,118.78980255126953,25.125,0.0,-49.74609375,0.0,1
1147,0,1983.875,116.12550354003906,25.125,0.0,-32.84912109375,0.0,1
1148,0,1983.87451171875,136.09153747558594,25.125,0.0,-32.84912109375,0.0,1
1149,0,1971.22314453125,136.98736572265625,25.125,0.0,-32.84912109375,0.0,1
1150,0,1979.1436767578125,116.12550354003906,25.125,0.0,-15.9521484375,0.0,1
1151,0,1983.874755859375,139.65557861328125,25.125,0.0,-15.9521484375,0.0,1
1152,0,1983.8748779296875,181.22996520996094,25.125,0.0,-15.9521484375,0.0,1
1153,0,1977.501953125,185.56752014160156,25.125,0.0,-15.9521484375,0.0,1
1154,0,1965.361328125,153.43545532226562,25.125,0.0,-15.9521484375,0.0,1
1155,0,1963.579345703125,151.4403533935547,25.125,0.0,-15.9521484375,0.0,1
1156,0,1972.9276123046875,185.30726623535156,25.125,0.0,-15.9521484375,0.0,1
1157,0,1973.481689453125,187.8469696044922,25.125,0.0,-15.9521484375,0.0,1
1158,0,1983.8740234375,172.2560272216797,25.125,0.0,0.94482421875,0.0,1
1159,0,1983.875,141.50094604492188,25.125,0.0,0.94482421875,0.0,1
1160,0,1983.875,116.12525177001953,25.125,0.0,-15.9521484375,0.0,1
1161,0,1983.8748779296875,138.2319793701172,25.125,0.0,-15.9521484375,0.0,1
1162,0,1977.6163330078125,138.04818725585938,25.125,0.0,-15.9521484375,0.0,1
1163,0,1978.2235107421875,146.48284912109375,25.125,0.0,-15.9521484375,0.0,1
1164,0,1983.8748779296875,184.18002319335938,25.125,0.0,-15.9521484375,0.0,1
1165,0,1983.8740234375,208.17079162597656,25.125,0.0,0.94482421875,0.0,1
1166,0,1983.8743896484375,214.8229217529297,25.125,0.0,-15.9521484375,0.0,1
1167,0,1983.874267578125,207.14370727539062,25.125,0.0,-32.84912109375,0.0,1
1168,0,1971.218994140625,178.45433044433594,25.125,0.0,-32.84912109375,0.0,1
1169,0,1950.5972900390625,142.25131225585938,25.125,0.0,-32.84912109375,0.0,1
1170,0,1949.5537109375,139.185546875,25.125,0.0,-32.84912109375,0.0,1
1171,0,1969.0006103515625,168.91624450683594,25.125,0.0,-32.84912109375,0.0,1
1172,0,1983.87451171875,203.70765686035156,25.125,0.0,-32.84912109375,0.0,1
1173,0,1983.8746337890625,247.84817504882812,25.125,0.0,-32.84912109375,0.0,1
1174,0,1983.8746337890625,294.36236572265625,25.125,0.0,-32.84912109375,0.0,1
1175,0,1983.874755859375,340.8758544921875,25.125,0.0,-32.84912109375,0.0,1
1176,0,1983.8746337890625,388.4632873535156,25.125,0.0,-32.84912109375,0.0,1
1177,0,1983.874755859375,434.9767761230469,25.125,0.0,-32.84912109375,0.0,1
1178,0,1983.8746337890625,482.564208984375,25.125,0.0,-32.84912109375,0.0,1
1179,0,1983.874755859375,529.0776977539062,25.125,0.0,-32.84912109375,0.0,1
1180,0,1983.8746337890625,576.6652221679688,25.125,0.0,-32.84912109375,0.0,1
1181,0,1983.8746337890625,623.1832885742188,25.125,0.0,-32.84912109375,0.0,1
1182,0,1983.874755859375,669.6968383789062,25.125,0.0,-32.84912109375,0.0,1
1183,0,1971.2161865234375,680.5657958984375,25.125,0.0,-32.84912109375,0.0,1
1184,0,1971.07177734375,693.1935424804688,25.125,0.0,-32.84912109375,0.0,1
1185,0,1983.87451171875,729.0814208984375,25.125,0.0,-32.84912109375,0.0,1
1186,0,1983.874755859375,773.9747314453125,25.125,0.0,-32.84912109375,0.0,1
1187,0,1983.8741455078125,794.3320922851562,25.125,0.0,-15.9521484375,0.0,1
1188,0,1983.8741455078125,792.1694946289062,25.125,0.0,-15.9521484375,0.0,1
1189,0,1983.874755859375,812.2844848632812,25.125,0.0,-15.9521484375,0.0,1
1190,0,1983.8748779296875,853.3162231445312,25.125,0.0,-15.9521484375,0.0,1
1191,0,1983.8743896484375,874.1998291015625,25.125,0.0,-15.9521484375,0.0,1
1192,0,1978.2452392578125,856.9622802734375,25.125,0.0,-15.9521484375,0.0,1
1193,0,1978.4490966796875,858.1181030273438,25.125,0.0,-15.9521484375,0.0,1
1194,0,1983.8748779296875,894.4419555664062,25.125,0.0,-15.9521484375,0.0,1
1195,0,1983.8743896484375,918.3985595703125,25.125,0.0,0.94482421875,0.0,1
1196,0,1983.8741455078125,932.1157836914062,25.125,0.0,17.8363037109375,0.0,1
1197,0,1983.8741455078125,948.67236328125,25.125,0.0,17.8363037109375,0.0,1
1198,0,1983.874267578125,970.96923828125,25.125,0.0,34.7332763671875,0.0,1
1199,0,1983.874267578125,1001.163330078125,25.125,0.0,34.7332763671875,0.0,1
1200,0,1983.8746337890625,1038.244140625,25.125,0.0,51.6302490234375,0.0,1
1201,0,1983.874755859375,1082.3221435546875,25.125,0.0,68.5272216796875,0.0,1
1202,0,1962.6121826171875,1118.7628173828125,25.125,0.0,68.5272216796875,0.0,1
1203,0,1950.4366455078125,1161.423828125,25.125,0.0,68.5272216796875,0.0,1
1204,0,1954.38720703125,1203.541015625,25.125,0.0,68.5272216796875,0.0,1
1205,0,1966.904052734375,1244.467529296875,25.125,0.0,51.6302490234375,0.0,1
1206,0,1983.874267578125,1280.9366455078125,25.125,0.0,34.7332763671875,0.0,1
1207,0,1983.874267578125,1318.1046142578125,25.125,0.0,34.7332763671875,0.0,1
1208,0,1983.8741455078125,1353.0899658203125,25.125,0.0,17.8363037109375,0.0,1
1209,0,1983.87451171875,1383.8736572265625,25.125,0.0,34.7332763671875,0.0,1
1210,0,1983.875,1383.874267578125,25.125,0.0,51.6302490234375,0.0,1
1211,0,1967.101318359375,1383.8746337890625,25.125,0.0,51.6302490234375,0.0,1
1212,0,1963.5946044921875,1383.874267578125,25.125,0.0,51.6302490234375,0.0,1
1213,0,1951.983154296875,1383.8743896484375,25.125,0.0,51.6302490234375,0.0,1
1214,0,1948.6549072265625,1383.8741455078125,25.125,0.0,68.5272216796875,0.0,1
1215,0,1931.0098876953125,1383.8746337890625,25.125,0.0,68.5272216796875,0.0,1
1216,0,1890.258056640625,1383.8748779296875,25.125,0.0,68.5272216796875,0.0,1
1217,0,1870.6624755859375,1397.5843505859375,25.125,0.0,68.5272216796875,0.0,1
1218,0,1872.638427734375,1436.124267578125,25.125,0.0,85.4241943359375,0.0,1
1219,0,1850.7764892578125,1464.9295654296875,25.125,0.0,85.4241943359375,0.0,1
1220,0,1829.236328125,1499.9913330078125,25.125,0.0,85.4241943359375,0.0,1
1221,0,1821.1107177734375,1542.37451171875,25.125,0.0,85.4241943359375,0.0,1
1222,0,1794.9521484375,1571.175048828125,25.125,0.0,85.4241943359375,0.0,1
1223,0,1768.34326171875,1606.7095947265625,25.125,0.0,102.3211669921875,0.0,1
1224,0,1751.020751953125,1643.72705078125,25.125,0.0,119.212646484375,0.0,1
1225,0,1719.156005859375,1656.3421630859375,25.125,0.0,119.212646484375,0.0,1
1226,0,1677.098876953125,1646.6748046875,25.125,0.0,119.212646484375,0.0,1
1227,0,1639.9571533203125,1658.776123046875,25.125,0.0,119.212646484375,0.0,1
1228,0,1616.1251220703125,1683.8714599609375,25.125,0.0,136.109619140625,0.0,1
1229,0,1616.125,1683.87451171875,25.125,0.0,119.212646484375,0.0,1
1230,0,1616.125,1683.8743896484375,25.125,0.0,136.109619140625,0.0,1
1231,0,1616.125,1683.8746337890625,25.125,0.0,153.006591796875,0.0,1
1232,0,1625.498779296875,1683.8741455078125,25.125,0.0,153.006591796875,0.0,1
1233,0,1624.8016357421875,1662.9866943359375,25.125,0.0,153.006591796875,0.0,1
1234,0,1616.125244140625,1623.677734375,25.125,0.0,153.006591796875,0.0,1
1235,0,1616.1258544921875,1602.837646484375,25.125,0.0,169.903564453125,0.0,1
1236,0,1616.1256103515625,1600.8046875,25.125,0.0,-173.199462890625,0.0,1
1237,0,1618.882568359375,1576.95947265625,25.125,0.0,-173.199462890625,0.0,1
1238,0,1618.946533203125,1576.002685546875,25.125,0.0,-173.199462890625,0.0,1
1239,0,1594.121337890625,1583.337158203125,25.125,0.0,-173.199462890625,0.0,1
1240,0,1553.58349609375,1580.13671875,25.125,0.0,-173.199462890625,0.0,1
1241,0,1529.89794921875,1554.3968505859375,25.125,0.0,-173.199462890625,0.0,1
1242,0,1518.009765625,1552.9951171875,25.125,0.0,-173.199462890625,0.0,1
1243,0,1488.0885009765625,1566.7264404296875,25.125,0.0,169.903564453125,0.0,1
1244,0,1457.86083984375,1550.096435546875,25.125,0.0,169.903564453125,0.0,1
1245,0,1421.3349609375,1530.091064453125,25.125,0.0,-173.199462890625,0.0,1
1246,0,1392.47314453125,1544.885009765625,25.125,0.0,-173.199462890625,0.0,1
1247,0,1381.1478271484375,1542.129150390625,25.125,0.0,-173.199462890625,0.0,1
1248,0,1354.5277099609375,1527.217041015625,25.125,0.0,169.903564453125,0.0,1
1249,0,1311.7379150390625,1527.3670654296875,25.125,0.0,153.006591796875,0.0,1
1250,0,1273.318115234375,1516.1256103515625,25.125,0.0,153.006591796875,0.0,1
1251,0,1232.2030029296875,1524.990478515625,25.125,0.0,153.006591796875,0.0,1
1252,0,1193.3970947265625,1537.4652099609375,25.125,0.0,169.903564453125,0.0,1
1253,0,1163.16943359375,1521.1002197265625,25.125,0.0,169.903564453125,0.0,1
1254,0,1144.701904296875,1483.3385009765625,25.125,0.0,169.903564453125,0.0,1
1255,0,1111.59130859375,1465.1134033203125,25.125,0.0,153.006591796875,0.0,1
1256,0,1068.12109375,1473.6080322265625,25.125,0.0,136.109619140625,0.0,1
1257,0,1030.92529296875,1496.3477783203125,25.125,0.0,119.212646484375,0.0,1
1258,0,989.0869140625,1503.40380859375,25.125,0.0,119.212646484375,0.0,1
1259,0,951.3445434570312,1522.5443115234375,25.125,0.0,102.3211669921875,0.0,1
1260,0,954.1195678710938,1549.934326171875,25.125,0.0,102.3211669921875,0.0,1
1261,0,961.4118041992188,1586.8743896484375,25.125,0.0,119.212646484375,0.0,1
1262,0,937.554443359375,1604.44189453125,25.125,0.0,119.212646484375,0.0,1
1263,0,906.2337646484375,1626.8507080078125,25.125,0.0,102.3211669921875,0.0,1
1264,0,883.6250610351562,1662.915771484375,25.125,0.0,119.212646484375,0.0,1
1265,0,864.956298828125,1699.4310302734375,25.125,0.0,102.3211669921875,0.0,1
1266,0,849.5179443359375,1737.1673583984375,25.125,0.0,119.212646484375,0.0,1
1267,0,859.3949584960938,1773.12451171875,25.125,0.0,119.212646484375,0.0,1
1268,0,864.8765869140625,1815.6490478515625,25.125,0.0,119.212646484375,0.0,1
1269,0,854.732421875,1857.638671875,25.125,0.0,119.212646484375,0.0,1
1270,0,837.0726928710938,1895.47900390625,25.125,0.0,136.109619140625,0.0,1
1271,0,814.162841796875,1930.5078125,25.125,0.0,119.212646484375,0.0,1
1272,0,792.833251953125,1965.1429443359375,25.125,0.0,119.212646484375,0.0,1
1273,0,757.6753540039062,1976.3768310546875,25.125,0.0,119.212646484375,0.0,1
1274,0,750.5206298828125,1983.8731689453125,25.125,0.0,119.212646484375,0.0,1
1275,0,745.8001708984375,1983.87451171875,25.125,0.0,136.109619140625,0.0,1
1276,0,718.1354370117188,1983.8743896484375,25.125,0.0,136.109619140625,0.0,1
1277,0,680.8306274414062,1968.450439453125,25.125,0.0,136.109619140625,0.0,1
1278,0,674.0231323242188,1971.53515625,25.125,0.0,136.109619140625,0.0,1
1279,0,662.2527465820312,1983.874755859375,25.125,0.0,153.006591796875,0.0,1
1280,0,623.539794921875,1983.8748779296875,25.125,0.0,169.903564453125,0.0,1
1281,0,592.4817504882812,1960.8018798828125,25.125,0.0,169.903564453125,0.0,1
1282,0,580.2379760742188,1960.328125,25.125,0.0,169.903564453125,0.0,1
1283,0,554.4163818359375,1978.1468505859375,25.125,0.0,169.903564453125,0.0,1
1284,0,514.248291015625,1983.6866455078125,25.125,0.0,-173.199462890625,0.0,1
1285,0,472.62945556640625,1981.3726806640625,25.125,0.0,-173.199462890625,0.0,1
1286,0,433.08990478515625,1977.837158203125,25.125,0.0,-173.199462890625,0.0,1
1287,0,409.1557922363281,1950.794189453125,25.125,0.0,-173.199462890625,0.0,1
1288,0,377.05426025390625,1925.20849609375,25.125,0.0,169.903564453125,0.0,1
1289,0,331.48095703125,1920.443603515625,25.125,0.0,153.006591796875,0.0,1
1290,0,289.2901611328125,1931.4644775390625,25.125,0.0,136.109619140625,0.0,1
1291,0,252.8950653076172,1952.2515869140625,25.125,0.0,136.109619140625,0.0,1
1292,0,213.39422607421875,1949.9554443359375,25.125,0.0,136.109619140625,0.0,1
1293,0,202.79031372070312,1955.777587890625,25.125,0.0,136.109619140625,0.0,1
1294,0,192.65673828125,1983.87158203125,25.125,0.0,119.212646484375,0.0,1
1295,0,170.5818634033203,1983.87451171875,25.125,0.0,119.212646484375,0.0,1
1296,0,133.82394409179688,1972.830810546875,25.125,0.0,119.212646484375,0.0,1
1297,0,116.12580871582031,1954.6961669921875,25.125,0.0,119.212646484375,0.0,1
1298,0,116.12545013427734,1961.4613037109375,25.125,0.0,119.212646484375,0.0,1
1299,0,116.125,1983.8741455078125,25.125,0.0,119.212646484375,0.0,1
1300,0,116.125,1983.87451171875,25.125,0.0,136.109619140625,0.0,1
1301,0,116.125,1983.8741455078125,25.125,0.0,119.212646484375,0.0,1
1302,0,116.125,1983.87451171875,25.125,0.0,119.212646484375,0.0,1
1303,0,136.87152099609375,1983.87451171875,25.125,0.0,119.212646484375,0.0,1
1304,0,144.30450439453125,1983.87451171875,25.125,0.0,136.109619140625,0.0,1
1305,0,124.05625915527344,1983.8741455078125,25.125,0.0,119.212646484375,0.0,1
1306,0,116.12580871582031,1972.7899169921875,25.125,0.0,119.212646484375,0.0,1
1307,0,116.12580871582031,1949.2083740234375,25.125,0.0,119.212646484375,0.0,1
1308,0,136.60546875,1943.4208984375,25.125,0.0,119.212646484375,0.0,1
1309,0,146.48605346679688,1967.9725341796875,25.125,0.0,119.212646484375,0.0,1
1310,0,130.2731170654297,1983.8743896484375,25.125,0.0,136.109619140625,0.0,1
1311,0,116.12543487548828,1967.0198974609375,25.125,0.0,136.109619140625,0.0,1
1312,0,116.12564086914062,1931.5592041015625,25.125,0.0,136.109619140625,0.0,1
1313,0,116.12566375732422,1922.1099853515625,25.125,0.0,136.109619140625,0.0,1
1314,0,116.12545013427734,1944.8125,25.125,0.0,119.212646484375,0.0,1
1315,0,116.12508392333984,1983.8734130859375,25.125,0.0,102.3211669921875,0.0,1
1316,0,116.125,1983.8743896484375,25.125,0.0,102.3211669921875,0.0,1
1317,0,116.2314453125,1983.8740234375,25.125,0.0,85.4241943359375,0.0,1
1318,0,116.75042724609375,1983.8743896484375,25.125,0.0,85.4241943359375,0.0,1
1319,0,116.125,1983.8748779296875,25.125,0.0,85.4241943359375,0.0,1
1320,0,116.64398193359375,1983.8743896484375,25.125,0.0,85.4241943359375,0.0,1
1321,0,140.57301330566406,1981.963623046875,25.125,0.0,85.4241943359375,0.0,1
1322,0,141.6256561279297,1981.94140625,25.125,0.0,85.4241943359375,0.0,1
1323,0,133.8490447998047,1983.8741455078125,25.125,0.0,68.5272216796875,0.0,1
1324,0,156.2914276123047,1975.409912109375,25.125,0.0,68.5272216796875,0.0,1
1325,0,184.91134643554688,1983.8743896484375,25.125,0.0,85.4241943359375,0.0,1
1326,0,1050.0,150.0,25.125,0.0,152.9901123046875,0.0,1
1327,0,1040.0277099609375,130.54769897460938,25.125,0.0,152.9901123046875,0.0,2
1328,0,1007.35107421875,120.38021087646484,25.125,0.0,152.9901123046875,0.0,2
1329,0,967.685791015625,127.29220581054688,25.125,0.0,169.8870849609375,0.0,2
1330,0,926.1244506835938,133.14466857910156,25.125,0.0,-173.2159423828125,0.0,2
1331,0,916.1251220703125,158.3907012939453,25.125,0.0,-173.2159423828125,0.0,2
1332,0,916.1256103515625,180.6802978515625,25.125,0.0,-173.2159423828125,0.0,2
1333,0,916.1258544921875,182.6298828125,25.125,0.0,-156.324462890625,0.0,2
1334,0,916.1255493164062,171.4636993408203,25.125,0.0,-156.324462890625,0.0,2
1335,0,916.1256713867188,148.3223114013672,25.125,0.0,-139.427490234375,0.0,2
1336,0,916.1253051757812,116.12654876708984,25.125,0.0,-139.427490234375,0.0,2
1337,0,931.0504760742188,116.12570190429688,25.125,0.0,-139.427490234375,0.0,2
1338,0,930.9548950195312,116.12577819824219,25.125,0.0,-122.530517578125,0.0,2
1339,0,943.5294189453125,116.12549591064453,25.125,0.0,-122.530517578125,0.0,2
1340,0,950.3991088867188,116.12589263916016,25.125,0.0,-105.633544921875,0.0,2
1341,0,971.7935180664062,116.12516784667969,25.125,0.0,-105.633544921875,0.0,2
1342,0,985.2343139648438,116.12577819824219,25.125,0.0,-122.530517578125,0.0,2
1343,0,975.9332275390625,116.12560272216797,25.125,0.0,-105.633544921875,0.0,2
1344,0,960.9862670898438,116.12589263916016,25.125,0.0,-105.633544921875,0.0,2
1345,0,941.5001220703125,116.12552642822266,25.125,0.0,-122.530517578125,0.0,2
1346,0,916.1255493164062,116.12574005126953,25.125,0.0,-105.633544921875,0.0,2
1347,0,916.125244140625,116.125,25.125,0.0,-105.633544921875,0.0,2
1348,0,916.125244140625,116.125,25.125,0.0,-105.633544921875,0.0,2
1349,0,937.9949951171875,116.12525177001953,25.125,0.0,-105.633544921875,0.0,2
1350,0,954.6881713867188,116.12560272216797,25.125,0.0,-105.633544921875,0.0,2
1351,0,980.0658569335938,116.12525177001953,25.125,0.0,-105.633544921875,0.0,2
1352,0,1021.778564453125,116.12510681152344,25.125,0.0,-105.633544921875,0.0,2
1353,0,1046.0438232421875,116.12592315673828,25.125,0.0,-88.736572265625,0.0,2
1354,0,1032.5496826171875,116.12501525878906,25.125,0.0,-88.736572265625,0.0,2
1355,0,1036.9019775390625,116.55996704101562,25.125,0.0,-88.736572265625,0.0,2
1356,0,1029.5264892578125,116.46963500976562,25.125,0.0,-88.736572265625,0.0,2
1357,0,1009.6834716796875,116.12589263916016,25.125,0.0,-105.633544921875,0.0,2
1358,0,1021.0747680664062,116.12525177001953,25.125,0.0,-105.633544921875,0.0,2
1359,0,1036.0765380859375,116.12562561035156,25.125,0.0,-88.736572265625,0.0,2
1360,0,1040.3177490234375,116.12592315673828,25.125,0.0,-88.736572265625,0.0,2
1361,0,1039.3170166015625,116.12560272216797,25.125,0.0,-105.633544921875,0.0,2
1362,0,1037.7056884765625,116.12592315673828,25.125,0.0,-88.736572265625,0.0,2
1363,0,1036.6759033203125,116.12589263916016,25.125,0.0,-105.633544921875,0.0,2
1364,0,1012.7766723632812,122.66588592529297,25.125,0.0,-105.633544921875,0.0,2
1365,0,982.461669921875,116.12589263916016,25.125,0.0,-105.633544921875,0.0,2
1366,0,958.820556640625,116.12560272216797,25.125,0.0,-105.633544921875,0.0,2
1367,0,967.779541015625,116.12525177001953,25.125,0.0,-105.633544921875,0.0,2
1368,0,1006.18505859375,116.12510681152344,25.125,0.0,-105.633544921875,0.0,2
1369,0,1010.3964233398438,122.41659545898438,25.125,0.0,-105.633544921875,0.0,2
1370,0,995.5403442382812,116.12562561035156,25.125,0.0,-88.736572265625,0.0,2
1371,0,963.8453979492188,116.12501525878906,25.125,0.0,-88.736572265625,0.0,2
1372,0,960.6773071289062,116.53923034667969,25.125,0.0,-88.736572265625,0.0,2
1373,0,973.4083862304688,116.12592315673828,25.125,0.0,-88.736572265625,0.0,2
1374,0,954.974609375,116.1250228881836,25.125,0.0,-88.736572265625,0.0,2
1375,0,956.01318359375,116.4388427734375,25.125,0.0,-88.736572265625,0.0,2
1376,0,970.561279296875,116.12592315673828,25.125,0.0,-88.736572265625,0.0,2
1377,0,1000.1875,116.6650619506836,25.125,0.0,-88.736572265625,0.0,2
1378,0,1041.777587890625,117.5755844116211,25.125,0.0,-88.736572265625,0.0,2
1379,0,1045.494384765625,117.5913314819336,25.125,0.0,-88.736572265625,0.0,2
1380,0,1034.6915283203125,116.12592315673828,25.125,0.0,-88.736572265625,0.0,2
1381,0,1008.0009765625,116.1250228881836,25.125,0.0,-88.736572265625,0.0,2
1382,0,1006.1236572265625,116.5789566040039,25.125,0.0,-88.736572265625,0.0,2
1383,0,995.878173828125,116.54834747314453,25.125,0.0,-88.736572265625,0.0,2
1384,0,957.2745971679688,116.12500762939453,25.125,0.0,-88.736572265625,0.0,2
1385,0,934.0324096679688,116.1258773803711,25.125,0.0,-71.839599609375,0.0,2
1386,0,935.0184936523438,116.12559509277344,25.125,0.0,-71.839599609375,0.0,2
1387,0,916.1251831054688,116.12527465820312,25.125,0.0,-71.839599609375,0.0,2
1388,0,917.4153442382812,116.12592315673828,25.125,0.0,-88.736572265625,0.0,2
1389,0,918.8695678710938,116.1258773803711,25.125,0.0,-71.839599609375,0.0,2
1390,0,916.1258544921875,116.125,25.125,0.0,-71.839599609375,0.0,2
1391,0,916.1256103515625,116.125,25.125,0.0,-71.839599609375,0.0,2
1392,0,924.6727294921875,116.1257553100586,25.125,0.0,-54.9481201171875,0.0,2
1393,0,948.4938354492188,116.1255111694336,25.125,0.0,-54.9481201171875,0.0,2
1394,0,985.6826782226562,128.93331909179688,25.125,0.0,-54.9481201171875,0.0,2
1395,0,1021.6803588867188,148.384521484375,25.125,0.0,-54.9481201171875,0.0,2
1396,0,1024.8416748046875,148.2593994140625,25.125,0.0,-54.9481201171875,0.0,2
1397,0,1033.67431640625,153.97543334960938,25.125,0.0,-54.9481201171875,0.0,2
1398,0,1065.403564453125,176.02474975585938,25.125,0.0,-54.9481201171875,0.0,2
1399,0,1100.7940673828125,172.0736541748047,25.125,0.0,-54.9481201171875,0.0,2
1400,0,1105.43701171875,145.57418823242188,25.125,0.0,-54.9481201171875,0.0,2
1401,0,1079.13134765625,116.12744140625,25.125,0.0,-54.9481201171875,0.0,2
1402,0,1079.314453125,129.57806396484375,25.125,0.0,-54.9481201171875,0.0,2
1403,0,1108.41748046875,156.13084411621094,25.125,0.0,-54.9481201171875,0.0,2
1404,0,1140.3656005859375,181.35418701171875,25.125,0.0,-54.9481201171875,0.0,2
1405,0,1141.5841064453125,175.72903442382812,25.125,0.0,-54.9481201171875,0.0,2
1406,0,1143.85595703125,145.3697967529297,25.125,0.0,-54.9481201171875,0.0,2
1407,0,1159.65576171875,116.12559509277344,25.125,0.0,-71.839599609375,0.0,2
1408,0,1147.5445556640625,116.12528991699219,25.125,0.0,-71.839599609375,0.0,2
1409,0,1136.6513671875,116.12559509277344,25.125,0.0,-71.839599609375,0.0,2
1410,0,1159.5958251953125,123.60224151611328,25.125,0.0,-71.839599609375,0.0,2
1411,0,1198.2391357421875,136.18368530273438,25.125,0.0,-71.839599609375,0.0,2
1412,0,1237.7916259765625,149.07354736328125,25.125,0.0,-71.839599609375,0.0,2
1413,0,1240.8480224609375,150.03042602539062,25.125,0.0,-71.839599609375,0.0,2
1414,0,1252.6280517578125,153.9429168701172,25.125,0.0,-71.839599609375,0.0,2
1415,0,1289.77197265625,166.270263671875,25.125,0.0,-71.839599609375,0.0,2
1416,0,1325.0211181640625,153.69973754882812,25.125,0.0,-54.9481201171875,0.0,2
1417,0,1366.3067626953125,150.2552490234375,25.125,0.0,-54.9481201171875,0.0,2
1418,0,1406.4405517578125,163.8108367919922,25.125,0.0,-54.9481201171875,0.0,2
1419,0,1447.20263671875,157.4991455078125,25.125,0.0,-38.0511474609375,0.0,2
1420,0,1487.31884765625,165.59117126464844,25.125,0.0,-38.0511474609375,0.0,2
1421,0,1522.761474609375,183.874267578125,25.125,0.0,-38.0511474609375,0.0,2
1422,0,1560.7698974609375,171.00270080566406,25.125,0.0,-38.0511474609375,0.0,2
1423,0,1597.9102783203125,151.91009521484375,25.125,0.0,-21.1541748046875,0.0,2
1424,0,1613.418701171875,118.1695327758789,25.125,0.0,-21.1541748046875,0.0,2
1425,0,1637.818115234375,116.12504577636719,25.125,0.0,-4.2572021484375,0.0,2
1426,0,1678.5467529296875,116.12503814697266,25.125,0.0,-4.2572021484375,0.0,2
1427,0,1703.4892578125,116.12562561035156,25.125,0.0,-4.2572021484375,0.0,2
1428,0,1715.550048828125,140.51376342773438,25.125,0.0,-4.2572021484375,0.0,2
1429,0,1745.1024169921875,163.6641845703125,25.125,0.0,-4.2572021484375,0.0,2
1430,0,1786.1920166015625,173.96063232421875,25.125,0.0,12.6397705078125,0.0,2
1431,0,1825.8465576171875,182.8570556640625,25.125,0.0,12.6397705078125,0.0,2
1432,0,1866.285888671875,193.95652770996094,25.125,0.0,29.5367431640625,0.0,2
1433,0,1903.9864501953125,211.9009246826172,25.125,0.0,46.42822265625,0.0,2
1434,0,1936.75048828125,238.6605682373047,25.125,0.0,63.3251953125,0.0,2
1435,0,1961.8057861328125,274.31683349609375,25.125,0.0,80.22216796875,0.0,2
1436,0,1952.635986328125,302.4383239746094,25.125,0.0,80.22216796875,0.0,2
1437,0,1938.7021484375,340.8876647949219,25.125,0.0,80.22216796875,0.0,2
1438,0,1939.334228515625,383.5901794433594,25.125,0.0,63.3251953125,0.0,2
1439,0,1921.9754638671875,422.4289245605469,25.125,0.0,63.3251953125,0.0,2
1440,0,1910.492431640625,464.2099609375,25.125,0.0,80.22216796875,0.0,2
1441,0,1884.6993408203125,495.64068603515625,25.125,0.0,80.22216796875,0.0,2
1442,0,1845.7550048828125,514.60986328125,25.125,0.0,80.22216796875,0.0,2
1443,0,1824.404296875,547.342041015625,25.125,0.0,80.22216796875,0.0,2
1444,0,1794.0540771484375,579.908447265625,25.125,0.0,80.22216796875,0.0,2
1445,0,1756.8798828125,597.8431396484375,25.125,0.0,80.22216796875,0.0,2
1446,0,1716.7767333984375,610.087158203125,25.125,0.0,80.22216796875,0.0,2
1447,0,1719.353271484375,639.7576904296875,25.125,0.0,80.22216796875,0.0,2
1448,0,1716.1258544921875,670.63330078125,25.125,0.0,80.22216796875,0.0,2
1449,0,1717.19580078125,707.8238525390625,25.125,0.0,97.119140625,0.0,2
1450,0,1715.503662109375,748.5682373046875,25.125,0.0,97.119140625,0.0,2
1451,0,1709.9705810546875,790.3320922851562,25.125,0.0,114.01611328125,0.0,2
1452,0,1725.93408203125,826.4109497070312,25.125,0.0,114.01611328125,0.0,2
1453,0,1732.9205322265625,869.0149536132812,25.125,0.0,130.9075927734375,0.0,2
1454,0,1715.16455078125,909.373291015625,25.125,0.0,147.8045654296875,0.0,2
1455,0,1685.9573974609375,913.5233154296875,25.125,0.0,147.8045654296875,0.0,2
1456,0,1646.4500732421875,912.442626953125,25.125,0.0,164.7015380859375,0.0,2
1457,0,1605.1646728515625,919.1802368164062,25.125,0.0,164.7015380859375,0.0,2
1458,0,1564.972900390625,926.40380859375,25.125,0.0,-178.4014892578125,0.0,2
1459,0,1538.917236328125,906.60986328125,25.125,0.0,-178.4014892578125,0.0,2
1460,0,1516.1258544921875,886.0038452148438,25.125,0.0,164.7015380859375,0.0,2
1461,0,1516.1251220703125,857.5498046875,25.125,0.0,164.7015380859375,0.0,2
1462,0,1516.125732421875,840.5631713867188,25.125,0.0,147.8045654296875,0.0,2
1463,0,1516.125732421875,851.6103515625,25.125,0.0,147.8045654296875,0.0,2
1464,0,1516.1256103515625,878.541748046875,25.125,0.0,130.9075927734375,0.0,2
1465,0,1516.125244140625,919.3746337890625,25.125,0.0,114.01611328125,0.0,2
1466,0,1536.8212890625,957.0807495117188,25.125,0.0,114.01611328125,0.0,2
1467,0,1534.2738037109375,968.7937622070312,25.125,0.0,114.01611328125,0.0,2
1468,0,1510.6307373046875,989.4790649414062,25.125,0.0,114.01611328125,0.0,2
1469,0,1471.897705078125,1001.7268676757812,25.125,0.0,114.01611328125,0.0,2
1470,0,1433.5625,1022.1726684570312,25.125,0.0,114.01611328125,0.0,2
1471,0,1416.1258544921875,1031.4794921875,25.125,0.0,114.01611328125,0.0,2
1472,0,1416.1258544921875,1022.2596435546875,25.125,0.0,114.01611328125,0.0,2
1473,0,1416.1256103515625,1033.07421875,25.125,0.0,130.9075927734375,0.0,2
1474,0,1416.125732421875,1064.345458984375,25.125,0.0,147.8045654296875,0.0,2
1475,0,1426.8077392578125,1103.458251953125,25.125,0.0,147.8045654296875,0.0,2
1476,0,1418.507080078125,1143.8956298828125,25.125,0.0,130.9075927734375,0.0,2
1477,0,1424.595458984375,1183.87451171875,25.125,0.0,130.9075927734375,0.0,2
1478,0,1420.6800537109375,1183.874267578125,25.125,0.0,130.9075927734375,0.0,2
1479,0,1394.5479736328125,1183.87451171875,25.125,0.0,130.9075927734375,0.0,2
1480,0,1356.70849609375,1169.349365234375,25.125,0.0,130.9075927734375,0.0,2
1481,0,1319.8043212890625,1176.0068359375,25.125,0.0,114.01611328125,0.0,2
1482,0,1290.967041015625,1209.796630859375,25.125,0.0,97.119140625,0.0,2
1483,0,1276.0535888671875,1250.92333984375,25.125,0.0,80.22216796875,0.0,2
1484,0,1247.8525390625,1282.699462890625,25.125,0.0,80.22216796875,0.0,2
1485,0,1247.6092529296875,1281.0599365234375,25.125,0.0,80.22216796875,0.0,2
1486,0,1262.3792724609375,1283.8743896484375,25.125,0.0,97.119140625,0.0,2
1487,0,1263.80224609375,1283.8740234375,25.125,0.0,97.119140625,0.0,2
1488,0,1260.7147216796875,1283.8741455078125,25.125,0.0,114.01611328125,0.0,2
1489,0,1247.521728515625,1283.8741455078125,25.125,0.0,114.01611328125,0.0,2
1490,0,1226.5704345703125,1283.8741455078125,25.125,0.0,114.01611328125,0.0,2
1491,0,1201.8192138671875,1283.8743896484375,25.125,0.0,114.01611328125,0.0,2
1492,0,1178.3265380859375,1286.0826416015625,25.125,0.0,97.119140625,0.0,2
1493,0,1165.1507568359375,1317.18212890625,25.125,0.0,80.22216796875,0.0,2
1494,0,1162.9483642578125,1359.7750244140625,25.125,0.0,80.22216796875,0.0,2
1495,0,1164.02197265625,1400.5194091796875,25.125,0.0,97.119140625,0.0,2
1496,0,1160.131103515625,1442.736083984375,25.125,0.0,114.01611328125,0.0,2
1497,0,1151.5509033203125,1482.652099609375,25.125,0.0,97.119140625,0.0,2
1498,0,1170.39990234375,1512.083740234375,25.125,0.0,97.119140625,0.0,2
1499,0,1169.5118408203125,1523.6539306640625,25.125,0.0,97.119140625,0.0,2
1500,0,1155.443359375,1550.3916015625,25.125,0.0,80.22216796875,0.0,2
1501,0,1153.2119140625,1592.0107421875,25.125,0.0,80.22216796875,0.0,2
1502,0,1176.7169189453125,1614.968505859375,25.125,0.0,80.22216796875,0.0,2
1503,0,1207.385498046875,1643.8743896484375,25.125,0.0,63.3251953125,0.0,2
1504,0,1229.259521484375,1679.5789794921875,25.125,0.0,80.22216796875,0.0,2
1505,0,1245.5142822265625,1718.160888671875,25.125,0.0,63.3251953125,0.0,2
1506,0,1276.863037109375,1732.2347412109375,25.125,0.0,63.3251953125,0.0,2
1507,0,1315.6373291015625,1750.336669921875,25.125,0.0,46.42822265625,0.0,2
1508,0,1347.998779296875,1775.6424560546875,25.125,0.0,46.42822265625,0.0,2
1509,0,1377.07177734375,1805.006591796875,25.125,0.0,63.3251953125,0.0,2
1510,0,1383.8748779296875,1844.3314208984375,25.125,0.0,80.22216796875,0.0,2
1511,0,1383.874755859375,1885.9864501953125,25.125,0.0,63.3251953125,0.0,2
1512,0,1383.8741455078125,1904.2373046875,25.125,0.0,63.3251953125,0.0,2
1513,0,1385.3851318359375,1923.184814453125,25.125,0.0,46.42822265625,0.0,2
1514,0,1405.5411376953125,1958.0523681640625,25.125,0.0,46.42822265625,0.0,2
1515,0,1430.8143310546875,1983.8743896484375,25.125,0.0,46.42822265625,0.0,2
1516,0,1462.86962890625,1983.8743896484375,25.125,0.0,63.3251953125,0.0,2
1517,0,1503.0123291015625,1974.6611328125,25.125,0.0,63.3251953125,0.0,2
1518,0,1507.6014404296875,1976.5322265625,25.125,0.0,63.3251953125,0.0,2
1519,0,1507.6328125,1983.8741455078125,25.125,0.0,63.3251953125,0.0,2
1520,0,1524.9046630859375,1983.87451171875,25.125,0.0,46.42822265625,0.0,2
1521,0,1556.116943359375,1983.8741455078125,25.125,0.0,63.3251953125,0.0,2
1522,0,1594.886474609375,1974.9000244140625,25.125,0.0,63.3251953125,0.0,2
1523,0,1634.0067138671875,1960.1015625,25.125,0.0,63.3251953125,0.0,2
1524,0,1671.4595947265625,1968.966796875,25.125,0.0,46.42822265625,0.0,2
1525,0,1706.2420654296875,1983.87451171875,25.125,0.0,46.42822265625,0.0,2
1526,0,1746.6864013671875,1983.8743896484375,25.125,0.0,46.42822265625,0.0,2
1527,0,1790.1497802734375,1983.87451171875,25.125,0.0,46.42822265625,0.0,2
1528,0,1834.02099609375,1983.8741455078125,25.125,0.0,63.3251953125,0.0,2
1529,0,1867.285400390625,1983.8743896484375,25.125,0.0,80.22216796875,0.0,2
1530,0,1887.208251953125,1983.8740234375,25.125,0.0,97.119140625,0.0,2
1531,0,1893.88671875,1983.8741455078125,25.125,0.0,80.22216796875,0.0,2
1532,0,1901.7908935546875,1983.8741455078125,25.125,0.0,63.3251953125,0.0,2
1533,0,1917.383056640625,1983.8741455078125,25.125,0.0,80.22216796875,0.0,2
1534,0,1950.0941162109375,1979.951416015625,25.125,0.0,80.22216796875,0.0,2
1535,0,1977.762451171875,1983.8740234375,25.125,0.0,97.119140625,0.0,2
1536,0,1983.8743896484375,1983.875,25.125,0.0,97.119140625,0.0,2
1537,0,1983.0311279296875,1983.8740234375,25.125,0.0,97.119140625,0.0,2
1538,0,1960.3974609375,1981.071044921875,25.125,0.0,97.119140625,0.0,2
1539,0,1933.6959228515625,1983.8740234375,25.125,0.0,97.119140625,0.0,2
1540,0,1917.01513671875,1983.8740234375,25.125,0.0,97.119140625,0.0,2
1541,0,1901.9759521484375,1983.8743896484375,25.125,0.0,114.01611328125,0.0,2
1542,0,1883.3653564453125,1983.8740234375,25.125,0.0,97.119140625,0.0,2
1543,0,1850.0113525390625,1980.9783935546875,25.125,0.0,97.119140625,0.0,2
1544,0,1823.3582763671875,1983.8741455078125,25.125,0.0,80.22216796875,0.0,2
1545,0,1820.71044921875,1983.8743896484375,25.125,0.0,63.3251953125,0.0,2
1546,0,1834.2896728515625,1983.8741455078125,25.125,0.0,63.3251953125,0.0,2
1547,0,1857.0953369140625,1983.8741455078125,25.125,0.0,63.3251953125,0.0,2
1548,0,1886.755126953125,1983.8743896484375,25.125,0.0,46.42822265625,0.0,2
1549,0,1925.030517578125,1983.8743896484375,25.125,0.0,46.42822265625,0.0,2
1550,0,1934.7252197265625,1983.87451171875,25.125,0.0,46.42822265625,0.0,2
1551,0,1948.7574462890625,1983.87451171875,25.125,0.0,29.5367431640625,0.0,2
1552,0,1954.641357421875,1983.87451171875,25.125,0.0,29.5367431640625,0.0,2
1553,0,1972.6900634765625,1983.874755859375,25.125,0.0,12.6397705078125,0.0,2
1554,0,1983.8743896484375,1983.793212890625,25.125,0.0,-4.2572021484375,0.0,2
1555,0,1983.875,1983.874755859375,25.125,0.0,12.6397705078125,0.0,2
1556,0,1981.8302001953125,1983.8741455078125,25.125,0.0,12.6397705078125,0.0,2
1557,0,1983.87451171875,1983.875,25.125,0.0,29.5367431640625,0.0,2
1558,0,1983.8741455078125,1983.875,25.125,0.0,29.5367431640625,0.0,2
1559,0,1983.87451171875,1983.875,25.125,0.0,46.42822265625,0.0,2
1560,0,1983.8741455078125,1983.875,25.125,0.0,29.5367431640625,0.0,2
1561,0,1983.8743896484375,1983.875,25.125,0.0,12.6397705078125,0.0,2
1562,0,1981.5638427734375,1983.8741455078125,25.125,0.0,12.6397705078125,0.0,2
1563,0,1983.8740234375,1983.782470703125,25.125,0.0,-4.2572021484375,0.0,2
1564,0,1983.875,1983.8740234375,25.125,0.0,-4.2572021484375,0.0,2
1565,0,1983.8741455078125,1981.736083984375,25.125,0.0,-21.1541748046875,0.0,2
1566,0,1983.875,1983.8743896484375,25.125,0.0,-21.1541748046875,0.0,2
1567,0,1975.546875,1962.3642578125,25.125,0.0,-21.1541748046875,0.0,2
1568,0,1975.3447265625,1961.827392578125,25.125,0.0,-21.1541748046875,0.0,2
1569,0,1983.875,1983.8741455078125,25.125,0.0,-21.1541748046875,0.0,2
1570,0,1983.87451171875,1974.5294189453125,25.125,0.0,-38.0511474609375,0.0,2
1571,0,1983.874267578125,1947.8402099609375,25.125,0.0,-38.0511474609375,0.0,2
1572,0,1983.8741455078125,1915.63037109375,25.125,0.0,-21.1541748046875,0.0,2
1573,0,1983.8741455078125,1886.275146484375,25.125,0.0,-21.1541748046875,0.0,2
1574,0,1983.8740234375,1862.9876708984375,25.125,0.0,-4.2572021484375,0.0,2
1575,0,1983.8743896484375,1848.705322265625,25.125,0.0,-4.2572021484375,0.0,2
1576,0,1983.8740234375,1840.507080078125,25.125,0.0,-4.2572021484375,0.0,2
1577,0,1982.154052734375,1814.0084228515625,25.125,0.0,-4.2572021484375,0.0,2
1578,0,1982.1080322265625,1812.4315185546875,25.125,0.0,-4.2572021484375,0.0,2
1579,0,1983.875,1847.80419921875,25.125,0.0,-4.2572021484375,0.0,2
1580,0,1983.8741455078125,1869.85595703125,25.125,0.0,-21.1541748046875,0.0,2
1581,0,1983.8740234375,1869.938232421875,25.125,0.0,-4.2572021484375,0.0,2
1582,0,1983.8741455078125,1867.6690673828125,25.125,0.0,-21.1541748046875,0.0,2
1583,0,1983.8740234375,1861.2476806640625,25.125,0.0,-4.2572021484375,0.0,2
1584,0,1983.8743896484375,1855.4190673828125,25.125,0.0,-21.1541748046875,0.0,2
1585,0,1983.8741455078125,1841.94140625,25.125,0.0,-21.1541748046875,0.0,2
1586,0,1983.8743896484375,1825.89501953125,25.125,0.0,-4.2572021484375,0.0,2
1587,0,1983.8748779296875,1840.3377685546875,25.125,0.0,-4.2572021484375,0.0,2
1588,0,1983.8741455078125,1855.804443359375,25.125,0.0,-21.1541748046875,0.0,2
1589,0,1983.8740234375,1853.908203125,25.125,0.0,-4.2572021484375,0.0,2
1590,0,1983.8740234375,1853.4166259765625,25.125,0.0,-4.2572021484375,0.0,2
1591,0,1982.1588134765625,1830.4437255859375,25.125,0.0,-4.2572021484375,0.0,2
1592,0,1983.8741455078125,1801.208984375,25.125,0.0,-21.1541748046875,0.0,2
1593,0,1983.8743896484375,1775.94189453125,25.125,0.0,-21.1541748046875,0.0,2
1594,0,1983.8741455078125,1750.3897705078125,25.125,0.0,-21.1541748046875,0.0,2
1595,0,1976.3892822265625,1714.935546875,25.125,0.0,-21.1541748046875,0.0,2
1596,0,1983.8740234375,1683.03759765625,25.125,0.0,-4.2572021484375,0.0,2
1597,0,1983.8741455078125,1668.5546875,25.125,0.0,12.6397705078125,0.0,2
1598,0,1983.8741455078125,1672.6343994140625,25.125,0.0,29.5367431640625,0.0,2
1599,0,1983.8741455078125,1690.72265625,25.125,0.0,29.5367431640625,0.0,2
1600,0,1972.883056640625,1724.9415283203125,25.125,0.0,29.5367431640625,0.0,2
1601,0,1955.2879638671875,1762.78564453125,25.125,0.0,29.5367431640625,0.0,2
1602,0,1936.54736328125,1798.87744140625,25.125,0.0,29.5367431640625,0.0,2
1603,0,1945.1295166015625,1834.6949462890625,25.125,0.0,29.5367431640625,0.0,2
1604,0,1950.310791015625,1875.886474609375,25.125,0.0,29.5367431640625,0.0,2
1605,0,1940.01953125,1917.8692626953125,25.125,0.0,29.5367431640625,0.0,2
1606,0,1951.7587890625,1955.0753173828125,25.125,0.0,29.5367431640625,0.0,2
1607,0,1981.9874267578125,1983.872802734375,25.125,0.0,29.5367431640625,0.0,2
1608,0,1983.87451171875,1964.2498779296875,25.125,0.0,29.5367431640625,0.0,2
1609,0,1983.87451171875,1957.7095947265625,25.125,0.0,46.42822265625,0.0,2
1610,0,1983.8743896484375,1981.2550048828125,25.125,0.0,46.42822265625,0.0,2
1611,0,1967.708740234375,1983.87451171875,25.125,0.0,46.42822265625,0.0,2
1612,0,1967.5364990234375,1983.8743896484375,25.125,0.0,46.42822265625,0.0,2
1613,0,1983.8743896484375,1967.7281494140625,25.125,0.0,46.42822265625,0.0,2
1614,0,1983.8743896484375,1934.7733154296875,25.125,0.0,46.42822265625,0.0,2
1615,0,1983.8741455078125,1925.4210205078125,25.125,0.0,29.5367431640625,0.0,2
1616,0,1972.35107421875,1948.570068359375,25.125,0.0,29.5367431640625,0.0,2
1617,0,1952.395263671875,1983.873779296875,25.125,0.0,29.5367431640625,0.0,2
1618,0,1960.9580078125,1983.8748779296875,25.125,0.0,12.6397705078125,0.0,2
1619,0,1983.875,1983.874755859375,25.125,0.0,12.6397705078125,0.0,2
1620,0,1983.875,1983.8746337890625,25.125,0.0,29.5367431640625,0.0,2
1621,0,1983.875,1983.874755859375,25.125,0.0,12.6397705078125,0.0,2
1622,0,1983.8740234375,1983.782470703125,25.125,0.0,-4.2572021484375,0.0,2
1623,0,1983.8740234375,1983.29931640625,25.125,0.0,-4.2572021484375,0.0,2
1624,0,1982.1976318359375,1960.4713134765625,25.125,0.0,-4.2572021484375,0.0,2
1625,0,1983.8743896484375,1931.6978759765625,25.125,0.0,-21.1541748046875,0.0,2
1626,0,1983.8741455078125,1905.6158447265625,25.125,0.0,-21.1541748046875,0.0,2
1627,0,1976.1015625,1869.130615234375,25.125,0.0,-21.1541748046875,0.0,2
1628,0,1983.8741455078125,1834.247802734375,25.125,0.0,-21.1541748046875,0.0,2
1629,0,1983.874755859375,1835.875732421875,25.125,0.0,-21.1541748046875,0.0,2
1630,0,1975.603271484375,1826.841552734375,25.125,0.0,-21.1541748046875,0.0,2
1631,0,1959.9027099609375,1791.2252197265625,25.125,0.0,-21.1541748046875,0.0,2
1632,0,1958.0709228515625,1788.4569091796875,25.125,0.0,-21.1541748046875,0.0,2
1633,0,1983.874755859375,1791.289306640625,25.125,0.0,-21.1541748046875,0.0,2
1634,0,1983.8743896484375,1780.637451171875,25.125,0.0,-21.1541748046875,0.0,2
1635,0,1983.8741455078125,1762.37451171875,25.125,0.0,-21.1541748046875,0.0,2
1636,0,1975.7486572265625,1728.38037109375,25.125,0.0,-21.1541748046875,0.0,2
1637,0,1976.5657958984375,1725.4364013671875,25.125,0.0,-21.1541748046875,0.0,2
1638,0,1973.264892578125,1715.4232177734375,25.125,0.0,-21.1541748046875,0.0,2
1639,0,1975.611572265625,1720.9715576171875,25.125,0.0,-21.1541748046875,0.0,2
1640,0,1983.8740234375,1730.5826416015625,25.125,0.0,-4.2572021484375,0.0,2
1641,0,1983.8743896484375,1728.5506591796875,25.125,0.0,-21.1541748046875,0.0,2
1642,0,1983.8741455078125,1718.897705078125,25.125,0.0,-21.1541748046875,0.0,2
1643,0,1983.8743896484375,1701.61962890625,25.125,0.0,-21.1541748046875,0.0,2
1644,0,1983.8746337890625,1711.28759765625,25.125,0.0,-21.1541748046875,0.0,2
1645,0,1983.8743896484375,1722.6351318359375,25.125,0.0,-4.2572021484375,0.0,2
1646,0,1983.8741455078125,1720.681884765625,25.125,0.0,-21.1541748046875,0.0,2
1647,0,1983.8741455078125,1710.8822021484375,25.125,0.0,-21.1541748046875,0.0,2
1648,0,1983.874267578125,1690.1854248046875,25.125,0.0,-38.0511474609375,0.0,2
1649,0,1983.8741455078125,1661.3233642578125,25.125,0.0,-21.1541748046875,0.0,2
1650,0,1983.874755859375,1664.30419921875,25.125,0.0,-21.1541748046875,0.0,2
1651,0,1975.9810791015625,1656.34619140625,25.125,0.0,-21.1541748046875,0.0,2
1652,0,1983.87451171875,1628.641357421875,25.125,0.0,-38.0511474609375,0.0,2
1653,0,1983.8743896484375,1627.72216796875,25.125,0.0,-38.0511474609375,0.0,2
1654,0,1983.8746337890625,1622.11669921875,25.125,0.0,-54.9481201171875,0.0,2
1655,0,1964.044189453125,1595.2952880859375,25.125,0.0,-54.9481201171875,0.0,2
1656,0,1958.363037109375,1557.1258544921875,25.125,0.0,-54.9481201171875,0.0,2
1657,0,1983.8411865234375,1542.1561279296875,25.125,0.0,-54.9481201171875,0.0,2
1658,0,1983.874755859375,1524.1029052734375,25.125,0.0,-71.839599609375,0.0,2
1659,0,1983.875,1516.1256103515625,25.125,0.0,-88.736572265625,0.0,2
1660,0,1959.883544921875,1516.125,25.125,0.0,-88.736572265625,0.0,2
1661,0,1936.1385498046875,1516.1256103515625,25.125,0.0,-88.736572265625,0.0,2
1662,0,1922.6556396484375,1516.1258544921875,25.125,0.0,-105.633544921875,0.0,2
1663,0,1910.6719970703125,1516.1259765625,25.125,0.0,-88.736572265625,0.0,2
1664,0,1880.73681640625,1516.125,25.125,0.0,-88.736572265625,0.0,2
1665,0,1877.568603515625,1516.5391845703125,25.125,0.0,-88.736572265625,0.0,2
1666,0,1882.4793701171875,1493.6746826171875,25.125,0.0,-105.633544921875,0.0,2
1667,0,1855.6514892578125,1476.0303955078125,25.125,0.0,-105.633544921875,0.0,2
1668,0,1822.2471923828125,1452.3582763671875,25.125,0.0,-122.530517578125,0.0,2
1669,0,1823.180908203125,1419.7301025390625,25.125,0.0,-122.530517578125,0.0,2
1670,0,1820.8997802734375,1381.0697021484375,25.125,0.0,-139.427490234375,0.0,2
1671,0,1800.9395751953125,1343.1192626953125,25.125,0.0,-122.530517578125,0.0,2
1672,0,1778.0986328125,1308.967529296875,25.125,0.0,-139.427490234375,0.0,2
1673,0,1777.0511474609375,1268.714111328125,25.125,0.0,-139.427490234375,0.0,2
1674,0,1783.8743896484375,1227.9090576171875,25.125,0.0,-139.427490234375,0.0,2
1675,0,1783.8746337890625,1181.87255859375,25.125,0.0,-139.427490234375,0.0,2
1676,0,1768.8160400390625,1137.1873779296875,25.125,0.0,-139.427490234375,0.0,2
1677,0,1746.7672119140625,1102.334716796875,25.125,0.0,-122.530517578125,0.0,2
1678,0,1722.2362060546875,1068.3837890625,25.125,0.0,-139.427490234375,0.0,2
1679,0,1720.0325927734375,1030.650390625,25.125,0.0,-139.427490234375,0.0,2
1680,0,1713.3961181640625,986.8505859375,25.125,0.0,-122.530517578125,0.0,2
1681,0,1697.4085693359375,948.8450317382812,25.125,0.0,-122.530517578125,0.0,2
1682,0,1679.39794921875,911.194091796875,25.125,0.0,-105.633544921875,0.0,2
1683,0,1664.9208984375,873.0440063476562,25.125,0.0,-105.633544921875,0.0,2
1684,0,1678.81103515625,841.5285034179688,25.125,0.0,-105.633544921875,0.0,2
1685,0,1715.453125,818.6984252929688,25.125,0.0,-105.633544921875,0.0,2
1686,0,1730.43798828125,784.9267578125,25.125,0.0,-122.530517578125,0.0,2
1687,0,1717.66552734375,741.4140625,25.125,0.0,-139.427490234375,0.0,2
1688,0,1690.7965087890625,716.1253662109375,25.125,0.0,-156.324462890625,0.0,2
1689,0,1648.879150390625,716.125244140625,25.125,0.0,-156.324462890625,0.0,2
1690,0,1607.0721435546875,716.1250610351562,25.125,0.0,-173.2159423828125,0.0,2
1691,0,1564.989501953125,716.1251831054688,25.125,0.0,-156.324462890625,0.0,2
1692,0,1517.6329345703125,716.1256103515625,25.125,0.0,-139.427490234375,0.0,2
1693,0,1471.492431640625,715.5563354492188,25.125,0.0,-156.324462890625,0.0,2
1694,0,1428.7958984375,705.12646484375,25.125,0.0,-139.427490234375,0.0,2
1695,0,1391.8436279296875,685.7978515625,25.125,0.0,-139.427490234375,0.0,2
1696,0,1356.5101318359375,663.60205078125,25.125,0.0,-156.324462890625,0.0,2
1697,0,1342.906494140625,628.5008544921875,25.125,0.0,-156.324462890625,0.0,2
1698,0,1319.9293212890625,593.5134887695312,25.125,0.0,-173.2159423828125,0.0,2
1699,0,1283.497314453125,572.1865234375,25.125,0.0,-156.324462890625,0.0,2
1700,0,1245.7039794921875,555.8988037109375,25.125,0.0,-173.2159423828125,0.0,2
1701,0,1216.853515625,571.0433959960938,25.125,0.0,-173.2159423828125,0.0,2
1702,0,1180.7135009765625,583.8749389648438,25.125,0.0,169.8870849609375,0.0,2
1703,0,1137.0042724609375,583.8746337890625,25.125,0.0,152.9901123046875,0.0,2
1704,0,1089.8402099609375,583.8745727539062,25.125,0.0,136.0931396484375,0.0,2
1705,0,1042.4552001953125,583.8742065429688,25.125,0.0,119.1961669921875,0.0,2
1706,0,1034.8687744140625,583.8745727539062,25.125,0.0,119.1961669921875,0.0,2
1707,0,1032.123046875,583.8744506835938,25.125,0.0,119.1961669921875,0.0,2
1708,0,1045.334716796875,583.8745727539062,25.125,0.0,119.1961669921875,0.0,2
1709,0,1049.0472412109375,583.8745727539062,25.125,0.0,136.0931396484375,0.0,2
1710,0,1022.1696166992188,583.8745727539062,25.125,0.0,152.9901123046875,0.0,2
1711,0,979.0121459960938,584.309326171875,25.125,0.0,136.0931396484375,0.0,2
1712,0,934.274169921875,572.0856323242188,25.125,0.0,136.0931396484375,0.0,2
1713,0,893.8933715820312,578.4346313476562,25.125,0.0,119.1961669921875,0.0,2
1714,0,855.2547607421875,583.8743896484375,25.125,0.0,136.0931396484375,0.0,2
1715,0,811.276123046875,583.874755859375,25.125,0.0,152.9901123046875,0.0,2
1716,0,772.0205078125,564.169677734375,25.125,0.0,152.9901123046875,0.0,2
1717,0,730.1821899414062,559.0553588867188,25.125,0.0,136.0931396484375,0.0,2
1718,0,690.433349609375,573.550537109375,25.125,0.0,152.9901123046875,0.0,2
1719,0,654.5410766601562,562.509521484375,25.125,0.0,152.9901123046875,0.0,2
1720,0,613.125244140625,552.406494140625,25.125,0.0,169.8870849609375,0.0,2
1721,0,589.6796264648438,574.3475341796875,25.125,0.0,169.8870849609375,0.0,2
1722,0,585.2337646484375,615.7592163085938,25.125,0.0,169.8870849609375,0.0,2
1723,0,560.3876953125,644.2771606445312,25.125,0.0,-173.2159423828125,0.0,2
1724,0,520.12255859375,655.9480590820312,25.125,0.0,169.8870849609375,0.0,2
1725,0,516.1255493164062,668.072998046875,25.125,0.0,152.9901123046875,0.0,2
1726,0,516.1256713867188,691.9099731445312,25.125,0.0,136.0931396484375,0.0,2
1727,0,514.1435546875,725.45068359375,25.125,0.0,152.9901123046875,0.0,2
1728,0,487.57904052734375,757.9464721679688,25.125,0.0,152.9901123046875,0.0,2
1729,0,478.0605163574219,783.8744506835938,25.125,0.0,152.9901123046875,0.0,2
1730,0,489.40252685546875,783.8742065429688,25.125,0.0,152.9901123046875,0.0,2
1731,0,481.2416687011719,783.8743286132812,25.125,0.0,136.0931396484375,0.0,2
1732,0,447.42779541015625,783.8745727539062,25.125,0.0,152.9901123046875,0.0,2
1733,0,410.4584655761719,763.8998413085938,25.125,0.0,152.9901123046875,0.0,2
1734,0,368.6042785644531,755.334716796875,25.125,0.0,152.9901123046875,0.0,2
1735,0,326.5512390136719,761.2189331054688,25.125,0.0,169.8870849609375,0.0,2
1736,0,316.1256103515625,764.8543090820312,25.125,0.0,-173.2159423828125,0.0,2
1737,0,316.12591552734375,764.0505981445312,25.125,0.0,-173.2159423828125,0.0,2
1738,0,316.12591552734375,763.2820434570312,25.125,0.0,-173.2159423828125,0.0,2
1739,0,316.12591552734375,763.6039428710938,25.125,0.0,169.8870849609375,0.0,2
1740,0,316.1258239746094,767.9754028320312,25.125,0.0,152.9901123046875,0.0,2
1741,0,326.76220703125,794.38623046875,25.125,0.0,152.9901123046875,0.0,2
1742,0,327.0131530761719,796.94873046875,25.125,0.0,152.9901123046875,0.0,2
1743,0,316.1252746582031,764.9436645507812,25.125,0.0,152.9901123046875,0.0,2
1744,0,316.12530517578125,719.7398071289062,25.125,0.0,152.9901123046875,0.0,2
1745,0,316.12554931640625,723.2471313476562,25.125,0.0,152.9901123046875,0.0,2
1746,0,316.125,716.1257934570312,25.125,0.0,152.9901123046875,0.0,2
1747,0,326.43603515625,736.43359375,25.125,0.0,152.9901123046875,0.0,2
1748,0,317.54766845703125,771.8176879882812,25.125,0.0,136.0931396484375,0.0,2
1749,0,316.1253967285156,812.444580078125,25.125,0.0,119.1961669921875,0.0,2
1750,0,310.3256530761719,855.5613403320312,25.125,0.0,119.1961669921875,0.0,2
1751,0,298.243896484375,895.6136474609375,25.125,0.0,102.3046875,0.0,2
1752,0,287.5604553222656,934.8789672851562,25.125,0.0,102.3046875,0.0,2
1753,0,275.7803649902344,975.0297241210938,25.125,0.0,119.1961669921875,0.0,2
1754,0,260.4882507324219,1011.9393310546875,25.125,0.0,119.1961669921875,0.0,2
1755,0,243.8743896484375,1050.25634765625,25.125,0.0,102.3046875,0.0,2
1756,0,229.42662048339844,1088.36328125,25.125,0.0,119.1961669921875,0.0,2
1757,0,213.7433319091797,1127.0361328125,25.125,0.0,102.3046875,0.0,2
1758,0,203.3826904296875,1167.190673828125,25.125,0.0,85.40771484375,0.0,2
1759,0,175.5278778076172,1196.0323486328125,25.125,0.0,85.40771484375,0.0,2
1760,0,151.5963592529297,1233.5164794921875,25.125,0.0,85.40771484375,0.0,2
1761,0,143.29156494140625,1274.95458984375,25.125,0.0,85.40771484375,0.0,2
1762,0,164.59532165527344,1300.2481689453125,25.125,0.0,85.40771484375,0.0,2
1763,0,164.66000366210938,1312.0323486328125,25.125,0.0,85.40771484375,0.0,2
1764,0,129.112060546875,1320.1995849609375,25.125,0.0,85.40771484375,0.0,2
1765,0,125.97920227050781,1322.5069580078125,25.125,0.0,85.40771484375,0.0,2
1766,0,139.87452697753906,1345.550048828125,25.125,0.0,85.40771484375,0.0,2
1767,0,150.48828125,1385.9227294921875,25.125,0.0,68.5107421875,0.0,2
1768,0,135.9095916748047,1420.1658935546875,25.125,0.0,68.5107421875,0.0,2
1769,0,138.84756469726562,1431.911865234375,25.125,0.0,68.5107421875,0.0,2
1770,0,158.94952392578125,1454.472412109375,25.125,0.0,85.40771484375,0.0,2
1771,0,173.38497924804688,1493.9625244140625,25.125,0.0,68.5107421875,0.0,2
1772,0,183.87442016601562,1532.4356689453125,25.125,0.0,51.61376953125,0.0,2
1773,0,183.87478637695312,1576.2142333984375,25.125,0.0,68.5107421875,0.0,2
1774,0,183.87477111816406,1619.25146484375,25.125,0.0,68.5107421875,0.0,2
1775,0,187.12477111816406,1660.347412109375,25.125,0.0,85.40771484375,0.0,2
1776,0,188.93934631347656,1702.275146484375,25.125,0.0,102.3046875,0.0,2
1777,0,211.25990295410156,1734.28076171875,25.125,0.0,102.3046875,0.0,2
1778,0,230.03826904296875,1774.6221923828125,25.125,0.0,102.3046875,0.0,2
1779,0,234.7361297607422,1815.7877197265625,25.125,0.0,85.40771484375,0.0,2
1780,0,238.2272186279297,1857.2415771484375,25.125,0.0,85.40771484375,0.0,2
1781,0,263.7275085449219,1881.9124755859375,25.125,0.0,85.40771484375,0.0,2
1782,0,265.5928649902344,1893.7020263671875,25.125,0.0,85.40771484375,0.0,2
1783,0,257.4956970214844,1922.8900146484375,25.125,0.0,68.5107421875,0.0,2
1784,0,261.9080505371094,1963.7176513671875,25.125,0.0,85.40771484375,0.0,2
1785,0,263.5857238769531,1983.8741455078125,25.125,0.0,102.3046875,0.0,2
1786,0,258.0186462402344,1983.87451171875,25.125,0.0,119.1961669921875,0.0,2
1787,0,239.144775390625,1983.8741455078125,25.125,0.0,119.1961669921875,0.0,2
1788,0,204.6876983642578,1973.0943603515625,25.125,0.0,119.1961669921875,0.0,2
1789,0,201.0150909423828,1974.553955078125,25.125,0.0,119.1961669921875,0.0,2
1790,0,232.11000061035156,1983.87451171875,25.125,0.0,119.1961669921875,0.0,2
1791,0,249.3069610595703,1983.8743896484375,25.125,0.0,102.3046875,0.0,2
1792,0,249.69224548339844,1983.8740234375,25.125,0.0,85.40771484375,0.0,2
1793,0,272.66229248046875,1982.049072265625,25.125,0.0,85.40771484375,0.0,2
1794,0,302.14227294921875,1983.8741455078125,25.125,0.0,68.5107421875,0.0,2
1795,0,327.786865234375,1983.8743896484375,25.125,0.0,68.5107421875,0.0,2
1796,0,353.7278747558594,1983.8741455078125,25.125,0.0,68.5107421875,0.0,2
1797,0,375.9503173828125,1983.8740234375,25.125,0.0,85.40771484375,0.0,2
1798,0,411.32781982421875,1982.0343017578125,25.125,0.0,85.40771484375,0.0,2
1799,0,436.5576477050781,1983.8741455078125,25.125,0.0,102.3046875,0.0,2
1800,0,422.92974853515625,1979.6500244140625,25.125,0.0,102.3046875,0.0,2
1801,0,398.35089111328125,1983.8741455078125,25.125,0.0,102.3046875,0.0,2
1802,0,376.4690856933594,1983.87451171875,25.125,0.0,119.1961669921875,0.0,2
1803,0,351.58447265625,1983.8741455078125,25.125,0.0,102.3046875,0.0,2
1804,0,315.5809326171875,1979.19775390625,25.125,0.0,102.3046875,0.0,2
1805,0,280.81207275390625,1983.8741455078125,25.125,0.0,119.1961669921875,0.0,2
1806,0,241.98699951171875,1974.0994873046875,25.125,0.0,119.1961669921875,0.0,2
1807,0,202.25045776367188,1983.875,25.125,0.0,136.0931396484375,0.0,2
1808,0,163.10223388671875,1968.9412841796875,25.125,0.0,136.0931396484375,0.0,2
1809,0,124.28392028808594,1973.5855712890625,25.125,0.0,119.1961669921875,0.0,2
1810,0,116.12519836425781,1983.875,25.125,0.0,102.3046875,0.0,2
1811,0,116.1256103515625,1982.1685791015625,25.125,0.0,102.3046875,0.0,2
1812,0,116.12590026855469,1979.329345703125,25.125,0.0,102.3046875,0.0,2
1813,0,138.48484802246094,1982.8717041015625,25.125,0.0,102.3046875,0.0,2
1814,0,157.12591552734375,1983.8741455078125,25.125,0.0,102.3046875,0.0,2
1815,0,156.9615020751953,1983.8741455078125,25.125,0.0,102.3046875,0.0,2
1816,0,178.8898162841797,1983.8748779296875,25.125,0.0,102.3046875,0.0,2
1817,0,200.4658203125,1983.8740234375,25.125,0.0,85.40771484375,0.0,2
1818,0,211.72528076171875,1983.8743896484375,25.125,0.0,85.40771484375,0.0,2
1819,0,221.05462646484375,1983.8741455078125,25.125,0.0,68.5107421875,0.0,2
1820,0,239.4332275390625,1983.87451171875,25.125,0.0,51.61376953125,0.0,2
1821,0,268.36627197265625,1983.8741455078125,25.125,0.0,68.5107421875,0.0,2
1822,0,295.582763671875,1983.8741455078125,25.125,0.0,68.5107421875,0.0,2
1823,0,324.9344177246094,1983.874267578125,25.125,0.0,51.61376953125,0.0,2
1824,0,362.548583984375,1983.87451171875,25.125,0.0,34.716796875,0.0,2
1825,0,406.392578125,1983.8748779296875,25.125,0.0,17.81982421875,0.0,2
1826,0,452.0216064453125,1983.87451171875,25.125,0.0,34.716796875,0.0,2
1827,0,499.26129150390625,1983.8746337890625,25.125,0.0,34.716796875,0.0,2
1828,0,547.6087646484375,1983.87451171875,25.125,0.0,34.716796875,0.0,2
1829,0,594.6423950195312,1983.87451171875,25.125,0.0,51.61376953125,0.0,2
1830,0,643.1522827148438,1983.8746337890625,25.125,0.0,34.716796875,0.0,2
1831,0,685.8480224609375,1966.9766845703125,25.125,0.0,34.716796875,0.0,2
1832,0,730.0029907226562,1964.7486572265625,25.125,0.0,34.716796875,0.0,2
1833,0,770.5433349609375,1981.112548828125,25.125,0.0,51.61376953125,0.0,2
1834,0,808.44775390625,1983.87451171875,25.125,0.0,51.61376953125,0.0,2
1835,0,851.9647827148438,1983.87451171875,25.125,0.0,34.716796875,0.0,2
1836,0,893.7947998046875,1966.71337890625,25.125,0.0,34.716796875,0.0,2
1837,0,904.28955078125,1970.9549560546875,25.125,0.0,34.716796875,0.0,2
1838,0,919.894775390625,1983.87451171875,25.125,0.0,34.716796875,0.0,2
1839,0,957.5797119140625,1983.87451171875,25.125,0.0,34.716796875,0.0,2
1840,0,972.25390625,1983.874267578125,25.125,0.0,34.716796875,0.0,2
1841,0,957.9515380859375,1983.87451171875,25.125,0.0,34.716796875,0.0,2
1842,0,957.5272216796875,1963.7056884765625,25.125,0.0,34.716796875,0.0,2
1843,0,986.2105102539062,1954.0177001953125,25.125,0.0,17.81982421875,0.0,2
1844,0,1028.0291748046875,1959.859375,25.125,0.0,17.81982421875,0.0,2
1845,0,1068.0673828125,1967.5565185546875,25.125,0.0,0.9283447265625,0.0,2
1846,0,1110.471923828125,1970.052978515625,25.125,0.0,-15.9686279296875,0.0,2
1847,0,1152.0921630859375,1963.115478515625,25.125,0.0,-32.8656005859375,0.0,2
1848,0,1190.8262939453125,1945.4503173828125,25.125,0.0,-49.7625732421875,0.0,2
1849,0,1224.4599609375,1921.98291015625,25.125,0.0,-32.8656005859375,0.0,2
1850,0,1257.9390869140625,1898.9129638671875,25.125,0.0,-32.8656005859375,0.0,2
1851,0,1291.707763671875,1874.1484375,25.125,0.0,-49.7625732421875,0.0,2
1852,0,1321.59033203125,1846.197265625,25.125,0.0,-49.7625732421875,0.0,2
1853,0,1350.1199951171875,1815.843505859375,25.125,0.0,-49.7625732421875,0.0,2
1854,0,1378.659912109375,1786.5819091796875,25.125,0.0,-32.8656005859375,0.0,2
1855,0,1411.012451171875,1759.9990234375,25.125,0.0,-32.8656005859375,0.0,2
1856,0,1419.4227294921875,1724.1890869140625,25.125,0.0,-32.8656005859375,0.0,2
1857,0,1434.5166015625,1684.14599609375,25.125,0.0,-32.8656005859375,0.0,2
1858,0,1463.371337890625,1679.88671875,25.125,0.0,-32.8656005859375,0.0,2
1859,0,1483.8743896484375,1680.2144775390625,25.125,0.0,-15.9686279296875,0.0,2
1860,0,1483.874755859375,1699.9615478515625,25.125,0.0,-15.9686279296875,0.0,2
1861,0,1483.87451171875,1712.430908203125,25.125,0.0,-32.8656005859375,0.0,2
1862,0,1483.874267578125,1698.836669921875,25.125,0.0,-32.8656005859375,0.0,2
1863,0,1483.874267578125,1672.584716796875,25.125,0.0,-32.8656005859375,0.0,2
1864,0,1483.874267578125,1639.6884765625,25.125,0.0,-32.8656005859375,0.0,2
1865,0,1483.8743896484375,1602.5718994140625,25.125,0.0,-49.7625732421875,0.0,2
1866,0,1487.924560546875,1558.59423828125,25.125,0.0,-49.7625732421875,0.0,2
1867,0,1478.2869873046875,1515.7626953125,25.125,0.0,-49.7625732421875,0.0,2
1868,0,1480.2542724609375,1472.408203125,25.125,0.0,-49.7625732421875,0.0,2
1869,0,1500.8897705078125,1432.728515625,25.125,0.0,-32.8656005859375,0.0,2
1870,0,1527.5396728515625,1401.3087158203125,25.125,0.0,-49.7625732421875,0.0,2
1871,0,1556.431396484375,1370.9881591796875,25.125,0.0,-32.8656005859375,0.0,2
1872,0,1563.445556640625,1332.7537841796875,25.125,0.0,-32.8656005859375,0.0,2
1873,0,1551.0909423828125,1291.208984375,25.125,0.0,-32.8656005859375,0.0,2
1874,0,1562.2564697265625,1256.1099853515625,25.125,0.0,-15.9686279296875,0.0,2
1875,0,1574.37109375,1214.7371826171875,25.125,0.0,-15.9686279296875,0.0,2
1876,0,1599.0009765625,1180.0994873046875,25.125,0.0,-15.9686279296875,0.0,2
1877,0,1637.291015625,1158.934814453125,25.125,0.0,0.9283447265625,0.0,2
1878,0,1677.8438720703125,1147.212890625,25.125,0.0,-15.9686279296875,0.0,2
1879,0,1716.8448486328125,1134.53857421875,25.125,0.0,-32.8656005859375,0.0,2
1880,0,1729.12939453125,1103.980224609375,25.125,0.0,-32.8656005859375,0.0,2
1881,0,1747.9036865234375,1068.8812255859375,25.125,0.0,-15.9686279296875,0.0,2
1882,0,1783.8719482421875,1045.507568359375,25.125,0.0,0.9283447265625,0.0,2
1883,0,1783.8741455078125,1039.10888671875,25.125,0.0,17.81982421875,0.0,2
1884,0,1783.8743896484375,1041.3641357421875,25.125,0.0,0.9283447265625,0.0,2
1885,0,1783.875,1017.371826171875,25.125,0.0,0.9283447265625,0.0,2
1886,0,1783.8743896484375,990.5385131835938,25.125,0.0,-15.9686279296875,0.0,2
1887,0,1798.452392578125,971.4749145507812,25.125,0.0,0.9283447265625,0.0,2
1888,0,1839.0418701171875,965.3390502929688,25.125,0.0,17.81982421875,0.0,2
1889,0,1859.876708984375,983.8705444335938,25.125,0.0,17.81982421875,0.0,2
1890,0,1886.3902587890625,983.8746948242188,25.125,0.0,17.81982421875,0.0,2
1891,0,1927.3970947265625,983.9356079101562,25.125,0.0,0.9283447265625,0.0,2
1892,0,1953.89013671875,1008.57373046875,25.125,0.0,0.9283447265625,0.0,2
1893,0,1965.384033203125,1010.0336303710938,25.125,0.0,0.9283447265625,0.0,2
1894,0,1983.8741455078125,1000.57470703125,25.125,0.0,17.81982421875,0.0,2
1895,0,1983.87451171875,1007.9593505859375,25.125,0.0,34.716796875,0.0,2
1896,0,1983.87451171875,997.44677734375,25.125,0.0,34.716796875,0.0,2
1897,0,1983.874267578125,994.6139526367188,25.125,0.0,34.716796875,0.0,2
1898,0,1983.8743896484375,1016.4673461914062,25.125,0.0,51.61376953125,0.0,2
1899,0,1983.874267578125,1052.63916015625,25.125,0.0,34.716796875,0.0,2
1900,0,1983.87451171875,1090.6702880859375,25.125,0.0,34.716796875,0.0,2
1901,0,1983.8743896484375,1132.16455078125,25.125,0.0,51.61376953125,0.0,2
1902,0,1983.8746337890625,1179.0821533203125,25.125,0.0,51.61376953125,0.0,2
1903,0,1983.874755859375,1225.5982666015625,25.125,0.0,68.5107421875,0.0,2
1904,0,1983.8748779296875,1267.6314697265625,25.125,0.0,68.5107421875,0.0,2
1905,0,1983.8741455078125,1287.113525390625,25.125,0.0,68.5107421875,0.0,2
1906,0,1983.8741455078125,1281.9990234375,25.125,0.0,68.5107421875,0.0,2
1907,0,1983.8743896484375,1297.1361083984375,25.125,0.0,51.61376953125,0.0,2
1908,0,1983.874267578125,1331.5908203125,25.125,0.0,34.716796875,0.0,2
1909,0,1972.80224609375,1371.7401123046875,25.125,0.0,34.716796875,0.0,2
1910,0,1951.6971435546875,1383.874267578125,25.125,0.0,34.716796875,0.0,2
1911,0,1955.633056640625,1383.874755859375,25.125,0.0,17.81982421875,0.0,2
1912,0,1983.8741455078125,1383.875,25.125,0.0,17.81982421875,0.0,2
1913,0,1983.8741455078125,1383.875,25.125,0.0,17.81982421875,0.0,2
1914,0,1983.874755859375,1362.0194091796875,25.125,0.0,17.81982421875,0.0,2
1915,0,1977.105224609375,1361.5501708984375,25.125,0.0,17.81982421875,0.0,2
1916,0,1983.8743896484375,1381.7794189453125,25.125,0.0,17.81982421875,0.0,2
1917,0,1983.8740234375,1383.875,25.125,0.0,0.9283447265625,0.0,2
1918,0,1983.7685546875,1383.8743896484375,25.125,0.0,0.9283447265625,0.0,2
1919,0,1983.8740234375,1383.875,25.125,0.0,0.9283447265625,0.0,2
1920,0,1983.8743896484375,1383.875,25.125,0.0,17.81982421875,0.0,2
1921,0,1979.037841796875,1383.8741455078125,25.125,0.0,17.81982421875,0.0,2
1922,0,1983.8741455078125,1383.875,25.125,0.0,17.81982421875,0.0,2
1923,0,1983.8740234375,1383.875,25.125,0.0,0.9283447265625,0.0,2
1924,0,1983.7685546875,1383.8740234375,25.125,0.0,0.9283447265625,0.0,2
1925,0,1983.8743896484375,1383.875,25.125,0.0,17.81982421875,0.0,2
1926,0,1983.874755859375,1361.0059814453125,25.125,0.0,17.81982421875,0.0,2
1927,0,1983.8743896484375,1344.9132080078125,25.125,0.0,17.81982421875,0.0,2
1928,0,1983.874267578125,1351.97607421875,25.125,0.0,34.716796875,0.0,2
1929,0,1970.647216796875,1380.44140625,25.125,0.0,34.716796875,0.0,2
1930,0,1971.275634765625,1368.093505859375,25.125,0.0,34.716796875,0.0,2
1931,0,1983.874267578125,1362.9361572265625,25.125,0.0,34.716796875,0.0,2
1932,0,1983.8743896484375,1378.3072509765625,25.125,0.0,17.81982421875,0.0,2
1933,0,1983.875,1383.87451171875,25.125,0.0,34.716796875,0.0,2
1934,0,1983.875,1383.8746337890625,25.125,0.0,34.716796875,0.0,2
1935,0,1983.875,1383.874755859375,25.125,0.0,17.81982421875,0.0,2
1936,0,1979.224365234375,1383.8743896484375,25.125,0.0,17.81982421875,0.0,2
1937,0,1983.8741455078125,1383.875,25.125,0.0,17.81982421875,0.0,2
1938,0,1983.874267578125,1383.875,25.125,0.0,34.716796875,0.0,2
1939,0,1983.8741455078125,1383.875,25.125,0.0,17.81982421875,0.0,2
1940,0,1979.46923828125,1383.8741455078125,25.125,0.0,17.81982421875,0.0,2
1941,0,1983.8743896484375,1383.875,25.125,0.0,0.9283447265625,0.0,2
1942,0,1983.875,1360.8914794921875,25.125,0.0,0.9283447265625,0.0,2
1943,0,1983.8743896484375,1334.1585693359375,25.125,0.0,-15.9686279296875,0.0,2
1944,0,1983.8741455078125,1312.3096923828125,25.125,0.0,-15.9686279296875,0.0,2
1945,0,1983.87451171875,1289.702392578125,25.125,0.0,-32.8656005859375,0.0,2
1946,0,1983.8743896484375,1256.96826171875,25.125,0.0,-49.7625732421875,0.0,2
1947,0,1983.874755859375,1214.2786865234375,25.125,0.0,-66.6595458984375,0.0,2
1948,0,1983.875,1171.5347900390625,25.125,0.0,-83.5565185546875,0.0,2
1949,0,1983.8748779296875,1130.6859130859375,25.125,0.0,-83.5565185546875,0.0,2
1950,0,1983.3326416015625,1089.9276123046875,25.125,0.0,-100.447998046875,0.0,2
1951,0,1979.6895751953125,1049.2744140625,25.125,0.0,-100.447998046875,0.0,2
1952,0,1974.0806884765625,1008.9835815429688,25.125,0.0,-100.447998046875,0.0,2
1953,0,1967.3515625,967.9230346679688,25.125,0.0,-100.447998046875,0.0,2
1954,0,1962.31005859375,927.3230590820312,25.125,0.0,-83.5565185546875,0.0,2
1955,0,1964.1824951171875,884.6564331054688,25.125,0.0,-66.6595458984375,0.0,2
1956,0,1946.8157958984375,848.2275390625,25.125,0.0,-66.6595458984375,0.0,2
1957,0,1939.4033203125,805.4902954101562,25.125,0.0,-49.7625732421875,0.0,2
1958,0,1957.3089599609375,764.1167602539062,25.125,0.0,-32.8656005859375,0.0,2
1959,0,1982.93310546875,731.5057373046875,25.125,0.0,-49.7625732421875,0.0,2
1960,0,1983.8743896484375,693.7418823242188,25.125,0.0,-49.7625732421875,0.0,2
1961,0,1983.87451171875,651.7857055664062,25.125,0.0,-32.8656005859375,0.0,2
1962,0,1983.874267578125,610.4407348632812,25.125,0.0,-32.8656005859375,0.0,2
1963,0,1983.87451171875,604.8358764648438,25.125,0.0,-32.8656005859375,0.0,2
1964,0,1983.8743896484375,598.710693359375,25.125,0.0,-49.7625732421875,0.0,2
1965,0,1983.8746337890625,566.7210693359375,25.125,0.0,-66.6595458984375,0.0,2
1966,0,1983.8748779296875,523.3142700195312,25.125,0.0,-66.6595458984375,0.0,2
1967,0,1962.268310546875,485.08856201171875,25.125,0.0,-66.6595458984375,0.0,2
1968,0,1963.9127197265625,473.2827453613281,25.125,0.0,-66.6595458984375,0.0,2
1969,0,1955.01123046875,464.36962890625,25.125,0.0,-66.6595458984375,0.0,2
1970,0,1958.585693359375,464.3167419433594,25.125,0.0,-66.6595458984375,0.0,2
1971,0,1982.23486328125,447.2538757324219,25.125,0.0,-66.6595458984375,0.0,2
1972,0,1983.8741455078125,436.4500427246094,25.125,0.0,-66.6595458984375,0.0,2
1973,0,1961.87548828125,427.9419860839844,25.125,0.0,-66.6595458984375,0.0,2
1974,0,1951.28125,398.5479431152344,25.125,0.0,-49.7625732421875,0.0,2
1975,0,1966.9510498046875,359.7850646972656,25.125,0.0,-49.7625732421875,0.0,2
1976,0,1983.8746337890625,323.1452331542969,25.125,0.0,-66.6595458984375,0.0,2
1977,0,1983.875,281.71429443359375,25.125,0.0,-83.5565185546875,0.0,2
1978,0,1983.8748779296875,239.90159606933594,25.125,0.0,-83.5565185546875,0.0,2
1979,0,1983.364501953125,200.10780334472656,25.125,0.0,-100.447998046875,0.0,2
1980,0,1979.5936279296875,158.50180053710938,25.125,0.0,-100.447998046875,0.0,2
1981,0,1971.8997802734375,118.0513687133789,25.125,0.0,-117.344970703125,0.0,2
1982,0,1951.8238525390625,116.12566375732422,25.125,0.0,-134.241943359375,0.0,2
1983,0,1919.915771484375,116.12582397460938,25.125,0.0,-117.344970703125,0.0,2
1984,0,1887.706787109375,116.12555694580078,25.125,0.0,-117.344970703125,0.0,2
1985,0,1848.087646484375,125.7184829711914,25.125,0.0,-117.344970703125,0.0,2
1986,0,1811.8050537109375,116.12773132324219,25.125,0.0,-117.344970703125,0.0,2
1987,0,1774.88916015625,116.12566375732422,25.125,0.0,-134.241943359375,0.0,2
1988,0,1733.2803955078125,116.12566375732422,25.125,0.0,-134.241943359375,0.0,2
1989,0,1687.7137451171875,116.12528991699219,25.125,0.0,-151.138916015625,0.0,2
1990,0,1640.2041015625,116.12566375732422,25.125,0.0,-134.241943359375,0.0,2
1991,0,1592.2982177734375,116.12545013427734,25.125,0.0,-134.241943359375,0.0,2
1992,0,1543.7178955078125,116.12527465820312,25.125,0.0,-151.138916015625,0.0,2
1993,0,1498.619384765625,116.12523651123047,25.125,0.0,-151.138916015625,0.0,2
1994,0,1449.985595703125,116.12566375732422,25.125,0.0,-134.241943359375,0.0,2
1995,0,1435.3431396484375,116.12543487548828,25.125,0.0,-134.241943359375,0.0,2
1996,0,1420.390869140625,116.12544250488281,25.125,0.0,-151.138916015625,0.0,2
1997,0,1383.5050048828125,116.12566375732422,25.125,0.0,-134.241943359375,0.0,2
1998,0,1373.6614990234375,116.12564086914062,25.125,0.0,-134.241943359375,0.0,2
1999,0,1360.980712890625,116.12544250488281,25.125,0.0,-151.138916015625,0.0,2
2000,0,1332.6064453125,136.42391967773438,25.125,0.0,-151.138916015625,0.0,2
