frame,agent,x,y,z,rot_x,rot_y,rot_z,num_traj
0,0,772.09375,1841.382080078125,25.125,0.0,-30.38818359375,0.0,0
1,0,809.4649047851562,1819.8839111328125,25.125,0.0,-47.28515625,0.0,0
2,0,841.4139404296875,1791.2232666015625,25.125,0.0,-64.1766357421875,0.0,0
3,0,864.860107421875,1755.87890625,25.125,0.0,-81.0736083984375,0.0,0
4,0,878.0486450195312,1714.2808837890625,25.125,0.0,-97.9705810546875,0.0,0
5,0,878.8091430664062,1671.574951171875,25.125,0.0,-114.8675537109375,0.0,0
6,0,866.9405517578125,1629.47119140625,25.125,0.0,-131.7645263671875,0.0,0
7,0,848.6527099609375,1592.725341796875,25.125,0.0,-114.8675537109375,0.0,0
8,0,831.81201171875,1554.1883544921875,25.125,0.0,-97.9705810546875,0.0,0
9,0,822.5805053710938,1513.351806640625,25.125,0.0,-81.0736083984375,0.0,0
10,0,823.7132568359375,1471.025634765625,25.125,0.0,-64.1766357421875,0.0,0
11,0,836.6947631835938,1429.40478515625,25.125,0.0,-47.28515625,0.0,0
12,0,862.5497436523438,1416.1253662109375,25.125,0.0,-30.38818359375,0.0,0
13,0,904.8803100585938,1416.1251220703125,25.125,0.0,-13.4912109375,0.0,0
14,0,945.7134399414062,1415.600830078125,25.125,0.0,3.40576171875,0.0,0
15,0,987.788818359375,1418.22607421875,25.125,0.0,20.302734375,0.0,0
16,0,1028.3587646484375,1429.031005859375,25.125,0.0,37.1942138671875,0.0,0
17,0,1065.3736572265625,1449.8099365234375,25.125,0.0,54.0911865234375,0.0,0
18,0,1096.0455322265625,1480.845458984375,25.125,0.0,70.9881591796875,0.0,0
19,0,1116.2484130859375,1518.5125732421875,25.125,0.0,87.8851318359375,0.0,0
20,0,1124.984375,1561.4434814453125,25.125,0.0,104.7821044921875,0.0,0
21,0,1121.2274169921875,1603.1365966796875,25.125,0.0,121.6790771484375,0.0,0
22,0,1104.7615966796875,1643.796630859375,25.125,0.0,138.570556640625,0.0,0
23,0,1077.751953125,1677.06005859375,25.125,0.0,155.467529296875,0.0,0
24,0,1041.370849609375,1701.4312744140625,25.125,0.0,172.364501953125,0.0,0
25,0,1000.4293212890625,1713.7978515625,25.125,0.0,-170.738525390625,0.0,0
26,0,957.633056640625,1713.91796875,25.125,0.0,-153.841552734375,0.0,0
27,0,915.6888427734375,1701.29638671875,25.125,0.0,-136.944580078125,0.0,0
28,0,880.093017578125,1677.566162109375,25.125,0.0,-120.0531005859375,0.0,0
29,0,852.3128051757812,1643.712158203125,25.125,0.0,-103.1561279296875,0.0,0
30,0,836.1447143554688,1605.137939453125,25.125,0.0,-86.2591552734375,0.0,0
31,0,829.4120483398438,1563.009033203125,25.125,0.0,-86.2591552734375,0.0,0
32,0,828.0005493164062,1522.1898193359375,25.125,0.0,-86.2591552734375,0.0,0
33,0,828.8883056640625,1480.5589599609375,25.125,0.0,-86.2591552734375,0.0,0
34,0,828.8619995117188,1439.66162109375,25.125,0.0,-103.1561279296875,0.0,0
35,0,821.7274169921875,1416.12548828125,25.125,0.0,-120.0531005859375,0.0,0
36,0,798.5439453125,1416.1256103515625,25.125,0.0,-136.944580078125,0.0,0
37,0,760.445556640625,1412.9351806640625,25.125,0.0,-153.841552734375,0.0,0
38,0,719.8890991210938,1402.7786865234375,25.125,0.0,-170.738525390625,0.0,0
39,0,716.1259155273438,1397.5614013671875,25.125,0.0,172.364501953125,0.0,0
40,0,716.1258544921875,1400.787109375,25.125,0.0,155.467529296875,0.0,0
41,0,716.1256713867188,1416.90576171875,25.125,0.0,138.570556640625,0.0,0
42,0,698.9795532226562,1447.5743408203125,25.125,0.0,138.570556640625,0.0,0
43,0,672.817138671875,1480.0970458984375,25.125,0.0,121.6790771484375,0.0,0
44,0,647.5679931640625,1512.1171875,25.125,0.0,138.570556640625,0.0,0
45,0,620.42431640625,1543.8115234375,25.125,0.0,121.6790771484375,0.0,0
46,0,596.1924438476562,1576.6131591796875,25.125,0.0,121.6790771484375,0.0,0
47,0,571.34375,1610.228759765625,25.125,0.0,138.570556640625,0.0,0
48,0,543.7996826171875,1640.4364013671875,25.125,0.0,138.570556640625,0.0,0
49,0,516.1251831054688,1670.2464599609375,25.125,0.0,121.6790771484375,0.0,0
50,0,516.1251220703125,1710.109375,25.125,0.0,104.7821044921875,0.0,0
51,0,511.10858154296875,1752.22509765625,25.125,0.0,121.6790771484375,0.0,0
52,0,494.1568298339844,1792.464111328125,25.125,0.0,138.570556640625,0.0,0
53,0,467.05621337890625,1825.5277099609375,25.125,0.0,155.467529296875,0.0,0
54,0,430.670654296875,1849.85498046875,25.125,0.0,172.364501953125,0.0,0
55,0,389.74163818359375,1862.21533203125,25.125,0.0,-170.738525390625,0.0,0
56,0,347.94500732421875,1866.563720703125,25.125,0.0,172.364501953125,0.0,0
57,0,307.1498107910156,1868.948486328125,25.125,0.0,-170.738525390625,0.0,0
58,0,265.6755065917969,1864.8990478515625,25.125,0.0,-153.841552734375,0.0,0
59,0,225.93682861328125,1855.3543701171875,25.125,0.0,-170.738525390625,0.0,0
60,0,185.27976989746094,1848.727783203125,25.125,0.0,172.364501953125,0.0,0
61,0,142.3487091064453,1850.393798828125,25.125,0.0,155.467529296875,0.0,0
62,0,116.12547302246094,1863.1142578125,25.125,0.0,138.570556640625,0.0,0
63,0,116.12583923339844,1889.7147216796875,25.125,0.0,155.467529296875,0.0,0
64,0,116.12591552734375,1914.9017333984375,25.125,0.0,172.364501953125,0.0,0
65,0,116.12591552734375,1929.2637939453125,25.125,0.0,-170.738525390625,0.0,0
66,0,116.12591552734375,1929.5650634765625,25.125,0.0,-170.738525390625,0.0,0
67,0,116.12561798095703,1928.4932861328125,25.125,0.0,-170.738525390625,0.0,0
68,0,116.1258316040039,1924.558837890625,25.125,0.0,-153.841552734375,0.0,0
69,0,116.12545776367188,1906.8389892578125,25.125,0.0,-136.944580078125,0.0,0
70,0,116.1254653930664,1871.129638671875,25.125,0.0,-120.0531005859375,0.0,0
71,0,116.12525177001953,1826.059326171875,25.125,0.0,-120.0531005859375,0.0,0
72,0,116.1251220703125,1782.011474609375,25.125,0.0,-103.1561279296875,0.0,0
73,0,116.12539672851562,1738.6256103515625,25.125,0.0,-120.0531005859375,0.0,0
74,0,116.1251220703125,1694.6005859375,25.125,0.0,-103.1561279296875,0.0,0
75,0,116.12512969970703,1653.0819091796875,25.125,0.0,-103.1561279296875,0.0,0
76,0,116.12528991699219,1609.7271728515625,25.125,0.0,-120.0531005859375,0.0,0
77,0,116.12567901611328,1562.057373046875,25.125,0.0,-136.944580078125,0.0,0
78,0,116.12556457519531,1516.931640625,25.125,0.0,-153.841552734375,0.0,0
79,0,116.12591552734375,1481.45751953125,25.125,0.0,-170.738525390625,0.0,0
80,0,116.12561798095703,1462.1268310546875,25.125,0.0,172.364501953125,0.0,0
81,0,116.12583923339844,1461.314453125,25.125,0.0,155.467529296875,0.0,0
82,0,116.12569427490234,1476.67578125,25.125,0.0,138.570556640625,0.0,0
83,0,116.12548828125,1510.58935546875,25.125,0.0,121.6790771484375,0.0,0
84,0,116.12569427490234,1555.0635986328125,25.125,0.0,138.570556640625,0.0,0
85,0,116.12557220458984,1597.9658203125,25.125,0.0,155.467529296875,0.0,0
86,0,116.12591552734375,1631.437744140625,25.125,0.0,172.364501953125,0.0,0
87,0,116.12561798095703,1648.5721435546875,25.125,0.0,-170.738525390625,0.0,0
88,0,116.12591552734375,1650.2581787109375,25.125,0.0,-170.738525390625,0.0,0
89,0,116.1258316040039,1646.3245849609375,25.125,0.0,-153.841552734375,0.0,0
90,0,116.12567138671875,1627.9967041015625,25.125,0.0,-136.944580078125,0.0,0
91,0,116.1254653930664,1593.02392578125,25.125,0.0,-120.0531005859375,0.0,0
92,0,116.12508392333984,1550.1859130859375,25.125,0.0,-103.1561279296875,0.0,0
93,0,116.12590026855469,1528.234130859375,25.125,0.0,-103.1561279296875,0.0,0
94,0,116.12531280517578,1500.20947265625,25.125,0.0,-120.0531005859375,0.0,0
95,0,116.12567138671875,1455.4766845703125,25.125,0.0,-136.944580078125,0.0,0
96,0,116.12556457519531,1413.11767578125,25.125,0.0,-153.841552734375,0.0,0
97,0,116.12591552734375,1378.408203125,25.125,0.0,-170.738525390625,0.0,0
98,0,116.12591552734375,1359.459228515625,25.125,0.0,172.364501953125,0.0,0
99,0,116.12591552734375,1353.4671630859375,25.125,0.0,-170.738525390625,0.0,0
100,0,116.1258316040039,1347.0789794921875,25.125,0.0,-153.841552734375,0.0,0
101,0,116.12561798095703,1332.869873046875,25.125,0.0,-170.738525390625,0.0,0
102,0,116.1258316040039,1316.2274169921875,25.125,0.0,-153.841552734375,0.0,0
103,0,116.12556457519531,1293.3497314453125,25.125,0.0,-153.841552734375,0.0,0
104,0,116.12567138671875,1263.265625,25.125,0.0,-136.944580078125,0.0,0
105,0,116.12531280517578,1224.2674560546875,25.125,0.0,-120.0531005859375,0.0,0
106,0,116.1251220703125,1180.24267578125,25.125,0.0,-103.1561279296875,0.0,0
107,0,116.12539672851562,1136.8568115234375,25.125,0.0,-120.0531005859375,0.0,0
108,0,116.12535858154297,1090.32568359375,25.125,0.0,-120.0531005859375,0.0,0
109,0,116.12567901611328,1042.5562744140625,25.125,0.0,-136.944580078125,0.0,0
110,0,116.12556457519531,997.4306030273438,25.125,0.0,-153.841552734375,0.0,0
111,0,116.1258316040039,959.0164184570312,25.125,0.0,-153.841552734375,0.0,0
112,0,116.12561798095703,928.5615234375,25.125,0.0,-170.738525390625,0.0,0
113,0,116.12591552734375,910.7252197265625,25.125,0.0,172.364501953125,0.0,0
114,0,116.12583923339844,910.6741333007812,25.125,0.0,155.467529296875,0.0,0
115,0,116.12591552734375,919.9373168945312,25.125,0.0,172.364501953125,0.0,0
116,0,116.12583923339844,931.5297241210938,25.125,0.0,155.467529296875,0.0,0
117,0,116.12561798095703,948.4237060546875,25.125,0.0,172.364501953125,0.0,0
118,0,116.12591552734375,958.6422119140625,25.125,0.0,-170.738525390625,0.0,0
119,0,116.12556457519531,955.25927734375,25.125,0.0,-153.841552734375,0.0,0
120,0,116.12567138671875,937.2078857421875,25.125,0.0,-136.944580078125,0.0,0
121,0,116.12531280517578,902.394775390625,25.125,0.0,-120.0531005859375,0.0,0
122,0,116.12535858154297,856.266357421875,25.125,0.0,-120.0531005859375,0.0,0
123,0,116.12535095214844,810.7705688476562,25.125,0.0,-120.0531005859375,0.0,0
124,0,116.1251220703125,767.7359619140625,25.125,0.0,-103.1561279296875,0.0,0
125,0,116.12539672851562,724.3497924804688,25.125,0.0,-120.0531005859375,0.0,0
126,0,116.12545776367188,676.6768798828125,25.125,0.0,-136.944580078125,0.0,0
127,0,116.1258316040039,630.4950561523438,25.125,0.0,-153.841552734375,0.0,0
128,0,116.12561798095703,595.7931518554688,25.125,0.0,-170.738525390625,0.0,0
129,0,116.12591552734375,575.9747314453125,25.125,0.0,172.364501953125,0.0,0
130,0,116.12557220458984,575.2327270507812,25.125,0.0,155.467529296875,0.0,0
131,0,116.12569427490234,590.910888671875,25.125,0.0,138.570556640625,0.0,0
132,0,116.12583923339844,619.3837280273438,25.125,0.0,155.467529296875,0.0,0
133,0,116.12547302246094,651.2180786132812,25.125,0.0,138.570556640625,0.0,0
134,0,116.12569427490234,689.3961181640625,25.125,0.0,138.570556640625,0.0,0
135,0,116.12547302246094,731.3027954101562,25.125,0.0,138.570556640625,0.0,0
136,0,116.12569427490234,775.8279418945312,25.125,0.0,138.570556640625,0.0,0
137,0,116.12523651123047,821.6549072265625,25.125,0.0,121.6790771484375,0.0,0
138,0,116.1253890991211,868.7998046875,25.125,0.0,121.6790771484375,0.0,0
139,0,116.12537384033203,914.8713989257812,25.125,0.0,121.6790771484375,0.0,0
140,0,116.1253890991211,961.9953002929688,25.125,0.0,121.6790771484375,0.0,0
141,0,116.12513732910156,1005.412353515625,25.125,0.0,104.7821044921875,0.0,0
142,0,116.13906860351562,1046.31640625,25.125,0.0,87.8851318359375,0.0,0
143,0,116.12592315673828,1073.731689453125,25.125,0.0,87.8851318359375,0.0,0
144,0,119.7173843383789,1108.7093505859375,25.125,0.0,70.9881591796875,0.0,0
145,0,131.20916748046875,1149.7425537109375,25.125,0.0,54.0911865234375,0.0,0
146,0,151.69158935546875,1186.701416015625,25.125,0.0,37.1942138671875,0.0,0
147,0,182.2173309326172,1217.759765625,25.125,0.0,20.302734375,0.0,0
148,0,219.51177978515625,1238.52978515625,25.125,0.0,3.40576171875,0.0,0
149,0,262.2226257324219,1248.0218505859375,25.125,0.0,-13.4912109375,0.0,0
150,0,304.8856201171875,1244.837890625,25.125,0.0,-30.38818359375,0.0,0
151,0,344.821533203125,1229.4962158203125,25.125,0.0,-47.28515625,0.0,0
152,0,378.6416320800781,1203.267333984375,25.125,0.0,-64.1766357421875,0.0,0
153,0,383.87457275390625,1167.3330078125,25.125,0.0,-47.28515625,0.0,0
154,0,383.874755859375,1121.9144287109375,25.125,0.0,-64.1766357421875,0.0,0
155,0,383.875,1116.1256103515625,25.125,0.0,-81.0736083984375,0.0,0
156,0,383.875,1116.1258544921875,25.125,0.0,-64.1766357421875,0.0,0
157,0,383.875,1116.1258544921875,25.125,0.0,-81.0736083984375,0.0,0
158,0,383.875,1116.1258544921875,25.125,0.0,-81.0736083984375,0.0,0
159,0,383.875,1116.1258544921875,25.125,0.0,-64.1766357421875,0.0,0
160,0,383.875,1116.12548828125,25.125,0.0,-47.28515625,0.0,0
161,0,383.875,1116.12548828125,25.125,0.0,-30.38818359375,0.0,0
162,0,383.875,1116.1251220703125,25.125,0.0,-13.4912109375,0.0,0
163,0,383.87408447265625,1116.2008056640625,25.125,0.0,3.40576171875,0.0,0
164,0,383.8741455078125,1118.0902099609375,25.125,0.0,20.302734375,0.0,0
165,0,383.874267578125,1130.5257568359375,25.125,0.0,37.1942138671875,0.0,0
166,0,383.87445068359375,1159.9786376953125,25.125,0.0,54.0911865234375,0.0,0
167,0,383.8748779296875,1202.2437744140625,25.125,0.0,70.9881591796875,0.0,0
168,0,387.8583068847656,1246.861328125,25.125,0.0,54.0911865234375,0.0,0
169,0,405.5187683105469,1286.5556640625,25.125,0.0,37.1942138671875,0.0,0
170,0,435.1827087402344,1319.1898193359375,25.125,0.0,20.302734375,0.0,0
171,0,471.3802185058594,1340.4622802734375,25.125,0.0,3.40576171875,0.0,0
172,0,514.1357421875,1350.560791015625,25.125,0.0,-13.4912109375,0.0,0
173,0,556.9620971679688,1347.7706298828125,25.125,0.0,-30.38818359375,0.0,0
174,0,583.8743896484375,1331.5452880859375,25.125,0.0,-47.28515625,0.0,0
175,0,583.8745727539062,1297.149169921875,25.125,0.0,-64.1766357421875,0.0,0
176,0,583.8745727539062,1250.555419921875,25.125,0.0,-47.28515625,0.0,0
177,0,583.8742065429688,1202.828125,25.125,0.0,-30.38818359375,0.0,0
178,0,588.8156127929688,1160.080078125,25.125,0.0,-47.28515625,0.0,0
179,0,611.0789184570312,1121.2379150390625,25.125,0.0,-30.38818359375,0.0,0
180,0,638.320068359375,1091.6002197265625,25.125,0.0,-47.28515625,0.0,0
181,0,665.7453002929688,1059.8079833984375,25.125,0.0,-64.1766357421875,0.0,0
182,0,686.863525390625,1023.70458984375,25.125,0.0,-81.0736083984375,0.0,0
183,0,702.5504760742188,984.8984375,25.125,0.0,-64.1766357421875,0.0,0
184,0,716.9525146484375,946.6986083984375,25.125,0.0,-81.0736083984375,0.0,0
185,0,729.2835083007812,907.8494873046875,25.125,0.0,-64.1766357421875,0.0,0
186,0,742.754638671875,868.3416748046875,25.125,0.0,-81.0736083984375,0.0,0
187,0,754.44775390625,829.2921142578125,25.125,0.0,-64.1766357421875,0.0,0
188,0,771.5313720703125,790.4614868164062,25.125,0.0,-47.28515625,0.0,0
189,0,794.2680053710938,756.1409301757812,25.125,0.0,-47.28515625,0.0,0
190,0,818.1826171875,723.1107788085938,25.125,0.0,-64.1766357421875,0.0,0
191,0,841.8248901367188,716.1258544921875,25.125,0.0,-64.1766357421875,0.0,0
192,0,871.2413940429688,716.12548828125,25.125,0.0,-47.28515625,0.0,0
193,0,910.0654296875,716.1256713867188,25.125,0.0,-47.28515625,0.0,0
194,0,951.1253051757812,703.942626953125,25.125,0.0,-47.28515625,0.0,0
195,0,983.87255859375,677.4483642578125,25.125,0.0,-64.1766357421875,0.0,0
196,0,983.8748168945312,637.1495361328125,25.125,0.0,-64.1766357421875,0.0,0
197,0,983.8749389648438,593.9878540039062,25.125,0.0,-81.0736083984375,0.0,0
198,0,985.260498046875,553.0905151367188,25.125,0.0,-81.0736083984375,0.0,0
199,0,991.322998046875,512.27880859375,25.125,0.0,-64.1766357421875,0.0,0
200,0,1003.5379638671875,473.04144287109375,25.125,0.0,-64.1766357421875,0.0,0
201,0,1020.777587890625,435.48748779296875,25.125,0.0,-47.28515625,0.0,0
202,0,1042.4776611328125,399.7782897949219,25.125,0.0,-64.1766357421875,0.0,0
203,0,1062.266845703125,364.2062683105469,25.125,0.0,-64.1766357421875,0.0,0
204,0,1081.3564453125,327.2290954589844,25.125,0.0,-64.1766357421875,0.0,0
205,0,1103.6500244140625,316.1254577636719,25.125,0.0,-47.28515625,0.0,0
206,0,1141.155029296875,316.1254577636719,25.125,0.0,-30.38818359375,0.0,0
207,0,1187.469482421875,316.12567138671875,25.125,0.0,-47.28515625,0.0,0
208,0,1234.4871826171875,314.5925598144531,25.125,0.0,-30.38818359375,0.0,0
209,0,1275.038818359375,306.1904602050781,25.125,0.0,-13.4912109375,0.0,0
210,0,1315.2703857421875,298.54217529296875,25.125,0.0,3.40576171875,0.0,0
211,0,1356.7501220703125,293.947509765625,25.125,0.0,-13.4912109375,0.0,0
212,0,1397.22705078125,289.01458740234375,25.125,0.0,3.40576171875,0.0,0
213,0,1439.73046875,289.5827941894531,25.125,0.0,20.302734375,0.0,0
214,0,1480.157470703125,295.3941345214844,25.125,0.0,3.40576171875,0.0,0
215,0,1483.8741455078125,296.25164794921875,25.125,0.0,-13.4912109375,0.0,0
216,0,1483.8740234375,295.6661682128906,25.125,0.0,3.40576171875,0.0,0
217,0,1483.8743896484375,297.5474548339844,25.125,0.0,20.302734375,0.0,0
218,0,1483.874267578125,309.3750915527344,25.125,0.0,37.1942138671875,0.0,0
219,0,1492.308349609375,336.1656494140625,25.125,0.0,37.1942138671875,0.0,0
220,0,1518.5830078125,368.609375,25.125,0.0,54.0911865234375,0.0,0
221,0,1542.39990234375,402.15960693359375,25.125,0.0,70.9881591796875,0.0,0
222,0,1563.0892333984375,438.43316650390625,25.125,0.0,54.0911865234375,0.0,0
223,0,1586.8642578125,472.1927490234375,25.125,0.0,37.1942138671875,0.0,0
224,0,1616.183837890625,502.3728332519531,25.125,0.0,37.1942138671875,0.0,0
225,0,1646.9063720703125,529.1159057617188,25.125,0.0,37.1942138671875,0.0,0
226,0,1677.4337158203125,556.255615234375,25.125,0.0,54.0911865234375,0.0,0
227,0,1705.0350341796875,583.8724365234375,25.125,0.0,54.0911865234375,0.0,0
228,0,1738.29296875,591.0310668945312,25.125,0.0,37.1942138671875,0.0,0
229,0,1774.908447265625,613.5612182617188,25.125,0.0,54.0911865234375,0.0,0
230,0,1804.25048828125,644.240234375,25.125,0.0,70.9881591796875,0.0,0
231,0,1824.5533447265625,682.87841796875,25.125,0.0,87.8851318359375,0.0,0
232,0,1832.925048828125,724.8251342773438,25.125,0.0,104.7821044921875,0.0,0
233,0,1833.2265625,766.8388061523438,25.125,0.0,87.8851318359375,0.0,0
234,0,1835.182861328125,783.8741455078125,25.125,0.0,70.9881591796875,0.0,0
235,0,1846.487060546875,783.87451171875,25.125,0.0,54.0911865234375,0.0,0
236,0,1870.307373046875,783.8741455078125,25.125,0.0,70.9881591796875,0.0,0
237,0,1890.4046630859375,783.8743896484375,25.125,0.0,87.8851318359375,0.0,0
238,0,1898.4195556640625,783.8740844726562,25.125,0.0,104.7821044921875,0.0,0
239,0,1891.9805908203125,783.8742065429688,25.125,0.0,121.6790771484375,0.0,0
240,0,1868.2862548828125,783.8743896484375,25.125,0.0,138.570556640625,0.0,0
241,0,1828.934814453125,783.874755859375,25.125,0.0,155.467529296875,0.0,0
242,0,1786.974853515625,783.8749389648438,25.125,0.0,172.364501953125,0.0,0
243,0,1745.255615234375,783.6643676757812,25.125,0.0,-170.738525390625,0.0,0
244,0,1704.1654052734375,778.4152221679688,25.125,0.0,-153.841552734375,0.0,0
245,0,1663.7109375,763.6067504882812,25.125,0.0,-136.944580078125,0.0,0
246,0,1629.62890625,739.87353515625,25.125,0.0,-120.0531005859375,0.0,0
247,0,1600.803955078125,716.1257934570312,25.125,0.0,-120.0531005859375,0.0,0
248,0,1574.2493896484375,716.1259155273438,25.125,0.0,-103.1561279296875,0.0,0
249,0,1555.5936279296875,716.1259155273438,25.125,0.0,-86.2591552734375,0.0,0
250,0,1553.019287109375,716.1258544921875,25.125,0.0,-69.3621826171875,0.0,0
251,0,1564.66845703125,716.12548828125,25.125,0.0,-52.4652099609375,0.0,0
252,0,1592.429443359375,716.125732421875,25.125,0.0,-52.4652099609375,0.0,0
253,0,1629.666259765625,716.1253662109375,25.125,0.0,-35.57373046875,0.0,0
254,0,1674.5675048828125,716.1251831054688,25.125,0.0,-18.6767578125,0.0,0
255,0,1714.79541015625,716.125,25.125,0.0,-1.77978515625,0.0,0
256,0,1756.63623046875,717.5519409179688,25.125,0.0,15.1171875,0.0,0
257,0,1797.55908203125,725.693603515625,25.125,0.0,32.01416015625,0.0,0
258,0,1836.7674560546875,744.0127563476562,25.125,0.0,48.9111328125,0.0,0
259,0,1869.60546875,769.299072265625,25.125,0.0,48.9111328125,0.0,0
260,0,1899.3045654296875,783.8744506835938,25.125,0.0,65.8026123046875,0.0,0
261,0,1929.0006103515625,788.0721435546875,25.125,0.0,65.8026123046875,0.0,0
262,0,1957.650634765625,815.5914916992188,25.125,0.0,48.9111328125,0.0,0
263,0,1983.8743896484375,847.9597778320312,25.125,0.0,65.8026123046875,0.0,0
264,0,1983.8743896484375,889.8592529296875,25.125,0.0,48.9111328125,0.0,0
265,0,1983.874755859375,935.6578979492188,25.125,0.0,65.8026123046875,0.0,0
266,0,1983.8748779296875,977.5444946289062,25.125,0.0,82.6995849609375,0.0,0
267,0,1983.874755859375,1019.7142944335938,25.125,0.0,65.8026123046875,0.0,0
268,0,1983.8743896484375,1067.2044677734375,25.125,0.0,48.9111328125,0.0,0
269,0,1983.87451171875,1114.3138427734375,25.125,0.0,32.01416015625,0.0,0
270,0,1983.874267578125,1157.0108642578125,25.125,0.0,32.01416015625,0.0,0
271,0,1983.8746337890625,1197.953125,25.125,0.0,48.9111328125,0.0,0
272,0,1983.874267578125,1242.60595703125,25.125,0.0,32.01416015625,0.0,0
273,0,1983.874267578125,1282.7359619140625,25.125,0.0,32.01416015625,0.0,0
274,0,1983.8743896484375,1323.0244140625,25.125,0.0,48.9111328125,0.0,0
275,0,1983.874755859375,1367.9793701171875,25.125,0.0,65.8026123046875,0.0,0
276,0,1983.875,1383.87451171875,25.125,0.0,48.9111328125,0.0,0
277,0,1983.875,1383.8741455078125,25.125,0.0,65.8026123046875,0.0,0
278,0,1983.875,1383.8743896484375,25.125,0.0,65.8026123046875,0.0,0
279,0,1983.875,1383.8740234375,25.125,0.0,82.6995849609375,0.0,0
280,0,1983.4981689453125,1383.8743896484375,25.125,0.0,99.5965576171875,0.0,0
281,0,1979.1263427734375,1383.8741455078125,25.125,0.0,116.4935302734375,0.0,0
282,0,1960.6805419921875,1383.874267578125,25.125,0.0,133.3905029296875,0.0,0
283,0,1927.46826171875,1383.87451171875,25.125,0.0,133.3905029296875,0.0,0
284,0,1886.875244140625,1383.874267578125,25.125,0.0,133.3905029296875,0.0,0
285,0,1845.5693359375,1398.6583251953125,25.125,0.0,116.4935302734375,0.0,0
286,0,1814.712646484375,1432.4544677734375,25.125,0.0,99.5965576171875,0.0,0
287,0,1798.382080078125,1472.86279296875,25.125,0.0,82.6995849609375,0.0,0
288,0,1795.6358642578125,1516.9666748046875,25.125,0.0,65.8026123046875,0.0,0
289,0,1806.16845703125,1558.6328125,25.125,0.0,48.9111328125,0.0,0
290,0,1829.04345703125,1596.0802001953125,25.125,0.0,32.01416015625,0.0,0
291,0,1858.6441650390625,1625.396240234375,25.125,0.0,32.01416015625,0.0,0
292,0,1889.7010498046875,1651.7864990234375,25.125,0.0,48.9111328125,0.0,0
293,0,1927.3497314453125,1654.2005615234375,25.125,0.0,48.9111328125,0.0,0
294,0,1969.47412109375,1663.184326171875,25.125,0.0,48.9111328125,0.0,0
295,0,1983.8746337890625,1691.86767578125,25.125,0.0,65.8026123046875,0.0,0
296,0,1983.8746337890625,1735.9888916015625,25.125,0.0,48.9111328125,0.0,0
297,0,1983.874755859375,1783.20654296875,25.125,0.0,65.8026123046875,0.0,0
298,0,1983.8743896484375,1829.6771240234375,25.125,0.0,48.9111328125,0.0,0
299,0,1983.874267578125,1877.8265380859375,25.125,0.0,32.01416015625,0.0,0
300,0,1983.87451171875,1887.1490478515625,25.125,0.0,32.01416015625,0.0,0
301,0,1983.87451171875,1892.5810546875,25.125,0.0,32.01416015625,0.0,0
302,0,1971.588134765625,1921.4688720703125,25.125,0.0,32.01416015625,0.0,0
303,0,1979.19580078125,1957.7508544921875,25.125,0.0,32.01416015625,0.0,0
304,0,1983.875,1983.874755859375,25.125,0.0,15.1171875,0.0,0
305,0,1983.8743896484375,1983.8555908203125,25.125,0.0,-1.77978515625,0.0,0
306,0,1983.8741455078125,1983.875,25.125,0.0,15.1171875,0.0,0
307,0,1983.874267578125,1983.875,25.125,0.0,32.01416015625,0.0,0
308,0,1983.8743896484375,1983.875,25.125,0.0,48.9111328125,0.0,0
309,0,1983.8746337890625,1983.875,25.125,0.0,65.8026123046875,0.0,0
310,0,1983.8748779296875,1983.875,25.125,0.0,82.6995849609375,0.0,0
311,0,1983.4703369140625,1983.8741455078125,25.125,0.0,99.5965576171875,0.0,0
312,0,1979.52783203125,1983.8743896484375,25.125,0.0,116.4935302734375,0.0,0
313,0,1963.6807861328125,1983.8741455078125,25.125,0.0,116.4935302734375,0.0,0
314,0,1939.992431640625,1983.8741455078125,25.125,0.0,116.4935302734375,0.0,0
315,0,1909.318115234375,1983.8743896484375,25.125,0.0,133.3905029296875,0.0,0
316,0,1868.9071044921875,1983.8746337890625,25.125,0.0,150.2874755859375,0.0,0
317,0,1825.944580078125,1983.8748779296875,25.125,0.0,167.178955078125,0.0,0
318,0,1781.652099609375,1983.8746337890625,25.125,0.0,150.2874755859375,0.0,0
319,0,1736.286376953125,1983.874755859375,25.125,0.0,150.2874755859375,0.0,0
320,0,1687.569091796875,1983.874267578125,25.125,0.0,133.3905029296875,0.0,0
321,0,1643.226318359375,1983.8743896484375,25.125,0.0,116.4935302734375,0.0,0
322,0,1607.3624267578125,1983.8741455078125,25.125,0.0,99.5965576171875,0.0,0
323,0,1584.6297607421875,1983.8741455078125,25.125,0.0,99.5965576171875,0.0,0
324,0,1564.7642822265625,1983.8741455078125,25.125,0.0,116.4935302734375,0.0,0
325,0,1543.035400390625,1983.8741455078125,25.125,0.0,99.5965576171875,0.0,0
326,0,1529.209228515625,1983.8743896484375,25.125,0.0,82.6995849609375,0.0,0
327,0,1530.490966796875,1983.8741455078125,25.125,0.0,65.8026123046875,0.0,0
328,0,1539.822998046875,1983.8743896484375,25.125,0.0,82.6995849609375,0.0,0
329,0,1570.095703125,1980.767333984375,25.125,0.0,82.6995849609375,0.0,0
330,0,1596.110107421875,1983.8743896484375,25.125,0.0,99.5965576171875,0.0,0
331,0,1601.9927978515625,1983.8741455078125,25.125,0.0,99.5965576171875,0.0,0
332,0,1597.896240234375,1983.8741455078125,25.125,0.0,116.4935302734375,0.0,0
333,0,1581.978759765625,1983.8741455078125,25.125,0.0,116.4935302734375,0.0,0
334,0,1555.70654296875,1983.874267578125,25.125,0.0,133.3905029296875,0.0,0
335,0,1521.2908935546875,1983.8743896484375,25.125,0.0,116.4935302734375,0.0,0
336,0,1487.551025390625,1983.8741455078125,25.125,0.0,116.4935302734375,0.0,0
337,0,1458.960205078125,1983.8743896484375,25.125,0.0,99.5965576171875,0.0,0
338,0,1435.667236328125,1983.8741455078125,25.125,0.0,116.4935302734375,0.0,0
339,0,1409.7060546875,1983.8741455078125,25.125,0.0,116.4935302734375,0.0,0
340,0,1381.3514404296875,1983.8741455078125,25.125,0.0,116.4935302734375,0.0,0
341,0,1351.88427734375,1983.8741455078125,25.125,0.0,116.4935302734375,0.0,0
342,0,1319.4697265625,1983.87451171875,25.125,0.0,133.3905029296875,0.0,0
343,0,1281.4520263671875,1983.8741455078125,25.125,0.0,116.4935302734375,0.0,0
344,0,1250.024658203125,1983.8743896484375,25.125,0.0,99.5965576171875,0.0,0
345,0,1231.5169677734375,1983.8740234375,25.125,0.0,82.6995849609375,0.0,0
346,0,1228.7960205078125,1983.8743896484375,25.125,0.0,82.6995849609375,0.0,0
347,0,1229.6607666015625,1983.8740234375,25.125,0.0,82.6995849609375,0.0,0
348,0,1230.4876708984375,1983.8740234375,25.125,0.0,82.6995849609375,0.0,0
349,0,1230.232666015625,1983.8741455078125,25.125,0.0,99.5965576171875,0.0,0
350,0,1226.1361083984375,1983.8741455078125,25.125,0.0,116.4935302734375,0.0,0
351,0,1210.7177734375,1983.8743896484375,25.125,0.0,116.4935302734375,0.0,0
352,0,1183.93994140625,1983.874267578125,25.125,0.0,133.3905029296875,0.0,0
353,0,1149.5242919921875,1983.8743896484375,25.125,0.0,116.4935302734375,0.0,0
354,0,1113.1131591796875,1983.8743896484375,25.125,0.0,133.3905029296875,0.0,0
355,0,1070.2777099609375,1983.874755859375,25.125,0.0,150.2874755859375,0.0,0
356,0,1023.8496704101562,1983.8746337890625,25.125,0.0,150.2874755859375,0.0,0
357,0,1005.9550170898438,1983.8741455078125,25.125,0.0,150.2874755859375,0.0,0
358,0,986.0975341796875,1983.8746337890625,25.125,0.0,150.2874755859375,0.0,0
359,0,946.6262817382812,1983.874267578125,25.125,0.0,133.3905029296875,0.0,0
360,0,904.9689331054688,1983.8743896484375,25.125,0.0,116.4935302734375,0.0,0
361,0,868.0889892578125,1983.8741455078125,25.125,0.0,116.4935302734375,0.0,0
362,0,832.7103881835938,1983.87451171875,25.125,0.0,133.3905029296875,0.0,0
363,0,793.4189453125,1983.8741455078125,25.125,0.0,116.4935302734375,0.0,0
364,0,761.66259765625,1983.8741455078125,25.125,0.0,99.5965576171875,0.0,0
365,0,743.0379028320312,1983.8740234375,25.125,0.0,82.6995849609375,0.0,0
366,0,740.2379760742188,1983.8740234375,25.125,0.0,82.6995849609375,0.0,0
367,0,740.0048828125,1983.8743896484375,25.125,0.0,99.5965576171875,0.0,0
368,0,735.8934936523438,1983.8741455078125,25.125,0.0,116.4935302734375,0.0,0
369,0,717.9041137695312,1983.87451171875,25.125,0.0,133.3905029296875,0.0,0
370,0,684.0209350585938,1983.8743896484375,25.125,0.0,133.3905029296875,0.0,0
371,0,641.6635131835938,1983.874755859375,25.125,0.0,150.2874755859375,0.0,0
372,0,592.9371948242188,1983.874267578125,25.125,0.0,133.3905029296875,0.0,0
373,0,547.6343994140625,1983.8741455078125,25.125,0.0,116.4935302734375,0.0,0
374,0,512.0293579101562,1983.8741455078125,25.125,0.0,99.5965576171875,0.0,0
375,0,492.5548400878906,1983.8740234375,25.125,0.0,82.6995849609375,0.0,0
376,0,507.7322998046875,1981.30126953125,25.125,0.0,82.6995849609375,0.0,0
377,0,505.0091552734375,1981.4539794921875,25.125,0.0,82.6995849609375,0.0,0
378,0,490.3089294433594,1983.8743896484375,25.125,0.0,99.5965576171875,0.0,0
379,0,475.2470397949219,1983.8741455078125,25.125,0.0,116.4935302734375,0.0,0
380,0,450.1168518066406,1983.87451171875,25.125,0.0,133.3905029296875,0.0,0
381,0,415.4028015136719,1983.8741455078125,25.125,0.0,116.4935302734375,0.0,0
382,0,385.56268310546875,1983.8741455078125,25.125,0.0,99.5965576171875,0.0,0
383,0,364.64605712890625,1983.8741455078125,25.125,0.0,99.5965576171875,0.0,0
384,0,349.266845703125,1983.8741455078125,25.125,0.0,99.5965576171875,0.0,0
385,0,333.2076110839844,1983.8743896484375,25.125,0.0,116.4935302734375,0.0,0
386,0,312.5697021484375,1983.8741455078125,25.125,0.0,99.5965576171875,0.0,0
387,0,293.8918151855469,1983.8743896484375,25.125,0.0,116.4935302734375,0.0,0
388,0,268.893798828125,1983.8741455078125,25.125,0.0,116.4935302734375,0.0,0
389,0,244.11839294433594,1983.8741455078125,25.125,0.0,99.5965576171875,0.0,0
390,0,222.48199462890625,1983.8741455078125,25.125,0.0,116.4935302734375,0.0,0
391,0,200.08201599121094,1983.8741455078125,25.125,0.0,99.5965576171875,0.0,0
392,0,182.80612182617188,1983.8743896484375,25.125,0.0,99.5965576171875,0.0,0
393,0,196.2159881591797,1983.8748779296875,25.125,0.0,99.5965576171875,0.0,0
394,0,208.61109924316406,1983.8743896484375,25.125,0.0,116.4935302734375,0.0,0
395,0,196.3395538330078,1983.8743896484375,25.125,0.0,133.3905029296875,0.0,0
396,0,165.11817932128906,1983.8746337890625,25.125,0.0,150.2874755859375,0.0,0
397,0,119.6134262084961,1983.8746337890625,25.125,0.0,150.2874755859375,0.0,0
398,0,116.12580108642578,1983.875,25.125,0.0,150.2874755859375,0.0,0
399,0,116.12580108642578,1983.875,25.125,0.0,150.2874755859375,0.0,0
400,0,116.12590026855469,1983.875,25.125,0.0,167.178955078125,0.0,0
401,0,116.12562561035156,1983.798583984375,25.125,0.0,-175.924072265625,0.0,0
402,0,116.12586212158203,1981.6263427734375,25.125,0.0,-159.027099609375,0.0,0
403,0,116.12549591064453,1969.02099609375,25.125,0.0,-142.130126953125,0.0,0
404,0,116.12553405761719,1938.423583984375,25.125,0.0,-125.233154296875,0.0,0
405,0,116.12511444091797,1897.0447998046875,25.125,0.0,-108.3416748046875,0.0,0
406,0,116.12501525878906,1854.908447265625,25.125,0.0,-91.4447021484375,0.0,0
407,0,139.6002960205078,1827.80322265625,25.125,0.0,-91.4447021484375,0.0,0
408,0,163.81785583496094,1791.83984375,25.125,0.0,-91.4447021484375,0.0,0
409,0,175.45184326171875,1752.207763671875,25.125,0.0,-74.5477294921875,0.0,0
410,0,185.91543579101562,1712.9361572265625,25.125,0.0,-74.5477294921875,0.0,0
411,0,194.87046813964844,1672.0059814453125,25.125,0.0,-91.4447021484375,0.0,0
412,0,196.72354125976562,1630.3323974609375,25.125,0.0,-108.3416748046875,0.0,0
413,0,186.9366912841797,1616.125732421875,25.125,0.0,-125.233154296875,0.0,0
414,0,162.2151336669922,1600.3109130859375,25.125,0.0,-125.233154296875,0.0,0
415,0,134.66751098632812,1570.01318359375,25.125,0.0,-125.233154296875,0.0,0
416,0,116.125732421875,1538.7523193359375,25.125,0.0,-142.130126953125,0.0,0
417,0,116.12535858154297,1500.783203125,25.125,0.0,-125.233154296875,0.0,0
418,0,116.125732421875,1454.707763671875,25.125,0.0,-142.130126953125,0.0,0
419,0,116.12532806396484,1408.6790771484375,25.125,0.0,-125.233154296875,0.0,0
420,0,116.125732421875,1359.3782958984375,25.125,0.0,-142.130126953125,0.0,0
421,0,116.1255874633789,1316.705322265625,25.125,0.0,-159.027099609375,0.0,0
422,0,116.12592315673828,1285.6641845703125,25.125,0.0,-175.924072265625,0.0,0
423,0,116.12590026855469,1271.7440185546875,25.125,0.0,167.178955078125,0.0,0
424,0,116.12590026855469,1272.906494140625,25.125,0.0,167.178955078125,0.0,0
425,0,116.12590026855469,1276.822509765625,25.125,0.0,167.178955078125,0.0,0
426,0,116.12562561035156,1279.305908203125,25.125,0.0,-175.924072265625,0.0,0
427,0,116.12586212158203,1277.1336669921875,25.125,0.0,-159.027099609375,0.0,0
428,0,116.12549591064453,1264.5283203125,25.125,0.0,-142.130126953125,0.0,0
429,0,116.12553405761719,1233.930908203125,25.125,0.0,-125.233154296875,0.0,0
430,0,116.12535858154297,1190.5699462890625,25.125,0.0,-125.233154296875,0.0,0
431,0,116.12517547607422,1145.12548828125,25.125,0.0,-108.3416748046875,0.0,0
432,0,116.12550354003906,1100.34375,25.125,0.0,-125.233154296875,0.0,0
433,0,116.1251220703125,1055.9189453125,25.125,0.0,-108.3416748046875,0.0,0
434,0,116.12550354003906,1011.1371459960938,25.125,0.0,-125.233154296875,0.0,0
435,0,116.12549591064453,963.1791381835938,25.125,0.0,-142.130126953125,0.0,0
436,0,116.12586212158203,919.7342529296875,25.125,0.0,-159.027099609375,0.0,0
437,0,116.12562561035156,889.4837646484375,25.125,0.0,-175.924072265625,0.0,0
438,0,116.12590026855469,875.1948852539062,25.125,0.0,167.178955078125,0.0,0
439,0,116.12580108642578,879.2301025390625,25.125,0.0,150.2874755859375,0.0,0
440,0,116.1256332397461,900.3369750976562,25.125,0.0,133.3905029296875,0.0,0
441,0,116.1256332397461,936.1892700195312,25.125,0.0,133.3905029296875,0.0,0
442,0,116.12542724609375,979.3712768554688,25.125,0.0,133.3905029296875,0.0,0
443,0,116.1256332397461,1025.8385009765625,25.125,0.0,133.3905029296875,0.0,0
444,0,116.12542724609375,1073.7850341796875,25.125,0.0,133.3905029296875,0.0,0
445,0,116.1256332397461,1123.587646484375,25.125,0.0,133.3905029296875,0.0,0
446,0,116.12554168701172,1170.1151123046875,25.125,0.0,150.2874755859375,0.0,0
447,0,116.12580108642578,1211.260009765625,25.125,0.0,150.2874755859375,0.0,0
448,0,125.1817626953125,1252.08154296875,25.125,0.0,150.2874755859375,0.0,0
449,0,116.12590026855469,1287.4412841796875,25.125,0.0,167.178955078125,0.0,0
450,0,116.12592315673828,1309.022216796875,25.125,0.0,-175.924072265625,0.0,0
451,0,116.1255874633789,1313.18212890625,25.125,0.0,-159.027099609375,0.0,0
452,0,116.12592315673828,1308.318359375,25.125,0.0,-175.924072265625,0.0,0
453,0,116.1256103515625,1308.3150634765625,25.125,0.0,167.178955078125,0.0,0
454,0,116.12590026855469,1311.019287109375,25.125,0.0,167.178955078125,0.0,0
455,0,116.12562561035156,1312.54052734375,25.125,0.0,-175.924072265625,0.0,0
456,0,116.12590026855469,1313.181396484375,25.125,0.0,167.178955078125,0.0,0
457,0,116.12592315673828,1313.6209716796875,25.125,0.0,-175.924072265625,0.0,0
458,0,116.12586212158203,1311.423583984375,25.125,0.0,-159.027099609375,0.0,0
459,0,116.125732421875,1298.7904052734375,25.125,0.0,-142.130126953125,0.0,0
460,0,116.12535858154297,1268.986328125,25.125,0.0,-125.233154296875,0.0,0
461,0,116.125732421875,1226.670654296875,25.125,0.0,-142.130126953125,0.0,0
462,0,116.12549591064453,1185.5025634765625,25.125,0.0,-142.130126953125,0.0,0
463,0,116.12586212158203,1145.2105712890625,25.125,0.0,-159.027099609375,0.0,0
464,0,116.12586212158203,1113.4024658203125,25.125,0.0,-159.027099609375,0.0,0
465,0,116.12592315673828,1088.243896484375,25.125,0.0,-175.924072265625,0.0,0
466,0,116.12590026855469,1076.9456787109375,25.125,0.0,167.178955078125,0.0,0
467,0,116.1256103515625,1078.5894775390625,25.125,0.0,167.178955078125,0.0,0
468,0,116.12580108642578,1086.043212890625,25.125,0.0,150.2874755859375,0.0,0
469,0,116.12542724609375,1108.48828125,25.125,0.0,133.3905029296875,0.0,0
470,0,116.1256332397461,1145.9703369140625,25.125,0.0,133.3905029296875,0.0,0
471,0,116.12542724609375,1188.627685546875,25.125,0.0,133.3905029296875,0.0,0
472,0,116.1256332397461,1236.523681640625,25.125,0.0,133.3905029296875,0.0,0
473,0,116.12580108642578,1282.3759765625,25.125,0.0,150.2874755859375,0.0,0
474,0,116.12590026855469,1320.220947265625,25.125,0.0,167.178955078125,0.0,0
475,0,116.12580108642578,1348.7977294921875,25.125,0.0,150.2874755859375,0.0,0
476,0,116.12554168701172,1379.2918701171875,25.125,0.0,150.2874755859375,0.0,0
477,0,116.12580108642578,1412.250244140625,25.125,0.0,150.2874755859375,0.0,0
478,0,116.1256103515625,1442.5135498046875,25.125,0.0,167.178955078125,0.0,0
479,0,116.12592315673828,1462.645751953125,25.125,0.0,-175.924072265625,0.0,0
480,0,116.1255874633789,1465.79248046875,25.125,0.0,-159.027099609375,0.0,0
481,0,116.12586212158203,1456.8837890625,25.125,0.0,-159.027099609375,0.0,0
482,0,116.125732421875,1437.501953125,25.125,0.0,-142.130126953125,0.0,0
483,0,116.12553405761719,1403.35986328125,25.125,0.0,-125.233154296875,0.0,0
484,0,116.12516784667969,1360.2060546875,25.125,0.0,-108.3416748046875,0.0,0
485,0,116.12500762939453,1319.037841796875,25.125,0.0,-91.4447021484375,0.0,0
486,0,116.12520599365234,1276.7049560546875,25.125,0.0,-108.3416748046875,0.0,0
487,0,116.12513732910156,1234.341064453125,25.125,0.0,-108.3416748046875,0.0,0
488,0,116.12519073486328,1190.983642578125,25.125,0.0,-108.3416748046875,0.0,0
489,0,116.12519073486328,1148.6181640625,25.125,0.0,-108.3416748046875,0.0,0
490,0,116.1255111694336,1103.826904296875,25.125,0.0,-125.233154296875,0.0,0
491,0,116.125732421875,1055.90234375,25.125,0.0,-142.130126953125,0.0,0
492,0,116.1255874633789,1013.335693359375,25.125,0.0,-159.027099609375,0.0,0
493,0,116.12592315673828,982.3349609375,25.125,0.0,-175.924072265625,0.0,0
494,0,116.12562561035156,965.1437377929688,25.125,0.0,-175.924072265625,0.0,0
495,0,116.12590026855469,958.6157836914062,25.125,0.0,167.178955078125,0.0,0
496,0,116.1256103515625,960.9956665039062,25.125,0.0,167.178955078125,0.0,0
497,0,121.47284698486328,986.0164184570312,25.125,0.0,167.178955078125,0.0,0
498,0,116.12580108642578,1018.7266845703125,25.125,0.0,150.2874755859375,0.0,0
499,0,126.24674987792969,1057.2177734375,25.125,0.0,150.2874755859375,0.0,0
500,0,116.12604522705078,1094.1690673828125,25.125,0.0,150.2874755859375,0.0,0
501,0,116.12554168701172,1129.27001953125,25.125,0.0,150.2874755859375,0.0,0
502,0,116.1256332397461,1166.893798828125,25.125,0.0,133.3905029296875,0.0,0
503,0,116.12554168701172,1207.513916015625,25.125,0.0,150.2874755859375,0.0,0
504,0,116.12580108642578,1245.91650390625,25.125,0.0,150.2874755859375,0.0,0
505,0,116.1256103515625,1278.5230712890625,25.125,0.0,167.178955078125,0.0,0
506,0,116.12590026855469,1302.7724609375,25.125,0.0,167.178955078125,0.0,0
507,0,116.12580108642578,1324.625732421875,25.125,0.0,150.2874755859375,0.0,0
508,0,127.0445556640625,1359.6102294921875,25.125,0.0,150.2874755859375,0.0,0
509,0,118.99551391601562,1398.1585693359375,25.125,0.0,133.3905029296875,0.0,0
510,0,116.12542724609375,1437.672119140625,25.125,0.0,133.3905029296875,0.0,0
511,0,116.12580108642578,1481.1453857421875,25.125,0.0,150.2874755859375,0.0,0
512,0,116.12554168701172,1519.529541015625,25.125,0.0,150.2874755859375,0.0,0
513,0,116.1256332397461,1558.7763671875,25.125,0.0,133.3905029296875,0.0,0
514,0,116.12525177001953,1603.2098388671875,25.125,0.0,116.4935302734375,0.0,0
515,0,116.1256332397461,1651.3583984375,25.125,0.0,133.3905029296875,0.0,0
516,0,116.12580108642578,1697.8231201171875,25.125,0.0,150.2874755859375,0.0,0
517,0,116.1256103515625,1735.169921875,25.125,0.0,167.178955078125,0.0,0
518,0,116.12590026855469,1761.1903076171875,25.125,0.0,167.178955078125,0.0,0
519,0,116.12554168701172,1784.0601806640625,25.125,0.0,150.2874755859375,0.0,0
520,0,116.12590026855469,1809.8232421875,25.125,0.0,167.178955078125,0.0,0
521,0,116.12562561035156,1827.280029296875,25.125,0.0,-175.924072265625,0.0,0
522,0,116.12586212158203,1829.549072265625,25.125,0.0,-159.027099609375,0.0,0
523,0,116.12586212158203,1820.911376953125,25.125,0.0,-159.027099609375,0.0,0
524,0,116.12592315673828,1807.0504150390625,25.125,0.0,-175.924072265625,0.0,0
525,0,116.12586212158203,1794.8055419921875,25.125,0.0,-159.027099609375,0.0,0
526,0,116.12562561035156,1779.8162841796875,25.125,0.0,-175.924072265625,0.0,0
527,0,116.12590026855469,1773.3475341796875,25.125,0.0,167.178955078125,0.0,0
528,0,116.12562561035156,1773.7611083984375,25.125,0.0,-175.924072265625,0.0,0
529,0,116.12592315673828,1773.27734375,25.125,0.0,-175.924072265625,0.0,0
530,0,116.1256103515625,1773.9185791015625,25.125,0.0,167.178955078125,0.0,0
531,0,116.12592315673828,1774.393798828125,25.125,0.0,-175.924072265625,0.0,0
532,0,116.12586212158203,1772.306884765625,25.125,0.0,-159.027099609375,0.0,0
533,0,116.125732421875,1759.263916015625,25.125,0.0,-142.130126953125,0.0,0
534,0,116.12553405761719,1729.20068359375,25.125,0.0,-125.233154296875,0.0,0
535,0,116.1251220703125,1686.812255859375,25.125,0.0,-108.3416748046875,0.0,0
536,0,116.1255111694336,1641.01416015625,25.125,0.0,-125.233154296875,0.0,0
537,0,116.1251220703125,1597.6572265625,25.125,0.0,-108.3416748046875,0.0,0
538,0,116.1255111694336,1551.859130859375,25.125,0.0,-125.233154296875,0.0,0
539,0,116.12516784667969,1507.4659423828125,25.125,0.0,-108.3416748046875,0.0,0
540,0,116.1255111694336,1461.6678466796875,25.125,0.0,-125.233154296875,0.0,0
541,0,116.125732421875,1413.7432861328125,25.125,0.0,-142.130126953125,0.0,0
542,0,116.1255874633789,1371.176513671875,25.125,0.0,-159.027099609375,0.0,0
543,0,116.125732421875,1334.4105224609375,25.125,0.0,-142.130126953125,0.0,0
544,0,116.12549591064453,1296.144287109375,25.125,0.0,-142.130126953125,0.0,0
545,0,116.12586212158203,1257.7303466796875,25.125,0.0,-159.027099609375,0.0,0
546,0,116.1252212524414,1256.4814453125,25.125,0.0,-159.027099609375,0.0,0
547,0,116.12592315673828,1261.807861328125,25.125,0.0,-175.924072265625,0.0,0
548,0,116.12592315673828,1261.34521484375,25.125,0.0,-175.924072265625,0.0,0
549,0,116.12586212158203,1259.11962890625,25.125,0.0,-159.027099609375,0.0,0
550,0,116.125732421875,1246.3642578125,25.125,0.0,-142.130126953125,0.0,0
551,0,116.12549591064453,1218.666015625,25.125,0.0,-142.130126953125,0.0,0
552,0,116.12556457519531,1217.04736328125,25.125,0.0,-142.130126953125,0.0,0
553,0,116.12535858154297,1211.1446533203125,25.125,0.0,-125.233154296875,0.0,0
554,0,116.12553405761719,1178.0728759765625,25.125,0.0,-125.233154296875,0.0,0
555,0,116.12511444091797,1135.8218994140625,25.125,0.0,-108.3416748046875,0.0,0
556,0,116.1255111694336,1090.0238037109375,25.125,0.0,-125.233154296875,0.0,0
557,0,116.125732421875,1042.0992431640625,25.125,0.0,-142.130126953125,0.0,0
558,0,116.12586212158203,998.6691284179688,25.125,0.0,-159.027099609375,0.0,0
559,0,116.12532806396484,995.7255859375,25.125,0.0,-159.027099609375,0.0,0
560,0,116.12562561035156,1000.494384765625,25.125,0.0,-175.924072265625,0.0,0
561,0,116.12586212158203,998.2796020507812,25.125,0.0,-159.027099609375,0.0,0
562,0,116.1255874633789,988.6559448242188,25.125,0.0,-159.027099609375,0.0,0
563,0,116.12586212158203,970.9279174804688,25.125,0.0,-159.027099609375,0.0,0
564,0,116.12586212158203,949.805419921875,25.125,0.0,-159.027099609375,0.0,0
565,0,116.125732421875,924.1484985351562,25.125,0.0,-142.130126953125,0.0,0
566,0,129.32669067382812,887.7481689453125,25.125,0.0,-142.130126953125,0.0,0
567,0,122.83594512939453,848.9967651367188,25.125,0.0,-142.130126953125,0.0,0
568,0,116.12553405761719,809.9371337890625,25.125,0.0,-125.233154296875,0.0,0
569,0,116.1251220703125,766.0970458984375,25.125,0.0,-108.3416748046875,0.0,0
570,0,116.1255111694336,720.2987670898438,25.125,0.0,-125.233154296875,0.0,0
571,0,116.1251220703125,675.8870849609375,25.125,0.0,-108.3416748046875,0.0,0
572,0,116.12501525878906,633.7506103515625,25.125,0.0,-91.4447021484375,0.0,0
573,0,117.70438385009766,592.8814697265625,25.125,0.0,-74.5477294921875,0.0,0
574,0,122.0279312133789,552.347412109375,25.125,0.0,-91.4447021484375,0.0,0
575,0,121.93783569335938,516.130126953125,25.125,0.0,-108.3416748046875,0.0,0
576,0,116.12535858154297,516.125,25.125,0.0,-125.233154296875,0.0,0
577,0,116.12528991699219,516.125,25.125,0.0,-108.3416748046875,0.0,0
578,0,116.12501525878906,516.125,25.125,0.0,-91.4447021484375,0.0,0
579,0,116.12528991699219,516.125,25.125,0.0,-108.3416748046875,0.0,0
580,0,116.12501525878906,516.125,25.125,0.0,-91.4447021484375,0.0,0
581,0,117.13147735595703,516.1259155273438,25.125,0.0,-74.5477294921875,0.0,0
582,0,124.96894073486328,516.1257934570312,25.125,0.0,-57.6507568359375,0.0,0
583,0,149.23037719726562,516.1254272460938,25.125,0.0,-40.7537841796875,0.0,0
584,0,189.10572814941406,516.125244140625,25.125,0.0,-23.8568115234375,0.0,0
585,0,230.93031311035156,515.672607421875,25.125,0.0,-6.96533203125,0.0,0
586,0,255.064208984375,490.406005859375,25.125,0.0,-6.96533203125,0.0,0
587,0,284.2139892578125,460.42529296875,25.125,0.0,-23.8568115234375,0.0,0
588,0,318.3896484375,436.3934020996094,25.125,0.0,-40.7537841796875,0.0,0
589,0,349.9461364746094,409.7828369140625,25.125,0.0,-57.6507568359375,0.0,0
590,0,376.3294677734375,375.85693359375,25.125,0.0,-74.5477294921875,0.0,0
591,0,394.5949401855469,338.7419128417969,25.125,0.0,-74.5477294921875,0.0,0
592,0,408.7501220703125,300.4906921386719,25.125,0.0,-74.5477294921875,0.0,0
593,0,419.2955017089844,260.7292785644531,25.125,0.0,-91.4447021484375,0.0,0
594,0,424.02294921875,219.95713806152344,25.125,0.0,-91.4447021484375,0.0,0
595,0,427.50640869140625,178.3497314453125,25.125,0.0,-74.5477294921875,0.0,0
596,0,436.67962646484375,137.84515380859375,25.125,0.0,-57.6507568359375,0.0,0
597,0,456.6100769042969,116.12560272216797,25.125,0.0,-40.7537841796875,0.0,0
598,0,489.94097900390625,116.12577819824219,25.125,0.0,-57.6507568359375,0.0,0
599,0,528.9841918945312,116.12560272216797,25.125,0.0,-40.7537841796875,0.0,0
600,0,573.3818969726562,116.1252212524414,25.125,0.0,-23.8568115234375,0.0,0
601,0,615.2364501953125,116.12504577636719,25.125,0.0,-6.96533203125,0.0,0
602,0,655.9865112304688,116.63423156738281,25.125,0.0,9.931640625,0.0,0
603,0,697.0419311523438,122.27913665771484,25.125,0.0,26.82861328125,0.0,0
604,0,737.3934326171875,137.45704650878906,25.125,0.0,43.7255859375,0.0,0
605,0,771.93896484375,162.23361206054688,25.125,0.0,60.62255859375,0.0,0
606,0,783.8748779296875,198.60768127441406,25.125,0.0,77.5140380859375,0.0,0
607,0,786.1909790039062,241.25318908691406,25.125,0.0,60.62255859375,0.0,0
608,0,795.930419921875,282.2003479003906,25.125,0.0,77.5140380859375,0.0,0
609,0,803.6917114257812,322.5115661621094,25.125,0.0,94.4110107421875,0.0,0
610,0,803.9476318359375,364.362060546875,25.125,0.0,111.3079833984375,0.0,0
611,0,798.0040893554688,405.80865478515625,25.125,0.0,94.4110107421875,0.0,0
612,0,795.0576782226562,445.9187316894531,25.125,0.0,77.5140380859375,0.0,0
613,0,798.1732788085938,487.8365478515625,25.125,0.0,77.5140380859375,0.0,0
614,0,802.5806884765625,528.3865966796875,25.125,0.0,94.4110107421875,0.0,0
615,0,801.2172241210938,570.8594360351562,25.125,0.0,111.3079833984375,0.0,0
616,0,794.8930053710938,583.8740844726562,25.125,0.0,94.4110107421875,0.0,0
617,0,794.1773071289062,583.8743896484375,25.125,0.0,77.5140380859375,0.0,0
618,0,799.9890747070312,583.8742065429688,25.125,0.0,60.62255859375,0.0,0
619,0,815.8712768554688,583.8743896484375,25.125,0.0,77.5140380859375,0.0,0
620,0,835.3145751953125,583.8742065429688,25.125,0.0,60.62255859375,0.0,0
621,0,860.607177734375,583.8744506835938,25.125,0.0,60.62255859375,0.0,0
622,0,888.4021606445312,583.8740844726562,25.125,0.0,77.5140380859375,0.0,0
623,0,906.48291015625,583.8740844726562,25.125,0.0,94.4110107421875,0.0,0
624,0,908.8125,583.8741455078125,25.125,0.0,111.3079833984375,0.0,0
625,0,896.6868896484375,583.874267578125,25.125,0.0,128.2049560546875,0.0,0
626,0,869.119140625,583.87451171875,25.125,0.0,128.2049560546875,0.0,0
627,0,830.4313354492188,583.8744506835938,25.125,0.0,145.1019287109375,0.0,0
628,0,784.0967407226562,583.8746948242188,25.125,0.0,145.1019287109375,0.0,0
629,0,740.5950317382812,590.1546020507812,25.125,0.0,161.9989013671875,0.0,0
630,0,701.9464721679688,601.778076171875,25.125,0.0,145.1019287109375,0.0,0
631,0,664.2122192382812,622.5650024414062,25.125,0.0,128.2049560546875,0.0,0
632,0,632.021728515625,647.8373413085938,25.125,0.0,145.1019287109375,0.0,0
633,0,599.9449462890625,674.6328735351562,25.125,0.0,128.2049560546875,0.0,0
634,0,572.3787231445312,705.82763671875,25.125,0.0,111.3079833984375,0.0,0
635,0,549.698486328125,739.8157958984375,25.125,0.0,128.2049560546875,0.0,0
636,0,523.6181640625,772.9560546875,25.125,0.0,145.1019287109375,0.0,0
637,0,488.4463195800781,783.8748168945312,25.125,0.0,161.9989013671875,0.0,0
638,0,442.75299072265625,783.87451171875,25.125,0.0,145.1019287109375,0.0,0
639,0,394.8579406738281,783.874267578125,25.125,0.0,128.2049560546875,0.0,0
640,0,352.25726318359375,796.8182983398438,25.125,0.0,111.3079833984375,0.0,0
641,0,321.92095947265625,828.6077880859375,25.125,0.0,111.3079833984375,0.0,0
642,0,300.1200866699219,863.7265014648438,25.125,0.0,111.3079833984375,0.0,0
643,0,283.3646545410156,902.6743774414062,25.125,0.0,94.4110107421875,0.0,0
644,0,275.6172790527344,944.0588989257812,25.125,0.0,77.5140380859375,0.0,0
645,0,278.98333740234375,987.4246826171875,25.125,0.0,60.62255859375,0.0,0
646,0,283.8747253417969,1029.4654541015625,25.125,0.0,60.62255859375,0.0,0
647,0,283.87432861328125,1078.15234375,25.125,0.0,43.7255859375,0.0,0
648,0,284.1614990234375,1125.8138427734375,25.125,0.0,60.62255859375,0.0,0
649,0,290.20574951171875,1167.15234375,25.125,0.0,77.5140380859375,0.0,0
650,0,296.3733215332031,1207.5809326171875,25.125,0.0,94.4110107421875,0.0,0
651,0,299.7872314453125,1248.1986083984375,25.125,0.0,77.5140380859375,0.0,0
652,0,305.8216857910156,1289.469970703125,25.125,0.0,77.5140380859375,0.0,0
653,0,315.30377197265625,1329.46875,25.125,0.0,60.62255859375,0.0,0
654,0,332.9352111816406,1368.5894775390625,25.125,0.0,43.7255859375,0.0,0
655,0,355.1557922363281,1402.9339599609375,25.125,0.0,60.62255859375,0.0,0
656,0,375.5699157714844,1439.7862548828125,25.125,0.0,77.5140380859375,0.0,0
657,0,389.975830078125,1478.2205810546875,25.125,0.0,77.5140380859375,0.0,0
658,0,403.1381530761719,1516.813720703125,25.125,0.0,60.62255859375,0.0,0
659,0,419.70831298828125,1554.1226806640625,25.125,0.0,60.62255859375,0.0,0
660,0,440.19158935546875,1583.87451171875,25.125,0.0,43.7255859375,0.0,0
661,0,476.0632629394531,1583.8746337890625,25.125,0.0,26.82861328125,0.0,0
662,0,522.94873046875,1584.307861328125,25.125,0.0,43.7255859375,0.0,0
663,0,567.5540161132812,1602.28857421875,25.125,0.0,60.62255859375,0.0,0
664,0,598.7630615234375,1633.9990234375,25.125,0.0,77.5140380859375,0.0,0
665,0,617.14208984375,1674.50537109375,25.125,0.0,94.4110107421875,0.0,0
666,0,625.78076171875,1714.75146484375,25.125,0.0,77.5140380859375,0.0,0
667,0,632.1929321289062,1755.1488037109375,25.125,0.0,94.4110107421875,0.0,0
668,0,633.727294921875,1783.8740234375,25.125,0.0,94.4110107421875,0.0,0
669,0,631.5800170898438,1783.8743896484375,25.125,0.0,111.3079833984375,0.0,0
670,0,618.344970703125,1783.874267578125,25.125,0.0,128.2049560546875,0.0,0
671,0,588.0623168945312,1783.8746337890625,25.125,0.0,145.1019287109375,0.0,0
672,0,546.1232299804688,1792.930419921875,25.125,0.0,145.1019287109375,0.0,0
673,0,508.7039489746094,1812.6806640625,25.125,0.0,128.2049560546875,0.0,0
674,0,477.1077575683594,1842.662353515625,25.125,0.0,111.3079833984375,0.0,0
675,0,455.6898498535156,1879.583984375,25.125,0.0,94.4110107421875,0.0,0
676,0,445.5303039550781,1921.1348876953125,25.125,0.0,77.5140380859375,0.0,0
677,0,443.4684753417969,1962.15478515625,25.125,0.0,94.4110107421875,0.0,0
678,0,443.284912109375,1983.8743896484375,25.125,0.0,77.5140380859375,0.0,0
679,0,449.14276123046875,1983.8741455078125,25.125,0.0,60.62255859375,0.0,0
680,0,465.0772399902344,1983.8743896484375,25.125,0.0,77.5140380859375,0.0,0
681,0,484.52044677734375,1983.8741455078125,25.125,0.0,60.62255859375,0.0,0
682,0,513.1051025390625,1983.8743896484375,25.125,0.0,43.7255859375,0.0,0
683,0,550.8881225585938,1983.8741455078125,25.125,0.0,60.62255859375,0.0,0
684,0,583.7655029296875,1983.8741455078125,25.125,0.0,77.5140380859375,0.0,0
685,0,604.5559692382812,1983.8743896484375,25.125,0.0,94.4110107421875,0.0,0
686,0,608.12939453125,1983.8741455078125,25.125,0.0,111.3079833984375,0.0,0
687,0,596.7950439453125,1983.87451171875,25.125,0.0,128.2049560546875,0.0,0
688,0,566.7008666992188,1983.87451171875,25.125,0.0,145.1019287109375,0.0,0
689,0,556.3156127929688,1983.874267578125,25.125,0.0,145.1019287109375,0.0,0
690,0,538.5637817382812,1983.874755859375,25.125,0.0,161.9989013671875,0.0,0
691,0,498.9143371582031,1983.875,25.125,0.0,178.890380859375,0.0,0
692,0,458.26806640625,1983.875,25.125,0.0,178.890380859375,0.0,0
693,0,415.9817810058594,1983.874755859375,25.125,0.0,161.9989013671875,0.0,0
694,0,371.37530517578125,1983.8746337890625,25.125,0.0,145.1019287109375,0.0,0
695,0,322.25518798828125,1983.874267578125,25.125,0.0,128.2049560546875,0.0,0
696,0,279.5667724609375,1974.138671875,25.125,0.0,128.2049560546875,0.0,0
697,0,237.0843963623047,1980.26171875,25.125,0.0,145.1019287109375,0.0,0
698,0,195.9535675048828,1983.874267578125,25.125,0.0,128.2049560546875,0.0,0
699,0,155.5127716064453,1983.8741455078125,25.125,0.0,111.3079833984375,0.0,0
700,0,120.6603775024414,1983.874267578125,25.125,0.0,128.2049560546875,0.0,0
701,0,116.125,1983.8746337890625,25.125,0.0,145.1019287109375,0.0,0
702,0,116.125,1983.874755859375,25.125,0.0,161.9989013671875,0.0,0
703,0,116.125,1983.875,25.125,0.0,178.890380859375,0.0,0
704,0,116.12589263916016,1982.829345703125,25.125,0.0,-164.212646484375,0.0,0
705,0,116.12552642822266,1975.189697265625,25.125,0.0,-147.315673828125,0.0,0
706,0,116.12560272216797,1950.1275634765625,25.125,0.0,-130.418701171875,0.0,0
707,0,116.12522888183594,1909.98779296875,25.125,0.0,-113.521728515625,0.0,0
708,0,116.12506103515625,1867.223388671875,25.125,0.0,-96.624755859375,0.0,0
709,0,116.12591552734375,1843.1622314453125,25.125,0.0,-96.624755859375,0.0,0
710,0,116.12525177001953,1811.3214111328125,25.125,0.0,-113.521728515625,0.0,0
711,0,116.12560272216797,1764.067626953125,25.125,0.0,-130.418701171875,0.0,0
712,0,116.12552642822266,1716.81591796875,25.125,0.0,-147.315673828125,0.0,0
713,0,116.12589263916016,1676.44091796875,25.125,0.0,-164.212646484375,0.0,0
714,0,116.12592315673828,1650.723876953125,25.125,0.0,178.890380859375,0.0,0
715,0,116.1258773803711,1642.59130859375,25.125,0.0,161.9989013671875,0.0,0
716,0,116.12592315673828,1644.2789306640625,25.125,0.0,178.890380859375,0.0,0
717,0,116.12559509277344,1645.64697265625,25.125,0.0,161.9989013671875,0.0,0
718,0,116.1257553100586,1655.747802734375,25.125,0.0,145.1019287109375,0.0,0
719,0,116.12559509277344,1677.8380126953125,25.125,0.0,161.9989013671875,0.0,0
720,0,116.12592315673828,1697.6654052734375,25.125,0.0,178.890380859375,0.0,0
721,0,116.12560272216797,1704.1036376953125,25.125,0.0,-164.212646484375,0.0,0
722,0,116.12577819824219,1696.5252685546875,25.125,0.0,-147.315673828125,0.0,0
723,0,116.12560272216797,1672.3115234375,25.125,0.0,-130.418701171875,0.0,0
724,0,116.12560272216797,1633.535400390625,25.125,0.0,-130.418701171875,0.0,0
725,0,116.1252212524414,1588.595458984375,25.125,0.0,-113.521728515625,0.0,0
726,0,116.12557220458984,1569.6239013671875,25.125,0.0,-113.521728515625,0.0,0
727,0,116.12510681152344,1544.46826171875,25.125,0.0,-96.624755859375,0.0,0
728,0,116.12519836425781,1502.43701171875,25.125,0.0,-113.521728515625,0.0,0
729,0,116.12560272216797,1455.13623046875,25.125,0.0,-130.418701171875,0.0,0
730,0,116.12552642822266,1407.8900146484375,25.125,0.0,-147.315673828125,0.0,0
731,0,116.12589263916016,1367.5150146484375,25.125,0.0,-164.212646484375,0.0,0
732,0,116.12592315673828,1341.7979736328125,25.125,0.0,178.890380859375,0.0,0
733,0,116.12559509277344,1333.644287109375,25.125,0.0,161.9989013671875,0.0,0
734,0,116.1258773803711,1338.5849609375,25.125,0.0,161.9989013671875,0.0,0
735,0,116.12519073486328,1321.488525390625,25.125,0.0,161.9989013671875,0.0,0
736,0,116.12592315673828,1304.83056640625,25.125,0.0,178.890380859375,0.0,0
737,0,116.12560272216797,1298.224853515625,25.125,0.0,-164.212646484375,0.0,0
738,0,116.12592315673828,1292.0477294921875,25.125,0.0,178.890380859375,0.0,0
739,0,116.12589263916016,1290.68359375,25.125,0.0,-164.212646484375,0.0,0
740,0,116.12592315673828,1289.0543212890625,25.125,0.0,178.890380859375,0.0,0
741,0,116.12589263916016,1288.0074462890625,25.125,0.0,-164.212646484375,0.0,0
742,0,116.12552642822266,1279.9481201171875,25.125,0.0,-147.315673828125,0.0,0
743,0,116.12560272216797,1255.5103759765625,25.125,0.0,-130.418701171875,0.0,0
744,0,116.12540435791016,1216.67626953125,25.125,0.0,-130.418701171875,0.0,0
745,0,116.12560272216797,1169.719482421875,25.125,0.0,-130.418701171875,0.0,0
746,0,116.12552642822266,1122.8734130859375,25.125,0.0,-147.315673828125,0.0,0
747,0,116.12589263916016,1082.6741943359375,25.125,0.0,-164.212646484375,0.0,0
748,0,116.12592315673828,1057.072021484375,25.125,0.0,178.890380859375,0.0,0
749,0,116.12500762939453,1021.5317993164062,25.125,0.0,178.890380859375,0.0,0
750,0,116.1258773803711,998.4323120117188,25.125,0.0,161.9989013671875,0.0,0
751,0,116.12562561035156,996.7875366210938,25.125,0.0,178.890380859375,0.0,0
752,0,116.12592315673828,996.9133911132812,25.125,0.0,178.890380859375,0.0,0
753,0,116.12562561035156,997.0392456054688,25.125,0.0,178.890380859375,0.0,0
754,0,116.12589263916016,995.9937744140625,25.125,0.0,-164.212646484375,0.0,0
755,0,116.12560272216797,991.1055297851562,25.125,0.0,-164.212646484375,0.0,0
756,0,116.12589263916016,981.22119140625,25.125,0.0,-164.212646484375,0.0,0
757,0,116.12577819824219,964.3593139648438,25.125,0.0,-147.315673828125,0.0,0
758,0,128.687255859375,930.354736328125,25.125,0.0,-147.315673828125,0.0,0
759,0,119.00358581542969,896.218505859375,25.125,0.0,-164.212646484375,0.0,0
760,0,116.12552642822266,867.1456909179688,25.125,0.0,-147.315673828125,0.0,0
761,0,127.8809814453125,828.8674926757812,25.125,0.0,-147.315673828125,0.0,0
762,0,119.26996612548828,792.2052612304688,25.125,0.0,-147.315673828125,0.0,0
763,0,116.12589263916016,757.6820678710938,25.125,0.0,-164.212646484375,0.0,0
764,0,116.12592315673828,734.468017578125,25.125,0.0,178.890380859375,0.0,0
765,0,116.49115753173828,747.5762939453125,25.125,0.0,178.890380859375,0.0,0
766,0,117.27566528320312,786.8375244140625,25.125,0.0,178.890380859375,0.0,0
767,0,116.12562561035156,813.882080078125,25.125,0.0,178.890380859375,0.0,0
768,0,116.60469818115234,849.70263671875,25.125,0.0,178.890380859375,0.0,0
769,0,116.12560272216797,873.755615234375,25.125,0.0,-164.212646484375,0.0,0
770,0,116.12589263916016,874.6983642578125,25.125,0.0,-164.212646484375,0.0,0
771,0,116.12552642822266,865.6941528320312,25.125,0.0,-147.315673828125,0.0,0
772,0,116.12589263916016,845.1380004882812,25.125,0.0,-164.212646484375,0.0,0
773,0,116.12592315673828,828.1189575195312,25.125,0.0,178.890380859375,0.0,0
774,0,116.1258773803711,824.3593139648438,25.125,0.0,161.9989013671875,0.0,0
775,0,116.1258773803711,830.6968994140625,25.125,0.0,161.9989013671875,0.0,0
776,0,116.12562561035156,839.95751953125,25.125,0.0,178.890380859375,0.0,0
777,0,116.12592315673828,842.4586181640625,25.125,0.0,178.890380859375,0.0,0
778,0,116.12560272216797,841.4361572265625,25.125,0.0,-164.212646484375,0.0,0
779,0,116.12592315673828,839.8070678710938,25.125,0.0,178.890380859375,0.0,0
780,0,116.12559509277344,841.1513671875,25.125,0.0,161.9989013671875,0.0,0
781,0,116.1257553100586,851.2440795898438,25.125,0.0,145.1019287109375,0.0,0
782,0,116.1258773803711,873.1417236328125,25.125,0.0,161.9989013671875,0.0,0
783,0,116.12592315673828,892.783203125,25.125,0.0,178.890380859375,0.0,0
784,0,116.12589263916016,899.0736694335938,25.125,0.0,-164.212646484375,0.0,0
785,0,116.12552642822266,891.3955078125,25.125,0.0,-147.315673828125,0.0,0
786,0,116.12589263916016,871.6752319335938,25.125,0.0,-164.212646484375,0.0,0
787,0,116.12552642822266,849.2114868164062,25.125,0.0,-147.315673828125,0.0,0
788,0,116.12589263916016,821.8197021484375,25.125,0.0,-164.212646484375,0.0,0
789,0,116.12589263916016,798.8692626953125,25.125,0.0,-164.212646484375,0.0,0
790,0,116.12589263916016,778.4677734375,25.125,0.0,-164.212646484375,0.0,0
791,0,116.12589263916016,759.1787719726562,25.125,0.0,-164.212646484375,0.0,0
792,0,116.12560272216797,740.1885375976562,25.125,0.0,-164.212646484375,0.0,0
793,0,116.12577819824219,718.0630493164062,25.125,0.0,-147.315673828125,0.0,0
794,0,116.12560272216797,691.658203125,25.125,0.0,-164.212646484375,0.0,0
795,0,116.12589263916016,668.260009765625,25.125,0.0,-164.212646484375,0.0,0
796,0,116.12516784667969,676.5384521484375,25.125,0.0,-164.212646484375,0.0,0
797,0,116.12577819824219,683.5390014648438,25.125,0.0,-147.315673828125,0.0,0
798,0,116.12589263916016,670.6939697265625,25.125,0.0,-164.212646484375,0.0,0
799,0,116.12589263916016,653.9716796875,25.125,0.0,-164.212646484375,0.0,0
800,0,116.12589263916016,636.2264404296875,25.125,0.0,-164.212646484375,0.0,0
801,0,116.12560272216797,618.2692260742188,25.125,0.0,-164.212646484375,0.0,0
802,0,116.12592315673828,602.8767700195312,25.125,0.0,178.890380859375,0.0,0
803,0,116.12560272216797,593.9852294921875,25.125,0.0,-164.212646484375,0.0,0
804,0,116.12592315673828,585.4678955078125,25.125,0.0,178.890380859375,0.0,0
805,0,116.12560272216797,582.54248046875,25.125,0.0,-164.212646484375,0.0,0
806,0,116.12577819824219,573.153076171875,25.125,0.0,-147.315673828125,0.0,0
807,0,116.12577819824219,550.2097778320312,25.125,0.0,-147.315673828125,0.0,0
808,0,116.12540435791016,517.4258422851562,25.125,0.0,-130.418701171875,0.0,0
809,0,116.125,516.12548828125,25.125,0.0,-147.315673828125,0.0,0
810,0,116.125,516.12548828125,25.125,0.0,-130.418701171875,0.0,0
811,0,133.9795684814453,516.1256103515625,25.125,0.0,-130.418701171875,0.0,0
812,0,134.97254943847656,516.1253662109375,25.125,0.0,-147.315673828125,0.0,0
813,0,138.0885772705078,516.1257934570312,25.125,0.0,-147.315673828125,0.0,0
814,0,125.63582611083984,516.125244140625,25.125,0.0,-164.212646484375,0.0,0
815,0,116.12592315673828,516.1428833007812,25.125,0.0,178.890380859375,0.0,0
816,0,116.125,516.125244140625,25.125,0.0,-164.212646484375,0.0,0
817,0,116.125,516.1253662109375,25.125,0.0,-147.315673828125,0.0,0
818,0,116.125,516.125732421875,25.125,0.0,-130.418701171875,0.0,0
819,0,116.125,516.12548828125,25.125,0.0,-130.418701171875,0.0,0
820,0,116.125,516.1258544921875,25.125,0.0,-113.521728515625,0.0,0
821,0,116.125,516.1256103515625,25.125,0.0,-96.624755859375,0.0,0
822,0,116.57984924316406,516.1259155273438,25.125,0.0,-79.7332763671875,0.0,0
823,0,117.80654907226562,516.1259155273438,25.125,0.0,-79.7332763671875,0.0,0
824,0,122.4847640991211,516.1257934570312,25.125,0.0,-62.8363037109375,0.0,0
825,0,141.5662078857422,516.1256713867188,25.125,0.0,-45.9393310546875,0.0,0
826,0,177.37608337402344,516.1253051757812,25.125,0.0,-29.0423583984375,0.0,0
827,0,220.12696838378906,516.1251220703125,25.125,0.0,-12.1453857421875,0.0,0
828,0,260.8982238769531,514.9842529296875,25.125,0.0,4.74609375,0.0,0
829,0,303.0774230957031,517.8433837890625,25.125,0.0,21.64306640625,0.0,0
830,0,343.234130859375,525.1160278320312,25.125,0.0,4.74609375,0.0,0
831,0,384.4952087402344,530.9219360351562,25.125,0.0,4.74609375,0.0,0
832,0,425.5129699707031,533.5116577148438,25.125,0.0,-12.1453857421875,0.0,0
833,0,468.0299987792969,528.0410766601562,25.125,0.0,-29.0423583984375,0.0,0
834,0,507.3731384277344,516.87158203125,25.125,0.0,-12.1453857421875,0.0,0
835,0,546.35498046875,504.7616271972656,25.125,0.0,-29.0423583984375,0.0,0
836,0,584.6288452148438,486.1264953613281,25.125,0.0,-45.9393310546875,0.0,0
837,0,616.5849609375,460.04656982421875,25.125,0.0,-62.8363037109375,0.0,0
838,0,641.791748046875,424.558837890625,25.125,0.0,-79.7332763671875,0.0,0
839,0,655.7687377929688,384.2176818847656,25.125,0.0,-96.624755859375,0.0,0
840,0,657.5870361328125,340.544677734375,25.125,0.0,-113.521728515625,0.0,0
841,0,649.52294921875,299.7318420410156,25.125,0.0,-113.521728515625,0.0,0
842,0,634.9111328125,260.8252868652344,25.125,0.0,-130.418701171875,0.0,0
843,0,610.9122924804688,224.92645263671875,25.125,0.0,-147.315673828125,0.0,0
844,0,578.8161010742188,196.9974365234375,25.125,0.0,-164.212646484375,0.0,0
845,0,539.1217651367188,178.73362731933594,25.125,0.0,178.890380859375,0.0,0
846,0,497.7693786621094,172.76524353027344,25.125,0.0,161.9989013671875,0.0,0
847,0,455.7895202636719,174.79519653320312,25.125,0.0,178.890380859375,0.0,0
848,0,415.104736328125,178.64149475097656,25.125,0.0,161.9989013671875,0.0,0
849,0,373.8356628417969,189.34820556640625,25.125,0.0,145.1019287109375,0.0,0
850,0,336.09356689453125,205.00030517578125,25.125,0.0,161.9989013671875,0.0,0
851,0,316.1256103515625,220.06805419921875,25.125,0.0,161.9989013671875,0.0,0
852,0,316.12591552734375,235.27212524414062,25.125,0.0,178.890380859375,0.0,0
853,0,316.1256103515625,245.92596435546875,25.125,0.0,161.9989013671875,0.0,0
854,0,316.12591552734375,258.2066955566406,25.125,0.0,178.890380859375,0.0,0
855,0,316.1256103515625,260.7186279296875,25.125,0.0,-164.212646484375,0.0,0
856,0,316.1257629394531,252.49044799804688,25.125,0.0,-147.315673828125,0.0,0
857,0,316.1258850097656,233.0025634765625,25.125,0.0,-164.212646484375,0.0,0
858,0,316.1258850097656,212.7925262451172,25.125,0.0,-164.212646484375,0.0,0
859,0,316.12591552734375,196.7889862060547,25.125,0.0,178.890380859375,0.0,0
860,0,316.1256408691406,190.74876403808594,25.125,0.0,178.890380859375,0.0,0
861,0,316.12591552734375,190.8499298095703,25.125,0.0,178.890380859375,0.0,0
862,0,316.1256103515625,192.2179718017578,25.125,0.0,161.9989013671875,0.0,0
863,0,316.12591552734375,195.4051055908203,25.125,0.0,178.890380859375,0.0,0
864,0,316.1258850097656,194.3582763671875,25.125,0.0,-164.212646484375,0.0,0
865,0,316.12591552734375,192.79605102539062,25.125,0.0,178.890380859375,0.0,0
866,0,316.6395568847656,215.66806030273438,25.125,0.0,178.890380859375,0.0,0
867,0,316.1256103515625,237.2876434326172,25.125,0.0,-164.212646484375,0.0,0
868,0,316.1258850097656,237.2693328857422,25.125,0.0,-164.212646484375,0.0,0
869,0,316.1256103515625,230.72616577148438,25.125,0.0,-164.212646484375,0.0,0
870,0,316.1257629394531,216.08773803710938,25.125,0.0,-147.315673828125,0.0,0
871,0,316.1253967285156,187.86746215820312,25.125,0.0,-130.418701171875,0.0,0
872,0,307.6026306152344,147.6002197265625,25.125,0.0,-113.521728515625,0.0,0
873,0,295.71356201171875,116.12591552734375,25.125,0.0,-96.624755859375,0.0,0
874,0,290.57354736328125,116.12590789794922,25.125,0.0,-79.7332763671875,0.0,0
875,0,294.9782409667969,116.12582397460938,25.125,0.0,-62.8363037109375,0.0,0
876,0,313.76995849609375,116.12545013427734,25.125,0.0,-45.9393310546875,0.0,0
877,0,350.4032897949219,116.12545013427734,25.125,0.0,-29.0423583984375,0.0,0
878,0,397.009765625,116.12545013427734,25.125,0.0,-45.9393310546875,0.0,0
879,0,445.7225646972656,116.12566375732422,25.125,0.0,-45.9393310546875,0.0,0
880,0,490.7603454589844,116.12555694580078,25.125,0.0,-62.8363037109375,0.0,0
881,0,526.6542358398438,116.12590789794922,25.125,0.0,-79.7332763671875,0.0,0
882,0,546.75048828125,116.12591552734375,25.125,0.0,-96.624755859375,0.0,0
883,0,554.3616943359375,116.12561798095703,25.125,0.0,-79.7332763671875,0.0,0
884,0,556.89501953125,116.12591552734375,25.125,0.0,-96.624755859375,0.0,0
885,0,554.0410766601562,116.12557220458984,25.125,0.0,-113.521728515625,0.0,0
886,0,544.8047485351562,116.12591552734375,25.125,0.0,-96.624755859375,0.0,0
887,0,562.5297241210938,116.12506866455078,25.125,0.0,-96.624755859375,0.0,0
888,0,584.8439331054688,116.12590789794922,25.125,0.0,-79.7332763671875,0.0,0
889,0,597.1353759765625,116.12591552734375,25.125,0.0,-96.624755859375,0.0,0
890,0,599.2462158203125,116.12590789794922,25.125,0.0,-79.7332763671875,0.0,0
891,0,603.6510620117188,116.12582397460938,25.125,0.0,-62.8363037109375,0.0,0
892,0,622.4427490234375,116.12545013427734,25.125,0.0,-45.9393310546875,0.0,0
893,0,653.8177490234375,116.12582397460938,25.125,0.0,-62.8363037109375,0.0,0
894,0,688.3217163085938,116.12545013427734,25.125,0.0,-45.9393310546875,0.0,0
895,0,731.7750854492188,116.12532043457031,25.125,0.0,-29.0423583984375,0.0,0
896,0,779.325439453125,116.12545013427734,25.125,0.0,-45.9393310546875,0.0,0
897,0,783.8743286132812,116.125,25.125,0.0,-45.9393310546875,0.0,0
898,0,783.8742065429688,116.125,25.125,0.0,-29.0423583984375,0.0,0
899,0,750.0,1250.0,25.125,0.0,16.490478515625,0.0,0
900,0,771.5944213867188,1253.2513427734375,25.125,0.0,-0.406494140625,0.0,1
901,0,813.6007080078125,1253.28125,25.125,0.0,-17.303466796875,0.0,1
902,0,853.7822875976562,1245.03173828125,25.125,0.0,-34.1949462890625,0.0,1
903,0,892.7623901367188,1225.795166015625,25.125,0.0,-51.0919189453125,0.0,1
904,0,924.3602294921875,1197.0838623046875,25.125,0.0,-67.9888916015625,0.0,1
905,0,946.60107421875,1160.5518798828125,25.125,0.0,-84.8858642578125,0.0,1
906,0,957.3123779296875,1119.095947265625,25.125,0.0,-101.7828369140625,0.0,1
907,0,959.8049926757812,1078.111572265625,25.125,0.0,-84.8858642578125,0.0,1
908,0,964.4523315429688,1036.3236083984375,25.125,0.0,-67.9888916015625,0.0,1
909,0,976.8455810546875,996.3485717773438,25.125,0.0,-51.0919189453125,0.0,1
910,0,983.8742065429688,956.9254760742188,25.125,0.0,-34.1949462890625,0.0,1
911,0,983.8741455078125,920.7958374023438,25.125,0.0,-17.303466796875,0.0,1
912,0,983.8740844726562,895.1073608398438,25.125,0.0,-0.406494140625,0.0,1
913,0,983.8740844726562,886.3538818359375,25.125,0.0,16.490478515625,0.0,1
914,0,983.8744506835938,893.6749877929688,25.125,0.0,33.387451171875,0.0,1
915,0,983.8743896484375,918.0538330078125,25.125,0.0,50.284423828125,0.0,1
916,0,983.8748168945312,958.2075805664062,25.125,0.0,67.1759033203125,0.0,1
917,0,983.8749389648438,1000.8797607421875,25.125,0.0,84.0728759765625,0.0,1
918,0,983.2637329101562,1041.64404296875,25.125,0.0,100.9698486328125,0.0,1
919,0,976.966552734375,1083.6500244140625,25.125,0.0,117.8668212890625,0.0,1
920,0,961.4762573242188,1122.8548583984375,25.125,0.0,134.7637939453125,0.0,1
921,0,935.49951171875,1157.7774658203125,25.125,0.0,151.6607666015625,0.0,1
922,0,901.5056762695312,1183.62939453125,25.125,0.0,168.55224609375,0.0,1
923,0,861.513916015625,1198.818115234375,25.125,0.0,-174.55078125,0.0,1
924,0,818.81201171875,1201.86572265625,25.125,0.0,-157.65380859375,0.0,1
925,0,776.9913330078125,1192.472900390625,25.125,0.0,-140.7568359375,0.0,1
926,0,738.8477172851562,1170.7974853515625,25.125,0.0,-123.85986328125,0.0,1
927,0,709.3944702148438,1139.674072265625,25.125,0.0,-106.962890625,0.0,1
928,0,689.92236328125,1100.42333984375,25.125,0.0,-90.0714111328125,0.0,1
929,0,682.8373413085938,1058.17724609375,25.125,0.0,-73.1744384765625,0.0,1
930,0,688.48779296875,1014.700927734375,25.125,0.0,-56.2774658203125,0.0,1
931,0,703.4976806640625,975.858154296875,25.125,0.0,-56.2774658203125,0.0,1
932,0,724.7507934570312,940.1329956054688,25.125,0.0,-39.3804931640625,0.0,1
933,0,750.686767578125,907.3204956054688,25.125,0.0,-56.2774658203125,0.0,1
934,0,773.134521484375,873.9036865234375,25.125,0.0,-73.1744384765625,0.0,1
935,0,789.353515625,834.1337280273438,25.125,0.0,-90.0714111328125,0.0,1
936,0,794.930908203125,792.0804443359375,25.125,0.0,-106.962890625,0.0,1
937,0,788.6754150390625,748.8782348632812,25.125,0.0,-123.85986328125,0.0,1
938,0,770.8231811523438,710.003662109375,25.125,0.0,-140.7568359375,0.0,1
939,0,742.5925903320312,677.8045043945312,25.125,0.0,-157.65380859375,0.0,1
940,0,705.37890625,654.6639404296875,25.125,0.0,-174.55078125,0.0,1
941,0,664.0120849609375,643.5780029296875,25.125,0.0,168.55224609375,0.0,1
942,0,622.0697631835938,640.7100219726562,25.125,0.0,-174.55078125,0.0,1
943,0,582.2006225585938,636.1637573242188,25.125,0.0,-157.65380859375,0.0,1
944,0,541.5464477539062,625.6461791992188,25.125,0.0,-157.65380859375,0.0,1
945,0,516.1259155273438,614.2896728515625,25.125,0.0,-174.55078125,0.0,1
946,0,516.1259155273438,610.35595703125,25.125,0.0,168.55224609375,0.0,1
947,0,516.1259155273438,610.5955810546875,25.125,0.0,-174.55078125,0.0,1
948,0,516.1256103515625,611.0459594726562,25.125,0.0,168.55224609375,0.0,1
949,0,516.1259155273438,611.28662109375,25.125,0.0,-174.55078125,0.0,1
950,0,516.1256103515625,611.7369995117188,25.125,0.0,168.55224609375,0.0,1
951,0,516.1259155273438,611.966796875,25.125,0.0,-174.55078125,0.0,1
952,0,516.1256103515625,611.3775024414062,25.125,0.0,-174.55078125,0.0,1
953,0,516.1258544921875,608.8159790039062,25.125,0.0,-157.65380859375,0.0,1
954,0,516.1258544921875,597.8250122070312,25.125,0.0,-157.65380859375,0.0,1
955,0,514.0157470703125,575.692138671875,25.125,0.0,-140.7568359375,0.0,1
956,0,490.9786071777344,544.5967407226562,25.125,0.0,-140.7568359375,0.0,1
957,0,463.61956787109375,514.3859252929688,25.125,0.0,-123.85986328125,0.0,1
958,0,436.24383544921875,482.8847961425781,25.125,0.0,-140.7568359375,0.0,1
959,0,408.4189453125,453.10223388671875,25.125,0.0,-123.85986328125,0.0,1
960,0,380.8455505371094,421.7834167480469,25.125,0.0,-140.7568359375,0.0,1
961,0,349.7569274902344,394.3209228515625,25.125,0.0,-157.65380859375,0.0,1
962,0,312.7906494140625,373.95611572265625,25.125,0.0,-174.55078125,0.0,1
963,0,271.4459228515625,363.904541015625,25.125,0.0,168.55224609375,0.0,1
964,0,230.49607849121094,361.5378112792969,25.125,0.0,-174.55078125,0.0,1
965,0,188.6858367919922,360.8038635253906,25.125,0.0,168.55224609375,0.0,1
966,0,147.96363830566406,362.58819580078125,25.125,0.0,-174.55078125,0.0,1
967,0,118.52745819091797,383.8714294433594,25.125,0.0,-174.55078125,0.0,1
968,0,116.12562561035156,383.25360107421875,25.125,0.0,-174.55078125,0.0,1
969,0,116.12590789794922,383.7327575683594,25.125,0.0,168.55224609375,0.0,1
970,0,116.12581634521484,383.875,25.125,0.0,151.6607666015625,0.0,1
971,0,116.12590789794922,383.875,25.125,0.0,168.55224609375,0.0,1
972,0,116.12592315673828,383.7308349609375,25.125,0.0,-174.55078125,0.0,1
973,0,116.12562561035156,383.11297607421875,25.125,0.0,-174.55078125,0.0,1
974,0,116.1258544921875,380.5826721191406,25.125,0.0,-157.65380859375,0.0,1
975,0,116.12548828125,366.73822021484375,25.125,0.0,-140.7568359375,0.0,1
976,0,116.1255111694336,334.7577819824219,25.125,0.0,-123.85986328125,0.0,1
977,0,116.12548828125,292.09515380859375,25.125,0.0,-140.7568359375,0.0,1
978,0,116.12540435791016,245.50926208496094,25.125,0.0,-123.85986328125,0.0,1
979,0,116.12541198730469,198.582763671875,25.125,0.0,-123.85986328125,0.0,1
980,0,116.12510681152344,154.543701171875,25.125,0.0,-106.962890625,0.0,1
981,0,116.1250228881836,116.1309585571289,25.125,0.0,-123.85986328125,0.0,1
982,0,116.125,116.12539672851562,25.125,0.0,-140.7568359375,0.0,1
983,0,116.1255874633789,134.38282775878906,25.125,0.0,-140.7568359375,0.0,1
984,0,116.12557983398438,140.54054260253906,25.125,0.0,-157.65380859375,0.0,1
985,0,116.12535095214844,159.86386108398438,25.125,0.0,-157.65380859375,0.0,1
986,0,116.12571716308594,169.27259826660156,25.125,0.0,-140.7568359375,0.0,1
987,0,116.1258544921875,153.24887084960938,25.125,0.0,-157.65380859375,0.0,1
988,0,116.1258544921875,131.0606231689453,25.125,0.0,-157.65380859375,0.0,1
989,0,116.125,116.12523651123047,25.125,0.0,-157.65380859375,0.0,1
990,0,116.125,116.12535095214844,25.125,0.0,-157.65380859375,0.0,1
991,0,116.125,116.12506103515625,25.125,0.0,-174.55078125,0.0,1
992,0,116.125,116.12508392333984,25.125,0.0,-174.55078125,0.0,1
993,0,116.125,116.12523651123047,25.125,0.0,-157.65380859375,0.0,1
994,0,116.125,116.1255874633789,25.125,0.0,-140.7568359375,0.0,1
995,0,116.125,116.12577056884766,25.125,0.0,-123.85986328125,0.0,1
996,0,116.125,116.12588500976562,25.125,0.0,-106.962890625,0.0,1
997,0,116.125,116.12592315673828,25.125,0.0,-90.0714111328125,0.0,1
998,0,116.125,116.12560272216797,25.125,0.0,-106.962890625,0.0,1
999,0,116.125,116.12592315673828,25.125,0.0,-90.0714111328125,0.0,1
1000,0,117.30854797363281,116.12560272216797,25.125,0.0,-73.1744384765625,0.0,1
1001,0,126.49891662597656,116.12577056884766,25.125,0.0,-56.2774658203125,0.0,1
1002,0,152.3140411376953,116.12539672851562,25.125,0.0,-39.3804931640625,0.0,1
1003,0,193.10055541992188,116.1255874633789,25.125,0.0,-39.3804931640625,0.0,1
1004,0,237.7840576171875,116.12577056884766,25.125,0.0,-56.2774658203125,0.0,1
1005,0,282.8321228027344,116.1255874633789,25.125,0.0,-39.3804931640625,0.0,1
1006,0,328.2328186035156,116.12520599365234,25.125,0.0,-22.4835205078125,0.0,1
1007,0,369.8822937011719,116.12503814697266,25.125,0.0,-5.592041015625,0.0,1
1008,0,412.77239990234375,116.1252670288086,25.125,0.0,-22.4835205078125,0.0,1
1009,0,457.6978759765625,116.12539672851562,25.125,0.0,-39.3804931640625,0.0,1
1010,0,506.30242919921875,116.12577056884766,25.125,0.0,-56.2774658203125,0.0,1
1011,0,551.4046630859375,116.1255874633789,25.125,0.0,-39.3804931640625,0.0,1
1012,0,598.880126953125,116.12577056884766,25.125,0.0,-56.2774658203125,0.0,1
1013,0,638.5203247070312,116.12588500976562,25.125,0.0,-73.1744384765625,0.0,1
1014,0,665.0399169921875,116.12562561035156,25.125,0.0,-90.0714111328125,0.0,1
1015,0,674.4738159179688,116.12588500976562,25.125,0.0,-106.962890625,0.0,1
1016,0,673.3095703125,116.12562561035156,25.125,0.0,-90.0714111328125,0.0,1
1017,0,674.5382080078125,116.12588500976562,25.125,0.0,-73.1744384765625,0.0,1
1018,0,683.0864868164062,116.12551879882812,25.125,0.0,-56.2774658203125,0.0,1
1019,0,709.3372802734375,116.1255874633789,25.125,0.0,-39.3804931640625,0.0,1
1020,0,750.13623046875,116.12521362304688,25.125,0.0,-22.4835205078125,0.0,1
1021,0,783.8741455078125,116.125,25.125,0.0,-22.4835205078125,0.0,1
1022,0,783.8740844726562,116.125,25.125,0.0,-5.592041015625,0.0,1
1023,0,783.8743896484375,116.63062286376953,25.125,0.0,11.304931640625,0.0,1
1024,0,783.8742065429688,121.74848937988281,25.125,0.0,28.201904296875,0.0,1
1025,0,783.8745727539062,141.64817810058594,25.125,0.0,45.098876953125,0.0,1
1026,0,783.8745727539062,179.27532958984375,25.125,0.0,61.995849609375,0.0,1
1027,0,783.9452514648438,220.85086059570312,25.125,0.0,78.892822265625,0.0,1
1028,0,787.2062377929688,262.604736328125,25.125,0.0,78.892822265625,0.0,1
1029,0,791.1563720703125,303.22607421875,25.125,0.0,95.7843017578125,0.0,1
1030,0,793.0906372070312,344.9073791503906,25.125,0.0,78.892822265625,0.0,1
1031,0,795.938720703125,385.5788879394531,25.125,0.0,95.7843017578125,0.0,1
1032,0,795.5145263671875,426.3839111328125,25.125,0.0,95.7843017578125,0.0,1
1033,0,794.9208984375,468.1756896972656,25.125,0.0,78.892822265625,0.0,1
1034,0,798.544921875,508.8800354003906,25.125,0.0,78.892822265625,0.0,1
1035,0,806.7222290039062,550.244140625,25.125,0.0,61.995849609375,0.0,1
1036,0,793.3995971679688,583.8714599609375,25.125,0.0,61.995849609375,0.0,1
1037,0,789.3634643554688,583.8743286132812,25.125,0.0,45.098876953125,0.0,1
1038,0,814.6997680664062,583.8745727539062,25.125,0.0,28.201904296875,0.0,1
1039,0,856.9573364257812,583.8745727539062,25.125,0.0,45.098876953125,0.0,1
1040,0,904.3114013671875,583.874755859375,25.125,0.0,28.201904296875,0.0,1
1041,0,947.764404296875,588.2921142578125,25.125,0.0,28.201904296875,0.0,1
1042,0,983.8705444335938,603.67919921875,25.125,0.0,45.098876953125,0.0,1
1043,0,983.8744506835938,630.8614501953125,25.125,0.0,28.201904296875,0.0,1
1044,0,983.8740844726562,659.3916625976562,25.125,0.0,11.304931640625,0.0,1
1045,0,983.8740844726562,680.08740234375,25.125,0.0,11.304931640625,0.0,1
1046,0,983.8740844726562,696.6747436523438,25.125,0.0,11.304931640625,0.0,1
1047,0,983.8740844726562,708.2862548828125,25.125,0.0,-5.592041015625,0.0,1
1048,0,983.8743896484375,710.5374145507812,25.125,0.0,11.304931640625,0.0,1
1049,0,983.8742065429688,715.6553344726562,25.125,0.0,28.201904296875,0.0,1
1050,0,1002.9653930664062,735.5597534179688,25.125,0.0,45.098876953125,0.0,1
1051,0,1031.7352294921875,766.1731567382812,25.125,0.0,61.995849609375,0.0,1
1052,0,1054.7471923828125,783.8743896484375,25.125,0.0,78.892822265625,0.0,1
1053,0,1070.0093994140625,783.8740844726562,25.125,0.0,95.7843017578125,0.0,1
1054,0,1069.9884033203125,783.8741455078125,25.125,0.0,112.6812744140625,0.0,1
1055,0,1056.2230224609375,783.87451171875,25.125,0.0,129.5782470703125,0.0,1
1056,0,1029.6796875,783.8741455078125,25.125,0.0,112.6812744140625,0.0,1
1057,0,1002.5423583984375,783.8744506835938,25.125,0.0,112.6812744140625,0.0,1
1058,0,978.3483276367188,786.5348510742188,25.125,0.0,95.7843017578125,0.0,1
1059,0,960.5140991210938,816.9224853515625,25.125,0.0,112.6812744140625,0.0,1
1060,0,944.937255859375,856.0096435546875,25.125,0.0,95.7843017578125,0.0,1
1061,0,933.4716796875,895.151123046875,25.125,0.0,112.6812744140625,0.0,1
1062,0,919.7991333007812,934.5238647460938,25.125,0.0,112.6812744140625,0.0,1
1063,0,906.8560791015625,973.2931518554688,25.125,0.0,95.7843017578125,0.0,1
1064,0,899.9722900390625,1014.39892578125,25.125,0.0,78.892822265625,0.0,1
1065,0,902.9523315429688,1056.5777587890625,25.125,0.0,61.995849609375,0.0,1
1066,0,917.2257080078125,1096.671142578125,25.125,0.0,45.098876953125,0.0,1
1067,0,938.3402099609375,1132.958740234375,25.125,0.0,61.995849609375,0.0,1
1068,0,957.0703125,1169.55078125,25.125,0.0,78.892822265625,0.0,1
1069,0,970.7613525390625,1209.2569580078125,25.125,0.0,78.892822265625,0.0,1
1070,0,981.0902709960938,1248.64501953125,25.125,0.0,78.892822265625,0.0,1
1071,0,988.41064453125,1290.072509765625,25.125,0.0,95.7843017578125,0.0,1
1072,0,987.8053588867188,1331.9736328125,25.125,0.0,112.6812744140625,0.0,1
1073,0,979.2452392578125,1372.442626953125,25.125,0.0,112.6812744140625,0.0,1
1074,0,964.7232666015625,1411.268798828125,25.125,0.0,129.5782470703125,0.0,1
1075,0,945.9073486328125,1447.5208740234375,25.125,0.0,112.6812744140625,0.0,1
1076,0,926.2556762695312,1484.3956298828125,25.125,0.0,129.5782470703125,0.0,1
1077,0,905.2667236328125,1519.33154296875,25.125,0.0,112.6812744140625,0.0,1
1078,0,884.5228881835938,1555.5462646484375,25.125,0.0,129.5782470703125,0.0,1
1079,0,859.4295654296875,1588.6065673828125,25.125,0.0,146.4752197265625,0.0,1
1080,0,830.1286010742188,1618.423828125,25.125,0.0,129.5782470703125,0.0,1
1081,0,803.8326416015625,1650.1571044921875,25.125,0.0,112.6812744140625,0.0,1
1082,0,809.664794921875,1681.4700927734375,25.125,0.0,112.6812744140625,0.0,1
1083,0,819.2476196289062,1722.0465087890625,25.125,0.0,95.7843017578125,0.0,1
1084,0,820.2811889648438,1762.0343017578125,25.125,0.0,95.7843017578125,0.0,1
1085,0,816.406494140625,1804.0848388671875,25.125,0.0,112.6812744140625,0.0,1
1086,0,804.0361328125,1844.2366943359375,25.125,0.0,129.5782470703125,0.0,1
1087,0,785.5654296875,1881.8363037109375,25.125,0.0,112.6812744140625,0.0,1
1088,0,766.6167602539062,1918.0118408203125,25.125,0.0,129.5782470703125,0.0,1
1089,0,742.0780639648438,1951.6534423828125,25.125,0.0,146.4752197265625,0.0,1
1090,0,709.1670532226562,1979.67822265625,25.125,0.0,163.3721923828125,0.0,1
1091,0,669.54443359375,1983.873291015625,25.125,0.0,-179.736328125,0.0,1
1092,0,627.9439697265625,1983.8544921875,25.125,0.0,-179.736328125,0.0,1
1093,0,587.9721069335938,1981.9742431640625,25.125,0.0,-162.83935546875,0.0,1
1094,0,553.4454956054688,1983.8741455078125,25.125,0.0,-162.83935546875,0.0,1
1095,0,514.64208984375,1980.26123046875,25.125,0.0,-179.736328125,0.0,1
1096,0,473.09320068359375,1975.94287109375,25.125,0.0,-162.83935546875,0.0,1
1097,0,432.81427001953125,1969.7115478515625,25.125,0.0,-179.736328125,0.0,1
1098,0,392.18988037109375,1966.224609375,25.125,0.0,-179.736328125,0.0,1
1099,0,350.53155517578125,1962.663818359375,25.125,0.0,-162.83935546875,0.0,1
1100,0,310.20648193359375,1956.70166015625,25.125,0.0,-179.736328125,0.0,1
1101,0,268.6213684082031,1953.3671875,25.125,0.0,-179.736328125,0.0,1
1102,0,228.86444091796875,1950.1265869140625,25.125,0.0,-162.83935546875,0.0,1
1103,0,187.55743408203125,1944.194091796875,25.125,0.0,-179.736328125,0.0,1
1104,0,160.9764404296875,1964.3671875,25.125,0.0,-179.736328125,0.0,1
1105,0,125.513671875,1983.8709716796875,25.125,0.0,-179.736328125,0.0,1
1106,0,116.12592315673828,1983.84375,25.125,0.0,-179.736328125,0.0,1
1107,0,116.12560272216797,1983.875,25.125,0.0,163.3721923828125,0.0,1
1108,0,116.12588500976562,1983.875,25.125,0.0,163.3721923828125,0.0,1
1109,0,116.12562561035156,1983.8720703125,25.125,0.0,-179.736328125,0.0,1
1110,0,116.12592315673828,1983.840576171875,25.125,0.0,-179.736328125,0.0,1
1111,0,116.12588500976562,1982.5924072265625,25.125,0.0,-162.83935546875,0.0,1
1112,0,116.12576293945312,1973.4742431640625,25.125,0.0,-145.9423828125,0.0,1
1113,0,116.12557983398438,1947.3990478515625,25.125,0.0,-129.04541015625,0.0,1
1114,0,116.1251449584961,1906.5548095703125,25.125,0.0,-112.1484375,0.0,1
1115,0,116.12505340576172,1863.9669189453125,25.125,0.0,-95.25146484375,0.0,1
1116,0,116.12518310546875,1822.1240234375,25.125,0.0,-112.1484375,0.0,1
1117,0,116.12557983398438,1775.189697265625,25.125,0.0,-129.04541015625,0.0,1
1118,0,116.12539672851562,1726.163818359375,25.125,0.0,-129.04541015625,0.0,1
1119,0,116.12576293945312,1676.7215576171875,25.125,0.0,-145.9423828125,0.0,1
1120,0,116.12557983398438,1630.9769287109375,25.125,0.0,-129.04541015625,0.0,1
1121,0,116.12576293945312,1584.2542724609375,25.125,0.0,-145.9423828125,0.0,1
1122,0,116.12588500976562,1544.2349853515625,25.125,0.0,-162.83935546875,0.0,1
1123,0,116.12562561035156,1517.3331298828125,25.125,0.0,-179.736328125,0.0,1
1124,0,116.12588500976562,1507.5631103515625,25.125,0.0,163.3721923828125,0.0,1
1125,0,116.12562561035156,1508.689453125,25.125,0.0,-179.736328125,0.0,1
1126,0,116.12592315673828,1508.657958984375,25.125,0.0,-179.736328125,0.0,1
1127,0,116.12562561035156,1508.6278076171875,25.125,0.0,-179.736328125,0.0,1
1128,0,116.12588500976562,1507.325927734375,25.125,0.0,-162.83935546875,0.0,1
1129,0,116.12576293945312,1498.1156005859375,25.125,0.0,-145.9423828125,0.0,1
1130,0,116.12551879882812,1474.3848876953125,25.125,0.0,-145.9423828125,0.0,1
1131,0,116.12557983398438,1440.4127197265625,25.125,0.0,-129.04541015625,0.0,1
1132,0,116.1251449584961,1397.0894775390625,25.125,0.0,-112.1484375,0.0,1
1133,0,116.12505340576172,1354.51025390625,25.125,0.0,-95.25146484375,0.0,1
1134,0,116.12518310546875,1312.6673583984375,25.125,0.0,-112.1484375,0.0,1
1135,0,116.12557983398438,1265.7330322265625,25.125,0.0,-129.04541015625,0.0,1
1136,0,116.12576293945312,1218.1884765625,25.125,0.0,-145.9423828125,0.0,1
1137,0,116.12588500976562,1177.093994140625,25.125,0.0,-162.83935546875,0.0,1
1138,0,116.12527465820312,1176.8309326171875,25.125,0.0,-162.83935546875,0.0,1
1139,0,116.12562561035156,1185.2862548828125,25.125,0.0,-179.736328125,0.0,1
1140,0,116.12588500976562,1186.6165771484375,25.125,0.0,163.3721923828125,0.0,1
1141,0,116.12562561035156,1188.630615234375,25.125,0.0,-179.736328125,0.0,1
1142,0,116.12588500976562,1187.3287353515625,25.125,0.0,-162.83935546875,0.0,1
1143,0,116.12551879882812,1178.1788330078125,25.125,0.0,-145.9423828125,0.0,1
1144,0,116.12588500976562,1156.5947265625,25.125,0.0,-162.83935546875,0.0,1
1145,0,116.12592315673828,1138.2298583984375,25.125,0.0,-179.736328125,0.0,1
1146,0,116.12588500976562,1125.6427001953125,25.125,0.0,-162.83935546875,0.0,1
1147,0,116.12576293945312,1107.177978515625,25.125,0.0,-145.9423828125,0.0,1
1148,0,116.12539672851562,1076.470947265625,25.125,0.0,-129.04541015625,0.0,1
1149,0,116.12520599365234,1034.101806640625,25.125,0.0,-112.1484375,0.0,1
1150,0,116.12503051757812,992.4962768554688,25.125,0.0,-95.25146484375,0.0,1
1151,0,116.12525939941406,949.6588134765625,25.125,0.0,-112.1484375,0.0,1
1152,0,116.12539672851562,903.7957153320312,25.125,0.0,-129.04541015625,0.0,1
1153,0,116.12576293945312,855.2350463867188,25.125,0.0,-145.9423828125,0.0,1
1154,0,116.12588500976562,815.0577392578125,25.125,0.0,-162.83935546875,0.0,1
1155,0,116.12592315673828,787.6173706054688,25.125,0.0,-179.736328125,0.0,1
1156,0,116.12588500976562,771.4736938476562,25.125,0.0,-162.83935546875,0.0,1
1157,0,116.12518310546875,784.0328369140625,25.125,0.0,-162.83935546875,0.0,1
1158,0,116.12592315673828,798.9918212890625,25.125,0.0,-179.736328125,0.0,1
1159,0,116.12560272216797,805.03759765625,25.125,0.0,163.3721923828125,0.0,1
1160,0,116.12588500976562,814.7578125,25.125,0.0,163.3721923828125,0.0,1
1161,0,116.12592315673828,825.69091796875,25.125,0.0,-179.736328125,0.0,1
1162,0,116.12588500976562,826.7933959960938,25.125,0.0,-162.83935546875,0.0,1
1163,0,116.12576293945312,817.5830688476562,25.125,0.0,-145.9423828125,0.0,1
1164,0,116.12559509277344,796.4971923828125,25.125,0.0,-162.83935546875,0.0,1
1165,0,116.12576293945312,771.7454833984375,25.125,0.0,-145.9423828125,0.0,1
1166,0,116.12539672851562,738.4468383789062,25.125,0.0,-129.04541015625,0.0,1
1167,0,116.12521362304688,694.3487548828125,25.125,0.0,-112.1484375,0.0,1
1168,0,116.12503051757812,653.7318115234375,25.125,0.0,-95.25146484375,0.0,1
1169,0,116.96728515625,611.9993286132812,25.125,0.0,-78.3599853515625,0.0,1
1170,0,121.39643859863281,571.4183349609375,25.125,0.0,-78.3599853515625,0.0,1
1171,0,130.10787963867188,530.1823120117188,25.125,0.0,-61.4630126953125,0.0,1
1172,0,143.7002410888672,516.1259155273438,25.125,0.0,-78.3599853515625,0.0,1
1173,0,154.75733947753906,516.1256103515625,25.125,0.0,-95.25146484375,0.0,1
1174,0,155.3952178955078,516.1259155273438,25.125,0.0,-95.25146484375,0.0,1
1175,0,155.86776733398438,516.1256103515625,25.125,0.0,-78.3599853515625,0.0,1
1176,0,156.1207275390625,516.1259155273438,25.125,0.0,-95.25146484375,0.0,1
1177,0,153.7863006591797,516.1256103515625,25.125,0.0,-112.1484375,0.0,1
1178,0,142.98947143554688,516.1258544921875,25.125,0.0,-112.1484375,0.0,1
1179,0,116.12911224365234,524.823974609375,25.125,0.0,-112.1484375,0.0,1
1180,0,116.12557983398438,516.125,25.125,0.0,-129.04541015625,0.0,1
1181,0,116.12571716308594,529.7062377929688,25.125,0.0,-129.04541015625,0.0,1
1182,0,116.12551879882812,528.2587280273438,25.125,0.0,-145.9423828125,0.0,1
1183,0,116.125,516.125732421875,25.125,0.0,-129.04541015625,0.0,1
1184,0,116.125,516.12548828125,25.125,0.0,-129.04541015625,0.0,1
1185,0,116.125,516.125732421875,25.125,0.0,-129.04541015625,0.0,1
1186,0,116.125,516.1258544921875,25.125,0.0,-112.1484375,0.0,1
1187,0,116.125,516.1259155273438,25.125,0.0,-95.25146484375,0.0,1
1188,0,116.67276763916016,516.1259155273438,25.125,0.0,-78.3599853515625,0.0,1
1189,0,121.93640899658203,516.1255493164062,25.125,0.0,-61.4630126953125,0.0,1
1190,0,142.8365936279297,516.1256713867188,25.125,0.0,-44.5660400390625,0.0,1
1191,0,179.84483337402344,516.1253051757812,25.125,0.0,-27.6690673828125,0.0,1
1192,0,223.33163452148438,516.0249633789062,25.125,0.0,-10.7720947265625,0.0,1
1193,0,264.07080078125,514.7584838867188,25.125,0.0,6.1248779296875,0.0,1
1194,0,305.8047180175781,514.1904296875,25.125,0.0,-10.7720947265625,0.0,1
1195,0,346.510498046875,512.1834716796875,25.125,0.0,6.1248779296875,0.0,1
1196,0,387.84857177734375,515.161865234375,25.125,0.0,23.016357421875,0.0,1
1197,0,428.220947265625,527.286865234375,25.125,0.0,39.913330078125,0.0,1
1198,0,464.5666198730469,547.1773071289062,25.125,0.0,39.913330078125,0.0,1
1199,0,499.8342590332031,569.4744873046875,25.125,0.0,23.016357421875,0.0,1
1200,0,537.3516845703125,587.0860595703125,25.125,0.0,6.1248779296875,0.0,1
1201,0,579.4671020507812,596.30517578125,25.125,0.0,-10.7720947265625,0.0,1
1202,0,620.34423828125,598.4718017578125,25.125,0.0,6.1248779296875,0.0,1
1203,0,662.1409301757812,599.4878540039062,25.125,0.0,-10.7720947265625,0.0,1
1204,0,703.4541625976562,594.1553344726562,25.125,0.0,-27.6690673828125,0.0,1
1205,0,742.91748046875,583.513427734375,25.125,0.0,-10.7720947265625,0.0,1
1206,0,782.1168212890625,572.14013671875,25.125,0.0,-27.6690673828125,0.0,1
1207,0,820.0573120117188,556.9834594726562,25.125,0.0,-27.6690673828125,0.0,1
1208,0,857.3666381835938,537.3402099609375,25.125,0.0,-44.5660400390625,0.0,1
1209,0,889.8821411132812,510.8295593261719,25.125,0.0,-61.4630126953125,0.0,1
1210,0,917.8499755859375,479.6513366699219,25.125,0.0,-44.5660400390625,0.0,1
1211,0,944.396240234375,448.61181640625,25.125,0.0,-61.4630126953125,0.0,1
1212,0,969.6657104492188,415.4047546386719,25.125,0.0,-44.5660400390625,0.0,1
1213,0,994.9431762695312,383.41448974609375,25.125,0.0,-61.4630126953125,0.0,1
1214,0,1019.08203125,350.5712585449219,25.125,0.0,-44.5660400390625,0.0,1
1215,0,1044.205322265625,318.4613342285156,25.125,0.0,-61.4630126953125,0.0,1
1216,0,1065.5540771484375,282.88116455078125,25.125,0.0,-78.3599853515625,0.0,1
1217,0,1082.3134765625,244.57412719726562,25.125,0.0,-61.4630126953125,0.0,1
1218,0,1083.8748779296875,203.44155883789062,25.125,0.0,-78.3599853515625,0.0,1
1219,0,1086.120849609375,159.957763671875,25.125,0.0,-61.4630126953125,0.0,1
1220,0,1099.9237060546875,119.32084655761719,25.125,0.0,-44.5660400390625,0.0,1
1221,0,1128.583984375,116.12564849853516,25.125,0.0,-44.5660400390625,0.0,1
1222,0,1169.613525390625,116.12531280517578,25.125,0.0,-27.6690673828125,0.0,1
1223,0,1212.14599609375,116.12506866455078,25.125,0.0,-10.7720947265625,0.0,1
1224,0,1254.9754638671875,116.12535095214844,25.125,0.0,-27.6690673828125,0.0,1
1225,0,1302.2337646484375,116.12544250488281,25.125,0.0,-44.5660400390625,0.0,1
1226,0,1349.321533203125,116.12580871582031,25.125,0.0,-61.4630126953125,0.0,1
1227,0,1385.828369140625,116.1256103515625,25.125,0.0,-78.3599853515625,0.0,1
1228,0,1411.1434326171875,116.12590789794922,25.125,0.0,-78.3599853515625,0.0,1
1229,0,1432.6976318359375,116.12580871582031,25.125,0.0,-61.4630126953125,0.0,1
1230,0,1462.676025390625,116.12564849853516,25.125,0.0,-44.5660400390625,0.0,1
1231,0,1503.5157470703125,116.12531280517578,25.125,0.0,-27.6690673828125,0.0,1
1232,0,1548.2288818359375,116.1252212524414,25.125,0.0,-27.6690673828125,0.0,1
1233,0,1591.751708984375,116.1250991821289,25.125,0.0,-10.7720947265625,0.0,1
1234,0,1631.5455322265625,116.27764892578125,25.125,0.0,6.1248779296875,0.0,1
1235,0,1673.3092041015625,116.44355010986328,25.125,0.0,-10.7720947265625,0.0,1
1236,0,1716.0596923828125,116.12535095214844,25.125,0.0,-27.6690673828125,0.0,1
1237,0,1764.4393310546875,116.12564849853516,25.125,0.0,-44.5660400390625,0.0,1
1238,0,1810.4805908203125,116.12580871582031,25.125,0.0,-61.4630126953125,0.0,1
1239,0,1852.25830078125,116.12544250488281,25.125,0.0,-44.5660400390625,0.0,1
1240,0,1898.0777587890625,116.12564849853516,25.125,0.0,-44.5660400390625,0.0,1
1241,0,1944.6455078125,116.12518310546875,25.125,0.0,-27.6690673828125,0.0,1
1242,0,1983.8707275390625,116.1250228881836,25.125,0.0,-10.7720947265625,0.0,1
1243,0,1983.8743896484375,116.28727722167969,25.125,0.0,6.1248779296875,0.0,1
1244,0,1983.8741455078125,119.01811218261719,25.125,0.0,23.016357421875,0.0,1
1245,0,1983.874267578125,133.56689453125,25.125,0.0,39.913330078125,0.0,1
1246,0,1983.874267578125,164.05606079101562,25.125,0.0,39.913330078125,0.0,1
1247,0,1983.87451171875,203.50375366210938,25.125,0.0,56.810302734375,0.0,1
1248,0,1983.8748779296875,247.24868774414062,25.125,0.0,73.707275390625,0.0,1
1249,0,1983.87451171875,292.43585205078125,25.125,0.0,56.810302734375,0.0,1
1250,0,1983.87451171875,340.3767395019531,25.125,0.0,39.913330078125,0.0,1
1251,0,1983.8741455078125,385.0292663574219,25.125,0.0,23.016357421875,0.0,1
1252,0,1983.8743896484375,416.4320373535156,25.125,0.0,6.1248779296875,0.0,1
1253,0,1983.8741455078125,439.2486267089844,25.125,0.0,23.016357421875,0.0,1
1254,0,1983.874267578125,465.6868896484375,25.125,0.0,39.913330078125,0.0,1
1255,0,1983.87451171875,503.9222412109375,25.125,0.0,56.810302734375,0.0,1
1256,0,1983.8748779296875,547.4208984375,25.125,0.0,73.707275390625,0.0,1
1257,0,1983.8746337890625,591.5772094726562,25.125,0.0,56.810302734375,0.0,1
1258,0,1983.8748779296875,636.4263916015625,25.125,0.0,73.707275390625,0.0,1
1259,0,1983.8746337890625,680.5827026367188,25.125,0.0,56.810302734375,0.0,1
1260,0,1983.874267578125,729.66015625,25.125,0.0,39.913330078125,0.0,1
1261,0,1983.8746337890625,777.3178100585938,25.125,0.0,56.810302734375,0.0,1
1262,0,1983.874267578125,825.2811889648438,25.125,0.0,39.913330078125,0.0,1
1263,0,1983.8743896484375,838.08349609375,25.125,0.0,39.913330078125,0.0,1
1264,0,1983.8743896484375,845.2094116210938,25.125,0.0,23.016357421875,0.0,1
1265,0,1983.8741455078125,863.6865234375,25.125,0.0,23.016357421875,0.0,1
1266,0,1983.87451171875,889.0029907226562,25.125,0.0,39.913330078125,0.0,1
1267,0,1983.87451171875,926.7266845703125,25.125,0.0,56.810302734375,0.0,1
1268,0,1983.8748779296875,970.2049560546875,25.125,0.0,73.707275390625,0.0,1
1269,0,1983.8748779296875,1013.1888427734375,25.125,0.0,73.707275390625,0.0,1
1270,0,1983.87451171875,1057.3792724609375,25.125,0.0,56.810302734375,0.0,1
1271,0,1983.8748779296875,1101.2022705078125,25.125,0.0,73.707275390625,0.0,1
1272,0,1983.87451171875,1145.3927001953125,25.125,0.0,56.810302734375,0.0,1
1273,0,1983.87451171875,1193.333740234375,25.125,0.0,39.913330078125,0.0,1
1274,0,1983.8741455078125,1237.9896240234375,25.125,0.0,23.016357421875,0.0,1
1275,0,1983.8743896484375,1270.0274658203125,25.125,0.0,6.1248779296875,0.0,1
1276,0,1983.8741455078125,1286.5765380859375,25.125,0.0,-10.7720947265625,0.0,1
1277,0,1983.8743896484375,1284.61962890625,25.125,0.0,-27.6690673828125,0.0,1
1278,0,1983.8741455078125,1271.7904052734375,25.125,0.0,-10.7720947265625,0.0,1
1279,0,1983.8740234375,1261.6348876953125,25.125,0.0,6.1248779296875,0.0,1
1280,0,1983.8743896484375,1263.581787109375,25.125,0.0,23.016357421875,0.0,1
1281,0,1983.8741455078125,1275.0091552734375,25.125,0.0,23.016357421875,0.0,1
1282,0,1983.87451171875,1297.1597900390625,25.125,0.0,39.913330078125,0.0,1
1283,0,1983.87451171875,1333.28564453125,25.125,0.0,56.810302734375,0.0,1
1284,0,1983.8748779296875,1376.576904296875,25.125,0.0,73.707275390625,0.0,1
1285,0,1983.875,1383.874267578125,25.125,0.0,56.810302734375,0.0,1
1286,0,1983.875,1383.8741455078125,25.125,0.0,73.707275390625,0.0,1
1287,0,1983.875,1383.8741455078125,25.125,0.0,73.707275390625,0.0,1
1288,0,1983.865234375,1383.8740234375,25.125,0.0,90.604248046875,0.0,1
1289,0,1983.8743896484375,1383.875,25.125,0.0,90.604248046875,0.0,1
1290,0,1982.5655517578125,1383.8741455078125,25.125,0.0,107.4957275390625,0.0,1
1291,0,1973.1968994140625,1383.87451171875,25.125,0.0,124.3927001953125,0.0,1
1292,0,1946.1416015625,1383.8743896484375,25.125,0.0,141.2896728515625,0.0,1
1293,0,1905.0128173828125,1383.8748779296875,25.125,0.0,158.1866455078125,0.0,1
1294,0,1859.19775390625,1387.3017578125,25.125,0.0,141.2896728515625,0.0,1
1295,0,1819.6143798828125,1400.3297119140625,25.125,0.0,158.1866455078125,0.0,1
1296,0,1780.759765625,1415.2047119140625,25.125,0.0,158.1866455078125,0.0,1
1297,0,1741.9681396484375,1428.2657470703125,25.125,0.0,175.0836181640625,0.0,1
1298,0,1702.4659423828125,1438.3375244140625,25.125,0.0,158.1866455078125,0.0,1
1299,0,1663.6751708984375,1452.7022705078125,25.125,0.0,141.2896728515625,0.0,1
1300,0,1628.2015380859375,1475.3616943359375,25.125,0.0,124.3927001953125,0.0,1
1301,0,1598.832763671875,1507.451416015625,25.125,0.0,107.4957275390625,0.0,1
1302,0,1579.896484375,1545.70263671875,25.125,0.0,90.604248046875,0.0,1
1303,0,1572.44970703125,1583.8699951171875,25.125,0.0,73.707275390625,0.0,1
1304,0,1579.044677734375,1583.874267578125,25.125,0.0,56.810302734375,0.0,1
1305,0,1603.8623046875,1583.8743896484375,25.125,0.0,39.913330078125,0.0,1
1306,0,1643.0950927734375,1588.123779296875,25.125,0.0,23.016357421875,0.0,1
1307,0,1682.4356689453125,1599.4566650390625,25.125,0.0,23.016357421875,0.0,1
1308,0,1721.421875,1615.6695556640625,25.125,0.0,39.913330078125,0.0,1
1309,0,1756.3927001953125,1634.752685546875,25.125,0.0,23.016357421875,0.0,1
1310,0,1792.986572265625,1654.890625,25.125,0.0,39.913330078125,0.0,1
1311,0,1827.7354736328125,1676.190673828125,25.125,0.0,23.016357421875,0.0,1
1312,0,1860.81005859375,1667.2838134765625,25.125,0.0,23.016357421875,0.0,1
1313,0,1900.8314208984375,1656.1533203125,25.125,0.0,6.1248779296875,0.0,1
1314,0,1942.8251953125,1656.5225830078125,25.125,0.0,23.016357421875,0.0,1
1315,0,1983.8741455078125,1667.955810546875,25.125,0.0,39.913330078125,0.0,1
1316,0,1983.8746337890625,1660.3597412109375,25.125,0.0,39.913330078125,0.0,1
1317,0,1983.8741455078125,1659.5662841796875,25.125,0.0,23.016357421875,0.0,1
1318,0,1983.87451171875,1675.5560302734375,25.125,0.0,39.913330078125,0.0,1
1319,0,1983.87451171875,1709.0694580078125,25.125,0.0,56.810302734375,0.0,1
1320,0,1983.874267578125,1752.5233154296875,25.125,0.0,39.913330078125,0.0,1
1321,0,1983.874267578125,1797.658935546875,25.125,0.0,39.913330078125,0.0,1
1322,0,1983.8746337890625,1843.4593505859375,25.125,0.0,56.810302734375,0.0,1
1323,0,1983.8748779296875,1887.31201171875,25.125,0.0,73.707275390625,0.0,1
1324,0,1983.869140625,1929.279052734375,25.125,0.0,90.604248046875,0.0,1
1325,0,1981.79052734375,1970.2091064453125,25.125,0.0,107.4957275390625,0.0,1
1326,0,1970.7288818359375,1983.874267578125,25.125,0.0,124.3927001953125,0.0,1
1327,0,1949.164306640625,1983.8743896484375,25.125,0.0,107.4957275390625,0.0,1
1328,0,1926.5556640625,1983.8741455078125,25.125,0.0,107.4957275390625,0.0,1
1329,0,1902.5052490234375,1983.874267578125,25.125,0.0,124.3927001953125,0.0,1
1330,0,1868.14697265625,1983.8743896484375,25.125,0.0,141.2896728515625,0.0,1
1331,0,1826.5242919921875,1983.874267578125,25.125,0.0,124.3927001953125,0.0,1
1332,0,1785.9752197265625,1983.87451171875,25.125,0.0,124.3927001953125,0.0,1
1333,0,1745.8453369140625,1983.874267578125,25.125,0.0,124.3927001953125,0.0,1
1334,0,1704.877197265625,1983.8746337890625,25.125,0.0,141.2896728515625,0.0,1
1335,0,1658.9119873046875,1983.874267578125,25.125,0.0,124.3927001953125,0.0,1
1336,0,1616.97705078125,1983.874267578125,25.125,0.0,124.3927001953125,0.0,1
1337,0,1577.0167236328125,1983.874267578125,25.125,0.0,124.3927001953125,0.0,1
1338,0,1540.652587890625,1983.8741455078125,25.125,0.0,107.4957275390625,0.0,1
1339,0,1515.1539306640625,1983.8743896484375,25.125,0.0,90.604248046875,0.0,1
1340,0,1499.061767578125,1983.8741455078125,25.125,0.0,107.4957275390625,0.0,1
1341,0,1478.89306640625,1983.87451171875,25.125,0.0,124.3927001953125,0.0,1
1342,0,1446.2635498046875,1983.8743896484375,25.125,0.0,141.2896728515625,0.0,1
1343,0,1405.3887939453125,1983.87451171875,25.125,0.0,124.3927001953125,0.0,1
1344,0,1366.9141845703125,1983.8741455078125,25.125,0.0,107.4957275390625,0.0,1
1345,0,1340.9847412109375,1983.8740234375,25.125,0.0,90.604248046875,0.0,1
1346,0,1325.0025634765625,1983.8741455078125,25.125,0.0,107.4957275390625,0.0,1
1347,0,1307.5108642578125,1983.8741455078125,25.125,0.0,107.4957275390625,0.0,1
1348,0,1285.699462890625,1983.87451171875,25.125,0.0,124.3927001953125,0.0,1
1349,0,1254.9124755859375,1983.874267578125,25.125,0.0,124.3927001953125,0.0,1
1350,0,1222.9080810546875,1983.8743896484375,25.125,0.0,107.4957275390625,0.0,1
1351,0,1198.812255859375,1983.8740234375,25.125,0.0,90.604248046875,0.0,1
1352,0,1190.6746826171875,1983.8743896484375,25.125,0.0,73.707275390625,0.0,1
1353,0,1191.649658203125,1983.8740234375,25.125,0.0,90.604248046875,0.0,1
1354,0,1192.769775390625,1983.8741455078125,25.125,0.0,73.707275390625,0.0,1
1355,0,1197.8441162109375,1983.8743896484375,25.125,0.0,73.707275390625,0.0,1
1356,0,1204.13671875,1983.8740234375,25.125,0.0,90.604248046875,0.0,1
1357,0,1205.6663818359375,1983.8743896484375,25.125,0.0,73.707275390625,0.0,1
1358,0,1207.3548583984375,1983.8740234375,25.125,0.0,90.604248046875,0.0,1
1359,0,1206.087890625,1983.8743896484375,25.125,0.0,107.4957275390625,0.0,1
1360,0,1196.4625244140625,1983.874267578125,25.125,0.0,124.3927001953125,0.0,1
1361,0,1170.015380859375,1983.8743896484375,25.125,0.0,141.2896728515625,0.0,1
1362,0,1127.90380859375,1983.874755859375,25.125,0.0,158.1866455078125,0.0,1
1363,0,1086.359130859375,1983.875,25.125,0.0,175.0836181640625,0.0,1
1364,0,1045.59814453125,1983.875,25.125,0.0,175.0836181640625,0.0,1
1365,0,1003.794677734375,1983.874755859375,25.125,0.0,158.1866455078125,0.0,1
1366,0,962.2376098632812,1983.875,25.125,0.0,175.0836181640625,0.0,1
1367,0,919.4505615234375,1983.874755859375,25.125,0.0,158.1866455078125,0.0,1
1368,0,873.6796264648438,1983.8746337890625,25.125,0.0,141.2896728515625,0.0,1
1369,0,824.9134521484375,1983.874267578125,25.125,0.0,124.3927001953125,0.0,1
1370,0,784.4720458984375,1983.8741455078125,25.125,0.0,107.4957275390625,0.0,1
1371,0,756.7535400390625,1983.8740234375,25.125,0.0,90.604248046875,0.0,1
1372,0,746.7977294921875,1983.8741455078125,25.125,0.0,73.707275390625,0.0,1
1373,0,747.7794189453125,1983.8743896484375,25.125,0.0,90.604248046875,0.0,1
1374,0,747.7108154296875,1983.8740234375,25.125,0.0,90.604248046875,0.0,1
1375,0,746.44384765625,1983.8743896484375,25.125,0.0,107.4957275390625,0.0,1
1376,0,736.8182373046875,1983.874267578125,25.125,0.0,124.3927001953125,0.0,1
1377,0,710.3739013671875,1983.8746337890625,25.125,0.0,141.2896728515625,0.0,1
1378,0,668.2623901367188,1983.874755859375,25.125,0.0,158.1866455078125,0.0,1
1379,0,625.1505737304688,1983.874755859375,25.125,0.0,158.1866455078125,0.0,1
1380,0,582.6312255859375,1983.875,25.125,0.0,175.0836181640625,0.0,1
1381,0,540.8206787109375,1983.874755859375,25.125,0.0,158.1866455078125,0.0,1
1382,0,495.0521240234375,1983.8746337890625,25.125,0.0,141.2896728515625,0.0,1
1383,0,446.2859191894531,1983.874267578125,25.125,0.0,124.3927001953125,0.0,1
1384,0,406.6825256347656,1983.8743896484375,25.125,0.0,107.4957275390625,0.0,1
1385,0,378.7278747558594,1983.8740234375,25.125,0.0,90.604248046875,0.0,1
1386,0,368.6379699707031,1983.8741455078125,25.125,0.0,73.707275390625,0.0,1
1387,0,376.2735290527344,1983.874267578125,25.125,0.0,56.810302734375,0.0,1
1388,0,400.873779296875,1983.8743896484375,25.125,0.0,39.913330078125,0.0,1
1389,0,436.1343994140625,1966.9393310546875,25.125,0.0,39.913330078125,0.0,1
1390,0,478.2569274902344,1963.5675048828125,25.125,0.0,23.016357421875,0.0,1
1391,0,519.1805419921875,1974.7354736328125,25.125,0.0,39.913330078125,0.0,1
1392,0,559.0542602539062,1983.8743896484375,25.125,0.0,39.913330078125,0.0,1
1393,0,601.3318481445312,1983.87451171875,25.125,0.0,56.810302734375,0.0,1
1394,0,640.1761474609375,1983.8741455078125,25.125,0.0,73.707275390625,0.0,1
1395,0,665.47802734375,1983.8740234375,25.125,0.0,90.604248046875,0.0,1
1396,0,677.3616943359375,1983.8740234375,25.125,0.0,90.604248046875,0.0,1
1397,0,682.0652465820312,1983.8741455078125,25.125,0.0,73.707275390625,0.0,1
1398,0,686.461181640625,1983.8743896484375,25.125,0.0,90.604248046875,0.0,1
1399,0,685.1365356445312,1983.8741455078125,25.125,0.0,107.4957275390625,0.0,1
1400,0,675.767822265625,1983.87451171875,25.125,0.0,124.3927001953125,0.0,1
1401,0,645.1891479492188,1970.311279296875,25.125,0.0,124.3927001953125,0.0,1
1402,0,607.4014892578125,1974.130859375,25.125,0.0,141.2896728515625,0.0,1
1403,0,567.471435546875,1983.8746337890625,25.125,0.0,158.1866455078125,0.0,1
1404,0,525.9325561523438,1983.875,25.125,0.0,175.0836181640625,0.0,1
1405,0,484.209228515625,1983.875,25.125,0.0,175.0836181640625,0.0,1
1406,0,443.4299621582031,1983.0230712890625,25.125,0.0,-168.0194091796875,0.0,1
1407,0,402.76422119140625,1980.251220703125,25.125,0.0,175.0836181640625,0.0,1
1408,0,360.4410400390625,1982.5567626953125,25.125,0.0,158.1866455078125,0.0,1
1409,0,317.9142761230469,1983.8748779296875,25.125,0.0,158.1866455078125,0.0,1
1410,0,273.7987060546875,1983.874755859375,25.125,0.0,158.1866455078125,0.0,1
1411,0,228.04505920410156,1983.8743896484375,25.125,0.0,141.2896728515625,0.0,1
1412,0,180.5419158935547,1983.874267578125,25.125,0.0,124.3927001953125,0.0,1
1413,0,140.14390563964844,1983.8741455078125,25.125,0.0,107.4957275390625,0.0,1
1414,0,116.12500762939453,1983.8748779296875,25.125,0.0,90.604248046875,0.0,1
1415,0,117.25321197509766,1983.8741455078125,25.125,0.0,73.707275390625,0.0,1
1416,0,119.02413940429688,1983.8743896484375,25.125,0.0,90.604248046875,0.0,1
1417,0,117.63516998291016,1983.8741455078125,25.125,0.0,107.4957275390625,0.0,1
1418,0,116.125,1983.8743896484375,25.125,0.0,107.4957275390625,0.0,1
1419,0,116.125,1983.874267578125,25.125,0.0,124.3927001953125,0.0,1
1420,0,116.125,1983.8743896484375,25.125,0.0,141.2896728515625,0.0,1
1421,0,116.125,1983.8743896484375,25.125,0.0,141.2896728515625,0.0,1
1422,0,116.125,1983.8743896484375,25.125,0.0,141.2896728515625,0.0,1
1423,0,116.125,1983.874755859375,25.125,0.0,158.1866455078125,0.0,1
1424,0,116.125,1983.8746337890625,25.125,0.0,158.1866455078125,0.0,1
1425,0,116.125,1983.874755859375,25.125,0.0,158.1866455078125,0.0,1
1426,0,116.125,1983.8748779296875,25.125,0.0,175.0836181640625,0.0,1
1427,0,116.1256103515625,1983.30078125,25.125,0.0,-168.0194091796875,0.0,1
1428,0,116.12590026855469,1981.4056396484375,25.125,0.0,-168.0194091796875,0.0,1
1429,0,116.12590789794922,1978.540283203125,25.125,0.0,-168.0194091796875,0.0,1
1430,0,116.12554931640625,1971.2738037109375,25.125,0.0,-151.1279296875,0.0,1
1431,0,116.12564086914062,1949.34814453125,25.125,0.0,-134.23095703125,0.0,1
1432,0,131.98338317871094,1914.8203125,25.125,0.0,-134.23095703125,0.0,1
1433,0,132.86521911621094,1873.2012939453125,25.125,0.0,-117.333984375,0.0,1
1434,0,122.95648956298828,1833.507568359375,25.125,0.0,-100.43701171875,0.0,1
1435,0,116.12542724609375,1792.3060302734375,25.125,0.0,-117.333984375,0.0,1
1436,0,116.12564849853516,1745.1409912109375,25.125,0.0,-134.23095703125,0.0,1
1437,0,116.12564086914062,1695.5963134765625,25.125,0.0,-134.23095703125,0.0,1
1438,0,116.12580871582031,1649.4810791015625,25.125,0.0,-151.1279296875,0.0,1
1439,0,116.1256103515625,1612.69580078125,25.125,0.0,-168.0194091796875,0.0,1
1440,0,116.12590789794922,1587.4422607421875,25.125,0.0,-168.0194091796875,0.0,1
1441,0,116.12562561035156,1571.2757568359375,25.125,0.0,175.0836181640625,0.0,1
1442,0,116.1258544921875,1570.332275390625,25.125,0.0,158.1866455078125,0.0,1
1443,0,116.12557983398438,1580.4591064453125,25.125,0.0,158.1866455078125,0.0,1
1444,0,116.12592315673828,1595.97412109375,25.125,0.0,175.0836181640625,0.0,1
1445,0,116.12590789794922,1602.7884521484375,25.125,0.0,-168.0194091796875,0.0,1
1446,0,116.12590026855469,1600.89013671875,25.125,0.0,-168.0194091796875,0.0,1
1447,0,116.12590789794922,1598.0247802734375,25.125,0.0,-168.0194091796875,0.0,1
1448,0,116.12562561035156,1596.8408203125,25.125,0.0,175.0836181640625,0.0,1
1449,0,116.12592315673828,1597.3985595703125,25.125,0.0,175.0836181640625,0.0,1
1450,0,116.1256103515625,1596.8880615234375,25.125,0.0,-168.0194091796875,0.0,1
1451,0,116.12590026855469,1594.992919921875,25.125,0.0,-168.0194091796875,0.0,1
1452,0,116.12554931640625,1588.6240234375,25.125,0.0,-151.1279296875,0.0,1
1453,0,116.12590026855469,1572.3001708984375,25.125,0.0,-168.0194091796875,0.0,1
1454,0,116.12592315673828,1559.5858154296875,25.125,0.0,175.0836181640625,0.0,1
1455,0,116.1258544921875,1560.3338623046875,25.125,0.0,158.1866455078125,0.0,1
1456,0,116.12572479248047,1573.9033203125,25.125,0.0,141.2896728515625,0.0,1
1457,0,116.12535095214844,1604.6771240234375,25.125,0.0,124.3927001953125,0.0,1
1458,0,116.12545013427734,1649.7296142578125,25.125,0.0,124.3927001953125,0.0,1
1459,0,116.12511444091797,1692.8572998046875,25.125,0.0,107.4957275390625,0.0,1
1460,0,116.12549591064453,1738.4013671875,25.125,0.0,124.3927001953125,0.0,1
1461,0,116.12572479248047,1786.3363037109375,25.125,0.0,141.2896728515625,0.0,1
1462,0,116.1258544921875,1830.26611328125,25.125,0.0,158.1866455078125,0.0,1
1463,0,116.12592315673828,1861.29638671875,25.125,0.0,175.0836181640625,0.0,1
1464,0,116.12562561035156,1879.3863525390625,25.125,0.0,175.0836181640625,0.0,1
1465,0,116.12590789794922,1887.012939453125,25.125,0.0,-168.0194091796875,0.0,1
1466,0,116.12562561035156,1886.7083740234375,25.125,0.0,175.0836181640625,0.0,1
1467,0,116.1258544921875,1889.1102294921875,25.125,0.0,158.1866455078125,0.0,1
1468,0,116.12557983398438,1899.1082763671875,25.125,0.0,158.1866455078125,0.0,1
1469,0,116.1258544921875,1917.632568359375,25.125,0.0,158.1866455078125,0.0,1
1470,0,116.1253433227539,1909.5435791015625,25.125,0.0,158.1866455078125,0.0,1
1471,0,116.12592315673828,1899.7899169921875,25.125,0.0,175.0836181640625,0.0,1
1472,0,116.1258544921875,1902.1387939453125,25.125,0.0,158.1866455078125,0.0,1
1473,0,116.12562561035156,1909.0791015625,25.125,0.0,175.0836181640625,0.0,1
1474,0,116.12592315673828,1912.05078125,25.125,0.0,175.0836181640625,0.0,1
1475,0,116.1256103515625,1911.540283203125,25.125,0.0,-168.0194091796875,0.0,1
1476,0,116.12580871582031,1906.0283203125,25.125,0.0,-151.1279296875,0.0,1
1477,0,116.12543487548828,1885.966064453125,25.125,0.0,-134.23095703125,0.0,1
1478,0,116.12542724609375,1847.82421875,25.125,0.0,-117.333984375,0.0,1
1479,0,116.12564849853516,1800.6219482421875,25.125,0.0,-134.23095703125,0.0,1
1480,0,116.1252670288086,1752.353515625,25.125,0.0,-117.333984375,0.0,1
1481,0,116.1250991821289,1709.9097900390625,25.125,0.0,-100.43701171875,0.0,1
1482,0,116.12506866455078,1668.721435546875,25.125,0.0,-100.43701171875,0.0,1
1483,0,116.12535095214844,1624.94775390625,25.125,0.0,-117.333984375,0.0,1
1484,0,116.12543487548828,1577.78466796875,25.125,0.0,-134.23095703125,0.0,1
1485,0,116.12580871582031,1530.5479736328125,25.125,0.0,-151.1279296875,0.0,1
1486,0,116.12590789794922,1493.7337646484375,25.125,0.0,-168.0194091796875,0.0,1
1487,0,116.12592315673828,1471.6187744140625,25.125,0.0,175.0836181640625,0.0,1
1488,0,116.1258544921875,1467.74462890625,25.125,0.0,158.1866455078125,0.0,1
1489,0,116.12548828125,1479.5447998046875,25.125,0.0,141.2896728515625,0.0,1
1490,0,116.12551879882812,1510.152587890625,25.125,0.0,124.3927001953125,0.0,1
1491,0,116.12548828125,1552.067626953125,25.125,0.0,141.2896728515625,0.0,1
1492,0,116.1258544921875,1593.369873046875,25.125,0.0,158.1866455078125,0.0,1
1493,0,116.12562561035156,1623.2425537109375,25.125,0.0,175.0836181640625,0.0,1
1494,0,116.12592315673828,1641.0421142578125,25.125,0.0,175.0836181640625,0.0,1
1495,0,116.12590789794922,1647.8564453125,25.125,0.0,-168.0194091796875,0.0,1
1496,0,116.12580871582031,1642.58935546875,25.125,0.0,-151.1279296875,0.0,1
1497,0,116.12564086914062,1622.018310546875,25.125,0.0,-134.23095703125,0.0,1
1498,0,116.12528991699219,1584.7738037109375,25.125,0.0,-117.333984375,0.0,1
1499,0,116.12530517578125,1539.1668701171875,25.125,0.0,-117.333984375,0.0,1
1500,0,116.12506866455078,1496.702880859375,25.125,0.0,-100.43701171875,0.0,1
1501,0,116.12535095214844,1452.928466796875,25.125,0.0,-117.333984375,0.0,1
1502,0,116.1252212524414,1408.326171875,25.125,0.0,-117.333984375,0.0,1
1503,0,116.12564086914062,1359.997802734375,25.125,0.0,-134.23095703125,0.0,1
1504,0,116.12580871582031,1313.767822265625,25.125,0.0,-151.1279296875,0.0,1
1505,0,116.1256103515625,1276.880615234375,25.125,0.0,-168.0194091796875,0.0,1
1506,0,116.12590789794922,1251.6142578125,25.125,0.0,-168.0194091796875,0.0,1
1507,0,116.1256103515625,1232.4676513671875,25.125,0.0,-168.0194091796875,0.0,1
1508,0,116.12580871582031,1212.8148193359375,25.125,0.0,-151.1279296875,0.0,1
1509,0,116.1256103515625,1189.8367919921875,25.125,0.0,-168.0194091796875,0.0,1
1510,0,116.12592315673828,1173.52001953125,25.125,0.0,175.0836181640625,0.0,1
1511,0,116.12592315673828,1170.476318359375,25.125,0.0,175.0836181640625,0.0,1
1512,0,116.12590026855469,1169.934326171875,25.125,0.0,-168.0194091796875,0.0,1
1513,0,116.12580871582031,1164.4365234375,25.125,0.0,-151.1279296875,0.0,1
1514,0,116.1256103515625,1149.0595703125,25.125,0.0,-168.0194091796875,0.0,1
1515,0,116.12580871582031,1130.6292724609375,25.125,0.0,-151.1279296875,0.0,1
1516,0,116.1256103515625,1107.95263671875,25.125,0.0,-168.0194091796875,0.0,1
1517,0,116.12592315673828,1091.7547607421875,25.125,0.0,175.0836181640625,0.0,1
1518,0,116.12557983398438,1090.86376953125,25.125,0.0,158.1866455078125,0.0,1
1519,0,116.12592315673828,1097.289306640625,25.125,0.0,175.0836181640625,0.0,1
1520,0,116.12590789794922,1098.0726318359375,25.125,0.0,-168.0194091796875,0.0,1
1521,0,116.12580871582031,1092.425537109375,25.125,0.0,-151.1279296875,0.0,1
1522,0,116.12590789794922,1076.995361328125,25.125,0.0,-168.0194091796875,0.0,1
1523,0,116.12562561035156,1064.46337890625,25.125,0.0,175.0836181640625,0.0,1
1524,0,116.12592315673828,1063.01806640625,25.125,0.0,175.0836181640625,0.0,1
1525,0,116.1256103515625,1062.507568359375,25.125,0.0,-168.0194091796875,0.0,1
1526,0,116.12592315673828,1062.2152099609375,25.125,0.0,175.0836181640625,0.0,1
1527,0,116.1256103515625,1061.6827392578125,25.125,0.0,-168.0194091796875,0.0,1
1528,0,116.12590026855469,1059.78759765625,25.125,0.0,-168.0194091796875,0.0,1
1529,0,116.12592315673828,1059.200927734375,25.125,0.0,175.0836181640625,0.0,1
1530,0,116.1258544921875,1061.6751708984375,25.125,0.0,158.1866455078125,0.0,1
1531,0,116.12572479248047,1075.24462890625,25.125,0.0,141.2896728515625,0.0,1
1532,0,116.12557983398438,1101.2918701171875,25.125,0.0,158.1866455078125,0.0,1
1533,0,116.12592315673828,1125.44677734375,25.125,0.0,175.0836181640625,0.0,1
1534,0,116.1256103515625,1136.70068359375,25.125,0.0,-168.0194091796875,0.0,1
1535,0,116.12580871582031,1131.8948974609375,25.125,0.0,-151.1279296875,0.0,1
1536,0,116.12564086914062,1111.3701171875,25.125,0.0,-134.23095703125,0.0,1
1537,0,116.12564086914062,1075.0428466796875,25.125,0.0,-134.23095703125,0.0,1
1538,0,116.1252670288086,1031.197021484375,25.125,0.0,-117.333984375,0.0,1
1539,0,116.1252212524414,986.5889282226562,25.125,0.0,-117.333984375,0.0,1
1540,0,116.12582397460938,968.3551635742188,25.125,0.0,-117.333984375,0.0,1
1541,0,116.12528991699219,947.9946899414062,25.125,0.0,-117.333984375,0.0,1
1542,0,116.1250991821289,906.6663208007812,25.125,0.0,-100.43701171875,0.0,1
1543,0,116.12525177001953,864.8944702148438,25.125,0.0,-117.333984375,0.0,1
1544,0,116.12564086914062,816.570068359375,25.125,0.0,-134.23095703125,0.0,1
1545,0,116.12580871582031,770.3400268554688,25.125,0.0,-151.1279296875,0.0,1
1546,0,116.12564086914062,727.1954956054688,25.125,0.0,-134.23095703125,0.0,1
1547,0,116.12525939941406,681.7871704101562,25.125,0.0,-117.333984375,0.0,1
1548,0,116.12543487548828,634.616455078125,25.125,0.0,-134.23095703125,0.0,1
1549,0,116.12566375732422,619.7810668945312,25.125,0.0,-134.23095703125,0.0,1
1550,0,116.12554931640625,609.56591796875,25.125,0.0,-151.1279296875,0.0,1
1551,0,116.12580871582031,585.83154296875,25.125,0.0,-151.1279296875,0.0,1
1552,0,116.12543487548828,555.5999755859375,25.125,0.0,-134.23095703125,0.0,1
1553,0,116.1251449584961,516.1279907226562,25.125,0.0,-117.333984375,0.0,1
1554,0,116.125,516.1259155273438,25.125,0.0,-100.43701171875,0.0,1
1555,0,116.33651733398438,516.1259155273438,25.125,0.0,-83.5400390625,0.0,1
1556,0,119.19483184814453,516.1258544921875,25.125,0.0,-66.64306640625,0.0,1
1557,0,128.10494995117188,516.1256103515625,25.125,0.0,-83.5400390625,0.0,1
1558,0,138.78334045410156,516.1258544921875,25.125,0.0,-66.64306640625,0.0,1
1559,0,159.75457763671875,516.12548828125,25.125,0.0,-49.7515869140625,0.0,1
1560,0,195.72763061523438,516.12548828125,25.125,0.0,-32.8546142578125,0.0,1
1561,0,238.69915771484375,514.6362915039062,25.125,0.0,-15.9576416015625,0.0,1
1562,0,279.1922912597656,509.9450988769531,25.125,0.0,0.9393310546875,0.0,1
1563,0,320.55560302734375,509.6551513671875,25.125,0.0,17.8363037109375,0.0,1
1564,0,361.138427734375,514.09375,25.125,0.0,0.9393310546875,0.0,1
1565,0,403.3375549316406,515.1288452148438,25.125,0.0,-15.9576416015625,0.0,1
1566,0,444.63787841796875,507.5575256347656,25.125,0.0,-32.8546142578125,0.0,1
1567,0,483.9504699707031,489.1188049316406,25.125,0.0,-49.7515869140625,0.0,1
1568,0,516.7073364257812,463.6020202636719,25.125,0.0,-49.7515869140625,0.0,1
1569,0,545.5228881835938,432.390380859375,25.125,0.0,-66.64306640625,0.0,1
1570,0,566.415771484375,395.7714538574219,25.125,0.0,-83.5400390625,0.0,1
1571,0,577.0775146484375,354.6244812011719,25.125,0.0,-100.43701171875,0.0,1
1572,0,575.9328002929688,311.9383544921875,25.125,0.0,-117.333984375,0.0,1
1573,0,562.60791015625,271.337158203125,25.125,0.0,-134.23095703125,0.0,1
1574,0,537.532958984375,235.4569854736328,25.125,0.0,-151.1279296875,0.0,1
1575,0,503.9648742675781,208.87686157226562,25.125,0.0,-168.0194091796875,0.0,1
1576,0,465.2253723144531,191.0316619873047,25.125,0.0,-168.0194091796875,0.0,1
1577,0,425.057861328125,180.2237091064453,25.125,0.0,175.0836181640625,0.0,1
1578,0,381.8541259765625,178.8195343017578,25.125,0.0,158.1866455078125,0.0,1
1579,0,340.4937438964844,188.81991577148438,25.125,0.0,141.2896728515625,0.0,1
1580,0,316.1253662109375,210.50894165039062,25.125,0.0,124.3927001953125,0.0,1
1581,0,316.1251525878906,249.27484130859375,25.125,0.0,107.4957275390625,0.0,1
1582,0,338.23065185546875,283.7461853027344,25.125,0.0,107.4957275390625,0.0,1
1583,0,356.37371826171875,324.2279357910156,25.125,0.0,90.604248046875,0.0,1
1584,0,364.99951171875,364.1932678222656,25.125,0.0,73.707275390625,0.0,1
1585,0,372.9493103027344,405.2181701660156,25.125,0.0,90.604248046875,0.0,1
1586,0,374.8410339355469,446.7973327636719,25.125,0.0,107.4957275390625,0.0,1
1587,0,366.819091796875,489.27734375,25.125,0.0,124.3927001953125,0.0,1
1588,0,352.6239929199219,527.6954345703125,25.125,0.0,107.4957275390625,0.0,1
1589,0,340.79339599609375,567.0716552734375,25.125,0.0,90.604248046875,0.0,1
1590,0,332.6841125488281,583.8741455078125,25.125,0.0,107.4957275390625,0.0,1
1591,0,323.9029846191406,583.8743896484375,25.125,0.0,90.604248046875,0.0,1
1592,0,323.6265869140625,583.8740844726562,25.125,0.0,73.707275390625,0.0,1
1593,0,325.2998046875,583.8743896484375,25.125,0.0,90.604248046875,0.0,1
1594,0,325.22821044921875,583.8740844726562,25.125,0.0,90.604248046875,0.0,1
1595,0,323.89776611328125,583.8741455078125,25.125,0.0,107.4957275390625,0.0,1
1596,0,317.653076171875,583.8741455078125,25.125,0.0,107.4957275390625,0.0,1
1597,0,302.6610107421875,583.874267578125,25.125,0.0,124.3927001953125,0.0,1
1598,0,273.29608154296875,585.3328247070312,25.125,0.0,141.2896728515625,0.0,1
1599,0,235.74237060546875,604.7031860351562,25.125,0.0,124.3927001953125,0.0,1
1600,0,205.51539611816406,635.2872314453125,25.125,0.0,107.4957275390625,0.0,1
1601,0,182.5436248779297,670.5205688476562,25.125,0.0,124.3927001953125,0.0,1
1602,0,158.61737060546875,703.9208984375,25.125,0.0,141.2896728515625,0.0,1
1603,0,127.58502197265625,733.4967651367188,25.125,0.0,158.1866455078125,0.0,1
1604,0,116.12592315673828,754.8414306640625,25.125,0.0,175.0836181640625,0.0,1
1605,0,116.12590026855469,764.9990844726562,25.125,0.0,-168.0194091796875,0.0,1
1606,0,116.12592315673828,764.8700561523438,25.125,0.0,175.0836181640625,0.0,1
1607,0,116.1256103515625,764.3595581054688,25.125,0.0,-168.0194091796875,0.0,1
1608,0,116.12580871582031,758.84765625,25.125,0.0,-151.1279296875,0.0,1
1609,0,116.12543487548828,738.7354736328125,25.125,0.0,-134.23095703125,0.0,1
1610,0,116.12542724609375,700.5350952148438,25.125,0.0,-117.333984375,0.0,1
1611,0,116.12530517578125,655.9437866210938,25.125,0.0,-117.333984375,0.0,1
1612,0,116.12531280517578,610.305419921875,25.125,0.0,-117.333984375,0.0,1
1613,0,116.12530517578125,565.6973266601562,25.125,0.0,-117.333984375,0.0,1
1614,0,116.1252212524414,521.092529296875,25.125,0.0,-117.333984375,0.0,1
1615,0,116.125,516.1259155273438,25.125,0.0,-100.43701171875,0.0,1
1616,0,116.125,516.1256103515625,25.125,0.0,-100.43701171875,0.0,1
1617,0,116.125,516.1257934570312,25.125,0.0,-117.333984375,0.0,1
1618,0,116.125,516.1255493164062,25.125,0.0,-117.333984375,0.0,1
1619,0,116.125,516.1259155273438,25.125,0.0,-100.43701171875,0.0,1
1620,0,116.3145980834961,516.1259155273438,25.125,0.0,-83.5400390625,0.0,1
1621,0,117.08003997802734,516.1259155273438,25.125,0.0,-83.5400390625,0.0,1
1622,0,119.9383544921875,516.1258544921875,25.125,0.0,-66.64306640625,0.0,1
1623,0,134.78367614746094,516.12548828125,25.125,0.0,-49.7515869140625,0.0,1
1624,0,167.74960327148438,516.12548828125,25.125,0.0,-32.8546142578125,0.0,1
1625,0,210.5152130126953,516.1251220703125,25.125,0.0,-15.9576416015625,0.0,1
1626,0,252.39459228515625,514.7489624023438,25.125,0.0,0.9393310546875,0.0,1
1627,0,292.55224609375,515.7670288085938,25.125,0.0,17.8363037109375,0.0,1
1628,0,334.4841003417969,525.0624389648438,25.125,0.0,34.727783203125,0.0,1
1629,0,372.3023986816406,544.3344116210938,25.125,0.0,51.624755859375,0.0,1
1630,0,404.905517578125,571.5802001953125,25.125,0.0,51.624755859375,0.0,1
1631,0,436.6872863769531,583.8744506835938,25.125,0.0,34.727783203125,0.0,1
1632,0,478.5201721191406,583.87451171875,25.125,0.0,51.624755859375,0.0,1
1633,0,522.2420654296875,584.5993041992188,25.125,0.0,51.624755859375,0.0,1
1634,0,562.2059936523438,600.3668212890625,25.125,0.0,34.727783203125,0.0,1
1635,0,599.4952392578125,619.0791015625,25.125,0.0,17.8363037109375,0.0,1
1636,0,638.4989013671875,633.08447265625,25.125,0.0,0.9393310546875,0.0,1
1637,0,680.320068359375,638.367919921875,25.125,0.0,-15.9576416015625,0.0,1
1638,0,721.231201171875,636.8619384765625,25.125,0.0,0.9393310546875,0.0,1
1639,0,761.8907470703125,636.0030517578125,25.125,0.0,0.9393310546875,0.0,1
1640,0,783.8740844726562,634.3590698242188,25.125,0.0,-15.9576416015625,0.0,1
1641,0,783.8743896484375,632.0980834960938,25.125,0.0,0.9393310546875,0.0,1
1642,0,783.8741455078125,633.5430908203125,25.125,0.0,17.8363037109375,0.0,1
1643,0,783.8743896484375,636.67626953125,25.125,0.0,0.9393310546875,0.0,1
1644,0,783.8740844726562,636.78759765625,25.125,0.0,0.9393310546875,0.0,1
1645,0,783.8741455078125,638.2034301757812,25.125,0.0,17.8363037109375,0.0,1
1646,0,783.874267578125,647.879150390625,25.125,0.0,34.727783203125,0.0,1
1647,0,783.8744506835938,674.5830078125,25.125,0.0,51.624755859375,0.0,1
1648,0,783.8748779296875,715.7667846679688,25.125,0.0,68.521728515625,0.0,1
1649,0,791.9739379882812,759.2111206054688,25.125,0.0,51.624755859375,0.0,1
1650,0,809.704833984375,797.0094604492188,25.125,0.0,51.624755859375,0.0,1
1651,0,834.2677001953125,831.7919311523438,25.125,0.0,34.727783203125,0.0,1
1652,0,863.7110595703125,860.6529541015625,25.125,0.0,34.727783203125,0.0,1
1653,0,894.9007568359375,888.3892211914062,25.125,0.0,51.624755859375,0.0,1
1654,0,924.352783203125,916.5653686523438,25.125,0.0,34.727783203125,0.0,1
1655,0,954.6151123046875,943.8743896484375,25.125,0.0,51.624755859375,0.0,1
1656,0,981.6865234375,975.3294067382812,25.125,0.0,68.521728515625,0.0,1
1657,0,983.8746337890625,1016.0026245117188,25.125,0.0,51.624755859375,0.0,1
1658,0,998.5199584960938,1060.6842041015625,25.125,0.0,34.727783203125,0.0,1
1659,0,1025.2911376953125,1083.8746337890625,25.125,0.0,34.727783203125,0.0,1
1660,0,1066.771728515625,1083.8748779296875,25.125,0.0,17.8363037109375,0.0,1
1661,0,1109.0450439453125,1083.874755859375,25.125,0.0,17.8363037109375,0.0,1
1662,0,1152.9583740234375,1088.796875,25.125,0.0,34.727783203125,0.0,1
1663,0,1191.9996337890625,1101.784423828125,25.125,0.0,17.8363037109375,0.0,1
1664,0,1231.4149169921875,1113.174560546875,25.125,0.0,0.9393310546875,0.0,1
1665,0,1273.0595703125,1117.2904052734375,25.125,0.0,-15.9576416015625,0.0,1
1666,0,1316.638671875,1116.1253662109375,25.125,0.0,-32.8546142578125,0.0,1
1667,0,1365.7508544921875,1116.125732421875,25.125,0.0,-49.7515869140625,0.0,1
1668,0,1413.4669189453125,1116.125244140625,25.125,0.0,-32.8546142578125,0.0,1
1669,0,1457.150634765625,1111.732421875,25.125,0.0,-15.9576416015625,0.0,1
1670,0,1497.1507568359375,1101.2364501953125,25.125,0.0,-32.8546142578125,0.0,1
1671,0,1536.0845947265625,1086.0706787109375,25.125,0.0,-15.9576416015625,0.0,1
1672,0,1575.6766357421875,1074.5406494140625,25.125,0.0,0.9393310546875,0.0,1
1673,0,1617.51171875,1071.2064208984375,25.125,0.0,17.8363037109375,0.0,1
1674,0,1659.2994384765625,1078.562744140625,25.125,0.0,34.727783203125,0.0,1
1675,0,1697.662353515625,1097.2010498046875,25.125,0.0,51.624755859375,0.0,1
1676,0,1729.9046630859375,1126.7587890625,25.125,0.0,68.521728515625,0.0,1
1677,0,1754.3299560546875,1159.72607421875,25.125,0.0,51.624755859375,0.0,1
1678,0,1779.2860107421875,1193.02783203125,25.125,0.0,51.624755859375,0.0,1
1679,0,1783.874267578125,1227.8583984375,25.125,0.0,34.727783203125,0.0,1
1680,0,1783.8741455078125,1263.468017578125,25.125,0.0,17.8363037109375,0.0,1
1681,0,1783.8740234375,1288.2181396484375,25.125,0.0,0.9393310546875,0.0,1
1682,0,1783.8743896484375,1300.7646484375,25.125,0.0,0.9393310546875,0.0,1
1683,0,1783.8741455078125,1302.3203125,25.125,0.0,-15.9576416015625,0.0,1
1684,0,1783.8743896484375,1300.831298828125,25.125,0.0,0.9393310546875,0.0,1
1685,0,1783.8741455078125,1302.2762451171875,25.125,0.0,17.8363037109375,0.0,1
1686,0,1783.874267578125,1312.0548095703125,25.125,0.0,34.727783203125,0.0,1
1687,0,1794.2607421875,1339.4752197265625,25.125,0.0,51.624755859375,0.0,1
1688,0,1815.475341796875,1374.2938232421875,25.125,0.0,68.521728515625,0.0,1
1689,0,1832.3448486328125,1412.2103271484375,25.125,0.0,85.418701171875,0.0,1
1690,0,1842.5689697265625,1453.12451171875,25.125,0.0,85.418701171875,0.0,1
1691,0,1846.8695068359375,1494.2520751953125,25.125,0.0,102.315673828125,0.0,1
1692,0,1846.3433837890625,1536.0357666015625,25.125,0.0,85.418701171875,0.0,1
1693,0,1849.2010498046875,1576.2215576171875,25.125,0.0,68.521728515625,0.0,1
1694,0,1856.528076171875,1617.3536376953125,25.125,0.0,85.418701171875,0.0,1
1695,0,1862.0421142578125,1657.6820068359375,25.125,0.0,85.418701171875,0.0,1
1696,0,1868.35791015625,1699.0455322265625,25.125,0.0,68.521728515625,0.0,1
1697,0,1878.8541259765625,1738.58837890625,25.125,0.0,68.521728515625,0.0,1
1698,0,1891.8131103515625,1777.1622314453125,25.125,0.0,68.521728515625,0.0,1
1699,0,1908.3306884765625,1783.8741455078125,25.125,0.0,68.521728515625,0.0,1
1700,0,1929.2550048828125,1793.746826171875,25.125,0.0,68.521728515625,0.0,1
1701,0,1949.2716064453125,1830.51416015625,25.125,0.0,85.418701171875,0.0,1
1702,0,1961.9752197265625,1868.4237060546875,25.125,0.0,68.521728515625,0.0,1
1703,0,1975.9102783203125,1907.64501953125,25.125,0.0,68.521728515625,0.0,1
1704,0,1983.875,1947.0269775390625,25.125,0.0,85.418701171875,0.0,1
1705,0,1983.875,1983.8701171875,25.125,0.0,85.418701171875,0.0,1
1706,0,1983.875,1983.8740234375,25.125,0.0,85.418701171875,0.0,1
1707,0,1983.875,1983.8743896484375,25.125,0.0,68.521728515625,0.0,1
1708,0,1983.875,1983.8741455078125,25.125,0.0,68.521728515625,0.0,1
1709,0,1983.875,1983.8743896484375,25.125,0.0,85.418701171875,0.0,1
1710,0,1983.247802734375,1983.8741455078125,25.125,0.0,102.315673828125,0.0,1
1711,0,1977.556884765625,1983.8741455078125,25.125,0.0,119.212646484375,0.0,1
1712,0,1956.586181640625,1983.8743896484375,25.125,0.0,136.1041259765625,0.0,1
1713,0,1919.0772705078125,1983.8746337890625,25.125,0.0,153.0010986328125,0.0,1
1714,0,1874.5941162109375,1983.874755859375,25.125,0.0,153.0010986328125,0.0,1
1715,0,1831.1939697265625,1983.8748779296875,25.125,0.0,169.8980712890625,0.0,1
1716,0,1788.5069580078125,1983.874755859375,25.125,0.0,153.0010986328125,0.0,1
1717,0,1740.2869873046875,1983.8743896484375,25.125,0.0,136.1041259765625,0.0,1
1718,0,1693.1280517578125,1983.8748779296875,25.125,0.0,153.0010986328125,0.0,1
1719,0,1644.89306640625,1983.8743896484375,25.125,0.0,136.1041259765625,0.0,1
1720,0,1598.6602783203125,1983.8741455078125,25.125,0.0,119.212646484375,0.0,1
1721,0,1561.6815185546875,1983.8741455078125,25.125,0.0,102.315673828125,0.0,1
1722,0,1563.8524169921875,1983.874755859375,25.125,0.0,102.315673828125,0.0,1
1723,0,1599.9400634765625,1983.8748779296875,25.125,0.0,102.315673828125,0.0,1
1724,0,1622.137451171875,1983.8741455078125,25.125,0.0,102.315673828125,0.0,1
1725,0,1623.110107421875,1983.8743896484375,25.125,0.0,102.315673828125,0.0,1
1726,0,1620.6595458984375,1983.8741455078125,25.125,0.0,102.315673828125,0.0,1
1727,0,1617.2515869140625,1983.8743896484375,25.125,0.0,102.315673828125,0.0,1
1728,0,1609.0550537109375,1983.8741455078125,25.125,0.0,119.212646484375,0.0,1
1729,0,1586.2950439453125,1983.8743896484375,25.125,0.0,136.1041259765625,0.0,1
1730,0,1548.0018310546875,1983.874755859375,25.125,0.0,153.0010986328125,0.0,1
1731,0,1505.6265869140625,1983.8748779296875,25.125,0.0,169.8980712890625,0.0,1
1732,0,1462.9395751953125,1983.874755859375,25.125,0.0,153.0010986328125,0.0,1
1733,0,1414.7196044921875,1983.8743896484375,25.125,0.0,136.1041259765625,0.0,1
1734,0,1368.45703125,1983.87451171875,25.125,0.0,119.212646484375,0.0,1
1735,0,1325.16357421875,1983.8743896484375,25.125,0.0,136.1041259765625,0.0,1
1736,0,1282.337158203125,1983.8741455078125,25.125,0.0,119.212646484375,0.0,1
1737,0,1243.2960205078125,1983.8741455078125,25.125,0.0,119.212646484375,0.0,1
1738,0,1205.385009765625,1983.8743896484375,25.125,0.0,136.1041259765625,0.0,1
1739,0,1161.2503662109375,1983.874755859375,25.125,0.0,153.0010986328125,0.0,1
1740,0,1116.7430419921875,1983.874755859375,25.125,0.0,153.0010986328125,0.0,1
1741,0,1072.2445068359375,1983.874755859375,25.125,0.0,153.0010986328125,0.0,1
1742,0,1028.8590087890625,1983.8748779296875,25.125,0.0,169.8980712890625,0.0,1
1743,0,986.1663818359375,1983.874755859375,25.125,0.0,153.0010986328125,0.0,1
1744,0,937.9464721679688,1983.8743896484375,25.125,0.0,136.1041259765625,0.0,1
1745,0,891.7138061523438,1983.8741455078125,25.125,0.0,119.212646484375,0.0,1
1746,0,853.983642578125,1983.8741455078125,25.125,0.0,102.315673828125,0.0,1
1747,0,831.7042236328125,1983.8740234375,25.125,0.0,85.418701171875,0.0,1
1748,0,845.1998901367188,1982.5501708984375,25.125,0.0,85.418701171875,0.0,1
1749,0,869.7489013671875,1983.8741455078125,25.125,0.0,68.521728515625,0.0,1
1750,0,890.6097412109375,1983.8743896484375,25.125,0.0,85.418701171875,0.0,1
1751,0,900.4984130859375,1983.8741455078125,25.125,0.0,102.315673828125,0.0,1
1752,0,895.5154418945312,1983.87451171875,25.125,0.0,119.212646484375,0.0,1
1753,0,874.376708984375,1983.8743896484375,25.125,0.0,136.1041259765625,0.0,1
1754,0,836.88037109375,1983.8746337890625,25.125,0.0,153.0010986328125,0.0,1
1755,0,788.6653442382812,1983.8743896484375,25.125,0.0,136.1041259765625,0.0,1
1756,0,741.528076171875,1983.874755859375,25.125,0.0,153.0010986328125,0.0,1
1757,0,697.0267944335938,1983.874755859375,25.125,0.0,153.0010986328125,0.0,1
1758,0,651.4939575195312,1983.8746337890625,25.125,0.0,153.0010986328125,0.0,1
1759,0,608.0247802734375,1983.874755859375,25.125,0.0,153.0010986328125,0.0,1
1760,0,559.80126953125,1983.8743896484375,25.125,0.0,136.1041259765625,0.0,1
1761,0,511.3738098144531,1983.8743896484375,25.125,0.0,136.1041259765625,0.0,1
1762,0,463.0790710449219,1983.874755859375,25.125,0.0,153.0010986328125,0.0,1
1763,0,415.91876220703125,1983.8743896484375,25.125,0.0,136.1041259765625,0.0,1
1764,0,369.6560363769531,1983.87451171875,25.125,0.0,119.212646484375,0.0,1
1765,0,362.5752868652344,1983.87451171875,25.125,0.0,119.212646484375,0.0,1
1766,0,360.2132873535156,1983.87451171875,25.125,0.0,119.212646484375,0.0,1
1767,0,338.6988220214844,1983.8743896484375,25.125,0.0,136.1041259765625,0.0,1
1768,0,302.15277099609375,1983.874755859375,25.125,0.0,153.0010986328125,0.0,1
1769,0,258.7901611328125,1983.8748779296875,25.125,0.0,169.8980712890625,0.0,1
1770,0,216.07432556152344,1983.8746337890625,25.125,0.0,153.0010986328125,0.0,1
1771,0,167.8350372314453,1983.8743896484375,25.125,0.0,136.1041259765625,0.0,1
1772,0,120.69778442382812,1983.874755859375,25.125,0.0,153.0010986328125,0.0,1
1773,0,116.12555694580078,1983.875,25.125,0.0,153.0010986328125,0.0,1
1774,0,116.12566375732422,1983.875,25.125,0.0,136.1041259765625,0.0,1
1775,0,116.12545013427734,1983.875,25.125,0.0,136.1041259765625,0.0,1
1776,0,116.12545013427734,1983.875,25.125,0.0,119.212646484375,0.0,1
1777,0,116.12545013427734,1983.875,25.125,0.0,136.1041259765625,0.0,1
1778,0,116.12545013427734,1983.875,25.125,0.0,119.212646484375,0.0,1
1779,0,116.12519836425781,1983.875,25.125,0.0,102.315673828125,0.0,1
1780,0,116.24453735351562,1983.8740234375,25.125,0.0,85.418701171875,0.0,1
1781,0,116.125,1983.8741455078125,25.125,0.0,102.315673828125,0.0,1
1782,0,116.125,1983.87451171875,25.125,0.0,119.212646484375,0.0,1
1783,0,116.125,1983.8741455078125,25.125,0.0,119.212646484375,0.0,1
1784,0,116.125,1983.87451171875,25.125,0.0,136.1041259765625,0.0,1
1785,0,116.125,1983.8746337890625,25.125,0.0,153.0010986328125,0.0,1
1786,0,116.125,1983.8748779296875,25.125,0.0,169.8980712890625,0.0,1
1787,0,116.12591552734375,1983.65478515625,25.125,0.0,-173.2049560546875,0.0,1
1788,0,116.12533569335938,1983.8748779296875,25.125,0.0,169.8980712890625,0.0,1
1789,0,116.125,1983.874755859375,25.125,0.0,153.0010986328125,0.0,1
1790,0,116.125,1983.8748779296875,25.125,0.0,169.8980712890625,0.0,1
1791,0,116.12562561035156,1983.6787109375,25.125,0.0,-173.2049560546875,0.0,1
1792,0,116.12584686279297,1980.625244140625,25.125,0.0,-156.3079833984375,0.0,1
1793,0,116.12562561035156,1971.311767578125,25.125,0.0,-173.2049560546875,0.0,1
1794,0,116.12584686279297,1960.1729736328125,25.125,0.0,-156.3079833984375,0.0,1
1795,0,116.12570190429688,1938.705078125,25.125,0.0,-139.4110107421875,0.0,1
1796,0,116.12549591064453,1903.3846435546875,25.125,0.0,-122.51953125,0.0,1
1797,0,116.12570190429688,1858.5045166015625,25.125,0.0,-139.4110107421875,0.0,1
1798,0,116.125244140625,1811.7958984375,25.125,0.0,-122.51953125,0.0,1
1799,0,1050.0,150.0,25.125,0.0,152.9901123046875,0.0,1
1800,0,1032.044921875,162.48709106445312,25.125,0.0,136.0931396484375,0.0,2
1801,0,1001.5170288085938,191.3573455810547,25.125,0.0,119.1961669921875,0.0,2
1802,0,977.9736328125,224.97837829589844,25.125,0.0,102.3046875,0.0,2
1803,0,962.8928833007812,265.7598876953125,25.125,0.0,85.40771484375,0.0,2
1804,0,959.7944946289062,308.320068359375,25.125,0.0,68.5107421875,0.0,2
1805,0,968.9305419921875,350.0609436035156,25.125,0.0,51.61376953125,0.0,2
1806,0,989.705322265625,387.4919128417969,25.125,0.0,34.716796875,0.0,2
1807,0,1016.1134033203125,418.9284973144531,25.125,0.0,51.61376953125,0.0,2
1808,0,1041.5177001953125,452.4380187988281,25.125,0.0,68.5107421875,0.0,2
1809,0,1060.048095703125,489.96185302734375,25.125,0.0,85.40771484375,0.0,2
1810,0,1069.12890625,532.3761596679688,25.125,0.0,102.3046875,0.0,2
1811,0,1066.3916015625,574.9310913085938,25.125,0.0,119.1961669921875,0.0,2
1812,0,1048.379638671875,583.8743896484375,25.125,0.0,136.0931396484375,0.0,2
1813,0,1012.28466796875,583.8745727539062,25.125,0.0,152.9901123046875,0.0,2
1814,0,969.9348754882812,584.1416015625,25.125,0.0,169.8870849609375,0.0,2
1815,0,929.2032470703125,585.6327514648438,25.125,0.0,-173.2159423828125,0.0,2
1816,0,913.0640869140625,582.2842407226562,25.125,0.0,-156.324462890625,0.0,2
1817,0,885.291748046875,564.9369506835938,25.125,0.0,-139.427490234375,0.0,2
1818,0,853.1314086914062,538.8938598632812,25.125,0.0,-122.530517578125,0.0,2
1819,0,826.1979370117188,505.2480163574219,25.125,0.0,-105.633544921875,0.0,2
1820,0,809.1734008789062,466.30584716796875,25.125,0.0,-88.736572265625,0.0,2
1821,0,803.4896240234375,423.0132751464844,25.125,0.0,-71.839599609375,0.0,2
1822,0,810.3282470703125,380.8564147949219,25.125,0.0,-54.9481201171875,0.0,2
1823,0,828.970947265625,342.39532470703125,25.125,0.0,-38.0511474609375,0.0,2
1824,0,857.8370971679688,310.77105712890625,25.125,0.0,-21.1541748046875,0.0,2
1825,0,894.637939453125,288.79718017578125,25.125,0.0,-4.2572021484375,0.0,2
1826,0,937.2178955078125,278.3359680175781,25.125,0.0,12.6397705078125,0.0,2
1827,0,980.0000610351562,280.66790771484375,25.125,0.0,29.5367431640625,0.0,2
1828,0,1021.1686401367188,295.70391845703125,25.125,0.0,46.42822265625,0.0,2
1829,0,1055.7646484375,318.88397216796875,25.125,0.0,46.42822265625,0.0,2
1830,0,1086.572998046875,348.2281188964844,25.125,0.0,63.3251953125,0.0,2
1831,0,1110.888671875,381.4926452636719,25.125,0.0,63.3251953125,0.0,2
1832,0,1131.826416015625,416.4541320800781,25.125,0.0,63.3251953125,0.0,2
1833,0,1150.1468505859375,454.3393859863281,25.125,0.0,80.22216796875,0.0,2
1834,0,1163.9525146484375,491.68603515625,25.125,0.0,63.3251953125,0.0,2
1835,0,1178.49365234375,530.8231201171875,25.125,0.0,80.22216796875,0.0,2
1836,0,1191.059326171875,569.5970458984375,25.125,0.0,63.3251953125,0.0,2
1837,0,1211.3587646484375,583.8743286132812,25.125,0.0,46.42822265625,0.0,2
1838,0,1242.859375,596.1182861328125,25.125,0.0,63.3251953125,0.0,2
1839,0,1271.1328125,627.3943481445312,25.125,0.0,63.3251953125,0.0,2
1840,0,1295.85595703125,661.0153198242188,25.125,0.0,46.42822265625,0.0,2
1841,0,1320.8492431640625,684.4346313476562,25.125,0.0,63.3251953125,0.0,2
1842,0,1345.8406982421875,710.6477661132812,25.125,0.0,80.22216796875,0.0,2
1843,0,1360.3489990234375,750.1104736328125,25.125,0.0,97.119140625,0.0,2
1844,0,1362.5474853515625,794.017578125,25.125,0.0,114.01611328125,0.0,2
1845,0,1351.9798583984375,835.6103515625,25.125,0.0,130.9075927734375,0.0,2
1846,0,1331.8692626953125,873.2288818359375,25.125,0.0,130.9075927734375,0.0,2
1847,0,1308.2958984375,906.5767211914062,25.125,0.0,130.9075927734375,0.0,2
1848,0,1281.206787109375,937.5797729492188,25.125,0.0,147.8045654296875,0.0,2
1849,0,1247.1544189453125,963.7327880859375,25.125,0.0,164.7015380859375,0.0,2
1850,0,1209.98876953125,981.8926391601562,25.125,0.0,164.7015380859375,0.0,2
1851,0,1169.4820556640625,994.400146484375,25.125,0.0,-178.4014892578125,0.0,2
1852,0,1128.505126953125,997.6982421875,25.125,0.0,-161.5045166015625,0.0,2
1853,0,1116.1258544921875,992.0902709960938,25.125,0.0,-161.5045166015625,0.0,2
1854,0,1116.125732421875,976.8827514648438,25.125,0.0,-144.6075439453125,0.0,2
1855,0,1116.1256103515625,946.0453491210938,25.125,0.0,-127.716064453125,0.0,2
1856,0,1116.1256103515625,903.5975952148438,25.125,0.0,-127.716064453125,0.0,2
1857,0,1116.1251220703125,858.5260009765625,25.125,0.0,-110.819091796875,0.0,2
1858,0,1116.125,816.1209106445312,25.125,0.0,-93.922119140625,0.0,2
1859,0,1117.073486328125,775.31396484375,25.125,0.0,-77.025146484375,0.0,2
1860,0,1120.2593994140625,733.7073364257812,25.125,0.0,-93.922119140625,0.0,2
1861,0,1121.82080078125,716.1259155273438,25.125,0.0,-77.025146484375,0.0,2
1862,0,1127.8953857421875,716.1257934570312,25.125,0.0,-60.128173828125,0.0,2
1863,0,1149.69091796875,716.1256103515625,25.125,0.0,-43.2366943359375,0.0,2
1864,0,1183.875,716.1255493164062,25.125,0.0,-60.128173828125,0.0,2
1865,0,1183.875,716.1256103515625,25.125,0.0,-43.2366943359375,0.0,2
1866,0,1183.875,716.1255493164062,25.125,0.0,-60.128173828125,0.0,2
1867,0,1183.875,716.1259155273438,25.125,0.0,-77.025146484375,0.0,2
1868,0,1183.875,716.1255493164062,25.125,0.0,-60.128173828125,0.0,2
1869,0,1183.875,716.1256103515625,25.125,0.0,-43.2366943359375,0.0,2
1870,0,1183.875,716.1256103515625,25.125,0.0,-43.2366943359375,0.0,2
1871,0,1183.875,716.1256103515625,25.125,0.0,-43.2366943359375,0.0,2
1872,0,1183.875,716.1254272460938,25.125,0.0,-26.3397216796875,0.0,2
1873,0,1183.875,716.1251220703125,25.125,0.0,-9.4427490234375,0.0,2
1874,0,1183.8740234375,716.3734741210938,25.125,0.0,7.4542236328125,0.0,2
1875,0,1183.8743896484375,719.4977416992188,25.125,0.0,24.3511962890625,0.0,2
1876,0,1183.8741455078125,732.8523559570312,25.125,0.0,24.3511962890625,0.0,2
1877,0,1183.87451171875,756.62060546875,25.125,0.0,41.2481689453125,0.0,2
1878,0,1183.87451171875,794.1497802734375,25.125,0.0,58.1396484375,0.0,2
1879,0,1186.581298828125,839.0355224609375,25.125,0.0,58.1396484375,0.0,2
1880,0,1196.82421875,879.024169921875,25.125,0.0,75.03662109375,0.0,2
1881,0,1205.9083251953125,919.01171875,25.125,0.0,91.93359375,0.0,2
1882,0,1209.7685546875,959.80517578125,25.125,0.0,91.93359375,0.0,2
1883,0,1210.644775390625,1001.4584350585938,25.125,0.0,91.93359375,0.0,2
1884,0,1212.0736083984375,1042.31396484375,25.125,0.0,75.03662109375,0.0,2
1885,0,1218.291259765625,1083.7122802734375,25.125,0.0,75.03662109375,0.0,2
1886,0,1226.897705078125,1123.478515625,25.125,0.0,75.03662109375,0.0,2
1887,0,1238.71630859375,1163.821044921875,25.125,0.0,58.1396484375,0.0,2
1888,0,1257.7930908203125,1201.09228515625,25.125,0.0,41.2481689453125,0.0,2
1889,0,1285.685791015625,1233.0098876953125,25.125,0.0,24.3511962890625,0.0,2
1890,0,1317.607666015625,1258.7391357421875,25.125,0.0,41.2481689453125,0.0,2
1891,0,1350.3436279296875,1283.1693115234375,25.125,0.0,24.3511962890625,0.0,2
1892,0,1383.87353515625,1305.96826171875,25.125,0.0,41.2481689453125,0.0,2
1893,0,1390.2442626953125,1338.52978515625,25.125,0.0,58.1396484375,0.0,2
1894,0,1410.149169921875,1376.3382568359375,25.125,0.0,41.2481689453125,0.0,2
1895,0,1438.29150390625,1407.9105224609375,25.125,0.0,24.3511962890625,0.0,2
1896,0,1471.174072265625,1433.91259765625,25.125,0.0,41.2481689453125,0.0,2
1897,0,1501.739990234375,1461.4300537109375,25.125,0.0,58.1396484375,0.0,2
1898,0,1529.1805419921875,1491.6104736328125,25.125,0.0,41.2481689453125,0.0,2
1899,0,1559.6854248046875,1519.4931640625,25.125,0.0,24.3511962890625,0.0,2
1900,0,1592.7288818359375,1543.46337890625,25.125,0.0,41.2481689453125,0.0,2
1901,0,1626.7257080078125,1567.7264404296875,25.125,0.0,24.3511962890625,0.0,2
1902,0,1660.9840087890625,1589.7998046875,25.125,0.0,41.2481689453125,0.0,2
1903,0,1695.5552978515625,1613.1785888671875,25.125,0.0,24.3511962890625,0.0,2
1904,0,1731.072021484375,1633.2672119140625,25.125,0.0,24.3511962890625,0.0,2
1905,0,1769.60400390625,1650.3040771484375,25.125,0.0,7.4542236328125,0.0,2
1906,0,1808.36865234375,1662.9996337890625,25.125,0.0,24.3511962890625,0.0,2
1907,0,1846.253662109375,1679.433837890625,25.125,0.0,41.2481689453125,0.0,2
1908,0,1881.335693359375,1704.3687744140625,25.125,0.0,58.1396484375,0.0,2
1909,0,1908.849609375,1733.988037109375,25.125,0.0,58.1396484375,0.0,2
1910,0,1932.60302734375,1769.1544189453125,25.125,0.0,75.03662109375,0.0,2
1911,0,1947.7913818359375,1808.449462890625,25.125,0.0,91.93359375,0.0,2
1912,0,1952.36376953125,1851.6849365234375,25.125,0.0,108.83056640625,0.0,2
1913,0,1949.4261474609375,1892.58251953125,25.125,0.0,91.93359375,0.0,2
1914,0,1970.700927734375,1919.776611328125,25.125,0.0,91.93359375,0.0,2
1915,0,1982.1871337890625,1955.885009765625,25.125,0.0,108.83056640625,0.0,2
1916,0,1971.89501953125,1983.87451171875,25.125,0.0,125.7275390625,0.0,2
1917,0,1946.7313232421875,1983.874267578125,25.125,0.0,125.7275390625,0.0,2
1918,0,1946.329833984375,1983.8746337890625,25.125,0.0,125.7275390625,0.0,2
1919,0,1942.5673828125,1983.874267578125,25.125,0.0,125.7275390625,0.0,2
1920,0,1921.9150390625,1983.8741455078125,25.125,0.0,108.83056640625,0.0,2
1921,0,1896.3079833984375,1983.874267578125,25.125,0.0,125.7275390625,0.0,2
1922,0,1866.6129150390625,1983.8741455078125,25.125,0.0,108.83056640625,0.0,2
1923,0,1837.660888671875,1983.87451171875,25.125,0.0,125.7275390625,0.0,2
1924,0,1802.8089599609375,1983.874267578125,25.125,0.0,125.7275390625,0.0,2
1925,0,1765.740234375,1983.87451171875,25.125,0.0,125.7275390625,0.0,2
1926,0,1724.0655517578125,1983.8743896484375,25.125,0.0,142.62451171875,0.0,2
1927,0,1680.4395751953125,1983.8748779296875,25.125,0.0,159.5159912109375,0.0,2
1928,0,1638.0748291015625,1983.875,25.125,0.0,176.4129638671875,0.0,2
1929,0,1596.449951171875,1983.874755859375,25.125,0.0,159.5159912109375,0.0,2
1930,0,1549.9654541015625,1983.8743896484375,25.125,0.0,142.62451171875,0.0,2
1931,0,1533.1583251953125,1983.874267578125,25.125,0.0,142.62451171875,0.0,2
1932,0,1518.374755859375,1983.87451171875,25.125,0.0,125.7275390625,0.0,2
1933,0,1491.2579345703125,1983.8741455078125,25.125,0.0,108.83056640625,0.0,2
1934,0,1469.38818359375,1983.8743896484375,25.125,0.0,91.93359375,0.0,2
1935,0,1454.0596923828125,1983.8741455078125,25.125,0.0,108.83056640625,0.0,2
1936,0,1436.17626953125,1983.8741455078125,25.125,0.0,108.83056640625,0.0,2
1937,0,1416.129638671875,1983.8741455078125,25.125,0.0,108.83056640625,0.0,2
1938,0,1395.041748046875,1983.8741455078125,25.125,0.0,108.83056640625,0.0,2
1939,0,1370.841796875,1983.87451171875,25.125,0.0,125.7275390625,0.0,2
1940,0,1340.802001953125,1983.8741455078125,25.125,0.0,108.83056640625,0.0,2
1941,0,1311.980224609375,1983.87451171875,25.125,0.0,125.7275390625,0.0,2
1942,0,1279.9798583984375,1983.8741455078125,25.125,0.0,108.83056640625,0.0,2
1943,0,1250.27978515625,1983.87451171875,25.125,0.0,125.7275390625,0.0,2
1944,0,1215.066650390625,1983.874267578125,25.125,0.0,125.7275390625,0.0,2
1945,0,1175.391357421875,1972.2945556640625,25.125,0.0,125.7275390625,0.0,2
1946,0,1136.562255859375,1980.6513671875,25.125,0.0,125.7275390625,0.0,2
1947,0,1101.6968994140625,1983.8741455078125,25.125,0.0,108.83056640625,0.0,2
1948,0,1070.4412841796875,1983.87451171875,25.125,0.0,125.7275390625,0.0,2
1949,0,1037.1875,1983.8741455078125,25.125,0.0,108.83056640625,0.0,2
1950,0,1006.98291015625,1983.87451171875,25.125,0.0,125.7275390625,0.0,2
1951,0,969.093017578125,1983.8743896484375,25.125,0.0,142.62451171875,0.0,2
1952,0,925.3397216796875,1983.87451171875,25.125,0.0,125.7275390625,0.0,2
1953,0,879.8800659179688,1983.8743896484375,25.125,0.0,142.62451171875,0.0,2
1954,0,834.8875122070312,1983.874755859375,25.125,0.0,159.5159912109375,0.0,2
1955,0,793.495361328125,1983.875,25.125,0.0,176.4129638671875,0.0,2
1956,0,752.79052734375,1983.875,25.125,0.0,176.4129638671875,0.0,2
1957,0,712.085693359375,1983.875,25.125,0.0,176.4129638671875,0.0,2
1958,0,669.4871215820312,1983.874755859375,25.125,0.0,159.5159912109375,0.0,2
1959,0,626.67724609375,1983.8748779296875,25.125,0.0,159.5159912109375,0.0,2
1960,0,580.2083740234375,1983.8743896484375,25.125,0.0,142.62451171875,0.0,2
1961,0,532.4629516601562,1983.874267578125,25.125,0.0,125.7275390625,0.0,2
1962,0,490.23724365234375,1983.8741455078125,25.125,0.0,108.83056640625,0.0,2
1963,0,461.781005859375,1983.8740234375,25.125,0.0,91.93359375,0.0,2
1964,0,450.0158996582031,1983.8743896484375,25.125,0.0,75.03662109375,0.0,2
1965,0,450.4084777832031,1983.8740234375,25.125,0.0,91.93359375,0.0,2
1966,0,448.8589172363281,1983.8743896484375,25.125,0.0,108.83056640625,0.0,2
1967,0,441.4896240234375,1983.8741455078125,25.125,0.0,108.83056640625,0.0,2
1968,0,430.80322265625,1983.8743896484375,25.125,0.0,91.93359375,0.0,2
1969,0,422.4476623535156,1983.8741455078125,25.125,0.0,108.83056640625,0.0,2
1970,0,406.0978088378906,1983.874267578125,25.125,0.0,125.7275390625,0.0,2
1971,0,374.6163024902344,1983.8743896484375,25.125,0.0,142.62451171875,0.0,2
1972,0,331.6857604980469,1983.8743896484375,25.125,0.0,142.62451171875,0.0,2
1973,0,286.6495056152344,1983.8748779296875,25.125,0.0,159.5159912109375,0.0,2
1974,0,245.2475128173828,1983.875,25.125,0.0,176.4129638671875,0.0,2
1975,0,204.44166564941406,1982.8070068359375,25.125,0.0,-166.6900634765625,0.0,2
1976,0,171.59999084472656,1983.8741455078125,25.125,0.0,-166.6900634765625,0.0,2
1977,0,133.82931518554688,1979.076171875,25.125,0.0,-166.6900634765625,0.0,2
1978,0,116.12592315673828,1973.9312744140625,25.125,0.0,176.4129638671875,0.0,2
1979,0,116.12586212158203,1975.840576171875,25.125,0.0,159.5159912109375,0.0,2
1980,0,124.26838684082031,1983.8741455078125,25.125,0.0,159.5159912109375,0.0,2
1981,0,116.12592315673828,1983.875,25.125,0.0,176.4129638671875,0.0,2
1982,0,116.1255874633789,1983.875,25.125,0.0,159.5159912109375,0.0,2
1983,0,116.12586212158203,1983.875,25.125,0.0,159.5159912109375,0.0,2
1984,0,116.12562561035156,1983.875,25.125,0.0,176.4129638671875,0.0,2
1985,0,116.12590026855469,1983.1387939453125,25.125,0.0,-166.6900634765625,0.0,2
1986,0,116.12590026855469,1980.3116455078125,25.125,0.0,-166.6900634765625,0.0,2
1987,0,116.12580108642578,1971.7320556640625,25.125,0.0,-149.7930908203125,0.0,2
1988,0,116.12562561035156,1948.16552734375,25.125,0.0,-132.8961181640625,0.0,2
1989,0,116.12522888183594,1909.1541748046875,25.125,0.0,-116.004638671875,0.0,2
1990,0,116.12528228759766,1863.9166259765625,25.125,0.0,-116.004638671875,0.0,2
1991,0,116.12520599365234,1819.705322265625,25.125,0.0,-116.004638671875,0.0,2
1992,0,116.12528991699219,1774.46484375,25.125,0.0,-116.004638671875,0.0,2
1993,0,116.12542724609375,1728.657470703125,25.125,0.0,-132.8961181640625,0.0,2
1994,0,116.12580108642578,1681.0010986328125,25.125,0.0,-149.7930908203125,0.0,2
1995,0,116.12590026855469,1643.3997802734375,25.125,0.0,-166.6900634765625,0.0,2
1996,0,116.12592315673828,1619.721923828125,25.125,0.0,176.4129638671875,0.0,2
1997,0,116.12592315673828,1611.671142578125,25.125,0.0,176.4129638671875,0.0,2
1998,0,116.12562561035156,1611.9453125,25.125,0.0,176.4129638671875,0.0,2
1999,0,116.12586212158203,1613.9482421875,25.125,0.0,159.5159912109375,0.0,2
2000,0,116.12549591064453,1626.0657958984375,25.125,0.0,142.62451171875,0.0,2
2001,0,116.12554168701172,1656.2718505859375,25.125,0.0,125.7275390625,0.0,2
2002,0,116.12549591064453,1696.294677734375,25.125,0.0,142.62451171875,0.0,2
2003,0,116.12554168701172,1741.433349609375,25.125,0.0,125.7275390625,0.0,2
2004,0,116.125732421875,1788.9739990234375,25.125,0.0,142.62451171875,0.0,2
2005,0,116.12544250488281,1836.9595947265625,25.125,0.0,125.7275390625,0.0,2
2006,0,116.12545013427734,1884.666259765625,25.125,0.0,125.7275390625,0.0,2
2007,0,116.12549591064453,1932.8404541015625,25.125,0.0,142.62451171875,0.0,2
2008,0,116.12586212158203,1976.3516845703125,25.125,0.0,159.5159912109375,0.0,2
2009,0,116.125,1983.875,25.125,0.0,176.4129638671875,0.0,2
2010,0,116.12590026855469,1983.1387939453125,25.125,0.0,-166.6900634765625,0.0,2
2011,0,116.12590026855469,1980.3116455078125,25.125,0.0,-166.6900634765625,0.0,2
2012,0,116.12580108642578,1971.9610595703125,25.125,0.0,-149.7930908203125,0.0,2
2013,0,116.12562561035156,1948.5093994140625,25.125,0.0,-132.8961181640625,0.0,2
2014,0,116.12554168701172,1913.533203125,25.125,0.0,-149.7930908203125,0.0,2
2015,0,116.12580108642578,1877.3358154296875,25.125,0.0,-149.7930908203125,0.0,2
2016,0,116.12554168701172,1842.6629638671875,25.125,0.0,-149.7930908203125,0.0,2
2017,0,116.12562561035156,1804.882568359375,25.125,0.0,-132.8961181640625,0.0,2
2018,0,116.12554168701172,1763.897705078125,25.125,0.0,-149.7930908203125,0.0,2
2019,0,116.12590026855469,1727.8985595703125,25.125,0.0,-166.6900634765625,0.0,2
2020,0,116.12521362304688,1730.539794921875,25.125,0.0,-166.6900634765625,0.0,2
2021,0,116.12592315673828,1742.1868896484375,25.125,0.0,176.4129638671875,0.0,2
2022,0,116.12590026855469,1743.4932861328125,25.125,0.0,-166.6900634765625,0.0,2
2023,0,116.12554168701172,1737.267578125,25.125,0.0,-149.7930908203125,0.0,2
2024,0,116.12562561035156,1714.614013671875,25.125,0.0,-132.8961181640625,0.0,2
2025,0,116.12554168701172,1680.11279296875,25.125,0.0,-149.7930908203125,0.0,2
2026,0,116.12562561035156,1641.5985107421875,25.125,0.0,-132.8961181640625,0.0,2
2027,0,116.12542724609375,1597.9481201171875,25.125,0.0,-132.8961181640625,0.0,2
2028,0,116.12525177001953,1550.7607421875,25.125,0.0,-116.004638671875,0.0,2
2029,0,116.12562561035156,1503.789794921875,25.125,0.0,-132.8961181640625,0.0,2
2030,0,116.12517547607422,1456.8402099609375,25.125,0.0,-116.004638671875,0.0,2
2031,0,116.12562561035156,1409.866455078125,25.125,0.0,-132.8961181640625,0.0,2
2032,0,116.12517547607422,1362.9168701171875,25.125,0.0,-116.004638671875,0.0,2
2033,0,116.12562561035156,1314.899658203125,25.125,0.0,-132.8961181640625,0.0,2
2034,0,116.12554168701172,1268.304931640625,25.125,0.0,-149.7930908203125,0.0,2
2035,0,116.12590026855469,1229.828369140625,25.125,0.0,-166.6900634765625,0.0,2
2036,0,116.12592315673828,1206.617431640625,25.125,0.0,176.4129638671875,0.0,2
2037,0,116.12592315673828,1198.3453369140625,25.125,0.0,176.4129638671875,0.0,2
2038,0,117.59224700927734,1220.1807861328125,25.125,0.0,176.4129638671875,0.0,2
2039,0,116.1256103515625,1242.1834716796875,25.125,0.0,-166.6900634765625,0.0,2
2040,0,116.12520599365234,1272.57470703125,25.125,0.0,-166.6900634765625,0.0,2
2041,0,116.12554168701172,1291.2799072265625,25.125,0.0,-149.7930908203125,0.0,2
2042,0,116.12590026855469,1285.2989501953125,25.125,0.0,-166.6900634765625,0.0,2
2043,0,116.12554168701172,1272.3414306640625,25.125,0.0,-149.7930908203125,0.0,2
2044,0,127.99038696289062,1239.845458984375,25.125,0.0,-149.7930908203125,0.0,2
2045,0,118.79833984375,1203.7030029296875,25.125,0.0,-149.7930908203125,0.0,2
2046,0,116.12590026855469,1171.017578125,25.125,0.0,-166.6900634765625,0.0,2
2047,0,116.12592315673828,1150.35302734375,25.125,0.0,176.4129638671875,0.0,2
2048,0,116.1250228881836,1118.047119140625,25.125,0.0,176.4129638671875,0.0,2
2049,0,116.12592315673828,1092.845947265625,25.125,0.0,176.4129638671875,0.0,2
2050,0,116.1256103515625,1081.08984375,25.125,0.0,-166.6900634765625,0.0,2
2051,0,116.12590026855469,1068.709228515625,25.125,0.0,-166.6900634765625,0.0,2
2052,0,116.1251449584961,1082.4971923828125,25.125,0.0,-166.6900634765625,0.0,2
2053,0,116.12580108642578,1093.208740234375,25.125,0.0,-149.7930908203125,0.0,2
2054,0,116.12562561035156,1077.9732666015625,25.125,0.0,-132.8961181640625,0.0,2
2055,0,116.12580108642578,1045.934326171875,25.125,0.0,-149.7930908203125,0.0,2
2056,0,116.1254653930664,1044.439697265625,25.125,0.0,-149.7930908203125,0.0,2
2057,0,116.12542724609375,1040.8643798828125,25.125,0.0,-132.8961181640625,0.0,2
2058,0,116.12580108642578,1014.4210205078125,25.125,0.0,-149.7930908203125,0.0,2
2059,0,116.12554168701172,984.0075073242188,25.125,0.0,-149.7930908203125,0.0,2
2060,0,116.12580108642578,950.5267944335938,25.125,0.0,-149.7930908203125,0.0,2
2061,0,116.12590026855469,919.8785400390625,25.125,0.0,-166.6900634765625,0.0,2
2062,0,116.12590026855469,896.0592041015625,25.125,0.0,-166.6900634765625,0.0,2
2063,0,116.12590026855469,877.0217895507812,25.125,0.0,-166.6900634765625,0.0,2
2064,0,116.1256103515625,859.9060668945312,25.125,0.0,-166.6900634765625,0.0,2
2065,0,116.12580108642578,840.2764892578125,25.125,0.0,-149.7930908203125,0.0,2
2066,0,116.1256103515625,816.4121704101562,25.125,0.0,-166.6900634765625,0.0,2
2067,0,116.12580108642578,792.741943359375,25.125,0.0,-149.7930908203125,0.0,2
2068,0,116.12554168701172,765.0679321289062,25.125,0.0,-149.7930908203125,0.0,2
2069,0,116.12590026855469,735.6875610351562,25.125,0.0,-166.6900634765625,0.0,2
2070,0,116.12590026855469,713.4325561523438,25.125,0.0,-166.6900634765625,0.0,2
2071,0,116.12592315673828,697.69140625,25.125,0.0,176.4129638671875,0.0,2
2072,0,116.12590026855469,691.11328125,25.125,0.0,-166.6900634765625,0.0,2
2073,0,116.12554168701172,680.8364868164062,25.125,0.0,-149.7930908203125,0.0,2
2074,0,116.12562561035156,655.5841674804688,25.125,0.0,-132.8961181640625,0.0,2
2075,0,116.12521362304688,616.1140747070312,25.125,0.0,-116.004638671875,0.0,2
2076,0,116.12528991699219,570.87353515625,25.125,0.0,-116.004638671875,0.0,2
2077,0,116.12506103515625,529.6484375,25.125,0.0,-99.107666015625,0.0,2
2078,0,116.125,516.1259155273438,25.125,0.0,-99.107666015625,0.0,2
2079,0,116.39340209960938,516.1259155273438,25.125,0.0,-82.210693359375,0.0,2
2080,0,117.31541442871094,516.1259155273438,25.125,0.0,-82.210693359375,0.0,2
2081,0,116.12591552734375,516.125,25.125,0.0,-82.210693359375,0.0,2
2082,0,119.34855651855469,516.1255493164062,25.125,0.0,-65.313720703125,0.0,2
2083,0,136.03073120117188,516.1256713867188,25.125,0.0,-48.416748046875,0.0,2
2084,0,169.58705139160156,516.1253051757812,25.125,0.0,-31.519775390625,0.0,2
2085,0,213.489013671875,516.1251220703125,25.125,0.0,-14.6282958984375,0.0,2
2086,0,254.33987426757812,514.9288330078125,25.125,0.0,2.2686767578125,0.0,2
2087,0,295.5074462890625,516.6575927734375,25.125,0.0,19.1656494140625,0.0,2
2088,0,336.2830505371094,526.6535034179688,25.125,0.0,36.0626220703125,0.0,2
2089,0,374.0423583984375,542.4215087890625,25.125,0.0,19.1656494140625,0.0,2
2090,0,412.75579833984375,557.7498168945312,25.125,0.0,19.1656494140625,0.0,2
2091,0,451.8713073730469,570.2117919921875,25.125,0.0,2.2686767578125,0.0,2
2092,0,492.62646484375,579.2628784179688,25.125,0.0,19.1656494140625,0.0,2
2093,0,532.76416015625,584.1298217773438,25.125,0.0,2.2686767578125,0.0,2
2094,0,574.6323852539062,583.295166015625,25.125,0.0,-14.6282958984375,0.0,2
2095,0,615.6051635742188,575.4756469726562,25.125,0.0,-31.519775390625,0.0,2
2096,0,654.1551513671875,558.0198364257812,25.125,0.0,-48.416748046875,0.0,2
2097,0,687.4566650390625,533.2367553710938,25.125,0.0,-48.416748046875,0.0,2
2098,0,716.3868408203125,503.4654541015625,25.125,0.0,-65.313720703125,0.0,2
2099,0,738.7205200195312,466.54132080078125,25.125,0.0,-82.210693359375,0.0,2
2100,0,753.8788452148438,428.499267578125,25.125,0.0,-65.313720703125,0.0,2
2101,0,771.9281005859375,390.4613037109375,25.125,0.0,-48.416748046875,0.0,2
2102,0,796.9041137695312,356.8233337402344,25.125,0.0,-31.519775390625,0.0,2
2103,0,830.6240844726562,329.5691223144531,25.125,0.0,-14.6282958984375,0.0,2
2104,0,869.8132934570312,312.84930419921875,25.125,0.0,2.2686767578125,0.0,2
2105,0,910.766845703125,305.74151611328125,25.125,0.0,2.2686767578125,0.0,2
2106,0,952.2966918945312,305.49737548828125,25.125,0.0,19.1656494140625,0.0,2
2107,0,993.4518432617188,314.7110290527344,25.125,0.0,36.0626220703125,0.0,2
2108,0,1031.9290771484375,335.0627136230469,25.125,0.0,52.9595947265625,0.0,2
2109,0,1062.59619140625,364.7384033203125,25.125,0.0,69.8565673828125,0.0,2
2110,0,1084.07568359375,402.8811340332031,25.125,0.0,86.748046875,0.0,2
2111,0,1093.4119873046875,444.6609802246094,25.125,0.0,103.64501953125,0.0,2
2112,0,1090.137451171875,488.3414001464844,25.125,0.0,120.5419921875,0.0,2
2113,0,1079.3564453125,527.9486694335938,25.125,0.0,103.64501953125,0.0,2
2114,0,1070.4576416015625,568.0556640625,25.125,0.0,86.748046875,0.0,2
2115,0,1065.748291015625,583.8740844726562,25.125,0.0,103.64501953125,0.0,2
2116,0,1056.3212890625,583.8744506835938,25.125,0.0,120.5419921875,0.0,2
2117,0,1031.3458251953125,583.8743896484375,25.125,0.0,137.43896484375,0.0,2
2118,0,995.7139892578125,583.8744506835938,25.125,0.0,120.5419921875,0.0,2
2119,0,959.1201171875,593.6575927734375,25.125,0.0,120.5419921875,0.0,2
2120,0,928.9530029296875,625.3487548828125,25.125,0.0,103.64501953125,0.0,2
2121,0,916.1831665039062,665.44873046875,25.125,0.0,86.748046875,0.0,2
2122,0,919.19580078125,706.4489135742188,25.125,0.0,69.8565673828125,0.0,2
2123,0,926.0608520507812,746.6561279296875,25.125,0.0,86.748046875,0.0,2
2124,0,929.2000732421875,787.8521728515625,25.125,0.0,103.64501953125,0.0,2
2125,0,923.604248046875,829.5494995117188,25.125,0.0,120.5419921875,0.0,2
2126,0,906.9332885742188,869.7085571289062,25.125,0.0,137.43896484375,0.0,2
2127,0,880.2831420898438,903.0355224609375,25.125,0.0,154.3359375,0.0,2
2128,0,844.3572998046875,927.9898071289062,25.125,0.0,171.2274169921875,0.0,2
2129,0,805.5476684570312,942.9675903320312,25.125,0.0,171.2274169921875,0.0,2
2130,0,765.6336669921875,955.1248779296875,25.125,0.0,154.3359375,0.0,2
2131,0,727.7091064453125,971.822998046875,25.125,0.0,137.43896484375,0.0,2
2132,0,692.6484375,992.7486572265625,25.125,0.0,154.3359375,0.0,2
2133,0,656.9393310546875,1014.4302368164062,25.125,0.0,137.43896484375,0.0,2
2134,0,623.9739990234375,1036.71484375,25.125,0.0,154.3359375,0.0,2
2135,0,587.8531494140625,1057.5938720703125,25.125,0.0,154.3359375,0.0,2
2136,0,552.5878295898438,1078.2034912109375,25.125,0.0,137.43896484375,0.0,2
2137,0,519.59814453125,1105.1611328125,25.125,0.0,120.5419921875,0.0,2
2138,0,516.1256713867188,1139.6898193359375,25.125,0.0,137.43896484375,0.0,2
2139,0,516.125244140625,1182.79248046875,25.125,0.0,120.5419921875,0.0,2
2140,0,535.3667602539062,1224.54345703125,25.125,0.0,120.5419921875,0.0,2
2141,0,538.048583984375,1266.31103515625,25.125,0.0,137.43896484375,0.0,2
2142,0,514.6298828125,1306.077392578125,25.125,0.0,154.3359375,0.0,2
2143,0,481.26123046875,1332.83935546875,25.125,0.0,171.2274169921875,0.0,2
2144,0,439.6451416015625,1347.95458984375,25.125,0.0,-171.8756103515625,0.0,2
2145,0,396.6549072265625,1349.4976806640625,25.125,0.0,-154.9786376953125,0.0,2
2146,0,354.2997131347656,1337.922119140625,25.125,0.0,-138.0816650390625,0.0,2
2147,0,317.5243225097656,1319.640380859375,25.125,0.0,-154.9786376953125,0.0,2
2148,0,279.96453857421875,1302.987060546875,25.125,0.0,-171.8756103515625,0.0,2
2149,0,238.20741271972656,1293.3497314453125,25.125,0.0,171.2274169921875,0.0,2
2150,0,196.89071655273438,1292.0819091796875,25.125,0.0,171.2274169921875,0.0,2
2151,0,155.26947021484375,1295.13525390625,25.125,0.0,171.2274169921875,0.0,2
2152,0,116.12545776367188,1301.726806640625,25.125,0.0,154.3359375,0.0,2
2153,0,116.12591552734375,1315.4315185546875,25.125,0.0,171.2274169921875,0.0,2
2154,0,116.12591552734375,1324.525146484375,25.125,0.0,-171.8756103515625,0.0,2
2155,0,116.12583923339844,1321.25927734375,25.125,0.0,-154.9786376953125,0.0,2
2156,0,116.12568664550781,1304.6168212890625,25.125,0.0,-138.0816650390625,0.0,2
2157,0,116.12532806396484,1270.921875,25.125,0.0,-121.1846923828125,0.0,2
2158,0,116.12513732910156,1227.0570068359375,25.125,0.0,-104.2877197265625,0.0,2
2159,0,116.1250991821289,1185.3804931640625,25.125,0.0,-104.2877197265625,0.0,2
2160,0,116.12541961669922,1140.7156982421875,25.125,0.0,-121.1846923828125,0.0,2
2161,0,116.12568664550781,1092.87646484375,25.125,0.0,-138.0816650390625,0.0,2
2162,0,116.12583923339844,1048.298583984375,25.125,0.0,-154.9786376953125,0.0,2
2163,0,116.12568664550781,1009.0341796875,25.125,0.0,-138.0816650390625,0.0,2
2164,0,116.12556457519531,969.4827270507812,25.125,0.0,-154.9786376953125,0.0,2
2165,0,116.12583923339844,934.29052734375,25.125,0.0,-154.9786376953125,0.0,2
2166,0,116.12561798095703,905.968994140625,25.125,0.0,-171.8756103515625,0.0,2
2167,0,116.12591552734375,889.8271484375,25.125,0.0,171.2274169921875,0.0,2
2168,0,116.12561798095703,888.6550903320312,25.125,0.0,171.2274169921875,0.0,2
2169,0,116.12591552734375,888.5684204101562,25.125,0.0,-171.8756103515625,0.0,2
2170,0,116.12583923339844,885.10107421875,25.125,0.0,-154.9786376953125,0.0,2
2171,0,116.1253890991211,901.2682495117188,25.125,0.0,-154.9786376953125,0.0,2
2172,0,116.12568664550781,908.2113037109375,25.125,0.0,-138.0816650390625,0.0,2
2173,0,116.12532806396484,886.0328369140625,25.125,0.0,-121.1846923828125,0.0,2
2174,0,116.12513732910156,844.6417846679688,25.125,0.0,-104.2877197265625,0.0,2
2175,0,116.12530517578125,801.0101928710938,25.125,0.0,-121.1846923828125,0.0,2
2176,0,116.12568664550781,752.1138305664062,25.125,0.0,-138.0816650390625,0.0,2
2177,0,116.12556457519531,707.4953002929688,25.125,0.0,-154.9786376953125,0.0,2
2178,0,116.12591552734375,673.0448608398438,25.125,0.0,-171.8756103515625,0.0,2
2179,0,116.12591552734375,654.8848876953125,25.125,0.0,171.2274169921875,0.0,2
2180,0,116.12556457519531,654.7933959960938,25.125,0.0,154.3359375,0.0,2
2181,0,116.12567901611328,670.644775390625,25.125,0.0,137.43896484375,0.0,2
2182,0,116.12532043457031,704.2244873046875,25.125,0.0,120.5419921875,0.0,2
2183,0,116.1253662109375,750.1896362304688,25.125,0.0,120.5419921875,0.0,2
2184,0,116.12545776367188,797.96728515625,25.125,0.0,137.43896484375,0.0,2
2185,0,116.1258316040039,843.8673706054688,25.125,0.0,154.3359375,0.0,2
2186,0,116.12591552734375,877.9938354492188,25.125,0.0,171.2274169921875,0.0,2
2187,0,116.12591552734375,897.1680908203125,25.125,0.0,-171.8756103515625,0.0,2
2188,0,116.12583923339844,897.493408203125,25.125,0.0,-154.9786376953125,0.0,2
2189,0,116.12556457519531,884.582275390625,25.125,0.0,-154.9786376953125,0.0,2
2190,0,116.12591552734375,865.8540649414062,25.125,0.0,-171.8756103515625,0.0,2
2191,0,116.12561798095703,851.2714233398438,25.125,0.0,-171.8756103515625,0.0,2
2192,0,116.12583923339844,836.0623168945312,25.125,0.0,-154.9786376953125,0.0,2
2193,0,116.12561798095703,817.181884765625,25.125,0.0,-171.8756103515625,0.0,2
2194,0,116.12583923339844,799.1283569335938,25.125,0.0,-154.9786376953125,0.0,2
2195,0,116.12583923339844,776.2975463867188,25.125,0.0,-154.9786376953125,0.0,2
2196,0,116.12568664550781,746.8832397460938,25.125,0.0,-138.0816650390625,0.0,2
2197,0,116.12548065185547,707.6590576171875,25.125,0.0,-121.1846923828125,0.0,2
2198,0,116.1252670288086,661.8350830078125,25.125,0.0,-121.1846923828125,0.0,2
2199,0,116.12568664550781,614.0712890625,25.125,0.0,-138.0816650390625,0.0,2
2200,0,116.1252212524414,566.2337646484375,25.125,0.0,-121.1846923828125,0.0,2
2201,0,116.12537384033203,519.2681884765625,25.125,0.0,-121.1846923828125,0.0,2
2202,0,116.125,516.1254272460938,25.125,0.0,-138.0816650390625,0.0,2
2203,0,116.125,516.1257934570312,25.125,0.0,-121.1846923828125,0.0,2
2204,0,116.125,516.1259155273438,25.125,0.0,-104.2877197265625,0.0,2
2205,0,116.17498779296875,516.1259155273438,25.125,0.0,-87.396240234375,0.0,2
2206,0,117.87164306640625,516.1258544921875,25.125,0.0,-70.499267578125,0.0,2
2207,0,129.03286743164062,516.12548828125,25.125,0.0,-53.602294921875,0.0,2
2208,0,158.23391723632812,516.1255493164062,25.125,0.0,-36.705322265625,0.0,2
2209,0,197.3677978515625,516.12548828125,25.125,0.0,-53.602294921875,0.0,2
2210,0,236.46609497070312,509.0924377441406,25.125,0.0,-70.499267578125,0.0,2
2211,0,263.64459228515625,474.5469665527344,25.125,0.0,-87.396240234375,0.0,2
2212,0,275.88446044921875,431.37786865234375,25.125,0.0,-104.2877197265625,0.0,2
2213,0,275.99310302734375,389.4129943847656,25.125,0.0,-104.2877197265625,0.0,2
2214,0,268.31402587890625,348.4592590332031,25.125,0.0,-121.1846923828125,0.0,2
2215,0,250.3822784423828,316.1256103515625,25.125,0.0,-138.0816650390625,0.0,2
2216,0,215.7473602294922,316.1252746582031,25.125,0.0,-154.9786376953125,0.0,2
2217,0,172.77139282226562,315.8620910644531,25.125,0.0,-171.8756103515625,0.0,2
2218,0,132.9664306640625,314.8609619140625,25.125,0.0,171.2274169921875,0.0,2
2219,0,116.1258316040039,319.58953857421875,25.125,0.0,154.3359375,0.0,2
2220,0,116.1258316040039,335.17138671875,25.125,0.0,154.3359375,0.0,2
2221,0,116.12567901611328,361.5462341308594,25.125,0.0,137.43896484375,0.0,2
2222,0,116.125,383.8743896484375,25.125,0.0,137.43896484375,0.0,2
2223,0,116.125,383.87457275390625,25.125,0.0,137.43896484375,0.0,2
2224,0,116.125,383.87420654296875,25.125,0.0,120.5419921875,0.0,2
2225,0,116.125,383.8743896484375,25.125,0.0,103.64501953125,0.0,2
2226,0,116.125,383.8741149902344,25.125,0.0,103.64501953125,0.0,2
2227,0,116.125,383.87445068359375,25.125,0.0,120.5419921875,0.0,2
2228,0,116.125,383.8743896484375,25.125,0.0,137.43896484375,0.0,2
2229,0,116.125,383.8746032714844,25.125,0.0,154.3359375,0.0,2
2230,0,116.125,383.8748474121094,25.125,0.0,171.2274169921875,0.0,2
2231,0,116.12591552734375,383.5867919921875,25.125,0.0,-171.8756103515625,0.0,2
2232,0,116.12556457519531,380.2212829589844,25.125,0.0,-154.9786376953125,0.0,2
2233,0,116.12591552734375,369.3185119628906,25.125,0.0,-171.8756103515625,0.0,2
2234,0,116.12561798095703,359.7459716796875,25.125,0.0,-171.8756103515625,0.0,2
2235,0,116.12591552734375,352.7291259765625,25.125,0.0,-171.8756103515625,0.0,2
2236,0,116.12591552734375,348.593505859375,25.125,0.0,-171.8756103515625,0.0,2
2237,0,116.12591552734375,346.99114990234375,25.125,0.0,-171.8756103515625,0.0,2
2238,0,116.12591552734375,347.16357421875,25.125,0.0,171.2274169921875,0.0,2
2239,0,116.12561798095703,348.1558532714844,25.125,0.0,171.2274169921875,0.0,2
2240,0,116.12591552734375,348.0909729003906,25.125,0.0,-171.8756103515625,0.0,2
2241,0,116.12561798095703,347.1716613769531,25.125,0.0,-171.8756103515625,0.0,2
2242,0,116.12583923339844,343.5296630859375,25.125,0.0,-154.9786376953125,0.0,2
2243,0,116.12561798095703,332.61138916015625,25.125,0.0,-171.8756103515625,0.0,2
2244,0,116.12583923339844,318.9010314941406,25.125,0.0,-154.9786376953125,0.0,2
2245,0,116.12568664550781,295.28759765625,25.125,0.0,-138.0816650390625,0.0,2
2246,0,116.12568664550781,260.4908447265625,25.125,0.0,-138.0816650390625,0.0,2
2247,0,116.12568664550781,219.98016357421875,25.125,0.0,-138.0816650390625,0.0,2
2248,0,116.12556457519531,179.19155883789062,25.125,0.0,-154.9786376953125,0.0,2
2249,0,116.12591552734375,146.35520935058594,25.125,0.0,-171.8756103515625,0.0,2
2250,0,116.12561798095703,125.79856872558594,25.125,0.0,-171.8756103515625,0.0,2
2251,0,116.125,116.12512969970703,25.125,0.0,-171.8756103515625,0.0,2
2252,0,116.125,116.1252670288086,25.125,0.0,-154.9786376953125,0.0,2
2253,0,116.125,116.12561798095703,25.125,0.0,-138.0816650390625,0.0,2
2254,0,116.125,116.12579345703125,25.125,0.0,-121.1846923828125,0.0,2
2255,0,116.125,116.1256103515625,25.125,0.0,-104.2877197265625,0.0,2
2256,0,116.17242431640625,116.12592315673828,25.125,0.0,-87.396240234375,0.0,2
2257,0,117.85842895507812,116.1255874633789,25.125,0.0,-70.499267578125,0.0,2
2258,0,129.39852905273438,116.12574005126953,25.125,0.0,-53.602294921875,0.0,2
2259,0,157.8252410888672,116.12537384033203,25.125,0.0,-36.705322265625,0.0,2
2260,0,201.0045928955078,116.12554931640625,25.125,0.0,-36.705322265625,0.0,2
2261,0,245.74880981445312,116.12518310546875,25.125,0.0,-19.808349609375,0.0,2
2262,0,288.0355529785156,116.12503051757812,25.125,0.0,-2.911376953125,0.0,2
2263,0,328.8667297363281,117.34333801269531,25.125,0.0,13.9801025390625,0.0,2
2264,0,361.287109375,116.1256103515625,25.125,0.0,13.9801025390625,0.0,2
2265,0,399.231689453125,121.14049530029297,25.125,0.0,13.9801025390625,0.0,2
2266,0,439.57611083984375,127.37669372558594,25.125,0.0,-2.911376953125,0.0,2
2267,0,481.34326171875,129.6060333251953,25.125,0.0,-2.911376953125,0.0,2
2268,0,522.4881591796875,127.49994659423828,25.125,0.0,-19.808349609375,0.0,2
2269,0,564.1309204101562,116.87175750732422,25.125,0.0,-36.705322265625,0.0,2
2270,0,606.6572265625,116.12518310546875,25.125,0.0,-19.808349609375,0.0,2
2271,0,652.9237670898438,116.12554931640625,25.125,0.0,-36.705322265625,0.0,2
2272,0,700.8544921875,116.12574768066406,25.125,0.0,-53.602294921875,0.0,2
2273,0,742.6590576171875,116.1255874633789,25.125,0.0,-70.499267578125,0.0,2
2274,0,771.9413452148438,116.12592315673828,25.125,0.0,-87.396240234375,0.0,2
2275,0,783.875,116.1255874633789,25.125,0.0,-70.499267578125,0.0,2
2276,0,783.875,116.12586975097656,25.125,0.0,-70.499267578125,0.0,2
2277,0,783.875,116.12550354003906,25.125,0.0,-53.602294921875,0.0,2
2278,0,783.875,116.12554931640625,25.125,0.0,-36.705322265625,0.0,2
2279,0,783.875,116.12574768066406,25.125,0.0,-53.602294921875,0.0,2
2280,0,783.875,116.12554931640625,25.125,0.0,-36.705322265625,0.0,2
2281,0,771.1788330078125,116.12574005126953,25.125,0.0,-36.705322265625,0.0,2
2282,0,777.8729248046875,116.12521362304688,25.125,0.0,-19.808349609375,0.0,2
2283,0,783.8740844726562,116.125,25.125,0.0,-2.911376953125,0.0,2
2284,0,783.8743896484375,116.90198516845703,25.125,0.0,13.9801025390625,0.0,2
2285,0,783.8742065429688,123.79948425292969,25.125,0.0,30.8770751953125,0.0,2
2286,0,783.8743896484375,146.68165588378906,25.125,0.0,47.7740478515625,0.0,2
2287,0,783.8746948242188,186.65255737304688,25.125,0.0,64.6710205078125,0.0,2
2288,0,786.4476928710938,233.05850219726562,25.125,0.0,47.7740478515625,0.0,2
2289,0,802.0567626953125,273.7740173339844,25.125,0.0,47.7740478515625,0.0,2
2290,0,827.0953369140625,308.9904479980469,25.125,0.0,30.8770751953125,0.0,2
2291,0,860.06689453125,335.861572265625,25.125,0.0,13.9801025390625,0.0,2
2292,0,900.316650390625,352.86749267578125,25.125,0.0,-2.911376953125,0.0,2
2293,0,941.84814453125,357.57574462890625,25.125,0.0,-19.808349609375,0.0,2
2294,0,984.9859619140625,349.74603271484375,25.125,0.0,-36.705322265625,0.0,2
2295,0,1023.10498046875,330.1589050292969,25.125,0.0,-53.602294921875,0.0,2
2296,0,1056.139404296875,304.1659240722656,25.125,0.0,-36.705322265625,0.0,2
2297,0,1083.871826171875,277.43115234375,25.125,0.0,-53.602294921875,0.0,2
2298,0,1083.8748779296875,238.94187927246094,25.125,0.0,-70.499267578125,0.0,2
2299,0,1083.874755859375,195.3462677001953,25.125,0.0,-70.499267578125,0.0,2
2300,0,1089.03173828125,152.14700317382812,25.125,0.0,-53.602294921875,0.0,2
2301,0,1108.043701171875,116.1288833618164,25.125,0.0,-36.705322265625,0.0,2
2302,0,1142.787109375,116.12516784667969,25.125,0.0,-19.808349609375,0.0,2
2303,0,1189.04345703125,116.12554931640625,25.125,0.0,-36.705322265625,0.0,2
2304,0,1236.9742431640625,116.12574768066406,25.125,0.0,-53.602294921875,0.0,2
2305,0,1284.687255859375,116.12551879882812,25.125,0.0,-36.705322265625,0.0,2
2306,0,1329.55810546875,116.12518310546875,25.125,0.0,-19.808349609375,0.0,2
2307,0,1370.874267578125,116.12501525878906,25.125,0.0,-2.911376953125,0.0,2
2308,0,1412.65966796875,117.4160385131836,25.125,0.0,13.9801025390625,0.0,2
2309,0,1453.56640625,125.08831787109375,25.125,0.0,30.8770751953125,0.0,2
2310,0,1493.050537109375,142.7088623046875,25.125,0.0,47.7740478515625,0.0,2
2311,0,1527.143310546875,165.4073028564453,25.125,0.0,30.8770751953125,0.0,2
2312,0,1560.5985107421875,183.8743133544922,25.125,0.0,47.7740478515625,0.0,2
2313,0,1596.0445556640625,183.87416076660156,25.125,0.0,64.6710205078125,0.0,2
2314,0,1631.27734375,187.45724487304688,25.125,0.0,47.7740478515625,0.0,2
2315,0,1667.5888671875,212.74832153320312,25.125,0.0,64.6710205078125,0.0,2
2316,0,1683.875,248.70997619628906,25.125,0.0,81.5679931640625,0.0,2
2317,0,1683.8748779296875,290.6745300292969,25.125,0.0,81.5679931640625,0.0,2
2318,0,1685.0997314453125,332.8294677734375,25.125,0.0,64.6710205078125,0.0,2
2319,0,1692.526611328125,374.1896057128906,25.125,0.0,81.5679931640625,0.0,2
2320,0,1696.160888671875,383.87408447265625,25.125,0.0,98.45947265625,0.0,2
2321,0,1695.203857421875,383.87408447265625,25.125,0.0,98.45947265625,0.0,2
2322,0,1691.508544921875,383.8741760253906,25.125,0.0,115.3564453125,0.0,2
2323,0,1680.127685546875,388.410400390625,25.125,0.0,98.45947265625,0.0,2
2324,0,1668.636962890625,422.8870849609375,25.125,0.0,98.45947265625,0.0,2
2325,0,1659.9327392578125,462.6795959472656,25.125,0.0,98.45947265625,0.0,2
2326,0,1654.5079345703125,504.3933410644531,25.125,0.0,81.5679931640625,0.0,2
2327,0,1657.0198974609375,546.2217407226562,25.125,0.0,64.6710205078125,0.0,2
2328,0,1665.8314208984375,583.8717041015625,25.125,0.0,81.5679931640625,0.0,2
2329,0,1676.900390625,583.8741455078125,25.125,0.0,64.6710205078125,0.0,2
2330,0,1693.850830078125,583.8743896484375,25.125,0.0,81.5679931640625,0.0,2
2331,0,1707.836669921875,583.8740844726562,25.125,0.0,81.5679931640625,0.0,2
2332,0,1719.4407958984375,588.4568481445312,25.125,0.0,81.5679931640625,0.0,2
2333,0,1732.763427734375,622.2320556640625,25.125,0.0,64.6710205078125,0.0,2
2334,0,1748.4652099609375,659.7626342773438,25.125,0.0,64.6710205078125,0.0,2
2335,0,1763.8297119140625,698.6970825195312,25.125,0.0,81.5679931640625,0.0,2
2336,0,1776.201171875,737.537109375,25.125,0.0,64.6710205078125,0.0,2
2337,0,1793.32958984375,776.2684326171875,25.125,0.0,47.7740478515625,0.0,2
2338,0,1822.09033203125,783.87451171875,25.125,0.0,30.8770751953125,0.0,2
2339,0,1864.652099609375,783.87451171875,25.125,0.0,47.7740478515625,0.0,2
2340,0,1909.546875,783.8743286132812,25.125,0.0,47.7740478515625,0.0,2
2341,0,1952.1085205078125,798.8217163085938,25.125,0.0,64.6710205078125,0.0,2
2342,0,1983.061767578125,833.00146484375,25.125,0.0,81.5679931640625,0.0,2
2343,0,1983.874755859375,874.7509765625,25.125,0.0,64.6710205078125,0.0,2
2344,0,1983.8743896484375,922.5407104492188,25.125,0.0,47.7740478515625,0.0,2
2345,0,1983.874755859375,969.1885986328125,25.125,0.0,64.6710205078125,0.0,2
2346,0,1983.8743896484375,1016.9892578125,25.125,0.0,47.7740478515625,0.0,2
2347,0,1983.874267578125,1063.7774658203125,25.125,0.0,30.8770751953125,0.0,2
2348,0,1983.8743896484375,1102.1654052734375,25.125,0.0,13.9801025390625,0.0,2
2349,0,1983.8740234375,1126.389404296875,25.125,0.0,-2.911376953125,0.0,2
2350,0,1983.8743896484375,1132.6773681640625,25.125,0.0,-19.808349609375,0.0,2
2351,0,1983.874267578125,1122.5181884765625,25.125,0.0,-36.705322265625,0.0,2
2352,0,1983.8743896484375,1099.46484375,25.125,0.0,-19.808349609375,0.0,2
2353,0,1983.8740234375,1078.121826171875,25.125,0.0,-2.911376953125,0.0,2
2354,0,1983.8741455078125,1069.685791015625,25.125,0.0,13.9801025390625,0.0,2
2355,0,1983.874267578125,1076.3050537109375,25.125,0.0,30.8770751953125,0.0,2
2356,0,1983.8743896484375,1099.0428466796875,25.125,0.0,47.7740478515625,0.0,2
2357,0,1983.874755859375,1137.980224609375,25.125,0.0,64.6710205078125,0.0,2
2358,0,1983.8748779296875,1181.055419921875,25.125,0.0,81.5679931640625,0.0,2
2359,0,1983.8743896484375,1204.2001953125,25.125,0.0,81.5679931640625,0.0,2
2360,0,1983.8746337890625,1236.522705078125,25.125,0.0,64.6710205078125,0.0,2
2361,0,1963.51123046875,1273.525390625,25.125,0.0,64.6710205078125,0.0,2
2362,0,1950.9281005859375,1315.78271484375,25.125,0.0,81.5679931640625,0.0,2
2363,0,1951.808349609375,1358.11279296875,25.125,0.0,64.6710205078125,0.0,2
2364,0,1965.0552978515625,1383.87451171875,25.125,0.0,47.7740478515625,0.0,2
2365,0,1983.8746337890625,1383.875,25.125,0.0,64.6710205078125,0.0,2
2366,0,1983.874755859375,1383.875,25.125,0.0,64.6710205078125,0.0,2
2367,0,1983.8748779296875,1383.875,25.125,0.0,81.5679931640625,0.0,2
2368,0,1983.5888671875,1383.8743896484375,25.125,0.0,98.45947265625,0.0,2
2369,0,1979.7958984375,1383.8741455078125,25.125,0.0,115.3564453125,0.0,2
2370,0,1962.6756591796875,1383.874267578125,25.125,0.0,132.25341796875,0.0,2
2371,0,1929.72119140625,1383.874267578125,25.125,0.0,132.25341796875,0.0,2
2372,0,1890.1417236328125,1383.874267578125,25.125,0.0,132.25341796875,0.0,2
2373,0,1848.420166015625,1393.1376953125,25.125,0.0,149.150390625,0.0,2
2374,0,1810.0513916015625,1412.1026611328125,25.125,0.0,132.25341796875,0.0,2
2375,0,1777.2137451171875,1437.17724609375,25.125,0.0,132.25341796875,0.0,2
2376,0,1745.4940185546875,1464.292724609375,25.125,0.0,149.150390625,0.0,2
2377,0,1711.607421875,1486.457763671875,25.125,0.0,166.04736328125,0.0,2
2378,0,1671.146240234375,1501.342041015625,25.125,0.0,-177.0556640625,0.0,2
2379,0,1643.0355224609375,1530.9605712890625,25.125,0.0,-177.0556640625,0.0,2
2380,0,1608.3033447265625,1558.6234130859375,25.125,0.0,166.04736328125,0.0,2
2381,0,1571.8304443359375,1577.0765380859375,25.125,0.0,149.150390625,0.0,2
2382,0,1533.721435546875,1583.87451171875,25.125,0.0,132.25341796875,0.0,2
2383,0,1488.5244140625,1583.8746337890625,25.125,0.0,149.150390625,0.0,2
2384,0,1446.165283203125,1587.7733154296875,25.125,0.0,166.04736328125,0.0,2
2385,0,1404.8177490234375,1593.663818359375,25.125,0.0,-177.0556640625,0.0,2
2386,0,1363.261962890625,1593.5546875,25.125,0.0,-160.1641845703125,0.0,2
2387,0,1322.1690673828125,1583.8707275390625,25.125,0.0,-143.2672119140625,0.0,2
2388,0,1284.7359619140625,1566.080810546875,25.125,0.0,-143.2672119140625,0.0,2
2389,0,1249.14892578125,1546.20361328125,25.125,0.0,-160.1641845703125,0.0,2
2390,0,1216.7235107421875,1556.716064453125,25.125,0.0,-160.1641845703125,0.0,2
2391,0,1177.3226318359375,1569.82080078125,25.125,0.0,-177.0556640625,0.0,2
2392,0,1148.85009765625,1598.8060302734375,25.125,0.0,-177.0556640625,0.0,2
2393,0,1112.7216796875,1620.482421875,25.125,0.0,-160.1641845703125,0.0,2
2394,0,1069.5130615234375,1623.602783203125,25.125,0.0,-177.0556640625,0.0,2
2395,0,1028.7210693359375,1625.2271728515625,25.125,0.0,166.04736328125,0.0,2
2396,0,987.843505859375,1633.0020751953125,25.125,0.0,149.150390625,0.0,2
2397,0,949.105224609375,1645.983154296875,25.125,0.0,166.04736328125,0.0,2
2398,0,910.5979614257812,1659.5062255859375,25.125,0.0,149.150390625,0.0,2
2399,0,872.9444580078125,1679.3466796875,25.125,0.0,132.25341796875,0.0,2
2400,0,841.113525390625,1707.0572509765625,25.125,0.0,115.3564453125,0.0,2
2401,0,816.9827880859375,1743.31298828125,25.125,0.0,98.45947265625,0.0,2
2402,0,804.15576171875,1784.0645751953125,25.125,0.0,81.5679931640625,0.0,2
2403,0,803.5355224609375,1827.832763671875,25.125,0.0,64.6710205078125,0.0,2
2404,0,810.7823486328125,1868.228271484375,25.125,0.0,81.5679931640625,0.0,2
2405,0,816.0838623046875,1908.9774169921875,25.125,0.0,98.45947265625,0.0,2
2406,0,813.5684204101562,1950.81982421875,25.125,0.0,115.3564453125,0.0,2
2407,0,800.552734375,1983.87451171875,25.125,0.0,132.25341796875,0.0,2
2408,0,806.1558837890625,1983.8743896484375,25.125,0.0,132.25341796875,0.0,2
2409,0,805.5948486328125,1983.8743896484375,25.125,0.0,115.3564453125,0.0,2
2410,0,786.4589233398438,1983.874267578125,25.125,0.0,132.25341796875,0.0,2
2411,0,751.5029296875,1983.87451171875,25.125,0.0,149.150390625,0.0,2
2412,0,707.5748901367188,1983.8748779296875,25.125,0.0,166.04736328125,0.0,2
2413,0,663.990966796875,1983.8746337890625,25.125,0.0,149.150390625,0.0,2
2414,0,616.1548461914062,1983.87451171875,25.125,0.0,132.25341796875,0.0,2
2415,0,571.3843994140625,1983.8741455078125,25.125,0.0,115.3564453125,0.0,2
2416,0,537.3280029296875,1983.8743896484375,25.125,0.0,98.45947265625,0.0,2
2417,0,518.3660888671875,1983.8741455078125,25.125,0.0,81.5679931640625,0.0,2
2418,0,518.182373046875,1983.8743896484375,25.125,0.0,64.6710205078125,0.0,2
2419,0,534.1932983398438,1983.874267578125,25.125,0.0,47.7740478515625,0.0,2
2420,0,563.1022338867188,1983.8741455078125,25.125,0.0,64.6710205078125,0.0,2
2421,0,590.5692749023438,1983.8741455078125,25.125,0.0,81.5679931640625,0.0,2
2422,0,608.9334716796875,1983.8741455078125,25.125,0.0,81.5679931640625,0.0,2
2423,0,619.3653564453125,1983.8743896484375,25.125,0.0,98.45947265625,0.0,2
2424,0,616.6829223632812,1983.8741455078125,25.125,0.0,115.3564453125,0.0,2
2425,0,605.9429931640625,1983.8743896484375,25.125,0.0,98.45947265625,0.0,2
2426,0,591.8128662109375,1983.8741455078125,25.125,0.0,115.3564453125,0.0,2
2427,0,570.4013671875,1983.8743896484375,25.125,0.0,115.3564453125,0.0,2
2428,0,547.0453491210938,1983.8741455078125,25.125,0.0,98.45947265625,0.0,2
2429,0,533.451171875,1983.8741455078125,25.125,0.0,81.5679931640625,0.0,2
2430,0,532.9421997070312,1983.8741455078125,25.125,0.0,81.5679931640625,0.0,2
2431,0,536.6347045898438,1983.8741455078125,25.125,0.0,64.6710205078125,0.0,2
2432,0,548.0067138671875,1983.8743896484375,25.125,0.0,81.5679931640625,0.0,2
2433,0,555.5765991210938,1983.8741455078125,25.125,0.0,98.45947265625,0.0,2
2434,0,552.2398681640625,1983.8743896484375,25.125,0.0,115.3564453125,0.0,2
2435,0,534.931884765625,1983.874267578125,25.125,0.0,132.25341796875,0.0,2
2436,0,500.8179931640625,1983.87451171875,25.125,0.0,149.150390625,0.0,2
2437,0,456.9786071777344,1983.8748779296875,25.125,0.0,166.04736328125,0.0,2
2438,0,416.12188720703125,1983.8406982421875,25.125,0.0,-177.0556640625,0.0,2
2439,0,375.1626281738281,1983.8748779296875,25.125,0.0,166.04736328125,0.0,2
2440,0,330.5963134765625,1983.8746337890625,25.125,0.0,149.150390625,0.0,2
2441,0,282.76025390625,1983.87451171875,25.125,0.0,132.25341796875,0.0,2
2442,0,236.99264526367188,1983.8741455078125,25.125,0.0,115.3564453125,0.0,2
2443,0,203.69158935546875,1983.8743896484375,25.125,0.0,98.45947265625,0.0,2
2444,0,178.4563751220703,1983.8741455078125,25.125,0.0,115.3564453125,0.0,2
2445,0,152.32769775390625,1983.8741455078125,25.125,0.0,115.3564453125,0.0,2
2446,0,126.93510437011719,1983.8741455078125,25.125,0.0,98.45947265625,0.0,2
2447,0,116.12539672851562,1983.875,25.125,0.0,115.3564453125,0.0,2
2448,0,116.12509155273438,1983.875,25.125,0.0,98.45947265625,0.0,2
2449,0,116.12539672851562,1983.875,25.125,0.0,115.3564453125,0.0,2
2450,0,116.12541961669922,1983.875,25.125,0.0,132.25341796875,0.0,2
2451,0,116.12579345703125,1983.875,25.125,0.0,149.150390625,0.0,2
2452,0,116.1256103515625,1983.875,25.125,0.0,166.04736328125,0.0,2
2453,0,116.12592315673828,1983.8140869140625,25.125,0.0,-177.0556640625,0.0,2
2454,0,116.12586975097656,1982.0238037109375,25.125,0.0,-160.1641845703125,0.0,2
2455,0,116.12574005126953,1970.14599609375,25.125,0.0,-143.2672119140625,0.0,2
2456,0,116.12554931640625,1941.302978515625,25.125,0.0,-126.3702392578125,0.0,2
2457,0,116.12512969970703,1899.240966796875,25.125,0.0,-109.4732666015625,0.0,2
2458,0,116.12554168701172,1853.094970703125,25.125,0.0,-126.3702392578125,0.0,2
2459,0,116.12550354003906,1805.1693115234375,25.125,0.0,-143.2672119140625,0.0,2
2460,0,116.12548828125,1757.2784423828125,25.125,0.0,-126.3702392578125,0.0,2
2461,0,116.12574005126953,1709.2054443359375,25.125,0.0,-143.2672119140625,0.0,2
2462,0,116.12586975097656,1667.2291259765625,25.125,0.0,-160.1641845703125,0.0,2
2463,0,116.12592315673828,1637.7979736328125,25.125,0.0,-177.0556640625,0.0,2
2464,0,116.12562561035156,1621.6663818359375,25.125,0.0,-177.0556640625,0.0,2
2465,0,116.12592315673828,1613.173583984375,25.125,0.0,-177.0556640625,0.0,2
2466,0,116.12562561035156,1611.3138427734375,25.125,0.0,-177.0556640625,0.0,2
2467,0,116.12586975097656,1609.39404296875,25.125,0.0,-160.1641845703125,0.0,2
2468,0,116.12562561035156,1604.34423828125,25.125,0.0,-177.0556640625,0.0,2
2469,0,116.12590026855469,1604.5897216796875,25.125,0.0,166.04736328125,0.0,2
2470,0,116.12590026855469,1607.868408203125,25.125,0.0,166.04736328125,0.0,2
2471,0,116.12579345703125,1617.3507080078125,25.125,0.0,149.150390625,0.0,2
2472,0,116.12590026855469,1636.61083984375,25.125,0.0,166.04736328125,0.0,2
2473,0,116.1256103515625,1655.13427734375,25.125,0.0,166.04736328125,0.0,2
2474,0,116.12592315673828,1669.802001953125,25.125,0.0,-177.0556640625,0.0,2
2475,0,116.12562561035156,1673.1669921875,25.125,0.0,-177.0556640625,0.0,2
2476,0,116.12592315673828,1672.817626953125,25.125,0.0,-177.0556640625,0.0,2
2477,0,116.1255874633789,1671.038818359375,25.125,0.0,-160.1641845703125,0.0,2
2478,0,116.12574005126953,1659.2607421875,25.125,0.0,-143.2672119140625,0.0,2
2479,0,116.12586975097656,1635.3399658203125,25.125,0.0,-160.1641845703125,0.0,2
2480,0,116.12550354003906,1608.39208984375,25.125,0.0,-143.2672119140625,0.0,2
2481,0,116.12574005126953,1574.745361328125,25.125,0.0,-143.2672119140625,0.0,2
2482,0,116.12537384033203,1535.1348876953125,25.125,0.0,-126.3702392578125,0.0,2
2483,0,116.12518310546875,1489.774658203125,25.125,0.0,-109.4732666015625,0.0,2
2484,0,116.1251449584961,1447.1802978515625,25.125,0.0,-109.4732666015625,0.0,2
2485,0,116.12554168701172,1401.0343017578125,25.125,0.0,-126.3702392578125,0.0,2
2486,0,116.12574005126953,1353.0889892578125,25.125,0.0,-143.2672119140625,0.0,2
2487,0,116.12574005126953,1307.541748046875,25.125,0.0,-143.2672119140625,0.0,2
2488,0,116.12586975097656,1267.770751953125,25.125,0.0,-160.1641845703125,0.0,2
2489,0,116.12550354003906,1233.6268310546875,25.125,0.0,-143.2672119140625,0.0,2
2490,0,116.12586975097656,1199.3253173828125,25.125,0.0,-160.1641845703125,0.0,2
2491,0,116.1255874633789,1170.364501953125,25.125,0.0,-160.1641845703125,0.0,2
2492,0,116.12586975097656,1144.0335693359375,25.125,0.0,-160.1641845703125,0.0,2
2493,0,116.12562561035156,1122.8214111328125,25.125,0.0,-177.0556640625,0.0,2
2494,0,116.12590026855469,1113.918701171875,25.125,0.0,166.04736328125,0.0,2
2495,0,116.12590026855469,1116.55419921875,25.125,0.0,166.04736328125,0.0,2
2496,0,116.12592315673828,1118.63720703125,25.125,0.0,-177.0556640625,0.0,2
2497,0,116.12592315673828,1118.3031005859375,25.125,0.0,-177.0556640625,0.0,2
2498,0,116.1255874633789,1116.517822265625,25.125,0.0,-160.1641845703125,0.0,2
2499,0,116.12574005126953,1105.228271484375,25.125,0.0,-143.2672119140625,0.0,2
2500,0,116.12537384033203,1076.7469482421875,25.125,0.0,-126.3702392578125,0.0,2
2501,0,116.12518310546875,1033.80517578125,25.125,0.0,-109.4732666015625,0.0,2
2502,0,116.12501525878906,992.5348510742188,25.125,0.0,-92.5762939453125,0.0,2
2503,0,116.1252212524414,950.0671997070312,25.125,0.0,-109.4732666015625,0.0,2
2504,0,116.12554168701172,904.97998046875,25.125,0.0,-126.3702392578125,0.0,2
2505,0,116.12574005126953,855.965576171875,25.125,0.0,-143.2672119140625,0.0,2
2506,0,116.12586975097656,814.0923461914062,25.125,0.0,-160.1641845703125,0.0,2
2507,0,116.12562561035156,784.6695556640625,25.125,0.0,-177.0556640625,0.0,2
2508,0,116.12590026855469,771.67724609375,25.125,0.0,166.04736328125,0.0,2
2509,0,116.12553405761719,776.4521484375,25.125,0.0,149.150390625,0.0,2
2510,0,116.12590026855469,793.2506713867188,25.125,0.0,166.04736328125,0.0,2
2511,0,116.12592315673828,807.4672241210938,25.125,0.0,-177.0556640625,0.0,2
2512,0,116.12586975097656,808.587158203125,25.125,0.0,-160.1641845703125,0.0,2
2513,0,116.12574005126953,797.0634765625,25.125,0.0,-143.2672119140625,0.0,2
2514,0,129.88465881347656,766.3983764648438,25.125,0.0,-143.2672119140625,0.0,2
2515,0,126.22064208984375,726.427734375,25.125,0.0,-126.3702392578125,0.0,2
2516,0,116.12550354003906,687.966064453125,25.125,0.0,-143.2672119140625,0.0,2
2517,0,116.12586975097656,650.3744506835938,25.125,0.0,-160.1641845703125,0.0,2
2518,0,116.12521362304688,650.0414428710938,25.125,0.0,-160.1641845703125,0.0,2
2519,0,116.12592315673828,656.3899536132812,25.125,0.0,-177.0556640625,0.0,2
2520,0,116.12590026855469,657.1553344726562,25.125,0.0,166.04736328125,0.0,2
2521,0,116.12592315673828,657.8438110351562,25.125,0.0,-177.0556640625,0.0,2
2522,0,117.25069427490234,634.9789428710938,25.125,0.0,-177.0556640625,0.0,2
2523,0,116.1255874633789,606.692626953125,25.125,0.0,-160.1641845703125,0.0,2
2524,0,116.12586975097656,581.7664794921875,25.125,0.0,-160.1641845703125,0.0,2
2525,0,116.1255874633789,558.2338256835938,25.125,0.0,-160.1641845703125,0.0,2
2526,0,116.12574005126953,531.5584716796875,25.125,0.0,-143.2672119140625,0.0,2
2527,0,116.125,516.1251831054688,25.125,0.0,-160.1641845703125,0.0,2
2528,0,116.125,516.1253051757812,25.125,0.0,-160.1641845703125,0.0,2
2529,0,116.125,516.1253051757812,25.125,0.0,-160.1641845703125,0.0,2
2530,0,116.125,516.1253051757812,25.125,0.0,-160.1641845703125,0.0,2
2531,0,116.12743377685547,516.1250610351562,25.125,0.0,-177.0556640625,0.0,2
2532,0,116.12503051757812,539.1066284179688,25.125,0.0,-177.0556640625,0.0,2
2533,0,116.12586975097656,559.123291015625,25.125,0.0,-160.1641845703125,0.0,2
2534,0,116.12550354003906,553.2841796875,25.125,0.0,-143.2672119140625,0.0,2
2535,0,116.12554931640625,526.8717651367188,25.125,0.0,-126.3702392578125,0.0,2
2536,0,116.125,516.1258544921875,25.125,0.0,-109.4732666015625,0.0,2
2537,0,116.125,516.1259155273438,25.125,0.0,-92.5762939453125,0.0,2
2538,0,116.96414947509766,516.1259155273438,25.125,0.0,-75.684814453125,0.0,2
2539,0,123.78274536132812,516.1255493164062,25.125,0.0,-58.787841796875,0.0,2
2540,0,144.92355346679688,516.1257934570312,25.125,0.0,-58.787841796875,0.0,2
2541,0,171.0214080810547,516.1256103515625,25.125,0.0,-75.684814453125,0.0,2
2542,0,193.3000030517578,516.1259155273438,25.125,0.0,-75.684814453125,0.0,2
2543,0,212.2870330810547,516.1256103515625,25.125,0.0,-75.684814453125,0.0,2
2544,0,233.49771118164062,502.7812194824219,25.125,0.0,-58.787841796875,0.0,2
2545,0,256.6386413574219,468.5554504394531,25.125,0.0,-75.684814453125,0.0,2
2546,0,274.9083251953125,432.01123046875,25.125,0.0,-58.787841796875,0.0,2
2547,0,306.9573059082031,420.4184875488281,25.125,0.0,-58.787841796875,0.0,2
2548,0,342.64361572265625,401.0830078125,25.125,0.0,-75.684814453125,0.0,2
2549,0,365.5046081542969,361.53375244140625,25.125,0.0,-92.5762939453125,0.0,2
2550,0,372.8808288574219,318.603759765625,25.125,0.0,-109.4732666015625,0.0,2
2551,0,366.1986083984375,274.9463195800781,25.125,0.0,-126.3702392578125,0.0,2
2552,0,347.1581726074219,236.41343688964844,25.125,0.0,-143.2672119140625,0.0,2
2553,0,316.9180603027344,204.5997772216797,25.125,0.0,-160.1641845703125,0.0,2
2554,0,315.2020263671875,182.27162170410156,25.125,0.0,-177.0556640625,0.0,2
2555,0,287.4057922363281,172.4319610595703,25.125,0.0,166.04736328125,0.0,2
2556,0,245.04925537109375,176.5142364501953,25.125,0.0,149.150390625,0.0,2
2557,0,204.9644317626953,183.87490844726562,25.125,0.0,166.04736328125,0.0,2
2558,0,161.04055786132812,186.36842346191406,25.125,0.0,149.150390625,0.0,2
2559,0,121.08989715576172,196.43295288085938,25.125,0.0,166.04736328125,0.0,2
2560,0,116.12592315673828,204.98402404785156,25.125,0.0,-177.0556640625,0.0,2
2561,0,116.12590026855469,206.5904998779297,25.125,0.0,166.04736328125,0.0,2
2562,0,116.12592315673828,207.30650329589844,25.125,0.0,-177.0556640625,0.0,2
2563,0,116.12586975097656,205.516357421875,25.125,0.0,-160.1641845703125,0.0,2
2564,0,116.12550354003906,194.13880920410156,25.125,0.0,-143.2672119140625,0.0,2
2565,0,116.12554931640625,165.55615234375,25.125,0.0,-126.3702392578125,0.0,2
2566,0,116.12512969970703,123.6187744140625,25.125,0.0,-109.4732666015625,0.0,2
2567,0,116.125,116.12592315673828,25.125,0.0,-92.5762939453125,0.0,2
2568,0,116.125,116.12562561035156,25.125,0.0,-92.5762939453125,0.0,2
2569,0,116.9804458618164,116.12589263916016,25.125,0.0,-75.684814453125,0.0,2
2570,0,123.99801635742188,116.12579345703125,25.125,0.0,-58.787841796875,0.0,2
2571,0,145.29510498046875,116.12579345703125,25.125,0.0,-58.787841796875,0.0,2
2572,0,176.61831665039062,116.12561798095703,25.125,0.0,-41.890869140625,0.0,2
2573,0,218.84295654296875,116.12516784667969,25.125,0.0,-24.993896484375,0.0,2
2574,0,262.77886962890625,116.1252670288086,25.125,0.0,-24.993896484375,0.0,2
2575,0,304.81573486328125,116.12505340576172,25.125,0.0,-8.096923828125,0.0,2
2576,0,348.1344909667969,116.12530517578125,25.125,0.0,-24.993896484375,0.0,2
2577,0,392.060302734375,116.12519073486328,25.125,0.0,-24.993896484375,0.0,2
2578,0,439.7644348144531,116.12561798095703,25.125,0.0,-41.890869140625,0.0,2
2579,0,488.8390808105469,116.12561798095703,25.125,0.0,-41.890869140625,0.0,2
2580,0,537.4751586914062,116.12579345703125,25.125,0.0,-58.787841796875,0.0,2
2581,0,576.0017700195312,116.12589263916016,25.125,0.0,-75.684814453125,0.0,2
2582,0,600.4330444335938,116.12562561035156,25.125,0.0,-92.5762939453125,0.0,2
2583,0,607.0006103515625,116.12586975097656,25.125,0.0,-109.4732666015625,0.0,2
2584,0,604.1427612304688,116.12562561035156,25.125,0.0,-92.5762939453125,0.0,2
2585,0,604.9769897460938,116.12589263916016,25.125,0.0,-75.684814453125,0.0,2
2586,0,611.9945678710938,116.12579345703125,25.125,0.0,-58.787841796875,0.0,2
2587,0,633.2982788085938,116.12579345703125,25.125,0.0,-58.787841796875,0.0,2
2588,0,664.6214599609375,116.12561798095703,25.125,0.0,-41.890869140625,0.0,2
2589,0,706.84619140625,116.12516784667969,25.125,0.0,-24.993896484375,0.0,2
2590,0,749.87646484375,116.12507629394531,25.125,0.0,-8.096923828125,0.0,2
2591,0,783.8743896484375,116.42830657958984,25.125,0.0,8.800048828125,0.0,2
2592,0,783.8741455078125,120.27589416503906,25.125,0.0,25.6915283203125,0.0,2
2593,0,783.87451171875,137.0108642578125,25.125,0.0,42.5885009765625,0.0,2
2594,0,783.87451171875,172.02688598632812,25.125,0.0,59.4854736328125,0.0,2
2595,0,783.8748779296875,214.79666137695312,25.125,0.0,76.3824462890625,0.0,2
2596,0,784.8235473632812,256.5871276855469,25.125,0.0,93.2794189453125,0.0,2
2597,0,786.3499145507812,297.3798828125,25.125,0.0,76.3824462890625,0.0,2
2598,0,793.8309326171875,338.3100280761719,25.125,0.0,59.4854736328125,0.0,2
2599,0,808.7105102539062,377.8280334472656,25.125,0.0,59.4854736328125,0.0,2
2600,0,824.9588012695312,415.21649169921875,25.125,0.0,76.3824462890625,0.0,2
2601,0,840.1185913085938,454.0906982421875,25.125,0.0,59.4854736328125,0.0,2
2602,0,855.6661376953125,490.7187194824219,25.125,0.0,76.3824462890625,0.0,2
2603,0,870.7036743164062,529.642578125,25.125,0.0,59.4854736328125,0.0,2
2604,0,886.5709838867188,567.1853637695312,25.125,0.0,76.3824462890625,0.0,2
2605,0,900.5618286132812,583.8740844726562,25.125,0.0,76.3824462890625,0.0,2
2606,0,912.2333374023438,583.8740844726562,25.125,0.0,93.2794189453125,0.0,2
2607,0,912.37158203125,583.8743896484375,25.125,0.0,110.1763916015625,0.0,2
2608,0,907.2272338867188,583.8740844726562,25.125,0.0,93.2794189453125,0.0,2
2609,0,906.2463989257812,583.8743896484375,25.125,0.0,93.2794189453125,0.0,2
2610,0,904.2706298828125,583.8741455078125,25.125,0.0,110.1763916015625,0.0,2
2611,0,892.1864013671875,583.874267578125,25.125,0.0,127.06787109375,0.0,2
2612,0,862.9580688476562,583.8744506835938,25.125,0.0,143.96484375,0.0,2
2613,0,822.2673950195312,583.874267578125,25.125,0.0,127.06787109375,0.0,2
2614,0,778.4856567382812,584.243408203125,25.125,0.0,143.96484375,0.0,2
2615,0,734.4642333984375,598.8787841796875,25.125,0.0,127.06787109375,0.0,2
2616,0,700.8505859375,626.9207153320312,25.125,0.0,110.1763916015625,0.0,2
2617,0,676.6353149414062,662.3422241210938,25.125,0.0,110.1763916015625,0.0,2
2618,0,656.7076416015625,697.8926391601562,25.125,0.0,127.06787109375,0.0,2
2619,0,632.0359497070312,732.3070678710938,25.125,0.0,143.96484375,0.0,2
2620,0,600.7730102539062,760.4886474609375,25.125,0.0,160.86181640625,0.0,2
2621,0,564.9570922851562,781.240966796875,25.125,0.0,160.86181640625,0.0,2
2622,0,526.3194580078125,796.3142700195312,25.125,0.0,177.7587890625,0.0,2
2623,0,516.1256103515625,801.2318115234375,25.125,0.0,-165.34423828125,0.0,2
2624,0,516.1257934570312,794.3782958984375,25.125,0.0,-148.4527587890625,0.0,2
2625,0,511.7229309082031,776.336181640625,25.125,0.0,-165.34423828125,0.0,2
2626,0,478.48419189453125,757.8255004882812,25.125,0.0,-165.34423828125,0.0,2
2627,0,440.98944091796875,741.8446655273438,25.125,0.0,-148.4527587890625,0.0,2
2628,0,404.1754455566406,720.8184814453125,25.125,0.0,-131.5557861328125,0.0,2
2629,0,368.4447021484375,716.1256713867188,25.125,0.0,-131.5557861328125,0.0,2
2630,0,327.73638916015625,716.12548828125,25.125,0.0,-131.5557861328125,0.0,2
2631,0,316.1253967285156,716.125,25.125,0.0,-114.6588134765625,0.0,2
2632,0,316.1250915527344,716.125,25.125,0.0,-97.7618408203125,0.0,2
2633,0,316.1251220703125,716.125,25.125,0.0,-97.7618408203125,0.0,2
2634,0,316.4584655761719,716.1256103515625,25.125,0.0,-80.8648681640625,0.0,2
2635,0,320.5353088378906,716.1258544921875,25.125,0.0,-63.9678955078125,0.0,2
2636,0,338.3722839355469,716.1256713867188,25.125,0.0,-47.076416015625,0.0,2
2637,0,374.0726623535156,716.12548828125,25.125,0.0,-30.179443359375,0.0,2
2638,0,416.8623962402344,716.1251220703125,25.125,0.0,-13.282470703125,0.0,2
2639,0,457.6944580078125,716.1765747070312,25.125,0.0,3.614501953125,0.0,2
2640,0,498.70831298828125,719.2589721679688,25.125,0.0,20.511474609375,0.0,2
2641,0,539.1453857421875,730.3285522460938,25.125,0.0,37.408447265625,0.0,2
2642,0,577.4083251953125,747.3731689453125,25.125,0.0,20.511474609375,0.0,2
2643,0,616.0435791015625,761.5732421875,25.125,0.0,3.614501953125,0.0,2
2644,0,656.4627075195312,772.0733642578125,25.125,0.0,20.511474609375,0.0,2
2645,0,695.3629150390625,784.0768432617188,25.125,0.0,20.511474609375,0.0,2
2646,0,735.5167236328125,795.8032836914062,25.125,0.0,3.614501953125,0.0,2
2647,0,776.8668212890625,801.0012817382812,25.125,0.0,-13.282470703125,0.0,2
2648,0,817.7396240234375,800.556884765625,25.125,0.0,3.614501953125,0.0,2
2649,0,858.540771484375,799.3770751953125,25.125,0.0,-13.282470703125,0.0,2
2650,0,899.5142211914062,792.1373291015625,25.125,0.0,-30.179443359375,0.0,2
2651,0,939.0634765625,777.3943481445312,25.125,0.0,-30.179443359375,0.0,2
2652,0,976.5211181640625,761.297607421875,25.125,0.0,-13.282470703125,0.0,2
2653,0,1017.4126586914062,749.8032836914062,25.125,0.0,3.614501953125,0.0,2
2654,0,1042.8984375,768.1314697265625,25.125,0.0,3.614501953125,0.0,2
2655,0,1077.3697509765625,783.4476928710938,25.125,0.0,-13.282470703125,0.0,2
2656,0,1118.0430908203125,780.707763671875,25.125,0.0,3.614501953125,0.0,2
2657,0,1159.3631591796875,782.3152465820312,25.125,0.0,20.511474609375,0.0,2
2658,0,1183.8740234375,788.5349731445312,25.125,0.0,3.614501953125,0.0,2
2659,0,1183.8743896484375,793.2565307617188,25.125,0.0,20.511474609375,0.0,2
2660,0,1183.874267578125,808.2921142578125,25.125,0.0,37.408447265625,0.0,2
2661,0,1190.7880859375,838.9907836914062,25.125,0.0,54.2999267578125,0.0,2
2662,0,1210.5865478515625,875.9905395507812,25.125,0.0,54.2999267578125,0.0,2
2663,0,1230.7799072265625,911.4386596679688,25.125,0.0,71.1968994140625,0.0,2
2664,0,1249.2630615234375,947.7700805664062,25.125,0.0,54.2999267578125,0.0,2
2665,0,1270.747314453125,983.558349609375,25.125,0.0,54.2999267578125,0.0,2
2666,0,1283.87451171875,1017.8158569335938,25.125,0.0,37.408447265625,0.0,2
2667,0,1283.87451171875,1058.7467041015625,25.125,0.0,54.2999267578125,0.0,2
2668,0,1283.8748779296875,1101.9542236328125,25.125,0.0,71.1968994140625,0.0,2
2669,0,1286.0987548828125,1144.96240234375,25.125,0.0,71.1968994140625,0.0,2
2670,0,1294.131591796875,1185.1583251953125,25.125,0.0,71.1968994140625,0.0,2
2671,0,1303.3067626953125,1225.888671875,25.125,0.0,88.0938720703125,0.0,2
2672,0,1306.60546875,1267.2923583984375,25.125,0.0,104.9908447265625,0.0,2
2673,0,1299.7840576171875,1283.87451171875,25.125,0.0,121.8878173828125,0.0,2
2674,0,1270.569091796875,1271.0933837890625,25.125,0.0,121.8878173828125,0.0,2
2675,0,1232.5074462890625,1276.5855712890625,25.125,0.0,138.779296875,0.0,2
2676,0,1193.247314453125,1283.8743896484375,25.125,0.0,138.779296875,0.0,2
2677,0,1151.306396484375,1291.7083740234375,25.125,0.0,138.779296875,0.0,2
2678,0,1113.1427001953125,1311.27587890625,25.125,0.0,138.779296875,0.0,2
2679,0,1078.631591796875,1332.957275390625,25.125,0.0,155.67626953125,0.0,2
2680,0,1040.478759765625,1351.3447265625,25.125,0.0,172.5732421875,0.0,2
2681,0,1018.0230712890625,1384.227783203125,25.125,0.0,172.5732421875,0.0,2
2682,0,989.6312866210938,1417.1402587890625,25.125,0.0,155.67626953125,0.0,2
2683,0,956.3284912109375,1442.50341796875,25.125,0.0,138.779296875,0.0,2
2684,0,923.3473510742188,1466.5628662109375,25.125,0.0,155.67626953125,0.0,2
2685,0,885.59228515625,1486.279541015625,25.125,0.0,172.5732421875,0.0,2
2686,0,844.6422729492188,1496.4986572265625,25.125,0.0,-170.52978515625,0.0,2
2687,0,802.0975952148438,1495.550048828125,25.125,0.0,-153.6328125,0.0,2
2688,0,761.935791015625,1487.269287109375,25.125,0.0,-170.52978515625,0.0,2
2689,0,722.2928466796875,1477.418701171875,25.125,0.0,-153.6328125,0.0,2
2690,0,683.002197265625,1460.8837890625,25.125,0.0,-136.73583984375,0.0,2
2691,0,648.9014282226562,1435.89990234375,25.125,0.0,-119.8443603515625,0.0,2
2692,0,621.5008544921875,1416.1258544921875,25.125,0.0,-102.9473876953125,0.0,2
2693,0,597.8846435546875,1416.12548828125,25.125,0.0,-119.8443603515625,0.0,2
2694,0,571.59521484375,1408.801025390625,25.125,0.0,-102.9473876953125,0.0,2
2695,0,553.8067626953125,1372.6170654296875,25.125,0.0,-86.0504150390625,0.0,2
2696,0,548.9314575195312,1329.824951171875,25.125,0.0,-69.1534423828125,0.0,2
2697,0,552.5686645507812,1288.89599609375,25.125,0.0,-86.0504150390625,0.0,2
2698,0,554.4383544921875,1247.874755859375,25.125,0.0,-102.9473876953125,0.0,2
2699,0,950.0,250.0,25.125,0.0,171.8975830078125,0.0,2
2700,0,928.9088745117188,256.001953125,25.125,0.0,155.0006103515625,0.0,3
2701,0,890.5914916992188,273.3101501464844,25.125,0.0,138.1036376953125,0.0,3
2702,0,857.3428955078125,297.4169616699219,25.125,0.0,121.212158203125,0.0,3
2703,0,829.8197631835938,331.0967102050781,25.125,0.0,104.315185546875,0.0,3
2704,0,812.9935302734375,370.3487548828125,25.125,0.0,87.418212890625,0.0,3
2705,0,807.933837890625,412.83233642578125,25.125,0.0,70.521240234375,0.0,3
2706,0,815.3257446289062,455.0529479980469,25.125,0.0,53.624267578125,0.0,3
2707,0,830.0632934570312,493.38287353515625,25.125,0.0,70.521240234375,0.0,3
2708,0,843.2919311523438,533.3082275390625,25.125,0.0,87.418212890625,0.0,3
2709,0,848.7666625976562,574.8269653320312,25.125,0.0,104.315185546875,0.0,3
2710,0,843.5390625,583.8742065429688,25.125,0.0,121.212158203125,0.0,3
2711,0,821.6441650390625,583.8743896484375,25.125,0.0,138.1036376953125,0.0,3
2712,0,782.0469970703125,583.8746948242188,25.125,0.0,155.0006103515625,0.0,3
2713,0,740.7056274414062,587.8150024414062,25.125,0.0,171.8975830078125,0.0,3
2714,0,699.9365844726562,591.268310546875,25.125,0.0,-171.2054443359375,0.0,3
2715,0,658.3588256835938,587.7581787109375,25.125,0.0,-154.3084716796875,0.0,3
2716,0,618.2079467773438,574.3854370117188,25.125,0.0,-137.4169921875,0.0,3
2717,0,582.13671875,549.9263916015625,25.125,0.0,-120.52001953125,0.0,3
2718,0,554.9954223632812,516.9681396484375,25.125,0.0,-103.623046875,0.0,3
2719,0,538.0184936523438,476.6277160644531,25.125,0.0,-86.72607421875,0.0,3
2720,0,533.4750366210938,434.0523681640625,25.125,0.0,-69.8291015625,0.0,3
2721,0,541.66796875,391.0020446777344,25.125,0.0,-52.93212890625,0.0,3
2722,0,561.5791625976562,353.1003723144531,25.125,0.0,-36.0406494140625,0.0,3
2723,0,591.5543823242188,322.5145263671875,25.125,0.0,-19.1436767578125,0.0,3
2724,0,629.0938110351562,301.8631896972656,25.125,0.0,-2.2467041015625,0.0,3
2725,0,671.0272827148438,292.99908447265625,25.125,0.0,14.6502685546875,0.0,3
2726,0,714.7339477539062,296.835205078125,25.125,0.0,31.5472412109375,0.0,3
2727,0,754.4863891601562,312.8577880859375,25.125,0.0,48.4442138671875,0.0,3
2728,0,788.5740356445312,340.41815185546875,25.125,0.0,65.335693359375,0.0,3
2729,0,812.6160888671875,375.88238525390625,25.125,0.0,82.232666015625,0.0,3
2730,0,825.5836791992188,417.765380859375,25.125,0.0,99.129638671875,0.0,3
2731,0,828.093017578125,459.3301086425781,25.125,0.0,99.129638671875,0.0,3
2732,0,827.480712890625,500.0845947265625,25.125,0.0,82.232666015625,0.0,3
2733,0,831.927978515625,542.2323608398438,25.125,0.0,65.335693359375,0.0,3
2734,0,842.7283325195312,580.9364013671875,25.125,0.0,65.335693359375,0.0,3
2735,0,863.2626953125,583.8743286132812,25.125,0.0,48.4442138671875,0.0,3
2736,0,896.3305053710938,583.8743286132812,25.125,0.0,48.4442138671875,0.0,3
2737,0,936.9930419921875,589.6171264648438,25.125,0.0,48.4442138671875,0.0,3
2738,0,973.61474609375,611.46240234375,25.125,0.0,48.4442138671875,0.0,3
2739,0,983.874755859375,643.2728271484375,25.125,0.0,65.335693359375,0.0,3
2740,0,983.8743896484375,690.3651733398438,25.125,0.0,48.4442138671875,0.0,3
2741,0,985.7958374023438,736.4104614257812,25.125,0.0,65.335693359375,0.0,3
2742,0,993.42138671875,777.6463012695312,25.125,0.0,82.232666015625,0.0,3
2743,0,996.6478881835938,783.8743896484375,25.125,0.0,99.129638671875,0.0,3
2744,0,996.6920166015625,783.8740844726562,25.125,0.0,82.232666015625,0.0,3
2745,0,997.5711669921875,783.8740844726562,25.125,0.0,82.232666015625,0.0,3
2746,0,997.3545532226562,783.8740844726562,25.125,0.0,99.129638671875,0.0,3
2747,0,997.4046630859375,783.8740844726562,25.125,0.0,82.232666015625,0.0,3
2748,0,997.2242431640625,783.8743896484375,25.125,0.0,99.129638671875,0.0,3
2749,0,996.1278686523438,783.8740844726562,25.125,0.0,99.129638671875,0.0,3
2750,0,992.2145385742188,783.8744506835938,25.125,0.0,116.026611328125,0.0,3
2751,0,974.1260375976562,787.3897094726562,25.125,0.0,132.923583984375,0.0,3
2752,0,941.198974609375,780.7572021484375,25.125,0.0,132.923583984375,0.0,3
2753,0,901.5712280273438,788.309814453125,25.125,0.0,116.026611328125,0.0,3
2754,0,869.521484375,815.735595703125,25.125,0.0,132.923583984375,0.0,3
2755,0,838.4189453125,843.6340942382812,25.125,0.0,149.8150634765625,0.0,3
2756,0,805.3668823242188,867.6392211914062,25.125,0.0,149.8150634765625,0.0,3
2757,0,772.141357421875,891.3427124023438,25.125,0.0,132.923583984375,0.0,3
2758,0,741.5050659179688,920.9017333984375,25.125,0.0,116.026611328125,0.0,3
2759,0,718.6697387695312,956.399658203125,25.125,0.0,99.129638671875,0.0,3
2760,0,705.6817626953125,997.949462890625,25.125,0.0,82.232666015625,0.0,3
2761,0,704.9139404296875,1040.6187744140625,25.125,0.0,65.335693359375,0.0,3
2762,0,716.4878540039062,1081.742431640625,25.125,0.0,48.4442138671875,0.0,3
2763,0,739.3624877929688,1117.902587890625,25.125,0.0,31.5472412109375,0.0,3
2764,0,767.447509765625,1147.859375,25.125,0.0,48.4442138671875,0.0,3
2765,0,797.3939819335938,1177.0640869140625,25.125,0.0,31.5472412109375,0.0,3
2766,0,831.4286499023438,1201.1170654296875,25.125,0.0,14.6502685546875,0.0,3
2767,0,871.6484375,1217.068603515625,25.125,0.0,-2.2467041015625,0.0,3
2768,0,913.9723510742188,1221.62646484375,25.125,0.0,-19.1436767578125,0.0,3
2769,0,956.968505859375,1213.856201171875,25.125,0.0,-36.0406494140625,0.0,3
2770,0,983.8741455078125,1198.8631591796875,25.125,0.0,-19.1436767578125,0.0,3
2771,0,983.8740844726562,1183.2059326171875,25.125,0.0,-2.2467041015625,0.0,3
2772,0,983.8740844726562,1177.9031982421875,25.125,0.0,14.6502685546875,0.0,3
2773,0,983.8748168945312,1156.045166015625,25.125,0.0,14.6502685546875,0.0,3
2774,0,983.8740844726562,1135.629638671875,25.125,0.0,-2.2467041015625,0.0,3
2775,0,983.8743896484375,1130.320068359375,25.125,0.0,14.6502685546875,0.0,3
2776,0,983.8742065429688,1137.1766357421875,25.125,0.0,31.5472412109375,0.0,3
2777,0,983.8744506835938,1157.9681396484375,25.125,0.0,31.5472412109375,0.0,3
2778,0,983.8742065429688,1187.520263671875,25.125,0.0,31.5472412109375,0.0,3
2779,0,984.488037109375,1222.40576171875,25.125,0.0,48.4442138671875,0.0,3
2780,0,997.4483642578125,1261.8587646484375,25.125,0.0,65.335693359375,0.0,3
2781,0,1013.0162353515625,1299.4300537109375,25.125,0.0,65.335693359375,0.0,3
2782,0,1031.25830078125,1336.177490234375,25.125,0.0,48.4442138671875,0.0,3
2783,0,1057.02294921875,1370.3663330078125,25.125,0.0,31.5472412109375,0.0,3
2784,0,1089.9410400390625,1397.0233154296875,25.125,0.0,14.6502685546875,0.0,3
2785,0,1130.0257568359375,1414.18212890625,25.125,0.0,-2.2467041015625,0.0,3
2786,0,1172.4403076171875,1419.146240234375,25.125,0.0,-19.1436767578125,0.0,3
2787,0,1183.8740234375,1417.04052734375,25.125,0.0,-2.2467041015625,0.0,3
2788,0,1183.8741455078125,1415.3836669921875,25.125,0.0,-19.1436767578125,0.0,3
2789,0,1183.8743896484375,1407.55517578125,25.125,0.0,-19.1436767578125,0.0,3
2790,0,1183.8740234375,1395.7506103515625,25.125,0.0,-2.2467041015625,0.0,3
2791,0,1183.8743896484375,1392.7154541015625,25.125,0.0,14.6502685546875,0.0,3
2792,0,1183.8741455078125,1396.8148193359375,25.125,0.0,14.6502685546875,0.0,3
2793,0,1183.87451171875,1407.7777099609375,25.125,0.0,31.5472412109375,0.0,3
2794,0,1183.874267578125,1431.6236572265625,25.125,0.0,31.5472412109375,0.0,3
2795,0,1183.8743896484375,1464.04931640625,25.125,0.0,48.4442138671875,0.0,3
2796,0,1183.874755859375,1507.748779296875,25.125,0.0,65.335693359375,0.0,3
2797,0,1185.980224609375,1549.4310302734375,25.125,0.0,82.232666015625,0.0,3
2798,0,1192.2330322265625,1590.0487060546875,25.125,0.0,65.335693359375,0.0,3
2799,0,1206.2769775390625,1629.5201416015625,25.125,0.0,48.4442138671875,0.0,3
2800,0,1225.660888671875,1665.5498046875,25.125,0.0,65.335693359375,0.0,3
2801,0,1243.001708984375,1703.9508056640625,25.125,0.0,82.232666015625,0.0,3
2802,0,1255.951171875,1742.6285400390625,25.125,0.0,65.335693359375,0.0,3
2803,0,1273.04931640625,1781.2786865234375,25.125,0.0,48.4442138671875,0.0,3
2804,0,1293.7054443359375,1816.4739990234375,25.125,0.0,65.335693359375,0.0,3
2805,0,1329.3529052734375,1829.65283203125,25.125,0.0,65.335693359375,0.0,3
2806,0,1336.439208984375,1839.15087890625,25.125,0.0,65.335693359375,0.0,3
2807,0,1339.3472900390625,1869.02392578125,25.125,0.0,48.4442138671875,0.0,3
2808,0,1358.103271484375,1906.6114501953125,25.125,0.0,65.335693359375,0.0,3
2809,0,1374.19775390625,1943.3843994140625,25.125,0.0,82.232666015625,0.0,3
2810,0,1383.6749267578125,1983.8736572265625,25.125,0.0,99.129638671875,0.0,3
2811,0,1380.5987548828125,1983.8741455078125,25.125,0.0,116.026611328125,0.0,3
2812,0,1362.57373046875,1983.874267578125,25.125,0.0,132.923583984375,0.0,3
2813,0,1329.8885498046875,1983.874267578125,25.125,0.0,132.923583984375,0.0,3
2814,0,1292.2034912109375,1983.8743896484375,25.125,0.0,116.026611328125,0.0,3
2815,0,1254.6639404296875,1983.874267578125,25.125,0.0,132.923583984375,0.0,3
2816,0,1211.6397705078125,1983.874755859375,25.125,0.0,149.8150634765625,0.0,3
2817,0,1162.869140625,1983.874267578125,25.125,0.0,132.923583984375,0.0,3
2818,0,1116.22412109375,1983.874755859375,25.125,0.0,149.8150634765625,0.0,3
2819,0,1072.13671875,1983.8748779296875,25.125,0.0,166.7120361328125,0.0,3
2820,0,1028.7154541015625,1983.8746337890625,25.125,0.0,149.8150634765625,0.0,3
2821,0,982.1337280273438,1983.8746337890625,25.125,0.0,149.8150634765625,0.0,3
2822,0,934.35693359375,1983.874267578125,25.125,0.0,132.923583984375,0.0,3
2823,0,889.2566528320312,1983.8743896484375,25.125,0.0,116.026611328125,0.0,3
2824,0,848.2978515625,1983.874267578125,25.125,0.0,132.923583984375,0.0,3
2825,0,807.8933715820312,1983.8743896484375,25.125,0.0,116.026611328125,0.0,3
2826,0,768.9602661132812,1983.874267578125,25.125,0.0,132.923583984375,0.0,3
2827,0,726.4139404296875,1983.874755859375,25.125,0.0,149.8150634765625,0.0,3
2828,0,677.6389770507812,1983.874267578125,25.125,0.0,132.923583984375,0.0,3
2829,0,630.1907348632812,1983.874267578125,25.125,0.0,132.923583984375,0.0,3
2830,0,581.8076171875,1983.8746337890625,25.125,0.0,149.8150634765625,0.0,3
2831,0,536.2587280273438,1983.8746337890625,25.125,0.0,149.8150634765625,0.0,3
2832,0,493.1763916015625,1983.8748779296875,25.125,0.0,166.7120361328125,0.0,3
2833,0,448.7533874511719,1983.8746337890625,25.125,0.0,149.8150634765625,0.0,3
2834,0,405.67681884765625,1983.8748779296875,25.125,0.0,166.7120361328125,0.0,3
2835,0,361.2538146972656,1983.8746337890625,25.125,0.0,149.8150634765625,0.0,3
2836,0,313.4805603027344,1983.874267578125,25.125,0.0,132.923583984375,0.0,3
2837,0,268.4475402832031,1983.8741455078125,25.125,0.0,116.026611328125,0.0,3
2838,0,233.9377899169922,1983.8741455078125,25.125,0.0,99.129638671875,0.0,3
2839,0,214.61099243164062,1983.8743896484375,25.125,0.0,82.232666015625,0.0,3
2840,0,211.46365356445312,1983.8740234375,25.125,0.0,82.232666015625,0.0,3
2841,0,212.34291076660156,1983.8743896484375,25.125,0.0,82.232666015625,0.0,3
2842,0,212.1373291015625,1983.8741455078125,25.125,0.0,99.129638671875,0.0,3
2843,0,208.2412109375,1983.8743896484375,25.125,0.0,116.026611328125,0.0,3
2844,0,190.15269470214844,1983.874267578125,25.125,0.0,132.923583984375,0.0,3
2845,0,155.4185791015625,1983.87451171875,25.125,0.0,149.8150634765625,0.0,3
2846,0,116.12852478027344,1983.875,25.125,0.0,166.7120361328125,0.0,3
2847,0,116.12592315673828,1983.8004150390625,25.125,0.0,-176.3909912109375,0.0,3
2848,0,116.1255874633789,1981.848388671875,25.125,0.0,-159.4940185546875,0.0,3
2849,0,116.125732421875,1969.310302734375,25.125,0.0,-142.5970458984375,0.0,3
2850,0,116.1253662109375,1939.7720947265625,25.125,0.0,-125.7000732421875,0.0,3
2851,0,116.12554168701172,1895.6710205078125,25.125,0.0,-125.7000732421875,0.0,3
2852,0,116.12533569335938,1848.046630859375,25.125,0.0,-125.7000732421875,0.0,3
2853,0,116.12517547607422,1802.4310302734375,25.125,0.0,-108.80859375,0.0,3
2854,0,116.12551879882812,1757.5179443359375,25.125,0.0,-125.7000732421875,0.0,3
2855,0,116.12533569335938,1709.8541259765625,25.125,0.0,-125.7000732421875,0.0,3
2856,0,116.125732421875,1661.4949951171875,25.125,0.0,-142.5970458984375,0.0,3
2857,0,116.12538146972656,1649.5260009765625,25.125,0.0,-142.5970458984375,0.0,3
2858,0,116.12586212158203,1643.9818115234375,25.125,0.0,-159.4940185546875,0.0,3
2859,0,116.12562561035156,1631.663330078125,25.125,0.0,-176.3909912109375,0.0,3
2860,0,116.12590026855469,1627.5740966796875,25.125,0.0,166.7120361328125,0.0,3
2861,0,116.12592315673828,1628.1109619140625,25.125,0.0,-176.3909912109375,0.0,3
2862,0,116.12592315673828,1627.6832275390625,25.125,0.0,-176.3909912109375,0.0,3
2863,0,116.12586212158203,1625.7713623046875,25.125,0.0,-159.4940185546875,0.0,3
2864,0,116.1255874633789,1616.8492431640625,25.125,0.0,-159.4940185546875,0.0,3
2865,0,116.125732421875,1597.6434326171875,25.125,0.0,-142.5970458984375,0.0,3
2866,0,116.1253662109375,1564.8502197265625,25.125,0.0,-125.7000732421875,0.0,3
2867,0,116.12548828125,1519.278076171875,25.125,0.0,-125.7000732421875,0.0,3
2868,0,116.1255111694336,1502.1322021484375,25.125,0.0,-125.7000732421875,0.0,3
2869,0,116.125732421875,1485.391357421875,25.125,0.0,-142.5970458984375,0.0,3
2870,0,116.12586212158203,1457.1678466796875,25.125,0.0,-159.4940185546875,0.0,3
2871,0,116.12592315673828,1432.9117431640625,25.125,0.0,-176.3909912109375,0.0,3
2872,0,116.12586212158203,1415.9287109375,25.125,0.0,-159.4940185546875,0.0,3
2873,0,116.12549591064453,1393.46826171875,25.125,0.0,-142.5970458984375,0.0,3
2874,0,116.12554168701172,1359.330322265625,25.125,0.0,-125.7000732421875,0.0,3
2875,0,116.1251220703125,1316.0355224609375,25.125,0.0,-108.80859375,0.0,3
2876,0,116.12552642822266,1270.0963134765625,25.125,0.0,-125.7000732421875,0.0,3
2877,0,116.1251220703125,1225.54736328125,25.125,0.0,-108.80859375,0.0,3
2878,0,116.12501525878906,1183.3653564453125,25.125,0.0,-91.91162109375,0.0,3
2879,0,139.59872436523438,1155.9468994140625,25.125,0.0,-91.91162109375,0.0,3
2880,0,180.77134704589844,1142.4476318359375,25.125,0.0,-91.91162109375,0.0,3
2881,0,206.47132873535156,1112.9246826171875,25.125,0.0,-91.91162109375,0.0,3
2882,0,217.09999084472656,1071.9072265625,25.125,0.0,-91.91162109375,0.0,3
2883,0,223.06314086914062,1030.5931396484375,25.125,0.0,-75.0146484375,0.0,3
2884,0,230.83486938476562,991.5965576171875,25.125,0.0,-75.0146484375,0.0,3
2885,0,238.53390502929688,950.4890747070312,25.125,0.0,-91.91162109375,0.0,3
2886,0,243.52284240722656,910.033447265625,25.125,0.0,-75.0146484375,0.0,3
2887,0,249.2935333251953,868.697265625,25.125,0.0,-91.91162109375,0.0,3
2888,0,249.60562133789062,827.2051391601562,25.125,0.0,-108.80859375,0.0,3
2889,0,239.1464385986328,816.12548828125,25.125,0.0,-125.7000732421875,0.0,3
2890,0,213.1468048095703,816.125732421875,25.125,0.0,-125.7000732421875,0.0,3
2891,0,182.43954467773438,816.1256103515625,25.125,0.0,-108.80859375,0.0,3
2892,0,155.1065673828125,793.26025390625,25.125,0.0,-108.80859375,0.0,3
2893,0,133.387451171875,759.68212890625,25.125,0.0,-125.7000732421875,0.0,3
2894,0,116.125732421875,725.2086791992188,25.125,0.0,-142.5970458984375,0.0,3
2895,0,116.125732421875,688.5390625,25.125,0.0,-142.5970458984375,0.0,3
2896,0,116.12586212158203,651.138916015625,25.125,0.0,-159.4940185546875,0.0,3
2897,0,116.12586212158203,620.85498046875,25.125,0.0,-159.4940185546875,0.0,3
2898,0,116.12562561035156,597.0639038085938,25.125,0.0,-176.3909912109375,0.0,3
2899,0,116.12590026855469,586.3305053710938,25.125,0.0,166.7120361328125,0.0,3
2900,0,116.12554168701172,591.389404296875,25.125,0.0,149.8150634765625,0.0,3
2901,0,116.12590026855469,607.7572631835938,25.125,0.0,166.7120361328125,0.0,3
2902,0,116.12562561035156,621.2254028320312,25.125,0.0,-176.3909912109375,0.0,3
2903,0,116.12592315673828,624.0322875976562,25.125,0.0,-176.3909912109375,0.0,3
2904,0,116.12506103515625,646.8644409179688,25.125,0.0,-176.3909912109375,0.0,3
2905,0,116.12592315673828,669.8203125,25.125,0.0,-176.3909912109375,0.0,3
2906,0,116.12586212158203,673.5648803710938,25.125,0.0,-159.4940185546875,0.0,3
2907,0,116.12549591064453,662.6731567382812,25.125,0.0,-142.5970458984375,0.0,3
2908,0,116.125732421875,635.6036987304688,25.125,0.0,-142.5970458984375,0.0,3
2909,0,116.12538146972656,633.9235229492188,25.125,0.0,-142.5970458984375,0.0,3
2910,0,116.12586212158203,631.791748046875,25.125,0.0,-159.4940185546875,0.0,3
2911,0,116.12592315673828,621.6494750976562,25.125,0.0,-176.3909912109375,0.0,3
2912,0,116.12586212158203,612.8421630859375,25.125,0.0,-159.4940185546875,0.0,3
2913,0,116.12586212158203,597.6815795898438,25.125,0.0,-159.4940185546875,0.0,3
2914,0,116.12549591064453,575.1061401367188,25.125,0.0,-142.5970458984375,0.0,3
2915,0,116.125732421875,542.2646484375,25.125,0.0,-142.5970458984375,0.0,3
2916,0,116.125,516.125244140625,25.125,0.0,-159.4940185546875,0.0,3
2917,0,116.125,516.1255493164062,25.125,0.0,-142.5970458984375,0.0,3
2918,0,116.125,516.125244140625,25.125,0.0,-159.4940185546875,0.0,3
2919,0,116.125,516.1250610351562,25.125,0.0,-176.3909912109375,0.0,3
2920,0,116.125,516.1253051757812,25.125,0.0,-159.4940185546875,0.0,3
2921,0,116.125,516.1255493164062,25.125,0.0,-142.5970458984375,0.0,3
2922,0,116.125,516.125732421875,25.125,0.0,-125.7000732421875,0.0,3
2923,0,116.125,516.1256103515625,25.125,0.0,-108.80859375,0.0,3
2924,0,116.125,516.1259155273438,25.125,0.0,-91.91162109375,0.0,3
2925,0,116.12562561035156,516.3429565429688,25.125,0.0,-91.91162109375,0.0,3
2926,0,117.05194854736328,516.1259155273438,25.125,0.0,-75.0146484375,0.0,3
2927,0,124.59197235107422,516.1255493164062,25.125,0.0,-58.11767578125,0.0,3
2928,0,146.66705322265625,516.1257934570312,25.125,0.0,-58.11767578125,0.0,3
2929,0,178.7358856201172,516.1256103515625,25.125,0.0,-41.220703125,0.0,3
2930,0,218.31895446777344,516.1255493164062,25.125,0.0,-58.11767578125,0.0,3
2931,0,256.8256530761719,500.2629699707031,25.125,0.0,-41.220703125,0.0,3
2932,0,290.83953857421875,477.4156494140625,25.125,0.0,-41.220703125,0.0,3
2933,0,324.87628173828125,453.20526123046875,25.125,0.0,-24.3292236328125,0.0,3
2934,0,361.7928466796875,434.0704650878906,25.125,0.0,-7.4322509765625,0.0,3
2935,0,403.6917724609375,423.5340576171875,25.125,0.0,9.4647216796875,0.0,3
2936,0,444.5154724121094,420.3828125,25.125,0.0,-7.4322509765625,0.0,3
2937,0,486.2173767089844,414.5229187011719,25.125,0.0,-24.3292236328125,0.0,3
2938,0,525.8385620117188,404.82904052734375,25.125,0.0,-7.4322509765625,0.0,3
2939,0,565.4527587890625,395.137451171875,25.125,0.0,-24.3292236328125,0.0,3
2940,0,604.0712280273438,379.8437194824219,25.125,0.0,-41.220703125,0.0,3
2941,0,638.84716796875,355.9256286621094,25.125,0.0,-58.11767578125,0.0,3
2942,0,667.9113159179688,325.012939453125,25.125,0.0,-58.11767578125,0.0,3
2943,0,692.4178466796875,292.3959655761719,25.125,0.0,-58.11767578125,0.0,3
2944,0,717.4607543945312,258.9280090332031,25.125,0.0,-41.220703125,0.0,3
2945,0,745.1333618164062,228.84226989746094,25.125,0.0,-41.220703125,0.0,3
2946,0,773.79833984375,198.4456024169922,25.125,0.0,-58.11767578125,0.0,3
2947,0,783.8748168945312,162.10992431640625,25.125,0.0,-75.0146484375,0.0,3
2948,0,783.8746948242188,118.30045318603516,25.125,0.0,-58.11767578125,0.0,3
2949,0,783.875,116.12589263916016,25.125,0.0,-75.0146484375,0.0,3
2950,0,783.875,116.12553405761719,25.125,0.0,-58.11767578125,0.0,3
2951,0,783.875,116.1256103515625,25.125,0.0,-41.220703125,0.0,3
2952,0,783.875,116.12525939941406,25.125,0.0,-24.3292236328125,0.0,3
2953,0,783.875,116.1251220703125,25.125,0.0,-7.4322509765625,0.0,3
2954,0,783.8740844726562,116.50347900390625,25.125,0.0,9.4647216796875,0.0,3
2955,0,783.8741455078125,120.8323745727539,25.125,0.0,26.3616943359375,0.0,3
2956,0,783.8743286132812,139.05810546875,25.125,0.0,43.2586669921875,0.0,3
2957,0,783.8746948242188,174.0226287841797,25.125,0.0,60.1556396484375,0.0,3
2958,0,783.8748779296875,217.79612731933594,25.125,0.0,77.047119140625,0.0,3
2959,0,789.069091796875,258.51812744140625,25.125,0.0,60.1556396484375,0.0,3
2960,0,800.8603515625,298.71966552734375,25.125,0.0,77.047119140625,0.0,3
2961,0,809.8480834960938,338.902099609375,25.125,0.0,93.944091796875,0.0,3
2962,0,814.8890380859375,380.3603820800781,25.125,0.0,77.047119140625,0.0,3
2963,0,823.6715698242188,420.6966857910156,25.125,0.0,60.1556396484375,0.0,3
2964,0,838.52294921875,459.0296936035156,25.125,0.0,60.1556396484375,0.0,3
2965,0,858.8388671875,496.1241455078125,25.125,0.0,43.2586669921875,0.0,3
2966,0,882.47021484375,529.4041748046875,25.125,0.0,60.1556396484375,0.0,3
2967,0,906.8413696289062,563.3231201171875,25.125,0.0,43.2586669921875,0.0,3
2968,0,934.85791015625,592.74365234375,25.125,0.0,26.3616943359375,0.0,3
2969,0,971.0493774414062,616.3758544921875,25.125,0.0,9.4647216796875,0.0,3
2970,0,983.8740844726562,629.167236328125,25.125,0.0,-7.4322509765625,0.0,3
2971,0,983.8740844726562,631.07958984375,25.125,0.0,9.4647216796875,0.0,3
2972,0,983.8741455078125,635.1139526367188,25.125,0.0,26.3616943359375,0.0,3
2973,0,983.8745727539062,652.9717407226562,25.125,0.0,43.2586669921875,0.0,3
2974,0,983.87451171875,688.8140258789062,25.125,0.0,60.1556396484375,0.0,3
2975,0,984.587158203125,731.5531005859375,25.125,0.0,77.047119140625,0.0,3
2976,0,987.6555786132812,773.1670532226562,25.125,0.0,93.944091796875,0.0,3
2977,0,986.4046630859375,783.8743896484375,25.125,0.0,110.841064453125,0.0,3
2978,0,976.5466918945312,797.5189819335938,25.125,0.0,110.841064453125,0.0,3
2979,0,962.6915893554688,835.1557006835938,25.125,0.0,93.944091796875,0.0,3
2980,0,952.273681640625,875.5885009765625,25.125,0.0,110.841064453125,0.0,3
2981,0,942.056884765625,915.0717163085938,25.125,0.0,93.944091796875,0.0,3
2982,0,937.1893920898438,956.3262939453125,25.125,0.0,77.047119140625,0.0,3
2983,0,941.9427490234375,999.2595825195312,25.125,0.0,60.1556396484375,0.0,3
2984,0,957.5823974609375,1038.81005859375,25.125,0.0,43.2586669921875,0.0,3
2985,0,984.3682250976562,1073.3428955078125,25.125,0.0,26.3616943359375,0.0,3
2986,0,1021.4678955078125,1083.8748779296875,25.125,0.0,9.4647216796875,0.0,3
2987,0,1062.21435546875,1083.596435546875,25.125,0.0,-7.4322509765625,0.0,3
2988,0,1085.8812255859375,1059.5308837890625,25.125,0.0,-7.4322509765625,0.0,3
2989,0,1118.0201416015625,1034.9178466796875,25.125,0.0,9.4647216796875,0.0,3
2990,0,1159.9512939453125,1025.63134765625,25.125,0.0,-7.4322509765625,0.0,3
2991,0,1199.9996337890625,1017.4717407226562,25.125,0.0,-24.32373046875,0.0,3
2992,0,1240.2694091796875,1006.5426635742188,25.125,0.0,-7.4322509765625,0.0,3
2993,0,1279.7747802734375,996.4796142578125,25.125,0.0,-24.32373046875,0.0,3
2994,0,1285.9288330078125,976.8135986328125,25.125,0.0,-41.220703125,0.0,3
2995,0,1306.21875,944.377197265625,25.125,0.0,-58.11767578125,0.0,3
2996,0,1330.0447998046875,911.1400146484375,25.125,0.0,-41.220703125,0.0,3
2997,0,1355.938720703125,879.6596069335938,25.125,0.0,-58.11767578125,0.0,3
2998,0,1379.8955078125,846.7005615234375,25.125,0.0,-58.11767578125,0.0,3
2999,0,1383.874267578125,808.8541870117188,25.125,0.0,-41.220703125,0.0,3
3000,0,1387.9990234375,769.5122680664062,25.125,0.0,-24.32373046875,0.0,3
3001,0,1414.4449462890625,735.5023193359375,25.125,0.0,-41.220703125,0.0,3
3002,0,1444.8778076171875,707.4854125976562,25.125,0.0,-24.32373046875,0.0,3
3003,0,1478.7071533203125,682.9443359375,25.125,0.0,-41.220703125,0.0,3
3004,0,1483.8741455078125,656.2589721679688,25.125,0.0,-24.32373046875,0.0,3
3005,0,1483.87451171875,625.4234619140625,25.125,0.0,-41.220703125,0.0,3
3006,0,1483.87451171875,585.50634765625,25.125,0.0,-58.11767578125,0.0,3
3007,0,1488.0115966796875,543.0593872070312,25.125,0.0,-75.0146484375,0.0,3
3008,0,1498.2886962890625,502.049560546875,25.125,0.0,-58.11767578125,0.0,3
3009,0,1516.83642578125,464.3568420410156,25.125,0.0,-41.220703125,0.0,3
3010,0,1542.9100341796875,430.9893493652344,25.125,0.0,-41.220703125,0.0,3
3011,0,1569.8590087890625,400.4046936035156,25.125,0.0,-58.11767578125,0.0,3
3012,0,1593.6129150390625,365.2421875,25.125,0.0,-75.0146484375,0.0,3
3013,0,1608.8055419921875,325.9528503417969,25.125,0.0,-91.91162109375,0.0,3
3014,0,1617.155029296875,313.9529113769531,25.125,0.0,-75.0146484375,0.0,3
3015,0,1628.690185546875,284.1094970703125,25.125,0.0,-75.0146484375,0.0,3
3016,0,1638.9398193359375,244.2688446044922,25.125,0.0,-91.91162109375,0.0,3
3017,0,1645.3077392578125,202.99888610839844,25.125,0.0,-75.0146484375,0.0,3
3018,0,1655.475830078125,162.99562072753906,25.125,0.0,-58.11767578125,0.0,3
3019,0,1672.108642578125,124.3504867553711,25.125,0.0,-58.11767578125,0.0,3
3020,0,1696.7706298828125,116.1256103515625,25.125,0.0,-41.220703125,0.0,3
3021,0,1733.84521484375,116.12578582763672,25.125,0.0,-58.11767578125,0.0,3
3022,0,1770.52783203125,116.12578582763672,25.125,0.0,-58.11767578125,0.0,3
3023,0,1803.9935302734375,116.12560272216797,25.125,0.0,-75.0146484375,0.0,3
3024,0,1832.375244140625,116.12578582763672,25.125,0.0,-58.11767578125,0.0,3
3025,0,1861.3057861328125,116.12560272216797,25.125,0.0,-75.0146484375,0.0,3
3026,0,1888.2952880859375,116.12578582763672,25.125,0.0,-58.11767578125,0.0,3
3027,0,1921.5032958984375,116.12541198730469,25.125,0.0,-41.220703125,0.0,3
3028,0,1962.59375,116.12578582763672,25.125,0.0,-58.11767578125,0.0,3
3029,0,1983.87451171875,116.125,25.125,0.0,-58.11767578125,0.0,3
3030,0,1983.87451171875,116.125,25.125,0.0,-58.11767578125,0.0,3
3031,0,1983.874267578125,116.125,25.125,0.0,-41.220703125,0.0,3
3032,0,1983.8743896484375,116.125,25.125,0.0,-24.32373046875,0.0,3
3033,0,1983.8740234375,116.125,25.125,0.0,-7.4322509765625,0.0,3
3034,0,1983.8743896484375,116.48165893554688,25.125,0.0,9.4647216796875,0.0,3
3035,0,1983.8741455078125,120.75670623779297,25.125,0.0,26.3616943359375,0.0,3
3036,0,1983.874267578125,138.8629913330078,25.125,0.0,43.2586669921875,0.0,3
3037,0,1983.87451171875,174.82176208496094,25.125,0.0,60.1556396484375,0.0,3
3038,0,1983.8748779296875,217.58840942382812,25.125,0.0,77.047119140625,0.0,3
3039,0,1983.874755859375,260.9017639160156,25.125,0.0,60.1556396484375,0.0,3
3040,0,1983.874267578125,309.6236267089844,25.125,0.0,43.2586669921875,0.0,3
3041,0,1983.8743896484375,354.8678283691406,25.125,0.0,26.3616943359375,0.0,3
3042,0,1983.8741455078125,393.52294921875,25.125,0.0,26.3616943359375,0.0,3
3043,0,1983.87451171875,428.72625732421875,25.125,0.0,43.2586669921875,0.0,3
3044,0,1983.8746337890625,472.5394287109375,25.125,0.0,60.1556396484375,0.0,3
3045,0,1965.0440673828125,512.9970092773438,25.125,0.0,60.1556396484375,0.0,3
3046,0,1955.9251708984375,556.28271484375,25.125,0.0,77.047119140625,0.0,3
3047,0,1957.8564453125,597.5397338867188,25.125,0.0,77.047119140625,0.0,3
3048,0,1965.712890625,638.2213134765625,25.125,0.0,60.1556396484375,0.0,3
3049,0,1978.633056640625,677.9751586914062,25.125,0.0,77.047119140625,0.0,3
3050,0,1983.874755859375,718.95556640625,25.125,0.0,60.1556396484375,0.0,3
3051,0,1983.874267578125,767.670654296875,25.125,0.0,43.2586669921875,0.0,3
3052,0,1983.87451171875,782.1862182617188,25.125,0.0,43.2586669921875,0.0,3
3053,0,1983.8741455078125,792.3472290039062,25.125,0.0,26.3616943359375,0.0,3
3054,0,1983.874267578125,816.4462890625,25.125,0.0,43.2586669921875,0.0,3
3055,0,1983.8741455078125,850.5396728515625,25.125,0.0,26.3616943359375,0.0,3
3056,0,1983.8741455078125,879.9932861328125,25.125,0.0,9.4647216796875,0.0,3
3057,0,1983.8743896484375,897.3403930664062,25.125,0.0,-7.4322509765625,0.0,3
3058,0,1983.8741455078125,897.5427856445312,25.125,0.0,-24.32373046875,0.0,3
3059,0,1983.8743896484375,888.4981079101562,25.125,0.0,-7.4322509765625,0.0,3
3060,0,1983.8741455078125,884.1715698242188,25.125,0.0,9.4647216796875,0.0,3
3061,0,1983.8741455078125,888.2060546875,25.125,0.0,26.3616943359375,0.0,3
3062,0,1983.8741455078125,903.388427734375,25.125,0.0,26.3616943359375,0.0,3
3063,0,1983.8741455078125,926.7337646484375,25.125,0.0,26.3616943359375,0.0,3
3064,0,1983.87451171875,956.3710327148438,25.125,0.0,43.2586669921875,0.0,3
3065,0,1983.8746337890625,997.601318359375,25.125,0.0,60.1556396484375,0.0,3
3066,0,1983.87451171875,1045.2510986328125,25.125,0.0,43.2586669921875,0.0,3
3067,0,1983.8743896484375,1059.2916259765625,25.125,0.0,43.2586669921875,0.0,3
3068,0,1983.8746337890625,1073.6925048828125,25.125,0.0,60.1556396484375,0.0,3
3069,0,1983.8748779296875,1112.8896484375,25.125,0.0,77.047119140625,0.0,3
3070,0,1983.8087158203125,1153.7052001953125,25.125,0.0,93.944091796875,0.0,3
3071,0,1983.8748779296875,1194.5911865234375,25.125,0.0,77.047119140625,0.0,3
3072,0,1983.8746337890625,1237.9312744140625,25.125,0.0,60.1556396484375,0.0,3
3073,0,1983.87451171875,1285.585205078125,25.125,0.0,43.2586669921875,0.0,3
3074,0,1983.874267578125,1334.3922119140625,25.125,0.0,43.2586669921875,0.0,3
3075,0,1983.874755859375,1381.791015625,25.125,0.0,60.1556396484375,0.0,3
3076,0,1983.875,1383.8743896484375,25.125,0.0,43.2586669921875,0.0,3
3077,0,1983.875,1383.87451171875,25.125,0.0,60.1556396484375,0.0,3
3078,0,1983.875,1383.8741455078125,25.125,0.0,60.1556396484375,0.0,3
3079,0,1983.875,1383.8741455078125,25.125,0.0,77.047119140625,0.0,3
3080,0,1983.80224609375,1383.8743896484375,25.125,0.0,93.944091796875,0.0,3
3081,0,1983.3544921875,1383.8740234375,25.125,0.0,93.944091796875,0.0,3
3082,0,1981.3033447265625,1383.8743896484375,25.125,0.0,110.841064453125,0.0,3
3083,0,1968.470458984375,1383.874267578125,25.125,0.0,127.738037109375,0.0,3
3084,0,1938.67626953125,1383.8746337890625,25.125,0.0,144.635009765625,0.0,3
3085,0,1896.371826171875,1383.874267578125,25.125,0.0,127.738037109375,0.0,3
3086,0,1853.3558349609375,1389.737548828125,25.125,0.0,144.635009765625,0.0,3
3087,0,1840.3463134765625,1417.7847900390625,25.125,0.0,144.635009765625,0.0,3
3088,0,1824.494873046875,1454.58642578125,25.125,0.0,144.635009765625,0.0,3
3089,0,1796.68896484375,1485.625244140625,25.125,0.0,144.635009765625,0.0,3
3090,0,1767.197021484375,1513.7623291015625,25.125,0.0,127.738037109375,0.0,3
3091,0,1740.719482421875,1545.632568359375,25.125,0.0,110.841064453125,0.0,3
3092,0,1718.1031494140625,1580.7916259765625,25.125,0.0,127.738037109375,0.0,3
3093,0,1696.4315185546875,1615.3580322265625,25.125,0.0,110.841064453125,0.0,3
3094,0,1676.065673828125,1651.7760009765625,25.125,0.0,127.738037109375,0.0,3
3095,0,1655.3492431640625,1683.8719482421875,25.125,0.0,110.841064453125,0.0,3
3096,0,1636.5982666015625,1683.8740234375,25.125,0.0,93.944091796875,0.0,3
3097,0,1650.0025634765625,1683.8748779296875,25.125,0.0,93.944091796875,0.0,3
3098,0,1665.05859375,1683.8743896484375,25.125,0.0,110.841064453125,0.0,3
3099,0,1657.2977294921875,1683.874267578125,25.125,0.0,127.738037109375,0.0,3
3100,0,1632.547119140625,1683.87451171875,25.125,0.0,127.738037109375,0.0,3
3101,0,1616.1253662109375,1683.875,25.125,0.0,110.841064453125,0.0,3
3102,0,1616.1256103515625,1677.922607421875,25.125,0.0,110.841064453125,0.0,3
3103,0,1616.1253662109375,1683.875,25.125,0.0,110.841064453125,0.0,3
3104,0,1616.1251220703125,1683.875,25.125,0.0,93.944091796875,0.0,3
3105,0,1616.1253662109375,1683.875,25.125,0.0,110.841064453125,0.0,3
3106,0,1616.1256103515625,1683.875,25.125,0.0,127.738037109375,0.0,3
3107,0,1616.12548828125,1683.875,25.125,0.0,144.635009765625,0.0,3
3108,0,1616.125732421875,1683.875,25.125,0.0,144.635009765625,0.0,3
3109,0,1616.1256103515625,1683.875,25.125,0.0,161.531982421875,0.0,3
3110,0,1616.1259765625,1683.875,25.125,0.0,178.4234619140625,0.0,3
3111,0,1616.1258544921875,1682.9112548828125,25.125,0.0,-164.6795654296875,0.0,3
3112,0,1616.1258544921875,1678.60546875,25.125,0.0,-164.6795654296875,0.0,3
3113,0,1616.1258544921875,1670.6632080078125,25.125,0.0,-164.6795654296875,0.0,3
3114,0,1616.12548828125,1655.8648681640625,25.125,0.0,-147.7825927734375,0.0,3
3115,0,1616.1258544921875,1632.180908203125,25.125,0.0,-164.6795654296875,0.0,3
3116,0,1616.1256103515625,1613.9449462890625,25.125,0.0,178.4234619140625,0.0,3
3117,0,1616.1258544921875,1609.9322509765625,25.125,0.0,161.531982421875,0.0,3
3118,0,1616.12548828125,1619.3663330078125,25.125,0.0,144.635009765625,0.0,3
3119,0,1616.1258544921875,1641.8372802734375,25.125,0.0,161.531982421875,0.0,3
3120,0,1616.1258544921875,1664.3863525390625,25.125,0.0,161.531982421875,0.0,3
3121,0,1616.1259765625,1683.7481689453125,25.125,0.0,178.4234619140625,0.0,3
3122,0,1616.125,1683.874755859375,25.125,0.0,161.531982421875,0.0,3
3123,0,1616.1256103515625,1683.875,25.125,0.0,178.4234619140625,0.0,3
3124,0,1616.1258544921875,1682.8975830078125,25.125,0.0,-164.6795654296875,0.0,3
3125,0,1616.12548828125,1675.2811279296875,25.125,0.0,-147.7825927734375,0.0,3
3126,0,1616.1258544921875,1655.8897705078125,25.125,0.0,-164.6795654296875,0.0,3
3127,0,1616.1256103515625,1639.9365234375,25.125,0.0,178.4234619140625,0.0,3
3128,0,1616.1258544921875,1636.683349609375,25.125,0.0,161.531982421875,0.0,3
3129,0,1616.1259765625,1639.60498046875,25.125,0.0,178.4234619140625,0.0,3
3130,0,1616.1258544921875,1638.61767578125,25.125,0.0,-164.6795654296875,0.0,3
3131,0,1616.125732421875,1630.920654296875,25.125,0.0,-147.7825927734375,0.0,3
3132,0,1616.12548828125,1609.1175537109375,25.125,0.0,-147.7825927734375,0.0,3
3133,0,1615.520263671875,1576.1168212890625,25.125,0.0,-130.8856201171875,0.0,3
3134,0,1596.9886474609375,1537.656494140625,25.125,0.0,-147.7825927734375,0.0,3
3135,0,1564.9847412109375,1506.8582763671875,25.125,0.0,-164.6795654296875,0.0,3
3136,0,1529.9771728515625,1485.230712890625,25.125,0.0,-147.7825927734375,0.0,3
3137,0,1495.27294921875,1464.0743408203125,25.125,0.0,-147.7825927734375,0.0,3
3138,0,1459.482421875,1444.2135009765625,25.125,0.0,-164.6795654296875,0.0,3
3139,0,1421.597412109375,1428.6912841796875,25.125,0.0,-164.6795654296875,0.0,3
3140,0,1416.125732421875,1411.2135009765625,25.125,0.0,-147.7825927734375,0.0,3
3141,0,1416.1253662109375,1417.083251953125,25.125,0.0,-147.7825927734375,0.0,3
3142,0,1416.1258544921875,1421.10791015625,25.125,0.0,-164.6795654296875,0.0,3
3143,0,1416.1256103515625,1419.1148681640625,25.125,0.0,178.4234619140625,0.0,3
3144,0,1416.1258544921875,1420.66796875,25.125,0.0,161.531982421875,0.0,3
3145,0,1416.1259765625,1424.097412109375,25.125,0.0,178.4234619140625,0.0,3
3146,0,1416.1259765625,1424.2760009765625,25.125,0.0,178.4234619140625,0.0,3
3147,0,1416.1258544921875,1423.312255859375,25.125,0.0,-164.6795654296875,0.0,3
3148,0,1416.12548828125,1415.69580078125,25.125,0.0,-147.7825927734375,0.0,3
3149,0,1416.125732421875,1393.466064453125,25.125,0.0,-147.7825927734375,0.0,3
3150,0,1406.24462890625,1366.3319091796875,25.125,0.0,-164.6795654296875,0.0,3
3151,0,1370.43115234375,1344.0460205078125,25.125,0.0,-164.6795654296875,0.0,3
3152,0,1332.60400390625,1328.3123779296875,25.125,0.0,-164.6795654296875,0.0,3
3153,0,1316.125732421875,1311.872802734375,25.125,0.0,-147.7825927734375,0.0,3
3154,0,1316.1256103515625,1283.36572265625,25.125,0.0,-130.8856201171875,0.0,3
3155,0,1299.5821533203125,1245.7320556640625,25.125,0.0,-147.7825927734375,0.0,3
3156,0,1273.281982421875,1213.810302734375,25.125,0.0,-130.8856201171875,0.0,3
3157,0,1245.0400390625,1184.152099609375,25.125,0.0,-147.7825927734375,0.0,3
3158,0,1210.6597900390625,1158.724853515625,25.125,0.0,-164.6795654296875,0.0,3
3159,0,1174.62109375,1139.4095458984375,25.125,0.0,-147.7825927734375,0.0,3
3160,0,1137.3685302734375,1120.4818115234375,25.125,0.0,-164.6795654296875,0.0,3
3161,0,1116.1259765625,1107.2841796875,25.125,0.0,178.4234619140625,0.0,3
3162,0,1116.1258544921875,1100.6348876953125,25.125,0.0,-164.6795654296875,0.0,3
3163,0,1116.125244140625,1118.8551025390625,25.125,0.0,-164.6795654296875,0.0,3
3164,0,1116.1256103515625,1137.013427734375,25.125,0.0,178.4234619140625,0.0,3
3165,0,1116.1259765625,1143.86474609375,25.125,0.0,178.4234619140625,0.0,3
3166,0,1116.1256103515625,1145.8076171875,25.125,0.0,161.531982421875,0.0,3
3167,0,1116.1259765625,1149.309326171875,25.125,0.0,178.4234619140625,0.0,3
3168,0,1116.1256103515625,1148.39208984375,25.125,0.0,-164.6795654296875,0.0,3
3169,0,1116.125732421875,1140.5869140625,25.125,0.0,-147.7825927734375,0.0,3
3170,0,1116.1256103515625,1116.371337890625,25.125,0.0,-130.8856201171875,0.0,3
3171,0,1133.3631591796875,1080.396484375,25.125,0.0,-130.8856201171875,0.0,3
3172,0,1136.5711669921875,1039.3465576171875,25.125,0.0,-113.9886474609375,0.0,3
3173,0,1129.16845703125,999.089111328125,25.125,0.0,-97.09716796875,0.0,3
3174,0,1124.3211669921875,958.2183227539062,25.125,0.0,-80.2001953125,0.0,3
3175,0,1123.5789794921875,917.4249267578125,25.125,0.0,-97.09716796875,0.0,3
3176,0,1121.0093994140625,875.8236083984375,25.125,0.0,-97.09716796875,0.0,3
3177,0,1118.8824462890625,835.0068359375,25.125,0.0,-80.2001953125,0.0,3
3178,0,1123.4600830078125,792.5960693359375,25.125,0.0,-63.30322265625,0.0,3
3179,0,1137.8212890625,752.8587036132812,25.125,0.0,-46.40625,0.0,3
3180,0,1132.961669921875,716.130126953125,25.125,0.0,-46.40625,0.0,3
3181,0,1135.556396484375,716.1258544921875,25.125,0.0,-63.30322265625,0.0,3
3182,0,1150.6917724609375,716.1256103515625,25.125,0.0,-80.2001953125,0.0,3
3183,0,1165.0267333984375,716.1259155273438,25.125,0.0,-80.2001953125,0.0,3
3184,0,1180.2747802734375,716.1255493164062,25.125,0.0,-63.30322265625,0.0,3
3185,0,1183.8743896484375,716.125,25.125,0.0,-46.40625,0.0,3
3186,0,1183.8741455078125,716.125,25.125,0.0,-29.50927734375,0.0,3
3187,0,1183.8741455078125,716.125,25.125,0.0,-12.6123046875,0.0,3
3188,0,1183.8740234375,716.2186889648438,25.125,0.0,4.2791748046875,0.0,3
3189,0,1183.8743896484375,718.3515625,25.125,0.0,21.1761474609375,0.0,3
3190,0,1183.874267578125,731.5166015625,25.125,0.0,38.0731201171875,0.0,3
3191,0,1183.8746337890625,761.6808471679688,25.125,0.0,54.9700927734375,0.0,3
3192,0,1183.87451171875,806.3548583984375,25.125,0.0,54.9700927734375,0.0,3
3193,0,1189.197509765625,850.5390014648438,25.125,0.0,54.9700927734375,0.0,3
3194,0,1204.882080078125,890.3469848632812,25.125,0.0,54.9700927734375,0.0,3
3195,0,1222.960693359375,926.8782958984375,25.125,0.0,71.8670654296875,0.0,3
3196,0,1240.7303466796875,964.6429443359375,25.125,0.0,54.9700927734375,0.0,3
3197,0,1263.109375,999.5931396484375,25.125,0.0,38.0731201171875,0.0,3
3198,0,1283.8743896484375,1029.45849609375,25.125,0.0,21.1761474609375,0.0,3
3199,0,1283.8746337890625,1025.0823974609375,25.125,0.0,21.1761474609375,0.0,3
3200,0,1283.8743896484375,1016.3693237304688,25.125,0.0,4.2791748046875,0.0,3
3201,0,1282.085693359375,1040.301025390625,25.125,0.0,4.2791748046875,0.0,3
3202,0,1283.8743896484375,1066.148681640625,25.125,0.0,4.2791748046875,0.0,3
3203,0,1283.8741455078125,1084.21044921875,25.125,0.0,21.1761474609375,0.0,3
3204,0,1283.8741455078125,1104.6680908203125,25.125,0.0,21.1761474609375,0.0,3
3205,0,1290.1939697265625,1130.812744140625,25.125,0.0,38.0731201171875,0.0,3
3206,0,1314.9306640625,1162.65771484375,25.125,0.0,54.9700927734375,0.0,3
3207,0,1338.1556396484375,1196.59814453125,25.125,0.0,71.8670654296875,0.0,3
3208,0,1355.04443359375,1236.02294921875,25.125,0.0,88.7640380859375,0.0,3
3209,0,1361.47802734375,1277.8941650390625,25.125,0.0,105.655517578125,0.0,3
3210,0,1358.5230712890625,1320.268798828125,25.125,0.0,105.655517578125,0.0,3
3211,0,1351.068603515625,1360.385498046875,25.125,0.0,105.655517578125,0.0,3
3212,0,1343.8016357421875,1383.8740234375,25.125,0.0,88.7640380859375,0.0,3
3213,0,1344.6746826171875,1383.8741455078125,25.125,0.0,71.8670654296875,0.0,3
3214,0,1348.0286865234375,1383.8743896484375,25.125,0.0,88.7640380859375,0.0,3
3215,0,1347.005615234375,1383.8741455078125,25.125,0.0,105.655517578125,0.0,3
3216,0,1339.19677734375,1383.87451171875,25.125,0.0,122.552490234375,0.0,3
3217,0,1316.5853271484375,1383.874267578125,25.125,0.0,122.552490234375,0.0,3
3218,0,1316.12548828125,1383.875,25.125,0.0,139.449462890625,0.0,3
3219,0,1316.125732421875,1383.875,25.125,0.0,139.449462890625,0.0,3
3220,0,1316.12548828125,1383.875,25.125,0.0,122.552490234375,0.0,3
3221,0,1316.12548828125,1383.875,25.125,0.0,122.552490234375,0.0,3
3222,0,1316.125732421875,1383.875,25.125,0.0,139.449462890625,0.0,3
3223,0,1316.1253662109375,1383.875,25.125,0.0,122.552490234375,0.0,3
3224,0,1316.125732421875,1383.875,25.125,0.0,139.449462890625,0.0,3
3225,0,1316.12548828125,1383.875,25.125,0.0,139.449462890625,0.0,3
3226,0,1316.1258544921875,1383.875,25.125,0.0,156.346435546875,0.0,3
3227,0,1316.1256103515625,1383.875,25.125,0.0,173.243408203125,0.0,3
3228,0,1316.9261474609375,1383.8740234375,25.125,0.0,173.243408203125,0.0,3
3229,0,1316.1259765625,1383.875,25.125,0.0,173.243408203125,0.0,3
3230,0,1316.1256103515625,1383.875,25.125,0.0,156.346435546875,0.0,3
3231,0,1316.1259765625,1383.875,25.125,0.0,173.243408203125,0.0,3
3232,0,1316.1256103515625,1383.4713134765625,25.125,0.0,-169.8651123046875,0.0,3
3233,0,1316.1258544921875,1378.9095458984375,25.125,0.0,-152.9681396484375,0.0,3
3234,0,1316.1256103515625,1365.4552001953125,25.125,0.0,-169.8651123046875,0.0,3
3235,0,1316.1258544921875,1351.6085205078125,25.125,0.0,-169.8651123046875,0.0,3
3236,0,1316.1259765625,1342.5458984375,25.125,0.0,173.243408203125,0.0,3
3237,0,1316.1259765625,1342.996337890625,25.125,0.0,173.243408203125,0.0,3
3238,0,1316.1259765625,1343.7620849609375,25.125,0.0,173.243408203125,0.0,3
3239,0,1316.1256103515625,1343.4678955078125,25.125,0.0,-169.8651123046875,0.0,3
3240,0,1316.1259765625,1343.390625,25.125,0.0,173.243408203125,0.0,3
3241,0,1316.1256103515625,1343.096435546875,25.125,0.0,-169.8651123046875,0.0,3
3242,0,1316.1258544921875,1338.53466796875,25.125,0.0,-152.9681396484375,0.0,3
3243,0,1316.12548828125,1319.7457275390625,25.125,0.0,-136.0711669921875,0.0,3
3244,0,1316.1256103515625,1320.00146484375,25.125,0.0,-136.0711669921875,0.0,3
3245,0,1316.1258544921875,1316.7525634765625,25.125,0.0,-152.9681396484375,0.0,3
3246,0,1316.1253662109375,1330.22705078125,25.125,0.0,-152.9681396484375,0.0,3
3247,0,1316.1258544921875,1340.01904296875,25.125,0.0,-169.8651123046875,0.0,3
3248,0,1316.1256103515625,1335.6058349609375,25.125,0.0,-152.9681396484375,0.0,3
3249,0,1316.1258544921875,1322.34619140625,25.125,0.0,-169.8651123046875,0.0,3
3250,0,1316.1256103515625,1308.9127197265625,25.125,0.0,-169.8651123046875,0.0,3
3251,0,1316.1259765625,1299.7939453125,25.125,0.0,173.243408203125,0.0,3
3252,0,1316.1256103515625,1300.25146484375,25.125,0.0,173.243408203125,0.0,3
3253,0,1316.1258544921875,1299.9263916015625,25.125,0.0,-169.8651123046875,0.0,3
3254,0,1316.1258544921875,1295.552734375,25.125,0.0,-152.9681396484375,0.0,3
3255,0,1315.2154541015625,1281.962890625,25.125,0.0,-169.8651123046875,0.0,3
3256,0,1288.7557373046875,1265.6956787109375,25.125,0.0,-152.9681396484375,0.0,3
3257,0,1252.6527099609375,1247.0345458984375,25.125,0.0,-152.9681396484375,0.0,3
3258,0,1216.3477783203125,1226.10009765625,25.125,0.0,-136.0711669921875,0.0,3
3259,0,1184.955810546875,1200.031005859375,25.125,0.0,-119.1741943359375,0.0,3
3260,0,1159.35302734375,1165.132080078125,25.125,0.0,-102.2772216796875,0.0,3
3261,0,1141.0535888671875,1128.4849853515625,25.125,0.0,-119.1741943359375,0.0,3
3262,0,1119.9638671875,1092.06982421875,25.125,0.0,-136.0711669921875,0.0,3
3263,0,1108.0911865234375,1055.115478515625,25.125,0.0,-119.1741943359375,0.0,3
3264,0,1093.6090087890625,1017.010986328125,25.125,0.0,-102.2772216796875,0.0,3
3265,0,1079.698486328125,1016.1259155273438,25.125,0.0,-102.2772216796875,0.0,3
3266,0,1068.971923828125,1016.1256103515625,25.125,0.0,-85.3802490234375,0.0,3
3267,0,1068.307373046875,1016.1259155273438,25.125,0.0,-85.3802490234375,0.0,3
3268,0,1070.443115234375,1016.1256103515625,25.125,0.0,-68.48876953125,0.0,3
3269,0,1083.884521484375,1016.125732421875,25.125,0.0,-51.591796875,0.0,3
3270,0,1114.333251953125,1016.1255493164062,25.125,0.0,-34.69482421875,0.0,3
3271,0,1156.1749267578125,1003.962646484375,25.125,0.0,-51.591796875,0.0,3
3272,0,1190.5555419921875,979.357421875,25.125,0.0,-51.591796875,0.0,3
3273,0,1220.9278564453125,952.1576538085938,25.125,0.0,-34.69482421875,0.0,3
3274,0,1255.2110595703125,927.3739013671875,25.125,0.0,-17.7978515625,0.0,3
3275,0,1293.705078125,910.426025390625,25.125,0.0,-0.90087890625,0.0,3
3276,0,1335.173095703125,901.70654296875,25.125,0.0,-0.90087890625,0.0,3
3277,0,1374.55859375,895.9655151367188,25.125,0.0,-17.7978515625,0.0,3
3278,0,1383.8740234375,889.00732421875,25.125,0.0,-0.90087890625,0.0,3
3279,0,1383.8741455078125,885.5919189453125,25.125,0.0,-17.7978515625,0.0,3
3280,0,1383.874267578125,873.98095703125,25.125,0.0,-34.69482421875,0.0,3
3281,0,1383.874267578125,848.740234375,25.125,0.0,-34.69482421875,0.0,3
3282,0,1383.87451171875,816.2261352539062,25.125,0.0,-34.69482421875,0.0,3
3283,0,1383.8741455078125,782.2379150390625,25.125,0.0,-17.7978515625,0.0,3
3284,0,1406.847900390625,758.1036987304688,25.125,0.0,-0.90087890625,0.0,3
3285,0,1450.137939453125,747.8399658203125,25.125,0.0,15.99609375,0.0,3
3286,0,1493.1009521484375,751.8251342773438,25.125,0.0,32.8875732421875,0.0,3
3287,0,1532.416259765625,763.8274536132812,25.125,0.0,15.99609375,0.0,3
3288,0,1571.2626953125,775.7938842773438,25.125,0.0,15.99609375,0.0,3
3289,0,1611.05859375,785.69189453125,25.125,0.0,-0.90087890625,0.0,3
3290,0,1653.749267578125,788.3534545898438,25.125,0.0,-17.7978515625,0.0,3
3291,0,1695.3890380859375,780.689208984375,25.125,0.0,-34.69482421875,0.0,3
3292,0,1734.5029296875,761.4379272460938,25.125,0.0,-51.591796875,0.0,3
3293,0,1766.544921875,734.978759765625,25.125,0.0,-51.591796875,0.0,3
3294,0,1794.458740234375,702.921142578125,25.125,0.0,-68.48876953125,0.0,3
3295,0,1815.714599609375,667.6162109375,25.125,0.0,-68.48876953125,0.0,3
3296,0,1835.1146240234375,631.7462158203125,25.125,0.0,-51.591796875,0.0,3
3297,0,1855.767822265625,596.6025390625,25.125,0.0,-68.48876953125,0.0,3
3298,0,1872.3985595703125,558.637939453125,25.125,0.0,-85.3802490234375,0.0,3
3299,0,1882.51953125,517.72021484375,25.125,0.0,-85.3802490234375,0.0,3
3300,0,1888.6280517578125,477.44134521484375,25.125,0.0,-85.3802490234375,0.0,3
3301,0,1891.27294921875,435.4562683105469,25.125,0.0,-102.2772216796875,0.0,3
3302,0,1890.0089111328125,394.69451904296875,25.125,0.0,-85.3802490234375,0.0,3
3303,0,1892.84423828125,352.5299072265625,25.125,0.0,-68.48876953125,0.0,3
3304,0,1900.025146484375,312.35986328125,25.125,0.0,-85.3802490234375,0.0,3
3305,0,1903.6661376953125,271.2821350097656,25.125,0.0,-102.2772216796875,0.0,3
3306,0,1898.7398681640625,229.56459045410156,25.125,0.0,-119.1741943359375,0.0,3
3307,0,1887.6724853515625,190.16795349121094,25.125,0.0,-102.2772216796875,0.0,3
3308,0,1879.0760498046875,148.93568420410156,25.125,0.0,-85.3802490234375,0.0,3
3309,0,1876.752685546875,116.12561798095703,25.125,0.0,-85.3802490234375,0.0,3
3310,0,1879.0465087890625,116.12586212158203,25.125,0.0,-68.48876953125,0.0,3
3311,0,1892.2510986328125,116.12572479248047,25.125,0.0,-51.591796875,0.0,3
3312,0,1923.59521484375,116.12552642822266,25.125,0.0,-34.69482421875,0.0,3
3313,0,1966.1666259765625,116.12516784667969,25.125,0.0,-17.7978515625,0.0,3
3314,0,1983.8743896484375,116.125,25.125,0.0,-0.90087890625,0.0,3
3315,0,1983.8741455078125,117.1729965209961,25.125,0.0,15.99609375,0.0,3
3316,0,1983.87451171875,125.31507110595703,25.125,0.0,32.8875732421875,0.0,3
3317,0,1983.8743896484375,150.8054962158203,25.125,0.0,49.7845458984375,0.0,3
3318,0,1983.8748779296875,191.1258544921875,25.125,0.0,66.6815185546875,0.0,3
3319,0,1983.8743896484375,238.38543701171875,25.125,0.0,49.7845458984375,0.0,3
3320,0,1983.874755859375,284.41143798828125,25.125,0.0,66.6815185546875,0.0,3
3321,0,1983.875,327.15234375,25.125,0.0,83.5784912109375,0.0,3
3322,0,1983.874755859375,369.194580078125,25.125,0.0,66.6815185546875,0.0,3
3323,0,1983.875,410.9615478515625,25.125,0.0,83.5784912109375,0.0,3
3324,0,1983.8748779296875,451.80889892578125,25.125,0.0,83.5784912109375,0.0,3
3325,0,1983.874755859375,493.8342590332031,25.125,0.0,66.6815185546875,0.0,3
3326,0,1983.8743896484375,541.0882568359375,25.125,0.0,49.7845458984375,0.0,3
3327,0,1983.87451171875,588.4235229492188,25.125,0.0,32.8875732421875,0.0,3
3328,0,1983.8741455078125,629.0116577148438,25.125,0.0,15.99609375,0.0,3
3329,0,1983.8740234375,654.9815673828125,25.125,0.0,-0.90087890625,0.0,3
3330,0,1983.8741455078125,663.2947998046875,25.125,0.0,-17.7978515625,0.0,3
3331,0,1983.8740234375,661.4102172851562,25.125,0.0,-0.90087890625,0.0,3
3332,0,1983.8743896484375,662.4556884765625,25.125,0.0,15.99609375,0.0,3
3333,0,1983.874267578125,671.0305786132812,25.125,0.0,32.8875732421875,0.0,3
3334,0,1983.87451171875,692.9659423828125,25.125,0.0,32.8875732421875,0.0,3
3335,0,1983.8743896484375,726.5968017578125,25.125,0.0,49.7845458984375,0.0,3
3336,0,1983.874755859375,769.525146484375,25.125,0.0,66.6815185546875,0.0,3
3337,0,1983.875,812.2725830078125,25.125,0.0,83.5784912109375,0.0,3
3338,0,1983.8748779296875,853.1199340820312,25.125,0.0,83.5784912109375,0.0,3
3339,0,1983.874755859375,895.145263671875,25.125,0.0,66.6815185546875,0.0,3
3340,0,1983.8743896484375,942.3881225585938,25.125,0.0,49.7845458984375,0.0,3
3341,0,1983.87451171875,989.7289428710938,25.125,0.0,32.8875732421875,0.0,3
3342,0,1983.8741455078125,1030.31689453125,25.125,0.0,15.99609375,0.0,3
3343,0,1983.8743896484375,1055.8575439453125,25.125,0.0,-0.90087890625,0.0,3
3344,0,1983.8741455078125,1064.5185546875,25.125,0.0,-17.7978515625,0.0,3
3345,0,1983.874267578125,1056.3720703125,25.125,0.0,-34.69482421875,0.0,3
3346,0,1983.8741455078125,1035.021240234375,25.125,0.0,-17.7978515625,0.0,3
3347,0,1983.8740234375,1016.340087890625,25.125,0.0,-0.90087890625,0.0,3
3348,0,1983.8743896484375,1003.4144897460938,25.125,0.0,-17.7978515625,0.0,3
3349,0,1983.8740234375,989.8298950195312,25.125,0.0,-0.90087890625,0.0,3
3350,0,1983.8743896484375,986.719482421875,25.125,0.0,15.99609375,0.0,3
3351,0,1983.874267578125,995.1643676757812,25.125,0.0,32.8875732421875,0.0,3
3352,0,1983.8746337890625,1019.303955078125,25.125,0.0,49.7845458984375,0.0,3
3353,0,1983.874755859375,1060.2801513671875,25.125,0.0,66.6815185546875,0.0,3
3354,0,1983.8743896484375,1106.50537109375,25.125,0.0,49.7845458984375,0.0,3
3355,0,1983.874755859375,1153.5992431640625,25.125,0.0,66.6815185546875,0.0,3
3356,0,1983.875,1195.3526611328125,25.125,0.0,83.5784912109375,0.0,3
3357,0,1983.3314208984375,1236.11181640625,25.125,0.0,100.4754638671875,0.0,3
3358,0,1979.558349609375,1277.719482421875,25.125,0.0,100.4754638671875,0.0,3
3359,0,1971.8787841796875,1318.1612548828125,25.125,0.0,117.366943359375,0.0,3
3360,0,1958.1044921875,1357.8743896484375,25.125,0.0,117.366943359375,0.0,3
3361,0,1943.3360595703125,1383.8741455078125,25.125,0.0,100.4754638671875,0.0,3
3362,0,1926.8519287109375,1383.8741455078125,25.125,0.0,117.366943359375,0.0,3
3363,0,1906.012939453125,1383.8741455078125,25.125,0.0,100.4754638671875,0.0,3
3364,0,1888.9576416015625,1383.8743896484375,25.125,0.0,100.4754638671875,0.0,3
3365,0,1874.1976318359375,1398.3507080078125,25.125,0.0,100.4754638671875,0.0,3
3366,0,1863.8621826171875,1437.782470703125,25.125,0.0,83.5784912109375,0.0,3
3367,0,1863.35205078125,1481.0718994140625,25.125,0.0,66.6815185546875,0.0,3
3368,0,1871.9234619140625,1521.6319580078125,25.125,0.0,66.6815185546875,0.0,3
3369,0,1887.239501953125,1561.20751953125,25.125,0.0,49.7845458984375,0.0,3
3370,0,1908.472412109375,1596.4742431640625,25.125,0.0,49.7845458984375,0.0,3
3371,0,1934.4439697265625,1628.6544189453125,25.125,0.0,32.8875732421875,0.0,3
3372,0,1967.2501220703125,1654.986083984375,25.125,0.0,15.99609375,0.0,3
3373,0,1983.8743896484375,1672.399658203125,25.125,0.0,-0.90087890625,0.0,3
3374,0,1983.48779296875,1656.68701171875,25.125,0.0,-0.90087890625,0.0,3
3375,0,1983.8743896484375,1638.492919921875,25.125,0.0,15.99609375,0.0,3
3376,0,1983.874755859375,1610.1134033203125,25.125,0.0,15.99609375,0.0,3
3377,0,1983.8743896484375,1587.5352783203125,25.125,0.0,-0.90087890625,0.0,3
3378,0,1983.8741455078125,1574.63232421875,25.125,0.0,-17.7978515625,0.0,3
3379,0,1983.8740234375,1561.5574951171875,25.125,0.0,-0.90087890625,0.0,3
3380,0,1983.8743896484375,1558.54345703125,25.125,0.0,15.99609375,0.0,3
3381,0,1983.874267578125,1566.693115234375,25.125,0.0,32.8875732421875,0.0,3
3382,0,1983.87451171875,1589.1341552734375,25.125,0.0,32.8875732421875,0.0,3
3383,0,1983.8741455078125,1617.5755615234375,25.125,0.0,15.99609375,0.0,3
3384,0,1983.87451171875,1644.00390625,25.125,0.0,32.8875732421875,0.0,3
3385,0,1983.8741455078125,1673.2808837890625,25.125,0.0,15.99609375,0.0,3
3386,0,1983.874267578125,1700.133544921875,25.125,0.0,32.8875732421875,0.0,3
3387,0,1983.874267578125,1732.371826171875,25.125,0.0,32.8875732421875,0.0,3
3388,0,1983.8741455078125,1764.069580078125,25.125,0.0,15.99609375,0.0,3
3389,0,1983.8743896484375,1789.4749755859375,25.125,0.0,15.99609375,0.0,3
3390,0,1983.8740234375,1808.2137451171875,25.125,0.0,-0.90087890625,0.0,3
3391,0,1983.8743896484375,1819.66796875,25.125,0.0,15.99609375,0.0,3
3392,0,1983.874267578125,1837.18798828125,25.125,0.0,32.8875732421875,0.0,3
3393,0,1983.8743896484375,1861.7391357421875,25.125,0.0,15.99609375,0.0,3
3394,0,1983.874267578125,1887.454833984375,25.125,0.0,32.8875732421875,0.0,3
3395,0,1983.8743896484375,1920.654541015625,25.125,0.0,49.7845458984375,0.0,3
3396,0,1983.8743896484375,1964.5394287109375,25.125,0.0,49.7845458984375,0.0,3
3397,0,1983.875,1983.87451171875,25.125,0.0,32.8875732421875,0.0,3
3398,0,1983.875,1983.8748779296875,25.125,0.0,15.99609375,0.0,3
3399,0,1983.8740234375,1983.8604736328125,25.125,0.0,-0.90087890625,0.0,3
3400,0,1983.8743896484375,1983.875,25.125,0.0,15.99609375,0.0,3
3401,0,1983.8741455078125,1983.875,25.125,0.0,15.99609375,0.0,3
3402,0,1983.87451171875,1983.875,25.125,0.0,32.8875732421875,0.0,3
3403,0,1983.8743896484375,1983.875,25.125,0.0,49.7845458984375,0.0,3
3404,0,1983.8746337890625,1983.875,25.125,0.0,66.6815185546875,0.0,3
3405,0,1983.8748779296875,1983.875,25.125,0.0,83.5784912109375,0.0,3
3406,0,1983.8748779296875,1983.875,25.125,0.0,83.5784912109375,0.0,3
3407,0,1983.874755859375,1983.875,25.125,0.0,66.6815185546875,0.0,3
3408,0,1983.8748779296875,1983.875,25.125,0.0,83.5784912109375,0.0,3
3409,0,1983.4478759765625,1983.8743896484375,25.125,0.0,100.4754638671875,0.0,3
3410,0,1978.67041015625,1983.8741455078125,25.125,0.0,117.366943359375,0.0,3
3411,0,1959.4530029296875,1983.8743896484375,25.125,0.0,134.263916015625,0.0,3
3412,0,1924.5418701171875,1983.8743896484375,25.125,0.0,134.263916015625,0.0,3
3413,0,1883.0738525390625,1983.8743896484375,25.125,0.0,134.263916015625,0.0,3
3414,0,1840.7608642578125,1983.8743896484375,25.125,0.0,117.366943359375,0.0,3
3415,0,1800.330078125,1983.8743896484375,25.125,0.0,134.263916015625,0.0,3
3416,0,1755.919189453125,1983.874755859375,25.125,0.0,151.160888671875,0.0,3
3417,0,1712.142822265625,1983.8748779296875,25.125,0.0,168.057861328125,0.0,3
3418,0,1671.752685546875,1983.8748779296875,25.125,0.0,168.057861328125,0.0,3
3419,0,1627.648681640625,1983.8746337890625,25.125,0.0,151.160888671875,0.0,3
3420,0,1580.1602783203125,1983.8743896484375,25.125,0.0,134.263916015625,0.0,3
3421,0,1565.816650390625,1983.8743896484375,25.125,0.0,134.263916015625,0.0,3
3422,0,1555.5816650390625,1983.8741455078125,25.125,0.0,117.366943359375,0.0,3
3423,0,1533.33349609375,1983.8743896484375,25.125,0.0,117.366943359375,0.0,3
3424,0,1508.43701171875,1983.8741455078125,25.125,0.0,100.4754638671875,0.0,3
3425,0,1492.94775390625,1983.8743896484375,25.125,0.0,83.5784912109375,0.0,3
3426,0,1490.8099365234375,1983.8740234375,25.125,0.0,83.5784912109375,0.0,3
3427,0,1490.4993896484375,1983.8743896484375,25.125,0.0,100.4754638671875,0.0,3
3428,0,1490.384521484375,1983.8740234375,25.125,0.0,83.5784912109375,0.0,3
3429,0,1490.0198974609375,1983.8741455078125,25.125,0.0,100.4754638671875,0.0,3
3430,0,1485.1827392578125,1983.8741455078125,25.125,0.0,117.366943359375,0.0,3
3431,0,1471.35791015625,1983.8741455078125,25.125,0.0,100.4754638671875,0.0,3
3432,0,1454.54443359375,1983.8743896484375,25.125,0.0,117.366943359375,0.0,3
3433,0,1427.3956298828125,1983.8743896484375,25.125,0.0,134.263916015625,0.0,3
3434,0,1423.2479248046875,1983.87451171875,25.125,0.0,134.263916015625,0.0,3
3435,0,1413.120849609375,1967.2811279296875,25.125,0.0,134.263916015625,0.0,3
3436,0,1384.6298828125,1968.9178466796875,25.125,0.0,117.366943359375,0.0,3
3437,0,1355.0528564453125,1983.8741455078125,25.125,0.0,117.366943359375,0.0,3
3438,0,1328.0037841796875,1983.8741455078125,25.125,0.0,100.4754638671875,0.0,3
3439,0,1305.2159423828125,1983.8743896484375,25.125,0.0,117.366943359375,0.0,3
3440,0,1280.8978271484375,1983.8741455078125,25.125,0.0,100.4754638671875,0.0,3
3441,0,1262.5185546875,1983.8743896484375,25.125,0.0,100.4754638671875,0.0,3
3442,0,1247.10791015625,1983.8741455078125,25.125,0.0,100.4754638671875,0.0,3
3443,0,1230.7579345703125,1983.8743896484375,25.125,0.0,117.366943359375,0.0,3
3444,0,1203.85888671875,1983.8743896484375,25.125,0.0,134.263916015625,0.0,3
3445,0,1164.59619140625,1983.87451171875,25.125,0.0,151.160888671875,0.0,3
3446,0,1121.843505859375,1983.8748779296875,25.125,0.0,168.057861328125,0.0,3
3447,0,1078.7314453125,1983.8746337890625,25.125,0.0,151.160888671875,0.0,3
3448,0,1031.23681640625,1983.87451171875,25.125,0.0,134.263916015625,0.0,3
3449,0,984.5263061523438,1983.8741455078125,25.125,0.0,117.366943359375,0.0,3
3450,0,948.8182983398438,1983.8743896484375,25.125,0.0,100.4754638671875,0.0,3
3451,0,924.5613403320312,1983.8741455078125,25.125,0.0,100.4754638671875,0.0,3
3452,0,910.2625732421875,1983.8743896484375,25.125,0.0,83.5784912109375,0.0,3
3453,0,910.7874145507812,1983.8741455078125,25.125,0.0,66.6815185546875,0.0,3
3454,0,922.1226806640625,1983.8741455078125,25.125,0.0,66.6815185546875,0.0,3
3455,0,938.845458984375,1983.8743896484375,25.125,0.0,83.5784912109375,0.0,3
3456,0,951.3604736328125,1983.8740234375,25.125,0.0,83.5784912109375,0.0,3
3457,0,956.4750366210938,1983.8743896484375,25.125,0.0,100.4754638671875,0.0,3
3458,0,951.6976318359375,1983.8741455078125,25.125,0.0,117.366943359375,0.0,3
3459,0,935.0632934570312,1983.8743896484375,25.125,0.0,117.366943359375,0.0,3
3460,0,909.812255859375,1983.8741455078125,25.125,0.0,117.366943359375,0.0,3
3461,0,878.995361328125,1983.8743896484375,25.125,0.0,134.263916015625,0.0,3
3462,0,836.8642578125,1983.8746337890625,25.125,0.0,151.160888671875,0.0,3
3463,0,791.78076171875,1983.8746337890625,25.125,0.0,151.160888671875,0.0,3
3464,0,744.249755859375,1983.87451171875,25.125,0.0,134.263916015625,0.0,3
3465,0,729.5780029296875,1983.8743896484375,25.125,0.0,134.263916015625,0.0,3
3466,0,715.2183837890625,1983.874755859375,25.125,0.0,151.160888671875,0.0,3
3467,0,677.5675048828125,1983.8743896484375,25.125,0.0,134.263916015625,0.0,3
3468,0,634.2261962890625,1983.87451171875,25.125,0.0,134.263916015625,0.0,3
3469,0,586.9713134765625,1983.874755859375,25.125,0.0,151.160888671875,0.0,3
3470,0,541.8818359375,1983.8746337890625,25.125,0.0,151.160888671875,0.0,3
3471,0,493.18231201171875,1983.8743896484375,25.125,0.0,134.263916015625,0.0,3
3472,0,445.5818786621094,1983.874755859375,25.125,0.0,151.160888671875,0.0,3
3473,0,398.0467529296875,1983.87451171875,25.125,0.0,134.263916015625,0.0,3
3474,0,352.3382263183594,1983.8741455078125,25.125,0.0,117.366943359375,0.0,3
3475,0,316.6020812988281,1983.8743896484375,25.125,0.0,100.4754638671875,0.0,3
3476,0,292.3450012207031,1983.8741455078125,25.125,0.0,100.4754638671875,0.0,3
3477,0,272.0462646484375,1983.8743896484375,25.125,0.0,117.366943359375,0.0,3
3478,0,243.3147430419922,1983.8743896484375,25.125,0.0,134.263916015625,0.0,3
3479,0,205.35267639160156,1983.8743896484375,25.125,0.0,134.263916015625,0.0,3
3480,0,161.18040466308594,1983.8743896484375,25.125,0.0,134.263916015625,0.0,3
3481,0,149.06565856933594,1983.8743896484375,25.125,0.0,134.263916015625,0.0,3
3482,0,139.5733642578125,1983.8743896484375,25.125,0.0,117.366943359375,0.0,3
3483,0,150.19122314453125,1983.8746337890625,25.125,0.0,117.366943359375,0.0,3
3484,0,153.81674194335938,1983.87451171875,25.125,0.0,134.263916015625,0.0,3
3485,0,127.8179931640625,1983.87451171875,25.125,0.0,151.160888671875,0.0,3
3486,0,116.12564849853516,1983.875,25.125,0.0,134.263916015625,0.0,3
3487,0,116.12564849853516,1983.875,25.125,0.0,134.263916015625,0.0,3
3488,0,116.12564849853516,1983.875,25.125,0.0,134.263916015625,0.0,3
3489,0,116.12543487548828,1983.875,25.125,0.0,134.263916015625,0.0,3
3490,0,116.12542724609375,1983.875,25.125,0.0,117.366943359375,0.0,3
3491,0,116.12528991699219,1983.875,25.125,0.0,117.366943359375,0.0,3
3492,0,116.12542724609375,1983.875,25.125,0.0,117.366943359375,0.0,3
3493,0,116.12543487548828,1983.875,25.125,0.0,134.263916015625,0.0,3
3494,0,116.12542724609375,1983.875,25.125,0.0,117.366943359375,0.0,3
3495,0,116.12516784667969,1983.875,25.125,0.0,100.4754638671875,0.0,3
3496,0,116.3234634399414,1983.8740234375,25.125,0.0,83.5784912109375,0.0,3
3497,0,116.12516784667969,1983.875,25.125,0.0,100.4754638671875,0.0,3
3498,0,116.30113220214844,1983.8743896484375,25.125,0.0,83.5784912109375,0.0,3
3499,0,116.125,1983.8741455078125,25.125,0.0,100.4754638671875,0.0,3
3500,0,116.125,1983.8743896484375,25.125,0.0,117.366943359375,0.0,3
3501,0,116.125,1983.8743896484375,25.125,0.0,134.263916015625,0.0,3
3502,0,116.125,1983.874755859375,25.125,0.0,151.160888671875,0.0,3
3503,0,116.125,1983.874755859375,25.125,0.0,168.057861328125,0.0,3
3504,0,116.12592315673828,1983.7523193359375,25.125,0.0,-175.045166015625,0.0,3
3505,0,116.1258544921875,1981.27392578125,25.125,0.0,-158.148193359375,0.0,3
3506,0,116.12571716308594,1967.700927734375,25.125,0.0,-141.2567138671875,0.0,3
3507,0,116.12535095214844,1936.9246826171875,25.125,0.0,-124.3597412109375,0.0,3
3508,0,116.12516021728516,1893.4256591796875,25.125,0.0,-107.4627685546875,0.0,3
3509,0,116.125,1852.3365478515625,25.125,0.0,-90.5657958984375,0.0,3
3510,0,116.12519836425781,1810.09814453125,25.125,0.0,-107.4627685546875,0.0,3
3511,0,116.12548828125,1765.58203125,25.125,0.0,-124.3597412109375,0.0,3
3512,0,116.12571716308594,1717.60888671875,25.125,0.0,-141.2567138671875,0.0,3
3513,0,116.1258544921875,1674.585693359375,25.125,0.0,-158.148193359375,0.0,3
3514,0,116.12562561035156,1643.4345703125,25.125,0.0,-175.045166015625,0.0,3
3515,0,116.12590789794922,1628.162353515625,25.125,0.0,168.057861328125,0.0,3
3516,0,116.12554931640625,1631.6024169921875,25.125,0.0,151.160888671875,0.0,3
3517,0,127.81244659423828,1658.8770751953125,25.125,0.0,151.160888671875,0.0,3
3518,0,120.78392791748047,1696.4034423828125,25.125,0.0,134.263916015625,0.0,3
3519,0,116.12532806396484,1737.7005615234375,25.125,0.0,117.366943359375,0.0,3
3520,0,116.1250991821289,1780.1475830078125,25.125,0.0,100.4754638671875,0.0,3
3521,0,116.12535095214844,1822.9361572265625,25.125,0.0,117.366943359375,0.0,3
3522,0,116.12564849853516,1870.156982421875,25.125,0.0,134.263916015625,0.0,3
3523,0,116.12554931640625,1916.3861083984375,25.125,0.0,151.160888671875,0.0,3
3524,0,116.12564849853516,1959.4998779296875,25.125,0.0,134.263916015625,0.0,3
3525,0,116.125,1983.874755859375,25.125,0.0,151.160888671875,0.0,3
3526,0,116.125,1983.874755859375,25.125,0.0,168.057861328125,0.0,3
3527,0,116.12562561035156,1983.76318359375,25.125,0.0,-175.045166015625,0.0,3
3528,0,116.12592315673828,1983.1754150390625,25.125,0.0,-175.045166015625,0.0,3
3529,0,116.12592315673828,1982.6134033203125,25.125,0.0,-175.045166015625,0.0,3
3530,0,116.12557983398438,1980.282958984375,25.125,0.0,-158.148193359375,0.0,3
3531,0,116.12592315673828,1973.479736328125,25.125,0.0,-175.045166015625,0.0,3
3532,0,116.12557983398438,1967.0498046875,25.125,0.0,-158.148193359375,0.0,3
3533,0,116.12571716308594,1949.6868896484375,25.125,0.0,-141.2567138671875,0.0,3
3534,0,116.1253890991211,1952.426025390625,25.125,0.0,-141.2567138671875,0.0,3
3535,0,116.12551879882812,1946.5032958984375,25.125,0.0,-124.3597412109375,0.0,3
3536,0,116.12551879882812,1913.680419921875,25.125,0.0,-124.3597412109375,0.0,3
3537,0,116.12571716308594,1868.9605712890625,25.125,0.0,-141.2567138671875,0.0,3
3538,0,116.12557983398438,1858.22265625,25.125,0.0,-141.2567138671875,0.0,3
3539,0,116.12535095214844,1847.1453857421875,25.125,0.0,-124.3597412109375,0.0,3
3540,0,116.12551879882812,1812.25830078125,25.125,0.0,-124.3597412109375,0.0,3
3541,0,116.12548828125,1767.675048828125,25.125,0.0,-141.2567138671875,0.0,3
3542,0,116.1258544921875,1725.224853515625,25.125,0.0,-158.148193359375,0.0,3
3543,0,116.12562561035156,1694.8607177734375,25.125,0.0,-175.045166015625,0.0,3
3544,0,116.12592315673828,1676.8067626953125,25.125,0.0,-175.045166015625,0.0,3
3545,0,116.1258544921875,1662.71728515625,25.125,0.0,-158.148193359375,0.0,3
3546,0,116.12592315673828,1645.911376953125,25.125,0.0,-175.045166015625,0.0,3
3547,0,116.12592315673828,1634.7371826171875,25.125,0.0,-175.045166015625,0.0,3
3548,0,116.12557983398438,1625.64013671875,25.125,0.0,-158.148193359375,0.0,3
3549,0,116.12592315673828,1612.3123779296875,25.125,0.0,-175.045166015625,0.0,3
3550,0,116.1256103515625,1606.4627685546875,25.125,0.0,168.057861328125,0.0,3
3551,0,116.12592315673828,1606.7510986328125,25.125,0.0,-175.045166015625,0.0,3
3552,0,116.12505340576172,1629.516357421875,25.125,0.0,-175.045166015625,0.0,3
3553,0,116.12590026855469,1654.8270263671875,25.125,0.0,168.057861328125,0.0,3
3554,0,116.12580871582031,1675.67041015625,25.125,0.0,151.160888671875,0.0,3
3555,0,116.12580871582031,1702.9503173828125,25.125,0.0,151.160888671875,0.0,3
3556,0,116.12590789794922,1730.24609375,25.125,0.0,168.057861328125,0.0,3
3557,0,116.12562561035156,1748.2412109375,25.125,0.0,-175.045166015625,0.0,3
3558,0,116.12590026855469,1755.9744873046875,25.125,0.0,168.057861328125,0.0,3
3559,0,116.12562561035156,1759.323486328125,25.125,0.0,-175.045166015625,0.0,3
3560,0,116.1258544921875,1756.9176025390625,25.125,0.0,-158.148193359375,0.0,3
3561,0,116.12571716308594,1743.4669189453125,25.125,0.0,-141.2567138671875,0.0,3
3562,0,116.12551879882812,1711.8619384765625,25.125,0.0,-124.3597412109375,0.0,3
3563,0,116.12571716308594,1669.545166015625,25.125,0.0,-141.2567138671875,0.0,3
3564,0,116.12557983398438,1628.8963623046875,25.125,0.0,-158.148193359375,0.0,3
3565,0,116.1258544921875,1595.342041015625,25.125,0.0,-158.148193359375,0.0,3
3566,0,116.12548828125,1564.1160888671875,25.125,0.0,-141.2567138671875,0.0,3
3567,0,116.1258544921875,1529.2203369140625,25.125,0.0,-158.148193359375,0.0,3
3568,0,116.12562561035156,1502.662841796875,25.125,0.0,-175.045166015625,0.0,3
3569,0,116.12590026855469,1489.2593994140625,25.125,0.0,168.057861328125,0.0,3
3570,0,116.12580871582031,1493.103515625,25.125,0.0,151.160888671875,0.0,3
3571,0,116.12580871582031,1510.9091796875,25.125,0.0,151.160888671875,0.0,3
3572,0,116.12580871582031,1536.800048828125,25.125,0.0,151.160888671875,0.0,3
3573,0,116.12554931640625,1566.518798828125,25.125,0.0,151.160888671875,0.0,3
3574,0,116.12580871582031,1598.5657958984375,25.125,0.0,151.160888671875,0.0,3
3575,0,116.12554931640625,1630.6617431640625,25.125,0.0,151.160888671875,0.0,3
3576,0,116.12564849853516,1666.381591796875,25.125,0.0,134.263916015625,0.0,3
3577,0,116.12543487548828,1707.20751953125,25.125,0.0,134.263916015625,0.0,3
3578,0,116.12580871582031,1751.4337158203125,25.125,0.0,151.160888671875,0.0,3
3579,0,116.12590789794922,1786.769287109375,25.125,0.0,168.057861328125,0.0,3
3580,0,116.12592315673828,1808.578857421875,25.125,0.0,-175.045166015625,0.0,3
3581,0,116.12590789794922,1818.09814453125,25.125,0.0,168.057861328125,0.0,3
3582,0,116.12562561035156,1823.435546875,25.125,0.0,-175.045166015625,0.0,3
3583,0,116.12592315673828,1822.8477783203125,25.125,0.0,-175.045166015625,0.0,3
3584,0,116.1256103515625,1823.354248046875,25.125,0.0,168.057861328125,0.0,3
3585,0,116.12580871582031,1828.8623046875,25.125,0.0,151.160888671875,0.0,3
3586,0,116.12580871582031,1847.00048828125,25.125,0.0,151.160888671875,0.0,3
3587,0,116.12580871582031,1873.14111328125,25.125,0.0,151.160888671875,0.0,3
3588,0,116.12564849853516,1905.45166015625,25.125,0.0,134.263916015625,0.0,3
3589,0,116.12519836425781,1947.507080078125,25.125,0.0,117.366943359375,0.0,3
3590,0,116.12564849853516,1983.875,25.125,0.0,134.263916015625,0.0,3
3591,0,116.12554931640625,1983.875,25.125,0.0,151.160888671875,0.0,3
3592,0,116.12590026855469,1983.875,25.125,0.0,168.057861328125,0.0,3
3593,0,116.1256103515625,1983.875,25.125,0.0,168.057861328125,0.0,3
3594,0,116.12592315673828,1983.7413330078125,25.125,0.0,-175.045166015625,0.0,3
3595,0,116.1258544921875,1981.366455078125,25.125,0.0,-158.148193359375,0.0,3
3596,0,116.12571716308594,1968.003662109375,25.125,0.0,-141.2567138671875,0.0,3
3597,0,116.12551879882812,1937.328125,25.125,0.0,-124.3597412109375,0.0,3
3598,0,116.12511444091797,1894.830322265625,25.125,0.0,-107.4627685546875,0.0,3
3599,0,550.0,1750.0,25.125,0.0,-84.7265625,0.0,3
3600,0,549.0325927734375,1728.14013671875,25.125,0.0,-101.62353515625,0.0,4
3601,0,541.038330078125,1686.8673095703125,25.125,0.0,-118.5205078125,0.0,4
3602,0,525.1859130859375,1649.01806640625,25.125,0.0,-135.4119873046875,0.0,4
3603,0,516.1257934570312,1613.1475830078125,25.125,0.0,-152.3089599609375,0.0,4
3604,0,516.1259155273438,1582.6884765625,25.125,0.0,-169.2059326171875,0.0,4
3605,0,492.7268371582031,1564.0841064453125,25.125,0.0,173.8970947265625,0.0,4
3606,0,450.01190185546875,1560.52294921875,25.125,0.0,157.0001220703125,0.0,4
3607,0,409.1863098144531,1565.4879150390625,25.125,0.0,173.8970947265625,0.0,4
3608,0,367.2983093261719,1568.7724609375,25.125,0.0,-169.2059326171875,0.0,4
3609,0,325.6734924316406,1564.396240234375,25.125,0.0,-152.3089599609375,0.0,4
3610,0,316.12567138671875,1546.3995361328125,25.125,0.0,-135.4119873046875,0.0,4
3611,0,316.12542724609375,1511.05078125,25.125,0.0,-118.5205078125,0.0,4
3612,0,315.4923095703125,1467.4954833984375,25.125,0.0,-101.62353515625,0.0,4
3613,0,313.0262145996094,1426.8131103515625,25.125,0.0,-84.7265625,0.0,4
3614,0,315.492919921875,1385.4798583984375,25.125,0.0,-67.82958984375,0.0,4
3615,0,327.09930419921875,1345.0025634765625,25.125,0.0,-50.9326171875,0.0,4
3616,0,348.95269775390625,1308.5482177734375,25.125,0.0,-34.0411376953125,0.0,4
3617,0,380.89892578125,1278.6937255859375,25.125,0.0,-17.1441650390625,0.0,4
3618,0,419.1966247558594,1259.5946044921875,25.125,0.0,-0.2471923828125,0.0,4
3619,0,462.3877868652344,1252.2535400390625,25.125,0.0,16.6497802734375,0.0,4
3620,0,504.8893737792969,1257.6212158203125,25.125,0.0,33.5467529296875,0.0,4
3621,0,544.8583374023438,1275.5643310546875,25.125,0.0,50.4437255859375,0.0,4
3622,0,577.1204833984375,1303.7078857421875,25.125,0.0,67.335205078125,0.0,4
3623,0,583.8749389648438,1341.666015625,25.125,0.0,84.232177734375,0.0,4
3624,0,583.1959838867188,1382.429443359375,25.125,0.0,101.129150390625,0.0,4
3625,0,577.033203125,1423.48193359375,25.125,0.0,118.026123046875,0.0,4
3626,0,561.1954345703125,1463.6380615234375,25.125,0.0,134.923095703125,0.0,4
3627,0,535.7174072265625,1497.670654296875,25.125,0.0,151.820068359375,0.0,4
3628,0,500.83978271484375,1523.9681396484375,25.125,0.0,168.7115478515625,0.0,4
3629,0,460.7674865722656,1538.9678955078125,25.125,0.0,-174.3914794921875,0.0,4
3630,0,417.0509033203125,1541.7796630859375,25.125,0.0,-157.4945068359375,0.0,4
3631,0,376.337158203125,1536.5771484375,25.125,0.0,-174.3914794921875,0.0,4
3632,0,335.99603271484375,1531.543212890625,25.125,0.0,-174.3914794921875,0.0,4
3633,0,316.12591552734375,1527.64453125,25.125,0.0,-174.3914794921875,0.0,4
3634,0,316.1256103515625,1526.85302734375,25.125,0.0,-174.3914794921875,0.0,4
3635,0,316.12591552734375,1527.3133544921875,25.125,0.0,168.7115478515625,0.0,4
3636,0,316.1258239746094,1532.3846435546875,25.125,0.0,151.820068359375,0.0,4
3637,0,316.1256408691406,1552.8599853515625,25.125,0.0,134.923095703125,0.0,4
3638,0,316.1258239746094,1585.291748046875,25.125,0.0,151.820068359375,0.0,4
3639,0,316.12554931640625,1618.2734375,25.125,0.0,151.820068359375,0.0,4
3640,0,293.283203125,1648.6153564453125,25.125,0.0,168.7115478515625,0.0,4
3641,0,253.404541015625,1666.607666015625,25.125,0.0,-174.3914794921875,0.0,4
3642,0,212.0308074951172,1674.916259765625,25.125,0.0,168.7115478515625,0.0,4
3643,0,172.46286010742188,1680.3992919921875,25.125,0.0,-174.3914794921875,0.0,4
3644,0,130.57626342773438,1681.27978515625,25.125,0.0,-174.3914794921875,0.0,4
3645,0,116.1258544921875,1677.90087890625,25.125,0.0,-157.4945068359375,0.0,4
3646,0,116.12571716308594,1662.4190673828125,25.125,0.0,-140.5975341796875,0.0,4
3647,0,116.1258544921875,1635.222412109375,25.125,0.0,-157.4945068359375,0.0,4
3648,0,116.12562561035156,1610.7967529296875,25.125,0.0,-174.3914794921875,0.0,4
3649,0,116.1258544921875,1591.8260498046875,25.125,0.0,-157.4945068359375,0.0,4
3650,0,116.12557983398438,1570.04833984375,25.125,0.0,-157.4945068359375,0.0,4
3651,0,116.12535095214844,1577.3880615234375,25.125,0.0,-157.4945068359375,0.0,4
3652,0,116.12548065185547,1581.680908203125,25.125,0.0,-140.5975341796875,0.0,4
3653,0,116.12571716308594,1560.6171875,25.125,0.0,-140.5975341796875,0.0,4
3654,0,116.1255111694336,1525.3714599609375,25.125,0.0,-123.7005615234375,0.0,4
3655,0,116.12571716308594,1479.8978271484375,25.125,0.0,-140.5975341796875,0.0,4
3656,0,116.1253662109375,1433.6668701171875,25.125,0.0,-123.7005615234375,0.0,4
3657,0,116.12548065185547,1385.600830078125,25.125,0.0,-140.5975341796875,0.0,4
3658,0,116.1258544921875,1341.059326171875,25.125,0.0,-157.4945068359375,0.0,4
3659,0,116.12548065185547,1303.7957763671875,25.125,0.0,-140.5975341796875,0.0,4
3660,0,116.1258544921875,1265.7686767578125,25.125,0.0,-157.4945068359375,0.0,4
3661,0,116.12535095214844,1264.848388671875,25.125,0.0,-157.4945068359375,0.0,4
3662,0,116.12535095214844,1298.769287109375,25.125,0.0,-157.4945068359375,0.0,4
3663,0,116.125244140625,1342.03564453125,25.125,0.0,-157.4945068359375,0.0,4
3664,0,116.12548065185547,1358.42236328125,25.125,0.0,-140.5975341796875,0.0,4
3665,0,116.1255111694336,1340.76513671875,25.125,0.0,-123.7005615234375,0.0,4
3666,0,116.12551879882812,1335.3077392578125,25.125,0.0,-123.7005615234375,0.0,4
3667,0,135.9578094482422,1326.2479248046875,25.125,0.0,-123.7005615234375,0.0,4
3668,0,143.31724548339844,1294.9892578125,25.125,0.0,-123.7005615234375,0.0,4
3669,0,126.34112548828125,1254.420654296875,25.125,0.0,-140.5975341796875,0.0,4
3670,0,116.1258544921875,1220.6611328125,25.125,0.0,-157.4945068359375,0.0,4
3671,0,116.12571716308594,1188.0772705078125,25.125,0.0,-140.5975341796875,0.0,4
3672,0,116.1255111694336,1148.353759765625,25.125,0.0,-123.7005615234375,0.0,4
3673,0,116.12510681152344,1104.477294921875,25.125,0.0,-106.80908203125,0.0,4
3674,0,116.1254653930664,1059.1405029296875,25.125,0.0,-123.7005615234375,0.0,4
3675,0,116.12548065185547,1011.1950073242188,25.125,0.0,-140.5975341796875,0.0,4
3676,0,116.1258544921875,966.7123413085938,25.125,0.0,-157.4945068359375,0.0,4
3677,0,116.12562561035156,934.9406127929688,25.125,0.0,-174.3914794921875,0.0,4
3678,0,118.27877807617188,896.4745483398438,25.125,0.0,-174.3914794921875,0.0,4
3679,0,116.12592315673828,867.6376953125,25.125,0.0,-174.3914794921875,0.0,4
3680,0,116.12562561035156,851.0407104492188,25.125,0.0,-174.3914794921875,0.0,4
3681,0,116.12592315673828,840.33447265625,25.125,0.0,-174.3914794921875,0.0,4
3682,0,116.12562561035156,834.33837890625,25.125,0.0,-174.3914794921875,0.0,4
3683,0,116.12592315673828,832.7286987304688,25.125,0.0,-174.3914794921875,0.0,4
3684,0,118.36294555664062,809.8245239257812,25.125,0.0,-174.3914794921875,0.0,4
3685,0,116.12590789794922,786.2682495117188,25.125,0.0,168.7115478515625,0.0,4
3686,0,116.12592315673828,781.096435546875,25.125,0.0,-174.3914794921875,0.0,4
3687,0,116.1258544921875,778.5029296875,25.125,0.0,-157.4945068359375,0.0,4
3688,0,116.12571716308594,764.3651733398438,25.125,0.0,-140.5975341796875,0.0,4
3689,0,130.54751586914062,732.614501953125,25.125,0.0,-140.5975341796875,0.0,4
3690,0,129.77639770507812,727.8695678710938,25.125,0.0,-140.5975341796875,0.0,4
3691,0,116.12548065185547,721.9000854492188,25.125,0.0,-140.5975341796875,0.0,4
3692,0,116.1258544921875,697.4703369140625,25.125,0.0,-157.4945068359375,0.0,4
3693,0,116.12557983398438,671.5606079101562,25.125,0.0,-157.4945068359375,0.0,4
3694,0,116.12592315673828,648.0878295898438,25.125,0.0,-174.3914794921875,0.0,4
3695,0,116.12592315673828,633.1848754882812,25.125,0.0,-174.3914794921875,0.0,4
3696,0,116.12592315673828,623.342529296875,25.125,0.0,-174.3914794921875,0.0,4
3697,0,116.1258544921875,614.900146484375,25.125,0.0,-157.4945068359375,0.0,4
3698,0,116.12548065185547,595.9552001953125,25.125,0.0,-140.5975341796875,0.0,4
3699,0,116.12571716308594,564.5150146484375,25.125,0.0,-140.5975341796875,0.0,4
3700,0,116.12535095214844,524.6644897460938,25.125,0.0,-123.7005615234375,0.0,4
3701,0,116.125,516.1256103515625,25.125,0.0,-140.5975341796875,0.0,4
3702,0,116.125,516.1254272460938,25.125,0.0,-140.5975341796875,0.0,4
3703,0,116.125,516.1256103515625,25.125,0.0,-140.5975341796875,0.0,4
3704,0,116.125,516.1253662109375,25.125,0.0,-157.4945068359375,0.0,4
3705,0,116.125,516.1256103515625,25.125,0.0,-140.5975341796875,0.0,4
3706,0,116.125,516.1253662109375,25.125,0.0,-157.4945068359375,0.0,4
3707,0,116.125,516.1250610351562,25.125,0.0,-174.3914794921875,0.0,4
3708,0,116.125,516.1253662109375,25.125,0.0,-157.4945068359375,0.0,4
3709,0,116.125,516.1254272460938,25.125,0.0,-140.5975341796875,0.0,4
3710,0,116.125,516.1257934570312,25.125,0.0,-123.7005615234375,0.0,4
3711,0,116.125,516.1257934570312,25.125,0.0,-123.7005615234375,0.0,4
3712,0,116.125,516.1258544921875,25.125,0.0,-106.80908203125,0.0,4
3713,0,116.12641906738281,516.1259155273438,25.125,0.0,-89.912109375,0.0,4
3714,0,117.32775115966797,516.1256103515625,25.125,0.0,-73.01513671875,0.0,4
3715,0,126.62772369384766,516.1257934570312,25.125,0.0,-56.1181640625,0.0,4
3716,0,152.46853637695312,516.1253662109375,25.125,0.0,-39.22119140625,0.0,4
3717,0,194.22235107421875,516.125244140625,25.125,0.0,-22.32421875,0.0,4
3718,0,234.84335327148438,515.74072265625,25.125,0.0,-5.4327392578125,0.0,4
3719,0,276.6368103027344,515.3768310546875,25.125,0.0,11.4642333984375,0.0,4
3720,0,317.82958984375,521.35400390625,25.125,0.0,28.3612060546875,0.0,4
3721,0,357.80859375,534.8681640625,25.125,0.0,28.3612060546875,0.0,4
3722,0,395.7495422363281,549.8082885742188,25.125,0.0,11.4642333984375,0.0,4
3723,0,436.017822265625,559.860595703125,25.125,0.0,-5.4327392578125,0.0,4
3724,0,478.0826110839844,562.774169921875,25.125,0.0,-5.4327392578125,0.0,4
3725,0,507.05645751953125,583.8722534179688,25.125,0.0,-5.4327392578125,0.0,4
3726,0,544.0057373046875,578.9338989257812,25.125,0.0,-22.32421875,0.0,4
3727,0,582.52197265625,568.2701416015625,25.125,0.0,-22.32421875,0.0,4
3728,0,621.6527099609375,552.4521484375,25.125,0.0,-39.22119140625,0.0,4
3729,0,656.5382080078125,529.097412109375,25.125,0.0,-56.1181640625,0.0,4
3730,0,685.22998046875,496.5378723144531,25.125,0.0,-73.01513671875,0.0,4
3731,0,703.5517578125,458.0715637207031,25.125,0.0,-89.912109375,0.0,4
3732,0,714.0556640625,418.4207763671875,25.125,0.0,-73.01513671875,0.0,4
3733,0,723.0280151367188,377.5828552246094,25.125,0.0,-89.912109375,0.0,4
3734,0,729.3656005859375,337.3180847167969,25.125,0.0,-73.01513671875,0.0,4
3735,0,738.4110717773438,296.5837097167969,25.125,0.0,-73.01513671875,0.0,4
3736,0,750.9432983398438,257.4093322753906,25.125,0.0,-56.1181640625,0.0,4
3737,0,767.0355834960938,219.92572021484375,25.125,0.0,-73.01513671875,0.0,4
3738,0,779.6843872070312,180.6066131591797,25.125,0.0,-89.912109375,0.0,4
3739,0,783.8748779296875,139.90989685058594,25.125,0.0,-73.01513671875,0.0,4
3740,0,783.875,116.12592315673828,25.125,0.0,-89.912109375,0.0,4
3741,0,783.875,116.12560272216797,25.125,0.0,-73.01513671875,0.0,4
3742,0,783.875,116.12577056884766,25.125,0.0,-56.1181640625,0.0,4
3743,0,783.875,116.12539672851562,25.125,0.0,-39.22119140625,0.0,4
3744,0,783.875,116.12535095214844,25.125,0.0,-22.32421875,0.0,4
3745,0,783.875,116.12535095214844,25.125,0.0,-22.32421875,0.0,4
3746,0,783.875,116.12508392333984,25.125,0.0,-5.4327392578125,0.0,4
3747,0,783.8740844726562,116.65765380859375,25.125,0.0,11.4642333984375,0.0,4
3748,0,783.8744506835938,121.77571868896484,25.125,0.0,28.3612060546875,0.0,4
3749,0,783.8743286132812,142.3822784423828,25.125,0.0,45.2581787109375,0.0,4
3750,0,783.8746948242188,179.24880981445312,25.125,0.0,62.1551513671875,0.0,4
3751,0,784.525390625,227.59913635253906,25.125,0.0,45.2581787109375,0.0,4
3752,0,795.8991088867188,269.8169860839844,25.125,0.0,62.1551513671875,0.0,4
3753,0,810.099853515625,309.0476379394531,25.125,0.0,79.046630859375,0.0,4
3754,0,822.8856811523438,347.7614440917969,25.125,0.0,62.1551513671875,0.0,4
3755,0,840.654052734375,385.26263427734375,25.125,0.0,45.2581787109375,0.0,4
3756,0,862.61767578125,419.69775390625,25.125,0.0,62.1551513671875,0.0,4
3757,0,884.9448852539062,453.8682861328125,25.125,0.0,45.2581787109375,0.0,4
3758,0,913.1683959960938,485.7753601074219,25.125,0.0,28.3612060546875,0.0,4
3759,0,944.1746826171875,512.3812866210938,25.125,0.0,45.2581787109375,0.0,4
3760,0,976.29296875,539.0953979492188,25.125,0.0,28.3612060546875,0.0,4
3761,0,1011.8069458007812,560.739501953125,25.125,0.0,11.4642333984375,0.0,4
3762,0,1050.1240234375,577.4888305664062,25.125,0.0,28.3612060546875,0.0,4
3763,0,1089.4290771484375,583.8743286132812,25.125,0.0,45.2581787109375,0.0,4
3764,0,1134.5830078125,583.8748168945312,25.125,0.0,28.3612060546875,0.0,4
3765,0,1181.9383544921875,583.8743286132812,25.125,0.0,45.2581787109375,0.0,4
3766,0,1227.6781005859375,585.8327026367188,25.125,0.0,62.1551513671875,0.0,4
3767,0,1264.0426025390625,614.381591796875,25.125,0.0,79.046630859375,0.0,4
3768,0,1283.819580078125,654.2933349609375,25.125,0.0,95.943603515625,0.0,4
3769,0,1292.9154052734375,683.8740844726562,25.125,0.0,79.046630859375,0.0,4
3770,0,1300.551513671875,683.8740844726562,25.125,0.0,79.046630859375,0.0,4
3771,0,1304.6976318359375,683.8740844726562,25.125,0.0,95.943603515625,0.0,4
3772,0,1301.9912109375,683.8741455078125,25.125,0.0,112.840576171875,0.0,4
3773,0,1287.631591796875,683.87451171875,25.125,0.0,129.737548828125,0.0,4
3774,0,1260.695068359375,683.8741455078125,25.125,0.0,112.840576171875,0.0,4
3775,0,1236.1761474609375,683.8743896484375,25.125,0.0,95.943603515625,0.0,4
3776,0,1223.42138671875,683.8740844726562,25.125,0.0,79.046630859375,0.0,4
3777,0,1227.02978515625,683.8744506835938,25.125,0.0,62.1551513671875,0.0,4
3778,0,1240.986572265625,683.8740844726562,25.125,0.0,79.046630859375,0.0,4
3779,0,1255.1343994140625,683.8740844726562,25.125,0.0,79.046630859375,0.0,4
3780,0,1268.9136962890625,683.8740844726562,25.125,0.0,79.046630859375,0.0,4
3781,0,1300.375732421875,679.4638671875,25.125,0.0,79.046630859375,0.0,4
3782,0,1328.0968017578125,698.5005493164062,25.125,0.0,95.943603515625,0.0,4
3783,0,1340.455810546875,739.1451416015625,25.125,0.0,79.046630859375,0.0,4
3784,0,1351.11865234375,777.5841674804688,25.125,0.0,62.1551513671875,0.0,4
3785,0,1364.6324462890625,817.0626220703125,25.125,0.0,79.046630859375,0.0,4
3786,0,1377.159423828125,855.8662719726562,25.125,0.0,62.1551513671875,0.0,4
3787,0,1383.8743896484375,896.231201171875,25.125,0.0,45.2581787109375,0.0,4
3788,0,1386.7904052734375,940.2697143554688,25.125,0.0,62.1551513671875,0.0,4
3789,0,1398.1937255859375,980.2077026367188,25.125,0.0,62.1551513671875,0.0,4
3790,0,1417.7803955078125,983.8742065429688,25.125,0.0,62.1551513671875,0.0,4
3791,0,1441.0689697265625,1005.8129272460938,25.125,0.0,79.046630859375,0.0,4
3792,0,1459.879638671875,1043.43505859375,25.125,0.0,62.1551513671875,0.0,4
3793,0,1477.5758056640625,1078.963134765625,25.125,0.0,62.1551513671875,0.0,4
3794,0,1494.888671875,1117.095458984375,25.125,0.0,79.046630859375,0.0,4
3795,0,1509.1356201171875,1155.2857666015625,25.125,0.0,62.1551513671875,0.0,4
3796,0,1528.1678466796875,1193.0631103515625,25.125,0.0,45.2581787109375,0.0,4
3797,0,1550.6409912109375,1227.130615234375,25.125,0.0,62.1551513671875,0.0,4
3798,0,1573.3165283203125,1261.04052734375,25.125,0.0,45.2581787109375,0.0,4
3799,0,1601.71875,1292.6876220703125,25.125,0.0,28.3612060546875,0.0,4
3800,0,1636.29248046875,1316.851318359375,25.125,0.0,11.4642333984375,0.0,4
3801,0,1674.13623046875,1334.897705078125,25.125,0.0,28.3612060546875,0.0,4
3802,0,1709.284912109375,1354.3284912109375,25.125,0.0,45.2581787109375,0.0,4
3803,0,1742.07177734375,1381.9970703125,25.125,0.0,62.1551513671875,0.0,4
3804,0,1768.9991455078125,1412.7891845703125,25.125,0.0,45.2581787109375,0.0,4
3805,0,1798.8729248046875,1442.509765625,25.125,0.0,28.3612060546875,0.0,4
3806,0,1833.842529296875,1465.6600341796875,25.125,0.0,11.4642333984375,0.0,4
3807,0,1873.9012451171875,1479.5509033203125,25.125,0.0,-5.4327392578125,0.0,4
3808,0,1883.8741455078125,1480.18994140625,25.125,0.0,-22.32421875,0.0,4
3809,0,1883.87451171875,1466.5640869140625,25.125,0.0,-39.22119140625,0.0,4
3810,0,1883.8741455078125,1439.5557861328125,25.125,0.0,-22.32421875,0.0,4
3811,0,1883.8740234375,1415.6639404296875,25.125,0.0,-5.4327392578125,0.0,4
3812,0,1883.8741455078125,1397.501953125,25.125,0.0,-22.32421875,0.0,4
3813,0,1886.08837890625,1378.973388671875,25.125,0.0,-5.4327392578125,0.0,4
3814,0,1917.2711181640625,1369.2593994140625,25.125,0.0,11.4642333984375,0.0,4
3815,0,1960.6324462890625,1371.9453125,25.125,0.0,28.3612060546875,0.0,4
3816,0,1983.875,1383.87451171875,25.125,0.0,45.2581787109375,0.0,4
3817,0,1983.875,1383.8743896484375,25.125,0.0,45.2581787109375,0.0,4
3818,0,1983.875,1383.874755859375,25.125,0.0,28.3612060546875,0.0,4
3819,0,1983.875,1383.874755859375,25.125,0.0,11.4642333984375,0.0,4
3820,0,1983.875,1383.87451171875,25.125,0.0,28.3612060546875,0.0,4
3821,0,1983.875,1383.874755859375,25.125,0.0,11.4642333984375,0.0,4
3822,0,1983.875,1383.87451171875,25.125,0.0,28.3612060546875,0.0,4
3823,0,1983.875,1383.87451171875,25.125,0.0,45.2581787109375,0.0,4
3824,0,1983.875,1383.8743896484375,25.125,0.0,45.2581787109375,0.0,4
3825,0,1983.875,1383.8743896484375,25.125,0.0,62.1551513671875,0.0,4
3826,0,1983.875,1383.8741455078125,25.125,0.0,79.046630859375,0.0,4
3827,0,1983.875,1383.8743896484375,25.125,0.0,79.046630859375,0.0,4
3828,0,1983.6986083984375,1383.8740234375,25.125,0.0,95.943603515625,0.0,4
3829,0,1980.9920654296875,1383.8741455078125,25.125,0.0,112.840576171875,0.0,4
3830,0,1966.63232421875,1383.87451171875,25.125,0.0,129.737548828125,0.0,4
3831,0,1935.1378173828125,1383.87451171875,25.125,0.0,146.634521484375,0.0,4
3832,0,1892.2652587890625,1383.87451171875,25.125,0.0,129.737548828125,0.0,4
3833,0,1847.8055419921875,1391.3045654296875,25.125,0.0,146.634521484375,0.0,4
3834,0,1809.4625244140625,1405.5313720703125,25.125,0.0,163.531494140625,0.0,4
3835,0,1791.17578125,1438.4471435546875,25.125,0.0,163.531494140625,0.0,4
3836,0,1768.174560546875,1474.529541015625,25.125,0.0,146.634521484375,0.0,4
3837,0,1739.015869140625,1504.521484375,25.125,0.0,129.737548828125,0.0,4
3838,0,1712.7271728515625,1536.2386474609375,25.125,0.0,112.840576171875,0.0,4
3839,0,1692.8466796875,1573.19775390625,25.125,0.0,95.943603515625,0.0,4
3840,0,1682.7359619140625,1614.422119140625,25.125,0.0,79.046630859375,0.0,4
3841,0,1684.26806640625,1657.0626220703125,25.125,0.0,62.1551513671875,0.0,4
3842,0,1693.7496337890625,1683.8741455078125,25.125,0.0,79.046630859375,0.0,4
3843,0,1700.0733642578125,1683.8743896484375,25.125,0.0,95.943603515625,0.0,4
3844,0,1700.5078125,1683.8741455078125,25.125,0.0,79.046630859375,0.0,4
3845,0,1700.6776123046875,1683.8740234375,25.125,0.0,95.943603515625,0.0,4
3846,0,1697.8966064453125,1683.8741455078125,25.125,0.0,112.840576171875,0.0,4
3847,0,1683.287353515625,1683.874267578125,25.125,0.0,129.737548828125,0.0,4
3848,0,1653.7298583984375,1683.87451171875,25.125,0.0,129.737548828125,0.0,4
3849,0,1616.1265869140625,1683.8746337890625,25.125,0.0,146.634521484375,0.0,4
3850,0,1616.12548828125,1683.875,25.125,0.0,146.634521484375,0.0,4
3851,0,1616.1258544921875,1683.875,25.125,0.0,163.531494140625,0.0,4
3852,0,1616.1256103515625,1683.870361328125,25.125,0.0,-179.5770263671875,0.0,4
3853,0,1616.1258544921875,1682.550048828125,25.125,0.0,-162.6800537109375,0.0,4
3854,0,1616.125244140625,1683.875,25.125,0.0,-162.6800537109375,0.0,4
3855,0,1616.1258544921875,1679.20556640625,25.125,0.0,-162.6800537109375,0.0,4
3856,0,1616.125732421875,1665.6422119140625,25.125,0.0,-145.7830810546875,0.0,4
3857,0,1616.1256103515625,1642.1654052734375,25.125,0.0,-162.6800537109375,0.0,4
3858,0,1616.1259765625,1622.2117919921875,25.125,0.0,-179.5770263671875,0.0,4
3859,0,1616.1256103515625,1612.94921875,25.125,0.0,-179.5770263671875,0.0,4
3860,0,1616.1259765625,1611.667724609375,25.125,0.0,-179.5770263671875,0.0,4
3861,0,1616.1259765625,1611.61962890625,25.125,0.0,-179.5770263671875,0.0,4
3862,0,1616.1259765625,1611.5693359375,25.125,0.0,-179.5770263671875,0.0,4
3863,0,1616.1259765625,1611.521240234375,25.125,0.0,-179.5770263671875,0.0,4
3864,0,1616.1256103515625,1610.28271484375,25.125,0.0,-162.6800537109375,0.0,4
3865,0,1616.125732421875,1600.775634765625,25.125,0.0,-145.7830810546875,0.0,4
3866,0,1614.0009765625,1579.5584716796875,25.125,0.0,-162.6800537109375,0.0,4
3867,0,1582.754638671875,1560.603271484375,25.125,0.0,-179.5770263671875,0.0,4
3868,0,1541.5228271484375,1553.1846923828125,25.125,0.0,163.531494140625,0.0,4
3869,0,1497.9100341796875,1558.3009033203125,25.125,0.0,146.634521484375,0.0,4
3870,0,1458.682861328125,1575.5850830078125,25.125,0.0,129.737548828125,0.0,4
3871,0,1425.619384765625,1604.300537109375,25.125,0.0,112.840576171875,0.0,4
3872,0,1400.326171875,1636.62060546875,25.125,0.0,129.737548828125,0.0,4
3873,0,1376.5301513671875,1669.8477783203125,25.125,0.0,112.840576171875,0.0,4
3874,0,1384.205810546875,1702.3419189453125,25.125,0.0,112.840576171875,0.0,4
3875,0,1394.6826171875,1742.21484375,25.125,0.0,95.943603515625,0.0,4
3876,0,1398.074951171875,1783.8348388671875,25.125,0.0,79.0521240234375,0.0,4
3877,0,1405.5050048828125,1783.8743896484375,25.125,0.0,62.1551513671875,0.0,4
3878,0,1422.1361083984375,1783.8741455078125,25.125,0.0,79.0521240234375,0.0,4
3879,0,1434.3099365234375,1783.8740234375,25.125,0.0,95.943603515625,0.0,4
3880,0,1436.6510009765625,1783.8741455078125,25.125,0.0,79.0521240234375,0.0,4
3881,0,1436.82080078125,1783.8740234375,25.125,0.0,95.943603515625,0.0,4
3882,0,1436.1468505859375,1783.8743896484375,25.125,0.0,95.943603515625,0.0,4
3883,0,1435.4420166015625,1783.8740234375,25.125,0.0,95.943603515625,0.0,4
3884,0,1432.817138671875,1783.8743896484375,25.125,0.0,112.840576171875,0.0,4
3885,0,1418.0181884765625,1783.874267578125,25.125,0.0,129.737548828125,0.0,4
3886,0,1386.2818603515625,1783.87451171875,25.125,0.0,146.634521484375,0.0,4
3887,0,1344.7154541015625,1791.8856201171875,25.125,0.0,146.634521484375,0.0,4
3888,0,1306.7379150390625,1810.579833984375,25.125,0.0,129.737548828125,0.0,4
3889,0,1274.875,1838.8763427734375,25.125,0.0,112.840576171875,0.0,4
3890,0,1249.1263427734375,1872.069091796875,25.125,0.0,129.737548828125,0.0,4
3891,0,1225.361083984375,1905.3173828125,25.125,0.0,112.840576171875,0.0,4
3892,0,1206.40234375,1943.5118408203125,25.125,0.0,95.943603515625,0.0,4
3893,0,1219.8795166015625,1971.6329345703125,25.125,0.0,95.943603515625,0.0,4
3894,0,1240.65869140625,1983.8741455078125,25.125,0.0,79.0521240234375,0.0,4
3895,0,1255.93603515625,1983.8741455078125,25.125,0.0,79.0521240234375,0.0,4
3896,0,1269.855712890625,1983.8741455078125,25.125,0.0,79.0521240234375,0.0,4
3897,0,1286.039794921875,1983.8741455078125,25.125,0.0,62.1551513671875,0.0,4
3898,0,1307.2265625,1983.8743896484375,25.125,0.0,79.0521240234375,0.0,4
3899,0,1322.0196533203125,1983.8740234375,25.125,0.0,95.943603515625,0.0,4
3900,0,1321.8656005859375,1983.8743896484375,25.125,0.0,112.840576171875,0.0,4
3901,0,1307.6297607421875,1983.874267578125,25.125,0.0,129.737548828125,0.0,4
3902,0,1276.1500244140625,1983.8746337890625,25.125,0.0,146.634521484375,0.0,4
3903,0,1230.6883544921875,1983.8746337890625,25.125,0.0,146.634521484375,0.0,4
3904,0,1186.822998046875,1983.8748779296875,25.125,0.0,163.531494140625,0.0,4
3905,0,1144.79638671875,1983.8748779296875,25.125,0.0,163.531494140625,0.0,4
3906,0,1100.557861328125,1983.87451171875,25.125,0.0,146.634521484375,0.0,4
3907,0,1053.8668212890625,1983.874755859375,25.125,0.0,146.634521484375,0.0,4
3908,0,1004.6929931640625,1983.874267578125,25.125,0.0,129.737548828125,0.0,4
3909,0,958.6522216796875,1983.87451171875,25.125,0.0,129.737548828125,0.0,4
3910,0,915.6464233398438,1983.8741455078125,25.125,0.0,112.840576171875,0.0,4
3911,0,884.4136352539062,1983.8740234375,25.125,0.0,95.943603515625,0.0,4
3912,0,868.4974975585938,1983.8741455078125,25.125,0.0,79.0521240234375,0.0,4
3913,0,870.9282836914062,1983.8741455078125,25.125,0.0,62.1551513671875,0.0,4
3914,0,883.8096313476562,1983.8743896484375,25.125,0.0,79.0521240234375,0.0,4
3915,0,894.3228149414062,1983.8740234375,25.125,0.0,95.943603515625,0.0,4
3916,0,895.7525024414062,1983.8743896484375,25.125,0.0,79.0521240234375,0.0,4
3917,0,900.7297973632812,1983.8741455078125,25.125,0.0,62.1551513671875,0.0,4
3918,0,915.0236206054688,1983.8743896484375,25.125,0.0,79.0521240234375,0.0,4
3919,0,926.433349609375,1983.8740234375,25.125,0.0,95.943603515625,0.0,4
3920,0,924.8264770507812,1983.8741455078125,25.125,0.0,112.840576171875,0.0,4
3921,0,910.1041870117188,1983.874267578125,25.125,0.0,129.737548828125,0.0,4
3922,0,883.05810546875,1983.8741455078125,25.125,0.0,112.840576171875,0.0,4
3923,0,852.9913940429688,1983.87451171875,25.125,0.0,129.737548828125,0.0,4
3924,0,816.4437866210938,1983.874267578125,25.125,0.0,129.737548828125,0.0,4
3925,0,773.9766845703125,1983.8746337890625,25.125,0.0,146.634521484375,0.0,4
3926,0,729.10107421875,1983.8748779296875,25.125,0.0,163.531494140625,0.0,4
3927,0,684.891845703125,1983.8746337890625,25.125,0.0,146.634521484375,0.0,4
3928,0,635.8201904296875,1983.874267578125,25.125,0.0,129.737548828125,0.0,4
3929,0,592.2811279296875,1983.8741455078125,25.125,0.0,112.840576171875,0.0,4
3930,0,559.735107421875,1983.8740234375,25.125,0.0,95.943603515625,0.0,4
3931,0,543.9194946289062,1983.8741455078125,25.125,0.0,79.0521240234375,0.0,4
3932,0,546.1040649414062,1983.8743896484375,25.125,0.0,62.1551513671875,0.0,4
3933,0,562.3278198242188,1983.8741455078125,25.125,0.0,62.1551513671875,0.0,4
3934,0,583.617431640625,1983.8743896484375,25.125,0.0,79.0521240234375,0.0,4
3935,0,598.7420654296875,1983.8740234375,25.125,0.0,95.943603515625,0.0,4
3936,0,598.6416625976562,1983.8741455078125,25.125,0.0,112.840576171875,0.0,4
3937,0,587.32958984375,1983.8741455078125,25.125,0.0,112.840576171875,0.0,4
3938,0,565.3145751953125,1983.874267578125,25.125,0.0,129.737548828125,0.0,4
3939,0,530.3035278320312,1983.8746337890625,25.125,0.0,146.634521484375,0.0,4
3940,0,517.064697265625,1983.874267578125,25.125,0.0,146.634521484375,0.0,4
3941,0,498.7098693847656,1983.8748779296875,25.125,0.0,163.531494140625,0.0,4
3942,0,457.1686096191406,1983.8748779296875,25.125,0.0,163.531494140625,0.0,4
3943,0,413.98492431640625,1983.8746337890625,25.125,0.0,146.634521484375,0.0,4
3944,0,364.9132385253906,1983.874267578125,25.125,0.0,129.737548828125,0.0,4
3945,0,321.37420654296875,1983.8741455078125,25.125,0.0,112.840576171875,0.0,4
3946,0,283.0621032714844,1983.874267578125,25.125,0.0,129.737548828125,0.0,4
3947,0,245.67477416992188,1983.8741455078125,25.125,0.0,112.840576171875,0.0,4
3948,0,210.84304809570312,1983.87451171875,25.125,0.0,129.737548828125,0.0,4
3949,0,173.77137756347656,1983.8741455078125,25.125,0.0,112.840576171875,0.0,4
3950,0,142.24276733398438,1983.8743896484375,25.125,0.0,112.840576171875,0.0,4
3951,0,116.1255874633789,1983.875,25.125,0.0,129.737548828125,0.0,4
3952,0,116.12552642822266,1983.875,25.125,0.0,146.634521484375,0.0,4
3953,0,116.12588500976562,1983.875,25.125,0.0,163.531494140625,0.0,4
3954,0,116.12592315673828,1983.8681640625,25.125,0.0,-179.5770263671875,0.0,4
3955,0,116.12588500976562,1982.548828125,25.125,0.0,-162.6800537109375,0.0,4
3956,0,116.12576293945312,1973.1339111328125,25.125,0.0,-145.7830810546875,0.0,4
3957,0,116.12559509277344,1951.9168701171875,25.125,0.0,-162.6800537109375,0.0,4
3958,0,116.12588500976562,1929.885986328125,25.125,0.0,-162.6800537109375,0.0,4
3959,0,116.12562561035156,1912.1239013671875,25.125,0.0,-179.5770263671875,0.0,4
3960,0,116.12588500976562,1900.0380859375,25.125,0.0,-162.6800537109375,0.0,4
3961,0,116.12592315673828,1887.79638671875,25.125,0.0,-179.5770263671875,0.0,4
3962,0,116.12592315673828,1883.285400390625,25.125,0.0,-179.5770263671875,0.0,4
3963,0,116.12588500976562,1882.01953125,25.125,0.0,-162.6800537109375,0.0,4
3964,0,116.12562561035156,1879.6026611328125,25.125,0.0,-179.5770263671875,0.0,4
3965,0,116.12588500976562,1878.323486328125,25.125,0.0,-162.6800537109375,0.0,4
3966,0,116.12559509277344,1872.4434814453125,25.125,0.0,-162.6800537109375,0.0,4
3967,0,116.12592315673828,1864.2012939453125,25.125,0.0,-179.5770263671875,0.0,4
3968,0,116.12562561035156,1862.9140625,25.125,0.0,-179.5770263671875,0.0,4
3969,0,116.12588500976562,1864.0841064453125,25.125,0.0,163.531494140625,0.0,4
3970,0,116.12577056884766,1872.6617431640625,25.125,0.0,146.634521484375,0.0,4
3971,0,116.12577056884766,1895.6416015625,25.125,0.0,146.634521484375,0.0,4
3972,0,116.1255874633789,1928.98291015625,25.125,0.0,129.737548828125,0.0,4
3973,0,116.12552642822266,1969.842529296875,25.125,0.0,146.634521484375,0.0,4
3974,0,116.125,1983.87451171875,25.125,0.0,146.634521484375,0.0,4
3975,0,116.125,1983.8748779296875,25.125,0.0,163.531494140625,0.0,4
3976,0,116.12592315673828,1983.8681640625,25.125,0.0,-179.5770263671875,0.0,4
3977,0,116.12560272216797,1983.875,25.125,0.0,163.531494140625,0.0,4
3978,0,116.12592315673828,1983.8681640625,25.125,0.0,-179.5770263671875,0.0,4
3979,0,116.12588500976562,1982.602294921875,25.125,0.0,-162.6800537109375,0.0,4
3980,0,116.12551879882812,1973.4378662109375,25.125,0.0,-145.7830810546875,0.0,4
3981,0,116.12557983398438,1947.3494873046875,25.125,0.0,-128.8861083984375,0.0,4
3982,0,116.1251449584961,1906.5125732421875,25.125,0.0,-111.9891357421875,0.0,4
3983,0,116.12504577636719,1863.9564208984375,25.125,0.0,-95.0921630859375,0.0,4
3984,0,116.12518310546875,1822.13916015625,25.125,0.0,-111.9891357421875,0.0,4
3985,0,116.12557983398438,1775.23388671875,25.125,0.0,-128.8861083984375,0.0,4
3986,0,116.12576293945312,1727.6759033203125,25.125,0.0,-145.7830810546875,0.0,4
3987,0,116.12557983398438,1681.242919921875,25.125,0.0,-128.8861083984375,0.0,4
3988,0,116.12576293945312,1634.5855712890625,25.125,0.0,-145.7830810546875,0.0,4
3989,0,116.12559509277344,1594.5078125,25.125,0.0,-162.6800537109375,0.0,4
3990,0,116.12576293945312,1561.7174072265625,25.125,0.0,-145.7830810546875,0.0,4
3991,0,116.12539672851562,1524.5206298828125,25.125,0.0,-128.8861083984375,0.0,4
3992,0,116.12557983398438,1478.401123046875,25.125,0.0,-128.8861083984375,0.0,4
3993,0,116.12548828125,1462.3111572265625,25.125,0.0,-128.8861083984375,0.0,4
3994,0,116.12576293945312,1448.2518310546875,25.125,0.0,-145.7830810546875,0.0,4
3995,0,116.12557983398438,1417.999267578125,25.125,0.0,-128.8861083984375,0.0,4
3996,0,116.12576293945312,1376.9644775390625,25.125,0.0,-145.7830810546875,0.0,4
3997,0,116.12588500976562,1339.8604736328125,25.125,0.0,-162.6800537109375,0.0,4
3998,0,116.12562561035156,1314.223876953125,25.125,0.0,-179.5770263671875,0.0,4
3999,0,116.12592315673828,1301.58740234375,25.125,0.0,-179.5770263671875,0.0,4
4000,0,116.12500762939453,1319.496826171875,25.125,0.0,-179.5770263671875,0.0,4
4001,0,116.12588500976562,1338.3179931640625,25.125,0.0,-162.6800537109375,0.0,4
4002,0,116.12551879882812,1333.2921142578125,25.125,0.0,-145.7830810546875,0.0,4
4003,0,116.12557983398438,1308.627197265625,25.125,0.0,-128.8861083984375,0.0,4
4004,0,116.12520599365234,1268.310546875,25.125,0.0,-111.9891357421875,0.0,4
4005,0,116.12557983398438,1221.3553466796875,25.125,0.0,-128.8861083984375,0.0,4
4006,0,116.12576293945312,1173.79736328125,25.125,0.0,-145.7830810546875,0.0,4
4007,0,116.12535095214844,1163.3197021484375,25.125,0.0,-145.7830810546875,0.0,4
4008,0,116.12551879882812,1189.5361328125,25.125,0.0,-145.7830810546875,0.0,4
4009,0,116.12551879882812,1199.3275146484375,25.125,0.0,-145.7830810546875,0.0,4
4010,0,116.12576293945312,1183.2083740234375,25.125,0.0,-145.7830810546875,0.0,4
4011,0,116.12576293945312,1155.124267578125,25.125,0.0,-145.7830810546875,0.0,4
4012,0,116.12576293945312,1120.6722412109375,25.125,0.0,-145.7830810546875,0.0,4
4013,0,116.12557983398438,1082.15283203125,25.125,0.0,-128.8861083984375,0.0,4
4014,0,116.12551879882812,1038.560546875,25.125,0.0,-145.7830810546875,0.0,4
4015,0,116.12557983398438,993.8882446289062,25.125,0.0,-128.8861083984375,0.0,4
4016,0,131.68951416015625,951.4440307617188,25.125,0.0,-128.8861083984375,0.0,4
4017,0,128.3560791015625,909.3965454101562,25.125,0.0,-145.7830810546875,0.0,4
4018,0,116.12551879882812,873.6075439453125,25.125,0.0,-145.7830810546875,0.0,4
4019,0,116.12557983398438,833.6583862304688,25.125,0.0,-128.8861083984375,0.0,4
4020,0,116.12557983398438,787.5601806640625,25.125,0.0,-128.8861083984375,0.0,4
4021,0,116.12553405761719,737.3868408203125,25.125,0.0,-128.8861083984375,0.0,4
4022,0,116.12576293945312,689.25732421875,25.125,0.0,-145.7830810546875,0.0,4
4023,0,116.12551879882812,645.9191284179688,25.125,0.0,-145.7830810546875,0.0,4
4024,0,116.12576293945312,604.6267700195312,25.125,0.0,-145.7830810546875,0.0,4
4025,0,116.12539672851562,563.1959228515625,25.125,0.0,-128.8861083984375,0.0,4
4026,0,116.12571716308594,549.5056762695312,25.125,0.0,-128.8861083984375,0.0,4
4027,0,116.12548828125,565.3875122070312,25.125,0.0,-128.8861083984375,0.0,4
4028,0,116.1253433227539,560.3212280273438,25.125,0.0,-111.9891357421875,0.0,4
4029,0,116.1258544921875,554.624755859375,25.125,0.0,-111.9891357421875,0.0,4
4030,0,116.12508392333984,533.3802490234375,25.125,0.0,-95.0921630859375,0.0,4
4031,0,116.125,516.1258544921875,25.125,0.0,-111.9891357421875,0.0,4
4032,0,116.125,516.12548828125,25.125,0.0,-128.8861083984375,0.0,4
4033,0,116.125,516.1258544921875,25.125,0.0,-111.9891357421875,0.0,4
4034,0,137.34388732910156,516.125244140625,25.125,0.0,-111.9891357421875,0.0,4
4035,0,147.68783569335938,516.125732421875,25.125,0.0,-128.8861083984375,0.0,4
4036,0,132.66944885253906,516.1258544921875,25.125,0.0,-111.9891357421875,0.0,4
4037,0,116.12703704833984,516.1250610351562,25.125,0.0,-95.0921630859375,0.0,4
4038,0,116.68638610839844,516.1259155273438,25.125,0.0,-78.20068359375,0.0,4
4039,0,122.02884674072266,516.1255493164062,25.125,0.0,-61.3037109375,0.0,4
4040,0,143.06460571289062,516.1256713867188,25.125,0.0,-44.40673828125,0.0,4
4041,0,180.19790649414062,516.1253051757812,25.125,0.0,-27.509765625,0.0,4
4042,0,223.6553497314453,516.0241088867188,25.125,0.0,-10.61279296875,0.0,4
4043,0,264.956298828125,510.791748046875,25.125,0.0,-27.509765625,0.0,4
4044,0,305.3450012207031,499.8996276855469,25.125,0.0,-10.61279296875,0.0,4
4045,0,344.5873107910156,488.6617431640625,25.125,0.0,-27.509765625,0.0,4
4046,0,382.4852600097656,471.4983825683594,25.125,0.0,-44.40673828125,0.0,4
4047,0,415.9086608886719,445.6809387207031,25.125,0.0,-61.3037109375,0.0,4
4048,0,441.57843017578125,411.731201171875,25.125,0.0,-78.20068359375,0.0,4
4049,0,457.12677001953125,370.8731689453125,25.125,0.0,-95.0921630859375,0.0,4
4050,0,460.2745056152344,328.2182922363281,25.125,0.0,-111.9891357421875,0.0,4
4051,0,450.67840576171875,285.4898376464844,25.125,0.0,-128.8861083984375,0.0,4
4052,0,429.5574645996094,248.27496337890625,25.125,0.0,-145.7830810546875,0.0,4
4053,0,397.83270263671875,218.06668090820312,25.125,0.0,-162.6800537109375,0.0,4
4054,0,359.5752868652344,198.8306884765625,25.125,0.0,-179.5770263671875,0.0,4
4055,0,317.3895568847656,191.3670654296875,25.125,0.0,163.531494140625,0.0,4
4056,0,316.1257629394531,197.84054565429688,25.125,0.0,146.634521484375,0.0,4
4057,0,316.1253967285156,221.98341369628906,25.125,0.0,129.737548828125,0.0,4
4058,0,316.1257629394531,259.8187255859375,25.125,0.0,146.634521484375,0.0,4
4059,0,316.1256103515625,295.16082763671875,25.125,0.0,163.531494140625,0.0,4
4060,0,313.4520568847656,320.0179138183594,25.125,0.0,-179.5770263671875,0.0,4
4061,0,281.7740783691406,328.3740539550781,25.125,0.0,-162.6800537109375,0.0,4
4062,0,238.58480834960938,321.9132995605469,25.125,0.0,-145.7830810546875,0.0,4
4063,0,198.13365173339844,316.125732421875,25.125,0.0,-128.8861083984375,0.0,4
4064,0,158.998779296875,306.7649230957031,25.125,0.0,-111.9891357421875,0.0,4
4065,0,130.11813354492188,272.23760986328125,25.125,0.0,-95.0921630859375,0.0,4
4066,0,116.12523651123047,234.2517852783203,25.125,0.0,-111.9891357421875,0.0,4
4067,0,116.12504577636719,191.7888641357422,25.125,0.0,-95.0921630859375,0.0,4
4068,0,116.12518310546875,149.96878051757812,25.125,0.0,-111.9891357421875,0.0,4
4069,0,116.125,116.1258544921875,25.125,0.0,-111.9891357421875,0.0,4
4070,0,116.125,116.12592315673828,25.125,0.0,-95.0921630859375,0.0,4
4071,0,116.125,116.12592315673828,25.125,0.0,-95.0921630859375,0.0,4
4072,0,116.6863784790039,116.12590789794922,25.125,0.0,-78.20068359375,0.0,4
4073,0,116.99864959716797,116.12562561035156,25.125,0.0,-95.0921630859375,0.0,4
4074,0,117.46961212158203,116.12590789794922,25.125,0.0,-78.20068359375,0.0,4
4075,0,122.81207275390625,116.12554931640625,25.125,0.0,-61.3037109375,0.0,4
4076,0,143.9221954345703,116.12564849853516,25.125,0.0,-44.40673828125,0.0,4
4077,0,176.9263458251953,116.12554931640625,25.125,0.0,-61.3037109375,0.0,4
4078,0,213.89498901367188,116.12564849853516,25.125,0.0,-44.40673828125,0.0,4
4079,0,257.3800354003906,116.1252670288086,25.125,0.0,-27.509765625,0.0,4
4080,0,300.85516357421875,116.1250991821289,25.125,0.0,-10.61279296875,0.0,4
4081,0,341.6116027832031,116.29344940185547,25.125,0.0,6.2786865234375,0.0,4
4082,0,382.6998291015625,120.26033020019531,25.125,0.0,23.1756591796875,0.0,4
4083,0,423.6077880859375,128.76190185546875,25.125,0.0,6.2786865234375,0.0,4
4084,0,462.8021545410156,135.3519744873047,25.125,0.0,6.2786865234375,0.0,4
4085,0,504.6897888183594,139.0580291748047,25.125,0.0,-10.61279296875,0.0,4
4086,0,545.4727783203125,138.93826293945312,25.125,0.0,6.2786865234375,0.0,4
4087,0,587.225341796875,138.9691619873047,25.125,0.0,-10.61279296875,0.0,4
4088,0,627.8843994140625,135.29627990722656,25.125,0.0,-10.61279296875,0.0,4
4089,0,668.3078002929688,127.52705383300781,25.125,0.0,-27.509765625,0.0,4
4090,0,708.237548828125,116.12542724609375,25.125,0.0,-27.509765625,0.0,4
4091,0,753.707763671875,116.12543487548828,25.125,0.0,-44.40673828125,0.0,4
4092,0,783.8742065429688,116.125,25.125,0.0,-27.509765625,0.0,4
4093,0,783.8744506835938,116.125,25.125,0.0,-27.509765625,0.0,4
4094,0,783.8740844726562,116.125,25.125,0.0,-10.61279296875,0.0,4
4095,0,783.8740844726562,116.30498504638672,25.125,0.0,6.2786865234375,0.0,4
4096,0,783.8741455078125,119.23723602294922,25.125,0.0,23.1756591796875,0.0,4
4097,0,783.874267578125,134.17706298828125,25.125,0.0,40.0726318359375,0.0,4
4098,0,783.8746337890625,166.15975952148438,25.125,0.0,56.9696044921875,0.0,4
4099,0,783.8748779296875,209.89532470703125,25.125,0.0,73.8665771484375,0.0,4
4100,0,785.2051391601562,250.81875610351562,25.125,0.0,90.7635498046875,0.0,4
4101,0,783.9788818359375,292.8763732910156,25.125,0.0,107.655029296875,0.0,4
4102,0,775.1109008789062,332.83026123046875,25.125,0.0,124.552001953125,0.0,4
4103,0,755.4795532226562,371.54913330078125,25.125,0.0,141.448974609375,0.0,4
4104,0,726.5360717773438,402.90484619140625,25.125,0.0,158.345947265625,0.0,4
4105,0,692.8306884765625,427.9569396972656,25.125,0.0,141.448974609375,0.0,4
4106,0,661.1150512695312,454.1201477050781,25.125,0.0,124.552001953125,0.0,4
4107,0,634.4107055664062,486.399169921875,25.125,0.0,107.655029296875,0.0,4
4108,0,615.9625854492188,525.6574096679688,25.125,0.0,90.7635498046875,0.0,4
4109,0,609.0023803710938,567.6978149414062,25.125,0.0,73.8665771484375,0.0,4
4110,0,614.4083862304688,611.083740234375,25.125,0.0,56.9696044921875,0.0,4
4111,0,626.9789428710938,650.1499633789062,25.125,0.0,73.8665771484375,0.0,4
4112,0,641.2444458007812,688.451416015625,25.125,0.0,56.9696044921875,0.0,4
4113,0,657.78857421875,725.7037353515625,25.125,0.0,73.8665771484375,0.0,4
4114,0,673.6647338867188,763.260498046875,25.125,0.0,56.9696044921875,0.0,4
4115,0,695.2955322265625,799.7901000976562,25.125,0.0,40.0726318359375,0.0,4
4116,0,724.3128051757812,830.3574829101562,25.125,0.0,23.1756591796875,0.0,4
4117,0,761.4920654296875,852.9548950195312,25.125,0.0,6.2786865234375,0.0,4
4118,0,802.6865234375,864.1130981445312,25.125,0.0,-10.61279296875,0.0,4
4119,0,846.3983154296875,862.9367065429688,25.125,0.0,-27.509765625,0.0,4
4120,0,886.5198974609375,851.9932250976562,25.125,0.0,-27.509765625,0.0,4
4121,0,924.2391967773438,834.5762329101562,25.125,0.0,-44.40673828125,0.0,4
4122,0,958.8263549804688,812.8388061523438,25.125,0.0,-27.509765625,0.0,4
4123,0,983.8743896484375,793.4801025390625,25.125,0.0,-10.61279296875,0.0,4
4124,0,988.470458984375,780.5714111328125,25.125,0.0,6.2786865234375,0.0,4
4125,0,1022.403076171875,780.8723754882812,25.125,0.0,23.1756591796875,0.0,4
4126,0,1066.896728515625,783.8743896484375,25.125,0.0,40.0726318359375,0.0,4
4127,0,1113.0272216796875,783.8744506835938,25.125,0.0,56.9696044921875,0.0,4
4128,0,1152.9554443359375,801.5117797851562,25.125,0.0,73.8665771484375,0.0,4
4129,0,1177.69140625,839.30908203125,25.125,0.0,90.7635498046875,0.0,4
4130,0,1187.0380859375,882.0819702148438,25.125,0.0,107.655029296875,0.0,4
4131,0,1184.69970703125,923.986572265625,25.125,0.0,107.655029296875,0.0,4
4132,0,1174.708251953125,964.4568481445312,25.125,0.0,124.552001953125,0.0,4
4133,0,1157.140625,1002.8685913085938,25.125,0.0,124.552001953125,0.0,4
4134,0,1134.7208251953125,1037.6727294921875,25.125,0.0,141.448974609375,0.0,4
4135,0,1107.9847412109375,1069.7962646484375,25.125,0.0,124.552001953125,0.0,4
4136,0,1083.3822021484375,1083.8741455078125,25.125,0.0,107.655029296875,0.0,4
4137,0,1063.0369873046875,1083.8740234375,25.125,0.0,90.7635498046875,0.0,4
4138,0,1049.7545166015625,1083.8741455078125,25.125,0.0,107.655029296875,0.0,4
4139,0,1030.6767578125,1083.87451171875,25.125,0.0,124.552001953125,0.0,4
4140,0,1001.765380859375,1083.874267578125,25.125,0.0,124.552001953125,0.0,4
4141,0,965.339111328125,1088.6368408203125,25.125,0.0,141.448974609375,0.0,4
4142,0,926.8063354492188,1105.388671875,25.125,0.0,158.345947265625,0.0,4
4143,0,890.1109008789062,1123.3448486328125,25.125,0.0,141.448974609375,0.0,4
4144,0,855.210693359375,1147.8280029296875,25.125,0.0,124.552001953125,0.0,4
4145,0,827.3059692382812,1179.549560546875,25.125,0.0,107.655029296875,0.0,4
4146,0,805.228515625,1215.191650390625,25.125,0.0,124.552001953125,0.0,4
4147,0,784.8333129882812,1250.583984375,25.125,0.0,107.655029296875,0.0,4
4148,0,768.2684326171875,1287.960693359375,25.125,0.0,107.655029296875,0.0,4
4149,0,755.6635131835938,1327.191162109375,25.125,0.0,90.7635498046875,0.0,4
4150,0,747.3037719726562,1367.1300048828125,25.125,0.0,107.655029296875,0.0,4
4151,0,734.9740600585938,1407.54150390625,25.125,0.0,124.552001953125,0.0,4
4152,0,714.6489868164062,1444.309326171875,25.125,0.0,141.448974609375,0.0,4
4153,0,684.6350708007812,1475.68603515625,25.125,0.0,158.345947265625,0.0,4
4154,0,649.976806640625,1498.5250244140625,25.125,0.0,158.345947265625,0.0,4
4155,0,613.6271362304688,1519.023193359375,25.125,0.0,141.448974609375,0.0,4
4156,0,579.7361450195312,1541.7047119140625,25.125,0.0,141.448974609375,0.0,4
4157,0,547.8156127929688,1567.6514892578125,25.125,0.0,124.552001953125,0.0,4
4158,0,518.19384765625,1597.08447265625,25.125,0.0,141.448974609375,0.0,4
4159,0,516.1256103515625,1625.98486328125,25.125,0.0,158.345947265625,0.0,4
4160,0,516.1259155273438,1651.5587158203125,25.125,0.0,175.242919921875,0.0,4
4161,0,516.1259155273438,1663.5477294921875,25.125,0.0,-167.860107421875,0.0,4
4162,0,516.1257934570312,1658.7584228515625,25.125,0.0,-150.9686279296875,0.0,4
4163,0,516.1256713867188,1638.2196044921875,25.125,0.0,-134.0716552734375,0.0,4
4164,0,516.1253051757812,1600.96484375,25.125,0.0,-117.1746826171875,0.0,4
4165,0,514.5167236328125,1557.783447265625,25.125,0.0,-100.2777099609375,0.0,4
4166,0,507.7476806640625,1517.0521240234375,25.125,0.0,-117.1746826171875,0.0,4
4167,0,496.3631591796875,1476.853759765625,25.125,0.0,-100.2777099609375,0.0,4
4168,0,485.2496032714844,1438.607177734375,25.125,0.0,-117.1746826171875,0.0,4
4169,0,467.73626708984375,1399.8365478515625,25.125,0.0,-134.0716552734375,0.0,4
4170,0,442.06951904296875,1366.318603515625,25.125,0.0,-150.9686279296875,0.0,4
4171,0,407.3810729980469,1340.03662109375,25.125,0.0,-167.860107421875,0.0,4
4172,0,367.5138244628906,1324.814208984375,25.125,0.0,175.242919921875,0.0,4
4173,0,324.8760986328125,1321.40771484375,25.125,0.0,158.345947265625,0.0,4
4174,0,282.08782958984375,1330.7283935546875,25.125,0.0,141.448974609375,0.0,4
4175,0,244.69252014160156,1351.548095703125,25.125,0.0,124.552001953125,0.0,4
4176,0,214.25685119628906,1383.0767822265625,25.125,0.0,107.655029296875,0.0,4
4177,0,195.08009338378906,1420.259765625,25.125,0.0,90.7635498046875,0.0,4
4178,0,187.1851348876953,1463.404052734375,25.125,0.0,73.8665771484375,0.0,4
4179,0,192.49281311035156,1483.874267578125,25.125,0.0,56.9696044921875,0.0,4
4180,0,216.2354278564453,1483.8743896484375,25.125,0.0,40.0726318359375,0.0,4
4181,0,254.67791748046875,1483.8743896484375,25.125,0.0,40.0726318359375,0.0,4
4182,0,298.25836181640625,1483.87451171875,25.125,0.0,56.9696044921875,0.0,4
4183,0,337.1440734863281,1491.06787109375,25.125,0.0,73.8665771484375,0.0,4
4184,0,362.30596923828125,1526.5662841796875,25.125,0.0,90.7635498046875,0.0,4
4185,0,375.9671936035156,1566.8399658203125,25.125,0.0,73.8665771484375,0.0,4
4186,0,383.8744812011719,1606.205810546875,25.125,0.0,56.9696044921875,0.0,4
4187,0,383.8742980957031,1651.3729248046875,25.125,0.0,40.0726318359375,0.0,4
4188,0,383.8746643066406,1698.13134765625,25.125,0.0,56.9696044921875,0.0,4
4189,0,390.3819885253906,1745.25390625,25.125,0.0,40.0726318359375,0.0,4
4190,0,415.3717346191406,1784.125,25.125,0.0,23.1756591796875,0.0,4
4191,0,450.6873779296875,1809.9810791015625,25.125,0.0,6.2786865234375,0.0,4
4192,0,492.9154357910156,1823.1671142578125,25.125,0.0,-10.61279296875,0.0,4
4193,0,535.9090576171875,1822.8367919921875,25.125,0.0,-27.509765625,0.0,4
4194,0,577.0983276367188,1814.255859375,25.125,0.0,-10.61279296875,0.0,4
4195,0,583.8740844726562,1805.6219482421875,25.125,0.0,-10.61279296875,0.0,4
4196,0,583.8740844726562,1800.525634765625,25.125,0.0,6.2786865234375,0.0,4
4197,0,583.8741455078125,1803.333740234375,25.125,0.0,23.1756591796875,0.0,4
4198,0,583.8743896484375,1811.9393310546875,25.125,0.0,6.2786865234375,0.0,4
4199,0,583.8741455078125,1821.9639892578125,25.125,0.0,23.1756591796875,0.0,4
4200,0,583.87451171875,1842.3289794921875,25.125,0.0,40.0726318359375,0.0,4
4201,0,583.87451171875,1877.7177734375,25.125,0.0,56.9696044921875,0.0,4
4202,0,583.9763793945312,1920.85986328125,25.125,0.0,73.8665771484375,0.0,4
4203,0,590.9918823242188,1963.513916015625,25.125,0.0,56.9696044921875,0.0,4
4204,0,604.842529296875,1983.8741455078125,25.125,0.0,73.8665771484375,0.0,4
4205,0,624.28857421875,1983.87451171875,25.125,0.0,56.9696044921875,0.0,4
4206,0,652.5158081054688,1983.874267578125,25.125,0.0,56.9696044921875,0.0,4
4207,0,682.8287353515625,1983.8743896484375,25.125,0.0,73.8665771484375,0.0,4
4208,0,705.2404174804688,1983.8740234375,25.125,0.0,90.7635498046875,0.0,4
4209,0,715.0177001953125,1983.8743896484375,25.125,0.0,90.7635498046875,0.0,4
4210,0,714.5009155273438,1983.8741455078125,25.125,0.0,107.655029296875,0.0,4
4211,0,704.8655395507812,1983.874267578125,25.125,0.0,124.552001953125,0.0,4
4212,0,682.728759765625,1983.8741455078125,25.125,0.0,107.655029296875,0.0,4
4213,0,663.8491821289062,1983.8740234375,25.125,0.0,90.7635498046875,0.0,4
4214,0,650.970703125,1983.8743896484375,25.125,0.0,107.655029296875,0.0,4
4215,0,634.93017578125,1983.8741455078125,25.125,0.0,107.655029296875,0.0,4
4216,0,616.3895874023438,1983.8743896484375,25.125,0.0,107.655029296875,0.0,4
4217,0,596.2426147460938,1983.8741455078125,25.125,0.0,107.655029296875,0.0,4
4218,0,605.351806640625,1983.874755859375,25.125,0.0,107.655029296875,0.0,4
4219,0,612.1234741210938,1983.874267578125,25.125,0.0,124.552001953125,0.0,4
4220,0,627.4771118164062,1983.87451171875,25.125,0.0,124.552001953125,0.0,4
4221,0,629.4999389648438,1983.8743896484375,25.125,0.0,141.448974609375,0.0,4
4222,0,634.8410034179688,1983.874267578125,25.125,0.0,141.448974609375,0.0,4
4223,0,629.4003295898438,1983.87451171875,25.125,0.0,124.552001953125,0.0,4
4224,0,603.2305908203125,1983.8743896484375,25.125,0.0,141.448974609375,0.0,4
4225,0,562.336181640625,1983.8748779296875,25.125,0.0,158.345947265625,0.0,4
4226,0,515.5301513671875,1983.8743896484375,25.125,0.0,141.448974609375,0.0,4
4227,0,467.8921203613281,1983.87451171875,25.125,0.0,124.552001953125,0.0,4
4228,0,421.0939025878906,1983.8743896484375,25.125,0.0,141.448974609375,0.0,4
4229,0,372.4983215332031,1983.87451171875,25.125,0.0,141.448974609375,0.0,4
4230,0,325.94671630859375,1983.874755859375,25.125,0.0,158.345947265625,0.0,4
4231,0,280.222900390625,1983.8743896484375,25.125,0.0,141.448974609375,0.0,4
4232,0,236.7176971435547,1968.492919921875,25.125,0.0,141.448974609375,0.0,4
4233,0,192.78500366210938,1969.03955078125,25.125,0.0,141.448974609375,0.0,4
4234,0,154.16329956054688,1983.87451171875,25.125,0.0,124.552001953125,0.0,4
4235,0,116.12793731689453,1983.874755859375,25.125,0.0,141.448974609375,0.0,4
4236,0,116.12586212158203,1983.875,25.125,0.0,158.345947265625,0.0,4
4237,0,116.12592315673828,1983.875,25.125,0.0,175.242919921875,0.0,4
4238,0,116.12590026855469,1983.284912109375,25.125,0.0,-167.860107421875,0.0,4
4239,0,116.12554931640625,1977.8763427734375,25.125,0.0,-150.9686279296875,0.0,4
4240,0,116.12564086914062,1956.5450439453125,25.125,0.0,-134.0716552734375,0.0,4
4241,0,116.12528228759766,1919.045654296875,25.125,0.0,-117.1746826171875,0.0,4
4242,0,116.1250991821289,1875.6412353515625,25.125,0.0,-100.2777099609375,0.0,4
4243,0,116.12561798095703,1853.096923828125,25.125,0.0,-100.2777099609375,0.0,4
4244,0,116.12541961669922,1821.8333740234375,25.125,0.0,-117.1746826171875,0.0,4
4245,0,116.12564086914062,1776.0281982421875,25.125,0.0,-134.0716552734375,0.0,4
4246,0,116.12580871582031,1729.406005859375,25.125,0.0,-150.9686279296875,0.0,4
4247,0,116.12590026855469,1693.0494384765625,25.125,0.0,-167.860107421875,0.0,4
4248,0,116.12562561035156,1671.01513671875,25.125,0.0,175.242919921875,0.0,4
4249,0,116.12586212158203,1667.1878662109375,25.125,0.0,158.345947265625,0.0,4
4250,0,116.12548828125,1679.1475830078125,25.125,0.0,141.448974609375,0.0,4
4251,0,116.12552642822266,1709.6796875,25.125,0.0,124.552001953125,0.0,4
4252,0,116.12535095214844,1752.1409912109375,25.125,0.0,124.552001953125,0.0,4
4253,0,116.12572479248047,1801.2978515625,25.125,0.0,141.448974609375,0.0,4
4254,0,116.12537384033203,1848.73974609375,25.125,0.0,124.552001953125,0.0,4
4255,0,116.12572479248047,1897.9583740234375,25.125,0.0,141.448974609375,0.0,4
4256,0,116.12586212158203,1940.8472900390625,25.125,0.0,158.345947265625,0.0,4
4257,0,116.12562561035156,1971.8621826171875,25.125,0.0,175.242919921875,0.0,4
4258,0,116.12590026855469,1983.5184326171875,25.125,0.0,-167.860107421875,0.0,4
4259,0,116.12554931640625,1978.10986328125,25.125,0.0,-150.9686279296875,0.0,4
4260,0,116.12590026855469,1962.3565673828125,25.125,0.0,-167.860107421875,0.0,4
4261,0,116.12580871582031,1943.8121337890625,25.125,0.0,-150.9686279296875,0.0,4
4262,0,116.12590026855469,1921.1036376953125,25.125,0.0,-167.860107421875,0.0,4
4263,0,116.12592315673828,1905.2265625,25.125,0.0,175.242919921875,0.0,4
4264,0,116.12562561035156,1902.0809326171875,25.125,0.0,175.242919921875,0.0,4
4265,0,116.12590026855469,1901.5421142578125,25.125,0.0,-167.860107421875,0.0,4
4266,0,116.12512969970703,1923.939208984375,25.125,0.0,-167.860107421875,0.0,4
4267,0,116.12592315673828,1945.8564453125,25.125,0.0,175.242919921875,0.0,4
4268,0,116.12562561035156,1957.40576171875,25.125,0.0,175.242919921875,0.0,4
4269,0,116.12586212158203,1967.0137939453125,25.125,0.0,158.345947265625,0.0,4
4270,0,116.12592315673828,1980.46484375,25.125,0.0,175.242919921875,0.0,4
4271,0,116.12590026855469,1983.3096923828125,25.125,0.0,-167.860107421875,0.0,4
4272,0,116.12580871582031,1977.7645263671875,25.125,0.0,-150.9686279296875,0.0,4
4273,0,116.1256103515625,1962.2530517578125,25.125,0.0,-167.860107421875,0.0,4
4274,0,116.12580871582031,1943.198486328125,25.125,0.0,-150.9686279296875,0.0,4
4275,0,116.12543487548828,1915.05419921875,25.125,0.0,-134.0716552734375,0.0,4
4276,0,116.12564086914062,1875.39794921875,25.125,0.0,-134.0716552734375,0.0,4
4277,0,116.12545013427734,1864.6044921875,25.125,0.0,-134.0716552734375,0.0,4
4278,0,116.12541961669922,1849.5635986328125,25.125,0.0,-117.1746826171875,0.0,4
4279,0,116.12564086914062,1811.7271728515625,25.125,0.0,-134.0716552734375,0.0,4
4280,0,116.12554931640625,1769.5108642578125,25.125,0.0,-150.9686279296875,0.0,4
4281,0,116.12564086914062,1729.056396484375,25.125,0.0,-134.0716552734375,0.0,4
4282,0,116.12518310546875,1684.0762939453125,25.125,0.0,-117.1746826171875,0.0,4
4283,0,116.12530517578125,1638.4774169921875,25.125,0.0,-117.1746826171875,0.0,4
4284,0,116.12543487548828,1591.3385009765625,25.125,0.0,-134.0716552734375,0.0,4
4285,0,116.12580871582031,1544.086669921875,25.125,0.0,-150.9686279296875,0.0,4
4286,0,116.12545013427734,1536.630615234375,25.125,0.0,-150.9686279296875,0.0,4
4287,0,116.12580871582031,1533.6966552734375,25.125,0.0,-150.9686279296875,0.0,4
4288,0,116.12580871582031,1515.18603515625,25.125,0.0,-150.9686279296875,0.0,4
4289,0,116.1256103515625,1491.44140625,25.125,0.0,-167.860107421875,0.0,4
4290,0,116.12590026855469,1472.05224609375,25.125,0.0,-167.860107421875,0.0,4
4291,0,116.1256103515625,1455.5078125,25.125,0.0,-167.860107421875,0.0,4
4292,0,116.12590026855469,1439.9490966796875,25.125,0.0,-167.860107421875,0.0,4
4293,0,116.12554931640625,1422.433349609375,25.125,0.0,-150.9686279296875,0.0,4
4294,0,116.12564086914062,1393.9718017578125,25.125,0.0,-134.0716552734375,0.0,4
4295,0,116.12580871582031,1357.540283203125,25.125,0.0,-150.9686279296875,0.0,4
4296,0,125.55382537841797,1316.259765625,25.125,0.0,-150.9686279296875,0.0,4
4297,0,116.12533569335938,1277.2091064453125,25.125,0.0,-134.0716552734375,0.0,4
4298,0,116.12519073486328,1234.2655029296875,25.125,0.0,-117.1746826171875,0.0,4
4299,0,116.12529754638672,1189.696533203125,25.125,0.0,-117.1746826171875,0.0,4
4300,0,116.12506866455078,1147.2637939453125,25.125,0.0,-100.2777099609375,0.0,4
4301,0,116.1253433227539,1103.51953125,25.125,0.0,-117.1746826171875,0.0,4
4302,0,116.12543487548828,1056.3660888671875,25.125,0.0,-134.0716552734375,0.0,4
4303,0,116.12580871582031,1009.1140747070312,25.125,0.0,-150.9686279296875,0.0,4
4304,0,116.12564086914062,966.8557739257812,25.125,0.0,-134.0716552734375,0.0,4
4305,0,116.12564086914062,920.6271362304688,25.125,0.0,-134.0716552734375,0.0,4
4306,0,116.12580871582031,875.8854370117188,25.125,0.0,-150.9686279296875,0.0,4
4307,0,116.1256103515625,839.5297241210938,25.125,0.0,-167.860107421875,0.0,4
4308,0,116.12592315673828,817.0413818359375,25.125,0.0,175.242919921875,0.0,4
4309,0,116.1256103515625,807.060791015625,25.125,0.0,-167.860107421875,0.0,4
4310,0,116.12580871582031,793.702392578125,25.125,0.0,-150.9686279296875,0.0,4
4311,0,116.12564086914062,768.09765625,25.125,0.0,-134.0716552734375,0.0,4
4312,0,116.1253433227539,727.6624755859375,25.125,0.0,-117.1746826171875,0.0,4
4313,0,116.12529754638672,683.1110229492188,25.125,0.0,-117.1746826171875,0.0,4
4314,0,116.1252212524414,638.5537109375,25.125,0.0,-117.1746826171875,0.0,4
4315,0,116.12529754638672,592.9609375,25.125,0.0,-117.1746826171875,0.0,4
4316,0,116.12506866455078,550.5279541015625,25.125,0.0,-100.2777099609375,0.0,4
4317,0,116.125,516.1257934570312,25.125,0.0,-117.1746826171875,0.0,4
4318,0,116.125,516.1256103515625,25.125,0.0,-100.2777099609375,0.0,4
4319,0,116.3349609375,516.1259155273438,25.125,0.0,-83.3807373046875,0.0,4
4320,0,119.21050262451172,516.1258544921875,25.125,0.0,-66.4892578125,0.0,4
4321,0,132.0054168701172,516.1258544921875,25.125,0.0,-66.4892578125,0.0,4
4322,0,152.5164794921875,516.1258544921875,25.125,0.0,-66.4892578125,0.0,4
4323,0,179.24720764160156,516.12548828125,25.125,0.0,-49.59228515625,0.0,4
4324,0,217.76324462890625,516.12548828125,25.125,0.0,-32.6953125,0.0,4
4325,0,259.4240417480469,509.4651794433594,25.125,0.0,-15.79833984375,0.0,4
4326,0,300.475341796875,501.6069641113281,25.125,0.0,1.0986328125,0.0,4
4327,0,341.1043395996094,499.8983459472656,25.125,0.0,17.99560546875,0.0,4
4328,0,382.75830078125,503.8473815917969,25.125,0.0,1.0986328125,0.0,4
4329,0,409.70947265625,482.8028259277344,25.125,0.0,1.0986328125,0.0,4
4330,0,443.7528076171875,456.9800109863281,25.125,0.0,-15.79833984375,0.0,4
4331,0,480.1603698730469,438.57080078125,25.125,0.0,-32.6953125,0.0,4
4332,0,515.1997680664062,416.74755859375,25.125,0.0,-49.59228515625,0.0,4
4333,0,546.129638671875,386.8925476074219,25.125,0.0,-66.4892578125,0.0,4
4334,0,570.6621704101562,354.1476745605469,25.125,0.0,-49.59228515625,0.0,4
4335,0,594.869873046875,320.0765380859375,25.125,0.0,-66.4892578125,0.0,4
4336,0,614.9701538085938,284.501708984375,25.125,0.0,-66.4892578125,0.0,4
4337,0,634.7432250976562,248.7972412109375,25.125,0.0,-49.59228515625,0.0,4
4338,0,660.0249633789062,215.78057861328125,25.125,0.0,-32.6953125,0.0,4
4339,0,688.9697875976562,186.9487762451172,25.125,0.0,-49.59228515625,0.0,4
4340,0,716.4527587890625,154.94412231445312,25.125,0.0,-66.4892578125,0.0,4
4341,0,736.843017578125,118.24164581298828,25.125,0.0,-83.3807373046875,0.0,4
4342,0,750.4314575195312,116.12591552734375,25.125,0.0,-83.3807373046875,0.0,4
4343,0,763.2000732421875,116.12557220458984,25.125,0.0,-66.4892578125,0.0,4
4344,0,780.4197998046875,116.12591552734375,25.125,0.0,-83.3807373046875,0.0,4
4345,0,783.875,116.12584686279297,25.125,0.0,-66.4892578125,0.0,4
4346,0,783.875,116.12570190429688,25.125,0.0,-49.59228515625,0.0,4
4347,0,783.875,116.12549591064453,25.125,0.0,-32.6953125,0.0,4
4348,0,783.875,116.12516784667969,25.125,0.0,-15.79833984375,0.0,4
4349,0,783.8740844726562,116.14273834228516,25.125,0.0,1.0986328125,0.0,4
4350,0,783.8743896484375,117.50977325439453,25.125,0.0,17.99560546875,0.0,4
4351,0,783.874267578125,127.49017333984375,25.125,0.0,34.8870849609375,0.0,4
4352,0,783.8746337890625,154.3190155029297,25.125,0.0,51.7840576171875,0.0,4
4353,0,783.8748168945312,196.63311767578125,25.125,0.0,68.6810302734375,0.0,4
4354,0,787.19873046875,241.2873077392578,25.125,0.0,51.7840576171875,0.0,4
4355,0,800.0188598632812,280.9306945800781,25.125,0.0,68.6810302734375,0.0,4
4356,0,816.250244140625,318.59881591796875,25.125,0.0,51.7840576171875,0.0,4
4357,0,839.3828735351562,353.44677734375,25.125,0.0,34.8870849609375,0.0,4
4358,0,871.499267578125,382.52642822265625,25.125,0.0,17.99560546875,0.0,4
4359,0,909.611328125,401.5055236816406,25.125,0.0,1.0986328125,0.0,4
4360,0,952.636962890625,409.10589599609375,25.125,0.0,-15.79833984375,0.0,4
4361,0,995.0560302734375,404.03802490234375,25.125,0.0,-32.6953125,0.0,4
4362,0,1035.1710205078125,386.5638732910156,25.125,0.0,-49.59228515625,0.0,4
4363,0,1067.825439453125,358.89190673828125,25.125,0.0,-66.4892578125,0.0,4
4364,0,1092.385986328125,325.25750732421875,25.125,0.0,-66.4892578125,0.0,4
4365,0,1112.030029296875,316.12591552734375,25.125,0.0,-83.3807373046875,0.0,4
4366,0,1128.94580078125,316.1255798339844,25.125,0.0,-66.4892578125,0.0,4
4367,0,1153.8319091796875,316.1257019042969,25.125,0.0,-49.59228515625,0.0,4
4368,0,1190.4400634765625,316.1253356933594,25.125,0.0,-32.6953125,0.0,4
4369,0,1236.912841796875,314.3642578125,25.125,0.0,-32.6953125,0.0,4
4370,0,1278.245361328125,299.7154846191406,25.125,0.0,-49.59228515625,0.0,4
4371,0,1313.8480224609375,277.049560546875,25.125,0.0,-32.6953125,0.0,4
4372,0,1349.1583251953125,256.1985168457031,25.125,0.0,-15.79833984375,0.0,4
4373,0,1388.3634033203125,241.6587677001953,25.125,0.0,1.0986328125,0.0,4
4374,0,1430.464599609375,236.88356018066406,25.125,0.0,17.99560546875,0.0,4
4375,0,1471.7803955078125,241.23780822753906,25.125,0.0,17.99560546875,0.0,4
4376,0,1483.874267578125,254.1726531982422,25.125,0.0,34.8870849609375,0.0,4
4377,0,1483.8743896484375,277.4830017089844,25.125,0.0,17.99560546875,0.0,4
4378,0,1483.874267578125,303.82110595703125,25.125,0.0,34.8870849609375,0.0,4
4379,0,1491.0833740234375,338.1761779785156,25.125,0.0,51.7840576171875,0.0,4
4380,0,1509.52099609375,375.6950378417969,25.125,0.0,68.6810302734375,0.0,4
4381,0,1524.629638671875,414.05426025390625,25.125,0.0,85.5780029296875,0.0,4
4382,0,1531.9212646484375,455.405517578125,25.125,0.0,102.4749755859375,0.0,4
4383,0,1530.78515625,497.7601318359375,25.125,0.0,102.4749755859375,0.0,4
4384,0,350.0,1750.0,25.125,0.0,168.2281494140625,0.0,4
4385,0,842.2998046875,766.1461791992188,25.125,0.0,107.51220703125,0.0,5
4386,0,830.04931640625,805.7216796875,25.125,0.0,90.615234375,0.0,5
4387,0,825.6851196289062,846.4761352539062,25.125,0.0,73.71826171875,0.0,5
4388,0,832.1301879882812,889.4183959960938,25.125,0.0,56.8212890625,0.0,5
4389,0,849.86669921875,928.1895751953125,25.125,0.0,39.92431640625,0.0,5
4390,0,877.8689575195312,960.45458984375,25.125,0.0,23.0328369140625,0.0,5
4391,0,914.0286254882812,983.3756713867188,25.125,0.0,6.1358642578125,0.0,5
4392,0,952.2210693359375,998.4842529296875,25.125,0.0,23.0328369140625,0.0,5
4393,0,983.874267578125,1016.0319213867188,25.125,0.0,39.92431640625,0.0,5
4394,0,999.3219604492188,1046.456298828125,25.125,0.0,56.8212890625,0.0,5
4395,0,1019.8880004882812,1082.91650390625,25.125,0.0,73.71826171875,0.0,5
4396,0,1035.0443115234375,1083.8740234375,25.125,0.0,90.615234375,0.0,5
4397,0,1038.084228515625,1083.8741455078125,25.125,0.0,107.51220703125,0.0,5
4398,0,1028.8856201171875,1083.874267578125,25.125,0.0,124.4036865234375,0.0,5
4399,0,1002.6853637695312,1083.8746337890625,25.125,0.0,141.3006591796875,0.0,5
4400,0,962.4137573242188,1086.5155029296875,25.125,0.0,158.1976318359375,0.0,5
4401,0,922.341796875,1094.197265625,25.125,0.0,175.0946044921875,0.0,5
4402,0,880.2949829101562,1098.296875,25.125,0.0,-168.0084228515625,0.0,5
4403,0,838.554443359375,1093.6280517578125,25.125,0.0,-151.1114501953125,0.0,5
4404,0,798.0654296875,1077.9449462890625,25.125,0.0,-134.219970703125,0.0,5
4405,0,764.096435546875,1052.1790771484375,25.125,0.0,-117.322998046875,0.0,5
4406,0,738.28857421875,1016.9190673828125,25.125,0.0,-100.426025390625,0.0,5
4407,0,723.9281616210938,976.6243286132812,25.125,0.0,-83.529052734375,0.0,5
4408,0,721.663330078125,933.8685913085938,25.125,0.0,-66.632080078125,0.0,5
4409,0,731.7886962890625,892.2288208007812,25.125,0.0,-49.735107421875,0.0,5
4410,0,753.5608520507812,855.2896118164062,25.125,0.0,-32.8436279296875,0.0,5
4411,0,785.9337158203125,825.7063598632812,25.125,0.0,-15.9466552734375,0.0,5
4412,0,824.6231079101562,807.32958984375,25.125,0.0,0.9503173828125,0.0,5
4413,0,867.962158203125,800.8555908203125,25.125,0.0,17.8472900390625,0.0,5
4414,0,910.33984375,807.1121215820312,25.125,0.0,34.7442626953125,0.0,5
4415,0,949.9503784179688,825.8809204101562,25.125,0.0,51.6357421875,0.0,5
4416,0,981.6123046875,854.69189453125,25.125,0.0,68.53271484375,0.0,5
4417,0,983.8746337890625,894.4864501953125,25.125,0.0,51.6357421875,0.0,5
4418,0,983.874267578125,941.1857299804688,25.125,0.0,34.7442626953125,0.0,5
4419,0,983.8743896484375,980.1668701171875,25.125,0.0,17.8472900390625,0.0,5
4420,0,983.8740844726562,1007.9861450195312,25.125,0.0,0.9503173828125,0.0,5
4421,0,991.37890625,1018.615478515625,25.125,0.0,-15.9466552734375,0.0,5
4422,0,1028.318603515625,1016.125244140625,25.125,0.0,-15.9466552734375,0.0,5
4423,0,1072.4107666015625,1016.1254272460938,25.125,0.0,-32.8436279296875,0.0,5
4424,0,1120.3875732421875,1015.6470947265625,25.125,0.0,-49.735107421875,0.0,5
4425,0,1163.501708984375,1001.8165893554688,25.125,0.0,-32.8436279296875,0.0,5
4426,0,1200.8017578125,985.3822021484375,25.125,0.0,-15.9466552734375,0.0,5
4427,0,1241.20751953125,972.7081909179688,25.125,0.0,0.9503173828125,0.0,5
4428,0,1282.14697265625,969.0367431640625,25.125,0.0,17.8472900390625,0.0,5
4429,0,1324.958251953125,976.5345458984375,25.125,0.0,34.7442626953125,0.0,5
4430,0,1365.0048828125,983.874267578125,25.125,0.0,51.6357421875,0.0,5
4431,0,1407.2449951171875,983.874267578125,25.125,0.0,51.6357421875,0.0,5
4432,0,1446.382568359375,996.828125,25.125,0.0,68.53271484375,0.0,5
4433,0,1474.3271484375,1032.160888671875,25.125,0.0,85.4296875,0.0,5
4434,0,1487.677978515625,1074.8521728515625,25.125,0.0,102.32666015625,0.0,5
4435,0,1486.7117919921875,1118.049560546875,25.125,0.0,119.2236328125,0.0,5
4436,0,1472.3216552734375,1159.6187744140625,25.125,0.0,136.12060546875,0.0,5
4437,0,1449.54736328125,1183.87451171875,25.125,0.0,136.12060546875,0.0,5
4438,0,1411.5302734375,1183.8746337890625,25.125,0.0,153.0120849609375,0.0,5
4439,0,1369.22412109375,1184.4749755859375,25.125,0.0,169.9090576171875,0.0,5
4440,0,1327.681640625,1188.471435546875,25.125,0.0,169.9090576171875,0.0,5
4441,0,1287.2781982421875,1196.193115234375,25.125,0.0,153.0120849609375,0.0,5
4442,0,1248.3843994140625,1211.79248046875,25.125,0.0,136.12060546875,0.0,5
4443,0,1212.3172607421875,1233.0806884765625,25.125,0.0,153.0120849609375,0.0,5
4444,0,1177.6749267578125,1254.68359375,25.125,0.0,136.12060546875,0.0,5
4445,0,1145.3714599609375,1282.437744140625,25.125,0.0,119.2236328125,0.0,5
4446,0,1120.59130859375,1316.6353759765625,25.125,0.0,102.32666015625,0.0,5
4447,0,1102.418701171875,1353.3372802734375,25.125,0.0,119.2236328125,0.0,5
4448,0,1085.4691162109375,1390.5006103515625,25.125,0.0,102.32666015625,0.0,5
4449,0,1070.751708984375,1428.5086669921875,25.125,0.0,119.2236328125,0.0,5
4450,0,1054.9254150390625,1467.1297607421875,25.125,0.0,102.32666015625,0.0,5
4451,0,1040.9136962890625,1505.4033203125,25.125,0.0,119.2236328125,0.0,5
4452,0,1021.4532470703125,1543.073486328125,25.125,0.0,136.12060546875,0.0,5
4453,0,998.4246215820312,1576.7864990234375,25.125,0.0,119.2236328125,0.0,5
4454,0,977.6595458984375,1613.5213623046875,25.125,0.0,102.32666015625,0.0,5
4455,0,964.8598022460938,1653.506591796875,25.125,0.0,85.4296875,0.0,5
4456,0,958.6143188476562,1693.944091796875,25.125,0.0,102.32666015625,0.0,5
4457,0,951.6034545898438,1734.0111083984375,25.125,0.0,102.32666015625,0.0,5
4458,0,943.6551513671875,1773.8734130859375,25.125,0.0,102.32666015625,0.0,5
4459,0,933.11181640625,1814.486328125,25.125,0.0,119.2236328125,0.0,5
4460,0,919.6126708984375,1852.95703125,25.125,0.0,102.32666015625,0.0,5
4461,0,909.792236328125,1894.1002197265625,25.125,0.0,85.4296875,0.0,5
4462,0,906.7123413085938,1935.1160888671875,25.125,0.0,85.4296875,0.0,5
4463,0,905.1701049804688,1976.82666015625,25.125,0.0,102.32666015625,0.0,5
4464,0,897.4752807617188,1983.8741455078125,25.125,0.0,119.2236328125,0.0,5
4465,0,875.0302734375,1983.87451171875,25.125,0.0,136.12060546875,0.0,5
4466,0,836.8657836914062,1983.8746337890625,25.125,0.0,153.0120849609375,0.0,5
4467,0,794.4812622070312,1983.8748779296875,25.125,0.0,169.9090576171875,0.0,5
4468,0,750.7796020507812,1983.8746337890625,25.125,0.0,153.0120849609375,0.0,5
4469,0,703.696044921875,1983.87451171875,25.125,0.0,136.12060546875,0.0,5
4470,0,656.3391723632812,1983.8741455078125,25.125,0.0,119.2236328125,0.0,5
4471,0,619.3731689453125,1983.8741455078125,25.125,0.0,102.32666015625,0.0,5
4472,0,593.406982421875,1983.8741455078125,25.125,0.0,102.32666015625,0.0,5
4473,0,574.1390380859375,1983.8741455078125,25.125,0.0,102.32666015625,0.0,5
4474,0,554.7748413085938,1983.87451171875,25.125,0.0,119.2236328125,0.0,5
4475,0,560.7009887695312,1983.87451171875,25.125,0.0,119.2236328125,0.0,5
4476,0,561.0777587890625,1983.87451171875,25.125,0.0,136.12060546875,0.0,5
4477,0,536.8681640625,1983.8741455078125,25.125,0.0,119.2236328125,0.0,5
4478,0,507.2032775878906,1983.87451171875,25.125,0.0,119.2236328125,0.0,5
4479,0,474.90966796875,1983.8741455078125,25.125,0.0,119.2236328125,0.0,5
4480,0,440.0747375488281,1983.8743896484375,25.125,0.0,136.12060546875,0.0,5
4481,0,395.96234130859375,1983.874755859375,25.125,0.0,153.0120849609375,0.0,5
4482,0,353.58453369140625,1983.8748779296875,25.125,0.0,169.9090576171875,0.0,5
4483,0,310.9007263183594,1983.874755859375,25.125,0.0,153.0120849609375,0.0,5
4484,0,271.75823974609375,1964.0960693359375,25.125,0.0,153.0120849609375,0.0,5
4485,0,229.89718627929688,1952.94091796875,25.125,0.0,169.9090576171875,0.0,5
4486,0,206.33177185058594,1974.25048828125,25.125,0.0,169.9090576171875,0.0,5
4487,0,176.28500366210938,1983.874755859375,25.125,0.0,153.0120849609375,0.0,5
4488,0,131.1040496826172,1983.8746337890625,25.125,0.0,153.0120849609375,0.0,5
4489,0,116.12566375732422,1983.875,25.125,0.0,136.12060546875,0.0,5
4490,0,116.12545013427734,1983.875,25.125,0.0,119.2236328125,0.0,5
4491,0,116.12566375732422,1983.875,25.125,0.0,136.12060546875,0.0,5
4492,0,116.12555694580078,1983.875,25.125,0.0,153.0120849609375,0.0,5
4493,0,116.12582397460938,1983.875,25.125,0.0,153.0120849609375,0.0,5
4494,0,116.12561798095703,1983.875,25.125,0.0,169.9090576171875,0.0,5
4495,0,116.12591552734375,1983.6539306640625,25.125,0.0,-173.1939697265625,0.0,5
4496,0,116.12584686279297,1980.7579345703125,25.125,0.0,-156.2969970703125,0.0,5
4497,0,116.12570190429688,1965.1209716796875,25.125,0.0,-139.4000244140625,0.0,5
4498,0,116.12549591064453,1932.517822265625,25.125,0.0,-122.5030517578125,0.0,5
4499,0,116.1250991821289,1889.7388916015625,25.125,0.0,-105.611572265625,0.0,5
4500,0,116.12516021728516,1846.8717041015625,25.125,0.0,-105.611572265625,0.0,5
4501,0,116.12533569335938,1802.9012451171875,25.125,0.0,-122.5030517578125,0.0,5
4502,0,116.12539672851562,1755.4647216796875,25.125,0.0,-122.5030517578125,0.0,5
4503,0,116.12547302246094,1708.4791259765625,25.125,0.0,-139.4000244140625,0.0,5
4504,0,116.12584686279297,1663.50732421875,25.125,0.0,-156.2969970703125,0.0,5
4505,0,116.12591552734375,1630.9346923828125,25.125,0.0,-173.1939697265625,0.0,5
4506,0,116.12590789794922,1613.8941650390625,25.125,0.0,169.9090576171875,0.0,5
4507,0,116.12590789794922,1613.0283203125,25.125,0.0,169.9090576171875,0.0,5
4508,0,116.12562561035156,1613.1107177734375,25.125,0.0,-173.1939697265625,0.0,5
4509,0,116.12584686279297,1610.0904541015625,25.125,0.0,-156.2969970703125,0.0,5
4510,0,116.12547302246094,1594.823486328125,25.125,0.0,-139.4000244140625,0.0,5
4511,0,116.12549591064453,1561.492431640625,25.125,0.0,-122.5030517578125,0.0,5
4512,0,116.1250991821289,1519.685546875,25.125,0.0,-105.611572265625,0.0,5
4513,0,116.12516021728516,1476.818359375,25.125,0.0,-105.611572265625,0.0,5
4514,0,116.13748168945312,1435.8721923828125,25.125,0.0,-88.714599609375,0.0,5
4515,0,116.12516784667969,1393.802734375,25.125,0.0,-105.611572265625,0.0,5
4516,0,116.12544250488281,1349.79443359375,25.125,0.0,-122.5030517578125,0.0,5
4517,0,116.12547302246094,1301.8555908203125,25.125,0.0,-139.4000244140625,0.0,5
4518,0,116.12570190429688,1254.3232421875,25.125,0.0,-139.4000244140625,0.0,5
4519,0,116.12557220458984,1211.5828857421875,25.125,0.0,-156.2969970703125,0.0,5
4520,0,116.12591552734375,1178.8074951171875,25.125,0.0,-173.1939697265625,0.0,5
4521,0,116.12590789794922,1162.18994140625,25.125,0.0,169.9090576171875,0.0,5
4522,0,116.12582397460938,1163.911376953125,25.125,0.0,153.0120849609375,0.0,5
4523,0,116.12566375732422,1181.723876953125,25.125,0.0,136.12060546875,0.0,5
4524,0,116.12530517578125,1216.9324951171875,25.125,0.0,119.2236328125,0.0,5
4525,0,116.12566375732422,1264.2548828125,25.125,0.0,136.12060546875,0.0,5
4526,0,116.12555694580078,1309.1826171875,25.125,0.0,153.0120849609375,0.0,5
4527,0,116.12590789794922,1344.93896484375,25.125,0.0,169.9090576171875,0.0,5
4528,0,116.12562561035156,1364.9591064453125,25.125,0.0,-173.1939697265625,0.0,5
4529,0,116.12590789794922,1372.213623046875,25.125,0.0,169.9090576171875,0.0,5
4530,0,116.12591552734375,1373.883056640625,25.125,0.0,-173.1939697265625,0.0,5
4531,0,116.12584686279297,1370.9691162109375,25.125,0.0,-156.2969970703125,0.0,5
4532,0,116.12570190429688,1355.6796875,25.125,0.0,-139.4000244140625,0.0,5
4533,0,116.12533569335938,1323.19921875,25.125,0.0,-122.5030517578125,0.0,5
4534,0,116.1253890991211,1277.3758544921875,25.125,0.0,-122.5030517578125,0.0,5
4535,0,116.12547302246094,1229.4271240234375,25.125,0.0,-139.4000244140625,0.0,5
4536,0,116.12533569335938,1180.52880859375,25.125,0.0,-122.5030517578125,0.0,5
4537,0,116.12528228759766,1134.1351318359375,25.125,0.0,-122.5030517578125,0.0,5
4538,0,116.12570190429688,1085.050048828125,25.125,0.0,-139.4000244140625,0.0,5
4539,0,116.12584686279297,1041.1387939453125,25.125,0.0,-156.2969970703125,0.0,5
4540,0,116.12562561035156,1008.4802856445312,25.125,0.0,-173.1939697265625,0.0,5
4541,0,116.12590789794922,991.5172729492188,25.125,0.0,169.9090576171875,0.0,5
4542,0,116.12562561035156,988.9303588867188,25.125,0.0,-173.1939697265625,0.0,5
4543,0,116.12591552734375,988.1241455078125,25.125,0.0,-173.1939697265625,0.0,5
4544,0,116.12557220458984,985.2506713867188,25.125,0.0,-156.2969970703125,0.0,5
4545,0,116.12591552734375,975.864013671875,25.125,0.0,-173.1939697265625,0.0,5
4546,0,116.12590789794922,972.1818237304688,25.125,0.0,169.9090576171875,0.0,5
4547,0,116.12591552734375,972.2509155273438,25.125,0.0,-173.1939697265625,0.0,5
4548,0,116.12584686279297,969.3551025390625,25.125,0.0,-156.2969970703125,0.0,5
4549,0,116.12525177001953,986.180908203125,25.125,0.0,-156.2969970703125,0.0,5
4550,0,116.12584686279297,996.475341796875,25.125,0.0,-156.2969970703125,0.0,5
4551,0,116.12562561035156,990.7330932617188,25.125,0.0,-173.1939697265625,0.0,5
4552,0,116.12584686279297,983.2313232421875,25.125,0.0,-156.2969970703125,0.0,5
4553,0,116.12547302246094,964.2686767578125,25.125,0.0,-139.4000244140625,0.0,5
4554,0,116.12584686279297,934.1278076171875,25.125,0.0,-156.2969970703125,0.0,5
4555,0,116.12591552734375,908.005615234375,25.125,0.0,-173.1939697265625,0.0,5
4556,0,116.12590789794922,893.7776489257812,25.125,0.0,169.9090576171875,0.0,5
4557,0,116.12590789794922,893.7923583984375,25.125,0.0,169.9090576171875,0.0,5
4558,0,116.12555694580078,898.090576171875,25.125,0.0,153.0120849609375,0.0,5
4559,0,116.12590789794922,911.2260131835938,25.125,0.0,169.9090576171875,0.0,5
4560,0,116.12561798095703,924.6111450195312,25.125,0.0,169.9090576171875,0.0,5
4561,0,116.12590789794922,937.3274536132812,25.125,0.0,169.9090576171875,0.0,5
4562,0,116.12555694580078,952.0783081054688,25.125,0.0,153.0120849609375,0.0,5
4563,0,116.12582397460938,975.4263305664062,25.125,0.0,153.0120849609375,0.0,5
4564,0,116.12582397460938,1002.728759765625,25.125,0.0,153.0120849609375,0.0,5
4565,0,116.12541961669922,1000.0411376953125,25.125,0.0,153.0120849609375,0.0,5
4566,0,116.12590789794922,994.9248046875,25.125,0.0,169.9090576171875,0.0,5
4567,0,116.12562561035156,995.0074462890625,25.125,0.0,-173.1939697265625,0.0,5
4568,0,116.12584686279297,991.952880859375,25.125,0.0,-156.2969970703125,0.0,5
4569,0,116.12562561035156,982.9542846679688,25.125,0.0,-173.1939697265625,0.0,5
4570,0,116.12591552734375,975.6376953125,25.125,0.0,-173.1939697265625,0.0,5
4571,0,116.12590789794922,974.503173828125,25.125,0.0,169.9090576171875,0.0,5
4572,0,116.12591552734375,974.572265625,25.125,0.0,-173.1939697265625,0.0,5
4573,0,116.12591552734375,973.8013305664062,25.125,0.0,-173.1939697265625,0.0,5
4574,0,116.12557220458984,970.9278564453125,25.125,0.0,-156.2969970703125,0.0,5
4575,0,116.12591552734375,961.503662109375,25.125,0.0,-173.1939697265625,0.0,5
4576,0,116.12557220458984,950.8335571289062,25.125,0.0,-156.2969970703125,0.0,5
4577,0,116.12584686279297,931.6790771484375,25.125,0.0,-156.2969970703125,0.0,5
4578,0,116.12557220458984,908.77490234375,25.125,0.0,-156.2969970703125,0.0,5
4579,0,116.12584686279297,882.6370849609375,25.125,0.0,-156.2969970703125,0.0,5
4580,0,116.12591552734375,859.1198120117188,25.125,0.0,-173.1939697265625,0.0,5
4581,0,116.12510681152344,870.0509643554688,25.125,0.0,-173.1939697265625,0.0,5
4582,0,116.12591552734375,886.0413208007812,25.125,0.0,-173.1939697265625,0.0,5
4583,0,116.12557220458984,885.0521240234375,25.125,0.0,-156.2969970703125,0.0,5
4584,0,116.12570190429688,869.6284790039062,25.125,0.0,-139.4000244140625,0.0,5
4585,0,116.12557220458984,841.6748046875,25.125,0.0,-156.2969970703125,0.0,5
4586,0,116.12570190429688,809.8603515625,25.125,0.0,-139.4000244140625,0.0,5
4587,0,116.12557220458984,775.729736328125,25.125,0.0,-156.2969970703125,0.0,5
4588,0,116.12570190429688,740.7193603515625,25.125,0.0,-139.4000244140625,0.0,5
4589,0,116.12570190429688,701.8135986328125,25.125,0.0,-139.4000244140625,0.0,5
4590,0,116.12570190429688,659.0528564453125,25.125,0.0,-139.4000244140625,0.0,5
4591,0,116.12570190429688,615.9550170898438,25.125,0.0,-139.4000244140625,0.0,5
4592,0,116.12525939941406,570.3873291015625,25.125,0.0,-122.5030517578125,0.0,5
4593,0,116.12570190429688,521.2864379882812,25.125,0.0,-139.4000244140625,0.0,5
4594,0,130.43873596191406,516.12548828125,25.125,0.0,-139.4000244140625,0.0,5
4595,0,125.35184478759766,516.1253662109375,25.125,0.0,-156.2969970703125,0.0,5
4596,0,116.12584686279297,516.125,25.125,0.0,-156.2969970703125,0.0,5
4597,0,116.12584686279297,516.125,25.125,0.0,-156.2969970703125,0.0,5
4598,0,116.12591552734375,516.125,25.125,0.0,-173.1939697265625,0.0,5
4599,0,116.12557220458984,516.125,25.125,0.0,-156.2969970703125,0.0,5
4600,0,116.12570190429688,516.125,25.125,0.0,-139.4000244140625,0.0,5
4601,0,116.12557220458984,516.125,25.125,0.0,-156.2969970703125,0.0,5
4602,0,116.12570190429688,516.125,25.125,0.0,-139.4000244140625,0.0,5
4603,0,116.12533569335938,516.125,25.125,0.0,-122.5030517578125,0.0,5
4604,0,116.12525177001953,516.125,25.125,0.0,-105.611572265625,0.0,5
4605,0,116.145751953125,516.1259155273438,25.125,0.0,-88.714599609375,0.0,5
4606,0,117.54150390625,516.1258544921875,25.125,0.0,-71.817626953125,0.0,5
4607,0,124.34772491455078,516.1258544921875,25.125,0.0,-71.817626953125,0.0,5
4608,0,137.69610595703125,516.1256103515625,25.125,0.0,-71.817626953125,0.0,5
4609,0,158.5916290283203,516.125732421875,25.125,0.0,-54.920654296875,0.0,5
4610,0,185.84002685546875,516.1256103515625,25.125,0.0,-71.817626953125,0.0,5
4611,0,214.03045654296875,516.125732421875,25.125,0.0,-54.920654296875,0.0,5
4612,0,248.6034393310547,502.8404235839844,25.125,0.0,-38.023681640625,0.0,5
4613,0,283.38690185546875,478.3432922363281,25.125,0.0,-54.920654296875,0.0,5
4614,0,311.4950866699219,446.8353271484375,25.125,0.0,-71.817626953125,0.0,5
4615,0,330.4878234863281,408.7687683105469,25.125,0.0,-88.714599609375,0.0,5
4616,0,338.11181640625,366.72442626953125,25.125,0.0,-105.611572265625,0.0,5
4617,0,333.4128112792969,324.218505859375,25.125,0.0,-122.5030517578125,0.0,5
4618,0,316.17791748046875,283.9552917480469,25.125,0.0,-139.4000244140625,0.0,5
4619,0,316.1253356933594,244.0034942626953,25.125,0.0,-122.5030517578125,0.0,5
4620,0,316.1257019042969,195.8643035888672,25.125,0.0,-139.4000244140625,0.0,5
4621,0,303.4872741699219,152.22747802734375,25.125,0.0,-156.2969970703125,0.0,5
4622,0,268.8045349121094,120.95326232910156,25.125,0.0,-173.1939697265625,0.0,5
4623,0,228.36708068847656,116.66248321533203,25.125,0.0,169.9090576171875,0.0,5
4624,0,187.28805541992188,122.31188201904297,25.125,0.0,153.0120849609375,0.0,5
4625,0,147.82937622070312,137.13351440429688,25.125,0.0,136.12060546875,0.0,5
4626,0,116.12874603271484,157.6280975341797,25.125,0.0,153.0120849609375,0.0,5
4627,0,116.12590789794922,179.42041015625,25.125,0.0,169.9090576171875,0.0,5
4628,0,116.12562561035156,193.2724609375,25.125,0.0,-173.1939697265625,0.0,5
4629,0,116.12591552734375,194.40745544433594,25.125,0.0,-173.1939697265625,0.0,5
4630,0,116.12590789794922,194.72889709472656,25.125,0.0,169.9090576171875,0.0,5
4631,0,116.12582397460938,199.27420043945312,25.125,0.0,153.0120849609375,0.0,5
4632,0,116.12590789794922,212.47409057617188,25.125,0.0,169.9090576171875,0.0,5
4633,0,116.12561798095703,225.85928344726562,25.125,0.0,169.9090576171875,0.0,5
4634,0,116.12590789794922,238.2911376953125,25.125,0.0,169.9090576171875,0.0,5
4635,0,116.12561798095703,249.70919799804688,25.125,0.0,169.9090576171875,0.0,5
4636,0,116.12591552734375,256.74578857421875,25.125,0.0,-173.1939697265625,0.0,5
4637,0,116.12557220458984,253.89236450195312,25.125,0.0,-156.2969970703125,0.0,5
4638,0,116.12570190429688,238.2555389404297,25.125,0.0,-139.4000244140625,0.0,5
4639,0,116.12584686279297,210.32208251953125,25.125,0.0,-156.2969970703125,0.0,5
4640,0,116.12537384033203,213.28225708007812,25.125,0.0,-156.2969970703125,0.0,5
4641,0,116.12591552734375,219.8438720703125,25.125,0.0,-173.1939697265625,0.0,5
4642,0,116.12562561035156,219.0729217529297,25.125,0.0,-173.1939697265625,0.0,5
4643,0,116.12584686279297,216.01832580566406,25.125,0.0,-156.2969970703125,0.0,5
4644,0,116.12557220458984,203.71673583984375,25.125,0.0,-156.2969970703125,0.0,5
4645,0,116.12570190429688,179.95614624023438,25.125,0.0,-139.4000244140625,0.0,5
4646,0,116.12584686279297,148.33314514160156,25.125,0.0,-156.2969970703125,0.0,5
4647,0,116.12591552734375,120.5736083984375,25.125,0.0,-173.1939697265625,0.0,5
4648,0,116.125,116.12537384033203,25.125,0.0,-156.2969970703125,0.0,5
4649,0,116.125,116.12540435791016,25.125,0.0,-139.4000244140625,0.0,5
4650,0,116.125,116.12577819824219,25.125,0.0,-122.5030517578125,0.0,5
4651,0,116.125,116.12560272216797,25.125,0.0,-105.611572265625,0.0,5
4652,0,116.14574432373047,116.12592315673828,25.125,0.0,-88.714599609375,0.0,5
4653,0,117.48600769042969,116.12559509277344,25.125,0.0,-71.817626953125,0.0,5
4654,0,127.85226440429688,116.1257553100586,25.125,0.0,-54.920654296875,0.0,5
4655,0,155.08676147460938,116.12557220458984,25.125,0.0,-38.023681640625,0.0,5
4656,0,197.55743408203125,116.12519836425781,25.125,0.0,-21.1322021484375,0.0,5
4657,0,240.5155029296875,116.1252212524414,25.125,0.0,-21.1322021484375,0.0,5
4658,0,283.4699401855469,116.12516021728516,25.125,0.0,-21.1322021484375,0.0,5
4659,0,327.42913818359375,116.1252212524414,25.125,0.0,-21.1322021484375,0.0,5
4660,0,372.97491455078125,116.1253890991211,25.125,0.0,-38.023681640625,0.0,5
4661,0,421.875,116.1257553100586,25.125,0.0,-54.920654296875,0.0,5
4662,0,466.8320007324219,116.1253890991211,25.125,0.0,-38.023681640625,0.0,5
4663,0,513.13916015625,116.12519836425781,25.125,0.0,-21.1322021484375,0.0,5
4664,0,556.09716796875,116.1252212524414,25.125,0.0,-21.1322021484375,0.0,5
4665,0,602.7881469726562,116.12557220458984,25.125,0.0,-38.023681640625,0.0,5
4666,0,650.5639038085938,116.1257553100586,25.125,0.0,-54.920654296875,0.0,5
4667,0,696.5543212890625,116.1253890991211,25.125,0.0,-38.023681640625,0.0,5
4668,0,745.0135498046875,116.1257553100586,25.125,0.0,-54.920654296875,0.0,5
4669,0,783.8729858398438,116.12529754638672,25.125,0.0,-71.817626953125,0.0,5
4670,0,783.875,116.125,25.125,0.0,-88.714599609375,0.0,5
4671,0,783.875,116.1258773803711,25.125,0.0,-71.817626953125,0.0,5
4672,0,783.875,116.1257553100586,25.125,0.0,-54.920654296875,0.0,5
4673,0,783.875,116.12557220458984,25.125,0.0,-38.023681640625,0.0,5
4674,0,783.875,116.12522888183594,25.125,0.0,-21.1322021484375,0.0,5
4675,0,783.875,116.12506866455078,25.125,0.0,-4.2352294921875,0.0,5
4676,0,783.8743896484375,116.76095581054688,25.125,0.0,12.6617431640625,0.0,5
4677,0,783.8742065429688,122.73455810546875,25.125,0.0,29.5587158203125,0.0,5
4678,0,783.8745727539062,144.21243286132812,25.125,0.0,46.4556884765625,0.0,5
4679,0,783.8746337890625,183.06951904296875,25.125,0.0,63.3526611328125,0.0,5
4680,0,785.36572265625,230.14926147460938,25.125,0.0,46.4556884765625,0.0,5
4681,0,797.6034545898438,271.387939453125,25.125,0.0,63.3526611328125,0.0,5
4682,0,815.370361328125,308.71868896484375,25.125,0.0,46.4556884765625,0.0,5
4683,0,838.7766723632812,342.53985595703125,25.125,0.0,46.4556884765625,0.0,5
4684,0,867.20703125,373.89434814453125,25.125,0.0,29.5587158203125,0.0,5
4685,0,901.4192504882812,398.38330078125,25.125,0.0,12.6617431640625,0.0,5
4686,0,942.11083984375,413.72833251953125,25.125,0.0,-4.2352294921875,0.0,5
4687,0,984.6656494140625,417.2024841308594,25.125,0.0,-21.1322021484375,0.0,5
4688,0,1026.43115234375,412.7068176269531,25.125,0.0,-4.2352294921875,0.0,5
4689,0,1066.857666015625,406.6944580078125,25.125,0.0,-21.1322021484375,0.0,5
4690,0,1106.7147216796875,398.1600036621094,25.125,0.0,-4.2352294921875,0.0,5
4691,0,1146.7056884765625,390.20623779296875,25.125,0.0,-21.1322021484375,0.0,5
4692,0,1186.038818359375,376.9686279296875,25.125,0.0,-38.023681640625,0.0,5
4693,0,1222.805908203125,354.3693542480469,25.125,0.0,-54.920654296875,0.0,5
4694,0,1251.96826171875,323.42059326171875,25.125,0.0,-71.817626953125,0.0,5
4695,0,1271.888916015625,284.5223693847656,25.125,0.0,-88.714599609375,0.0,5
4696,0,1279.6959228515625,242.45867919921875,25.125,0.0,-105.611572265625,0.0,5
4697,0,1279.3544921875,200.43983459472656,25.125,0.0,-88.714599609375,0.0,5
4698,0,1281.1241455078125,159.38844299316406,25.125,0.0,-71.817626953125,0.0,5
4699,0,1286.697998046875,118.98619079589844,25.125,0.0,-88.714599609375,0.0,5
4700,0,1291.0233154296875,116.1258773803711,25.125,0.0,-71.817626953125,0.0,5
4701,0,1303.4017333984375,116.1255111694336,25.125,0.0,-54.920654296875,0.0,5
4702,0,1327.309814453125,116.1258773803711,25.125,0.0,-71.817626953125,0.0,5
4703,0,1353.0849609375,116.1255111694336,25.125,0.0,-54.920654296875,0.0,5
4704,0,1386.051025390625,116.1257553100586,25.125,0.0,-54.920654296875,0.0,5
4705,0,1389.619140625,116.12553405761719,25.125,0.0,-54.920654296875,0.0,5
4706,0,1396.7626953125,116.12557220458984,25.125,0.0,-38.023681640625,0.0,5
4707,0,1430.2098388671875,116.12533569335938,25.125,0.0,-21.1322021484375,0.0,5
4708,0,1473.150634765625,116.12516021728516,25.125,0.0,-21.1322021484375,0.0,5
4709,0,1516.1087646484375,116.1252212524414,25.125,0.0,-21.1322021484375,0.0,5
4710,0,1559.063232421875,116.12516021728516,25.125,0.0,-21.1322021484375,0.0,5
4711,0,1605.7093505859375,116.12557220458984,25.125,0.0,-38.023681640625,0.0,5
4712,0,1653.4910888671875,116.1255111694336,25.125,0.0,-54.920654296875,0.0,5
4713,0,1695.426025390625,116.1258773803711,25.125,0.0,-71.817626953125,0.0,5
4714,0,1723.236083984375,116.12592315673828,25.125,0.0,-88.714599609375,0.0,5
4715,0,1737.6192626953125,116.12592315673828,25.125,0.0,-88.714599609375,0.0,5
4716,0,1746.2843017578125,116.1258773803711,25.125,0.0,-71.817626953125,0.0,5
4717,0,1762.5023193359375,116.1255111694336,25.125,0.0,-54.920654296875,0.0,5
4718,0,1793.4591064453125,116.12557220458984,25.125,0.0,-38.023681640625,0.0,5
4719,0,1834.7320556640625,116.12513732910156,25.125,0.0,-21.1322021484375,0.0,5
4720,0,1877.1756591796875,116.12503814697266,25.125,0.0,-4.2352294921875,0.0,5
4721,0,1917.9835205078125,117.01358032226562,25.125,0.0,12.6617431640625,0.0,5
4722,0,1959.92578125,124.16754150390625,25.125,0.0,29.5587158203125,0.0,5
4723,0,1983.8743896484375,141.73553466796875,25.125,0.0,46.4556884765625,0.0,5
4724,0,1983.874755859375,176.96282958984375,25.125,0.0,63.3526611328125,0.0,5
4725,0,1983.8748779296875,220.24673461914062,25.125,0.0,80.244140625,0.0,5
4726,0,1983.874755859375,262.8697204589844,25.125,0.0,63.3526611328125,0.0,5
4727,0,1983.8748779296875,306.185302734375,25.125,0.0,80.244140625,0.0,5
4728,0,1983.874755859375,347.8235778808594,25.125,0.0,63.3526611328125,0.0,5
4729,0,1983.8743896484375,395.9869384765625,25.125,0.0,46.4556884765625,0.0,5
4730,0,1983.8741455078125,442.365966796875,25.125,0.0,29.5587158203125,0.0,5
4731,0,1983.8741455078125,483.19989013671875,25.125,0.0,29.5587158203125,0.0,5
4732,0,1983.8741455078125,516.7266235351562,25.125,0.0,12.6617431640625,0.0,5
4733,0,1983.8743896484375,537.8818969726562,25.125,0.0,-4.2352294921875,0.0,5
4734,0,1983.8741455078125,548.2538452148438,25.125,0.0,12.6617431640625,0.0,5
4735,0,1983.87451171875,561.7445068359375,25.125,0.0,29.5587158203125,0.0,5
4736,0,1983.8743896484375,588.5520629882812,25.125,0.0,46.4556884765625,0.0,5
4737,0,1983.874755859375,627.4815063476562,25.125,0.0,63.3526611328125,0.0,5
4738,0,1983.8748779296875,670.7996215820312,25.125,0.0,80.244140625,0.0,5
4739,0,1983.8746337890625,713.447509765625,25.125,0.0,63.3526611328125,0.0,5
4740,0,1983.874755859375,758.86279296875,25.125,0.0,63.3526611328125,0.0,5
4741,0,1983.8748779296875,801.1725463867188,25.125,0.0,80.244140625,0.0,5
4742,0,1983.874755859375,843.7953491210938,25.125,0.0,63.3526611328125,0.0,5
4743,0,1983.8743896484375,891.958740234375,25.125,0.0,46.4556884765625,0.0,5
4744,0,1983.87451171875,938.36767578125,25.125,0.0,29.5587158203125,0.0,5
4745,0,1983.8741455078125,976.451171875,25.125,0.0,12.6617431640625,0.0,5
4746,0,1983.8740234375,999.1142578125,25.125,0.0,-4.2352294921875,0.0,5
4747,0,1983.8741455078125,1003.6238403320312,25.125,0.0,-21.1322021484375,0.0,5
4748,0,1983.874267578125,992.0401000976562,25.125,0.0,-38.023681640625,0.0,5
4749,0,1969.7554931640625,961.3614501953125,25.125,0.0,-38.023681640625,0.0,5
4750,0,1976.9683837890625,925.5245361328125,25.125,0.0,-21.1322021484375,0.0,5
4751,0,1983.8743896484375,898.4962158203125,25.125,0.0,-4.2352294921875,0.0,5
4752,0,1983.8741455078125,885.6857299804688,25.125,0.0,12.6617431640625,0.0,5
4753,0,1983.87451171875,890.0352783203125,25.125,0.0,29.5587158203125,0.0,5
4754,0,1983.8743896484375,911.0538940429688,25.125,0.0,46.4556884765625,0.0,5
4755,0,1983.8746337890625,948.6923828125,25.125,0.0,63.3526611328125,0.0,5
4756,0,1983.8748779296875,991.0059814453125,25.125,0.0,80.244140625,0.0,5
4757,0,1983.8746337890625,1033.6539306640625,25.125,0.0,63.3526611328125,0.0,5
4758,0,1983.87451171875,1080.6741943359375,25.125,0.0,46.4556884765625,0.0,5
4759,0,1983.8741455078125,1128.0892333984375,25.125,0.0,29.5587158203125,0.0,5
4760,0,1983.8743896484375,1165.3045654296875,25.125,0.0,12.6617431640625,0.0,5
4761,0,1983.8740234375,1188.55810546875,25.125,0.0,-4.2352294921875,0.0,5
4762,0,1983.8743896484375,1199.64306640625,25.125,0.0,12.6617431640625,0.0,5
4763,0,1983.8740234375,1207.452880859375,25.125,0.0,-4.2352294921875,0.0,5
4764,0,1983.8741455078125,1205.642822265625,25.125,0.0,-21.1322021484375,0.0,5
4765,0,1983.87451171875,1192.9940185546875,25.125,0.0,-38.023681640625,0.0,5
4766,0,1983.8741455078125,1167.7960205078125,25.125,0.0,-21.1322021484375,0.0,5
4767,0,1983.8743896484375,1145.073486328125,25.125,0.0,-4.2352294921875,0.0,5
4768,0,1983.8741455078125,1134.429443359375,25.125,0.0,12.6617431640625,0.0,5
4769,0,1983.8743896484375,1136.1434326171875,25.125,0.0,12.6617431640625,0.0,5
4770,0,1983.8741455078125,1143.286865234375,25.125,0.0,29.5587158203125,0.0,5
4771,0,1983.8741455078125,1160.24560546875,25.125,0.0,12.6617431640625,0.0,5
4772,0,1983.8740234375,1174.08740234375,25.125,0.0,-4.2352294921875,0.0,5
4773,0,1983.8741455078125,1174.2703857421875,25.125,0.0,-21.1322021484375,0.0,5
4774,0,1983.8743896484375,1168.0404052734375,25.125,0.0,-4.2352294921875,0.0,5
4775,0,1983.8741455078125,1167.3260498046875,25.125,0.0,12.6617431640625,0.0,5
4776,0,1983.8743896484375,1167.78076171875,25.125,0.0,-4.2352294921875,0.0,5
4777,0,1983.8741455078125,1168.4033203125,25.125,0.0,12.6617431640625,0.0,5
4778,0,1983.87451171875,1174.298828125,25.125,0.0,29.5587158203125,0.0,5
4779,0,1983.8743896484375,1196.3211669921875,25.125,0.0,46.4556884765625,0.0,5
4780,0,1983.8746337890625,1234.348388671875,25.125,0.0,63.3526611328125,0.0,5
4781,0,1983.8748779296875,1277.6497802734375,25.125,0.0,80.244140625,0.0,5
4782,0,1983.6468505859375,1318.396484375,25.125,0.0,97.14111328125,0.0,5
4783,0,1979.206298828125,1359.4576416015625,25.125,0.0,114.0380859375,0.0,5
4784,0,1965.33056640625,1383.874267578125,25.125,0.0,130.93505859375,0.0,5
4785,0,1934.2236328125,1383.8746337890625,25.125,0.0,147.83203125,0.0,5
4786,0,1889.9296875,1383.874267578125,25.125,0.0,130.93505859375,0.0,5
4787,0,1847.9869384765625,1399.834716796875,25.125,0.0,114.0380859375,0.0,5
4788,0,1816.855712890625,1431.499755859375,25.125,0.0,114.0380859375,0.0,5
4789,0,1792.8406982421875,1464.533447265625,25.125,0.0,130.93505859375,0.0,5
4790,0,1768.7535400390625,1498.6561279296875,25.125,0.0,114.0380859375,0.0,5
4791,0,1749.906494140625,1535.7205810546875,25.125,0.0,97.14111328125,0.0,5
4792,0,1739.7161865234375,1576.700927734375,25.125,0.0,80.244140625,0.0,5
4793,0,1738.506103515625,1619.119384765625,25.125,0.0,80.244140625,0.0,5
4794,0,1741.72607421875,1658.8280029296875,25.125,0.0,80.244140625,0.0,5
4795,0,1747.12109375,1700.11083984375,25.125,0.0,80.244140625,0.0,5
4796,0,1753.3115234375,1740.282958984375,25.125,0.0,80.244140625,0.0,5
4797,0,1758.098388671875,1781.9031982421875,25.125,0.0,97.14111328125,0.0,5
4798,0,1755.803466796875,1823.5791015625,25.125,0.0,114.0380859375,0.0,5
4799,0,1743.5675048828125,1864.0823974609375,25.125,0.0,130.93505859375,0.0,5
4800,0,1724.763916015625,1901.5841064453125,25.125,0.0,114.0380859375,0.0,5
4801,0,1708.5535888671875,1939.36376953125,25.125,0.0,97.14111328125,0.0,5
4802,0,1699.4766845703125,1981.295166015625,25.125,0.0,80.244140625,0.0,5
4803,0,1699.7384033203125,1983.8743896484375,25.125,0.0,80.244140625,0.0,5
4804,0,1699.7681884765625,1983.8740234375,25.125,0.0,97.14111328125,0.0,5
4805,0,1700.0517578125,1983.8741455078125,25.125,0.0,80.244140625,0.0,5
4806,0,1704.4437255859375,1983.8741455078125,25.125,0.0,63.3526611328125,0.0,5
4807,0,1720.2388916015625,1983.8741455078125,25.125,0.0,63.3526611328125,0.0,5
4808,0,1741.2584228515625,1983.8743896484375,25.125,0.0,80.244140625,0.0,5
4809,0,1755.064453125,1983.8740234375,25.125,0.0,97.14111328125,0.0,5
4810,0,1753.78466796875,1983.8743896484375,25.125,0.0,114.0380859375,0.0,5
4811,0,1744.4722900390625,1983.8740234375,25.125,0.0,97.14111328125,0.0,5
4812,0,1733.8447265625,1983.8743896484375,25.125,0.0,114.0380859375,0.0,5
4813,0,1714.5364990234375,1983.8741455078125,25.125,0.0,114.0380859375,0.0,5
4814,0,1688.2132568359375,1983.874267578125,25.125,0.0,130.93505859375,0.0,5
4815,0,1649.5465087890625,1983.87451171875,25.125,0.0,147.83203125,0.0,5
4816,0,1603.2518310546875,1983.874267578125,25.125,0.0,130.93505859375,0.0,5
4817,0,1557.3115234375,1983.87451171875,25.125,0.0,130.93505859375,0.0,5
4818,0,1509.5596923828125,1983.8746337890625,25.125,0.0,147.83203125,0.0,5
4819,0,1465.976318359375,1983.8748779296875,25.125,0.0,164.7235107421875,0.0,5
4820,0,1421.0550537109375,1983.87451171875,25.125,0.0,147.83203125,0.0,5
4821,0,1373.1202392578125,1983.874267578125,25.125,0.0,130.93505859375,0.0,5
4822,0,1328.9404296875,1983.8741455078125,25.125,0.0,114.0380859375,0.0,5
4823,0,1290.4288330078125,1983.874267578125,25.125,0.0,130.93505859375,0.0,5
4824,0,1251.775634765625,1983.8743896484375,25.125,0.0,114.0380859375,0.0,5
4825,0,1220.540771484375,1983.8740234375,25.125,0.0,97.14111328125,0.0,5
4826,0,1204.369873046875,1983.8743896484375,25.125,0.0,80.244140625,0.0,5
4827,0,1206.14013671875,1983.8741455078125,25.125,0.0,63.3526611328125,0.0,5
4828,0,1218.1820068359375,1983.8743896484375,25.125,0.0,80.244140625,0.0,5
4829,0,1231.1080322265625,1983.8741455078125,25.125,0.0,80.244140625,0.0,5
4830,0,1242.7337646484375,1983.8741455078125,25.125,0.0,80.244140625,0.0,5
4831,0,1249.8270263671875,1983.8740234375,25.125,0.0,97.14111328125,0.0,5
4832,0,1246.80126953125,1983.8741455078125,25.125,0.0,114.0380859375,0.0,5
4833,0,1234.0374755859375,1983.8743896484375,25.125,0.0,114.0380859375,0.0,5
4834,0,1212.6722412109375,1983.8741455078125,25.125,0.0,114.0380859375,0.0,5
4835,0,1185.345947265625,1983.87451171875,25.125,0.0,130.93505859375,0.0,5
4836,0,1147.72216796875,1969.29931640625,25.125,0.0,130.93505859375,0.0,5
4837,0,1108.5076904296875,1974.0224609375,25.125,0.0,130.93505859375,0.0,5
4838,0,1071.3802490234375,1983.8741455078125,25.125,0.0,114.0380859375,0.0,5
4839,0,1042.3453369140625,1983.8740234375,25.125,0.0,97.14111328125,0.0,5
4840,0,1026.7996826171875,1983.8743896484375,25.125,0.0,80.244140625,0.0,5
4841,0,1024.5389404296875,1983.8740234375,25.125,0.0,97.14111328125,0.0,5
4842,0,1047.4224853515625,1983.8748779296875,25.125,0.0,97.14111328125,0.0,5
4843,0,1068.676025390625,1983.8740234375,25.125,0.0,97.14111328125,0.0,5
4844,0,1069.50537109375,1983.8743896484375,25.125,0.0,114.0380859375,0.0,5
4845,0,1057.392578125,1983.8741455078125,25.125,0.0,114.0380859375,0.0,5
4846,0,1034.3179931640625,1983.874267578125,25.125,0.0,130.93505859375,0.0,5
4847,0,999.402099609375,1983.874267578125,25.125,0.0,130.93505859375,0.0,5
4848,0,962.1817016601562,1983.8741455078125,25.125,0.0,114.0380859375,0.0,5
4849,0,932.3097534179688,1983.8743896484375,25.125,0.0,97.14111328125,0.0,5
4850,0,910.443115234375,1983.8741455078125,25.125,0.0,114.0380859375,0.0,5
4851,0,883.6777954101562,1983.87451171875,25.125,0.0,130.93505859375,0.0,5
4852,0,849.5574951171875,1983.8741455078125,25.125,0.0,114.0380859375,0.0,5
4853,0,849.6436767578125,1983.874755859375,25.125,0.0,114.0380859375,0.0,5
4854,0,849.3155517578125,1983.874267578125,25.125,0.0,130.93505859375,0.0,5
4855,0,828.3048095703125,1983.8741455078125,25.125,0.0,114.0380859375,0.0,5
4856,0,799.4124755859375,1983.874267578125,25.125,0.0,130.93505859375,0.0,5
4857,0,762.9375610351562,1983.874267578125,25.125,0.0,130.93505859375,0.0,5
4858,0,720.0198364257812,1983.8746337890625,25.125,0.0,147.83203125,0.0,5
4859,0,673.7568359375,1983.8746337890625,25.125,0.0,147.83203125,0.0,5
4860,0,625.80322265625,1983.87451171875,25.125,0.0,130.93505859375,0.0,5
4861,0,612.8585205078125,1983.8743896484375,25.125,0.0,130.93505859375,0.0,5
4862,0,602.9515380859375,1983.87451171875,25.125,0.0,130.93505859375,0.0,5
4863,0,573.622314453125,1983.874267578125,25.125,0.0,130.93505859375,0.0,5
4864,0,534.0419921875,1983.87451171875,25.125,0.0,147.83203125,0.0,5
4865,0,486.8143005371094,1983.8746337890625,25.125,0.0,147.83203125,0.0,5
4866,0,443.2646179199219,1983.8748779296875,25.125,0.0,164.7235107421875,0.0,5
4867,0,402.3324279785156,1983.8642578125,25.125,0.0,-178.3795166015625,0.0,5
4868,0,360.29443359375,1983.8748779296875,25.125,0.0,164.7235107421875,0.0,5
4869,0,317.3997802734375,1983.8746337890625,25.125,0.0,147.83203125,0.0,5
4870,0,268.3214111328125,1983.874267578125,25.125,0.0,130.93505859375,0.0,5
4871,0,224.21961975097656,1983.8741455078125,25.125,0.0,114.0380859375,0.0,5
4872,0,190.59771728515625,1983.8740234375,25.125,0.0,97.14111328125,0.0,5
4873,0,173.46322631835938,1983.8741455078125,25.125,0.0,80.244140625,0.0,5
4874,0,190.4619903564453,1980.42724609375,25.125,0.0,80.244140625,0.0,5
4875,0,216.14381408691406,1983.8741455078125,25.125,0.0,80.244140625,0.0,5
4876,0,233.68240356445312,1983.8743896484375,25.125,0.0,80.244140625,0.0,5
4877,0,251.2712860107422,1983.8741455078125,25.125,0.0,63.3526611328125,0.0,5
4878,0,271.55767822265625,1983.8743896484375,25.125,0.0,80.244140625,0.0,5
4879,0,285.3013000488281,1983.8740234375,25.125,0.0,97.14111328125,0.0,5
4880,0,284.0807800292969,1983.8741455078125,25.125,0.0,114.0380859375,0.0,5
4881,0,268.5354919433594,1983.874267578125,25.125,0.0,130.93505859375,0.0,5
4882,0,237.98269653320312,1983.874267578125,25.125,0.0,130.93505859375,0.0,5
4883,0,199.70216369628906,1983.87451171875,25.125,0.0,130.93505859375,0.0,5
4884,0,154.97723388671875,1983.8746337890625,25.125,0.0,147.83203125,0.0,5
4885,0,116.12540435791016,1983.875,25.125,0.0,130.93505859375,0.0,5
4886,0,116.12578582763672,1983.875,25.125,0.0,147.83203125,0.0,5
4887,0,116.12541198730469,1983.875,25.125,0.0,130.93505859375,0.0,5
4888,0,116.12578582763672,1983.875,25.125,0.0,147.83203125,0.0,5
4889,0,116.12548828125,1964.7291259765625,25.125,0.0,147.83203125,0.0,5
4890,0,116.12589263916016,1954.8077392578125,25.125,0.0,164.7235107421875,0.0,5
4891,0,116.12592315673828,1955.81103515625,25.125,0.0,-178.3795166015625,0.0,5
4892,0,116.12559509277344,1954.3272705078125,25.125,0.0,-161.4825439453125,0.0,5
4893,0,116.1257553100586,1943.7821044921875,25.125,0.0,-144.5855712890625,0.0,5
4894,0,116.12538146972656,1916.3240966796875,25.125,0.0,-127.6885986328125,0.0,5
4895,0,116.12519836425781,1873.7393798828125,25.125,0.0,-110.7916259765625,0.0,5
4896,0,116.12503814697266,1832.3236083984375,25.125,0.0,-93.900146484375,0.0,5
4897,0,116.12503814697266,1791.6072998046875,25.125,0.0,-93.900146484375,0.0,5
4898,0,116.12523651123047,1749.9412841796875,25.125,0.0,-110.7916259765625,0.0,5
4899,0,116.12538146972656,1704.5,25.125,0.0,-127.6885986328125,0.0,5
4900,0,116.1257553100586,1655.67724609375,25.125,0.0,-144.5855712890625,0.0,5
4901,0,116.12559509277344,1614.5462646484375,25.125,0.0,-161.4825439453125,0.0,5
4902,0,116.12592315673828,1585.7689208984375,25.125,0.0,-178.3795166015625,0.0,5
4903,0,116.12560272216797,1574.4656982421875,25.125,0.0,164.7235107421875,0.0,5
4904,0,116.12592315673828,1575.0029296875,25.125,0.0,-178.3795166015625,0.0,5
4905,0,116.1258773803711,1573.51123046875,25.125,0.0,-161.4825439453125,0.0,5
4906,0,116.1257553100586,1563.3145751953125,25.125,0.0,-144.5855712890625,0.0,5
4907,0,116.12556457519531,1535.98193359375,25.125,0.0,-127.6885986328125,0.0,5
4908,0,116.12538146972656,1494.7967529296875,25.125,0.0,-127.6885986328125,0.0,5
4909,0,116.12519073486328,1448.845458984375,25.125,0.0,-110.7916259765625,0.0,5
4910,0,116.1250228881836,1407.4161376953125,25.125,0.0,-93.900146484375,0.0,5
4911,0,116.12503814697266,1365.7384033203125,25.125,0.0,-93.900146484375,0.0,5
4912,0,116.12516784667969,1324.080322265625,25.125,0.0,-110.7916259765625,0.0,5
4913,0,116.12503814697266,1281.6795654296875,25.125,0.0,-93.900146484375,0.0,5
4914,0,116.12523651123047,1240.0135498046875,25.125,0.0,-110.7916259765625,0.0,5
4915,0,116.12538146972656,1194.572265625,25.125,0.0,-127.6885986328125,0.0,5
4916,0,116.1257553100586,1146.8963623046875,25.125,0.0,-144.5855712890625,0.0,5
4917,0,116.12559509277344,1105.765380859375,25.125,0.0,-161.4825439453125,0.0,5
4918,0,116.12592315673828,1076.988037109375,25.125,0.0,-178.3795166015625,0.0,5
4919,0,116.12560272216797,1065.6781005859375,25.125,0.0,164.7235107421875,0.0,5
4920,0,116.12578582763672,1071.9901123046875,25.125,0.0,147.83203125,0.0,5
4921,0,116.12560272216797,1095.3289794921875,25.125,0.0,130.93505859375,0.0,5
4922,0,116.12578582763672,1132.2354736328125,25.125,0.0,147.83203125,0.0,5
4923,0,116.12589263916016,1166.417724609375,25.125,0.0,164.7235107421875,0.0,5
4924,0,116.12562561035156,1189.5281982421875,25.125,0.0,-178.3795166015625,0.0,5
4925,0,116.12592315673828,1199.3818359375,25.125,0.0,-178.3795166015625,0.0,5
4926,0,116.12559509277344,1198.6025390625,25.125,0.0,-161.4825439453125,0.0,5
4927,0,116.1258773803711,1191.3983154296875,25.125,0.0,-161.4825439453125,0.0,5
4928,0,116.12559509277344,1177.7674560546875,25.125,0.0,-161.4825439453125,0.0,5
4929,0,116.12528991699219,1190.0953369140625,25.125,0.0,-161.4825439453125,0.0,5
4930,0,116.12592315673828,1204.1396484375,25.125,0.0,-178.3795166015625,0.0,5
4931,0,116.12589263916016,1208.4166259765625,25.125,0.0,164.7235107421875,0.0,5
4932,0,116.12589263916016,1214.702880859375,25.125,0.0,164.7235107421875,0.0,5
4933,0,116.12552642822266,1228.001708984375,25.125,0.0,147.83203125,0.0,5
4934,0,116.12578582763672,1252.8369140625,25.125,0.0,147.83203125,0.0,5
4935,0,116.12552642822266,1283.8514404296875,25.125,0.0,147.83203125,0.0,5
4936,0,127.34354400634766,1323.37744140625,25.125,0.0,147.83203125,0.0,5
4937,0,119.8143539428711,1362.8067626953125,25.125,0.0,130.93505859375,0.0,5
4938,0,116.12578582763672,1402.484619140625,25.125,0.0,147.83203125,0.0,5
4939,0,116.12589263916016,1437.7255859375,25.125,0.0,164.7235107421875,0.0,5
4940,0,116.12592315673828,1461.6072998046875,25.125,0.0,-178.3795166015625,0.0,5
4941,0,116.1258773803711,1468.0489501953125,25.125,0.0,-161.4825439453125,0.0,5
4942,0,116.1255111694336,1458.8824462890625,25.125,0.0,-144.5855712890625,0.0,5
4943,0,116.12556457519531,1431.3892822265625,25.125,0.0,-127.6885986328125,0.0,5
4944,0,116.12513732910156,1391.0269775390625,25.125,0.0,-110.7916259765625,0.0,5
4945,0,116.12586212158203,1371.23828125,25.125,0.0,-110.7916259765625,0.0,5
4946,0,137.8208770751953,1360.335205078125,25.125,0.0,-110.7916259765625,0.0,5
4947,0,152.3104248046875,1327.4791259765625,25.125,0.0,-110.7916259765625,0.0,5
4948,0,174.84202575683594,1291.840576171875,25.125,0.0,-110.7916259765625,0.0,5
4949,0,184.6179656982422,1251.217529296875,25.125,0.0,-127.6885986328125,0.0,5
4950,0,171.66761779785156,1208.6539306640625,25.125,0.0,-127.6885986328125,0.0,5
4951,0,149.88389587402344,1172.5372314453125,25.125,0.0,-144.5855712890625,0.0,5
4952,0,118.36288452148438,1142.5225830078125,25.125,0.0,-161.4825439453125,0.0,5
4953,0,116.12562561035156,1122.123779296875,25.125,0.0,-178.3795166015625,0.0,5
4954,0,116.12589263916016,1114.406982421875,25.125,0.0,164.7235107421875,0.0,5
4955,0,116.12578582763672,1121.464111328125,25.125,0.0,147.83203125,0.0,5
4956,0,116.12560272216797,1145.94775390625,25.125,0.0,130.93505859375,0.0,5
4957,0,116.12560272216797,1184.3394775390625,25.125,0.0,130.93505859375,0.0,5
4958,0,116.12552642822266,1227.6463623046875,25.125,0.0,147.83203125,0.0,5
4959,0,116.12578582763672,1268.7529296875,25.125,0.0,147.83203125,0.0,5
4960,0,116.12560272216797,1303.9755859375,25.125,0.0,164.7235107421875,0.0,5
4961,0,116.12578582763672,1333.9881591796875,25.125,0.0,147.83203125,0.0,5
4962,0,116.12560272216797,1362.84228515625,25.125,0.0,164.7235107421875,0.0,5
4963,0,116.12589263916016,1387.2984619140625,25.125,0.0,164.7235107421875,0.0,5
4964,0,116.12592315673828,1404.729248046875,25.125,0.0,-178.3795166015625,0.0,5
4965,0,116.12592315673828,1411.157470703125,25.125,0.0,-178.3795166015625,0.0,5
4966,0,116.1258773803711,1409.674072265625,25.125,0.0,-161.4825439453125,0.0,5
4967,0,116.12559509277344,1402.7169189453125,25.125,0.0,-161.4825439453125,0.0,5
4968,0,116.1258773803711,1388.781005859375,25.125,0.0,-161.4825439453125,0.0,5
4969,0,116.12562561035156,1373.75390625,25.125,0.0,-178.3795166015625,0.0,5
4970,0,116.12592315673828,1366.0899658203125,25.125,0.0,-178.3795166015625,0.0,5
4971,0,116.1258773803711,1363.4976806640625,25.125,0.0,-161.4825439453125,0.0,5
4972,0,116.1257553100586,1352.6964111328125,25.125,0.0,-144.5855712890625,0.0,5
4973,0,116.12556457519531,1325.1060791015625,25.125,0.0,-127.6885986328125,0.0,5
4974,0,116.12538146972656,1283.8775634765625,25.125,0.0,-127.6885986328125,0.0,5
4975,0,116.1257553100586,1236.822998046875,25.125,0.0,-144.5855712890625,0.0,5
4976,0,116.12559509277344,1196.3399658203125,25.125,0.0,-161.4825439453125,0.0,5
4977,0,116.12592315673828,1167.738525390625,25.125,0.0,-178.3795166015625,0.0,5
4978,0,116.12559509277344,1150.2664794921875,25.125,0.0,-161.4825439453125,0.0,5
4979,0,116.1258773803711,1131.0926513671875,25.125,0.0,-161.4825439453125,0.0,5
4980,0,116.1257553100586,1107.952880859375,25.125,0.0,-144.5855712890625,0.0,5
4981,0,116.1258773803711,1079.4095458984375,25.125,0.0,-161.4825439453125,0.0,5
4982,0,116.1258773803711,1053.864501953125,25.125,0.0,-161.4825439453125,0.0,5
4983,0,116.12559509277344,1030.5831298828125,25.125,0.0,-161.4825439453125,0.0,5
4984,0,116.12592315673828,1010.8513793945312,25.125,0.0,-178.3795166015625,0.0,5
4985,0,116.12562561035156,1000.8046264648438,25.125,0.0,-178.3795166015625,0.0,5
4986,0,116.12592315673828,998.7315673828125,25.125,0.0,-178.3795166015625,0.0,5
4987,0,116.12559509277344,997.248291015625,25.125,0.0,-161.4825439453125,0.0,5
4988,0,116.12528991699219,1018.3412475585938,25.125,0.0,-161.4825439453125,0.0,5
4989,0,116.1258773803711,1033.369873046875,25.125,0.0,-161.4825439453125,0.0,5
4990,0,116.1255111694336,1026.4788818359375,25.125,0.0,-144.5855712890625,0.0,5
4991,0,116.12556457519531,1001.1339111328125,25.125,0.0,-127.6885986328125,0.0,5
4992,0,116.1255111694336,962.9000854492188,25.125,0.0,-144.5855712890625,0.0,5
4993,0,116.1257553100586,922.3776245117188,25.125,0.0,-144.5855712890625,0.0,5
4994,0,116.12559509277344,885.4935913085938,25.125,0.0,-161.4825439453125,0.0,5
4995,0,116.1257553100586,852.7645263671875,25.125,0.0,-144.5855712890625,0.0,5
4996,0,116.12553405761719,850.2376708984375,25.125,0.0,-144.5855712890625,0.0,5
4997,0,116.12556457519531,843.958984375,25.125,0.0,-127.6885986328125,0.0,5
4998,0,116.12532806396484,810.9074096679688,25.125,0.0,-110.7916259765625,0.0,5
4999,0,116.12515258789062,768.0487060546875,25.125,0.0,-110.7916259765625,0.0,5
5000,0,116.12556457519531,722.592529296875,25.125,0.0,-127.6885986328125,0.0,5
5001,0,116.1255111694336,674.85693359375,25.125,0.0,-144.5855712890625,0.0,5
5002,0,116.1257553100586,630.1240234375,25.125,0.0,-144.5855712890625,0.0,5
5003,0,116.12559509277344,591.5858764648438,25.125,0.0,-161.4825439453125,0.0,5
5004,0,116.1257553100586,558.0640869140625,25.125,0.0,-144.5855712890625,0.0,5
5005,0,116.12556457519531,520.1602172851562,25.125,0.0,-127.6885986328125,0.0,5
5006,0,116.125,516.1255493164062,25.125,0.0,-144.5855712890625,0.0,5
5007,0,116.125,516.125732421875,25.125,0.0,-127.6885986328125,0.0,5
5008,0,116.125,516.1256103515625,25.125,0.0,-110.7916259765625,0.0,5
5009,0,116.125,516.1259155273438,25.125,0.0,-93.900146484375,0.0,5
5010,0,116.7931900024414,516.1256103515625,25.125,0.0,-77.003173828125,0.0,5
5011,0,123.04662322998047,516.1257934570312,25.125,0.0,-60.106201171875,0.0,5
5012,0,144.86766052246094,516.1254272460938,25.125,0.0,-43.209228515625,0.0,5
5013,0,183.95989990234375,516.1253662109375,25.125,0.0,-26.312255859375,0.0,5
5014,0,226.18829345703125,515.8898315429688,25.125,0.0,-9.415283203125,0.0,5
5015,0,268.3345031738281,510.6285095214844,25.125,0.0,-26.312255859375,0.0,5
5016,0,307.9013671875,500.5350341796875,25.125,0.0,-9.415283203125,0.0,5
5017,0,347.3678283691406,490.11602783203125,25.125,0.0,-26.312255859375,0.0,5
5018,0,386.5125427246094,473.3643493652344,25.125,0.0,-43.209228515625,0.0,5
5019,0,419.753173828125,448.8943176269531,25.125,0.0,-60.106201171875,0.0,5
5020,0,446.7455139160156,414.6965637207031,25.125,0.0,-77.003173828125,0.0,5
5021,0,462.6092529296875,375.06683349609375,25.125,0.0,-93.900146484375,0.0,5
5022,0,466.59063720703125,331.50665283203125,25.125,0.0,-110.7916259765625,0.0,5
5023,0,457.9903869628906,289.60626220703125,25.125,0.0,-127.6885986328125,0.0,5
5024,0,437.7198486328125,251.9221954345703,25.125,0.0,-144.5855712890625,0.0,5
5025,0,411.0600280761719,219.426025390625,25.125,0.0,-127.6885986328125,0.0,5
5026,0,386.5704040527344,186.43405151367188,25.125,0.0,-110.7916259765625,0.0,5
5027,0,366.4214172363281,149.58676147460938,25.125,0.0,-110.7916259765625,0.0,5
5028,0,348.396484375,116.1270523071289,25.125,0.0,-127.6885986328125,0.0,5
5029,0,317.81341552734375,116.12553405761719,25.125,0.0,-144.5855712890625,0.0,5
5030,0,276.4554443359375,116.125732421875,25.125,0.0,-127.6885986328125,0.0,5
5031,0,236.0096893310547,116.12586212158203,25.125,0.0,-110.7916259765625,0.0,5
5032,0,207.1845245361328,116.12592315673828,25.125,0.0,-93.900146484375,0.0,5
5033,0,193.89671325683594,116.1256103515625,25.125,0.0,-77.003173828125,0.0,5
5034,0,198.0595245361328,116.12580108642578,25.125,0.0,-60.106201171875,0.0,5
5035,0,218.58116149902344,116.12542724609375,25.125,0.0,-43.209228515625,0.0,5
5036,0,257.1673278808594,116.12538146972656,25.125,0.0,-26.312255859375,0.0,5
5037,0,298.43963623046875,116.12506103515625,25.125,0.0,-9.415283203125,0.0,5
5038,0,342.0067443847656,116.12532806396484,25.125,0.0,-26.312255859375,0.0,5
5039,0,389.0086669921875,116.1256332397461,25.125,0.0,-43.209228515625,0.0,5
5040,0,436.52471923828125,116.12580108642578,25.125,0.0,-60.106201171875,0.0,5
5041,0,479.1317138671875,116.1256332397461,25.125,0.0,-43.209228515625,0.0,5
5042,0,522.5177001953125,116.12554168701172,25.125,0.0,-60.106201171875,0.0,5
5043,0,559.36181640625,116.12590026855469,25.125,0.0,-77.003173828125,0.0,5
5044,0,581.7767944335938,116.12562561035156,25.125,0.0,-93.900146484375,0.0,5
5045,0,586.5045166015625,116.12586212158203,25.125,0.0,-110.7916259765625,0.0,5
5046,0,581.918212890625,116.12592315673828,25.125,0.0,-93.900146484375,0.0,5
5047,0,578.4581909179688,116.12586212158203,25.125,0.0,-110.7916259765625,0.0,5
5048,0,571.5858764648438,116.12592315673828,25.125,0.0,-93.900146484375,0.0,5
5049,0,570.8970947265625,116.1256103515625,25.125,0.0,-77.003173828125,0.0,5
5050,0,573.6095581054688,116.12590026855469,25.125,0.0,-77.003173828125,0.0,5
5051,0,581.6768798828125,116.12554168701172,25.125,0.0,-60.106201171875,0.0,5
5052,0,605.4338989257812,116.1256332397461,25.125,0.0,-43.209228515625,0.0,5
5053,0,642.4147338867188,116.12542724609375,25.125,0.0,-43.209228515625,0.0,5
5054,0,684.862548828125,116.12580108642578,25.125,0.0,-60.106201171875,0.0,5
5055,0,722.8343505859375,116.12580108642578,25.125,0.0,-60.106201171875,0.0,5
5056,0,758.5374755859375,116.12580108642578,25.125,0.0,-60.106201171875,0.0,5
5057,0,783.8743286132812,116.125,25.125,0.0,-43.209228515625,0.0,5
5058,0,783.8744506835938,116.125,25.125,0.0,-26.312255859375,0.0,5
5059,0,783.8740844726562,116.125,25.125,0.0,-9.415283203125,0.0,5
5060,0,783.8743896484375,116.35807800292969,25.125,0.0,7.4761962890625,0.0,5
5061,0,783.8741455078125,119.6978759765625,25.125,0.0,24.3731689453125,0.0,5
5062,0,783.87451171875,135.80828857421875,25.125,0.0,41.2701416015625,0.0,5
5063,0,783.87451171875,169.90618896484375,25.125,0.0,58.1671142578125,0.0,5
5064,0,783.8748779296875,212.75457763671875,25.125,0.0,75.0640869140625,0.0,5
5065,0,788.9136352539062,254.8966827392578,25.125,0.0,58.1671142578125,0.0,5
5066,0,800.936279296875,294.1064147949219,25.125,0.0,75.0640869140625,0.0,5
5067,0,810.9357299804688,333.97894287109375,25.125,0.0,91.95556640625,0.0,5
5068,0,813.2032470703125,376.7980651855469,25.125,0.0,108.8525390625,0.0,5
5069,0,804.86865234375,418.33941650390625,25.125,0.0,125.74951171875,0.0,5
5070,0,787.5391235351562,457.12225341796875,25.125,0.0,125.74951171875,0.0,5
5071,0,768.4419555664062,493.1363220214844,25.125,0.0,108.8525390625,0.0,5
5072,0,751.7330322265625,531.3892822265625,25.125,0.0,108.8525390625,0.0,5
5073,0,735.3887939453125,568.8185424804688,25.125,0.0,125.74951171875,0.0,5
5074,0,715.252685546875,604.3981323242188,25.125,0.0,125.74951171875,0.0,5
5075,0,694.6318969726562,639.6262817382812,25.125,0.0,108.8525390625,0.0,5
5076,0,678.9906005859375,678.1751708984375,25.125,0.0,91.95556640625,0.0,5
5077,0,672.5747680664062,720.8779296875,25.125,0.0,75.0640869140625,0.0,5
5078,0,675.3245239257812,762.2055053710938,25.125,0.0,75.0640869140625,0.0,5
5079,0,684.7699584960938,803.5645141601562,25.125,0.0,58.1671142578125,0.0,5
5080,0,702.935791015625,841.6068725585938,25.125,0.0,41.2701416015625,0.0,5
5081,0,726.9204711914062,875.9782104492188,25.125,0.0,58.1671142578125,0.0,5
5082,0,751.311279296875,908.7343139648438,25.125,0.0,41.2701416015625,0.0,5
5083,0,780.9230346679688,937.9913330078125,25.125,0.0,24.3731689453125,0.0,5
5084,0,817.000732421875,959.9849853515625,25.125,0.0,7.4761962890625,0.0,5
5085,0,857.9362182617188,971.6975708007812,25.125,0.0,-9.415283203125,0.0,5
5086,0,901.6219482421875,971.3145751953125,25.125,0.0,-26.312255859375,0.0,5
5087,0,942.4711303710938,958.6929321289062,25.125,0.0,-43.209228515625,0.0,5
5088,0,978.8331909179688,934.2789306640625,25.125,0.0,-60.106201171875,0.0,5
5089,0,983.8748779296875,897.4609985351562,25.125,0.0,-77.003173828125,0.0,5
5090,0,983.803955078125,855.6783447265625,25.125,0.0,-93.900146484375,0.0,5
5091,0,980.5994873046875,814.6552124023438,25.125,0.0,-110.7916259765625,0.0,5
5092,0,971.600830078125,774.6011352539062,25.125,0.0,-110.7916259765625,0.0,5
5093,0,961.1049194335938,734.1932373046875,25.125,0.0,-93.900146484375,0.0,5
5094,0,956.4030151367188,693.8869018554688,25.125,0.0,-77.003173828125,0.0,5
5095,0,956.9271240234375,652.0670166015625,25.125,0.0,-93.900146484375,0.0,5
5096,0,954.0916137695312,610.9677124023438,25.125,0.0,-110.7916259765625,0.0,5
5097,0,942.5934448242188,569.6050415039062,25.125,0.0,-127.6885986328125,0.0,5
5098,0,921.3069458007812,532.9299926757812,25.125,0.0,-144.5855712890625,0.0,5
5099,0,890.7089233398438,503.2465515136719,25.125,0.0,-161.4825439453125,0.0,5
5100,0,851.97509765625,482.97021484375,25.125,0.0,-178.3795166015625,0.0,5
5101,0,811.6052856445312,472.8426513671875,25.125,0.0,-178.3795166015625,0.0,5
5102,0,770.1395263671875,467.5074462890625,25.125,0.0,-178.3795166015625,0.0,5
5103,0,729.9321899414062,466.41748046875,25.125,0.0,164.7235107421875,0.0,5
5104,0,687.6115112304688,473.7909240722656,25.125,0.0,147.83203125,0.0,5
5105,0,648.9757080078125,491.36376953125,25.125,0.0,130.93505859375,0.0,5
5106,0,615.6817626953125,519.620361328125,25.125,0.0,114.0380859375,0.0,5
5107,0,592.2648315429688,555.4080200195312,25.125,0.0,97.14111328125,0.0,5
5108,0,580.0029907226562,596.4337158203125,25.125,0.0,80.244140625,0.0,5
5109,0,580.1870727539062,640.2638549804688,25.125,0.0,63.3526611328125,0.0,5
5110,0,588.3121948242188,680.5117797851562,25.125,0.0,80.244140625,0.0,5
5111,0,598.4678344726562,721.0902709960938,25.125,0.0,63.3526611328125,0.0,5
5112,0,614.3319091796875,758.5570678710938,25.125,0.0,46.4556884765625,0.0,5
5113,0,640.09130859375,793.3306884765625,25.125,0.0,29.5587158203125,0.0,5
5114,0,673.6886596679688,819.4840087890625,25.125,0.0,12.6617431640625,0.0,5
5115,0,714.3445434570312,835.4835815429688,25.125,0.0,-4.2352294921875,0.0,5
5116,0,756.94921875,839.1448974609375,25.125,0.0,-21.1322021484375,0.0,5
5117,0,798.8245239257812,830.4158325195312,25.125,0.0,-38.023681640625,0.0,5
5118,0,837.251708984375,809.3986206054688,25.125,0.0,-54.920654296875,0.0,5
5119,0,867.3177490234375,778.90478515625,25.125,0.0,-71.817626953125,0.0,5
5120,0,887.706298828125,740.0928955078125,25.125,0.0,-88.714599609375,0.0,5
5121,0,899.9334106445312,716.1258544921875,25.125,0.0,-71.817626953125,0.0,5
5122,0,912.7301635742188,716.1259155273438,25.125,0.0,-88.714599609375,0.0,5
5123,0,916.1251831054688,706.036865234375,25.125,0.0,-105.611572265625,0.0,5
5124,0,916.1251220703125,668.1704711914062,25.125,0.0,-105.611572265625,0.0,5
5125,0,916.137451171875,626.2474365234375,25.125,0.0,-88.714599609375,0.0,5
5126,0,916.1251220703125,585.1604614257812,25.125,0.0,-105.611572265625,0.0,5
5127,0,912.9996337890625,542.8844604492188,25.125,0.0,-105.611572265625,0.0,5
5128,0,903.4427490234375,502.5284118652344,25.125,0.0,-122.5030517578125,0.0,5
5129,0,888.7921142578125,463.3782653808594,25.125,0.0,-105.611572265625,0.0,5
5130,0,877.5931396484375,423.7022705078125,25.125,0.0,-88.714599609375,0.0,5
5131,0,874.5208129882812,381.8291931152344,25.125,0.0,-71.817626953125,0.0,5
5132,0,879.7908325195312,340.7841491699219,25.125,0.0,-71.817626953125,0.0,5
5133,0,891.2569580078125,300.9586486816406,25.125,0.0,-54.920654296875,0.0,5
5134,0,912.0234985351562,263.175048828125,25.125,0.0,-38.023681640625,0.0,5
5135,0,941.4931640625,232.5814208984375,25.125,0.0,-21.1322021484375,0.0,5
5136,0,954.7625732421875,192.3994140625,25.125,0.0,-21.1322021484375,0.0,5
5137,0,978.715087890625,157.88912963867188,25.125,0.0,-4.2352294921875,0.0,5
5138,0,1021.7495727539062,141.18019104003906,25.125,0.0,12.6617431640625,0.0,5
5139,0,1063.982177734375,138.6004638671875,25.125,0.0,12.6617431640625,0.0,5
5140,0,1105.3851318359375,144.47573852539062,25.125,0.0,29.5587158203125,0.0,5
5141,0,1144.632568359375,160.44764709472656,25.125,0.0,46.4556884765625,0.0,5
5142,0,1178.756103515625,183.87478637695312,25.125,0.0,46.4556884765625,0.0,5
5143,0,1217.05419921875,183.87432861328125,25.125,0.0,46.4556884765625,0.0,5
5144,0,1256.7486572265625,201.80621337890625,25.125,0.0,63.3526611328125,0.0,5
5145,0,1286.390625,235.95005798339844,25.125,0.0,80.244140625,0.0,5
5146,0,1302.1463623046875,276.3673095703125,25.125,0.0,97.14111328125,0.0,5
5147,0,1304.665283203125,320.36749267578125,25.125,0.0,114.0380859375,0.0,5
5148,0,1294.21142578125,362.043212890625,25.125,0.0,130.93505859375,0.0,5
5149,0,1270.9295654296875,383.8746643066406,25.125,0.0,147.83203125,0.0,5
5150,0,1230.911865234375,383.8748474121094,25.125,0.0,164.7235107421875,0.0,5
5151,0,1187.0296630859375,383.8746643066406,25.125,0.0,147.83203125,0.0,5
5152,0,1143.47216796875,388.10345458984375,25.125,0.0,164.7235107421875,0.0,5
5153,0,1103.1739501953125,394.3246154785156,25.125,0.0,-178.3795166015625,0.0,5
5154,0,1061.478271484375,397.1152038574219,25.125,0.0,-178.3795166015625,0.0,5
5155,0,1020.7299194335938,399.6058349609375,25.125,0.0,164.7235107421875,0.0,5
5156,0,979.2997436523438,404.5539245605469,25.125,0.0,-178.3795166015625,0.0,5
5157,0,938.7295532226562,408.5538330078125,25.125,0.0,164.7235107421875,0.0,5
5158,0,898.3212890625,417.8650207519531,25.125,0.0,147.83203125,0.0,5
5159,0,860.3844604492188,436.1890563964844,25.125,0.0,130.93505859375,0.0,5
5160,0,828.22607421875,464.00067138671875,25.125,0.0,114.0380859375,0.0,5
5161,0,804.5792236328125,500.6982421875,25.125,0.0,97.14111328125,0.0,5
5162,0,789.1375732421875,538.7017822265625,25.125,0.0,114.0380859375,0.0,5
5163,0,771.2947998046875,576.795654296875,25.125,0.0,130.93505859375,0.0,5
5164,0,750.5858764648438,611.9305419921875,25.125,0.0,114.0380859375,0.0,5
5165,0,732.7327880859375,650.2692260742188,25.125,0.0,97.14111328125,0.0,5
5166,0,723.3193969726562,691.2611083984375,25.125,0.0,80.244140625,0.0,5
5167,0,720.5285034179688,732.1013793945312,25.125,0.0,97.14111328125,0.0,5
5168,0,718.8696899414062,773.8668823242188,25.125,0.0,80.244140625,0.0,5
5169,0,721.3489379882812,813.7028198242188,25.125,0.0,80.244140625,0.0,5
5170,0,726.3309326171875,855.0565795898438,25.125,0.0,80.244140625,0.0,5
5171,0,730.4725341796875,895.7340698242188,25.125,0.0,97.14111328125,0.0,5
5172,0,729.9567260742188,937.5946044921875,25.125,0.0,97.14111328125,0.0,5
5173,0,726.8982543945312,978.1691284179688,25.125,0.0,97.14111328125,0.0,5
5174,0,720.8762817382812,1018.7969360351562,25.125,0.0,114.0380859375,0.0,5
5175,0,709.0704956054688,1059.08154296875,25.125,0.0,114.0380859375,0.0,5
5176,0,696.4724731445312,1097.8741455078125,25.125,0.0,97.14111328125,0.0,5
5177,0,685.4267578125,1138.11279296875,25.125,0.0,114.0380859375,0.0,5
5178,0,672.3104248046875,1175.71044921875,25.125,0.0,114.0380859375,0.0,5
5179,0,651.7503662109375,1183.874267578125,25.125,0.0,130.93505859375,0.0,5
5180,0,618.865478515625,1183.874267578125,25.125,0.0,130.93505859375,0.0,5
5181,0,578.6107177734375,1184.5728759765625,25.125,0.0,130.93505859375,0.0,5
5182,0,539.2235717773438,1202.5677490234375,25.125,0.0,130.93505859375,0.0,5
5183,0,506.49981689453125,1227.9820556640625,25.125,0.0,130.93505859375,0.0,5
5184,0,476.398193359375,1256.94140625,25.125,0.0,130.93505859375,0.0,5
5185,0,447.12530517578125,1285.4140625,25.125,0.0,147.83203125,0.0,5
5186,0,415.7115783691406,1312.8712158203125,25.125,0.0,130.93505859375,0.0,5
5187,0,386.24114990234375,1339.628173828125,25.125,0.0,147.83203125,0.0,5
5188,0,354.3479919433594,1366.533203125,25.125,0.0,130.93505859375,0.0,5
5189,0,323.88433837890625,1393.617431640625,25.125,0.0,147.83203125,0.0,5
5190,0,291.8409729003906,1420.34521484375,25.125,0.0,130.93505859375,0.0,5
5191,0,262.58135986328125,1448.763916015625,25.125,0.0,130.93505859375,0.0,5
5192,0,235.88827514648438,1480.0728759765625,25.125,0.0,114.0380859375,0.0,5
5193,0,207.80921936035156,1483.874267578125,25.125,0.0,130.93505859375,0.0,5
5194,0,169.67742919921875,1485.1268310546875,25.125,0.0,147.83203125,0.0,5
5195,0,128.5541229248047,1495.298828125,25.125,0.0,164.7235107421875,0.0,5
5196,0,116.12578582763672,1509.78515625,25.125,0.0,147.83203125,0.0,5
5197,0,116.12589263916016,1532.4547119140625,25.125,0.0,164.7235107421875,0.0,5
5198,0,116.12592315673828,1550.2862548828125,25.125,0.0,-178.3795166015625,0.0,5
5199,0,116.12559509277344,1554.171875,25.125,0.0,-161.4825439453125,0.0,5
5200,0,116.1257553100586,1544.1021728515625,25.125,0.0,-144.5855712890625,0.0,5
5201,0,116.12559509277344,1521.8446044921875,25.125,0.0,-161.4825439453125,0.0,5
5202,0,116.1257553100586,1495.7750244140625,25.125,0.0,-144.5855712890625,0.0,5
5203,0,116.12559509277344,1466.1094970703125,25.125,0.0,-161.4825439453125,0.0,5
5204,0,116.12592315673828,1442.5391845703125,25.125,0.0,-178.3795166015625,0.0,5
5205,0,116.1258773803711,1427.18359375,25.125,0.0,-161.4825439453125,0.0,5
5206,0,116.1257553100586,1406.4981689453125,25.125,0.0,-144.5855712890625,0.0,5
5207,0,116.1257553100586,1376.42431640625,25.125,0.0,-144.5855712890625,0.0,5
5208,0,116.12559509277344,1343.8153076171875,25.125,0.0,-161.4825439453125,0.0,5
5209,0,116.12528991699219,1346.508056640625,25.125,0.0,-161.4825439453125,0.0,5
5210,0,116.12559509277344,1352.598876953125,25.125,0.0,-161.4825439453125,0.0,5
5211,0,116.12592315673828,1349.3514404296875,25.125,0.0,-178.3795166015625,0.0,5
5212,0,116.12559509277344,1347.8681640625,25.125,0.0,-161.4825439453125,0.0,5
5213,0,116.1257553100586,1337.322998046875,25.125,0.0,-144.5855712890625,0.0,5
5214,0,116.12556457519531,1309.8321533203125,25.125,0.0,-127.6885986328125,0.0,5
5215,0,116.12513732910156,1268.2952880859375,25.125,0.0,-110.7916259765625,0.0,5
5216,0,116.12503814697266,1226.8782958984375,25.125,0.0,-93.900146484375,0.0,5
5217,0,116.12516784667969,1185.2281494140625,25.125,0.0,-110.7916259765625,0.0,5
5218,0,116.12556457519531,1138.6798095703125,25.125,0.0,-127.6885986328125,0.0,5
5219,0,116.12513732910156,1093.4722900390625,25.125,0.0,-110.7916259765625,0.0,5
5220,0,116.12556457519531,1046.921630859375,25.125,0.0,-127.6885986328125,0.0,5
5221,0,116.1257553100586,999.130859375,25.125,0.0,-144.5855712890625,0.0,5
5222,0,116.1258773803711,957.0426635742188,25.125,0.0,-161.4825439453125,0.0,5
5223,0,116.1257553100586,923.1024169921875,25.125,0.0,-144.5855712890625,0.0,5
5224,0,116.12538146972656,884.8036499023438,25.125,0.0,-127.6885986328125,0.0,5
5225,0,116.12554931640625,838.8373413085938,25.125,0.0,-127.6885986328125,0.0,5
5226,0,116.12513732910156,793.6199340820312,25.125,0.0,-110.7916259765625,0.0,5
5227,0,116.1252212524414,749.7408447265625,25.125,0.0,-110.7916259765625,0.0,5
5228,0,116.1250228881836,708.320068359375,25.125,0.0,-93.900146484375,0.0,5
5229,0,116.12503814697266,666.6422119140625,25.125,0.0,-93.900146484375,0.0,5
5230,0,116.12503814697266,625.9257202148438,25.125,0.0,-93.900146484375,0.0,5
5231,0,117.14098358154297,584.1524047851562,25.125,0.0,-77.003173828125,0.0,5
5232,0,141.7914276123047,562.5556030273438,25.125,0.0,-77.003173828125,0.0,5
5233,0,168.6982879638672,532.760009765625,25.125,0.0,-93.900146484375,0.0,5
5234,0,176.4224090576172,516.1258544921875,25.125,0.0,-110.7916259765625,0.0,5
5235,0,172.65394592285156,516.1256103515625,25.125,0.0,-93.900146484375,0.0,5
5236,0,171.9176025390625,516.1259155273438,25.125,0.0,-93.900146484375,0.0,5
5237,0,169.91281127929688,516.1256103515625,25.125,0.0,-110.7916259765625,0.0,5
5238,0,164.06056213378906,516.1259155273438,25.125,0.0,-93.900146484375,0.0,5
5239,0,183.89854431152344,516.1250610351562,25.125,0.0,-93.900146484375,0.0,5
5240,0,208.4007110595703,516.1259155273438,25.125,0.0,-77.003173828125,0.0,5
5241,0,229.45654296875,506.4813537597656,25.125,0.0,-60.106201171875,0.0,5
5242,0,255.7918701171875,476.26116943359375,25.125,0.0,-43.209228515625,0.0,5
5243,0,286.26568603515625,447.00823974609375,25.125,0.0,-26.312255859375,0.0,5
5244,0,319.1854553222656,424.0624084472656,25.125,0.0,-26.312255859375,0.0,5
5245,0,354.2762451171875,401.4508361816406,25.125,0.0,-43.209228515625,0.0,5
5246,0,385.8545227050781,374.45233154296875,25.125,0.0,-60.106201171875,0.0,5
5247,0,411.4188537597656,339.6863098144531,25.125,0.0,-77.003173828125,0.0,5
5248,0,426.6787414550781,300.00982666015625,25.125,0.0,-93.900146484375,0.0,5
5249,0,430.4188232421875,257.49578857421875,25.125,0.0,-110.7916259765625,0.0,5
5250,0,421.56201171875,214.68463134765625,25.125,0.0,-127.6885986328125,0.0,5
5251,0,401.26019287109375,177.02806091308594,25.125,0.0,-144.5855712890625,0.0,5
5252,0,370.190185546875,146.1240692138672,25.125,0.0,-161.4825439453125,0.0,5
5253,0,335.38336181640625,125.10594940185547,25.125,0.0,-161.4825439453125,0.0,5
5254,0,295.4731750488281,116.12501525878906,25.125,0.0,-178.3795166015625,0.0,5
5255,0,254.60028076171875,117.6058349609375,25.125,0.0,164.7235107421875,0.0,5
5256,0,213.0983428955078,121.9063949584961,25.125,0.0,-178.3795166015625,0.0,5
5257,0,172.48184204101562,125.52355194091797,25.125,0.0,164.7235107421875,0.0,5
5258,0,132.0159149169922,134.70948791503906,25.125,0.0,147.83203125,0.0,5
5259,0,116.12578582763672,152.62893676757812,25.125,0.0,147.83203125,0.0,5
5260,0,116.12560272216797,177.1970977783203,25.125,0.0,164.7235107421875,0.0,5
5261,0,116.12578582763672,202.412841796875,25.125,0.0,147.83203125,0.0,5
5262,0,116.12560272216797,229.22410583496094,25.125,0.0,164.7235107421875,0.0,5
5263,0,116.12592315673828,249.67153930664062,25.125,0.0,-178.3795166015625,0.0,5
5264,0,116.12592315673828,257.4889831542969,25.125,0.0,-178.3795166015625,0.0,5
5265,0,116.1258773803711,256.10986328125,25.125,0.0,-161.4825439453125,0.0,5
5266,0,116.1258773803711,249.0135040283203,25.125,0.0,-161.4825439453125,0.0,5
5267,0,116.1255111694336,232.54248046875,25.125,0.0,-144.5855712890625,0.0,5
5268,0,116.12556457519531,201.20591735839844,25.125,0.0,-127.6885986328125,0.0,5
5269,0,116.12538146972656,158.52357482910156,25.125,0.0,-127.6885986328125,0.0,5
5270,0,116.12506866455078,116.12870788574219,25.125,0.0,-110.7916259765625,0.0,5
5271,0,116.125,116.12592315673828,25.125,0.0,-93.900146484375,0.0,5
5272,0,116.814208984375,116.12590026855469,25.125,0.0,-77.003173828125,0.0,5
5273,0,122.86479187011719,116.12580108642578,25.125,0.0,-60.106201171875,0.0,5
5274,0,144.5167236328125,116.12542724609375,25.125,0.0,-43.209228515625,0.0,5
5275,0,181.783935546875,116.1256332397461,25.125,0.0,-43.209228515625,0.0,5
5276,0,226.0446319580078,116.12517547607422,25.125,0.0,-26.312255859375,0.0,5
5277,0,269.3029479980469,116.12509155273438,25.125,0.0,-9.415283203125,0.0,5
5278,0,310.3885498046875,116.12506103515625,25.125,0.0,-9.415283203125,0.0,5
5279,0,353.9556579589844,116.12532806396484,25.125,0.0,-26.312255859375,0.0,5
5280,0,396.198486328125,116.12508392333984,25.125,0.0,-9.415283203125,0.0,5
5281,0,438.7755432128906,116.12532806396484,25.125,0.0,-26.312255859375,0.0,5
5282,0,483.06097412109375,116.12529754638672,25.125,0.0,-26.312255859375,0.0,5
5283,0,529.9789428710938,116.12542724609375,25.125,0.0,-43.209228515625,0.0,5
5284,0,850.0,1050.0,25.125,0.0,-129.0509033203125,0.0,5
5285,0,834.1563110351562,1035.0338134765625,25.125,0.0,-145.9478759765625,0.0,6
5286,0,799.6066284179688,1011.105224609375,25.125,0.0,-162.8448486328125,0.0,6
5287,0,761.8225708007812,995.0672607421875,25.125,0.0,-179.736328125,0.0,6
5288,0,718.7901611328125,988.828369140625,25.125,0.0,163.36669921875,0.0,6
5289,0,676.5347290039062,994.7008666992188,25.125,0.0,146.4697265625,0.0,6
5290,0,637.5628662109375,1012.28564453125,25.125,0.0,129.57275390625,0.0,6
5291,0,605.2579345703125,1040.396240234375,25.125,0.0,112.67578125,0.0,6
5292,0,579.9871826171875,1072.7607421875,25.125,0.0,129.57275390625,0.0,6
5293,0,552.5525512695312,1104.6444091796875,25.125,0.0,146.4697265625,0.0,6
5294,0,519.7755126953125,1130.71142578125,25.125,0.0,163.36669921875,0.0,6
5295,0,516.1259155273438,1149.33642578125,25.125,0.0,-179.736328125,0.0,6
5296,0,516.1258544921875,1154.2427978515625,25.125,0.0,-162.8448486328125,0.0,6
5297,0,516.1257934570312,1145.4381103515625,25.125,0.0,-145.9478759765625,0.0,6
5298,0,516.1256103515625,1119.6644287109375,25.125,0.0,-129.0509033203125,0.0,6
5299,0,515.9765625,1078.953125,25.125,0.0,-112.1539306640625,0.0,6
5300,0,511.81195068359375,1038.0069580078125,25.125,0.0,-95.2569580078125,0.0,6
5301,0,509.2778625488281,997.0537719726562,25.125,0.0,-78.365478515625,0.0,6
5302,0,514.5155639648438,954.5651245117188,25.125,0.0,-61.468505859375,0.0,6
5303,0,529.9008178710938,915.1491088867188,25.125,0.0,-44.571533203125,0.0,6
5304,0,556.1720581054688,880.4061279296875,25.125,0.0,-27.674560546875,0.0,6
5305,0,590.4639282226562,854.9437255859375,25.125,0.0,-10.777587890625,0.0,6
5306,0,631.6051635742188,840.0134887695312,25.125,0.0,6.119384765625,0.0,6
5307,0,674.3389282226562,837.6434326171875,25.125,0.0,23.0108642578125,0.0,6
5308,0,715.9791259765625,847.6310424804688,25.125,0.0,39.9078369140625,0.0,6
5309,0,753.0276489257812,869.1781616210938,25.125,0.0,56.8048095703125,0.0,6
5310,0,782.2021484375,900.5782470703125,25.125,0.0,73.7017822265625,0.0,6
5311,0,801.2710571289062,940.0482788085938,25.125,0.0,90.5987548828125,0.0,6
5312,0,807.850830078125,982.3612670898438,25.125,0.0,107.4957275390625,0.0,6
5313,0,801.7070922851562,1025.748291015625,25.125,0.0,124.38720703125,0.0,6
5314,0,783.6202392578125,1064.5677490234375,25.125,0.0,141.2841796875,0.0,6
5315,0,754.3470458984375,1097.191650390625,25.125,0.0,158.18115234375,0.0,6
5316,0,719.96484375,1120.6553955078125,25.125,0.0,158.18115234375,0.0,6
5317,0,683.728271484375,1139.487060546875,25.125,0.0,158.18115234375,0.0,6
5318,0,646.4757080078125,1158.4288330078125,25.125,0.0,141.2841796875,0.0,6
5319,0,612.0594482421875,1178.40966796875,25.125,0.0,158.18115234375,0.0,6
5320,0,571.8562622070312,1185.492919921875,25.125,0.0,141.2841796875,0.0,6
5321,0,531.093017578125,1203.2899169921875,25.125,0.0,124.38720703125,0.0,6
5322,0,498.9497375488281,1234.02294921875,25.125,0.0,107.4957275390625,0.0,6
5323,0,475.968017578125,1268.1671142578125,25.125,0.0,124.38720703125,0.0,6
5324,0,453.56451416015625,1302.080810546875,25.125,0.0,124.38720703125,0.0,6
5325,0,431.8005065917969,1337.878173828125,25.125,0.0,107.4957275390625,0.0,6
5326,0,414.83831787109375,1375.1427001953125,25.125,0.0,107.4957275390625,0.0,6
5327,0,401.7900695800781,1415.306884765625,25.125,0.0,90.5987548828125,0.0,6
5328,0,393.6205139160156,1454.303466796875,25.125,0.0,107.4957275390625,0.0,6
5329,0,381.3332214355469,1494.7154541015625,25.125,0.0,124.38720703125,0.0,6
5330,0,363.4067077636719,1531.693115234375,25.125,0.0,124.38720703125,0.0,6
5331,0,340.1106262207031,1566.9818115234375,25.125,0.0,141.2841796875,0.0,6
5332,0,316.1258544921875,1596.5035400390625,25.125,0.0,158.18115234375,0.0,6
5333,0,314.031005859375,1622.876708984375,25.125,0.0,158.18115234375,0.0,6
5334,0,283.43963623046875,1646.1199951171875,25.125,0.0,175.078125,0.0,6
5335,0,241.92242431640625,1657.5980224609375,25.125,0.0,-168.02490234375,0.0,6
5336,0,198.0061492919922,1656.03759765625,25.125,0.0,-151.1334228515625,0.0,6
5337,0,158.41966247558594,1642.3690185546875,25.125,0.0,-134.2364501953125,0.0,6
5338,0,122.92063903808594,1616.5511474609375,25.125,0.0,-117.3394775390625,0.0,6
5339,0,116.12542724609375,1579.415771484375,25.125,0.0,-117.3394775390625,0.0,6
5340,0,116.12564086914062,1531.1229248046875,25.125,0.0,-134.2364501953125,0.0,6
5341,0,116.12566375732422,1515.952880859375,25.125,0.0,-134.2364501953125,0.0,6
5342,0,116.12554931640625,1505.588623046875,25.125,0.0,-151.1334228515625,0.0,6
5343,0,116.12590026855469,1484.729248046875,25.125,0.0,-168.02490234375,0.0,6
5344,0,116.12562561035156,1469.851806640625,25.125,0.0,175.078125,0.0,6
5345,0,116.1258544921875,1469.3638916015625,25.125,0.0,158.18115234375,0.0,6
5346,0,116.12572479248047,1482.5948486328125,25.125,0.0,141.2841796875,0.0,6
5347,0,116.12551879882812,1513.2115478515625,25.125,0.0,124.38720703125,0.0,6
5348,0,134.23837280273438,1550.1822509765625,25.125,0.0,124.38720703125,0.0,6
5349,0,135.4679718017578,1590.11328125,25.125,0.0,141.2841796875,0.0,6
5350,0,116.1258544921875,1628.0052490234375,25.125,0.0,158.18115234375,0.0,6
5351,0,116.12562561035156,1655.092041015625,25.125,0.0,175.078125,0.0,6
5352,0,116.12590026855469,1668.35302734375,25.125,0.0,-168.02490234375,0.0,6
5353,0,116.12554931640625,1664.4644775390625,25.125,0.0,-151.1334228515625,0.0,6
5354,0,116.12564086914062,1644.113037109375,25.125,0.0,-134.2364501953125,0.0,6
5355,0,116.12580871582031,1611.3885498046875,25.125,0.0,-151.1334228515625,0.0,6
5356,0,116.12564086914062,1575.2322998046875,25.125,0.0,-134.2364501953125,0.0,6
5357,0,116.12580871582031,1535.340576171875,25.125,0.0,-151.1334228515625,0.0,6
5358,0,116.12554931640625,1498.6781005859375,25.125,0.0,-151.1334228515625,0.0,6
5359,0,116.12580871582031,1463.4552001953125,25.125,0.0,-151.1334228515625,0.0,6
5360,0,116.12543487548828,1427.435546875,25.125,0.0,-134.2364501953125,0.0,6
5361,0,116.12564086914062,1384.1407470703125,25.125,0.0,-134.2364501953125,0.0,6
5362,0,116.12519073486328,1338.2342529296875,25.125,0.0,-117.3394775390625,0.0,6
5363,0,116.12531280517578,1292.588134765625,25.125,0.0,-117.3394775390625,0.0,6
5364,0,116.12530517578125,1247.9791259765625,25.125,0.0,-117.3394775390625,0.0,6
5365,0,116.12506866455078,1205.51416015625,25.125,0.0,-100.4425048828125,0.0,6
5366,0,116.1253433227539,1162.72802734375,25.125,0.0,-117.3394775390625,0.0,6
5367,0,116.12543487548828,1115.564208984375,25.125,0.0,-134.2364501953125,0.0,6
5368,0,116.12580871582031,1068.3280029296875,25.125,0.0,-151.1334228515625,0.0,6
5369,0,116.1256103515625,1031.54345703125,25.125,0.0,-168.02490234375,0.0,6
5370,0,116.12592315673828,1008.9421997070312,25.125,0.0,175.078125,0.0,6
5371,0,116.1258544921875,1005.0689086914062,25.125,0.0,158.18115234375,0.0,6
5372,0,116.12592315673828,1010.5850219726562,25.125,0.0,175.078125,0.0,6
5373,0,116.1258544921875,1015.664306640625,25.125,0.0,158.18115234375,0.0,6
5374,0,116.12562561035156,1025.1455078125,25.125,0.0,175.078125,0.0,6
5375,0,116.12590789794922,1027.8544921875,25.125,0.0,-168.02490234375,0.0,6
5376,0,116.12554931640625,1022.4939575195312,25.125,0.0,-151.1334228515625,0.0,6
5377,0,116.12564086914062,1001.2813720703125,25.125,0.0,-134.2364501953125,0.0,6
5378,0,116.12528991699219,963.904296875,25.125,0.0,-117.3394775390625,0.0,6
5379,0,116.12531280517578,918.2870483398438,25.125,0.0,-117.3394775390625,0.0,6
5380,0,116.1250991821289,875.8449096679688,25.125,0.0,-100.4425048828125,0.0,6
5381,0,116.12535095214844,832.0628051757812,25.125,0.0,-117.3394775390625,0.0,6
5382,0,116.12582397460938,813.93701171875,25.125,0.0,-117.3394775390625,0.0,6
5383,0,116.12528991699219,793.1398315429688,25.125,0.0,-117.3394775390625,0.0,6
5384,0,116.12530517578125,751.447021484375,25.125,0.0,-117.3394775390625,0.0,6
5385,0,116.12543487548828,704.2794189453125,25.125,0.0,-134.2364501953125,0.0,6
5386,0,116.12580871582031,657.0430297851562,25.125,0.0,-151.1334228515625,0.0,6
5387,0,116.1256103515625,620.227783203125,25.125,0.0,-168.02490234375,0.0,6
5388,0,116.12580871582031,591.55322265625,25.125,0.0,-151.1334228515625,0.0,6
5389,0,116.12590789794922,564.552734375,25.125,0.0,-168.02490234375,0.0,6
5390,0,116.12580871582031,540.2182006835938,25.125,0.0,-151.1334228515625,0.0,6
5391,0,116.125,516.1256713867188,25.125,0.0,-134.2364501953125,0.0,6
5392,0,116.125,516.1254272460938,25.125,0.0,-134.2364501953125,0.0,6
5393,0,116.125,516.1257934570312,25.125,0.0,-117.3394775390625,0.0,6
5394,0,116.125,516.1256103515625,25.125,0.0,-100.4425048828125,0.0,6
5395,0,116.32521057128906,516.1259155273438,25.125,0.0,-83.5455322265625,0.0,6
5396,0,119.18292999267578,516.1258544921875,25.125,0.0,-66.6485595703125,0.0,6
5397,0,134.6024169921875,516.125732421875,25.125,0.0,-49.757080078125,0.0,6
5398,0,166.95040893554688,516.12548828125,25.125,0.0,-32.860107421875,0.0,6
5399,0,211.66641235351562,516.1253051757812,25.125,0.0,-32.860107421875,0.0,6
5400,0,257.839111328125,506.01153564453125,25.125,0.0,-49.757080078125,0.0,6
5401,0,267.17889404296875,479.07550048828125,25.125,0.0,-49.757080078125,0.0,6
5402,0,278.6278076171875,441.4621276855469,25.125,0.0,-32.860107421875,0.0,6
5403,0,308.3292541503906,410.6224670410156,25.125,0.0,-15.963134765625,0.0,6
5404,0,347.7248840332031,390.4130859375,25.125,0.0,0.933837890625,0.0,6
5405,0,387.40869140625,379.6012878417969,25.125,0.0,-15.963134765625,0.0,6
5406,0,427.4541931152344,366.8914489746094,25.125,0.0,-32.860107421875,0.0,6
5407,0,464.36407470703125,347.13739013671875,25.125,0.0,-49.757080078125,0.0,6
5408,0,496.40478515625,321.01336669921875,25.125,0.0,-49.757080078125,0.0,6
5409,0,524.896240234375,289.6025695800781,25.125,0.0,-66.6485595703125,0.0,6
5410,0,545.7991333007812,253.0071563720703,25.125,0.0,-83.5455322265625,0.0,6
5411,0,556.8148803710938,210.8926239013672,25.125,0.0,-100.4425048828125,0.0,6
5412,0,559.90576171875,170.96261596679688,25.125,0.0,-83.5455322265625,0.0,6
5413,0,561.3430786132812,129.1705780029297,25.125,0.0,-100.4425048828125,0.0,6
5414,0,556.0924682617188,116.12582397460938,25.125,0.0,-117.3394775390625,0.0,6
5415,0,571.11328125,116.12542724609375,25.125,0.0,-117.3394775390625,0.0,6
5416,0,581.7396240234375,116.12590789794922,25.125,0.0,-100.4425048828125,0.0,6
5417,0,577.166748046875,116.12555694580078,25.125,0.0,-117.3394775390625,0.0,6
5418,0,563.2130737304688,116.12590789794922,25.125,0.0,-100.4425048828125,0.0,6
5419,0,552.5812377929688,116.12562561035156,25.125,0.0,-83.5455322265625,0.0,6
5420,0,554.5015869140625,116.12584686279297,25.125,0.0,-66.6485595703125,0.0,6
5421,0,566.3365478515625,116.12584686279297,25.125,0.0,-66.6485595703125,0.0,6
5422,0,583.3904418945312,116.12591552734375,25.125,0.0,-83.5455322265625,0.0,6
5423,0,599.1357421875,116.12584686279297,25.125,0.0,-66.6485595703125,0.0,6
5424,0,622.7847900390625,116.12548065185547,25.125,0.0,-49.757080078125,0.0,6
5425,0,659.9110717773438,116.12550354003906,25.125,0.0,-32.860107421875,0.0,6
5426,0,703.31884765625,116.1250991821289,25.125,0.0,-15.963134765625,0.0,6
5427,0,745.2621459960938,116.13406372070312,25.125,0.0,0.933837890625,0.0,6
5428,0,783.8726806640625,118.34873962402344,25.125,0.0,17.830810546875,0.0,6
5429,0,783.8741455078125,126.580322265625,25.125,0.0,17.830810546875,0.0,6
5430,0,783.874267578125,143.22752380371094,25.125,0.0,34.7222900390625,0.0,6
5431,0,783.8741455078125,168.55752563476562,25.125,0.0,17.830810546875,0.0,6
5432,0,783.8741455078125,192.28073120117188,25.125,0.0,17.830810546875,0.0,6
5433,0,783.8743896484375,211.36512756347656,25.125,0.0,0.933837890625,0.0,6
5434,0,794.9697265625,218.2458953857422,25.125,0.0,-15.963134765625,0.0,6
5435,0,833.7506103515625,216.12533569335938,25.125,0.0,-32.860107421875,0.0,6
5436,0,878.4572143554688,216.12515258789062,25.125,0.0,-15.963134765625,0.0,6
5437,0,920.397705078125,216.01205444335938,25.125,0.0,-15.963134765625,0.0,6
5438,0,962.1283569335938,213.2751007080078,25.125,0.0,0.933837890625,0.0,6
5439,0,1003.3414916992188,213.8820037841797,25.125,0.0,17.830810546875,0.0,6
5440,0,1044.34130859375,222.85166931152344,25.125,0.0,34.7222900390625,0.0,6
5441,0,1082.165283203125,242.11431884765625,25.125,0.0,51.6192626953125,0.0,6
5442,0,1083.874755859375,276.3068542480469,25.125,0.0,68.5162353515625,0.0,6
5443,0,1083.8741455078125,295.44598388671875,25.125,0.0,68.5162353515625,0.0,6
5444,0,1083.8746337890625,317.99285888671875,25.125,0.0,51.6192626953125,0.0,6
5445,0,1100.2730712890625,356.1390075683594,25.125,0.0,34.7222900390625,0.0,6
5446,0,1130.40869140625,387.16943359375,25.125,0.0,17.830810546875,0.0,6
5447,0,1165.3543701171875,410.6512145996094,25.125,0.0,34.7222900390625,0.0,6
5448,0,1183.8743896484375,436.2852478027344,25.125,0.0,51.6192626953125,0.0,6
5449,0,1183.8748779296875,476.2537536621094,25.125,0.0,68.5162353515625,0.0,6
5450,0,1183.874755859375,519.292236328125,25.125,0.0,68.5162353515625,0.0,6
5451,0,1187.123779296875,560.3875732421875,25.125,0.0,85.4132080078125,0.0,6
5452,0,1193.018310546875,583.8741455078125,25.125,0.0,68.5162353515625,0.0,6
5453,0,1206.717529296875,583.8743896484375,25.125,0.0,68.5162353515625,0.0,6
5454,0,1229.8477783203125,590.19921875,25.125,0.0,51.6192626953125,0.0,6
5455,0,1258.4093017578125,619.4220581054688,25.125,0.0,68.5162353515625,0.0,6
5456,0,1282.408935546875,653.7532348632812,25.125,0.0,51.6192626953125,0.0,6
5457,0,1304.9259033203125,683.8710327148438,25.125,0.0,68.5162353515625,0.0,6
5458,0,1330.0711669921875,689.6693725585938,25.125,0.0,51.6192626953125,0.0,6
5459,0,1361.975341796875,714.1605224609375,25.125,0.0,34.7222900390625,0.0,6
5460,0,1393.5406494140625,740.0740356445312,25.125,0.0,51.6192626953125,0.0,6
5461,0,1421.9010009765625,771.8766479492188,25.125,0.0,68.5162353515625,0.0,6
5462,0,1442.47998046875,783.8743896484375,25.125,0.0,85.4132080078125,0.0,6
5463,0,1452.2303466796875,783.8740844726562,25.125,0.0,102.3101806640625,0.0,6
5464,0,1452.0076904296875,783.8740844726562,25.125,0.0,85.4132080078125,0.0,6
5465,0,1452.5516357421875,783.8740844726562,25.125,0.0,85.4132080078125,0.0,6
5466,0,1454.79052734375,783.8741455078125,25.125,0.0,68.5162353515625,0.0,6
5467,0,1461.440185546875,783.8743896484375,25.125,0.0,85.4132080078125,0.0,6
5468,0,1462.3475341796875,783.8740844726562,25.125,0.0,102.3101806640625,0.0,6
5469,0,1456.8338623046875,783.8744506835938,25.125,0.0,119.2071533203125,0.0,6
5470,0,1440.716064453125,783.8740844726562,25.125,0.0,102.3101806640625,0.0,6
5471,0,1421.80908203125,783.8742065429688,25.125,0.0,119.2071533203125,0.0,6
5472,0,1395.2237548828125,783.8742065429688,25.125,0.0,119.2071533203125,0.0,6
5473,0,1365.3619384765625,793.1229248046875,25.125,0.0,119.2071533203125,0.0,6
5474,0,1337.9278564453125,825.854248046875,25.125,0.0,102.3101806640625,0.0,6
5475,0,1321.2581787109375,866.5050048828125,25.125,0.0,85.4132080078125,0.0,6
5476,0,1313.4346923828125,906.8356323242188,25.125,0.0,102.3101806640625,0.0,6
5477,0,1305.489990234375,947.6808471679688,25.125,0.0,102.3101806640625,0.0,6
5478,0,1299.2655029296875,983.8717041015625,25.125,0.0,85.4132080078125,0.0,6
5479,0,1301.0694580078125,983.8741455078125,25.125,0.0,68.5162353515625,0.0,6
5480,0,1307.7191162109375,983.8740844726562,25.125,0.0,85.4132080078125,0.0,6
5481,0,1308.619384765625,983.8740844726562,25.125,0.0,102.3101806640625,0.0,6
5482,0,1302.9288330078125,983.8742065429688,25.125,0.0,119.2071533203125,0.0,6
5483,0,1282.019775390625,983.8745727539062,25.125,0.0,136.0986328125,0.0,6
5484,0,1245.4998779296875,997.1744995117188,25.125,0.0,152.99560546875,0.0,6
5485,0,1207.79736328125,1012.9126586914062,25.125,0.0,169.892578125,0.0,6
5486,0,1166.3602294921875,1022.9343872070312,25.125,0.0,-173.21044921875,0.0,6
5487,0,1126.141845703125,1025.1025390625,25.125,0.0,-173.21044921875,0.0,6
5488,0,1084.405029296875,1025.3294677734375,25.125,0.0,169.892578125,0.0,6
5489,0,1043.677978515625,1026.93359375,25.125,0.0,-173.21044921875,0.0,6
5490,0,1001.951171875,1027.409423828125,25.125,0.0,169.892578125,0.0,6
5491,0,960.8890991210938,1033.1630859375,25.125,0.0,152.99560546875,0.0,6
5492,0,921.4216918945312,1047.9775390625,25.125,0.0,136.0986328125,0.0,6
5493,0,886.095703125,1073.394775390625,25.125,0.0,119.2071533203125,0.0,6
5494,0,886.1702880859375,1103.826171875,25.125,0.0,119.2071533203125,0.0,6
5495,0,890.1209106445312,1144.7845458984375,25.125,0.0,102.3101806640625,0.0,6
5496,0,887.9671020507812,1185.487548828125,25.125,0.0,85.4132080078125,0.0,6
5497,0,890.2548828125,1226.80712890625,25.125,0.0,68.5162353515625,0.0,6
5498,0,897.1610717773438,1267.0389404296875,25.125,0.0,85.4132080078125,0.0,6
5499,0,904.5977172851562,1283.8743896484375,25.125,0.0,68.5162353515625,0.0,6
5500,0,922.6259155273438,1285.654541015625,25.125,0.0,51.6192626953125,0.0,6
5501,0,950.1818237304688,1311.127197265625,25.125,0.0,68.5162353515625,0.0,6
5502,0,974.4367065429688,1345.3206787109375,25.125,0.0,51.6192626953125,0.0,6
5503,0,1000.2945556640625,1377.31982421875,25.125,0.0,34.727783203125,0.0,6
5504,0,1031.0999755859375,1405.9010009765625,25.125,0.0,34.727783203125,0.0,6
5505,0,1064.6787109375,1429.9595947265625,25.125,0.0,17.830810546875,0.0,6
5506,0,1103.204345703125,1446.78955078125,25.125,0.0,0.933837890625,0.0,6
5507,0,1145.176025390625,1453.2835693359375,25.125,0.0,-15.963134765625,0.0,6
5508,0,1183.871337890625,1447.9931640625,25.125,0.0,-32.860107421875,0.0,6
5509,0,1183.8741455078125,1430.614990234375,25.125,0.0,-15.963134765625,0.0,6
5510,0,1183.8743896484375,1414.7703857421875,25.125,0.0,0.933837890625,0.0,6
5511,0,1183.8741455078125,1404.9908447265625,25.125,0.0,-15.963134765625,0.0,6
5512,0,1183.8743896484375,1395.98828125,25.125,0.0,0.933837890625,0.0,6
5513,0,1183.8741455078125,1396.2060546875,25.125,0.0,17.830810546875,0.0,6
5514,0,1183.874267578125,1405.984130859375,25.125,0.0,34.727783203125,0.0,6
5515,0,1183.8746337890625,1432.582763671875,25.125,0.0,51.6192626953125,0.0,6
5516,0,1183.8743896484375,1473.1236572265625,25.125,0.0,51.6192626953125,0.0,6
5517,0,1184.263916015625,1520.5208740234375,25.125,0.0,51.6192626953125,0.0,6
5518,0,1192.9024658203125,1563.7119140625,25.125,0.0,68.5162353515625,0.0,6
5519,0,1207.016357421875,1602.608154296875,25.125,0.0,51.6192626953125,0.0,6
5520,0,1225.748046875,1639.970458984375,25.125,0.0,68.5162353515625,0.0,6
5521,0,1244.4825439453125,1676.21142578125,25.125,0.0,51.6192626953125,0.0,6
5522,0,1265.4039306640625,1712.3055419921875,25.125,0.0,68.5162353515625,0.0,6
5523,0,1281.6337890625,1750.385009765625,25.125,0.0,85.4132080078125,0.0,6
5524,0,1292.9964599609375,1789.5968017578125,25.125,0.0,68.5162353515625,0.0,6
5525,0,1307.7581787109375,1828.1268310546875,25.125,0.0,51.6192626953125,0.0,6
5526,0,1328.1553955078125,1863.814697265625,25.125,0.0,51.6192626953125,0.0,6
5527,0,1353.8043212890625,1897.4444580078125,25.125,0.0,34.727783203125,0.0,6
5528,0,1385.7564697265625,1924.767578125,25.125,0.0,17.830810546875,0.0,6
5529,0,1421.4752197265625,1946.677734375,25.125,0.0,34.727783203125,0.0,6
5530,0,1455.7437744140625,1968.5775146484375,25.125,0.0,34.727783203125,0.0,6
5531,0,1492.535888671875,1983.874755859375,25.125,0.0,17.830810546875,0.0,6
5532,0,1537.1463623046875,1983.87451171875,25.125,0.0,34.727783203125,0.0,6
5533,0,1585.1270751953125,1983.87451171875,25.125,0.0,51.6192626953125,0.0,6
5534,0,1628.06640625,1983.8741455078125,25.125,0.0,68.5162353515625,0.0,6
5535,0,1659.0189208984375,1983.8743896484375,25.125,0.0,85.4132080078125,0.0,6
5536,0,1673.88134765625,1983.8741455078125,25.125,0.0,102.3101806640625,0.0,6
5537,0,1670.17138671875,1983.87451171875,25.125,0.0,119.2071533203125,0.0,6
5538,0,1649.5477294921875,1983.8743896484375,25.125,0.0,136.0986328125,0.0,6
5539,0,1612.2508544921875,1983.8746337890625,25.125,0.0,152.99560546875,0.0,6
5540,0,1568.8994140625,1983.8748779296875,25.125,0.0,169.892578125,0.0,6
5541,0,1526.1827392578125,1983.8746337890625,25.125,0.0,152.99560546875,0.0,6
5542,0,1479.09765625,1983.87451171875,25.125,0.0,136.0986328125,0.0,6
5543,0,1429.5257568359375,1983.8743896484375,25.125,0.0,136.0986328125,0.0,6
5544,0,1384.4007568359375,1983.87451171875,25.125,0.0,119.2071533203125,0.0,6
5545,0,1346.5628662109375,1983.8741455078125,25.125,0.0,102.3101806640625,0.0,6
5546,0,1324.2841796875,1983.8740234375,25.125,0.0,85.4132080078125,0.0,6
5547,0,1320.133056640625,1983.8741455078125,25.125,0.0,68.5162353515625,0.0,6
5548,0,1328.9520263671875,1983.8741455078125,25.125,0.0,68.5162353515625,0.0,6
5549,0,1343.18896484375,1983.8743896484375,25.125,0.0,85.4132080078125,0.0,6
5550,0,1356.851318359375,1983.8741455078125,25.125,0.0,68.5162353515625,0.0,6
5551,0,1375.61572265625,1983.8743896484375,25.125,0.0,68.5162353515625,0.0,6
5552,0,1395.20068359375,1983.8740234375,25.125,0.0,85.4132080078125,0.0,6
5553,0,1407.322021484375,1983.8743896484375,25.125,0.0,85.4132080078125,0.0,6
5554,0,1414.1165771484375,1983.8740234375,25.125,0.0,85.4132080078125,0.0,6
5555,0,1414.2423095703125,1983.8741455078125,25.125,0.0,102.3101806640625,0.0,6
5556,0,1408.3780517578125,1983.8741455078125,25.125,0.0,119.2071533203125,0.0,6
5557,0,1387.1915283203125,1983.8743896484375,25.125,0.0,136.0986328125,0.0,6
5558,0,1349.566162109375,1983.874755859375,25.125,0.0,152.99560546875,0.0,6
5559,0,1306.1898193359375,1983.8748779296875,25.125,0.0,169.892578125,0.0,6
5560,0,1265.438232421875,1983.6883544921875,25.125,0.0,-173.21044921875,0.0,6
5561,0,1223.6868896484375,1983.268310546875,25.125,0.0,169.892578125,0.0,6
5562,0,1182.1856689453125,1983.874755859375,25.125,0.0,152.99560546875,0.0,6
5563,0,1133.965087890625,1983.8743896484375,25.125,0.0,136.0986328125,0.0,6
5564,0,1087.732666015625,1983.8741455078125,25.125,0.0,119.2071533203125,0.0,6
5565,0,1050.04541015625,1983.8741455078125,25.125,0.0,102.3101806640625,0.0,6
5566,0,1024.7703857421875,1983.8741455078125,25.125,0.0,102.3101806640625,0.0,6
5567,0,1008.4061279296875,1983.8743896484375,25.125,0.0,85.4132080078125,0.0,6
5568,0,1004.8929443359375,1983.8740234375,25.125,0.0,85.4132080078125,0.0,6
5569,0,1004.331298828125,1983.8743896484375,25.125,0.0,102.3101806640625,0.0,6
5570,0,1002.271484375,1983.8741455078125,25.125,0.0,102.3101806640625,0.0,6
5571,0,995.692138671875,1983.8741455078125,25.125,0.0,119.2071533203125,0.0,6
5572,0,974.12548828125,1983.8743896484375,25.125,0.0,136.0986328125,0.0,6
5573,0,936.31298828125,1983.8746337890625,25.125,0.0,152.99560546875,0.0,6
5574,0,891.8255004882812,1983.874755859375,25.125,0.0,152.99560546875,0.0,6
5575,0,848.4244384765625,1983.8748779296875,25.125,0.0,169.892578125,0.0,6
5576,0,807.6727905273438,1983.6883544921875,25.125,0.0,-173.21044921875,0.0,6
5577,0,777.7267456054688,1983.8740234375,25.125,0.0,-173.21044921875,0.0,6
5578,0,741.2169799804688,1983.875,25.125,0.0,169.892578125,0.0,6
5579,0,697.5098266601562,1983.8746337890625,25.125,0.0,152.99560546875,0.0,6
5580,0,650.3639526367188,1983.8743896484375,25.125,0.0,136.0986328125,0.0,6
5581,0,604.1265869140625,1983.8741455078125,25.125,0.0,119.2071533203125,0.0,6
5582,0,567.1622924804688,1983.8741455078125,25.125,0.0,102.3101806640625,0.0,6
5583,0,544.7208251953125,1983.8743896484375,25.125,0.0,85.4132080078125,0.0,6
5584,0,537.7047119140625,1983.8740234375,25.125,0.0,85.4132080078125,0.0,6
5585,0,538.2247314453125,1983.8743896484375,25.125,0.0,85.4132080078125,0.0,6
5586,0,540.5150146484375,1983.8741455078125,25.125,0.0,68.5162353515625,0.0,6
5587,0,547.1707763671875,1983.8743896484375,25.125,0.0,85.4132080078125,0.0,6
5588,0,548.078125,1983.8741455078125,25.125,0.0,102.3101806640625,0.0,6
5589,0,545.9378051757812,1983.8741455078125,25.125,0.0,102.3101806640625,0.0,6
5590,0,539.3538818359375,1983.87451171875,25.125,0.0,119.2071533203125,0.0,6
5591,0,520.2880249023438,1983.8741455078125,25.125,0.0,119.2071533203125,0.0,6
5592,0,493.4275817871094,1983.87451171875,25.125,0.0,119.2071533203125,0.0,6
5593,0,459.844970703125,1983.8743896484375,25.125,0.0,136.0986328125,0.0,6
5594,0,418.84820556640625,1983.87451171875,25.125,0.0,136.0986328125,0.0,6
5595,0,372.4748840332031,1983.8743896484375,25.125,0.0,136.0986328125,0.0,6
5596,0,325.8660583496094,1983.874755859375,25.125,0.0,152.99560546875,0.0,6
5597,0,280.33203125,1983.8746337890625,25.125,0.0,152.99560546875,0.0,6
5598,0,233.18325805664062,1983.8743896484375,25.125,0.0,136.0986328125,0.0,6
5599,0,186.0198974609375,1983.8748779296875,25.125,0.0,152.99560546875,0.0,6
5600,0,138.84817504882812,1983.8743896484375,25.125,0.0,136.0986328125,0.0,6
5601,0,116.12530517578125,1983.875,25.125,0.0,119.2071533203125,0.0,6
5602,0,116.12545013427734,1983.875,25.125,0.0,119.2071533203125,0.0,6
5603,0,116.12530517578125,1983.875,25.125,0.0,119.2071533203125,0.0,6
5604,0,116.12519836425781,1983.875,25.125,0.0,102.3101806640625,0.0,6
5605,0,116.12545013427734,1983.875,25.125,0.0,119.2071533203125,0.0,6
5606,0,116.12566375732422,1983.875,25.125,0.0,136.0986328125,0.0,6
5607,0,116.12545013427734,1983.875,25.125,0.0,119.2071533203125,0.0,6
5608,0,116.12512969970703,1983.875,25.125,0.0,102.3101806640625,0.0,6
5609,0,116.23005676269531,1983.8740234375,25.125,0.0,85.4132080078125,0.0,6
5610,0,116.125,1983.8743896484375,25.125,0.0,102.3101806640625,0.0,6
5611,0,116.125,1983.8741455078125,25.125,0.0,119.2071533203125,0.0,6
5612,0,116.125,1983.87451171875,25.125,0.0,136.0986328125,0.0,6
5613,0,116.125,1983.8746337890625,25.125,0.0,152.99560546875,0.0,6
5614,0,116.125,1983.8748779296875,25.125,0.0,169.892578125,0.0,6
5615,0,116.12591552734375,1983.6439208984375,25.125,0.0,-173.21044921875,0.0,6
5616,0,116.12584686279297,1980.7498779296875,25.125,0.0,-156.3134765625,0.0,6
5617,0,116.12547302246094,1965.6053466796875,25.125,0.0,-139.41650390625,0.0,6
5618,0,116.12584686279297,1937.1533203125,25.125,0.0,-156.3134765625,0.0,6
5619,0,116.12547302246094,1906.98583984375,25.125,0.0,-139.41650390625,0.0,6
5620,0,116.12584686279297,1871.2879638671875,25.125,0.0,-156.3134765625,0.0,6
5621,0,116.12584686279297,1839.728515625,25.125,0.0,-156.3134765625,0.0,6
5622,0,116.12570190429688,1807.1817626953125,25.125,0.0,-139.41650390625,0.0,6
5623,0,116.12570190429688,1769.3797607421875,25.125,0.0,-139.41650390625,0.0,6
5624,0,116.12557220458984,1730.6300048828125,25.125,0.0,-156.3134765625,0.0,6
5625,0,116.12591552734375,1699.685302734375,25.125,0.0,-173.21044921875,0.0,6
5626,0,116.12562561035156,1680.8858642578125,25.125,0.0,-173.21044921875,0.0,6
5627,0,116.12590789794922,1671.3145751953125,25.125,0.0,169.892578125,0.0,6
5628,0,116.12561798095703,1672.2950439453125,25.125,0.0,169.892578125,0.0,6
5629,0,116.12590789794922,1673.533935546875,25.125,0.0,169.892578125,0.0,6
5630,0,116.12590789794922,1674.7431640625,25.125,0.0,169.892578125,0.0,6
5631,0,116.12591552734375,1674.803466796875,25.125,0.0,-173.21044921875,0.0,6
5632,0,116.12584686279297,1671.909423828125,25.125,0.0,-156.3134765625,0.0,6
5633,0,116.12562561035156,1662.740234375,25.125,0.0,-173.21044921875,0.0,6
5634,0,116.12584686279297,1651.764404296875,25.125,0.0,-156.3134765625,0.0,6
5635,0,116.12557220458984,1633.021240234375,25.125,0.0,-156.3134765625,0.0,6
5636,0,116.12570190429688,1606.196044921875,25.125,0.0,-139.41650390625,0.0,6
5637,0,116.12557220458984,1574.06884765625,25.125,0.0,-156.3134765625,0.0,6
5638,0,116.12570190429688,1539.98291015625,25.125,0.0,-139.41650390625,0.0,6
5639,0,116.12570190429688,1501.3646240234375,25.125,0.0,-139.41650390625,0.0,6
5640,0,116.12584686279297,1461.31103515625,25.125,0.0,-156.3134765625,0.0,6
5641,0,116.12591552734375,1430.8426513671875,25.125,0.0,-173.21044921875,0.0,6
5642,0,116.12562561035156,1411.81396484375,25.125,0.0,-173.21044921875,0.0,6
5643,0,116.12584686279297,1395.522705078125,25.125,0.0,-156.3134765625,0.0,6
5644,0,116.12562561035156,1377.11962890625,25.125,0.0,-173.21044921875,0.0,6
5645,0,116.12590789794922,1366.7122802734375,25.125,0.0,169.892578125,0.0,6
5646,0,116.12582397460938,1370.704345703125,25.125,0.0,152.99560546875,0.0,6
5647,0,116.12566375732422,1389.2825927734375,25.125,0.0,136.0986328125,0.0,6
5648,0,116.12545013427734,1424.8870849609375,25.125,0.0,119.2071533203125,0.0,6
5649,0,135.3523712158203,1463.3338623046875,25.125,0.0,119.2071533203125,0.0,6
5650,0,141.93357849121094,1506.679443359375,25.125,0.0,119.2071533203125,0.0,6
5651,0,134.43521118164062,1547.44189453125,25.125,0.0,102.3101806640625,0.0,6
5652,0,123.71158599853516,1587.9930419921875,25.125,0.0,119.2071533203125,0.0,6
5653,0,116.12507629394531,1627.503662109375,25.125,0.0,102.3101806640625,0.0,6
5654,0,116.1251220703125,1669.884521484375,25.125,0.0,102.3101806640625,0.0,6
5655,0,116.20574951171875,1710.6790771484375,25.125,0.0,85.4132080078125,0.0,6
5656,0,119.58563232421875,1751.734375,25.125,0.0,68.5162353515625,0.0,6
5657,0,131.18359375,1792.098876953125,25.125,0.0,51.6192626953125,0.0,6
5658,0,148.4502410888672,1829.2017822265625,25.125,0.0,68.5162353515625,0.0,6
5659,0,167.04164123535156,1866.6387939453125,25.125,0.0,51.6192626953125,0.0,6
5660,0,190.8968963623047,1900.75634765625,25.125,0.0,34.727783203125,0.0,6
5661,0,223.26483154296875,1929.3992919921875,25.125,0.0,17.830810546875,0.0,6
5662,0,258.0511169433594,1951.000732421875,25.125,0.0,34.727783203125,0.0,6
5663,0,294.2658386230469,1971.8924560546875,25.125,0.0,17.830810546875,0.0,6
5664,0,333.1946716308594,1983.875,25.125,0.0,0.933837890625,0.0,6
5665,0,374.4893798828125,1983.8748779296875,25.125,0.0,17.830810546875,0.0,6
5666,0,415.60028076171875,1983.875,25.125,0.0,0.933837890625,0.0,6
5667,0,456.8949890136719,1983.8748779296875,25.125,0.0,17.830810546875,0.0,6
5668,0,502.5382385253906,1983.87451171875,25.125,0.0,34.727783203125,0.0,6
5669,0,549.78125,1983.8746337890625,25.125,0.0,34.727783203125,0.0,6
5670,0,599.1319580078125,1983.874267578125,25.125,0.0,51.6192626953125,0.0,6
5671,0,641.97607421875,1983.8741455078125,25.125,0.0,68.5162353515625,0.0,6
5672,0,673.397216796875,1983.8740234375,25.125,0.0,85.4132080078125,0.0,6
5673,0,687.7760620117188,1983.8741455078125,25.125,0.0,102.3101806640625,0.0,6
5674,0,684.11474609375,1983.87451171875,25.125,0.0,119.2071533203125,0.0,6
5675,0,669.3726196289062,1983.8741455078125,25.125,0.0,102.3101806640625,0.0,6
5676,0,651.0177612304688,1983.87451171875,25.125,0.0,119.2071533203125,0.0,6
5677,0,622.0864868164062,1983.8743896484375,25.125,0.0,136.0986328125,0.0,6
5678,0,583.0779418945312,1983.87451171875,25.125,0.0,136.0986328125,0.0,6
5679,0,537.5100708007812,1983.8743896484375,25.125,0.0,136.0986328125,0.0,6
5680,0,491.03350830078125,1983.874755859375,25.125,0.0,152.99560546875,0.0,6
5681,0,442.78643798828125,1983.8743896484375,25.125,0.0,136.0986328125,0.0,6
5682,0,396.55419921875,1983.8741455078125,25.125,0.0,119.2071533203125,0.0,6
5683,0,359.5627746582031,1983.8743896484375,25.125,0.0,102.3101806640625,0.0,6
5684,0,334.085693359375,1983.8741455078125,25.125,0.0,102.3101806640625,0.0,6
5685,0,317.6933288574219,1983.8743896484375,25.125,0.0,85.4132080078125,0.0,6
5686,0,316.4072570800781,1983.8741455078125,25.125,0.0,68.5162353515625,0.0,6
5687,0,326.1179504394531,1983.8743896484375,25.125,0.0,68.5162353515625,0.0,6
5688,0,344.25439453125,1983.8741455078125,25.125,0.0,68.5162353515625,0.0,6
5689,0,362.9727478027344,1983.8740234375,25.125,0.0,85.4132080078125,0.0,6
5690,0,378.65179443359375,1983.8741455078125,25.125,0.0,68.5162353515625,0.0,6
5691,0,395.4233703613281,1983.8740234375,25.125,0.0,85.4132080078125,0.0,6
5692,0,403.1042175292969,1983.8743896484375,25.125,0.0,102.3101806640625,0.0,6
5693,0,426.526611328125,1983.874755859375,25.125,0.0,102.3101806640625,0.0,6
5694,0,442.3756103515625,1983.87451171875,25.125,0.0,119.2071533203125,0.0,6
5695,0,429.4143371582031,1983.8743896484375,25.125,0.0,136.0986328125,0.0,6
5696,0,397.70989990234375,1983.8743896484375,25.125,0.0,136.0986328125,0.0,6
5697,0,355.618408203125,1983.8743896484375,25.125,0.0,136.0986328125,0.0,6
5698,0,310.06884765625,1983.874755859375,25.125,0.0,152.99560546875,0.0,6
5699,0,267.6668395996094,1983.8748779296875,25.125,0.0,169.892578125,0.0,6
5700,0,225.94915771484375,1983.68798828125,25.125,0.0,-173.21044921875,0.0,6
5701,0,185.28778076171875,1981.456787109375,25.125,0.0,-173.21044921875,0.0,6
5702,0,143.63323974609375,1975.6497802734375,25.125,0.0,-156.3134765625,0.0,6
5703,0,116.12547302246094,1962.1201171875,25.125,0.0,-139.41650390625,0.0,6
5704,0,116.12584686279297,1935.5897216796875,25.125,0.0,-156.3134765625,0.0,6
5705,0,116.12570190429688,1905.3529052734375,25.125,0.0,-139.41650390625,0.0,6
5706,0,116.12549591064453,1865.0972900390625,25.125,0.0,-122.5250244140625,0.0,6
5707,0,116.12570190429688,1818.3138427734375,25.125,0.0,-139.41650390625,0.0,6
5708,0,116.12523651123047,1771.018310546875,25.125,0.0,-122.5250244140625,0.0,6
5709,0,116.12570190429688,1721.901611328125,25.125,0.0,-139.41650390625,0.0,6
5710,0,116.12547302246094,1675.3995361328125,25.125,0.0,-139.41650390625,0.0,6
5711,0,116.1253433227539,1627.5772705078125,25.125,0.0,-122.5250244140625,0.0,6
5712,0,116.12528228759766,1582.240478515625,25.125,0.0,-122.5250244140625,0.0,6
5713,0,116.12539672851562,1534.776123046875,25.125,0.0,-122.5250244140625,0.0,6
5714,0,116.12570190429688,1486.65380859375,25.125,0.0,-139.41650390625,0.0,6
5715,0,116.12584686279297,1441.6932373046875,25.125,0.0,-156.3134765625,0.0,6
5716,0,116.12570190429688,1403.48779296875,25.125,0.0,-139.41650390625,0.0,6
5717,0,116.12532806396484,1360.6448974609375,25.125,0.0,-122.5250244140625,0.0,6
5718,0,116.12570190429688,1311.565185546875,25.125,0.0,-139.41650390625,0.0,6
5719,0,116.12557220458984,1267.632568359375,25.125,0.0,-156.3134765625,0.0,6
5720,0,116.12570190429688,1228.5001220703125,25.125,0.0,-139.41650390625,0.0,6
5721,0,116.12584686279297,1190.22705078125,25.125,0.0,-156.3134765625,0.0,6
5722,0,116.12584686279297,1157.2025146484375,25.125,0.0,-156.3134765625,0.0,6
5723,0,116.12584686279297,1127.5181884765625,25.125,0.0,-156.3134765625,0.0,6
5724,0,116.12562561035156,1102.1031494140625,25.125,0.0,-173.21044921875,0.0,6
5725,0,116.12584686279297,1082.0479736328125,25.125,0.0,-156.3134765625,0.0,6
5726,0,116.12547302246094,1056.4383544921875,25.125,0.0,-139.41650390625,0.0,6
5727,0,116.12570190429688,1020.5551147460938,25.125,0.0,-139.41650390625,0.0,6
5728,0,116.12533569335938,978.3809204101562,25.125,0.0,-122.5250244140625,0.0,6
5729,0,116.1251449584961,933.7285766601562,25.125,0.0,-105.6280517578125,0.0,6
5730,0,116.12516021728516,891.8416748046875,25.125,0.0,-105.6280517578125,0.0,6
5731,0,116.12545013427734,847.8383178710938,25.125,0.0,-122.5250244140625,0.0,6
5732,0,116.12570190429688,799.9551391601562,25.125,0.0,-139.41650390625,0.0,6
5733,0,116.12557220458984,756.0376586914062,25.125,0.0,-156.3134765625,0.0,6
5734,0,116.12591552734375,722.6892700195312,25.125,0.0,-173.21044921875,0.0,6
5735,0,116.12561798095703,705.8624877929688,25.125,0.0,169.892578125,0.0,6
5736,0,116.12582397460938,707.541748046875,25.125,0.0,152.99560546875,0.0,6
5737,0,116.12545013427734,725.438720703125,25.125,0.0,136.0986328125,0.0,6
5738,0,116.12582397460938,757.0347290039062,25.125,0.0,152.99560546875,0.0,6
5739,0,116.12590789794922,785.8302001953125,25.125,0.0,169.892578125,0.0,6
5740,0,116.12561798095703,806.0712280273438,25.125,0.0,169.892578125,0.0,6
5741,0,116.12591552734375,818.5521850585938,25.125,0.0,-173.21044921875,0.0,6
5742,0,116.12562561035156,819.1935424804688,25.125,0.0,-173.21044921875,0.0,6
5743,0,116.12584686279297,816.140869140625,25.125,0.0,-156.3134765625,0.0,6
5744,0,116.12547302246094,800.754150390625,25.125,0.0,-139.41650390625,0.0,6
5745,0,116.12549591064453,767.3809814453125,25.125,0.0,-122.5250244140625,0.0,6
5746,0,116.1251449584961,724.5884399414062,25.125,0.0,-105.6280517578125,0.0,6
5747,0,116.12516021728516,681.7185668945312,25.125,0.0,-105.6280517578125,0.0,6
5748,0,116.13732147216797,640.7714233398438,25.125,0.0,-88.7310791015625,0.0,6
5749,0,116.1251220703125,599.6818237304688,25.125,0.0,-105.6280517578125,0.0,6
5750,0,116.12544250488281,555.6838989257812,25.125,0.0,-122.5250244140625,0.0,6
5751,0,116.125,516.1254272460938,25.125,0.0,-139.41650390625,0.0,6
5752,0,116.125,516.1257934570312,25.125,0.0,-122.5250244140625,0.0,6
5753,0,116.125,516.1254272460938,25.125,0.0,-139.41650390625,0.0,6
5754,0,116.125,516.1257934570312,25.125,0.0,-122.5250244140625,0.0,6
5755,0,116.125,516.1259155273438,25.125,0.0,-105.6280517578125,0.0,6
5756,0,116.1454849243164,516.1259155273438,25.125,0.0,-88.7310791015625,0.0,6
5757,0,117.59789276123047,516.1258544921875,25.125,0.0,-71.8341064453125,0.0,6
5758,0,127.64472198486328,516.12548828125,25.125,0.0,-54.9371337890625,0.0,6
5759,0,154.59030151367188,516.1255493164062,25.125,0.0,-38.045654296875,0.0,6
5760,0,195.8315887451172,516.1251220703125,25.125,0.0,-21.148681640625,0.0,6
5761,0,241.44198608398438,512.7648315429688,25.125,0.0,-38.045654296875,0.0,6
5762,0,281.1073913574219,500.0843811035156,25.125,0.0,-21.148681640625,0.0,6
5763,0,319.8116149902344,483.75457763671875,25.125,0.0,-38.045654296875,0.0,6
5764,0,354.7449035644531,460.7113952636719,25.125,0.0,-54.9371337890625,0.0,6
5765,0,383.8858337402344,428.6478271484375,25.125,0.0,-71.8341064453125,0.0,6
5766,0,402.88336181640625,390.5437927246094,25.125,0.0,-88.7310791015625,0.0,6
5767,0,410.55462646484375,348.52691650390625,25.125,0.0,-105.6280517578125,0.0,6
5768,0,405.6215515136719,305.0553283691406,25.125,0.0,-122.5250244140625,0.0,6
5769,0,389.2288513183594,266.5582275390625,25.125,0.0,-139.41650390625,0.0,6
5770,0,361.1099853515625,232.9193572998047,25.125,0.0,-156.3134765625,0.0,6
5771,0,325.2403869628906,209.49171447753906,25.125,0.0,-173.21044921875,0.0,6
5772,0,316.1258544921875,191.87051391601562,25.125,0.0,-156.3134765625,0.0,6
5773,0,305.7894287109375,172.9300994873047,25.125,0.0,-173.21044921875,0.0,6
5774,0,267.2452697753906,161.7675018310547,25.125,0.0,169.892578125,0.0,6
5775,0,224.7226104736328,160.27041625976562,25.125,0.0,169.892578125,0.0,6
5776,0,183.9889678955078,161.77012634277344,25.125,0.0,-173.21044921875,0.0,6
5777,0,142.26295471191406,162.23062133789062,25.125,0.0,169.892578125,0.0,6
5778,0,116.12555694580078,167.8933563232422,25.125,0.0,152.99560546875,0.0,6
5779,0,116.12590789794922,182.5578155517578,25.125,0.0,169.892578125,0.0,6
5780,0,116.12591552734375,193.023193359375,25.125,0.0,-173.21044921875,0.0,6
5781,0,116.12584686279297,190.6652374267578,25.125,0.0,-156.3134765625,0.0,6
5782,0,116.12570190429688,175.30010986328125,25.125,0.0,-139.41650390625,0.0,6
5783,0,116.12547302246094,144.98031616210938,25.125,0.0,-139.41650390625,0.0,6
5784,0,116.125,116.12577819824219,25.125,0.0,-122.5250244140625,0.0,6
5785,0,116.125,116.12560272216797,25.125,0.0,-105.6280517578125,0.0,6
5786,0,116.1454849243164,116.12592315673828,25.125,0.0,-88.7310791015625,0.0,6
5787,0,117.50690460205078,116.12559509277344,25.125,0.0,-71.8341064453125,0.0,6
5788,0,120.84283447265625,116.12592315673828,25.125,0.0,-88.7310791015625,0.0,6
5789,0,122.30364990234375,116.1258773803711,25.125,0.0,-71.8341064453125,0.0,6
5790,0,132.81202697753906,116.1257553100586,25.125,0.0,-54.9371337890625,0.0,6
5791,0,160.0579833984375,116.12557220458984,25.125,0.0,-38.045654296875,0.0,6
5792,0,201.46307373046875,116.12513732910156,25.125,0.0,-21.148681640625,0.0,6
5793,0,243.9086456298828,116.12503814697266,25.125,0.0,-4.251708984375,0.0,6
5794,0,285.60601806640625,116.12517547607422,25.125,0.0,-21.148681640625,0.0,6
5795,0,332.25299072265625,116.12557220458984,25.125,0.0,-38.045654296875,0.0,6
5796,0,379.9406433105469,116.1257553100586,25.125,0.0,-54.9371337890625,0.0,6
5797,0,420.9234313964844,116.1258773803711,25.125,0.0,-71.8341064453125,0.0,6
5798,0,448.8459777832031,116.12592315673828,25.125,0.0,-88.7310791015625,0.0,6
5799,0,459.7807312011719,116.12560272216797,25.125,0.0,-105.6280517578125,0.0,6
5800,0,456.57537841796875,116.12589263916016,25.125,0.0,-105.6280517578125,0.0,6
5801,0,445.9986267089844,116.12552642822266,25.125,0.0,-122.5250244140625,0.0,6
5802,0,419.3221130371094,116.12560272216797,25.125,0.0,-139.41650390625,0.0,6
5803,0,378.6742858886719,116.12516021728516,25.125,0.0,-156.3134765625,0.0,6
5804,0,334.0811462402344,116.12525939941406,25.125,0.0,-156.3134765625,0.0,6
5805,0,290.5023498535156,116.12525177001953,25.125,0.0,-156.3134765625,0.0,6
5806,0,246.92396545410156,116.12525939941406,25.125,0.0,-156.3134765625,0.0,6
5807,0,200.5820770263672,116.12560272216797,25.125,0.0,-139.41650390625,0.0,6
5808,0,154.36878967285156,116.12516021728516,25.125,0.0,-156.3134765625,0.0,6
5809,0,116.12570190429688,116.125,25.125,0.0,-139.41650390625,0.0,6
5810,0,116.12557220458984,116.125,25.125,0.0,-156.3134765625,0.0,6
5811,0,116.12591552734375,116.125,25.125,0.0,-173.21044921875,0.0,6
5812,0,116.12557220458984,116.125,25.125,0.0,-156.3134765625,0.0,6
5813,0,116.12570190429688,116.125,25.125,0.0,-139.41650390625,0.0,6
5814,0,116.12549591064453,116.125,25.125,0.0,-122.5250244140625,0.0,6
5815,0,116.12533569335938,116.125,25.125,0.0,-122.5250244140625,0.0,6
5816,0,116.12525177001953,116.125,25.125,0.0,-105.6280517578125,0.0,6
5817,0,116.13890838623047,116.12562561035156,25.125,0.0,-88.7310791015625,0.0,6
5818,0,117.62229919433594,116.1258773803711,25.125,0.0,-71.8341064453125,0.0,6
5819,0,127.66912078857422,116.1255111694336,25.125,0.0,-54.9371337890625,0.0,6
5820,0,155.46914672851562,116.12557220458984,25.125,0.0,-38.045654296875,0.0,6
5821,0,196.8621368408203,116.12519836425781,25.125,0.0,-21.148681640625,0.0,6
5822,0,239.30770874023438,116.12503814697266,25.125,0.0,-4.251708984375,0.0,6
5823,0,280.1147766113281,117.01251983642578,25.125,0.0,12.645263671875,0.0,6
5824,0,321.1385803222656,123.8646469116211,25.125,0.0,29.542236328125,0.0,6
5825,0,360.2046203613281,135.86492919921875,25.125,0.0,12.645263671875,0.0,6
5826,0,400.39312744140625,145.0019073486328,25.125,0.0,-4.251708984375,0.0,6
5827,0,441.8594055175781,150.0211639404297,25.125,0.0,12.645263671875,0.0,6
5828,0,482.2022705078125,158.6539764404297,25.125,0.0,29.542236328125,0.0,6
5829,0,521.4920043945312,176.10238647460938,25.125,0.0,46.439208984375,0.0,6
5830,0,555.8419189453125,198.3302001953125,25.125,0.0,29.542236328125,0.0,6
5831,0,592.67724609375,218.74923706054688,25.125,0.0,12.645263671875,0.0,6
5832,0,631.0931396484375,233.16561889648438,25.125,0.0,12.645263671875,0.0,6
5833,0,671.2386474609375,242.77772521972656,25.125,0.0,-4.251708984375,0.0,6
5834,0,711.7509765625,247.7627410888672,25.125,0.0,12.645263671875,0.0,6
5835,0,752.2642211914062,252.5569305419922,25.125,0.0,-4.251708984375,0.0,6
5836,0,794.0569458007812,253.60523986816406,25.125,0.0,-4.251708984375,0.0,6
5837,0,834.718017578125,252.37945556640625,25.125,0.0,-4.251708984375,0.0,6
5838,0,876.517578125,248.11514282226562,25.125,0.0,-21.148681640625,0.0,6
5839,0,916.5575561523438,240.40505981445312,25.125,0.0,-4.251708984375,0.0,6
5840,0,957.5803833007812,232.65740966796875,25.125,0.0,-21.148681640625,0.0,6
5841,0,996.8477172851562,221.52220153808594,25.125,0.0,-21.148681640625,0.0,6
5842,0,1035.1474609375,206.44879150390625,25.125,0.0,-38.045654296875,0.0,6
5843,0,1071.6007080078125,185.52938842773438,25.125,0.0,-38.045654296875,0.0,6
5844,0,1105.4395751953125,164.53494262695312,25.125,0.0,-21.148681640625,0.0,6
5845,0,1144.3280029296875,147.37156677246094,25.125,0.0,-4.251708984375,0.0,6
5846,0,1184.3604736328125,137.6899871826172,25.125,0.0,-4.251708984375,0.0,6
5847,0,1226.4849853515625,133.59324645996094,25.125,0.0,12.645263671875,0.0,6
5848,0,1267.5205078125,136.3339080810547,25.125,0.0,12.645263671875,0.0,6
5849,0,1308.048583984375,144.48866271972656,25.125,0.0,29.542236328125,0.0,6
5850,0,1347.5391845703125,161.65768432617188,25.125,0.0,46.439208984375,0.0,6
5851,0,1380.7532958984375,188.09112548828125,25.125,0.0,63.3306884765625,0.0,6
5852,0,1406.0185546875,223.6793670654297,25.125,0.0,80.2276611328125,0.0,6
5853,0,1419.6397705078125,263.1653137207031,25.125,0.0,97.1246337890625,0.0,6
5854,0,1421.2974853515625,306.91864013671875,25.125,0.0,114.0216064453125,0.0,6
5855,0,1415.0489501953125,347.4866943359375,25.125,0.0,97.1246337890625,0.0,6
5856,0,1406.832763671875,388.5112609863281,25.125,0.0,114.0216064453125,0.0,6
5857,0,1396.3929443359375,427.912841796875,25.125,0.0,97.1246337890625,0.0,6
5858,0,1390.189453125,468.81024169921875,25.125,0.0,80.2276611328125,0.0,6
5859,0,1393.01708984375,511.77960205078125,25.125,0.0,63.3306884765625,0.0,6
5860,0,1402.1585693359375,551.6849365234375,25.125,0.0,80.2276611328125,0.0,6
5861,0,1412.587646484375,592.1780395507812,25.125,0.0,63.3306884765625,0.0,6
5862,0,1440.4820556640625,607.5150756835938,25.125,0.0,63.3306884765625,0.0,6
5863,0,1477.8326416015625,626.6924438476562,25.125,0.0,46.439208984375,0.0,6
5864,0,1483.8741455078125,654.3980102539062,25.125,0.0,29.542236328125,0.0,6
5865,0,1483.8741455078125,683.7715454101562,25.125,0.0,12.645263671875,0.0,6
5866,0,1483.8741455078125,705.6085205078125,25.125,0.0,12.645263671875,0.0,6
5867,0,1490.2076416015625,726.4730224609375,25.125,0.0,29.542236328125,0.0,6
5868,0,1519.5587158203125,753.9798583984375,25.125,0.0,46.439208984375,0.0,6
5869,0,1550.15087890625,781.0156860351562,25.125,0.0,29.542236328125,0.0,6
5870,0,1584.13525390625,805.421875,25.125,0.0,29.542236328125,0.0,6
5871,0,1617.613037109375,828.775634765625,25.125,0.0,46.439208984375,0.0,6
5872,0,1647.851806640625,857.3517456054688,25.125,0.0,63.3306884765625,0.0,6
5873,0,1671.0518798828125,892.6322021484375,25.125,0.0,80.2276611328125,0.0,6
5874,0,1684.326904296875,933.0715942382812,25.125,0.0,97.1246337890625,0.0,6
5875,0,1688.02587890625,975.4577026367188,25.125,0.0,97.1246337890625,0.0,6
5876,0,1688.681884765625,1016.2128295898438,25.125,0.0,80.2276611328125,0.0,6
5877,0,1694.5135498046875,1058.205078125,25.125,0.0,63.3306884765625,0.0,6
5878,0,1705.0958251953125,1097.6297607421875,25.125,0.0,80.2276611328125,0.0,6
5879,0,1716.254150390625,1137.8843994140625,25.125,0.0,63.3306884765625,0.0,6
5880,0,1733.013671875,1175.926025390625,25.125,0.0,46.439208984375,0.0,6
5881,0,1758.35400390625,1209.688720703125,25.125,0.0,29.542236328125,0.0,6
5882,0,1783.8741455078125,1235.8502197265625,25.125,0.0,12.645263671875,0.0,6
5883,0,1783.8743896484375,1252.740966796875,25.125,0.0,-4.251708984375,0.0,6
5884,0,1783.8741455078125,1254.6275634765625,25.125,0.0,-21.148681640625,0.0,6
5885,0,1783.8743896484375,1248.9039306640625,25.125,0.0,-4.251708984375,0.0,6
5886,0,1783.8741455078125,1248.491455078125,25.125,0.0,12.645263671875,0.0,6
5887,0,1783.87451171875,1254.3743896484375,25.125,0.0,29.542236328125,0.0,6
5888,0,1783.8741455078125,1271.005126953125,25.125,0.0,12.645263671875,0.0,6
5889,0,1783.8741455078125,1287.376708984375,25.125,0.0,12.645263671875,0.0,6
5890,0,1783.8743896484375,1299.8402099609375,25.125,0.0,-4.251708984375,0.0,6
5891,0,1783.8740234375,1301.5684814453125,25.125,0.0,-4.251708984375,0.0,6
5892,0,1783.8743896484375,1302.1683349609375,25.125,0.0,12.645263671875,0.0,6
5893,0,1783.8741455078125,1308.1400146484375,25.125,0.0,29.542236328125,0.0,6
5894,0,1789.9735107421875,1327.15478515625,25.125,0.0,29.542236328125,0.0,6
5895,0,1822.8809814453125,1351.3077392578125,25.125,0.0,12.645263671875,0.0,6
5896,0,1860.81591796875,1367.8677978515625,25.125,0.0,12.645263671875,0.0,6
5897,0,1901.85009765625,1378.608642578125,25.125,0.0,-4.251708984375,0.0,6
5898,0,1942.3214111328125,1383.8748779296875,25.125,0.0,12.645263671875,0.0,6
5899,0,1983.1258544921875,1383.8123779296875,25.125,0.0,-4.251708984375,0.0,6
5900,0,1983.8741455078125,1383.875,25.125,0.0,12.645263671875,0.0,6
5901,0,1983.8743896484375,1383.7935791015625,25.125,0.0,-4.251708984375,0.0,6
5902,0,1983.875,1383.874755859375,25.125,0.0,12.645263671875,0.0,6
5903,0,1983.875,1383.8746337890625,25.125,0.0,29.542236328125,0.0,6
5904,0,1983.875,1383.8743896484375,25.125,0.0,46.439208984375,0.0,6
5905,0,1983.875,1383.8741455078125,25.125,0.0,63.3306884765625,0.0,6
5906,0,1983.875,1383.8741455078125,25.125,0.0,80.2276611328125,0.0,6
5907,0,1983.6458740234375,1383.8740234375,25.125,0.0,97.1246337890625,0.0,6
5908,0,1980.650390625,1383.8743896484375,25.125,0.0,114.0216064453125,0.0,6
5909,0,1968.0196533203125,1383.8741455078125,25.125,0.0,114.0216064453125,0.0,6
5910,0,1944.7403564453125,1383.87451171875,25.125,0.0,130.9185791015625,0.0,6
5911,0,1909.7520751953125,1383.874267578125,25.125,0.0,130.9185791015625,0.0,6
5912,0,1868.2113037109375,1386.2606201171875,25.125,0.0,147.8155517578125,0.0,6
5913,0,1827.4151611328125,1397.160888671875,25.125,0.0,164.70703125,0.0,6
5914,0,1788.6142578125,1410.185791015625,25.125,0.0,147.8155517578125,0.0,6
5915,0,1750.958984375,1430.3743896484375,25.125,0.0,130.9185791015625,0.0,6
5916,0,1719.6016845703125,1458.732177734375,25.125,0.0,114.0216064453125,0.0,6
5917,0,1694.3197021484375,1490.96337890625,25.125,0.0,130.9185791015625,0.0,6
5918,0,1669.5916748046875,1524.6827392578125,25.125,0.0,114.0216064453125,0.0,6
5919,0,1647.9156494140625,1558.0518798828125,25.125,0.0,130.9185791015625,0.0,6
5920,0,1624.50537109375,1592.6126708984375,25.125,0.0,114.0216064453125,0.0,6
5921,0,1616.1251220703125,1631.0489501953125,25.125,0.0,97.1246337890625,0.0,6
5922,0,1616.125244140625,1674.1900634765625,25.125,0.0,114.0216064453125,0.0,6
5923,0,1616.125,1683.8741455078125,25.125,0.0,114.0216064453125,0.0,6
5924,0,1616.125,1683.8743896484375,25.125,0.0,97.1246337890625,0.0,6
5925,0,1616.125,1683.8741455078125,25.125,0.0,114.0216064453125,0.0,6
5926,0,1616.125,1683.8743896484375,25.125,0.0,97.1246337890625,0.0,6
5927,0,1616.125,1683.8741455078125,25.125,0.0,114.0216064453125,0.0,6
5928,0,1616.125,1683.87451171875,25.125,0.0,130.9185791015625,0.0,6
5929,0,1616.125,1683.87451171875,25.125,0.0,147.8155517578125,0.0,6
5930,0,1616.125,1683.874755859375,25.125,0.0,164.70703125,0.0,6
5931,0,1616.1259765625,1683.84912109375,25.125,0.0,-178.39599609375,0.0,6
5932,0,1616.1258544921875,1682.3590087890625,25.125,0.0,-161.4990234375,0.0,6
5933,0,1616.12548828125,1672.189697265625,25.125,0.0,-144.60205078125,0.0,6
5934,0,1616.1256103515625,1644.1300048828125,25.125,0.0,-127.705078125,0.0,6
5935,0,1616.1251220703125,1602.592041015625,25.125,0.0,-110.8135986328125,0.0,6
5936,0,1615.502685546875,1560.22412109375,25.125,0.0,-93.9166259765625,0.0,6
5937,0,1613.5521240234375,1520.584716796875,25.125,0.0,-93.9166259765625,0.0,6
5938,0,1609.1142578125,1478.8489990234375,25.125,0.0,-110.8135986328125,0.0,6
5939,0,1601.4881591796875,1438.799072265625,25.125,0.0,-93.9166259765625,0.0,6
5940,0,1593.9913330078125,1397.7293701171875,25.125,0.0,-110.8135986328125,0.0,6
5941,0,1581.0616455078125,1358.249755859375,25.125,0.0,-127.705078125,0.0,6
5942,0,1559.3179931640625,1322.0760498046875,25.125,0.0,-144.60205078125,0.0,6
5943,0,1527.86181640625,1291.92431640625,25.125,0.0,-161.4990234375,0.0,6
5944,0,1516.12548828125,1267.3021240234375,25.125,0.0,-144.60205078125,0.0,6
5945,0,1516.1258544921875,1237.610107421875,25.125,0.0,-161.4990234375,0.0,6
5946,0,1516.1259765625,1214.9288330078125,25.125,0.0,-178.39599609375,0.0,6
5947,0,1516.1258544921875,1206.50048828125,25.125,0.0,164.70703125,0.0,6
5948,0,1516.1259765625,1207.1378173828125,25.125,0.0,-178.39599609375,0.0,6
5949,0,1516.1256103515625,1205.71435546875,25.125,0.0,-161.4990234375,0.0,6
5950,0,1516.125732421875,1195.2655029296875,25.125,0.0,-144.60205078125,0.0,6
5951,0,1511.4658203125,1167.923583984375,25.125,0.0,-127.705078125,0.0,6
5952,0,1493.275634765625,1130.4337158203125,25.125,0.0,-110.8135986328125,0.0,6
5953,0,1459.9427490234375,1114.673828125,25.125,0.0,-110.8135986328125,0.0,6
5954,0,1416.7828369140625,1118.2103271484375,25.125,0.0,-110.8135986328125,0.0,6
5955,0,1378.990966796875,1116.125732421875,25.125,0.0,-127.705078125,0.0,6
5956,0,1342.5528564453125,1116.1258544921875,25.125,0.0,-110.8135986328125,0.0,6
5957,0,1312.06298828125,1116.1258544921875,25.125,0.0,-110.8135986328125,0.0,6
5958,0,1274.073486328125,1123.441162109375,25.125,0.0,-110.8135986328125,0.0,6
5959,0,1236.7340087890625,1109.1893310546875,25.125,0.0,-127.705078125,0.0,6
5960,0,1206.1690673828125,1079.6204833984375,25.125,0.0,-110.8135986328125,0.0,6
5961,0,1184.3621826171875,1041.700439453125,25.125,0.0,-93.9166259765625,0.0,6
5962,0,1170.891357421875,1002.9290771484375,25.125,0.0,-110.8135986328125,0.0,6
5963,0,1159.0216064453125,962.825927734375,25.125,0.0,-93.9166259765625,0.0,6
5964,0,1151.7391357421875,922.58935546875,25.125,0.0,-93.9166259765625,0.0,6
5965,0,1145.117919921875,882.3192138671875,25.125,0.0,-110.8135986328125,0.0,6
5966,0,1134.689697265625,842.80615234375,25.125,0.0,-110.8135986328125,0.0,6
5967,0,1123.733642578125,803.4853515625,25.125,0.0,-93.9166259765625,0.0,6
5968,0,1114.75048828125,762.7379150390625,25.125,0.0,-110.8135986328125,0.0,6
5969,0,1101.277587890625,723.5782470703125,25.125,0.0,-127.705078125,0.0,6
5970,0,1077.5567626953125,716.125732421875,25.125,0.0,-127.705078125,0.0,6
5971,0,1042.1273193359375,716.1255493164062,25.125,0.0,-144.60205078125,0.0,6
5972,0,997.271728515625,716.125732421875,25.125,0.0,-127.705078125,0.0,6
5973,0,956.5996704101562,706.6568603515625,25.125,0.0,-110.8135986328125,0.0,6
5974,0,925.6549682617188,677.3860473632812,25.125,0.0,-127.705078125,0.0,6
5975,0,916.125732421875,645.2318115234375,25.125,0.0,-144.60205078125,0.0,6
5976,0,916.12548828125,608.78271484375,25.125,0.0,-144.60205078125,0.0,6
5977,0,912.3511962890625,569.8599853515625,25.125,0.0,-144.60205078125,0.0,6
5978,0,890.8441772460938,533.8716430664062,25.125,0.0,-127.705078125,0.0,6
5979,0,868.1519165039062,498.76153564453125,25.125,0.0,-110.8135986328125,0.0,6
5980,0,848.0233154296875,463.32049560546875,25.125,0.0,-127.705078125,0.0,6
5981,0,826.6763305664062,427.45452880859375,25.125,0.0,-110.8135986328125,0.0,6
5982,0,810.2839965820312,389.3188171386719,25.125,0.0,-93.9166259765625,0.0,6
5983,0,802.6320190429688,347.84674072265625,25.125,0.0,-77.0196533203125,0.0,6
5984,0,806.0514526367188,305.4382019042969,25.125,0.0,-60.1226806640625,0.0,6
5985,0,821.1795043945312,265.47601318359375,25.125,0.0,-43.2257080078125,0.0,6
5986,0,847.763671875,230.64096069335938,25.125,0.0,-26.3287353515625,0.0,6
5987,0,879.84228515625,216.12542724609375,25.125,0.0,-43.2257080078125,0.0,6
5988,0,919.22216796875,216.1258087158203,25.125,0.0,-60.1226806640625,0.0,6
5989,0,953.1246948242188,194.5425567626953,25.125,0.0,-77.0196533203125,0.0,6
5990,0,975.90283203125,157.1022186279297,25.125,0.0,-77.0196533203125,0.0,6
5991,0,989.1100463867188,117.26203918457031,25.125,0.0,-93.9166259765625,0.0,6
5992,0,989.9878540039062,116.1255874633789,25.125,0.0,-110.8135986328125,0.0,6
5993,0,984.5065307617188,116.12592315673828,25.125,0.0,-93.9166259765625,0.0,6
5994,0,980.2492065429688,116.1255874633789,25.125,0.0,-110.8135986328125,0.0,6
5995,0,965.4647216796875,116.125732421875,25.125,0.0,-127.705078125,0.0,6
5996,0,939.4257202148438,116.12586212158203,25.125,0.0,-110.8135986328125,0.0,6
5997,0,916.128173828125,116.12505340576172,25.125,0.0,-110.8135986328125,0.0,6
5998,0,916.1253051757812,116.125,25.125,0.0,-110.8135986328125,0.0,6
5999,0,916.1250610351562,116.125,25.125,0.0,-93.9166259765625,0.0,6
6000,0,916.7924194335938,116.12590026855469,25.125,0.0,-77.0196533203125,0.0,6
6001,0,922.7778930664062,116.12554168701172,25.125,0.0,-60.1226806640625,0.0,6
6002,0,945.0505981445312,116.1256332397461,25.125,0.0,-43.2257080078125,0.0,6
6003,0,982.2824096679688,116.1252670288086,25.125,0.0,-26.3287353515625,0.0,6
6004,0,1025.5338134765625,116.12509155273438,25.125,0.0,-9.437255859375,0.0,6
6005,0,1068.117919921875,116.12532806396484,25.125,0.0,-26.3287353515625,0.0,6
6006,0,1116.189697265625,116.1256332397461,25.125,0.0,-43.2257080078125,0.0,6
6007,0,1163.15185546875,116.12525177001953,25.125,0.0,-26.3287353515625,0.0,6
6008,0,1210.0819091796875,116.12542724609375,25.125,0.0,-43.2257080078125,0.0,6
6009,0,1259.95654296875,116.1256332397461,25.125,0.0,-43.2257080078125,0.0,6
6010,0,1306.6234130859375,116.12554168701172,25.125,0.0,-60.1226806640625,0.0,6
6011,0,1349.8636474609375,124.36951446533203,25.125,0.0,-60.1226806640625,0.0,6
6012,0,1384.2037353515625,116.1256103515625,25.125,0.0,-77.0196533203125,0.0,6
6013,0,1406.7457275390625,116.12592315673828,25.125,0.0,-93.9166259765625,0.0,6
6014,0,1417.616455078125,116.12590026855469,25.125,0.0,-77.0196533203125,0.0,6
6015,0,1432.4000244140625,116.12580108642578,25.125,0.0,-60.1226806640625,0.0,6
6016,0,1459.2701416015625,116.1256332397461,25.125,0.0,-43.2257080078125,0.0,6
6017,0,1499.5504150390625,116.12520599365234,25.125,0.0,-26.3287353515625,0.0,6
6018,0,1547.6209716796875,116.1256332397461,25.125,0.0,-43.2257080078125,0.0,6
6019,0,1594.6212158203125,116.12517547607422,25.125,0.0,-26.3287353515625,0.0,6
6020,0,1642.6951904296875,116.1256332397461,25.125,0.0,-43.2257080078125,0.0,6
6021,0,1689.6573486328125,116.12525177001953,25.125,0.0,-26.3287353515625,0.0,6
6022,0,1731.9088134765625,116.12509155273438,25.125,0.0,-9.437255859375,0.0,6
6023,0,1774.492919921875,116.12532806396484,25.125,0.0,-26.3287353515625,0.0,6
6024,0,1818.794189453125,116.12521362304688,25.125,0.0,-26.3287353515625,0.0,6
6025,0,1866.84375,116.1256332397461,25.125,0.0,-43.2257080078125,0.0,6
6026,0,1913.352783203125,116.12554168701172,25.125,0.0,-60.1226806640625,0.0,6
6027,0,1951.588623046875,116.12590026855469,25.125,0.0,-77.0196533203125,0.0,6
6028,0,1980.4635009765625,116.12554168701172,25.125,0.0,-60.1226806640625,0.0,6
6029,0,1983.874755859375,116.125,25.125,0.0,-77.0196533203125,0.0,6
6030,0,1983.87451171875,116.125,25.125,0.0,-60.1226806640625,0.0,6
6031,0,1983.874267578125,116.125,25.125,0.0,-43.2257080078125,0.0,6
6032,0,1983.8741455078125,116.125,25.125,0.0,-26.3287353515625,0.0,6
6033,0,1983.8743896484375,116.125,25.125,0.0,-9.437255859375,0.0,6
6034,0,1983.8740234375,116.3739242553711,25.125,0.0,7.459716796875,0.0,6
6035,0,1983.8743896484375,119.4990005493164,25.125,0.0,24.356689453125,0.0,6
6036,0,1983.874267578125,135.76744079589844,25.125,0.0,41.253662109375,0.0,6
6037,0,1983.8746337890625,168.96438598632812,25.125,0.0,58.150634765625,0.0,6
6038,0,1983.8748779296875,212.82052612304688,25.125,0.0,75.047607421875,0.0,6
6039,0,1983.8560791015625,253.72805786132812,25.125,0.0,91.9390869140625,0.0,6
6040,0,1983.8748779296875,294.76513671875,25.125,0.0,75.047607421875,0.0,6
6041,0,1983.87451171875,338.6019592285156,25.125,0.0,58.150634765625,0.0,6
6042,0,1983.87451171875,386.4507751464844,25.125,0.0,41.253662109375,0.0,6
6043,0,1983.8741455078125,431.7945251464844,25.125,0.0,24.356689453125,0.0,6
6044,0,1983.8743896484375,465.0556335449219,25.125,0.0,7.459716796875,0.0,6
6045,0,1983.8740234375,486.1018371582031,25.125,0.0,7.459716796875,0.0,6
6046,0,1983.8740234375,500.1468811035156,25.125,0.0,7.459716796875,0.0,6
6047,0,1983.8741455078125,507.4406433105469,25.125,0.0,-9.437255859375,0.0,6
6048,0,1983.8741455078125,506.35711669921875,25.125,0.0,-9.437255859375,0.0,6
6049,0,1983.8743896484375,505.26519775390625,25.125,0.0,-9.437255859375,0.0,6
6050,0,1983.8740234375,505.26751708984375,25.125,0.0,7.459716796875,0.0,6
6051,0,1983.8743896484375,505.0527038574219,25.125,0.0,-9.437255859375,0.0,6
6052,0,1983.8740234375,505.0608215332031,25.125,0.0,7.459716796875,0.0,6
6053,0,1983.8743896484375,508.28082275390625,25.125,0.0,24.356689453125,0.0,6
6054,0,1983.874267578125,524.6729736328125,25.125,0.0,41.253662109375,0.0,6
6055,0,1983.87451171875,557.9840698242188,25.125,0.0,58.150634765625,0.0,6
6056,0,1983.8748779296875,601.8132934570312,25.125,0.0,75.047607421875,0.0,6
6057,0,1983.87451171875,645.6499633789062,25.125,0.0,58.150634765625,0.0,6
6058,0,1983.87451171875,693.4989013671875,25.125,0.0,41.253662109375,0.0,6
6059,0,1983.8741455078125,737.8974609375,25.125,0.0,24.356689453125,0.0,6
6060,0,1983.87451171875,776.7122192382812,25.125,0.0,41.253662109375,0.0,6
6061,0,1983.8741455078125,816.48193359375,25.125,0.0,24.356689453125,0.0,6
6062,0,1983.8743896484375,847.140380859375,25.125,0.0,7.459716796875,0.0,6
6063,0,1983.8741455078125,863.7786254882812,25.125,0.0,-9.437255859375,0.0,6
6064,0,1983.8741455078125,862.4014282226562,25.125,0.0,-26.3287353515625,0.0,6
6065,0,1983.8741455078125,847.6699829101562,25.125,0.0,-26.3287353515625,0.0,6
6066,0,1983.8741455078125,827.4027099609375,25.125,0.0,-9.437255859375,0.0,6
6067,0,1983.8748779296875,838.5198974609375,25.125,0.0,-9.437255859375,0.0,6
6068,0,1983.8740234375,856.4546508789062,25.125,0.0,7.459716796875,0.0,6
6069,0,1983.8743896484375,870.750732421875,25.125,0.0,24.356689453125,0.0,6
6070,0,1983.8741455078125,892.3818969726562,25.125,0.0,24.356689453125,0.0,6
6071,0,1983.874267578125,920.0819091796875,25.125,0.0,41.253662109375,0.0,6
6072,0,1983.87451171875,959.489990234375,25.125,0.0,58.150634765625,0.0,6
6073,0,1983.8748779296875,1002.8512573242188,25.125,0.0,75.047607421875,0.0,6
6074,0,1983.8746337890625,1046.65380859375,25.125,0.0,58.150634765625,0.0,6
6075,0,1983.8748779296875,1091.1605224609375,25.125,0.0,75.047607421875,0.0,6
6076,0,1983.8746337890625,1134.963134765625,25.125,0.0,58.150634765625,0.0,6
6077,0,1983.874267578125,1183.9400634765625,25.125,0.0,41.253662109375,0.0,6
6078,0,1983.874755859375,1230.5587158203125,25.125,0.0,58.150634765625,0.0,6
6079,0,1983.874267578125,1279.56005859375,25.125,0.0,41.253662109375,0.0,6
6080,0,1983.874267578125,1326.2476806640625,25.125,0.0,41.253662109375,0.0,6
6081,0,1983.8741455078125,1370.3570556640625,25.125,0.0,24.356689453125,0.0,6
6082,0,1983.875,1383.8748779296875,25.125,0.0,7.459716796875,0.0,6
6083,0,1983.8743896484375,1383.5205078125,25.125,0.0,-9.437255859375,0.0,6
6084,0,1983.8740234375,1383.517578125,25.125,0.0,7.459716796875,0.0,6
6085,0,1983.875,1383.874755859375,25.125,0.0,24.356689453125,0.0,6
6086,0,1983.875,1383.8743896484375,25.125,0.0,41.253662109375,0.0,6
6087,0,1983.875,1383.87451171875,25.125,0.0,58.150634765625,0.0,6
6088,0,1983.875,1383.8741455078125,25.125,0.0,75.047607421875,0.0,6
6089,0,1983.84375,1383.8740234375,25.125,0.0,91.9390869140625,0.0,6
6090,0,1982.1929931640625,1383.8741455078125,25.125,0.0,108.8360595703125,0.0,6
6091,0,1971.523681640625,1383.874267578125,25.125,0.0,125.7330322265625,0.0,6
6092,0,1943.810302734375,1383.8746337890625,25.125,0.0,142.6300048828125,0.0,6
6093,0,1901.1317138671875,1383.874755859375,25.125,0.0,159.5269775390625,0.0,6
6094,0,1859.7685546875,1384.3966064453125,25.125,0.0,176.41845703125,0.0,6
6095,0,1817.9210205078125,1388.186767578125,25.125,0.0,159.5269775390625,0.0,6
6096,0,1777.6751708984375,1399.625,25.125,0.0,142.6300048828125,0.0,6
6097,0,1741.028564453125,1420.8597412109375,25.125,0.0,125.7330322265625,0.0,6
6098,0,1711.2974853515625,1451.392822265625,25.125,0.0,108.8360595703125,0.0,6
6099,0,1691.220703125,1489.1236572265625,25.125,0.0,91.9390869140625,0.0,6
6100,0,1682.6156005859375,1532.058837890625,25.125,0.0,75.047607421875,0.0,6
6101,0,1684.39990234375,1573.6463623046875,25.125,0.0,75.047607421875,0.0,6
6102,0,1691.22900390625,1614.880615234375,25.125,0.0,75.047607421875,0.0,6
6103,0,1700.014892578125,1654.5987548828125,25.125,0.0,75.047607421875,0.0,6
6104,0,1707.934814453125,1683.8740234375,25.125,0.0,91.9390869140625,0.0,6
6105,0,1709.8839111328125,1683.8741455078125,25.125,0.0,75.047607421875,0.0,6
6106,0,1711.0087890625,1683.8740234375,25.125,0.0,91.9390869140625,0.0,6
6107,0,1709.402587890625,1683.8741455078125,25.125,0.0,108.8360595703125,0.0,6
6108,0,1698.85986328125,1683.87451171875,25.125,0.0,125.7330322265625,0.0,6
6109,0,1675.4498291015625,1683.8741455078125,25.125,0.0,108.8360595703125,0.0,6
6110,0,1682.2125244140625,1683.874755859375,25.125,0.0,108.8360595703125,0.0,6
6111,0,1693.2784423828125,1683.8740234375,25.125,0.0,91.9390869140625,0.0,6
6112,0,1694.7554931640625,1683.8743896484375,25.125,0.0,75.047607421875,0.0,6
6113,0,1718.5079345703125,1677.6905517578125,25.125,0.0,75.047607421875,0.0,6
6114,0,1745.64453125,1694.562744140625,25.125,0.0,91.9390869140625,0.0,6
6115,0,1759.6134033203125,1733.3204345703125,25.125,0.0,75.047607421875,0.0,6
6116,0,1769.2724609375,1773.2418212890625,25.125,0.0,91.9390869140625,0.0,6
6117,0,1771.37451171875,1815.0452880859375,25.125,0.0,108.8360595703125,0.0,6
6118,0,1767.238525390625,1856.7098388671875,25.125,0.0,91.9390869140625,0.0,6
6119,0,1765.9571533203125,1897.86962890625,25.125,0.0,75.047607421875,0.0,6
6120,0,1773.1221923828125,1940.2138671875,25.125,0.0,58.150634765625,0.0,6
6121,0,1788.148681640625,1978.722412109375,25.125,0.0,58.150634765625,0.0,6
6122,0,1807.5882568359375,1983.8741455078125,25.125,0.0,75.047607421875,0.0,6
6123,0,1823.6104736328125,1983.8740234375,25.125,0.0,91.9390869140625,0.0,6
6124,0,1828.862548828125,1983.8743896484375,25.125,0.0,91.9390869140625,0.0,6
6125,0,1827.2783203125,1983.8741455078125,25.125,0.0,108.8360595703125,0.0,6
6126,0,1823.3096923828125,1983.8743896484375,25.125,0.0,91.9390869140625,0.0,6
6127,0,1821.5028076171875,1983.8741455078125,25.125,0.0,108.8360595703125,0.0,6
6128,0,1810.8468017578125,1983.87451171875,25.125,0.0,125.7330322265625,0.0,6
6129,0,1782.2869873046875,1983.8743896484375,25.125,0.0,142.6300048828125,0.0,6
6130,0,1740.5517578125,1983.874755859375,25.125,0.0,159.5269775390625,0.0,6
6131,0,1698.1954345703125,1983.875,25.125,0.0,176.41845703125,0.0,6
6132,0,1656.5716552734375,1983.874755859375,25.125,0.0,159.5269775390625,0.0,6
6133,0,1611.2314453125,1983.8746337890625,25.125,0.0,142.6300048828125,0.0,6
6134,0,1566.11767578125,1983.874755859375,25.125,0.0,159.5269775390625,0.0,6
6135,0,1520.7752685546875,1983.8746337890625,25.125,0.0,142.6300048828125,0.0,6
6136,0,1471.9075927734375,1983.874267578125,25.125,0.0,125.7330322265625,0.0,6
6137,0,1427.919677734375,1983.87451171875,25.125,0.0,125.7330322265625,0.0,6
6138,0,1388.012451171875,1983.8741455078125,25.125,0.0,108.8360595703125,0.0,6
6139,0,1360.6705322265625,1983.8740234375,25.125,0.0,91.9390869140625,0.0,6
6140,0,1349.561279296875,1983.8741455078125,25.125,0.0,75.047607421875,0.0,6
6141,0,1350.054443359375,1983.8740234375,25.125,0.0,91.9390869140625,0.0,6
6142,0,1348.5040283203125,1983.8743896484375,25.125,0.0,108.8360595703125,0.0,6
6143,0,1341.13427734375,1983.8741455078125,25.125,0.0,108.8360595703125,0.0,6
6144,0,1324.8055419921875,1983.87451171875,25.125,0.0,125.7330322265625,0.0,6
6145,0,1293.2080078125,1983.8743896484375,25.125,0.0,142.6300048828125,0.0,6
6146,0,1250.7086181640625,1983.874755859375,25.125,0.0,159.5269775390625,0.0,6
6147,0,1208.345703125,1983.875,25.125,0.0,176.41845703125,0.0,6
6148,0,1183.27197265625,1983.8740234375,25.125,0.0,176.41845703125,0.0,6
6149,0,1149.9969482421875,1983.874755859375,25.125,0.0,159.5269775390625,0.0,6
6150,0,1103.6217041015625,1983.8743896484375,25.125,0.0,142.6300048828125,0.0,6
6151,0,1055.8751220703125,1983.87451171875,25.125,0.0,125.7330322265625,0.0,6
6152,0,1013.6484375,1983.8741455078125,25.125,0.0,108.8360595703125,0.0,6
6153,0,985.6970825195312,1983.8743896484375,25.125,0.0,91.9390869140625,0.0,6
6154,0,973.7745361328125,1983.8741455078125,25.125,0.0,75.047607421875,0.0,6
6155,0,979.7984008789062,1983.874267578125,25.125,0.0,58.150634765625,0.0,6
6156,0,998.1257934570312,1983.8741455078125,25.125,0.0,75.047607421875,0.0,6
6157,0,1013.7322998046875,1983.8740234375,25.125,0.0,91.9390869140625,0.0,6
6158,0,1016.3526611328125,1983.8743896484375,25.125,0.0,108.8360595703125,0.0,6
6159,0,1005.6190795898438,1983.874267578125,25.125,0.0,125.7330322265625,0.0,6
6160,0,980.2247924804688,1983.87451171875,25.125,0.0,125.7330322265625,0.0,6
6161,0,943.7998657226562,1983.8743896484375,25.125,0.0,142.6300048828125,0.0,6
6162,0,901.0586547851562,1983.8748779296875,25.125,0.0,159.5269775390625,0.0,6
6163,0,854.5911865234375,1983.8743896484375,25.125,0.0,142.6300048828125,0.0,6
6164,0,809.5186157226562,1983.874755859375,25.125,0.0,159.5269775390625,0.0,6
6165,0,763.0338134765625,1983.8743896484375,25.125,0.0,142.6300048828125,0.0,6
6166,0,717.9612426757812,1983.874755859375,25.125,0.0,159.5269775390625,0.0,6
6167,0,675.1514892578125,1983.8748779296875,25.125,0.0,159.5269775390625,0.0,6
6168,0,628.6840209960938,1983.8743896484375,25.125,0.0,142.6300048828125,0.0,6
6169,0,585.3424682617188,1968.056884765625,25.125,0.0,142.6300048828125,0.0,6
6170,0,541.397705078125,1964.5745849609375,25.125,0.0,159.5269775390625,0.0,6
6171,0,500.8075866699219,1972.0472412109375,25.125,0.0,159.5269775390625,0.0,6
6172,0,461.5780944824219,1983.87353515625,25.125,0.0,142.6300048828125,0.0,6
6173,0,418.60040283203125,1983.874755859375,25.125,0.0,159.5269775390625,0.0,6
6174,0,373.25799560546875,1983.8746337890625,25.125,0.0,142.6300048828125,0.0,6
6175,0,323.7895202636719,1983.87451171875,25.125,0.0,142.6300048828125,0.0,6
6176,0,275.5403747558594,1983.87451171875,25.125,0.0,125.7330322265625,0.0,6
6177,0,232.96456909179688,1983.8741455078125,25.125,0.0,108.8360595703125,0.0,6
6178,0,201.52859497070312,1983.8743896484375,25.125,0.0,108.8360595703125,0.0,6
6179,0,174.81040954589844,1983.8741455078125,25.125,0.0,108.8360595703125,0.0,6
6180,0,148.2608184814453,1983.874267578125,25.125,0.0,125.7330322265625,0.0,6
6181,0,117.97823333740234,1983.8741455078125,25.125,0.0,108.8360595703125,0.0,6
6182,0,116.12554168701172,1983.875,25.125,0.0,125.7330322265625,0.0,6
6183,0,116.12520599365234,1983.875,25.125,0.0,108.8360595703125,0.0,6
6184,0,850.0,1150.0,25.125,0.0,-85.440673828125,0.0,6
6185,0,848.800048828125,1128.146728515625,25.125,0.0,-102.337646484375,0.0,7
6186,0,840.2935791015625,1086.9661865234375,25.125,0.0,-119.234619140625,0.0,7
6187,0,823.929931640625,1049.3485107421875,25.125,0.0,-136.1260986328125,0.0,7
6188,0,797.0449829101562,1015.1897583007812,25.125,0.0,-153.0230712890625,0.0,7
6189,0,762.4158325195312,990.233642578125,25.125,0.0,-169.9200439453125,0.0,7
6190,0,722.0735473632812,976.0386352539062,25.125,0.0,173.1829833984375,0.0,7
6191,0,679.2735595703125,974.0496215820312,25.125,0.0,156.2860107421875,0.0,7
6192,0,638.6304321289062,979.9834594726562,25.125,0.0,173.1829833984375,0.0,7
6193,0,596.77734375,984.1549072265625,25.125,0.0,-169.9200439453125,0.0,7
6194,0,555.0454711914062,980.4671630859375,25.125,0.0,-153.0230712890625,0.0,7
6195,0,514.1137084960938,966.0535888671875,25.125,0.0,-136.1260986328125,0.0,7
6196,0,479.31231689453125,941.4276123046875,25.125,0.0,-119.234619140625,0.0,7
6197,0,452.1595458984375,916.1259155273438,25.125,0.0,-102.337646484375,0.0,7
6198,0,435.4706726074219,916.1259155273438,25.125,0.0,-85.440673828125,0.0,7
6199,0,433.8523864746094,916.1256103515625,25.125,0.0,-68.543701171875,0.0,7
6200,0,446.1216735839844,916.125732421875,25.125,0.0,-51.646728515625,0.0,7
6201,0,475.96270751953125,916.1253662109375,25.125,0.0,-34.7552490234375,0.0,7
6202,0,519.246337890625,916.1251831054688,25.125,0.0,-17.8582763671875,0.0,7
6203,0,560.16357421875,913.7178344726562,25.125,0.0,-0.9613037109375,0.0,7
6204,0,602.2432861328125,913.6488647460938,25.125,0.0,15.9356689453125,0.0,7
6205,0,643.4091796875,921.58056640625,25.125,0.0,32.8326416015625,0.0,7
6206,0,682.6027221679688,940.1643676757812,25.125,0.0,49.7296142578125,0.0,7
6207,0,714.656982421875,968.2446899414062,25.125,0.0,66.62109375,0.0,7
6208,0,737.6815185546875,1004.2626953125,25.125,0.0,83.51806640625,0.0,7
6209,0,749.4839477539062,1045.411865234375,25.125,0.0,100.4150390625,0.0,7
6210,0,748.9385375976562,1088.273193359375,25.125,0.0,117.31201171875,0.0,7
6211,0,735.6242065429688,1130.0770263671875,25.125,0.0,134.208984375,0.0,7
6212,0,711.2466430664062,1165.3121337890625,25.125,0.0,151.10595703125,0.0,7
6213,0,676.0347900390625,1183.874755859375,25.125,0.0,167.9974365234375,0.0,7
6214,0,635.2493286132812,1183.7860107421875,25.125,0.0,-175.1055908203125,0.0,7
6215,0,593.6303100585938,1182.230712890625,25.125,0.0,-175.1055908203125,0.0,7
6216,0,552.80224609375,1177.743896484375,25.125,0.0,-158.2086181640625,0.0,7
6217,0,516.12841796875,1165.6025390625,25.125,0.0,-141.3116455078125,0.0,7
6218,0,516.1255493164062,1137.2593994140625,25.125,0.0,-124.4146728515625,0.0,7
6219,0,516.1253662109375,1095.6160888671875,25.125,0.0,-124.4146728515625,0.0,7
6220,0,507.41192626953125,1048.0277099609375,25.125,0.0,-141.3116455078125,0.0,7
6221,0,484.94097900390625,1011.0723266601562,25.125,0.0,-141.3116455078125,0.0,7
6222,0,458.39849853515625,978.774658203125,25.125,0.0,-124.4146728515625,0.0,7
6223,0,434.9355163574219,944.8641357421875,25.125,0.0,-107.523193359375,0.0,7
6224,0,415.3250732421875,916.12548828125,25.125,0.0,-124.4146728515625,0.0,7
6225,0,385.1427917480469,916.1255493164062,25.125,0.0,-141.3116455078125,0.0,7
6226,0,345.0456848144531,908.6779174804688,25.125,0.0,-158.2086181640625,0.0,7
6227,0,304.7462158203125,897.7933349609375,25.125,0.0,-175.1055908203125,0.0,7
6228,0,265.95501708984375,888.9168701171875,25.125,0.0,-158.2086181640625,0.0,7
6229,0,226.09613037109375,874.4689331054688,25.125,0.0,-141.3116455078125,0.0,7
6230,0,190.60411071777344,851.7940673828125,25.125,0.0,-124.4146728515625,0.0,7
6231,0,159.44842529296875,823.7814331054688,25.125,0.0,-141.3116455078125,0.0,7
6232,0,127.09844207763672,798.3385620117188,25.125,0.0,-158.2086181640625,0.0,7
6233,0,116.12557983398438,776.2911987304688,25.125,0.0,-158.2086181640625,0.0,7
6234,0,116.12572479248047,749.3478393554688,25.125,0.0,-141.3116455078125,0.0,7
6235,0,116.12557983398438,717.38525390625,25.125,0.0,-158.2086181640625,0.0,7
6236,0,116.12592315673828,690.5924682617188,25.125,0.0,-175.1055908203125,0.0,7
6237,0,116.1256103515625,678.1611328125,25.125,0.0,167.9974365234375,0.0,7
6238,0,116.12592315673828,677.749267578125,25.125,0.0,-175.1055908203125,0.0,7
6239,0,116.12590026855469,678.2864990234375,25.125,0.0,167.9974365234375,0.0,7
6240,0,116.12592315673828,678.595947265625,25.125,0.0,-175.1055908203125,0.0,7
6241,0,116.1258544921875,676.2271118164062,25.125,0.0,-158.2086181640625,0.0,7
6242,0,116.12562561035156,669.2891235351562,25.125,0.0,-175.1055908203125,0.0,7
6243,0,116.12590026855469,668.2155151367188,25.125,0.0,167.9974365234375,0.0,7
6244,0,116.12554931640625,673.6101684570312,25.125,0.0,151.10595703125,0.0,7
6245,0,116.12564086914062,694.8575439453125,25.125,0.0,134.208984375,0.0,7
6246,0,116.12542724609375,732.2318115234375,25.125,0.0,117.31201171875,0.0,7
6247,0,116.12531280517578,776.8118896484375,25.125,0.0,117.31201171875,0.0,7
6248,0,116.1250991821289,819.2490234375,25.125,0.0,100.4150390625,0.0,7
6249,0,116.28845977783203,860.005126953125,25.125,0.0,83.51806640625,0.0,7
6250,0,120.43565368652344,902.061279296875,25.125,0.0,66.62109375,0.0,7
6251,0,133.06480407714844,942.171875,25.125,0.0,49.7296142578125,0.0,7
6252,0,156.27650451660156,978.9508666992188,25.125,0.0,32.8326416015625,0.0,7
6253,0,184.0977325439453,1009.05224609375,25.125,0.0,49.7296142578125,0.0,7
6254,0,213.61224365234375,1038.67236328125,25.125,0.0,32.8326416015625,0.0,7
6255,0,247.1979522705078,1063.31591796875,25.125,0.0,15.9356689453125,0.0,7
6256,0,283.0951843261719,1082.8680419921875,25.125,0.0,32.8326416015625,0.0,7
6257,0,283.8742370605469,1107.4300537109375,25.125,0.0,32.8326416015625,0.0,7
6258,0,293.7405700683594,1135.9951171875,25.125,0.0,15.9356689453125,0.0,7
6259,0,331.5622863769531,1157.1239013671875,25.125,0.0,-0.9613037109375,0.0,7
6260,0,374.0758972167969,1164.5635986328125,25.125,0.0,-17.8582763671875,0.0,7
6261,0,383.87408447265625,1164.0224609375,25.125,0.0,-0.9613037109375,0.0,7
6262,0,383.8743896484375,1165.083251953125,25.125,0.0,15.9356689453125,0.0,7
6263,0,383.874755859375,1142.8255615234375,25.125,0.0,15.9356689453125,0.0,7
6264,0,383.8742370605469,1129.1724853515625,25.125,0.0,32.8326416015625,0.0,7
6265,0,383.8743896484375,1138.7076416015625,25.125,0.0,15.9356689453125,0.0,7
6266,0,383.8742370605469,1156.7005615234375,25.125,0.0,32.8326416015625,0.0,7
6267,0,383.8746032714844,1186.6883544921875,25.125,0.0,49.7296142578125,0.0,7
6268,0,386.0966491699219,1226.8382568359375,25.125,0.0,32.8326416015625,0.0,7
6269,0,406.8099365234375,1263.691162109375,25.125,0.0,49.7296142578125,0.0,7
6270,0,429.8480224609375,1298.49951171875,25.125,0.0,66.62109375,0.0,7
6271,0,451.0978088378906,1333.274658203125,25.125,0.0,49.7296142578125,0.0,7
6272,0,477.42022705078125,1366.521484375,25.125,0.0,32.8326416015625,0.0,7
6273,0,510.1402587890625,1393.08251953125,25.125,0.0,15.9356689453125,0.0,7
6274,0,545.6802368164062,1413.4217529296875,25.125,0.0,32.8326416015625,0.0,7
6275,0,580.6565551757812,1434.1728515625,25.125,0.0,32.8326416015625,0.0,7
6276,0,614.4284057617188,1457.470703125,25.125,0.0,49.7296142578125,0.0,7
6277,0,644.6467895507812,1487.805419921875,25.125,0.0,66.62109375,0.0,7
6278,0,668.9061889648438,1520.7210693359375,25.125,0.0,49.7296142578125,0.0,7
6279,0,696.2482299804688,1552.8060302734375,25.125,0.0,32.8326416015625,0.0,7
6280,0,729.2789916992188,1578.6693115234375,25.125,0.0,15.9356689453125,0.0,7
6281,0,765.8239135742188,1599.114013671875,25.125,0.0,32.8326416015625,0.0,7
6282,0,801.9594116210938,1618.1180419921875,25.125,0.0,15.9356689453125,0.0,7
6283,0,838.9925537109375,1635.137451171875,25.125,0.0,32.8326416015625,0.0,7
6284,0,874.830078125,1654.5538330078125,25.125,0.0,32.8326416015625,0.0,7
6285,0,910.7620239257812,1674.0010986328125,25.125,0.0,15.9356689453125,0.0,7
6286,0,948.6028442382812,1691.5867919921875,25.125,0.0,32.8326416015625,0.0,7
6287,0,984.0294189453125,1713.013427734375,25.125,0.0,49.7296142578125,0.0,7
6288,0,1015.20751953125,1742.7490234375,25.125,0.0,66.62109375,0.0,7
6289,0,1038.6092529296875,1776.9073486328125,25.125,0.0,66.62109375,0.0,7
6290,0,1058.438720703125,1813.6556396484375,25.125,0.0,66.62109375,0.0,7
6291,0,1074.4642333984375,1851.56591796875,25.125,0.0,83.51806640625,0.0,7
6292,0,1086.421875,1890.567626953125,25.125,0.0,66.62109375,0.0,7
6293,0,1100.5111083984375,1929.7974853515625,25.125,0.0,66.62109375,0.0,7
6294,0,1130.4876708984375,1945.4051513671875,25.125,0.0,66.62109375,0.0,7
6295,0,1163.9571533203125,1970.6866455078125,25.125,0.0,83.51806640625,0.0,7
6296,0,1185.477783203125,1983.8741455078125,25.125,0.0,66.62109375,0.0,7
6297,0,1206.5556640625,1983.8740234375,25.125,0.0,83.51806640625,0.0,7
6298,0,1217.6832275390625,1983.8741455078125,25.125,0.0,100.4150390625,0.0,7
6299,0,1218.0745849609375,1983.8743896484375,25.125,0.0,83.51806640625,0.0,7
6300,0,1217.73876953125,1983.8741455078125,25.125,0.0,100.4150390625,0.0,7
6301,0,1216.495361328125,1983.8743896484375,25.125,0.0,100.4150390625,0.0,7
6302,0,1211.7244873046875,1983.8741455078125,25.125,0.0,117.31201171875,0.0,7
6303,0,1195.6341552734375,1983.8743896484375,25.125,0.0,117.31201171875,0.0,7
6304,0,1167.8614501953125,1983.8743896484375,25.125,0.0,134.208984375,0.0,7
6305,0,1132.6806640625,1983.8741455078125,25.125,0.0,117.31201171875,0.0,7
6306,0,1098.201171875,1983.8741455078125,25.125,0.0,117.31201171875,0.0,7
6307,0,1066.002685546875,1983.8741455078125,25.125,0.0,117.31201171875,0.0,7
6308,0,1031.9903564453125,1983.87451171875,25.125,0.0,134.208984375,0.0,7
6309,0,988.6573486328125,1983.874755859375,25.125,0.0,151.10595703125,0.0,7
6310,0,945.8639526367188,1983.8748779296875,25.125,0.0,167.9974365234375,0.0,7
6311,0,903.5203247070312,1983.8748779296875,25.125,0.0,167.9974365234375,0.0,7
6312,0,861.4370727539062,1983.874755859375,25.125,0.0,151.10595703125,0.0,7
6313,0,812.806640625,1983.8743896484375,25.125,0.0,134.208984375,0.0,7
6314,0,767.225830078125,1983.8741455078125,25.125,0.0,117.31201171875,0.0,7
6315,0,730.8953247070312,1983.8741455078125,25.125,0.0,100.4150390625,0.0,7
6316,0,710.4380493164062,1983.8740234375,25.125,0.0,83.51806640625,0.0,7
6317,0,708.2503051757812,1983.8743896484375,25.125,0.0,66.62109375,0.0,7
6318,0,719.239990234375,1983.8741455078125,25.125,0.0,66.62109375,0.0,7
6319,0,738.5147094726562,1983.8743896484375,25.125,0.0,66.62109375,0.0,7
6320,0,759.592529296875,1983.8740234375,25.125,0.0,83.51806640625,0.0,7
6321,0,770.7199096679688,1983.8741455078125,25.125,0.0,100.4150390625,0.0,7
6322,0,767.2722778320312,1983.8741455078125,25.125,0.0,117.31201171875,0.0,7
6323,0,748.8902587890625,1983.8743896484375,25.125,0.0,134.208984375,0.0,7
6324,0,713.358642578125,1983.874755859375,25.125,0.0,151.10595703125,0.0,7
6325,0,669.6480102539062,1983.8748779296875,25.125,0.0,167.9974365234375,0.0,7
6326,0,628.27783203125,1983.8748779296875,25.125,0.0,167.9974365234375,0.0,7
6327,0,584.1587524414062,1983.8746337890625,25.125,0.0,151.10595703125,0.0,7
6328,0,536.6469116210938,1983.87451171875,25.125,0.0,134.208984375,0.0,7
6329,0,490.08807373046875,1983.8741455078125,25.125,0.0,117.31201171875,0.0,7
6330,0,454.76556396484375,1983.8741455078125,25.125,0.0,100.4150390625,0.0,7
6331,0,434.2630615234375,1983.8740234375,25.125,0.0,83.51806640625,0.0,7
6332,0,432.0461120605469,1983.8741455078125,25.125,0.0,66.62109375,0.0,7
6333,0,439.5616760253906,1983.8743896484375,25.125,0.0,83.51806640625,0.0,7
6334,0,445.14508056640625,1983.8740234375,25.125,0.0,83.51806640625,0.0,7
6335,0,445.49005126953125,1983.8743896484375,25.125,0.0,100.4150390625,0.0,7
6336,0,440.7191467285156,1983.8741455078125,25.125,0.0,117.31201171875,0.0,7
6337,0,421.5129699707031,1983.87451171875,25.125,0.0,134.208984375,0.0,7
6338,0,384.5336608886719,1983.87451171875,25.125,0.0,151.10595703125,0.0,7
6339,0,341.8264465332031,1983.8748779296875,25.125,0.0,167.9974365234375,0.0,7
6340,0,300.4565124511719,1983.8748779296875,25.125,0.0,167.9974365234375,0.0,7
6341,0,257.333251953125,1983.8746337890625,25.125,0.0,151.10595703125,0.0,7
6342,0,209.81568908691406,1983.87451171875,25.125,0.0,134.208984375,0.0,7
6343,0,164.69833374023438,1971.1065673828125,25.125,0.0,134.208984375,0.0,7
6344,0,124.8673095703125,1978.276123046875,25.125,0.0,117.31201171875,0.0,7
6345,0,116.12516784667969,1983.875,25.125,0.0,100.4150390625,0.0,7
6346,0,116.31591796875,1983.8740234375,25.125,0.0,83.51806640625,0.0,7
6347,0,119.29960632324219,1983.8741455078125,25.125,0.0,66.62109375,0.0,7
6348,0,128.2443389892578,1983.8740234375,25.125,0.0,83.51806640625,0.0,7
6349,0,131.7248992919922,1983.8743896484375,25.125,0.0,100.4150390625,0.0,7
6350,0,127.1313705444336,1983.8741455078125,25.125,0.0,117.31201171875,0.0,7
6351,0,116.12543487548828,1983.875,25.125,0.0,134.208984375,0.0,7
6352,0,116.12580871582031,1983.875,25.125,0.0,151.10595703125,0.0,7
6353,0,116.1256103515625,1983.875,25.125,0.0,167.9974365234375,0.0,7
6354,0,116.12592315673828,1983.7437744140625,25.125,0.0,-175.1055908203125,0.0,7
6355,0,116.1258544921875,1981.3751220703125,25.125,0.0,-158.2086181640625,0.0,7
6356,0,116.12572479248047,1967.514892578125,25.125,0.0,-141.3116455078125,0.0,7
6357,0,116.1258544921875,1941.4906005859375,25.125,0.0,-158.2086181640625,0.0,7
6358,0,116.12548828125,1912.5146484375,25.125,0.0,-141.3116455078125,0.0,7
6359,0,116.1258544921875,1879.409912109375,25.125,0.0,-158.2086181640625,0.0,7
6360,0,116.12548828125,1847.194580078125,25.125,0.0,-141.3116455078125,0.0,7
6361,0,116.12551879882812,1806.9542236328125,25.125,0.0,-124.4146728515625,0.0,7
6362,0,116.12548828125,1760.867919921875,25.125,0.0,-141.3116455078125,0.0,7
6363,0,116.1258544921875,1717.8656005859375,25.125,0.0,-158.2086181640625,0.0,7
6364,0,116.12592315673828,1687.4114990234375,25.125,0.0,-175.1055908203125,0.0,7
6365,0,116.12590026855469,1672.6796875,25.125,0.0,167.9974365234375,0.0,7
6366,0,116.12580871582031,1676.375,25.125,0.0,151.10595703125,0.0,7
6367,0,116.1256103515625,1690.9681396484375,25.125,0.0,167.9974365234375,0.0,7
6368,0,116.12592315673828,1703.400390625,25.125,0.0,-175.1055908203125,0.0,7
6369,0,116.12562561035156,1704.6456298828125,25.125,0.0,-175.1055908203125,0.0,7
6370,0,116.1258544921875,1702.2464599609375,25.125,0.0,-158.2086181640625,0.0,7
6371,0,116.12572479248047,1688.8016357421875,25.125,0.0,-141.3116455078125,0.0,7
6372,0,116.12572479248047,1659.61865234375,25.125,0.0,-141.3116455078125,0.0,7
6373,0,116.12572479248047,1623.474609375,25.125,0.0,-141.3116455078125,0.0,7
6374,0,116.12557983398438,1586.4027099609375,25.125,0.0,-158.2086181640625,0.0,7
6375,0,116.12592315673828,1557.3302001953125,25.125,0.0,-175.1055908203125,0.0,7
6376,0,116.12557983398438,1537.6744384765625,25.125,0.0,-158.2086181640625,0.0,7
6377,0,116.12572479248047,1512.59130859375,25.125,0.0,-141.3116455078125,0.0,7
6378,0,116.12557983398438,1482.2637939453125,25.125,0.0,-158.2086181640625,0.0,7
6379,0,116.1258544921875,1452.9737548828125,25.125,0.0,-158.2086181640625,0.0,7
6380,0,116.12592315673828,1429.1566162109375,25.125,0.0,-175.1055908203125,0.0,7
6381,0,116.12592315673828,1413.9508056640625,25.125,0.0,-175.1055908203125,0.0,7
6382,0,116.1258544921875,1401.5234375,25.125,0.0,-158.2086181640625,0.0,7
6383,0,116.12548828125,1380.4093017578125,25.125,0.0,-141.3116455078125,0.0,7
6384,0,116.12572479248047,1347.548095703125,25.125,0.0,-141.3116455078125,0.0,7
6385,0,116.12557983398438,1312.2313232421875,25.125,0.0,-158.2086181640625,0.0,7
6386,0,116.12592315673828,1284.0899658203125,25.125,0.0,-175.1055908203125,0.0,7
6387,0,116.1256103515625,1270.9920654296875,25.125,0.0,167.9974365234375,0.0,7
6388,0,116.12590026855469,1271.7398681640625,25.125,0.0,167.9974365234375,0.0,7
6389,0,116.12592315673828,1272.1763916015625,25.125,0.0,-175.1055908203125,0.0,7
6390,0,116.1258544921875,1269.7047119140625,25.125,0.0,-158.2086181640625,0.0,7
6391,0,116.12572479248047,1256.1373291015625,25.125,0.0,-141.3116455078125,0.0,7
6392,0,116.12535095214844,1225.3651123046875,25.125,0.0,-124.4146728515625,0.0,7
6393,0,116.12576293945312,1214.552001953125,25.125,0.0,-124.4146728515625,0.0,7
6394,0,116.12519073486328,1197.810791015625,25.125,0.0,-107.523193359375,0.0,7
6395,0,116.1255111694336,1155.365966796875,25.125,0.0,-124.4146728515625,0.0,7
6396,0,116.12572479248047,1107.460693359375,25.125,0.0,-141.3116455078125,0.0,7
6397,0,116.12572479248047,1061.9654541015625,25.125,0.0,-141.3116455078125,0.0,7
6398,0,116.1258544921875,1020.8798828125,25.125,0.0,-158.2086181640625,0.0,7
6399,0,116.12548828125,985.0374145507812,25.125,0.0,-141.3116455078125,0.0,7
6400,0,129.14059448242188,944.4926147460938,25.125,0.0,-141.3116455078125,0.0,7
6401,0,122.3561782836914,905.0341186523438,25.125,0.0,-141.3116455078125,0.0,7
6402,0,116.12572479248047,866.7383422851562,25.125,0.0,-141.3116455078125,0.0,7
6403,0,116.12557983398438,829.4280395507812,25.125,0.0,-158.2086181640625,0.0,7
6404,0,116.1258544921875,797.2044067382812,25.125,0.0,-158.2086181640625,0.0,7
6405,0,116.12572479248047,766.4949951171875,25.125,0.0,-141.3116455078125,0.0,7
6406,0,116.12572479248047,730.2123413085938,25.125,0.0,-141.3116455078125,0.0,7
6407,0,128.33261108398438,689.840576171875,25.125,0.0,-141.3116455078125,0.0,7
6408,0,121.27283477783203,650.131591796875,25.125,0.0,-141.3116455078125,0.0,7
6409,0,122.2953872680664,605.5606079101562,25.125,0.0,-141.3116455078125,0.0,7
6410,0,116.12557983398438,565.2211303710938,25.125,0.0,-158.2086181640625,0.0,7
6411,0,116.1253433227539,563.601806640625,25.125,0.0,-158.2086181640625,0.0,7
6412,0,116.12548828125,563.9990234375,25.125,0.0,-141.3116455078125,0.0,7
6413,0,116.1258544921875,544.0194091796875,25.125,0.0,-158.2086181640625,0.0,7
6414,0,116.12572479248047,517.8184204101562,25.125,0.0,-141.3116455078125,0.0,7
6415,0,116.125,516.1253662109375,25.125,0.0,-141.3116455078125,0.0,7
6416,0,116.125,516.1253662109375,25.125,0.0,-158.2086181640625,0.0,7
6417,0,116.125,516.1250610351562,25.125,0.0,-175.1055908203125,0.0,7
6418,0,116.12507629394531,540.0501708984375,25.125,0.0,-175.1055908203125,0.0,7
6419,0,116.12562561035156,562.4334106445312,25.125,0.0,-175.1055908203125,0.0,7
6420,0,116.12592315673828,567.9244384765625,25.125,0.0,-175.1055908203125,0.0,7
6421,0,116.1258544921875,565.5556030273438,25.125,0.0,-158.2086181640625,0.0,7
6422,0,116.12572479248047,551.6187133789062,25.125,0.0,-141.3116455078125,0.0,7
6423,0,116.12551879882812,520.7637329101562,25.125,0.0,-124.4146728515625,0.0,7
6424,0,116.125,516.12548828125,25.125,0.0,-124.4146728515625,0.0,7
6425,0,116.125,516.1255493164062,25.125,0.0,-141.3116455078125,0.0,7
6426,0,116.125,516.12548828125,25.125,0.0,-124.4146728515625,0.0,7
6427,0,116.125,516.125732421875,25.125,0.0,-124.4146728515625,0.0,7
6428,0,116.125,516.12548828125,25.125,0.0,-124.4146728515625,0.0,7
6429,0,116.125,516.1258544921875,25.125,0.0,-107.523193359375,0.0,7
6430,0,116.125,516.1259155273438,25.125,0.0,-90.626220703125,0.0,7
6431,0,116.125,516.1259155273438,25.125,0.0,-90.626220703125,0.0,7
6432,0,116.125,516.1259155273438,25.125,0.0,-90.626220703125,0.0,7
6433,0,116.125,516.1256103515625,25.125,0.0,-90.626220703125,0.0,7
6434,0,117.17679595947266,516.1259155273438,25.125,0.0,-73.729248046875,0.0,7
6435,0,118.8492660522461,516.1256103515625,25.125,0.0,-90.626220703125,0.0,7
6436,0,118.77490997314453,516.1259155273438,25.125,0.0,-90.626220703125,0.0,7
6437,0,119.87324523925781,516.1256103515625,25.125,0.0,-73.729248046875,0.0,7
6438,0,128.54116821289062,516.1257934570312,25.125,0.0,-56.832275390625,0.0,7
6439,0,153.73931884765625,516.1256103515625,25.125,0.0,-39.935302734375,0.0,7
6440,0,195.09857177734375,516.125244140625,25.125,0.0,-23.038330078125,0.0,7
6441,0,240.2124481201172,512.5518188476562,25.125,0.0,-39.935302734375,0.0,7
6442,0,279.75970458984375,499.0573425292969,25.125,0.0,-23.038330078125,0.0,7
6443,0,318.0433349609375,481.6861267089844,25.125,0.0,-39.935302734375,0.0,7
6444,0,351.58697509765625,458.2352294921875,25.125,0.0,-56.832275390625,0.0,7
6445,0,379.98394775390625,425.3896179199219,25.125,0.0,-73.729248046875,0.0,7
6446,0,397.9764404296875,386.7182922363281,25.125,0.0,-90.626220703125,0.0,7
6447,0,404.3877258300781,343.46282958984375,25.125,0.0,-107.523193359375,0.0,7
6448,0,398.1888732910156,301.1395263671875,25.125,0.0,-124.4146728515625,0.0,7
6449,0,380.1602783203125,262.2955627441406,25.125,0.0,-141.3116455078125,0.0,7
6450,0,350.9956359863281,229.5609893798828,25.125,0.0,-158.2086181640625,0.0,7
6451,0,316.1266784667969,207.21629333496094,25.125,0.0,-175.1055908203125,0.0,7
6452,0,316.12591552734375,197.02479553222656,25.125,0.0,167.9974365234375,0.0,7
6453,0,316.12554931640625,201.67738342285156,25.125,0.0,151.10595703125,0.0,7
6454,0,316.12591552734375,216.855224609375,25.125,0.0,167.9974365234375,0.0,7
6455,0,316.1258239746094,234.99993896484375,25.125,0.0,151.10595703125,0.0,7
6456,0,316.12591552734375,258.0921936035156,25.125,0.0,167.9974365234375,0.0,7
6457,0,316.12591552734375,273.8372802734375,25.125,0.0,-175.1055908203125,0.0,7
6458,0,316.1256103515625,276.8714294433594,25.125,0.0,-175.1055908203125,0.0,7
6459,0,316.12591552734375,276.2908630371094,25.125,0.0,-175.1055908203125,0.0,7
6460,0,316.1255798339844,273.9668273925781,25.125,0.0,-158.2086181640625,0.0,7
6461,0,316.1258544921875,263.3376159667969,25.125,0.0,-158.2086181640625,0.0,7
6462,0,316.12548828125,243.08837890625,25.125,0.0,-141.3116455078125,0.0,7
6463,0,316.1255187988281,208.18740844726562,25.125,0.0,-124.4146728515625,0.0,7
6464,0,315.2128601074219,165.12356567382812,25.125,0.0,-107.523193359375,0.0,7
6465,0,308.66619873046875,123.56622314453125,25.125,0.0,-107.523193359375,0.0,7
6466,0,301.1365661621094,116.12592315673828,25.125,0.0,-90.626220703125,0.0,7
6467,0,301.31646728515625,116.12560272216797,25.125,0.0,-73.729248046875,0.0,7
6468,0,306.4459533691406,116.12588500976562,25.125,0.0,-73.729248046875,0.0,7
6469,0,319.4622802734375,116.12552642822266,25.125,0.0,-56.832275390625,0.0,7
6470,0,342.81329345703125,116.12588500976562,25.125,0.0,-73.729248046875,0.0,7
6471,0,367.2348327636719,116.12577056884766,25.125,0.0,-56.832275390625,0.0,7
6472,0,400.28192138671875,116.12559509277344,25.125,0.0,-39.935302734375,0.0,7
6473,0,443.2425842285156,116.12521362304688,25.125,0.0,-23.038330078125,0.0,7
6474,0,462.39678955078125,116.12557983398438,25.125,0.0,-23.038330078125,0.0,7
6475,0,487.97955322265625,116.1250991821289,25.125,0.0,-6.1468505859375,0.0,7
6476,0,529.9510498046875,116.12519836425781,25.125,0.0,-23.038330078125,0.0,7
6477,0,577.1526489257812,116.12559509277344,25.125,0.0,-39.935302734375,0.0,7
6478,0,626.4466552734375,116.12540435791016,25.125,0.0,-39.935302734375,0.0,7
6479,0,675.8681030273438,116.12577056884766,25.125,0.0,-56.832275390625,0.0,7
6480,0,715.9074096679688,116.12588500976562,25.125,0.0,-73.729248046875,0.0,7
6481,0,748.078369140625,116.12577056884766,25.125,0.0,-56.832275390625,0.0,7
6482,0,783.8743286132812,116.12551879882812,25.125,0.0,-39.935302734375,0.0,7
6483,0,783.8744506835938,116.125,25.125,0.0,-23.038330078125,0.0,7
6484,0,783.8741455078125,116.125,25.125,0.0,-23.038330078125,0.0,7
6485,0,783.8743896484375,116.125,25.125,0.0,-6.1468505859375,0.0,7
6486,0,783.8740844726562,116.61817169189453,25.125,0.0,10.7501220703125,0.0,7
6487,0,783.8744506835938,121.39546966552734,25.125,0.0,27.6470947265625,0.0,7
6488,0,783.8743286132812,141.33775329589844,25.125,0.0,44.5440673828125,0.0,7
6489,0,783.8745727539062,177.6432342529297,25.125,0.0,61.4410400390625,0.0,7
6490,0,783.9478149414062,220.30369567871094,25.125,0.0,78.33251953125,0.0,7
6491,0,785.3280639648438,261.04766845703125,25.125,0.0,95.2294921875,0.0,7
6492,0,782.5028686523438,302.2970275878906,25.125,0.0,112.12646484375,0.0,7
6493,0,770.5463256835938,343.6790466308594,25.125,0.0,129.0234375,0.0,7
6494,0,753.0087890625,380.66943359375,25.125,0.0,112.12646484375,0.0,7
6495,0,734.0098876953125,417.90386962890625,25.125,0.0,129.0234375,0.0,7
6496,0,713.485595703125,453.1167907714844,25.125,0.0,112.12646484375,0.0,7
6497,0,693.1222534179688,489.54656982421875,25.125,0.0,129.0234375,0.0,7
6498,0,671.9835205078125,524.395751953125,25.125,0.0,112.12646484375,0.0,7
6499,0,655.0136108398438,562.1966552734375,25.125,0.0,95.2294921875,0.0,7
6500,0,646.5779418945312,603.478759765625,25.125,0.0,78.33251953125,0.0,7
6501,0,649.1347045898438,645.92041015625,25.125,0.0,61.4410400390625,0.0,7
6502,0,663.8077392578125,687.09130859375,25.125,0.0,44.5440673828125,0.0,7
6503,0,684.5955810546875,722.4691162109375,25.125,0.0,61.4410400390625,0.0,7
6504,0,707.41015625,757.508056640625,25.125,0.0,44.5440673828125,0.0,7
6505,0,735.2923583984375,788.467041015625,25.125,0.0,27.6470947265625,0.0,7
6506,0,770.9224243164062,812.9984130859375,25.125,0.0,10.7501220703125,0.0,7
6507,0,811.16015625,826.9118041992188,25.125,0.0,-6.1468505859375,0.0,7
6508,0,853.805419921875,829.0629272460938,25.125,0.0,-23.038330078125,0.0,7
6509,0,895.3402099609375,818.9121704101562,25.125,0.0,-39.935302734375,0.0,7
6510,0,932.6908569335938,801.8417358398438,25.125,0.0,-23.038330078125,0.0,7
6511,0,969.9244384765625,782.7479858398438,25.125,0.0,-39.935302734375,0.0,7
6512,0,1004.9384765625,761.8790283203125,25.125,0.0,-23.038330078125,0.0,7
6513,0,1041.1165771484375,741.0646362304688,25.125,0.0,-39.935302734375,0.0,7
6514,0,1074.006591796875,716.1253662109375,25.125,0.0,-56.832275390625,0.0,7
6515,0,1104.973876953125,716.1259155273438,25.125,0.0,-73.729248046875,0.0,7
6516,0,1126.7830810546875,716.1259155273438,25.125,0.0,-90.626220703125,0.0,7
6517,0,1133.26025390625,716.1256103515625,25.125,0.0,-107.523193359375,0.0,7
6518,0,1124.65869140625,716.125732421875,25.125,0.0,-124.4146728515625,0.0,7
6519,0,1104.3985595703125,716.1256103515625,25.125,0.0,-107.523193359375,0.0,7
6520,0,1082.360107421875,716.1258544921875,25.125,0.0,-107.523193359375,0.0,7
6521,0,1064.5545654296875,716.1259155273438,25.125,0.0,-90.626220703125,0.0,7
6522,0,1052.33203125,716.1258544921875,25.125,0.0,-107.523193359375,0.0,7
6523,0,1036.82470703125,716.1258544921875,25.125,0.0,-107.523193359375,0.0,7
6524,0,1021.4453735351562,716.1256103515625,25.125,0.0,-90.626220703125,0.0,7
6525,0,1017.3431396484375,716.1259155273438,25.125,0.0,-73.729248046875,0.0,7
6526,0,1018.8236083984375,716.1256103515625,25.125,0.0,-90.626220703125,0.0,7
6527,0,1019.92578125,716.1259155273438,25.125,0.0,-73.729248046875,0.0,7
6528,0,1027.9609375,716.1255493164062,25.125,0.0,-56.832275390625,0.0,7
6529,0,1053.57763671875,716.1256103515625,25.125,0.0,-39.935302734375,0.0,7
6530,0,1094.066650390625,716.125244140625,25.125,0.0,-23.038330078125,0.0,7
6531,0,1136.7626953125,716.1250610351562,25.125,0.0,-6.1468505859375,0.0,7
6532,0,1177.5303955078125,716.7094116210938,25.125,0.0,10.7501220703125,0.0,7
6533,0,1183.8743896484375,722.84423828125,25.125,0.0,27.6470947265625,0.0,7
6534,0,1183.8743896484375,743.8267822265625,25.125,0.0,44.5440673828125,0.0,7
6535,0,1183.874755859375,780.5186767578125,25.125,0.0,61.4410400390625,0.0,7
6536,0,1183.9832763671875,824.1705932617188,25.125,0.0,78.33251953125,0.0,7
6537,0,1185.458740234375,863.9442138671875,25.125,0.0,95.2294921875,0.0,7
6538,0,1184.620361328125,905.641357421875,25.125,0.0,95.2294921875,0.0,7
6539,0,1180.20751953125,946.517333984375,25.125,0.0,112.12646484375,0.0,7
6540,0,1167.4705810546875,987.4519653320312,25.125,0.0,129.0234375,0.0,7
6541,0,1145.2493896484375,1023.5321655273438,25.125,0.0,145.92041015625,0.0,7
6542,0,1113.961181640625,1052.4796142578125,25.125,0.0,162.8173828125,0.0,7
6543,0,1078.439453125,1074.9029541015625,25.125,0.0,145.92041015625,0.0,7
6544,0,1043.1170654296875,1083.87451171875,25.125,0.0,129.0234375,0.0,7
6545,0,1002.7553100585938,1083.874267578125,25.125,0.0,129.0234375,0.0,7
6546,0,964.0526123046875,1090.765625,25.125,0.0,112.12646484375,0.0,7
6547,0,932.5853271484375,1118.90966796875,25.125,0.0,129.0234375,0.0,7
6548,0,906.1748657226562,1150.6455078125,25.125,0.0,112.12646484375,0.0,7
6549,0,886.545166015625,1187.7950439453125,25.125,0.0,95.2294921875,0.0,7
6550,0,873.0720825195312,1227.4697265625,25.125,0.0,112.12646484375,0.0,7
6551,0,857.3662719726562,1265.5191650390625,25.125,0.0,129.0234375,0.0,7
6552,0,831.4683227539062,1283.87451171875,25.125,0.0,145.92041015625,0.0,7
6553,0,790.6953125,1283.8748779296875,25.125,0.0,162.8173828125,0.0,7
6554,0,748.759765625,1285.512451171875,25.125,0.0,179.7088623046875,0.0,7
6555,0,716.1258544921875,1285.03271484375,25.125,0.0,-163.3941650390625,0.0,7
6556,0,716.1259155273438,1282.6939697265625,25.125,0.0,179.7088623046875,0.0,7
6557,0,716.1259155273438,1281.5076904296875,25.125,0.0,-163.3941650390625,0.0,7
6558,0,716.1256103515625,1276.272216796875,25.125,0.0,-163.3941650390625,0.0,7
6559,0,716.1257934570312,1262.6329345703125,25.125,0.0,-146.4971923828125,0.0,7
6560,0,716.1254272460938,1234.563232421875,25.125,0.0,-129.6002197265625,0.0,7
6561,0,716.1257934570312,1194.9698486328125,25.125,0.0,-146.4971923828125,0.0,7
6562,0,707.301025390625,1156.193115234375,25.125,0.0,-146.4971923828125,0.0,7
6563,0,676.8072509765625,1122.9578857421875,25.125,0.0,-163.3941650390625,0.0,7
6564,0,640.9151611328125,1101.106689453125,25.125,0.0,-163.3941650390625,0.0,7
6565,0,604.1954956054688,1083.401123046875,25.125,0.0,-146.4971923828125,0.0,7
6566,0,568.6808471679688,1063.426025390625,25.125,0.0,-146.4971923828125,0.0,7
6567,0,534.767578125,1040.2000732421875,25.125,0.0,-129.6002197265625,0.0,7
6568,0,503.78387451171875,1011.8419799804688,25.125,0.0,-129.6002197265625,0.0,7
6569,0,477.0098571777344,980.4136962890625,25.125,0.0,-112.7032470703125,0.0,7
6570,0,456.49224853515625,942.5968627929688,25.125,0.0,-95.8062744140625,0.0,7
6571,0,446.8171691894531,916.1259155273438,25.125,0.0,-78.914794921875,0.0,7
6572,0,447.9015197753906,916.1259155273438,25.125,0.0,-78.914794921875,0.0,7
6573,0,452.82513427734375,916.1257934570312,25.125,0.0,-62.017822265625,0.0,7
6574,0,472.45452880859375,916.1254272460938,25.125,0.0,-45.120849609375,0.0,7
6575,0,506.8208312988281,916.1256713867188,25.125,0.0,-45.120849609375,0.0,7
6576,0,548.0547485351562,909.2020263671875,25.125,0.0,-28.223876953125,0.0,7
6577,0,587.7672119140625,896.324951171875,25.125,0.0,-11.326904296875,0.0,7
6578,0,628.1177978515625,887.4349975585938,25.125,0.0,5.5645751953125,0.0,7
6579,0,670.1422729492188,885.0989990234375,25.125,0.0,5.5645751953125,0.0,7
6580,0,710.918212890625,884.4371948242188,25.125,0.0,-11.326904296875,0.0,7
6581,0,752.5700073242188,882.012451171875,25.125,0.0,5.5645751953125,0.0,7
6582,0,793.3135986328125,880.7069091796875,25.125,0.0,-11.326904296875,0.0,7
6583,0,834.268798828125,874.20458984375,25.125,0.0,-28.223876953125,0.0,7
6584,0,873.4764404296875,862.74951171875,25.125,0.0,-11.326904296875,0.0,7
6585,0,912.91455078125,852.7185668945312,25.125,0.0,-11.326904296875,0.0,7
6586,0,954.3192138671875,845.4139404296875,25.125,0.0,5.5645751953125,0.0,7
6587,0,983.8744506835938,845.9034423828125,25.125,0.0,22.4615478515625,0.0,7
6588,0,983.8741455078125,856.66455078125,25.125,0.0,22.4615478515625,0.0,7
6589,0,983.874267578125,878.2123413085938,25.125,0.0,39.3585205078125,0.0,7
6590,0,983.87451171875,913.9220581054688,25.125,0.0,56.2554931640625,0.0,7
6591,0,983.874267578125,958.190185546875,25.125,0.0,39.3585205078125,0.0,7
6592,0,983.87451171875,1002.3431396484375,25.125,0.0,39.3585205078125,0.0,7
6593,0,992.2482299804688,1046.5562744140625,25.125,0.0,39.3585205078125,0.0,7
6594,0,1012.3723754882812,1082.00634765625,25.125,0.0,56.2554931640625,0.0,7
6595,0,1039.0986328125,1083.874267578125,25.125,0.0,56.2554931640625,0.0,7
6596,0,1071.6446533203125,1083.874267578125,25.125,0.0,56.2554931640625,0.0,7
6597,0,1105.0771484375,1083.8741455078125,25.125,0.0,73.1524658203125,0.0,7
6598,0,1134.20849609375,1093.2039794921875,25.125,0.0,56.2554931640625,0.0,7
6599,0,1162.43994140625,1124.662109375,25.125,0.0,73.1524658203125,0.0,7
6600,0,1184.3690185546875,1160.45947265625,25.125,0.0,56.2554931640625,0.0,7
6601,0,1207.799072265625,1194.218994140625,25.125,0.0,39.3585205078125,0.0,7
6602,0,1238.4698486328125,1224.1827392578125,25.125,0.0,22.4615478515625,0.0,7
6603,0,1270.9017333984375,1247.4837646484375,25.125,0.0,39.3585205078125,0.0,7
6604,0,1304.171875,1272.5179443359375,25.125,0.0,39.3585205078125,0.0,7
6605,0,1335.1524658203125,1299.451904296875,25.125,0.0,56.2554931640625,0.0,7
6606,0,1364.1134033203125,1329.5120849609375,25.125,0.0,39.3585205078125,0.0,7
6607,0,1392.5302734375,1358.76171875,25.125,0.0,56.2554931640625,0.0,7
6608,0,1418.40771484375,1384.3934326171875,25.125,0.0,56.2554931640625,0.0,7
6609,0,1448.455078125,1406.9127197265625,25.125,0.0,56.2554931640625,0.0,7
6610,0,1474.49462890625,1439.665771484375,25.125,0.0,73.1524658203125,0.0,7
6611,0,1492.291259765625,1479.195068359375,25.125,0.0,90.0494384765625,0.0,7
6612,0,1500.588623046875,1518.882080078125,25.125,0.0,90.0494384765625,0.0,7
6613,0,1480.157470703125,1545.7647705078125,25.125,0.0,90.0494384765625,0.0,7
6614,0,1457.0916748046875,1579.9573974609375,25.125,0.0,90.0494384765625,0.0,7
6615,0,1446.4990234375,1621.5482177734375,25.125,0.0,90.0494384765625,0.0,7
6616,0,1439.9986572265625,1661.78662109375,25.125,0.0,106.94091796875,0.0,7
6617,0,1429.03271484375,1701.680419921875,25.125,0.0,123.837890625,0.0,7
6618,0,1408.900634765625,1739.7445068359375,25.125,0.0,140.73486328125,0.0,7
6619,0,1380.0416259765625,1770.87646484375,25.125,0.0,157.6318359375,0.0,7
6620,0,1342.662841796875,1793.4100341796875,25.125,0.0,174.52880859375,0.0,7
6621,0,1304.2230224609375,1807.732177734375,25.125,0.0,157.6318359375,0.0,7
6622,0,1266.5262451171875,1824.1143798828125,25.125,0.0,140.73486328125,0.0,7
6623,0,1231.98583984375,1847.7974853515625,25.125,0.0,123.837890625,0.0,7
6624,0,1204.06884765625,1879.63427734375,25.125,0.0,106.94091796875,0.0,7
6625,0,1183.8651123046875,1916.9671630859375,25.125,0.0,106.94091796875,0.0,7
6626,0,1168.54150390625,1954.783203125,25.125,0.0,106.94091796875,0.0,7
6627,0,1156.68798828125,1983.8740234375,25.125,0.0,90.0494384765625,0.0,7
6628,0,1150.0172119140625,1983.8743896484375,25.125,0.0,106.94091796875,0.0,7
6629,0,1135.9525146484375,1983.874267578125,25.125,0.0,123.837890625,0.0,7
6630,0,1109.720703125,1983.874267578125,25.125,0.0,123.837890625,0.0,7
6631,0,1077.167724609375,1983.874267578125,25.125,0.0,123.837890625,0.0,7
6632,0,1039.322509765625,1983.8743896484375,25.125,0.0,140.73486328125,0.0,7
6633,0,996.1497802734375,1983.87451171875,25.125,0.0,123.837890625,0.0,7
6634,0,951.79248046875,1983.8743896484375,25.125,0.0,140.73486328125,0.0,7
6635,0,903.9924926757812,1983.8746337890625,25.125,0.0,140.73486328125,0.0,7
6636,0,853.5886840820312,1983.87451171875,25.125,0.0,140.73486328125,0.0,7
6637,0,807.8173828125,1983.8748779296875,25.125,0.0,157.6318359375,0.0,7
6638,0,770.0377807617188,1962.14990234375,25.125,0.0,157.6318359375,0.0,7
6639,0,729.2501220703125,1947.49267578125,25.125,0.0,174.52880859375,0.0,7
6640,0,686.9100952148438,1945.98828125,25.125,0.0,157.6318359375,0.0,7
6641,0,646.1057739257812,1953.624267578125,25.125,0.0,157.6318359375,0.0,7
6642,0,607.0715942382812,1967.71923828125,25.125,0.0,140.73486328125,0.0,7
6643,0,570.2169189453125,1983.874267578125,25.125,0.0,123.837890625,0.0,7
6644,0,531.6815795898438,1983.8746337890625,25.125,0.0,140.73486328125,0.0,7
6645,0,484.96075439453125,1983.8743896484375,25.125,0.0,140.73486328125,0.0,7
6646,0,435.93194580078125,1983.87451171875,25.125,0.0,140.73486328125,0.0,7
6647,0,419.03179931640625,1983.874267578125,25.125,0.0,140.73486328125,0.0,7
6648,0,402.65069580078125,1983.8746337890625,25.125,0.0,157.6318359375,0.0,7
6649,0,362.58746337890625,1983.8748779296875,25.125,0.0,157.6318359375,0.0,7
6650,0,316.66632080078125,1983.8743896484375,25.125,0.0,140.73486328125,0.0,7
6651,0,269.2032470703125,1983.87451171875,25.125,0.0,123.837890625,0.0,7
6652,0,228.24989318847656,1983.8741455078125,25.125,0.0,106.94091796875,0.0,7
6653,0,201.70327758789062,1983.8743896484375,25.125,0.0,90.0494384765625,0.0,7
6654,0,185.49325561523438,1983.8741455078125,25.125,0.0,106.94091796875,0.0,7
6655,0,171.43699645996094,1983.8740234375,25.125,0.0,90.0494384765625,0.0,7
6656,0,162.0220184326172,1983.8741455078125,25.125,0.0,106.94091796875,0.0,7
6657,0,146.20730590820312,1983.874267578125,25.125,0.0,123.837890625,0.0,7
6658,0,121.77449035644531,1983.8743896484375,25.125,0.0,106.94091796875,0.0,7
6659,0,116.1252670288086,1983.875,25.125,0.0,106.94091796875,0.0,7
6660,0,138.11175537109375,1983.8748779296875,25.125,0.0,106.94091796875,0.0,7
6661,0,154.25352478027344,1983.8741455078125,25.125,0.0,106.94091796875,0.0,7
6662,0,147.57496643066406,1983.87451171875,25.125,0.0,123.837890625,0.0,7
6663,0,127.5972900390625,1983.8741455078125,25.125,0.0,106.94091796875,0.0,7
6664,0,116.1252670288086,1983.875,25.125,0.0,106.94091796875,0.0,7
6665,0,116.125,1983.875,25.125,0.0,90.0494384765625,0.0,7
6666,0,116.125,1983.8741455078125,25.125,0.0,106.94091796875,0.0,7
6667,0,116.125,1983.87451171875,25.125,0.0,123.837890625,0.0,7
6668,0,116.125,1983.8743896484375,25.125,0.0,140.73486328125,0.0,7
6669,0,116.125,1983.8746337890625,25.125,0.0,140.73486328125,0.0,7
6670,0,116.125,1983.8746337890625,25.125,0.0,157.6318359375,0.0,7
6671,0,116.125,1983.8748779296875,25.125,0.0,174.52880859375,0.0,7
6672,0,116.12590789794922,1983.3240966796875,25.125,0.0,-168.57421875,0.0,7
6673,0,116.12592315673828,1983.0867919921875,25.125,0.0,174.52880859375,0.0,7
6674,0,116.1256103515625,1982.638916015625,25.125,0.0,-168.57421875,0.0,7
6675,0,116.12581634521484,1977.5196533203125,25.125,0.0,-151.6827392578125,0.0,7
6676,0,116.12544250488281,1957.5379638671875,25.125,0.0,-134.7857666015625,0.0,7
6677,0,116.12581634521484,1924.2164306640625,25.125,0.0,-151.6827392578125,0.0,7
6678,0,116.12544250488281,1889.4617919921875,25.125,0.0,-134.7857666015625,0.0,7
6679,0,116.12528991699219,1845.3212890625,25.125,0.0,-117.8887939453125,0.0,7
6680,0,116.12564849853516,1798.031982421875,25.125,0.0,-134.7857666015625,0.0,7
6681,0,116.12527465820312,1749.599853515625,25.125,0.0,-117.8887939453125,0.0,7
6682,0,116.1250991821289,1707.0428466796875,25.125,0.0,-100.9918212890625,0.0,7
6683,0,116.12525939941406,1664.1680908203125,25.125,0.0,-117.8887939453125,0.0,7
6684,0,116.12564849853516,1615.7254638671875,25.125,0.0,-134.7857666015625,0.0,7
6685,0,116.12544250488281,1600.6961669921875,25.125,0.0,-134.7857666015625,0.0,7
6686,0,116.12581634521484,1589.8236083984375,25.125,0.0,-151.6827392578125,0.0,7
6687,0,116.12554931640625,1567.4876708984375,25.125,0.0,-151.6827392578125,0.0,7
6688,0,116.12590789794922,1541.7916259765625,25.125,0.0,-168.57421875,0.0,7
6689,0,116.12592315673828,1525.322998046875,25.125,0.0,174.52880859375,0.0,7
6690,0,116.12590789794922,1518.9261474609375,25.125,0.0,-168.57421875,0.0,7
6691,0,116.12590789794922,1513.523193359375,25.125,0.0,-168.57421875,0.0,7
6692,0,116.1251220703125,1532.441650390625,25.125,0.0,-168.57421875,0.0,7
6693,0,116.12581634521484,1546.5487060546875,25.125,0.0,-151.6827392578125,0.0,7
6694,0,116.12544250488281,1534.055908203125,25.125,0.0,-134.7857666015625,0.0,7
6695,0,116.12564849853516,1501.926513671875,25.125,0.0,-134.7857666015625,0.0,7
6696,0,116.12528228759766,1459.6868896484375,25.125,0.0,-117.8887939453125,0.0,7
6697,0,116.1250991821289,1417.136474609375,25.125,0.0,-100.9918212890625,0.0,7
6698,0,116.12535095214844,1374.236083984375,25.125,0.0,-117.8887939453125,0.0,7
6699,0,116.12544250488281,1326.894287109375,25.125,0.0,-134.7857666015625,0.0,7
6700,0,116.12581634521484,1279.81103515625,25.125,0.0,-151.6827392578125,0.0,7
6701,0,116.1256103515625,1243.4425048828125,25.125,0.0,-168.57421875,0.0,7
6702,0,116.12592315673828,1221.4490966796875,25.125,0.0,174.52880859375,0.0,7
6703,0,116.12557983398438,1218.248291015625,25.125,0.0,157.6318359375,0.0,7
6704,0,116.12571716308594,1231.4722900390625,25.125,0.0,140.73486328125,0.0,7
6705,0,116.1255111694336,1262.3321533203125,25.125,0.0,123.837890625,0.0,7
6706,0,116.12571716308594,1304.771240234375,25.125,0.0,140.73486328125,0.0,7
6707,0,116.1258544921875,1345.50048828125,25.125,0.0,157.6318359375,0.0,7
6708,0,116.12562561035156,1375.9566650390625,25.125,0.0,174.52880859375,0.0,7
6709,0,116.12590789794922,1391.22216796875,25.125,0.0,-168.57421875,0.0,7
6710,0,116.1256103515625,1390.97607421875,25.125,0.0,-168.57421875,0.0,7
6711,0,116.12592315673828,1390.6624755859375,25.125,0.0,174.52880859375,0.0,7
6712,0,116.12557983398438,1393.170166015625,25.125,0.0,157.6318359375,0.0,7
6713,0,116.12592315673828,1401.16845703125,25.125,0.0,174.52880859375,0.0,7
6714,0,118.33710479736328,1428.9556884765625,25.125,0.0,174.52880859375,0.0,7
6715,0,116.12562561035156,1457.5308837890625,25.125,0.0,174.52880859375,0.0,7
6716,0,116.1258544921875,1476.9432373046875,25.125,0.0,157.6318359375,0.0,7
6717,0,116.12548828125,1501.623291015625,25.125,0.0,140.73486328125,0.0,7
6718,0,116.12571716308594,1536.41796875,25.125,0.0,140.73486328125,0.0,7
6719,0,116.12548828125,1575.321044921875,25.125,0.0,140.73486328125,0.0,7
6720,0,116.12571716308594,1617.4508056640625,25.125,0.0,140.73486328125,0.0,7
6721,0,116.1258544921875,1657.052490234375,25.125,0.0,157.6318359375,0.0,7
6722,0,116.12571716308594,1693.3980712890625,25.125,0.0,140.73486328125,0.0,7
6723,0,116.1258544921875,1729.6649169921875,25.125,0.0,157.6318359375,0.0,7
6724,0,116.12557983398438,1760.845458984375,25.125,0.0,157.6318359375,0.0,7
6725,0,116.12592315673828,1786.075439453125,25.125,0.0,174.52880859375,0.0,7
6726,0,116.1256103515625,1798.7198486328125,25.125,0.0,-168.57421875,0.0,7
6727,0,116.12581634521484,1795.074462890625,25.125,0.0,-151.6827392578125,0.0,7
6728,0,116.12544250488281,1775.7952880859375,25.125,0.0,-134.7857666015625,0.0,7
6729,0,116.12581634521484,1742.8839111328125,25.125,0.0,-151.6827392578125,0.0,7
6730,0,125.50992584228516,1703.656005859375,25.125,0.0,-151.6827392578125,0.0,7
6731,0,116.12590789794922,1669.0126953125,25.125,0.0,-168.57421875,0.0,7
6732,0,116.12592315673828,1648.653076171875,25.125,0.0,174.52880859375,0.0,7
6733,0,116.12557983398438,1646.0009765625,25.125,0.0,157.6318359375,0.0,7
6734,0,116.12592315673828,1652.81884765625,25.125,0.0,174.52880859375,0.0,7
6735,0,116.1256103515625,1654.3515625,25.125,0.0,-168.57421875,0.0,7
6736,0,116.12581634521484,1649.1920166015625,25.125,0.0,-151.6827392578125,0.0,7
6737,0,116.12554931640625,1631.5703125,25.125,0.0,-151.6827392578125,0.0,7
6738,0,116.12590789794922,1608.104248046875,25.125,0.0,-168.57421875,0.0,7
6739,0,116.12581634521484,1586.560546875,25.125,0.0,-151.6827392578125,0.0,7
6740,0,116.12581634521484,1559.2635498046875,25.125,0.0,-151.6827392578125,0.0,7
6741,0,116.12564849853516,1526.9556884765625,25.125,0.0,-134.7857666015625,0.0,7
6742,0,116.12544250488281,1486.6031494140625,25.125,0.0,-134.7857666015625,0.0,7
6743,0,116.12564849853516,1440.889404296875,25.125,0.0,-134.7857666015625,0.0,7
6744,0,116.12519073486328,1395.4600830078125,25.125,0.0,-117.8887939453125,0.0,7
6745,0,116.12564849853516,1347.013916015625,25.125,0.0,-134.7857666015625,0.0,7
6746,0,116.12581634521484,1301.0797119140625,25.125,0.0,-151.6827392578125,0.0,7
6747,0,116.12581634521484,1261.2064208984375,25.125,0.0,-151.6827392578125,0.0,7
6748,0,116.12543487548828,1257.767333984375,25.125,0.0,-151.6827392578125,0.0,7
6749,0,116.12544250488281,1253.849365234375,25.125,0.0,-134.7857666015625,0.0,7
6750,0,116.12564849853516,1225.6614990234375,25.125,0.0,-134.7857666015625,0.0,7
6751,0,116.12544250488281,1220.413818359375,25.125,0.0,-134.7857666015625,0.0,7
6752,0,116.12543487548828,1208.939453125,25.125,0.0,-117.8887939453125,0.0,7
6753,0,116.12528991699219,1172.4974365234375,25.125,0.0,-117.8887939453125,0.0,7
6754,0,116.1250991821289,1128.9493408203125,25.125,0.0,-100.9918212890625,0.0,7
6755,0,116.12535095214844,1086.0489501953125,25.125,0.0,-117.8887939453125,0.0,7
6756,0,116.12532043457031,1040.2474365234375,25.125,0.0,-117.8887939453125,0.0,7
6757,0,116.12564849853516,992.9611206054688,25.125,0.0,-134.7857666015625,0.0,7
6758,0,116.12544250488281,944.6043701171875,25.125,0.0,-134.7857666015625,0.0,7
6759,0,116.12581634521484,897.582763671875,25.125,0.0,-151.6827392578125,0.0,7
6760,0,116.1256103515625,861.214111328125,25.125,0.0,-168.57421875,0.0,7
6761,0,116.12592315673828,839.2205810546875,25.125,0.0,174.52880859375,0.0,7
6762,0,116.12557983398438,835.9111328125,25.125,0.0,157.6318359375,0.0,7
6763,0,116.12571716308594,848.8843383789062,25.125,0.0,140.73486328125,0.0,7
6764,0,116.1258544921875,874.751220703125,25.125,0.0,157.6318359375,0.0,7
6765,0,116.12592315673828,899.0192260742188,25.125,0.0,174.52880859375,0.0,7
6766,0,116.12590789794922,910.7886962890625,25.125,0.0,-168.57421875,0.0,7
6767,0,116.12554931640625,906.9248657226562,25.125,0.0,-151.6827392578125,0.0,7
6768,0,116.12564849853516,887.0564575195312,25.125,0.0,-134.7857666015625,0.0,7
6769,0,116.12554931640625,854.7234497070312,25.125,0.0,-151.6827392578125,0.0,7
6770,0,116.12564849853516,818.1417846679688,25.125,0.0,-134.7857666015625,0.0,7
6771,0,116.12528228759766,774.8681640625,25.125,0.0,-117.8887939453125,0.0,7
6772,0,135.5941162109375,735.2984008789062,25.125,0.0,-117.8887939453125,0.0,7
6773,0,133.00732421875,723.62890625,25.125,0.0,-117.8887939453125,0.0,7
6774,0,116.12544250488281,705.855224609375,25.125,0.0,-134.7857666015625,0.0,7
6775,0,116.12581634521484,672.116943359375,25.125,0.0,-151.6827392578125,0.0,7
6776,0,116.12554931640625,638.7769775390625,25.125,0.0,-151.6827392578125,0.0,7
6777,0,116.12590789794922,608.2254638671875,25.125,0.0,-168.57421875,0.0,7
6778,0,116.12562561035156,589.5769653320312,25.125,0.0,174.52880859375,0.0,7
6779,0,116.1258544921875,587.5699462890625,25.125,0.0,157.6318359375,0.0,7
6780,0,116.12571716308594,600.4993286132812,25.125,0.0,140.73486328125,0.0,7
6781,0,116.12571716308594,629.0262451171875,25.125,0.0,140.73486328125,0.0,7
6782,0,116.1255111694336,667.7243041992188,25.125,0.0,123.837890625,0.0,7
6783,0,116.12530517578125,714.0974731445312,25.125,0.0,123.837890625,0.0,7
6784,0,116.12571716308594,763.3351440429688,25.125,0.0,140.73486328125,0.0,7
6785,0,116.12557983398438,806.7824096679688,25.125,0.0,157.6318359375,0.0,7
6786,0,116.12592315673828,839.083251953125,25.125,0.0,174.52880859375,0.0,7
6787,0,116.12562561035156,857.5930786132812,25.125,0.0,174.52880859375,0.0,7
6788,0,116.12592315673828,869.5182495117188,25.125,0.0,174.52880859375,0.0,7
6789,0,116.12590789794922,873.083251953125,25.125,0.0,-168.57421875,0.0,7
6790,0,116.1256103515625,871.3213500976562,25.125,0.0,-168.57421875,0.0,7
6791,0,116.12581634521484,865.6004028320312,25.125,0.0,-151.6827392578125,0.0,7
6792,0,116.12544250488281,845.1309814453125,25.125,0.0,-134.7857666015625,0.0,7
6793,0,116.12543487548828,807.2025756835938,25.125,0.0,-117.8887939453125,0.0,7
6794,0,116.12522888183594,762.4666137695312,25.125,0.0,-117.8887939453125,0.0,7
6795,0,116.12564849853516,714.0507202148438,25.125,0.0,-134.7857666015625,0.0,7
6796,0,116.12581634521484,668.116455078125,25.125,0.0,-151.6827392578125,0.0,7
6797,0,116.12590789794922,631.0224609375,25.125,0.0,-168.57421875,0.0,7
6798,0,116.12590789794922,606.4197998046875,25.125,0.0,-168.57421875,0.0,7
6799,0,116.1256103515625,587.9089965820312,25.125,0.0,-168.57421875,0.0,7
6800,0,116.12592315673828,575.226318359375,25.125,0.0,174.52880859375,0.0,7
6801,0,116.12562561035156,573.8712768554688,25.125,0.0,174.52880859375,0.0,7
6802,0,116.1258544921875,576.4353637695312,25.125,0.0,157.6318359375,0.0,7
6803,0,116.12562561035156,584.2716674804688,25.125,0.0,174.52880859375,0.0,7
6804,0,116.12590789794922,586.4078369140625,25.125,0.0,-168.57421875,0.0,7
6805,0,116.12592315673828,586.170654296875,25.125,0.0,174.52880859375,0.0,7
6806,0,116.12590789794922,585.68310546875,25.125,0.0,-168.57421875,0.0,7
6807,0,116.12581634521484,580.5971069335938,25.125,0.0,-151.6827392578125,0.0,7
6808,0,116.1256103515625,565.8681640625,25.125,0.0,-168.57421875,0.0,7
6809,0,116.12518310546875,578.1232299804688,25.125,0.0,-168.57421875,0.0,7
6810,0,116.12554931640625,589.056396484375,25.125,0.0,-151.6827392578125,0.0,7
6811,0,116.12590789794922,581.0311279296875,25.125,0.0,-168.57421875,0.0,7
6812,0,116.1256103515625,570.9151000976562,25.125,0.0,-168.57421875,0.0,7
6813,0,116.12581634521484,556.5781860351562,25.125,0.0,-151.6827392578125,0.0,7
6814,0,116.12590789794922,536.191162109375,25.125,0.0,-168.57421875,0.0,7
6815,0,116.12590789794922,518.4591674804688,25.125,0.0,-168.57421875,0.0,7
6816,0,116.125,516.1254272460938,25.125,0.0,-151.6827392578125,0.0,7
6817,0,116.125,516.1254272460938,25.125,0.0,-134.7857666015625,0.0,7
6818,0,116.125,516.1257934570312,25.125,0.0,-117.8887939453125,0.0,7
6819,0,116.125,516.1255493164062,25.125,0.0,-117.8887939453125,0.0,7
6820,0,116.125,516.1259155273438,25.125,0.0,-100.9918212890625,0.0,7
6821,0,116.28873443603516,516.1259155273438,25.125,0.0,-84.0948486328125,0.0,7
6822,0,118.99466705322266,516.1258544921875,25.125,0.0,-67.203369140625,0.0,7
6823,0,133.41587829589844,516.125732421875,25.125,0.0,-50.306396484375,0.0,7
6824,0,165.02621459960938,516.1253662109375,25.125,0.0,-33.409423828125,0.0,7
6825,0,208.74371337890625,516.1251220703125,25.125,0.0,-16.512451171875,0.0,7
6826,0,249.7156524658203,515.099365234375,25.125,0.0,0.384521484375,0.0,7
6827,0,291.7560119628906,516.2249145507812,25.125,0.0,17.281494140625,0.0,7
6828,0,331.73272705078125,524.9266967773438,25.125,0.0,34.1729736328125,0.0,7
6829,0,370.5328063964844,541.8379516601562,25.125,0.0,34.1729736328125,0.0,7
6830,0,406.95343017578125,560.134521484375,25.125,0.0,17.281494140625,0.0,7
6831,0,446.9919128417969,574.1679077148438,25.125,0.0,0.384521484375,0.0,7
6832,0,487.5871887207031,580.96044921875,25.125,0.0,0.384521484375,0.0,7
6833,0,528.3551635742188,584.3342895507812,25.125,0.0,17.281494140625,0.0,7
6834,0,569.9683837890625,588.27490234375,25.125,0.0,0.384521484375,0.0,7
6835,0,611.1843872070312,588.7437133789062,25.125,0.0,-16.512451171875,0.0,7
6836,0,653.368896484375,580.5341796875,25.125,0.0,-33.409423828125,0.0,7
6837,0,690.7564697265625,562.6602172851562,25.125,0.0,-50.306396484375,0.0,7
6838,0,723.4799194335938,533.735595703125,25.125,0.0,-67.203369140625,0.0,7
6839,0,748.57958984375,501.29302978515625,25.125,0.0,-50.306396484375,0.0,7
6840,0,772.7537841796875,467.15826416015625,25.125,0.0,-67.203369140625,0.0,7
6841,0,791.2247924804688,429.8073425292969,25.125,0.0,-84.0948486328125,0.0,7
6842,0,800.678955078125,388.61297607421875,25.125,0.0,-100.9918212890625,0.0,7
6843,0,800.9730224609375,346.1783752441406,25.125,0.0,-100.9918212890625,0.0,7
6844,0,798.6958618164062,305.48773193359375,25.125,0.0,-84.0948486328125,0.0,7
6845,0,799.5512084960938,263.7542419433594,25.125,0.0,-84.0948486328125,0.0,7
6846,0,804.2745971679688,222.89210510253906,25.125,0.0,-67.203369140625,0.0,7
6847,0,819.5452880859375,216.12571716308594,25.125,0.0,-50.306396484375,0.0,7
6848,0,846.7708129882812,216.1258544921875,25.125,0.0,-67.203369140625,0.0,7
6849,0,876.8488159179688,216.12548828125,25.125,0.0,-50.306396484375,0.0,7
6850,0,916.4552612304688,216.12550354003906,25.125,0.0,-33.409423828125,0.0,7
6851,0,958.2201538085938,209.3291015625,25.125,0.0,-16.512451171875,0.0,7
6852,0,999.1905517578125,201.06944274902344,25.125,0.0,0.384521484375,0.0,7
6853,0,1040.774658203125,198.87576293945312,25.125,0.0,17.281494140625,0.0,7
6854,0,1083.2723388671875,206.7550048828125,25.125,0.0,34.1729736328125,0.0,7
6855,0,1083.8743896484375,229.67617797851562,25.125,0.0,51.0699462890625,0.0,7
6856,0,1083.874755859375,269.34564208984375,25.125,0.0,67.9669189453125,0.0,7
6857,0,1083.875,310.9176330566406,25.125,0.0,84.8638916015625,0.0,7
6858,0,1083.1005859375,351.69189453125,25.125,0.0,101.7608642578125,0.0,7
6859,0,1076.3900146484375,393.6623229980469,25.125,0.0,118.6578369140625,0.0,7
6860,0,1064.759033203125,432.813232421875,25.125,0.0,101.7608642578125,0.0,7
6861,0,1056.0684814453125,474.094970703125,25.125,0.0,84.8638916015625,0.0,7
6862,0,1055.8192138671875,516.082275390625,25.125,0.0,67.9669189453125,0.0,7
6863,0,1066.561767578125,558.150634765625,25.125,0.0,51.0699462890625,0.0,7
6864,0,1086.078369140625,583.874267578125,25.125,0.0,51.0699462890625,0.0,7
6865,0,1116.6031494140625,583.87451171875,25.125,0.0,51.0699462890625,0.0,7
6866,0,1151.19140625,583.8741455078125,25.125,0.0,67.9669189453125,0.0,7
6867,0,1184.30517578125,583.87451171875,25.125,0.0,51.0699462890625,0.0,7
6868,0,1220.1578369140625,584.7313842773438,25.125,0.0,67.9669189453125,0.0,7
6869,0,1252.1304931640625,607.5799560546875,25.125,0.0,51.0699462890625,0.0,7
6870,0,1280.3258056640625,639.3839721679688,25.125,0.0,67.9669189453125,0.0,7
6871,0,1300.4390869140625,676.4619140625,25.125,0.0,84.8638916015625,0.0,7
6872,0,1309.447021484375,683.8740844726562,25.125,0.0,101.7608642578125,0.0,7
6873,0,1304.555908203125,683.8742065429688,25.125,0.0,118.6578369140625,0.0,7
6874,0,1284.4002685546875,683.8745727539062,25.125,0.0,135.54931640625,0.0,7
6875,0,1249.4063720703125,683.8743286132812,25.125,0.0,135.54931640625,0.0,7
6876,0,1216.1256103515625,683.875,25.125,0.0,152.4462890625,0.0,7
6877,0,1216.1258544921875,683.875,25.125,0.0,169.34326171875,0.0,7
6878,0,1216.1256103515625,683.707763671875,25.125,0.0,-173.759765625,0.0,7
6879,0,1216.1258544921875,680.8505249023438,25.125,0.0,-156.86279296875,0.0,7
6880,0,1216.1259765625,672.2824096679688,25.125,0.0,-173.759765625,0.0,7
6881,0,1216.1259765625,665.9404907226562,25.125,0.0,-173.759765625,0.0,7
6882,0,1216.1258544921875,660.1724853515625,25.125,0.0,-156.86279296875,0.0,7
6883,0,1216.1256103515625,648.6505126953125,25.125,0.0,-173.759765625,0.0,7
6884,0,1216.1258544921875,642.8502197265625,25.125,0.0,169.34326171875,0.0,7
6885,0,1216.1256103515625,647.5077514648438,25.125,0.0,152.4462890625,0.0,7
6886,0,1216.1256103515625,667.2489013671875,25.125,0.0,135.54931640625,0.0,7
6887,0,1216.125,683.8746948242188,25.125,0.0,152.4462890625,0.0,7
6888,0,1216.125,683.8748168945312,25.125,0.0,169.34326171875,0.0,7
6889,0,1216.1259765625,683.6968383789062,25.125,0.0,-173.759765625,0.0,7
6890,0,1216.1258544921875,680.7578735351562,25.125,0.0,-156.86279296875,0.0,7
6891,0,1216.1259765625,672.0626831054688,25.125,0.0,-173.759765625,0.0,7
6892,0,1216.1256103515625,665.699462890625,25.125,0.0,-173.759765625,0.0,7
6893,0,1216.1259765625,663.338134765625,25.125,0.0,-173.759765625,0.0,7
6894,0,1216.1256103515625,663.7125244140625,25.125,0.0,169.34326171875,0.0,7
6895,0,1216.1258544921875,665.015380859375,25.125,0.0,169.34326171875,0.0,7
6896,0,1216.1258544921875,669.6362915039062,25.125,0.0,152.4462890625,0.0,7
6897,0,1216.1258544921875,683.7357788085938,25.125,0.0,169.34326171875,0.0,7
6898,0,1216.125,683.8748168945312,25.125,0.0,169.34326171875,0.0,7
6899,0,1217.3953857421875,683.8743896484375,25.125,0.0,169.34326171875,0.0,7
6900,0,1216.1258544921875,683.875,25.125,0.0,169.34326171875,0.0,7
6901,0,1216.1256103515625,683.875,25.125,0.0,152.4462890625,0.0,7
6902,0,1216.1256103515625,683.875,25.125,0.0,135.54931640625,0.0,7
6903,0,1216.1256103515625,683.875,25.125,0.0,152.4462890625,0.0,7
6904,0,1216.1258544921875,683.875,25.125,0.0,152.4462890625,0.0,7
6905,0,1216.1258544921875,683.875,25.125,0.0,169.34326171875,0.0,7
6906,0,1216.1259765625,683.6858520507812,25.125,0.0,-173.759765625,0.0,7
6907,0,1216.1258544921875,680.8824462890625,25.125,0.0,-156.86279296875,0.0,7
6908,0,1216.1256103515625,669.0769653320312,25.125,0.0,-156.86279296875,0.0,7
6909,0,1216.1258544921875,648.74755859375,25.125,0.0,-156.86279296875,0.0,7
6910,0,1216.1256103515625,627.9127197265625,25.125,0.0,-173.759765625,0.0,7
6911,0,1216.1259765625,613.39306640625,25.125,0.0,-173.759765625,0.0,7
6912,0,1216.1256103515625,600.5982666015625,25.125,0.0,-156.86279296875,0.0,7
6913,0,1216.1259765625,583.4068603515625,25.125,0.0,-173.759765625,0.0,7
6914,0,1192.84521484375,570.876953125,25.125,0.0,-173.759765625,0.0,7
6915,0,1150.8204345703125,563.8895263671875,25.125,0.0,169.34326171875,0.0,7
6916,0,1108.726318359375,566.893798828125,25.125,0.0,152.4462890625,0.0,7
6917,0,1068.584228515625,580.9434814453125,25.125,0.0,135.54931640625,0.0,7
6918,0,1030.2774658203125,583.8742065429688,25.125,0.0,118.6578369140625,0.0,7
6919,0,997.5458984375,583.8743896484375,25.125,0.0,101.7608642578125,0.0,7
6920,0,976.9501953125,588.4830322265625,25.125,0.0,84.8638916015625,0.0,7
6921,0,970.3202514648438,622.6871948242188,25.125,0.0,84.8638916015625,0.0,7
6922,0,969.6002197265625,663.5557861328125,25.125,0.0,84.8638916015625,0.0,7
6923,0,973.3408203125,704.5877075195312,25.125,0.0,67.9669189453125,0.0,7
6924,0,985.3943481445312,744.75927734375,25.125,0.0,51.0699462890625,0.0,7
6925,0,1007.9474487304688,781.8151245117188,25.125,0.0,34.1729736328125,0.0,7
6926,0,1040.7808837890625,783.87451171875,25.125,0.0,51.0699462890625,0.0,7
6927,0,1081.3682861328125,770.822265625,25.125,0.0,51.0699462890625,0.0,7
6928,0,1117.12841796875,750.41748046875,25.125,0.0,51.0699462890625,0.0,7
6929,0,1152.7034912109375,756.5139770507812,25.125,0.0,67.9669189453125,0.0,7
6930,0,1179.495849609375,791.2183837890625,25.125,0.0,84.8638916015625,0.0,7
6931,0,1184.1151123046875,831.5816650390625,25.125,0.0,84.8638916015625,0.0,7
6932,0,1185.9339599609375,872.2219848632812,25.125,0.0,84.8638916015625,0.0,7
6933,0,1186.90673828125,913.1017456054688,25.125,0.0,101.7608642578125,0.0,7
6934,0,1183.1405029296875,954.8096923828125,25.125,0.0,101.7608642578125,0.0,7
6935,0,1178.6644287109375,995.3739624023438,25.125,0.0,84.8638916015625,0.0,7
6936,0,1180.2098388671875,1037.914794921875,25.125,0.0,67.9669189453125,0.0,7
6937,0,1187.073486328125,1078.1798095703125,25.125,0.0,84.8638916015625,0.0,7
6938,0,1190.827392578125,1120.1824951171875,25.125,0.0,101.7608642578125,0.0,7
6939,0,1186.200439453125,1161.91796875,25.125,0.0,118.6578369140625,0.0,7
6940,0,1173.602783203125,1201.346435546875,25.125,0.0,118.6578369140625,0.0,7
6941,0,1155.038330078125,1238.4073486328125,25.125,0.0,135.54931640625,0.0,7
6942,0,1132.3922119140625,1272.3839111328125,25.125,0.0,118.6578369140625,0.0,7
6943,0,1112.0316162109375,1309.3380126953125,25.125,0.0,101.7608642578125,0.0,7
6944,0,1099.56640625,1349.4241943359375,25.125,0.0,84.8638916015625,0.0,7
6945,0,1097.61572265625,1392.801513671875,25.125,0.0,67.9669189453125,0.0,7
6946,0,1107.43310546875,1434.322998046875,25.125,0.0,51.0699462890625,0.0,7
6947,0,1124.5594482421875,1472.6676025390625,25.125,0.0,67.9669189453125,0.0,7
6948,0,1142.7823486328125,1509.2371826171875,25.125,0.0,51.0699462890625,0.0,7
6949,0,1166.918212890625,1543.1739501953125,25.125,0.0,34.1729736328125,0.0,7
6950,0,1198.748046875,1570.975341796875,25.125,0.0,17.281494140625,0.0,7
6951,0,1237.1016845703125,1589.4356689453125,25.125,0.0,0.384521484375,0.0,7
6952,0,1280.22265625,1596.5159912109375,25.125,0.0,-16.512451171875,0.0,7
6953,0,1322.5762939453125,1590.9683837890625,25.125,0.0,-33.409423828125,0.0,7
6954,0,1362.506591796875,1573.038330078125,25.125,0.0,-50.306396484375,0.0,7
6955,0,1395.4095458984375,1547.5330810546875,25.125,0.0,-50.306396484375,0.0,7
6956,0,1424.12744140625,1516.1627197265625,25.125,0.0,-67.203369140625,0.0,7
6957,0,1444.8695068359375,1479.390869140625,25.125,0.0,-84.0948486328125,0.0,7
6958,0,1458.8907470703125,1440.9036865234375,25.125,0.0,-67.203369140625,0.0,7
6959,0,1471.639892578125,1402.0977783203125,25.125,0.0,-84.0948486328125,0.0,7
6960,0,1478.4473876953125,1361.0128173828125,25.125,0.0,-100.9918212890625,0.0,7
6961,0,1479.673828125,1319.1904296875,25.125,0.0,-84.0948486328125,0.0,7
6962,0,1480.505859375,1316.1256103515625,25.125,0.0,-84.0948486328125,0.0,7
6963,0,1483.2119140625,1316.1258544921875,25.125,0.0,-67.203369140625,0.0,7
6964,0,1497.633056640625,1316.125732421875,25.125,0.0,-50.306396484375,0.0,7
6965,0,1525.3551025390625,1313.6865234375,25.125,0.0,-67.203369140625,0.0,7
6966,0,1549.814697265625,1283.8199462890625,25.125,0.0,-84.0948486328125,0.0,7
6967,0,1565.9384765625,1245.860107421875,25.125,0.0,-67.203369140625,0.0,7
6968,0,1581.56298828125,1207.3021240234375,25.125,0.0,-67.203369140625,0.0,7
6969,0,1596.4765625,1170.5281982421875,25.125,0.0,-67.203369140625,0.0,7
6970,0,1612.114013671875,1131.9757080078125,25.125,0.0,-67.203369140625,0.0,7
6971,0,1625.815185546875,1093.409423828125,25.125,0.0,-84.0948486328125,0.0,7
6972,0,1635.0770263671875,1052.54541015625,25.125,0.0,-84.0948486328125,0.0,7
6973,0,1641.45556640625,1012.3482666015625,25.125,0.0,-84.0948486328125,0.0,7
6974,0,1648.4730224609375,972.0769653320312,25.125,0.0,-67.203369140625,0.0,7
6975,0,1658.3531494140625,931.5363159179688,25.125,0.0,-84.0948486328125,0.0,7
6976,0,1667.310546875,891.760986328125,25.125,0.0,-67.203369140625,0.0,7
6977,0,1682.0958251953125,851.9440307617188,25.125,0.0,-50.306396484375,0.0,7
6978,0,1702.2734375,817.1240844726562,25.125,0.0,-50.306396484375,0.0,7
6979,0,1726.3651123046875,783.0578002929688,25.125,0.0,-50.306396484375,0.0,7
6980,0,1753.0433349609375,751.7508544921875,25.125,0.0,-33.409423828125,0.0,7
6981,0,1784.54443359375,723.955810546875,25.125,0.0,-33.409423828125,0.0,7
6982,0,1815.9547119140625,697.9322509765625,25.125,0.0,-50.306396484375,0.0,7
6983,0,1846.125732421875,670.524658203125,25.125,0.0,-33.409423828125,0.0,7
6984,0,1880.691650390625,645.9632568359375,25.125,0.0,-16.512451171875,0.0,7
6985,0,1910.918212890625,654.6859741210938,25.125,0.0,-16.512451171875,0.0,7
6986,0,1950.231689453125,668.4485473632812,25.125,0.0,0.384521484375,0.0,7
6987,0,1983.8743896484375,671.7186279296875,25.125,0.0,-16.512451171875,0.0,7
6988,0,1983.8740234375,670.4364013671875,25.125,0.0,0.384521484375,0.0,7
6989,0,1983.8741455078125,671.69775390625,25.125,0.0,17.281494140625,0.0,7
6990,0,1983.874267578125,681.2960205078125,25.125,0.0,34.1729736328125,0.0,7
6991,0,1983.8743896484375,707.7251586914062,25.125,0.0,51.0699462890625,0.0,7
6992,0,1983.87451171875,745.9725341796875,25.125,0.0,34.1729736328125,0.0,7
6993,0,1983.8743896484375,788.308837890625,25.125,0.0,51.0699462890625,0.0,7
6994,0,1983.8748779296875,833.2794189453125,25.125,0.0,67.9669189453125,0.0,7
6995,0,1983.8743896484375,880.1923828125,25.125,0.0,51.0699462890625,0.0,7
6996,0,1983.87451171875,929.1904907226562,25.125,0.0,51.0699462890625,0.0,7
6997,0,1983.87451171875,978.3570556640625,25.125,0.0,51.0699462890625,0.0,7
6998,0,1983.87451171875,1027.5118408203125,25.125,0.0,51.0699462890625,0.0,7
6999,0,1983.87451171875,1075.865478515625,25.125,0.0,34.1729736328125,0.0,7
7000,0,1983.8743896484375,1122.7003173828125,25.125,0.0,51.0699462890625,0.0,7
7001,0,1983.8746337890625,1171.3135986328125,25.125,0.0,51.0699462890625,0.0,7
7002,0,1983.87451171875,1221.595703125,25.125,0.0,51.0699462890625,0.0,7
7003,0,1983.8748779296875,1267.2640380859375,25.125,0.0,67.9669189453125,0.0,7
7004,0,1983.874755859375,1311.43798828125,25.125,0.0,67.9669189453125,0.0,7
7005,0,1983.874755859375,1354.60302734375,25.125,0.0,67.9669189453125,0.0,7
7006,0,1983.875,1383.8740234375,25.125,0.0,84.8638916015625,0.0,7
7007,0,1983.3173828125,1383.8741455078125,25.125,0.0,101.7608642578125,0.0,7
7008,0,1983.0101318359375,1383.8743896484375,25.125,0.0,84.8638916015625,0.0,7
7009,0,1982.5048828125,1383.8741455078125,25.125,0.0,101.7608642578125,0.0,7
7010,0,1977.16650390625,1383.8743896484375,25.125,0.0,118.6578369140625,0.0,7
7011,0,1956.0604248046875,1383.8743896484375,25.125,0.0,135.54931640625,0.0,7
7012,0,1918.812744140625,1383.874755859375,25.125,0.0,152.4462890625,0.0,7
7013,0,1875.34326171875,1383.9736328125,25.125,0.0,169.34326171875,0.0,7
7014,0,1834.557373046875,1386.9884033203125,25.125,0.0,169.34326171875,0.0,7
7015,0,1794.033203125,1394.487060546875,25.125,0.0,152.4462890625,0.0,7
7016,0,1755.2213134765625,1407.955810546875,25.125,0.0,152.4462890625,0.0,7
7017,0,1717.161865234375,1422.58984375,25.125,0.0,169.34326171875,0.0,7
7018,0,1677.62646484375,1435.93212890625,25.125,0.0,152.4462890625,0.0,7
7019,0,1639.373046875,1450.0113525390625,25.125,0.0,169.34326171875,0.0,7
7020,0,1599.154541015625,1461.2327880859375,25.125,0.0,169.34326171875,0.0,7
7021,0,1558.64501953125,1468.50537109375,25.125,0.0,-173.759765625,0.0,7
7022,0,1516.6446533203125,1469.8992919921875,25.125,0.0,-173.759765625,0.0,7
7023,0,1475.856201171875,1469.8836669921875,25.125,0.0,169.34326171875,0.0,7
7024,0,1434.702880859375,1475.5633544921875,25.125,0.0,152.4462890625,0.0,7
7025,0,1416.1258544921875,1486.9267578125,25.125,0.0,169.34326171875,0.0,7
7026,0,1416.1256103515625,1499.228759765625,25.125,0.0,169.34326171875,0.0,7
7027,0,1416.1258544921875,1514.900390625,25.125,0.0,152.4462890625,0.0,7
7028,0,1397.147216796875,1540.60888671875,25.125,0.0,135.54931640625,0.0,7
7029,0,1369.6549072265625,1572.1295166015625,25.125,0.0,118.6578369140625,0.0,7
7030,0,1347.499755859375,1607.412353515625,25.125,0.0,101.7608642578125,0.0,7
7031,0,1333.7374267578125,1648.40234375,25.125,0.0,84.8638916015625,0.0,7
7032,0,1327.3216552734375,1688.8546142578125,25.125,0.0,101.7608642578125,0.0,7
7033,0,1320.4031982421875,1728.9256591796875,25.125,0.0,101.7608642578125,0.0,7
7034,0,1314.4664306640625,1769.40234375,25.125,0.0,84.8638916015625,0.0,7
7035,0,1313.17919921875,1810.3218994140625,25.125,0.0,84.8638916015625,0.0,7
7036,0,1312.7041015625,1852.08642578125,25.125,0.0,101.7608642578125,0.0,7
7037,0,1306.264404296875,1893.14208984375,25.125,0.0,118.6578369140625,0.0,7
7038,0,1290.0458984375,1933.167236328125,25.125,0.0,135.54931640625,0.0,7
7039,0,1266.70703125,1967.4090576171875,25.125,0.0,135.54931640625,0.0,7
7040,0,1238.115478515625,1983.8743896484375,25.125,0.0,135.54931640625,0.0,7
7041,0,1198.2137451171875,1983.8746337890625,25.125,0.0,152.4462890625,0.0,7
7042,0,1150.979736328125,1983.87451171875,25.125,0.0,135.54931640625,0.0,7
7043,0,1102.5654296875,1983.874755859375,25.125,0.0,152.4462890625,0.0,7
7044,0,1056.3536376953125,1983.87451171875,25.125,0.0,135.54931640625,0.0,7
7045,0,1009.1530151367188,1983.8741455078125,25.125,0.0,118.6578369140625,0.0,7
7046,0,972.5203857421875,1983.8741455078125,25.125,0.0,101.7608642578125,0.0,7
7047,0,950.1788940429688,1983.8740234375,25.125,0.0,84.8638916015625,0.0,7
7048,0,946.5786743164062,1983.8741455078125,25.125,0.0,67.9669189453125,0.0,7
7049,0,952.3802490234375,1983.8743896484375,25.125,0.0,84.8638916015625,0.0,7
7050,0,953.2742309570312,1983.8741455078125,25.125,0.0,101.7608642578125,0.0,7
7051,0,951.3309326171875,1983.8743896484375,25.125,0.0,101.7608642578125,0.0,7
7052,0,948.2948608398438,1983.8741455078125,25.125,0.0,101.7608642578125,0.0,7
7053,0,941.2161865234375,1983.8743896484375,25.125,0.0,118.6578369140625,0.0,7
7054,0,918.7529907226562,1983.8743896484375,25.125,0.0,135.54931640625,0.0,7
7055,0,880.8482055664062,1983.87451171875,25.125,0.0,152.4462890625,0.0,7
7056,0,837.37744140625,1983.8748779296875,25.125,0.0,169.34326171875,0.0,7
7057,0,794.5439453125,1983.8746337890625,25.125,0.0,152.4462890625,0.0,7
7058,0,747.3098754882812,1983.87451171875,25.125,0.0,135.54931640625,0.0,7
7059,0,700.0827026367188,1983.8741455078125,25.125,0.0,118.6578369140625,0.0,7
7060,0,663.435546875,1983.8743896484375,25.125,0.0,101.7608642578125,0.0,7
7061,0,641.0506591796875,1983.8740234375,25.125,0.0,84.8638916015625,0.0,7
7062,0,637.337646484375,1983.8743896484375,25.125,0.0,67.9669189453125,0.0,7
7063,0,649.7151489257812,1983.874267578125,25.125,0.0,51.0699462890625,0.0,7
7064,0,677.6415405273438,1983.874267578125,25.125,0.0,51.0699462890625,0.0,7
7065,0,716.894287109375,1983.87451171875,25.125,0.0,34.1729736328125,0.0,7
7066,0,762.6317138671875,1983.874267578125,25.125,0.0,51.0699462890625,0.0,7
7067,0,807.3235473632812,1983.87451171875,25.125,0.0,51.0699462890625,0.0,7
7068,0,851.8718872070312,1983.874267578125,25.125,0.0,51.0699462890625,0.0,7
7069,0,892.3499145507812,1983.8743896484375,25.125,0.0,67.9669189453125,0.0,7
7070,0,926.2135620117188,1983.8741455078125,25.125,0.0,67.9669189453125,0.0,7
7071,0,952.0757446289062,1983.8740234375,25.125,0.0,84.8638916015625,0.0,7
7072,0,964.7636108398438,1983.8741455078125,25.125,0.0,101.7608642578125,0.0,7
7073,0,963.8369750976562,1983.8741455078125,25.125,0.0,101.7608642578125,0.0,7
7074,0,985.71484375,1983.8748779296875,25.125,0.0,101.7608642578125,0.0,7
7075,0,1001.2411499023438,1983.8741455078125,25.125,0.0,118.6578369140625,0.0,7
7076,0,991.4784545898438,1983.8743896484375,25.125,0.0,118.6578369140625,0.0,7
7077,0,968.9107055664062,1983.8741455078125,25.125,0.0,118.6578369140625,0.0,7
7078,0,938.510986328125,1983.87451171875,25.125,0.0,135.54931640625,0.0,7
7079,0,897.8895874023438,1983.8743896484375,25.125,0.0,135.54931640625,0.0,7
7080,0,852.76953125,1983.874755859375,25.125,0.0,152.4462890625,0.0,7
7081,0,810.267822265625,1983.8748779296875,25.125,0.0,169.34326171875,0.0,7
7082,0,769.0546875,1983.8748779296875,25.125,0.0,169.34326171875,0.0,7
7083,0,726.2556762695312,1983.874755859375,25.125,0.0,152.4462890625,0.0,7
7084,0,1750.0,1150.0,25.125,0.0,126.8975830078125,0.0,7
7085,0,1739.3363037109375,1169.0867919921875,25.125,0.0,110.0006103515625,0.0,8
7086,0,1724.631591796875,1208.4422607421875,25.125,0.0,93.1036376953125,0.0,8
7087,0,1718.3638916015625,1248.9774169921875,25.125,0.0,76.212158203125,0.0,8
7088,0,1722.8702392578125,1292.188720703125,25.125,0.0,59.315185546875,0.0,8
7089,0,1738.7957763671875,1331.7890625,25.125,0.0,42.418212890625,0.0,8
7090,0,1765.275390625,1365.3785400390625,25.125,0.0,25.521240234375,0.0,8
7091,0,1800.361083984375,1390.0030517578125,25.125,0.0,8.624267578125,0.0,8
7092,0,1837.859619140625,1406.7646484375,25.125,0.0,25.521240234375,0.0,8
7093,0,1875.4111328125,1425.6961669921875,25.125,0.0,42.418212890625,0.0,8
7094,0,1883.8746337890625,1455.154052734375,25.125,0.0,59.315185546875,0.0,8
7095,0,1883.8748779296875,1498.2423095703125,25.125,0.0,76.212158203125,0.0,8
7096,0,1883.9510498046875,1539.092529296875,25.125,0.0,93.1036376953125,0.0,8
7097,0,1881.027099609375,1581.0703125,25.125,0.0,110.0006103515625,0.0,8
7098,0,1870.18701171875,1621.5633544921875,25.125,0.0,126.8975830078125,0.0,8
7099,0,1849.4736328125,1658.55908203125,25.125,0.0,143.7945556640625,0.0,8
7100,0,1819.338623046875,1688.7845458984375,25.125,0.0,160.6915283203125,0.0,8
7101,0,1781.8092041015625,1709.3592529296875,25.125,0.0,177.5830078125,0.0,8
7102,0,1738.9200439453125,1718.38427734375,25.125,0.0,-165.52001953125,0.0,8
7103,0,1716.12548828125,1714.4219970703125,25.125,0.0,-148.623046875,0.0,8
7104,0,1716.1256103515625,1692.5284423828125,25.125,0.0,-131.72607421875,0.0,8
7105,0,1709.1064453125,1655.1766357421875,25.125,0.0,-114.8291015625,0.0,8
7106,0,1696.759765625,1615.3214111328125,25.125,0.0,-97.93212890625,0.0,8
7107,0,1689.500732421875,1574.493408203125,25.125,0.0,-81.0406494140625,0.0,8
7108,0,1691.356689453125,1532.3839111328125,25.125,0.0,-64.1436767578125,0.0,8
7109,0,1704.185546875,1491.8355712890625,25.125,0.0,-47.2467041015625,0.0,8
7110,0,1727.8729248046875,1456.29248046875,25.125,0.0,-30.3497314453125,0.0,8
7111,0,1761.5985107421875,1428.38330078125,25.125,0.0,-13.4527587890625,0.0,8
7112,0,1801.056640625,1411.8333740234375,25.125,0.0,3.4442138671875,0.0,8
7113,0,1844.6236572265625,1407.3109130859375,25.125,0.0,20.335693359375,0.0,8
7114,0,1883.8721923828125,1415.44677734375,25.125,0.0,37.232666015625,0.0,8
7115,0,1883.87451171875,1441.6201171875,25.125,0.0,54.129638671875,0.0,8
7116,0,1883.8748779296875,1482.7830810546875,25.125,0.0,71.026611328125,0.0,8
7117,0,1883.8883056640625,1524.0125732421875,25.125,0.0,87.923583984375,0.0,8
7118,0,1886.46875,1565.963623046875,25.125,0.0,71.026611328125,0.0,8
7119,0,1896.4820556640625,1605.61572265625,25.125,0.0,54.129638671875,0.0,8
7120,0,1917.1214599609375,1643.757568359375,25.125,0.0,37.232666015625,0.0,8
7121,0,1946.8570556640625,1674.280517578125,25.125,0.0,20.335693359375,0.0,8
7122,0,1983.8739013671875,1695.6275634765625,25.125,0.0,3.4442138671875,0.0,8
7123,0,1983.8741455078125,1703.7662353515625,25.125,0.0,-13.4527587890625,0.0,8
7124,0,1983.87451171875,1697.7789306640625,25.125,0.0,-30.3497314453125,0.0,8
7125,0,1983.8741455078125,1677.7799072265625,25.125,0.0,-30.3497314453125,0.0,8
7126,0,1983.8743896484375,1652.79345703125,25.125,0.0,-13.4527587890625,0.0,8
7127,0,1983.8740234375,1634.6124267578125,25.125,0.0,3.4442138671875,0.0,8
7128,0,1983.8743896484375,1626.0013427734375,25.125,0.0,-13.4527587890625,0.0,8
7129,0,1983.8741455078125,1616.334228515625,25.125,0.0,-13.4527587890625,0.0,8
7130,0,1983.8741455078125,1604.85546875,25.125,0.0,-13.4527587890625,0.0,8
7131,0,1983.8740234375,1594.5301513671875,25.125,0.0,3.4442138671875,0.0,8
7132,0,1983.8741455078125,1595.258056640625,25.125,0.0,20.335693359375,0.0,8
7133,0,1983.87451171875,1607.209228515625,25.125,0.0,37.232666015625,0.0,8
7134,0,1983.874267578125,1634.8397216796875,25.125,0.0,37.232666015625,0.0,8
7135,0,1983.8746337890625,1671.8238525390625,25.125,0.0,54.129638671875,0.0,8
7136,0,1983.874267578125,1717.2108154296875,25.125,0.0,37.232666015625,0.0,8
7137,0,1973.7843017578125,1759.0172119140625,25.125,0.0,37.232666015625,0.0,8
7138,0,1983.873779296875,1797.4974365234375,25.125,0.0,20.335693359375,0.0,8
7139,0,1983.8740234375,1825.167236328125,25.125,0.0,3.4442138671875,0.0,8
7140,0,1983.875,1815.46337890625,25.125,0.0,3.4442138671875,0.0,8
7141,0,1983.8741455078125,1795.62646484375,25.125,0.0,-13.4527587890625,0.0,8
7142,0,1983.8743896484375,1781.9359130859375,25.125,0.0,3.4442138671875,0.0,8
7143,0,1983.8741455078125,1781.150390625,25.125,0.0,20.335693359375,0.0,8
7144,0,1983.87451171875,1793.1015625,25.125,0.0,37.232666015625,0.0,8
7145,0,1983.87451171875,1823.104736328125,25.125,0.0,54.129638671875,0.0,8
7146,0,1983.8748779296875,1865.2969970703125,25.125,0.0,71.026611328125,0.0,8
7147,0,1983.874755859375,1907.78857421875,25.125,0.0,71.026611328125,0.0,8
7148,0,1983.875,1949.005615234375,25.125,0.0,87.923583984375,0.0,8
7149,0,1983.875,1983.8743896484375,25.125,0.0,87.923583984375,0.0,8
7150,0,1983.875,1983.8740234375,25.125,0.0,87.923583984375,0.0,8
7151,0,1983.003173828125,1983.8743896484375,25.125,0.0,104.8150634765625,0.0,8
7152,0,1978.885009765625,1983.8741455078125,25.125,0.0,104.8150634765625,0.0,8
7153,0,1953.0762939453125,1977.9161376953125,25.125,0.0,104.8150634765625,0.0,8
7154,0,1918.4619140625,1983.874267578125,25.125,0.0,121.7120361328125,0.0,8
7155,0,1881.9879150390625,1983.8743896484375,25.125,0.0,138.6090087890625,0.0,8
7156,0,1840.47802734375,1983.874267578125,25.125,0.0,121.7120361328125,0.0,8
7157,0,1799.0543212890625,1983.8743896484375,25.125,0.0,138.6090087890625,0.0,8
7158,0,1753.1046142578125,1983.8746337890625,25.125,0.0,138.6090087890625,0.0,8
7159,0,1705.736328125,1983.874755859375,25.125,0.0,155.5059814453125,0.0,8
7160,0,1663.7794189453125,1983.875,25.125,0.0,172.4029541015625,0.0,8
7161,0,1622.068603515625,1983.430908203125,25.125,0.0,-170.7000732421875,0.0,8
7162,0,1581.329833984375,1981.9556884765625,25.125,0.0,172.4029541015625,0.0,8
7163,0,1557.430908203125,1983.8740234375,25.125,0.0,172.4029541015625,0.0,8
7164,0,1526.477294921875,1983.8746337890625,25.125,0.0,155.5059814453125,0.0,8
7165,0,1480.2603759765625,1983.8746337890625,25.125,0.0,138.6090087890625,0.0,8
7166,0,1433.32666015625,1983.874267578125,25.125,0.0,121.7120361328125,0.0,8
7167,0,1394.6519775390625,1983.8743896484375,25.125,0.0,104.8150634765625,0.0,8
7168,0,1366.3468017578125,1983.8741455078125,25.125,0.0,104.8150634765625,0.0,8
7169,0,1347.4022216796875,1983.8743896484375,25.125,0.0,87.923583984375,0.0,8
7170,0,1336.64697265625,1983.8741455078125,25.125,0.0,104.8150634765625,0.0,8
7171,0,1321.0816650390625,1983.874267578125,25.125,0.0,121.7120361328125,0.0,8
7172,0,1292.0272216796875,1983.8743896484375,25.125,0.0,138.6090087890625,0.0,8
7173,0,1250.691650390625,1983.874755859375,25.125,0.0,155.5059814453125,0.0,8
7174,0,1208.737060546875,1983.875,25.125,0.0,172.4029541015625,0.0,8
7175,0,1167.9893798828125,1983.4324951171875,25.125,0.0,-170.7000732421875,0.0,8
7176,0,1127.2481689453125,1981.8477783203125,25.125,0.0,172.4029541015625,0.0,8
7177,0,1084.6541748046875,1983.8746337890625,25.125,0.0,155.5059814453125,0.0,8
7178,0,1038.1331787109375,1983.8746337890625,25.125,0.0,138.6090087890625,0.0,8
7179,0,990.01611328125,1983.874267578125,25.125,0.0,121.7120361328125,0.0,8
7180,0,951.3479614257812,1983.8741455078125,25.125,0.0,104.8150634765625,0.0,8
7181,0,926.14404296875,1983.8740234375,25.125,0.0,87.923583984375,0.0,8
7182,0,919.444091796875,1983.8741455078125,25.125,0.0,71.026611328125,0.0,8
7183,0,922.3951416015625,1983.8743896484375,25.125,0.0,87.923583984375,0.0,8
7184,0,923.9790649414062,1983.8741455078125,25.125,0.0,71.026611328125,0.0,8
7185,0,947.46728515625,1976.262939453125,25.125,0.0,71.026611328125,0.0,8
7186,0,979.3060302734375,1983.8741455078125,25.125,0.0,71.026611328125,0.0,8
7187,0,1002.3967895507812,1983.8743896484375,25.125,0.0,87.923583984375,0.0,8
7188,0,1011.6399536132812,1983.8741455078125,25.125,0.0,104.8150634765625,0.0,8
7189,0,1005.1972045898438,1983.874267578125,25.125,0.0,121.7120361328125,0.0,8
7190,0,981.463623046875,1983.8743896484375,25.125,0.0,138.6090087890625,0.0,8
7191,0,942.0090942382812,1983.874755859375,25.125,0.0,155.5059814453125,0.0,8
7192,0,900.0545654296875,1983.875,25.125,0.0,172.4029541015625,0.0,8
7193,0,856.8275146484375,1983.874755859375,25.125,0.0,155.5059814453125,0.0,8
7194,0,814.0620727539062,1983.874755859375,25.125,0.0,155.5059814453125,0.0,8
7195,0,766.4666137695312,1983.8743896484375,25.125,0.0,138.6090087890625,0.0,8
7196,0,719.532958984375,1983.874267578125,25.125,0.0,121.7120361328125,0.0,8
7197,0,680.1002197265625,1983.8741455078125,25.125,0.0,104.8150634765625,0.0,8
7198,0,655.5254516601562,1983.8740234375,25.125,0.0,87.923583984375,0.0,8
7199,0,648.59033203125,1983.8743896484375,25.125,0.0,71.026611328125,0.0,8
7200,0,657.984619140625,1983.874267578125,25.125,0.0,54.129638671875,0.0,8
7201,0,680.1127319335938,1983.8743896484375,25.125,0.0,71.026611328125,0.0,8
7202,0,706.5076904296875,1983.874267578125,25.125,0.0,54.129638671875,0.0,8
7203,0,735.9505004882812,1983.8743896484375,25.125,0.0,71.026611328125,0.0,8
7204,0,760.0430297851562,1983.8740234375,25.125,0.0,87.923583984375,0.0,8
7205,0,769.3311767578125,1983.8741455078125,25.125,0.0,104.8150634765625,0.0,8
7206,0,765.8646850585938,1983.8741455078125,25.125,0.0,104.8150634765625,0.0,8
7207,0,758.739990234375,1983.8741455078125,25.125,0.0,104.8150634765625,0.0,8
7208,0,744.8687133789062,1983.87451171875,25.125,0.0,121.7120361328125,0.0,8
7209,0,719.1474609375,1983.874267578125,25.125,0.0,121.7120361328125,0.0,8
7210,0,685.7520751953125,1983.8746337890625,25.125,0.0,138.6090087890625,0.0,8
7211,0,644.677001953125,1983.874267578125,25.125,0.0,121.7120361328125,0.0,8
7212,0,604.8281860351562,1983.8746337890625,25.125,0.0,138.6090087890625,0.0,8
7213,0,560.4371948242188,1983.874267578125,25.125,0.0,121.7120361328125,0.0,8
7214,0,523.38671875,1983.8741455078125,25.125,0.0,104.8150634765625,0.0,8
7215,0,492.72967529296875,1983.874267578125,25.125,0.0,121.7120361328125,0.0,8
7216,0,463.1473388671875,1983.8741455078125,25.125,0.0,104.8150634765625,0.0,8
7217,0,442.5038146972656,1983.8743896484375,25.125,0.0,87.923583984375,0.0,8
7218,0,437.59521484375,1983.8741455078125,25.125,0.0,71.026611328125,0.0,8
7219,0,444.3475646972656,1983.8743896484375,25.125,0.0,71.026611328125,0.0,8
7220,0,454.9111022949219,1983.8740234375,25.125,0.0,87.923583984375,0.0,8
7221,0,456.88665771484375,1983.8741455078125,25.125,0.0,104.8150634765625,0.0,8
7222,0,449.5791015625,1983.874267578125,25.125,0.0,121.7120361328125,0.0,8
7223,0,426.05157470703125,1983.8743896484375,25.125,0.0,138.6090087890625,0.0,8
7224,0,386.59716796875,1983.8748779296875,25.125,0.0,155.5059814453125,0.0,8
7225,0,343.6513977050781,1983.8748779296875,25.125,0.0,172.4029541015625,0.0,8
7226,0,301.4294738769531,1983.874755859375,25.125,0.0,155.5059814453125,0.0,8
7227,0,253.83392333984375,1983.8743896484375,25.125,0.0,138.6090087890625,0.0,8
7228,0,204.5530548095703,1983.8746337890625,25.125,0.0,138.6090087890625,0.0,8
7229,0,155.54144287109375,1983.874267578125,25.125,0.0,121.7120361328125,0.0,8
7230,0,116.50323486328125,1983.8741455078125,25.125,0.0,104.8150634765625,0.0,8
7231,0,116.15850830078125,1983.8740234375,25.125,0.0,87.923583984375,0.0,8
7232,0,116.125,1983.8741455078125,25.125,0.0,104.8150634765625,0.0,8
7233,0,116.125,1983.87451171875,25.125,0.0,121.7120361328125,0.0,8
7234,0,116.125,1983.8743896484375,25.125,0.0,138.6090087890625,0.0,8
7235,0,116.125,1983.874755859375,25.125,0.0,155.5059814453125,0.0,8
7236,0,116.125,1983.8748779296875,25.125,0.0,172.4029541015625,0.0,8
7237,0,116.12561798095703,1983.51904296875,25.125,0.0,-170.7000732421875,0.0,8
7238,0,116.12591552734375,1982.403076171875,25.125,0.0,-170.7000732421875,0.0,8
7239,0,116.1258316040039,1978.465576171875,25.125,0.0,-153.80859375,0.0,8
7240,0,116.12545776367188,1960.74267578125,25.125,0.0,-136.91162109375,0.0,8
7241,0,116.1254653930664,1925.9969482421875,25.125,0.0,-120.0146484375,0.0,8
7242,0,116.12545776367188,1880.3062744140625,25.125,0.0,-136.91162109375,0.0,8
7243,0,116.1258316040039,1834.942626953125,25.125,0.0,-153.80859375,0.0,8
7244,0,116.12527465820312,1829.463623046875,25.125,0.0,-153.80859375,0.0,8
7245,0,116.12567138671875,1825.68212890625,25.125,0.0,-136.91162109375,0.0,8
7246,0,116.1258316040039,1801.8377685546875,25.125,0.0,-153.80859375,0.0,8
7247,0,116.1258316040039,1773.1304931640625,25.125,0.0,-153.80859375,0.0,8
7248,0,116.12567138671875,1741.451171875,25.125,0.0,-136.91162109375,0.0,8
7249,0,116.12528991699219,1700.386962890625,25.125,0.0,-120.0146484375,0.0,8
7250,0,116.1251220703125,1657.3515625,25.125,0.0,-103.11767578125,0.0,8
7251,0,116.12528991699219,1614.004150390625,25.125,0.0,-120.0146484375,0.0,8
7252,0,116.12567138671875,1565.2777099609375,25.125,0.0,-136.91162109375,0.0,8
7253,0,116.12556457519531,1520.105712890625,25.125,0.0,-153.80859375,0.0,8
7254,0,116.1258316040039,1481.6878662109375,25.125,0.0,-153.80859375,0.0,8
7255,0,116.12591552734375,1451.2525634765625,25.125,0.0,-170.7000732421875,0.0,8
7256,0,116.12591552734375,1433.41357421875,25.125,0.0,172.4029541015625,0.0,8
7257,0,116.12583923339844,1433.358642578125,25.125,0.0,155.5059814453125,0.0,8
7258,0,116.12561798095703,1442.6588134765625,25.125,0.0,172.4029541015625,0.0,8
7259,0,116.12591552734375,1447.4364013671875,25.125,0.0,-170.7000732421875,0.0,8
7260,0,116.12556457519531,1443.5048828125,25.125,0.0,-153.80859375,0.0,8
7261,0,116.1258316040039,1428.0074462890625,25.125,0.0,-153.80859375,0.0,8
7262,0,116.12545776367188,1402.072998046875,25.125,0.0,-136.91162109375,0.0,8
7263,0,116.12567138671875,1364.650390625,25.125,0.0,-136.91162109375,0.0,8
7264,0,116.12531280517578,1320.94873046875,25.125,0.0,-120.0146484375,0.0,8
7265,0,116.12535095214844,1274.4134521484375,25.125,0.0,-120.0146484375,0.0,8
7266,0,116.12567138671875,1226.646240234375,25.125,0.0,-136.91162109375,0.0,8
7267,0,116.12542724609375,1212.44921875,25.125,0.0,-136.91162109375,0.0,8
7268,0,116.12567138671875,1200.000244140625,25.125,0.0,-136.91162109375,0.0,8
7269,0,116.12531280517578,1168.0350341796875,25.125,0.0,-120.0146484375,0.0,8
7270,0,116.12567138671875,1122.15283203125,25.125,0.0,-136.91162109375,0.0,8
7271,0,116.1256332397461,1109.137451171875,25.125,0.0,-136.91162109375,0.0,8
7272,0,116.1258316040039,1099.326171875,25.125,0.0,-153.80859375,0.0,8
7273,0,116.1258316040039,1077.8583984375,25.125,0.0,-153.80859375,0.0,8
7274,0,116.12561798095703,1054.4677734375,25.125,0.0,-170.7000732421875,0.0,8
7275,0,116.1258316040039,1033.524658203125,25.125,0.0,-153.80859375,0.0,8
7276,0,116.12545776367188,1006.0479125976562,25.125,0.0,-136.91162109375,0.0,8
7277,0,116.12567138671875,967.9932250976562,25.125,0.0,-136.91162109375,0.0,8
7278,0,116.12556457519531,929.0016479492188,25.125,0.0,-153.80859375,0.0,8
7279,0,116.1258316040039,892.9745483398438,25.125,0.0,-153.80859375,0.0,8
7280,0,116.12567138671875,858.09033203125,25.125,0.0,-136.91162109375,0.0,8
7281,0,116.1253433227539,814.716064453125,25.125,0.0,-120.0146484375,0.0,8
7282,0,116.12567138671875,766.9488525390625,25.125,0.0,-136.91162109375,0.0,8
7283,0,116.12542724609375,752.7520141601562,25.125,0.0,-136.91162109375,0.0,8
7284,0,116.1258316040039,742.8296508789062,25.125,0.0,-153.80859375,0.0,8
7285,0,116.12561798095703,724.2623901367188,25.125,0.0,-170.7000732421875,0.0,8
7286,0,116.12591552734375,708.7243041992188,25.125,0.0,-170.7000732421875,0.0,8
7287,0,116.1250991821289,721.5514526367188,25.125,0.0,-170.7000732421875,0.0,8
7288,0,116.12591552734375,740.1473999023438,25.125,0.0,172.4029541015625,0.0,8
7289,0,116.12591552734375,748.6610717773438,25.125,0.0,-170.7000732421875,0.0,8
7290,0,116.12591552734375,748.8399047851562,25.125,0.0,172.4029541015625,0.0,8
7291,0,116.12591552734375,748.60791015625,25.125,0.0,-170.7000732421875,0.0,8
7292,0,116.12561798095703,747.5313110351562,25.125,0.0,-170.7000732421875,0.0,8
7293,0,116.1258316040039,743.3401489257812,25.125,0.0,-153.80859375,0.0,8
7294,0,116.12545776367188,725.39111328125,25.125,0.0,-136.91162109375,0.0,8
7295,0,116.12567138671875,691.6513061523438,25.125,0.0,-136.91162109375,0.0,8
7296,0,116.1258316040039,653.6741943359375,25.125,0.0,-153.80859375,0.0,8
7297,0,116.12540435791016,650.5324096679688,25.125,0.0,-153.80859375,0.0,8
7298,0,116.12567138671875,648.3031005859375,25.125,0.0,-136.91162109375,0.0,8
7299,0,116.12531280517578,621.209228515625,25.125,0.0,-120.0146484375,0.0,8
7300,0,116.1251220703125,578.5234985351562,25.125,0.0,-103.11767578125,0.0,8
7301,0,116.12528991699219,535.1759643554688,25.125,0.0,-120.0146484375,0.0,8
7302,0,116.125,516.1259155273438,25.125,0.0,-103.11767578125,0.0,8
7303,0,116.125,516.1256103515625,25.125,0.0,-103.11767578125,0.0,8
7304,0,116.125,516.1259155273438,25.125,0.0,-103.11767578125,0.0,8
7305,0,116.20416259765625,516.1259155273438,25.125,0.0,-86.220703125,0.0,8
7306,0,116.125,516.1259155273438,25.125,0.0,-103.11767578125,0.0,8
7307,0,116.20416259765625,516.1259155273438,25.125,0.0,-86.220703125,0.0,8
7308,0,118.23663330078125,516.1256103515625,25.125,0.0,-69.3292236328125,0.0,8
7309,0,130.91732788085938,516.125732421875,25.125,0.0,-52.4322509765625,0.0,8
7310,0,160.5836181640625,516.1253662109375,25.125,0.0,-35.5352783203125,0.0,8
7311,0,203.8561248779297,516.1251831054688,25.125,0.0,-18.6383056640625,0.0,8
7312,0,245.8487091064453,513.9901733398438,25.125,0.0,-18.6383056640625,0.0,8
7313,0,287.3534851074219,503.5468444824219,25.125,0.0,-35.5352783203125,0.0,8
7314,0,324.7557067871094,485.9907531738281,25.125,0.0,-35.5352783203125,0.0,8
7315,0,359.3324279785156,463.142822265625,25.125,0.0,-52.4322509765625,0.0,8
7316,0,388.515380859375,432.74267578125,25.125,0.0,-69.3292236328125,0.0,8
7317,0,408.96514892578125,395.49578857421875,25.125,0.0,-86.220703125,0.0,8
7318,0,418.5243225097656,352.8716735839844,25.125,0.0,-103.11767578125,0.0,8
7319,0,417.8079833984375,311.3097229003906,25.125,0.0,-103.11767578125,0.0,8
7320,0,410.071044921875,269.5148010253906,25.125,0.0,-120.0146484375,0.0,8
7321,0,393.32708740234375,230.7467803955078,25.125,0.0,-136.91162109375,0.0,8
7322,0,366.1534118652344,196.70437622070312,25.125,0.0,-153.80859375,0.0,8
7323,0,331.20782470703125,172.16873168945312,25.125,0.0,-170.7000732421875,0.0,8
7324,0,293.8343811035156,155.20521545410156,25.125,0.0,-153.80859375,0.0,8
7325,0,255.9461212158203,139.86624145507812,25.125,0.0,-170.7000732421875,0.0,8
7326,0,217.2581329345703,127.02796173095703,25.125,0.0,-153.80859375,0.0,8
7327,0,178.10955810546875,116.1256332397461,25.125,0.0,-136.91162109375,0.0,8
7328,0,137.28494262695312,116.12554168701172,25.125,0.0,-120.0146484375,0.0,8
7329,0,116.12520599365234,116.125,25.125,0.0,-103.11767578125,0.0,8
7330,0,116.20417785644531,116.12592315673828,25.125,0.0,-86.220703125,0.0,8
7331,0,118.31331634521484,116.12586212158203,25.125,0.0,-69.3292236328125,0.0,8
7332,0,130.73451232910156,116.125732421875,25.125,0.0,-52.4322509765625,0.0,8
7333,0,160.28598022460938,116.1253662109375,25.125,0.0,-35.5352783203125,0.0,8
7334,0,202.49391174316406,116.12516784667969,25.125,0.0,-18.6383056640625,0.0,8
7335,0,243.68988037109375,116.12500762939453,25.125,0.0,-1.7413330078125,0.0,8
7336,0,285.5226135253906,117.60006713867188,25.125,0.0,15.1556396484375,0.0,8
7337,0,326.4266052246094,125.78363037109375,25.125,0.0,32.047119140625,0.0,8
7338,0,365.89630126953125,139.67822265625,25.125,0.0,15.1556396484375,0.0,8
7339,0,405.6781921386719,150.38424682617188,25.125,0.0,-1.7413330078125,0.0,8
7340,0,446.90673828125,157.04551696777344,25.125,0.0,15.1556396484375,0.0,8
7341,0,486.7858581542969,165.26107788085938,25.125,0.0,15.1556396484375,0.0,8
7342,0,526.9121704101562,172.96310424804688,25.125,0.0,-1.7413330078125,0.0,8
7343,0,568.294189453125,178.3212432861328,25.125,0.0,15.1556396484375,0.0,8
7344,0,607.69189453125,184.0723114013672,25.125,0.0,-1.7413330078125,0.0,8
7345,0,650.1849365234375,184.69412231445312,25.125,0.0,-18.6383056640625,0.0,8
7346,0,690.7572021484375,180.02662658691406,25.125,0.0,-1.7413330078125,0.0,8
7347,0,732.9277954101562,178.6109619140625,25.125,0.0,15.1556396484375,0.0,8
7348,0,773.623046875,181.54315185546875,25.125,0.0,-1.7413330078125,0.0,8
7349,0,783.8743896484375,180.83538818359375,25.125,0.0,-18.6383056640625,0.0,8
7350,0,783.8740844726562,177.2152557373047,25.125,0.0,-1.7413330078125,0.0,8
7351,0,783.8743896484375,178.09439086914062,25.125,0.0,15.1556396484375,0.0,8
7352,0,783.8740844726562,179.1744384765625,25.125,0.0,-1.7413330078125,0.0,8
7353,0,783.8743896484375,180.06040954589844,25.125,0.0,15.1556396484375,0.0,8
7354,0,783.8742065429688,187.79940795898438,25.125,0.0,32.047119140625,0.0,8
7355,0,783.8743896484375,211.88597106933594,25.125,0.0,48.944091796875,0.0,8
7356,0,792.9151000976562,250.73948669433594,25.125,0.0,65.841064453125,0.0,8
7357,0,805.4306030273438,289.55859375,25.125,0.0,82.738037109375,0.0,8
7358,0,816.2366943359375,328.86016845703125,25.125,0.0,65.841064453125,0.0,8
7359,0,832.2368774414062,368.1372375488281,25.125,0.0,48.944091796875,0.0,8
7360,0,853.95166015625,403.1179504394531,25.125,0.0,48.944091796875,0.0,8
7361,0,877.3948974609375,437.6485900878906,25.125,0.0,65.841064453125,0.0,8
7362,0,895.64404296875,473.8403625488281,25.125,0.0,82.738037109375,0.0,8
7363,0,909.5653686523438,513.2716674804688,25.125,0.0,65.841064453125,0.0,8
7364,0,924.3654174804688,551.1741943359375,25.125,0.0,65.841064453125,0.0,8
7365,0,938.8163452148438,590.451416015625,25.125,0.0,82.738037109375,0.0,8
7366,0,948.5497436523438,630.1797485351562,25.125,0.0,82.738037109375,0.0,8
7367,0,957.55078125,669.9856567382812,25.125,0.0,65.841064453125,0.0,8
7368,0,972.802978515625,709.7516479492188,25.125,0.0,48.944091796875,0.0,8
7369,0,992.3500366210938,745.6373901367188,25.125,0.0,65.841064453125,0.0,8
7370,0,1009.4920043945312,783.874755859375,25.125,0.0,82.738037109375,0.0,8
7371,0,1041.43505859375,780.93017578125,25.125,0.0,82.738037109375,0.0,8
7372,0,1067.6668701171875,783.8740844726562,25.125,0.0,99.635009765625,0.0,8
7373,0,1073.0240478515625,783.8740844726562,25.125,0.0,99.635009765625,0.0,8
7374,0,1072.9930419921875,783.8743896484375,25.125,0.0,82.738037109375,0.0,8
7375,0,1076.223388671875,783.8741455078125,25.125,0.0,65.841064453125,0.0,8
7376,0,1085.9324951171875,783.8743896484375,25.125,0.0,82.738037109375,0.0,8
7377,0,1094.4217529296875,783.8740844726562,25.125,0.0,82.738037109375,0.0,8
7378,0,1096.7818603515625,783.8743896484375,25.125,0.0,99.635009765625,0.0,8
7379,0,1092.406005859375,783.8741455078125,25.125,0.0,116.531982421875,0.0,8
7380,0,1073.9566650390625,783.8743286132812,25.125,0.0,133.4234619140625,0.0,8
7381,0,1040.7562255859375,783.8743286132812,25.125,0.0,133.4234619140625,0.0,8
7382,0,1000.2169799804688,783.8743286132812,25.125,0.0,133.4234619140625,0.0,8
7383,0,956.5985717773438,788.5557250976562,25.125,0.0,150.3204345703125,0.0,8
7384,0,916.3785400390625,800.2586059570312,25.125,0.0,167.2174072265625,0.0,8
7385,0,876.185791015625,809.1173706054688,25.125,0.0,-175.8856201171875,0.0,8
7386,0,834.7042236328125,813.9266357421875,25.125,0.0,167.2174072265625,0.0,8
7387,0,794.4981079101562,820.3915405273438,25.125,0.0,167.2174072265625,0.0,8
7388,0,753.66845703125,830.493408203125,25.125,0.0,150.3204345703125,0.0,8
7389,0,715.6398315429688,848.0615844726562,25.125,0.0,133.4234619140625,0.0,8
7390,0,682.7555541992188,874.768798828125,25.125,0.0,116.531982421875,0.0,8
7391,0,658.1822509765625,909.6276245117188,25.125,0.0,99.635009765625,0.0,8
7392,0,644.3810424804688,950.0814208984375,25.125,0.0,82.738037109375,0.0,8
7393,0,642.856201171875,993.8296508789062,25.125,0.0,65.841064453125,0.0,8
7394,0,653.7600708007812,1035.2093505859375,25.125,0.0,48.944091796875,0.0,8
7395,0,672.0037231445312,1073.0821533203125,25.125,0.0,65.841064453125,0.0,8
7396,0,691.43603515625,1109.0357666015625,25.125,0.0,48.944091796875,0.0,8
7397,0,717.3924560546875,1142.8721923828125,25.125,0.0,32.047119140625,0.0,8
7398,0,723.7997436523438,1182.7225341796875,25.125,0.0,32.047119140625,0.0,8
7399,0,735.9427490234375,1224.475830078125,25.125,0.0,48.944091796875,0.0,8
7400,0,755.2022705078125,1260.5523681640625,25.125,0.0,65.841064453125,0.0,8
7401,0,771.9832153320312,1298.1607666015625,25.125,0.0,82.738037109375,0.0,8
7402,0,783.2496337890625,1338.6614990234375,25.125,0.0,82.738037109375,0.0,8
7403,0,783.8749389648438,1379.4478759765625,25.125,0.0,82.738037109375,0.0,8
7404,0,783.9462280273438,1421.3170166015625,25.125,0.0,82.738037109375,0.0,8
7405,0,786.012939453125,1462.022216796875,25.125,0.0,82.738037109375,0.0,8
7406,0,791.9295654296875,1503.69580078125,25.125,0.0,65.841064453125,0.0,8
7407,0,801.5118408203125,1543.342041015625,25.125,0.0,82.738037109375,0.0,8
7408,0,811.080322265625,1582.987060546875,25.125,0.0,65.841064453125,0.0,8
7409,0,826.2168579101562,1621.6668701171875,25.125,0.0,48.944091796875,0.0,8
7410,0,850.0466918945312,1656.488037109375,25.125,0.0,32.047119140625,0.0,8
7411,0,883.29833984375,1684.5445556640625,25.125,0.0,15.1556396484375,0.0,8
7412,0,922.2920532226562,1701.897705078125,25.125,0.0,-1.7413330078125,0.0,8
7413,0,965.6795043945312,1707.549072265625,25.125,0.0,-18.6383056640625,0.0,8
7414,0,1007.89453125,1700.5709228515625,25.125,0.0,-35.5352783203125,0.0,8
7415,0,1047.1842041015625,1681.1990966796875,25.125,0.0,-52.4322509765625,0.0,8
7416,0,1078.4444580078125,1651.9482421875,25.125,0.0,-69.32373046875,0.0,8
7417,0,1099.93359375,1614.9300537109375,25.125,0.0,-86.220703125,0.0,8
7418,0,1109.9736328125,1572.2664794921875,25.125,0.0,-103.11767578125,0.0,8
7419,0,1107.4200439453125,1530.461669921875,25.125,0.0,-120.0146484375,0.0,8
7420,0,1092.1085205078125,1489.3660888671875,25.125,0.0,-136.91162109375,0.0,8
7421,0,1066.0445556640625,1455.3819580078125,25.125,0.0,-153.80859375,0.0,8
7422,0,1030.3914794921875,1429.98193359375,25.125,0.0,-170.7000732421875,0.0,8
7423,0,993.0504150390625,1412.94482421875,25.125,0.0,-153.80859375,0.0,8
7424,0,955.1842041015625,1397.5684814453125,25.125,0.0,-170.7000732421875,0.0,8
7425,0,916.1255493164062,1384.4150390625,25.125,0.0,-153.80859375,0.0,8
7426,0,916.1254272460938,1362.5242919921875,25.125,0.0,-136.91162109375,0.0,8
7427,0,916.1258544921875,1329.4378662109375,25.125,0.0,-153.80859375,0.0,8
7428,0,916.1256103515625,1301.12158203125,25.125,0.0,-170.7000732421875,0.0,8
7429,0,916.1259155273438,1283.8289794921875,25.125,0.0,172.4029541015625,0.0,8
7430,0,893.6793823242188,1283.71435546875,25.125,0.0,155.5059814453125,0.0,8
7431,0,849.6640625,1283.8743896484375,25.125,0.0,138.6090087890625,0.0,8
7432,0,803.9730834960938,1283.874267578125,25.125,0.0,121.7120361328125,0.0,8
7433,0,795.491943359375,1283.8746337890625,25.125,0.0,121.7120361328125,0.0,8
7434,0,793.7901000976562,1283.8741455078125,25.125,0.0,104.8150634765625,0.0,8
7435,0,789.2379760742188,1283.8743896484375,25.125,0.0,87.923583984375,0.0,8
7436,0,788.3313598632812,1283.8741455078125,25.125,0.0,104.8150634765625,0.0,8
7437,0,787.2756958007812,1283.8743896484375,25.125,0.0,87.923583984375,0.0,8
7438,0,763.2869262695312,1284.4520263671875,25.125,0.0,87.923583984375,0.0,8
7439,0,736.5537109375,1308.3221435546875,25.125,0.0,104.8150634765625,0.0,8
7440,0,745.4719848632812,1338.5972900390625,25.125,0.0,104.8150634765625,0.0,8
7441,0,757.2803955078125,1377.1396484375,25.125,0.0,104.8150634765625,0.0,8
7442,0,781.949951171875,1411.1490478515625,25.125,0.0,104.8150634765625,0.0,8
7443,0,781.996337890625,1450.5791015625,25.125,0.0,87.923583984375,0.0,8
7444,0,781.3704833984375,1491.2684326171875,25.125,0.0,87.923583984375,0.0,8
7445,0,783.83935546875,1533.2421875,25.125,0.0,71.026611328125,0.0,8
7446,0,789.942626953125,1573.5648193359375,25.125,0.0,87.923583984375,0.0,8
7447,0,795.8990478515625,1613.9183349609375,25.125,0.0,71.026611328125,0.0,8
7448,0,805.5057983398438,1653.5904541015625,25.125,0.0,71.026611328125,0.0,8
7449,0,815.4620361328125,1693.193603515625,25.125,0.0,87.923583984375,0.0,8
7450,0,819.4581298828125,1735.5946044921875,25.125,0.0,104.8150634765625,0.0,8
7451,0,813.6458740234375,1777.4393310546875,25.125,0.0,121.7120361328125,0.0,8
7452,0,796.3704223632812,1817.4295654296875,25.125,0.0,138.6090087890625,0.0,8
7453,0,769.1055908203125,1850.2708740234375,25.125,0.0,155.5059814453125,0.0,8
7454,0,736.6837768554688,1876.977294921875,25.125,0.0,138.6090087890625,0.0,8
7455,0,716.1256713867188,1903.625732421875,25.125,0.0,138.6090087890625,0.0,8
7456,0,710.055419921875,1940.0860595703125,25.125,0.0,121.7120361328125,0.0,8
7457,0,691.61767578125,1977.865966796875,25.125,0.0,138.6090087890625,0.0,8
7458,0,664.261474609375,1983.87451171875,25.125,0.0,121.7120361328125,0.0,8
7459,0,628.490478515625,1983.8743896484375,25.125,0.0,138.6090087890625,0.0,8
7460,0,584.9788818359375,1983.8748779296875,25.125,0.0,155.5059814453125,0.0,8
7461,0,566.0869140625,1983.8741455078125,25.125,0.0,155.5059814453125,0.0,8
7462,0,542.8548583984375,1983.8748779296875,25.125,0.0,172.4029541015625,0.0,8
7463,0,499.82928466796875,1983.874755859375,25.125,0.0,155.5059814453125,0.0,8
7464,0,453.26513671875,1983.8743896484375,25.125,0.0,138.6090087890625,0.0,8
7465,0,406.21014404296875,1983.87451171875,25.125,0.0,121.7120361328125,0.0,8
7466,0,364.7519226074219,1983.874267578125,25.125,0.0,121.7120361328125,0.0,8
7467,0,326.48126220703125,1983.87451171875,25.125,0.0,121.7120361328125,0.0,8
7468,0,288.728515625,1983.874267578125,25.125,0.0,121.7120361328125,0.0,8
7469,0,255.20895385742188,1983.8743896484375,25.125,0.0,104.8150634765625,0.0,8
7470,0,232.3048095703125,1983.8740234375,25.125,0.0,87.923583984375,0.0,8
7471,0,219.77655029296875,1983.8741455078125,25.125,0.0,104.8150634765625,0.0,8
7472,0,202.34347534179688,1983.874267578125,25.125,0.0,121.7120361328125,0.0,8
7473,0,173.4654541015625,1983.8743896484375,25.125,0.0,138.6090087890625,0.0,8
7474,0,132.04660034179688,1983.8748779296875,25.125,0.0,155.5059814453125,0.0,8
7475,0,116.12569427490234,1983.875,25.125,0.0,138.6090087890625,0.0,8
7476,0,116.12557220458984,1983.875,25.125,0.0,155.5059814453125,0.0,8
7477,0,116.12591552734375,1983.875,25.125,0.0,172.4029541015625,0.0,8
7478,0,116.12561798095703,1983.5301513671875,25.125,0.0,-170.7000732421875,0.0,8
7479,0,116.1258316040039,1979.3388671875,25.125,0.0,-153.80859375,0.0,8
7480,0,116.12567138671875,1961.3673095703125,25.125,0.0,-136.91162109375,0.0,8
7481,0,116.1258316040039,1930.212158203125,25.125,0.0,-153.80859375,0.0,8
7482,0,116.12567138671875,1896.6875,25.125,0.0,-136.91162109375,0.0,8
7483,0,116.12525939941406,1854.92431640625,25.125,0.0,-120.0146484375,0.0,8
7484,0,116.12567138671875,1807.335205078125,25.125,0.0,-136.91162109375,0.0,8
7485,0,116.12520599365234,1759.598876953125,25.125,0.0,-120.0146484375,0.0,8
7486,0,116.12567138671875,1710.76806640625,25.125,0.0,-136.91162109375,0.0,8
7487,0,116.12556457519531,1665.5791015625,25.125,0.0,-153.80859375,0.0,8
7488,0,116.12567138671875,1624.45849609375,25.125,0.0,-136.91162109375,0.0,8
7489,0,116.12567138671875,1581.558837890625,25.125,0.0,-136.91162109375,0.0,8
7490,0,116.12530517578125,1534.635986328125,25.125,0.0,-120.0146484375,0.0,8
7491,0,116.12567138671875,1486.865234375,25.125,0.0,-136.91162109375,0.0,8
7492,0,116.12520599365234,1439.0853271484375,25.125,0.0,-120.0146484375,0.0,8
7493,0,116.1251220703125,1395.0390625,25.125,0.0,-103.11767578125,0.0,8
7494,0,116.12528991699219,1352.673095703125,25.125,0.0,-120.0146484375,0.0,8
7495,0,116.12535095214844,1306.1416015625,25.125,0.0,-120.0146484375,0.0,8
7496,0,116.12535095214844,1260.6563720703125,25.125,0.0,-120.0146484375,0.0,8
7497,0,116.12535095214844,1214.1248779296875,25.125,0.0,-120.0146484375,0.0,8
7498,0,116.12567138671875,1166.357666015625,25.125,0.0,-136.91162109375,0.0,8
7499,0,116.12556457519531,1121.1571044921875,25.125,0.0,-153.80859375,0.0,8
7500,0,116.12591552734375,1085.680908203125,25.125,0.0,-170.7000732421875,0.0,8
7501,0,116.12556457519531,1060.3355712890625,25.125,0.0,-153.80859375,0.0,8
7502,0,116.12591552734375,1035.6407470703125,25.125,0.0,-170.7000732421875,0.0,8
7503,0,116.12556457519531,1015.4671630859375,25.125,0.0,-153.80859375,0.0,8
7504,0,116.12567138671875,987.2275390625,25.125,0.0,-136.91162109375,0.0,8
7505,0,116.1254653930664,947.9911499023438,25.125,0.0,-120.0146484375,0.0,8
7506,0,116.1251220703125,903.9926147460938,25.125,0.0,-103.11767578125,0.0,8
7507,0,116.18846130371094,863.17138671875,25.125,0.0,-86.220703125,0.0,8
7508,0,116.1250991821289,822.26806640625,25.125,0.0,-103.11767578125,0.0,8
7509,0,116.18846130371094,780.4776611328125,25.125,0.0,-86.220703125,0.0,8
7510,0,119.24026489257812,739.4431762695312,25.125,0.0,-69.32373046875,0.0,8
7511,0,126.50200653076172,698.3169555664062,25.125,0.0,-86.220703125,0.0,8
7512,0,129.8643035888672,658.125244140625,25.125,0.0,-103.11767578125,0.0,8
7513,0,124.3890609741211,615.4407348632812,25.125,0.0,-120.0146484375,0.0,8
7514,0,116.12580108642578,600.4824829101562,25.125,0.0,-120.0146484375,0.0,8
7515,0,116.12567138671875,582.0263061523438,25.125,0.0,-136.91162109375,0.0,8
7516,0,116.1258316040039,550.157470703125,25.125,0.0,-153.80859375,0.0,8
7517,0,116.12561798095703,521.3106079101562,25.125,0.0,-170.7000732421875,0.0,8
7518,0,116.125,516.1251220703125,25.125,0.0,-170.7000732421875,0.0,8
7519,0,116.125,516.1253051757812,25.125,0.0,-153.80859375,0.0,8
7520,0,116.125,516.1254272460938,25.125,0.0,-153.80859375,0.0,8
7521,0,116.125,516.1256103515625,25.125,0.0,-136.91162109375,0.0,8
7522,0,116.125,516.1257934570312,25.125,0.0,-120.0146484375,0.0,8
7523,0,116.125,516.1259155273438,25.125,0.0,-103.11767578125,0.0,8
7524,0,116.125,516.1256103515625,25.125,0.0,-103.11767578125,0.0,8
7525,0,116.20416259765625,516.1259155273438,25.125,0.0,-86.220703125,0.0,8
7526,0,118.23668670654297,516.1256103515625,25.125,0.0,-69.32373046875,0.0,8
7527,0,130.9270477294922,516.125732421875,25.125,0.0,-52.4322509765625,0.0,8
7528,0,155.82484436035156,516.1256103515625,25.125,0.0,-69.32373046875,0.0,8
7529,0,193.72381591796875,523.8540649414062,25.125,0.0,-69.32373046875,0.0,8
7530,0,227.8607177734375,508.8478088378906,25.125,0.0,-69.32373046875,0.0,8
7531,0,253.32139587402344,475.01873779296875,25.125,0.0,-69.32373046875,0.0,8
7532,0,274.1590270996094,439.97015380859375,25.125,0.0,-52.4322509765625,0.0,8
7533,0,296.76947021484375,406.0901184082031,25.125,0.0,-52.4322509765625,0.0,8
7534,0,319.7125549316406,371.1133728027344,25.125,0.0,-69.32373046875,0.0,8
7535,0,336.86920166015625,333.14593505859375,25.125,0.0,-86.220703125,0.0,8
7536,0,344.8343200683594,290.65032958984375,25.125,0.0,-103.11767578125,0.0,8
7537,0,341.2710876464844,248.2324676513672,25.125,0.0,-120.0146484375,0.0,8
7538,0,325.5740661621094,207.440185546875,25.125,0.0,-136.91162109375,0.0,8
7539,0,314.1483459472656,172.29513549804688,25.125,0.0,-153.80859375,0.0,8
7540,0,285.72265625,142.59034729003906,25.125,0.0,-170.7000732421875,0.0,8
7541,0,245.1960906982422,125.78317260742188,25.125,0.0,172.4029541015625,0.0,8
7542,0,202.0097198486328,122.97289276123047,25.125,0.0,155.5059814453125,0.0,8
7543,0,159.37069702148438,133.85159301757812,25.125,0.0,138.6090087890625,0.0,8
7544,0,122.86418151855469,156.3433837890625,25.125,0.0,121.7120361328125,0.0,8
7545,0,116.1251449584961,193.1244659423828,25.125,0.0,104.8150634765625,0.0,8
7546,0,116.12542724609375,236.92237854003906,25.125,0.0,121.7120361328125,0.0,8
7547,0,116.12569427490234,285.8594055175781,25.125,0.0,138.6090087890625,0.0,8
7548,0,116.12569427490234,332.6736755371094,25.125,0.0,138.6090087890625,0.0,8
7549,0,116.12557220458984,376.0187072753906,25.125,0.0,155.5059814453125,0.0,8
7550,0,116.125,383.8748779296875,25.125,0.0,172.4029541015625,0.0,8
7551,0,116.12561798095703,383.5299987792969,25.125,0.0,-170.7000732421875,0.0,8
7552,0,116.1258316040039,379.33880615234375,25.125,0.0,-153.80859375,0.0,8
7553,0,116.12545776367188,361.3832092285156,25.125,0.0,-136.91162109375,0.0,8
7554,0,116.1254653930664,325.5537414550781,25.125,0.0,-120.0146484375,0.0,8
7555,0,116.12535095214844,280.4540710449219,25.125,0.0,-120.0146484375,0.0,8
7556,0,116.12535095214844,233.9225311279297,25.125,0.0,-120.0146484375,0.0,8
7557,0,116.12567138671875,186.1552734375,25.125,0.0,-136.91162109375,0.0,8
7558,0,127.987060546875,141.98374938964844,25.125,0.0,-136.91162109375,0.0,8
7559,0,120.19766998291016,116.12540435791016,25.125,0.0,-153.80859375,0.0,8
7560,0,116.12561798095703,116.125,25.125,0.0,-170.7000732421875,0.0,8
7561,0,116.1258316040039,116.125,25.125,0.0,-153.80859375,0.0,8
7562,0,116.12545776367188,116.125,25.125,0.0,-136.91162109375,0.0,8
7563,0,116.1254653930664,116.125,25.125,0.0,-120.0146484375,0.0,8
7564,0,116.1254653930664,116.125,25.125,0.0,-120.0146484375,0.0,8
7565,0,116.12520599365234,116.125,25.125,0.0,-103.11767578125,0.0,8
7566,0,116.20417785644531,116.12592315673828,25.125,0.0,-86.220703125,0.0,8
7567,0,118.2366943359375,116.1255874633789,25.125,0.0,-69.32373046875,0.0,8
7568,0,127.6462173461914,116.12586212158203,25.125,0.0,-69.32373046875,0.0,8
7569,0,146.63670349121094,116.12549591064453,25.125,0.0,-52.4322509765625,0.0,8
7570,0,180.5234375,116.12553405761719,25.125,0.0,-35.5352783203125,0.0,8
7571,0,223.6218719482422,116.12516784667969,25.125,0.0,-18.6383056640625,0.0,8
7572,0,267.0399169921875,116.12519073486328,25.125,0.0,-18.6383056640625,0.0,8
7573,0,309.4648742675781,116.12519073486328,25.125,0.0,-18.6383056640625,0.0,8
7574,0,351.88983154296875,116.12513732910156,25.125,0.0,-18.6383056640625,0.0,8
7575,0,397.7405090332031,116.12551879882812,25.125,0.0,-35.5352783203125,0.0,8
7576,0,414.800048828125,116.1255111694336,25.125,0.0,-35.5352783203125,0.0,8
7577,0,431.67852783203125,116.125732421875,25.125,0.0,-52.4322509765625,0.0,8
7578,0,459.3157653808594,116.1255874633789,25.125,0.0,-69.32373046875,0.0,8
7579,0,483.720947265625,116.12592315673828,25.125,0.0,-86.220703125,0.0,8
7580,0,497.7521667480469,116.12592315673828,25.125,0.0,-86.220703125,0.0,8
7581,0,508.8435974121094,116.12586212158203,25.125,0.0,-69.32373046875,0.0,8
7582,0,522.634765625,116.12592315673828,25.125,0.0,-86.220703125,0.0,8
7583,0,534.839599609375,116.1255874633789,25.125,0.0,-69.32373046875,0.0,8
7584,0,555.720947265625,116.125732421875,25.125,0.0,-52.4322509765625,0.0,8
7585,0,589.1904296875,116.1253662109375,25.125,0.0,-35.5352783203125,0.0,8
7586,0,634.9264526367188,116.12548065185547,25.125,0.0,-35.5352783203125,0.0,8
7587,0,681.8573608398438,116.12549591064453,25.125,0.0,-52.4322509765625,0.0,8
7588,0,725.3884887695312,116.12586212158203,25.125,0.0,-69.32373046875,0.0,8
7589,0,761.1486206054688,116.125732421875,25.125,0.0,-52.4322509765625,0.0,8
7590,0,783.874267578125,116.125,25.125,0.0,-35.5352783203125,0.0,8
7591,0,783.8744506835938,116.125,25.125,0.0,-52.4322509765625,0.0,8
7592,0,783.87451171875,116.125,25.125,0.0,-35.5352783203125,0.0,8
7593,0,770.8082275390625,116.1257553100586,25.125,0.0,-35.5352783203125,0.0,8
7594,0,777.6201171875,116.12519836425781,25.125,0.0,-18.6383056640625,0.0,8
7595,0,783.874267578125,116.125,25.125,0.0,-35.5352783203125,0.0,8
7596,0,783.874267578125,116.125,25.125,0.0,-35.5352783203125,0.0,8
7597,0,783.8741455078125,116.125,25.125,0.0,-18.6383056640625,0.0,8
7598,0,783.8740844726562,116.125,25.125,0.0,-1.7413330078125,0.0,8
7599,0,783.8743896484375,116.125,25.125,0.0,-18.6383056640625,0.0,8
7600,0,783.8740844726562,116.125,25.125,0.0,-1.7413330078125,0.0,8
7601,0,783.8743896484375,116.125,25.125,0.0,-18.6383056640625,0.0,8
7602,0,783.8741455078125,116.125,25.125,0.0,-18.6383056640625,0.0,8
7603,0,783.87451171875,116.125,25.125,0.0,-35.5352783203125,0.0,8
7604,0,783.874267578125,116.125,25.125,0.0,-35.5352783203125,0.0,8
7605,0,783.8744506835938,116.125,25.125,0.0,-52.4322509765625,0.0,8
7606,0,783.874267578125,116.125,25.125,0.0,-35.5352783203125,0.0,8
7607,0,783.8744506835938,116.125,25.125,0.0,-52.4322509765625,0.0,8
7608,0,783.874755859375,116.125,25.125,0.0,-69.32373046875,0.0,8
7609,0,783.8746948242188,116.125,25.125,0.0,-69.32373046875,0.0,8
7610,0,783.874755859375,116.125,25.125,0.0,-69.32373046875,0.0,8
7611,0,783.8746948242188,116.125,25.125,0.0,-69.32373046875,0.0,8
7612,0,783.8746337890625,116.125,25.125,0.0,-52.4322509765625,0.0,8
7613,0,783.8746948242188,116.125,25.125,0.0,-69.32373046875,0.0,8
7614,0,783.8749389648438,116.125,25.125,0.0,-86.220703125,0.0,8
7615,0,783.874755859375,116.125,25.125,0.0,-69.32373046875,0.0,8
7616,0,783.8746948242188,116.125,25.125,0.0,-69.32373046875,0.0,8
7617,0,783.8746337890625,116.125,25.125,0.0,-52.4322509765625,0.0,8
7618,0,783.874267578125,116.125,25.125,0.0,-35.5352783203125,0.0,8
7619,0,783.87451171875,116.125,25.125,0.0,-35.5352783203125,0.0,8
7620,0,783.8741455078125,116.125,25.125,0.0,-18.6383056640625,0.0,8
7621,0,783.8740844726562,116.125,25.125,0.0,-1.7413330078125,0.0,8
7622,0,783.8740844726562,116.125,25.125,0.0,-1.7413330078125,0.0,8
7623,0,783.8740844726562,117.06979370117188,25.125,0.0,15.1556396484375,0.0,8
7624,0,783.8743896484375,121.19883728027344,25.125,0.0,15.1556396484375,0.0,8
7625,0,783.8740844726562,125.5324935913086,25.125,0.0,-1.7413330078125,0.0,8
7626,0,783.8743896484375,126.44221496582031,25.125,0.0,15.1556396484375,0.0,8
7627,0,783.8742065429688,134.18124389648438,25.125,0.0,32.047119140625,0.0,8
7628,0,783.8745727539062,158.25592041015625,25.125,0.0,48.944091796875,0.0,8
7629,0,783.874755859375,198.9755096435547,25.125,0.0,65.841064453125,0.0,8
7630,0,788.6861572265625,243.83995056152344,25.125,0.0,48.944091796875,0.0,8
7631,0,809.3487548828125,283.87255859375,25.125,0.0,32.047119140625,0.0,8
7632,0,840.8161010742188,313.6668701171875,25.125,0.0,15.1556396484375,0.0,8
7633,0,879.6406860351562,332.28472900390625,25.125,0.0,-1.7413330078125,0.0,8
7634,0,922.1522216796875,338.58538818359375,25.125,0.0,-18.6383056640625,0.0,8
7635,0,963.2034912109375,336.5063171386719,25.125,0.0,-1.7413330078125,0.0,8
7636,0,1004.756591796875,334.3318786621094,25.125,0.0,-1.7413330078125,0.0,8
7637,0,1045.529052734375,330.80096435546875,25.125,0.0,-18.6383056640625,0.0,8
7638,0,1086.535888671875,322.216552734375,25.125,0.0,-18.6383056640625,0.0,8
7639,0,1127.029052734375,316.12554931640625,25.125,0.0,-35.5352783203125,0.0,8
7640,0,1172.2174072265625,316.12518310546875,25.125,0.0,-18.6383056640625,0.0,8
7641,0,1217.0703125,316.1255187988281,25.125,0.0,-35.5352783203125,0.0,8
7642,0,1260.5718994140625,307.109375,25.125,0.0,-35.5352783203125,0.0,8
7643,0,1299.1884765625,287.06085205078125,25.125,0.0,-52.4322509765625,0.0,8
7644,0,1329.5,258.373779296875,25.125,0.0,-69.32373046875,0.0,8
7645,0,1351.37060546875,220.4400177001953,25.125,0.0,-86.220703125,0.0,8
7646,0,1364.741455078125,181.6330108642578,25.125,0.0,-69.32373046875,0.0,8
7647,0,1380.4266357421875,142.61863708496094,25.125,0.0,-52.4322509765625,0.0,8
7648,0,1403.649658203125,116.12553405761719,25.125,0.0,-35.5352783203125,0.0,8
7649,0,1440.0797119140625,116.12549591064453,25.125,0.0,-52.4322509765625,0.0,8
7650,0,1483.163818359375,116.12553405761719,25.125,0.0,-35.5352783203125,0.0,8
7651,0,1530.5006103515625,116.12533569335938,25.125,0.0,-35.5352783203125,0.0,8
7652,0,1579.196044921875,116.12545776367188,25.125,0.0,-35.5352783203125,0.0,8
7653,0,1622.6859130859375,116.1251220703125,25.125,0.0,-18.6383056640625,0.0,8
7654,0,1664.8509521484375,116.12501525878906,25.125,0.0,-1.7413330078125,0.0,8
7655,0,1706.24755859375,116.12520599365234,25.125,0.0,-18.6383056640625,0.0,8
7656,0,1749.6656494140625,116.12519073486328,25.125,0.0,-18.6383056640625,0.0,8
7657,0,1790.8504638671875,116.12501525878906,25.125,0.0,-1.7413330078125,0.0,8
7658,0,1831.7193603515625,117.5263671875,25.125,0.0,15.1556396484375,0.0,8
7659,0,1873.57568359375,125.89299011230469,25.125,0.0,32.047119140625,0.0,8
7660,0,1911.9061279296875,143.73536682128906,25.125,0.0,48.944091796875,0.0,8
7661,0,1945.0595703125,172.035888671875,25.125,0.0,65.841064453125,0.0,8
7662,0,1968.0089111328125,206.89723205566406,25.125,0.0,82.738037109375,0.0,8
7663,0,1983.8746337890625,245.69760131835938,25.125,0.0,65.841064453125,0.0,8
7664,0,1983.8748779296875,287.13262939453125,25.125,0.0,82.738037109375,0.0,8
7665,0,1983.874755859375,330.3111572265625,25.125,0.0,65.841064453125,0.0,8
7666,0,1983.874755859375,374.01214599609375,25.125,0.0,65.841064453125,0.0,8
7667,0,1983.8746337890625,420.42767333984375,25.125,0.0,48.944091796875,0.0,8
7668,0,1983.874267578125,468.6186828613281,25.125,0.0,32.047119140625,0.0,8
7669,0,1983.8743896484375,507.52764892578125,25.125,0.0,15.1556396484375,0.0,8
7670,0,1983.8740234375,533.096435546875,25.125,0.0,-1.7413330078125,0.0,8
7671,0,1983.8741455078125,540.19775390625,25.125,0.0,-18.6383056640625,0.0,8
7672,0,1983.874267578125,530.8490600585938,25.125,0.0,-35.5352783203125,0.0,8
7673,0,1983.8741455078125,508.92742919921875,25.125,0.0,-18.6383056640625,0.0,8
7674,0,1983.8743896484375,489.1221923828125,25.125,0.0,-1.7413330078125,0.0,8
7675,0,1983.8740234375,478.33935546875,25.125,0.0,-1.7413330078125,0.0,8
7676,0,1983.8743896484375,475.9784851074219,25.125,0.0,-1.7413330078125,0.0,8
7677,0,1983.8741455078125,476.9244689941406,25.125,0.0,15.1556396484375,0.0,8
7678,0,1983.87451171875,484.5348815917969,25.125,0.0,32.047119140625,0.0,8
7679,0,1983.8743896484375,509.1307067871094,25.125,0.0,48.944091796875,0.0,8
7680,0,1983.874755859375,548.921875,25.125,0.0,65.841064453125,0.0,8
7681,0,1983.8748779296875,590.8126220703125,25.125,0.0,82.738037109375,0.0,8
7682,0,1983.874755859375,632.9961547851562,25.125,0.0,65.841064453125,0.0,8
7683,0,1983.8746337890625,679.40869140625,25.125,0.0,48.944091796875,0.0,8
7684,0,1983.874267578125,727.6082153320312,25.125,0.0,32.047119140625,0.0,8
7685,0,1983.8743896484375,766.517333984375,25.125,0.0,15.1556396484375,0.0,8
7686,0,1983.8740234375,792.0861206054688,25.125,0.0,-1.7413330078125,0.0,8
7687,0,1983.8743896484375,799.2200317382812,25.125,0.0,-18.6383056640625,0.0,8
7688,0,1983.874267578125,789.9298095703125,25.125,0.0,-35.5352783203125,0.0,8
7689,0,1983.874267578125,765.4381103515625,25.125,0.0,-35.5352783203125,0.0,8
7690,0,1983.8743896484375,735.380615234375,25.125,0.0,-18.6383056640625,0.0,8
7691,0,1983.8740234375,711.9951171875,25.125,0.0,-1.7413330078125,0.0,8
7692,0,1983.8743896484375,702.94189453125,25.125,0.0,15.1556396484375,0.0,8
7693,0,1983.874267578125,710.0343627929688,25.125,0.0,32.047119140625,0.0,8
7694,0,1983.8746337890625,733.6810913085938,25.125,0.0,48.944091796875,0.0,8
7695,0,1983.874755859375,774.131591796875,25.125,0.0,65.841064453125,0.0,8
7696,0,1983.8748779296875,816.0110473632812,25.125,0.0,82.738037109375,0.0,8
7697,0,1983.874755859375,859.1755981445312,25.125,0.0,65.841064453125,0.0,8
7698,0,1983.8741455078125,878.0105590820312,25.125,0.0,65.841064453125,0.0,8
7699,0,1983.8748779296875,901.9267578125,25.125,0.0,82.738037109375,0.0,8
7700,0,1983.874755859375,943.9846801757812,25.125,0.0,65.841064453125,0.0,8
7701,0,1983.874755859375,987.6825561523438,25.125,0.0,65.841064453125,0.0,8
7702,0,1983.8741455078125,1006.6746215820312,25.125,0.0,65.841064453125,0.0,8
7703,0,1983.8746337890625,1027.8330078125,25.125,0.0,48.944091796875,0.0,8
7704,0,1983.874267578125,1064.7869873046875,25.125,0.0,32.047119140625,0.0,8
7705,0,1983.8741455078125,1098.956298828125,25.125,0.0,15.1556396484375,0.0,8
7706,0,1983.874267578125,1128.5562744140625,25.125,0.0,32.047119140625,0.0,8
7707,0,1983.874267578125,1160.4481201171875,25.125,0.0,32.047119140625,0.0,8
7708,0,1983.8746337890625,1196.9381103515625,25.125,0.0,48.944091796875,0.0,8
7709,0,1983.874755859375,1240.844482421875,25.125,0.0,65.841064453125,0.0,8
7710,0,1983.875,1282.74462890625,25.125,0.0,82.738037109375,0.0,8
7711,0,1983.3565673828125,1324.45458984375,25.125,0.0,99.635009765625,0.0,8
7712,0,1977.773193359375,1365.5035400390625,25.125,0.0,116.531982421875,0.0,8
7713,0,1961.102783203125,1383.8743896484375,25.125,0.0,133.4234619140625,0.0,8
7714,0,1927.1353759765625,1383.87451171875,25.125,0.0,150.3204345703125,0.0,8
7715,0,1880.5321044921875,1383.8743896484375,25.125,0.0,133.4234619140625,0.0,8
7716,0,1837.509765625,1394.2545166015625,25.125,0.0,150.3204345703125,0.0,8
7717,0,1799.1934814453125,1408.1707763671875,25.125,0.0,167.2174072265625,0.0,8
7718,0,1759.788330078125,1421.95703125,25.125,0.0,150.3204345703125,0.0,8
7719,0,1723.6312255859375,1440.3616943359375,25.125,0.0,133.4234619140625,0.0,8
7720,0,1690.629150390625,1468.16650390625,25.125,0.0,116.531982421875,0.0,8
7721,0,1664.1494140625,1499.3834228515625,25.125,0.0,133.4234619140625,0.0,8
7722,0,1638.0596923828125,1532.05029296875,25.125,0.0,116.531982421875,0.0,8
7723,0,1614.4390869140625,1565.265380859375,25.125,0.0,133.4234619140625,0.0,8
7724,0,1585.4862060546875,1583.8746337890625,25.125,0.0,150.3204345703125,0.0,8
7725,0,1542.989990234375,1583.8748779296875,25.125,0.0,167.2174072265625,0.0,8
7726,0,1501.5228271484375,1583.8748779296875,25.125,0.0,167.2174072265625,0.0,8
7727,0,1457.815185546875,1586.2178955078125,25.125,0.0,150.3204345703125,0.0,8
7728,0,1418.08740234375,1600.0526123046875,25.125,0.0,133.4234619140625,0.0,8
7729,0,1382.818603515625,1626.272705078125,25.125,0.0,116.531982421875,0.0,8
7730,0,1357.4991455078125,1660.888427734375,25.125,0.0,99.635009765625,0.0,8
7731,0,1343.1575927734375,1702.31591796875,25.125,0.0,82.738037109375,0.0,8
7732,0,1341.54931640625,1745.115478515625,25.125,0.0,65.841064453125,0.0,8
7733,0,1352.31494140625,1786.5770263671875,25.125,0.0,48.944091796875,0.0,8
7734,0,1375.2967529296875,1823.86767578125,25.125,0.0,32.047119140625,0.0,8
7735,0,1383.8746337890625,1857.15478515625,25.125,0.0,48.944091796875,0.0,8
7736,0,1383.874267578125,1898.0413818359375,25.125,0.0,32.047119140625,0.0,8
7737,0,1389.8365478515625,1935.599853515625,25.125,0.0,32.047119140625,0.0,8
7738,0,1414.67431640625,1970.5994873046875,25.125,0.0,48.944091796875,0.0,8
7739,0,1444.3673095703125,1983.87451171875,25.125,0.0,32.047119140625,0.0,8
7740,0,1487.272705078125,1983.8748779296875,25.125,0.0,15.1556396484375,0.0,8
7741,0,1531.158203125,1983.87451171875,25.125,0.0,32.047119140625,0.0,8
7742,0,1577.355224609375,1983.874755859375,25.125,0.0,32.047119140625,0.0,8
7743,0,1621.903076171875,1983.8748779296875,25.125,0.0,15.1556396484375,0.0,8
7744,0,1662.828125,1983.863525390625,25.125,0.0,-1.7413330078125,0.0,8
7745,0,1704.4302978515625,1983.301025390625,25.125,0.0,-1.7413330078125,0.0,8
7746,0,1745.4140625,1983.8748779296875,25.125,0.0,15.1556396484375,0.0,8
7747,0,1787.2222900390625,1983.8748779296875,25.125,0.0,15.1556396484375,0.0,8
7748,0,1831.1077880859375,1983.87451171875,25.125,0.0,32.047119140625,0.0,8
7749,0,1877.3048095703125,1983.874755859375,25.125,0.0,32.047119140625,0.0,8
7750,0,1921.8712158203125,1983.8748779296875,25.125,0.0,15.1556396484375,0.0,8
7751,0,1965.72216796875,1983.8746337890625,25.125,0.0,32.047119140625,0.0,8
7752,0,1983.8743896484375,1983.875,25.125,0.0,48.944091796875,0.0,8
7753,0,1967.0164794921875,1983.8746337890625,25.125,0.0,48.944091796875,0.0,8
7754,0,1962.4476318359375,1983.8741455078125,25.125,0.0,65.841064453125,0.0,8
7755,0,1977.5946044921875,1983.874267578125,25.125,0.0,48.944091796875,0.0,8
7756,0,1983.875,1983.87451171875,25.125,0.0,32.047119140625,0.0,8
7757,0,1983.875,1983.874267578125,25.125,0.0,48.944091796875,0.0,8
7758,0,1983.875,1983.8746337890625,25.125,0.0,32.047119140625,0.0,8
7759,0,1983.875,1983.874755859375,25.125,0.0,15.1556396484375,0.0,8
7760,0,1983.8743896484375,1983.85595703125,25.125,0.0,-1.7413330078125,0.0,8
7761,0,1983.8741455078125,1982.2354736328125,25.125,0.0,-18.6383056640625,0.0,8
7762,0,1983.8743896484375,1978.580322265625,25.125,0.0,-1.7413330078125,0.0,8
7763,0,1983.8741455078125,1979.4786376953125,25.125,0.0,15.1556396484375,0.0,8
7764,0,1983.874267578125,1983.875,25.125,0.0,32.047119140625,0.0,8
7765,0,1983.87451171875,1983.875,25.125,0.0,32.047119140625,0.0,8
7766,0,1983.8743896484375,1983.875,25.125,0.0,48.944091796875,0.0,8
7767,0,1983.874755859375,1983.875,25.125,0.0,65.841064453125,0.0,8
7768,0,1983.8746337890625,1983.875,25.125,0.0,65.841064453125,0.0,8
7769,0,1983.8748779296875,1983.875,25.125,0.0,82.738037109375,0.0,8
7770,0,1983.4676513671875,1983.8741455078125,25.125,0.0,99.635009765625,0.0,8
7771,0,1979.3021240234375,1983.8741455078125,25.125,0.0,116.531982421875,0.0,8
7772,0,1983.8741455078125,1983.875,25.125,0.0,116.531982421875,0.0,8
7773,0,1972.36865234375,1983.8743896484375,25.125,0.0,133.4234619140625,0.0,8
7774,0,1944.9615478515625,1983.8743896484375,25.125,0.0,116.531982421875,0.0,8
7775,0,1912.6112060546875,1983.8743896484375,25.125,0.0,133.4234619140625,0.0,8
7776,0,1871.238525390625,1983.874755859375,25.125,0.0,150.3204345703125,0.0,8
7777,0,1827.283203125,1983.8748779296875,25.125,0.0,167.2174072265625,0.0,8
7778,0,1784.00732421875,1983.874755859375,25.125,0.0,150.3204345703125,0.0,8
7779,0,1737.595703125,1983.8746337890625,25.125,0.0,150.3204345703125,0.0,8
7780,0,1689.9327392578125,1983.8743896484375,25.125,0.0,133.4234619140625,0.0,8
7781,0,1641.1163330078125,1983.8743896484375,25.125,0.0,133.4234619140625,0.0,8
7782,0,1594.0245361328125,1983.8743896484375,25.125,0.0,133.4234619140625,0.0,8
7783,0,1580.49609375,1983.87451171875,25.125,0.0,133.4234619140625,0.0,8
7784,0,1568.6636962890625,1983.8743896484375,25.125,0.0,133.4234619140625,0.0,8
7785,0,1535.861083984375,1983.8746337890625,25.125,0.0,150.3204345703125,0.0,8
7786,0,1490.15380859375,1983.8746337890625,25.125,0.0,150.3204345703125,0.0,8
7787,0,1447.2080078125,1983.8748779296875,25.125,0.0,167.2174072265625,0.0,8
7788,0,1404.765625,1983.8748779296875,25.125,0.0,167.2174072265625,0.0,8
7789,0,1361.46484375,1983.8746337890625,25.125,0.0,150.3204345703125,0.0,8
7790,0,1312.67919921875,1983.8743896484375,25.125,0.0,133.4234619140625,0.0,8
7791,0,1267.3448486328125,1983.8741455078125,25.125,0.0,116.531982421875,0.0,8
7792,0,1232.25830078125,1983.8743896484375,25.125,0.0,99.635009765625,0.0,8
7793,0,1212.0440673828125,1983.8740234375,25.125,0.0,82.738037109375,0.0,8
7794,0,1210.6385498046875,1983.8743896484375,25.125,0.0,65.841064453125,0.0,8
7795,0,1225.41259765625,1983.874267578125,25.125,0.0,48.944091796875,0.0,8
7796,0,1255.6468505859375,1983.874267578125,25.125,0.0,48.944091796875,0.0,8
7797,0,1292.169921875,1983.8741455078125,25.125,0.0,65.841064453125,0.0,8
7798,0,1324.2374267578125,1983.8741455078125,25.125,0.0,65.841064453125,0.0,8
7799,0,1351.097412109375,1983.8743896484375,25.125,0.0,82.738037109375,0.0,8
7800,0,1366.00439453125,1983.8741455078125,25.125,0.0,99.635009765625,0.0,8
7801,0,1364.0020751953125,1983.8743896484375,25.125,0.0,116.531982421875,0.0,8
7802,0,1352.088623046875,1983.8741455078125,25.125,0.0,99.635009765625,0.0,8
7803,0,1340.124755859375,1983.8743896484375,25.125,0.0,99.635009765625,0.0,8
7804,0,1325.243896484375,1983.8741455078125,25.125,0.0,116.531982421875,0.0,8
7805,0,1300.1851806640625,1983.8743896484375,25.125,0.0,133.4234619140625,0.0,8
7806,0,1260.903076171875,1983.87451171875,25.125,0.0,150.3204345703125,0.0,8
7807,0,1217.9984130859375,1983.8748779296875,25.125,0.0,167.2174072265625,0.0,8
7808,0,1174.72705078125,1983.874755859375,25.125,0.0,150.3204345703125,0.0,8
7809,0,1126.06787109375,1983.8743896484375,25.125,0.0,133.4234619140625,0.0,8
7810,0,1080.6927490234375,1983.8743896484375,25.125,0.0,116.531982421875,0.0,8
7811,0,1044.82421875,1983.8741455078125,25.125,0.0,99.635009765625,0.0,8
7812,0,1022.5100708007812,1983.8743896484375,25.125,0.0,99.635009765625,0.0,8
7813,0,1008.870849609375,1983.8740234375,25.125,0.0,82.738037109375,0.0,8
7814,0,1006.6383666992188,1983.8741455078125,25.125,0.0,99.635009765625,0.0,8
7815,0,1006.6448974609375,1983.8740234375,25.125,0.0,82.738037109375,0.0,8
7816,0,1009.8270263671875,1983.8741455078125,25.125,0.0,65.841064453125,0.0,8
7817,0,1019.5361328125,1983.8743896484375,25.125,0.0,82.738037109375,0.0,8
7818,0,1024.390869140625,1983.8741455078125,25.125,0.0,99.635009765625,0.0,8
7819,0,1023.27685546875,1983.8743896484375,25.125,0.0,99.635009765625,0.0,8
7820,0,1018.9010009765625,1983.8741455078125,25.125,0.0,116.531982421875,0.0,8
7821,0,1000.4520263671875,1983.8743896484375,25.125,0.0,133.4234619140625,0.0,8
7822,0,965.2000122070312,1983.87451171875,25.125,0.0,150.3204345703125,0.0,8
7823,0,922.4627075195312,1983.8748779296875,25.125,0.0,167.2174072265625,0.0,8
7824,0,879.1912841796875,1983.874755859375,25.125,0.0,150.3204345703125,0.0,8
7825,0,830.5284423828125,1983.8743896484375,25.125,0.0,133.4234619140625,0.0,8
7826,0,782.8299560546875,1983.87451171875,25.125,0.0,133.4234619140625,0.0,8
7827,0,738.0409545898438,1971.247802734375,25.125,0.0,133.4234619140625,0.0,8
7828,0,698.5086059570312,1978.72900390625,25.125,0.0,116.531982421875,0.0,8
7829,0,665.8215942382812,1983.8741455078125,25.125,0.0,99.635009765625,0.0,8
7830,0,647.5730590820312,1983.8740234375,25.125,0.0,82.738037109375,0.0,8
7831,0,646.8623657226562,1983.8741455078125,25.125,0.0,65.841064453125,0.0,8
7832,0,661.5266723632812,1983.874267578125,25.125,0.0,48.944091796875,0.0,8
7833,0,693.851318359375,1983.8746337890625,25.125,0.0,32.047119140625,0.0,8
7834,0,737.5615234375,1983.8748779296875,25.125,0.0,15.1556396484375,0.0,8
7835,0,778.4867553710938,1983.863525390625,25.125,0.0,-1.7413330078125,0.0,8
7836,0,820.4274291992188,1981.384033203125,25.125,0.0,-18.6383056640625,0.0,8
7837,0,839.8345947265625,1955.7850341796875,25.125,0.0,-18.6383056640625,0.0,8
7838,0,868.1079711914062,1926.0416259765625,25.125,0.0,-1.7413330078125,0.0,8
7839,0,906.5789184570312,1909.7000732421875,25.125,0.0,-18.6383056640625,0.0,8
7840,0,944.3496704101562,1894.048583984375,25.125,0.0,-35.5352783203125,0.0,8
7841,0,979.8062133789062,1872.09521484375,25.125,0.0,-52.4322509765625,0.0,8
7842,0,1009.5418090820312,1842.031005859375,25.125,0.0,-69.32373046875,0.0,8
7843,0,1030.6478271484375,1803.93505859375,25.125,0.0,-86.220703125,0.0,8
7844,0,1040.0125732421875,1762.302490234375,25.125,0.0,-103.11767578125,0.0,8
7845,0,1036.889892578125,1718.69970703125,25.125,0.0,-120.0146484375,0.0,8
7846,0,1021.7075805664062,1678.6949462890625,25.125,0.0,-136.91162109375,0.0,8
7847,0,995.0069580078125,1643.9759521484375,25.125,0.0,-153.80859375,0.0,8
7848,0,964.2811279296875,1616.7569580078125,25.125,0.0,-136.91162109375,0.0,8
7849,0,934.9021606445312,1588.056640625,25.125,0.0,-120.0146484375,0.0,8
7850,0,908.5090942382812,1556.9573974609375,25.125,0.0,-136.91162109375,0.0,8
7851,0,878.8211059570312,1528.2523193359375,25.125,0.0,-153.80859375,0.0,8
7852,0,842.318359375,1505.4625244140625,25.125,0.0,-170.7000732421875,0.0,8
7853,0,801.7549438476562,1492.8856201171875,25.125,0.0,172.4029541015625,0.0,8
7854,0,758.0841674804688,1491.9306640625,25.125,0.0,155.5059814453125,0.0,8
7855,0,739.9752807617188,1516.3084716796875,25.125,0.0,155.5059814453125,0.0,8
7856,0,714.3189697265625,1547.4715576171875,25.125,0.0,172.4029541015625,0.0,8
7857,0,677.549560546875,1567.06787109375,25.125,0.0,155.5059814453125,0.0,8
7858,0,640.846923828125,1584.5318603515625,25.125,0.0,155.5059814453125,0.0,8
7859,0,604.5970458984375,1603.5269775390625,25.125,0.0,138.6090087890625,0.0,8
7860,0,569.9544067382812,1625.017578125,25.125,0.0,155.5059814453125,0.0,8
7861,0,533.3630981445312,1645.041015625,25.125,0.0,155.5059814453125,0.0,8
7862,0,516.1256103515625,1662.065185546875,25.125,0.0,172.4029541015625,0.0,8
7863,0,516.1258544921875,1678.695556640625,25.125,0.0,155.5059814453125,0.0,8
7864,0,516.1258544921875,1700.6124267578125,25.125,0.0,155.5059814453125,0.0,8
7865,0,511.04119873046875,1723.6431884765625,25.125,0.0,172.4029541015625,0.0,8
7866,0,478.3216247558594,1741.7891845703125,25.125,0.0,155.5059814453125,0.0,8
7867,0,442.07489013671875,1760.794921875,25.125,0.0,138.6090087890625,0.0,8
7868,0,408.06298828125,1786.6715087890625,25.125,0.0,121.7120361328125,0.0,8
7869,0,380.00506591796875,1815.0535888671875,25.125,0.0,138.6090087890625,0.0,8
7870,0,351.2794494628906,1845.4017333984375,25.125,0.0,121.7120361328125,0.0,8
7871,0,327.5238342285156,1879.557861328125,25.125,0.0,104.8150634765625,0.0,8
7872,0,311.6344909667969,1919.7510986328125,25.125,0.0,87.923583984375,0.0,8
7873,0,307.0459289550781,1962.067626953125,25.125,0.0,71.026611328125,0.0,8
7874,0,314.9908752441406,1983.87451171875,25.125,0.0,54.129638671875,0.0,8
7875,0,341.7846374511719,1983.8743896484375,25.125,0.0,37.232666015625,0.0,8
7876,0,383.0292663574219,1983.8748779296875,25.125,0.0,20.335693359375,0.0,8
7877,0,425.3780822753906,1983.875,25.125,0.0,3.4442138671875,0.0,8
7878,0,465.1162414550781,1983.875,25.125,0.0,3.4442138671875,0.0,8
7879,0,507.69525146484375,1983.874755859375,25.125,0.0,20.335693359375,0.0,8
7880,0,550.4730834960938,1983.874755859375,25.125,0.0,20.335693359375,0.0,8
7881,0,592.8141479492188,1983.875,25.125,0.0,3.4442138671875,0.0,8
7882,0,634.4207153320312,1983.874755859375,25.125,0.0,20.335693359375,0.0,8
7883,0,675.7946166992188,1983.875,25.125,0.0,3.4442138671875,0.0,8
7884,0,717.4548950195312,1983.875,25.125,0.0,3.4442138671875,0.0,8
7885,0,759.0433959960938,1983.8748779296875,25.125,0.0,20.335693359375,0.0,8
7886,0,802.8223876953125,1983.874755859375,25.125,0.0,20.335693359375,0.0,8
7887,0,847.0228881835938,1983.8746337890625,25.125,0.0,37.232666015625,0.0,8
7888,0,893.0944213867188,1983.874755859375,25.125,0.0,20.335693359375,0.0,8
7889,0,934.45751953125,1983.875,25.125,0.0,3.4442138671875,0.0,8
7890,0,962.8760375976562,1959.5018310546875,25.125,0.0,3.4442138671875,0.0,8
7891,0,999.0042114257812,1939.071533203125,25.125,0.0,20.335693359375,0.0,8
7892,0,1042.353515625,1939.05029296875,25.125,0.0,20.335693359375,0.0,8
7893,0,1083.729248046875,1947.1162109375,25.125,0.0,20.335693359375,0.0,8
7894,0,1123.3563232421875,1956.7333984375,25.125,0.0,3.4442138671875,0.0,8
7895,0,1165.6175537109375,1961.1759033203125,25.125,0.0,-13.4527587890625,0.0,8
7896,0,1207.517578125,1956.1043701171875,25.125,0.0,-30.3497314453125,0.0,8
7897,0,1246.937255859375,1940.0693359375,25.125,0.0,-47.2467041015625,0.0,8
7898,0,1281.566650390625,1918.104736328125,25.125,0.0,-30.3497314453125,0.0,8
7899,0,1316.03759765625,1896.5460205078125,25.125,0.0,-30.3497314453125,0.0,8
7900,0,1350.888427734375,1873.322021484375,25.125,0.0,-47.2467041015625,0.0,8
7901,0,1381.24169921875,1844.714599609375,25.125,0.0,-64.1436767578125,0.0,8
7902,0,1383.8748779296875,1804.7166748046875,25.125,0.0,-81.0406494140625,0.0,8
7903,0,1385.6597900390625,1762.6337890625,25.125,0.0,-64.1436767578125,0.0,8
7904,0,1367.8660888671875,1724.0389404296875,25.125,0.0,-64.1436767578125,0.0,8
7905,0,1336.3912353515625,1695.7984619140625,25.125,0.0,-64.1436767578125,0.0,8
7906,0,1327.5025634765625,1660.0040283203125,25.125,0.0,-47.2467041015625,0.0,8
7907,0,1347.2425537109375,1620.39111328125,25.125,0.0,-30.3497314453125,0.0,8
7908,0,1376.444580078125,1589.833984375,25.125,0.0,-30.3497314453125,0.0,8
7909,0,1408.2926025390625,1562.855224609375,25.125,0.0,-47.2467041015625,0.0,8
7910,0,1436.9896240234375,1533.1109619140625,25.125,0.0,-64.1436767578125,0.0,8
7911,0,1432.5931396484375,1501.021728515625,25.125,0.0,-64.1436767578125,0.0,8
7912,0,1424.8553466796875,1460.8919677734375,25.125,0.0,-81.0406494140625,0.0,8
7913,0,1423.991943359375,1419.1531982421875,25.125,0.0,-97.93212890625,0.0,8
7914,0,1422.8809814453125,1378.3822021484375,25.125,0.0,-81.0406494140625,0.0,8
7915,0,1423.4986572265625,1337.6273193359375,25.125,0.0,-97.93212890625,0.0,8
7916,0,1421.69140625,1316.1258544921875,25.125,0.0,-97.93212890625,0.0,8
7917,0,1420.75439453125,1316.1256103515625,25.125,0.0,-97.93212890625,0.0,8
7918,0,1417.263916015625,1316.1258544921875,25.125,0.0,-114.8291015625,0.0,8
7919,0,1403.454345703125,1316.1256103515625,25.125,0.0,-114.8291015625,0.0,8
7920,0,1384.01708984375,1316.1258544921875,25.125,0.0,-97.93212890625,0.0,8
7921,0,1372.5328369140625,1292.673828125,25.125,0.0,-81.0406494140625,0.0,8
7922,0,1371.2760009765625,1250.557861328125,25.125,0.0,-81.0406494140625,0.0,8
7923,0,1376.357177734375,1209.4312744140625,25.125,0.0,-64.1436767578125,0.0,8
7924,0,1386.206298828125,1169.80419921875,25.125,0.0,-81.0406494140625,0.0,8
7925,0,1396.4716796875,1130.30517578125,25.125,0.0,-64.1436767578125,0.0,8
7926,0,1414.8233642578125,1116.12548828125,25.125,0.0,-47.2467041015625,0.0,8
7927,0,1449.506103515625,1104.70703125,25.125,0.0,-30.3497314453125,0.0,8
7928,0,1485.364013671875,1084.277587890625,25.125,0.0,-47.2467041015625,0.0,8
7929,0,1518.1627197265625,1057.9459228515625,25.125,0.0,-47.2467041015625,0.0,8
7930,0,1548.98974609375,1031.2376708984375,25.125,0.0,-30.3497314453125,0.0,8
7931,0,1581.6744384765625,1005.30419921875,25.125,0.0,-47.2467041015625,0.0,8
7932,0,1610.765380859375,975.8116455078125,25.125,0.0,-64.1436767578125,0.0,8
7933,0,1633.1094970703125,940.1236572265625,25.125,0.0,-81.0406494140625,0.0,8
7934,0,1649.0467529296875,902.3946533203125,25.125,0.0,-64.1436767578125,0.0,8
7935,0,1663.84423828125,864.3244018554688,25.125,0.0,-81.0406494140625,0.0,8
7936,0,1676.5367431640625,824.5726318359375,25.125,0.0,-64.1436767578125,0.0,8
7937,0,1689.808837890625,786.0187377929688,25.125,0.0,-81.0406494140625,0.0,8
7938,0,1698.158203125,744.3834228515625,25.125,0.0,-97.93212890625,0.0,8
7939,0,1699.108642578125,716.1259155273438,25.125,0.0,-97.93212890625,0.0,8
7940,0,1699.316162109375,716.1259155273438,25.125,0.0,-81.0406494140625,0.0,8
7941,0,1703.1131591796875,716.1258544921875,25.125,0.0,-64.1436767578125,0.0,8
7942,0,1720.5833740234375,715.6651000976562,25.125,0.0,-47.2467041015625,0.0,8
7943,0,1754.3861083984375,698.4158935546875,25.125,0.0,-30.3497314453125,0.0,8
7944,0,1788.0428466796875,676.758056640625,25.125,0.0,-47.2467041015625,0.0,8
7945,0,1821.2645263671875,651.484375,25.125,0.0,-30.3497314453125,0.0,8
7946,0,1853.84912109375,626.9647827148438,25.125,0.0,-47.2467041015625,0.0,8
7947,0,1886.1353759765625,600.5355224609375,25.125,0.0,-30.3497314453125,0.0,8
7948,0,1919.4847412109375,577.0617065429688,25.125,0.0,-30.3497314453125,0.0,8
7949,0,1955.17138671875,556.5803833007812,25.125,0.0,-13.4527587890625,0.0,8
7950,0,1983.8740234375,542.97900390625,25.125,0.0,3.4442138671875,0.0,8
7951,0,1983.8743896484375,540.59326171875,25.125,0.0,3.4442138671875,0.0,8
7952,0,1983.8740234375,541.0020141601562,25.125,0.0,3.4442138671875,0.0,8
7953,0,1983.8743896484375,540.3123779296875,25.125,0.0,-13.4527587890625,0.0,8
7954,0,1983.8740234375,539.6998291015625,25.125,0.0,3.4442138671875,0.0,8
7955,0,1983.8741455078125,541.593017578125,25.125,0.0,20.335693359375,0.0,8
7956,0,1983.874267578125,554.0443725585938,25.125,0.0,37.232666015625,0.0,8
7957,0,1983.874267578125,581.171142578125,25.125,0.0,37.232666015625,0.0,8
7958,0,1983.8746337890625,582.9432983398438,25.125,0.0,37.232666015625,0.0,8
7959,0,1983.874267578125,587.4891357421875,25.125,0.0,37.232666015625,0.0,8
7960,0,1983.8743896484375,609.1474609375,25.125,0.0,20.335693359375,0.0,8
7961,0,1983.8741455078125,633.2019653320312,25.125,0.0,20.335693359375,0.0,8
7962,0,1983.87451171875,658.804931640625,25.125,0.0,37.232666015625,0.0,8
7963,0,1983.87451171875,695.4680786132812,25.125,0.0,54.129638671875,0.0,8
7964,0,1983.8748779296875,739.084716796875,25.125,0.0,71.026611328125,0.0,8
7965,0,1983.875,781.2745361328125,25.125,0.0,87.923583984375,0.0,8
7966,0,1983.874755859375,822.7100830078125,25.125,0.0,71.026611328125,0.0,8
7967,0,1983.8746337890625,867.589599609375,25.125,0.0,54.129638671875,0.0,8
7968,0,1983.874267578125,916.6441040039062,25.125,0.0,37.232666015625,0.0,8
7969,0,1983.8743896484375,959.0326538085938,25.125,0.0,20.335693359375,0.0,8
7970,0,1983.8740234375,989.7067260742188,25.125,0.0,3.4442138671875,0.0,8
7971,0,1983.8741455078125,1009.2892456054688,25.125,0.0,20.335693359375,0.0,8
7972,0,1983.8741455078125,1030.1448974609375,25.125,0.0,20.335693359375,0.0,8
7973,0,1983.8740234375,1049.5758056640625,25.125,0.0,3.4442138671875,0.0,8
7974,0,1983.8743896484375,1064.410888671875,25.125,0.0,20.335693359375,0.0,8
7975,0,1983.8740234375,1080.6270751953125,25.125,0.0,3.4442138671875,0.0,8
7976,0,1983.8743896484375,1093.767822265625,25.125,0.0,20.335693359375,0.0,8
7977,0,1983.8741455078125,1112.11572265625,25.125,0.0,20.335693359375,0.0,8
7978,0,1983.87451171875,1135.90625,25.125,0.0,37.232666015625,0.0,8
7979,0,1983.87451171875,1171.4986572265625,25.125,0.0,54.129638671875,0.0,8
7980,0,1983.8748779296875,1214.9791259765625,25.125,0.0,71.026611328125,0.0,8
7981,0,1983.875,1256.205322265625,25.125,0.0,87.923583984375,0.0,8
7982,0,1982.545654296875,1297.073974609375,25.125,0.0,104.8150634765625,0.0,8
7983,0,1978.580810546875,1337.6416015625,25.125,0.0,87.923583984375,0.0,8
7984,0,1650.0,1950.0,25.125,0.0,-119.7674560546875,0.0,8
7985,0,1636.669921875,1932.6949462890625,25.125,0.0,-136.6644287109375,0.0,9
7986,0,1606.3406982421875,1903.62109375,25.125,0.0,-153.5614013671875,0.0,9
7987,0,1571.6033935546875,1881.8184814453125,25.125,0.0,-170.452880859375,0.0,9
7988,0,1530.138671875,1868.8311767578125,25.125,0.0,172.650146484375,0.0,9
7989,0,1516.1258544921875,1868.8758544921875,25.125,0.0,155.753173828125,0.0,9
7990,0,1516.12548828125,1883.7337646484375,25.125,0.0,138.856201171875,0.0,9
7991,0,1516.12548828125,1916.2791748046875,25.125,0.0,121.959228515625,0.0,9
7992,0,1503.5009765625,1957.870849609375,25.125,0.0,138.856201171875,0.0,9
7993,0,1475.9312744140625,1983.8746337890625,25.125,0.0,155.753173828125,0.0,9
7994,0,1435.152587890625,1983.875,25.125,0.0,172.650146484375,0.0,9
7995,0,1393.444091796875,1983.36083984375,25.125,0.0,-170.452880859375,0.0,9
7996,0,1352.401123046875,1977.7779541015625,25.125,0.0,-153.5614013671875,0.0,9
7997,0,1312.0224609375,1962.7646484375,25.125,0.0,-136.6644287109375,0.0,9
7998,0,1277.3890380859375,1938.1517333984375,25.125,0.0,-119.7674560546875,0.0,9
7999,0,1250.6546630859375,1904.858154296875,25.125,0.0,-102.8704833984375,0.0,9
8000,0,1234.405517578125,1865.248046875,25.125,0.0,-85.9735107421875,0.0,9
8001,0,1230.23291015625,1822.608642578125,25.125,0.0,-69.08203125,0.0,9
8002,0,1238.8514404296875,1779.606689453125,25.125,0.0,-52.18505859375,0.0,9
8003,0,1259.1702880859375,1741.91015625,25.125,0.0,-35.2880859375,0.0,9
8004,0,1290.321533203125,1711.10791015625,25.125,0.0,-18.39111328125,0.0,9
8005,0,1328.20068359375,1691.10009765625,25.125,0.0,-1.494140625,0.0,9
8006,0,1371.23046875,1682.828857421875,25.125,0.0,15.40283203125,0.0,9
8007,0,1413.82177734375,1687.3076171875,25.125,0.0,32.2943115234375,0.0,9
8008,0,1453.3209228515625,1703.8638916015625,25.125,0.0,49.1912841796875,0.0,9
8009,0,1486.4036865234375,1731.1121826171875,25.125,0.0,66.0882568359375,0.0,9
8010,0,1510.1978759765625,1766.792236328125,25.125,0.0,82.9852294921875,0.0,9
8011,0,1522.72265625,1808.81982421875,25.125,0.0,99.8822021484375,0.0,9
8012,0,1522.4327392578125,1851.6590576171875,25.125,0.0,116.7791748046875,0.0,9
8013,0,1516.1256103515625,1894.645263671875,25.125,0.0,133.670654296875,0.0,9
8014,0,1509.732666015625,1937.6522216796875,25.125,0.0,150.567626953125,0.0,9
8015,0,1482.1475830078125,1973.2882080078125,25.125,0.0,150.567626953125,0.0,9
8016,0,1445.58935546875,1983.8748779296875,25.125,0.0,167.464599609375,0.0,9
8017,0,1402.3765869140625,1983.874755859375,25.125,0.0,150.567626953125,0.0,9
8018,0,1353.689208984375,1983.8743896484375,25.125,0.0,133.670654296875,0.0,9
8019,0,1309.2891845703125,1983.8743896484375,25.125,0.0,116.7791748046875,0.0,9
8020,0,1273.099853515625,1983.8741455078125,25.125,0.0,99.8822021484375,0.0,9
8021,0,1253.019287109375,1983.8740234375,25.125,0.0,82.9852294921875,0.0,9
8022,0,1251.4735107421875,1983.8741455078125,25.125,0.0,66.0882568359375,0.0,9
8023,0,1265.8271484375,1983.874267578125,25.125,0.0,49.1912841796875,0.0,9
8024,0,1295.819580078125,1983.87451171875,25.125,0.0,49.1912841796875,0.0,9
8025,0,1336.862060546875,1983.87451171875,25.125,0.0,32.2943115234375,0.0,9
8026,0,1384.088623046875,1983.87451171875,25.125,0.0,49.1912841796875,0.0,9
8027,0,1428.9183349609375,1983.8741455078125,25.125,0.0,66.0882568359375,0.0,9
8028,0,1463.76611328125,1983.8743896484375,25.125,0.0,66.0882568359375,0.0,9
8029,0,1492.6634521484375,1983.8740234375,25.125,0.0,82.9852294921875,0.0,9
8030,0,1507.5926513671875,1983.8741455078125,25.125,0.0,99.8822021484375,0.0,9
8031,0,1505.36474609375,1983.8741455078125,25.125,0.0,116.7791748046875,0.0,9
8032,0,1487.5992431640625,1983.8743896484375,25.125,0.0,133.670654296875,0.0,9
8033,0,1452.51953125,1983.8746337890625,25.125,0.0,150.567626953125,0.0,9
8034,0,1408.772216796875,1983.8748779296875,25.125,0.0,167.464599609375,0.0,9
8035,0,1365.5594482421875,1983.874755859375,25.125,0.0,150.567626953125,0.0,9
8036,0,1316.8720703125,1983.8743896484375,25.125,0.0,133.670654296875,0.0,9
8037,0,1270.2642822265625,1983.87451171875,25.125,0.0,133.670654296875,0.0,9
8038,0,1224.34375,1983.8741455078125,25.125,0.0,116.7791748046875,0.0,9
8039,0,1189.5380859375,1983.8741455078125,25.125,0.0,99.8822021484375,0.0,9
8040,0,1169.292724609375,1983.8740234375,25.125,0.0,82.9852294921875,0.0,9
8041,0,1167.7481689453125,1983.8741455078125,25.125,0.0,66.0882568359375,0.0,9
8042,0,1175.5455322265625,1983.8743896484375,25.125,0.0,82.9852294921875,0.0,9
8043,0,1178.3524169921875,1983.8741455078125,25.125,0.0,99.8822021484375,0.0,9
8044,0,1178.29345703125,1983.8743896484375,25.125,0.0,82.9852294921875,0.0,9
8045,0,1177.9990234375,1983.8741455078125,25.125,0.0,99.8822021484375,0.0,9
8046,0,1173.7762451171875,1983.8741455078125,25.125,0.0,116.7791748046875,0.0,9
8047,0,1155.3377685546875,1983.8743896484375,25.125,0.0,133.670654296875,0.0,9
8048,0,1119.9071044921875,1983.87451171875,25.125,0.0,150.567626953125,0.0,9
8049,0,1077.1214599609375,1983.8748779296875,25.125,0.0,167.464599609375,0.0,9
8050,0,1054.9229736328125,1983.8741455078125,25.125,0.0,167.464599609375,0.0,9
8051,0,1026.578125,1983.8746337890625,25.125,0.0,150.567626953125,0.0,9
8052,0,981.5339965820312,1983.8743896484375,25.125,0.0,133.670654296875,0.0,9
8053,0,937.8024291992188,1983.8743896484375,25.125,0.0,116.7791748046875,0.0,9
8054,0,902.6403198242188,1983.8741455078125,25.125,0.0,99.8822021484375,0.0,9
8055,0,883.1184692382812,1983.8740234375,25.125,0.0,82.9852294921875,0.0,9
8056,0,881.6185913085938,1983.8741455078125,25.125,0.0,66.0882568359375,0.0,9
8057,0,895.7274169921875,1983.874267578125,25.125,0.0,49.1912841796875,0.0,9
8058,0,927.6592407226562,1983.8746337890625,25.125,0.0,32.2943115234375,0.0,9
8059,0,972.3390502929688,1983.874267578125,25.125,0.0,49.1912841796875,0.0,9
8060,0,1014.6072998046875,1983.8743896484375,25.125,0.0,66.0882568359375,0.0,9
8061,0,1047.4219970703125,1983.8740234375,25.125,0.0,82.9852294921875,0.0,9
8062,0,1064.1895751953125,1983.8743896484375,25.125,0.0,99.8822021484375,0.0,9
8063,0,1062.54931640625,1983.8741455078125,25.125,0.0,116.7791748046875,0.0,9
8064,0,1044.7838134765625,1983.8743896484375,25.125,0.0,133.670654296875,0.0,9
8065,0,1009.7041625976562,1983.8746337890625,25.125,0.0,150.567626953125,0.0,9
8066,0,967.0260620117188,1983.8748779296875,25.125,0.0,167.464599609375,0.0,9
8067,0,925.5914916992188,1983.8748779296875,25.125,0.0,167.464599609375,0.0,9
8068,0,881.3504638671875,1983.8746337890625,25.125,0.0,150.567626953125,0.0,9
8069,0,833.726806640625,1983.87451171875,25.125,0.0,133.670654296875,0.0,9
8070,0,787.2050170898438,1983.8741455078125,25.125,0.0,116.7791748046875,0.0,9
8071,0,752.0115966796875,1983.8741455078125,25.125,0.0,99.8822021484375,0.0,9
8072,0,731.5641479492188,1983.8740234375,25.125,0.0,82.9852294921875,0.0,9
8073,0,729.9407958984375,1983.8741455078125,25.125,0.0,66.0882568359375,0.0,9
8074,0,743.9619750976562,1983.87451171875,25.125,0.0,49.1912841796875,0.0,9
8075,0,775.83642578125,1983.87451171875,25.125,0.0,32.2943115234375,0.0,9
8076,0,818.4716796875,1983.8748779296875,25.125,0.0,15.40283203125,0.0,9
8077,0,863.4324340820312,1983.87451171875,25.125,0.0,32.2943115234375,0.0,9
8078,0,911.4966430664062,1983.87451171875,25.125,0.0,49.1912841796875,0.0,9
8079,0,960.4334106445312,1983.8746337890625,25.125,0.0,32.2943115234375,0.0,9
8080,0,1008.5,1983.874267578125,25.125,0.0,49.1912841796875,0.0,9
8081,0,1053.58642578125,1983.8741455078125,25.125,0.0,66.0882568359375,0.0,9
8082,0,1089.3182373046875,1983.8741455078125,25.125,0.0,66.0882568359375,0.0,9
8083,0,1117.6943359375,1983.8743896484375,25.125,0.0,82.9852294921875,0.0,9
8084,0,1132.8988037109375,1983.8741455078125,25.125,0.0,99.8822021484375,0.0,9
8085,0,1133.433349609375,1983.8743896484375,25.125,0.0,99.8822021484375,0.0,9
8086,0,1129.0128173828125,1983.8741455078125,25.125,0.0,116.7791748046875,0.0,9
8087,0,1113.0787353515625,1983.8743896484375,25.125,0.0,116.7791748046875,0.0,9
8088,0,1091.427001953125,1983.8741455078125,25.125,0.0,99.8822021484375,0.0,9
8089,0,1071.654052734375,1983.8741455078125,25.125,0.0,116.7791748046875,0.0,9
8090,0,1043.4371337890625,1983.8743896484375,25.125,0.0,133.670654296875,0.0,9
8091,0,1008.3368530273438,1983.8741455078125,25.125,0.0,116.7791748046875,0.0,9
8092,0,977.7586059570312,1983.8743896484375,25.125,0.0,99.8822021484375,0.0,9
8093,0,959.3782958984375,1983.8740234375,25.125,0.0,82.9852294921875,0.0,9
8094,0,956.5155029296875,1983.8743896484375,25.125,0.0,82.9852294921875,0.0,9
8095,0,957.34619140625,1983.8740234375,25.125,0.0,82.9852294921875,0.0,9
8096,0,957.0481567382812,1983.8741455078125,25.125,0.0,99.8822021484375,0.0,9
8097,0,952.6278076171875,1983.8741455078125,25.125,0.0,116.7791748046875,0.0,9
8098,0,934.0384521484375,1983.8743896484375,25.125,0.0,133.670654296875,0.0,9
8099,0,902.9938354492188,1983.8743896484375,25.125,0.0,116.7791748046875,0.0,9
8100,0,903.7288818359375,1983.8746337890625,25.125,0.0,116.7791748046875,0.0,9
8101,0,903.4749145507812,1983.87451171875,25.125,0.0,133.670654296875,0.0,9
8102,0,876.0985717773438,1983.87451171875,25.125,0.0,150.567626953125,0.0,9
8103,0,834.0288696289062,1983.874755859375,25.125,0.0,150.567626953125,0.0,9
8104,0,790.1263427734375,1983.8748779296875,25.125,0.0,167.464599609375,0.0,9
8105,0,746.8817749023438,1983.8746337890625,25.125,0.0,150.567626953125,0.0,9
8106,0,698.1505737304688,1983.8743896484375,25.125,0.0,133.670654296875,0.0,9
8107,0,683.6832885742188,1983.8743896484375,25.125,0.0,133.670654296875,0.0,9
8108,0,671.7274780273438,1983.87451171875,25.125,0.0,133.670654296875,0.0,9
8109,0,642.3533325195312,1983.8741455078125,25.125,0.0,116.7791748046875,0.0,9
8110,0,614.5399780273438,1983.8743896484375,25.125,0.0,99.8822021484375,0.0,9
8111,0,597.383056640625,1983.8740234375,25.125,0.0,82.9852294921875,0.0,9
8112,0,597.1319580078125,1983.8743896484375,25.125,0.0,66.0882568359375,0.0,9
8113,0,612.0892944335938,1983.874267578125,25.125,0.0,49.1912841796875,0.0,9
8114,0,642.2740478515625,1983.874267578125,25.125,0.0,49.1912841796875,0.0,9
8115,0,683.4421997070312,1983.87451171875,25.125,0.0,32.2943115234375,0.0,9
8116,0,726.9760131835938,1983.8748779296875,25.125,0.0,15.40283203125,0.0,9
8117,0,768.8239135742188,1983.8748779296875,25.125,0.0,15.40283203125,0.0,9
8118,0,790.0728759765625,1983.8741455078125,25.125,0.0,15.40283203125,0.0,9
8119,0,818.2448120117188,1983.858642578125,25.125,0.0,-1.494140625,0.0,9
8120,0,860.173095703125,1981.42578125,25.125,0.0,-18.39111328125,0.0,9
8121,0,900.7799682617188,1971.395751953125,25.125,0.0,-35.2880859375,0.0,9
8122,0,938.6597900390625,1955.9814453125,25.125,0.0,-18.39111328125,0.0,9
8123,0,976.1387329101562,1939.7635498046875,25.125,0.0,-35.2880859375,0.0,9
8124,0,1011.4163818359375,1917.7099609375,25.125,0.0,-52.18505859375,0.0,9
8125,0,1041.7315673828125,1886.93310546875,25.125,0.0,-69.08203125,0.0,9
8126,0,1062.54541015625,1849.8167724609375,25.125,0.0,-85.9735107421875,0.0,9
8127,0,1072.4039306640625,1807.2283935546875,25.125,0.0,-102.8704833984375,0.0,9
8128,0,1073.968017578125,1766.2257080078125,25.125,0.0,-85.9735107421875,0.0,9
8129,0,1073.70068359375,1724.40380859375,25.125,0.0,-102.8704833984375,0.0,9
8130,0,1066.85400390625,1683.3165283203125,25.125,0.0,-119.7674560546875,0.0,9
8131,0,1050.4466552734375,1644.3643798828125,25.125,0.0,-136.6644287109375,0.0,9
8132,0,1024.0980224609375,1610.8828125,25.125,0.0,-153.5614013671875,0.0,9
8133,0,989.3250122070312,1586.097412109375,25.125,0.0,-170.452880859375,0.0,9
8134,0,947.89208984375,1572.0447998046875,25.125,0.0,172.650146484375,0.0,9
8135,0,905.1350708007812,1570.5335693359375,25.125,0.0,155.753173828125,0.0,9
8136,0,862.7890014648438,1581.7659912109375,25.125,0.0,138.856201171875,0.0,9
8137,0,826.3584594726562,1604.2706298828125,25.125,0.0,121.959228515625,0.0,9
8138,0,797.4288330078125,1637.161865234375,25.125,0.0,105.062255859375,0.0,9
8139,0,779.7584838867188,1676.1480712890625,25.125,0.0,88.1707763671875,0.0,9
8140,0,774.0743408203125,1718.57470703125,25.125,0.0,71.2738037109375,0.0,9
8141,0,780.8444213867188,1760.926513671875,25.125,0.0,54.3768310546875,0.0,9
8142,0,799.6229248046875,1799.434326171875,25.125,0.0,37.4798583984375,0.0,9
8143,0,825.0667114257812,1832.89208984375,25.125,0.0,54.3768310546875,0.0,9
8144,0,851.2324829101562,1864.279541015625,25.125,0.0,37.4798583984375,0.0,9
8145,0,879.9432983398438,1894.5614013671875,25.125,0.0,54.3768310546875,0.0,9
8146,0,904.8640747070312,1927.584228515625,25.125,0.0,71.2738037109375,0.0,9
8147,0,922.8289184570312,1966.71533203125,25.125,0.0,88.1707763671875,0.0,9
8148,0,928.837158203125,1983.8741455078125,25.125,0.0,105.062255859375,0.0,9
8149,0,927.8361206054688,1983.8743896484375,25.125,0.0,88.1707763671875,0.0,9
8150,0,926.9231567382812,1983.8741455078125,25.125,0.0,105.062255859375,0.0,9
8151,0,919.4293823242188,1983.87451171875,25.125,0.0,121.959228515625,0.0,9
8152,0,889.887451171875,1971.09716796875,25.125,0.0,121.959228515625,0.0,9
8153,0,851.691650390625,1976.6590576171875,25.125,0.0,138.856201171875,0.0,9
8154,0,811.6071166992188,1983.8746337890625,25.125,0.0,155.753173828125,0.0,9
8155,0,765.0978393554688,1983.8743896484375,25.125,0.0,138.856201171875,0.0,9
8156,0,749.3423461914062,1983.874267578125,25.125,0.0,138.856201171875,0.0,9
8157,0,737.5040283203125,1983.874267578125,25.125,0.0,121.959228515625,0.0,9
8158,0,714.5546264648438,1983.8743896484375,25.125,0.0,105.062255859375,0.0,9
8159,0,693.7568969726562,1983.8741455078125,25.125,0.0,105.062255859375,0.0,9
8160,0,674.7697143554688,1983.8743896484375,25.125,0.0,105.062255859375,0.0,9
8161,0,659.2319946289062,1983.8740234375,25.125,0.0,88.1707763671875,0.0,9
8162,0,656.9202880859375,1983.8743896484375,25.125,0.0,71.2738037109375,0.0,9
8163,0,667.627197265625,1983.874267578125,25.125,0.0,54.3768310546875,0.0,9
8164,0,690.4024658203125,1983.8741455078125,25.125,0.0,71.2738037109375,0.0,9
8165,0,710.84716796875,1983.8740234375,25.125,0.0,88.1707763671875,0.0,9
8166,0,718.0498046875,1983.8741455078125,25.125,0.0,105.062255859375,0.0,9
8167,0,714.6895141601562,1983.8743896484375,25.125,0.0,105.062255859375,0.0,9
8168,0,707.4232177734375,1983.8741455078125,25.125,0.0,105.062255859375,0.0,9
8169,0,700.267333984375,1983.8743896484375,25.125,0.0,88.1707763671875,0.0,9
8170,0,698.6822509765625,1983.8741455078125,25.125,0.0,105.062255859375,0.0,9
8171,0,694.5785522460938,1983.8741455078125,25.125,0.0,105.062255859375,0.0,9
8172,0,690.2413330078125,1983.8740234375,25.125,0.0,88.1707763671875,0.0,9
8173,0,691.80419921875,1983.8741455078125,25.125,0.0,71.2738037109375,0.0,9
8174,0,702.2119140625,1983.87451171875,25.125,0.0,54.3768310546875,0.0,9
8175,0,725.4957275390625,1983.8741455078125,25.125,0.0,71.2738037109375,0.0,9
8176,0,745.598876953125,1983.8743896484375,25.125,0.0,88.1707763671875,0.0,9
8177,0,753.0776977539062,1983.8741455078125,25.125,0.0,105.062255859375,0.0,9
8178,0,746.5864868164062,1983.87451171875,25.125,0.0,121.959228515625,0.0,9
8179,0,725.1943359375,1983.874267578125,25.125,0.0,121.959228515625,0.0,9
8180,0,693.5474853515625,1983.8743896484375,25.125,0.0,138.856201171875,0.0,9
8181,0,650.802490234375,1983.8743896484375,25.125,0.0,138.856201171875,0.0,9
8182,0,605.1993408203125,1983.874755859375,25.125,0.0,155.753173828125,0.0,9
8183,0,563.2857666015625,1983.875,25.125,0.0,172.650146484375,0.0,9
8184,0,520.1102294921875,1983.874755859375,25.125,0.0,155.753173828125,0.0,9
8185,0,473.6806640625,1983.8746337890625,25.125,0.0,138.856201171875,0.0,9
8186,0,425.4975891113281,1983.874267578125,25.125,0.0,121.959228515625,0.0,9
8187,0,382.5009460449219,1983.8746337890625,25.125,0.0,138.856201171875,0.0,9
8188,0,335.72613525390625,1983.874755859375,25.125,0.0,155.753173828125,0.0,9
8189,0,292.0010986328125,1983.874755859375,25.125,0.0,155.753173828125,0.0,9
8190,0,247.26377868652344,1983.874755859375,25.125,0.0,155.753173828125,0.0,9
8191,0,200.73818969726562,1983.8743896484375,25.125,0.0,138.856201171875,0.0,9
8192,0,151.44369506835938,1983.8746337890625,25.125,0.0,138.856201171875,0.0,9
8193,0,116.12569427490234,1983.875,25.125,0.0,138.856201171875,0.0,9
8194,0,116.12532806396484,1983.875,25.125,0.0,121.959228515625,0.0,9
8195,0,116.12569427490234,1983.875,25.125,0.0,138.856201171875,0.0,9
8196,0,116.12548828125,1983.875,25.125,0.0,121.959228515625,0.0,9
8197,0,116.12548828125,1983.875,25.125,0.0,121.959228515625,0.0,9
8198,0,116.12569427490234,1983.875,25.125,0.0,138.856201171875,0.0,9
8199,0,116.12532806396484,1983.875,25.125,0.0,121.959228515625,0.0,9
8200,0,116.12548828125,1983.875,25.125,0.0,121.959228515625,0.0,9
8201,0,116.12532806396484,1983.875,25.125,0.0,121.959228515625,0.0,9
8202,0,116.12548828125,1983.875,25.125,0.0,121.959228515625,0.0,9
8203,0,116.12516021728516,1983.875,25.125,0.0,105.062255859375,0.0,9
8204,0,116.15452575683594,1983.8740234375,25.125,0.0,88.1707763671875,0.0,9
8205,0,116.125,1983.8741455078125,25.125,0.0,105.062255859375,0.0,9
8206,0,116.125,1983.874267578125,25.125,0.0,121.959228515625,0.0,9
8207,0,116.125,1983.874267578125,25.125,0.0,121.959228515625,0.0,9
8208,0,116.125,1983.87451171875,25.125,0.0,121.959228515625,0.0,9
8209,0,116.125,1983.874267578125,25.125,0.0,121.959228515625,0.0,9
8210,0,116.125,1983.8746337890625,25.125,0.0,138.856201171875,0.0,9
8211,0,116.125,1983.8746337890625,25.125,0.0,155.753173828125,0.0,9
8212,0,116.125,1983.8748779296875,25.125,0.0,172.650146484375,0.0,9
8213,0,116.12590789794922,1983.474365234375,25.125,0.0,-170.452880859375,0.0,9
8214,0,116.12582397460938,1979.431396484375,25.125,0.0,-153.5614013671875,0.0,9
8215,0,116.12545776367188,1961.5662841796875,25.125,0.0,-136.6644287109375,0.0,9
8216,0,116.12567138671875,1928.717041015625,25.125,0.0,-136.6644287109375,0.0,9
8217,0,116.12545776367188,1888.3106689453125,25.125,0.0,-136.6644287109375,0.0,9
8218,0,116.12530517578125,1842.1395263671875,25.125,0.0,-119.7674560546875,0.0,9
8219,0,116.12545776367188,1794.47900390625,25.125,0.0,-136.6644287109375,0.0,9
8220,0,116.12582397460938,1748.1658935546875,25.125,0.0,-153.5614013671875,0.0,9
8221,0,116.12582397460938,1710.5089111328125,25.125,0.0,-153.5614013671875,0.0,9
8222,0,116.12590789794922,1679.213134765625,25.125,0.0,-170.452880859375,0.0,9
8223,0,116.12590789794922,1658.4326171875,25.125,0.0,-170.452880859375,0.0,9
8224,0,116.12561798095703,1646.04541015625,25.125,0.0,172.650146484375,0.0,9
8225,0,116.12591552734375,1645.563232421875,25.125,0.0,172.650146484375,0.0,9
8226,0,116.12561798095703,1646.3955078125,25.125,0.0,172.650146484375,0.0,9
8227,0,116.12591552734375,1647.2659912109375,25.125,0.0,172.650146484375,0.0,9
8228,0,116.12561798095703,1648.0982666015625,25.125,0.0,172.650146484375,0.0,9
8229,0,116.12590789794922,1647.843505859375,25.125,0.0,-170.452880859375,0.0,9
8230,0,116.12582397460938,1643.800537109375,25.125,0.0,-153.5614013671875,0.0,9
8231,0,116.12567138671875,1625.3143310546875,25.125,0.0,-136.6644287109375,0.0,9
8232,0,116.12545776367188,1590.20751953125,25.125,0.0,-119.7674560546875,0.0,9
8233,0,116.12554168701172,1574.860595703125,25.125,0.0,-119.7674560546875,0.0,9
8234,0,116.12567138671875,1556.732666015625,25.125,0.0,-136.6644287109375,0.0,9
8235,0,116.12556457519531,1524.724853515625,25.125,0.0,-153.5614013671875,0.0,9
8236,0,116.12567138671875,1489.5238037109375,25.125,0.0,-136.6644287109375,0.0,9
8237,0,116.12556457519531,1451.5751953125,25.125,0.0,-153.5614013671875,0.0,9
8238,0,116.12590789794922,1419.1656494140625,25.125,0.0,-170.452880859375,0.0,9
8239,0,116.12590789794922,1397.9132080078125,25.125,0.0,-170.452880859375,0.0,9
8240,0,116.12591552734375,1385.174072265625,25.125,0.0,172.650146484375,0.0,9
8241,0,116.12590789794922,1383.405029296875,25.125,0.0,-170.452880859375,0.0,9
8242,0,116.12561798095703,1382.3009033203125,25.125,0.0,-170.452880859375,0.0,9
8243,0,116.12591552734375,1382.2958984375,25.125,0.0,172.650146484375,0.0,9
8244,0,116.12508392333984,1360.6072998046875,25.125,0.0,172.650146484375,0.0,9
8245,0,116.12590789794922,1336.7803955078125,25.125,0.0,-170.452880859375,0.0,9
8246,0,116.12591552734375,1324.3897705078125,25.125,0.0,172.650146484375,0.0,9
8247,0,116.12583923339844,1326.239501953125,25.125,0.0,155.753173828125,0.0,9
8248,0,125.66477966308594,1351.3087158203125,25.125,0.0,155.753173828125,0.0,9
8249,0,116.126953125,1384.8662109375,25.125,0.0,155.753173828125,0.0,9
8250,0,116.12583923339844,1415.9151611328125,25.125,0.0,155.753173828125,0.0,9
8251,0,116.12547302246094,1447.393798828125,25.125,0.0,138.856201171875,0.0,9
8252,0,116.12583923339844,1483.691162109375,25.125,0.0,155.753173828125,0.0,9
8253,0,116.12525939941406,1485.260009765625,25.125,0.0,155.753173828125,0.0,9
8254,0,125.49058532714844,1496.213623046875,25.125,0.0,155.753173828125,0.0,9
8255,0,116.1271743774414,1523.5269775390625,25.125,0.0,155.753173828125,0.0,9
8256,0,116.12569427490234,1554.3568115234375,25.125,0.0,138.856201171875,0.0,9
8257,0,116.12583923339844,1589.2244873046875,25.125,0.0,155.753173828125,0.0,9
8258,0,116.12557220458984,1620.9404296875,25.125,0.0,155.753173828125,0.0,9
8259,0,116.12591552734375,1648.1351318359375,25.125,0.0,172.650146484375,0.0,9
8260,0,116.12508392333984,1639.9002685546875,25.125,0.0,172.650146484375,0.0,9
8261,0,116.12591552734375,1625.7711181640625,25.125,0.0,172.650146484375,0.0,9
8262,0,116.12508392333984,1600.176513671875,25.125,0.0,172.650146484375,0.0,9
8263,0,116.12590789794922,1574.4429931640625,25.125,0.0,-170.452880859375,0.0,9
8264,0,116.12582397460938,1554.9359130859375,25.125,0.0,-153.5614013671875,0.0,9
8265,0,116.12590789794922,1532.72900390625,25.125,0.0,-170.452880859375,0.0,9
8266,0,116.12515258789062,1542.9173583984375,25.125,0.0,-170.452880859375,0.0,9
8267,0,116.12561798095703,1560.1705322265625,25.125,0.0,172.650146484375,0.0,9
8268,0,116.12591552734375,1571.6719970703125,25.125,0.0,172.650146484375,0.0,9
8269,0,116.12561798095703,1576.442626953125,25.125,0.0,-170.452880859375,0.0,9
8270,0,116.12590789794922,1575.2974853515625,25.125,0.0,-170.452880859375,0.0,9
8271,0,116.12590789794922,1574.1932373046875,25.125,0.0,-170.452880859375,0.0,9
8272,0,116.12582397460938,1570.01953125,25.125,0.0,-153.5614013671875,0.0,9
8273,0,116.12541198730469,1585.924072265625,25.125,0.0,-153.5614013671875,0.0,9
8274,0,116.12561798095703,1597.366943359375,25.125,0.0,-170.452880859375,0.0,9
8275,0,116.12591552734375,1597.3538818359375,25.125,0.0,172.650146484375,0.0,9
8276,0,116.12557220458984,1600.4361572265625,25.125,0.0,155.753173828125,0.0,9
8277,0,116.12591552734375,1610.3094482421875,25.125,0.0,172.650146484375,0.0,9
8278,0,119.12297821044922,1639.8271484375,25.125,0.0,172.650146484375,0.0,9
8279,0,119.1332778930664,1642.3345947265625,25.125,0.0,172.650146484375,0.0,9
8280,0,120.43474578857422,1652.722412109375,25.125,0.0,172.650146484375,0.0,9
8281,0,116.12590789794922,1671.0111083984375,25.125,0.0,-170.452880859375,0.0,9
8282,0,116.12582397460938,1670.63720703125,25.125,0.0,-153.5614013671875,0.0,9
8283,0,116.12561798095703,1659.6728515625,25.125,0.0,-170.452880859375,0.0,9
8284,0,116.12591552734375,1651.4833984375,25.125,0.0,172.650146484375,0.0,9
8285,0,116.12557220458984,1654.390625,25.125,0.0,155.753173828125,0.0,9
8286,0,126.1684341430664,1680.4267578125,25.125,0.0,155.753173828125,0.0,9
8287,0,116.12610626220703,1714.2996826171875,25.125,0.0,155.753173828125,0.0,9
8288,0,116.12569427490234,1748.265380859375,25.125,0.0,138.856201171875,0.0,9
8289,0,116.12583923339844,1784.579833984375,25.125,0.0,155.753173828125,0.0,9
8290,0,116.12557220458984,1817.043212890625,25.125,0.0,155.753173828125,0.0,9
8291,0,116.12569427490234,1849.6651611328125,25.125,0.0,138.856201171875,0.0,9
8292,0,116.12532806396484,1890.174072265625,25.125,0.0,121.959228515625,0.0,9
8293,0,116.1251449584961,1934.6483154296875,25.125,0.0,105.062255859375,0.0,9
8294,0,116.13707733154297,1975.568603515625,25.125,0.0,88.1707763671875,0.0,9
8295,0,116.12523651123047,1983.875,25.125,0.0,105.062255859375,0.0,9
8296,0,116.12548828125,1983.875,25.125,0.0,121.959228515625,0.0,9
8297,0,116.12569427490234,1983.875,25.125,0.0,138.856201171875,0.0,9
8298,0,116.12583923339844,1983.875,25.125,0.0,155.753173828125,0.0,9
8299,0,116.12547302246094,1983.875,25.125,0.0,138.856201171875,0.0,9
8300,0,116.12583923339844,1983.875,25.125,0.0,155.753173828125,0.0,9
8301,0,116.12561798095703,1983.875,25.125,0.0,172.650146484375,0.0,9
8302,0,116.12591552734375,1983.875,25.125,0.0,172.650146484375,0.0,9
8303,0,116.12561798095703,1983.512939453125,25.125,0.0,-170.452880859375,0.0,9
8304,0,116.12582397460938,1979.195068359375,25.125,0.0,-153.5614013671875,0.0,9
8305,0,116.12590789794922,1966.5924072265625,25.125,0.0,-170.452880859375,0.0,9
8306,0,116.12582397460938,1950.5205078125,25.125,0.0,-153.5614013671875,0.0,9
8307,0,116.12582397460938,1927.7132568359375,25.125,0.0,-153.5614013671875,0.0,9
8308,0,116.12561798095703,1903.663330078125,25.125,0.0,-170.452880859375,0.0,9
8309,0,116.12582397460938,1882.879638671875,25.125,0.0,-153.5614013671875,0.0,9
8310,0,116.12556457519531,1857.8282470703125,25.125,0.0,-153.5614013671875,0.0,9
8311,0,116.12541198730469,1862.22412109375,25.125,0.0,-153.5614013671875,0.0,9
8312,0,116.12561798095703,1868.3167724609375,25.125,0.0,-170.452880859375,0.0,9
8313,0,116.12582397460938,1863.9989013671875,25.125,0.0,-153.5614013671875,0.0,9
8314,0,116.12582397460938,1848.344482421875,25.125,0.0,-153.5614013671875,0.0,9
8315,0,116.12590789794922,1827.0859375,25.125,0.0,-170.452880859375,0.0,9
8316,0,116.12590789794922,1810.739990234375,25.125,0.0,-170.452880859375,0.0,9
8317,0,116.12561798095703,1797.2266845703125,25.125,0.0,-170.452880859375,0.0,9
8318,0,116.12591552734375,1788.4224853515625,25.125,0.0,172.650146484375,0.0,9
8319,0,116.12561798095703,1788.975830078125,25.125,0.0,172.650146484375,0.0,9
8320,0,119.25172424316406,1812.8135986328125,25.125,0.0,172.650146484375,0.0,9
8321,0,116.12590789794922,1837.1322021484375,25.125,0.0,-170.452880859375,0.0,9
8322,0,116.12590789794922,1841.6290283203125,25.125,0.0,-170.452880859375,0.0,9
8323,0,116.12590789794922,1840.5247802734375,25.125,0.0,-170.452880859375,0.0,9
8324,0,116.12556457519531,1836.4259033203125,25.125,0.0,-153.5614013671875,0.0,9
8325,0,116.12567138671875,1817.7425537109375,25.125,0.0,-136.6644287109375,0.0,9
8326,0,116.12531280517578,1782.5557861328125,25.125,0.0,-119.7674560546875,0.0,9
8327,0,116.1251220703125,1738.7762451171875,25.125,0.0,-102.8704833984375,0.0,9
8328,0,116.12528991699219,1696.4793701171875,25.125,0.0,-119.7674560546875,0.0,9
8329,0,116.12567138671875,1647.7655029296875,25.125,0.0,-136.6644287109375,0.0,9
8330,0,116.12582397460938,1602.5545654296875,25.125,0.0,-153.5614013671875,0.0,9
8331,0,116.12590789794922,1566.9554443359375,25.125,0.0,-170.452880859375,0.0,9
8332,0,116.12591552734375,1547.48681640625,25.125,0.0,172.650146484375,0.0,9
8333,0,116.12557220458984,1546.10986328125,25.125,0.0,155.753173828125,0.0,9
8334,0,126.16132354736328,1570.92822265625,25.125,0.0,155.753173828125,0.0,9
8335,0,116.12712860107422,1601.3995361328125,25.125,0.0,172.650146484375,0.0,9
8336,0,116.12583923339844,1624.2078857421875,25.125,0.0,155.753173828125,0.0,9
8337,0,116.12561798095703,1645.3477783203125,25.125,0.0,172.650146484375,0.0,9
8338,0,116.12590789794922,1657.8299560546875,25.125,0.0,-170.452880859375,0.0,9
8339,0,116.12591552734375,1658.71044921875,25.125,0.0,172.650146484375,0.0,9
8340,0,116.12590789794922,1658.43408203125,25.125,0.0,-170.452880859375,0.0,9
8341,0,116.12591552734375,1658.437744140625,25.125,0.0,172.650146484375,0.0,9
8342,0,116.12557220458984,1661.52001953125,25.125,0.0,155.753173828125,0.0,9
8343,0,116.12569427490234,1677.6541748046875,25.125,0.0,138.856201171875,0.0,9
8344,0,130.9942169189453,1710.1591796875,25.125,0.0,138.856201171875,0.0,9
8345,0,125.03087615966797,1746.96923828125,25.125,0.0,155.753173828125,0.0,9
8346,0,116.12569427490234,1780.282958984375,25.125,0.0,138.856201171875,0.0,9
8347,0,116.12548828125,1820.8575439453125,25.125,0.0,121.959228515625,0.0,9
8348,0,116.1251449584961,1864.3143310546875,25.125,0.0,105.062255859375,0.0,9
8349,0,116.12510681152344,1906.1090087890625,25.125,0.0,105.062255859375,0.0,9
8350,0,116.14279174804688,1947.998779296875,25.125,0.0,88.1707763671875,0.0,9
8351,0,116.6553726196289,1983.8743896484375,25.125,0.0,88.1707763671875,0.0,9
8352,0,116.12523651123047,1983.875,25.125,0.0,105.062255859375,0.0,9
8353,0,116.12532806396484,1983.875,25.125,0.0,121.959228515625,0.0,9
8354,0,116.12569427490234,1983.875,25.125,0.0,138.856201171875,0.0,9
8355,0,116.12583923339844,1983.875,25.125,0.0,155.753173828125,0.0,9
8356,0,116.12591552734375,1983.875,25.125,0.0,172.650146484375,0.0,9
8357,0,116.12590789794922,1983.4908447265625,25.125,0.0,-170.452880859375,0.0,9
8358,0,116.12561798095703,1982.38671875,25.125,0.0,-170.452880859375,0.0,9
8359,0,116.12591552734375,1982.37109375,25.125,0.0,172.650146484375,0.0,9
8360,0,117.07164764404297,1983.8743896484375,25.125,0.0,172.650146484375,0.0,9
8361,0,116.12590789794922,1983.474365234375,25.125,0.0,-170.452880859375,0.0,9
8362,0,116.12561798095703,1983.4669189453125,25.125,0.0,172.650146484375,0.0,9
8363,0,116.125,1983.8746337890625,25.125,0.0,155.753173828125,0.0,9
8364,0,116.125,1983.8748779296875,25.125,0.0,172.650146484375,0.0,9
8365,0,116.125,1983.8748779296875,25.125,0.0,172.650146484375,0.0,9
8366,0,116.125,1983.8746337890625,25.125,0.0,155.753173828125,0.0,9
8367,0,116.125,1983.8748779296875,25.125,0.0,172.650146484375,0.0,9
8368,0,116.12590789794922,1983.474365234375,25.125,0.0,-170.452880859375,0.0,9
8369,0,116.125,1983.8743896484375,25.125,0.0,-170.452880859375,0.0,9
8370,0,116.12582397460938,1979.5565185546875,25.125,0.0,-153.5614013671875,0.0,9
8371,0,116.125,1983.8741455078125,25.125,0.0,-153.5614013671875,0.0,9
8372,0,116.12590789794922,1978.2022705078125,25.125,0.0,-170.452880859375,0.0,9
8373,0,116.12590789794922,1972.06103515625,25.125,0.0,-170.452880859375,0.0,9
8374,0,116.12561798095703,1966.9268798828125,25.125,0.0,-170.452880859375,0.0,9
8375,0,116.12591552734375,1965.482421875,25.125,0.0,172.650146484375,0.0,9
8376,0,116.12561798095703,1966.314697265625,25.125,0.0,172.650146484375,0.0,9
8377,0,116.12583923339844,1969.6402587890625,25.125,0.0,155.753173828125,0.0,9
8378,0,116.12557220458984,1982.7947998046875,25.125,0.0,155.753173828125,0.0,9
8379,0,116.125,1983.8748779296875,25.125,0.0,172.650146484375,0.0,9
8380,0,116.125,1983.8748779296875,25.125,0.0,172.650146484375,0.0,9
8381,0,116.99531555175781,1983.8740234375,25.125,0.0,172.650146484375,0.0,9
8382,0,116.12583923339844,1983.875,25.125,0.0,155.753173828125,0.0,9
8383,0,116.12561798095703,1983.875,25.125,0.0,172.650146484375,0.0,9
8384,0,116.12590789794922,1983.5126953125,25.125,0.0,-170.452880859375,0.0,9
8385,0,116.12556457519531,1979.413818359375,25.125,0.0,-153.5614013671875,0.0,9
8386,0,116.12582397460938,1963.50927734375,25.125,0.0,-153.5614013671875,0.0,9
8387,0,116.12545776367188,1937.251220703125,25.125,0.0,-136.6644287109375,0.0,9
8388,0,116.12545776367188,1897.5018310546875,25.125,0.0,-119.7674560546875,0.0,9
8389,0,116.1251220703125,1854.564697265625,25.125,0.0,-102.8704833984375,0.0,9
8390,0,116.12539672851562,1810.2281494140625,25.125,0.0,-119.7674560546875,0.0,9
8391,0,116.12567138671875,1762.572021484375,25.125,0.0,-136.6644287109375,0.0,9
8392,0,116.12556457519531,1717.320068359375,25.125,0.0,-153.5614013671875,0.0,9
8393,0,116.12590789794922,1681.5208740234375,25.125,0.0,-170.452880859375,0.0,9
8394,0,116.12561798095703,1662.1531982421875,25.125,0.0,172.650146484375,0.0,9
8395,0,116.12590789794922,1655.0931396484375,25.125,0.0,-170.452880859375,0.0,9
8396,0,116.12591552734375,1653.646484375,25.125,0.0,172.650146484375,0.0,9
8397,0,116.12591552734375,1654.516845703125,25.125,0.0,172.650146484375,0.0,9
8398,0,116.12591552734375,1655.3492431640625,25.125,0.0,172.650146484375,0.0,9
8399,0,116.12561798095703,1656.1815185546875,25.125,0.0,172.650146484375,0.0,9
8400,0,116.12590789794922,1655.948486328125,25.125,0.0,-170.452880859375,0.0,9
8401,0,116.12556457519531,1651.849609375,25.125,0.0,-153.5614013671875,0.0,9
8402,0,116.12582397460938,1635.945068359375,25.125,0.0,-153.5614013671875,0.0,9
8403,0,116.12545776367188,1610.4385986328125,25.125,0.0,-136.6644287109375,0.0,9
8404,0,116.12545776367188,1570.8216552734375,25.125,0.0,-119.7674560546875,0.0,9
8405,0,116.1253433227539,1525.45947265625,25.125,0.0,-119.7674560546875,0.0,9
8406,0,116.12535095214844,1479.0238037109375,25.125,0.0,-119.7674560546875,0.0,9
8407,0,116.12567138671875,1431.3555908203125,25.125,0.0,-136.6644287109375,0.0,9
8408,0,116.12520599365234,1383.6751708984375,25.125,0.0,-119.7674560546875,0.0,9
8409,0,116.12567138671875,1334.9384765625,25.125,0.0,-136.6644287109375,0.0,9
8410,0,116.12556457519531,1289.6865234375,25.125,0.0,-153.5614013671875,0.0,9
8411,0,116.12567138671875,1248.3079833984375,25.125,0.0,-136.6644287109375,0.0,9
8412,0,116.12520599365234,1204.72607421875,25.125,0.0,-119.7674560546875,0.0,9
8413,0,116.1251220703125,1160.7379150390625,25.125,0.0,-102.8704833984375,0.0,9
8414,0,116.12512969970703,1119.2562255859375,25.125,0.0,-102.8704833984375,0.0,9
8415,0,116.12539672851562,1074.919677734375,25.125,0.0,-119.7674560546875,0.0,9
8416,0,116.1253433227539,1029.534912109375,25.125,0.0,-119.7674560546875,0.0,9
8417,0,116.12545776367188,981.8783569335938,25.125,0.0,-136.6644287109375,0.0,9
8418,0,116.12582397460938,935.5653686523438,25.125,0.0,-153.5614013671875,0.0,9
8419,0,116.12561798095703,900.6029663085938,25.125,0.0,-170.452880859375,0.0,9
8420,0,116.12591552734375,880.5164184570312,25.125,0.0,172.650146484375,0.0,9
8421,0,116.12583923339844,879.3238525390625,25.125,0.0,155.753173828125,0.0,9
8422,0,116.12583923339844,890.92236328125,25.125,0.0,155.753173828125,0.0,9
8423,0,116.12583923339844,911.211181640625,25.125,0.0,155.753173828125,0.0,9
8424,0,116.12557220458984,935.670166015625,25.125,0.0,155.753173828125,0.0,9
8425,0,116.12583923339844,962.624267578125,25.125,0.0,155.753173828125,0.0,9
8426,0,116.12561798095703,986.9761352539062,25.125,0.0,172.650146484375,0.0,9
8427,0,116.12590789794922,1000.5789184570312,25.125,0.0,-170.452880859375,0.0,9
8428,0,116.12556457519531,997.7604370117188,25.125,0.0,-153.5614013671875,0.0,9
8429,0,116.12567138671875,979.3807983398438,25.125,0.0,-136.6644287109375,0.0,9
8430,0,116.12582397460938,948.8333129882812,25.125,0.0,-153.5614013671875,0.0,9
8431,0,116.12590789794922,920.5478515625,25.125,0.0,-170.452880859375,0.0,9
8432,0,116.12582397460938,897.8078002929688,25.125,0.0,-153.5614013671875,0.0,9
8433,0,116.12561798095703,874.6072387695312,25.125,0.0,-170.452880859375,0.0,9
8434,0,116.12582397460938,853.745849609375,25.125,0.0,-153.5614013671875,0.0,9
8435,0,116.12545776367188,826.2744750976562,25.125,0.0,-136.6644287109375,0.0,9
8436,0,116.12545776367188,785.9702758789062,25.125,0.0,-119.7674560546875,0.0,9
8437,0,116.12545776367188,738.3255615234375,25.125,0.0,-136.6644287109375,0.0,9
8438,0,116.12529754638672,689.543701171875,25.125,0.0,-119.7674560546875,0.0,9
8439,0,116.12567138671875,641.8685913085938,25.125,0.0,-136.6644287109375,0.0,9
8440,0,116.12545776367188,594.2922973632812,25.125,0.0,-136.6644287109375,0.0,9
8441,0,116.12582397460938,549.8543090820312,25.125,0.0,-153.5614013671875,0.0,9
8442,0,116.125,516.1254272460938,25.125,0.0,-136.6644287109375,0.0,9
8443,0,116.125,516.1254272460938,25.125,0.0,-153.5614013671875,0.0,9
8444,0,116.125,516.1254272460938,25.125,0.0,-136.6644287109375,0.0,9
8445,0,116.125,516.1254272460938,25.125,0.0,-153.5614013671875,0.0,9
8446,0,116.125,516.1251831054688,25.125,0.0,-170.452880859375,0.0,9
8447,0,116.125,516.1254272460938,25.125,0.0,-153.5614013671875,0.0,9
8448,0,116.125,516.1256103515625,25.125,0.0,-136.6644287109375,0.0,9
8449,0,116.125,516.1255493164062,25.125,0.0,-119.7674560546875,0.0,9
8450,0,116.125,516.1259155273438,25.125,0.0,-102.8704833984375,0.0,9
8451,0,116.19988250732422,516.1256103515625,25.125,0.0,-85.9735107421875,0.0,9
8452,0,118.32664489746094,516.1258544921875,25.125,0.0,-69.08203125,0.0,9
8453,0,130.78419494628906,516.12548828125,25.125,0.0,-52.18505859375,0.0,9
8454,0,161.37742614746094,516.1255493164062,25.125,0.0,-35.2880859375,0.0,9
8455,0,203.72242736816406,516.1251831054688,25.125,0.0,-18.39111328125,0.0,9
8456,0,246.66015625,513.9249267578125,25.125,0.0,-18.39111328125,0.0,9
8457,0,287.1726989746094,503.7110290527344,25.125,0.0,-35.2880859375,0.0,9
8458,0,324.9248352050781,488.0238037109375,25.125,0.0,-18.39111328125,0.0,9
8459,0,364.00048828125,474.9610900878906,25.125,0.0,-1.494140625,0.0,9
8460,0,403.8293151855469,466.0935363769531,25.125,0.0,-18.39111328125,0.0,9
8461,0,444.0985107421875,453.27569580078125,25.125,0.0,-35.2880859375,0.0,9
8462,0,480.6882019042969,432.56634521484375,25.125,0.0,-52.18505859375,0.0,9
8463,0,511.7729797363281,402.2013854980469,25.125,0.0,-69.08203125,0.0,9
8464,0,533.0006103515625,365.1424560546875,25.125,0.0,-85.9735107421875,0.0,9
8465,0,542.97412109375,322.5277404785156,25.125,0.0,-102.8704833984375,0.0,9
8466,0,540.1777954101562,279.863525390625,25.125,0.0,-119.7674560546875,0.0,9
8467,0,525.3133544921875,239.72415161132812,25.125,0.0,-136.6644287109375,0.0,9
8468,0,498.7747802734375,204.8764190673828,25.125,0.0,-153.5614013671875,0.0,9
8469,0,464.90643310546875,180.2630615234375,25.125,0.0,-170.452880859375,0.0,9
8470,0,423.473388671875,165.86317443847656,25.125,0.0,172.650146484375,0.0,9
8471,0,380.65423583984375,164.26437377929688,25.125,0.0,155.753173828125,0.0,9
8472,0,338.26934814453125,175.4300079345703,25.125,0.0,138.856201171875,0.0,9
8473,0,316.12548828125,199.17758178710938,25.125,0.0,121.959228515625,0.0,9
8474,0,316.1254577636719,238.0499267578125,25.125,0.0,138.856201171875,0.0,9
8475,0,316.1258544921875,279.27166748046875,25.125,0.0,155.753173828125,0.0,9
8476,0,316.1254577636719,316.0762939453125,25.125,0.0,138.856201171875,0.0,9
8477,0,296.59783935546875,354.5907897949219,25.125,0.0,155.753173828125,0.0,9
8478,0,265.5616455078125,382.3058166503906,25.125,0.0,155.753173828125,0.0,9
8479,0,233.3218231201172,376.5516052246094,25.125,0.0,155.753173828125,0.0,9
8480,0,192.91061401367188,370.4756774902344,25.125,0.0,155.753173828125,0.0,9
8481,0,151.19644165039062,376.32110595703125,25.125,0.0,172.650146484375,0.0,9
8482,0,116.13004302978516,383.8746337890625,25.125,0.0,155.753173828125,0.0,9
8483,0,116.12561798095703,383.875,25.125,0.0,172.650146484375,0.0,9
8484,0,116.12590789794922,383.4851989746094,25.125,0.0,-170.452880859375,0.0,9
8485,0,116.12556457519531,379.38629150390625,25.125,0.0,-153.5614013671875,0.0,9
8486,0,116.12567138671875,360.6994934082031,25.125,0.0,-136.6644287109375,0.0,9
8487,0,116.12542724609375,360.5927734375,25.125,0.0,-136.6644287109375,0.0,9
8488,0,116.12582397460938,356.70751953125,25.125,0.0,-153.5614013671875,0.0,9
8489,0,116.12567138671875,335.7250061035156,25.125,0.0,-136.6644287109375,0.0,9
8490,0,116.1256332397461,335.0422668457031,25.125,0.0,-136.6644287109375,0.0,9
8491,0,116.12545776367188,326.3861999511719,25.125,0.0,-119.7674560546875,0.0,9
8492,0,116.12545776367188,292.5416259765625,25.125,0.0,-136.6644287109375,0.0,9
8493,0,116.12582397460938,252.40399169921875,25.125,0.0,-153.5614013671875,0.0,9
8494,0,116.12556457519531,217.3329620361328,25.125,0.0,-153.5614013671875,0.0,9
8495,0,116.12567138671875,181.44146728515625,25.125,0.0,-136.6644287109375,0.0,9
8496,0,116.1256332397461,174.017822265625,25.125,0.0,-136.6644287109375,0.0,9
8497,0,116.12567138671875,164.97386169433594,25.125,0.0,-136.6644287109375,0.0,9
8498,0,116.12582397460938,138.20262145996094,25.125,0.0,-153.5614013671875,0.0,9
8499,0,116.12501525878906,116.1250991821289,25.125,0.0,-170.452880859375,0.0,9
8500,0,116.125,116.12541198730469,25.125,0.0,-153.5614013671875,0.0,9
8501,0,116.125,116.12510681152344,25.125,0.0,-170.452880859375,0.0,9
8502,0,116.125,116.12541198730469,25.125,0.0,-153.5614013671875,0.0,9
8503,0,116.125,116.12542724609375,25.125,0.0,-136.6644287109375,0.0,9
8504,0,116.125,116.12580108642578,25.125,0.0,-119.7674560546875,0.0,9
8505,0,116.125,116.12590026855469,25.125,0.0,-102.8704833984375,0.0,9
8506,0,116.22079467773438,116.12592315673828,25.125,0.0,-85.9735107421875,0.0,9
8507,0,118.25395965576172,116.12586212158203,25.125,0.0,-69.08203125,0.0,9
8508,0,130.58016967773438,116.12549591064453,25.125,0.0,-52.18505859375,0.0,9
8509,0,161.09693908691406,116.12553405761719,25.125,0.0,-35.2880859375,0.0,9
8510,0,203.49099731445312,116.1251220703125,25.125,0.0,-18.39111328125,0.0,9
8511,0,245.6321258544922,116.12501525878906,25.125,0.0,-1.494140625,0.0,9
8512,0,286.494140625,117.69261932373047,25.125,0.0,15.40283203125,0.0,9
8513,0,328.294677734375,126.3004150390625,25.125,0.0,32.2943115234375,0.0,9
8514,0,366.7799377441406,140.0529022216797,25.125,0.0,15.40283203125,0.0,9
8515,0,405.436767578125,152.7471466064453,25.125,0.0,15.40283203125,0.0,9
8516,0,445.2981872558594,162.59547424316406,25.125,0.0,-1.494140625,0.0,9
8517,0,487.0870666503906,165.0174102783203,25.125,0.0,-18.39111328125,0.0,9
8518,0,529.645751953125,156.76077270507812,25.125,0.0,-35.2880859375,0.0,9
8519,0,567.6468505859375,140.10601806640625,25.125,0.0,-35.2880859375,0.0,9
8520,0,603.2816772460938,117.01774597167969,25.125,0.0,-52.18505859375,0.0,9
8521,0,635.8028564453125,116.12586212158203,25.125,0.0,-69.08203125,0.0,9
8522,0,662.1303100585938,116.12592315673828,25.125,0.0,-85.9735107421875,0.0,9
8523,0,673.9086303710938,116.12590026855469,25.125,0.0,-102.8704833984375,0.0,9
8524,0,673.9014892578125,116.12562561035156,25.125,0.0,-85.9735107421875,0.0,9
8525,0,673.2879638671875,116.12590026855469,25.125,0.0,-102.8704833984375,0.0,9
8526,0,672.8098754882812,116.12562561035156,25.125,0.0,-85.9735107421875,0.0,9
8527,0,674.9365234375,116.12586212158203,25.125,0.0,-69.08203125,0.0,9
8528,0,680.8516845703125,116.12562561035156,25.125,0.0,-85.9735107421875,0.0,9
8529,0,686.2466430664062,116.12586212158203,25.125,0.0,-69.08203125,0.0,9
8530,0,701.54150390625,116.125732421875,25.125,0.0,-52.18505859375,0.0,9
8531,0,733.6192016601562,116.12553405761719,25.125,0.0,-35.2880859375,0.0,9
8532,0,776.31884765625,116.12516784667969,25.125,0.0,-18.39111328125,0.0,9
8533,0,783.8743896484375,116.125,25.125,0.0,-18.39111328125,0.0,9
8534,0,778.8363037109375,116.1258773803711,25.125,0.0,-18.39111328125,0.0,9
8535,0,783.8743896484375,116.125,25.125,0.0,-18.39111328125,0.0,9
8536,0,783.8741455078125,116.125,25.125,0.0,-18.39111328125,0.0,9
8537,0,783.87451171875,116.125,25.125,0.0,-35.2880859375,0.0,9
8538,0,783.8741455078125,116.125,25.125,0.0,-18.39111328125,0.0,9
8539,0,783.8740844726562,116.125,25.125,0.0,-1.494140625,0.0,9
8540,0,783.8741455078125,116.125,25.125,0.0,-18.39111328125,0.0,9
8541,0,783.8740844726562,116.125,25.125,0.0,-1.494140625,0.0,9
8542,0,783.8743896484375,116.125,25.125,0.0,-18.39111328125,0.0,9
8543,0,783.8740844726562,116.125,25.125,0.0,-1.494140625,0.0,9
8544,0,783.8743896484375,116.125,25.125,0.0,-1.494140625,0.0,9
8545,0,783.8741455078125,116.125,25.125,0.0,-18.39111328125,0.0,9
8546,0,783.874267578125,116.125,25.125,0.0,-35.2880859375,0.0,9
8547,0,783.8741455078125,116.125,25.125,0.0,-18.39111328125,0.0,9
8548,0,783.8740844726562,116.125,25.125,0.0,-1.494140625,0.0,9
8549,0,783.8743896484375,117.09003448486328,25.125,0.0,15.40283203125,0.0,9
8550,0,783.8742065429688,124.98983764648438,25.125,0.0,32.2943115234375,0.0,9
8551,0,783.8745727539062,149.24688720703125,25.125,0.0,49.1912841796875,0.0,9
8552,0,783.8742065429688,186.53176879882812,25.125,0.0,32.2943115234375,0.0,9
8553,0,784.4788208007812,220.21522521972656,25.125,0.0,15.40283203125,0.0,9
8554,0,811.1929931640625,247.04173278808594,25.125,0.0,15.40283203125,0.0,9
8555,0,848.2289428710938,265.61907958984375,25.125,0.0,15.40283203125,0.0,9
8556,0,888.690185546875,278.4391174316406,25.125,0.0,-1.494140625,0.0,9
8557,0,930.6847534179688,281.9112548828125,25.125,0.0,-18.39111328125,0.0,9
8558,0,971.7882690429688,276.7261047363281,25.125,0.0,-18.39111328125,0.0,9
8559,0,1012.4065551757812,267.0390625,25.125,0.0,-18.39111328125,0.0,9
8560,0,1052.1072998046875,257.51202392578125,25.125,0.0,-1.494140625,0.0,9
8561,0,1083.8741455078125,254.17239379882812,25.125,0.0,15.40283203125,0.0,9
8562,0,1083.87451171875,261.25030517578125,25.125,0.0,32.2943115234375,0.0,9
8563,0,1083.8743896484375,285.8221740722656,25.125,0.0,49.1912841796875,0.0,9
8564,0,1084.5870361328125,325.5987243652344,25.125,0.0,66.0882568359375,0.0,9
8565,0,1092.847900390625,367.44171142578125,25.125,0.0,66.0882568359375,0.0,9
8566,0,1103.8193359375,406.6982421875,25.125,0.0,82.9852294921875,0.0,9
8567,0,1113.893798828125,446.19903564453125,25.125,0.0,66.0882568359375,0.0,9
8568,0,1125.468505859375,486.2835693359375,25.125,0.0,82.9852294921875,0.0,9
8569,0,1132.0087890625,527.2026977539062,25.125,0.0,99.8822021484375,0.0,9
8570,0,1129.22412109375,570.2152099609375,25.125,0.0,116.7791748046875,0.0,9
8571,0,1116.23681640625,583.8741455078125,25.125,0.0,116.7791748046875,0.0,9
8572,0,1096.7071533203125,583.8740844726562,25.125,0.0,99.8822021484375,0.0,9
8573,0,1107.964599609375,583.8748168945312,25.125,0.0,99.8822021484375,0.0,9
8574,0,1119.3348388671875,583.8744506835938,25.125,0.0,116.7791748046875,0.0,9
8575,0,1106.3223876953125,583.8743286132812,25.125,0.0,133.670654296875,0.0,9
8576,0,1075.6224365234375,583.8745727539062,25.125,0.0,133.670654296875,0.0,9
8577,0,1034.9967041015625,583.8743286132812,25.125,0.0,133.670654296875,0.0,9
8578,0,990.1257934570312,583.8748168945312,25.125,0.0,150.567626953125,0.0,9
8579,0,947.0092163085938,587.6930541992188,25.125,0.0,167.464599609375,0.0,9
8580,0,916.1257934570312,596.8079223632812,25.125,0.0,150.567626953125,0.0,9
8581,0,916.1259155273438,614.178955078125,25.125,0.0,167.464599609375,0.0,9
8582,0,916.1259155273438,627.9297485351562,25.125,0.0,-175.638427734375,0.0,9
8583,0,916.1256103515625,628.40673828125,25.125,0.0,-158.741455078125,0.0,9
8584,0,916.1258544921875,618.4736328125,25.125,0.0,-158.741455078125,0.0,9
8585,0,916.1256103515625,603.68505859375,25.125,0.0,-175.638427734375,0.0,9
8586,0,916.1258544921875,589.9351196289062,25.125,0.0,-158.741455078125,0.0,9
8587,0,916.125244140625,602.1176147460938,25.125,0.0,-158.741455078125,0.0,9
8588,0,916.1259155273438,614.6270141601562,25.125,0.0,-175.638427734375,0.0,9
8589,0,916.1259155273438,615.8341674804688,25.125,0.0,167.464599609375,0.0,9
8590,0,916.1256103515625,618.286376953125,25.125,0.0,167.464599609375,0.0,9
8591,0,916.1259155273438,619.5275268554688,25.125,0.0,-175.638427734375,0.0,9
8592,0,916.1250610351562,642.498779296875,25.125,0.0,-175.638427734375,0.0,9
8593,0,916.1259155273438,665.0747680664062,25.125,0.0,-175.638427734375,0.0,9
8594,0,916.1256103515625,668.09375,25.125,0.0,-158.741455078125,0.0,9
8595,0,916.125732421875,655.644287109375,25.125,0.0,-141.8499755859375,0.0,9
8596,0,916.1255493164062,625.7865600585938,25.125,0.0,-124.9530029296875,0.0,9
8597,0,916.125732421875,583.2131958007812,25.125,0.0,-141.8499755859375,0.0,9
8598,0,899.86767578125,542.5108642578125,25.125,0.0,-141.8499755859375,0.0,9
8599,0,871.383544921875,510.2487487792969,25.125,0.0,-158.741455078125,0.0,9
8600,0,836.9512939453125,486.66546630859375,25.125,0.0,-158.741455078125,0.0,9
8601,0,801.5652465820312,466.44189453125,25.125,0.0,-141.8499755859375,0.0,9
8602,0,767.4652709960938,441.2793273925781,25.125,0.0,-124.9530029296875,0.0,9
8603,0,739.8284301757812,409.5325012207031,25.125,0.0,-108.0560302734375,0.0,9
8604,0,719.1224365234375,372.5279541015625,25.125,0.0,-108.0560302734375,0.0,9
8605,0,704.829345703125,333.611083984375,25.125,0.0,-91.1590576171875,0.0,9
8606,0,697.2835083007812,292.1552429199219,25.125,0.0,-91.1590576171875,0.0,9
8607,0,695.4703369140625,250.83029174804688,25.125,0.0,-74.2620849609375,0.0,9
8608,0,698.3922119140625,210.10989379882812,25.125,0.0,-91.1590576171875,0.0,9
8609,0,701.6499633789062,169.43849182128906,25.125,0.0,-74.2620849609375,0.0,9
8610,0,710.8368530273438,128.902587890625,25.125,0.0,-57.3651123046875,0.0,9
8611,0,727.00927734375,116.12589263916016,25.125,0.0,-74.2620849609375,0.0,9
8612,0,741.92236328125,116.12562561035156,25.125,0.0,-91.1590576171875,0.0,9
8613,0,744.6788330078125,116.1258773803711,25.125,0.0,-108.0560302734375,0.0,9
8614,0,734.910888671875,116.1257553100586,25.125,0.0,-124.9530029296875,0.0,9
8615,0,709.6669921875,116.1257553100586,25.125,0.0,-124.9530029296875,0.0,9
8616,0,674.7039184570312,116.12557220458984,25.125,0.0,-141.8499755859375,0.0,9
8617,0,632.332763671875,116.1255111694336,25.125,0.0,-124.9530029296875,0.0,9
8618,0,593.0211181640625,116.1258773803711,25.125,0.0,-108.0560302734375,0.0,9
8619,0,566.908203125,116.12562561035156,25.125,0.0,-91.1590576171875,0.0,9
8620,0,556.4295043945312,116.12589263916016,25.125,0.0,-74.2620849609375,0.0,9
8621,0,560.0375366210938,116.12589263916016,25.125,0.0,-74.2620849609375,0.0,9
8622,0,564.9085693359375,116.12592315673828,25.125,0.0,-91.1590576171875,0.0,9
8623,0,566.0279541015625,116.12589263916016,25.125,0.0,-74.2620849609375,0.0,9
8624,0,573.971923828125,116.12552642822266,25.125,0.0,-57.3651123046875,0.0,9
8625,0,603.7744140625,129.1173553466797,25.125,0.0,-57.3651123046875,0.0,9
8626,0,642.1189575195312,123.93954467773438,25.125,0.0,-40.4736328125,0.0,9
8627,0,682.4197387695312,116.12529754638672,25.125,0.0,-23.57666015625,0.0,9
8628,0,724.95556640625,116.12517547607422,25.125,0.0,-23.57666015625,0.0,9
8629,0,772.26611328125,116.12560272216797,25.125,0.0,-40.4736328125,0.0,9
8630,0,783.875,116.12577819824219,25.125,0.0,-57.3651123046875,0.0,9
8631,0,783.875,116.12577819824219,25.125,0.0,-57.3651123046875,0.0,9
8632,0,783.875,116.12560272216797,25.125,0.0,-40.4736328125,0.0,9
8633,0,783.875,116.12525177001953,25.125,0.0,-23.57666015625,0.0,9
8634,0,783.875,116.12510681152344,25.125,0.0,-6.6796875,0.0,9
8635,0,783.8743896484375,116.53411865234375,25.125,0.0,10.21728515625,0.0,9
8636,0,783.8742065429688,121.10493469238281,25.125,0.0,27.1142578125,0.0,9
8637,0,783.8745727539062,139.28704833984375,25.125,0.0,44.01123046875,0.0,9
8638,0,783.8745727539062,175.65077209472656,25.125,0.0,60.9027099609375,0.0,9
8639,0,783.8748779296875,218.33450317382812,25.125,0.0,77.7996826171875,0.0,9
8640,0,807.6915893554688,240.6289520263672,25.125,0.0,77.7996826171875,0.0,9
8641,0,833.76220703125,270.62713623046875,25.125,0.0,94.6966552734375,0.0,9
8642,0,841.7741088867188,314.3182678222656,25.125,0.0,111.5936279296875,0.0,9
8643,0,834.3135375976562,358.172119140625,25.125,0.0,128.4906005859375,0.0,9
8644,0,816.8189086914062,396.18310546875,25.125,0.0,128.4906005859375,0.0,9
8645,0,796.2018432617188,432.4605712890625,25.125,0.0,111.5936279296875,0.0,9
8646,0,779.9369506835938,470.5202941894531,25.125,0.0,94.6966552734375,0.0,9
8647,0,770.1168212890625,510.4904479980469,25.125,0.0,94.6966552734375,0.0,9
8648,0,765.75048828125,551.6236572265625,25.125,0.0,77.7996826171875,0.0,9
8649,0,770.20849609375,593.482666015625,25.125,0.0,60.9027099609375,0.0,9
8650,0,783.8742065429688,608.7297973632812,25.125,0.0,60.9027099609375,0.0,9
8651,0,783.8745727539062,626.4564819335938,25.125,0.0,44.01123046875,0.0,9
8652,0,783.8742065429688,659.3096923828125,25.125,0.0,27.1142578125,0.0,9
8653,0,783.8744506835938,691.5213012695312,25.125,0.0,27.1142578125,0.0,9
8654,0,785.838623046875,726.3607177734375,25.125,0.0,44.01123046875,0.0,9
8655,0,802.9813232421875,763.8681030273438,25.125,0.0,60.9027099609375,0.0,9
8656,0,821.9577026367188,799.81689453125,25.125,0.0,60.9027099609375,0.0,9
8657,0,839.8546142578125,836.6324462890625,25.125,0.0,77.7996826171875,0.0,9
8658,0,851.6044311523438,876.6929931640625,25.125,0.0,94.6966552734375,0.0,9
8659,0,853.4930419921875,919.9507446289062,25.125,0.0,111.5936279296875,0.0,9
8660,0,843.8693237304688,961.444580078125,25.125,0.0,128.4906005859375,0.0,9
8661,0,827.0923461914062,999.9482421875,25.125,0.0,111.5936279296875,0.0,9
8662,0,812.6632080078125,1038.4307861328125,25.125,0.0,94.6966552734375,0.0,9
8663,0,805.4742431640625,1080.7020263671875,25.125,0.0,77.7996826171875,0.0,9
8664,0,806.6085205078125,1122.0360107421875,25.125,0.0,77.7996826171875,0.0,9
8665,0,809.9981079101562,1162.6573486328125,25.125,0.0,94.6966552734375,0.0,9
8666,0,808.221435546875,1204.1024169921875,25.125,0.0,111.5936279296875,0.0,9
8667,0,801.3598022460938,1244.35888671875,25.125,0.0,94.6966552734375,0.0,9
8668,0,797.7276611328125,1283.8724365234375,25.125,0.0,77.7996826171875,0.0,9
8669,0,798.0711059570312,1283.8743896484375,25.125,0.0,94.6966552734375,0.0,9
8670,0,795.768310546875,1283.8741455078125,25.125,0.0,111.5936279296875,0.0,9
8671,0,782.5560302734375,1283.874267578125,25.125,0.0,128.4906005859375,0.0,9
8672,0,756.1524047851562,1304.6954345703125,25.125,0.0,111.5936279296875,0.0,9
8673,0,733.6188354492188,1339.4842529296875,25.125,0.0,111.5936279296875,0.0,9
8674,0,716.8584594726562,1377.4071044921875,25.125,0.0,94.6966552734375,0.0,9
8675,0,716.125244140625,1418.981689453125,25.125,0.0,111.5936279296875,0.0,9
8676,0,737.3743286132812,1455.415283203125,25.125,0.0,111.5936279296875,0.0,9
8677,0,746.2417602539062,1497.6728515625,25.125,0.0,128.4906005859375,0.0,9
8678,0,732.9796752929688,1539.04931640625,25.125,0.0,128.4906005859375,0.0,9
8679,0,710.0758666992188,1575.61865234375,25.125,0.0,145.382080078125,0.0,9
8680,0,682.9249267578125,1606.2532958984375,25.125,0.0,128.4906005859375,0.0,9
8681,0,655.823974609375,1637.8521728515625,25.125,0.0,128.4906005859375,0.0,9
8682,0,657.11767578125,1672.8048095703125,25.125,0.0,128.4906005859375,0.0,9
8683,0,651.8276977539062,1713.3623046875,25.125,0.0,145.382080078125,0.0,9
8684,0,629.0167236328125,1748.70556640625,25.125,0.0,128.4906005859375,0.0,9
8685,0,606.1326904296875,1782.548828125,25.125,0.0,111.5936279296875,0.0,9
8686,0,583.6973876953125,1783.8741455078125,25.125,0.0,111.5936279296875,0.0,9
8687,0,563.017822265625,1806.52490234375,25.125,0.0,94.6966552734375,0.0,9
8688,0,548.369384765625,1845.9609375,25.125,0.0,111.5936279296875,0.0,9
8689,0,532.3526000976562,1883.781005859375,25.125,0.0,128.4906005859375,0.0,9
8690,0,510.79315185546875,1919.7862548828125,25.125,0.0,128.4906005859375,0.0,9
8691,0,485.5369567871094,1952.4610595703125,25.125,0.0,145.382080078125,0.0,9
8692,0,453.5105285644531,1979.65673828125,25.125,0.0,162.279052734375,0.0,9
8693,0,413.1348876953125,1983.875,25.125,0.0,179.176025390625,0.0,9
8694,0,372.8130798339844,1983.8748779296875,25.125,0.0,162.279052734375,0.0,9
8695,0,327.19830322265625,1983.87451171875,25.125,0.0,145.382080078125,0.0,9
8696,0,279.20928955078125,1983.874267578125,25.125,0.0,128.4906005859375,0.0,9
8697,0,232.73428344726562,1983.874267578125,25.125,0.0,128.4906005859375,0.0,9
8698,0,187.0319061279297,1983.87451171875,25.125,0.0,145.382080078125,0.0,9
8699,0,138.97532653808594,1983.87451171875,25.125,0.0,128.4906005859375,0.0,9
8700,0,116.1253433227539,1983.875,25.125,0.0,111.5936279296875,0.0,9
8701,0,116.12522888183594,1983.875,25.125,0.0,111.5936279296875,0.0,9
8702,0,116.12507629394531,1983.875,25.125,0.0,94.6966552734375,0.0,9
8703,0,116.12522888183594,1983.875,25.125,0.0,111.5936279296875,0.0,9
8704,0,116.12557220458984,1983.875,25.125,0.0,128.4906005859375,0.0,9
8705,0,116.12576293945312,1983.875,25.125,0.0,145.382080078125,0.0,9
8706,0,116.1258773803711,1983.875,25.125,0.0,162.279052734375,0.0,9
8707,0,116.12592315673828,1983.875,25.125,0.0,179.176025390625,0.0,9
8708,0,116.12560272216797,1982.82080078125,25.125,0.0,-163.927001953125,0.0,9
8709,0,116.12577819824219,1974.244140625,25.125,0.0,-147.030029296875,0.0,9
8710,0,116.12540435791016,1949.2696533203125,25.125,0.0,-130.133056640625,0.0,9
8711,0,116.12522888183594,1907.992919921875,25.125,0.0,-113.2415771484375,0.0,9
8712,0,116.12503814697266,1867.2164306640625,25.125,0.0,-96.3446044921875,0.0,9
8713,0,116.12527465820312,1824.2054443359375,25.125,0.0,-113.2415771484375,0.0,9
8714,0,116.12559509277344,1777.999755859375,25.125,0.0,-130.133056640625,0.0,9
8715,0,116.12577819824219,1729.5015869140625,25.125,0.0,-147.030029296875,0.0,9
8716,0,116.12588500976562,1689.855224609375,25.125,0.0,-163.927001953125,0.0,9
8717,0,116.12562561035156,1663.8642578125,25.125,0.0,179.176025390625,0.0,9
8718,0,116.1258773803711,1655.3197021484375,25.125,0.0,162.279052734375,0.0,9
8719,0,116.12551879882812,1663.452880859375,25.125,0.0,145.382080078125,0.0,9
8720,0,116.12576293945312,1687.453857421875,25.125,0.0,145.382080078125,0.0,9
8721,0,116.1258773803711,1716.4439697265625,25.125,0.0,162.279052734375,0.0,9
8722,0,116.1258773803711,1741.666015625,25.125,0.0,162.279052734375,0.0,9
8723,0,116.12592315673828,1761.3101806640625,25.125,0.0,179.176025390625,0.0,9
8724,0,116.12560272216797,1767.7288818359375,25.125,0.0,-163.927001953125,0.0,9
8725,0,116.12577819824219,1759.9412841796875,25.125,0.0,-147.030029296875,0.0,9
8726,0,116.12560272216797,1740.4886474609375,25.125,0.0,-163.927001953125,0.0,9
8727,0,116.12577819824219,1717.197998046875,25.125,0.0,-147.030029296875,0.0,9
8728,0,116.12540435791016,1684.9486083984375,25.125,0.0,-130.133056640625,0.0,9
8729,0,116.12559509277344,1641.4462890625,25.125,0.0,-130.133056640625,0.0,9
8730,0,116.12559509277344,1593.7105712890625,25.125,0.0,-130.133056640625,0.0,9
8731,0,116.12522888183594,1547.634033203125,25.125,0.0,-113.2415771484375,0.0,9
8732,0,116.125244140625,1504.1688232421875,25.125,0.0,-113.2415771484375,0.0,9
8733,0,116.12540435791016,1457.99755859375,25.125,0.0,-130.133056640625,0.0,9
8734,0,116.1257095336914,1442.064453125,25.125,0.0,-130.133056640625,0.0,9
8735,0,116.12548065185547,1459.0115966796875,25.125,0.0,-130.133056640625,0.0,9
8736,0,116.12577819824219,1459.261962890625,25.125,0.0,-147.030029296875,0.0,9
8737,0,116.12540435791016,1436.400146484375,25.125,0.0,-130.133056640625,0.0,9
8738,0,116.12523651123047,1395.9151611328125,25.125,0.0,-113.2415771484375,0.0,9
8739,0,116.12506103515625,1354.1749267578125,25.125,0.0,-96.3446044921875,0.0,9
8740,0,116.12519836425781,1312.16455078125,25.125,0.0,-113.2415771484375,0.0,9
8741,0,116.12559509277344,1265.953125,25.125,0.0,-130.133056640625,0.0,9
8742,0,116.12552642822266,1218.5057373046875,25.125,0.0,-147.030029296875,0.0,9
8743,0,116.12577819824219,1175.09619140625,25.125,0.0,-147.030029296875,0.0,9
8744,0,116.12540435791016,1133.3914794921875,25.125,0.0,-130.133056640625,0.0,9
8745,0,116.12577819824219,1087.917724609375,25.125,0.0,-147.030029296875,0.0,9
8746,0,116.12577819824219,1046.892578125,25.125,0.0,-147.030029296875,0.0,9
8747,0,116.12588500976562,1009.9788818359375,25.125,0.0,-163.927001953125,0.0,9
8748,0,116.12592315673828,985.5872192382812,25.125,0.0,179.176025390625,0.0,9
8749,0,116.12560272216797,971.2115478515625,25.125,0.0,-163.927001953125,0.0,9
8750,0,116.12577819824219,952.5245361328125,25.125,0.0,-147.030029296875,0.0,9
8751,0,116.1253433227539,957.44677734375,25.125,0.0,-147.030029296875,0.0,9
8752,0,116.12577819824219,957.7877807617188,25.125,0.0,-147.030029296875,0.0,9
8753,0,116.12540435791016,935.7667236328125,25.125,0.0,-130.133056640625,0.0,9
8754,0,116.125244140625,895.6392211914062,25.125,0.0,-113.2415771484375,0.0,9
8755,0,136.90933227539062,858.248779296875,25.125,0.0,-113.2415771484375,0.0,9
8756,0,150.84970092773438,816.1504516601562,25.125,0.0,-96.3446044921875,0.0,9
8757,0,155.48837280273438,775.5366821289062,25.125,0.0,-79.4476318359375,0.0,9
8758,0,163.14146423339844,735.0785522460938,25.125,0.0,-62.5506591796875,0.0,9
8759,0,176.54415893554688,696.2445678710938,25.125,0.0,-62.5506591796875,0.0,9
8760,0,165.44973754882812,660.5992431640625,25.125,0.0,-62.5506591796875,0.0,9
8761,0,155.53123474121094,617.8250732421875,25.125,0.0,-79.4476318359375,0.0,9
8762,0,154.3963623046875,576.9974975585938,25.125,0.0,-96.3446044921875,0.0,9
8763,0,149.87171936035156,535.0468139648438,25.125,0.0,-113.2415771484375,0.0,9
8764,0,135.5491485595703,516.125732421875,25.125,0.0,-130.133056640625,0.0,9
8765,0,116.12559509277344,516.125,25.125,0.0,-130.133056640625,0.0,9
8766,0,116.12577819824219,516.125,25.125,0.0,-147.030029296875,0.0,9
8767,0,116.12560272216797,516.125,25.125,0.0,-163.927001953125,0.0,9
8768,0,116.12592315673828,516.1383056640625,25.125,0.0,179.176025390625,0.0,9
8769,0,116.12560272216797,516.125,25.125,0.0,-163.927001953125,0.0,9
8770,0,116.12577819824219,516.125,25.125,0.0,-147.030029296875,0.0,9
8771,0,116.12559509277344,516.125,25.125,0.0,-130.133056640625,0.0,9
8772,0,116.1253662109375,516.125,25.125,0.0,-113.2415771484375,0.0,9
8773,0,116.1250991821289,516.125,25.125,0.0,-96.3446044921875,0.0,9
8774,0,116.12506866455078,516.125,25.125,0.0,-96.3446044921875,0.0,9
8775,0,116.57943725585938,516.1259155273438,25.125,0.0,-79.4476318359375,0.0,9
8776,0,121.22586059570312,516.1255493164062,25.125,0.0,-62.5506591796875,0.0,9
8777,0,140.95721435546875,516.1256713867188,25.125,0.0,-45.6536865234375,0.0,9
8778,0,174.14498901367188,516.1254272460938,25.125,0.0,-45.6536865234375,0.0,9
8779,0,218.0653839111328,516.1253051757812,25.125,0.0,-28.76220703125,0.0,9
8780,0,260.5111083984375,508.9947509765625,25.125,0.0,-28.76220703125,0.0,9
8781,0,300.4345397949219,496.67279052734375,25.125,0.0,-11.865234375,0.0,9
8782,0,339.76513671875,486.21759033203125,25.125,0.0,-11.865234375,0.0,9
8783,0,379.09100341796875,475.0725402832031,25.125,0.0,-28.76220703125,0.0,9
8784,0,417.7214660644531,456.98583984375,25.125,0.0,-45.6536865234375,0.0,9
8785,0,450.7519836425781,430.60284423828125,25.125,0.0,-62.5506591796875,0.0,9
8786,0,476.2892150878906,395.28631591796875,25.125,0.0,-79.4476318359375,0.0,9
8787,0,490.3586120605469,356.0068664550781,25.125,0.0,-96.3446044921875,0.0,9
8788,0,492.66558837890625,312.265380859375,25.125,0.0,-113.2415771484375,0.0,9
8789,0,482.4105224609375,270.6925354003906,25.125,0.0,-130.133056640625,0.0,9
8790,0,459.9377136230469,233.0986328125,25.125,0.0,-147.030029296875,0.0,9
8791,0,428.29998779296875,204.22203063964844,25.125,0.0,-163.927001953125,0.0,9
8792,0,389.6919250488281,185.65667724609375,25.125,0.0,179.176025390625,0.0,9
8793,0,346.3616943359375,179.05612182617188,25.125,0.0,162.279052734375,0.0,9
8794,0,303.8118896484375,183.87464904785156,25.125,0.0,145.382080078125,0.0,9
8795,0,258.9114685058594,183.8748321533203,25.125,0.0,162.279052734375,0.0,9
8796,0,214.31822204589844,183.87451171875,25.125,0.0,145.382080078125,0.0,9
8797,0,170.1621551513672,184.38006591796875,25.125,0.0,162.279052734375,0.0,9
8798,0,129.50637817382812,188.2979278564453,25.125,0.0,179.176025390625,0.0,9
8799,0,116.12560272216797,188.48165893554688,25.125,0.0,-163.927001953125,0.0,9
8800,0,116.12577819824219,179.91383361816406,25.125,0.0,-147.030029296875,0.0,9
8801,0,116.12540435791016,154.93951416015625,25.125,0.0,-130.133056640625,0.0,9
8802,0,116.12512969970703,116.1274642944336,25.125,0.0,-113.2415771484375,0.0,9
8803,0,116.125,116.12557220458984,25.125,0.0,-113.2415771484375,0.0,9
8804,0,116.125,116.12584686279297,25.125,0.0,-113.2415771484375,0.0,9
8805,0,116.125,116.12591552734375,25.125,0.0,-96.3446044921875,0.0,9
8806,0,116.57936096191406,116.12590789794922,25.125,0.0,-79.4476318359375,0.0,9
8807,0,121.18917846679688,116.12582397460938,25.125,0.0,-62.5506591796875,0.0,9
8808,0,140.29933166503906,116.12545013427734,25.125,0.0,-45.6536865234375,0.0,9
8809,0,177.17184448242188,116.12544250488281,25.125,0.0,-28.76220703125,0.0,9
8810,0,219.86671447753906,116.12507629394531,25.125,0.0,-11.865234375,0.0,9
8811,0,263.9532775878906,116.12537384033203,25.125,0.0,-28.76220703125,0.0,9
8812,0,306.68975830078125,116.12507629394531,25.125,0.0,-11.865234375,0.0,9
8813,0,349.01666259765625,116.12511444091797,25.125,0.0,-11.865234375,0.0,9
8814,0,392.1097412109375,116.12537384033203,25.125,0.0,-28.76220703125,0.0,9
8815,0,439.6080322265625,116.12545013427734,25.125,0.0,-45.6536865234375,0.0,9
8816,0,485.2016906738281,116.12582397460938,25.125,0.0,-62.5506591796875,0.0,9
8817,0,520.9180908203125,116.12561798095703,25.125,0.0,-79.4476318359375,0.0,9
8818,0,542.03125,116.12591552734375,25.125,0.0,-96.3446044921875,0.0,9
8819,0,546.6238403320312,116.12562561035156,25.125,0.0,-96.3446044921875,0.0,9
8820,0,545.8719482421875,116.12591552734375,25.125,0.0,-96.3446044921875,0.0,9
8821,0,543.0263061523438,116.12584686279297,25.125,0.0,-113.2415771484375,0.0,9
8822,0,533.935546875,116.12591552734375,25.125,0.0,-96.3446044921875,0.0,9
8823,0,530.5062255859375,116.12590789794922,25.125,0.0,-79.4476318359375,0.0,9
8824,0,535.1526489257812,116.12555694580078,25.125,0.0,-62.5506591796875,0.0,9
8825,0,554.2372436523438,116.12566375732422,25.125,0.0,-45.6536865234375,0.0,9
8826,0,590.0662841796875,116.12529754638672,25.125,0.0,-28.76220703125,0.0,9
8827,0,633.7389526367188,116.12511444091797,25.125,0.0,-11.865234375,0.0,9
8828,0,674.5205078125,116.2212905883789,25.125,0.0,5.03173828125,0.0,9
8829,0,716.1405029296875,117.82252502441406,25.125,0.0,5.03173828125,0.0,9
8830,0,756.9757080078125,122.35025787353516,25.125,0.0,21.9287109375,0.0,9
8831,0,783.874267578125,135.51815795898438,25.125,0.0,38.82568359375,0.0,9
8832,0,783.8744506835938,165.06936645507812,25.125,0.0,55.72265625,0.0,9
8833,0,783.87451171875,206.6492919921875,25.125,0.0,38.82568359375,0.0,9
8834,0,794.082275390625,249.0111083984375,25.125,0.0,38.82568359375,0.0,9
8835,0,820.9462890625,283.7271423339844,25.125,0.0,21.9287109375,0.0,9
8836,0,855.479248046875,309.3408203125,25.125,0.0,21.9287109375,0.0,9
8837,0,890.3555297851562,330.4325866699219,25.125,0.0,38.82568359375,0.0,9
8838,0,925.7542724609375,352.5540466308594,25.125,0.0,21.9287109375,0.0,9
8839,0,961.0518188476562,372.9242248535156,25.125,0.0,38.82568359375,0.0,9
8840,0,995.560302734375,396.39642333984375,25.125,0.0,38.82568359375,0.0,9
8841,0,1027.2786865234375,422.59228515625,25.125,0.0,55.72265625,0.0,9
8842,0,1056.1522216796875,451.4074401855469,25.125,0.0,38.82568359375,0.0,9
8843,0,1085.7174072265625,480.89581298828125,25.125,0.0,55.72265625,0.0,9
8844,0,1111.2957763671875,511.48236083984375,25.125,0.0,55.72265625,0.0,9
8845,0,1137.818603515625,543.7811279296875,25.125,0.0,38.82568359375,0.0,9
8846,0,1166.772705078125,572.6242065429688,25.125,0.0,38.82568359375,0.0,9
8847,0,1202.099853515625,583.8746337890625,25.125,0.0,21.9287109375,0.0,9
8848,0,1246.368408203125,588.2897338867188,25.125,0.0,38.82568359375,0.0,9
8849,0,1285.5751953125,604.3924560546875,25.125,0.0,38.82568359375,0.0,9
8850,0,1322.2010498046875,624.4164428710938,25.125,0.0,21.9287109375,0.0,9
8851,0,1358.171875,643.65234375,25.125,0.0,38.82568359375,0.0,9
8852,0,1392.576904296875,668.6610717773438,25.125,0.0,55.72265625,0.0,9
8853,0,1419.622314453125,699.77490234375,25.125,0.0,72.6141357421875,0.0,9
8854,0,1438.5042724609375,739.0220336914062,25.125,0.0,89.5111083984375,0.0,9
8855,0,1447.4935302734375,779.5868530273438,25.125,0.0,89.5111083984375,0.0,9
8856,0,1449.6810302734375,783.8740844726562,25.125,0.0,89.5111083984375,0.0,9
8857,0,1448.5479736328125,783.8740844726562,25.125,0.0,106.4080810546875,0.0,9
8858,0,1440.0989990234375,783.8744506835938,25.125,0.0,123.3050537109375,0.0,9
8859,0,1414.2418212890625,783.8743896484375,25.125,0.0,140.2020263671875,0.0,9
8860,0,1373.822265625,784.477783203125,25.125,0.0,157.0989990234375,0.0,9
8861,0,1332.157470703125,790.0404052734375,25.125,0.0,173.990478515625,0.0,9
8862,0,1316.1256103515625,792.5791015625,25.125,0.0,-169.112548828125,0.0,9
8863,0,1316.1258544921875,791.249267578125,25.125,0.0,-169.112548828125,0.0,9
8864,0,1316.1259765625,791.0865478515625,25.125,0.0,173.990478515625,0.0,9
8865,0,1316.1258544921875,790.6513061523438,25.125,0.0,-169.112548828125,0.0,9
8866,0,1316.1258544921875,789.3552856445312,25.125,0.0,-169.112548828125,0.0,9
8867,0,1316.1256103515625,789.1822509765625,25.125,0.0,173.990478515625,0.0,9
8868,0,1316.1258544921875,791.900146484375,25.125,0.0,157.0989990234375,0.0,9
8869,0,1316.12548828125,806.2657470703125,25.125,0.0,140.2020263671875,0.0,9
8870,0,1309.09521484375,838.6619873046875,25.125,0.0,123.3050537109375,0.0,9
8871,0,1292.7374267578125,876.0001831054688,25.125,0.0,106.4080810546875,0.0,9
8872,0,1280.0980224609375,915.402587890625,25.125,0.0,89.5111083984375,0.0,9
8873,0,1276.0909423828125,957.2927856445312,25.125,0.0,72.6141357421875,0.0,9
8874,0,1280.63427734375,998.4557495117188,25.125,0.0,72.6141357421875,0.0,9
8875,0,1283.87451171875,1042.5096435546875,25.125,0.0,55.72265625,0.0,9
8876,0,1283.8748779296875,1086.6588134765625,25.125,0.0,72.6141357421875,0.0,9
8877,0,1283.919677734375,1128.7098388671875,25.125,0.0,89.5111083984375,0.0,9
8878,0,1285.974853515625,1169.6435546875,25.125,0.0,72.6141357421875,0.0,9
8879,0,1295.6138916015625,1211.313720703125,25.125,0.0,55.72265625,0.0,9
8880,0,1312.4151611328125,1249.044189453125,25.125,0.0,55.72265625,0.0,9
8881,0,1331.0045166015625,1285.33984375,25.125,0.0,72.6141357421875,0.0,9
8882,0,1348.469970703125,1322.1651611328125,25.125,0.0,55.72265625,0.0,9
8883,0,1367.0416259765625,1358.4581298828125,25.125,0.0,72.6141357421875,0.0,9
8884,0,450.0,250.0,25.125,0.0,-52.20703125,0.0,9
8885,0,461.00274658203125,231.07083129882812,25.125,0.0,-69.10400390625,0.0,10
8886,0,476.37109375,191.97348022460938,25.125,0.0,-86.0009765625,0.0,10
8887,0,483.2658386230469,151.54234313964844,25.125,0.0,-102.8924560546875,0.0,10
8888,0,479.32598876953125,116.12580108642578,25.125,0.0,-119.7894287109375,0.0,10
8889,0,459.21002197265625,116.1256332397461,25.125,0.0,-136.6864013671875,0.0,10
8890,0,421.7640686035156,116.12528228759766,25.125,0.0,-153.5833740234375,0.0,10
8891,0,374.7550354003906,116.1256332397461,25.125,0.0,-136.6864013671875,0.0,10
8892,0,328.2536926269531,116.12554168701172,25.125,0.0,-119.7894287109375,0.0,10
8893,0,290.027099609375,116.12590026855469,25.125,0.0,-102.8924560546875,0.0,10
8894,0,267.1033935546875,116.12562561035156,25.125,0.0,-86.0009765625,0.0,10
8895,0,262.3121032714844,116.12586212158203,25.125,0.0,-69.10400390625,0.0,10
8896,0,273.8580017089844,116.125732421875,25.125,0.0,-52.20703125,0.0,10
8897,0,303.8758850097656,116.12553405761719,25.125,0.0,-35.31005859375,0.0,10
8898,0,346.0768737792969,116.12517547607422,25.125,0.0,-18.4130859375,0.0,10
8899,0,387.2517395019531,116.12500762939453,25.125,0.0,-1.5216064453125,0.0,10
8900,0,428.1294860839844,117.60492706298828,25.125,0.0,15.3753662109375,0.0,10
8901,0,468.9953918457031,125.90603637695312,25.125,0.0,32.2723388671875,0.0,10
8902,0,508.0736389160156,144.4303741455078,25.125,0.0,49.1693115234375,0.0,10
8903,0,540.2620239257812,172.26512145996094,25.125,0.0,66.0662841796875,0.0,10
8904,0,563.9649047851562,208.96910095214844,25.125,0.0,82.9632568359375,0.0,10
8905,0,575.828857421875,250.03472900390625,25.125,0.0,99.854736328125,0.0,10
8906,0,575.2802124023438,293.78790283203125,25.125,0.0,116.751708984375,0.0,10
8907,0,562.3561401367188,334.5541687011719,25.125,0.0,133.648681640625,0.0,10
8908,0,538.2696533203125,369.9154052734375,25.125,0.0,150.545654296875,0.0,10
8909,0,505.012939453125,396.9139404296875,25.125,0.0,167.442626953125,0.0,10
8910,0,465.3459167480469,413.1490783691406,25.125,0.0,-175.660400390625,0.0,10
8911,0,421.6778869628906,417.1287536621094,25.125,0.0,-158.7689208984375,0.0,10
8912,0,379.6982421875,408.48028564453125,25.125,0.0,-141.8719482421875,0.0,10
8913,0,341.2598571777344,387.4385070800781,25.125,0.0,-124.9749755859375,0.0,10
8914,0,311.22442626953125,356.86920166015625,25.125,0.0,-108.0780029296875,0.0,10
8915,0,291.0422058105469,317.9715576171875,25.125,0.0,-91.1810302734375,0.0,10
8916,0,284.8600158691406,316.1258850097656,25.125,0.0,-74.28955078125,0.0,10
8917,0,289.3628234863281,316.1256103515625,25.125,0.0,-74.28955078125,0.0,10
8918,0,298.8484191894531,316.1258850097656,25.125,0.0,-74.28955078125,0.0,10
8919,0,309.0079345703125,316.1256408691406,25.125,0.0,-91.1810302734375,0.0,10
8920,0,309.4696350097656,316.1258850097656,25.125,0.0,-108.0780029296875,0.0,10
8921,0,302.54766845703125,316.1258850097656,25.125,0.0,-108.0780029296875,0.0,10
8922,0,285.8401794433594,316.1257629394531,25.125,0.0,-124.9749755859375,0.0,10
8923,0,255.526611328125,316.1255798339844,25.125,0.0,-141.8719482421875,0.0,10
8924,0,215.29888916015625,316.1255187988281,25.125,0.0,-124.9749755859375,0.0,10
8925,0,176.85317993164062,315.2464294433594,25.125,0.0,-108.0780029296875,0.0,10
8926,0,150.4429473876953,287.9156188964844,25.125,0.0,-91.1810302734375,0.0,10
8927,0,138.9485626220703,244.41311645507812,25.125,0.0,-74.28955078125,0.0,10
8928,0,142.0987091064453,202.21755981445312,25.125,0.0,-57.392578125,0.0,10
8929,0,158.7694854736328,161.43101501464844,25.125,0.0,-40.49560546875,0.0,10
8930,0,186.18772888183594,128.40090942382812,25.125,0.0,-23.5986328125,0.0,10
8931,0,221.2936248779297,116.12560272216797,25.125,0.0,-40.49560546875,0.0,10
8932,0,262.5159606933594,116.12577819824219,25.125,0.0,-57.392578125,0.0,10
8933,0,299.2359313964844,116.12560272216797,25.125,0.0,-74.28955078125,0.0,10
8934,0,324.2298583984375,116.12592315673828,25.125,0.0,-91.1810302734375,0.0,10
8935,0,335.0685729980469,116.12562561035156,25.125,0.0,-91.1810302734375,0.0,10
8936,0,338.9688415527344,116.12589263916016,25.125,0.0,-74.28955078125,0.0,10
8937,0,348.5723571777344,116.12552642822266,25.125,0.0,-57.392578125,0.0,10
8938,0,374.874267578125,116.12560272216797,25.125,0.0,-40.49560546875,0.0,10
8939,0,415.46844482421875,116.12522888183594,25.125,0.0,-23.5986328125,0.0,10
8940,0,458.2438049316406,116.12506103515625,25.125,0.0,-6.70166015625,0.0,10
8941,0,498.9996032714844,116.6658935546875,25.125,0.0,10.1953125,0.0,10
8942,0,540.0552978515625,122.4131851196289,25.125,0.0,27.0867919921875,0.0,10
8943,0,580.4069213867188,133.33856201171875,25.125,0.0,10.1953125,0.0,10
8944,0,619.7015991210938,144.3617401123047,25.125,0.0,27.0867919921875,0.0,10
8945,0,659.240966796875,157.7087860107422,25.125,0.0,10.1953125,0.0,10
8946,0,699.7582397460938,166.37820434570312,25.125,0.0,-6.70166015625,0.0,10
8947,0,741.9093627929688,166.04893493652344,25.125,0.0,-23.5986328125,0.0,10
8948,0,782.2501220703125,159.101806640625,25.125,0.0,-6.70166015625,0.0,10
8949,0,783.8744506835938,150.59906005859375,25.125,0.0,-23.5986328125,0.0,10
8950,0,783.8740844726562,135.94955444335938,25.125,0.0,-6.70166015625,0.0,10
8951,0,783.8744506835938,121.29974365234375,25.125,0.0,-23.5986328125,0.0,10
8952,0,783.875,116.12560272216797,25.125,0.0,-40.49560546875,0.0,10
8953,0,783.875,116.12525177001953,25.125,0.0,-23.5986328125,0.0,10
8954,0,783.875,116.12510681152344,25.125,0.0,-6.70166015625,0.0,10
8955,0,783.8740844726562,116.55437469482422,25.125,0.0,10.1953125,0.0,10
8956,0,783.8742065429688,120.9974365234375,25.125,0.0,27.0867919921875,0.0,10
8957,0,783.8743286132812,139.80421447753906,25.125,0.0,43.9837646484375,0.0,10
8958,0,783.8746948242188,175.39231872558594,25.125,0.0,60.8807373046875,0.0,10
8959,0,783.8748779296875,219.14024353027344,25.125,0.0,77.7777099609375,0.0,10
8960,0,785.0491943359375,259.91412353515625,25.125,0.0,94.6746826171875,0.0,10
8961,0,782.2078247070312,302.0848693847656,25.125,0.0,111.566162109375,0.0,10
8962,0,799.9810791015625,337.6241149902344,25.125,0.0,111.566162109375,0.0,10
8963,0,812.0383911132812,380.45147705078125,25.125,0.0,111.566162109375,0.0,10
8964,0,805.2673950195312,423.6229553222656,25.125,0.0,128.463134765625,0.0,10
8965,0,790.2206420898438,462.0129699707031,25.125,0.0,111.566162109375,0.0,10
8966,0,776.3966064453125,500.64935302734375,25.125,0.0,94.6746826171875,0.0,10
8967,0,767.737060546875,540.7168579101562,25.125,0.0,94.6746826171875,0.0,10
8968,0,763.9481201171875,582.77294921875,25.125,0.0,77.7777099609375,0.0,10
8969,0,768.7598876953125,624.4981079101562,25.125,0.0,60.8807373046875,0.0,10
8970,0,783.8743286132812,664.966552734375,25.125,0.0,43.9837646484375,0.0,10
8971,0,783.8746948242188,707.5638427734375,25.125,0.0,60.8807373046875,0.0,10
8972,0,786.5525512695312,750.900146484375,25.125,0.0,77.7777099609375,0.0,10
8973,0,790.86865234375,791.4609375,25.125,0.0,94.6746826171875,0.0,10
8974,0,789.4490356445312,832.9638671875,25.125,0.0,111.566162109375,0.0,10
8975,0,778.603515625,873.7530517578125,25.125,0.0,128.463134765625,0.0,10
8976,0,757.1909790039062,910.482421875,25.125,0.0,145.360107421875,0.0,10
8977,0,725.4793090820312,940.4944458007812,25.125,0.0,162.257080078125,0.0,10
8978,0,690.9644165039062,962.67041015625,25.125,0.0,145.360107421875,0.0,10
8979,0,654.85986328125,983.795166015625,25.125,0.0,162.257080078125,0.0,10
8980,0,618.5025634765625,1002.21533203125,25.125,0.0,145.360107421875,0.0,10
8981,0,581.5516357421875,1021.6221923828125,25.125,0.0,162.257080078125,0.0,10
8982,0,544.8482666015625,1039.3409423828125,25.125,0.0,145.360107421875,0.0,10
8983,0,509.9566650390625,1061.68212890625,25.125,0.0,128.463134765625,0.0,10
8984,0,478.2270812988281,1083.87451171875,25.125,0.0,145.360107421875,0.0,10
8985,0,438.820556640625,1083.87451171875,25.125,0.0,128.463134765625,0.0,10
8986,0,416.1255798339844,1083.875,25.125,0.0,128.463134765625,0.0,10
8987,0,416.1253967285156,1083.875,25.125,0.0,128.463134765625,0.0,10
8988,0,416.1257629394531,1083.875,25.125,0.0,145.360107421875,0.0,10
8989,0,416.1255798339844,1083.875,25.125,0.0,128.463134765625,0.0,10
8990,0,416.1257629394531,1083.875,25.125,0.0,145.360107421875,0.0,10
8991,0,416.1258850097656,1083.875,25.125,0.0,162.257080078125,0.0,10
8992,0,416.1256408691406,1083.875,25.125,0.0,179.154052734375,0.0,10
8993,0,416.1258850097656,1082.798828125,25.125,0.0,-163.948974609375,0.0,10
8994,0,416.1255187988281,1074.77294921875,25.125,0.0,-147.0574951171875,0.0,10
8995,0,416.1256103515625,1049.2777099609375,25.125,0.0,-130.1605224609375,0.0,10
8996,0,416.1257629394531,1012.2593383789062,25.125,0.0,-147.0574951171875,0.0,10
8997,0,414.34210205078125,971.201904296875,25.125,0.0,-130.1605224609375,0.0,10
8998,0,401.04901123046875,931.5079956054688,25.125,0.0,-113.2635498046875,0.0,10
8999,0,382.564697265625,916.12548828125,25.125,0.0,-130.1605224609375,0.0,10
9000,0,353.23931884765625,895.7362060546875,25.125,0.0,-113.2635498046875,0.0,10
9001,0,327.5620422363281,863.6807250976562,25.125,0.0,-130.1605224609375,0.0,10
9002,0,302.88983154296875,829.881591796875,25.125,0.0,-113.2635498046875,0.0,10
9003,0,281.8354797363281,816.1255493164062,25.125,0.0,-113.2635498046875,0.0,10
9004,0,260.2864990234375,816.1259155273438,25.125,0.0,-96.3665771484375,0.0,10
9005,0,249.13087463378906,816.1259155273438,25.125,0.0,-79.4696044921875,0.0,10
9006,0,252.92311096191406,816.1257934570312,25.125,0.0,-62.5726318359375,0.0,10
9007,0,271.6719665527344,816.1256713867188,25.125,0.0,-45.68115234375,0.0,10
9008,0,307.3974304199219,816.1253051757812,25.125,0.0,-28.7841796875,0.0,10
9009,0,350.5937805175781,813.4559936523438,25.125,0.0,-11.88720703125,0.0,10
9010,0,383.87445068359375,805.2371826171875,25.125,0.0,-28.7841796875,0.0,10
9011,0,383.87408447265625,788.4741821289062,25.125,0.0,-11.88720703125,0.0,10
9012,0,397.7463073730469,775.8505249023438,25.125,0.0,5.009765625,0.0,10
9013,0,438.91351318359375,774.531005859375,25.125,0.0,21.90673828125,0.0,10
9014,0,479.43341064453125,780.323486328125,25.125,0.0,5.009765625,0.0,10
9015,0,521.4223022460938,783.5013427734375,25.125,0.0,-11.88720703125,0.0,10
9016,0,562.3521118164062,780.6470336914062,25.125,0.0,-11.88720703125,0.0,10
9017,0,602.8836669921875,772.7584838867188,25.125,0.0,-28.7841796875,0.0,10
9018,0,642.5087890625,755.9700317382812,25.125,0.0,-45.68115234375,0.0,10
9019,0,676.0936889648438,729.9852905273438,25.125,0.0,-62.5726318359375,0.0,10
9020,0,704.2402954101562,698.8411254882812,25.125,0.0,-45.68115234375,0.0,10
9021,0,730.416748046875,667.4762573242188,25.125,0.0,-62.5726318359375,0.0,10
9022,0,751.7863159179688,631.711181640625,25.125,0.0,-79.4696044921875,0.0,10
9023,0,766.141357421875,593.0435180664062,25.125,0.0,-79.4696044921875,0.0,10
9024,0,774.888916015625,552.5916137695312,25.125,0.0,-96.3665771484375,0.0,10
9025,0,778.7853393554688,510.9787902832031,25.125,0.0,-79.4696044921875,0.0,10
9026,0,786.0768432617188,470.3979187011719,25.125,0.0,-62.5726318359375,0.0,10
9027,0,802.0997314453125,430.51434326171875,25.125,0.0,-45.68115234375,0.0,10
9028,0,824.98046875,396.0550231933594,25.125,0.0,-45.68115234375,0.0,10
9029,0,853.542724609375,364.6955871582031,25.125,0.0,-28.7841796875,0.0,10
9030,0,862.3966064453125,325.7495422363281,25.125,0.0,-28.7841796875,0.0,10
9031,0,879.713134765625,285.92926025390625,25.125,0.0,-28.7841796875,0.0,10
9032,0,912.3772583007812,256.7535095214844,25.125,0.0,-11.88720703125,0.0,10
9033,0,949.994384765625,238.16229248046875,25.125,0.0,-11.88720703125,0.0,10
9034,0,988.9444580078125,223.1976776123047,25.125,0.0,-28.7841796875,0.0,10
9035,0,1026.765625,207.9711151123047,25.125,0.0,-11.88720703125,0.0,10
9036,0,1067.9227294921875,197.4791259765625,25.125,0.0,5.009765625,0.0,10
9037,0,1083.8743896484375,196.9798126220703,25.125,0.0,21.90673828125,0.0,10
9038,0,1083.8740234375,203.302734375,25.125,0.0,5.009765625,0.0,10
9039,0,1083.8740234375,206.18907165527344,25.125,0.0,5.009765625,0.0,10
9040,0,1083.8743896484375,206.75723266601562,25.125,0.0,5.009765625,0.0,10
9041,0,1083.8748779296875,183.99563598632812,25.125,0.0,5.009765625,0.0,10
9042,0,1106.76416015625,164.96327209472656,25.125,0.0,21.90673828125,0.0,10
9043,0,1149.054443359375,168.08482360839844,25.125,0.0,21.90673828125,0.0,10
9044,0,1189.1180419921875,180.28860473632812,25.125,0.0,38.7982177734375,0.0,10
9045,0,1231.1514892578125,184.51524353027344,25.125,0.0,21.90673828125,0.0,10
9046,0,1272.7760009765625,194.110107421875,25.125,0.0,38.7982177734375,0.0,10
9047,0,1310.857177734375,215.70567321777344,25.125,0.0,55.6951904296875,0.0,10
9048,0,1340.3955078125,246.68804931640625,25.125,0.0,72.5921630859375,0.0,10
9049,0,1359.7080078125,284.8751220703125,25.125,0.0,89.4891357421875,0.0,10
9050,0,1370.920654296875,324.3835754394531,25.125,0.0,72.5921630859375,0.0,10
9051,0,1384.033203125,363.3118896484375,25.125,0.0,55.6951904296875,0.0,10
9052,0,1405.08447265625,400.6551513671875,25.125,0.0,38.7982177734375,0.0,10
9053,0,1431.997802734375,432.0396423339844,25.125,0.0,38.7982177734375,0.0,10
9054,0,1462.2156982421875,460.8462219238281,25.125,0.0,38.7982177734375,0.0,10
9055,0,1494.5694580078125,486.2637939453125,25.125,0.0,21.90673828125,0.0,10
9056,0,1532.8095703125,505.71722412109375,25.125,0.0,5.009765625,0.0,10
9057,0,150.0,1650.0,25.125,0.0,83.056640625,0.0,10
9058,0,1160.0869140625,1964.73828125,25.125,0.0,47.5543212890625,0.0,11
9059,0,1189.529296875,1983.87451171875,25.125,0.0,30.6573486328125,0.0,11
9060,0,1230.0595703125,1983.8748779296875,25.125,0.0,13.7603759765625,0.0,11
9061,0,1271.877197265625,1983.819091796875,25.125,0.0,-3.1365966796875,0.0,11
9062,0,1312.867431640625,1980.8173828125,25.125,0.0,-20.0335693359375,0.0,11
9063,0,1353.347412109375,1969.9954833984375,25.125,0.0,-36.925048828125,0.0,11
9064,0,1390.383056640625,1949.276611328125,25.125,0.0,-53.822021484375,0.0,11
9065,0,1422.041015625,1923.23876953125,25.125,0.0,-36.925048828125,0.0,11
9066,0,1459.5367431640625,1916.125244140625,25.125,0.0,-20.0335693359375,0.0,11
9067,0,1500.877685546875,1916.125,25.125,0.0,-3.1365966796875,0.0,11
9068,0,1542.6639404296875,1917.3282470703125,25.125,0.0,13.7603759765625,0.0,11
9069,0,1583.5938720703125,1924.919189453125,25.125,0.0,30.6573486328125,0.0,11
9070,0,1623.1072998046875,1942.427734375,25.125,0.0,47.5543212890625,0.0,11
9071,0,1655.98046875,1969.4195556640625,25.125,0.0,64.44580078125,0.0,11
9072,0,1680.6453857421875,1983.8743896484375,25.125,0.0,81.3427734375,0.0,11
9073,0,1694.876953125,1983.8741455078125,25.125,0.0,98.23974609375,0.0,11
9074,0,1693.371337890625,1983.8743896484375,25.125,0.0,115.13671875,0.0,11
9075,0,1676.6187744140625,1983.874267578125,25.125,0.0,132.03369140625,0.0,11
9076,0,1642.7950439453125,1983.8746337890625,25.125,0.0,148.9306640625,0.0,11
9077,0,1598.9371337890625,1983.8748779296875,25.125,0.0,165.8221435546875,0.0,11
9078,0,1558.0704345703125,1983.8443603515625,25.125,0.0,-177.2808837890625,0.0,11
9079,0,1516.126708984375,1980.910888671875,25.125,0.0,-160.3839111328125,0.0,11
9080,0,1475.6329345703125,1970.2176513671875,25.125,0.0,-143.4869384765625,0.0,11
9081,0,1438.564208984375,1949.690185546875,25.125,0.0,-126.5899658203125,0.0,11
9082,0,1408.2274169921875,1919.736328125,25.125,0.0,-109.6929931640625,0.0,11
9083,0,1386.3507080078125,1916.1256103515625,25.125,0.0,-92.801513671875,0.0,11
9084,0,1376.6182861328125,1896.93505859375,25.125,0.0,-75.904541015625,0.0,11
9085,0,1381.9312744140625,1856.0909423828125,25.125,0.0,-59.007568359375,0.0,11
9086,0,1383.874267578125,1812.2967529296875,25.125,0.0,-42.110595703125,0.0,11
9087,0,1385.8787841796875,1769.880615234375,25.125,0.0,-25.213623046875,0.0,11
9088,0,1415.2880859375,1736.406982421875,25.125,0.0,-8.3221435546875,0.0,11
9089,0,1456.0931396484375,1719.0792236328125,25.125,0.0,8.5748291015625,0.0,11
9090,0,1486.8785400390625,1716.78515625,25.125,0.0,25.4718017578125,0.0,11
9091,0,1516.7799072265625,1727.4373779296875,25.125,0.0,8.5748291015625,0.0,11
9092,0,1555.4974365234375,1736.794189453125,25.125,0.0,8.5748291015625,0.0,11
9093,0,1583.8741455078125,1742.2615966796875,25.125,0.0,-8.3221435546875,0.0,11
9094,0,1583.8741455078125,1738.6297607421875,25.125,0.0,-25.213623046875,0.0,11
9095,0,1583.874267578125,1721.1812744140625,25.125,0.0,-42.110595703125,0.0,11
9096,0,1583.875,1716.1253662109375,25.125,0.0,-25.213623046875,0.0,11
9097,0,1583.875,1716.1251220703125,25.125,0.0,-8.3221435546875,0.0,11
9098,0,1583.8741455078125,1716.4412841796875,25.125,0.0,8.5748291015625,0.0,11
9099,0,1583.8743896484375,1720.1236572265625,25.125,0.0,25.4718017578125,0.0,11
9100,0,1583.874267578125,1737.7193603515625,25.125,0.0,42.3687744140625,0.0,11
9101,0,1583.8746337890625,1770.980224609375,25.125,0.0,59.2657470703125,0.0,11
9102,0,1583.8748779296875,1814.798583984375,25.125,0.0,76.1627197265625,0.0,11
9103,0,1584.9090576171875,1855.626708984375,25.125,0.0,93.05419921875,0.0,11
9104,0,1584.732666015625,1897.276611328125,25.125,0.0,93.05419921875,0.0,11
9105,0,1581.6072998046875,1938.241455078125,25.125,0.0,109.951171875,0.0,11
9106,0,1574.7713623046875,1978.4498291015625,25.125,0.0,93.05419921875,0.0,11
9107,0,1568.0706787109375,1983.8741455078125,25.125,0.0,109.951171875,0.0,11
9108,0,1584.7457275390625,1983.874755859375,25.125,0.0,109.951171875,0.0,11
9109,0,1599.98583984375,1983.8740234375,25.125,0.0,93.05419921875,0.0,11
9110,0,1603.5589599609375,1983.8743896484375,25.125,0.0,76.1627197265625,0.0,11
9111,0,1608.409423828125,1983.8741455078125,25.125,0.0,76.1627197265625,0.0,11
9112,0,1612.3846435546875,1983.8740234375,25.125,0.0,93.05419921875,0.0,11
9113,0,1612.0228271484375,1983.8740234375,25.125,0.0,93.05419921875,0.0,11
9114,0,1610.1890869140625,1983.8741455078125,25.125,0.0,109.951171875,0.0,11
9115,0,1605.1480712890625,1983.8743896484375,25.125,0.0,93.05419921875,0.0,11
9116,0,1601.53759765625,1983.8741455078125,25.125,0.0,109.951171875,0.0,11
9117,0,1588.5885009765625,1983.87451171875,25.125,0.0,126.84814453125,0.0,11
9118,0,1558.30810546875,1983.87451171875,25.125,0.0,143.7451171875,0.0,11
9119,0,1517.4493408203125,1983.874267578125,25.125,0.0,126.84814453125,0.0,11
9120,0,1478.70458984375,1983.8741455078125,25.125,0.0,109.951171875,0.0,11
9121,0,1447.80859375,1983.8741455078125,25.125,0.0,109.951171875,0.0,11
9122,0,1418.4462890625,1983.87451171875,25.125,0.0,126.84814453125,0.0,11
9123,0,1417.402587890625,1983.8743896484375,25.125,0.0,126.84814453125,0.0,11
9124,0,1416.40478515625,1983.8743896484375,25.125,0.0,109.951171875,0.0,11
9125,0,1407.2393798828125,1983.8740234375,25.125,0.0,93.05419921875,0.0,11
9126,0,1399.8563232421875,1983.8743896484375,25.125,0.0,109.951171875,0.0,11
9127,0,1383.00244140625,1983.874267578125,25.125,0.0,126.84814453125,0.0,11
9128,0,1351.6044921875,1983.87451171875,25.125,0.0,143.7451171875,0.0,11
9129,0,1308.924072265625,1983.874755859375,25.125,0.0,160.64208984375,0.0,11
9130,0,1267.667724609375,1983.875,25.125,0.0,177.5390625,0.0,11
9131,0,1226.8189697265625,1982.63916015625,25.125,0.0,-165.5694580078125,0.0,11
9132,0,1185.36376953125,1976.8095703125,25.125,0.0,-165.5694580078125,0.0,11
9133,0,1145.48876953125,1968.69140625,25.125,0.0,-165.5694580078125,0.0,11
9134,0,1104.3299560546875,1961.1650390625,25.125,0.0,177.5390625,0.0,11
9135,0,1062.660888671875,1960.311767578125,25.125,0.0,160.64208984375,0.0,11
9136,0,1020.4290161132812,1969.6427001953125,25.125,0.0,143.7451171875,0.0,11
9137,0,982.5961303710938,1983.874267578125,25.125,0.0,126.84814453125,0.0,11
9138,0,947.1537475585938,1983.8743896484375,25.125,0.0,109.951171875,0.0,11
9139,0,914.8856811523438,1983.874267578125,25.125,0.0,126.84814453125,0.0,11
9140,0,881.35888671875,1983.8743896484375,25.125,0.0,109.951171875,0.0,11
9141,0,855.1593627929688,1983.8740234375,25.125,0.0,93.05419921875,0.0,11
9142,0,837.9027099609375,1983.8743896484375,25.125,0.0,109.951171875,0.0,11
9143,0,820.9141235351562,1983.8740234375,25.125,0.0,93.05419921875,0.0,11
9144,0,807.410888671875,1983.8741455078125,25.125,0.0,109.951171875,0.0,11
9145,0,786.1521606445312,1983.874267578125,25.125,0.0,126.84814453125,0.0,11
9146,0,752.8811645507812,1983.87451171875,25.125,0.0,143.7451171875,0.0,11
9147,0,708.478515625,1983.8746337890625,25.125,0.0,143.7451171875,0.0,11
9148,0,663.7320556640625,1983.8748779296875,25.125,0.0,160.64208984375,0.0,11
9149,0,618.7387084960938,1983.8746337890625,25.125,0.0,143.7451171875,0.0,11
9150,0,569.7701416015625,1983.87451171875,25.125,0.0,143.7451171875,0.0,11
9151,0,521.6158447265625,1983.87451171875,25.125,0.0,126.84814453125,0.0,11
9152,0,478.6419677734375,1983.8741455078125,25.125,0.0,109.951171875,0.0,11
9153,0,449.3132019042969,1983.8740234375,25.125,0.0,93.05419921875,0.0,11
9154,0,436.2967224121094,1983.8741455078125,25.125,0.0,76.1627197265625,0.0,11
9155,0,438.11627197265625,1983.8741455078125,25.125,0.0,76.1627197265625,0.0,11
9156,0,439.802978515625,1983.8743896484375,25.125,0.0,93.05419921875,0.0,11
9157,0,437.9762878417969,1983.8741455078125,25.125,0.0,109.951171875,0.0,11
9158,0,429.6632385253906,1983.8743896484375,25.125,0.0,109.951171875,0.0,11
9159,0,416.7351379394531,1983.8740234375,25.125,0.0,93.05419921875,0.0,11
9160,0,409.3763122558594,1983.8743896484375,25.125,0.0,93.05419921875,0.0,11
9161,0,408.0315856933594,1983.8740234375,25.125,0.0,93.05419921875,0.0,11
9162,0,406.19775390625,1983.8741455078125,25.125,0.0,109.951171875,0.0,11
9163,0,394.1814270019531,1983.874267578125,25.125,0.0,126.84814453125,0.0,11
9164,0,367.5052490234375,1983.874267578125,25.125,0.0,126.84814453125,0.0,11
9165,0,330.8525390625,1983.8746337890625,25.125,0.0,143.7451171875,0.0,11
9166,0,285.8499755859375,1983.874267578125,25.125,0.0,126.84814453125,0.0,11
9167,0,246.65719604492188,1983.8743896484375,25.125,0.0,109.951171875,0.0,11
9168,0,217.34812927246094,1983.8740234375,25.125,0.0,93.05419921875,0.0,11
9169,0,198.66783142089844,1983.8741455078125,25.125,0.0,109.951171875,0.0,11
9170,0,175.1357879638672,1983.874267578125,25.125,0.0,126.84814453125,0.0,11
9171,0,176.10980224609375,1983.8743896484375,25.125,0.0,126.84814453125,0.0,11
9172,0,170.93023681640625,1983.8746337890625,25.125,0.0,143.7451171875,0.0,11
9173,0,140.53306579589844,1983.874267578125,25.125,0.0,126.84814453125,0.0,11
9174,0,116.12550354003906,1983.875,25.125,0.0,143.7451171875,0.0,11
9175,0,116.12586975097656,1983.875,25.125,0.0,160.64208984375,0.0,11
9176,0,116.12562561035156,1983.875,25.125,0.0,177.5390625,0.0,11
9177,0,116.12589263916016,1983.0079345703125,25.125,0.0,-165.5694580078125,0.0,11
9178,0,116.12589263916016,1979.3543701171875,25.125,0.0,-165.5694580078125,0.0,11
9179,0,116.12578582763672,1968.9027099609375,25.125,0.0,-148.6724853515625,0.0,11
9180,0,128.0339813232422,1938.559326171875,25.125,0.0,-148.6724853515625,0.0,11
9181,0,118.26374053955078,1905.1080322265625,25.125,0.0,-165.5694580078125,0.0,11
9182,0,116.12522888183594,1909.0968017578125,25.125,0.0,-165.5694580078125,0.0,11
9183,0,116.12553405761719,1915.2237548828125,25.125,0.0,-148.6724853515625,0.0,11
9184,0,116.12561798095703,1897.4697265625,25.125,0.0,-131.7755126953125,0.0,11
9185,0,116.1252670288086,1861.671142578125,25.125,0.0,-114.8785400390625,0.0,11
9186,0,116.12583923339844,1843.182861328125,25.125,0.0,-114.8785400390625,0.0,11
9187,0,116.12512969970703,1820.265625,25.125,0.0,-97.9815673828125,0.0,11
9188,0,116.12530517578125,1777.19873046875,25.125,0.0,-114.8785400390625,0.0,11
9189,0,116.12561798095703,1730.561279296875,25.125,0.0,-131.7755126953125,0.0,11
9190,0,116.12553405761719,1683.6397705078125,25.125,0.0,-148.6724853515625,0.0,11
9191,0,116.12589263916016,1644.307861328125,25.125,0.0,-165.5694580078125,0.0,11
9192,0,116.1256103515625,1616.93701171875,25.125,0.0,-165.5694580078125,0.0,11
9193,0,116.12592315673828,1597.9805908203125,25.125,0.0,177.5390625,0.0,11
9194,0,116.12586975097656,1594.3857421875,25.125,0.0,160.64208984375,0.0,11
9195,0,116.12586975097656,1601.1815185546875,25.125,0.0,160.64208984375,0.0,11
9196,0,116.12592315673828,1611.89013671875,25.125,0.0,177.5390625,0.0,11
9197,0,116.1256103515625,1614.156982421875,25.125,0.0,-165.5694580078125,0.0,11
9198,0,116.12578582763672,1606.9095458984375,25.125,0.0,-148.6724853515625,0.0,11
9199,0,116.12541961669922,1583.653564453125,25.125,0.0,-131.7755126953125,0.0,11
9200,0,116.1252670288086,1543.4620361328125,25.125,0.0,-114.8785400390625,0.0,11
9201,0,116.12519836425781,1499.5782470703125,25.125,0.0,-114.8785400390625,0.0,11
9202,0,116.12507629394531,1456.580078125,25.125,0.0,-97.9815673828125,0.0,11
9203,0,116.12530517578125,1414.2691650390625,25.125,0.0,-114.8785400390625,0.0,11
9204,0,116.12561798095703,1367.697021484375,25.125,0.0,-131.7755126953125,0.0,11
9205,0,116.12578582763672,1320.7974853515625,25.125,0.0,-148.6724853515625,0.0,11
9206,0,116.1256103515625,1282.218994140625,25.125,0.0,-165.5694580078125,0.0,11
9207,0,116.12592315673828,1257.24072265625,25.125,0.0,177.5390625,0.0,11
9208,0,116.1255874633789,1250.6734619140625,25.125,0.0,160.64208984375,0.0,11
9209,0,116.12574768066406,1260.41845703125,25.125,0.0,143.7451171875,0.0,11
9210,0,116.12537384033203,1287.7874755859375,25.125,0.0,126.84814453125,0.0,11
9211,0,116.12519073486328,1330.4036865234375,25.125,0.0,109.951171875,0.0,11
9212,0,116.12503051757812,1371.722900390625,25.125,0.0,93.05419921875,0.0,11
9213,0,116.12516021728516,1413.2626953125,25.125,0.0,109.951171875,0.0,11
9214,0,116.12520599365234,1455.960205078125,25.125,0.0,109.951171875,0.0,11
9215,0,116.12537384033203,1501.1383056640625,25.125,0.0,126.84814453125,0.0,11
9216,0,116.12574768066406,1550.02294921875,25.125,0.0,143.7451171875,0.0,11
9217,0,116.12537384033203,1596.4927978515625,25.125,0.0,126.84814453125,0.0,11
9218,0,116.12574768066406,1645.7574462890625,25.125,0.0,143.7451171875,0.0,11
9219,0,116.12586975097656,1687.4373779296875,25.125,0.0,160.64208984375,0.0,11
9220,0,116.12592315673828,1716.95751953125,25.125,0.0,177.5390625,0.0,11
9221,0,116.12589263916016,1729.0528564453125,25.125,0.0,-165.5694580078125,0.0,11
9222,0,116.12553405761719,1723.69775390625,25.125,0.0,-148.6724853515625,0.0,11
9223,0,116.12578582763672,1703.9896240234375,25.125,0.0,-148.6724853515625,0.0,11
9224,0,116.12532806396484,1708.1763916015625,25.125,0.0,-148.6724853515625,0.0,11
9225,0,116.12589263916016,1711.9158935546875,25.125,0.0,-165.5694580078125,0.0,11
9226,0,116.12553405761719,1703.9820556640625,25.125,0.0,-148.6724853515625,0.0,11
9227,0,116.12561798095703,1679.509033203125,25.125,0.0,-131.7755126953125,0.0,11
9228,0,116.12525177001953,1639.8897705078125,25.125,0.0,-114.8785400390625,0.0,11
9229,0,116.12527465820312,1594.9832763671875,25.125,0.0,-114.8785400390625,0.0,11
9230,0,116.12527465820312,1551.0968017578125,25.125,0.0,-114.8785400390625,0.0,11
9231,0,116.12505340576172,1509.0830078125,25.125,0.0,-97.9815673828125,0.0,11
9232,0,116.12530517578125,1466.7977294921875,25.125,0.0,-114.8785400390625,0.0,11
9233,0,116.12505340576172,1424.783935546875,25.125,0.0,-97.9815673828125,0.0,11
9234,0,116.12530517578125,1381.49267578125,25.125,0.0,-114.8785400390625,0.0,11
9235,0,116.12541961669922,1334.8424072265625,25.125,0.0,-131.7755126953125,0.0,11
9236,0,116.125244140625,1287.197021484375,25.125,0.0,-114.8785400390625,0.0,11
9237,0,116.12561798095703,1240.5543212890625,25.125,0.0,-131.7755126953125,0.0,11
9238,0,116.12578582763672,1192.6063232421875,25.125,0.0,-148.6724853515625,0.0,11
9239,0,116.12589263916016,1154.15185546875,25.125,0.0,-165.5694580078125,0.0,11
9240,0,116.12553405761719,1123.7777099609375,25.125,0.0,-148.6724853515625,0.0,11
9241,0,116.12578582763672,1090.8148193359375,25.125,0.0,-148.6724853515625,0.0,11
9242,0,116.12541961669922,1055.33056640625,25.125,0.0,-131.7755126953125,0.0,11
9243,0,116.12561798095703,1010.6943359375,25.125,0.0,-131.7755126953125,0.0,11
9244,0,116.12522888183594,964.6913452148438,25.125,0.0,-114.8785400390625,0.0,11
9245,0,116.12507629394531,921.6930541992188,25.125,0.0,-97.9815673828125,0.0,11
9246,0,116.12507629394531,880.73291015625,25.125,0.0,-97.9815673828125,0.0,11
9247,0,116.12561798095703,857.2341918945312,25.125,0.0,-97.9815673828125,0.0,11
9248,0,116.1253890991211,824.9183349609375,25.125,0.0,-114.8785400390625,0.0,11
9249,0,116.12541961669922,778.4286499023438,25.125,0.0,-131.7755126953125,0.0,11
9250,0,116.12578582763672,730.46435546875,25.125,0.0,-148.6724853515625,0.0,11
9251,0,116.1256103515625,692.789306640625,25.125,0.0,-165.5694580078125,0.0,11
9252,0,116.12592315673828,667.8026733398438,25.125,0.0,177.5390625,0.0,11
9253,0,116.12592315673828,658.1536254882812,25.125,0.0,177.5390625,0.0,11
9254,0,116.12586975097656,659.3323974609375,25.125,0.0,160.64208984375,0.0,11
9255,0,116.12574768066406,670.4226684570312,25.125,0.0,143.7451171875,0.0,11
9256,0,116.12537384033203,698.6085205078125,25.125,0.0,126.84814453125,0.0,11
9257,0,116.12574768066406,739.5602416992188,25.125,0.0,143.7451171875,0.0,11
9258,0,116.1255874633789,777.738525390625,25.125,0.0,160.64208984375,0.0,11
9259,0,116.12592315673828,805.673583984375,25.125,0.0,177.5390625,0.0,11
9260,0,116.1256103515625,817.0809936523438,25.125,0.0,-165.5694580078125,0.0,11
9261,0,116.12578582763672,811.3204345703125,25.125,0.0,-148.6724853515625,0.0,11
9262,0,116.12578582763672,791.4232177734375,25.125,0.0,-148.6724853515625,0.0,11
9263,0,116.12561798095703,759.763671875,25.125,0.0,-131.7755126953125,0.0,11
9264,0,116.12578582763672,720.717529296875,25.125,0.0,-148.6724853515625,0.0,11
9265,0,116.12553405761719,682.9432983398438,25.125,0.0,-148.6724853515625,0.0,11
9266,0,116.12578582763672,645.6984252929688,25.125,0.0,-148.6724853515625,0.0,11
9267,0,116.1256103515625,612.6350708007812,25.125,0.0,-165.5694580078125,0.0,11
9268,0,116.12592315673828,590.1282348632812,25.125,0.0,177.5390625,0.0,11
9269,0,116.12586975097656,584.9011840820312,25.125,0.0,160.64208984375,0.0,11
9270,0,116.12592315673828,588.2427368164062,25.125,0.0,177.5390625,0.0,11
9271,0,116.12592315673828,588.5864868164062,25.125,0.0,177.5390625,0.0,11
9272,0,116.12562561035156,588.865966796875,25.125,0.0,177.5390625,0.0,11
9273,0,116.12589263916016,588.0210571289062,25.125,0.0,-165.5694580078125,0.0,11
9274,0,116.1256103515625,584.5215454101562,25.125,0.0,-165.5694580078125,0.0,11
9275,0,116.12589263916016,577.7967529296875,25.125,0.0,-165.5694580078125,0.0,11
9276,0,116.12553405761719,564.90478515625,25.125,0.0,-148.6724853515625,0.0,11
9277,0,128.40185546875,532.5013427734375,25.125,0.0,-148.6724853515625,0.0,11
9278,0,120.17561340332031,516.12548828125,25.125,0.0,-148.6724853515625,0.0,11
9279,0,116.12578582763672,516.125,25.125,0.0,-148.6724853515625,0.0,11
9280,0,116.12548065185547,535.3211059570312,25.125,0.0,-148.6724853515625,0.0,11
9281,0,116.12541961669922,540.749267578125,25.125,0.0,-131.7755126953125,0.0,11
9282,0,116.12578582763672,517.795654296875,25.125,0.0,-148.6724853515625,0.0,11
9283,0,116.125,516.12548828125,25.125,0.0,-131.7755126953125,0.0,11
9284,0,116.125,516.1258544921875,25.125,0.0,-114.8785400390625,0.0,11
9285,0,116.125,516.12548828125,25.125,0.0,-131.7755126953125,0.0,11
9286,0,116.125,516.1258544921875,25.125,0.0,-114.8785400390625,0.0,11
9287,0,116.125,516.1259155273438,25.125,0.0,-97.9815673828125,0.0,11
9288,0,116.44292449951172,516.1256103515625,25.125,0.0,-81.090087890625,0.0,11
9289,0,120.23473358154297,516.1258544921875,25.125,0.0,-64.193115234375,0.0,11
9290,0,137.58096313476562,516.12548828125,25.125,0.0,-47.296142578125,0.0,11
9291,0,172.95700073242188,516.12548828125,25.125,0.0,-30.399169921875,0.0,11
9292,0,215.81903076171875,516.1250610351562,25.125,0.0,-13.502197265625,0.0,11
9293,0,257.7616882324219,512.6276245117188,25.125,0.0,-13.502197265625,0.0,11
9294,0,298.1158142089844,503.70794677734375,25.125,0.0,-30.399169921875,0.0,11
9295,0,337.2522888183594,485.8075866699219,25.125,0.0,-47.296142578125,0.0,11
9296,0,371.376708984375,463.2070617675781,25.125,0.0,-30.399169921875,0.0,11
9297,0,404.7716979980469,439.7019348144531,25.125,0.0,-47.296142578125,0.0,11
9298,0,434.8099365234375,410.8573913574219,25.125,0.0,-64.193115234375,0.0,11
9299,0,458.8486633300781,377.33953857421875,25.125,0.0,-64.193115234375,0.0,11
9300,0,478.3659973144531,339.74017333984375,25.125,0.0,-81.090087890625,0.0,11
9301,0,489.22064208984375,299.0821228027344,25.125,0.0,-97.9815673828125,0.0,11
9302,0,489.1224365234375,255.6325225830078,25.125,0.0,-114.8785400390625,0.0,11
9303,0,477.29937744140625,214.6200408935547,25.125,0.0,-131.7755126953125,0.0,11
9304,0,453.6448669433594,177.84075927734375,25.125,0.0,-148.6724853515625,0.0,11
9305,0,421.120361328125,150.0687255859375,25.125,0.0,-165.5694580078125,0.0,11
9306,0,381.9788513183594,132.77542114257812,25.125,0.0,177.5390625,0.0,11
9307,0,339.4824523925781,127.44325256347656,25.125,0.0,160.64208984375,0.0,11
9308,0,297.1900329589844,134.57545471191406,25.125,0.0,143.7451171875,0.0,11
9309,0,258.0109558105469,154.27305603027344,25.125,0.0,126.84814453125,0.0,11
9310,0,227.01853942871094,183.8422088623047,25.125,0.0,109.951171875,0.0,11
9311,0,198.74105834960938,183.874267578125,25.125,0.0,126.84814453125,0.0,11
9312,0,162.4935760498047,188.7816162109375,25.125,0.0,143.7451171875,0.0,11
9313,0,123.98353576660156,209.1908721923828,25.125,0.0,126.84814453125,0.0,11
9314,0,116.12574768066406,238.8128662109375,25.125,0.0,143.7451171875,0.0,11
9315,0,116.1255874633789,272.1956787109375,25.125,0.0,160.64208984375,0.0,11
9316,0,116.12592315673828,298.04833984375,25.125,0.0,177.5390625,0.0,11
9317,0,116.1256103515625,308.2979431152344,25.125,0.0,-165.5694580078125,0.0,11
9318,0,116.12578582763672,302.36749267578125,25.125,0.0,-148.6724853515625,0.0,11
9319,0,116.12561798095703,280.0126037597656,25.125,0.0,-131.7755126953125,0.0,11
9320,0,116.12527465820312,240.16232299804688,25.125,0.0,-114.8785400390625,0.0,11
9321,0,116.12527465820312,196.2757110595703,25.125,0.0,-114.8785400390625,0.0,11
9322,0,116.12505340576172,154.26194763183594,25.125,0.0,-97.9815673828125,0.0,11
9323,0,116.1250228881836,116.12879180908203,25.125,0.0,-97.9815673828125,0.0,11
9324,0,116.44292449951172,116.12561798095703,25.125,0.0,-81.090087890625,0.0,11
9325,0,117.49662017822266,116.12591552734375,25.125,0.0,-81.090087890625,0.0,11
9326,0,118.45813751220703,116.12561798095703,25.125,0.0,-81.090087890625,0.0,11
9327,0,122.3185043334961,116.1258316040039,25.125,0.0,-64.193115234375,0.0,11
9328,0,139.77684020996094,116.12567901611328,25.125,0.0,-47.296142578125,0.0,11
9329,0,175.2169952392578,116.1254653930664,25.125,0.0,-30.399169921875,0.0,11
9330,0,220.62979125976562,116.12567901611328,25.125,0.0,-47.296142578125,0.0,11
9331,0,267.0594787597656,116.12545776367188,25.125,0.0,-47.296142578125,0.0,11
9332,0,315.2239685058594,116.12529754638672,25.125,0.0,-30.399169921875,0.0,11
9333,0,358.363037109375,116.12508392333984,25.125,0.0,-13.502197265625,0.0,11
9334,0,380.26763916015625,116.12590026855469,25.125,0.0,-13.502197265625,0.0,11
9335,0,408.4181823730469,116.18891143798828,25.125,0.0,3.394775390625,0.0,11
9336,0,450.3160400390625,116.1251449584961,25.125,0.0,-13.502197265625,0.0,11
9337,0,493.78741455078125,116.12539672851562,25.125,0.0,-30.399169921875,0.0,11
9338,0,542.5907592773438,116.12567901611328,25.125,0.0,-47.296142578125,0.0,11
9339,0,589.9058227539062,116.12567901611328,25.125,0.0,-47.296142578125,0.0,11
9340,0,634.0776977539062,116.12556457519531,25.125,0.0,-64.193115234375,0.0,11
9341,0,671.8375854492188,116.1258316040039,25.125,0.0,-64.193115234375,0.0,11
9342,0,704.6581420898438,116.12556457519531,25.125,0.0,-64.193115234375,0.0,11
9343,0,739.1405639648438,116.12567901611328,25.125,0.0,-47.296142578125,0.0,11
9344,0,780.8985595703125,116.12539672851562,25.125,0.0,-30.399169921875,0.0,11
9345,0,783.8740844726562,116.125,25.125,0.0,-13.502197265625,0.0,11
9346,0,783.8740844726562,116.19377899169922,25.125,0.0,3.394775390625,0.0,11
9347,0,783.8743896484375,118.07368469238281,25.125,0.0,20.2862548828125,0.0,11
9348,0,783.874267578125,130.2947998046875,25.125,0.0,37.1832275390625,0.0,11
9349,0,783.8746337890625,159.4720458984375,25.125,0.0,54.0802001953125,0.0,11
9350,0,783.8748168945312,202.56121826171875,25.125,0.0,70.9771728515625,0.0,11
9351,0,787.84375,246.1558837890625,25.125,0.0,54.0802001953125,0.0,11
9352,0,806.0599365234375,286.6690673828125,25.125,0.0,37.1832275390625,0.0,11
9353,0,835.1015625,318.4907531738281,25.125,0.0,20.2862548828125,0.0,11
9354,0,872.2058715820312,340.125244140625,25.125,0.0,3.394775390625,0.0,11
9355,0,912.216552734375,351.93780517578125,25.125,0.0,3.394775390625,0.0,11
9356,0,953.5399780273438,356.7105407714844,25.125,0.0,-13.502197265625,0.0,11
9357,0,996.4696044921875,351.6748962402344,25.125,0.0,-30.399169921875,0.0,11
9358,0,1035.767822265625,340.1300964355469,25.125,0.0,-13.502197265625,0.0,11
9359,0,1075.4886474609375,327.07867431640625,25.125,0.0,-30.399169921875,0.0,11
9360,0,1113.55810546875,316.12530517578125,25.125,0.0,-30.399169921875,0.0,11
9361,0,1157.31689453125,316.1251220703125,25.125,0.0,-13.502197265625,0.0,11
9362,0,1200.7884521484375,316.1253967285156,25.125,0.0,-30.399169921875,0.0,11
9363,0,1247.306640625,310.2062072753906,25.125,0.0,-47.296142578125,0.0,11
9364,0,1285.864013671875,287.1460266113281,25.125,0.0,-64.193115234375,0.0,11
9365,0,1313.1097412109375,252.98912048339844,25.125,0.0,-81.090087890625,0.0,11
9366,0,1331.500732421875,215.01060485839844,25.125,0.0,-64.193115234375,0.0,11
9367,0,1347.1656494140625,177.2099609375,25.125,0.0,-81.090087890625,0.0,11
9368,0,1360.3660888671875,137.62197875976562,25.125,0.0,-64.193115234375,0.0,11
9369,0,1378.5543212890625,116.12567901611328,25.125,0.0,-47.296142578125,0.0,11
9370,0,1413.43359375,116.1254653930664,25.125,0.0,-30.399169921875,0.0,11
9371,0,1456.20068359375,116.12512969970703,25.125,0.0,-13.502197265625,0.0,11
9372,0,1497.041748046875,116.17292022705078,25.125,0.0,3.394775390625,0.0,11
9373,0,1538.0474853515625,119.19878387451172,25.125,0.0,20.2862548828125,0.0,11
9374,0,1578.25341796875,126.0986099243164,25.125,0.0,3.394775390625,0.0,11
9375,0,1620.4168701171875,129.33685302734375,25.125,0.0,-13.502197265625,0.0,11
9376,0,1661.3883056640625,125.9070053100586,25.125,0.0,-13.502197265625,0.0,11
9377,0,1702.707763671875,116.83219909667969,25.125,0.0,-30.399169921875,0.0,11
9378,0,1746.102783203125,116.12567901611328,25.125,0.0,-47.296142578125,0.0,11
9379,0,1790.10986328125,116.1258316040039,25.125,0.0,-64.193115234375,0.0,11
9380,0,1823.68017578125,116.12591552734375,25.125,0.0,-81.090087890625,0.0,11
9381,0,1848.4100341796875,116.12556457519531,25.125,0.0,-64.193115234375,0.0,11
9382,0,1877.4132080078125,116.12567901611328,25.125,0.0,-47.296142578125,0.0,11
9383,0,1912.6009521484375,116.12556457519531,25.125,0.0,-64.193115234375,0.0,11
9384,0,1948.974609375,116.12567901611328,25.125,0.0,-47.296142578125,0.0,11
9385,0,1983.871826171875,116.12511444091797,25.125,0.0,-64.193115234375,0.0,11
9386,0,1983.8743896484375,116.125,25.125,0.0,-47.296142578125,0.0,11
9387,0,1983.8746337890625,116.125,25.125,0.0,-64.193115234375,0.0,11
9388,0,1983.8746337890625,116.125,25.125,0.0,-64.193115234375,0.0,11
9389,0,1983.8743896484375,116.125,25.125,0.0,-47.296142578125,0.0,11
9390,0,1983.87451171875,116.125,25.125,0.0,-30.399169921875,0.0,11
9391,0,1983.8741455078125,116.125,25.125,0.0,-13.502197265625,0.0,11
9392,0,1983.8743896484375,116.18280029296875,25.125,0.0,3.394775390625,0.0,11
9393,0,1983.8741455078125,118.17166900634766,25.125,0.0,20.2862548828125,0.0,11
9394,0,1983.874267578125,130.2671661376953,25.125,0.0,37.1832275390625,0.0,11
9395,0,1983.874267578125,157.9326171875,25.125,0.0,37.1832275390625,0.0,11
9396,0,1983.874267578125,192.56414794921875,25.125,0.0,37.1832275390625,0.0,11
9397,0,1983.8746337890625,232.88571166992188,25.125,0.0,54.0802001953125,0.0,11
9398,0,1983.8748779296875,278.2623596191406,25.125,0.0,70.9771728515625,0.0,11
9399,0,1983.8748779296875,320.7613220214844,25.125,0.0,70.9771728515625,0.0,11
9400,0,1983.874755859375,364.2545166015625,25.125,0.0,70.9771728515625,0.0,11
9401,0,1983.8746337890625,408.1333312988281,25.125,0.0,54.0802001953125,0.0,11
9402,0,1983.8748779296875,453.78857421875,25.125,0.0,70.9771728515625,0.0,11
9403,0,1983.87451171875,498.74822998046875,25.125,0.0,54.0802001953125,0.0,11
9404,0,1983.874267578125,547.8570556640625,25.125,0.0,37.1832275390625,0.0,11
9405,0,1983.8741455078125,590.07666015625,25.125,0.0,20.2862548828125,0.0,11
9406,0,1983.8743896484375,619.8939819335938,25.125,0.0,3.394775390625,0.0,11
9407,0,1983.8741455078125,633.3866577148438,25.125,0.0,-13.502197265625,0.0,11
9408,0,1983.8743896484375,631.7131958007812,25.125,0.0,-13.502197265625,0.0,11
9409,0,1983.8741455078125,623.4856567382812,25.125,0.0,-30.399169921875,0.0,11
9410,0,1983.8746337890625,600.8389892578125,25.125,0.0,-47.296142578125,0.0,11
9411,0,1983.8741455078125,565.2379760742188,25.125,0.0,-30.399169921875,0.0,11
9412,0,1983.8741455078125,532.7218017578125,25.125,0.0,-13.502197265625,0.0,11
9413,0,1983.8740234375,511.1156311035156,25.125,0.0,3.394775390625,0.0,11
9414,0,1983.8741455078125,506.81231689453125,25.125,0.0,20.2862548828125,0.0,11
9415,0,1983.87451171875,517.5306396484375,25.125,0.0,37.1832275390625,0.0,11
9416,0,1969.4420166015625,548.6487426757812,25.125,0.0,37.1832275390625,0.0,11
9417,0,1972.2872314453125,587.6776733398438,25.125,0.0,54.0802001953125,0.0,11
9418,0,1983.874755859375,626.988525390625,25.125,0.0,70.9771728515625,0.0,11
9419,0,1983.87451171875,671.8440551757812,25.125,0.0,54.0802001953125,0.0,11
9420,0,1983.8748779296875,716.4483642578125,25.125,0.0,70.9771728515625,0.0,11
9421,0,1983.87451171875,761.4080200195312,25.125,0.0,54.0802001953125,0.0,11
9422,0,1983.87451171875,809.4262084960938,25.125,0.0,37.1832275390625,0.0,11
9423,0,1983.8741455078125,852.7332153320312,25.125,0.0,20.2862548828125,0.0,11
9424,0,1983.8743896484375,882.550537109375,25.125,0.0,3.394775390625,0.0,11
9425,0,1983.8740234375,899.364501953125,25.125,0.0,3.394775390625,0.0,11
9426,0,1983.875,884.4215698242188,25.125,0.0,3.394775390625,0.0,11
9427,0,1983.8741455078125,868.3533935546875,25.125,0.0,20.2862548828125,0.0,11
9428,0,1983.8740234375,869.8382568359375,25.125,0.0,3.394775390625,0.0,11
9429,0,1983.8741455078125,871.7410278320312,25.125,0.0,20.2862548828125,0.0,11
9430,0,1983.8740234375,877.1600952148438,25.125,0.0,3.394775390625,0.0,11
9431,0,1983.8743896484375,878.3935546875,25.125,0.0,3.394775390625,0.0,11
9432,0,1983.8740234375,878.7965698242188,25.125,0.0,3.394775390625,0.0,11
9433,0,1983.8743896484375,880.676513671875,25.125,0.0,20.2862548828125,0.0,11
9434,0,1983.874267578125,892.9852294921875,25.125,0.0,37.1832275390625,0.0,11
9435,0,1983.8746337890625,922.3200073242188,25.125,0.0,54.0802001953125,0.0,11
9436,0,1983.8748779296875,965.5010986328125,25.125,0.0,70.9771728515625,0.0,11
9437,0,1983.875,1006.7237548828125,25.125,0.0,87.8741455078125,0.0,11
9438,0,1983.875,1047.3863525390625,25.125,0.0,87.8741455078125,0.0,11
9439,0,1983.8740234375,1073.086669921875,25.125,0.0,87.8741455078125,0.0,11
9440,0,1981.86474609375,1106.79638671875,25.125,0.0,104.765625,0.0,11
9441,0,1977.067626953125,1148.239501953125,25.125,0.0,87.8741455078125,0.0,11
9442,0,1973.5692138671875,1188.8612060546875,25.125,0.0,104.765625,0.0,11
9443,0,1964.4576416015625,1230.3397216796875,25.125,0.0,121.66259765625,0.0,11
9444,0,1948.7864990234375,1268.422119140625,25.125,0.0,121.66259765625,0.0,11
9445,0,1931.1466064453125,1306.2601318359375,25.125,0.0,104.765625,0.0,11
9446,0,1915.39501953125,1343.85595703125,25.125,0.0,121.66259765625,0.0,11
9447,0,1894.8782958984375,1379.8416748046875,25.125,0.0,138.5595703125,0.0,11
9448,0,1861.6802978515625,1388.9619140625,25.125,0.0,155.45654296875,0.0,11
9449,0,1823.0775146484375,1402.26318359375,25.125,0.0,155.45654296875,0.0,11
9450,0,1783.7003173828125,1416.31005859375,25.125,0.0,172.353515625,0.0,11
9451,0,1742.8372802734375,1424.258056640625,25.125,0.0,-170.74951171875,0.0,11
9452,0,1700.6324462890625,1424.60595703125,25.125,0.0,-170.74951171875,0.0,11
9453,0,1659.6141357421875,1419.064208984375,25.125,0.0,-153.8580322265625,0.0,11
9454,0,1619.1243896484375,1404.287841796875,25.125,0.0,-136.9610595703125,0.0,11
9455,0,1583.41064453125,1384.2862548828125,25.125,0.0,-153.8580322265625,0.0,11
9456,0,1546.3253173828125,1366.4561767578125,25.125,0.0,-170.74951171875,0.0,11
9457,0,1505.733154296875,1355.8160400390625,25.125,0.0,172.353515625,0.0,11
9458,0,1465.021240234375,1351.6240234375,25.125,0.0,-170.74951171875,0.0,11
9459,0,1423.48095703125,1344.576171875,25.125,0.0,-153.8580322265625,0.0,11
9460,0,1384.15966796875,1333.723388671875,25.125,0.0,-170.74951171875,0.0,11
9461,0,1343.923095703125,1322.57568359375,25.125,0.0,-153.8580322265625,0.0,11
9462,0,1316.1258544921875,1307.789306640625,25.125,0.0,-153.8580322265625,0.0,11
9463,0,1316.125732421875,1282.54150390625,25.125,0.0,-136.9610595703125,0.0,11
9464,0,1297.3897705078125,1249.205810546875,25.125,0.0,-153.8580322265625,0.0,11
9465,0,1267.4576416015625,1220.791748046875,25.125,0.0,-136.9610595703125,0.0,11
9466,0,1236.6839599609375,1192.794677734375,25.125,0.0,-136.9610595703125,0.0,11
9467,0,1208.470458984375,1164.3853759765625,25.125,0.0,-120.0640869140625,0.0,11
9468,0,1184.191162109375,1129.1370849609375,25.125,0.0,-103.1671142578125,0.0,11
9469,0,1167.6240234375,1091.2757568359375,25.125,0.0,-103.1671142578125,0.0,11
9470,0,1156.610107421875,1050.3353271484375,25.125,0.0,-86.2701416015625,0.0,11
9471,0,1150.8782958984375,1009.9169921875,25.125,0.0,-103.1671142578125,0.0,11
9472,0,1143.6376953125,969.8736572265625,25.125,0.0,-103.1671142578125,0.0,11
9473,0,1135.0494384765625,929.1596069335938,25.125,0.0,-103.1671142578125,0.0,11
9474,0,1126.3604736328125,889.4548950195312,25.125,0.0,-103.1671142578125,0.0,11
9475,0,1117.4649658203125,848.8125610351562,25.125,0.0,-103.1671142578125,0.0,11
9476,0,1116.1251220703125,808.7252197265625,25.125,0.0,-103.1671142578125,0.0,11
9477,0,1115.4925537109375,766.2947998046875,25.125,0.0,-103.1671142578125,0.0,11
9478,0,1108.58544921875,725.1830444335938,25.125,0.0,-120.0640869140625,0.0,11
9479,0,1088.1356201171875,716.1256103515625,25.125,0.0,-136.9610595703125,0.0,11
9480,0,1054.769775390625,716.1257934570312,25.125,0.0,-120.0640869140625,0.0,11
9481,0,1020.269287109375,716.1255493164062,25.125,0.0,-120.0640869140625,0.0,11
9482,0,987.966796875,716.1259155273438,25.125,0.0,-103.1671142578125,0.0,11
9483,0,961.5761108398438,699.0529174804688,25.125,0.0,-120.0640869140625,0.0,11
9484,0,937.1863403320312,663.852294921875,25.125,0.0,-103.1671142578125,0.0,11
9485,0,919.528076171875,628.0446166992188,25.125,0.0,-120.0640869140625,0.0,11
9486,0,916.1251220703125,587.0418701171875,25.125,0.0,-103.1671142578125,0.0,11
9487,0,915.2740478515625,546.232666015625,25.125,0.0,-86.2701416015625,0.0,11
9488,0,913.9392700195312,504.47528076171875,25.125,0.0,-103.1671142578125,0.0,11
9489,0,906.598876953125,463.538330078125,25.125,0.0,-120.0640869140625,0.0,11
9490,0,894.13818359375,424.63031005859375,25.125,0.0,-103.1671142578125,0.0,11
9491,0,909.8739013671875,393.27069091796875,25.125,0.0,-103.1671142578125,0.0,11
9492,0,922.313720703125,354.3816833496094,25.125,0.0,-120.0640869140625,0.0,11
9493,0,916.6705932617188,311.7191162109375,25.125,0.0,-103.1671142578125,0.0,11
9494,0,910.4966430664062,271.33099365234375,25.125,0.0,-86.2701416015625,0.0,11
9495,0,884.3255004882812,242.95773315429688,25.125,0.0,-86.2701416015625,0.0,11
9496,0,863.2943725585938,216.1258544921875,25.125,0.0,-69.3731689453125,0.0,11
9497,0,869.0897827148438,216.12550354003906,25.125,0.0,-52.481689453125,0.0,11
9498,0,893.70849609375,216.125732421875,25.125,0.0,-52.481689453125,0.0,11
9499,0,929.4468994140625,214.77197265625,25.125,0.0,-35.584716796875,0.0,11
9500,0,970.1546020507812,202.70260620117188,25.125,0.0,-18.687744140625,0.0,11
9501,0,1008.4042358398438,187.9918212890625,25.125,0.0,-35.584716796875,0.0,11
9502,0,1046.024658203125,169.9074249267578,25.125,0.0,-18.687744140625,0.0,11
9503,0,1083.61865234375,154.21531677246094,25.125,0.0,-18.687744140625,0.0,11
9504,0,1121.69140625,139.93817138671875,25.125,0.0,-18.687744140625,0.0,11
9505,0,1160.9669189453125,128.06263732910156,25.125,0.0,-1.790771484375,0.0,11
9506,0,1202.534423828125,123.33486938476562,25.125,0.0,15.106201171875,0.0,11
9507,0,1244.3751220703125,124.8157958984375,25.125,0.0,-1.790771484375,0.0,11
9508,0,1285.052001953125,125.35868072509766,25.125,0.0,-1.790771484375,0.0,11
9509,0,1326.6563720703125,124.85108947753906,25.125,0.0,-1.790771484375,0.0,11
9510,0,1367.5712890625,125.83976745605469,25.125,0.0,15.106201171875,0.0,11
9511,0,1409.48681640625,134.07333374023438,25.125,0.0,31.9976806640625,0.0,11
9512,0,1448.1072998046875,147.46974182128906,25.125,0.0,15.106201171875,0.0,11
9513,0,1487.880859375,158.1616668701172,25.125,0.0,-1.790771484375,0.0,11
9514,0,1528.1610107421875,164.62770080566406,25.125,0.0,15.106201171875,0.0,11
9515,0,1568.046875,172.8103485107422,25.125,0.0,15.106201171875,0.0,11
9516,0,1608.4921875,182.6042022705078,25.125,0.0,15.106201171875,0.0,11
9517,0,1640.368408203125,166.4100799560547,25.125,0.0,15.106201171875,0.0,11
9518,0,1681.031982421875,154.77420043945312,25.125,0.0,31.9976806640625,0.0,11
9519,0,1722.5301513671875,161.55458068847656,25.125,0.0,15.106201171875,0.0,11
9520,0,1763.022705078125,173.05813598632812,25.125,0.0,31.9976806640625,0.0,11
9521,0,1800.819580078125,183.87429809570312,25.125,0.0,48.8946533203125,0.0,11
9522,0,1838.696044921875,193.09426879882812,25.125,0.0,65.7916259765625,0.0,11
9523,0,1869.8807373046875,221.47039794921875,25.125,0.0,48.8946533203125,0.0,11
9524,0,1899.23583984375,249.8511505126953,25.125,0.0,31.9976806640625,0.0,11
9525,0,1930.8580322265625,277.0767822265625,25.125,0.0,48.8946533203125,0.0,11
9526,0,1958.9390869140625,307.47503662109375,25.125,0.0,65.7916259765625,0.0,11
9527,0,1983.4747314453125,341.3121032714844,25.125,0.0,48.8946533203125,0.0,11
9528,0,1983.874267578125,377.11041259765625,25.125,0.0,31.9976806640625,0.0,11
9529,0,1983.8741455078125,411.78900146484375,25.125,0.0,15.106201171875,0.0,11
9530,0,1983.874267578125,440.46466064453125,25.125,0.0,31.9976806640625,0.0,11
9531,0,1983.8746337890625,474.74664306640625,25.125,0.0,48.8946533203125,0.0,11
9532,0,1983.8743896484375,517.5840454101562,25.125,0.0,48.8946533203125,0.0,11
9533,0,1983.8748779296875,563.3544311523438,25.125,0.0,65.7916259765625,0.0,11
9534,0,1983.8743896484375,610.85693359375,25.125,0.0,48.8946533203125,0.0,11
9535,0,1983.8748779296875,657.1513671875,25.125,0.0,65.7916259765625,0.0,11
9536,0,1983.874755859375,701.8851318359375,25.125,0.0,65.7916259765625,0.0,11
9537,0,1983.8748779296875,743.7716674804688,25.125,0.0,82.6885986328125,0.0,11
9538,0,1983.874755859375,786.9580688476562,25.125,0.0,65.7916259765625,0.0,11
9539,0,1983.874755859375,830.6702880859375,25.125,0.0,65.7916259765625,0.0,11
9540,0,1983.8743896484375,849.584228515625,25.125,0.0,65.7916259765625,0.0,11
9541,0,1983.8746337890625,873.3028564453125,25.125,0.0,65.7916259765625,0.0,11
9542,0,1983.8746337890625,915.25537109375,25.125,0.0,48.8946533203125,0.0,11
9543,0,1983.874267578125,962.09130859375,25.125,0.0,31.9976806640625,0.0,11
9544,0,1983.8741455078125,1000.4020385742188,25.125,0.0,15.106201171875,0.0,11
9545,0,1983.8740234375,1025.65673828125,25.125,0.0,-1.790771484375,0.0,11
9546,0,1983.8740234375,1036.0443115234375,25.125,0.0,-1.790771484375,0.0,11
9547,0,1983.8743896484375,1038.54638671875,25.125,0.0,15.106201171875,0.0,11
9548,0,1983.874267578125,1046.7564697265625,25.125,0.0,31.9976806640625,0.0,11
9549,0,1983.8746337890625,1071.0625,25.125,0.0,48.8946533203125,0.0,11
9550,0,1983.874755859375,1111.813232421875,25.125,0.0,65.7916259765625,0.0,11
9551,0,1983.875,1152.72607421875,25.125,0.0,82.6885986328125,0.0,11
9552,0,1983.8748779296875,1194.598876953125,25.125,0.0,82.6885986328125,0.0,11
9553,0,1983.874755859375,1236.791748046875,25.125,0.0,65.7916259765625,0.0,11
9554,0,1983.874755859375,1281.5177001953125,25.125,0.0,65.7916259765625,0.0,11
9555,0,1983.8743896484375,1327.9871826171875,25.125,0.0,48.8946533203125,0.0,11
9556,0,1983.87451171875,1375.008544921875,25.125,0.0,31.9976806640625,0.0,11
9557,0,1983.875,1383.874267578125,25.125,0.0,48.8946533203125,0.0,11
9558,0,1983.875,1383.8743896484375,25.125,0.0,65.7916259765625,0.0,11
9559,0,1983.875,1383.8741455078125,25.125,0.0,65.7916259765625,0.0,11
9560,0,1983.875,1383.8743896484375,25.125,0.0,82.6885986328125,0.0,11
9561,0,1983.4715576171875,1383.8741455078125,25.125,0.0,99.5855712890625,0.0,11
9562,0,1979.376220703125,1383.8741455078125,25.125,0.0,116.4825439453125,0.0,11
9563,0,1960.724365234375,1383.874267578125,25.125,0.0,133.3740234375,0.0,11
9564,0,1927.6011962890625,1383.874267578125,25.125,0.0,133.3740234375,0.0,11
9565,0,1885.29052734375,1383.874755859375,25.125,0.0,150.27099609375,0.0,11
9566,0,1841.092041015625,1390.028076171875,25.125,0.0,150.27099609375,0.0,11
9567,0,1802.029541015625,1402.052490234375,25.125,0.0,167.16796875,0.0,11
9568,0,1761.90380859375,1413.2030029296875,25.125,0.0,167.16796875,0.0,11
9569,0,1722.7410888671875,1424.9530029296875,25.125,0.0,150.27099609375,0.0,11
9570,0,1685.3018798828125,1443.29052734375,25.125,0.0,133.3740234375,0.0,11
9571,0,1652.8092041015625,1470.3177490234375,25.125,0.0,116.4825439453125,0.0,11
9572,0,1628.554931640625,1505.256591796875,25.125,0.0,99.5855712890625,0.0,11
9573,0,1614.7452392578125,1546.6712646484375,25.125,0.0,82.6885986328125,0.0,11
9574,0,1613.3526611328125,1583.8743896484375,25.125,0.0,65.7916259765625,0.0,11
9575,0,1627.2366943359375,1595.9681396484375,25.125,0.0,48.8946533203125,0.0,11
9576,0,1652.2119140625,1627.53515625,25.125,0.0,65.7916259765625,0.0,11
9577,0,1675.5228271484375,1662.1539306640625,25.125,0.0,48.8946533203125,0.0,11
9578,0,1699.002685546875,1683.8741455078125,25.125,0.0,65.7916259765625,0.0,11
9579,0,1721.3328857421875,1686.5284423828125,25.125,0.0,82.6885986328125,0.0,11
9580,0,1739.5484619140625,1716.66845703125,25.125,0.0,65.7916259765625,0.0,11
9581,0,1755.5733642578125,1754.486572265625,25.125,0.0,82.6885986328125,0.0,11
9582,0,1764.5634765625,1796.3751220703125,25.125,0.0,99.5855712890625,0.0,11
9583,0,1762.96240234375,1838.6875,25.125,0.0,116.4825439453125,0.0,11
9584,0,1754.121337890625,1879.6951904296875,25.125,0.0,99.5855712890625,0.0,11
9585,0,1744.088134765625,1919.2828369140625,25.125,0.0,116.4825439453125,0.0,11
9586,0,1727.3326416015625,1958.4603271484375,25.125,0.0,133.3740234375,0.0,11
9587,0,1705.9549560546875,1983.8741455078125,25.125,0.0,116.4825439453125,0.0,11
9588,0,1680.4681396484375,1983.8743896484375,25.125,0.0,116.4825439453125,0.0,11
9589,0,1649.7625732421875,1983.874267578125,25.125,0.0,133.3740234375,0.0,11
9590,0,1611.052001953125,1983.87451171875,25.125,0.0,133.3740234375,0.0,11
9591,0,1567.018798828125,1983.874267578125,25.125,0.0,133.3740234375,0.0,11
9592,0,1524.52587890625,1983.8743896484375,25.125,0.0,116.4825439453125,0.0,11
9593,0,1519.78662109375,1983.8746337890625,25.125,0.0,116.4825439453125,0.0,11
9594,0,1516.3975830078125,1983.874267578125,25.125,0.0,133.3740234375,0.0,11
9595,0,1492.0704345703125,1983.8741455078125,25.125,0.0,116.4825439453125,0.0,11
9596,0,1461.249755859375,1983.874267578125,25.125,0.0,133.3740234375,0.0,11
9597,0,1424.761474609375,1983.8743896484375,25.125,0.0,116.4825439453125,0.0,11
9598,0,1388.3875732421875,1983.874267578125,25.125,0.0,133.3740234375,0.0,11
9599,0,1347.1566162109375,1983.87451171875,25.125,0.0,133.3740234375,0.0,11
9600,0,1300.71240234375,1983.874755859375,25.125,0.0,150.27099609375,0.0,11
9601,0,1253.025146484375,1983.87451171875,25.125,0.0,133.3740234375,0.0,11
9602,0,1238.9749755859375,1983.8743896484375,25.125,0.0,133.3740234375,0.0,11
9603,0,1224.5142822265625,1983.87451171875,25.125,0.0,150.27099609375,0.0,11
9604,0,1185.3182373046875,1983.8748779296875,25.125,0.0,167.16796875,0.0,11
9605,0,1142.0037841796875,1983.8746337890625,25.125,0.0,150.27099609375,0.0,11
9606,0,1094.3521728515625,1983.87451171875,25.125,0.0,133.3740234375,0.0,11
9607,0,1046.6553955078125,1983.874267578125,25.125,0.0,133.3740234375,0.0,11
9608,0,1002.0759887695312,1983.8743896484375,25.125,0.0,116.4825439453125,0.0,11
9609,0,961.1776733398438,1983.874267578125,25.125,0.0,133.3740234375,0.0,11
9610,0,920.77587890625,1983.8743896484375,25.125,0.0,116.4825439453125,0.0,11
9611,0,881.7559204101562,1983.874267578125,25.125,0.0,133.3740234375,0.0,11
9612,0,872.9207153320312,1983.8743896484375,25.125,0.0,133.3740234375,0.0,11
9613,0,859.7926025390625,1983.87451171875,25.125,0.0,150.27099609375,0.0,11
9614,0,822.08642578125,1983.8748779296875,25.125,0.0,167.16796875,0.0,11
9615,0,781.2708129882812,1983.81591796875,25.125,0.0,-175.93505859375,0.0,11
9616,0,739.4260864257812,1983.8748779296875,25.125,0.0,167.16796875,0.0,11
9617,0,697.1261596679688,1983.874755859375,25.125,0.0,150.27099609375,0.0,11
9618,0,648.4127807617188,1983.874267578125,25.125,0.0,133.3740234375,0.0,11
9619,0,600.840576171875,1983.874267578125,25.125,0.0,133.3740234375,0.0,11
9620,0,555.3008422851562,1983.8741455078125,25.125,0.0,116.4825439453125,0.0,11
9621,0,520.8716430664062,1983.8741455078125,25.125,0.0,99.5855712890625,0.0,11
9622,0,501.2487487792969,1983.8743896484375,25.125,0.0,82.6885986328125,0.0,11
9623,0,499.950439453125,1983.8741455078125,25.125,0.0,65.7916259765625,0.0,11
9624,0,508.3948974609375,1983.8743896484375,25.125,0.0,82.6885986328125,0.0,11
9625,0,519.2179565429688,1983.8741455078125,25.125,0.0,65.7916259765625,0.0,11
9626,0,534.7868041992188,1983.8743896484375,25.125,0.0,82.6885986328125,0.0,11
9627,0,551.032958984375,1983.8741455078125,25.125,0.0,65.7916259765625,0.0,11
9628,0,569.6580200195312,1983.8740234375,25.125,0.0,82.6885986328125,0.0,11
9629,0,580.4342651367188,1983.8741455078125,25.125,0.0,99.5855712890625,0.0,11
9630,0,577.0128784179688,1983.8741455078125,25.125,0.0,116.4825439453125,0.0,11
9631,0,561.8980712890625,1983.8743896484375,25.125,0.0,116.4825439453125,0.0,11
9632,0,535.1953125,1983.874267578125,25.125,0.0,133.3740234375,0.0,11
9633,0,498.4718933105469,1983.87451171875,25.125,0.0,133.3740234375,0.0,11
9634,0,457.7007751464844,1983.8741455078125,25.125,0.0,116.4825439453125,0.0,11
9635,0,425.89373779296875,1983.8743896484375,25.125,0.0,99.5855712890625,0.0,11
9636,0,400.6063537597656,1983.8741455078125,25.125,0.0,116.4825439453125,0.0,11
9637,0,376.590087890625,1983.8741455078125,25.125,0.0,99.5855712890625,0.0,11
9638,0,361.4794616699219,1983.8740234375,25.125,0.0,82.6885986328125,0.0,11
9639,0,358.4235534667969,1983.8741455078125,25.125,0.0,99.5855712890625,0.0,11
9640,0,354.3202209472656,1983.8743896484375,25.125,0.0,116.4825439453125,0.0,11
9641,0,341.4267578125,1983.8741455078125,25.125,0.0,99.5855712890625,0.0,11
9642,0,325.69793701171875,1983.8743896484375,25.125,0.0,116.4825439453125,0.0,11
9643,0,299.55645751953125,1983.874267578125,25.125,0.0,133.3740234375,0.0,11
9644,0,260.98687744140625,1983.87451171875,25.125,0.0,150.27099609375,0.0,11
9645,0,213.50765991210938,1983.874267578125,25.125,0.0,133.3740234375,0.0,11
9646,0,165.81443786621094,1983.874755859375,25.125,0.0,150.27099609375,0.0,11
9647,0,118.06058502197266,1983.87451171875,25.125,0.0,133.3740234375,0.0,11
9648,0,116.12541198730469,1983.875,25.125,0.0,116.4825439453125,0.0,11
9649,0,116.12510681152344,1983.875,25.125,0.0,99.5855712890625,0.0,11
9650,0,116.37609100341797,1983.8740234375,25.125,0.0,82.6885986328125,0.0,11
9651,0,116.1335678100586,1983.8743896484375,25.125,0.0,99.5855712890625,0.0,11
9652,0,116.12515258789062,1983.875,25.125,0.0,99.5855712890625,0.0,11
9653,0,116.12541198730469,1983.875,25.125,0.0,116.4825439453125,0.0,11
9654,0,116.12541198730469,1983.875,25.125,0.0,116.4825439453125,0.0,11
9655,0,116.1256332397461,1983.875,25.125,0.0,133.3740234375,0.0,11
9656,0,116.12554168701172,1983.875,25.125,0.0,150.27099609375,0.0,11
9657,0,116.12590026855469,1983.875,25.125,0.0,167.16796875,0.0,11
9658,0,116.1256103515625,1983.875,25.125,0.0,167.16796875,0.0,11
9659,0,116.12592315673828,1983.77783203125,25.125,0.0,-175.93505859375,0.0,11
9660,0,116.1255874633789,1981.706787109375,25.125,0.0,-159.0380859375,0.0,11
9661,0,116.125732421875,1968.801513671875,25.125,0.0,-142.14111328125,0.0,11
9662,0,116.12553405761719,1938.8387451171875,25.125,0.0,-125.2496337890625,0.0,11
9663,0,116.12549591064453,1897.404296875,25.125,0.0,-142.14111328125,0.0,11
9664,0,116.125732421875,1855.2132568359375,25.125,0.0,-142.14111328125,0.0,11
9665,0,116.1255874633789,1815.759765625,25.125,0.0,-159.0380859375,0.0,11
9666,0,116.12592315673828,1786.129638671875,25.125,0.0,-175.93505859375,0.0,11
9667,0,116.1256103515625,1772.8232421875,25.125,0.0,167.16796875,0.0,11
9668,0,116.12592315673828,1772.4752197265625,25.125,0.0,-175.93505859375,0.0,11
9669,0,116.12590026855469,1773.1060791015625,25.125,0.0,167.16796875,0.0,11
9670,0,116.12580108642578,1779.293212890625,25.125,0.0,150.27099609375,0.0,11
9671,0,116.12580108642578,1798.5548095703125,25.125,0.0,150.27099609375,0.0,11
9672,0,116.1256103515625,1823.06201171875,25.125,0.0,167.16796875,0.0,11
9673,0,116.12592315673828,1840.227294921875,25.125,0.0,-175.93505859375,0.0,11
9674,0,116.12562561035156,1844.5037841796875,25.125,0.0,-175.93505859375,0.0,11
9675,0,116.12586212158203,1842.2906494140625,25.125,0.0,-159.0380859375,0.0,11
9676,0,116.12549591064453,1829.5550537109375,25.125,0.0,-142.14111328125,0.0,11
9677,0,116.12553405761719,1798.8416748046875,25.125,0.0,-125.2496337890625,0.0,11
9678,0,116.12516784667969,1756.441162109375,25.125,0.0,-108.3526611328125,0.0,11
9679,0,116.12519073486328,1713.081787109375,25.125,0.0,-108.3526611328125,0.0,11
9680,0,116.12519073486328,1670.71435546875,25.125,0.0,-108.3526611328125,0.0,11
9681,0,116.12535858154297,1626.01123046875,25.125,0.0,-125.2496337890625,0.0,11
9682,0,132.9533233642578,1583.4578857421875,25.125,0.0,-125.2496337890625,0.0,11
9683,0,132.3582000732422,1541.865234375,25.125,0.0,-142.14111328125,0.0,11
9684,0,116.12586212158203,1503.88671875,25.125,0.0,-159.0380859375,0.0,11
9685,0,116.12549591064453,1471.3497314453125,25.125,0.0,-142.14111328125,0.0,11
9686,0,116.12553405761719,1431.4840087890625,25.125,0.0,-125.2496337890625,0.0,11
9687,0,116.12544250488281,1384.81494140625,25.125,0.0,-125.2496337890625,0.0,11
9688,0,116.125732421875,1335.566650390625,25.125,0.0,-142.14111328125,0.0,11
9689,0,116.12556457519531,1323.522216796875,25.125,0.0,-142.14111328125,0.0,11
9690,0,116.12535858154297,1312.9378662109375,25.125,0.0,-125.2496337890625,0.0,11
9691,0,116.12553405761719,1277.680419921875,25.125,0.0,-125.2496337890625,0.0,11
9692,0,116.1255111694336,1264.3919677734375,25.125,0.0,-125.2496337890625,0.0,11
9693,0,116.1257553100586,1279.1602783203125,25.125,0.0,-125.2496337890625,0.0,11
9694,0,116.125732421875,1276.478759765625,25.125,0.0,-142.14111328125,0.0,11
9695,0,116.12586212158203,1253.982666015625,25.125,0.0,-159.0380859375,0.0,11
9696,0,116.125732421875,1227.0892333984375,25.125,0.0,-142.14111328125,0.0,11
9697,0,116.12549591064453,1192.8414306640625,25.125,0.0,-142.14111328125,0.0,11
9698,0,116.12586212158203,1156.168701171875,25.125,0.0,-159.0380859375,0.0,11
9699,0,116.12562561035156,1128.7432861328125,25.125,0.0,-175.93505859375,0.0,11
9700,0,116.12586212158203,1109.4168701171875,25.125,0.0,-159.0380859375,0.0,11
9701,0,116.12562561035156,1091.8017578125,25.125,0.0,-175.93505859375,0.0,11
9702,0,116.12590026855469,1083.57958984375,25.125,0.0,167.16796875,0.0,11
9703,0,116.12592315673828,1083.9395751953125,25.125,0.0,-175.93505859375,0.0,11
9704,0,116.12590026855469,1084.5931396484375,25.125,0.0,167.16796875,0.0,11
9705,0,116.12580108642578,1090.5784912109375,25.125,0.0,150.27099609375,0.0,11
9706,0,116.1256103515625,1106.8472900390625,25.125,0.0,167.16796875,0.0,11
9707,0,116.12592315673828,1120.58447265625,25.125,0.0,-175.93505859375,0.0,11
9708,0,116.12562561035156,1122.82373046875,25.125,0.0,-175.93505859375,0.0,11
9709,0,116.12590026855469,1123.4664306640625,25.125,0.0,167.16796875,0.0,11
9710,0,116.12562561035156,1123.9285888671875,25.125,0.0,-175.93505859375,0.0,11
9711,0,116.12586212158203,1121.7154541015625,25.125,0.0,-159.0380859375,0.0,11
9712,0,116.125732421875,1108.9610595703125,25.125,0.0,-142.14111328125,0.0,11
9713,0,116.125732421875,1080.48291015625,25.125,0.0,-142.14111328125,0.0,11
9714,0,116.125732421875,1045.1016845703125,25.125,0.0,-142.14111328125,0.0,11
9715,0,116.12538146972656,1039.6123046875,25.125,0.0,-142.14111328125,0.0,11
9716,0,116.125732421875,1033.4002685546875,25.125,0.0,-142.14111328125,0.0,11
9717,0,116.1255874633789,1010.7180786132812,25.125,0.0,-159.0380859375,0.0,11
9718,0,124.13788604736328,973.520263671875,25.125,0.0,-159.0380859375,0.0,11
9719,0,123.26653289794922,969.6970825195312,25.125,0.0,-159.0380859375,0.0,11
9720,0,116.125732421875,969.7238159179688,25.125,0.0,-142.14111328125,0.0,11
9721,0,116.12553405761719,946.08984375,25.125,0.0,-125.2496337890625,0.0,11
9722,0,116.12549591064453,907.4789428710938,25.125,0.0,-142.14111328125,0.0,11
9723,0,116.125732421875,865.4796752929688,25.125,0.0,-142.14111328125,0.0,11
9724,0,116.1255874633789,826.7581176757812,25.125,0.0,-159.0380859375,0.0,11
9725,0,116.12592315673828,797.4491577148438,25.125,0.0,-175.93505859375,0.0,11
9726,0,116.12562561035156,781.1404418945312,25.125,0.0,-175.93505859375,0.0,11
9727,0,116.12590026855469,775.3291625976562,25.125,0.0,167.16796875,0.0,11
9728,0,116.12592315673828,775.7701416015625,25.125,0.0,-175.93505859375,0.0,11
9729,0,116.12590026855469,776.3900146484375,25.125,0.0,167.16796875,0.0,11
9730,0,116.12592315673828,776.8309936523438,25.125,0.0,-175.93505859375,0.0,11
9731,0,116.1256103515625,777.4517211914062,25.125,0.0,167.16796875,0.0,11
9732,0,116.12580108642578,783.6071166992188,25.125,0.0,150.27099609375,0.0,11
9733,0,116.12542724609375,805.1449584960938,25.125,0.0,133.3740234375,0.0,11
9734,0,116.12537384033203,844.1275634765625,25.125,0.0,116.4825439453125,0.0,11
9735,0,116.12506103515625,886.4076538085938,25.125,0.0,99.5855712890625,0.0,11
9736,0,116.12533569335938,930.006591796875,25.125,0.0,116.4825439453125,0.0,11
9737,0,116.1256332397461,977.02880859375,25.125,0.0,133.3740234375,0.0,11
9738,0,116.12554168701172,1023.5243530273438,25.125,0.0,150.27099609375,0.0,11
9739,0,116.12590026855469,1060.888427734375,25.125,0.0,167.16796875,0.0,11
9740,0,116.1256103515625,1086.792236328125,25.125,0.0,167.16796875,0.0,11
9741,0,116.12592315673828,1104.1531982421875,25.125,0.0,-175.93505859375,0.0,11
9742,0,116.1256103515625,1111.6640625,25.125,0.0,167.16796875,0.0,11
9743,0,116.12580108642578,1123.1517333984375,25.125,0.0,150.27099609375,0.0,11
9744,0,116.12580108642578,1145.54052734375,25.125,0.0,150.27099609375,0.0,11
9745,0,116.12580108642578,1174.7464599609375,25.125,0.0,150.27099609375,0.0,11
9746,0,116.12590026855469,1203.2415771484375,25.125,0.0,167.16796875,0.0,11
9747,0,116.12562561035156,1222.2987060546875,25.125,0.0,-175.93505859375,0.0,11
9748,0,116.12586212158203,1225.293701171875,25.125,0.0,-159.0380859375,0.0,11
9749,0,116.12562561035156,1219.82763671875,25.125,0.0,-175.93505859375,0.0,11
9750,0,116.12586212158203,1214.736328125,25.125,0.0,-159.0380859375,0.0,11
9751,0,116.12549591064453,1199.5704345703125,25.125,0.0,-142.14111328125,0.0,11
9752,0,116.125732421875,1169.906982421875,25.125,0.0,-142.14111328125,0.0,11
9753,0,116.12553405761719,1131.6771240234375,25.125,0.0,-125.2496337890625,0.0,11
9754,0,116.12545776367188,1084.14208984375,25.125,0.0,-125.2496337890625,0.0,11
9755,0,116.12516784667969,1039.7303466796875,25.125,0.0,-108.3526611328125,0.0,11
9756,0,116.12535858154297,995.0254516601562,25.125,0.0,-125.2496337890625,0.0,11
9757,0,116.12543487548828,947.5599975585938,25.125,0.0,-125.2496337890625,0.0,11
9758,0,116.12549591064453,899.4044799804688,25.125,0.0,-142.14111328125,0.0,11
9759,0,116.12586212158203,855.8433227539062,25.125,0.0,-159.0380859375,0.0,11
9760,0,116.12562561035156,825.5794067382812,25.125,0.0,-175.93505859375,0.0,11
9761,0,116.12590026855469,811.2919311523438,25.125,0.0,167.16796875,0.0,11
9762,0,116.12590026855469,812.4534912109375,25.125,0.0,167.16796875,0.0,11
9763,0,116.12592315673828,813.5037231445312,25.125,0.0,-175.93505859375,0.0,11
9764,0,116.12586212158203,811.4181518554688,25.125,0.0,-159.0380859375,0.0,11
9765,0,116.1255874633789,802.0494995117188,25.125,0.0,-159.0380859375,0.0,11
9766,0,116.125732421875,781.7298583984375,25.125,0.0,-142.14111328125,0.0,11
9767,0,116.12535858154297,749.3082885742188,25.125,0.0,-125.2496337890625,0.0,11
9768,0,116.12517547607422,705.2642211914062,25.125,0.0,-108.3526611328125,0.0,11
9769,0,116.12501525878906,664.1060180664062,25.125,0.0,-91.4556884765625,0.0,11
9770,0,116.12501525878906,622.4951782226562,25.125,0.0,-91.4556884765625,0.0,11
9771,0,116.12520599365234,581.1299438476562,25.125,0.0,-108.3526611328125,0.0,11
9772,0,116.12500762939453,539.9620361328125,25.125,0.0,-91.4556884765625,0.0,11
9773,0,116.125,516.1258544921875,25.125,0.0,-108.3526611328125,0.0,11
9774,0,116.125,516.12548828125,25.125,0.0,-125.2496337890625,0.0,11
9775,0,116.125,516.125732421875,25.125,0.0,-125.2496337890625,0.0,11
9776,0,116.125,516.12548828125,25.125,0.0,-125.2496337890625,0.0,11
9777,0,116.125,516.1255493164062,25.125,0.0,-142.14111328125,0.0,11
9778,0,116.125,516.125732421875,25.125,0.0,-125.2496337890625,0.0,11
9779,0,116.125,516.1258544921875,25.125,0.0,-108.3526611328125,0.0,11
9780,0,116.125,516.1259155273438,25.125,0.0,-91.4556884765625,0.0,11
9781,0,117.09435272216797,516.1256103515625,25.125,0.0,-74.5587158203125,0.0,11
9782,0,125.1346435546875,516.1257934570312,25.125,0.0,-57.6617431640625,0.0,11
9783,0,116.1269302368164,516.1251220703125,25.125,0.0,-57.6617431640625,0.0,11
9784,0,130.62864685058594,516.1256103515625,25.125,0.0,-40.770263671875,0.0,11
9785,0,165.32847595214844,516.125244140625,25.125,0.0,-23.873291015625,0.0,11
9786,0,212.69895935058594,516.1256103515625,25.125,0.0,-40.770263671875,0.0,11
9787,0,257.8165283203125,507.0254211425781,25.125,0.0,-40.770263671875,0.0,11
9788,0,296.2705993652344,489.7686462402344,25.125,0.0,-23.873291015625,0.0,11
9789,0,334.3086853027344,474.3772888183594,25.125,0.0,-6.976318359375,0.0,11
9790,0,373.296142578125,462.4275207519531,25.125,0.0,-23.873291015625,0.0,11
9791,0,412.27398681640625,446.0138854980469,25.125,0.0,-40.770263671875,0.0,11
9792,0,446.7505187988281,421.9576110839844,25.125,0.0,-57.6617431640625,0.0,11
9793,0,476.7538146972656,392.72296142578125,25.125,0.0,-40.770263671875,0.0,11
9794,0,505.2144470214844,363.44439697265625,25.125,0.0,-57.6617431640625,0.0,11
9795,0,529.3274536132812,329.5381774902344,25.125,0.0,-74.5587158203125,0.0,11
9796,0,546.7609252929688,292.1918029785156,25.125,0.0,-74.5587158203125,0.0,11
9797,0,562.17138671875,254.4432373046875,25.125,0.0,-57.6617431640625,0.0,11
9798,0,583.2967529296875,217.59686279296875,25.125,0.0,-40.770263671875,0.0,11
9799,0,607.9619750976562,185.03921508789062,25.125,0.0,-57.6617431640625,0.0,11
9800,0,630.57470703125,149.43283081054688,25.125,0.0,-74.5587158203125,0.0,11
9801,0,645.4742431640625,116.12562561035156,25.125,0.0,-91.4556884765625,0.0,11
9802,0,647.65625,116.1258773803711,25.125,0.0,-108.3526611328125,0.0,11
9803,0,637.6871337890625,116.1257553100586,25.125,0.0,-125.2496337890625,0.0,11
9804,0,615.4619750976562,116.1258773803711,25.125,0.0,-108.3526611328125,0.0,11
9805,0,592.8102416992188,116.1258773803711,25.125,0.0,-108.3526611328125,0.0,11
9806,0,568.1376953125,116.1255111694336,25.125,0.0,-125.2496337890625,0.0,11
9807,0,531.2581176757812,129.04367065429688,25.125,0.0,-125.2496337890625,0.0,11
9808,0,491.6784362792969,123.90924072265625,25.125,0.0,-142.14111328125,0.0,11
9809,0,452.2685241699219,116.1257553100586,25.125,0.0,-125.2496337890625,0.0,11
9810,0,413.3844909667969,116.1255111694336,25.125,0.0,-125.2496337890625,0.0,11
9811,0,373.58148193359375,116.1257553100586,25.125,0.0,-125.2496337890625,0.0,11
9812,0,337.313720703125,116.1258773803711,25.125,0.0,-108.3526611328125,0.0,11
9813,0,305.64434814453125,116.1255111694336,25.125,0.0,-125.2496337890625,0.0,11
9814,0,273.3391418457031,116.1258773803711,25.125,0.0,-108.3526611328125,0.0,11
9815,0,246.14479064941406,116.12559509277344,25.125,0.0,-108.3526611328125,0.0,11
9816,0,224.63299560546875,116.12592315673828,25.125,0.0,-91.4556884765625,0.0,11
9817,0,217.0582733154297,116.12560272216797,25.125,0.0,-74.5587158203125,0.0,11
9818,0,224.22950744628906,116.12577819824219,25.125,0.0,-57.6617431640625,0.0,11
9819,0,248.06979370117188,116.12560272216797,25.125,0.0,-40.770263671875,0.0,11
9820,0,288.7861328125,116.125244140625,25.125,0.0,-23.873291015625,0.0,11
9821,0,330.6242980957031,116.12506866455078,25.125,0.0,-6.976318359375,0.0,11
9822,0,371.3707580566406,116.64375305175781,25.125,0.0,9.920654296875,0.0,11
9823,0,412.1005554199219,118.38136291503906,25.125,0.0,-6.976318359375,0.0,11
9824,0,453.6311950683594,116.12525177001953,25.125,0.0,-23.873291015625,0.0,11
9825,0,498.2565612792969,116.1252670288086,25.125,0.0,-23.873291015625,0.0,11
9826,0,544.6317138671875,116.12541198730469,25.125,0.0,-40.770263671875,0.0,11
9827,0,589.5562744140625,131.01080322265625,25.125,0.0,-40.770263671875,0.0,11
9828,0,630.4105834960938,126.76063537597656,25.125,0.0,-57.6617431640625,0.0,11
9829,0,668.6981201171875,116.12560272216797,25.125,0.0,-40.770263671875,0.0,11
9830,0,710.2260131835938,116.12577819824219,25.125,0.0,-57.6617431640625,0.0,11
9831,0,746.9481811523438,116.12560272216797,25.125,0.0,-74.5587158203125,0.0,11
9832,0,777.0066528320312,116.12577819824219,25.125,0.0,-57.6617431640625,0.0,11
9833,0,783.87451171875,116.125,25.125,0.0,-40.770263671875,0.0,11
9834,0,783.8741455078125,116.125,25.125,0.0,-23.873291015625,0.0,11
9835,0,783.8743896484375,116.125,25.125,0.0,-6.976318359375,0.0,11
9836,0,783.8740844726562,116.55372619628906,25.125,0.0,9.920654296875,0.0,11
9837,0,783.8741455078125,120.78073120117188,25.125,0.0,26.817626953125,0.0,11
9838,0,783.8743286132812,139.8578643798828,25.125,0.0,43.714599609375,0.0,11
9839,0,783.8745727539062,175.5209197998047,25.125,0.0,60.6060791015625,0.0,11
9840,0,783.8749389648438,218.33099365234375,25.125,0.0,77.5030517578125,0.0,11
9841,0,785.1639404296875,260.0731506347656,25.125,0.0,94.4000244140625,0.0,11
9842,0,782.7040405273438,300.3397216796875,25.125,0.0,111.2969970703125,0.0,11
9843,0,771.2409057617188,341.8268737792969,25.125,0.0,128.1939697265625,0.0,11
9844,0,754.2044067382812,379.0337829589844,25.125,0.0,111.2969970703125,0.0,11
9845,0,735.7539672851562,416.5398254394531,25.125,0.0,128.1939697265625,0.0,11
9846,0,715.6552124023438,452.0015869140625,25.125,0.0,111.2969970703125,0.0,11
9847,0,699.4467163085938,490.0927429199219,25.125,0.0,94.4000244140625,0.0,11
9848,0,687.8760375976562,530.2572021484375,25.125,0.0,111.2969970703125,0.0,11
9849,0,676.9639282226562,569.5680541992188,25.125,0.0,94.4000244140625,0.0,11
9850,0,671.5689086914062,611.764404296875,25.125,0.0,77.5030517578125,0.0,11
9851,0,675.7284545898438,652.7811279296875,25.125,0.0,60.6060791015625,0.0,11
9852,0,688.8060913085938,693.1607055664062,25.125,0.0,60.6060791015625,0.0,11
9853,0,707.6503295898438,730.1351318359375,25.125,0.0,43.714599609375,0.0,11
9854,0,735.4271850585938,763.1075439453125,25.125,0.0,26.817626953125,0.0,11
9855,0,770.3271484375,787.3567504882812,25.125,0.0,9.920654296875,0.0,11
9856,0,810.7190551757812,801.2058715820312,25.125,0.0,-6.976318359375,0.0,11
9857,0,854.4644165039062,803.0040893554688,25.125,0.0,-23.873291015625,0.0,11
9858,0,895.8840942382812,792.2927856445312,25.125,0.0,-40.770263671875,0.0,11
9859,0,933.848876953125,774.24951171875,25.125,0.0,-23.873291015625,0.0,11
9860,0,969.1053466796875,755.560302734375,25.125,0.0,-40.770263671875,0.0,11
9861,0,1004.626953125,733.6610107421875,25.125,0.0,-23.873291015625,0.0,11
9862,0,1039.907958984375,716.1256103515625,25.125,0.0,-40.770263671875,0.0,11
9863,0,1080.3570556640625,716.1257934570312,25.125,0.0,-57.6617431640625,0.0,11
9864,0,1116.02880859375,716.1259155273438,25.125,0.0,-74.5587158203125,0.0,11
9865,0,1139.8775634765625,716.1256103515625,25.125,0.0,-91.4556884765625,0.0,11
9866,0,1153.8447265625,716.1259155273438,25.125,0.0,-74.5587158203125,0.0,11
9867,0,1165.9564208984375,716.1256103515625,25.125,0.0,-91.4556884765625,0.0,11
9868,0,1166.858642578125,716.1258544921875,25.125,0.0,-108.3526611328125,0.0,11
9869,0,1163.442626953125,716.1259155273438,25.125,0.0,-91.4556884765625,0.0,11
9870,0,1164.4329833984375,716.1259155273438,25.125,0.0,-74.5587158203125,0.0,11
9871,0,1172.26953125,716.1257934570312,25.125,0.0,-57.6617431640625,0.0,11
9872,0,1183.87451171875,716.125,25.125,0.0,-40.770263671875,0.0,11
9873,0,1183.8741455078125,716.125,25.125,0.0,-23.873291015625,0.0,11
9874,0,1183.8743896484375,716.125,25.125,0.0,-23.873291015625,0.0,11
9875,0,1183.8741455078125,716.125,25.125,0.0,-23.873291015625,0.0,11
9876,0,1183.8743896484375,716.125,25.125,0.0,-6.976318359375,0.0,11
9877,0,1183.8741455078125,716.5537109375,25.125,0.0,9.920654296875,0.0,11
9878,0,1183.8741455078125,720.7807006835938,25.125,0.0,26.817626953125,0.0,11
9879,0,1183.8743896484375,739.2161254882812,25.125,0.0,43.714599609375,0.0,11
9880,0,1183.87451171875,774.6929321289062,25.125,0.0,60.6060791015625,0.0,11
9881,0,1183.8748779296875,817.488037109375,25.125,0.0,77.5030517578125,0.0,11
9882,0,1185.188232421875,859.2297973632812,25.125,0.0,94.4000244140625,0.0,11
9883,0,1182.7220458984375,900.4618530273438,25.125,0.0,111.2969970703125,0.0,11
9884,0,1171.2589111328125,941.9490356445312,25.125,0.0,128.1939697265625,0.0,11
9885,0,1152.2808837890625,978.72802734375,25.125,0.0,128.1939697265625,0.0,11
9886,0,1129.36474609375,1013.6302490234375,25.125,0.0,128.1939697265625,0.0,11
9887,0,1105.42724609375,1046.5074462890625,25.125,0.0,128.1939697265625,0.0,11
9888,0,1080.763671875,1078.8133544921875,25.125,0.0,128.1939697265625,0.0,11
9889,0,1054.64990234375,1083.8741455078125,25.125,0.0,111.2969970703125,0.0,11
9890,0,1025.864990234375,1083.87451171875,25.125,0.0,128.1939697265625,0.0,11
9891,0,992.4205322265625,1083.8741455078125,25.125,0.0,111.2969970703125,0.0,11
9892,0,966.2817993164062,1098.3734130859375,25.125,0.0,94.4000244140625,0.0,11
9893,0,953.2092895507812,1139.851318359375,25.125,0.0,77.5030517578125,0.0,11
9894,0,954.4647827148438,1183.0220947265625,25.125,0.0,60.6060791015625,0.0,11
9895,0,969.01513671875,1224.5260009765625,25.125,0.0,43.714599609375,0.0,11
9896,0,994.609619140625,1258.9337158203125,25.125,0.0,26.817626953125,0.0,11
9897,0,1029.0660400390625,1284.4063720703125,25.125,0.0,9.920654296875,0.0,11
9898,0,1066.157470703125,1302.071533203125,25.125,0.0,26.817626953125,0.0,11
9899,0,1102.41455078125,1321.3773193359375,25.125,0.0,43.714599609375,0.0,11
9900,0,1137.325927734375,1344.2786865234375,25.125,0.0,26.817626953125,0.0,11
9901,0,1173.8624267578125,1363.565185546875,25.125,0.0,9.920654296875,0.0,11
9902,0,1183.8741455078125,1378.103515625,25.125,0.0,9.920654296875,0.0,11
9903,0,1183.8740234375,1387.278076171875,25.125,0.0,-6.976318359375,0.0,11
9904,0,1183.8741455078125,1384.5069580078125,25.125,0.0,-23.873291015625,0.0,11
9905,0,1183.8740234375,1375.0445556640625,25.125,0.0,-6.976318359375,0.0,11
9906,0,1183.8743896484375,1370.8814697265625,25.125,0.0,9.920654296875,0.0,11
9907,0,1183.8741455078125,1375.0576171875,25.125,0.0,26.817626953125,0.0,11
9908,0,1183.87451171875,1393.3560791015625,25.125,0.0,43.714599609375,0.0,11
9909,0,1183.87451171875,1429.6993408203125,25.125,0.0,60.6060791015625,0.0,11
9910,0,1183.874755859375,1474.712158203125,25.125,0.0,60.6060791015625,0.0,11
9911,0,1183.8748779296875,1518.6060791015625,25.125,0.0,77.5030517578125,0.0,11
9912,0,1186.9776611328125,1559.54443359375,25.125,0.0,77.5030517578125,0.0,11
9913,0,1191.350341796875,1601.056640625,25.125,0.0,94.4000244140625,0.0,11
9914,0,1193.8519287109375,1641.74072265625,25.125,0.0,77.5030517578125,0.0,11
9915,0,1197.4925537109375,1682.341552734375,25.125,0.0,94.4000244140625,0.0,11
9916,0,1199.9093017578125,1723.9959716796875,25.125,0.0,77.5030517578125,0.0,11
9917,0,1203.3486328125,1763.64306640625,25.125,0.0,94.4000244140625,0.0,11
9918,0,1205.64990234375,1805.3076171875,25.125,0.0,77.5030517578125,0.0,11
9919,0,1213.129638671875,1846.0906982421875,25.125,0.0,60.6060791015625,0.0,11
9920,0,1225.7008056640625,1885.9593505859375,25.125,0.0,77.5030517578125,0.0,11
9921,0,1234.7967529296875,1926.1806640625,25.125,0.0,94.4000244140625,0.0,11
9922,0,1235.69921875,1968.16748046875,25.125,0.0,111.2969970703125,0.0,11
9923,0,1230.3408203125,1983.8740234375,25.125,0.0,94.4000244140625,0.0,11
9924,0,1225.6396484375,1983.8743896484375,25.125,0.0,111.2969970703125,0.0,11
9925,0,1210.1595458984375,1983.874267578125,25.125,0.0,128.1939697265625,0.0,11
9926,0,1184.286376953125,1983.8743896484375,25.125,0.0,111.2969970703125,0.0,11
9927,0,1154.4720458984375,1983.874267578125,25.125,0.0,128.1939697265625,0.0,11
9928,0,1116.7012939453125,1983.87451171875,25.125,0.0,145.0909423828125,0.0,11
9929,0,1070.63818359375,1983.874267578125,25.125,0.0,128.1939697265625,0.0,11
9930,0,1024.5208740234375,1983.87451171875,25.125,0.0,145.0909423828125,0.0,11
9931,0,977.1873779296875,1983.8746337890625,25.125,0.0,145.0909423828125,0.0,11
9932,0,931.8080444335938,1983.8748779296875,25.125,0.0,161.982421875,0.0,11
9933,0,890.6705932617188,1983.875,25.125,0.0,178.87939453125,0.0,11
9934,0,849.0640258789062,1983.875,25.125,0.0,178.87939453125,0.0,11
9935,0,809.1476440429688,1982.353515625,25.125,0.0,-164.2236328125,0.0,11
9936,0,767.6658325195312,1977.813232421875,25.125,0.0,178.87939453125,0.0,11
9937,0,726.3226318359375,1977.764892578125,25.125,0.0,161.982421875,0.0,11
9938,0,683.9910278320312,1983.87451171875,25.125,0.0,145.0909423828125,0.0,11
9939,0,639.1866455078125,1983.874267578125,25.125,0.0,128.1939697265625,0.0,11
9940,0,597.8275146484375,1983.8743896484375,25.125,0.0,111.2969970703125,0.0,11
9941,0,567.1314086914062,1983.8740234375,25.125,0.0,94.4000244140625,0.0,11
9942,0,550.018310546875,1983.8743896484375,25.125,0.0,94.4000244140625,0.0,11
9943,0,536.2484741210938,1983.8741455078125,25.125,0.0,111.2969970703125,0.0,11
9944,0,517.5079956054688,1983.8741455078125,25.125,0.0,111.2969970703125,0.0,11
9945,0,498.5625305175781,1983.8740234375,25.125,0.0,94.4000244140625,0.0,11
9946,0,490.0594177246094,1983.8741455078125,25.125,0.0,77.5030517578125,0.0,11
9947,0,492.2567443847656,1983.8743896484375,25.125,0.0,77.5030517578125,0.0,11
9948,0,493.402099609375,1983.8740234375,25.125,0.0,94.4000244140625,0.0,11
9949,0,493.98480224609375,1983.8743896484375,25.125,0.0,77.5030517578125,0.0,11
9950,0,494.3740234375,1983.8740234375,25.125,0.0,94.4000244140625,0.0,11
9951,0,471.53753662109375,1982.2369384765625,25.125,0.0,94.4000244140625,0.0,11
9952,0,442.19720458984375,1983.8741455078125,25.125,0.0,111.2969970703125,0.0,11
9953,0,447.05950927734375,1983.8746337890625,25.125,0.0,111.2969970703125,0.0,11
9954,0,452.88726806640625,1983.8741455078125,25.125,0.0,111.2969970703125,0.0,11
9955,0,447.4012451171875,1983.8740234375,25.125,0.0,94.4000244140625,0.0,11
9956,0,442.4460754394531,1983.8743896484375,25.125,0.0,111.2969970703125,0.0,11
9957,0,650.0,850.0,25.125,0.0,71.861572265625,0.0,11
9958,0,659.5580444335938,869.6809692382812,25.125,0.0,54.964599609375,0.0,12
9959,0,683.3615112304688,904.2827758789062,25.125,0.0,38.067626953125,0.0,12
9960,0,713.01513671875,932.6038818359375,25.125,0.0,21.1761474609375,0.0,12
9961,0,751.0133056640625,953.6837768554688,25.125,0.0,4.2791748046875,0.0,12
9962,0,792.5912475585938,963.3722534179688,25.125,0.0,-12.6177978515625,0.0,12
9963,0,835.2659301757812,960.8497924804688,25.125,0.0,-29.5147705078125,0.0,12
9964,0,875.4444580078125,946.0789794921875,25.125,0.0,-46.4117431640625,0.0,12
9965,0,910.5674438476562,924.8192749023438,25.125,0.0,-29.5147705078125,0.0,12
9966,0,947.5983276367188,904.9006958007812,25.125,0.0,-12.6177978515625,0.0,12
9967,0,983.871337890625,892.2872314453125,25.125,0.0,4.2791748046875,0.0,12
9968,0,983.8741455078125,892.3133544921875,25.125,0.0,21.1761474609375,0.0,12
9969,0,983.874267578125,904.9940185546875,25.125,0.0,38.067626953125,0.0,12
9970,0,983.8744506835938,935.8419799804688,25.125,0.0,54.964599609375,0.0,12
9971,0,983.8748168945312,978.271240234375,25.125,0.0,71.861572265625,0.0,12
9972,0,983.8831176757812,1019.4210815429688,25.125,0.0,88.758544921875,0.0,12
9973,0,982.3690185546875,1060.309814453125,25.125,0.0,105.655517578125,0.0,12
9974,0,973.85302734375,1101.12646484375,25.125,0.0,122.5469970703125,0.0,12
9975,0,955.1889038085938,1140.1636962890625,25.125,0.0,139.4439697265625,0.0,12
9976,0,927.20361328125,1172.2259521484375,25.125,0.0,156.3409423828125,0.0,12
9977,0,890.3919067382812,1195.781982421875,25.125,0.0,173.2379150390625,0.0,12
9978,0,849.2688598632812,1207.493408203125,25.125,0.0,-169.8651123046875,0.0,12
9979,0,805.53125,1206.697509765625,25.125,0.0,-152.9681396484375,0.0,12
9980,0,764.8038940429688,1193.6077880859375,25.125,0.0,-136.07666015625,0.0,12
9981,0,729.554443359375,1169.35498046875,25.125,0.0,-119.1796875,0.0,12
9982,0,702.68994140625,1135.9771728515625,25.125,0.0,-102.28271484375,0.0,12
9983,0,686.6175537109375,1096.230224609375,25.125,0.0,-85.3857421875,0.0,12
9984,0,682.8839111328125,1052.5517578125,25.125,0.0,-68.48876953125,0.0,12
9985,0,691.7716674804688,1010.6339111328125,25.125,0.0,-51.591796875,0.0,12
9986,0,712.93896484375,972.2334594726562,25.125,0.0,-34.7003173828125,0.0,12
9987,0,743.6947631835938,942.4376220703125,25.125,0.0,-17.8033447265625,0.0,12
9988,0,780.5117797851562,921.02783203125,25.125,0.0,-17.8033447265625,0.0,12
9989,0,819.4249267578125,906.4769897460938,25.125,0.0,-0.9063720703125,0.0,12
9990,0,861.2598266601562,900.8831176757812,25.125,0.0,15.9906005859375,0.0,12
9991,0,903.5482177734375,904.3241577148438,25.125,0.0,15.9906005859375,0.0,12
9992,0,942.7042846679688,911.7257690429688,25.125,0.0,15.9906005859375,0.0,12
9993,0,983.7369995117188,919.6830444335938,25.125,0.0,-0.9063720703125,0.0,12
9994,0,983.8741455078125,919.734130859375,25.125,0.0,-17.8033447265625,0.0,12
9995,0,983.874267578125,909.6455078125,25.125,0.0,-34.7003173828125,0.0,12
9996,0,983.874267578125,885.175048828125,25.125,0.0,-34.7003173828125,0.0,12
9997,0,971.6795043945312,848.62890625,25.125,0.0,-34.7003173828125,0.0,12
9998,0,980.411865234375,809.8294067382812,25.125,0.0,-34.7003173828125,0.0,12
9999,0,985.9948120117188,775.84521484375,25.125,0.0,-17.8033447265625,0.0,12
10000,0,1015.361328125,748.2523803710938,25.125,0.0,-17.8033447265625,0.0,12
