base,seed,contrast,metric,value
C05,8,DIR_minus_MON_LEG,coverage_auc,-18.343328254889094
C05,8,DIR_minus_MON_LEG,dg_density,-0.00027626439144736586
C05,8,DIR_minus_MON_LEG,dg_silent_fraction,0.0
C05,8,DIR_minus_MON_LEG,dg_usage_entropy,0.006921824656034747
C05,8,DIR_minus_MON_LEG,recruitment_total,0.0
C05,8,DIR_minus_MON_LEG,repeat_assignments,0.0
C05,8,DIR_minus_MON_LEG,bad_source_assignments,0.0
C05,8,DIR_minus_MON_LEG,duplicate_assignments,0.0
C05,8,DIR_minus_MON_LEG,predictive_assignments,0.0
C05,8,DIR_minus_MON_LEG,attempt_coverage,-0.00441337955233298
C05,8,DIR_minus_MON_LEG,fully_tested_count,0.0
C05,8,DIR_minus_MON_LEG,zero_outdegree_count,0.6315789473684212
C05,8,DIR_minus_MON_LEG,untested_zero_outdegree_count,0.6315789473684212
C05,8,DIR_minus_MON_LEG,bad_source_count,0.0
C05,8,DIR_minus_MON_LEG,reliable_out_degree_mean,-0.03947368421052632
C05,8,DIR_minus_MON_LEG,predictive_event_count,-366.17763157894734
C05,8,DIR_minus_MON_LEG,predictive_context_groups,-132.44078947368422
C05,8,DIR_minus_MON_LEG,predictive_eligible_count,-4.401315789473684
C05,8,DIR_minus_MON_LEG,predictive_reliability_gap,-0.47495338261911746
C05,8,DIR_minus_MON_LEG,largest_scc,0.0
C05,8,DIR_minus_MON_LEG,reachable_pair_fraction,-0.0027412282529679175
C05,8,DIR_minus_MON_LEG,reciprocal_fraction,0.0
C05,8,DIR_minus_MON_LEG,top3_incoming_share,-0.7171052631578947
C05,8,DIR_minus_MON_LEG,target_hit_lift,-0.056954910880641085
C05,8,DIR_minus_MON_LEG,target_action_sensitivity,-6.967577409293206e-05
C05,8,DIR_minus_MON_LEG,target_value_span,-0.00037831168753511596
C05,8,DIR_minus_MON_LEG,decoder_parameter_count,0.0
C05,8,DIR_minus_MON_LEG,film_modulation_norm_mean,0.0
C05,8,DIR_minus_MON_LEG,film_modulation_norm_max,0.0
C05,8,DIR_minus_MON_LEG,behavior_replay_mismatch,0.0
C05,8,DIR_minus_MON_LEG,option_success_fraction,-0.013470902107656002
C05,99,DIR_minus_MON_LEG,coverage_auc,-5.8105556204837825
C05,99,DIR_minus_MON_LEG,dg_density,-0.004657343814247532
C05,99,DIR_minus_MON_LEG,dg_silent_fraction,0.0008223684210526315
C05,99,DIR_minus_MON_LEG,dg_usage_entropy,-0.022874783136342725
C05,99,DIR_minus_MON_LEG,recruitment_total,0.7631578947368421
C05,99,DIR_minus_MON_LEG,repeat_assignments,0.0
C05,99,DIR_minus_MON_LEG,bad_source_assignments,0.0
C05,99,DIR_minus_MON_LEG,duplicate_assignments,0.006578947368421052
C05,99,DIR_minus_MON_LEG,predictive_assignments,0.0
C05,99,DIR_minus_MON_LEG,attempt_coverage,0.01107455442022337
C05,99,DIR_minus_MON_LEG,fully_tested_count,0.0
C05,99,DIR_minus_MON_LEG,zero_outdegree_count,-4.263157894736841
C05,99,DIR_minus_MON_LEG,untested_zero_outdegree_count,-4.263157894736841
C05,99,DIR_minus_MON_LEG,bad_source_count,0.0
C05,99,DIR_minus_MON_LEG,reliable_out_degree_mean,0.35444078947368424
C05,99,DIR_minus_MON_LEG,predictive_event_count,-507.7894736842105
C05,99,DIR_minus_MON_LEG,predictive_context_groups,-179.6184210526316
C05,99,DIR_minus_MON_LEG,predictive_eligible_count,-10.223684210526315
C05,99,DIR_minus_MON_LEG,predictive_reliability_gap,-0.6167761159962729
C05,99,DIR_minus_MON_LEG,largest_scc,0.20394736842105265
C05,99,DIR_minus_MON_LEG,reachable_pair_fraction,0.02656250046933756
C05,99,DIR_minus_MON_LEG,reciprocal_fraction,0.054145782597755134
C05,99,DIR_minus_MON_LEG,top3_incoming_share,-0.06830059462472016
C05,99,DIR_minus_MON_LEG,target_hit_lift,6.526313466265014
C05,99,DIR_minus_MON_LEG,target_action_sensitivity,-0.01632567410247008
C05,99,DIR_minus_MON_LEG,target_value_span,-0.0008227826579777206
C05,99,DIR_minus_MON_LEG,decoder_parameter_count,0.0
C05,99,DIR_minus_MON_LEG,film_modulation_norm_mean,0.0
C05,99,DIR_minus_MON_LEG,film_modulation_norm_max,0.0
C05,99,DIR_minus_MON_LEG,behavior_replay_mismatch,0.0
C05,99,DIR_minus_MON_LEG,option_success_fraction,-0.12489053307370723
C05,123,DIR_minus_MON_LEG,coverage_auc,10.089312161568834
C05,123,DIR_minus_MON_LEG,dg_density,0.0011911894145764795
C05,123,DIR_minus_MON_LEG,dg_silent_fraction,0.0
C05,123,DIR_minus_MON_LEG,dg_usage_entropy,0.008644036556544998
C05,123,DIR_minus_MON_LEG,recruitment_total,0.0
C05,123,DIR_minus_MON_LEG,repeat_assignments,0.0
C05,123,DIR_minus_MON_LEG,bad_source_assignments,0.0
C05,123,DIR_minus_MON_LEG,duplicate_assignments,0.0
C05,123,DIR_minus_MON_LEG,predictive_assignments,0.0
C05,123,DIR_minus_MON_LEG,attempt_coverage,0.040789475860564334
C05,123,DIR_minus_MON_LEG,fully_tested_count,0.0
C05,123,DIR_minus_MON_LEG,zero_outdegree_count,0.8618421052631575
C05,123,DIR_minus_MON_LEG,untested_zero_outdegree_count,0.8618421052631575
C05,123,DIR_minus_MON_LEG,bad_source_count,0.0
C05,123,DIR_minus_MON_LEG,reliable_out_degree_mean,0.004111842105263164
C05,123,DIR_minus_MON_LEG,predictive_event_count,-415.6381578947368
C05,123,DIR_minus_MON_LEG,predictive_context_groups,-98.45394736842105
C05,123,DIR_minus_MON_LEG,predictive_eligible_count,-5.651315789473684
C05,123,DIR_minus_MON_LEG,predictive_reliability_gap,-0.7125780725557553
C05,123,DIR_minus_MON_LEG,largest_scc,-0.11184210526315796
C05,123,DIR_minus_MON_LEG,reachable_pair_fraction,-0.0034265350182785814
C05,123,DIR_minus_MON_LEG,reciprocal_fraction,-0.030440684996153176
C05,123,DIR_minus_MON_LEG,top3_incoming_share,0.04230727804334533
C05,123,DIR_minus_MON_LEG,target_hit_lift,-0.03475870780254664
C05,123,DIR_minus_MON_LEG,target_action_sensitivity,0.012200886463305275
C05,123,DIR_minus_MON_LEG,target_value_span,0.0032587409782296934
C05,123,DIR_minus_MON_LEG,decoder_parameter_count,0.0
C05,123,DIR_minus_MON_LEG,film_modulation_norm_mean,0.0
C05,123,DIR_minus_MON_LEG,film_modulation_norm_max,0.0
C05,123,DIR_minus_MON_LEG,behavior_replay_mismatch,0.0
C05,123,DIR_minus_MON_LEG,option_success_fraction,-0.030154707988626073
C13,8,DIR_minus_MON_LEG,coverage_auc,8.910111984121627
C13,8,DIR_minus_MON_LEG,dg_density,-0.0014167919493558116
C13,8,DIR_minus_MON_LEG,dg_silent_fraction,-0.016995614035087758
C13,8,DIR_minus_MON_LEG,dg_usage_entropy,0.04669831863097984
C13,8,DIR_minus_MON_LEG,recruitment_total,0.0
C13,8,DIR_minus_MON_LEG,repeat_assignments,0.0
C13,8,DIR_minus_MON_LEG,bad_source_assignments,0.0
C13,8,DIR_minus_MON_LEG,duplicate_assignments,0.0
C13,8,DIR_minus_MON_LEG,predictive_assignments,0.0
C13,8,DIR_minus_MON_LEG,attempt_coverage,-0.026023388954631077
C13,8,DIR_minus_MON_LEG,fully_tested_count,0.0
C13,8,DIR_minus_MON_LEG,zero_outdegree_count,-1.0
C13,8,DIR_minus_MON_LEG,untested_zero_outdegree_count,-1.0
C13,8,DIR_minus_MON_LEG,bad_source_count,0.0
C13,8,DIR_minus_MON_LEG,reliable_out_degree_mean,0.0625
C13,8,DIR_minus_MON_LEG,predictive_event_count,-5.192982456140351
C13,8,DIR_minus_MON_LEG,predictive_context_groups,-4.12280701754386
C13,8,DIR_minus_MON_LEG,predictive_eligible_count,-0.008771929824561403
C13,8,DIR_minus_MON_LEG,predictive_reliability_gap,-0.0021929824561403508
C13,8,DIR_minus_MON_LEG,largest_scc,0.0
C13,8,DIR_minus_MON_LEG,reachable_pair_fraction,0.004166666883975267
C13,8,DIR_minus_MON_LEG,reciprocal_fraction,0.0
C13,8,DIR_minus_MON_LEG,top3_incoming_share,1.0
C13,8,DIR_minus_MON_LEG,target_hit_lift,-0.08956858463454664
C13,8,DIR_minus_MON_LEG,target_action_sensitivity,0.015350395274397573
C13,8,DIR_minus_MON_LEG,target_value_span,0.0017166335489029036
C13,8,DIR_minus_MON_LEG,decoder_parameter_count,0.0
C13,8,DIR_minus_MON_LEG,film_modulation_norm_mean,0.0
C13,8,DIR_minus_MON_LEG,film_modulation_norm_max,0.0
C13,8,DIR_minus_MON_LEG,behavior_replay_mismatch,0.0
C13,8,DIR_minus_MON_LEG,option_success_fraction,-0.008098385027168612
C13,99,DIR_minus_MON_LEG,coverage_auc,25.597590399859516
C13,99,DIR_minus_MON_LEG,dg_density,-0.00384882876747533
C13,99,DIR_minus_MON_LEG,dg_silent_fraction,0.07935855263157893
C13,99,DIR_minus_MON_LEG,dg_usage_entropy,-0.04239324245013687
C13,99,DIR_minus_MON_LEG,recruitment_total,0.0
C13,99,DIR_minus_MON_LEG,repeat_assignments,0.0
C13,99,DIR_minus_MON_LEG,bad_source_assignments,0.0
C13,99,DIR_minus_MON_LEG,duplicate_assignments,0.0
C13,99,DIR_minus_MON_LEG,predictive_assignments,0.0
C13,99,DIR_minus_MON_LEG,attempt_coverage,0.07075109519064426
C13,99,DIR_minus_MON_LEG,fully_tested_count,0.0
C13,99,DIR_minus_MON_LEG,zero_outdegree_count,-0.21052631578947434
C13,99,DIR_minus_MON_LEG,untested_zero_outdegree_count,-0.21052631578947434
C13,99,DIR_minus_MON_LEG,bad_source_count,0.0
C13,99,DIR_minus_MON_LEG,reliable_out_degree_mean,0.013157894736842105
C13,99,DIR_minus_MON_LEG,predictive_event_count,-9.493421052631579
C13,99,DIR_minus_MON_LEG,predictive_context_groups,-7.717105263157895
C13,99,DIR_minus_MON_LEG,predictive_eligible_count,0.0
C13,99,DIR_minus_MON_LEG,predictive_reliability_gap,0.0
C13,99,DIR_minus_MON_LEG,largest_scc,0.0
C13,99,DIR_minus_MON_LEG,reachable_pair_fraction,0.0008497807460739032
C13,99,DIR_minus_MON_LEG,reciprocal_fraction,0.0
C13,99,DIR_minus_MON_LEG,top3_incoming_share,0.20394736842105263
C13,99,DIR_minus_MON_LEG,target_hit_lift,27.440790521275055
C13,99,DIR_minus_MON_LEG,target_action_sensitivity,-0.01926260752684596
C13,99,DIR_minus_MON_LEG,target_value_span,-0.010703231756212373
C13,99,DIR_minus_MON_LEG,decoder_parameter_count,0.0
C13,99,DIR_minus_MON_LEG,film_modulation_norm_mean,0.0
C13,99,DIR_minus_MON_LEG,film_modulation_norm_max,0.0
C13,99,DIR_minus_MON_LEG,behavior_replay_mismatch,0.0
C13,99,DIR_minus_MON_LEG,option_success_fraction,-0.01343679891311024
C13,123,DIR_minus_MON_LEG,coverage_auc,9.803916024637246
C13,123,DIR_minus_MON_LEG,dg_density,-0.006962625603926811
C13,123,DIR_minus_MON_LEG,dg_silent_fraction,0.14597039473684212
C13,123,DIR_minus_MON_LEG,dg_usage_entropy,-0.09310399937002278
C13,123,DIR_minus_MON_LEG,recruitment_total,0.0
C13,123,DIR_minus_MON_LEG,repeat_assignments,0.0
C13,123,DIR_minus_MON_LEG,bad_source_assignments,0.0
C13,123,DIR_minus_MON_LEG,duplicate_assignments,0.0
C13,123,DIR_minus_MON_LEG,predictive_assignments,0.0
C13,123,DIR_minus_MON_LEG,attempt_coverage,0.05915570161060284
C13,123,DIR_minus_MON_LEG,fully_tested_count,0.0
C13,123,DIR_minus_MON_LEG,zero_outdegree_count,-0.3881578947368425
C13,123,DIR_minus_MON_LEG,untested_zero_outdegree_count,-0.3881578947368425
C13,123,DIR_minus_MON_LEG,bad_source_count,0.0
C13,123,DIR_minus_MON_LEG,reliable_out_degree_mean,0.024259868421052634
C13,123,DIR_minus_MON_LEG,predictive_event_count,-6.809210526315789
C13,123,DIR_minus_MON_LEG,predictive_context_groups,-5.8355263157894735
C13,123,DIR_minus_MON_LEG,predictive_eligible_count,0.0
C13,123,DIR_minus_MON_LEG,predictive_reliability_gap,0.0
C13,123,DIR_minus_MON_LEG,largest_scc,0.0
C13,123,DIR_minus_MON_LEG,reachable_pair_fraction,0.001672149203889268
C13,123,DIR_minus_MON_LEG,reciprocal_fraction,0.0
C13,123,DIR_minus_MON_LEG,top3_incoming_share,0.375
C13,123,DIR_minus_MON_LEG,target_hit_lift,-9.100021093691652
C13,123,DIR_minus_MON_LEG,target_action_sensitivity,-0.009528329275781289
C13,123,DIR_minus_MON_LEG,target_value_span,-0.00814552248247262
C13,123,DIR_minus_MON_LEG,decoder_parameter_count,0.0
C13,123,DIR_minus_MON_LEG,film_modulation_norm_mean,0.0
C13,123,DIR_minus_MON_LEG,film_modulation_norm_max,0.0
C13,123,DIR_minus_MON_LEG,behavior_replay_mismatch,0.0
C13,123,DIR_minus_MON_LEG,option_success_fraction,-0.0044763510997750285
C15,8,DIR_minus_MON_LEG,coverage_auc,-19.660920046377875
C15,8,DIR_minus_MON_LEG,dg_density,0.00041399504009045907
C15,8,DIR_minus_MON_LEG,dg_silent_fraction,0.0
C15,8,DIR_minus_MON_LEG,dg_usage_entropy,-0.0007077020249868227
C15,8,DIR_minus_MON_LEG,recruitment_total,0.0
C15,8,DIR_minus_MON_LEG,repeat_assignments,0.0
C15,8,DIR_minus_MON_LEG,bad_source_assignments,0.0
C15,8,DIR_minus_MON_LEG,duplicate_assignments,0.0
C15,8,DIR_minus_MON_LEG,predictive_assignments,0.0
C15,8,DIR_minus_MON_LEG,attempt_coverage,-0.004057012106242874
C15,8,DIR_minus_MON_LEG,fully_tested_count,-2.3552631578947363
C15,8,DIR_minus_MON_LEG,zero_outdegree_count,0.0
C15,8,DIR_minus_MON_LEG,untested_zero_outdegree_count,0.0
C15,8,DIR_minus_MON_LEG,bad_source_count,0.0
C15,8,DIR_minus_MON_LEG,reliable_out_degree_mean,-2.235197368421052
C15,8,DIR_minus_MON_LEG,predictive_event_count,-14.532894736842104
C15,8,DIR_minus_MON_LEG,predictive_context_groups,-12.013157894736842
C15,8,DIR_minus_MON_LEG,predictive_eligible_count,-0.1513157894736842
C15,8,DIR_minus_MON_LEG,predictive_reliability_gap,-0.047707811194030864
C15,8,DIR_minus_MON_LEG,largest_scc,-2.3355263157894743
C15,8,DIR_minus_MON_LEG,reachable_pair_fraction,-0.13922698011523804
C15,8,DIR_minus_MON_LEG,reciprocal_fraction,-0.1331372086546923
C15,8,DIR_minus_MON_LEG,top3_incoming_share,0.07735601008722659
C15,8,DIR_minus_MON_LEG,target_hit_lift,0.048829188472346186
C15,8,DIR_minus_MON_LEG,target_action_sensitivity,0.0008431317929582871
C15,8,DIR_minus_MON_LEG,target_value_span,-0.003925655975380275
C15,8,DIR_minus_MON_LEG,decoder_parameter_count,0.0
C15,8,DIR_minus_MON_LEG,film_modulation_norm_mean,0.0
C15,8,DIR_minus_MON_LEG,film_modulation_norm_max,0.0
C15,8,DIR_minus_MON_LEG,behavior_replay_mismatch,0.0
C15,8,DIR_minus_MON_LEG,option_success_fraction,0.018673744077157023
C15,99,DIR_minus_MON_LEG,coverage_auc,11.104165251613985
C15,99,DIR_minus_MON_LEG,dg_density,0.0021271956594366773
C15,99,DIR_minus_MON_LEG,dg_silent_fraction,0.0
C15,99,DIR_minus_MON_LEG,dg_usage_entropy,-0.0021117380575129685
C15,99,DIR_minus_MON_LEG,recruitment_total,0.0
C15,99,DIR_minus_MON_LEG,repeat_assignments,0.0
C15,99,DIR_minus_MON_LEG,bad_source_assignments,0.0
C15,99,DIR_minus_MON_LEG,duplicate_assignments,0.0
C15,99,DIR_minus_MON_LEG,predictive_assignments,0.0
C15,99,DIR_minus_MON_LEG,attempt_coverage,-0.00455044484452205
C15,99,DIR_minus_MON_LEG,fully_tested_count,-1.07236842105263
C15,99,DIR_minus_MON_LEG,zero_outdegree_count,0.0
C15,99,DIR_minus_MON_LEG,untested_zero_outdegree_count,0.0
C15,99,DIR_minus_MON_LEG,bad_source_count,0.0
C15,99,DIR_minus_MON_LEG,reliable_out_degree_mean,1.0246710526315792
C15,99,DIR_minus_MON_LEG,predictive_event_count,-11.138157894736842
C15,99,DIR_minus_MON_LEG,predictive_context_groups,-9.263157894736842
C15,99,DIR_minus_MON_LEG,predictive_eligible_count,-0.06578947368421052
C15,99,DIR_minus_MON_LEG,predictive_reliability_gap,-0.026542208108462785
C15,99,DIR_minus_MON_LEG,largest_scc,1.4802631578947363
C15,99,DIR_minus_MON_LEG,reachable_pair_fraction,0.09150219394972448
C15,99,DIR_minus_MON_LEG,reciprocal_fraction,-0.059425116467632766
C15,99,DIR_minus_MON_LEG,top3_incoming_share,-0.015744634756916454
C15,99,DIR_minus_MON_LEG,target_hit_lift,-3.4401790480080403
C15,99,DIR_minus_MON_LEG,target_action_sensitivity,-0.0016924568399669
C15,99,DIR_minus_MON_LEG,target_value_span,0.0010719232220588668
C15,99,DIR_minus_MON_LEG,decoder_parameter_count,0.0
C15,99,DIR_minus_MON_LEG,film_modulation_norm_mean,0.0
C15,99,DIR_minus_MON_LEG,film_modulation_norm_max,0.0
C15,99,DIR_minus_MON_LEG,behavior_replay_mismatch,0.0
C15,99,DIR_minus_MON_LEG,option_success_fraction,0.016600045302000488
C15,123,DIR_minus_MON_LEG,coverage_auc,-0.7675134150649079
C15,123,DIR_minus_MON_LEG,dg_density,-0.0010669105931332239
C15,123,DIR_minus_MON_LEG,dg_silent_fraction,0.0
C15,123,DIR_minus_MON_LEG,dg_usage_entropy,0.0013885160810068742
C15,123,DIR_minus_MON_LEG,recruitment_total,0.0
C15,123,DIR_minus_MON_LEG,repeat_assignments,0.0
C15,123,DIR_minus_MON_LEG,bad_source_assignments,0.0
C15,123,DIR_minus_MON_LEG,duplicate_assignments,0.0
C15,123,DIR_minus_MON_LEG,predictive_assignments,0.0
C15,123,DIR_minus_MON_LEG,attempt_coverage,0.039391453721021374
C15,123,DIR_minus_MON_LEG,fully_tested_count,5.940789473684211
C15,123,DIR_minus_MON_LEG,zero_outdegree_count,-0.4671052631578948
C15,123,DIR_minus_MON_LEG,untested_zero_outdegree_count,-0.21052631578947373
C15,123,DIR_minus_MON_LEG,bad_source_count,-0.2565789473684211
C15,123,DIR_minus_MON_LEG,reliable_out_degree_mean,-0.8314144736842102
C15,123,DIR_minus_MON_LEG,predictive_event_count,-9.368421052631579
C15,123,DIR_minus_MON_LEG,predictive_context_groups,-6.973684210526316
C15,123,DIR_minus_MON_LEG,predictive_eligible_count,-0.05263157894736842
C15,123,DIR_minus_MON_LEG,predictive_reliability_gap,-0.012609649351552912
C15,123,DIR_minus_MON_LEG,largest_scc,-2.703947368421053
C15,123,DIR_minus_MON_LEG,reachable_pair_fraction,-0.09846491386231626
C15,123,DIR_minus_MON_LEG,reciprocal_fraction,-0.14401365331325094
C15,123,DIR_minus_MON_LEG,top3_incoming_share,0.1005616652730264
C15,123,DIR_minus_MON_LEG,target_hit_lift,12.336512553064447
C15,123,DIR_minus_MON_LEG,target_action_sensitivity,-0.002988261564735837
C15,123,DIR_minus_MON_LEG,target_value_span,0.004530199055328636
C15,123,DIR_minus_MON_LEG,decoder_parameter_count,0.0
C15,123,DIR_minus_MON_LEG,film_modulation_norm_mean,0.0
C15,123,DIR_minus_MON_LEG,film_modulation_norm_max,0.0
C15,123,DIR_minus_MON_LEG,behavior_replay_mismatch,0.0
C15,123,DIR_minus_MON_LEG,option_success_fraction,-0.00035928502237719817
C05,8,DIR_minus_MON_FILM,coverage_auc,2.2164097600365444
C05,8,DIR_minus_MON_FILM,dg_density,0.007902245772512338
C05,8,DIR_minus_MON_FILM,dg_silent_fraction,0.0
C05,8,DIR_minus_MON_FILM,dg_usage_entropy,0.022761640972212782
C05,8,DIR_minus_MON_FILM,recruitment_total,0.0
C05,8,DIR_minus_MON_FILM,repeat_assignments,0.0
C05,8,DIR_minus_MON_FILM,bad_source_assignments,0.0
C05,8,DIR_minus_MON_FILM,duplicate_assignments,0.0
C05,8,DIR_minus_MON_FILM,predictive_assignments,0.0
C05,8,DIR_minus_MON_FILM,attempt_coverage,0.03665021650101011
C05,8,DIR_minus_MON_FILM,fully_tested_count,0.0
C05,8,DIR_minus_MON_FILM,zero_outdegree_count,-0.3092105263157894
C05,8,DIR_minus_MON_FILM,untested_zero_outdegree_count,-0.3092105263157894
C05,8,DIR_minus_MON_FILM,bad_source_count,0.0
C05,8,DIR_minus_MON_FILM,reliable_out_degree_mean,0.09210526315789472
C05,8,DIR_minus_MON_FILM,predictive_event_count,-291.29605263157896
C05,8,DIR_minus_MON_FILM,predictive_context_groups,-79.6907894736842
C05,8,DIR_minus_MON_FILM,predictive_eligible_count,-2.3421052631578947
C05,8,DIR_minus_MON_FILM,predictive_reliability_gap,-0.5529242603990593
C05,8,DIR_minus_MON_FILM,largest_scc,-0.18421052631578938
C05,8,DIR_minus_MON_FILM,reachable_pair_fraction,0.004221491043848034
C05,8,DIR_minus_MON_FILM,reciprocal_fraction,-0.08750000027449507
C05,8,DIR_minus_MON_FILM,top3_incoming_share,-0.002577610706028244
C05,8,DIR_minus_MON_FILM,target_hit_lift,-0.47200812595455277
C05,8,DIR_minus_MON_FILM,target_action_sensitivity,-0.006470644858812817
C05,8,DIR_minus_MON_FILM,target_value_span,0.008312168304416303
C05,8,DIR_minus_MON_FILM,decoder_parameter_count,0.0
C05,8,DIR_minus_MON_FILM,film_modulation_norm_mean,-0.00432323615409827
C05,8,DIR_minus_MON_FILM,film_modulation_norm_max,0.32142645277475057
C05,8,DIR_minus_MON_FILM,behavior_replay_mismatch,0.0
C05,8,DIR_minus_MON_FILM,option_success_fraction,0.04348159110859823
C05,99,DIR_minus_MON_FILM,coverage_auc,1.6912398132229711
C05,99,DIR_minus_MON_FILM,dg_density,0.003890589663856907
C05,99,DIR_minus_MON_FILM,dg_silent_fraction,0.0
C05,99,DIR_minus_MON_FILM,dg_usage_entropy,-0.0015528970643093887
C05,99,DIR_minus_MON_FILM,recruitment_total,0.0
C05,99,DIR_minus_MON_FILM,repeat_assignments,0.0
C05,99,DIR_minus_MON_FILM,bad_source_assignments,0.0
C05,99,DIR_minus_MON_FILM,duplicate_assignments,0.0
C05,99,DIR_minus_MON_FILM,predictive_assignments,0.0
C05,99,DIR_minus_MON_FILM,attempt_coverage,-0.0036732445618039844
C05,99,DIR_minus_MON_FILM,fully_tested_count,0.0
C05,99,DIR_minus_MON_FILM,zero_outdegree_count,4.605263157894736
C05,99,DIR_minus_MON_FILM,untested_zero_outdegree_count,4.605263157894736
C05,99,DIR_minus_MON_FILM,bad_source_count,0.0
C05,99,DIR_minus_MON_FILM,reliable_out_degree_mean,-0.3898026315789474
C05,99,DIR_minus_MON_FILM,predictive_event_count,-324.6513157894737
C05,99,DIR_minus_MON_FILM,predictive_context_groups,-74.1907894736842
C05,99,DIR_minus_MON_FILM,predictive_eligible_count,-3.3289473684210527
C05,99,DIR_minus_MON_FILM,predictive_reliability_gap,-0.7284216561207646
C05,99,DIR_minus_MON_FILM,largest_scc,-1.0
C05,99,DIR_minus_MON_FILM,reachable_pair_fraction,-0.03629386010824849
C05,99,DIR_minus_MON_FILM,reciprocal_fraction,-0.20206442259644208
C05,99,DIR_minus_MON_FILM,top3_incoming_share,0.051085132125176846
C05,99,DIR_minus_MON_FILM,target_hit_lift,-0.18495937868168488
C05,99,DIR_minus_MON_FILM,target_action_sensitivity,-0.03919389384406569
C05,99,DIR_minus_MON_FILM,target_value_span,-0.017457897272451145
C05,99,DIR_minus_MON_FILM,decoder_parameter_count,0.0
C05,99,DIR_minus_MON_FILM,film_modulation_norm_mean,-0.16847819236940462
C05,99,DIR_minus_MON_FILM,film_modulation_norm_max,-0.5536104699498728
C05,99,DIR_minus_MON_FILM,behavior_replay_mismatch,0.0
C05,99,DIR_minus_MON_FILM,option_success_fraction,-0.10234987147544558
C05,123,DIR_minus_MON_FILM,coverage_auc,18.301820399150472
C05,123,DIR_minus_MON_FILM,dg_density,-0.000811526649876642
C05,123,DIR_minus_MON_FILM,dg_silent_fraction,0.0
C05,123,DIR_minus_MON_FILM,dg_usage_entropy,-0.003380048431848248
C05,123,DIR_minus_MON_FILM,recruitment_total,0.0
C05,123,DIR_minus_MON_FILM,repeat_assignments,0.0
C05,123,DIR_minus_MON_FILM,bad_source_assignments,0.0
C05,123,DIR_minus_MON_FILM,duplicate_assignments,0.0
C05,123,DIR_minus_MON_FILM,predictive_assignments,0.0
C05,123,DIR_minus_MON_FILM,attempt_coverage,0.03212719910631054
C05,123,DIR_minus_MON_FILM,fully_tested_count,0.0
C05,123,DIR_minus_MON_FILM,zero_outdegree_count,0.22368421052631682
C05,123,DIR_minus_MON_FILM,untested_zero_outdegree_count,0.22368421052631682
C05,123,DIR_minus_MON_FILM,bad_source_count,0.0
C05,123,DIR_minus_MON_FILM,reliable_out_degree_mean,0.035361842105263164
C05,123,DIR_minus_MON_FILM,predictive_event_count,-316.88157894736844
C05,123,DIR_minus_MON_FILM,predictive_context_groups,-109.32894736842105
C05,123,DIR_minus_MON_FILM,predictive_eligible_count,-3.4934210526315788
C05,123,DIR_minus_MON_FILM,predictive_reliability_gap,-0.5978349758018005
C05,123,DIR_minus_MON_FILM,largest_scc,0.23026315789473695
C05,123,DIR_minus_MON_FILM,reachable_pair_fraction,0.0020010964148432786
C05,123,DIR_minus_MON_FILM,reciprocal_fraction,0.10526315848294057
C05,123,DIR_minus_MON_FILM,top3_incoming_share,-7.842716476247347e-10
C05,123,DIR_minus_MON_FILM,target_hit_lift,0.22024873055909822
C05,123,DIR_minus_MON_FILM,target_action_sensitivity,-0.017399646674197067
C05,123,DIR_minus_MON_FILM,target_value_span,-0.00918067296075414
C05,123,DIR_minus_MON_FILM,decoder_parameter_count,0.0
C05,123,DIR_minus_MON_FILM,film_modulation_norm_mean,-0.004815441703325846
C05,123,DIR_minus_MON_FILM,film_modulation_norm_max,-0.47025239977397404
C05,123,DIR_minus_MON_FILM,behavior_replay_mismatch,0.0
C05,123,DIR_minus_MON_FILM,option_success_fraction,-0.022428893441285375
C13,8,DIR_minus_MON_FILM,coverage_auc,19.85264230185082
C13,8,DIR_minus_MON_FILM,dg_density,-0.004714765046772203
C13,8,DIR_minus_MON_FILM,dg_silent_fraction,0.012335526315789436
C13,8,DIR_minus_MON_FILM,dg_usage_entropy,-0.009124456659743707
C13,8,DIR_minus_MON_FILM,recruitment_total,0.0
C13,8,DIR_minus_MON_FILM,repeat_assignments,0.0
C13,8,DIR_minus_MON_FILM,bad_source_assignments,0.0
C13,8,DIR_minus_MON_FILM,duplicate_assignments,0.0
C13,8,DIR_minus_MON_FILM,predictive_assignments,0.0
C13,8,DIR_minus_MON_FILM,attempt_coverage,-0.1375274139603502
C13,8,DIR_minus_MON_FILM,fully_tested_count,0.0
C13,8,DIR_minus_MON_FILM,zero_outdegree_count,0.16447368421052566
C13,8,DIR_minus_MON_FILM,untested_zero_outdegree_count,0.16447368421052566
C13,8,DIR_minus_MON_FILM,bad_source_count,0.0
C13,8,DIR_minus_MON_FILM,reliable_out_degree_mean,-0.010279605263157895
C13,8,DIR_minus_MON_FILM,predictive_event_count,-5.598684210526316
C13,8,DIR_minus_MON_FILM,predictive_context_groups,-4.677631578947368
C13,8,DIR_minus_MON_FILM,predictive_eligible_count,-0.006578947368421052
C13,8,DIR_minus_MON_FILM,predictive_reliability_gap,-0.001644736842105263
C13,8,DIR_minus_MON_FILM,largest_scc,0.0
C13,8,DIR_minus_MON_FILM,reachable_pair_fraction,-0.0006853070532854058
C13,8,DIR_minus_MON_FILM,reciprocal_fraction,0.0
C13,8,DIR_minus_MON_FILM,top3_incoming_share,-0.1513157894736842
C13,8,DIR_minus_MON_FILM,target_hit_lift,25.142904107507906
C13,8,DIR_minus_MON_FILM,target_action_sensitivity,-0.011789966242902569
C13,8,DIR_minus_MON_FILM,target_value_span,-0.00033870454583513274
C13,8,DIR_minus_MON_FILM,decoder_parameter_count,0.0
C13,8,DIR_minus_MON_FILM,film_modulation_norm_mean,0.06303029095655993
C13,8,DIR_minus_MON_FILM,film_modulation_norm_max,0.6929652800685482
C13,8,DIR_minus_MON_FILM,behavior_replay_mismatch,0.0
C13,8,DIR_minus_MON_FILM,option_success_fraction,-0.015170264229374498
C13,99,DIR_minus_MON_FILM,coverage_auc,-8.744119977814478
C13,99,DIR_minus_MON_FILM,dg_density,0.00027967754163240113
C13,99,DIR_minus_MON_FILM,dg_silent_fraction,-0.08264802631578949
C13,99,DIR_minus_MON_FILM,dg_usage_entropy,0.08113720111156764
C13,99,DIR_minus_MON_FILM,recruitment_total,0.0
C13,99,DIR_minus_MON_FILM,repeat_assignments,0.0
C13,99,DIR_minus_MON_FILM,bad_source_assignments,0.0
C13,99,DIR_minus_MON_FILM,duplicate_assignments,0.0
C13,99,DIR_minus_MON_FILM,predictive_assignments,0.0
C13,99,DIR_minus_MON_FILM,attempt_coverage,-0.008607456999781882
C13,99,DIR_minus_MON_FILM,fully_tested_count,0.0
C13,99,DIR_minus_MON_FILM,zero_outdegree_count,0.07236842105263186
C13,99,DIR_minus_MON_FILM,untested_zero_outdegree_count,0.07236842105263186
C13,99,DIR_minus_MON_FILM,bad_source_count,0.0
C13,99,DIR_minus_MON_FILM,reliable_out_degree_mean,-0.004523026315789474
C13,99,DIR_minus_MON_FILM,predictive_event_count,-4.592105263157895
C13,99,DIR_minus_MON_FILM,predictive_context_groups,-3.8421052631578947
C13,99,DIR_minus_MON_FILM,predictive_eligible_count,0.0
C13,99,DIR_minus_MON_FILM,predictive_reliability_gap,0.0
C13,99,DIR_minus_MON_FILM,largest_scc,0.0
C13,99,DIR_minus_MON_FILM,reachable_pair_fraction,-0.00032894738557699476
C13,99,DIR_minus_MON_FILM,reciprocal_fraction,0.0
C13,99,DIR_minus_MON_FILM,top3_incoming_share,-0.07894736842105263
C13,99,DIR_minus_MON_FILM,target_hit_lift,44.689977190212204
C13,99,DIR_minus_MON_FILM,target_action_sensitivity,0.01399665491925062
C13,99,DIR_minus_MON_FILM,target_value_span,0.009263674661174027
C13,99,DIR_minus_MON_FILM,decoder_parameter_count,0.0
C13,99,DIR_minus_MON_FILM,film_modulation_norm_mean,0.06385939038897814
C13,99,DIR_minus_MON_FILM,film_modulation_norm_max,0.2980327174851769
C13,99,DIR_minus_MON_FILM,behavior_replay_mismatch,0.0
C13,99,DIR_minus_MON_FILM,option_success_fraction,0.008039998282727442
C13,123,DIR_minus_MON_FILM,coverage_auc,-2.570184121758899
C13,123,DIR_minus_MON_FILM,dg_density,0.002595801102487666
C13,123,DIR_minus_MON_FILM,dg_silent_fraction,0.0238486842105263
C13,123,DIR_minus_MON_FILM,dg_usage_entropy,0.037561618968060095
C13,123,DIR_minus_MON_FILM,recruitment_total,0.0
C13,123,DIR_minus_MON_FILM,repeat_assignments,0.0
C13,123,DIR_minus_MON_FILM,bad_source_assignments,0.0
C13,123,DIR_minus_MON_FILM,duplicate_assignments,0.0
C13,123,DIR_minus_MON_FILM,predictive_assignments,0.0
C13,123,DIR_minus_MON_FILM,attempt_coverage,-0.04185855114146281
C13,123,DIR_minus_MON_FILM,fully_tested_count,0.0
C13,123,DIR_minus_MON_FILM,zero_outdegree_count,0.0
C13,123,DIR_minus_MON_FILM,untested_zero_outdegree_count,0.0
C13,123,DIR_minus_MON_FILM,bad_source_count,0.0
C13,123,DIR_minus_MON_FILM,reliable_out_degree_mean,0.0
C13,123,DIR_minus_MON_FILM,predictive_event_count,-9.019736842105264
C13,123,DIR_minus_MON_FILM,predictive_context_groups,-6.796052631578948
C13,123,DIR_minus_MON_FILM,predictive_eligible_count,-0.15789473684210525
C13,123,DIR_minus_MON_FILM,predictive_reliability_gap,-0.04287280735412711
C13,123,DIR_minus_MON_FILM,largest_scc,0.0
C13,123,DIR_minus_MON_FILM,reachable_pair_fraction,0.0
C13,123,DIR_minus_MON_FILM,reciprocal_fraction,0.0
C13,123,DIR_minus_MON_FILM,top3_incoming_share,0.0
C13,123,DIR_minus_MON_FILM,target_hit_lift,18.880080274845422
C13,123,DIR_minus_MON_FILM,target_action_sensitivity,0.006672165322877269
C13,123,DIR_minus_MON_FILM,target_value_span,0.002723801335761028
C13,123,DIR_minus_MON_FILM,decoder_parameter_count,0.0
C13,123,DIR_minus_MON_FILM,film_modulation_norm_mean,0.019316372510634006
C13,123,DIR_minus_MON_FILM,film_modulation_norm_max,0.05078520272907472
C13,123,DIR_minus_MON_FILM,behavior_replay_mismatch,0.0
C13,123,DIR_minus_MON_FILM,option_success_fraction,-0.10190933435469081
C15,8,DIR_minus_MON_FILM,coverage_auc,7.954559038283968
C15,8,DIR_minus_MON_FILM,dg_density,0.00019113641036183973
C15,8,DIR_minus_MON_FILM,dg_silent_fraction,0.0
C15,8,DIR_minus_MON_FILM,dg_usage_entropy,7.275491952896118e-05
C15,8,DIR_minus_MON_FILM,recruitment_total,0.0
C15,8,DIR_minus_MON_FILM,repeat_assignments,0.0
C15,8,DIR_minus_MON_FILM,bad_source_assignments,0.0
C15,8,DIR_minus_MON_FILM,duplicate_assignments,0.0
C15,8,DIR_minus_MON_FILM,predictive_assignments,0.0
C15,8,DIR_minus_MON_FILM,attempt_coverage,0.026178727808751634
C15,8,DIR_minus_MON_FILM,fully_tested_count,4.55263157894737
C15,8,DIR_minus_MON_FILM,zero_outdegree_count,0.0
C15,8,DIR_minus_MON_FILM,untested_zero_outdegree_count,0.0
C15,8,DIR_minus_MON_FILM,bad_source_count,0.0
C15,8,DIR_minus_MON_FILM,reliable_out_degree_mean,-0.18626644736842035
C15,8,DIR_minus_MON_FILM,predictive_event_count,-16.361842105263158
C15,8,DIR_minus_MON_FILM,predictive_context_groups,-13.30921052631579
C15,8,DIR_minus_MON_FILM,predictive_eligible_count,-0.21052631578947367
C15,8,DIR_minus_MON_FILM,predictive_reliability_gap,-0.055529448399810416
C15,8,DIR_minus_MON_FILM,largest_scc,0.41447368421052744
C15,8,DIR_minus_MON_FILM,reachable_pair_fraction,0.02478070282622391
C15,8,DIR_minus_MON_FILM,reciprocal_fraction,-0.022592149772926395
C15,8,DIR_minus_MON_FILM,top3_incoming_share,-0.06955018345462649
C15,8,DIR_minus_MON_FILM,target_hit_lift,-6.162591063662579
C15,8,DIR_minus_MON_FILM,target_action_sensitivity,0.0008894792071690687
C15,8,DIR_minus_MON_FILM,target_value_span,-0.0010647367131528668
C15,8,DIR_minus_MON_FILM,decoder_parameter_count,0.0
C15,8,DIR_minus_MON_FILM,film_modulation_norm_mean,-0.01651335507631302
C15,8,DIR_minus_MON_FILM,film_modulation_norm_max,-0.11666229602537648
C15,8,DIR_minus_MON_FILM,behavior_replay_mismatch,0.0
C15,8,DIR_minus_MON_FILM,option_success_fraction,0.008371891895014971
C15,99,DIR_minus_MON_FILM,coverage_auc,-12.004330638374064
C15,99,DIR_minus_MON_FILM,dg_density,-0.001558404219777959
C15,99,DIR_minus_MON_FILM,dg_silent_fraction,0.0
C15,99,DIR_minus_MON_FILM,dg_usage_entropy,0.0007335418149043704
C15,99,DIR_minus_MON_FILM,recruitment_total,0.0
C15,99,DIR_minus_MON_FILM,repeat_assignments,0.0
C15,99,DIR_minus_MON_FILM,bad_source_assignments,0.0
C15,99,DIR_minus_MON_FILM,duplicate_assignments,0.0
C15,99,DIR_minus_MON_FILM,predictive_assignments,0.0
C15,99,DIR_minus_MON_FILM,attempt_coverage,0.009703940466830652
C15,99,DIR_minus_MON_FILM,fully_tested_count,2.125
C15,99,DIR_minus_MON_FILM,zero_outdegree_count,0.0
C15,99,DIR_minus_MON_FILM,untested_zero_outdegree_count,0.0
C15,99,DIR_minus_MON_FILM,bad_source_count,0.0
C15,99,DIR_minus_MON_FILM,reliable_out_degree_mean,0.21299342105263097
C15,99,DIR_minus_MON_FILM,predictive_event_count,-16.18421052631579
C15,99,DIR_minus_MON_FILM,predictive_context_groups,-12.769736842105264
C15,99,DIR_minus_MON_FILM,predictive_eligible_count,-0.2236842105263158
C15,99,DIR_minus_MON_FILM,predictive_reliability_gap,-0.050383772308889185
C15,99,DIR_minus_MON_FILM,largest_scc,-0.4013157894736832
C15,99,DIR_minus_MON_FILM,reachable_pair_fraction,-0.025274122624020734
C15,99,DIR_minus_MON_FILM,reciprocal_fraction,0.030198092425340106
C15,99,DIR_minus_MON_FILM,top3_incoming_share,-0.013596491790131449
C15,99,DIR_minus_MON_FILM,target_hit_lift,-0.018647753682575763
C15,99,DIR_minus_MON_FILM,target_action_sensitivity,-0.0023011914316540295
C15,99,DIR_minus_MON_FILM,target_value_span,0.0013497418032401565
C15,99,DIR_minus_MON_FILM,decoder_parameter_count,0.0
C15,99,DIR_minus_MON_FILM,film_modulation_norm_mean,0.04877913664830358
C15,99,DIR_minus_MON_FILM,film_modulation_norm_max,-0.04199601396134023
C15,99,DIR_minus_MON_FILM,behavior_replay_mismatch,0.0
C15,99,DIR_minus_MON_FILM,option_success_fraction,-0.026687482960130016
C15,123,DIR_minus_MON_FILM,coverage_auc,-1.853713557151437
C15,123,DIR_minus_MON_FILM,dg_density,0.00047221936677631707
C15,123,DIR_minus_MON_FILM,dg_silent_fraction,0.0
C15,123,DIR_minus_MON_FILM,dg_usage_entropy,-0.0008841149116817215
C15,123,DIR_minus_MON_FILM,recruitment_total,0.0
C15,123,DIR_minus_MON_FILM,repeat_assignments,0.0
C15,123,DIR_minus_MON_FILM,bad_source_assignments,0.0
C15,123,DIR_minus_MON_FILM,duplicate_assignments,0.0
C15,123,DIR_minus_MON_FILM,predictive_assignments,0.0
C15,123,DIR_minus_MON_FILM,attempt_coverage,-0.01496709961640208
C15,123,DIR_minus_MON_FILM,fully_tested_count,-2.8684210526315788
C15,123,DIR_minus_MON_FILM,zero_outdegree_count,0.0
C15,123,DIR_minus_MON_FILM,untested_zero_outdegree_count,0.0
C15,123,DIR_minus_MON_FILM,bad_source_count,0.0
C15,123,DIR_minus_MON_FILM,reliable_out_degree_mean,-0.05962171052631593
C15,123,DIR_minus_MON_FILM,predictive_event_count,-15.519736842105264
C15,123,DIR_minus_MON_FILM,predictive_context_groups,-12.56578947368421
C15,123,DIR_minus_MON_FILM,predictive_eligible_count,-0.15789473684210525
C15,123,DIR_minus_MON_FILM,predictive_reliability_gap,-0.044658521729472433
C15,123,DIR_minus_MON_FILM,largest_scc,0.3289473684210531
C15,123,DIR_minus_MON_FILM,reachable_pair_fraction,0.02055921052631582
C15,123,DIR_minus_MON_FILM,reciprocal_fraction,0.013726012291092604
C15,123,DIR_minus_MON_FILM,top3_incoming_share,0.03612958110476794
C15,123,DIR_minus_MON_FILM,target_hit_lift,-0.08132626782906682
C15,123,DIR_minus_MON_FILM,target_action_sensitivity,-0.0045776627724224365
C15,123,DIR_minus_MON_FILM,target_value_span,-0.0040577610902561775
C15,123,DIR_minus_MON_FILM,decoder_parameter_count,0.0
C15,123,DIR_minus_MON_FILM,film_modulation_norm_mean,0.018035660056691438
C15,123,DIR_minus_MON_FILM,film_modulation_norm_max,0.02716755631722889
C15,123,DIR_minus_MON_FILM,behavior_replay_mismatch,0.0
C15,123,DIR_minus_MON_FILM,option_success_fraction,-0.007677667112530845
C05,8,PRED_minus_MON_LEG,coverage_auc,-23.04168933336838
C05,8,PRED_minus_MON_LEG,dg_density,-0.002781717400801808
C05,8,PRED_minus_MON_LEG,dg_silent_fraction,0.0
C05,8,PRED_minus_MON_LEG,dg_usage_entropy,0.005859910657531331
C05,8,PRED_minus_MON_LEG,recruitment_total,0.0
C05,8,PRED_minus_MON_LEG,repeat_assignments,0.0
C05,8,PRED_minus_MON_LEG,bad_source_assignments,0.0
C05,8,PRED_minus_MON_LEG,duplicate_assignments,0.0
C05,8,PRED_minus_MON_LEG,predictive_assignments,0.0
C05,8,PRED_minus_MON_LEG,attempt_coverage,-0.005619517772605553
C05,8,PRED_minus_MON_LEG,fully_tested_count,0.0
C05,8,PRED_minus_MON_LEG,zero_outdegree_count,-2.4605263157894743
C05,8,PRED_minus_MON_LEG,untested_zero_outdegree_count,-2.4605263157894743
C05,8,PRED_minus_MON_LEG,bad_source_count,0.0
C05,8,PRED_minus_MON_LEG,reliable_out_degree_mean,0.1990131578947368
C05,8,PRED_minus_MON_LEG,predictive_event_count,97.80921052631584
C05,8,PRED_minus_MON_LEG,predictive_context_groups,1.3421052631578902
C05,8,PRED_minus_MON_LEG,predictive_eligible_count,3.921052631578948
C05,8,PRED_minus_MON_LEG,predictive_reliability_gap,0.2942266521093092
C05,8,PRED_minus_MON_LEG,largest_scc,0.0
C05,8,PRED_minus_MON_LEG,reachable_pair_fraction,0.013322368919800378
C05,8,PRED_minus_MON_LEG,reciprocal_fraction,0.0
C05,8,PRED_minus_MON_LEG,top3_incoming_share,0.18408534087632833
C05,8,PRED_minus_MON_LEG,target_hit_lift,-0.019258307783227346
C05,8,PRED_minus_MON_LEG,target_action_sensitivity,0.009393281021498537
C05,8,PRED_minus_MON_LEG,target_value_span,0.0017778723022753473
C05,8,PRED_minus_MON_LEG,decoder_parameter_count,0.0
C05,8,PRED_minus_MON_LEG,film_modulation_norm_mean,0.0
C05,8,PRED_minus_MON_LEG,film_modulation_norm_max,0.0
C05,8,PRED_minus_MON_LEG,behavior_replay_mismatch,0.0
C05,8,PRED_minus_MON_LEG,option_success_fraction,0.19347668198966667
C05,99,PRED_minus_MON_LEG,coverage_auc,57.07207499891848
C05,99,PRED_minus_MON_LEG,dg_density,0.0019107617829975318
C05,99,PRED_minus_MON_LEG,dg_silent_fraction,0.0
C05,99,PRED_minus_MON_LEG,dg_usage_entropy,0.01731475717143005
C05,99,PRED_minus_MON_LEG,recruitment_total,1.0
C05,99,PRED_minus_MON_LEG,repeat_assignments,0.0
C05,99,PRED_minus_MON_LEG,bad_source_assignments,0.0
C05,99,PRED_minus_MON_LEG,duplicate_assignments,0.0
C05,99,PRED_minus_MON_LEG,predictive_assignments,0.0
C05,99,PRED_minus_MON_LEG,attempt_coverage,-0.04813596439596854
C05,99,PRED_minus_MON_LEG,fully_tested_count,0.0
C05,99,PRED_minus_MON_LEG,zero_outdegree_count,1.6184210526315805
C05,99,PRED_minus_MON_LEG,untested_zero_outdegree_count,1.6184210526315805
C05,99,PRED_minus_MON_LEG,bad_source_count,0.0
C05,99,PRED_minus_MON_LEG,reliable_out_degree_mean,-0.1069078947368421
C05,99,PRED_minus_MON_LEG,predictive_event_count,-198.7763157894737
C05,99,PRED_minus_MON_LEG,predictive_context_groups,-18.90789473684211
C05,99,PRED_minus_MON_LEG,predictive_eligible_count,-3.421052631578947
C05,99,PRED_minus_MON_LEG,predictive_reliability_gap,-0.11552393161936803
C05,99,PRED_minus_MON_LEG,largest_scc,0.0
C05,99,PRED_minus_MON_LEG,reachable_pair_fraction,-0.007209430108655636
C05,99,PRED_minus_MON_LEG,reciprocal_fraction,0.0
C05,99,PRED_minus_MON_LEG,top3_incoming_share,-0.9671052631578947
C05,99,PRED_minus_MON_LEG,target_hit_lift,-0.13390696440872385
C05,99,PRED_minus_MON_LEG,target_action_sensitivity,-0.01877836363488122
C05,99,PRED_minus_MON_LEG,target_value_span,-0.0002605599683623665
C05,99,PRED_minus_MON_LEG,decoder_parameter_count,0.0
C05,99,PRED_minus_MON_LEG,film_modulation_norm_mean,0.0
C05,99,PRED_minus_MON_LEG,film_modulation_norm_max,0.0
C05,99,PRED_minus_MON_LEG,behavior_replay_mismatch,0.0
C05,99,PRED_minus_MON_LEG,option_success_fraction,-0.1807929901651254
C05,123,PRED_minus_MON_LEG,coverage_auc,4.595771898202081
C05,123,PRED_minus_MON_LEG,dg_density,0.0037102950246710523
C05,123,PRED_minus_MON_LEG,dg_silent_fraction,0.0
C05,123,PRED_minus_MON_LEG,dg_usage_entropy,0.01770436999044922
C05,123,PRED_minus_MON_LEG,recruitment_total,0.0
C05,123,PRED_minus_MON_LEG,repeat_assignments,0.0
C05,123,PRED_minus_MON_LEG,bad_source_assignments,0.0
C05,123,PRED_minus_MON_LEG,duplicate_assignments,0.0
C05,123,PRED_minus_MON_LEG,predictive_assignments,0.0
C05,123,PRED_minus_MON_LEG,attempt_coverage,0.0451754400212514
C05,123,PRED_minus_MON_LEG,fully_tested_count,0.0
C05,123,PRED_minus_MON_LEG,zero_outdegree_count,0.8618421052631575
C05,123,PRED_minus_MON_LEG,untested_zero_outdegree_count,0.8618421052631575
C05,123,PRED_minus_MON_LEG,bad_source_count,0.0
C05,123,PRED_minus_MON_LEG,reliable_out_degree_mean,-0.09046052631578944
C05,123,PRED_minus_MON_LEG,predictive_event_count,-90.0
C05,123,PRED_minus_MON_LEG,predictive_context_groups,8.026315789473685
C05,123,PRED_minus_MON_LEG,predictive_eligible_count,0.9342105263157894
C05,123,PRED_minus_MON_LEG,predictive_reliability_gap,-0.0757771599057474
C05,123,PRED_minus_MON_LEG,largest_scc,0.30263157894736836
C05,123,PRED_minus_MON_LEG,reachable_pair_fraction,-0.005509868398994991
C05,123,PRED_minus_MON_LEG,reciprocal_fraction,0.12879072992425217
C05,123,PRED_minus_MON_LEG,top3_incoming_share,0.04230727804334533
C05,123,PRED_minus_MON_LEG,target_hit_lift,-0.19260031063305705
C05,123,PRED_minus_MON_LEG,target_action_sensitivity,-0.008370728078788442
C05,123,PRED_minus_MON_LEG,target_value_span,-0.0002683981200741407
C05,123,PRED_minus_MON_LEG,decoder_parameter_count,0.0
C05,123,PRED_minus_MON_LEG,film_modulation_norm_mean,0.0
C05,123,PRED_minus_MON_LEG,film_modulation_norm_max,0.0
C05,123,PRED_minus_MON_LEG,behavior_replay_mismatch,0.0
C05,123,PRED_minus_MON_LEG,option_success_fraction,0.03506369251561792
C13,8,PRED_minus_MON_LEG,coverage_auc,-8.785746970344341
C13,8,PRED_minus_MON_LEG,dg_density,0.003587287768983002
C13,8,PRED_minus_MON_LEG,dg_silent_fraction,-0.06387061403508773
C13,8,PRED_minus_MON_LEG,dg_usage_entropy,0.059512774933848545
C13,8,PRED_minus_MON_LEG,recruitment_total,5.0
C13,8,PRED_minus_MON_LEG,repeat_assignments,0.0
C13,8,PRED_minus_MON_LEG,bad_source_assignments,0.0
C13,8,PRED_minus_MON_LEG,duplicate_assignments,0.0
C13,8,PRED_minus_MON_LEG,predictive_assignments,0.0
C13,8,PRED_minus_MON_LEG,attempt_coverage,-0.09356725085199925
C13,8,PRED_minus_MON_LEG,fully_tested_count,0.0
C13,8,PRED_minus_MON_LEG,zero_outdegree_count,0.0
C13,8,PRED_minus_MON_LEG,untested_zero_outdegree_count,0.0
C13,8,PRED_minus_MON_LEG,bad_source_count,0.0
C13,8,PRED_minus_MON_LEG,reliable_out_degree_mean,0.0
C13,8,PRED_minus_MON_LEG,predictive_event_count,-0.6995614035087723
C13,8,PRED_minus_MON_LEG,predictive_context_groups,-0.3333333333333335
C13,8,PRED_minus_MON_LEG,predictive_eligible_count,-0.008771929824561403
C13,8,PRED_minus_MON_LEG,predictive_reliability_gap,-0.0021929824561403508
C13,8,PRED_minus_MON_LEG,largest_scc,0.0
C13,8,PRED_minus_MON_LEG,reachable_pair_fraction,0.0
C13,8,PRED_minus_MON_LEG,reciprocal_fraction,0.0
C13,8,PRED_minus_MON_LEG,top3_incoming_share,0.0
C13,8,PRED_minus_MON_LEG,target_hit_lift,0.08003054650729163
C13,8,PRED_minus_MON_LEG,target_action_sensitivity,0.016590528723195587
C13,8,PRED_minus_MON_LEG,target_value_span,0.011304208547236367
C13,8,PRED_minus_MON_LEG,decoder_parameter_count,0.0
C13,8,PRED_minus_MON_LEG,film_modulation_norm_mean,0.0
C13,8,PRED_minus_MON_LEG,film_modulation_norm_max,0.0
C13,8,PRED_minus_MON_LEG,behavior_replay_mismatch,0.0
C13,8,PRED_minus_MON_LEG,option_success_fraction,-0.013561205472797155
C13,99,PRED_minus_MON_LEG,coverage_auc,8.336028282815487
C13,99,PRED_minus_MON_LEG,dg_density,-0.004622208444695724
C13,99,PRED_minus_MON_LEG,dg_silent_fraction,0.10567434210526316
C13,99,PRED_minus_MON_LEG,dg_usage_entropy,-0.06891579180955887
C13,99,PRED_minus_MON_LEG,recruitment_total,1.0
C13,99,PRED_minus_MON_LEG,repeat_assignments,0.0
C13,99,PRED_minus_MON_LEG,bad_source_assignments,0.0
C13,99,PRED_minus_MON_LEG,duplicate_assignments,0.0
C13,99,PRED_minus_MON_LEG,predictive_assignments,0.0
C13,99,PRED_minus_MON_LEG,attempt_coverage,-0.038980266471442426
C13,99,PRED_minus_MON_LEG,fully_tested_count,0.0
C13,99,PRED_minus_MON_LEG,zero_outdegree_count,-0.11184210526315752
C13,99,PRED_minus_MON_LEG,untested_zero_outdegree_count,-0.11184210526315752
C13,99,PRED_minus_MON_LEG,bad_source_count,0.0
C13,99,PRED_minus_MON_LEG,reliable_out_degree_mean,0.0069901315789473685
C13,99,PRED_minus_MON_LEG,predictive_event_count,-1.546052631578947
C13,99,PRED_minus_MON_LEG,predictive_context_groups,-1.1447368421052628
C13,99,PRED_minus_MON_LEG,predictive_eligible_count,0.0
C13,99,PRED_minus_MON_LEG,predictive_reliability_gap,0.0
C13,99,PRED_minus_MON_LEG,largest_scc,0.0
C13,99,PRED_minus_MON_LEG,reachable_pair_fraction,0.000466008796234076
C13,99,PRED_minus_MON_LEG,reciprocal_fraction,0.0
C13,99,PRED_minus_MON_LEG,top3_incoming_share,0.1118421052631579
C13,99,PRED_minus_MON_LEG,target_hit_lift,42.07718049362302
C13,99,PRED_minus_MON_LEG,target_action_sensitivity,-0.011467068339698015
C13,99,PRED_minus_MON_LEG,target_value_span,-0.008383219046089307
C13,99,PRED_minus_MON_LEG,decoder_parameter_count,0.0
C13,99,PRED_minus_MON_LEG,film_modulation_norm_mean,0.0
C13,99,PRED_minus_MON_LEG,film_modulation_norm_max,0.0
C13,99,PRED_minus_MON_LEG,behavior_replay_mismatch,0.0
C13,99,PRED_minus_MON_LEG,option_success_fraction,-0.006727307642761027
C13,123,PRED_minus_MON_LEG,coverage_auc,4.657021289188744
C13,123,PRED_minus_MON_LEG,dg_density,-0.005363149234084312
C13,123,PRED_minus_MON_LEG,dg_silent_fraction,0.02787883408853259
C13,123,PRED_minus_MON_LEG,dg_usage_entropy,-0.018259903842582692
C13,123,PRED_minus_MON_LEG,recruitment_total,4.0
C13,123,PRED_minus_MON_LEG,repeat_assignments,0.0
C13,123,PRED_minus_MON_LEG,bad_source_assignments,0.0
C13,123,PRED_minus_MON_LEG,duplicate_assignments,0.0
C13,123,PRED_minus_MON_LEG,predictive_assignments,0.0
C13,123,PRED_minus_MON_LEG,attempt_coverage,-0.04047777070821308
C13,123,PRED_minus_MON_LEG,fully_tested_count,0.0
C13,123,PRED_minus_MON_LEG,zero_outdegree_count,0.1710526315789469
C13,123,PRED_minus_MON_LEG,untested_zero_outdegree_count,0.1710526315789469
C13,123,PRED_minus_MON_LEG,bad_source_count,0.0
C13,123,PRED_minus_MON_LEG,reliable_out_degree_mean,-0.01069078947368421
C13,123,PRED_minus_MON_LEG,predictive_event_count,0.07158417567096542
C13,123,PRED_minus_MON_LEG,predictive_context_groups,-0.05406936214708935
C13,123,PRED_minus_MON_LEG,predictive_eligible_count,0.0
C13,123,PRED_minus_MON_LEG,predictive_reliability_gap,0.0
C13,123,PRED_minus_MON_LEG,largest_scc,0.0
C13,123,PRED_minus_MON_LEG,reachable_pair_fraction,-0.0006853070532854058
C13,123,PRED_minus_MON_LEG,reciprocal_fraction,0.0
C13,123,PRED_minus_MON_LEG,top3_incoming_share,-0.16447368421052633
C13,123,PRED_minus_MON_LEG,target_hit_lift,-15.548474348315423
C13,123,PRED_minus_MON_LEG,target_action_sensitivity,0.007909698022080539
C13,123,PRED_minus_MON_LEG,target_value_span,0.010313859160624491
C13,123,PRED_minus_MON_LEG,decoder_parameter_count,0.0
C13,123,PRED_minus_MON_LEG,film_modulation_norm_mean,0.0
C13,123,PRED_minus_MON_LEG,film_modulation_norm_max,0.0
C13,123,PRED_minus_MON_LEG,behavior_replay_mismatch,0.0
C13,123,PRED_minus_MON_LEG,option_success_fraction,-0.019150392807768216
C15,8,PRED_minus_MON_LEG,coverage_auc,-17.737706639764873
C15,8,PRED_minus_MON_LEG,dg_density,-0.0011942010176809216
C15,8,PRED_minus_MON_LEG,dg_silent_fraction,0.0
C15,8,PRED_minus_MON_LEG,dg_usage_entropy,-0.0007435091231998703
C15,8,PRED_minus_MON_LEG,recruitment_total,0.0
C15,8,PRED_minus_MON_LEG,repeat_assignments,0.0
C15,8,PRED_minus_MON_LEG,bad_source_assignments,0.0
C15,8,PRED_minus_MON_LEG,duplicate_assignments,0.0
C15,8,PRED_minus_MON_LEG,predictive_assignments,0.0
C15,8,PRED_minus_MON_LEG,attempt_coverage,-0.005838817279589792
C15,8,PRED_minus_MON_LEG,fully_tested_count,-1.7434210526315788
C15,8,PRED_minus_MON_LEG,zero_outdegree_count,0.21052631578947367
C15,8,PRED_minus_MON_LEG,untested_zero_outdegree_count,0.0
C15,8,PRED_minus_MON_LEG,bad_source_count,0.21052631578947367
C15,8,PRED_minus_MON_LEG,reliable_out_degree_mean,-2.1328124999999996
C15,8,PRED_minus_MON_LEG,predictive_event_count,-5.085526315789473
C15,8,PRED_minus_MON_LEG,predictive_context_groups,-4.315789473684211
C15,8,PRED_minus_MON_LEG,predictive_eligible_count,-0.05921052631578948
C15,8,PRED_minus_MON_LEG,predictive_reliability_gap,-0.014922723321146088
C15,8,PRED_minus_MON_LEG,largest_scc,-2.7894736842105257
C15,8,PRED_minus_MON_LEG,reachable_pair_fraction,-0.16143092277802917
C15,8,PRED_minus_MON_LEG,reciprocal_fraction,-0.17463206431191217
C15,8,PRED_minus_MON_LEG,top3_incoming_share,0.12741044026456383
C15,8,PRED_minus_MON_LEG,target_hit_lift,-0.09922834348521736
C15,8,PRED_minus_MON_LEG,target_action_sensitivity,0.00041009160084190446
C15,8,PRED_minus_MON_LEG,target_value_span,-0.0019814198649807
C15,8,PRED_minus_MON_LEG,decoder_parameter_count,0.0
C15,8,PRED_minus_MON_LEG,film_modulation_norm_mean,0.0
C15,8,PRED_minus_MON_LEG,film_modulation_norm_max,0.0
C15,8,PRED_minus_MON_LEG,behavior_replay_mismatch,0.0
C15,8,PRED_minus_MON_LEG,option_success_fraction,-0.002017252294248678
C15,99,PRED_minus_MON_LEG,coverage_auc,1.0451772530764956
C15,99,PRED_minus_MON_LEG,dg_density,0.001376302618729442
C15,99,PRED_minus_MON_LEG,dg_silent_fraction,0.0
C15,99,PRED_minus_MON_LEG,dg_usage_entropy,-0.0026929860836582
C15,99,PRED_minus_MON_LEG,recruitment_total,0.0
C15,99,PRED_minus_MON_LEG,repeat_assignments,0.0
C15,99,PRED_minus_MON_LEG,bad_source_assignments,0.0
C15,99,PRED_minus_MON_LEG,duplicate_assignments,0.0
C15,99,PRED_minus_MON_LEG,predictive_assignments,0.0
C15,99,PRED_minus_MON_LEG,attempt_coverage,0.010087730068909395
C15,99,PRED_minus_MON_LEG,fully_tested_count,1.5592105263157894
C15,99,PRED_minus_MON_LEG,zero_outdegree_count,0.756578947368421
C15,99,PRED_minus_MON_LEG,untested_zero_outdegree_count,0.34210526315789475
C15,99,PRED_minus_MON_LEG,bad_source_count,0.4144736842105263
C15,99,PRED_minus_MON_LEG,reliable_out_degree_mean,-1.1780427631578947
C15,99,PRED_minus_MON_LEG,predictive_event_count,-2.8421052631578956
C15,99,PRED_minus_MON_LEG,predictive_context_groups,-2.125
C15,99,PRED_minus_MON_LEG,predictive_eligible_count,0.006578947368421059
C15,99,PRED_minus_MON_LEG,predictive_reliability_gap,0.0007604237057660772
C15,99,PRED_minus_MON_LEG,largest_scc,-2.5657894736842106
C15,99,PRED_minus_MON_LEG,reachable_pair_fraction,-0.14454496651887894
C15,99,PRED_minus_MON_LEG,reciprocal_fraction,-0.14584143489207094
C15,99,PRED_minus_MON_LEG,top3_incoming_share,0.18632679962013898
C15,99,PRED_minus_MON_LEG,target_hit_lift,-3.5210093671554015
C15,99,PRED_minus_MON_LEG,target_action_sensitivity,-0.0016909334326077156
C15,99,PRED_minus_MON_LEG,target_value_span,-0.012355001377631868
C15,99,PRED_minus_MON_LEG,decoder_parameter_count,0.0
C15,99,PRED_minus_MON_LEG,film_modulation_norm_mean,0.0
C15,99,PRED_minus_MON_LEG,film_modulation_norm_max,0.0
C15,99,PRED_minus_MON_LEG,behavior_replay_mismatch,0.0
C15,99,PRED_minus_MON_LEG,option_success_fraction,2.9274691386443896e-05
C15,123,PRED_minus_MON_LEG,coverage_auc,44.439084628836355
C15,123,PRED_minus_MON_LEG,dg_density,-0.00028125181892849765
C15,123,PRED_minus_MON_LEG,dg_silent_fraction,0.0
C15,123,PRED_minus_MON_LEG,dg_usage_entropy,0.002832421928426032
C15,123,PRED_minus_MON_LEG,recruitment_total,0.0
C15,123,PRED_minus_MON_LEG,repeat_assignments,0.0
C15,123,PRED_minus_MON_LEG,bad_source_assignments,0.0
C15,123,PRED_minus_MON_LEG,duplicate_assignments,0.0
C15,123,PRED_minus_MON_LEG,predictive_assignments,0.0
C15,123,PRED_minus_MON_LEG,attempt_coverage,0.02282391248076754
C15,123,PRED_minus_MON_LEG,fully_tested_count,2.568621470895783
C15,123,PRED_minus_MON_LEG,zero_outdegree_count,-1.0657894736842106
C15,123,PRED_minus_MON_LEG,untested_zero_outdegree_count,-0.5986842105263158
C15,123,PRED_minus_MON_LEG,bad_source_count,-0.46710526315789475
C15,123,PRED_minus_MON_LEG,reliable_out_degree_mean,2.587146544963402
C15,123,PRED_minus_MON_LEG,predictive_event_count,0.6514464970372948
C15,123,PRED_minus_MON_LEG,predictive_context_groups,1.7349250609968623
C15,123,PRED_minus_MON_LEG,predictive_eligible_count,0.020216103171836877
C15,123,PRED_minus_MON_LEG,predictive_reliability_gap,0.011278714194540657
C15,123,PRED_minus_MON_LEG,largest_scc,3.7517863367026827
C15,123,PRED_minus_MON_LEG,reachable_pair_fraction,0.23757678480561117
C15,123,PRED_minus_MON_LEG,reciprocal_fraction,0.05636486059600737
C15,123,PRED_minus_MON_LEG,top3_incoming_share,-0.025806561411050366
C15,123,PRED_minus_MON_LEG,target_hit_lift,0.04766332171922283
C15,123,PRED_minus_MON_LEG,target_action_sensitivity,-0.004005251993161967
C15,123,PRED_minus_MON_LEG,target_value_span,0.005902265479852693
C15,123,PRED_minus_MON_LEG,decoder_parameter_count,0.0
C15,123,PRED_minus_MON_LEG,film_modulation_norm_mean,0.0
C15,123,PRED_minus_MON_LEG,film_modulation_norm_max,0.0
C15,123,PRED_minus_MON_LEG,behavior_replay_mismatch,0.0
C15,123,PRED_minus_MON_LEG,option_success_fraction,0.0411839150641381
C05,8,PRED_minus_MON_FILM,coverage_auc,-0.2977378936040971
C05,8,PRED_minus_MON_FILM,dg_density,0.0052118803325452295
C05,8,PRED_minus_MON_FILM,dg_silent_fraction,0.0
C05,8,PRED_minus_MON_FILM,dg_usage_entropy,0.01431599220162949
C05,8,PRED_minus_MON_FILM,recruitment_total,1.0
C05,8,PRED_minus_MON_FILM,repeat_assignments,0.0
C05,8,PRED_minus_MON_FILM,bad_source_assignments,0.0
C05,8,PRED_minus_MON_FILM,duplicate_assignments,0.0
C05,8,PRED_minus_MON_FILM,predictive_assignments,0.0
C05,8,PRED_minus_MON_FILM,attempt_coverage,0.024396929399747608
C05,8,PRED_minus_MON_FILM,fully_tested_count,0.0
C05,8,PRED_minus_MON_FILM,zero_outdegree_count,-3.052631578947368
C05,8,PRED_minus_MON_FILM,untested_zero_outdegree_count,-3.052631578947368
C05,8,PRED_minus_MON_FILM,bad_source_count,0.0
C05,8,PRED_minus_MON_FILM,reliable_out_degree_mean,0.19078947368421054
C05,8,PRED_minus_MON_FILM,predictive_event_count,-155.1513157894737
C05,8,PRED_minus_MON_FILM,predictive_context_groups,-12.44736842105263
C05,8,PRED_minus_MON_FILM,predictive_eligible_count,-1.0526315789473684
C05,8,PRED_minus_MON_FILM,predictive_reliability_gap,-0.18833646800761167
C05,8,PRED_minus_MON_FILM,largest_scc,-0.18421052631578938
C05,8,PRED_minus_MON_FILM,reachable_pair_fraction,0.010855262798845376
C05,8,PRED_minus_MON_FILM,reciprocal_fraction,-0.08750000027449507
C05,8,PRED_minus_MON_FILM,top3_incoming_share,1.0587667187422767e-08
C05,8,PRED_minus_MON_FILM,target_hit_lift,-0.4578793460601256
C05,8,PRED_minus_MON_FILM,target_action_sensitivity,-0.01940759033650944
C05,8,PRED_minus_MON_FILM,target_value_span,0.0041586455159918646
C05,8,PRED_minus_MON_FILM,decoder_parameter_count,0.0
C05,8,PRED_minus_MON_FILM,film_modulation_norm_mean,0.10220913294898837
C05,8,PRED_minus_MON_FILM,film_modulation_norm_max,0.7928262058841555
C05,8,PRED_minus_MON_FILM,behavior_replay_mismatch,0.0
C05,8,PRED_minus_MON_FILM,option_success_fraction,-0.11452533008138599
C05,99,PRED_minus_MON_FILM,coverage_auc,-0.7376587009099183
C05,99,PRED_minus_MON_FILM,dg_density,0.002597808837890625
C05,99,PRED_minus_MON_FILM,dg_silent_fraction,0.0
C05,99,PRED_minus_MON_FILM,dg_usage_entropy,0.001095781592946321
C05,99,PRED_minus_MON_FILM,recruitment_total,0.0
C05,99,PRED_minus_MON_FILM,repeat_assignments,0.0
C05,99,PRED_minus_MON_FILM,bad_source_assignments,0.0
C05,99,PRED_minus_MON_FILM,duplicate_assignments,0.0
C05,99,PRED_minus_MON_FILM,predictive_assignments,0.0
C05,99,PRED_minus_MON_FILM,attempt_coverage,-0.021929823646419933
C05,99,PRED_minus_MON_FILM,fully_tested_count,0.0
C05,99,PRED_minus_MON_FILM,zero_outdegree_count,-3.046052631578948
C05,99,PRED_minus_MON_FILM,untested_zero_outdegree_count,-3.046052631578948
C05,99,PRED_minus_MON_FILM,bad_source_count,0.0
C05,99,PRED_minus_MON_FILM,reliable_out_degree_mean,0.20847039473684204
C05,99,PRED_minus_MON_FILM,predictive_event_count,59.74342105263156
C05,99,PRED_minus_MON_FILM,predictive_context_groups,-5.42763157894737
C05,99,PRED_minus_MON_FILM,predictive_eligible_count,-1.993421052631579
C05,99,PRED_minus_MON_FILM,predictive_reliability_gap,-0.34408667129709536
C05,99,PRED_minus_MON_FILM,largest_scc,0.0
C05,99,PRED_minus_MON_FILM,reachable_pair_fraction,0.011156799222685788
C05,99,PRED_minus_MON_FILM,reciprocal_fraction,-0.05099536507929628
C05,99,PRED_minus_MON_FILM,top3_incoming_share,0.051085142320708155
C05,99,PRED_minus_MON_FILM,target_hit_lift,0.024542475609402814
C05,99,PRED_minus_MON_FILM,target_action_sensitivity,-0.048053891336741414
C05,99,PRED_minus_MON_FILM,target_value_span,-0.011348024868455374
C05,99,PRED_minus_MON_FILM,decoder_parameter_count,0.0
C05,99,PRED_minus_MON_FILM,film_modulation_norm_mean,-0.22420124003761696
C05,99,PRED_minus_MON_FILM,film_modulation_norm_max,-0.5967497919735156
C05,99,PRED_minus_MON_FILM,behavior_replay_mismatch,0.0
C05,99,PRED_minus_MON_FILM,option_success_fraction,0.06115542018884107
C05,123,PRED_minus_MON_FILM,coverage_auc,-6.032354020896442
C05,123,PRED_minus_MON_FILM,dg_density,-0.005678493271289414
C05,123,PRED_minus_MON_FILM,dg_silent_fraction,0.0
C05,123,PRED_minus_MON_FILM,dg_usage_entropy,-0.016489168036113777
C05,123,PRED_minus_MON_FILM,recruitment_total,0.0
C05,123,PRED_minus_MON_FILM,repeat_assignments,0.0
C05,123,PRED_minus_MON_FILM,bad_source_assignments,0.0
C05,123,PRED_minus_MON_FILM,duplicate_assignments,0.0
C05,123,PRED_minus_MON_FILM,predictive_assignments,0.0
C05,123,PRED_minus_MON_FILM,attempt_coverage,0.013894434822909196
C05,123,PRED_minus_MON_FILM,fully_tested_count,0.0
C05,123,PRED_minus_MON_FILM,zero_outdegree_count,1.206851179673322
C05,123,PRED_minus_MON_FILM,untested_zero_outdegree_count,1.206851179673322
C05,123,PRED_minus_MON_FILM,bad_source_count,0.0
C05,123,PRED_minus_MON_FILM,reliable_out_degree_mean,-0.08570780399274047
C05,123,PRED_minus_MON_FILM,predictive_event_count,100.51842105263154
C05,123,PRED_minus_MON_FILM,predictive_context_groups,46.1193284936479
C05,123,PRED_minus_MON_FILM,predictive_eligible_count,5.285889292196007
C05,123,PRED_minus_MON_FILM,predictive_reliability_gap,0.04708518751722823
C05,123,PRED_minus_MON_FILM,largest_scc,0.0
C05,123,PRED_minus_MON_FILM,reachable_pair_fraction,-0.006553047600273253
C05,123,PRED_minus_MON_FILM,reciprocal_fraction,0.0
C05,123,PRED_minus_MON_FILM,top3_incoming_share,1.1953381617857417e-09
C05,123,PRED_minus_MON_FILM,target_hit_lift,0.03316199847931445
C05,123,PRED_minus_MON_FILM,target_action_sensitivity,0.019021004754517522
C05,123,PRED_minus_MON_FILM,target_value_span,-0.006576271965138837
C05,123,PRED_minus_MON_FILM,decoder_parameter_count,0.0
C05,123,PRED_minus_MON_FILM,film_modulation_norm_mean,0.013797881957244962
C05,123,PRED_minus_MON_FILM,film_modulation_norm_max,-0.1697203049534245
C05,123,PRED_minus_MON_FILM,behavior_replay_mismatch,0.0
C05,123,PRED_minus_MON_FILM,option_success_fraction,0.04412115247575346
C13,8,PRED_minus_MON_FILM,coverage_auc,3.859499944778406
C13,8,PRED_minus_MON_FILM,dg_density,-0.007078672710217927
C13,8,PRED_minus_MON_FILM,dg_silent_fraction,0.04481907894736842
C13,8,PRED_minus_MON_FILM,dg_usage_entropy,-0.057433887139747064
C13,8,PRED_minus_MON_FILM,recruitment_total,2.0
C13,8,PRED_minus_MON_FILM,repeat_assignments,0.0
C13,8,PRED_minus_MON_FILM,bad_source_assignments,0.0
C13,8,PRED_minus_MON_FILM,duplicate_assignments,0.0
C13,8,PRED_minus_MON_FILM,predictive_assignments,0.0
C13,8,PRED_minus_MON_FILM,attempt_coverage,-0.15964912407492338
C13,8,PRED_minus_MON_FILM,fully_tested_count,0.0
C13,8,PRED_minus_MON_FILM,zero_outdegree_count,0.24342105263157876
C13,8,PRED_minus_MON_FILM,untested_zero_outdegree_count,0.24342105263157876
C13,8,PRED_minus_MON_FILM,bad_source_count,0.0
C13,8,PRED_minus_MON_FILM,reliable_out_degree_mean,-0.015213815789473685
C13,8,PRED_minus_MON_FILM,predictive_event_count,-0.9407894736842106
C13,8,PRED_minus_MON_FILM,predictive_context_groups,-0.7236842105263155
C13,8,PRED_minus_MON_FILM,predictive_eligible_count,-0.006578947368421052
C13,8,PRED_minus_MON_FILM,predictive_reliability_gap,-0.001644736842105263
C13,8,PRED_minus_MON_FILM,largest_scc,0.0
C13,8,PRED_minus_MON_FILM,reachable_pair_fraction,-0.0009868421567309845
C13,8,PRED_minus_MON_FILM,reciprocal_fraction,0.0
C13,8,PRED_minus_MON_FILM,top3_incoming_share,-0.2236842105263158
C13,8,PRED_minus_MON_FILM,target_hit_lift,-18.288027195946167
C13,8,PRED_minus_MON_FILM,target_action_sensitivity,-0.00247452920915461
C13,8,PRED_minus_MON_FILM,target_value_span,-0.003757015581389793
C13,8,PRED_minus_MON_FILM,decoder_parameter_count,0.0
C13,8,PRED_minus_MON_FILM,film_modulation_norm_mean,-0.09950579330325127
C13,8,PRED_minus_MON_FILM,film_modulation_norm_max,0.07811533071492849
C13,8,PRED_minus_MON_FILM,behavior_replay_mismatch,0.0
C13,8,PRED_minus_MON_FILM,option_success_fraction,-0.019003497657219048
C13,99,PRED_minus_MON_FILM,coverage_auc,-3.1956518750230813
C13,99,PRED_minus_MON_FILM,dg_density,-0.0012227108604029608
C13,99,PRED_minus_MON_FILM,dg_silent_fraction,-0.014391447368421018
C13,99,PRED_minus_MON_FILM,dg_usage_entropy,0.03791137823933055
C13,99,PRED_minus_MON_FILM,recruitment_total,1.0
C13,99,PRED_minus_MON_FILM,repeat_assignments,0.0
C13,99,PRED_minus_MON_FILM,bad_source_assignments,0.0
C13,99,PRED_minus_MON_FILM,duplicate_assignments,0.0
C13,99,PRED_minus_MON_FILM,predictive_assignments,0.0
C13,99,PRED_minus_MON_FILM,attempt_coverage,-0.05805920642849646
C13,99,PRED_minus_MON_FILM,fully_tested_count,0.0
C13,99,PRED_minus_MON_FILM,zero_outdegree_count,0.0789473684210531
C13,99,PRED_minus_MON_FILM,untested_zero_outdegree_count,0.0789473684210531
C13,99,PRED_minus_MON_FILM,bad_source_count,0.0
C13,99,PRED_minus_MON_FILM,reliable_out_degree_mean,-0.004934210526315789
C13,99,PRED_minus_MON_FILM,predictive_event_count,0.8421052631578947
C13,99,PRED_minus_MON_FILM,predictive_context_groups,0.28947368421052655
C13,99,PRED_minus_MON_FILM,predictive_eligible_count,0.0
C13,99,PRED_minus_MON_FILM,predictive_reliability_gap,0.0
C13,99,PRED_minus_MON_FILM,largest_scc,0.0
C13,99,PRED_minus_MON_FILM,reachable_pair_fraction,-0.000356359667708411
C13,99,PRED_minus_MON_FILM,reciprocal_fraction,0.0
C13,99,PRED_minus_MON_FILM,top3_incoming_share,-0.08552631578947369
C13,99,PRED_minus_MON_FILM,target_hit_lift,-10.69041748384112
C13,99,PRED_minus_MON_FILM,target_action_sensitivity,0.0023462251870353737
C13,99,PRED_minus_MON_FILM,target_value_span,0.013403258905255873
C13,99,PRED_minus_MON_FILM,decoder_parameter_count,0.0
C13,99,PRED_minus_MON_FILM,film_modulation_norm_mean,-0.22145661182309453
C13,99,PRED_minus_MON_FILM,film_modulation_norm_max,0.45049754177269175
C13,99,PRED_minus_MON_FILM,behavior_replay_mismatch,0.0
C13,99,PRED_minus_MON_FILM,option_success_fraction,0.006372455703584772
C13,123,PRED_minus_MON_FILM,coverage_auc,-3.2483648748655227
C13,123,PRED_minus_MON_FILM,dg_density,-0.0003146121376439142
C13,123,PRED_minus_MON_FILM,dg_silent_fraction,0.02837171052631579
C13,123,PRED_minus_MON_FILM,dg_usage_entropy,-0.012711673974990845
C13,123,PRED_minus_MON_FILM,recruitment_total,2.0
C13,123,PRED_minus_MON_FILM,repeat_assignments,0.0
C13,123,PRED_minus_MON_FILM,bad_source_assignments,0.0
C13,123,PRED_minus_MON_FILM,duplicate_assignments,0.0
C13,123,PRED_minus_MON_FILM,predictive_assignments,0.0
C13,123,PRED_minus_MON_FILM,attempt_coverage,-0.1023300412650171
C13,123,PRED_minus_MON_FILM,fully_tested_count,0.0
C13,123,PRED_minus_MON_FILM,zero_outdegree_count,0.0
C13,123,PRED_minus_MON_FILM,untested_zero_outdegree_count,0.0
C13,123,PRED_minus_MON_FILM,bad_source_count,0.0
C13,123,PRED_minus_MON_FILM,reliable_out_degree_mean,0.0
C13,123,PRED_minus_MON_FILM,predictive_event_count,-3.3421052631578956
C13,123,PRED_minus_MON_FILM,predictive_context_groups,-1.901315789473685
C13,123,PRED_minus_MON_FILM,predictive_eligible_count,-0.15789473684210525
C13,123,PRED_minus_MON_FILM,predictive_reliability_gap,-0.04287280735412711
C13,123,PRED_minus_MON_FILM,largest_scc,0.0
C13,123,PRED_minus_MON_FILM,reachable_pair_fraction,0.0
C13,123,PRED_minus_MON_FILM,reciprocal_fraction,0.0
C13,123,PRED_minus_MON_FILM,top3_incoming_share,0.0
C13,123,PRED_minus_MON_FILM,target_hit_lift,36.93961302641976
C13,123,PRED_minus_MON_FILM,target_action_sensitivity,0.009135799981825248
C13,123,PRED_minus_MON_FILM,target_value_span,0.007332727031194065
C13,123,PRED_minus_MON_FILM,decoder_parameter_count,0.0
C13,123,PRED_minus_MON_FILM,film_modulation_norm_mean,-0.1082663777235307
C13,123,PRED_minus_MON_FILM,film_modulation_norm_max,0.158167581024923
C13,123,PRED_minus_MON_FILM,behavior_replay_mismatch,0.0
C13,123,PRED_minus_MON_FILM,option_success_fraction,-0.12125576495830165
C15,8,PRED_minus_MON_FILM,coverage_auc,5.738217430509842
C15,8,PRED_minus_MON_FILM,dg_density,0.0017418747313284987
C15,8,PRED_minus_MON_FILM,dg_silent_fraction,0.0
C15,8,PRED_minus_MON_FILM,dg_usage_entropy,-0.0017028552208221415
C15,8,PRED_minus_MON_FILM,recruitment_total,0.0
C15,8,PRED_minus_MON_FILM,repeat_assignments,0.0
C15,8,PRED_minus_MON_FILM,bad_source_assignments,0.0
C15,8,PRED_minus_MON_FILM,duplicate_assignments,0.0
C15,8,PRED_minus_MON_FILM,predictive_assignments,0.0
C15,8,PRED_minus_MON_FILM,attempt_coverage,0.026118921249677185
C15,8,PRED_minus_MON_FILM,fully_tested_count,4.960526315789474
C15,8,PRED_minus_MON_FILM,zero_outdegree_count,0.0
C15,8,PRED_minus_MON_FILM,untested_zero_outdegree_count,0.0
C15,8,PRED_minus_MON_FILM,bad_source_count,0.0
C15,8,PRED_minus_MON_FILM,reliable_out_degree_mean,1.070910586124402
C15,8,PRED_minus_MON_FILM,predictive_event_count,0.1949760765550259
C15,8,PRED_minus_MON_FILM,predictive_context_groups,-0.19557416267942607
C15,8,PRED_minus_MON_FILM,predictive_eligible_count,-0.06279904306220094
C15,8,PRED_minus_MON_FILM,predictive_reliability_gap,-0.018408236120555678
C15,8,PRED_minus_MON_FILM,largest_scc,0.42643540669856606
C15,8,PRED_minus_MON_FILM,reachable_pair_fraction,0.025575658921419775
C15,8,PRED_minus_MON_FILM,reciprocal_fraction,0.07112609104890572
C15,8,PRED_minus_MON_FILM,top3_incoming_share,-0.10674724276912839
C15,8,PRED_minus_MON_FILM,target_hit_lift,-6.123974379775912
C15,8,PRED_minus_MON_FILM,target_action_sensitivity,-0.0018801035985582335
C15,8,PRED_minus_MON_FILM,target_value_span,-0.004217143302686448
C15,8,PRED_minus_MON_FILM,decoder_parameter_count,0.0
C15,8,PRED_minus_MON_FILM,film_modulation_norm_mean,-0.04450576085793345
C15,8,PRED_minus_MON_FILM,film_modulation_norm_max,-0.09755405612539447
C15,8,PRED_minus_MON_FILM,behavior_replay_mismatch,0.0
C15,8,PRED_minus_MON_FILM,option_success_fraction,-0.011162037052142859
C15,99,PRED_minus_MON_FILM,coverage_auc,1.399112773120848
C15,99,PRED_minus_MON_FILM,dg_density,-0.0018523366827713807
C15,99,PRED_minus_MON_FILM,dg_silent_fraction,0.0
C15,99,PRED_minus_MON_FILM,dg_usage_entropy,-0.0011662213425888135
C15,99,PRED_minus_MON_FILM,recruitment_total,0.0
C15,99,PRED_minus_MON_FILM,repeat_assignments,0.0
C15,99,PRED_minus_MON_FILM,bad_source_assignments,0.0
C15,99,PRED_minus_MON_FILM,duplicate_assignments,0.0
C15,99,PRED_minus_MON_FILM,predictive_assignments,0.0
C15,99,PRED_minus_MON_FILM,attempt_coverage,-0.007044966283597409
C15,99,PRED_minus_MON_FILM,fully_tested_count,-0.7697368421052628
C15,99,PRED_minus_MON_FILM,zero_outdegree_count,0.03289473684210526
C15,99,PRED_minus_MON_FILM,untested_zero_outdegree_count,0.0
C15,99,PRED_minus_MON_FILM,bad_source_count,0.03289473684210526
C15,99,PRED_minus_MON_FILM,reliable_out_degree_mean,0.2672697368421053
C15,99,PRED_minus_MON_FILM,predictive_event_count,-2.835526315789476
C15,99,PRED_minus_MON_FILM,predictive_context_groups,-1.5657894736842106
C15,99,PRED_minus_MON_FILM,predictive_eligible_count,-0.07236842105263158
C15,99,PRED_minus_MON_FILM,predictive_reliability_gap,-0.011826440740964915
C15,99,PRED_minus_MON_FILM,largest_scc,0.00657894736842124
C15,99,PRED_minus_MON_FILM,reachable_pair_fraction,-0.0020833333071909044
C15,99,PRED_minus_MON_FILM,reciprocal_fraction,0.04397521020942613
C15,99,PRED_minus_MON_FILM,top3_incoming_share,-0.02446126526123593
C15,99,PRED_minus_MON_FILM,target_hit_lift,8.464653069055393
C15,99,PRED_minus_MON_FILM,target_action_sensitivity,-0.002245792172049588
C15,99,PRED_minus_MON_FILM,target_value_span,0.0005940019082596622
C15,99,PRED_minus_MON_FILM,decoder_parameter_count,0.0
C15,99,PRED_minus_MON_FILM,film_modulation_norm_mean,-0.046279569989756464
C15,99,PRED_minus_MON_FILM,film_modulation_norm_max,0.04478439061265238
C15,99,PRED_minus_MON_FILM,behavior_replay_mismatch,0.0
C15,99,PRED_minus_MON_FILM,option_success_fraction,-0.020413549788492275
C15,123,PRED_minus_MON_FILM,coverage_auc,-26.32214938157456
C15,123,PRED_minus_MON_FILM,dg_density,-0.0002852992007606886
C15,123,PRED_minus_MON_FILM,dg_silent_fraction,0.0
C15,123,PRED_minus_MON_FILM,dg_usage_entropy,0.005441306060866347
C15,123,PRED_minus_MON_FILM,recruitment_total,0.0
C15,123,PRED_minus_MON_FILM,repeat_assignments,0.0
C15,123,PRED_minus_MON_FILM,bad_source_assignments,0.0
C15,123,PRED_minus_MON_FILM,duplicate_assignments,0.0
C15,123,PRED_minus_MON_FILM,predictive_assignments,0.0
C15,123,PRED_minus_MON_FILM,attempt_coverage,-0.04410636542659063
C15,123,PRED_minus_MON_FILM,fully_tested_count,-9.302631578947368
C15,123,PRED_minus_MON_FILM,zero_outdegree_count,0.0
C15,123,PRED_minus_MON_FILM,untested_zero_outdegree_count,0.0
C15,123,PRED_minus_MON_FILM,bad_source_count,0.0
C15,123,PRED_minus_MON_FILM,reliable_out_degree_mean,-0.35032894736842124
C15,123,PRED_minus_MON_FILM,predictive_event_count,-0.7039473684210531
C15,123,PRED_minus_MON_FILM,predictive_context_groups,-0.8552631578947363
C15,123,PRED_minus_MON_FILM,predictive_eligible_count,-0.01315789473684209
C15,123,PRED_minus_MON_FILM,predictive_reliability_gap,0.00040726799910006245
C15,123,PRED_minus_MON_FILM,largest_scc,0.5131578947368425
C15,123,PRED_minus_MON_FILM,reachable_pair_fraction,0.03229166645752757
C15,123,PRED_minus_MON_FILM,reciprocal_fraction,-0.0021199575184207564
C15,123,PRED_minus_MON_FILM,top3_incoming_share,0.08681862448391159
C15,123,PRED_minus_MON_FILM,target_hit_lift,-0.2355302368339739
C15,123,PRED_minus_MON_FILM,target_action_sensitivity,-0.008276154031735036
C15,123,PRED_minus_MON_FILM,target_value_span,-0.003802638128706206
C15,123,PRED_minus_MON_FILM,decoder_parameter_count,0.0
C15,123,PRED_minus_MON_FILM,film_modulation_norm_mean,0.009963394387772162
C15,123,PRED_minus_MON_FILM,film_modulation_norm_max,0.014895019562620737
C15,123,PRED_minus_MON_FILM,behavior_replay_mismatch,0.0
C15,123,PRED_minus_MON_FILM,option_success_fraction,-0.0283367268152927
C05,8,DIR_minus_PRED_LEG,coverage_auc,4.698361078479287
C05,8,DIR_minus_PRED_LEG,dg_density,0.002505453009354442
C05,8,DIR_minus_PRED_LEG,dg_silent_fraction,0.0
C05,8,DIR_minus_PRED_LEG,dg_usage_entropy,0.0010619139985034165
C05,8,DIR_minus_PRED_LEG,recruitment_total,0.0
C05,8,DIR_minus_PRED_LEG,repeat_assignments,0.0
C05,8,DIR_minus_PRED_LEG,bad_source_assignments,0.0
C05,8,DIR_minus_PRED_LEG,duplicate_assignments,0.0
C05,8,DIR_minus_PRED_LEG,predictive_assignments,0.0
C05,8,DIR_minus_PRED_LEG,attempt_coverage,0.0012061382202725734
C05,8,DIR_minus_PRED_LEG,fully_tested_count,0.0
C05,8,DIR_minus_PRED_LEG,zero_outdegree_count,3.0921052631578956
C05,8,DIR_minus_PRED_LEG,untested_zero_outdegree_count,3.0921052631578956
C05,8,DIR_minus_PRED_LEG,bad_source_count,0.0
C05,8,DIR_minus_PRED_LEG,reliable_out_degree_mean,-0.23848684210526314
C05,8,DIR_minus_PRED_LEG,predictive_event_count,-463.9868421052632
C05,8,DIR_minus_PRED_LEG,predictive_context_groups,-133.7828947368421
C05,8,DIR_minus_PRED_LEG,predictive_eligible_count,-8.322368421052632
C05,8,DIR_minus_PRED_LEG,predictive_reliability_gap,-0.7691800347284267
C05,8,DIR_minus_PRED_LEG,largest_scc,0.0
C05,8,DIR_minus_PRED_LEG,reachable_pair_fraction,-0.016063597172768295
C05,8,DIR_minus_PRED_LEG,reciprocal_fraction,0.0
C05,8,DIR_minus_PRED_LEG,top3_incoming_share,-0.901190604034223
C05,8,DIR_minus_PRED_LEG,target_hit_lift,-0.03769660309741374
C05,8,DIR_minus_PRED_LEG,target_action_sensitivity,-0.00946295679559147
C05,8,DIR_minus_PRED_LEG,target_value_span,-0.0021561839898104635
C05,8,DIR_minus_PRED_LEG,decoder_parameter_count,0.0
C05,8,DIR_minus_PRED_LEG,film_modulation_norm_mean,0.0
C05,8,DIR_minus_PRED_LEG,film_modulation_norm_max,0.0
C05,8,DIR_minus_PRED_LEG,behavior_replay_mismatch,0.0
C05,8,DIR_minus_PRED_LEG,option_success_fraction,-0.20694758409732267
C05,99,DIR_minus_PRED_LEG,coverage_auc,-62.88263061940226
C05,99,DIR_minus_PRED_LEG,dg_density,-0.006568105597245064
C05,99,DIR_minus_PRED_LEG,dg_silent_fraction,0.0008223684210526315
C05,99,DIR_minus_PRED_LEG,dg_usage_entropy,-0.040189540307772775
C05,99,DIR_minus_PRED_LEG,recruitment_total,-0.23684210526315785
C05,99,DIR_minus_PRED_LEG,repeat_assignments,0.0
C05,99,DIR_minus_PRED_LEG,bad_source_assignments,0.0
C05,99,DIR_minus_PRED_LEG,duplicate_assignments,0.006578947368421052
C05,99,DIR_minus_PRED_LEG,predictive_assignments,0.0
C05,99,DIR_minus_PRED_LEG,attempt_coverage,0.05921051881619191
C05,99,DIR_minus_PRED_LEG,fully_tested_count,0.0
C05,99,DIR_minus_PRED_LEG,zero_outdegree_count,-5.881578947368421
C05,99,DIR_minus_PRED_LEG,untested_zero_outdegree_count,-5.881578947368421
C05,99,DIR_minus_PRED_LEG,bad_source_count,0.0
C05,99,DIR_minus_PRED_LEG,reliable_out_degree_mean,0.4613486842105263
C05,99,DIR_minus_PRED_LEG,predictive_event_count,-309.0131578947368
C05,99,DIR_minus_PRED_LEG,predictive_context_groups,-160.71052631578948
C05,99,DIR_minus_PRED_LEG,predictive_eligible_count,-6.802631578947368
C05,99,DIR_minus_PRED_LEG,predictive_reliability_gap,-0.5012521843769049
C05,99,DIR_minus_PRED_LEG,largest_scc,0.20394736842105265
C05,99,DIR_minus_PRED_LEG,reachable_pair_fraction,0.0337719305779932
C05,99,DIR_minus_PRED_LEG,reciprocal_fraction,0.054145782597755134
C05,99,DIR_minus_PRED_LEG,top3_incoming_share,0.8988046685331745
C05,99,DIR_minus_PRED_LEG,target_hit_lift,6.660220430673737
C05,99,DIR_minus_PRED_LEG,target_action_sensitivity,0.002452689532411138
C05,99,DIR_minus_PRED_LEG,target_value_span,-0.0005622226896153541
C05,99,DIR_minus_PRED_LEG,decoder_parameter_count,0.0
C05,99,DIR_minus_PRED_LEG,film_modulation_norm_mean,0.0
C05,99,DIR_minus_PRED_LEG,film_modulation_norm_max,0.0
C05,99,DIR_minus_PRED_LEG,behavior_replay_mismatch,0.0
C05,99,DIR_minus_PRED_LEG,option_success_fraction,0.05590245709141815
C05,123,DIR_minus_PRED_LEG,coverage_auc,5.493540263366754
C05,123,DIR_minus_PRED_LEG,dg_density,-0.0025191056100945727
C05,123,DIR_minus_PRED_LEG,dg_silent_fraction,0.0
C05,123,DIR_minus_PRED_LEG,dg_usage_entropy,-0.009060333433904222
C05,123,DIR_minus_PRED_LEG,recruitment_total,0.0
C05,123,DIR_minus_PRED_LEG,repeat_assignments,0.0
C05,123,DIR_minus_PRED_LEG,bad_source_assignments,0.0
C05,123,DIR_minus_PRED_LEG,duplicate_assignments,0.0
C05,123,DIR_minus_PRED_LEG,predictive_assignments,0.0
C05,123,DIR_minus_PRED_LEG,attempt_coverage,-0.004385964160687067
C05,123,DIR_minus_PRED_LEG,fully_tested_count,0.0
C05,123,DIR_minus_PRED_LEG,zero_outdegree_count,0.0
C05,123,DIR_minus_PRED_LEG,untested_zero_outdegree_count,0.0
C05,123,DIR_minus_PRED_LEG,bad_source_count,0.0
C05,123,DIR_minus_PRED_LEG,reliable_out_degree_mean,0.0945723684210526
C05,123,DIR_minus_PRED_LEG,predictive_event_count,-325.6381578947368
C05,123,DIR_minus_PRED_LEG,predictive_context_groups,-106.48026315789474
C05,123,DIR_minus_PRED_LEG,predictive_eligible_count,-6.5855263157894735
C05,123,DIR_minus_PRED_LEG,predictive_reliability_gap,-0.6368009126500079
C05,123,DIR_minus_PRED_LEG,largest_scc,-0.4144736842105263
C05,123,DIR_minus_PRED_LEG,reachable_pair_fraction,0.0020833333807164095
C05,123,DIR_minus_PRED_LEG,reciprocal_fraction,-0.15923141492040535
C05,123,DIR_minus_PRED_LEG,top3_incoming_share,0.0
C05,123,DIR_minus_PRED_LEG,target_hit_lift,0.1578416028305104
C05,123,DIR_minus_PRED_LEG,target_action_sensitivity,0.020571614542093716
C05,123,DIR_minus_PRED_LEG,target_value_span,0.003527139098303834
C05,123,DIR_minus_PRED_LEG,decoder_parameter_count,0.0
C05,123,DIR_minus_PRED_LEG,film_modulation_norm_mean,0.0
C05,123,DIR_minus_PRED_LEG,film_modulation_norm_max,0.0
C05,123,DIR_minus_PRED_LEG,behavior_replay_mismatch,0.0
C05,123,DIR_minus_PRED_LEG,option_success_fraction,-0.06521840050424399
C13,8,DIR_minus_PRED_LEG,coverage_auc,17.69585895446597
C13,8,DIR_minus_PRED_LEG,dg_density,-0.005004079718338814
C13,8,DIR_minus_PRED_LEG,dg_silent_fraction,0.04687499999999997
C13,8,DIR_minus_PRED_LEG,dg_usage_entropy,-0.012814456302868704
C13,8,DIR_minus_PRED_LEG,recruitment_total,-5.0
C13,8,DIR_minus_PRED_LEG,repeat_assignments,0.0
C13,8,DIR_minus_PRED_LEG,bad_source_assignments,0.0
C13,8,DIR_minus_PRED_LEG,duplicate_assignments,0.0
C13,8,DIR_minus_PRED_LEG,predictive_assignments,0.0
C13,8,DIR_minus_PRED_LEG,attempt_coverage,0.06754386189736818
C13,8,DIR_minus_PRED_LEG,fully_tested_count,0.0
C13,8,DIR_minus_PRED_LEG,zero_outdegree_count,-1.0
C13,8,DIR_minus_PRED_LEG,untested_zero_outdegree_count,-1.0
C13,8,DIR_minus_PRED_LEG,bad_source_count,0.0
C13,8,DIR_minus_PRED_LEG,reliable_out_degree_mean,0.0625
C13,8,DIR_minus_PRED_LEG,predictive_event_count,-4.493421052631579
C13,8,DIR_minus_PRED_LEG,predictive_context_groups,-3.789473684210526
C13,8,DIR_minus_PRED_LEG,predictive_eligible_count,0.0
C13,8,DIR_minus_PRED_LEG,predictive_reliability_gap,0.0
C13,8,DIR_minus_PRED_LEG,largest_scc,0.0
C13,8,DIR_minus_PRED_LEG,reachable_pair_fraction,0.004166666883975267
C13,8,DIR_minus_PRED_LEG,reciprocal_fraction,0.0
C13,8,DIR_minus_PRED_LEG,top3_incoming_share,1.0
C13,8,DIR_minus_PRED_LEG,target_hit_lift,-0.16959913114183828
C13,8,DIR_minus_PRED_LEG,target_action_sensitivity,-0.0012401334487980135
C13,8,DIR_minus_PRED_LEG,target_value_span,-0.009587574998333463
C13,8,DIR_minus_PRED_LEG,decoder_parameter_count,0.0
C13,8,DIR_minus_PRED_LEG,film_modulation_norm_mean,0.0
C13,8,DIR_minus_PRED_LEG,film_modulation_norm_max,0.0
C13,8,DIR_minus_PRED_LEG,behavior_replay_mismatch,0.0
C13,8,DIR_minus_PRED_LEG,option_success_fraction,0.005462820445628543
C13,99,DIR_minus_PRED_LEG,coverage_auc,17.26156211704403
C13,99,DIR_minus_PRED_LEG,dg_density,0.0007733796772203937
C13,99,DIR_minus_PRED_LEG,dg_silent_fraction,-0.026315789473684237
C13,99,DIR_minus_PRED_LEG,dg_usage_entropy,0.026522549359422
C13,99,DIR_minus_PRED_LEG,recruitment_total,-1.0
C13,99,DIR_minus_PRED_LEG,repeat_assignments,0.0
C13,99,DIR_minus_PRED_LEG,bad_source_assignments,0.0
C13,99,DIR_minus_PRED_LEG,duplicate_assignments,0.0
C13,99,DIR_minus_PRED_LEG,predictive_assignments,0.0
C13,99,DIR_minus_PRED_LEG,attempt_coverage,0.10973136166208669
C13,99,DIR_minus_PRED_LEG,fully_tested_count,0.0
C13,99,DIR_minus_PRED_LEG,zero_outdegree_count,-0.09868421052631682
C13,99,DIR_minus_PRED_LEG,untested_zero_outdegree_count,-0.09868421052631682
C13,99,DIR_minus_PRED_LEG,bad_source_count,0.0
C13,99,DIR_minus_PRED_LEG,reliable_out_degree_mean,0.006167763157894736
C13,99,DIR_minus_PRED_LEG,predictive_event_count,-7.947368421052632
C13,99,DIR_minus_PRED_LEG,predictive_context_groups,-6.572368421052632
C13,99,DIR_minus_PRED_LEG,predictive_eligible_count,0.0
C13,99,DIR_minus_PRED_LEG,predictive_reliability_gap,0.0
C13,99,DIR_minus_PRED_LEG,largest_scc,0.0
C13,99,DIR_minus_PRED_LEG,reachable_pair_fraction,0.00038377194983982727
C13,99,DIR_minus_PRED_LEG,reciprocal_fraction,0.0
C13,99,DIR_minus_PRED_LEG,top3_incoming_share,0.09210526315789473
C13,99,DIR_minus_PRED_LEG,target_hit_lift,-14.636389972347967
C13,99,DIR_minus_PRED_LEG,target_action_sensitivity,-0.0077955391871479445
C13,99,DIR_minus_PRED_LEG,target_value_span,-0.002320012710123065
C13,99,DIR_minus_PRED_LEG,decoder_parameter_count,0.0
C13,99,DIR_minus_PRED_LEG,film_modulation_norm_mean,0.0
C13,99,DIR_minus_PRED_LEG,film_modulation_norm_max,0.0
C13,99,DIR_minus_PRED_LEG,behavior_replay_mismatch,0.0
C13,99,DIR_minus_PRED_LEG,option_success_fraction,-0.006709491270349213
C13,123,DIR_minus_PRED_LEG,coverage_auc,5.146894735448502
C13,123,DIR_minus_PRED_LEG,dg_density,-0.0015994763698424994
C13,123,DIR_minus_PRED_LEG,dg_silent_fraction,0.11809156064830953
C13,123,DIR_minus_PRED_LEG,dg_usage_entropy,-0.07484409552744009
C13,123,DIR_minus_PRED_LEG,recruitment_total,-4.0
C13,123,DIR_minus_PRED_LEG,repeat_assignments,0.0
C13,123,DIR_minus_PRED_LEG,bad_source_assignments,0.0
C13,123,DIR_minus_PRED_LEG,duplicate_assignments,0.0
C13,123,DIR_minus_PRED_LEG,predictive_assignments,0.0
C13,123,DIR_minus_PRED_LEG,attempt_coverage,0.09963347231881592
C13,123,DIR_minus_PRED_LEG,fully_tested_count,0.0
C13,123,DIR_minus_PRED_LEG,zero_outdegree_count,-0.5592105263157894
C13,123,DIR_minus_PRED_LEG,untested_zero_outdegree_count,-0.5592105263157894
C13,123,DIR_minus_PRED_LEG,bad_source_count,0.0
C13,123,DIR_minus_PRED_LEG,reliable_out_degree_mean,0.03495065789473684
C13,123,DIR_minus_PRED_LEG,predictive_event_count,-6.880794701986755
C13,123,DIR_minus_PRED_LEG,predictive_context_groups,-5.781456953642384
C13,123,DIR_minus_PRED_LEG,predictive_eligible_count,0.0
C13,123,DIR_minus_PRED_LEG,predictive_reliability_gap,0.0
C13,123,DIR_minus_PRED_LEG,largest_scc,0.0
C13,123,DIR_minus_PRED_LEG,reachable_pair_fraction,0.002357456257174674
C13,123,DIR_minus_PRED_LEG,reciprocal_fraction,0.0
C13,123,DIR_minus_PRED_LEG,top3_incoming_share,0.5394736842105263
C13,123,DIR_minus_PRED_LEG,target_hit_lift,6.448453254623772
C13,123,DIR_minus_PRED_LEG,target_action_sensitivity,-0.017438027297861827
C13,123,DIR_minus_PRED_LEG,target_value_span,-0.01845938164309711
C13,123,DIR_minus_PRED_LEG,decoder_parameter_count,0.0
C13,123,DIR_minus_PRED_LEG,film_modulation_norm_mean,0.0
C13,123,DIR_minus_PRED_LEG,film_modulation_norm_max,0.0
C13,123,DIR_minus_PRED_LEG,behavior_replay_mismatch,0.0
C13,123,DIR_minus_PRED_LEG,option_success_fraction,0.014674041707993187
C15,8,DIR_minus_PRED_LEG,coverage_auc,-1.9232134066130016
C15,8,DIR_minus_PRED_LEG,dg_density,0.0016081960577713807
C15,8,DIR_minus_PRED_LEG,dg_silent_fraction,0.0
C15,8,DIR_minus_PRED_LEG,dg_usage_entropy,3.580709821304762e-05
C15,8,DIR_minus_PRED_LEG,recruitment_total,0.0
C15,8,DIR_minus_PRED_LEG,repeat_assignments,0.0
C15,8,DIR_minus_PRED_LEG,bad_source_assignments,0.0
C15,8,DIR_minus_PRED_LEG,duplicate_assignments,0.0
C15,8,DIR_minus_PRED_LEG,predictive_assignments,0.0
C15,8,DIR_minus_PRED_LEG,attempt_coverage,0.0017818051733469176
C15,8,DIR_minus_PRED_LEG,fully_tested_count,-0.6118421052631575
C15,8,DIR_minus_PRED_LEG,zero_outdegree_count,-0.21052631578947367
C15,8,DIR_minus_PRED_LEG,untested_zero_outdegree_count,0.0
C15,8,DIR_minus_PRED_LEG,bad_source_count,-0.21052631578947367
C15,8,DIR_minus_PRED_LEG,reliable_out_degree_mean,-0.10238486842105265
C15,8,DIR_minus_PRED_LEG,predictive_event_count,-9.447368421052632
C15,8,DIR_minus_PRED_LEG,predictive_context_groups,-7.697368421052632
C15,8,DIR_minus_PRED_LEG,predictive_eligible_count,-0.09210526315789473
C15,8,DIR_minus_PRED_LEG,predictive_reliability_gap,-0.032785087872884776
C15,8,DIR_minus_PRED_LEG,largest_scc,0.4539473684210513
C15,8,DIR_minus_PRED_LEG,reachable_pair_fraction,0.022203942662791132
C15,8,DIR_minus_PRED_LEG,reciprocal_fraction,0.04149485565721986
C15,8,DIR_minus_PRED_LEG,top3_incoming_share,-0.05005443017733724
C15,8,DIR_minus_PRED_LEG,target_hit_lift,0.14805753195756355
C15,8,DIR_minus_PRED_LEG,target_action_sensitivity,0.0004330401921163827
C15,8,DIR_minus_PRED_LEG,target_value_span,-0.0019442361103995751
C15,8,DIR_minus_PRED_LEG,decoder_parameter_count,0.0
C15,8,DIR_minus_PRED_LEG,film_modulation_norm_mean,0.0
C15,8,DIR_minus_PRED_LEG,film_modulation_norm_max,0.0
C15,8,DIR_minus_PRED_LEG,behavior_replay_mismatch,0.0
C15,8,DIR_minus_PRED_LEG,option_success_fraction,0.0206909963714057
C15,99,DIR_minus_PRED_LEG,coverage_auc,10.05898799853749
C15,99,DIR_minus_PRED_LEG,dg_density,0.0007508930407072352
C15,99,DIR_minus_PRED_LEG,dg_silent_fraction,0.0
C15,99,DIR_minus_PRED_LEG,dg_usage_entropy,0.0005812480261452313
C15,99,DIR_minus_PRED_LEG,recruitment_total,0.0
C15,99,DIR_minus_PRED_LEG,repeat_assignments,0.0
C15,99,DIR_minus_PRED_LEG,bad_source_assignments,0.0
C15,99,DIR_minus_PRED_LEG,duplicate_assignments,0.0
C15,99,DIR_minus_PRED_LEG,predictive_assignments,0.0
C15,99,DIR_minus_PRED_LEG,attempt_coverage,-0.014638174913431445
C15,99,DIR_minus_PRED_LEG,fully_tested_count,-2.6315789473684195
C15,99,DIR_minus_PRED_LEG,zero_outdegree_count,-0.756578947368421
C15,99,DIR_minus_PRED_LEG,untested_zero_outdegree_count,-0.34210526315789475
C15,99,DIR_minus_PRED_LEG,bad_source_count,-0.4144736842105263
C15,99,DIR_minus_PRED_LEG,reliable_out_degree_mean,2.202713815789474
C15,99,DIR_minus_PRED_LEG,predictive_event_count,-8.296052631578947
C15,99,DIR_minus_PRED_LEG,predictive_context_groups,-7.1381578947368425
C15,99,DIR_minus_PRED_LEG,predictive_eligible_count,-0.07236842105263158
C15,99,DIR_minus_PRED_LEG,predictive_reliability_gap,-0.027302631814228862
C15,99,DIR_minus_PRED_LEG,largest_scc,4.046052631578947
C15,99,DIR_minus_PRED_LEG,reachable_pair_fraction,0.2360471604686034
C15,99,DIR_minus_PRED_LEG,reciprocal_fraction,0.08641631842443817
C15,99,DIR_minus_PRED_LEG,top3_incoming_share,-0.20207143437705544
C15,99,DIR_minus_PRED_LEG,target_hit_lift,0.08083031914736105
C15,99,DIR_minus_PRED_LEG,target_action_sensitivity,-1.523407359184381e-06
C15,99,DIR_minus_PRED_LEG,target_value_span,0.013426924599690734
C15,99,DIR_minus_PRED_LEG,decoder_parameter_count,0.0
C15,99,DIR_minus_PRED_LEG,film_modulation_norm_mean,0.0
C15,99,DIR_minus_PRED_LEG,film_modulation_norm_max,0.0
C15,99,DIR_minus_PRED_LEG,behavior_replay_mismatch,0.0
C15,99,DIR_minus_PRED_LEG,option_success_fraction,0.016570770610614044
C15,123,DIR_minus_PRED_LEG,coverage_auc,-45.20659804390126
C15,123,DIR_minus_PRED_LEG,dg_density,-0.0007856587742047262
C15,123,DIR_minus_PRED_LEG,dg_silent_fraction,0.0
C15,123,DIR_minus_PRED_LEG,dg_usage_entropy,-0.001443905847419158
C15,123,DIR_minus_PRED_LEG,recruitment_total,0.0
C15,123,DIR_minus_PRED_LEG,repeat_assignments,0.0
C15,123,DIR_minus_PRED_LEG,bad_source_assignments,0.0
C15,123,DIR_minus_PRED_LEG,duplicate_assignments,0.0
C15,123,DIR_minus_PRED_LEG,predictive_assignments,0.0
C15,123,DIR_minus_PRED_LEG,attempt_coverage,0.016567541240253836
C15,123,DIR_minus_PRED_LEG,fully_tested_count,3.3721680027884275
C15,123,DIR_minus_PRED_LEG,zero_outdegree_count,0.5986842105263158
C15,123,DIR_minus_PRED_LEG,untested_zero_outdegree_count,0.3881578947368421
C15,123,DIR_minus_PRED_LEG,bad_source_count,0.21052631578947367
C15,123,DIR_minus_PRED_LEG,reliable_out_degree_mean,-3.4185610186476123
C15,123,DIR_minus_PRED_LEG,predictive_event_count,-10.019867549668874
C15,123,DIR_minus_PRED_LEG,predictive_context_groups,-8.708609271523178
C15,123,DIR_minus_PRED_LEG,predictive_eligible_count,-0.0728476821192053
C15,123,DIR_minus_PRED_LEG,predictive_reliability_gap,-0.02388836354609357
C15,123,DIR_minus_PRED_LEG,largest_scc,-6.455733705123736
C15,123,DIR_minus_PRED_LEG,reachable_pair_fraction,-0.33604169866792744
C15,123,DIR_minus_PRED_LEG,reciprocal_fraction,-0.20037851390925832
C15,123,DIR_minus_PRED_LEG,top3_incoming_share,0.12636822668407677
C15,123,DIR_minus_PRED_LEG,target_hit_lift,12.288849231345223
C15,123,DIR_minus_PRED_LEG,target_action_sensitivity,0.0010169904284261302
C15,123,DIR_minus_PRED_LEG,target_value_span,-0.0013720664245240564
C15,123,DIR_minus_PRED_LEG,decoder_parameter_count,0.0
C15,123,DIR_minus_PRED_LEG,film_modulation_norm_mean,0.0
C15,123,DIR_minus_PRED_LEG,film_modulation_norm_max,0.0
C15,123,DIR_minus_PRED_LEG,behavior_replay_mismatch,0.0
C15,123,DIR_minus_PRED_LEG,option_success_fraction,-0.0415432000865153
C05,8,DIR_minus_PRED_FILM,coverage_auc,2.5141476536406415
C05,8,DIR_minus_PRED_FILM,dg_density,0.002690365439967108
C05,8,DIR_minus_PRED_FILM,dg_silent_fraction,0.0
C05,8,DIR_minus_PRED_FILM,dg_usage_entropy,0.008445648770583292
C05,8,DIR_minus_PRED_FILM,recruitment_total,-1.0
C05,8,DIR_minus_PRED_FILM,repeat_assignments,0.0
C05,8,DIR_minus_PRED_FILM,bad_source_assignments,0.0
C05,8,DIR_minus_PRED_FILM,duplicate_assignments,0.0
C05,8,DIR_minus_PRED_FILM,predictive_assignments,0.0
C05,8,DIR_minus_PRED_FILM,attempt_coverage,0.0122532871012625
C05,8,DIR_minus_PRED_FILM,fully_tested_count,0.0
C05,8,DIR_minus_PRED_FILM,zero_outdegree_count,2.7434210526315788
C05,8,DIR_minus_PRED_FILM,untested_zero_outdegree_count,2.7434210526315788
C05,8,DIR_minus_PRED_FILM,bad_source_count,0.0
C05,8,DIR_minus_PRED_FILM,reliable_out_degree_mean,-0.09868421052631582
C05,8,DIR_minus_PRED_FILM,predictive_event_count,-136.14473684210526
C05,8,DIR_minus_PRED_FILM,predictive_context_groups,-67.24342105263158
C05,8,DIR_minus_PRED_FILM,predictive_eligible_count,-1.2894736842105263
C05,8,DIR_minus_PRED_FILM,predictive_reliability_gap,-0.3645877923914476
C05,8,DIR_minus_PRED_FILM,largest_scc,0.0
C05,8,DIR_minus_PRED_FILM,reachable_pair_fraction,-0.0066337717549973425
C05,8,DIR_minus_PRED_FILM,reciprocal_fraction,0.0
C05,8,DIR_minus_PRED_FILM,top3_incoming_share,-0.0025776212936954312
C05,8,DIR_minus_PRED_FILM,target_hit_lift,-0.01412877989442718
C05,8,DIR_minus_PRED_FILM,target_action_sensitivity,0.012936945477696624
C05,8,DIR_minus_PRED_FILM,target_value_span,0.004153522788424438
C05,8,DIR_minus_PRED_FILM,decoder_parameter_count,0.0
C05,8,DIR_minus_PRED_FILM,film_modulation_norm_mean,-0.10653236910308664
C05,8,DIR_minus_PRED_FILM,film_modulation_norm_max,-0.47139975310940496
C05,8,DIR_minus_PRED_FILM,behavior_replay_mismatch,0.0
C05,8,DIR_minus_PRED_FILM,option_success_fraction,0.15800692118998422
C05,99,DIR_minus_PRED_FILM,coverage_auc,2.4288985141328894
C05,99,DIR_minus_PRED_FILM,dg_density,0.0012927808259662818
C05,99,DIR_minus_PRED_FILM,dg_silent_fraction,0.0
C05,99,DIR_minus_PRED_FILM,dg_usage_entropy,-0.0026486786572557097
C05,99,DIR_minus_PRED_FILM,recruitment_total,0.0
C05,99,DIR_minus_PRED_FILM,repeat_assignments,0.0
C05,99,DIR_minus_PRED_FILM,bad_source_assignments,0.0
C05,99,DIR_minus_PRED_FILM,duplicate_assignments,0.0
C05,99,DIR_minus_PRED_FILM,predictive_assignments,0.0
C05,99,DIR_minus_PRED_FILM,attempt_coverage,0.018256579084615948
C05,99,DIR_minus_PRED_FILM,fully_tested_count,0.0
C05,99,DIR_minus_PRED_FILM,zero_outdegree_count,7.651315789473684
C05,99,DIR_minus_PRED_FILM,untested_zero_outdegree_count,7.651315789473684
C05,99,DIR_minus_PRED_FILM,bad_source_count,0.0
C05,99,DIR_minus_PRED_FILM,reliable_out_degree_mean,-0.5982730263157894
C05,99,DIR_minus_PRED_FILM,predictive_event_count,-384.39473684210526
C05,99,DIR_minus_PRED_FILM,predictive_context_groups,-68.76315789473684
C05,99,DIR_minus_PRED_FILM,predictive_eligible_count,-1.3355263157894737
C05,99,DIR_minus_PRED_FILM,predictive_reliability_gap,-0.38433498482366923
C05,99,DIR_minus_PRED_FILM,largest_scc,-1.0
C05,99,DIR_minus_PRED_FILM,reachable_pair_fraction,-0.047450659330934286
C05,99,DIR_minus_PRED_FILM,reciprocal_fraction,-0.1510690575171458
C05,99,DIR_minus_PRED_FILM,top3_incoming_share,-1.0195531308099248e-08
C05,99,DIR_minus_PRED_FILM,target_hit_lift,-0.2095018542910877
C05,99,DIR_minus_PRED_FILM,target_action_sensitivity,0.008859997492675721
C05,99,DIR_minus_PRED_FILM,target_value_span,-0.0061098724039957706
C05,99,DIR_minus_PRED_FILM,decoder_parameter_count,0.0
C05,99,DIR_minus_PRED_FILM,film_modulation_norm_mean,0.055723047668212344
C05,99,DIR_minus_PRED_FILM,film_modulation_norm_max,0.04313932202364279
C05,99,DIR_minus_PRED_FILM,behavior_replay_mismatch,0.0
C05,99,DIR_minus_PRED_FILM,option_success_fraction,-0.16350529166428665
C05,123,DIR_minus_PRED_FILM,coverage_auc,24.334174420046914
C05,123,DIR_minus_PRED_FILM,dg_density,0.004866966621412772
C05,123,DIR_minus_PRED_FILM,dg_silent_fraction,0.0
C05,123,DIR_minus_PRED_FILM,dg_usage_entropy,0.013109119604265529
C05,123,DIR_minus_PRED_FILM,recruitment_total,0.0
C05,123,DIR_minus_PRED_FILM,repeat_assignments,0.0
C05,123,DIR_minus_PRED_FILM,bad_source_assignments,0.0
C05,123,DIR_minus_PRED_FILM,duplicate_assignments,0.0
C05,123,DIR_minus_PRED_FILM,predictive_assignments,0.0
C05,123,DIR_minus_PRED_FILM,attempt_coverage,0.018232764283401343
C05,123,DIR_minus_PRED_FILM,fully_tested_count,0.0
C05,123,DIR_minus_PRED_FILM,zero_outdegree_count,-0.9831669691470051
C05,123,DIR_minus_PRED_FILM,untested_zero_outdegree_count,-0.9831669691470051
C05,123,DIR_minus_PRED_FILM,bad_source_count,0.0
C05,123,DIR_minus_PRED_FILM,reliable_out_degree_mean,0.12106964609800364
C05,123,DIR_minus_PRED_FILM,predictive_event_count,-417.4
C05,123,DIR_minus_PRED_FILM,predictive_context_groups,-155.44827586206895
C05,123,DIR_minus_PRED_FILM,predictive_eligible_count,-8.779310344827586
C05,123,DIR_minus_PRED_FILM,predictive_reliability_gap,-0.6449201633190287
C05,123,DIR_minus_PRED_FILM,largest_scc,0.23026315789473695
C05,123,DIR_minus_PRED_FILM,reachable_pair_fraction,0.008554144015116533
C05,123,DIR_minus_PRED_FILM,reciprocal_fraction,0.10526315848294057
C05,123,DIR_minus_PRED_FILM,top3_incoming_share,-1.9796098094104764e-09
C05,123,DIR_minus_PRED_FILM,target_hit_lift,0.18708673207978377
C05,123,DIR_minus_PRED_FILM,target_action_sensitivity,-0.03642065142871459
C05,123,DIR_minus_PRED_FILM,target_value_span,-0.0026044009956153044
C05,123,DIR_minus_PRED_FILM,decoder_parameter_count,0.0
C05,123,DIR_minus_PRED_FILM,film_modulation_norm_mean,-0.018613323660570807
C05,123,DIR_minus_PRED_FILM,film_modulation_norm_max,-0.30053209482054954
C05,123,DIR_minus_PRED_FILM,behavior_replay_mismatch,0.0
C05,123,DIR_minus_PRED_FILM,option_success_fraction,-0.06655004591703884
C13,8,DIR_minus_PRED_FILM,coverage_auc,15.993142357072415
C13,8,DIR_minus_PRED_FILM,dg_density,0.002363907663445724
C13,8,DIR_minus_PRED_FILM,dg_silent_fraction,-0.03248355263157898
C13,8,DIR_minus_PRED_FILM,dg_usage_entropy,0.04830943048000336
C13,8,DIR_minus_PRED_FILM,recruitment_total,-2.0
C13,8,DIR_minus_PRED_FILM,repeat_assignments,0.0
C13,8,DIR_minus_PRED_FILM,bad_source_assignments,0.0
C13,8,DIR_minus_PRED_FILM,duplicate_assignments,0.0
C13,8,DIR_minus_PRED_FILM,predictive_assignments,0.0
C13,8,DIR_minus_PRED_FILM,attempt_coverage,0.022121710114573173
C13,8,DIR_minus_PRED_FILM,fully_tested_count,0.0
C13,8,DIR_minus_PRED_FILM,zero_outdegree_count,-0.0789473684210531
C13,8,DIR_minus_PRED_FILM,untested_zero_outdegree_count,-0.0789473684210531
C13,8,DIR_minus_PRED_FILM,bad_source_count,0.0
C13,8,DIR_minus_PRED_FILM,reliable_out_degree_mean,0.004934210526315789
C13,8,DIR_minus_PRED_FILM,predictive_event_count,-4.657894736842105
C13,8,DIR_minus_PRED_FILM,predictive_context_groups,-3.9539473684210527
C13,8,DIR_minus_PRED_FILM,predictive_eligible_count,0.0
C13,8,DIR_minus_PRED_FILM,predictive_reliability_gap,0.0
C13,8,DIR_minus_PRED_FILM,largest_scc,0.0
C13,8,DIR_minus_PRED_FILM,reachable_pair_fraction,0.00030153510344557857
C13,8,DIR_minus_PRED_FILM,reciprocal_fraction,0.0
C13,8,DIR_minus_PRED_FILM,top3_incoming_share,0.07236842105263158
C13,8,DIR_minus_PRED_FILM,target_hit_lift,43.430931303454074
C13,8,DIR_minus_PRED_FILM,target_action_sensitivity,-0.009315437033747959
C13,8,DIR_minus_PRED_FILM,target_value_span,0.00341831103555466
C13,8,DIR_minus_PRED_FILM,decoder_parameter_count,0.0
C13,8,DIR_minus_PRED_FILM,film_modulation_norm_mean,0.1625360842598112
C13,8,DIR_minus_PRED_FILM,film_modulation_norm_max,0.6148499493536197
C13,8,DIR_minus_PRED_FILM,behavior_replay_mismatch,0.0
C13,8,DIR_minus_PRED_FILM,option_success_fraction,0.00383323342784455
C13,99,DIR_minus_PRED_FILM,coverage_auc,-5.5484681027913965
C13,99,DIR_minus_PRED_FILM,dg_density,0.001502388402035362
C13,99,DIR_minus_PRED_FILM,dg_silent_fraction,-0.06825657894736847
C13,99,DIR_minus_PRED_FILM,dg_usage_entropy,0.043225822872237085
C13,99,DIR_minus_PRED_FILM,recruitment_total,-1.0
C13,99,DIR_minus_PRED_FILM,repeat_assignments,0.0
C13,99,DIR_minus_PRED_FILM,bad_source_assignments,0.0
C13,99,DIR_minus_PRED_FILM,duplicate_assignments,0.0
C13,99,DIR_minus_PRED_FILM,predictive_assignments,0.0
C13,99,DIR_minus_PRED_FILM,attempt_coverage,0.04945174942871458
C13,99,DIR_minus_PRED_FILM,fully_tested_count,0.0
C13,99,DIR_minus_PRED_FILM,zero_outdegree_count,-0.00657894736842124
C13,99,DIR_minus_PRED_FILM,untested_zero_outdegree_count,-0.00657894736842124
C13,99,DIR_minus_PRED_FILM,bad_source_count,0.0
C13,99,DIR_minus_PRED_FILM,reliable_out_degree_mean,0.00041118421052631577
C13,99,DIR_minus_PRED_FILM,predictive_event_count,-5.434210526315789
C13,99,DIR_minus_PRED_FILM,predictive_context_groups,-4.131578947368421
C13,99,DIR_minus_PRED_FILM,predictive_eligible_count,0.0
C13,99,DIR_minus_PRED_FILM,predictive_reliability_gap,0.0
C13,99,DIR_minus_PRED_FILM,largest_scc,0.0
C13,99,DIR_minus_PRED_FILM,reachable_pair_fraction,2.7412282131416233e-05
C13,99,DIR_minus_PRED_FILM,reciprocal_fraction,0.0
C13,99,DIR_minus_PRED_FILM,top3_incoming_share,0.006578947368421052
C13,99,DIR_minus_PRED_FILM,target_hit_lift,55.38039467405332
C13,99,DIR_minus_PRED_FILM,target_action_sensitivity,0.011650429732215247
C13,99,DIR_minus_PRED_FILM,target_value_span,-0.004139584244081847
C13,99,DIR_minus_PRED_FILM,decoder_parameter_count,0.0
C13,99,DIR_minus_PRED_FILM,film_modulation_norm_mean,0.28531600221207265
C13,99,DIR_minus_PRED_FILM,film_modulation_norm_max,-0.15246482428751484
C13,99,DIR_minus_PRED_FILM,behavior_replay_mismatch,0.0
C13,99,DIR_minus_PRED_FILM,option_success_fraction,0.0016675425791426706
C13,123,DIR_minus_PRED_FILM,coverage_auc,0.6781807531066235
C13,123,DIR_minus_PRED_FILM,dg_density,0.00291041324013158
C13,123,DIR_minus_PRED_FILM,dg_silent_fraction,-0.004523026315789491
C13,123,DIR_minus_PRED_FILM,dg_usage_entropy,0.05027329294305094
C13,123,DIR_minus_PRED_FILM,recruitment_total,-2.0
C13,123,DIR_minus_PRED_FILM,repeat_assignments,0.0
C13,123,DIR_minus_PRED_FILM,bad_source_assignments,0.0
C13,123,DIR_minus_PRED_FILM,duplicate_assignments,0.0
C13,123,DIR_minus_PRED_FILM,predictive_assignments,0.0
C13,123,DIR_minus_PRED_FILM,attempt_coverage,0.060471490123554295
C13,123,DIR_minus_PRED_FILM,fully_tested_count,0.0
C13,123,DIR_minus_PRED_FILM,zero_outdegree_count,0.0
C13,123,DIR_minus_PRED_FILM,untested_zero_outdegree_count,0.0
C13,123,DIR_minus_PRED_FILM,bad_source_count,0.0
C13,123,DIR_minus_PRED_FILM,reliable_out_degree_mean,0.0
C13,123,DIR_minus_PRED_FILM,predictive_event_count,-5.677631578947368
C13,123,DIR_minus_PRED_FILM,predictive_context_groups,-4.894736842105263
C13,123,DIR_minus_PRED_FILM,predictive_eligible_count,0.0
C13,123,DIR_minus_PRED_FILM,predictive_reliability_gap,0.0
C13,123,DIR_minus_PRED_FILM,largest_scc,0.0
C13,123,DIR_minus_PRED_FILM,reachable_pair_fraction,0.0
C13,123,DIR_minus_PRED_FILM,reciprocal_fraction,0.0
C13,123,DIR_minus_PRED_FILM,top3_incoming_share,0.0
C13,123,DIR_minus_PRED_FILM,target_hit_lift,-18.05953275157433
C13,123,DIR_minus_PRED_FILM,target_action_sensitivity,-0.002463634658947979
C13,123,DIR_minus_PRED_FILM,target_value_span,-0.004608925695433037
C13,123,DIR_minus_PRED_FILM,decoder_parameter_count,0.0
C13,123,DIR_minus_PRED_FILM,film_modulation_norm_mean,0.1275827502341647
C13,123,DIR_minus_PRED_FILM,film_modulation_norm_max,-0.10738237829584829
C13,123,DIR_minus_PRED_FILM,behavior_replay_mismatch,0.0
C13,123,DIR_minus_PRED_FILM,option_success_fraction,0.01934643060361084
C15,8,DIR_minus_PRED_FILM,coverage_auc,2.216341607774126
C15,8,DIR_minus_PRED_FILM,dg_density,-0.001550738320966659
C15,8,DIR_minus_PRED_FILM,dg_silent_fraction,0.0
C15,8,DIR_minus_PRED_FILM,dg_usage_entropy,0.0017756101403511027
C15,8,DIR_minus_PRED_FILM,recruitment_total,0.0
C15,8,DIR_minus_PRED_FILM,repeat_assignments,0.0
C15,8,DIR_minus_PRED_FILM,bad_source_assignments,0.0
C15,8,DIR_minus_PRED_FILM,duplicate_assignments,0.0
C15,8,DIR_minus_PRED_FILM,predictive_assignments,0.0
C15,8,DIR_minus_PRED_FILM,attempt_coverage,5.9806559074448984e-05
C15,8,DIR_minus_PRED_FILM,fully_tested_count,-0.4078947368421044
C15,8,DIR_minus_PRED_FILM,zero_outdegree_count,0.0
C15,8,DIR_minus_PRED_FILM,untested_zero_outdegree_count,0.0
C15,8,DIR_minus_PRED_FILM,bad_source_count,0.0
C15,8,DIR_minus_PRED_FILM,reliable_out_degree_mean,-1.2571770334928223
C15,8,DIR_minus_PRED_FILM,predictive_event_count,-16.556818181818183
C15,8,DIR_minus_PRED_FILM,predictive_context_groups,-13.113636363636363
C15,8,DIR_minus_PRED_FILM,predictive_eligible_count,-0.14772727272727273
C15,8,DIR_minus_PRED_FILM,predictive_reliability_gap,-0.03712121227925474
C15,8,DIR_minus_PRED_FILM,largest_scc,-0.011961722488038617
C15,8,DIR_minus_PRED_FILM,reachable_pair_fraction,-0.0007949560951958645
C15,8,DIR_minus_PRED_FILM,reciprocal_fraction,-0.09371824082183211
C15,8,DIR_minus_PRED_FILM,top3_incoming_share,0.0371970593145019
C15,8,DIR_minus_PRED_FILM,target_hit_lift,-0.03861668388666717
C15,8,DIR_minus_PRED_FILM,target_action_sensitivity,0.002769582805727302
C15,8,DIR_minus_PRED_FILM,target_value_span,0.0031524065895335816
C15,8,DIR_minus_PRED_FILM,decoder_parameter_count,0.0
C15,8,DIR_minus_PRED_FILM,film_modulation_norm_mean,0.027992405781620433
C15,8,DIR_minus_PRED_FILM,film_modulation_norm_max,-0.019108239899982005
C15,8,DIR_minus_PRED_FILM,behavior_replay_mismatch,0.0
C15,8,DIR_minus_PRED_FILM,option_success_fraction,0.01953392894715783
C15,99,DIR_minus_PRED_FILM,coverage_auc,-13.403443411494912
C15,99,DIR_minus_PRED_FILM,dg_density,0.0002939324629934216
C15,99,DIR_minus_PRED_FILM,dg_silent_fraction,0.0
C15,99,DIR_minus_PRED_FILM,dg_usage_entropy,0.001899763157493184
C15,99,DIR_minus_PRED_FILM,recruitment_total,0.0
C15,99,DIR_minus_PRED_FILM,repeat_assignments,0.0
C15,99,DIR_minus_PRED_FILM,bad_source_assignments,0.0
C15,99,DIR_minus_PRED_FILM,duplicate_assignments,0.0
C15,99,DIR_minus_PRED_FILM,predictive_assignments,0.0
C15,99,DIR_minus_PRED_FILM,attempt_coverage,0.01674890675042806
C15,99,DIR_minus_PRED_FILM,fully_tested_count,2.894736842105263
C15,99,DIR_minus_PRED_FILM,zero_outdegree_count,-0.03289473684210526
C15,99,DIR_minus_PRED_FILM,untested_zero_outdegree_count,0.0
C15,99,DIR_minus_PRED_FILM,bad_source_count,-0.03289473684210526
C15,99,DIR_minus_PRED_FILM,reliable_out_degree_mean,-0.05427631578947434
C15,99,DIR_minus_PRED_FILM,predictive_event_count,-13.348684210526315
C15,99,DIR_minus_PRED_FILM,predictive_context_groups,-11.203947368421053
C15,99,DIR_minus_PRED_FILM,predictive_eligible_count,-0.1513157894736842
C15,99,DIR_minus_PRED_FILM,predictive_reliability_gap,-0.03855733156792427
C15,99,DIR_minus_PRED_FILM,largest_scc,-0.4078947368421044
C15,99,DIR_minus_PRED_FILM,reachable_pair_fraction,-0.02319078931682983
C15,99,DIR_minus_PRED_FILM,reciprocal_fraction,-0.013777117784086024
C15,99,DIR_minus_PRED_FILM,top3_incoming_share,0.010864773471104483
C15,99,DIR_minus_PRED_FILM,target_hit_lift,-8.48330082273797
C15,99,DIR_minus_PRED_FILM,target_action_sensitivity,-5.539925960444149e-05
C15,99,DIR_minus_PRED_FILM,target_value_span,0.0007557398949804943
C15,99,DIR_minus_PRED_FILM,decoder_parameter_count,0.0
C15,99,DIR_minus_PRED_FILM,film_modulation_norm_mean,0.09505870663806004
C15,99,DIR_minus_PRED_FILM,film_modulation_norm_max,-0.08678040457399261
C15,99,DIR_minus_PRED_FILM,behavior_replay_mismatch,0.0
C15,99,DIR_minus_PRED_FILM,option_success_fraction,-0.006273933171637741
C15,123,DIR_minus_PRED_FILM,coverage_auc,24.468435824423125
C15,123,DIR_minus_PRED_FILM,dg_density,0.0007575185675370057
C15,123,DIR_minus_PRED_FILM,dg_silent_fraction,0.0
C15,123,DIR_minus_PRED_FILM,dg_usage_entropy,-0.006325420972548068
C15,123,DIR_minus_PRED_FILM,recruitment_total,0.0
C15,123,DIR_minus_PRED_FILM,repeat_assignments,0.0
C15,123,DIR_minus_PRED_FILM,bad_source_assignments,0.0
C15,123,DIR_minus_PRED_FILM,duplicate_assignments,0.0
C15,123,DIR_minus_PRED_FILM,predictive_assignments,0.0
C15,123,DIR_minus_PRED_FILM,attempt_coverage,0.029139265810188553
C15,123,DIR_minus_PRED_FILM,fully_tested_count,6.434210526315789
C15,123,DIR_minus_PRED_FILM,zero_outdegree_count,0.0
C15,123,DIR_minus_PRED_FILM,untested_zero_outdegree_count,0.0
C15,123,DIR_minus_PRED_FILM,bad_source_count,0.0
C15,123,DIR_minus_PRED_FILM,reliable_out_degree_mean,0.2907072368421053
C15,123,DIR_minus_PRED_FILM,predictive_event_count,-14.81578947368421
C15,123,DIR_minus_PRED_FILM,predictive_context_groups,-11.710526315789474
C15,123,DIR_minus_PRED_FILM,predictive_eligible_count,-0.14473684210526316
C15,123,DIR_minus_PRED_FILM,predictive_reliability_gap,-0.045065789728572496
C15,123,DIR_minus_PRED_FILM,largest_scc,-0.18421052631578938
C15,123,DIR_minus_PRED_FILM,reachable_pair_fraction,-0.01173245593121175
C15,123,DIR_minus_PRED_FILM,reciprocal_fraction,0.01584596980951336
C15,123,DIR_minus_PRED_FILM,top3_incoming_share,-0.05068904337914365
C15,123,DIR_minus_PRED_FILM,target_hit_lift,0.15420396900490707
C15,123,DIR_minus_PRED_FILM,target_action_sensitivity,0.0036984912593126
C15,123,DIR_minus_PRED_FILM,target_value_span,-0.0002551229615499716
C15,123,DIR_minus_PRED_FILM,decoder_parameter_count,0.0
C15,123,DIR_minus_PRED_FILM,film_modulation_norm_mean,0.008072265668919276
C15,123,DIR_minus_PRED_FILM,film_modulation_norm_max,0.012272536754608154
C15,123,DIR_minus_PRED_FILM,behavior_replay_mismatch,0.0
C15,123,DIR_minus_PRED_FILM,option_success_fraction,0.020659059702761856
C05,8,FILM_minus_LEG_MON,coverage_auc,-28.517848626503206
C05,8,FILM_minus_LEG_MON,dg_density,-0.009747555381373355
C05,8,FILM_minus_LEG_MON,dg_silent_fraction,0.0
C05,8,FILM_minus_LEG_MON,dg_usage_entropy,-0.01676178017729213
C05,8,FILM_minus_LEG_MON,recruitment_total,0.0
C05,8,FILM_minus_LEG_MON,repeat_assignments,0.0
C05,8,FILM_minus_LEG_MON,bad_source_assignments,0.0
C05,8,FILM_minus_LEG_MON,duplicate_assignments,0.0
C05,8,FILM_minus_LEG_MON,predictive_assignments,0.0
C05,8,FILM_minus_LEG_MON,attempt_coverage,-0.02982456060616595
C05,8,FILM_minus_LEG_MON,fully_tested_count,0.0
C05,8,FILM_minus_LEG_MON,zero_outdegree_count,-2.8421052631578956
C05,8,FILM_minus_LEG_MON,untested_zero_outdegree_count,-2.8421052631578956
C05,8,FILM_minus_LEG_MON,bad_source_count,0.0
C05,8,FILM_minus_LEG_MON,reliable_out_degree_mean,0.17763157894736842
C05,8,FILM_minus_LEG_MON,predictive_event_count,-74.88157894736838
C05,8,FILM_minus_LEG_MON,predictive_context_groups,-52.750000000000014
C05,8,FILM_minus_LEG_MON,predictive_eligible_count,-2.0592105263157894
C05,8,FILM_minus_LEG_MON,predictive_reliability_gap,0.07797087777994183
C05,8,FILM_minus_LEG_MON,largest_scc,0.18421052631578938
C05,8,FILM_minus_LEG_MON,reachable_pair_fraction,0.01367872861508084
C05,8,FILM_minus_LEG_MON,reciprocal_fraction,0.08750000027449507
C05,8,FILM_minus_LEG_MON,top3_incoming_share,0.18421052513938208
C05,8,FILM_minus_LEG_MON,target_hit_lift,0.44918186805750193
C05,8,FILM_minus_LEG_MON,target_action_sensitivity,0.0391403065847331
C05,8,FILM_minus_LEG_MON,target_value_span,0.003655863270212553
C05,8,FILM_minus_LEG_MON,decoder_parameter_count,2048.0
C05,8,FILM_minus_LEG_MON,film_modulation_norm_mean,0.23568945083963244
C05,8,FILM_minus_LEG_MON,film_modulation_norm_max,0.6399996770839942
C05,8,FILM_minus_LEG_MON,behavior_replay_mismatch,0.0
C05,8,FILM_minus_LEG_MON,option_success_fraction,0.09257678143484027
C05,99,FILM_minus_LEG_MON,coverage_auc,-5.521892179873618
C05,99,FILM_minus_LEG_MON,dg_density,-0.0031824613872327295
C05,99,FILM_minus_LEG_MON,dg_silent_fraction,0.0
C05,99,FILM_minus_LEG_MON,dg_usage_entropy,0.013745956515010982
C05,99,FILM_minus_LEG_MON,recruitment_total,0.0
C05,99,FILM_minus_LEG_MON,repeat_assignments,0.0
C05,99,FILM_minus_LEG_MON,bad_source_assignments,0.0
C05,99,FILM_minus_LEG_MON,duplicate_assignments,0.0
C05,99,FILM_minus_LEG_MON,predictive_assignments,0.0
C05,99,FILM_minus_LEG_MON,attempt_coverage,-0.05416666784960972
C05,99,FILM_minus_LEG_MON,fully_tested_count,0.0
C05,99,FILM_minus_LEG_MON,zero_outdegree_count,-6.651315789473683
C05,99,FILM_minus_LEG_MON,untested_zero_outdegree_count,-6.651315789473683
C05,99,FILM_minus_LEG_MON,bad_source_count,0.0
C05,99,FILM_minus_LEG_MON,reliable_out_degree_mean,0.516858552631579
C05,99,FILM_minus_LEG_MON,predictive_event_count,-183.13815789473682
C05,99,FILM_minus_LEG_MON,predictive_context_groups,-105.42763157894738
C05,99,FILM_minus_LEG_MON,predictive_eligible_count,-6.894736842105262
C05,99,FILM_minus_LEG_MON,predictive_reliability_gap,0.11164554012449168
C05,99,FILM_minus_LEG_MON,largest_scc,1.0
C05,99,FILM_minus_LEG_MON,reachable_pair_fraction,0.04498355316708943
C05,99,FILM_minus_LEG_MON,reciprocal_fraction,0.20206442259644208
C05,99,FILM_minus_LEG_MON,top3_incoming_share,-0.051085132125176846
C05,99,FILM_minus_LEG_MON,target_hit_lift,-0.04033581834090372
C05,99,FILM_minus_LEG_MON,target_action_sensitivity,0.048696548745379244
C05,99,FILM_minus_LEG_MON,target_value_span,0.022827310972436527
C05,99,FILM_minus_LEG_MON,decoder_parameter_count,2048.0
C05,99,FILM_minus_LEG_MON,film_modulation_norm_mean,0.3588399512595252
C05,99,FILM_minus_LEG_MON,film_modulation_norm_max,1.337988975800966
C05,99,FILM_minus_LEG_MON,behavior_replay_mismatch,0.0
C05,99,FILM_minus_LEG_MON,option_success_fraction,0.04590869538093867
C05,123,FILM_minus_LEG_MON,coverage_auc,1.8108675511449732
C05,123,FILM_minus_LEG_MON,dg_density,0.0047167727821751625
C05,123,FILM_minus_LEG_MON,dg_silent_fraction,0.0
C05,123,FILM_minus_LEG_MON,dg_usage_entropy,0.016708048942841947
C05,123,FILM_minus_LEG_MON,recruitment_total,0.0
C05,123,FILM_minus_LEG_MON,repeat_assignments,0.0
C05,123,FILM_minus_LEG_MON,bad_source_assignments,0.0
C05,123,FILM_minus_LEG_MON,duplicate_assignments,0.0
C05,123,FILM_minus_LEG_MON,predictive_assignments,0.0
C05,123,FILM_minus_LEG_MON,attempt_coverage,0.02382126715230315
C05,123,FILM_minus_LEG_MON,fully_tested_count,0.0
C05,123,FILM_minus_LEG_MON,zero_outdegree_count,4.039473684210526
C05,123,FILM_minus_LEG_MON,untested_zero_outdegree_count,4.039473684210526
C05,123,FILM_minus_LEG_MON,bad_source_count,0.0
C05,123,FILM_minus_LEG_MON,reliable_out_degree_mean,-0.2911184210526315
C05,123,FILM_minus_LEG_MON,predictive_event_count,-98.75657894736838
C05,123,FILM_minus_LEG_MON,predictive_context_groups,10.875
C05,123,FILM_minus_LEG_MON,predictive_eligible_count,-2.1578947368421053
C05,123,FILM_minus_LEG_MON,predictive_reliability_gap,-0.11474309675395489
C05,123,FILM_minus_LEG_MON,largest_scc,-0.375
C05,123,FILM_minus_LEG_MON,reachable_pair_fraction,-0.028645833972596416
C05,123,FILM_minus_LEG_MON,reciprocal_fraction,-0.09194862224945896
C05,123,FILM_minus_LEG_MON,top3_incoming_share,0.04230727647480215
C05,123,FILM_minus_LEG_MON,target_hit_lift,-0.2295663827343991
C05,123,FILM_minus_LEG_MON,target_action_sensitivity,0.009372070407200799
C05,123,FILM_minus_LEG_MON,target_value_span,0.011922234324677112
C05,123,FILM_minus_LEG_MON,decoder_parameter_count,2048.0
C05,123,FILM_minus_LEG_MON,film_modulation_norm_mean,0.21665035325445628
C05,123,FILM_minus_LEG_MON,film_modulation_norm_max,1.0559585580700321
C05,123,FILM_minus_LEG_MON,behavior_replay_mismatch,0.0
C05,123,FILM_minus_LEG_MON,option_success_fraction,-0.19848862371260398
C13,8,FILM_minus_LEG_MON,coverage_auc,-4.824972082082368
C13,8,FILM_minus_LEG_MON,dg_density,0.00535550033837034
C13,8,FILM_minus_LEG_MON,dg_silent_fraction,-0.047012061403508776
C13,8,FILM_minus_LEG_MON,dg_usage_entropy,0.08055627594391512
C13,8,FILM_minus_LEG_MON,recruitment_total,0.0
C13,8,FILM_minus_LEG_MON,repeat_assignments,0.0
C13,8,FILM_minus_LEG_MON,bad_source_assignments,0.0
C13,8,FILM_minus_LEG_MON,duplicate_assignments,0.0
C13,8,FILM_minus_LEG_MON,predictive_assignments,0.0
C13,8,FILM_minus_LEG_MON,attempt_coverage,0.09881213604750341
C13,8,FILM_minus_LEG_MON,fully_tested_count,0.0
C13,8,FILM_minus_LEG_MON,zero_outdegree_count,-0.24342105263157876
C13,8,FILM_minus_LEG_MON,untested_zero_outdegree_count,-0.24342105263157876
C13,8,FILM_minus_LEG_MON,bad_source_count,0.0
C13,8,FILM_minus_LEG_MON,reliable_out_degree_mean,0.015213815789473685
C13,8,FILM_minus_LEG_MON,predictive_event_count,0.4057017543859649
C13,8,FILM_minus_LEG_MON,predictive_context_groups,0.5548245614035086
C13,8,FILM_minus_LEG_MON,predictive_eligible_count,-0.0021929824561403508
C13,8,FILM_minus_LEG_MON,predictive_reliability_gap,-0.0005482456140350877
C13,8,FILM_minus_LEG_MON,largest_scc,0.0
C13,8,FILM_minus_LEG_MON,reachable_pair_fraction,0.0009868421567309845
C13,8,FILM_minus_LEG_MON,reciprocal_fraction,0.0
C13,8,FILM_minus_LEG_MON,top3_incoming_share,0.2236842105263158
C13,8,FILM_minus_LEG_MON,target_hit_lift,18.13669656073315
C13,8,FILM_minus_LEG_MON,target_action_sensitivity,0.019875605198505678
C13,8,FILM_minus_LEG_MON,target_value_span,0.017088709844341667
C13,8,FILM_minus_LEG_MON,decoder_parameter_count,2048.0
C13,8,FILM_minus_LEG_MON,film_modulation_norm_mean,0.428169629879688
C13,8,FILM_minus_LEG_MON,film_modulation_norm_max,1.4801320919865055
C13,8,FILM_minus_LEG_MON,behavior_replay_mismatch,0.0
C13,8,FILM_minus_LEG_MON,option_success_fraction,0.0021252444406089054
C13,99,FILM_minus_LEG_MON,coverage_auc,9.694926182164377
C13,99,FILM_minus_LEG_MON,dg_density,-0.004948866994757401
C13,99,FILM_minus_LEG_MON,dg_silent_fraction,0.24588815789473684
C13,99,FILM_minus_LEG_MON,dg_usage_entropy,-0.14690953336263957
C13,99,FILM_minus_LEG_MON,recruitment_total,0.0
C13,99,FILM_minus_LEG_MON,repeat_assignments,0.0
C13,99,FILM_minus_LEG_MON,bad_source_assignments,0.0
C13,99,FILM_minus_LEG_MON,duplicate_assignments,0.0
C13,99,FILM_minus_LEG_MON,predictive_assignments,0.0
C13,99,FILM_minus_LEG_MON,attempt_coverage,-0.024369520674410616
C13,99,FILM_minus_LEG_MON,fully_tested_count,0.0
C13,99,FILM_minus_LEG_MON,zero_outdegree_count,-0.0789473684210531
C13,99,FILM_minus_LEG_MON,untested_zero_outdegree_count,-0.0789473684210531
C13,99,FILM_minus_LEG_MON,bad_source_count,0.0
C13,99,FILM_minus_LEG_MON,reliable_out_degree_mean,0.004934210526315789
C13,99,FILM_minus_LEG_MON,predictive_event_count,-4.901315789473684
C13,99,FILM_minus_LEG_MON,predictive_context_groups,-3.875
C13,99,FILM_minus_LEG_MON,predictive_eligible_count,0.0
C13,99,FILM_minus_LEG_MON,predictive_reliability_gap,0.0
C13,99,FILM_minus_LEG_MON,largest_scc,0.0
C13,99,FILM_minus_LEG_MON,reachable_pair_fraction,0.000356359667708411
C13,99,FILM_minus_LEG_MON,reciprocal_fraction,0.0
C13,99,FILM_minus_LEG_MON,top3_incoming_share,0.08552631578947369
C13,99,FILM_minus_LEG_MON,target_hit_lift,31.931846563165127
C13,99,FILM_minus_LEG_MON,target_action_sensitivity,-0.007830902983091376
C13,99,FILM_minus_LEG_MON,target_value_span,-0.0017788433469831944
C13,99,FILM_minus_LEG_MON,decoder_parameter_count,2048.0
C13,99,FILM_minus_LEG_MON,film_modulation_norm_mean,0.40110991875592034
C13,99,FILM_minus_LEG_MON,film_modulation_norm_max,1.1626239254286415
C13,99,FILM_minus_LEG_MON,behavior_replay_mismatch,0.0
C13,99,FILM_minus_LEG_MON,option_success_fraction,-0.03495767148897836
C13,123,FILM_minus_LEG_MON,coverage_auc,20.517034661814918
C13,123,FILM_minus_LEG_MON,dg_density,-0.006736153050472864
C13,123,FILM_minus_LEG_MON,dg_silent_fraction,0.009457236842105282
C13,123,FILM_minus_LEG_MON,dg_usage_entropy,-0.06007923460320419
C13,123,FILM_minus_LEG_MON,recruitment_total,0.0
C13,123,FILM_minus_LEG_MON,repeat_assignments,0.0
C13,123,FILM_minus_LEG_MON,bad_source_assignments,0.0
C13,123,FILM_minus_LEG_MON,duplicate_assignments,0.0
C13,123,FILM_minus_LEG_MON,predictive_assignments,0.0
C13,123,FILM_minus_LEG_MON,attempt_coverage,0.06154056922777702
C13,123,FILM_minus_LEG_MON,fully_tested_count,0.0
C13,123,FILM_minus_LEG_MON,zero_outdegree_count,0.1710526315789469
C13,123,FILM_minus_LEG_MON,untested_zero_outdegree_count,0.1710526315789469
C13,123,FILM_minus_LEG_MON,bad_source_count,0.0
C13,123,FILM_minus_LEG_MON,reliable_out_degree_mean,-0.01069078947368421
C13,123,FILM_minus_LEG_MON,predictive_event_count,2.2105263157894743
C13,123,FILM_minus_LEG_MON,predictive_context_groups,0.9605263157894743
C13,123,FILM_minus_LEG_MON,predictive_eligible_count,0.15789473684210525
C13,123,FILM_minus_LEG_MON,predictive_reliability_gap,0.04287280735412711
C13,123,FILM_minus_LEG_MON,largest_scc,0.0
C13,123,FILM_minus_LEG_MON,reachable_pair_fraction,-0.0006853070532854058
C13,123,FILM_minus_LEG_MON,reciprocal_fraction,0.0
C13,123,FILM_minus_LEG_MON,top3_incoming_share,-0.16447368421052633
C13,123,FILM_minus_LEG_MON,target_hit_lift,-41.439841525138995
C13,123,FILM_minus_LEG_MON,target_action_sensitivity,-0.0034881052591739913
C13,123,FILM_minus_LEG_MON,target_value_span,0.006922889847038805
C13,123,FILM_minus_LEG_MON,decoder_parameter_count,2048.0
C13,123,FILM_minus_LEG_MON,film_modulation_norm_mean,0.43130050325079966
C13,123,FILM_minus_LEG_MON,film_modulation_norm_max,1.3651812249108364
C13,123,FILM_minus_LEG_MON,behavior_replay_mismatch,0.0
C13,123,FILM_minus_LEG_MON,option_success_fraction,0.1081325078481122
C15,8,FILM_minus_LEG_MON,coverage_auc,4.733867259897437
C15,8,FILM_minus_LEG_MON,dg_density,-0.0007326226485402966
C15,8,FILM_minus_LEG_MON,dg_silent_fraction,0.0
C15,8,FILM_minus_LEG_MON,dg_usage_entropy,0.000191280716344
C15,8,FILM_minus_LEG_MON,recruitment_total,0.0
C15,8,FILM_minus_LEG_MON,repeat_assignments,0.0
C15,8,FILM_minus_LEG_MON,bad_source_assignments,0.0
C15,8,FILM_minus_LEG_MON,duplicate_assignments,0.0
C15,8,FILM_minus_LEG_MON,predictive_assignments,0.0
C15,8,FILM_minus_LEG_MON,attempt_coverage,-0.01773574595388616
C15,8,FILM_minus_LEG_MON,fully_tested_count,-3.9671052631578956
C15,8,FILM_minus_LEG_MON,zero_outdegree_count,0.0
C15,8,FILM_minus_LEG_MON,untested_zero_outdegree_count,0.0
C15,8,FILM_minus_LEG_MON,bad_source_count,0.0
C15,8,FILM_minus_LEG_MON,reliable_out_degree_mean,-0.6484375
C15,8,FILM_minus_LEG_MON,predictive_event_count,1.828947368421053
C15,8,FILM_minus_LEG_MON,predictive_context_groups,1.296052631578947
C15,8,FILM_minus_LEG_MON,predictive_eligible_count,0.05921052631578946
C15,8,FILM_minus_LEG_MON,predictive_reliability_gap,0.007821637205779552
C15,8,FILM_minus_LEG_MON,largest_scc,-0.5855263157894743
C15,8,FILM_minus_LEG_MON,reachable_pair_fraction,-0.03547149229990809
C15,8,FILM_minus_LEG_MON,reciprocal_fraction,-0.1067763696375646
C15,8,FILM_minus_LEG_MON,top3_incoming_share,0.10872094940982369
C15,8,FILM_minus_LEG_MON,target_hit_lift,6.2315789202326215
C15,8,FILM_minus_LEG_MON,target_action_sensitivity,0.005908073249309765
C15,8,FILM_minus_LEG_MON,target_value_span,0.008556320010316802
C15,8,FILM_minus_LEG_MON,decoder_parameter_count,2048.0
C15,8,FILM_minus_LEG_MON,film_modulation_norm_mean,0.777469695398682
C15,8,FILM_minus_LEG_MON,film_modulation_norm_max,1.8765257918520977
C15,8,FILM_minus_LEG_MON,behavior_replay_mismatch,0.0
C15,8,FILM_minus_LEG_MON,option_success_fraction,0.04431942325869673
C15,99,FILM_minus_LEG_MON,coverage_auc,32.61395709806327
C15,99,FILM_minus_LEG_MON,dg_density,0.0038004423442639795
C15,99,FILM_minus_LEG_MON,dg_silent_fraction,0.0
C15,99,FILM_minus_LEG_MON,dg_usage_entropy,-0.0009832880214640793
C15,99,FILM_minus_LEG_MON,recruitment_total,0.0
C15,99,FILM_minus_LEG_MON,repeat_assignments,0.0
C15,99,FILM_minus_LEG_MON,bad_source_assignments,0.0
C15,99,FILM_minus_LEG_MON,duplicate_assignments,0.0
C15,99,FILM_minus_LEG_MON,predictive_assignments,0.0
C15,99,FILM_minus_LEG_MON,attempt_coverage,-0.009375005176192941
C15,99,FILM_minus_LEG_MON,fully_tested_count,-2.348684210526315
C15,99,FILM_minus_LEG_MON,zero_outdegree_count,0.0
C15,99,FILM_minus_LEG_MON,untested_zero_outdegree_count,0.0
C15,99,FILM_minus_LEG_MON,bad_source_count,0.0
C15,99,FILM_minus_LEG_MON,reliable_out_degree_mean,1.0123355263157898
C15,99,FILM_minus_LEG_MON,predictive_event_count,5.046052631578949
C15,99,FILM_minus_LEG_MON,predictive_context_groups,3.5065789473684212
C15,99,FILM_minus_LEG_MON,predictive_eligible_count,0.15789473684210525
C15,99,FILM_minus_LEG_MON,predictive_reliability_gap,0.0238415642004264
C15,99,FILM_minus_LEG_MON,largest_scc,1.223684210526315
C15,99,FILM_minus_LEG_MON,reachable_pair_fraction,0.07565789552111368
C15,99,FILM_minus_LEG_MON,reciprocal_fraction,-0.05794494569693742
C15,99,FILM_minus_LEG_MON,top3_incoming_share,0.08981172191469289
C15,99,FILM_minus_LEG_MON,target_hit_lift,-3.408622871300108
C15,99,FILM_minus_LEG_MON,target_action_sensitivity,0.006415473848679348
C15,99,FILM_minus_LEG_MON,target_value_span,0.005616861726402449
C15,99,FILM_minus_LEG_MON,decoder_parameter_count,2048.0
C15,99,FILM_minus_LEG_MON,film_modulation_norm_mean,0.720899198008211
C15,99,FILM_minus_LEG_MON,film_modulation_norm_max,1.7400317599898891
C15,99,FILM_minus_LEG_MON,behavior_replay_mismatch,0.0
C15,99,FILM_minus_LEG_MON,option_success_fraction,0.04193756837201745
C15,123,FILM_minus_LEG_MON,coverage_auc,42.93586379603336
C15,123,FILM_minus_LEG_MON,dg_density,0.0003011603104440784
C15,123,FILM_minus_LEG_MON,dg_silent_fraction,0.0
C15,123,FILM_minus_LEG_MON,dg_usage_entropy,0.0004162223715530322
C15,123,FILM_minus_LEG_MON,recruitment_total,0.0
C15,123,FILM_minus_LEG_MON,repeat_assignments,0.0
C15,123,FILM_minus_LEG_MON,bad_source_assignments,0.0
C15,123,FILM_minus_LEG_MON,duplicate_assignments,0.0
C15,123,FILM_minus_LEG_MON,predictive_assignments,0.0
C15,123,FILM_minus_LEG_MON,attempt_coverage,0.03961075058108887
C15,123,FILM_minus_LEG_MON,fully_tested_count,5.8881578947368425
C15,123,FILM_minus_LEG_MON,zero_outdegree_count,-1.0657894736842106
C15,123,FILM_minus_LEG_MON,untested_zero_outdegree_count,-0.5986842105263158
C15,123,FILM_minus_LEG_MON,bad_source_count,-0.46710526315789475
C15,123,FILM_minus_LEG_MON,reliable_out_degree_mean,2.7952302631578947
C15,123,FILM_minus_LEG_MON,predictive_event_count,6.151315789473685
C15,123,FILM_minus_LEG_MON,predictive_context_groups,5.592105263157895
C15,123,FILM_minus_LEG_MON,predictive_eligible_count,0.10526315789473684
C15,123,FILM_minus_LEG_MON,predictive_reliability_gap,0.03204887237791952
C15,123,FILM_minus_LEG_MON,largest_scc,4.927631578947368
C15,123,FILM_minus_LEG_MON,reachable_pair_fraction,0.30386513255928693
C15,123,FILM_minus_LEG_MON,reciprocal_fraction,0.016796411162144254
C15,123,FILM_minus_LEG_MON,top3_incoming_share,-0.014456964244968007
C15,123,FILM_minus_LEG_MON,target_hit_lift,0.09199183081325735
C15,123,FILM_minus_LEG_MON,target_action_sensitivity,0.005176069267020611
C15,123,FILM_minus_LEG_MON,target_value_span,0.015099305585432665
C15,123,FILM_minus_LEG_MON,decoder_parameter_count,2048.0
C15,123,FILM_minus_LEG_MON,film_modulation_norm_mean,0.6544650295063069
C15,123,FILM_minus_LEG_MON,film_modulation_norm_max,1.752729483340916
C15,123,FILM_minus_LEG_MON,behavior_replay_mismatch,0.0
C15,123,FILM_minus_LEG_MON,option_success_fraction,0.046085561490862764
C05,8,FILM_minus_LEG_DIR,coverage_auc,-7.958110611577567
C05,8,FILM_minus_LEG_DIR,dg_density,-0.0015690452174136511
C05,8,FILM_minus_LEG_DIR,dg_silent_fraction,0.0
C05,8,FILM_minus_LEG_DIR,dg_usage_entropy,-0.0009219638611140946
C05,8,FILM_minus_LEG_DIR,recruitment_total,0.0
C05,8,FILM_minus_LEG_DIR,repeat_assignments,0.0
C05,8,FILM_minus_LEG_DIR,bad_source_assignments,0.0
C05,8,FILM_minus_LEG_DIR,duplicate_assignments,0.0
C05,8,FILM_minus_LEG_DIR,predictive_assignments,0.0
C05,8,FILM_minus_LEG_DIR,attempt_coverage,0.011239035447177137
C05,8,FILM_minus_LEG_DIR,fully_tested_count,0.0
C05,8,FILM_minus_LEG_DIR,zero_outdegree_count,-3.782894736842106
C05,8,FILM_minus_LEG_DIR,untested_zero_outdegree_count,-3.782894736842106
C05,8,FILM_minus_LEG_DIR,bad_source_count,0.0
C05,8,FILM_minus_LEG_DIR,reliable_out_degree_mean,0.3092105263157895
C05,8,FILM_minus_LEG_DIR,predictive_event_count,0.0
C05,8,FILM_minus_LEG_DIR,predictive_context_groups,0.0
C05,8,FILM_minus_LEG_DIR,predictive_eligible_count,0.0
C05,8,FILM_minus_LEG_DIR,predictive_reliability_gap,0.0
C05,8,FILM_minus_LEG_DIR,largest_scc,0.0
C05,8,FILM_minus_LEG_DIR,reachable_pair_fraction,0.02064144791189679
C05,8,FILM_minus_LEG_DIR,reciprocal_fraction,0.0
C05,8,FILM_minus_LEG_DIR,top3_incoming_share,0.8987381775912485
C05,8,FILM_minus_LEG_DIR,target_hit_lift,0.034128652983590246
C05,8,FILM_minus_LEG_DIR,target_action_sensitivity,0.03273933750001322
C05,8,FILM_minus_LEG_DIR,target_value_span,0.012346343262163972
C05,8,FILM_minus_LEG_DIR,decoder_parameter_count,2048.0
C05,8,FILM_minus_LEG_DIR,film_modulation_norm_mean,0.23136621468553417
C05,8,FILM_minus_LEG_DIR,film_modulation_norm_max,0.9614261298587448
C05,8,FILM_minus_LEG_DIR,behavior_replay_mismatch,0.0
C05,8,FILM_minus_LEG_DIR,option_success_fraction,0.1495292746510945
C05,99,FILM_minus_LEG_DIR,coverage_auc,1.979903253833136
C05,99,FILM_minus_LEG_DIR,dg_density,0.005365472090871709
C05,99,FILM_minus_LEG_DIR,dg_silent_fraction,-0.0008223684210526315
C05,99,FILM_minus_LEG_DIR,dg_usage_entropy,0.03506784258704432
C05,99,FILM_minus_LEG_DIR,recruitment_total,-0.7631578947368421
C05,99,FILM_minus_LEG_DIR,repeat_assignments,0.0
C05,99,FILM_minus_LEG_DIR,bad_source_assignments,0.0
C05,99,FILM_minus_LEG_DIR,duplicate_assignments,-0.006578947368421052
C05,99,FILM_minus_LEG_DIR,predictive_assignments,0.0
C05,99,FILM_minus_LEG_DIR,attempt_coverage,-0.06891446683163707
C05,99,FILM_minus_LEG_DIR,fully_tested_count,0.0
C05,99,FILM_minus_LEG_DIR,zero_outdegree_count,2.217105263157894
C05,99,FILM_minus_LEG_DIR,untested_zero_outdegree_count,2.217105263157894
C05,99,FILM_minus_LEG_DIR,bad_source_count,0.0
C05,99,FILM_minus_LEG_DIR,reliable_out_degree_mean,-0.22738486842105265
C05,99,FILM_minus_LEG_DIR,predictive_event_count,0.0
C05,99,FILM_minus_LEG_DIR,predictive_context_groups,0.0
C05,99,FILM_minus_LEG_DIR,predictive_eligible_count,0.0
C05,99,FILM_minus_LEG_DIR,predictive_reliability_gap,0.0
C05,99,FILM_minus_LEG_DIR,largest_scc,-0.20394736842105265
C05,99,FILM_minus_LEG_DIR,reachable_pair_fraction,-0.01787280741049663
C05,99,FILM_minus_LEG_DIR,reciprocal_fraction,-0.054145782597755134
C05,99,FILM_minus_LEG_DIR,top3_incoming_share,0.06830059462472016
C05,99,FILM_minus_LEG_DIR,target_hit_lift,-6.751608663287603
C05,99,FILM_minus_LEG_DIR,target_action_sensitivity,0.02582832900378363
C05,99,FILM_minus_LEG_DIR,target_value_span,0.006192196357963104
C05,99,FILM_minus_LEG_DIR,decoder_parameter_count,2048.0
C05,99,FILM_minus_LEG_DIR,film_modulation_norm_mean,0.1903617588901206
C05,99,FILM_minus_LEG_DIR,film_modulation_norm_max,0.7843785058510931
C05,99,FILM_minus_LEG_DIR,behavior_replay_mismatch,0.0
C05,99,FILM_minus_LEG_DIR,option_success_fraction,0.06844935697920032
C05,123,FILM_minus_LEG_DIR,coverage_auc,10.02337578872661
C05,123,FILM_minus_LEG_DIR,dg_density,0.002714056717722041
C05,123,FILM_minus_LEG_DIR,dg_silent_fraction,0.0
C05,123,FILM_minus_LEG_DIR,dg_usage_entropy,0.0046839639544487
C05,123,FILM_minus_LEG_DIR,recruitment_total,0.0
C05,123,FILM_minus_LEG_DIR,repeat_assignments,0.0
C05,123,FILM_minus_LEG_DIR,bad_source_assignments,0.0
C05,123,FILM_minus_LEG_DIR,duplicate_assignments,0.0
C05,123,FILM_minus_LEG_DIR,predictive_assignments,0.0
C05,123,FILM_minus_LEG_DIR,attempt_coverage,0.015158990398049355
C05,123,FILM_minus_LEG_DIR,fully_tested_count,0.0
C05,123,FILM_minus_LEG_DIR,zero_outdegree_count,3.401315789473685
C05,123,FILM_minus_LEG_DIR,untested_zero_outdegree_count,3.401315789473685
C05,123,FILM_minus_LEG_DIR,bad_source_count,0.0
C05,123,FILM_minus_LEG_DIR,reliable_out_degree_mean,-0.2598684210526315
C05,123,FILM_minus_LEG_DIR,predictive_event_count,0.0
C05,123,FILM_minus_LEG_DIR,predictive_context_groups,0.0
C05,123,FILM_minus_LEG_DIR,predictive_eligible_count,0.0
C05,123,FILM_minus_LEG_DIR,predictive_reliability_gap,0.0
C05,123,FILM_minus_LEG_DIR,largest_scc,-0.03289473684210509
C05,123,FILM_minus_LEG_DIR,reachable_pair_fraction,-0.023218202539474556
C05,123,FILM_minus_LEG_DIR,reciprocal_fraction,0.04375522122963479
C05,123,FILM_minus_LEG_DIR,top3_incoming_share,-2.3528148318519015e-09
C05,123,FILM_minus_LEG_DIR,target_hit_lift,0.025441055627245746
C05,123,FILM_minus_LEG_DIR,target_action_sensitivity,-0.020228462730301544
C05,123,FILM_minus_LEG_DIR,target_value_span,-0.0005171796143067222
C05,123,FILM_minus_LEG_DIR,decoder_parameter_count,2048.0
C05,123,FILM_minus_LEG_DIR,film_modulation_norm_mean,0.21183491155113043
C05,123,FILM_minus_LEG_DIR,film_modulation_norm_max,0.5857061582960581
C05,123,FILM_minus_LEG_DIR,behavior_replay_mismatch,0.0
C05,123,FILM_minus_LEG_DIR,option_success_fraction,-0.19076280916526328
C13,8,FILM_minus_LEG_DIR,coverage_auc,6.117558235646825
C13,8,FILM_minus_LEG_DIR,dg_density,0.0020575272409539477
C13,8,FILM_minus_LEG_DIR,dg_silent_fraction,-0.017680921052631582
C13,8,FILM_minus_LEG_DIR,dg_usage_entropy,0.024733500653191576
C13,8,FILM_minus_LEG_DIR,recruitment_total,0.0
C13,8,FILM_minus_LEG_DIR,repeat_assignments,0.0
C13,8,FILM_minus_LEG_DIR,bad_source_assignments,0.0
C13,8,FILM_minus_LEG_DIR,duplicate_assignments,0.0
C13,8,FILM_minus_LEG_DIR,predictive_assignments,0.0
C13,8,FILM_minus_LEG_DIR,attempt_coverage,-0.012691888958215714
C13,8,FILM_minus_LEG_DIR,fully_tested_count,0.0
C13,8,FILM_minus_LEG_DIR,zero_outdegree_count,0.9210526315789469
C13,8,FILM_minus_LEG_DIR,untested_zero_outdegree_count,0.9210526315789469
C13,8,FILM_minus_LEG_DIR,bad_source_count,0.0
C13,8,FILM_minus_LEG_DIR,reliable_out_degree_mean,-0.05756578947368421
C13,8,FILM_minus_LEG_DIR,predictive_event_count,0.0
C13,8,FILM_minus_LEG_DIR,predictive_context_groups,0.0
C13,8,FILM_minus_LEG_DIR,predictive_eligible_count,0.0
C13,8,FILM_minus_LEG_DIR,predictive_reliability_gap,0.0
C13,8,FILM_minus_LEG_DIR,largest_scc,0.0
C13,8,FILM_minus_LEG_DIR,reachable_pair_fraction,-0.003865131780529689
C13,8,FILM_minus_LEG_DIR,reciprocal_fraction,0.0
C13,8,FILM_minus_LEG_DIR,top3_incoming_share,-0.9276315789473684
C13,8,FILM_minus_LEG_DIR,target_hit_lift,43.3691692528756
C13,8,FILM_minus_LEG_DIR,target_action_sensitivity,-0.007264756318794464
C13,8,FILM_minus_LEG_DIR,target_value_span,0.01503337174960363
C13,8,FILM_minus_LEG_DIR,decoder_parameter_count,2048.0
C13,8,FILM_minus_LEG_DIR,film_modulation_norm_mean,0.4911999208362479
C13,8,FILM_minus_LEG_DIR,film_modulation_norm_max,2.1730973720550537
C13,8,FILM_minus_LEG_DIR,behavior_replay_mismatch,0.0
C13,8,FILM_minus_LEG_DIR,option_success_fraction,-0.00494663476159698
C13,99,FILM_minus_LEG_DIR,coverage_auc,-24.646784195509618
C13,99,FILM_minus_LEG_DIR,dg_density,-0.0008203606856496699
C13,99,FILM_minus_LEG_DIR,dg_silent_fraction,0.08388157894736842
C13,99,FILM_minus_LEG_DIR,dg_usage_entropy,-0.02337908980093506
C13,99,FILM_minus_LEG_DIR,recruitment_total,0.0
C13,99,FILM_minus_LEG_DIR,repeat_assignments,0.0
C13,99,FILM_minus_LEG_DIR,bad_source_assignments,0.0
C13,99,FILM_minus_LEG_DIR,duplicate_assignments,0.0
C13,99,FILM_minus_LEG_DIR,predictive_assignments,0.0
C13,99,FILM_minus_LEG_DIR,attempt_coverage,-0.10372807286483676
C13,99,FILM_minus_LEG_DIR,fully_tested_count,0.0
C13,99,FILM_minus_LEG_DIR,zero_outdegree_count,0.2039473684210531
C13,99,FILM_minus_LEG_DIR,untested_zero_outdegree_count,0.2039473684210531
C13,99,FILM_minus_LEG_DIR,bad_source_count,0.0
C13,99,FILM_minus_LEG_DIR,reliable_out_degree_mean,-0.01274671052631579
C13,99,FILM_minus_LEG_DIR,predictive_event_count,0.0
C13,99,FILM_minus_LEG_DIR,predictive_context_groups,0.0
C13,99,FILM_minus_LEG_DIR,predictive_eligible_count,0.0
C13,99,FILM_minus_LEG_DIR,predictive_reliability_gap,0.0
C13,99,FILM_minus_LEG_DIR,largest_scc,0.0
C13,99,FILM_minus_LEG_DIR,reachable_pair_fraction,-0.000822368463942487
C13,99,FILM_minus_LEG_DIR,reciprocal_fraction,0.0
C13,99,FILM_minus_LEG_DIR,top3_incoming_share,-0.19736842105263158
C13,99,FILM_minus_LEG_DIR,target_hit_lift,49.18103323210228
C13,99,FILM_minus_LEG_DIR,target_action_sensitivity,0.025428359463005205
C13,99,FILM_minus_LEG_DIR,target_value_span,0.018188063070403205
C13,99,FILM_minus_LEG_DIR,decoder_parameter_count,2048.0
C13,99,FILM_minus_LEG_DIR,film_modulation_norm_mean,0.4649693091448985
C13,99,FILM_minus_LEG_DIR,film_modulation_norm_max,1.4606566429138184
C13,99,FILM_minus_LEG_DIR,behavior_replay_mismatch,0.0
C13,99,FILM_minus_LEG_DIR,option_success_fraction,-0.013480874293140675
C13,123,FILM_minus_LEG_DIR,coverage_auc,8.142934515418773
C13,123,FILM_minus_LEG_DIR,dg_density,0.0028222736559416137
C13,123,FILM_minus_LEG_DIR,dg_silent_fraction,-0.11266447368421054
C13,123,FILM_minus_LEG_DIR,dg_usage_entropy,0.07058638373487869
C13,123,FILM_minus_LEG_DIR,recruitment_total,0.0
C13,123,FILM_minus_LEG_DIR,repeat_assignments,0.0
C13,123,FILM_minus_LEG_DIR,bad_source_assignments,0.0
C13,123,FILM_minus_LEG_DIR,duplicate_assignments,0.0
C13,123,FILM_minus_LEG_DIR,predictive_assignments,0.0
C13,123,FILM_minus_LEG_DIR,attempt_coverage,-0.03947368352428862
C13,123,FILM_minus_LEG_DIR,fully_tested_count,0.0
C13,123,FILM_minus_LEG_DIR,zero_outdegree_count,0.5592105263157894
C13,123,FILM_minus_LEG_DIR,untested_zero_outdegree_count,0.5592105263157894
C13,123,FILM_minus_LEG_DIR,bad_source_count,0.0
C13,123,FILM_minus_LEG_DIR,reliable_out_degree_mean,-0.03495065789473684
C13,123,FILM_minus_LEG_DIR,predictive_event_count,0.0
C13,123,FILM_minus_LEG_DIR,predictive_context_groups,0.0
C13,123,FILM_minus_LEG_DIR,predictive_eligible_count,0.0
C13,123,FILM_minus_LEG_DIR,predictive_reliability_gap,0.0
C13,123,FILM_minus_LEG_DIR,largest_scc,0.0
C13,123,FILM_minus_LEG_DIR,reachable_pair_fraction,-0.002357456257174674
C13,123,FILM_minus_LEG_DIR,reciprocal_fraction,0.0
C13,123,FILM_minus_LEG_DIR,top3_incoming_share,-0.5394736842105263
C13,123,FILM_minus_LEG_DIR,target_hit_lift,-13.459740156601917
C13,123,FILM_minus_LEG_DIR,target_action_sensitivity,0.012712389339484566
C13,123,FILM_minus_LEG_DIR,target_value_span,0.017792213665272453
C13,123,FILM_minus_LEG_DIR,decoder_parameter_count,2048.0
C13,123,FILM_minus_LEG_DIR,film_modulation_norm_mean,0.45061687576143367
C13,123,FILM_minus_LEG_DIR,film_modulation_norm_max,1.415966427639911
C13,123,FILM_minus_LEG_DIR,behavior_replay_mismatch,0.0
C13,123,FILM_minus_LEG_DIR,option_success_fraction,0.010699524593196418
C15,8,FILM_minus_LEG_DIR,coverage_auc,32.34934634455928
C15,8,FILM_minus_LEG_DIR,dg_density,-0.0009554812782689159
C15,8,FILM_minus_LEG_DIR,dg_silent_fraction,0.0
C15,8,FILM_minus_LEG_DIR,dg_usage_entropy,0.0009717376608597839
C15,8,FILM_minus_LEG_DIR,recruitment_total,0.0
C15,8,FILM_minus_LEG_DIR,repeat_assignments,0.0
C15,8,FILM_minus_LEG_DIR,bad_source_assignments,0.0
C15,8,FILM_minus_LEG_DIR,duplicate_assignments,0.0
C15,8,FILM_minus_LEG_DIR,predictive_assignments,0.0
C15,8,FILM_minus_LEG_DIR,attempt_coverage,0.012499993961108347
C15,8,FILM_minus_LEG_DIR,fully_tested_count,2.9407894736842106
C15,8,FILM_minus_LEG_DIR,zero_outdegree_count,0.0
C15,8,FILM_minus_LEG_DIR,untested_zero_outdegree_count,0.0
C15,8,FILM_minus_LEG_DIR,bad_source_count,0.0
C15,8,FILM_minus_LEG_DIR,reliable_out_degree_mean,1.4004934210526319
C15,8,FILM_minus_LEG_DIR,predictive_event_count,0.0
C15,8,FILM_minus_LEG_DIR,predictive_context_groups,0.0
C15,8,FILM_minus_LEG_DIR,predictive_eligible_count,0.0
C15,8,FILM_minus_LEG_DIR,predictive_reliability_gap,0.0
C15,8,FILM_minus_LEG_DIR,largest_scc,2.1644736842105274
C15,8,FILM_minus_LEG_DIR,reachable_pair_fraction,0.12853619064155386
C15,8,FILM_minus_LEG_DIR,reciprocal_fraction,0.0037686892442013176
C15,8,FILM_minus_LEG_DIR,top3_incoming_share,-0.038185244132029394
C15,8,FILM_minus_LEG_DIR,target_hit_lift,0.02015866809769684
C15,8,FILM_minus_LEG_DIR,target_action_sensitivity,0.005954420663520547
C15,8,FILM_minus_LEG_DIR,target_value_span,0.01141723927254421
C15,8,FILM_minus_LEG_DIR,decoder_parameter_count,2048.0
C15,8,FILM_minus_LEG_DIR,film_modulation_norm_mean,0.760956340322369
C15,8,FILM_minus_LEG_DIR,film_modulation_norm_max,1.7598634958267212
C15,8,FILM_minus_LEG_DIR,behavior_replay_mismatch,0.0
C15,8,FILM_minus_LEG_DIR,option_success_fraction,0.034017571076554676
C15,99,FILM_minus_LEG_DIR,coverage_auc,9.505461208075218
C15,99,FILM_minus_LEG_DIR,dg_density,0.0001148424650493432
C15,99,FILM_minus_LEG_DIR,dg_silent_fraction,0.0
C15,99,FILM_minus_LEG_DIR,dg_usage_entropy,0.0018619918509532596
C15,99,FILM_minus_LEG_DIR,recruitment_total,0.0
C15,99,FILM_minus_LEG_DIR,repeat_assignments,0.0
C15,99,FILM_minus_LEG_DIR,bad_source_assignments,0.0
C15,99,FILM_minus_LEG_DIR,duplicate_assignments,0.0
C15,99,FILM_minus_LEG_DIR,predictive_assignments,0.0
C15,99,FILM_minus_LEG_DIR,attempt_coverage,0.004879380135159761
C15,99,FILM_minus_LEG_DIR,fully_tested_count,0.848684210526315
C15,99,FILM_minus_LEG_DIR,zero_outdegree_count,0.0
C15,99,FILM_minus_LEG_DIR,untested_zero_outdegree_count,0.0
C15,99,FILM_minus_LEG_DIR,bad_source_count,0.0
C15,99,FILM_minus_LEG_DIR,reliable_out_degree_mean,0.2006578947368416
C15,99,FILM_minus_LEG_DIR,predictive_event_count,0.0
C15,99,FILM_minus_LEG_DIR,predictive_context_groups,0.0
C15,99,FILM_minus_LEG_DIR,predictive_eligible_count,0.0
C15,99,FILM_minus_LEG_DIR,predictive_reliability_gap,0.0
C15,99,FILM_minus_LEG_DIR,largest_scc,-0.6578947368421044
C15,99,FILM_minus_LEG_DIR,reachable_pair_fraction,-0.041118421052631526
C15,99,FILM_minus_LEG_DIR,reciprocal_fraction,0.03167826319603545
C15,99,FILM_minus_LEG_DIR,top3_incoming_share,0.09195986488147789
C15,99,FILM_minus_LEG_DIR,target_hit_lift,0.012908423025356996
C15,99,FILM_minus_LEG_DIR,target_action_sensitivity,0.005806739256992218
C15,99,FILM_minus_LEG_DIR,target_value_span,0.005894680307583739
C15,99,FILM_minus_LEG_DIR,decoder_parameter_count,2048.0
C15,99,FILM_minus_LEG_DIR,film_modulation_norm_mean,0.7696783346565146
C15,99,FILM_minus_LEG_DIR,film_modulation_norm_max,1.698035746028549
C15,99,FILM_minus_LEG_DIR,behavior_replay_mismatch,0.0
C15,99,FILM_minus_LEG_DIR,option_success_fraction,-0.0013499598901130505
C15,123,FILM_minus_LEG_DIR,coverage_auc,41.84966365394683
C15,123,FILM_minus_LEG_DIR,dg_density,0.0018402902703536193
C15,123,FILM_minus_LEG_DIR,dg_silent_fraction,0.0
C15,123,FILM_minus_LEG_DIR,dg_usage_entropy,-0.0018564086211355635
C15,123,FILM_minus_LEG_DIR,recruitment_total,0.0
C15,123,FILM_minus_LEG_DIR,repeat_assignments,0.0
C15,123,FILM_minus_LEG_DIR,bad_source_assignments,0.0
C15,123,FILM_minus_LEG_DIR,duplicate_assignments,0.0
C15,123,FILM_minus_LEG_DIR,predictive_assignments,0.0
C15,123,FILM_minus_LEG_DIR,attempt_coverage,-0.014747802756334583
C15,123,FILM_minus_LEG_DIR,fully_tested_count,-2.921052631578947
C15,123,FILM_minus_LEG_DIR,zero_outdegree_count,-0.5986842105263158
C15,123,FILM_minus_LEG_DIR,untested_zero_outdegree_count,-0.3881578947368421
C15,123,FILM_minus_LEG_DIR,bad_source_count,-0.21052631578947367
C15,123,FILM_minus_LEG_DIR,reliable_out_degree_mean,3.567023026315789
C15,123,FILM_minus_LEG_DIR,predictive_event_count,0.0
C15,123,FILM_minus_LEG_DIR,predictive_context_groups,0.0
C15,123,FILM_minus_LEG_DIR,predictive_eligible_count,0.0
C15,123,FILM_minus_LEG_DIR,predictive_reliability_gap,0.0
C15,123,FILM_minus_LEG_DIR,largest_scc,7.960526315789474
C15,123,FILM_minus_LEG_DIR,reachable_pair_fraction,0.422889256947919
C15,123,FILM_minus_LEG_DIR,reciprocal_fraction,0.1745360767664878
C15,123,FILM_minus_LEG_DIR,top3_incoming_share,-0.07888904841322647
C15,123,FILM_minus_LEG_DIR,target_hit_lift,-12.325846990080256
C15,123,FILM_minus_LEG_DIR,target_action_sensitivity,0.003586668059334011
C15,123,FILM_minus_LEG_DIR,target_value_span,0.006511345439847851
C15,123,FILM_minus_LEG_DIR,decoder_parameter_count,2048.0
C15,123,FILM_minus_LEG_DIR,film_modulation_norm_mean,0.6725006895629984
C15,123,FILM_minus_LEG_DIR,film_modulation_norm_max,1.7798970396581448
C15,123,FILM_minus_LEG_DIR,behavior_replay_mismatch,0.0
C15,123,FILM_minus_LEG_DIR,option_success_fraction,0.03876717940070912
C05,8,FILM_minus_LEG_PRED,coverage_auc,-5.773897186738921
C05,8,FILM_minus_LEG_PRED,dg_density,-0.001753957648026317
C05,8,FILM_minus_LEG_PRED,dg_silent_fraction,0.0
C05,8,FILM_minus_LEG_PRED,dg_usage_entropy,-0.00830569863319397
C05,8,FILM_minus_LEG_PRED,recruitment_total,1.0
C05,8,FILM_minus_LEG_PRED,repeat_assignments,0.0
C05,8,FILM_minus_LEG_PRED,bad_source_assignments,0.0
C05,8,FILM_minus_LEG_PRED,duplicate_assignments,0.0
C05,8,FILM_minus_LEG_PRED,predictive_assignments,0.0
C05,8,FILM_minus_LEG_PRED,attempt_coverage,0.00019188656618721045
C05,8,FILM_minus_LEG_PRED,fully_tested_count,0.0
C05,8,FILM_minus_LEG_PRED,zero_outdegree_count,-3.4342105263157894
C05,8,FILM_minus_LEG_PRED,untested_zero_outdegree_count,-3.4342105263157894
C05,8,FILM_minus_LEG_PRED,bad_source_count,0.0
C05,8,FILM_minus_LEG_PRED,reliable_out_degree_mean,0.16940789473684215
C05,8,FILM_minus_LEG_PRED,predictive_event_count,-327.8421052631579
C05,8,FILM_minus_LEG_PRED,predictive_context_groups,-66.53947368421053
C05,8,FILM_minus_LEG_PRED,predictive_eligible_count,-7.032894736842105
C05,8,FILM_minus_LEG_PRED,predictive_reliability_gap,-0.40459224233697905
C05,8,FILM_minus_LEG_PRED,largest_scc,0.0
C05,8,FILM_minus_LEG_PRED,reachable_pair_fraction,0.011211622494125838
C05,8,FILM_minus_LEG_PRED,reciprocal_fraction,0.0
C05,8,FILM_minus_LEG_PRED,top3_incoming_share,0.00012519485072093328
C05,8,FILM_minus_LEG_PRED,target_hit_lift,0.010560829780603687
C05,8,FILM_minus_LEG_PRED,target_action_sensitivity,0.010339435226725122
C05,8,FILM_minus_LEG_PRED,target_value_span,0.00603663648392907
C05,8,FILM_minus_LEG_PRED,decoder_parameter_count,2048.0
C05,8,FILM_minus_LEG_PRED,film_modulation_norm_mean,0.3378985837886208
C05,8,FILM_minus_LEG_PRED,film_modulation_norm_max,1.4328258829681497
C05,8,FILM_minus_LEG_PRED,behavior_replay_mismatch,0.0
C05,8,FILM_minus_LEG_PRED,option_success_fraction,-0.21542523063621238
C05,99,FILM_minus_LEG_PRED,coverage_auc,-63.33162587970202
C05,99,FILM_minus_LEG_PRED,dg_density,-0.0024954143323396363
C05,99,FILM_minus_LEG_PRED,dg_silent_fraction,0.0
C05,99,FILM_minus_LEG_PRED,dg_usage_entropy,-0.002473019063472748
C05,99,FILM_minus_LEG_PRED,recruitment_total,-1.0
C05,99,FILM_minus_LEG_PRED,repeat_assignments,0.0
C05,99,FILM_minus_LEG_PRED,bad_source_assignments,0.0
C05,99,FILM_minus_LEG_PRED,duplicate_assignments,0.0
C05,99,FILM_minus_LEG_PRED,predictive_assignments,0.0
C05,99,FILM_minus_LEG_PRED,attempt_coverage,-0.02796052710006111
C05,99,FILM_minus_LEG_PRED,fully_tested_count,0.0
C05,99,FILM_minus_LEG_PRED,zero_outdegree_count,-11.315789473684212
C05,99,FILM_minus_LEG_PRED,untested_zero_outdegree_count,-11.315789473684212
C05,99,FILM_minus_LEG_PRED,bad_source_count,0.0
C05,99,FILM_minus_LEG_PRED,reliable_out_degree_mean,0.8322368421052632
C05,99,FILM_minus_LEG_PRED,predictive_event_count,75.38157894736844
C05,99,FILM_minus_LEG_PRED,predictive_context_groups,-91.94736842105264
C05,99,FILM_minus_LEG_PRED,predictive_eligible_count,-5.467105263157895
C05,99,FILM_minus_LEG_PRED,predictive_reliability_gap,-0.11691719955323565
C05,99,FILM_minus_LEG_PRED,largest_scc,1.0
C05,99,FILM_minus_LEG_PRED,reachable_pair_fraction,0.06334978249843085
C05,99,FILM_minus_LEG_PRED,reciprocal_fraction,0.1510690575171458
C05,99,FILM_minus_LEG_PRED,top3_incoming_share,0.967105273353426
C05,99,FILM_minus_LEG_PRED,target_hit_lift,0.11811362167722295
C05,99,FILM_minus_LEG_PRED,target_action_sensitivity,0.01942102104351905
C05,99,FILM_minus_LEG_PRED,target_value_span,0.01173984607234352
C05,99,FILM_minus_LEG_PRED,decoder_parameter_count,2048.0
C05,99,FILM_minus_LEG_PRED,film_modulation_norm_mean,0.13463871122190826
C05,99,FILM_minus_LEG_PRED,film_modulation_norm_max,0.7412391838274504
C05,99,FILM_minus_LEG_PRED,behavior_replay_mismatch,0.0
C05,99,FILM_minus_LEG_PRED,option_success_fraction,0.28785710573490514
C05,123,FILM_minus_LEG_PRED,coverage_auc,-8.81725836795355
C05,123,FILM_minus_LEG_PRED,dg_density,-0.004672015513785304
C05,123,FILM_minus_LEG_PRED,dg_silent_fraction,0.0
C05,123,FILM_minus_LEG_PRED,dg_usage_entropy,-0.01748548908372105
C05,123,FILM_minus_LEG_PRED,recruitment_total,0.0
C05,123,FILM_minus_LEG_PRED,repeat_assignments,0.0
C05,123,FILM_minus_LEG_PRED,bad_source_assignments,0.0
C05,123,FILM_minus_LEG_PRED,duplicate_assignments,0.0
C05,123,FILM_minus_LEG_PRED,predictive_assignments,0.0
C05,123,FILM_minus_LEG_PRED,attempt_coverage,-0.007459738046039055
C05,123,FILM_minus_LEG_PRED,fully_tested_count,0.0
C05,123,FILM_minus_LEG_PRED,zero_outdegree_count,4.38448275862069
C05,123,FILM_minus_LEG_PRED,untested_zero_outdegree_count,4.38448275862069
C05,123,FILM_minus_LEG_PRED,bad_source_count,0.0
C05,123,FILM_minus_LEG_PRED,reliable_out_degree_mean,-0.2863656987295826
C05,123,FILM_minus_LEG_PRED,predictive_event_count,91.76184210526316
C05,123,FILM_minus_LEG_PRED,predictive_context_groups,48.968012704174214
C05,123,FILM_minus_LEG_PRED,predictive_eligible_count,2.1937840290381123
C05,123,FILM_minus_LEG_PRED,predictive_reliability_gap,0.00811925066902075
C05,123,FILM_minus_LEG_PRED,largest_scc,-0.6776315789473684
C05,123,FILM_minus_LEG_PRED,reachable_pair_fraction,-0.02968901317387468
C05,123,FILM_minus_LEG_PRED,reciprocal_fraction,-0.22073935217371113
C05,123,FILM_minus_LEG_PRED,top3_incoming_share,-3.7320502244142517e-10
C05,123,FILM_minus_LEG_PRED,target_hit_lift,-0.003804073622027615
C05,123,FILM_minus_LEG_PRED,target_action_sensitivity,0.036763803240506765
C05,123,FILM_minus_LEG_PRED,target_value_span,0.005614360479612416
C05,123,FILM_minus_LEG_PRED,decoder_parameter_count,2048.0
C05,123,FILM_minus_LEG_PRED,film_modulation_norm_mean,0.23044823521170124
C05,123,FILM_minus_LEG_PRED,film_modulation_norm_max,0.8862382531166076
C05,123,FILM_minus_LEG_PRED,behavior_replay_mismatch,0.0
C05,123,FILM_minus_LEG_PRED,option_success_fraction,-0.18943116375246843
C13,8,FILM_minus_LEG_PRED,coverage_auc,7.820274833040379
C13,8,FILM_minus_LEG_PRED,dg_density,-0.00531046014083059
C13,8,FILM_minus_LEG_PRED,dg_silent_fraction,0.06167763157894737
C13,8,FILM_minus_LEG_PRED,dg_usage_entropy,-0.036390386129680485
C13,8,FILM_minus_LEG_PRED,recruitment_total,-3.0
C13,8,FILM_minus_LEG_PRED,repeat_assignments,0.0
C13,8,FILM_minus_LEG_PRED,bad_source_assignments,0.0
C13,8,FILM_minus_LEG_PRED,duplicate_assignments,0.0
C13,8,FILM_minus_LEG_PRED,predictive_assignments,0.0
C13,8,FILM_minus_LEG_PRED,attempt_coverage,0.03273026282457929
C13,8,FILM_minus_LEG_PRED,fully_tested_count,0.0
C13,8,FILM_minus_LEG_PRED,zero_outdegree_count,0.0
C13,8,FILM_minus_LEG_PRED,untested_zero_outdegree_count,0.0
C13,8,FILM_minus_LEG_PRED,bad_source_count,0.0
C13,8,FILM_minus_LEG_PRED,reliable_out_degree_mean,0.0
C13,8,FILM_minus_LEG_PRED,predictive_event_count,0.16447368421052655
C13,8,FILM_minus_LEG_PRED,predictive_context_groups,0.16447368421052655
C13,8,FILM_minus_LEG_PRED,predictive_eligible_count,0.0
C13,8,FILM_minus_LEG_PRED,predictive_reliability_gap,0.0
C13,8,FILM_minus_LEG_PRED,largest_scc,0.0
C13,8,FILM_minus_LEG_PRED,reachable_pair_fraction,0.0
C13,8,FILM_minus_LEG_PRED,reciprocal_fraction,0.0
C13,8,FILM_minus_LEG_PRED,top3_incoming_share,0.0
C13,8,FILM_minus_LEG_PRED,target_hit_lift,-0.231361181720307
C13,8,FILM_minus_LEG_PRED,target_action_sensitivity,0.0008105472661554813
C13,8,FILM_minus_LEG_PRED,target_value_span,0.0020274857157155067
C13,8,FILM_minus_LEG_PRED,decoder_parameter_count,2048.0
C13,8,FILM_minus_LEG_PRED,film_modulation_norm_mean,0.3286638365764367
C13,8,FILM_minus_LEG_PRED,film_modulation_norm_max,1.558247422701434
C13,8,FILM_minus_LEG_PRED,behavior_replay_mismatch,0.0
C13,8,FILM_minus_LEG_PRED,option_success_fraction,-0.003317047743812987
C13,99,FILM_minus_LEG_PRED,coverage_auc,-1.836753975674192
C13,99,FILM_minus_LEG_PRED,dg_density,-0.001549369410464638
C13,99,FILM_minus_LEG_PRED,dg_silent_fraction,0.12582236842105265
C13,99,FILM_minus_LEG_PRED,dg_usage_entropy,-0.04008236331375015
C13,99,FILM_minus_LEG_PRED,recruitment_total,0.0
C13,99,FILM_minus_LEG_PRED,repeat_assignments,0.0
C13,99,FILM_minus_LEG_PRED,bad_source_assignments,0.0
C13,99,FILM_minus_LEG_PRED,duplicate_assignments,0.0
C13,99,FILM_minus_LEG_PRED,predictive_assignments,0.0
C13,99,FILM_minus_LEG_PRED,attempt_coverage,-0.04344846063146465
C13,99,FILM_minus_LEG_PRED,fully_tested_count,0.0
C13,99,FILM_minus_LEG_PRED,zero_outdegree_count,0.11184210526315752
C13,99,FILM_minus_LEG_PRED,untested_zero_outdegree_count,0.11184210526315752
C13,99,FILM_minus_LEG_PRED,bad_source_count,0.0
C13,99,FILM_minus_LEG_PRED,reliable_out_degree_mean,-0.0069901315789473685
C13,99,FILM_minus_LEG_PRED,predictive_event_count,-2.5131578947368425
C13,99,FILM_minus_LEG_PRED,predictive_context_groups,-2.4407894736842106
C13,99,FILM_minus_LEG_PRED,predictive_eligible_count,0.0
C13,99,FILM_minus_LEG_PRED,predictive_reliability_gap,0.0
C13,99,FILM_minus_LEG_PRED,largest_scc,0.0
C13,99,FILM_minus_LEG_PRED,reachable_pair_fraction,-0.000466008796234076
C13,99,FILM_minus_LEG_PRED,reciprocal_fraction,0.0
C13,99,FILM_minus_LEG_PRED,top3_incoming_share,-0.1118421052631579
C13,99,FILM_minus_LEG_PRED,target_hit_lift,-20.835751414299015
C13,99,FILM_minus_LEG_PRED,target_action_sensitivity,0.005982390543642012
C13,99,FILM_minus_LEG_PRED,target_value_span,0.020007634604361987
C13,99,FILM_minus_LEG_PRED,decoder_parameter_count,2048.0
C13,99,FILM_minus_LEG_PRED,film_modulation_norm_mean,0.1796533069328258
C13,99,FILM_minus_LEG_PRED,film_modulation_norm_max,1.6131214672013332
C13,99,FILM_minus_LEG_PRED,behavior_replay_mismatch,0.0
C13,99,FILM_minus_LEG_PRED,option_success_fraction,-0.02185790814263256
C13,123,FILM_minus_LEG_PRED,coverage_auc,12.611648497760651
C13,123,FILM_minus_LEG_PRED,dg_density,-0.0016876159540324658
C13,123,FILM_minus_LEG_PRED,dg_silent_fraction,0.009950113279888484
C13,123,FILM_minus_LEG_PRED,dg_usage_entropy,-0.05453100473561234
C13,123,FILM_minus_LEG_PRED,recruitment_total,-2.0
C13,123,FILM_minus_LEG_PRED,repeat_assignments,0.0
C13,123,FILM_minus_LEG_PRED,bad_source_assignments,0.0
C13,123,FILM_minus_LEG_PRED,duplicate_assignments,0.0
C13,123,FILM_minus_LEG_PRED,predictive_assignments,0.0
C13,123,FILM_minus_LEG_PRED,attempt_coverage,-0.00031170132902699765
C13,123,FILM_minus_LEG_PRED,fully_tested_count,0.0
C13,123,FILM_minus_LEG_PRED,zero_outdegree_count,0.0
C13,123,FILM_minus_LEG_PRED,untested_zero_outdegree_count,0.0
C13,123,FILM_minus_LEG_PRED,bad_source_count,0.0
C13,123,FILM_minus_LEG_PRED,reliable_out_degree_mean,0.0
C13,123,FILM_minus_LEG_PRED,predictive_event_count,-1.2031631230393867
C13,123,FILM_minus_LEG_PRED,predictive_context_groups,-0.8867201115371213
C13,123,FILM_minus_LEG_PRED,predictive_eligible_count,0.0
C13,123,FILM_minus_LEG_PRED,predictive_reliability_gap,0.0
C13,123,FILM_minus_LEG_PRED,largest_scc,0.0
C13,123,FILM_minus_LEG_PRED,reachable_pair_fraction,0.0
C13,123,FILM_minus_LEG_PRED,reciprocal_fraction,0.0
C13,123,FILM_minus_LEG_PRED,top3_incoming_share,0.0
C13,123,FILM_minus_LEG_PRED,target_hit_lift,11.048245849596185
C13,123,FILM_minus_LEG_PRED,target_action_sensitivity,-0.002262003299429282
C13,123,FILM_minus_LEG_PRED,target_value_span,0.0039417577176083796
C13,123,FILM_minus_LEG_PRED,decoder_parameter_count,2048.0
C13,123,FILM_minus_LEG_PRED,film_modulation_norm_mean,0.32303412552726896
C13,123,FILM_minus_LEG_PRED,film_modulation_norm_max,1.5233488059357594
C13,123,FILM_minus_LEG_PRED,behavior_replay_mismatch,0.0
C13,123,FILM_minus_LEG_PRED,option_success_fraction,0.006027135697578762
C15,8,FILM_minus_LEG_PRED,coverage_auc,28.209791330172152
C15,8,FILM_minus_LEG_PRED,dg_density,0.0022034531004691237
C15,8,FILM_minus_LEG_PRED,dg_silent_fraction,0.0
C15,8,FILM_minus_LEG_PRED,dg_usage_entropy,-0.0007680653812782712
C15,8,FILM_minus_LEG_PRED,recruitment_total,0.0
C15,8,FILM_minus_LEG_PRED,repeat_assignments,0.0
C15,8,FILM_minus_LEG_PRED,bad_source_assignments,0.0
C15,8,FILM_minus_LEG_PRED,duplicate_assignments,0.0
C15,8,FILM_minus_LEG_PRED,predictive_assignments,0.0
C15,8,FILM_minus_LEG_PRED,attempt_coverage,0.014221992575380815
C15,8,FILM_minus_LEG_PRED,fully_tested_count,2.7368421052631575
C15,8,FILM_minus_LEG_PRED,zero_outdegree_count,-0.21052631578947367
C15,8,FILM_minus_LEG_PRED,untested_zero_outdegree_count,0.0
C15,8,FILM_minus_LEG_PRED,bad_source_count,-0.21052631578947367
C15,8,FILM_minus_LEG_PRED,reliable_out_degree_mean,2.5552855861244015
C15,8,FILM_minus_LEG_PRED,predictive_event_count,7.109449760765552
C15,8,FILM_minus_LEG_PRED,predictive_context_groups,5.4162679425837315
C15,8,FILM_minus_LEG_PRED,predictive_eligible_count,0.055622009569378
C15,8,FILM_minus_LEG_PRED,predictive_reliability_gap,0.004336124406369962
C15,8,FILM_minus_LEG_PRED,largest_scc,2.6303827751196174
C15,8,FILM_minus_LEG_PRED,reachable_pair_fraction,0.15153508939954086
C15,8,FILM_minus_LEG_PRED,reciprocal_fraction,0.1389817857232533
C15,8,FILM_minus_LEG_PRED,top3_incoming_share,-0.12543673362386853
C15,8,FILM_minus_LEG_PRED,target_hit_lift,0.20683288394192756
C15,8,FILM_minus_LEG_PRED,target_action_sensitivity,0.0036178780499096274
C15,8,FILM_minus_LEG_PRED,target_value_span,0.0063205965726110536
C15,8,FILM_minus_LEG_PRED,decoder_parameter_count,2048.0
C15,8,FILM_minus_LEG_PRED,film_modulation_norm_mean,0.7329639345407486
C15,8,FILM_minus_LEG_PRED,film_modulation_norm_max,1.7789717357267032
C15,8,FILM_minus_LEG_PRED,behavior_replay_mismatch,0.0
C15,8,FILM_minus_LEG_PRED,option_success_fraction,0.035174638500802546
C15,99,FILM_minus_LEG_PRED,coverage_auc,32.96789261810762
C15,99,FILM_minus_LEG_PRED,dg_density,0.0005718030427631568
C15,99,FILM_minus_LEG_PRED,dg_silent_fraction,0.0
C15,99,FILM_minus_LEG_PRED,dg_usage_entropy,0.000543476719605307
C15,99,FILM_minus_LEG_PRED,recruitment_total,0.0
C15,99,FILM_minus_LEG_PRED,repeat_assignments,0.0
C15,99,FILM_minus_LEG_PRED,bad_source_assignments,0.0
C15,99,FILM_minus_LEG_PRED,duplicate_assignments,0.0
C15,99,FILM_minus_LEG_PRED,predictive_assignments,0.0
C15,99,FILM_minus_LEG_PRED,attempt_coverage,-0.026507701528699745
C15,99,FILM_minus_LEG_PRED,fully_tested_count,-4.677631578947367
C15,99,FILM_minus_LEG_PRED,zero_outdegree_count,-0.7236842105263157
C15,99,FILM_minus_LEG_PRED,untested_zero_outdegree_count,-0.34210526315789475
C15,99,FILM_minus_LEG_PRED,bad_source_count,-0.3815789473684211
C15,99,FILM_minus_LEG_PRED,reliable_out_degree_mean,2.45764802631579
C15,99,FILM_minus_LEG_PRED,predictive_event_count,5.052631578947368
C15,99,FILM_minus_LEG_PRED,predictive_context_groups,4.065789473684211
C15,99,FILM_minus_LEG_PRED,predictive_eligible_count,0.07894736842105263
C15,99,FILM_minus_LEG_PRED,predictive_reliability_gap,0.011254699753695408
C15,99,FILM_minus_LEG_PRED,largest_scc,3.796052631578947
C15,99,FILM_minus_LEG_PRED,reachable_pair_fraction,0.21811952873280172
C15,99,FILM_minus_LEG_PRED,reciprocal_fraction,0.13187169940455964
C15,99,FILM_minus_LEG_PRED,top3_incoming_share,-0.12097634296668203
C15,99,FILM_minus_LEG_PRED,target_hit_lift,8.577039564910688
C15,99,FILM_minus_LEG_PRED,target_action_sensitivity,0.005860615109237475
C15,99,FILM_minus_LEG_PRED,target_value_span,0.01856586501229398
C15,99,FILM_minus_LEG_PRED,decoder_parameter_count,2048.0
C15,99,FILM_minus_LEG_PRED,film_modulation_norm_mean,0.6746196280184545
C15,99,FILM_minus_LEG_PRED,film_modulation_norm_max,1.7848161506025415
C15,99,FILM_minus_LEG_PRED,behavior_replay_mismatch,0.0
C15,99,FILM_minus_LEG_PRED,option_success_fraction,0.021494743892138735
C15,123,FILM_minus_LEG_PRED,coverage_auc,-27.825370214377557
C15,123,FILM_minus_LEG_PRED,dg_density,0.00029711292861188746
C15,123,FILM_minus_LEG_PRED,dg_silent_fraction,0.0
C15,123,FILM_minus_LEG_PRED,dg_usage_entropy,0.0030251065039933467
C15,123,FILM_minus_LEG_PRED,recruitment_total,0.0
C15,123,FILM_minus_LEG_PRED,repeat_assignments,0.0
C15,123,FILM_minus_LEG_PRED,bad_source_assignments,0.0
C15,123,FILM_minus_LEG_PRED,duplicate_assignments,0.0
C15,123,FILM_minus_LEG_PRED,predictive_assignments,0.0
C15,123,FILM_minus_LEG_PRED,attempt_coverage,-0.0273195273262693
C15,123,FILM_minus_LEG_PRED,fully_tested_count,-5.983095155106309
C15,123,FILM_minus_LEG_PRED,zero_outdegree_count,0.0
C15,123,FILM_minus_LEG_PRED,untested_zero_outdegree_count,0.0
C15,123,FILM_minus_LEG_PRED,bad_source_count,0.0
C15,123,FILM_minus_LEG_PRED,reliable_out_degree_mean,-0.14224522917392868
C15,123,FILM_minus_LEG_PRED,predictive_event_count,4.795921924015337
C15,123,FILM_minus_LEG_PRED,predictive_context_groups,3.001917044266296
C15,123,FILM_minus_LEG_PRED,predictive_eligible_count,0.07188915998605787
C15,123,FILM_minus_LEG_PRED,predictive_reliability_gap,0.021177426182478927
C15,123,FILM_minus_LEG_PRED,largest_scc,1.689003136981528
C15,123,FILM_minus_LEG_PRED,reachable_pair_fraction,0.09858001421120333
C15,123,FILM_minus_LEG_PRED,reciprocal_fraction,-0.041688406952283874
C15,123,FILM_minus_LEG_PRED,top3_incoming_share,0.09816822164999395
C15,123,FILM_minus_LEG_PRED,target_hit_lift,-0.19120172773993938
C15,123,FILM_minus_LEG_PRED,target_action_sensitivity,0.0009051672284475414
C15,123,FILM_minus_LEG_PRED,target_value_span,0.005394401976873766
C15,123,FILM_minus_LEG_PRED,decoder_parameter_count,2048.0
C15,123,FILM_minus_LEG_PRED,film_modulation_norm_mean,0.6644284238940791
C15,123,FILM_minus_LEG_PRED,film_modulation_norm_max,1.7676245029035367
C15,123,FILM_minus_LEG_PRED,behavior_replay_mismatch,0.0
C15,123,FILM_minus_LEG_PRED,option_success_fraction,-0.023435080388568036
C05,8,DIR_x_goal,coverage_auc,20.559738014925635
C05,8,DIR_x_goal,dg_density,0.008178510163959703
C05,8,DIR_x_goal,dg_silent_fraction,0.0
C05,8,DIR_x_goal,dg_usage_entropy,0.015839816316178035
C05,8,DIR_x_goal,recruitment_total,0.0
C05,8,DIR_x_goal,repeat_assignments,0.0
C05,8,DIR_x_goal,bad_source_assignments,0.0
C05,8,DIR_x_goal,duplicate_assignments,0.0
C05,8,DIR_x_goal,predictive_assignments,0.0
C05,8,DIR_x_goal,attempt_coverage,0.04106359605334309
C05,8,DIR_x_goal,fully_tested_count,0.0
C05,8,DIR_x_goal,zero_outdegree_count,-0.9407894736842106
C05,8,DIR_x_goal,untested_zero_outdegree_count,-0.9407894736842106
C05,8,DIR_x_goal,bad_source_count,0.0
C05,8,DIR_x_goal,reliable_out_degree_mean,0.13157894736842107
C05,8,DIR_x_goal,predictive_event_count,74.88157894736838
C05,8,DIR_x_goal,predictive_context_groups,52.750000000000014
C05,8,DIR_x_goal,predictive_eligible_count,2.0592105263157894
C05,8,DIR_x_goal,predictive_reliability_gap,-0.07797087777994183
C05,8,DIR_x_goal,largest_scc,-0.18421052631578938
C05,8,DIR_x_goal,reachable_pair_fraction,0.006962719296815951
C05,8,DIR_x_goal,reciprocal_fraction,-0.08750000027449507
C05,8,DIR_x_goal,top3_incoming_share,0.7145276524518664
C05,8,DIR_x_goal,target_hit_lift,-0.4150532150739117
C05,8,DIR_x_goal,target_action_sensitivity,-0.0064009690847198816
C05,8,DIR_x_goal,target_value_span,0.00869047999195142
C05,8,DIR_x_goal,decoder_parameter_count,0.0
C05,8,DIR_x_goal,film_modulation_norm_mean,-0.00432323615409827
C05,8,DIR_x_goal,film_modulation_norm_max,0.32142645277475057
C05,8,DIR_x_goal,behavior_replay_mismatch,0.0
C05,8,DIR_x_goal,option_success_fraction,0.05695249321625423
C05,99,DIR_x_goal,coverage_auc,7.501795433706754
C05,99,DIR_x_goal,dg_density,0.008547933478104439
C05,99,DIR_x_goal,dg_silent_fraction,-0.0008223684210526315
C05,99,DIR_x_goal,dg_usage_entropy,0.021321886072033336
C05,99,DIR_x_goal,recruitment_total,-0.7631578947368421
C05,99,DIR_x_goal,repeat_assignments,0.0
C05,99,DIR_x_goal,bad_source_assignments,0.0
C05,99,DIR_x_goal,duplicate_assignments,-0.006578947368421052
C05,99,DIR_x_goal,predictive_assignments,0.0
C05,99,DIR_x_goal,attempt_coverage,-0.014747798982027327
C05,99,DIR_x_goal,fully_tested_count,0.0
C05,99,DIR_x_goal,zero_outdegree_count,8.868421052631577
C05,99,DIR_x_goal,untested_zero_outdegree_count,8.868421052631577
C05,99,DIR_x_goal,bad_source_count,0.0
C05,99,DIR_x_goal,reliable_out_degree_mean,-0.7442434210526316
C05,99,DIR_x_goal,predictive_event_count,183.13815789473682
C05,99,DIR_x_goal,predictive_context_groups,105.42763157894738
C05,99,DIR_x_goal,predictive_eligible_count,6.894736842105262
C05,99,DIR_x_goal,predictive_reliability_gap,-0.11164554012449168
C05,99,DIR_x_goal,largest_scc,-1.2039473684210527
C05,99,DIR_x_goal,reachable_pair_fraction,-0.06285636057758606
C05,99,DIR_x_goal,reciprocal_fraction,-0.25621020519419724
C05,99,DIR_x_goal,top3_incoming_share,0.119385726749897
C05,99,DIR_x_goal,target_hit_lift,-6.7112728449466985
C05,99,DIR_x_goal,target_action_sensitivity,-0.022868219741595613
C05,99,DIR_x_goal,target_value_span,-0.016635114614473423
C05,99,DIR_x_goal,decoder_parameter_count,0.0
C05,99,DIR_x_goal,film_modulation_norm_mean,-0.16847819236940462
C05,99,DIR_x_goal,film_modulation_norm_max,-0.5536104699498728
C05,99,DIR_x_goal,behavior_replay_mismatch,0.0
C05,99,DIR_x_goal,option_success_fraction,0.022540661598261624
C05,123,DIR_x_goal,coverage_auc,8.212508237581638
C05,123,DIR_x_goal,dg_density,-0.0020027160644531215
C05,123,DIR_x_goal,dg_silent_fraction,0.0
C05,123,DIR_x_goal,dg_usage_entropy,-0.012024084988393247
C05,123,DIR_x_goal,recruitment_total,0.0
C05,123,DIR_x_goal,repeat_assignments,0.0
C05,123,DIR_x_goal,bad_source_assignments,0.0
C05,123,DIR_x_goal,duplicate_assignments,0.0
C05,123,DIR_x_goal,predictive_assignments,0.0
C05,123,DIR_x_goal,attempt_coverage,-0.008662276754253795
C05,123,DIR_x_goal,fully_tested_count,0.0
C05,123,DIR_x_goal,zero_outdegree_count,-0.6381578947368407
C05,123,DIR_x_goal,untested_zero_outdegree_count,-0.6381578947368407
C05,123,DIR_x_goal,bad_source_count,0.0
C05,123,DIR_x_goal,reliable_out_degree_mean,0.031250000000000056
C05,123,DIR_x_goal,predictive_event_count,98.75657894736838
C05,123,DIR_x_goal,predictive_context_groups,-10.875
C05,123,DIR_x_goal,predictive_eligible_count,2.1578947368421053
C05,123,DIR_x_goal,predictive_reliability_gap,0.11474309675395489
C05,123,DIR_x_goal,largest_scc,0.3421052631578949
C05,123,DIR_x_goal,reachable_pair_fraction,0.00542763143312186
C05,123,DIR_x_goal,reciprocal_fraction,0.13570384347909376
C05,123,DIR_x_goal,top3_incoming_share,-0.04230727882761687
C05,123,DIR_x_goal,target_hit_lift,0.25500743836164486
C05,123,DIR_x_goal,target_action_sensitivity,-0.02960053313750234
C05,123,DIR_x_goal,target_value_span,-0.012439413938983833
C05,123,DIR_x_goal,decoder_parameter_count,0.0
C05,123,DIR_x_goal,film_modulation_norm_mean,-0.004815441703325846
C05,123,DIR_x_goal,film_modulation_norm_max,-0.47025239977397404
C05,123,DIR_x_goal,behavior_replay_mismatch,0.0
C05,123,DIR_x_goal,option_success_fraction,0.007725814547340726
C13,8,DIR_x_goal,coverage_auc,10.942530317729194
C13,8,DIR_x_goal,dg_density,-0.003297973097416392
C13,8,DIR_x_goal,dg_silent_fraction,0.029331140350877194
C13,8,DIR_x_goal,dg_usage_entropy,-0.05582277529072355
C13,8,DIR_x_goal,recruitment_total,0.0
C13,8,DIR_x_goal,repeat_assignments,0.0
C13,8,DIR_x_goal,bad_source_assignments,0.0
C13,8,DIR_x_goal,duplicate_assignments,0.0
C13,8,DIR_x_goal,predictive_assignments,0.0
C13,8,DIR_x_goal,attempt_coverage,-0.11150402500571913
C13,8,DIR_x_goal,fully_tested_count,0.0
C13,8,DIR_x_goal,zero_outdegree_count,1.1644736842105257
C13,8,DIR_x_goal,untested_zero_outdegree_count,1.1644736842105257
C13,8,DIR_x_goal,bad_source_count,0.0
C13,8,DIR_x_goal,reliable_out_degree_mean,-0.0727796052631579
C13,8,DIR_x_goal,predictive_event_count,-0.4057017543859649
C13,8,DIR_x_goal,predictive_context_groups,-0.5548245614035086
C13,8,DIR_x_goal,predictive_eligible_count,0.0021929824561403508
C13,8,DIR_x_goal,predictive_reliability_gap,0.0005482456140350877
C13,8,DIR_x_goal,largest_scc,0.0
C13,8,DIR_x_goal,reachable_pair_fraction,-0.0048519739372606735
C13,8,DIR_x_goal,reciprocal_fraction,0.0
C13,8,DIR_x_goal,top3_incoming_share,-1.151315789473684
C13,8,DIR_x_goal,target_hit_lift,25.23247269214245
C13,8,DIR_x_goal,target_action_sensitivity,-0.027140361517300142
C13,8,DIR_x_goal,target_value_span,-0.0020553380947380363
C13,8,DIR_x_goal,decoder_parameter_count,0.0
C13,8,DIR_x_goal,film_modulation_norm_mean,0.06303029095655993
C13,8,DIR_x_goal,film_modulation_norm_max,0.6929652800685482
C13,8,DIR_x_goal,behavior_replay_mismatch,0.0
C13,8,DIR_x_goal,option_success_fraction,-0.007071879202205887
C13,99,DIR_x_goal,coverage_auc,-34.341710377674005
C13,99,DIR_x_goal,dg_density,0.004128506309107731
C13,99,DIR_x_goal,dg_silent_fraction,-0.16200657894736842
C13,99,DIR_x_goal,dg_usage_entropy,0.1235304435617045
C13,99,DIR_x_goal,recruitment_total,0.0
C13,99,DIR_x_goal,repeat_assignments,0.0
C13,99,DIR_x_goal,bad_source_assignments,0.0
C13,99,DIR_x_goal,duplicate_assignments,0.0
C13,99,DIR_x_goal,predictive_assignments,0.0
C13,99,DIR_x_goal,attempt_coverage,-0.07935855219042615
C13,99,DIR_x_goal,fully_tested_count,0.0
C13,99,DIR_x_goal,zero_outdegree_count,0.2828947368421062
C13,99,DIR_x_goal,untested_zero_outdegree_count,0.2828947368421062
C13,99,DIR_x_goal,bad_source_count,0.0
C13,99,DIR_x_goal,reliable_out_degree_mean,-0.01768092105263158
C13,99,DIR_x_goal,predictive_event_count,4.901315789473684
C13,99,DIR_x_goal,predictive_context_groups,3.875
C13,99,DIR_x_goal,predictive_eligible_count,0.0
C13,99,DIR_x_goal,predictive_reliability_gap,0.0
C13,99,DIR_x_goal,largest_scc,0.0
C13,99,DIR_x_goal,reachable_pair_fraction,-0.001178728131650898
C13,99,DIR_x_goal,reciprocal_fraction,0.0
C13,99,DIR_x_goal,top3_incoming_share,-0.28289473684210525
C13,99,DIR_x_goal,target_hit_lift,17.249186668937153
C13,99,DIR_x_goal,target_action_sensitivity,0.03325926244609658
C13,99,DIR_x_goal,target_value_span,0.0199669064173864
C13,99,DIR_x_goal,decoder_parameter_count,0.0
C13,99,DIR_x_goal,film_modulation_norm_mean,0.06385939038897814
C13,99,DIR_x_goal,film_modulation_norm_max,0.2980327174851769
C13,99,DIR_x_goal,behavior_replay_mismatch,0.0
C13,99,DIR_x_goal,option_success_fraction,0.021476797195837682
C13,123,DIR_x_goal,coverage_auc,-12.374100146396145
C13,123,DIR_x_goal,dg_density,0.009558426706414477
C13,123,DIR_x_goal,dg_silent_fraction,-0.12212171052631579
C13,123,DIR_x_goal,dg_usage_entropy,0.13066561833808288
C13,123,DIR_x_goal,recruitment_total,0.0
C13,123,DIR_x_goal,repeat_assignments,0.0
C13,123,DIR_x_goal,bad_source_assignments,0.0
C13,123,DIR_x_goal,duplicate_assignments,0.0
C13,123,DIR_x_goal,predictive_assignments,0.0
C13,123,DIR_x_goal,attempt_coverage,-0.10101425275206564
C13,123,DIR_x_goal,fully_tested_count,0.0
C13,123,DIR_x_goal,zero_outdegree_count,0.3881578947368425
C13,123,DIR_x_goal,untested_zero_outdegree_count,0.3881578947368425
C13,123,DIR_x_goal,bad_source_count,0.0
C13,123,DIR_x_goal,reliable_out_degree_mean,-0.024259868421052634
C13,123,DIR_x_goal,predictive_event_count,-2.2105263157894743
C13,123,DIR_x_goal,predictive_context_groups,-0.9605263157894743
C13,123,DIR_x_goal,predictive_eligible_count,-0.15789473684210525
C13,123,DIR_x_goal,predictive_reliability_gap,-0.04287280735412711
C13,123,DIR_x_goal,largest_scc,0.0
C13,123,DIR_x_goal,reachable_pair_fraction,-0.001672149203889268
C13,123,DIR_x_goal,reciprocal_fraction,0.0
C13,123,DIR_x_goal,top3_incoming_share,-0.375
C13,123,DIR_x_goal,target_hit_lift,27.980101368537074
C13,123,DIR_x_goal,target_action_sensitivity,0.016200494598658556
C13,123,DIR_x_goal,target_value_span,0.010869323818233648
C13,123,DIR_x_goal,decoder_parameter_count,0.0
C13,123,DIR_x_goal,film_modulation_norm_mean,0.019316372510634006
C13,123,DIR_x_goal,film_modulation_norm_max,0.05078520272907472
C13,123,DIR_x_goal,behavior_replay_mismatch,0.0
C13,123,DIR_x_goal,option_success_fraction,-0.09743298325491577
C15,8,DIR_x_goal,coverage_auc,27.615479084661843
C15,8,DIR_x_goal,dg_density,-0.00022285862972861933
C15,8,DIR_x_goal,dg_silent_fraction,0.0
C15,8,DIR_x_goal,dg_usage_entropy,0.0007804569445157838
C15,8,DIR_x_goal,recruitment_total,0.0
C15,8,DIR_x_goal,repeat_assignments,0.0
C15,8,DIR_x_goal,bad_source_assignments,0.0
C15,8,DIR_x_goal,duplicate_assignments,0.0
C15,8,DIR_x_goal,predictive_assignments,0.0
C15,8,DIR_x_goal,attempt_coverage,0.03023573991499451
C15,8,DIR_x_goal,fully_tested_count,6.907894736842106
C15,8,DIR_x_goal,zero_outdegree_count,0.0
C15,8,DIR_x_goal,untested_zero_outdegree_count,0.0
C15,8,DIR_x_goal,bad_source_count,0.0
C15,8,DIR_x_goal,reliable_out_degree_mean,2.048930921052632
C15,8,DIR_x_goal,predictive_event_count,-1.828947368421053
C15,8,DIR_x_goal,predictive_context_groups,-1.296052631578947
C15,8,DIR_x_goal,predictive_eligible_count,-0.05921052631578946
C15,8,DIR_x_goal,predictive_reliability_gap,-0.007821637205779552
C15,8,DIR_x_goal,largest_scc,2.7500000000000018
C15,8,DIR_x_goal,reachable_pair_fraction,0.16400768294146195
C15,8,DIR_x_goal,reciprocal_fraction,0.11054505888176591
C15,8,DIR_x_goal,top3_incoming_share,-0.14690619354185308
C15,8,DIR_x_goal,target_hit_lift,-6.211420252134925
C15,8,DIR_x_goal,target_action_sensitivity,4.634741421078153e-05
C15,8,DIR_x_goal,target_value_span,0.002860919262227408
C15,8,DIR_x_goal,decoder_parameter_count,0.0
C15,8,DIR_x_goal,film_modulation_norm_mean,-0.01651335507631302
C15,8,DIR_x_goal,film_modulation_norm_max,-0.11666229602537648
C15,8,DIR_x_goal,behavior_replay_mismatch,0.0
C15,8,DIR_x_goal,option_success_fraction,-0.010301852182142052
C15,99,DIR_x_goal,coverage_auc,-23.10849588998805
C15,99,DIR_x_goal,dg_density,-0.0036855998792146363
C15,99,DIR_x_goal,dg_silent_fraction,0.0
C15,99,DIR_x_goal,dg_usage_entropy,0.002845279872417339
C15,99,DIR_x_goal,recruitment_total,0.0
C15,99,DIR_x_goal,repeat_assignments,0.0
C15,99,DIR_x_goal,bad_source_assignments,0.0
C15,99,DIR_x_goal,duplicate_assignments,0.0
C15,99,DIR_x_goal,predictive_assignments,0.0
C15,99,DIR_x_goal,attempt_coverage,0.014254385311352702
C15,99,DIR_x_goal,fully_tested_count,3.19736842105263
C15,99,DIR_x_goal,zero_outdegree_count,0.0
C15,99,DIR_x_goal,untested_zero_outdegree_count,0.0
C15,99,DIR_x_goal,bad_source_count,0.0
C15,99,DIR_x_goal,reliable_out_degree_mean,-0.8116776315789482
C15,99,DIR_x_goal,predictive_event_count,-5.046052631578949
C15,99,DIR_x_goal,predictive_context_groups,-3.5065789473684212
C15,99,DIR_x_goal,predictive_eligible_count,-0.15789473684210525
C15,99,DIR_x_goal,predictive_reliability_gap,-0.0238415642004264
C15,99,DIR_x_goal,largest_scc,-1.8815789473684195
C15,99,DIR_x_goal,reachable_pair_fraction,-0.11677631657374521
C15,99,DIR_x_goal,reciprocal_fraction,0.08962320889297287
C15,99,DIR_x_goal,top3_incoming_share,0.002148142966785005
C15,99,DIR_x_goal,target_hit_lift,3.4215312943254648
C15,99,DIR_x_goal,target_action_sensitivity,-0.0006087345916871295
C15,99,DIR_x_goal,target_value_span,0.0002778185811812897
C15,99,DIR_x_goal,decoder_parameter_count,0.0
C15,99,DIR_x_goal,film_modulation_norm_mean,0.04877913664830358
C15,99,DIR_x_goal,film_modulation_norm_max,-0.04199601396134023
C15,99,DIR_x_goal,behavior_replay_mismatch,0.0
C15,99,DIR_x_goal,option_success_fraction,-0.043287528262130504
C15,123,DIR_x_goal,coverage_auc,-1.086200142086529
C15,123,DIR_x_goal,dg_density,0.001539129959909541
C15,123,DIR_x_goal,dg_silent_fraction,0.0
C15,123,DIR_x_goal,dg_usage_entropy,-0.0022726309926885957
C15,123,DIR_x_goal,recruitment_total,0.0
C15,123,DIR_x_goal,repeat_assignments,0.0
C15,123,DIR_x_goal,bad_source_assignments,0.0
C15,123,DIR_x_goal,duplicate_assignments,0.0
C15,123,DIR_x_goal,predictive_assignments,0.0
C15,123,DIR_x_goal,attempt_coverage,-0.054358553337423454
C15,123,DIR_x_goal,fully_tested_count,-8.809210526315788
C15,123,DIR_x_goal,zero_outdegree_count,0.4671052631578948
C15,123,DIR_x_goal,untested_zero_outdegree_count,0.21052631578947373
C15,123,DIR_x_goal,bad_source_count,0.2565789473684211
C15,123,DIR_x_goal,reliable_out_degree_mean,0.7717927631578942
C15,123,DIR_x_goal,predictive_event_count,-6.151315789473685
C15,123,DIR_x_goal,predictive_context_groups,-5.592105263157895
C15,123,DIR_x_goal,predictive_eligible_count,-0.10526315789473684
C15,123,DIR_x_goal,predictive_reliability_gap,-0.03204887237791952
C15,123,DIR_x_goal,largest_scc,3.032894736842106
C15,123,DIR_x_goal,reachable_pair_fraction,0.11902412438863208
C15,123,DIR_x_goal,reciprocal_fraction,0.15773966560434355
C15,123,DIR_x_goal,top3_incoming_share,-0.06443208416825846
C15,123,DIR_x_goal,target_hit_lift,-12.417838820893515
C15,123,DIR_x_goal,target_action_sensitivity,-0.0015894012076865995
C15,123,DIR_x_goal,target_value_span,-0.008587960145584814
C15,123,DIR_x_goal,decoder_parameter_count,0.0
C15,123,DIR_x_goal,film_modulation_norm_mean,0.018035660056691438
C15,123,DIR_x_goal,film_modulation_norm_max,0.02716755631722889
C15,123,DIR_x_goal,behavior_replay_mismatch,0.0
C15,123,DIR_x_goal,option_success_fraction,-0.007318382090153647
C05,8,PRED_x_goal,coverage_auc,22.74395143976428
C05,8,PRED_x_goal,dg_density,0.007993597733347037
C05,8,PRED_x_goal,dg_silent_fraction,0.0
C05,8,PRED_x_goal,dg_usage_entropy,0.00845608154409816
C05,8,PRED_x_goal,recruitment_total,1.0
C05,8,PRED_x_goal,repeat_assignments,0.0
C05,8,PRED_x_goal,bad_source_assignments,0.0
C05,8,PRED_x_goal,duplicate_assignments,0.0
C05,8,PRED_x_goal,predictive_assignments,0.0
C05,8,PRED_x_goal,attempt_coverage,0.03001644717235316
C05,8,PRED_x_goal,fully_tested_count,0.0
C05,8,PRED_x_goal,zero_outdegree_count,-0.5921052631578938
C05,8,PRED_x_goal,untested_zero_outdegree_count,-0.5921052631578938
C05,8,PRED_x_goal,bad_source_count,0.0
C05,8,PRED_x_goal,reliable_out_degree_mean,-0.008223684210526279
C05,8,PRED_x_goal,predictive_event_count,-252.96052631578954
C05,8,PRED_x_goal,predictive_context_groups,-13.78947368421052
C05,8,PRED_x_goal,predictive_eligible_count,-4.973684210526316
C05,8,PRED_x_goal,predictive_reliability_gap,-0.48256312011692093
C05,8,PRED_x_goal,largest_scc,-0.18421052631578938
C05,8,PRED_x_goal,reachable_pair_fraction,-0.0024671061209550014
C05,8,PRED_x_goal,reciprocal_fraction,-0.08750000027449507
C05,8,PRED_x_goal,top3_incoming_share,-0.18408533028866114
C05,8,PRED_x_goal,target_hit_lift,-0.43862103827689825
C05,8,PRED_x_goal,target_action_sensitivity,-0.028800871358007983
C05,8,PRED_x_goal,target_value_span,0.0023807732137165172
C05,8,PRED_x_goal,decoder_parameter_count,0.0
C05,8,PRED_x_goal,film_modulation_norm_mean,0.10220913294898837
C05,8,PRED_x_goal,film_modulation_norm_max,0.7928262058841555
C05,8,PRED_x_goal,behavior_replay_mismatch,0.0
C05,8,PRED_x_goal,option_success_fraction,-0.30800201207105266
C05,99,PRED_x_goal,coverage_auc,-57.8097336998284
C05,99,PRED_x_goal,dg_density,0.0006870470548930932
C05,99,PRED_x_goal,dg_silent_fraction,0.0
C05,99,PRED_x_goal,dg_usage_entropy,-0.01621897557848373
C05,99,PRED_x_goal,recruitment_total,-1.0
C05,99,PRED_x_goal,repeat_assignments,0.0
C05,99,PRED_x_goal,bad_source_assignments,0.0
C05,99,PRED_x_goal,duplicate_assignments,0.0
C05,99,PRED_x_goal,predictive_assignments,0.0
C05,99,PRED_x_goal,attempt_coverage,0.026206140749548607
C05,99,PRED_x_goal,fully_tested_count,0.0
C05,99,PRED_x_goal,zero_outdegree_count,-4.664473684210527
C05,99,PRED_x_goal,untested_zero_outdegree_count,-4.664473684210527
C05,99,PRED_x_goal,bad_source_count,0.0
C05,99,PRED_x_goal,reliable_out_degree_mean,0.3153782894736842
C05,99,PRED_x_goal,predictive_event_count,258.51973684210526
C05,99,PRED_x_goal,predictive_context_groups,13.48026315789474
C05,99,PRED_x_goal,predictive_eligible_count,1.4276315789473681
C05,99,PRED_x_goal,predictive_reliability_gap,-0.22856273967772733
C05,99,PRED_x_goal,largest_scc,0.0
C05,99,PRED_x_goal,reachable_pair_fraction,0.01836622933134142
C05,99,PRED_x_goal,reciprocal_fraction,-0.05099536507929628
C05,99,PRED_x_goal,top3_incoming_share,1.0181904054786028
C05,99,PRED_x_goal,target_hit_lift,0.15844944001812666
C05,99,PRED_x_goal,target_action_sensitivity,-0.029275527701860198
C05,99,PRED_x_goal,target_value_span,-0.011087464900093007
C05,99,PRED_x_goal,decoder_parameter_count,0.0
C05,99,PRED_x_goal,film_modulation_norm_mean,-0.22420124003761696
C05,99,PRED_x_goal,film_modulation_norm_max,-0.5967497919735156
C05,99,PRED_x_goal,behavior_replay_mismatch,0.0
C05,99,PRED_x_goal,option_success_fraction,0.24194841035396647
C05,123,PRED_x_goal,coverage_auc,-10.628125919098522
C05,123,PRED_x_goal,dg_density,-0.009388788295960467
C05,123,PRED_x_goal,dg_silent_fraction,0.0
C05,123,PRED_x_goal,dg_usage_entropy,-0.034193538026563
C05,123,PRED_x_goal,recruitment_total,0.0
C05,123,PRED_x_goal,repeat_assignments,0.0
C05,123,PRED_x_goal,bad_source_assignments,0.0
C05,123,PRED_x_goal,duplicate_assignments,0.0
C05,123,PRED_x_goal,predictive_assignments,0.0
C05,123,PRED_x_goal,attempt_coverage,-0.031281005198342204
C05,123,PRED_x_goal,fully_tested_count,0.0
C05,123,PRED_x_goal,zero_outdegree_count,0.3450090744101644
C05,123,PRED_x_goal,untested_zero_outdegree_count,0.3450090744101644
C05,123,PRED_x_goal,bad_source_count,0.0
C05,123,PRED_x_goal,reliable_out_degree_mean,0.0047527223230489635
C05,123,PRED_x_goal,predictive_event_count,190.51842105263154
C05,123,PRED_x_goal,predictive_context_groups,38.093012704174214
C05,123,PRED_x_goal,predictive_eligible_count,4.351678765880218
C05,123,PRED_x_goal,predictive_reliability_gap,0.12286234742297564
C05,123,PRED_x_goal,largest_scc,-0.30263157894736836
C05,123,PRED_x_goal,reachable_pair_fraction,-0.0010431792012782631
C05,123,PRED_x_goal,reciprocal_fraction,-0.12879072992425217
C05,123,PRED_x_goal,top3_incoming_share,-0.04230727684800717
C05,123,PRED_x_goal,target_hit_lift,0.2257623091123715
C05,123,PRED_x_goal,target_action_sensitivity,0.027391732833305968
C05,123,PRED_x_goal,target_value_span,-0.006307873845064696
C05,123,PRED_x_goal,decoder_parameter_count,0.0
C05,123,PRED_x_goal,film_modulation_norm_mean,0.013797881957244962
C05,123,PRED_x_goal,film_modulation_norm_max,-0.1697203049534245
C05,123,PRED_x_goal,behavior_replay_mismatch,0.0
C05,123,PRED_x_goal,option_success_fraction,0.009057459960135572
C13,8,PRED_x_goal,coverage_auc,12.645246915122748
C13,8,PRED_x_goal,dg_density,-0.01066596047920093
C13,8,PRED_x_goal,dg_silent_fraction,0.10868969298245615
C13,8,PRED_x_goal,dg_usage_entropy,-0.11694666207359561
C13,8,PRED_x_goal,recruitment_total,-3.0
C13,8,PRED_x_goal,repeat_assignments,0.0
C13,8,PRED_x_goal,bad_source_assignments,0.0
C13,8,PRED_x_goal,duplicate_assignments,0.0
C13,8,PRED_x_goal,predictive_assignments,0.0
C13,8,PRED_x_goal,attempt_coverage,-0.06608187322292411
C13,8,PRED_x_goal,fully_tested_count,0.0
C13,8,PRED_x_goal,zero_outdegree_count,0.24342105263157876
C13,8,PRED_x_goal,untested_zero_outdegree_count,0.24342105263157876
C13,8,PRED_x_goal,bad_source_count,0.0
C13,8,PRED_x_goal,reliable_out_degree_mean,-0.015213815789473685
C13,8,PRED_x_goal,predictive_event_count,-0.24122807017543835
C13,8,PRED_x_goal,predictive_context_groups,-0.390350877192982
C13,8,PRED_x_goal,predictive_eligible_count,0.0021929824561403508
C13,8,PRED_x_goal,predictive_reliability_gap,0.0005482456140350877
C13,8,PRED_x_goal,largest_scc,0.0
C13,8,PRED_x_goal,reachable_pair_fraction,-0.0009868421567309845
C13,8,PRED_x_goal,reciprocal_fraction,0.0
C13,8,PRED_x_goal,top3_incoming_share,-0.2236842105263158
C13,8,PRED_x_goal,target_hit_lift,-18.368057742453455
C13,8,PRED_x_goal,target_action_sensitivity,-0.019065057932350197
C13,8,PRED_x_goal,target_value_span,-0.01506122412862616
C13,8,PRED_x_goal,decoder_parameter_count,0.0
C13,8,PRED_x_goal,film_modulation_norm_mean,-0.09950579330325127
C13,8,PRED_x_goal,film_modulation_norm_max,0.07811533071492849
C13,8,PRED_x_goal,behavior_replay_mismatch,0.0
C13,8,PRED_x_goal,option_success_fraction,-0.005442292184421892
C13,99,PRED_x_goal,coverage_auc,-11.531680157838569
C13,99,PRED_x_goal,dg_density,0.003399497584292763
C13,99,PRED_x_goal,dg_silent_fraction,-0.12006578947368418
C13,99,PRED_x_goal,dg_usage_entropy,0.10682717004888942
C13,99,PRED_x_goal,recruitment_total,0.0
C13,99,PRED_x_goal,repeat_assignments,0.0
C13,99,PRED_x_goal,bad_source_assignments,0.0
C13,99,PRED_x_goal,duplicate_assignments,0.0
C13,99,PRED_x_goal,predictive_assignments,0.0
C13,99,PRED_x_goal,attempt_coverage,-0.019078939957054036
C13,99,PRED_x_goal,fully_tested_count,0.0
C13,99,PRED_x_goal,zero_outdegree_count,0.19078947368421062
C13,99,PRED_x_goal,untested_zero_outdegree_count,0.19078947368421062
C13,99,PRED_x_goal,bad_source_count,0.0
C13,99,PRED_x_goal,reliable_out_degree_mean,-0.011924342105263157
C13,99,PRED_x_goal,predictive_event_count,2.3881578947368416
C13,99,PRED_x_goal,predictive_context_groups,1.4342105263157894
C13,99,PRED_x_goal,predictive_eligible_count,0.0
C13,99,PRED_x_goal,predictive_reliability_gap,0.0
C13,99,PRED_x_goal,largest_scc,0.0
C13,99,PRED_x_goal,reachable_pair_fraction,-0.000822368463942487
C13,99,PRED_x_goal,reciprocal_fraction,0.0
C13,99,PRED_x_goal,top3_incoming_share,-0.19736842105263158
C13,99,PRED_x_goal,target_hit_lift,-52.767597977464135
C13,99,PRED_x_goal,target_action_sensitivity,0.013813293526733389
C13,99,PRED_x_goal,target_value_span,0.02178647795134518
C13,99,PRED_x_goal,decoder_parameter_count,0.0
C13,99,PRED_x_goal,film_modulation_norm_mean,-0.22145661182309453
C13,99,PRED_x_goal,film_modulation_norm_max,0.45049754177269175
C13,99,PRED_x_goal,behavior_replay_mismatch,0.0
C13,99,PRED_x_goal,option_success_fraction,0.013099763346345796
C13,123,PRED_x_goal,coverage_auc,-7.905386164054271
C13,123,PRED_x_goal,dg_density,0.005048537096440396
C13,123,PRED_x_goal,dg_silent_fraction,0.0004928764377832018
C13,123,PRED_x_goal,dg_usage_entropy,0.005548229867591847
C13,123,PRED_x_goal,recruitment_total,-2.0
C13,123,PRED_x_goal,repeat_assignments,0.0
C13,123,PRED_x_goal,bad_source_assignments,0.0
C13,123,PRED_x_goal,duplicate_assignments,0.0
C13,123,PRED_x_goal,predictive_assignments,0.0
C13,123,PRED_x_goal,attempt_coverage,-0.06185227055680402
C13,123,PRED_x_goal,fully_tested_count,0.0
C13,123,PRED_x_goal,zero_outdegree_count,-0.1710526315789469
C13,123,PRED_x_goal,untested_zero_outdegree_count,-0.1710526315789469
C13,123,PRED_x_goal,bad_source_count,0.0
C13,123,PRED_x_goal,reliable_out_degree_mean,0.01069078947368421
C13,123,PRED_x_goal,predictive_event_count,-3.413689438828861
C13,123,PRED_x_goal,predictive_context_groups,-1.8472464273265956
C13,123,PRED_x_goal,predictive_eligible_count,-0.15789473684210525
C13,123,PRED_x_goal,predictive_reliability_gap,-0.04287280735412711
C13,123,PRED_x_goal,largest_scc,0.0
C13,123,PRED_x_goal,reachable_pair_fraction,0.0006853070532854058
C13,123,PRED_x_goal,reciprocal_fraction,0.0
C13,123,PRED_x_goal,top3_incoming_share,0.16447368421052633
C13,123,PRED_x_goal,target_hit_lift,52.48808737473517
C13,123,PRED_x_goal,target_action_sensitivity,0.0012261019597447093
C13,123,PRED_x_goal,target_value_span,-0.0029811321294304256
C13,123,PRED_x_goal,decoder_parameter_count,0.0
C13,123,PRED_x_goal,film_modulation_norm_mean,-0.1082663777235307
C13,123,PRED_x_goal,film_modulation_norm_max,0.158167581024923
C13,123,PRED_x_goal,behavior_replay_mismatch,0.0
C13,123,PRED_x_goal,option_success_fraction,-0.10210537215053343
C15,8,PRED_x_goal,coverage_auc,23.475924070274715
C15,8,PRED_x_goal,dg_density,0.0029360757490094203
C15,8,PRED_x_goal,dg_silent_fraction,0.0
C15,8,PRED_x_goal,dg_usage_entropy,-0.0009593460976222712
C15,8,PRED_x_goal,recruitment_total,0.0
C15,8,PRED_x_goal,repeat_assignments,0.0
C15,8,PRED_x_goal,bad_source_assignments,0.0
C15,8,PRED_x_goal,duplicate_assignments,0.0
C15,8,PRED_x_goal,predictive_assignments,0.0
C15,8,PRED_x_goal,attempt_coverage,0.03195773852926698
C15,8,PRED_x_goal,fully_tested_count,6.703947368421053
C15,8,PRED_x_goal,zero_outdegree_count,-0.21052631578947367
C15,8,PRED_x_goal,untested_zero_outdegree_count,0.0
C15,8,PRED_x_goal,bad_source_count,-0.21052631578947367
C15,8,PRED_x_goal,reliable_out_degree_mean,3.2037230861244015
C15,8,PRED_x_goal,predictive_event_count,5.2805023923444985
C15,8,PRED_x_goal,predictive_context_groups,4.1202153110047846
C15,8,PRED_x_goal,predictive_eligible_count,-0.0035885167464114465
C15,8,PRED_x_goal,predictive_reliability_gap,-0.0034855127994095902
C15,8,PRED_x_goal,largest_scc,3.2159090909090917
C15,8,PRED_x_goal,reachable_pair_fraction,0.18700658169944895
C15,8,PRED_x_goal,reciprocal_fraction,0.24575815536081788
C15,8,PRED_x_goal,top3_incoming_share,-0.23415768303369222
C15,8,PRED_x_goal,target_hit_lift,-6.0247460362906935
C15,8,PRED_x_goal,target_action_sensitivity,-0.002290195199400139
C15,8,PRED_x_goal,target_value_span,-0.0022357234377057486
C15,8,PRED_x_goal,decoder_parameter_count,0.0
C15,8,PRED_x_goal,film_modulation_norm_mean,-0.04450576085793345
C15,8,PRED_x_goal,film_modulation_norm_max,-0.09755405612539447
C15,8,PRED_x_goal,behavior_replay_mismatch,0.0
C15,8,PRED_x_goal,option_success_fraction,-0.009144784757894181
C15,99,PRED_x_goal,coverage_auc,0.35393552004435236
C15,99,PRED_x_goal,dg_density,-0.0032286393015008227
C15,99,PRED_x_goal,dg_silent_fraction,0.0
C15,99,PRED_x_goal,dg_usage_entropy,0.0015267647410693863
C15,99,PRED_x_goal,recruitment_total,0.0
C15,99,PRED_x_goal,repeat_assignments,0.0
C15,99,PRED_x_goal,bad_source_assignments,0.0
C15,99,PRED_x_goal,duplicate_assignments,0.0
C15,99,PRED_x_goal,predictive_assignments,0.0
C15,99,PRED_x_goal,attempt_coverage,-0.017132696352506804
C15,99,PRED_x_goal,fully_tested_count,-2.3289473684210513
C15,99,PRED_x_goal,zero_outdegree_count,-0.7236842105263157
C15,99,PRED_x_goal,untested_zero_outdegree_count,-0.34210526315789475
C15,99,PRED_x_goal,bad_source_count,-0.3815789473684211
C15,99,PRED_x_goal,reliable_out_degree_mean,1.4453125
C15,99,PRED_x_goal,predictive_event_count,0.006578947368419463
C15,99,PRED_x_goal,predictive_context_groups,0.5592105263157894
C15,99,PRED_x_goal,predictive_eligible_count,-0.07894736842105264
C15,99,PRED_x_goal,predictive_reliability_gap,-0.012586864446730996
C15,99,PRED_x_goal,largest_scc,2.572368421052632
C15,99,PRED_x_goal,reachable_pair_fraction,0.14246163321168803
C15,99,PRED_x_goal,reciprocal_fraction,0.18981664510149707
C15,99,PRED_x_goal,top3_incoming_share,-0.21078806488137491
C15,99,PRED_x_goal,target_hit_lift,11.985662436210795
C15,99,PRED_x_goal,target_action_sensitivity,-0.0005548587394418724
C15,99,PRED_x_goal,target_value_span,0.01294900328589153
C15,99,PRED_x_goal,decoder_parameter_count,0.0
C15,99,PRED_x_goal,film_modulation_norm_mean,-0.046279569989756464
C15,99,PRED_x_goal,film_modulation_norm_max,0.04478439061265238
C15,99,PRED_x_goal,behavior_replay_mismatch,0.0
C15,99,PRED_x_goal,option_success_fraction,-0.02044282447987872
C15,123,PRED_x_goal,coverage_auc,-70.76123401041092
C15,123,PRED_x_goal,dg_density,-4.047381832190944e-06
C15,123,PRED_x_goal,dg_silent_fraction,0.0
C15,123,PRED_x_goal,dg_usage_entropy,0.0026088841324403145
C15,123,PRED_x_goal,recruitment_total,0.0
C15,123,PRED_x_goal,repeat_assignments,0.0
C15,123,PRED_x_goal,bad_source_assignments,0.0
C15,123,PRED_x_goal,duplicate_assignments,0.0
C15,123,PRED_x_goal,predictive_assignments,0.0
C15,123,PRED_x_goal,attempt_coverage,-0.06693027790735828
C15,123,PRED_x_goal,fully_tested_count,-11.871253049843151
C15,123,PRED_x_goal,zero_outdegree_count,1.0657894736842106
C15,123,PRED_x_goal,untested_zero_outdegree_count,0.5986842105263158
C15,123,PRED_x_goal,bad_source_count,0.46710526315789475
C15,123,PRED_x_goal,reliable_out_degree_mean,-2.9374754923318234
C15,123,PRED_x_goal,predictive_event_count,-1.355393865458348
C15,123,PRED_x_goal,predictive_context_groups,-2.5901882188915986
C15,123,PRED_x_goal,predictive_eligible_count,-0.03337399790867897
C15,123,PRED_x_goal,predictive_reliability_gap,-0.010871446195440594
C15,123,PRED_x_goal,largest_scc,-3.23862844196584
C15,123,PRED_x_goal,reachable_pair_fraction,-0.2052851183480836
C15,123,PRED_x_goal,reciprocal_fraction,-0.05848481811442813
C15,123,PRED_x_goal,top3_incoming_share,0.11262518589496195
C15,123,PRED_x_goal,target_hit_lift,-0.2831935585531967
C15,123,PRED_x_goal,target_action_sensitivity,-0.004270902038573068
C15,123,PRED_x_goal,target_value_span,-0.009704903608558899
C15,123,PRED_x_goal,decoder_parameter_count,0.0
C15,123,PRED_x_goal,film_modulation_norm_mean,0.009963394387772162
C15,123,PRED_x_goal,film_modulation_norm_max,0.014895019562620737
C15,123,PRED_x_goal,behavior_replay_mismatch,0.0
C15,123,PRED_x_goal,option_success_fraction,-0.0695206418794308
